transit_timestamp,station_complex_id,station_complex,borough,latitude,longitude,passenger_entries,passenger_exits,exit_data_available,scheduled_trains,schedule_data_available,hour,day_of_week,is_weekend
2025-05-05 00:00:00,1,"Astoria-Ditmars Blvd (N,W)",Queens,40.775036,-73.91203,51.0,78.2032,1,3.0,1,0,0,0
2025-05-05 00:00:00,2,"Astoria Blvd (N,W)",Queens,40.77026,-73.91785,22.0,68.173,1,3.0,1,0,0,0
2025-05-05 00:00:00,3,"30 Av (N,W)",Queens,40.76678,-73.92148,28.0,88.2251,1,3.0,1,0,0,0
2025-05-05 00:00:00,4,"Broadway (N,W)",Queens,40.76182,-73.92551,28.0,75.4862,1,3.0,1,0,0,0
2025-05-05 00:00:00,5,"36 Av (N,W)",Queens,40.756805,-73.92957,16.0,39.2564,1,3.0,1,0,0,0
2025-05-05 00:00:00,6,"39 Av-Dutch Kills (N,W)",Queens,40.75288,-73.932755,16.0,18.4358,1,3.0,1,0,0,0
2025-05-05 00:00:00,8,"5 Av/59 St (N,R,W)",Manhattan,40.764812,-73.97335,53.0,11.3343,1,2.0,1,0,0,0
2025-05-05 00:00:00,9,"57 St-7 Av (N,Q,R,W)",Manhattan,40.764664,-73.98066,179.0,55.2102,1,5.0,1,0,0,0
2025-05-05 00:00:00,10,"49 St (N,R,W)",Manhattan,40.7599,-73.98414,310.0,67.9983,1,5.0,1,0,0,0
2025-05-05 00:00:00,13,"28 St (R,W)",Manhattan,40.745495,-73.98869,81.0,46.5706,1,5.0,1,0,0,0
2025-05-05 00:00:00,14,"23 St (R,W)",Manhattan,40.741302,-73.98934,68.0,29.8246,1,4.0,1,0,0,0
2025-05-05 00:00:00,16,"8 St-NYU (R,W)",Manhattan,40.730328,-73.99263,111.0,39.902,1,4.0,1,0,0,0
2025-05-05 00:00:00,17,"Prince St (R,W)",Manhattan,40.72433,-73.9977,69.0,20.4571,1,4.0,1,0,0,0
2025-05-05 00:00:00,20,"City Hall (R,W)",Manhattan,40.713284,-74.00698,9.0,3.9834,1,1.0,1,0,0,0
2025-05-05 00:00:00,22,"Rector St (R,W)",Manhattan,40.70722,-74.01334,8.0,13.009,1,1.0,1,0,0,0
2025-05-05 00:00:00,26,"DeKalb Av (B,Q,R)",Brooklyn,40.690636,-73.98183,126.0,77.0926,1,5.0,1,0,0,0
2025-05-05 00:00:00,28,Union St (R),Brooklyn,40.677315,-73.98311,27.0,21.0477,1,,0,0,0,0
2025-05-05 00:00:00,30,Prospect Av (R),Brooklyn,40.665413,-73.992874,13.0,30.2658,1,,0,0,0,0
2025-05-05 00:00:00,31,25 St (R),Brooklyn,40.660397,-73.99809,15.0,26.2015,1,,0,0,0,0
2025-05-05 00:00:00,32,"36 St (D,N,R)",Brooklyn,40.655144,-74.00355,47.0,77.2993,1,2.0,1,0,0,0
2025-05-05 00:00:00,33,45 St (R),Brooklyn,40.648937,-74.01001,14.0,64.7975,1,1.0,1,0,0,0
2025-05-05 00:00:00,34,53 St (R),Brooklyn,40.64507,-74.01403,18.0,74.1272,1,1.0,1,0,0,0
2025-05-05 00:00:00,35,"59 St (N,R)",Brooklyn,40.64136,-74.01788,19.0,97.7346,1,1.0,1,0,0,0
2025-05-05 00:00:00,36,Bay Ridge Av (R),Brooklyn,40.634968,-74.02338,7.0,43.5777,1,1.0,1,0,0,0
2025-05-05 00:00:00,37,77 St (R),Brooklyn,40.62974,-74.02551,4.0,31.9759,1,1.0,1,0,0,0
2025-05-05 00:00:00,38,86 St (R),Brooklyn,40.62269,-74.0284,22.0,40.5542,1,1.0,1,0,0,0
2025-05-05 00:00:00,39,Bay Ridge-95 St (R),Brooklyn,40.616623,-74.030876,12.0,20.6129,1,,0,0,0,0
2025-05-05 00:00:00,41,"7 Av (B,Q)",Brooklyn,40.67705,-73.97237,26.0,33.8984,1,1.0,1,0,0,0
2025-05-05 00:00:00,42,"Prospect Park (B,Q,S)",Brooklyn,40.661613,-73.96225,14.0,77.9047,1,4.0,1,0,0,0
2025-05-05 00:00:00,43,Parkside Av (Q),Brooklyn,40.655293,-73.961494,10.0,52.3341,1,1.0,1,0,0,0
2025-05-05 00:00:00,44,"Church Av (B,Q)",Brooklyn,40.650528,-73.96298,23.0,98.5018,1,1.0,1,0,0,0
2025-05-05 00:00:00,45,Beverley Rd (Q),Brooklyn,40.64403,-73.96449,5.0,30.0238,1,1.0,1,0,0,0
2025-05-05 00:00:00,46,Cortelyou Rd (Q),Brooklyn,40.640926,-73.96389,6.0,48.5907,1,1.0,1,0,0,0
2025-05-05 00:00:00,47,"Newkirk Plaza (B,Q)",Brooklyn,40.635082,-73.96279,11.0,67.7133,1,1.0,1,0,0,0
2025-05-05 00:00:00,48,Avenue H (Q),Brooklyn,40.62927,-73.96164,2.0,19.4049,1,1.0,1,0,0,0
2025-05-05 00:00:00,49,Avenue J (Q),Brooklyn,40.62504,-73.9608,6.0,26.7396,1,,0,0,0,0
2025-05-05 00:00:00,50,Avenue M (Q),Brooklyn,40.61762,-73.9594,3.0,25.9776,1,,0,0,0,0
2025-05-05 00:00:00,51,"Kings Hwy (B,Q)",Brooklyn,40.60867,-73.95773,41.0,82.3196,1,,0,0,0,0
2025-05-05 00:00:00,52,Avenue U (Q),Brooklyn,40.5993,-73.95593,6.0,26.5779,1,,0,0,0,0
2025-05-05 00:00:00,53,Neck Rd (Q),Brooklyn,40.595245,-73.95516,2.0,19.3452,1,,0,0,0,0
2025-05-05 00:00:00,54,"Sheepshead Bay (B,Q)",Brooklyn,40.586895,-73.954155,9.0,44.6281,1,,0,0,0,0
2025-05-05 00:00:00,55,"Brighton Beach (B,Q)",Brooklyn,40.57762,-73.96137,10.0,53.3494,1,,0,0,0,0
2025-05-05 00:00:00,57,"W 8 St-NY Aquarium (F,Q)",Brooklyn,40.576126,-73.97594,2.0,8.3743,1,,0,0,0,0
2025-05-05 00:00:00,58,"Coney Island-Stillwell Av (D,F,N,Q)",Brooklyn,40.577423,-73.98123,64.0,69.0661,1,,0,0,0,0
2025-05-05 00:00:00,59,9 Av (D),Brooklyn,40.646294,-73.99432,10.0,57.5188,1,,0,0,0,0
2025-05-05 00:00:00,60,Fort Hamilton Pkwy (D),Brooklyn,40.640915,-73.9943,10.0,31.439,1,,0,0,0,0
2025-05-05 00:00:00,61,50 St (D),Brooklyn,40.63626,-73.99479,13.0,11.5221,1,,0,0,0,0
2025-05-05 00:00:00,62,55 St (D),Brooklyn,40.631435,-73.995476,6.0,8.9202,1,,0,0,0,0
2025-05-05 00:00:00,64,71 St (D),Brooklyn,40.61959,-73.99886,8.0,32.3561,1,,0,0,0,0
2025-05-05 00:00:00,65,79 St (D),Brooklyn,40.613503,-74.00061,2.0,42.9311,1,,0,0,0,0
2025-05-05 00:00:00,66,18 Av (D),Brooklyn,40.607952,-74.00174,7.0,27.9623,1,,0,0,0,0
2025-05-05 00:00:00,67,20 Av (D),Brooklyn,40.604557,-73.99817,6.0,33.4568,1,,0,0,0,0
2025-05-05 00:00:00,68,Bay Pkwy (D),Brooklyn,40.601875,-73.99373,11.0,36.817,1,,0,0,0,0
2025-05-05 00:00:00,69,25 Av (D),Brooklyn,40.597706,-73.98683,2.0,15.8101,1,,0,0,0,0
2025-05-05 00:00:00,70,Bay 50 St (D),Brooklyn,40.58884,-73.983765,2.0,14.0787,1,,0,0,0,0
2025-05-05 00:00:00,71,8 Av (N),Brooklyn,40.635063,-74.01172,19.0,35.951,1,,0,0,0,0
2025-05-05 00:00:00,72,Fort Hamilton Pkwy (N),Brooklyn,40.631386,-74.00535,10.0,38.0024,1,,0,0,0,0
2025-05-05 00:00:00,74,18 Av (N),Brooklyn,40.62067,-73.99042,4.0,22.6769,1,,0,0,0,0
2025-05-05 00:00:00,75,20 Av (N),Brooklyn,40.61741,-73.98502,5.0,21.1883,1,,0,0,0,0
2025-05-05 00:00:00,76,Bay Pkwy (N),Brooklyn,40.611816,-73.98185,4.0,38.0842,1,,0,0,0,0
2025-05-05 00:00:00,77,Kings Hwy (N),Brooklyn,40.603924,-73.980354,9.0,32.5363,1,,0,0,0,0
2025-05-05 00:00:00,78,Avenue U (N),Brooklyn,40.597473,-73.97913,6.0,14.4608,1,,0,0,0,0
2025-05-05 00:00:00,79,86 St (N),Brooklyn,40.59272,-73.97823,6.0,14.939,1,,0,0,0,0
2025-05-05 00:00:00,80,"121 St (J,Z)",Queens,40.700493,-73.82829,13.0,16.1756,1,3.0,1,0,0,0
2025-05-05 00:00:00,81,111 St (J),Queens,40.69742,-73.83634,6.0,15.5178,1,3.0,1,0,0,0
2025-05-05 00:00:00,82,"104 St (J,Z)",Queens,40.69518,-73.84433,3.0,17.3061,1,3.0,1,0,0,0
2025-05-05 00:00:00,83,"Woodhaven Blvd (J,Z)",Queens,40.69388,-73.85158,10.0,29.7753,1,3.0,1,0,0,0
2025-05-05 00:00:00,84,85 St-Forest Pkwy (J),Queens,40.692436,-73.86001,1.0,13.1893,1,2.0,1,0,0,0
2025-05-05 00:00:00,85,"75 St-Elderts Ln (J,Z)",Queens,40.691322,-73.86714,7.0,30.7287,1,2.0,1,0,0,0
2025-05-05 00:00:00,86,Cypress Hills (J),Brooklyn,40.68994,-73.87255,1.0,2.66,1,2.0,1,0,0,0
2025-05-05 00:00:00,87,"Crescent St (J,Z)",Brooklyn,40.683193,-73.87379,6.0,30.7845,1,2.0,1,0,0,0
2025-05-05 00:00:00,88,"Norwood Av (J,Z)",Brooklyn,40.68141,-73.880035,2.0,18.5165,1,2.0,1,0,0,0
2025-05-05 00:00:00,89,Cleveland St (J),Brooklyn,40.679947,-73.884636,8.0,8.7143,1,2.0,1,0,0,0
2025-05-05 00:00:00,90,"Van Siclen Av (J,Z)",Brooklyn,40.678024,-73.891685,5.0,21.771,1,2.0,1,0,0,0
2025-05-05 00:00:00,91,"Alabama Av (J,Z)",Brooklyn,40.67699,-73.89865,6.0,12.0422,1,2.0,1,0,0,0
2025-05-05 00:00:00,93,"Chauncey St (J,Z)",Brooklyn,40.68289,-73.91045,9.0,19.286,1,2.0,1,0,0,0
2025-05-05 00:00:00,94,Halsey St (J),Brooklyn,40.68637,-73.91656,12.0,58.2188,1,2.0,1,0,0,0
2025-05-05 00:00:00,95,"Gates Av (J,Z)",Brooklyn,40.68963,-73.92227,10.0,54.1817,1,2.0,1,0,0,0
2025-05-05 00:00:00,96,Kosciuszko St (J),Brooklyn,40.69334,-73.92882,13.0,47.9204,1,1.0,1,0,0,0
2025-05-05 00:00:00,97,"Myrtle Av (M,J,Z)",Brooklyn,40.69721,-73.93565,72.0,86.4952,1,5.0,1,0,0,0
2025-05-05 00:00:00,98,"Flushing Av (M,J)",Brooklyn,40.70026,-73.941124,31.0,35.0204,1,1.0,1,0,0,0
2025-05-05 00:00:00,99,"Lorimer St (M,J)",Brooklyn,40.70387,-73.94741,9.0,21.1126,1,1.0,1,0,0,0
2025-05-05 00:00:00,100,"Hewes St (M,J)",Brooklyn,40.70687,-73.95343,43.0,15.1128,1,,0,0,0,0
2025-05-05 00:00:00,101,"Marcy Av (M,J,Z)",Brooklyn,40.70836,-73.957756,3.0,41.4168,1,,0,0,0,0
2025-05-05 00:00:00,108,Middle Village-Metropolitan Av (M),Queens,40.711395,-73.8896,6.0,15.2416,1,2.0,1,0,0,0
2025-05-05 00:00:00,109,Fresh Pond Rd (M),Queens,40.706184,-73.895874,5.0,28.3688,1,6.0,1,0,0,0
2025-05-05 00:00:00,110,Forest Av (M),Queens,40.704422,-73.903076,4.0,27.1509,1,6.0,1,0,0,0
2025-05-05 00:00:00,111,Seneca Av (M),Queens,40.702763,-73.90774,4.0,19.7902,1,6.0,1,0,0,0
2025-05-05 00:00:00,113,Knickerbocker Av (M),Brooklyn,40.698666,-73.91971,4.0,24.139,1,6.0,1,0,0,0
2025-05-05 00:00:00,114,Central Av (M),Brooklyn,40.697857,-73.9274,8.0,29.0123,1,6.0,1,0,0,0
2025-05-05 00:00:00,118,3 Av (L),Manhattan,40.73285,-73.98612,91.0,19.3886,1,3.0,1,0,0,0
2025-05-05 00:00:00,119,1 Av (L),Manhattan,40.730953,-73.98163,155.0,109.4538,1,3.0,1,0,0,0
2025-05-05 00:00:00,120,Bedford Av (L),Brooklyn,40.717304,-73.95687,219.0,150.2846,1,3.0,1,0,0,0
2025-05-05 00:00:00,122,Graham Av (L),Brooklyn,40.714565,-73.94405,38.0,56.481,1,3.0,1,0,0,0
2025-05-05 00:00:00,123,Grand St (L),Brooklyn,40.711926,-73.94067,21.0,40.7119,1,3.0,1,0,0,0
2025-05-05 00:00:00,124,Montrose Av (L),Brooklyn,40.70774,-73.93985,36.0,56.8824,1,3.0,1,0,0,0
2025-05-05 00:00:00,125,Morgan Av (L),Brooklyn,40.706154,-73.93314,32.0,71.6447,1,3.0,1,0,0,0
2025-05-05 00:00:00,126,Jefferson St (L),Brooklyn,40.706608,-73.92291,78.0,79.4428,1,3.0,1,0,0,0
2025-05-05 00:00:00,127,DeKalb Av (L),Brooklyn,40.70381,-73.91843,25.0,121.0219,1,3.0,1,0,0,0
2025-05-05 00:00:00,129,Halsey St (L),Queens,40.695602,-73.90408,27.0,82.4138,1,4.0,1,0,0,0
2025-05-05 00:00:00,130,Wilson Av (L),Brooklyn,40.688763,-73.904045,8.0,57.3422,1,4.0,1,0,0,0
2025-05-05 00:00:00,131,Bushwick Av-Aberdeen St (L),Brooklyn,40.68283,-73.90525,11.0,33.6343,1,4.0,1,0,0,0
2025-05-05 00:00:00,133,Atlantic Av (L),Brooklyn,40.675346,-73.9031,13.0,18.0865,1,4.0,1,0,0,0
2025-05-05 00:00:00,134,Sutter Av (L),Brooklyn,40.66937,-73.90198,13.0,32.817,1,4.0,1,0,0,0
2025-05-05 00:00:00,135,Livonia Av (L),Brooklyn,40.66404,-73.90057,11.0,21.3156,1,4.0,1,0,0,0
2025-05-05 00:00:00,136,New Lots Av (L),Brooklyn,40.658733,-73.89923,15.0,30.3813,1,4.0,1,0,0,0
2025-05-05 00:00:00,137,East 105 St (L),Brooklyn,40.650574,-73.89948,5.0,22.8139,1,4.0,1,0,0,0
2025-05-05 00:00:00,138,Canarsie-Rockaway Pkwy (L),Brooklyn,40.646652,-73.90185,17.0,81.6755,1,4.0,1,0,0,0
2025-05-05 00:00:00,141,Park Pl (S),Brooklyn,40.67477,-73.95763,5.0,6.2742,1,6.0,1,0,0,0
2025-05-05 00:00:00,143,Inwood-207 St (A),Manhattan,40.868073,-73.9199,29.0,50.5126,1,3.0,1,0,0,0
2025-05-05 00:00:00,144,Dyckman St (A),Manhattan,40.86549,-73.92727,9.0,42.5299,1,3.0,1,0,0,0
2025-05-05 00:00:00,145,190 St (A),Manhattan,40.85902,-73.93418,2.0,21.514,1,3.0,1,0,0,0
2025-05-05 00:00:00,146,181 St (A),Manhattan,40.851696,-73.937965,9.0,76.7771,1,3.0,1,0,0,0
2025-05-05 00:00:00,147,175 St (A),Manhattan,40.84739,-73.939705,15.0,61.8275,1,3.0,1,0,0,0
2025-05-05 00:00:00,149,163 St-Amsterdam Av (C),Manhattan,40.836014,-73.939896,7.0,46.1933,1,3.0,1,0,0,0
2025-05-05 00:00:00,150,155 St (C),Manhattan,40.830517,-73.94151,10.0,23.7033,1,2.0,1,0,0,0
2025-05-05 00:00:00,151,"145 St (A,C,B,D)",Manhattan,40.824783,-73.944214,53.0,202.3389,1,,0,0,0,0
2025-05-05 00:00:00,152,"135 St (C,B)",Manhattan,40.817894,-73.94765,8.0,30.7714,1,2.0,1,0,0,0
2025-05-05 00:00:00,153,"125 St (A,C,B,D)",Manhattan,40.811108,-73.95235,124.0,161.7287,1,4.0,1,0,0,0
2025-05-05 00:00:00,154,"116 St (C,B)",Manhattan,40.805084,-73.95488,3.0,42.462,1,2.0,1,0,0,0
2025-05-05 00:00:00,155,"Cathedral Pkwy (110 St) (C,B)",Manhattan,40.800602,-73.95816,18.0,58.6241,1,2.0,1,0,0,0
2025-05-05 00:00:00,156,"103 St (C,B)",Manhattan,40.796093,-73.96146,9.0,42.1511,1,2.0,1,0,0,0
2025-05-05 00:00:00,157,"96 St (C,B)",Manhattan,40.79164,-73.9647,26.0,21.5492,1,2.0,1,0,0,0
2025-05-05 00:00:00,158,"86 St (C,B)",Manhattan,40.78587,-73.96892,25.0,35.2349,1,2.0,1,0,0,0
2025-05-05 00:00:00,159,"81 St-Museum of Natural History (C,B)",Manhattan,40.781433,-73.972145,25.0,29.9744,1,2.0,1,0,0,0
2025-05-05 00:00:00,160,"72 St (C,B)",Manhattan,40.775593,-73.97641,19.0,24.9612,1,2.0,1,0,0,0
2025-05-05 00:00:00,162,"50 St (C,E)",Manhattan,40.762455,-73.985985,102.0,91.6685,1,1.0,1,0,0,0
2025-05-05 00:00:00,164,"34 St-Penn Station (A,C,E)",Manhattan,40.75229,-73.99339,293.0,210.1682,1,1.0,1,0,0,0
2025-05-05 00:00:00,165,"23 St (C,E)",Manhattan,40.745907,-73.99804,37.0,52.7393,1,1.0,1,0,0,0
2025-05-05 00:00:00,167,"W 4 St-Wash Sq (A,C,E,B,D,F,M)",Manhattan,40.732338,-74.000496,621.0,117.8129,1,,0,0,0,0
2025-05-05 00:00:00,168,"Spring St (C,E)",Manhattan,40.726227,-74.00374,23.0,17.1782,1,1.0,1,0,0,0
2025-05-05 00:00:00,169,"Canal St (A,C,E)",Manhattan,40.720825,-74.005226,95.0,33.642,1,1.0,1,0,0,0
2025-05-05 00:00:00,173,"High St (A,C)",Brooklyn,40.699337,-73.99053,24.0,22.3694,1,1.0,1,0,0,0
2025-05-05 00:00:00,175,"Hoyt-Schermerhorn Sts (A,C,G)",Brooklyn,40.688484,-73.985,56.0,42.9018,1,3.0,1,0,0,0
2025-05-05 00:00:00,176,Lafayette Av (C),Brooklyn,40.68611,-73.973946,33.0,22.2345,1,,0,0,0,0
2025-05-05 00:00:00,177,Clinton-Washington Avs (C),Brooklyn,40.68326,-73.965836,35.0,28.6661,1,,0,0,0,0
2025-05-05 00:00:00,179,"Nostrand Av (A,C)",Brooklyn,40.68044,-73.950424,65.0,132.0533,1,,0,0,0,0
2025-05-05 00:00:00,180,Kingston-Throop Avs (C),Brooklyn,40.67992,-73.94086,16.0,66.76689999999999,1,,0,0,0,0
2025-05-05 00:00:00,181,"Utica Av (A,C)",Brooklyn,40.679363,-73.93073,53.0,130.0308,1,,0,0,0,0
2025-05-05 00:00:00,182,Ralph Av (C),Brooklyn,40.67882,-73.920784,19.0,42.0587,1,,0,0,0,0
2025-05-05 00:00:00,183,Rockaway Av (C),Brooklyn,40.67834,-73.91195,30.0,58.3574,1,,0,0,0,0
2025-05-05 00:00:00,185,Liberty Av (C),Brooklyn,40.67454,-73.896545,10.0,14.8946,1,,0,0,0,0
2025-05-05 00:00:00,186,Van Siclen Av (C),Brooklyn,40.67271,-73.89036,8.0,22.8222,1,,0,0,0,0
2025-05-05 00:00:00,187,Shepherd Av (C),Brooklyn,40.67413,-73.88075,6.0,20.541,1,,0,0,0,0
2025-05-05 00:00:00,188,"Euclid Av (A,C)",Brooklyn,40.675377,-73.87211,24.0,84.7116,1,,0,0,0,0
2025-05-05 00:00:00,189,Grant Av (A),Brooklyn,40.677044,-73.86505,8.0,54.9739,1,1.0,1,0,0,0
2025-05-05 00:00:00,190,80 St (A),Queens,40.67937,-73.85899,6.0,58.6802,1,1.0,1,0,0,0
2025-05-05 00:00:00,192,Rockaway Blvd (A),Queens,40.680428,-73.84386,32.0,40.4904,1,1.0,1,0,0,0
2025-05-05 00:00:00,193,104 St (A),Queens,40.68171,-73.837685,1.0,16.1518,1,2.0,1,0,0,0
2025-05-05 00:00:00,194,111 St (A),Queens,40.68433,-73.83216,1.0,10.8632,1,1.0,1,0,0,0
2025-05-05 00:00:00,195,Ozone Park-Lefferts Blvd (A),Queens,40.68595,-73.8258,20.0,33.3283,1,1.0,1,0,0,0
2025-05-05 00:00:00,196,Aqueduct Racetrack (A),Queens,40.672096,-73.83592,5.0,5.0081,1,,0,0,0,0
2025-05-05 00:00:00,198,Howard Beach-JFK Airport (A),Queens,40.660477,-73.8303,127.0,47.496,1,,0,0,0,0
2025-05-05 00:00:00,210,Norwood-205 St (D),Bronx,40.87481,-73.87885,9.0,60.9432,1,3.0,1,0,0,0
2025-05-05 00:00:00,211,"Bedford Park Blvd (B,D)",Bronx,40.873245,-73.88714,15.0,41.3345,1,3.0,1,0,0,0
2025-05-05 00:00:00,212,"Kingsbridge Rd (B,D)",Bronx,40.866978,-73.89351,12.0,59.1314,1,3.0,1,0,0,0
2025-05-05 00:00:00,213,"Fordham Rd (B,D)",Bronx,40.861298,-73.89775,18.0,88.6411,1,3.0,1,0,0,0
2025-05-05 00:00:00,214,"182-183 Sts (B,D)",Bronx,40.856094,-73.90074,7.0,53.9658,1,3.0,1,0,0,0
2025-05-05 00:00:00,215,"Tremont Av (B,D)",Bronx,40.85041,-73.90523,12.0,71.9757,1,3.0,1,0,0,0
2025-05-05 00:00:00,216,"174-175 Sts (B,D)",Bronx,40.8459,-73.91013,6.0,34.6035,1,3.0,1,0,0,0
2025-05-05 00:00:00,217,"170 St (B,D)",Bronx,40.839306,-73.9134,6.0,60.0106,1,3.0,1,0,0,0
2025-05-05 00:00:00,218,"167 St (B,D)",Bronx,40.83377,-73.91844,20.0,85.524,1,2.0,1,0,0,0
2025-05-05 00:00:00,220,"155 St (B,D)",Manhattan,40.830135,-73.93821,7.0,11.7373,1,2.0,1,0,0,0
2025-05-05 00:00:00,221,21 St-Queensbridge (M),Queens,40.754204,-73.94283,59.0,102.0581,1,2.0,1,0,0,0
2025-05-05 00:00:00,222,Roosevelt Island (M),Manhattan,40.759144,-73.95326,14.0,52.0179,1,2.0,1,0,0,0
2025-05-05 00:00:00,223,"Lexington Av/63 St (M,Q)",Manhattan,40.76463,-73.96611,107.0,45.4118,1,5.0,1,0,0,0
2025-05-05 00:00:00,224,57 St (M),Manhattan,40.763973,-73.97745,89.0,35.603300000000004,1,1.0,1,0,0,0
2025-05-05 00:00:00,225,"47-50 Sts-Rockefeller Ctr (B,D,F,M)",Manhattan,40.758663,-73.98133,327.0,59.9529,1,3.0,1,0,0,0
2025-05-05 00:00:00,228,"23 St (F,M)",Manhattan,40.742878,-73.99282,84.0,33.3806,1,1.0,1,0,0,0
2025-05-05 00:00:00,231,"Grand St (B,D)",Manhattan,40.718266,-73.99375,98.0,59.5235,1,1.0,1,0,0,0
2025-05-05 00:00:00,232,2 Av (F),Manhattan,40.7234,-73.98994,110.0,55.4083,1,1.0,1,0,0,0
2025-05-05 00:00:00,234,East Broadway (F),Manhattan,40.713715,-73.99017,49.0,60.5585,1,1.0,1,0,0,0
2025-05-05 00:00:00,235,York St (F),Brooklyn,40.701397,-73.98675,49.0,36.6058,1,1.0,1,0,0,0
2025-05-05 00:00:00,236,"Bergen St (F,G)",Brooklyn,40.686146,-73.99086,1.0,21.9722,1,,0,0,0,0
2025-05-05 00:00:00,237,"Carroll St (F,G)",Brooklyn,40.6803,-73.99505,15.0,21.1788,1,,0,0,0,0
2025-05-05 00:00:00,238,"Smith-9 Sts (F,G)",Brooklyn,40.67358,-73.99596,8.0,14.0385,1,,0,0,0,0
2025-05-05 00:00:00,240,"7 Av (F,G)",Brooklyn,40.66627,-73.98031,17.0,25.982,1,,0,0,0,0
2025-05-05 00:00:00,241,"15 St-Prospect Park (F,G)",Brooklyn,40.660366,-73.97949,5.0,11.1735,1,,0,0,0,0
2025-05-05 00:00:00,242,"Fort Hamilton Pkwy (F,G)",Brooklyn,40.650784,-73.97578,2.0,16.1917,1,,0,0,0,0
2025-05-05 00:00:00,243,"Church Av (F,G)",Brooklyn,40.64404,-73.979675,12.0,60.9384,1,,0,0,0,0
2025-05-05 00:00:00,245,18 Av (F),Brooklyn,40.629753,-73.976974,5.0,13.7596,1,,0,0,0,0
2025-05-05 00:00:00,246,Avenue I (F),Brooklyn,40.62532,-73.97613,4.0,3.6048,1,,0,0,0,0
2025-05-05 00:00:00,249,Avenue P (F),Brooklyn,40.608944,-73.97302,2.0,9.1722,1,,0,0,0,0
2025-05-05 00:00:00,250,Kings Hwy (F),Brooklyn,40.603218,-73.97236,4.0,9.5538,1,1.0,1,0,0,0
2025-05-05 00:00:00,252,Avenue X (F),Brooklyn,40.58962,-73.97425,1.0,10.2367,1,,0,0,0,0
2025-05-05 00:00:00,254,Jamaica-179 St (F),Queens,40.712646,-73.78381,29.0,119.6797,1,3.0,1,0,0,0
2025-05-05 00:00:00,255,169 St (F),Queens,40.71047,-73.7936,13.0,71.1814,1,4.0,1,0,0,0
2025-05-05 00:00:00,256,Parsons Blvd (F),Queens,40.707565,-73.80333,15.0,66.3618,1,3.0,1,0,0,0
2025-05-05 00:00:00,257,Sutphin Blvd (F),Queens,40.70546,-73.81071,12.0,43.9011,1,3.0,1,0,0,0
2025-05-05 00:00:00,258,"Briarwood (E,F)",Queens,40.70918,-73.82057,11.0,23.1847,1,6.0,1,0,0,0
2025-05-05 00:00:00,259,"Kew Gardens-Union Tpke (E,F)",Queens,40.71444,-73.83101,65.0,120.8569,1,5.0,1,0,0,0
2025-05-05 00:00:00,260,"75 Av (E,F)",Queens,40.71833,-73.837326,4.0,11.5211,1,5.0,1,0,0,0
2025-05-05 00:00:00,261,"Forest Hills-71 Av (E,F,M,R)",Queens,40.72169,-73.84452,49.0,94.5708,1,5.0,1,0,0,0
2025-05-05 00:00:00,262,"67 Av (M,R)",Queens,40.726524,-73.85272,3.0,30.0814,1,5.0,1,0,0,0
2025-05-05 00:00:00,263,"63 Dr-Rego Park (M,R)",Queens,40.729847,-73.8616,23.0,65.101,1,5.0,1,0,0,0
2025-05-05 00:00:00,264,"Woodhaven Blvd (M,R)",Queens,40.733105,-73.86923,24.0,103.1515,1,5.0,1,0,0,0
2025-05-05 00:00:00,265,"Grand Av-Newtown (M,R)",Queens,40.737015,-73.87722,30.0,128.6245,1,4.0,1,0,0,0
2025-05-05 00:00:00,266,"Elmhurst Av (M,R)",Queens,40.742455,-73.88202,9.0,112.8355,1,4.0,1,0,0,0
2025-05-05 00:00:00,268,"65 St (M,R)",Queens,40.74967,-73.89845,3.0,29.566,1,4.0,1,0,0,0
2025-05-05 00:00:00,269,"Northern Blvd (M,R)",Queens,40.752884,-73.906006,5.0,38.3901,1,4.0,1,0,0,0
2025-05-05 00:00:00,270,"46 St (M,R)",Queens,40.756313,-73.91333,23.0,47.3674,1,4.0,1,0,0,0
2025-05-05 00:00:00,271,"Steinway St (M,R)",Queens,40.756878,-73.92074,53.0,60.6334,1,4.0,1,0,0,0
2025-05-05 00:00:00,272,"36 St (M,R)",Queens,40.75204,-73.92878,22.0,17.3152,1,3.0,1,0,0,0
2025-05-05 00:00:00,273,"Queens Plaza (E,F,R)",Queens,40.748974,-73.93724,21.0,80.8453,1,1.0,1,0,0,0
2025-05-05 00:00:00,276,"5 Av/53 St (E,F)",Manhattan,40.760166,-73.97523,11.0,12.2729,1,1.0,1,0,0,0
2025-05-05 00:00:00,277,"7 Av (E,B,D)",Manhattan,40.762863,-73.981636,77.0,54.9132,1,2.0,1,0,0,0
2025-05-05 00:00:00,278,"Jamaica Center-Parsons/Archer (E,J,Z)",Queens,40.70215,-73.80111,94.0,169.7848,1,6.0,1,0,0,0
2025-05-05 00:00:00,279,"Sutphin Blvd-Archer Av-JFK Airport (E,J,Z)",Queens,40.700485,-73.80797,191.0,153.0169,1,6.0,1,0,0,0
2025-05-05 00:00:00,280,Jamaica-Van Wyck (E),Queens,40.702564,-73.81686,10.0,30.9526,1,3.0,1,0,0,0
2025-05-05 00:00:00,282,21 St (G),Queens,40.744064,-73.94972,4.0,9.7518,1,4.0,1,0,0,0
2025-05-05 00:00:00,283,Greenpoint Av (G),Brooklyn,40.731354,-73.95445,27.0,47.35,1,4.0,1,0,0,0
2025-05-05 00:00:00,284,Nassau Av (G),Brooklyn,40.724636,-73.95128,40.0,35.1788,1,4.0,1,0,0,0
2025-05-05 00:00:00,286,Broadway (G),Brooklyn,40.706093,-73.95031,12.0,19.581,1,3.0,1,0,0,0
2025-05-05 00:00:00,287,Flushing Av (G),Brooklyn,40.70038,-73.95023,14.0,14.9761,1,3.0,1,0,0,0
2025-05-05 00:00:00,288,Myrtle-Willoughby Avs (G),Brooklyn,40.69457,-73.94904,8.0,46.6763,1,3.0,1,0,0,0
2025-05-05 00:00:00,289,Bedford-Nostrand Avs (G),Brooklyn,40.68963,-73.95352,21.0,66.32639999999999,1,4.0,1,0,0,0
2025-05-05 00:00:00,290,Classon Av (G),Brooklyn,40.688873,-73.96007,5.0,27.6056,1,5.0,1,0,0,0
2025-05-05 00:00:00,291,Clinton-Washington Avs (G),Brooklyn,40.688087,-73.96684,8.0,21.229,1,5.0,1,0,0,0
2025-05-05 00:00:00,292,Fulton St (G),Brooklyn,40.68712,-73.97537,11.0,11.4296,1,5.0,1,0,0,0
2025-05-05 00:00:00,293,Van Cortlandt Park-242 St (1),Bronx,40.889248,-73.89858,12.0,31.1972,1,3.0,1,0,0,0
2025-05-05 00:00:00,294,238 St (1),Bronx,40.884666,-73.90087,6.0,31.1493,1,3.0,1,0,0,0
2025-05-05 00:00:00,295,231 St (1),Bronx,40.878857,-73.90483,9.0,46.4253,1,3.0,1,0,0,0
2025-05-05 00:00:00,296,Marble Hill-225 St (1),Manhattan,40.87456,-73.90983,6.0,30.6639,1,3.0,1,0,0,0
2025-05-05 00:00:00,297,215 St (1),Manhattan,40.869446,-73.915276,5.0,7.2189,1,3.0,1,0,0,0
2025-05-05 00:00:00,298,207 St (1),Manhattan,40.86462,-73.91882,31.0,40.5953,1,3.0,1,0,0,0
2025-05-05 00:00:00,299,Dyckman St (1),Manhattan,40.86053,-73.92554,17.0,51.2827,1,3.0,1,0,0,0
2025-05-05 00:00:00,300,191 St (1),Manhattan,40.855225,-73.92941,16.0,65.5097,1,3.0,1,0,0,0
2025-05-05 00:00:00,301,181 St (1),Manhattan,40.849506,-73.93359,27.0,90.0116,1,3.0,1,0,0,0
2025-05-05 00:00:00,303,157 St (1),Manhattan,40.83404,-73.94489,22.0,96.3061,1,2.0,1,0,0,0
2025-05-05 00:00:00,304,145 St (1),Manhattan,40.82655,-73.95036,15.0,106.6819,1,2.0,1,0,0,0
2025-05-05 00:00:00,305,137 St-City College (1),Manhattan,40.822006,-73.953674,14.0,119.1306,1,2.0,1,0,0,0
2025-05-05 00:00:00,306,125 St (1),Manhattan,40.815582,-73.958374,37.0,60.126,1,2.0,1,0,0,0
2025-05-05 00:00:00,307,116 St-Columbia University (1),Manhattan,40.80772,-73.96411,73.0,56.3542,1,2.0,1,0,0,0
2025-05-05 00:00:00,308,Cathedral Pkwy (110 St) (1),Manhattan,40.803967,-73.96685,43.0,66.9225,1,2.0,1,0,0,0
2025-05-05 00:00:00,309,103 St (1),Manhattan,40.799446,-73.968376,36.0,85.8298,1,2.0,1,0,0,0
2025-05-05 00:00:00,310,"96 St (1,2,3)",Manhattan,40.79392,-73.97232,144.0,148.2454,1,7.0,1,0,0,0
2025-05-05 00:00:00,311,86 St (1),Manhattan,40.788643,-73.97622,97.0,53.4424,1,3.0,1,0,0,0
2025-05-05 00:00:00,312,79 St (1),Manhattan,40.783936,-73.97992,35.0,41.3891,1,3.0,1,0,0,0
2025-05-05 00:00:00,313,"72 St (1,2,3)",Manhattan,40.778454,-73.98197,149.0,124.0186,1,6.0,1,0,0,0
2025-05-05 00:00:00,314,66 St-Lincoln Center (1),Manhattan,40.77344,-73.98221,113.0,32.3184,1,3.0,1,0,0,0
2025-05-05 00:00:00,316,50 St (1),Manhattan,40.761726,-73.98385,199.0,68.0463,1,2.0,1,0,0,0
2025-05-05 00:00:00,318,"34 St-Penn Station (1,2,3)",Manhattan,40.750374,-73.99106,367.0,157.789,1,3.0,1,0,0,0
2025-05-05 00:00:00,319,28 St (1),Manhattan,40.747215,-73.99336,47.0,38.7255,1,2.0,1,0,0,0
2025-05-05 00:00:00,320,23 St (1),Manhattan,40.74408,-73.99566,61.0,50.1468,1,2.0,1,0,0,0
2025-05-05 00:00:00,321,18 St (1),Manhattan,40.74104,-73.99787,22.0,14.6505,1,2.0,1,0,0,0
2025-05-05 00:00:00,323,Christopher St-Stonewall (1),Manhattan,40.73342,-74.00291,158.0,39.279,1,1.0,1,0,0,0
2025-05-05 00:00:00,324,Houston St (1),Manhattan,40.728252,-74.00536,61.0,20.9496,1,1.0,1,0,0,0
2025-05-05 00:00:00,325,Canal St (1),Manhattan,40.722855,-74.00628,23.0,11.3535,1,1.0,1,0,0,0
2025-05-05 00:00:00,326,Franklin St (1),Manhattan,40.71932,-74.00689,17.0,10.8892,1,1.0,1,0,0,0
2025-05-05 00:00:00,327,"Chambers St (1,2,3)",Manhattan,40.715477,-74.00927,48.0,22.702,1,1.0,1,0,0,0
2025-05-05 00:00:00,328,WTC Cortlandt (1),Manhattan,40.711834,-74.01219,14.0,51.3625,1,,0,0,0,0
2025-05-05 00:00:00,329,Rector St (1),Manhattan,40.70751,-74.01379,11.0,26.3576,1,,0,0,0,0
2025-05-05 00:00:00,333,"Wall St (2,3)",Manhattan,40.70682,-74.0091,40.0,45.8704,1,,0,0,0,0
2025-05-05 00:00:00,334,"Clark St (2,3)",Brooklyn,40.697468,-73.99309,18.0,16.8688,1,,0,0,0,0
2025-05-05 00:00:00,336,"Hoyt St (2,3)",Brooklyn,40.690544,-73.98506,23.0,24.2691,1,,0,0,0,0
2025-05-05 00:00:00,337,"Nevins St (2,3,4,5)",Brooklyn,40.688248,-73.98049,64.0,33.138,1,1.0,1,0,0,0
2025-05-05 00:00:00,339,"Bergen St (2,3)",Brooklyn,40.68083,-73.9751,29.0,16.8631,1,,0,0,0,0
2025-05-05 00:00:00,340,"Grand Army Plaza (2,3)",Brooklyn,40.675236,-73.97105,15.0,21.7455,1,,0,0,0,0
2025-05-05 00:00:00,341,"Eastern Pkwy-Brooklyn Museum (2,3)",Brooklyn,40.671986,-73.96438,10.0,20.3076,1,,0,0,0,0
2025-05-05 00:00:00,343,Nostrand Av (3),Brooklyn,40.669846,-73.95046,6.0,21.4148,1,,0,0,0,0
2025-05-05 00:00:00,344,Kingston Av (3),Brooklyn,40.6694,-73.94216,11.0,27.4714,1,,0,0,0,0
2025-05-05 00:00:00,345,"Crown Hts-Utica Av (3,4)",Brooklyn,40.668896,-73.932945,49.0,174.1712,1,1.0,1,0,0,0
2025-05-05 00:00:00,346,Sutter Av-Rutland Rd (3),Brooklyn,40.66472,-73.92261,13.0,47.3341,1,,0,0,0,0
2025-05-05 00:00:00,347,Saratoga Av (3),Brooklyn,40.661453,-73.91633,15.0,38.1526,1,,0,0,0,0
2025-05-05 00:00:00,348,Rockaway Av (3),Brooklyn,40.662548,-73.90894,15.0,28.7194,1,,0,0,0,0
2025-05-05 00:00:00,349,Junius St (3),Brooklyn,40.663513,-73.90245,6.0,18.9295,1,,0,0,0,0
2025-05-05 00:00:00,350,Pennsylvania Av (3),Brooklyn,40.664635,-73.8949,5.0,19.916,1,,0,0,0,0
2025-05-05 00:00:00,351,Van Siclen Av (3),Brooklyn,40.665447,-73.8894,7.0,21.2539,1,,0,0,0,0
2025-05-05 00:00:00,352,New Lots Av (3),Brooklyn,40.666237,-73.88408,33.0,33.6109,1,,0,0,0,0
2025-05-05 00:00:00,353,"President St-Medgar Evers College (2,5)",Brooklyn,40.667885,-73.95068,5.0,23.5687,1,,0,0,0,0
2025-05-05 00:00:00,354,"Sterling St (2,5)",Brooklyn,40.662743,-73.95085,9.0,36.0983,1,,0,0,0,0
2025-05-05 00:00:00,355,"Winthrop St (2,5)",Brooklyn,40.65665,-73.9502,12.0,37.8014,1,,0,0,0,0
2025-05-05 00:00:00,356,"Church Av (2,5)",Brooklyn,40.650845,-73.94958,10.0,66.8669,1,1.0,1,0,0,0
2025-05-05 00:00:00,357,"Beverly Rd (2,5)",Brooklyn,40.6451,-73.94896,5.0,41.6201,1,,0,0,0,0
2025-05-05 00:00:00,358,"Newkirk Av-Little Haiti (2,5)",Brooklyn,40.63997,-73.94841,10.0,62.3711,1,,0,0,0,0
2025-05-05 00:00:00,359,"Flatbush Av-Brooklyn College (2,5)",Brooklyn,40.632835,-73.94764,51.0,130.7637,1,,0,0,0,0
2025-05-05 00:00:00,360,Pelham Bay Park (6),Bronx,40.852463,-73.82812,16.0,23.8587,1,4.0,1,0,0,0
2025-05-05 00:00:00,361,Buhre Av (6),Bronx,40.84681,-73.832565,2.0,22.4556,1,3.0,1,0,0,0
2025-05-05 00:00:00,362,Middletown Rd (6),Bronx,40.843864,-73.83632,3.0,10.4851,1,3.0,1,0,0,0
2025-05-05 00:00:00,363,Westchester Sq-E Tremont Av (6),Bronx,40.839893,-73.84295,5.0,25.8234,1,3.0,1,0,0,0
2025-05-05 00:00:00,364,Zerega Av (6),Bronx,40.836487,-73.84704,4.0,20.7832,1,3.0,1,0,0,0
2025-05-05 00:00:00,365,Castle Hill Av (6),Bronx,40.834255,-73.85122,20.0,67.2618,1,3.0,1,0,0,0
2025-05-05 00:00:00,366,Parkchester (6),Bronx,40.833225,-73.86082,10.0,95.2584,1,3.0,1,0,0,0
2025-05-05 00:00:00,367,St Lawrence Av (6),Bronx,40.83151,-73.867615,4.0,47.2109,1,,0,0,0,0
2025-05-05 00:00:00,368,Morrison Av-Soundview (6),Bronx,40.82952,-73.87452,10.0,51.0826,1,,0,0,0,0
2025-05-05 00:00:00,369,Elder Av (6),Bronx,40.828583,-73.87916,8.0,69.2365,1,,0,0,0,0
2025-05-05 00:00:00,370,Whitlock Av (6),Bronx,40.826527,-73.886284,2.0,12.6798,1,,0,0,0,0
2025-05-05 00:00:00,371,Hunts Point Av (6),Bronx,40.82095,-73.89055,31.0,68.8879,1,3.0,1,0,0,0
2025-05-05 00:00:00,372,Longwood Av (6),Bronx,40.816105,-73.89644,6.0,21.529,1,3.0,1,0,0,0
2025-05-05 00:00:00,373,E 149 St (6),Bronx,40.81212,-73.9041,10.0,46.5067,1,2.0,1,0,0,0
2025-05-05 00:00:00,374,E 143 St-St Mary's St (6),Bronx,40.80872,-73.90765,3.0,27.0211,1,2.0,1,0,0,0
2025-05-05 00:00:00,375,Cypress Av (6),Bronx,40.805367,-73.91404,7.0,19.1186,1,2.0,1,0,0,0
2025-05-05 00:00:00,376,Brook Av (6),Bronx,40.807568,-73.91924,5.0,42.0044,1,2.0,1,0,0,0
2025-05-05 00:00:00,377,3 Av-138 St (6),Bronx,40.810474,-73.92614,27.0,64.0685,1,2.0,1,0,0,0
2025-05-05 00:00:00,378,Woodlawn (4),Bronx,40.886036,-73.87875,31.0,32.9338,1,4.0,1,0,0,0
2025-05-05 00:00:00,379,Mosholu Pkwy (4),Bronx,40.87975,-73.88466,11.0,38.8451,1,4.0,1,0,0,0
2025-05-05 00:00:00,380,Bedford Park Blvd-Lehman College (4),Bronx,40.873413,-73.89006,13.0,31.7802,1,4.0,1,0,0,0
2025-05-05 00:00:00,381,Kingsbridge Rd (4),Bronx,40.86776,-73.89717,18.0,62.6226,1,3.0,1,0,0,0
2025-05-05 00:00:00,382,Fordham Rd (4),Bronx,40.862804,-73.90103,28.0,73.3967,1,3.0,1,0,0,0
2025-05-05 00:00:00,383,183 St (4),Bronx,40.858406,-73.90388,9.0,55.159,1,3.0,1,0,0,0
2025-05-05 00:00:00,384,Burnside Av (4),Bronx,40.853455,-73.907684,8.0,82.4682,1,4.0,1,0,0,0
2025-05-05 00:00:00,385,176 St (4),Bronx,40.84848,-73.9118,11.0,47.7052,1,3.0,1,0,0,0
2025-05-05 00:00:00,386,Mt Eden Av (4),Bronx,40.844433,-73.91469,15.0,34.5574,1,3.0,1,0,0,0
2025-05-05 00:00:00,387,170 St (4),Bronx,40.840076,-73.91779,18.0,57.077,1,3.0,1,0,0,0
2025-05-05 00:00:00,388,167 St (4),Bronx,40.835537,-73.9214,28.0,75.2774,1,3.0,1,0,0,0
2025-05-05 00:00:00,391,"138 St-Grand Concourse (4,5)",Bronx,40.813225,-73.92985,18.0,23.7271,1,3.0,1,0,0,0
2025-05-05 00:00:00,392,"125 St (4,5,6)",Manhattan,40.80414,-73.93759,139.0,110.0894,1,5.0,1,0,0,0
2025-05-05 00:00:00,393,116 St (6),Manhattan,40.79863,-73.94162,38.0,90.2562,1,3.0,1,0,0,0
2025-05-05 00:00:00,394,110 St (6),Manhattan,40.79502,-73.94425,25.0,69.4642,1,3.0,1,0,0,0
2025-05-05 00:00:00,395,103 St (6),Manhattan,40.7906,-73.94748,21.0,66.0291,1,3.0,1,0,0,0
2025-05-05 00:00:00,396,96 St (6),Manhattan,40.78567,-73.95107,42.0,39.8156,1,3.0,1,0,0,0
2025-05-05 00:00:00,397,"86 St (4,5,6)",Manhattan,40.77949,-73.95559,174.0,83.5116,1,4.0,1,0,0,0
2025-05-05 00:00:00,398,77 St (6),Manhattan,40.77362,-73.95988,88.0,43.5952,1,2.0,1,0,0,0
2025-05-05 00:00:00,399,68 St-Hunter College (6),Manhattan,40.768143,-73.96387,49.0,21.6752,1,2.0,1,0,0,0
2025-05-05 00:00:00,403,33 St (6),Manhattan,40.746082,-73.98208,80.0,54.0035,1,2.0,1,0,0,0
2025-05-05 00:00:00,404,28 St (6),Manhattan,40.74307,-73.98426,113.0,35.223,1,2.0,1,0,0,0
2025-05-05 00:00:00,405,23 St-Baruch College (6),Manhattan,40.739864,-73.9866,80.0,40.1613,1,2.0,1,0,0,0
2025-05-05 00:00:00,407,Astor Pl (6),Manhattan,40.730053,-73.99107,88.0,37.3089,1,1.0,1,0,0,0
2025-05-05 00:00:00,409,Spring St (6),Manhattan,40.7223,-73.99714,83.0,19.5823,1,,0,0,0,0
2025-05-05 00:00:00,413,"Wall St (4,5)",Manhattan,40.707558,-74.01186,40.0,33.9433,1,1.0,1,0,0,0
2025-05-05 00:00:00,414,"Bowling Green (4,5)",Manhattan,40.70482,-74.01407,61.0,61.3442,1,1.0,1,0,0,0
2025-05-05 00:00:00,416,Wakefield-241 St (2),Bronx,40.903126,-73.85062,23.0,36.8631,1,3.0,1,0,0,0
2025-05-05 00:00:00,417,"Nereid Av (2,5)",Bronx,40.89838,-73.85438,4.0,10.7671,1,4.0,1,0,0,0
2025-05-05 00:00:00,418,"233 St (2,5)",Bronx,40.893192,-73.857475,11.0,28.8677,1,3.0,1,0,0,0
2025-05-05 00:00:00,419,"225 St (2,5)",Bronx,40.888023,-73.860344,7.0,27.601,1,3.0,1,0,0,0
2025-05-05 00:00:00,420,"219 St (2,5)",Bronx,40.883896,-73.86263,3.0,25.2609,1,3.0,1,0,0,0
2025-05-05 00:00:00,421,"Gun Hill Rd (2,5)",Bronx,40.87785,-73.86626,26.0,45.2684,1,3.0,1,0,0,0
2025-05-05 00:00:00,422,"Burke Av (2,5)",Bronx,40.871357,-73.867165,6.0,16.0029,1,3.0,1,0,0,0
2025-05-05 00:00:00,423,"Allerton Av (2,5)",Bronx,40.865463,-73.867355,14.0,33.306,1,3.0,1,0,0,0
2025-05-05 00:00:00,424,"Pelham Pkwy (2,5)",Bronx,40.857193,-73.867615,21.0,49.2152,1,3.0,1,0,0,0
2025-05-05 00:00:00,425,"Bronx Park East (2,5)",Bronx,40.848827,-73.868454,7.0,17.7768,1,3.0,1,0,0,0
2025-05-05 00:00:00,426,"E 180 St (2,5)",Bronx,40.841892,-73.87349,40.0,73.7753,1,5.0,1,0,0,0
2025-05-05 00:00:00,427,"West Farms Sq-E Tremont Av (2,5)",Bronx,40.840294,-73.88005,18.0,41.8759,1,3.0,1,0,0,0
2025-05-05 00:00:00,428,"174 St (2,5)",Bronx,40.837288,-73.88773,8.0,44.417,1,3.0,1,0,0,0
2025-05-05 00:00:00,429,"Freeman St (2,5)",Bronx,40.829994,-73.89187,16.0,49.2973,1,2.0,1,0,0,0
2025-05-05 00:00:00,430,"Simpson St (2,5)",Bronx,40.824074,-73.89307,15.0,70.4971,1,2.0,1,0,0,0
2025-05-05 00:00:00,431,"Intervale Av (2,5)",Bronx,40.82218,-73.896736,10.0,33.9928,1,2.0,1,0,0,0
2025-05-05 00:00:00,432,"Prospect Av (2,5)",Bronx,40.819584,-73.90177,15.0,53.048,1,2.0,1,0,0,0
2025-05-05 00:00:00,433,"Jackson Av (2,5)",Bronx,40.81649,-73.90781,6.0,44.5992,1,2.0,1,0,0,0
2025-05-05 00:00:00,434,"3 Av-149 St (2,5)",Bronx,40.81611,-73.917755,66.0,147.0117,1,2.0,1,0,0,0
2025-05-05 00:00:00,436,Harlem-148 St (3),Manhattan,40.82388,-73.93647,7.0,22.5771,1,3.0,1,0,0,0
2025-05-05 00:00:00,437,145 St (3),Manhattan,40.82042,-73.93625,5.0,22.5098,1,3.0,1,0,0,0
2025-05-05 00:00:00,438,"135 St (2,3)",Manhattan,40.814228,-73.94077,75.0,96.4013,1,5.0,1,0,0,0
2025-05-05 00:00:00,439,"125 St (2,3)",Manhattan,40.807755,-73.945496,65.0,67.908,1,5.0,1,0,0,0
2025-05-05 00:00:00,440,"116 St (2,3)",Manhattan,40.802097,-73.94962,25.0,61.7753,1,5.0,1,0,0,0
2025-05-05 00:00:00,441,"110 St-Malcolm X Plaza (2,3)",Manhattan,40.799076,-73.95182,22.0,46.066,1,5.0,1,0,0,0
2025-05-05 00:00:00,442,Eastchester-Dyre Av (5),Bronx,40.8883,-73.83083,5.0,19.8165,1,3.0,1,0,0,0
2025-05-05 00:00:00,443,Baychester Av (5),Bronx,40.878662,-73.83859,3.0,20.6149,1,5.0,1,0,0,0
2025-05-05 00:00:00,445,Pelham Pkwy (5),Bronx,40.858986,-73.85536,1.0,10.1839,1,5.0,1,0,0,0
2025-05-05 00:00:00,446,Morris Park (5),Bronx,40.854362,-73.8605,1.0,12.9574,1,5.0,1,0,0,0
2025-05-05 00:00:00,447,Flushing-Main St (7),Queens,40.7596,-73.83003,230.0,285.4506,1,3.0,1,0,0,0
2025-05-05 00:00:00,448,Mets-Willets Point (7),Queens,40.754623,-73.84563,24.0,17.8309,1,3.0,1,0,0,0
2025-05-05 00:00:00,449,111 St (7),Queens,40.75173,-73.85533,17.0,162.8782,1,3.0,1,0,0,0
2025-05-05 00:00:00,450,103 St-Corona Plaza (7),Queens,40.749866,-73.8627,33.0,286.4756,1,3.0,1,0,0,0
2025-05-05 00:00:00,451,Junction Blvd (7),Queens,40.749146,-73.86953,72.0,317.9064,1,3.0,1,0,0,0
2025-05-05 00:00:00,452,90 St-Elmhurst Av (7),Queens,40.74841,-73.87661,37.0,231.3843,1,3.0,1,0,0,0
2025-05-05 00:00:00,453,82 St-Jackson Hts (7),Queens,40.747658,-73.8837,27.0,122.8311,1,3.0,1,0,0,0
2025-05-05 00:00:00,455,69 St (7),Queens,40.746326,-73.8964,25.0,53.8168,1,3.0,1,0,0,0
2025-05-05 00:00:00,456,61 St-Woodside (7),Queens,40.74563,-73.902985,41.0,115.6126,1,3.0,1,0,0,0
2025-05-05 00:00:00,457,52 St (7),Queens,40.74415,-73.91255,12.0,57.7973,1,3.0,1,0,0,0
2025-05-05 00:00:00,458,46 St-Bliss St (7),Queens,40.743134,-73.918434,35.0,112.5079,1,3.0,1,0,0,0
2025-05-05 00:00:00,459,40 St-Lowery St (7),Queens,40.743782,-73.92402,16.0,74.7405,1,3.0,1,0,0,0
2025-05-05 00:00:00,460,33 St-Rawson St (7),Queens,40.744587,-73.931,19.0,21.8928,1,3.0,1,0,0,0
2025-05-05 00:00:00,461,"Queensboro Plaza (7,N,W)",Queens,40.750584,-73.9402,85.0,78.7006,1,3.0,1,0,0,0
2025-05-05 00:00:00,463,Hunters Point Av (7),Queens,40.742214,-73.94891,12.0,18.9488,1,2.0,1,0,0,0
2025-05-05 00:00:00,464,Vernon Blvd-Jackson Av (7),Queens,40.742626,-73.95358,46.0,71.4332,1,2.0,1,0,0,0
2025-05-05 00:00:00,471,34 St-Hudson Yards (7),Manhattan,40.755882,-74.00191,112.0,49.4532,1,,0,0,0,0
2025-05-05 00:00:00,475,96 St (Q),Manhattan,40.784317,-73.94715,41.0,79.6059,1,3.0,1,0,0,0
2025-05-05 00:00:00,476,86 St (Q),Manhattan,40.77789,-73.95179,43.0,90.8345,1,3.0,1,0,0,0
2025-05-05 00:00:00,477,72 St (Q),Manhattan,40.7688,-73.95843,63.0,65.8644,1,3.0,1,0,0,0
2025-05-05 00:00:00,501,St George (SIR),Staten Island,40.64375,-74.07365,35.0,,0,2.0,1,0,0,0
2025-05-05 00:00:00,502,Tompkinsville (SIR),Staten Island,40.636948,-74.07484,2.0,,0,2.0,1,0,0,0
2025-05-05 00:00:00,601,"14 St/6 Av (1,2,3,L,F,M)",Manhattan,40.737797,-73.997734,260.0,116.3041,1,6.0,1,0,0,0
2025-05-05 00:00:00,602,"14 St-Union Sq (4,5,6,L,N,Q,R,W)",Manhattan,40.735065,-73.99042,549.0,172.8409,1,7.0,1,0,0,0
2025-05-05 00:00:00,603,"149 St-Grand Concourse (2,4,5)",Bronx,40.818394,-73.92703,43.0,56.1804,1,3.0,1,0,0,0
2025-05-05 00:00:00,604,"161 St-Yankee Stadium (4,B,D)",Bronx,40.82795,-73.92574,67.0,167.5814,1,5.0,1,0,0,0
2025-05-05 00:00:00,605,"168 St-Washington Hts (1,A,C)",Manhattan,40.840637,-73.93985,44.0,123.683,1,5.0,1,0,0,0
2025-05-05 00:00:00,606,"Court Sq-23 St (7,E,F,G)",Queens,40.747143,-73.94503,50.0,101.2204,1,6.0,1,0,0,0
2025-05-05 00:00:00,607,"34 St-Herald Sq (B,D,F,M,N,Q,R,W)",Manhattan,40.74964,-73.987885,498.0,240.1279,1,8.0,1,0,0,0
2025-05-05 00:00:00,608,"4 Av-9 St (F,G,R)",Brooklyn,40.67056,-73.989044,31.0,40.3512,1,,0,0,0,0
2025-05-05 00:00:00,609,"42 St-Bryant Pk/5 Av (7,B,D,F,M)",Manhattan,40.75402,-73.98327,251.0,94.4251,1,5.0,1,0,0,0
2025-05-05 00:00:00,610,"Grand Central-42 St (4,5,6,7,S)",Manhattan,40.75199,-73.977356,362.0,283.0739,1,5.0,1,0,0,0
2025-05-05 00:00:00,611,"Times Sq-42 St/Port Authority Bus Terminal (1,2,3,7,A,C,E,N,Q,R,W,S)",Manhattan,40.755745,-73.98758,1635.0,567.8954,1,11.0,1,0,0,0
2025-05-05 00:00:00,612,"Lexington Av/51-53 Sts (6,E,F)",Manhattan,40.757328,-73.97049,112.0,119.328,1,3.0,1,0,0,0
2025-05-05 00:00:00,613,"Lexington Av/59 St (4,5,6,N,R,W)",Manhattan,40.762592,-73.96761,214.0,82.6673,1,5.0,1,0,0,0
2025-05-05 00:00:00,614,"59 St-Columbus Circle (1,A,C,B,D)",Manhattan,40.768272,-73.981834,386.0,163.1983,1,6.0,1,0,0,0
2025-05-05 00:00:00,615,"62 St/New Utrecht Av (D,N)",Brooklyn,40.625656,-73.99663,8.0,27.635,1,,0,0,0,0
2025-05-05 00:00:00,616,"Jackson Hts-Roosevelt Av/74 St-Broadway (7,E,F,M,R)",Queens,40.746746,-73.891365,295.0,461.175,1,7.0,1,0,0,0
2025-05-05 00:00:00,617,"Atlantic Av-Barclays Ctr (2,3,4,5,B,D,N,Q,R)",Brooklyn,40.684162,-73.97779,272.0,140.0696,1,3.0,1,0,0,0
2025-05-05 00:00:00,618,"14 St/8 Av (A,C,E,L)",Manhattan,40.740334,-74.00214,297.0,121.1905,1,2.0,1,0,0,0
2025-05-05 00:00:00,619,"Broadway-Lafayette St/Bleecker St (6,B,D,F,M)",Manhattan,40.725605,-73.99543,202.0,88.8658,1,2.0,1,0,0,0
2025-05-05 00:00:00,620,"Borough Hall/Court St (2,3,4,5,R)",Brooklyn,40.69324,-73.99064,57.0,43.3565,1,5.0,1,0,0,0
2025-05-05 00:00:00,621,"Broadway Junction (A,C,J,Z,L)",Brooklyn,40.678898,-73.90436,44.0,65.4199,1,,0,0,0,0
2025-05-05 00:00:00,622,"Brooklyn Bridge-City Hall/Chambers St (4,5,6,J,Z)",Manhattan,40.713154,-74.00377,63.0,48.3266,1,1.0,1,0,0,0
2025-05-05 00:00:00,623,"Canal St (6,J,Z,N,Q,R,W)",Manhattan,40.7187,-74.00058,132.0,81.2679,1,1.0,1,0,0,0
2025-05-05 00:00:00,624,"Chambers St/WTC/Park Place/Cortlandt St (2,3,A,C,E,R,W)",Manhattan,40.712605,-74.00955,82.0,112.637,1,2.0,1,0,0,0
2025-05-05 00:00:00,625,"Delancey St-Essex St (F,M,J,Z)",Manhattan,40.718464,-73.98778,148.0,110.5637,1,1.0,1,0,0,0
2025-05-05 00:00:00,626,"Franklin Av-Medgar Evers College/Botanic Garden (2,3,4,5,S)",Brooklyn,40.670513,-73.95869,31.0,93.5693,1,6.0,1,0,0,0
2025-05-05 00:00:00,627,"Franklin Av (C,S)",Brooklyn,40.68099,-73.95634,20.0,37.8307,1,3.0,1,0,0,0
2025-05-05 00:00:00,628,"Fulton St (2,3,4,5,A,C,J,Z)",Manhattan,40.71009,-74.007835,254.0,218.6156,1,1.0,1,0,0,0
2025-05-05 00:00:00,629,"Metropolitan Av/Lorimer St (G,L)",Brooklyn,40.71343,-73.95084,126.0,94.6915,1,7.0,1,0,0,0
2025-05-05 00:00:00,630,"Myrtle-Wyckoff Avs (M,L)",Brooklyn,40.699623,-73.91199,68.0,191.6943,1,4.0,1,0,0,0
2025-05-05 00:00:00,635,"Whitehall St-South Ferry (1,R,W)",Manhattan,40.702576,-74.01333,80.0,81.8473,1,4.0,1,0,0,0
2025-05-05 00:00:00,636,"Jay St-MetroTech (A,C,F,R)",Brooklyn,40.69226,-73.98664,187.0,103.0728,1,3.0,1,0,0,0
2025-05-05 01:00:00,1,"Astoria-Ditmars Blvd (N,W)",Queens,40.775036,-73.91203,16.0,35.4273,1,3.0,1,1,0,0
2025-05-05 01:00:00,2,"Astoria Blvd (N,W)",Queens,40.77026,-73.91785,15.0,35.3049,1,3.0,1,1,0,0
2025-05-05 01:00:00,3,"30 Av (N,W)",Queens,40.76678,-73.92148,13.0,34.808,1,3.0,1,1,0,0
2025-05-05 01:00:00,4,"Broadway (N,W)",Queens,40.76182,-73.92551,24.0,28.6965,1,3.0,1,1,0,0
2025-05-05 01:00:00,5,"36 Av (N,W)",Queens,40.756805,-73.92957,12.0,12.5181,1,3.0,1,1,0,0
2025-05-05 01:00:00,6,"39 Av-Dutch Kills (N,W)",Queens,40.75288,-73.932755,1.0,8.7189,1,3.0,1,1,0,0
2025-05-05 01:00:00,8,"5 Av/59 St (N,R,W)",Manhattan,40.764812,-73.97335,4.0,5.7239,1,3.0,1,1,0,0
2025-05-05 01:00:00,9,"57 St-7 Av (N,Q,R,W)",Manhattan,40.764664,-73.98066,64.0,26.9038,1,6.0,1,1,0,0
2025-05-05 01:00:00,10,"49 St (N,R,W)",Manhattan,40.7599,-73.98414,99.0,32.7155,1,6.0,1,1,0,0
2025-05-05 01:00:00,13,"28 St (R,W)",Manhattan,40.745495,-73.98869,45.0,15.3696,1,6.0,1,1,0,0
2025-05-05 01:00:00,14,"23 St (R,W)",Manhattan,40.741302,-73.98934,29.0,13.6636,1,6.0,1,1,0,0
2025-05-05 01:00:00,16,"8 St-NYU (R,W)",Manhattan,40.730328,-73.99263,29.0,15.0942,1,6.0,1,1,0,0
2025-05-05 01:00:00,17,"Prince St (R,W)",Manhattan,40.72433,-73.9977,18.0,8.3887,1,6.0,1,1,0,0
2025-05-05 01:00:00,20,"City Hall (R,W)",Manhattan,40.713284,-74.00698,6.0,4.412,1,3.0,1,1,0,0
2025-05-05 01:00:00,22,"Rector St (R,W)",Manhattan,40.70722,-74.01334,4.0,3.8398,1,3.0,1,1,0,0
2025-05-05 01:00:00,26,"DeKalb Av (B,Q,R)",Brooklyn,40.690636,-73.98183,32.0,28.8896,1,14.0,1,1,0,0
2025-05-05 01:00:00,28,Union St (R),Brooklyn,40.677315,-73.98311,12.0,12.8248,1,2.0,1,1,0,0
2025-05-05 01:00:00,30,Prospect Av (R),Brooklyn,40.665413,-73.992874,5.0,8.1488,1,2.0,1,1,0,0
2025-05-05 01:00:00,31,25 St (R),Brooklyn,40.660397,-73.99809,6.0,6.8457,1,2.0,1,1,0,0
2025-05-05 01:00:00,32,"36 St (D,N,R)",Brooklyn,40.655144,-74.00355,16.0,37.8595,1,11.0,1,1,0,0
2025-05-05 01:00:00,33,45 St (R),Brooklyn,40.648937,-74.01001,13.0,30.1189,1,9.0,1,1,0,0
2025-05-05 01:00:00,34,53 St (R),Brooklyn,40.64507,-74.01403,10.0,34.9396,1,9.0,1,1,0,0
2025-05-05 01:00:00,35,"59 St (N,R)",Brooklyn,40.64136,-74.01788,15.0,39.1889,1,9.0,1,1,0,0
2025-05-05 01:00:00,36,Bay Ridge Av (R),Brooklyn,40.634968,-74.02338,6.0,32.5093,1,6.0,1,1,0,0
2025-05-05 01:00:00,37,77 St (R),Brooklyn,40.62974,-74.02551,3.0,14.2005,1,6.0,1,1,0,0
2025-05-05 01:00:00,38,86 St (R),Brooklyn,40.62269,-74.0284,10.0,19.3034,1,6.0,1,1,0,0
2025-05-05 01:00:00,39,Bay Ridge-95 St (R),Brooklyn,40.616623,-74.030876,9.0,16.1857,1,3.0,1,1,0,0
2025-05-05 01:00:00,41,"7 Av (B,Q)",Brooklyn,40.67705,-73.97237,10.0,9.7638,1,3.0,1,1,0,0
2025-05-05 01:00:00,42,"Prospect Park (B,Q,S)",Brooklyn,40.661613,-73.96225,22.0,25.7973,1,6.0,1,1,0,0
2025-05-05 01:00:00,43,Parkside Av (Q),Brooklyn,40.655293,-73.961494,5.0,27.6337,1,3.0,1,1,0,0
2025-05-05 01:00:00,44,"Church Av (B,Q)",Brooklyn,40.650528,-73.96298,10.0,40.1962,1,3.0,1,1,0,0
2025-05-05 01:00:00,45,Beverley Rd (Q),Brooklyn,40.64403,-73.96449,5.0,10.5651,1,3.0,1,1,0,0
2025-05-05 01:00:00,46,Cortelyou Rd (Q),Brooklyn,40.640926,-73.96389,5.0,17.6778,1,3.0,1,1,0,0
2025-05-05 01:00:00,47,"Newkirk Plaza (B,Q)",Brooklyn,40.635082,-73.96279,8.0,29.4259,1,4.0,1,1,0,0
2025-05-05 01:00:00,48,Avenue H (Q),Brooklyn,40.62927,-73.96164,2.0,6.4378,1,4.0,1,1,0,0
2025-05-05 01:00:00,49,Avenue J (Q),Brooklyn,40.62504,-73.9608,7.0,8.3863,1,5.0,1,1,0,0
2025-05-05 01:00:00,50,Avenue M (Q),Brooklyn,40.61762,-73.9594,4.0,11.2603,1,5.0,1,1,0,0
2025-05-05 01:00:00,51,"Kings Hwy (B,Q)",Brooklyn,40.60867,-73.95773,14.0,34.323,1,5.0,1,1,0,0
2025-05-05 01:00:00,52,Avenue U (Q),Brooklyn,40.5993,-73.95593,6.0,13.22,1,5.0,1,1,0,0
2025-05-05 01:00:00,53,Neck Rd (Q),Brooklyn,40.595245,-73.95516,2.0,6.4671,1,5.0,1,1,0,0
2025-05-05 01:00:00,54,"Sheepshead Bay (B,Q)",Brooklyn,40.586895,-73.954155,14.0,18.3141,1,4.0,1,1,0,0
2025-05-05 01:00:00,57,"W 8 St-NY Aquarium (F,Q)",Brooklyn,40.576126,-73.97594,2.0,2.9898,1,5.0,1,1,0,0
2025-05-05 01:00:00,58,"Coney Island-Stillwell Av (D,F,N,Q)",Brooklyn,40.577423,-73.98123,48.0,42.1831,1,2.0,1,1,0,0
2025-05-05 01:00:00,59,9 Av (D),Brooklyn,40.646294,-73.99432,5.0,21.4645,1,3.0,1,1,0,0
2025-05-05 01:00:00,60,Fort Hamilton Pkwy (D),Brooklyn,40.640915,-73.9943,6.0,14.423,1,2.0,1,1,0,0
2025-05-05 01:00:00,62,55 St (D),Brooklyn,40.631435,-73.995476,1.0,1.5048,1,2.0,1,1,0,0
2025-05-05 01:00:00,64,71 St (D),Brooklyn,40.61959,-73.99886,6.0,7.6748,1,2.0,1,1,0,0
2025-05-05 01:00:00,65,79 St (D),Brooklyn,40.613503,-74.00061,4.0,15.583,1,2.0,1,1,0,0
2025-05-05 01:00:00,66,18 Av (D),Brooklyn,40.607952,-74.00174,8.0,15.4462,1,2.0,1,1,0,0
2025-05-05 01:00:00,67,20 Av (D),Brooklyn,40.604557,-73.99817,2.0,11.6129,1,2.0,1,1,0,0
2025-05-05 01:00:00,68,Bay Pkwy (D),Brooklyn,40.601875,-73.99373,2.0,13.7075,1,2.0,1,1,0,0
2025-05-05 01:00:00,69,25 Av (D),Brooklyn,40.597706,-73.98683,4.0,8.7314,1,2.0,1,1,0,0
2025-05-05 01:00:00,70,Bay 50 St (D),Brooklyn,40.58884,-73.983765,5.0,6.3659,1,1.0,1,1,0,0
2025-05-05 01:00:00,71,8 Av (N),Brooklyn,40.635063,-74.01172,4.0,11.8669,1,2.0,1,1,0,0
2025-05-05 01:00:00,72,Fort Hamilton Pkwy (N),Brooklyn,40.631386,-74.00535,13.0,15.7719,1,2.0,1,1,0,0
2025-05-05 01:00:00,74,18 Av (N),Brooklyn,40.62067,-73.99042,5.0,8.0437,1,2.0,1,1,0,0
2025-05-05 01:00:00,75,20 Av (N),Brooklyn,40.61741,-73.98502,3.0,10.0819,1,2.0,1,1,0,0
2025-05-05 01:00:00,76,Bay Pkwy (N),Brooklyn,40.611816,-73.98185,5.0,13.659,1,2.0,1,1,0,0
2025-05-05 01:00:00,77,Kings Hwy (N),Brooklyn,40.603924,-73.980354,3.0,16.0645,1,3.0,1,1,0,0
2025-05-05 01:00:00,78,Avenue U (N),Brooklyn,40.597473,-73.97913,11.0,7.4258,1,3.0,1,1,0,0
2025-05-05 01:00:00,79,86 St (N),Brooklyn,40.59272,-73.97823,1.0,8.5219,1,3.0,1,1,0,0
2025-05-05 01:00:00,80,"121 St (J,Z)",Queens,40.700493,-73.82829,2.0,10.5291,1,4.0,1,1,0,0
2025-05-05 01:00:00,81,111 St (J),Queens,40.69742,-73.83634,1.0,10.1389,1,4.0,1,1,0,0
2025-05-05 01:00:00,82,"104 St (J,Z)",Queens,40.69518,-73.84433,4.0,7.6549,1,4.0,1,1,0,0
2025-05-05 01:00:00,83,"Woodhaven Blvd (J,Z)",Queens,40.69388,-73.85158,6.0,18.5937,1,5.0,1,1,0,0
2025-05-05 01:00:00,84,85 St-Forest Pkwy (J),Queens,40.692436,-73.86001,1.0,5.6208,1,5.0,1,1,0,0
2025-05-05 01:00:00,85,"75 St-Elderts Ln (J,Z)",Queens,40.691322,-73.86714,6.0,7.8722,1,5.0,1,1,0,0
2025-05-05 01:00:00,87,"Crescent St (J,Z)",Brooklyn,40.683193,-73.87379,4.0,13.5042,1,5.0,1,1,0,0
2025-05-05 01:00:00,88,"Norwood Av (J,Z)",Brooklyn,40.68141,-73.880035,4.0,5.8282,1,5.0,1,1,0,0
2025-05-05 01:00:00,89,Cleveland St (J),Brooklyn,40.679947,-73.884636,1.0,7.606199999999999,1,5.0,1,1,0,0
2025-05-05 01:00:00,91,"Alabama Av (J,Z)",Brooklyn,40.67699,-73.89865,1.0,4.9589,1,5.0,1,1,0,0
2025-05-05 01:00:00,93,"Chauncey St (J,Z)",Brooklyn,40.68289,-73.91045,2.0,7.9851,1,5.0,1,1,0,0
2025-05-05 01:00:00,94,Halsey St (J),Brooklyn,40.68637,-73.91656,4.0,22.4714,1,5.0,1,1,0,0
2025-05-05 01:00:00,95,"Gates Av (J,Z)",Brooklyn,40.68963,-73.92227,8.0,17.8066,1,6.0,1,1,0,0
2025-05-05 01:00:00,96,Kosciuszko St (J),Brooklyn,40.69334,-73.92882,7.0,20.045,1,6.0,1,1,0,0
2025-05-05 01:00:00,97,"Myrtle Av (M,J,Z)",Brooklyn,40.69721,-73.93565,45.0,48.8027,1,9.0,1,1,0,0
2025-05-05 01:00:00,98,"Flushing Av (M,J)",Brooklyn,40.70026,-73.941124,12.0,18.3827,1,6.0,1,1,0,0
2025-05-05 01:00:00,99,"Lorimer St (M,J)",Brooklyn,40.70387,-73.94741,4.0,5.5637,1,6.0,1,1,0,0
2025-05-05 01:00:00,100,"Hewes St (M,J)",Brooklyn,40.70687,-73.95343,28.0,4.4118,1,3.0,1,1,0,0
2025-05-05 01:00:00,101,"Marcy Av (M,J,Z)",Brooklyn,40.70836,-73.957756,6.0,20.658,1,,0,1,0,0
2025-05-05 01:00:00,107,"Broad St (J,Z)",Manhattan,40.706474,-74.011055,2.0,6.7251,1,,0,1,0,0
2025-05-05 01:00:00,108,Middle Village-Metropolitan Av (M),Queens,40.711395,-73.8896,1.0,6.4167,1,3.0,1,1,0,0
2025-05-05 01:00:00,109,Fresh Pond Rd (M),Queens,40.706184,-73.895874,5.0,16.9498,1,6.0,1,1,0,0
2025-05-05 01:00:00,110,Forest Av (M),Queens,40.704422,-73.903076,1.0,8.2135,1,6.0,1,1,0,0
2025-05-05 01:00:00,111,Seneca Av (M),Queens,40.702763,-73.90774,2.0,12.0039,1,6.0,1,1,0,0
2025-05-05 01:00:00,113,Knickerbocker Av (M),Brooklyn,40.698666,-73.91971,5.0,9.3679,1,6.0,1,1,0,0
2025-05-05 01:00:00,114,Central Av (M),Brooklyn,40.697857,-73.9274,4.0,15.0202,1,6.0,1,1,0,0
2025-05-05 01:00:00,118,3 Av (L),Manhattan,40.73285,-73.98612,39.0,7.4843,1,8.0,1,1,0,0
2025-05-05 01:00:00,119,1 Av (L),Manhattan,40.730953,-73.98163,67.0,48.4916,1,8.0,1,1,0,0
2025-05-05 01:00:00,120,Bedford Av (L),Brooklyn,40.717304,-73.95687,73.0,58.4681,1,7.0,1,1,0,0
2025-05-05 01:00:00,122,Graham Av (L),Brooklyn,40.714565,-73.94405,10.0,23.5056,1,7.0,1,1,0,0
2025-05-05 01:00:00,123,Grand St (L),Brooklyn,40.711926,-73.94067,9.0,21.1613,1,7.0,1,1,0,0
2025-05-05 01:00:00,124,Montrose Av (L),Brooklyn,40.70774,-73.93985,13.0,26.2366,1,7.0,1,1,0,0
2025-05-05 01:00:00,125,Morgan Av (L),Brooklyn,40.706154,-73.93314,10.0,34.7934,1,7.0,1,1,0,0
2025-05-05 01:00:00,126,Jefferson St (L),Brooklyn,40.706608,-73.92291,23.0,38.4827,1,7.0,1,1,0,0
2025-05-05 01:00:00,127,DeKalb Av (L),Brooklyn,40.70381,-73.91843,22.0,61.3034,1,7.0,1,1,0,0
2025-05-05 01:00:00,129,Halsey St (L),Queens,40.695602,-73.90408,6.0,44.917,1,7.0,1,1,0,0
2025-05-05 01:00:00,130,Wilson Av (L),Brooklyn,40.688763,-73.904045,3.0,25.7,1,7.0,1,1,0,0
2025-05-05 01:00:00,131,Bushwick Av-Aberdeen St (L),Brooklyn,40.68283,-73.90525,1.0,13.0375,1,6.0,1,1,0,0
2025-05-05 01:00:00,133,Atlantic Av (L),Brooklyn,40.675346,-73.9031,8.0,9.8701,1,6.0,1,1,0,0
2025-05-05 01:00:00,134,Sutter Av (L),Brooklyn,40.66937,-73.90198,4.0,7.1624,1,6.0,1,1,0,0
2025-05-05 01:00:00,135,Livonia Av (L),Brooklyn,40.66404,-73.90057,2.0,10.9209,1,6.0,1,1,0,0
2025-05-05 01:00:00,136,New Lots Av (L),Brooklyn,40.658733,-73.89923,9.0,9.4215,1,6.0,1,1,0,0
2025-05-05 01:00:00,137,East 105 St (L),Brooklyn,40.650574,-73.89948,2.0,13.6844,1,6.0,1,1,0,0
2025-05-05 01:00:00,138,Canarsie-Rockaway Pkwy (L),Brooklyn,40.646652,-73.90185,9.0,27.4947,1,3.0,1,1,0,0
2025-05-05 01:00:00,143,Inwood-207 St (A),Manhattan,40.868073,-73.9199,21.0,27.8252,1,3.0,1,1,0,0
2025-05-05 01:00:00,144,Dyckman St (A),Manhattan,40.86549,-73.92727,12.0,18.8647,1,3.0,1,1,0,0
2025-05-05 01:00:00,145,190 St (A),Manhattan,40.85902,-73.93418,6.0,11.1934,1,3.0,1,1,0,0
2025-05-05 01:00:00,146,181 St (A),Manhattan,40.851696,-73.937965,5.0,30.8175,1,3.0,1,1,0,0
2025-05-05 01:00:00,147,175 St (A),Manhattan,40.84739,-73.939705,11.0,30.8412,1,3.0,1,1,0,0
2025-05-05 01:00:00,149,163 St-Amsterdam Av (C),Manhattan,40.836014,-73.939896,3.0,16.5672,1,3.0,1,1,0,0
2025-05-05 01:00:00,150,155 St (C),Manhattan,40.830517,-73.94151,2.0,13.0833,1,3.0,1,1,0,0
2025-05-05 01:00:00,151,"145 St (A,C,B,D)",Manhattan,40.824783,-73.944214,33.0,92.9633,1,,0,1,0,0
2025-05-05 01:00:00,152,"135 St (C,B)",Manhattan,40.817894,-73.94765,7.0,17.6539,1,3.0,1,1,0,0
2025-05-05 01:00:00,153,"125 St (A,C,B,D)",Manhattan,40.811108,-73.95235,42.0,72.7515,1,6.0,1,1,0,0
2025-05-05 01:00:00,154,"116 St (C,B)",Manhattan,40.805084,-73.95488,7.0,19.0886,1,3.0,1,1,0,0
2025-05-05 01:00:00,155,"Cathedral Pkwy (110 St) (C,B)",Manhattan,40.800602,-73.95816,8.0,28.4737,1,3.0,1,1,0,0
2025-05-05 01:00:00,156,"103 St (C,B)",Manhattan,40.796093,-73.96146,4.0,16.8454,1,3.0,1,1,0,0
2025-05-05 01:00:00,157,"96 St (C,B)",Manhattan,40.79164,-73.9647,4.0,12.7789,1,3.0,1,1,0,0
2025-05-05 01:00:00,158,"86 St (C,B)",Manhattan,40.78587,-73.96892,6.0,9.201,1,3.0,1,1,0,0
2025-05-05 01:00:00,159,"81 St-Museum of Natural History (C,B)",Manhattan,40.781433,-73.972145,14.0,11.8654,1,3.0,1,1,0,0
2025-05-05 01:00:00,160,"72 St (C,B)",Manhattan,40.775593,-73.97641,3.0,9.1289,1,3.0,1,1,0,0
2025-05-05 01:00:00,162,"50 St (C,E)",Manhattan,40.762455,-73.985985,23.0,47.7895,1,3.0,1,1,0,0
2025-05-05 01:00:00,164,"34 St-Penn Station (A,C,E)",Manhattan,40.75229,-73.99339,170.0,72.1781,1,3.0,1,1,0,0
2025-05-05 01:00:00,165,"23 St (C,E)",Manhattan,40.745907,-73.99804,14.0,22.5058,1,3.0,1,1,0,0
2025-05-05 01:00:00,167,"W 4 St-Wash Sq (A,C,E,B,D,F,M)",Manhattan,40.732338,-74.000496,266.0,52.4445,1,,0,1,0,0
2025-05-05 01:00:00,168,"Spring St (C,E)",Manhattan,40.726227,-74.00374,7.0,8.8379,1,3.0,1,1,0,0
2025-05-05 01:00:00,169,"Canal St (A,C,E)",Manhattan,40.720825,-74.005226,26.0,19.4514,1,3.0,1,1,0,0
2025-05-05 01:00:00,173,"High St (A,C)",Brooklyn,40.699337,-73.99053,12.0,11.2078,1,3.0,1,1,0,0
2025-05-05 01:00:00,175,"Hoyt-Schermerhorn Sts (A,C,G)",Brooklyn,40.688484,-73.985,20.0,15.3277,1,6.0,1,1,0,0
2025-05-05 01:00:00,176,Lafayette Av (C),Brooklyn,40.68611,-73.973946,13.0,8.6815,1,3.0,1,1,0,0
2025-05-05 01:00:00,177,Clinton-Washington Avs (C),Brooklyn,40.68326,-73.965836,4.0,12.7723,1,3.0,1,1,0,0
2025-05-05 01:00:00,179,"Nostrand Av (A,C)",Brooklyn,40.68044,-73.950424,16.0,58.0497,1,3.0,1,1,0,0
2025-05-05 01:00:00,180,Kingston-Throop Avs (C),Brooklyn,40.67992,-73.94086,13.0,29.9927,1,3.0,1,1,0,0
2025-05-05 01:00:00,181,"Utica Av (A,C)",Brooklyn,40.679363,-73.93073,25.0,61.9586,1,3.0,1,1,0,0
2025-05-05 01:00:00,182,Ralph Av (C),Brooklyn,40.67882,-73.920784,6.0,22.6987,1,3.0,1,1,0,0
2025-05-05 01:00:00,183,Rockaway Av (C),Brooklyn,40.67834,-73.91195,9.0,23.1759,1,3.0,1,1,0,0
2025-05-05 01:00:00,185,Liberty Av (C),Brooklyn,40.67454,-73.896545,3.0,7.9949,1,3.0,1,1,0,0
2025-05-05 01:00:00,186,Van Siclen Av (C),Brooklyn,40.67271,-73.89036,2.0,10.9852,1,2.0,1,1,0,0
2025-05-05 01:00:00,187,Shepherd Av (C),Brooklyn,40.67413,-73.88075,2.0,9.8089,1,2.0,1,1,0,0
2025-05-05 01:00:00,188,"Euclid Av (A,C)",Brooklyn,40.675377,-73.87211,19.0,41.3427,1,5.0,1,1,0,0
2025-05-05 01:00:00,189,Grant Av (A),Brooklyn,40.677044,-73.86505,9.0,22.5879,1,8.0,1,1,0,0
2025-05-05 01:00:00,190,80 St (A),Queens,40.67937,-73.85899,7.0,29.6472,1,8.0,1,1,0,0
2025-05-05 01:00:00,191,88 St (A),Queens,40.679844,-73.85147,1.0,10.8168,1,8.0,1,1,0,0
2025-05-05 01:00:00,192,Rockaway Blvd (A),Queens,40.680428,-73.84386,18.0,15.616,1,8.0,1,1,0,0
2025-05-05 01:00:00,193,104 St (A),Queens,40.68171,-73.837685,1.0,3.7233,1,6.0,1,1,0,0
2025-05-05 01:00:00,195,Ozone Park-Lefferts Blvd (A),Queens,40.68595,-73.8258,10.0,14.4626,1,3.0,1,1,0,0
2025-05-05 01:00:00,196,Aqueduct Racetrack (A),Queens,40.672096,-73.83592,8.0,3.883,1,,0,1,0,0
2025-05-05 01:00:00,197,Aqueduct-N Conduit Av (A),Queens,40.668236,-73.83406,4.0,1.9495,1,1.0,1,1,0,0
2025-05-05 01:00:00,198,Howard Beach-JFK Airport (A),Queens,40.660477,-73.8303,92.0,29.6848,1,,0,1,0,0
2025-05-05 01:00:00,210,Norwood-205 St (D),Bronx,40.87481,-73.87885,10.0,19.729,1,3.0,1,1,0,0
2025-05-05 01:00:00,211,"Bedford Park Blvd (B,D)",Bronx,40.873245,-73.88714,14.0,13.8351,1,3.0,1,1,0,0
2025-05-05 01:00:00,212,"Kingsbridge Rd (B,D)",Bronx,40.866978,-73.89351,9.0,26.6227,1,3.0,1,1,0,0
2025-05-05 01:00:00,213,"Fordham Rd (B,D)",Bronx,40.861298,-73.89775,14.0,33.5482,1,3.0,1,1,0,0
2025-05-05 01:00:00,214,"182-183 Sts (B,D)",Bronx,40.856094,-73.90074,6.0,19.6685,1,3.0,1,1,0,0
2025-05-05 01:00:00,215,"Tremont Av (B,D)",Bronx,40.85041,-73.90523,10.0,28.4432,1,3.0,1,1,0,0
2025-05-05 01:00:00,216,"174-175 Sts (B,D)",Bronx,40.8459,-73.91013,4.0,14.9619,1,3.0,1,1,0,0
2025-05-05 01:00:00,217,"170 St (B,D)",Bronx,40.839306,-73.9134,6.0,21.7217,1,3.0,1,1,0,0
2025-05-05 01:00:00,218,"167 St (B,D)",Bronx,40.83377,-73.91844,11.0,32.1671,1,3.0,1,1,0,0
2025-05-05 01:00:00,220,"155 St (B,D)",Manhattan,40.830135,-73.93821,4.0,8.0727,1,3.0,1,1,0,0
2025-05-05 01:00:00,221,21 St-Queensbridge (M),Queens,40.754204,-73.94283,14.0,41.3297,1,4.0,1,1,0,0
2025-05-05 01:00:00,222,Roosevelt Island (M),Manhattan,40.759144,-73.95326,3.0,21.0628,1,4.0,1,1,0,0
2025-05-05 01:00:00,223,"Lexington Av/63 St (M,Q)",Manhattan,40.76463,-73.96611,23.0,21.9301,1,7.0,1,1,0,0
2025-05-05 01:00:00,224,57 St (M),Manhattan,40.763973,-73.97745,22.0,12.6825,1,4.0,1,1,0,0
2025-05-05 01:00:00,225,"47-50 Sts-Rockefeller Ctr (B,D,F,M)",Manhattan,40.758663,-73.98133,103.0,28.1859,1,10.0,1,1,0,0
2025-05-05 01:00:00,228,"23 St (F,M)",Manhattan,40.742878,-73.99282,28.0,19.0609,1,8.0,1,1,0,0
2025-05-05 01:00:00,231,"Grand St (B,D)",Manhattan,40.718266,-73.99375,26.0,25.5678,1,3.0,1,1,0,0
2025-05-05 01:00:00,232,2 Av (F),Manhattan,40.7234,-73.98994,57.0,24.9293,1,5.0,1,1,0,0
2025-05-05 01:00:00,234,East Broadway (F),Manhattan,40.713715,-73.99017,16.0,18.6489,1,3.0,1,1,0,0
2025-05-05 01:00:00,235,York St (F),Brooklyn,40.701397,-73.98675,9.0,19.2429,1,3.0,1,1,0,0
2025-05-05 01:00:00,236,"Bergen St (F,G)",Brooklyn,40.686146,-73.99086,5.0,7.974200000000001,1,3.0,1,1,0,0
2025-05-05 01:00:00,237,"Carroll St (F,G)",Brooklyn,40.6803,-73.99505,5.0,10.823,1,3.0,1,1,0,0
2025-05-05 01:00:00,238,"Smith-9 Sts (F,G)",Brooklyn,40.67358,-73.99596,1.0,7.541,1,3.0,1,1,0,0
2025-05-05 01:00:00,240,"7 Av (F,G)",Brooklyn,40.66627,-73.98031,2.0,13.1429,1,3.0,1,1,0,0
2025-05-05 01:00:00,241,"15 St-Prospect Park (F,G)",Brooklyn,40.660366,-73.97949,2.0,10.4538,1,3.0,1,1,0,0
2025-05-05 01:00:00,242,"Fort Hamilton Pkwy (F,G)",Brooklyn,40.650784,-73.97578,2.0,7.5881,1,3.0,1,1,0,0
2025-05-05 01:00:00,243,"Church Av (F,G)",Brooklyn,40.64404,-73.979675,18.0,26.8643,1,3.0,1,1,0,0
2025-05-05 01:00:00,244,Ditmas Av (F),Brooklyn,40.63612,-73.97817,1.0,11.8238,1,3.0,1,1,0,0
2025-05-05 01:00:00,245,18 Av (F),Brooklyn,40.629753,-73.976974,5.0,6.4339,1,3.0,1,1,0,0
2025-05-05 01:00:00,247,Bay Pkwy (F),Brooklyn,40.62077,-73.975266,1.0,2.7986,1,2.0,1,1,0,0
2025-05-05 01:00:00,248,Avenue N (F),Brooklyn,40.61514,-73.9742,1.0,5.3795,1,2.0,1,1,0,0
2025-05-05 01:00:00,249,Avenue P (F),Brooklyn,40.608944,-73.97302,1.0,5.0141,1,2.0,1,1,0,0
2025-05-05 01:00:00,250,Kings Hwy (F),Brooklyn,40.603218,-73.97236,6.0,7.6201,1,2.0,1,1,0,0
2025-05-05 01:00:00,251,Avenue U (F),Brooklyn,40.59606,-73.97336,3.0,2.9497,1,2.0,1,1,0,0
2025-05-05 01:00:00,252,Avenue X (F),Brooklyn,40.58962,-73.97425,1.0,9.2134,1,1.0,1,1,0,0
2025-05-05 01:00:00,253,Neptune Av (F),Brooklyn,40.581013,-73.97457,3.0,0.9446,1,1.0,1,1,0,0
2025-05-05 01:00:00,254,Jamaica-179 St (F),Queens,40.712646,-73.78381,29.0,48.24,1,3.0,1,1,0,0
2025-05-05 01:00:00,255,169 St (F),Queens,40.71047,-73.7936,7.0,36.9382,1,3.0,1,1,0,0
2025-05-05 01:00:00,256,Parsons Blvd (F),Queens,40.707565,-73.80333,13.0,21.7306,1,3.0,1,1,0,0
2025-05-05 01:00:00,257,Sutphin Blvd (F),Queens,40.70546,-73.81071,5.0,18.1272,1,3.0,1,1,0,0
2025-05-05 01:00:00,258,"Briarwood (E,F)",Queens,40.70918,-73.82057,7.0,17.2861,1,6.0,1,1,0,0
2025-05-05 01:00:00,259,"Kew Gardens-Union Tpke (E,F)",Queens,40.71444,-73.83101,40.0,35.0144,1,6.0,1,1,0,0
2025-05-05 01:00:00,260,"75 Av (E,F)",Queens,40.71833,-73.837326,7.0,4.577,1,6.0,1,1,0,0
2025-05-05 01:00:00,261,"Forest Hills-71 Av (E,F,M,R)",Queens,40.72169,-73.84452,23.0,32.6295,1,6.0,1,1,0,0
2025-05-05 01:00:00,262,"67 Av (M,R)",Queens,40.726524,-73.85272,4.0,9.6833,1,6.0,1,1,0,0
2025-05-05 01:00:00,263,"63 Dr-Rego Park (M,R)",Queens,40.729847,-73.8616,10.0,29.4605,1,6.0,1,1,0,0
2025-05-05 01:00:00,264,"Woodhaven Blvd (M,R)",Queens,40.733105,-73.86923,13.0,42.3148,1,6.0,1,1,0,0
2025-05-05 01:00:00,265,"Grand Av-Newtown (M,R)",Queens,40.737015,-73.87722,10.0,50.5523,1,6.0,1,1,0,0
2025-05-05 01:00:00,266,"Elmhurst Av (M,R)",Queens,40.742455,-73.88202,5.0,48.1086,1,6.0,1,1,0,0
2025-05-05 01:00:00,268,"65 St (M,R)",Queens,40.74967,-73.89845,1.0,15.5279,1,6.0,1,1,0,0
2025-05-05 01:00:00,269,"Northern Blvd (M,R)",Queens,40.752884,-73.906006,6.0,17.1461,1,7.0,1,1,0,0
2025-05-05 01:00:00,270,"46 St (M,R)",Queens,40.756313,-73.91333,5.0,21.4086,1,7.0,1,1,0,0
2025-05-05 01:00:00,271,"Steinway St (M,R)",Queens,40.756878,-73.92074,14.0,32.715,1,7.0,1,1,0,0
2025-05-05 01:00:00,272,"36 St (M,R)",Queens,40.75204,-73.92878,12.0,7.8726,1,7.0,1,1,0,0
2025-05-05 01:00:00,273,"Queens Plaza (E,F,R)",Queens,40.748974,-73.93724,7.0,29.2295,1,3.0,1,1,0,0
2025-05-05 01:00:00,276,"5 Av/53 St (E,F)",Manhattan,40.760166,-73.97523,1.0,5.1926000000000005,1,3.0,1,1,0,0
2025-05-05 01:00:00,277,"7 Av (E,B,D)",Manhattan,40.762863,-73.981636,29.0,22.8669,1,3.0,1,1,0,0
2025-05-05 01:00:00,278,"Jamaica Center-Parsons/Archer (E,J,Z)",Queens,40.70215,-73.80111,68.0,69.985,1,6.0,1,1,0,0
2025-05-05 01:00:00,279,"Sutphin Blvd-Archer Av-JFK Airport (E,J,Z)",Queens,40.700485,-73.80797,115.0,71.3442,1,7.0,1,1,0,0
2025-05-05 01:00:00,280,Jamaica-Van Wyck (E),Queens,40.702564,-73.81686,3.0,11.4717,1,3.0,1,1,0,0
2025-05-05 01:00:00,282,21 St (G),Queens,40.744064,-73.94972,2.0,4.6344,1,6.0,1,1,0,0
2025-05-05 01:00:00,283,Greenpoint Av (G),Brooklyn,40.731354,-73.95445,9.0,15.5698,1,6.0,1,1,0,0
2025-05-05 01:00:00,284,Nassau Av (G),Brooklyn,40.724636,-73.95128,8.0,18.6484,1,6.0,1,1,0,0
2025-05-05 01:00:00,286,Broadway (G),Brooklyn,40.706093,-73.95031,16.0,11.7319,1,6.0,1,1,0,0
2025-05-05 01:00:00,287,Flushing Av (G),Brooklyn,40.70038,-73.95023,15.0,9.1054,1,6.0,1,1,0,0
2025-05-05 01:00:00,288,Myrtle-Willoughby Avs (G),Brooklyn,40.69457,-73.94904,10.0,17.317,1,6.0,1,1,0,0
2025-05-05 01:00:00,289,Bedford-Nostrand Avs (G),Brooklyn,40.68963,-73.95352,12.0,32.2447,1,6.0,1,1,0,0
2025-05-05 01:00:00,290,Classon Av (G),Brooklyn,40.688873,-73.96007,3.0,11.4543,1,6.0,1,1,0,0
2025-05-05 01:00:00,291,Clinton-Washington Avs (G),Brooklyn,40.688087,-73.96684,3.0,7.5493,1,6.0,1,1,0,0
2025-05-05 01:00:00,292,Fulton St (G),Brooklyn,40.68712,-73.97537,4.0,5.9776,1,6.0,1,1,0,0
2025-05-05 01:00:00,293,Van Cortlandt Park-242 St (1),Bronx,40.889248,-73.89858,7.0,14.082,1,3.0,1,1,0,0
2025-05-05 01:00:00,294,238 St (1),Bronx,40.884666,-73.90087,5.0,8.869299999999999,1,3.0,1,1,0,0
2025-05-05 01:00:00,295,231 St (1),Bronx,40.878857,-73.90483,6.0,15.3451,1,3.0,1,1,0,0
2025-05-05 01:00:00,296,Marble Hill-225 St (1),Manhattan,40.87456,-73.90983,2.0,11.8285,1,3.0,1,1,0,0
2025-05-05 01:00:00,297,215 St (1),Manhattan,40.869446,-73.915276,4.0,3.1406,1,3.0,1,1,0,0
2025-05-05 01:00:00,298,207 St (1),Manhattan,40.86462,-73.91882,9.0,16.6964,1,3.0,1,1,0,0
2025-05-05 01:00:00,299,Dyckman St (1),Manhattan,40.86053,-73.92554,16.0,17.4784,1,4.0,1,1,0,0
2025-05-05 01:00:00,300,191 St (1),Manhattan,40.855225,-73.92941,6.0,28.5194,1,4.0,1,1,0,0
2025-05-05 01:00:00,301,181 St (1),Manhattan,40.849506,-73.93359,11.0,35.473600000000005,1,4.0,1,1,0,0
2025-05-05 01:00:00,303,157 St (1),Manhattan,40.83404,-73.94489,9.0,38.9504,1,4.0,1,1,0,0
2025-05-05 01:00:00,304,145 St (1),Manhattan,40.82655,-73.95036,12.0,46.7601,1,4.0,1,1,0,0
2025-05-05 01:00:00,305,137 St-City College (1),Manhattan,40.822006,-73.953674,17.0,51.6701,1,4.0,1,1,0,0
2025-05-05 01:00:00,306,125 St (1),Manhattan,40.815582,-73.958374,11.0,21.4543,1,4.0,1,1,0,0
2025-05-05 01:00:00,307,116 St-Columbia University (1),Manhattan,40.80772,-73.96411,11.0,20.9233,1,4.0,1,1,0,0
2025-05-05 01:00:00,308,Cathedral Pkwy (110 St) (1),Manhattan,40.803967,-73.96685,12.0,33.6896,1,4.0,1,1,0,0
2025-05-05 01:00:00,309,103 St (1),Manhattan,40.799446,-73.968376,16.0,42.4566,1,4.0,1,1,0,0
2025-05-05 01:00:00,310,"96 St (1,2,3)",Manhattan,40.79392,-73.97232,43.0,67.1369,1,13.0,1,1,0,0
2025-05-05 01:00:00,311,86 St (1),Manhattan,40.788643,-73.97622,23.0,27.304,1,7.0,1,1,0,0
2025-05-05 01:00:00,312,79 St (1),Manhattan,40.783936,-73.97992,20.0,14.6163,1,8.0,1,1,0,0
2025-05-05 01:00:00,313,"72 St (1,2,3)",Manhattan,40.778454,-73.98197,58.0,42.5866,1,14.0,1,1,0,0
2025-05-05 01:00:00,314,66 St-Lincoln Center (1),Manhattan,40.77344,-73.98221,46.0,15.3531,1,8.0,1,1,0,0
2025-05-05 01:00:00,316,50 St (1),Manhattan,40.761726,-73.98385,69.0,31.7535,1,8.0,1,1,0,0
2025-05-05 01:00:00,318,"34 St-Penn Station (1,2,3)",Manhattan,40.750374,-73.99106,164.0,62.257,1,11.0,1,1,0,0
2025-05-05 01:00:00,319,28 St (1),Manhattan,40.747215,-73.99336,21.0,23.3283,1,8.0,1,1,0,0
2025-05-05 01:00:00,320,23 St (1),Manhattan,40.74408,-73.99566,36.0,17.357,1,8.0,1,1,0,0
2025-05-05 01:00:00,321,18 St (1),Manhattan,40.74104,-73.99787,16.0,6.3654,1,8.0,1,1,0,0
2025-05-05 01:00:00,323,Christopher St-Stonewall (1),Manhattan,40.73342,-74.00291,70.0,12.3547,1,8.0,1,1,0,0
2025-05-05 01:00:00,324,Houston St (1),Manhattan,40.728252,-74.00536,31.0,8.3153,1,8.0,1,1,0,0
2025-05-05 01:00:00,325,Canal St (1),Manhattan,40.722855,-74.00628,12.0,5.555499999999999,1,8.0,1,1,0,0
2025-05-05 01:00:00,326,Franklin St (1),Manhattan,40.71932,-74.00689,7.0,4.5247,1,8.0,1,1,0,0
2025-05-05 01:00:00,327,"Chambers St (1,2,3)",Manhattan,40.715477,-74.00927,15.0,9.6529,1,9.0,1,1,0,0
2025-05-05 01:00:00,328,WTC Cortlandt (1),Manhattan,40.711834,-74.01219,6.0,19.2822,1,7.0,1,1,0,0
2025-05-05 01:00:00,329,Rector St (1),Manhattan,40.70751,-74.01379,5.0,11.7714,1,6.0,1,1,0,0
2025-05-05 01:00:00,333,"Wall St (2,3)",Manhattan,40.70682,-74.0091,10.0,18.8074,1,3.0,1,1,0,0
2025-05-05 01:00:00,334,"Clark St (2,3)",Brooklyn,40.697468,-73.99309,1.0,9.0554,1,3.0,1,1,0,0
2025-05-05 01:00:00,336,"Hoyt St (2,3)",Brooklyn,40.690544,-73.98506,16.0,11.7772,1,3.0,1,1,0,0
2025-05-05 01:00:00,337,"Nevins St (2,3,4,5)",Brooklyn,40.688248,-73.98049,13.0,11.7225,1,5.0,1,1,0,0
2025-05-05 01:00:00,339,"Bergen St (2,3)",Brooklyn,40.68083,-73.9751,7.0,7.918,1,5.0,1,1,0,0
2025-05-05 01:00:00,340,"Grand Army Plaza (2,3)",Brooklyn,40.675236,-73.97105,5.0,11.9416,1,5.0,1,1,0,0
2025-05-05 01:00:00,341,"Eastern Pkwy-Brooklyn Museum (2,3)",Brooklyn,40.671986,-73.96438,6.0,5.5527,1,5.0,1,1,0,0
2025-05-05 01:00:00,343,Nostrand Av (3),Brooklyn,40.669846,-73.95046,6.0,7.2974,1,3.0,1,1,0,0
2025-05-05 01:00:00,344,Kingston Av (3),Brooklyn,40.6694,-73.94216,10.0,8.8753,1,3.0,1,1,0,0
2025-05-05 01:00:00,345,"Crown Hts-Utica Av (3,4)",Brooklyn,40.668896,-73.932945,16.0,67.7948,1,3.0,1,1,0,0
2025-05-05 01:00:00,346,Sutter Av-Rutland Rd (3),Brooklyn,40.66472,-73.92261,9.0,18.51,1,3.0,1,1,0,0
2025-05-05 01:00:00,347,Saratoga Av (3),Brooklyn,40.661453,-73.91633,6.0,16.5735,1,3.0,1,1,0,0
2025-05-05 01:00:00,348,Rockaway Av (3),Brooklyn,40.662548,-73.90894,4.0,10.0842,1,3.0,1,1,0,0
2025-05-05 01:00:00,349,Junius St (3),Brooklyn,40.663513,-73.90245,4.0,7.1188,1,3.0,1,1,0,0
2025-05-05 01:00:00,350,Pennsylvania Av (3),Brooklyn,40.664635,-73.8949,2.0,11.4465,1,3.0,1,1,0,0
2025-05-05 01:00:00,351,Van Siclen Av (3),Brooklyn,40.665447,-73.8894,1.0,8.898299999999999,1,3.0,1,1,0,0
2025-05-05 01:00:00,352,New Lots Av (3),Brooklyn,40.666237,-73.88408,16.0,14.8729,1,1.0,1,1,0,0
2025-05-05 01:00:00,353,"President St-Medgar Evers College (2,5)",Brooklyn,40.667885,-73.95068,1.0,10.5876,1,2.0,1,1,0,0
2025-05-05 01:00:00,354,"Sterling St (2,5)",Brooklyn,40.662743,-73.95085,2.0,14.8092,1,2.0,1,1,0,0
2025-05-05 01:00:00,355,"Winthrop St (2,5)",Brooklyn,40.65665,-73.9502,6.0,15.2615,1,2.0,1,1,0,0
2025-05-05 01:00:00,356,"Church Av (2,5)",Brooklyn,40.650845,-73.94958,6.0,30.5296,1,1.0,1,1,0,0
2025-05-05 01:00:00,358,"Newkirk Av-Little Haiti (2,5)",Brooklyn,40.63997,-73.94841,7.0,29.0626,1,1.0,1,1,0,0
2025-05-05 01:00:00,359,"Flatbush Av-Brooklyn College (2,5)",Brooklyn,40.632835,-73.94764,32.0,47.685,1,,0,1,0,0
2025-05-05 01:00:00,360,Pelham Bay Park (6),Bronx,40.852463,-73.82812,12.0,8.2321,1,3.0,1,1,0,0
2025-05-05 01:00:00,361,Buhre Av (6),Bronx,40.84681,-73.832565,1.0,6.8477,1,3.0,1,1,0,0
2025-05-05 01:00:00,362,Middletown Rd (6),Bronx,40.843864,-73.83632,3.0,3.834,1,3.0,1,1,0,0
2025-05-05 01:00:00,363,Westchester Sq-E Tremont Av (6),Bronx,40.839893,-73.84295,8.0,9.4238,1,3.0,1,1,0,0
2025-05-05 01:00:00,364,Zerega Av (6),Bronx,40.836487,-73.84704,2.0,10.7252,1,3.0,1,1,0,0
2025-05-05 01:00:00,365,Castle Hill Av (6),Bronx,40.834255,-73.85122,7.0,24.5247,1,3.0,1,1,0,0
2025-05-05 01:00:00,366,Parkchester (6),Bronx,40.833225,-73.86082,14.0,41.4111,1,3.0,1,1,0,0
2025-05-05 01:00:00,367,St Lawrence Av (6),Bronx,40.83151,-73.867615,3.0,19.1587,1,,0,1,0,0
2025-05-05 01:00:00,368,Morrison Av-Soundview (6),Bronx,40.82952,-73.87452,6.0,23.0043,1,,0,1,0,0
2025-05-05 01:00:00,369,Elder Av (6),Bronx,40.828583,-73.87916,8.0,36.268,1,,0,1,0,0
2025-05-05 01:00:00,370,Whitlock Av (6),Bronx,40.826527,-73.886284,2.0,4.6159,1,,0,1,0,0
2025-05-05 01:00:00,371,Hunts Point Av (6),Bronx,40.82095,-73.89055,13.0,28.745,1,3.0,1,1,0,0
2025-05-05 01:00:00,372,Longwood Av (6),Bronx,40.816105,-73.89644,4.0,10.6075,1,3.0,1,1,0,0
2025-05-05 01:00:00,373,E 149 St (6),Bronx,40.81212,-73.9041,4.0,12.615,1,3.0,1,1,0,0
2025-05-05 01:00:00,374,E 143 St-St Mary's St (6),Bronx,40.80872,-73.90765,1.0,6.8836,1,4.0,1,1,0,0
2025-05-05 01:00:00,376,Brook Av (6),Bronx,40.807568,-73.91924,9.0,18.4998,1,4.0,1,1,0,0
2025-05-05 01:00:00,377,3 Av-138 St (6),Bronx,40.810474,-73.92614,11.0,29.5869,1,4.0,1,1,0,0
2025-05-05 01:00:00,378,Woodlawn (4),Bronx,40.886036,-73.87875,8.0,13.7821,1,3.0,1,1,0,0
2025-05-05 01:00:00,379,Mosholu Pkwy (4),Bronx,40.87975,-73.88466,2.0,16.5931,1,3.0,1,1,0,0
2025-05-05 01:00:00,380,Bedford Park Blvd-Lehman College (4),Bronx,40.873413,-73.89006,5.0,9.9918,1,3.0,1,1,0,0
2025-05-05 01:00:00,381,Kingsbridge Rd (4),Bronx,40.86776,-73.89717,6.0,18.5725,1,3.0,1,1,0,0
2025-05-05 01:00:00,382,Fordham Rd (4),Bronx,40.862804,-73.90103,12.0,33.1316,1,3.0,1,1,0,0
2025-05-05 01:00:00,383,183 St (4),Bronx,40.858406,-73.90388,10.0,16.798000000000002,1,3.0,1,1,0,0
2025-05-05 01:00:00,384,Burnside Av (4),Bronx,40.853455,-73.907684,9.0,24.4405,1,3.0,1,1,0,0
2025-05-05 01:00:00,385,176 St (4),Bronx,40.84848,-73.9118,3.0,19.5731,1,3.0,1,1,0,0
2025-05-05 01:00:00,386,Mt Eden Av (4),Bronx,40.844433,-73.91469,2.0,14.4316,1,3.0,1,1,0,0
2025-05-05 01:00:00,387,170 St (4),Bronx,40.840076,-73.91779,4.0,21.0583,1,3.0,1,1,0,0
2025-05-05 01:00:00,388,167 St (4),Bronx,40.835537,-73.9214,9.0,33.2894,1,3.0,1,1,0,0
2025-05-05 01:00:00,391,"138 St-Grand Concourse (4,5)",Bronx,40.813225,-73.92985,6.0,10.7187,1,3.0,1,1,0,0
2025-05-05 01:00:00,392,"125 St (4,5,6)",Manhattan,40.80414,-73.93759,50.0,62.7239,1,7.0,1,1,0,0
2025-05-05 01:00:00,393,116 St (6),Manhattan,40.79863,-73.94162,16.0,43.8911,1,7.0,1,1,0,0
2025-05-05 01:00:00,394,110 St (6),Manhattan,40.79502,-73.94425,13.0,26.8883,1,7.0,1,1,0,0
2025-05-05 01:00:00,395,103 St (6),Manhattan,40.7906,-73.94748,12.0,33.1805,1,7.0,1,1,0,0
2025-05-05 01:00:00,396,96 St (6),Manhattan,40.78567,-73.95107,15.0,15.5142,1,8.0,1,1,0,0
2025-05-05 01:00:00,397,"86 St (4,5,6)",Manhattan,40.77949,-73.95559,51.0,33.3728,1,8.0,1,1,0,0
2025-05-05 01:00:00,398,77 St (6),Manhattan,40.77362,-73.95988,23.0,17.8943,1,9.0,1,1,0,0
2025-05-05 01:00:00,399,68 St-Hunter College (6),Manhattan,40.768143,-73.96387,5.0,7.197699999999999,1,8.0,1,1,0,0
2025-05-05 01:00:00,403,33 St (6),Manhattan,40.746082,-73.98208,29.0,25.6641,1,8.0,1,1,0,0
2025-05-05 01:00:00,404,28 St (6),Manhattan,40.74307,-73.98426,31.0,15.975,1,8.0,1,1,0,0
2025-05-05 01:00:00,405,23 St-Baruch College (6),Manhattan,40.739864,-73.9866,35.0,13.9829,1,8.0,1,1,0,0
2025-05-05 01:00:00,407,Astor Pl (6),Manhattan,40.730053,-73.99107,55.0,14.8094,1,9.0,1,1,0,0
2025-05-05 01:00:00,409,Spring St (6),Manhattan,40.7223,-73.99714,14.0,9.3427,1,10.0,1,1,0,0
2025-05-05 01:00:00,413,"Wall St (4,5)",Manhattan,40.707558,-74.01186,10.0,17.6063,1,3.0,1,1,0,0
2025-05-05 01:00:00,414,"Bowling Green (4,5)",Manhattan,40.70482,-74.01407,24.0,22.9263,1,3.0,1,1,0,0
2025-05-05 01:00:00,416,Wakefield-241 St (2),Bronx,40.903126,-73.85062,27.0,10.7769,1,3.0,1,1,0,0
2025-05-05 01:00:00,417,"Nereid Av (2,5)",Bronx,40.89838,-73.85438,1.0,5.9676,1,3.0,1,1,0,0
2025-05-05 01:00:00,418,"233 St (2,5)",Bronx,40.893192,-73.857475,8.0,8.4474,1,3.0,1,1,0,0
2025-05-05 01:00:00,419,"225 St (2,5)",Bronx,40.888023,-73.860344,3.0,5.2216,1,3.0,1,1,0,0
2025-05-05 01:00:00,420,"219 St (2,5)",Bronx,40.883896,-73.86263,3.0,8.4757,1,3.0,1,1,0,0
2025-05-05 01:00:00,421,"Gun Hill Rd (2,5)",Bronx,40.87785,-73.86626,14.0,22.5087,1,3.0,1,1,0,0
2025-05-05 01:00:00,422,"Burke Av (2,5)",Bronx,40.871357,-73.867165,6.0,5.5504,1,3.0,1,1,0,0
2025-05-05 01:00:00,423,"Allerton Av (2,5)",Bronx,40.865463,-73.867355,11.0,12.9391,1,3.0,1,1,0,0
2025-05-05 01:00:00,424,"Pelham Pkwy (2,5)",Bronx,40.857193,-73.867615,13.0,20.5827,1,3.0,1,1,0,0
2025-05-05 01:00:00,425,"Bronx Park East (2,5)",Bronx,40.848827,-73.868454,4.0,11.5089,1,3.0,1,1,0,0
2025-05-05 01:00:00,426,"E 180 St (2,5)",Bronx,40.841892,-73.87349,15.0,34.0234,1,6.0,1,1,0,0
2025-05-05 01:00:00,427,"West Farms Sq-E Tremont Av (2,5)",Bronx,40.840294,-73.88005,8.0,17.9254,1,3.0,1,1,0,0
2025-05-05 01:00:00,428,"174 St (2,5)",Bronx,40.837288,-73.88773,6.0,19.9114,1,3.0,1,1,0,0
2025-05-05 01:00:00,429,"Freeman St (2,5)",Bronx,40.829994,-73.89187,6.0,16.1762,1,3.0,1,1,0,0
2025-05-05 01:00:00,430,"Simpson St (2,5)",Bronx,40.824074,-73.89307,5.0,32.8387,1,3.0,1,1,0,0
2025-05-05 01:00:00,431,"Intervale Av (2,5)",Bronx,40.82218,-73.896736,9.0,12.0766,1,3.0,1,1,0,0
2025-05-05 01:00:00,432,"Prospect Av (2,5)",Bronx,40.819584,-73.90177,10.0,25.8002,1,3.0,1,1,0,0
2025-05-05 01:00:00,433,"Jackson Av (2,5)",Bronx,40.81649,-73.90781,6.0,19.8236,1,3.0,1,1,0,0
2025-05-05 01:00:00,434,"3 Av-149 St (2,5)",Bronx,40.81611,-73.917755,23.0,76.2888,1,3.0,1,1,0,0
2025-05-05 01:00:00,436,Harlem-148 St (3),Manhattan,40.82388,-73.93647,3.0,13.6181,1,3.0,1,1,0,0
2025-05-05 01:00:00,437,145 St (3),Manhattan,40.82042,-73.93625,3.0,8.6643,1,6.0,1,1,0,0
2025-05-05 01:00:00,438,"135 St (2,3)",Manhattan,40.814228,-73.94077,22.0,37.4891,1,9.0,1,1,0,0
2025-05-05 01:00:00,439,"125 St (2,3)",Manhattan,40.807755,-73.945496,28.0,34.8274,1,9.0,1,1,0,0
2025-05-05 01:00:00,440,"116 St (2,3)",Manhattan,40.802097,-73.94962,10.0,31.4444,1,9.0,1,1,0,0
2025-05-05 01:00:00,441,"110 St-Malcolm X Plaza (2,3)",Manhattan,40.799076,-73.95182,6.0,25.2134,1,9.0,1,1,0,0
2025-05-05 01:00:00,442,Eastchester-Dyre Av (5),Bronx,40.8883,-73.83083,4.0,10.2026,1,3.0,1,1,0,0
2025-05-05 01:00:00,443,Baychester Av (5),Bronx,40.878662,-73.83859,3.0,6.8654,1,6.0,1,1,0,0
2025-05-05 01:00:00,444,Gun Hill Rd (5),Bronx,40.869526,-73.84638,3.0,11.1703,1,6.0,1,1,0,0
2025-05-05 01:00:00,445,Pelham Pkwy (5),Bronx,40.858986,-73.85536,2.0,5.3482,1,6.0,1,1,0,0
2025-05-05 01:00:00,447,Flushing-Main St (7),Queens,40.7596,-73.83003,119.0,118.405,1,3.0,1,1,0,0
2025-05-05 01:00:00,448,Mets-Willets Point (7),Queens,40.754623,-73.84563,12.0,10.2154,1,5.0,1,1,0,0
2025-05-05 01:00:00,449,111 St (7),Queens,40.75173,-73.85533,14.0,80.5377,1,3.0,1,1,0,0
2025-05-05 01:00:00,450,103 St-Corona Plaza (7),Queens,40.749866,-73.8627,27.0,123.959,1,3.0,1,1,0,0
2025-05-05 01:00:00,451,Junction Blvd (7),Queens,40.749146,-73.86953,37.0,159.5079,1,6.0,1,1,0,0
2025-05-05 01:00:00,452,90 St-Elmhurst Av (7),Queens,40.74841,-73.87661,25.0,101.5808,1,3.0,1,1,0,0
2025-05-05 01:00:00,453,82 St-Jackson Hts (7),Queens,40.747658,-73.8837,9.0,48.2606,1,3.0,1,1,0,0
2025-05-05 01:00:00,455,69 St (7),Queens,40.746326,-73.8964,9.0,20.9397,1,6.0,1,1,0,0
2025-05-05 01:00:00,456,61 St-Woodside (7),Queens,40.74563,-73.902985,25.0,50.4121,1,6.0,1,1,0,0
2025-05-05 01:00:00,457,52 St (7),Queens,40.74415,-73.91255,6.0,21.2252,1,6.0,1,1,0,0
2025-05-05 01:00:00,458,46 St-Bliss St (7),Queens,40.743134,-73.918434,10.0,49.4204,1,6.0,1,1,0,0
2025-05-05 01:00:00,459,40 St-Lowery St (7),Queens,40.743782,-73.92402,4.0,33.0167,1,6.0,1,1,0,0
2025-05-05 01:00:00,460,33 St-Rawson St (7),Queens,40.744587,-73.931,12.0,11.7455,1,6.0,1,1,0,0
2025-05-05 01:00:00,461,"Queensboro Plaza (7,N,W)",Queens,40.750584,-73.9402,41.0,31.5738,1,6.0,1,1,0,0
2025-05-05 01:00:00,463,Hunters Point Av (7),Queens,40.742214,-73.94891,5.0,16.7503,1,6.0,1,1,0,0
2025-05-05 01:00:00,464,Vernon Blvd-Jackson Av (7),Queens,40.742626,-73.95358,17.0,27.5704,1,7.0,1,1,0,0
2025-05-05 01:00:00,471,34 St-Hudson Yards (7),Manhattan,40.755882,-74.00191,22.0,26.1168,1,4.0,1,1,0,0
2025-05-05 01:00:00,475,96 St (Q),Manhattan,40.784317,-73.94715,10.0,31.1767,1,3.0,1,1,0,0
2025-05-05 01:00:00,476,86 St (Q),Manhattan,40.77789,-73.95179,14.0,33.9896,1,3.0,1,1,0,0
2025-05-05 01:00:00,477,72 St (Q),Manhattan,40.7688,-73.95843,13.0,27.1799,1,3.0,1,1,0,0
2025-05-05 01:00:00,501,St George (SIR),Staten Island,40.64375,-74.07365,15.0,,0,2.0,1,1,0,0
2025-05-05 01:00:00,502,Tompkinsville (SIR),Staten Island,40.636948,-74.07484,4.0,,0,3.0,1,1,0,0
2025-05-05 01:00:00,601,"14 St/6 Av (1,2,3,L,F,M)",Manhattan,40.737797,-73.997734,133.0,49.4281,1,23.0,1,1,0,0
2025-05-05 01:00:00,602,"14 St-Union Sq (4,5,6,L,N,Q,R,W)",Manhattan,40.735065,-73.99042,211.0,89.7493,1,15.0,1,1,0,0
2025-05-05 01:00:00,603,"149 St-Grand Concourse (2,4,5)",Bronx,40.818394,-73.92703,13.0,22.8899,1,3.0,1,1,0,0
2025-05-05 01:00:00,604,"161 St-Yankee Stadium (4,B,D)",Bronx,40.82795,-73.92574,56.0,65.1002,1,6.0,1,1,0,0
2025-05-05 01:00:00,605,"168 St-Washington Hts (1,A,C)",Manhattan,40.840637,-73.93985,18.0,58.4807,1,7.0,1,1,0,0
2025-05-05 01:00:00,606,"Court Sq-23 St (7,E,F,G)",Queens,40.747143,-73.94503,18.0,41.4724,1,12.0,1,1,0,0
2025-05-05 01:00:00,607,"34 St-Herald Sq (B,D,F,M,N,Q,R,W)",Manhattan,40.74964,-73.987885,232.0,106.7815,1,18.0,1,1,0,0
2025-05-05 01:00:00,608,"4 Av-9 St (F,G,R)",Brooklyn,40.67056,-73.989044,13.0,20.6616,1,5.0,1,1,0,0
2025-05-05 01:00:00,609,"42 St-Bryant Pk/5 Av (7,B,D,F,M)",Manhattan,40.75402,-73.98327,118.0,44.7785,1,17.0,1,1,0,0
2025-05-05 01:00:00,610,"Grand Central-42 St (4,5,6,7,S)",Manhattan,40.75199,-73.977356,165.0,112.2979,1,15.0,1,1,0,0
2025-05-05 01:00:00,611,"Times Sq-42 St/Port Authority Bus Terminal (1,2,3,7,A,C,E,N,Q,R,W,S)",Manhattan,40.755745,-73.98758,651.0,257.4653,1,23.0,1,1,0,0
2025-05-05 01:00:00,612,"Lexington Av/51-53 Sts (6,E,F)",Manhattan,40.757328,-73.97049,46.0,51.1862,1,11.0,1,1,0,0
2025-05-05 01:00:00,613,"Lexington Av/59 St (4,5,6,N,R,W)",Manhattan,40.762592,-73.96761,60.0,51.4616,1,11.0,1,1,0,0
2025-05-05 01:00:00,614,"59 St-Columbus Circle (1,A,C,B,D)",Manhattan,40.768272,-73.981834,120.0,72.3928,1,14.0,1,1,0,0
2025-05-05 01:00:00,615,"62 St/New Utrecht Av (D,N)",Brooklyn,40.625656,-73.99663,4.0,13.0725,1,4.0,1,1,0,0
2025-05-05 01:00:00,616,"Jackson Hts-Roosevelt Av/74 St-Broadway (7,E,F,M,R)",Queens,40.746746,-73.891365,136.0,208.9514,1,12.0,1,1,0,0
2025-05-05 01:00:00,617,"Atlantic Av-Barclays Ctr (2,3,4,5,B,D,N,Q,R)",Brooklyn,40.684162,-73.97779,87.0,65.64489999999999,1,20.0,1,1,0,0
2025-05-05 01:00:00,618,"14 St/8 Av (A,C,E,L)",Manhattan,40.740334,-74.00214,115.0,57.6345,1,7.0,1,1,0,0
2025-05-05 01:00:00,619,"Broadway-Lafayette St/Bleecker St (6,B,D,F,M)",Manhattan,40.725605,-73.99543,85.0,33.3781,1,21.0,1,1,0,0
2025-05-05 01:00:00,620,"Borough Hall/Court St (2,3,4,5,R)",Brooklyn,40.69324,-73.99064,19.0,24.7152,1,13.0,1,1,0,0
2025-05-05 01:00:00,621,"Broadway Junction (A,C,J,Z,L)",Brooklyn,40.678898,-73.90436,19.0,31.5142,1,3.0,1,1,0,0
2025-05-05 01:00:00,622,"Brooklyn Bridge-City Hall/Chambers St (4,5,6,J,Z)",Manhattan,40.713154,-74.00377,18.0,19.5133,1,6.0,1,1,0,0
2025-05-05 01:00:00,623,"Canal St (6,J,Z,N,Q,R,W)",Manhattan,40.7187,-74.00058,56.0,36.8512,1,12.0,1,1,0,0
2025-05-05 01:00:00,624,"Chambers St/WTC/Park Place/Cortlandt St (2,3,A,C,E,R,W)",Manhattan,40.712605,-74.00955,45.0,54.7924,1,9.0,1,1,0,0
2025-05-05 01:00:00,625,"Delancey St-Essex St (F,M,J,Z)",Manhattan,40.718464,-73.98778,65.0,49.692,1,3.0,1,1,0,0
2025-05-05 01:00:00,626,"Franklin Av-Medgar Evers College/Botanic Garden (2,3,4,5,S)",Brooklyn,40.670513,-73.95869,13.0,40.6499,1,11.0,1,1,0,0
2025-05-05 01:00:00,627,"Franklin Av (C,S)",Brooklyn,40.68099,-73.95634,11.0,18.623,1,6.0,1,1,0,0
2025-05-05 01:00:00,628,"Fulton St (2,3,4,5,A,C,J,Z)",Manhattan,40.71009,-74.007835,103.0,100.4083,1,6.0,1,1,0,0
2025-05-05 01:00:00,629,"Metropolitan Av/Lorimer St (G,L)",Brooklyn,40.71343,-73.95084,79.0,43.783,1,13.0,1,1,0,0
2025-05-05 01:00:00,630,"Myrtle-Wyckoff Avs (M,L)",Brooklyn,40.699623,-73.91199,29.0,83.6901,1,6.0,1,1,0,0
2025-05-05 01:00:00,635,"Whitehall St-South Ferry (1,R,W)",Manhattan,40.702576,-74.01333,44.0,40.2732,1,9.0,1,1,0,0
2025-05-05 01:00:00,636,"Jay St-MetroTech (A,C,F,R)",Brooklyn,40.69226,-73.98664,53.0,52.5223,1,14.0,1,1,0,0
2025-05-05 02:00:00,1,"Astoria-Ditmars Blvd (N,W)",Queens,40.775036,-73.91203,13.0,20.5755,1,3.0,1,2,0,0
2025-05-05 02:00:00,2,"Astoria Blvd (N,W)",Queens,40.77026,-73.91785,6.0,17.0609,1,3.0,1,2,0,0
2025-05-05 02:00:00,3,"30 Av (N,W)",Queens,40.76678,-73.92148,9.0,21.788,1,3.0,1,2,0,0
2025-05-05 02:00:00,4,"Broadway (N,W)",Queens,40.76182,-73.92551,19.0,14.2109,1,3.0,1,2,0,0
2025-05-05 02:00:00,5,"36 Av (N,W)",Queens,40.756805,-73.92957,10.0,9.0971,1,3.0,1,2,0,0
2025-05-05 02:00:00,8,"5 Av/59 St (N,R,W)",Manhattan,40.764812,-73.97335,3.0,9.2056,1,3.0,1,2,0,0
2025-05-05 02:00:00,9,"57 St-7 Av (N,Q,R,W)",Manhattan,40.764664,-73.98066,35.0,28.1887,1,8.0,1,2,0,0
2025-05-05 02:00:00,10,"49 St (N,R,W)",Manhattan,40.7599,-73.98414,44.0,16.842399999999998,1,8.0,1,2,0,0
2025-05-05 02:00:00,13,"28 St (R,W)",Manhattan,40.745495,-73.98869,21.0,9.7297,1,9.0,1,2,0,0
2025-05-05 02:00:00,14,"23 St (R,W)",Manhattan,40.741302,-73.98934,12.0,9.5435,1,9.0,1,2,0,0
2025-05-05 02:00:00,16,"8 St-NYU (R,W)",Manhattan,40.730328,-73.99263,25.0,11.7091,1,9.0,1,2,0,0
2025-05-05 02:00:00,17,"Prince St (R,W)",Manhattan,40.72433,-73.9977,11.0,5.6654,1,9.0,1,2,0,0
2025-05-05 02:00:00,20,"City Hall (R,W)",Manhattan,40.713284,-74.00698,3.0,2.9575,1,4.0,1,2,0,0
2025-05-05 02:00:00,22,"Rector St (R,W)",Manhattan,40.70722,-74.01334,4.0,2.3722,1,4.0,1,2,0,0
2025-05-05 02:00:00,26,"DeKalb Av (B,Q,R)",Brooklyn,40.690636,-73.98183,20.0,15.3433,1,21.0,1,2,0,0
2025-05-05 02:00:00,28,Union St (R),Brooklyn,40.677315,-73.98311,4.0,3.5341,1,6.0,1,2,0,0
2025-05-05 02:00:00,30,Prospect Av (R),Brooklyn,40.665413,-73.992874,5.0,7.3527,1,7.0,1,2,0,0
2025-05-05 02:00:00,31,25 St (R),Brooklyn,40.660397,-73.99809,5.0,7.510400000000001,1,7.0,1,2,0,0
2025-05-05 02:00:00,32,"36 St (D,N,R)",Brooklyn,40.655144,-74.00355,14.0,30.0596,1,17.0,1,2,0,0
2025-05-05 02:00:00,33,45 St (R),Brooklyn,40.648937,-74.01001,12.0,17.4379,1,12.0,1,2,0,0
2025-05-05 02:00:00,34,53 St (R),Brooklyn,40.64507,-74.01403,10.0,17.8619,1,12.0,1,2,0,0
2025-05-05 02:00:00,35,"59 St (N,R)",Brooklyn,40.64136,-74.01788,13.0,19.0942,1,12.0,1,2,0,0
2025-05-05 02:00:00,36,Bay Ridge Av (R),Brooklyn,40.634968,-74.02338,9.0,14.8607,1,6.0,1,2,0,0
2025-05-05 02:00:00,37,77 St (R),Brooklyn,40.62974,-74.02551,5.0,7.3916,1,6.0,1,2,0,0
2025-05-05 02:00:00,38,86 St (R),Brooklyn,40.62269,-74.0284,11.0,10.5622,1,6.0,1,2,0,0
2025-05-05 02:00:00,39,Bay Ridge-95 St (R),Brooklyn,40.616623,-74.030876,4.0,6.1196,1,3.0,1,2,0,0
2025-05-05 02:00:00,41,"7 Av (B,Q)",Brooklyn,40.67705,-73.97237,1.0,4.679,1,6.0,1,2,0,0
2025-05-05 02:00:00,42,"Prospect Park (B,Q,S)",Brooklyn,40.661613,-73.96225,7.0,15.6427,1,9.0,1,2,0,0
2025-05-05 02:00:00,43,Parkside Av (Q),Brooklyn,40.655293,-73.961494,5.0,12.6633,1,6.0,1,2,0,0
2025-05-05 02:00:00,44,"Church Av (B,Q)",Brooklyn,40.650528,-73.96298,6.0,16.1941,1,6.0,1,2,0,0
2025-05-05 02:00:00,45,Beverley Rd (Q),Brooklyn,40.64403,-73.96449,5.0,4.6022,1,6.0,1,2,0,0
2025-05-05 02:00:00,46,Cortelyou Rd (Q),Brooklyn,40.640926,-73.96389,10.0,8.5619,1,6.0,1,2,0,0
2025-05-05 02:00:00,47,"Newkirk Plaza (B,Q)",Brooklyn,40.635082,-73.96279,7.0,18.0484,1,6.0,1,2,0,0
2025-05-05 02:00:00,48,Avenue H (Q),Brooklyn,40.62927,-73.96164,2.0,4.0604,1,6.0,1,2,0,0
2025-05-05 02:00:00,49,Avenue J (Q),Brooklyn,40.62504,-73.9608,3.0,4.4218,1,6.0,1,2,0,0
2025-05-05 02:00:00,50,Avenue M (Q),Brooklyn,40.61762,-73.9594,3.0,8.706,1,6.0,1,2,0,0
2025-05-05 02:00:00,51,"Kings Hwy (B,Q)",Brooklyn,40.60867,-73.95773,8.0,19.3611,1,6.0,1,2,0,0
2025-05-05 02:00:00,52,Avenue U (Q),Brooklyn,40.5993,-73.95593,5.0,6.8658,1,6.0,1,2,0,0
2025-05-05 02:00:00,53,Neck Rd (Q),Brooklyn,40.595245,-73.95516,3.0,3.1068,1,6.0,1,2,0,0
2025-05-05 02:00:00,54,"Sheepshead Bay (B,Q)",Brooklyn,40.586895,-73.954155,6.0,10.8326,1,6.0,1,2,0,0
2025-05-05 02:00:00,55,"Brighton Beach (B,Q)",Brooklyn,40.57762,-73.96137,6.0,7.9696,1,6.0,1,2,0,0
2025-05-05 02:00:00,56,Ocean Pkwy (Q),Brooklyn,40.576313,-73.9685,1.0,2.2027,1,6.0,1,2,0,0
2025-05-05 02:00:00,57,"W 8 St-NY Aquarium (F,Q)",Brooklyn,40.576126,-73.97594,1.0,2.5216,1,11.0,1,2,0,0
2025-05-05 02:00:00,58,"Coney Island-Stillwell Av (D,F,N,Q)",Brooklyn,40.577423,-73.98123,40.0,24.5001,1,11.0,1,2,0,0
2025-05-05 02:00:00,59,9 Av (D),Brooklyn,40.646294,-73.99432,4.0,11.5806,1,5.0,1,2,0,0
2025-05-05 02:00:00,60,Fort Hamilton Pkwy (D),Brooklyn,40.640915,-73.9943,6.0,5.9914000000000005,1,5.0,1,2,0,0
2025-05-05 02:00:00,61,50 St (D),Brooklyn,40.63626,-73.99479,1.0,2.943,1,5.0,1,2,0,0
2025-05-05 02:00:00,62,55 St (D),Brooklyn,40.631435,-73.995476,1.0,1.7136,1,5.0,1,2,0,0
2025-05-05 02:00:00,64,71 St (D),Brooklyn,40.61959,-73.99886,4.0,5.5527,1,5.0,1,2,0,0
2025-05-05 02:00:00,65,79 St (D),Brooklyn,40.613503,-74.00061,5.0,8.7063,1,5.0,1,2,0,0
2025-05-05 02:00:00,66,18 Av (D),Brooklyn,40.607952,-74.00174,1.0,6.8307,1,5.0,1,2,0,0
2025-05-05 02:00:00,67,20 Av (D),Brooklyn,40.604557,-73.99817,1.0,6.8948,1,5.0,1,2,0,0
2025-05-05 02:00:00,68,Bay Pkwy (D),Brooklyn,40.601875,-73.99373,8.0,7.468,1,5.0,1,2,0,0
2025-05-05 02:00:00,69,25 Av (D),Brooklyn,40.597706,-73.98683,4.0,4.3962,1,6.0,1,2,0,0
2025-05-05 02:00:00,70,Bay 50 St (D),Brooklyn,40.58884,-73.983765,1.0,5.0771,1,6.0,1,2,0,0
2025-05-05 02:00:00,71,8 Av (N),Brooklyn,40.635063,-74.01172,5.0,3.63,1,6.0,1,2,0,0
2025-05-05 02:00:00,72,Fort Hamilton Pkwy (N),Brooklyn,40.631386,-74.00535,3.0,4.7689,1,6.0,1,2,0,0
2025-05-05 02:00:00,74,18 Av (N),Brooklyn,40.62067,-73.99042,5.0,6.8828,1,6.0,1,2,0,0
2025-05-05 02:00:00,76,Bay Pkwy (N),Brooklyn,40.611816,-73.98185,6.0,7.5857,1,6.0,1,2,0,0
2025-05-05 02:00:00,77,Kings Hwy (N),Brooklyn,40.603924,-73.980354,9.0,5.6456,1,6.0,1,2,0,0
2025-05-05 02:00:00,79,86 St (N),Brooklyn,40.59272,-73.97823,3.0,1.5187,1,6.0,1,2,0,0
2025-05-05 02:00:00,80,"121 St (J,Z)",Queens,40.700493,-73.82829,5.0,8.4434,1,6.0,1,2,0,0
2025-05-05 02:00:00,81,111 St (J),Queens,40.69742,-73.83634,2.0,4.7055,1,6.0,1,2,0,0
2025-05-05 02:00:00,82,"104 St (J,Z)",Queens,40.69518,-73.84433,5.0,4.398700000000001,1,6.0,1,2,0,0
2025-05-05 02:00:00,83,"Woodhaven Blvd (J,Z)",Queens,40.69388,-73.85158,14.0,5.2744,1,6.0,1,2,0,0
2025-05-05 02:00:00,85,"75 St-Elderts Ln (J,Z)",Queens,40.691322,-73.86714,9.0,10.5608,1,6.0,1,2,0,0
2025-05-05 02:00:00,86,Cypress Hills (J),Brooklyn,40.68994,-73.87255,1.0,1.6785,1,6.0,1,2,0,0
2025-05-05 02:00:00,87,"Crescent St (J,Z)",Brooklyn,40.683193,-73.87379,7.0,9.7833,1,6.0,1,2,0,0
2025-05-05 02:00:00,88,"Norwood Av (J,Z)",Brooklyn,40.68141,-73.880035,11.0,6.3706000000000005,1,6.0,1,2,0,0
2025-05-05 02:00:00,89,Cleveland St (J),Brooklyn,40.679947,-73.884636,3.0,2.9522,1,6.0,1,2,0,0
2025-05-05 02:00:00,90,"Van Siclen Av (J,Z)",Brooklyn,40.678024,-73.891685,3.0,7.7388,1,6.0,1,2,0,0
2025-05-05 02:00:00,91,"Alabama Av (J,Z)",Brooklyn,40.67699,-73.89865,6.0,4.1518,1,6.0,1,2,0,0
2025-05-05 02:00:00,93,"Chauncey St (J,Z)",Brooklyn,40.68289,-73.91045,2.0,4.8999,1,6.0,1,2,0,0
2025-05-05 02:00:00,94,Halsey St (J),Brooklyn,40.68637,-73.91656,5.0,8.7461,1,6.0,1,2,0,0
2025-05-05 02:00:00,95,"Gates Av (J,Z)",Brooklyn,40.68963,-73.92227,8.0,9.133,1,6.0,1,2,0,0
2025-05-05 02:00:00,96,Kosciuszko St (J),Brooklyn,40.69334,-73.92882,9.0,11.3609,1,6.0,1,2,0,0
2025-05-05 02:00:00,97,"Myrtle Av (M,J,Z)",Brooklyn,40.69721,-73.93565,18.0,19.8881,1,9.0,1,2,0,0
2025-05-05 02:00:00,98,"Flushing Av (M,J)",Brooklyn,40.70026,-73.941124,4.0,11.1979,1,6.0,1,2,0,0
2025-05-05 02:00:00,99,"Lorimer St (M,J)",Brooklyn,40.70387,-73.94741,5.0,3.1137,1,6.0,1,2,0,0
2025-05-05 02:00:00,100,"Hewes St (M,J)",Brooklyn,40.70687,-73.95343,11.0,4.1128,1,3.0,1,2,0,0
2025-05-05 02:00:00,101,"Marcy Av (M,J,Z)",Brooklyn,40.70836,-73.957756,4.0,13.6433,1,,0,2,0,0
2025-05-05 02:00:00,108,Middle Village-Metropolitan Av (M),Queens,40.711395,-73.8896,7.0,4.7843,1,3.0,1,2,0,0
2025-05-05 02:00:00,109,Fresh Pond Rd (M),Queens,40.706184,-73.895874,6.0,5.8965,1,6.0,1,2,0,0
2025-05-05 02:00:00,110,Forest Av (M),Queens,40.704422,-73.903076,2.0,7.7666,1,6.0,1,2,0,0
2025-05-05 02:00:00,111,Seneca Av (M),Queens,40.702763,-73.90774,1.0,4.3749,1,6.0,1,2,0,0
2025-05-05 02:00:00,113,Knickerbocker Av (M),Brooklyn,40.698666,-73.91971,1.0,7.102,1,6.0,1,2,0,0
2025-05-05 02:00:00,114,Central Av (M),Brooklyn,40.697857,-73.9274,6.0,4.6632,1,6.0,1,2,0,0
2025-05-05 02:00:00,118,3 Av (L),Manhattan,40.73285,-73.98612,11.0,4.2349,1,6.0,1,2,0,0
2025-05-05 02:00:00,119,1 Av (L),Manhattan,40.730953,-73.98163,44.0,28.8257,1,6.0,1,2,0,0
2025-05-05 02:00:00,120,Bedford Av (L),Brooklyn,40.717304,-73.95687,32.0,26.1222,1,6.0,1,2,0,0
2025-05-05 02:00:00,122,Graham Av (L),Brooklyn,40.714565,-73.94405,9.0,15.3276,1,6.0,1,2,0,0
2025-05-05 02:00:00,123,Grand St (L),Brooklyn,40.711926,-73.94067,7.0,16.5575,1,6.0,1,2,0,0
2025-05-05 02:00:00,124,Montrose Av (L),Brooklyn,40.70774,-73.93985,14.0,11.3862,1,6.0,1,2,0,0
2025-05-05 02:00:00,125,Morgan Av (L),Brooklyn,40.706154,-73.93314,9.0,12.8113,1,6.0,1,2,0,0
2025-05-05 02:00:00,126,Jefferson St (L),Brooklyn,40.706608,-73.92291,15.0,16.7149,1,6.0,1,2,0,0
2025-05-05 02:00:00,127,DeKalb Av (L),Brooklyn,40.70381,-73.91843,11.0,30.424,1,6.0,1,2,0,0
2025-05-05 02:00:00,129,Halsey St (L),Queens,40.695602,-73.90408,1.0,20.474,1,6.0,1,2,0,0
2025-05-05 02:00:00,130,Wilson Av (L),Brooklyn,40.688763,-73.904045,3.0,17.1588,1,6.0,1,2,0,0
2025-05-05 02:00:00,131,Bushwick Av-Aberdeen St (L),Brooklyn,40.68283,-73.90525,1.0,8.6975,1,6.0,1,2,0,0
2025-05-05 02:00:00,133,Atlantic Av (L),Brooklyn,40.675346,-73.9031,4.0,2.7311,1,6.0,1,2,0,0
2025-05-05 02:00:00,134,Sutter Av (L),Brooklyn,40.66937,-73.90198,6.0,5.4355,1,6.0,1,2,0,0
2025-05-05 02:00:00,135,Livonia Av (L),Brooklyn,40.66404,-73.90057,6.0,5.1713,1,6.0,1,2,0,0
2025-05-05 02:00:00,136,New Lots Av (L),Brooklyn,40.658733,-73.89923,9.0,8.3677,1,6.0,1,2,0,0
2025-05-05 02:00:00,137,East 105 St (L),Brooklyn,40.650574,-73.89948,2.0,8.4749,1,6.0,1,2,0,0
2025-05-05 02:00:00,138,Canarsie-Rockaway Pkwy (L),Brooklyn,40.646652,-73.90185,10.0,19.1689,1,3.0,1,2,0,0
2025-05-05 02:00:00,141,Park Pl (S),Brooklyn,40.67477,-73.95763,1.0,2.7188,1,6.0,1,2,0,0
2025-05-05 02:00:00,143,Inwood-207 St (A),Manhattan,40.868073,-73.9199,20.0,12.988,1,3.0,1,2,0,0
2025-05-05 02:00:00,144,Dyckman St (A),Manhattan,40.86549,-73.92727,11.0,7.3238,1,3.0,1,2,0,0
2025-05-05 02:00:00,145,190 St (A),Manhattan,40.85902,-73.93418,5.0,3.7681,1,3.0,1,2,0,0
2025-05-05 02:00:00,146,181 St (A),Manhattan,40.851696,-73.937965,2.0,10.1396,1,3.0,1,2,0,0
2025-05-05 02:00:00,147,175 St (A),Manhattan,40.84739,-73.939705,13.0,12.749,1,3.0,1,2,0,0
2025-05-05 02:00:00,149,163 St-Amsterdam Av (C),Manhattan,40.836014,-73.939896,6.0,7.2085,1,3.0,1,2,0,0
2025-05-05 02:00:00,150,155 St (C),Manhattan,40.830517,-73.94151,3.0,5.1406,1,3.0,1,2,0,0
2025-05-05 02:00:00,151,"145 St (A,C,B,D)",Manhattan,40.824783,-73.944214,29.0,59.2705,1,,0,2,0,0
2025-05-05 02:00:00,152,"135 St (C,B)",Manhattan,40.817894,-73.94765,7.0,8.9961,1,3.0,1,2,0,0
2025-05-05 02:00:00,153,"125 St (A,C,B,D)",Manhattan,40.811108,-73.95235,36.0,50.5617,1,6.0,1,2,0,0
2025-05-05 02:00:00,154,"116 St (C,B)",Manhattan,40.805084,-73.95488,1.0,11.9232,1,3.0,1,2,0,0
2025-05-05 02:00:00,155,"Cathedral Pkwy (110 St) (C,B)",Manhattan,40.800602,-73.95816,3.0,7.8905,1,3.0,1,2,0,0
2025-05-05 02:00:00,156,"103 St (C,B)",Manhattan,40.796093,-73.96146,3.0,6.242900000000001,1,3.0,1,2,0,0
2025-05-05 02:00:00,157,"96 St (C,B)",Manhattan,40.79164,-73.9647,1.0,13.3208,1,3.0,1,2,0,0
2025-05-05 02:00:00,158,"86 St (C,B)",Manhattan,40.78587,-73.96892,6.0,2.9273,1,3.0,1,2,0,0
2025-05-05 02:00:00,159,"81 St-Museum of Natural History (C,B)",Manhattan,40.781433,-73.972145,5.0,7.0011,1,3.0,1,2,0,0
2025-05-05 02:00:00,160,"72 St (C,B)",Manhattan,40.775593,-73.97641,2.0,3.6867,1,4.0,1,2,0,0
2025-05-05 02:00:00,162,"50 St (C,E)",Manhattan,40.762455,-73.985985,12.0,29.5108,1,4.0,1,2,0,0
2025-05-05 02:00:00,164,"34 St-Penn Station (A,C,E)",Manhattan,40.75229,-73.99339,58.0,66.8995,1,4.0,1,2,0,0
2025-05-05 02:00:00,165,"23 St (C,E)",Manhattan,40.745907,-73.99804,4.0,15.5852,1,4.0,1,2,0,0
2025-05-05 02:00:00,167,"W 4 St-Wash Sq (A,C,E,B,D,F,M)",Manhattan,40.732338,-74.000496,102.0,34.7878,1,,0,2,0,0
2025-05-05 02:00:00,168,"Spring St (C,E)",Manhattan,40.726227,-74.00374,6.0,7.3805,1,4.0,1,2,0,0
2025-05-05 02:00:00,169,"Canal St (A,C,E)",Manhattan,40.720825,-74.005226,23.0,13.5435,1,4.0,1,2,0,0
2025-05-05 02:00:00,173,"High St (A,C)",Brooklyn,40.699337,-73.99053,7.0,5.1373,1,5.0,1,2,0,0
2025-05-05 02:00:00,175,"Hoyt-Schermerhorn Sts (A,C,G)",Brooklyn,40.688484,-73.985,15.0,9.2304,1,8.0,1,2,0,0
2025-05-05 02:00:00,176,Lafayette Av (C),Brooklyn,40.68611,-73.973946,12.0,4.7215,1,5.0,1,2,0,0
2025-05-05 02:00:00,177,Clinton-Washington Avs (C),Brooklyn,40.68326,-73.965836,2.0,8.9005,1,5.0,1,2,0,0
2025-05-05 02:00:00,179,"Nostrand Av (A,C)",Brooklyn,40.68044,-73.950424,22.0,32.2438,1,5.0,1,2,0,0
2025-05-05 02:00:00,180,Kingston-Throop Avs (C),Brooklyn,40.67992,-73.94086,7.0,15.5733,1,5.0,1,2,0,0
2025-05-05 02:00:00,181,"Utica Av (A,C)",Brooklyn,40.679363,-73.93073,15.0,28.8249,1,5.0,1,2,0,0
2025-05-05 02:00:00,182,Ralph Av (C),Brooklyn,40.67882,-73.920784,9.0,11.5252,1,5.0,1,2,0,0
2025-05-05 02:00:00,183,Rockaway Av (C),Brooklyn,40.67834,-73.91195,9.0,8.1414,1,5.0,1,2,0,0
2025-05-05 02:00:00,185,Liberty Av (C),Brooklyn,40.67454,-73.896545,7.0,4.3967,1,6.0,1,2,0,0
2025-05-05 02:00:00,186,Van Siclen Av (C),Brooklyn,40.67271,-73.89036,8.0,6.3476,1,6.0,1,2,0,0
2025-05-05 02:00:00,187,Shepherd Av (C),Brooklyn,40.67413,-73.88075,6.0,3.8681,1,6.0,1,2,0,0
2025-05-05 02:00:00,188,"Euclid Av (A,C)",Brooklyn,40.675377,-73.87211,11.0,19.6428,1,9.0,1,2,0,0
2025-05-05 02:00:00,189,Grant Av (A),Brooklyn,40.677044,-73.86505,7.0,21.8653,1,12.0,1,2,0,0
2025-05-05 02:00:00,190,80 St (A),Queens,40.67937,-73.85899,6.0,18.5828,1,12.0,1,2,0,0
2025-05-05 02:00:00,191,88 St (A),Queens,40.679844,-73.85147,2.0,7.9124,1,12.0,1,2,0,0
2025-05-05 02:00:00,192,Rockaway Blvd (A),Queens,40.680428,-73.84386,8.0,10.9172,1,12.0,1,2,0,0
2025-05-05 02:00:00,193,104 St (A),Queens,40.68171,-73.837685,7.0,3.8515,1,6.0,1,2,0,0
2025-05-05 02:00:00,194,111 St (A),Queens,40.68433,-73.83216,6.0,3.4169,1,6.0,1,2,0,0
2025-05-05 02:00:00,195,Ozone Park-Lefferts Blvd (A),Queens,40.68595,-73.8258,15.0,10.8897,1,3.0,1,2,0,0
2025-05-05 02:00:00,196,Aqueduct Racetrack (A),Queens,40.672096,-73.83592,6.0,2.2831,1,3.0,1,2,0,0
2025-05-05 02:00:00,198,Howard Beach-JFK Airport (A),Queens,40.660477,-73.8303,95.0,33.6302,1,3.0,1,2,0,0
2025-05-05 02:00:00,210,Norwood-205 St (D),Bronx,40.87481,-73.87885,10.0,8.5899,1,3.0,1,2,0,0
2025-05-05 02:00:00,211,"Bedford Park Blvd (B,D)",Bronx,40.873245,-73.88714,11.0,8.6983,1,3.0,1,2,0,0
2025-05-05 02:00:00,212,"Kingsbridge Rd (B,D)",Bronx,40.866978,-73.89351,5.0,14.639,1,3.0,1,2,0,0
2025-05-05 02:00:00,213,"Fordham Rd (B,D)",Bronx,40.861298,-73.89775,10.0,18.22,1,3.0,1,2,0,0
2025-05-05 02:00:00,214,"182-183 Sts (B,D)",Bronx,40.856094,-73.90074,6.0,14.4744,1,3.0,1,2,0,0
2025-05-05 02:00:00,215,"Tremont Av (B,D)",Bronx,40.85041,-73.90523,12.0,17.478,1,3.0,1,2,0,0
2025-05-05 02:00:00,216,"174-175 Sts (B,D)",Bronx,40.8459,-73.91013,6.0,8.1676,1,3.0,1,2,0,0
2025-05-05 02:00:00,217,"170 St (B,D)",Bronx,40.839306,-73.9134,6.0,14.3632,1,3.0,1,2,0,0
2025-05-05 02:00:00,218,"167 St (B,D)",Bronx,40.83377,-73.91844,9.0,18.9876,1,3.0,1,2,0,0
2025-05-05 02:00:00,220,"155 St (B,D)",Manhattan,40.830135,-73.93821,2.0,5.143,1,3.0,1,2,0,0
2025-05-05 02:00:00,221,21 St-Queensbridge (M),Queens,40.754204,-73.94283,10.0,20.7838,1,6.0,1,2,0,0
2025-05-05 02:00:00,222,Roosevelt Island (M),Manhattan,40.759144,-73.95326,2.0,7.5207,1,6.0,1,2,0,0
2025-05-05 02:00:00,223,"Lexington Av/63 St (M,Q)",Manhattan,40.76463,-73.96611,16.0,16.4407,1,11.0,1,2,0,0
2025-05-05 02:00:00,224,57 St (M),Manhattan,40.763973,-73.97745,25.0,13.4065,1,6.0,1,2,0,0
2025-05-05 02:00:00,225,"47-50 Sts-Rockefeller Ctr (B,D,F,M)",Manhattan,40.758663,-73.98133,45.0,42.0793,1,12.0,1,2,0,0
2025-05-05 02:00:00,228,"23 St (F,M)",Manhattan,40.742878,-73.99282,16.0,16.7397,1,9.0,1,2,0,0
2025-05-05 02:00:00,231,"Grand St (B,D)",Manhattan,40.718266,-73.99375,14.0,17.3627,1,3.0,1,2,0,0
2025-05-05 02:00:00,232,2 Av (F),Manhattan,40.7234,-73.98994,49.0,17.5921,1,6.0,1,2,0,0
2025-05-05 02:00:00,234,East Broadway (F),Manhattan,40.713715,-73.99017,10.0,10.295,1,4.0,1,2,0,0
2025-05-05 02:00:00,235,York St (F),Brooklyn,40.701397,-73.98675,2.0,9.9962,1,4.0,1,2,0,0
2025-05-05 02:00:00,236,"Bergen St (F,G)",Brooklyn,40.686146,-73.99086,2.0,5.4747,1,4.0,1,2,0,0
2025-05-05 02:00:00,237,"Carroll St (F,G)",Brooklyn,40.6803,-73.99505,1.0,4.8585,1,4.0,1,2,0,0
2025-05-05 02:00:00,238,"Smith-9 Sts (F,G)",Brooklyn,40.67358,-73.99596,3.0,5.9757,1,4.0,1,2,0,0
2025-05-05 02:00:00,241,"15 St-Prospect Park (F,G)",Brooklyn,40.660366,-73.97949,1.0,5.7207,1,4.0,1,2,0,0
2025-05-05 02:00:00,243,"Church Av (F,G)",Brooklyn,40.64404,-73.979675,14.0,18.9513,1,4.0,1,2,0,0
2025-05-05 02:00:00,244,Ditmas Av (F),Brooklyn,40.63612,-73.97817,2.0,3.2761,1,5.0,1,2,0,0
2025-05-05 02:00:00,245,18 Av (F),Brooklyn,40.629753,-73.976974,8.0,2.9153,1,5.0,1,2,0,0
2025-05-05 02:00:00,247,Bay Pkwy (F),Brooklyn,40.62077,-73.975266,1.0,0.3125,1,5.0,1,2,0,0
2025-05-05 02:00:00,248,Avenue N (F),Brooklyn,40.61514,-73.9742,2.0,2.0287,1,5.0,1,2,0,0
2025-05-05 02:00:00,249,Avenue P (F),Brooklyn,40.608944,-73.97302,2.0,2.2959,1,5.0,1,2,0,0
2025-05-05 02:00:00,250,Kings Hwy (F),Brooklyn,40.603218,-73.97236,7.0,3.2213,1,5.0,1,2,0,0
2025-05-05 02:00:00,251,Avenue U (F),Brooklyn,40.59606,-73.97336,3.0,3.0316,1,5.0,1,2,0,0
2025-05-05 02:00:00,252,Avenue X (F),Brooklyn,40.58962,-73.97425,5.0,3.5021,1,5.0,1,2,0,0
2025-05-05 02:00:00,253,Neptune Av (F),Brooklyn,40.581013,-73.97457,1.0,2.289,1,5.0,1,2,0,0
2025-05-05 02:00:00,254,Jamaica-179 St (F),Queens,40.712646,-73.78381,37.0,35.4075,1,3.0,1,2,0,0
2025-05-05 02:00:00,255,169 St (F),Queens,40.71047,-73.7936,7.0,13.0235,1,3.0,1,2,0,0
2025-05-05 02:00:00,256,Parsons Blvd (F),Queens,40.707565,-73.80333,15.0,11.8956,1,3.0,1,2,0,0
2025-05-05 02:00:00,257,Sutphin Blvd (F),Queens,40.70546,-73.81071,10.0,10.9321,1,3.0,1,2,0,0
2025-05-05 02:00:00,258,"Briarwood (E,F)",Queens,40.70918,-73.82057,10.0,11.4823,1,8.0,1,2,0,0
2025-05-05 02:00:00,259,"Kew Gardens-Union Tpke (E,F)",Queens,40.71444,-73.83101,50.0,35.0155,1,9.0,1,2,0,0
2025-05-05 02:00:00,260,"75 Av (E,F)",Queens,40.71833,-73.837326,1.0,1.803,1,9.0,1,2,0,0
2025-05-05 02:00:00,261,"Forest Hills-71 Av (E,F,M,R)",Queens,40.72169,-73.84452,20.0,23.4577,1,9.0,1,2,0,0
2025-05-05 02:00:00,262,"67 Av (M,R)",Queens,40.726524,-73.85272,2.0,3.2541,1,9.0,1,2,0,0
2025-05-05 02:00:00,263,"63 Dr-Rego Park (M,R)",Queens,40.729847,-73.8616,13.0,22.9629,1,9.0,1,2,0,0
2025-05-05 02:00:00,264,"Woodhaven Blvd (M,R)",Queens,40.733105,-73.86923,9.0,29.6275,1,9.0,1,2,0,0
2025-05-05 02:00:00,265,"Grand Av-Newtown (M,R)",Queens,40.737015,-73.87722,22.0,29.0465,1,9.0,1,2,0,0
2025-05-05 02:00:00,266,"Elmhurst Av (M,R)",Queens,40.742455,-73.88202,9.0,26.7244,1,9.0,1,2,0,0
2025-05-05 02:00:00,268,"65 St (M,R)",Queens,40.74967,-73.89845,1.0,10.3484,1,9.0,1,2,0,0
2025-05-05 02:00:00,269,"Northern Blvd (M,R)",Queens,40.752884,-73.906006,8.0,9.6317,1,9.0,1,2,0,0
2025-05-05 02:00:00,270,"46 St (M,R)",Queens,40.756313,-73.91333,7.0,12.8796,1,9.0,1,2,0,0
2025-05-05 02:00:00,271,"Steinway St (M,R)",Queens,40.756878,-73.92074,22.0,18.3704,1,9.0,1,2,0,0
2025-05-05 02:00:00,272,"36 St (M,R)",Queens,40.75204,-73.92878,2.0,6.1013,1,9.0,1,2,0,0
2025-05-05 02:00:00,273,"Queens Plaza (E,F,R)",Queens,40.748974,-73.93724,5.0,16.9303,1,3.0,1,2,0,0
2025-05-05 02:00:00,276,"5 Av/53 St (E,F)",Manhattan,40.760166,-73.97523,4.0,2.5603,1,3.0,1,2,0,0
2025-05-05 02:00:00,277,"7 Av (E,B,D)",Manhattan,40.762863,-73.981636,15.0,15.8723,1,3.0,1,2,0,0
2025-05-05 02:00:00,278,"Jamaica Center-Parsons/Archer (E,J,Z)",Queens,40.70215,-73.80111,51.0,47.8476,1,6.0,1,2,0,0
2025-05-05 02:00:00,279,"Sutphin Blvd-Archer Av-JFK Airport (E,J,Z)",Queens,40.700485,-73.80797,83.0,76.3248,1,11.0,1,2,0,0
2025-05-05 02:00:00,280,Jamaica-Van Wyck (E),Queens,40.702564,-73.81686,9.0,7.6327,1,5.0,1,2,0,0
2025-05-05 02:00:00,282,21 St (G),Queens,40.744064,-73.94972,1.0,4.8713,1,6.0,1,2,0,0
2025-05-05 02:00:00,283,Greenpoint Av (G),Brooklyn,40.731354,-73.95445,4.0,7.3845,1,6.0,1,2,0,0
2025-05-05 02:00:00,284,Nassau Av (G),Brooklyn,40.724636,-73.95128,8.0,7.8334,1,6.0,1,2,0,0
2025-05-05 02:00:00,286,Broadway (G),Brooklyn,40.706093,-73.95031,10.0,9.3593,1,6.0,1,2,0,0
2025-05-05 02:00:00,287,Flushing Av (G),Brooklyn,40.70038,-73.95023,1.0,28.4306,1,6.0,1,2,0,0
2025-05-05 02:00:00,288,Myrtle-Willoughby Avs (G),Brooklyn,40.69457,-73.94904,3.0,7.6858,1,6.0,1,2,0,0
2025-05-05 02:00:00,289,Bedford-Nostrand Avs (G),Brooklyn,40.68963,-73.95352,16.0,13.2813,1,6.0,1,2,0,0
2025-05-05 02:00:00,290,Classon Av (G),Brooklyn,40.688873,-73.96007,1.0,5.3804,1,6.0,1,2,0,0
2025-05-05 02:00:00,291,Clinton-Washington Avs (G),Brooklyn,40.688087,-73.96684,1.0,1.1811,1,6.0,1,2,0,0
2025-05-05 02:00:00,292,Fulton St (G),Brooklyn,40.68712,-73.97537,4.0,6.2285,1,6.0,1,2,0,0
2025-05-05 02:00:00,293,Van Cortlandt Park-242 St (1),Bronx,40.889248,-73.89858,7.0,9.1978,1,3.0,1,2,0,0
2025-05-05 02:00:00,294,238 St (1),Bronx,40.884666,-73.90087,3.0,6.4995,1,6.0,1,2,0,0
2025-05-05 02:00:00,295,231 St (1),Bronx,40.878857,-73.90483,2.0,6.4793,1,6.0,1,2,0,0
2025-05-05 02:00:00,296,Marble Hill-225 St (1),Manhattan,40.87456,-73.90983,1.0,5.7778,1,6.0,1,2,0,0
2025-05-05 02:00:00,297,215 St (1),Manhattan,40.869446,-73.915276,3.0,3.5954,1,6.0,1,2,0,0
2025-05-05 02:00:00,298,207 St (1),Manhattan,40.86462,-73.91882,14.0,9.1369,1,6.0,1,2,0,0
2025-05-05 02:00:00,299,Dyckman St (1),Manhattan,40.86053,-73.92554,10.0,7.352600000000001,1,6.0,1,2,0,0
2025-05-05 02:00:00,300,191 St (1),Manhattan,40.855225,-73.92941,10.0,14.1203,1,6.0,1,2,0,0
2025-05-05 02:00:00,301,181 St (1),Manhattan,40.849506,-73.93359,12.0,17.4162,1,6.0,1,2,0,0
2025-05-05 02:00:00,303,157 St (1),Manhattan,40.83404,-73.94489,10.0,26.5713,1,6.0,1,2,0,0
2025-05-05 02:00:00,304,145 St (1),Manhattan,40.82655,-73.95036,12.0,17.0738,1,6.0,1,2,0,0
2025-05-05 02:00:00,305,137 St-City College (1),Manhattan,40.822006,-73.953674,7.0,23.6114,1,6.0,1,2,0,0
2025-05-05 02:00:00,306,125 St (1),Manhattan,40.815582,-73.958374,8.0,18.8813,1,6.0,1,2,0,0
2025-05-05 02:00:00,307,116 St-Columbia University (1),Manhattan,40.80772,-73.96411,7.0,7.8985,1,6.0,1,2,0,0
2025-05-05 02:00:00,308,Cathedral Pkwy (110 St) (1),Manhattan,40.803967,-73.96685,8.0,13.1642,1,6.0,1,2,0,0
2025-05-05 02:00:00,309,103 St (1),Manhattan,40.799446,-73.968376,12.0,11.9956,1,6.0,1,2,0,0
2025-05-05 02:00:00,310,"96 St (1,2,3)",Manhattan,40.79392,-73.97232,19.0,37.6073,1,15.0,1,2,0,0
2025-05-05 02:00:00,311,86 St (1),Manhattan,40.788643,-73.97622,5.0,12.1374,1,9.0,1,2,0,0
2025-05-05 02:00:00,312,79 St (1),Manhattan,40.783936,-73.97992,6.0,9.4696,1,9.0,1,2,0,0
2025-05-05 02:00:00,313,"72 St (1,2,3)",Manhattan,40.778454,-73.98197,16.0,22.2091,1,15.0,1,2,0,0
2025-05-05 02:00:00,314,66 St-Lincoln Center (1),Manhattan,40.77344,-73.98221,7.0,11.0409,1,9.0,1,2,0,0
2025-05-05 02:00:00,316,50 St (1),Manhattan,40.761726,-73.98385,29.0,23.6737,1,9.0,1,2,0,0
2025-05-05 02:00:00,318,"34 St-Penn Station (1,2,3)",Manhattan,40.750374,-73.99106,105.0,52.6976,1,13.0,1,2,0,0
2025-05-05 02:00:00,319,28 St (1),Manhattan,40.747215,-73.99336,19.0,14.5479,1,10.0,1,2,0,0
2025-05-05 02:00:00,320,23 St (1),Manhattan,40.74408,-73.99566,14.0,7.6505,1,10.0,1,2,0,0
2025-05-05 02:00:00,321,18 St (1),Manhattan,40.74104,-73.99787,20.0,3.5681000000000003,1,10.0,1,2,0,0
2025-05-05 02:00:00,323,Christopher St-Stonewall (1),Manhattan,40.73342,-74.00291,75.0,10.8042,1,10.0,1,2,0,0
2025-05-05 02:00:00,324,Houston St (1),Manhattan,40.728252,-74.00536,11.0,15.1613,1,10.0,1,2,0,0
2025-05-05 02:00:00,325,Canal St (1),Manhattan,40.722855,-74.00628,3.0,4.0804,1,10.0,1,2,0,0
2025-05-05 02:00:00,326,Franklin St (1),Manhattan,40.71932,-74.00689,5.0,2.9536,1,10.0,1,2,0,0
2025-05-05 02:00:00,327,"Chambers St (1,2,3)",Manhattan,40.715477,-74.00927,5.0,8.0252,1,10.0,1,2,0,0
2025-05-05 02:00:00,328,WTC Cortlandt (1),Manhattan,40.711834,-74.01219,13.0,8.0134,1,6.0,1,2,0,0
2025-05-05 02:00:00,329,Rector St (1),Manhattan,40.70751,-74.01379,3.0,8.132,1,6.0,1,2,0,0
2025-05-05 02:00:00,333,"Wall St (2,3)",Manhattan,40.70682,-74.0091,4.0,11.1357,1,4.0,1,2,0,0
2025-05-05 02:00:00,334,"Clark St (2,3)",Brooklyn,40.697468,-73.99309,3.0,2.6092,1,5.0,1,2,0,0
2025-05-05 02:00:00,336,"Hoyt St (2,3)",Brooklyn,40.690544,-73.98506,6.0,7.6017,1,5.0,1,2,0,0
2025-05-05 02:00:00,337,"Nevins St (2,3,4,5)",Brooklyn,40.688248,-73.98049,12.0,6.1515,1,11.0,1,2,0,0
2025-05-05 02:00:00,339,"Bergen St (2,3)",Brooklyn,40.68083,-73.9751,8.0,3.8494,1,11.0,1,2,0,0
2025-05-05 02:00:00,343,Nostrand Av (3),Brooklyn,40.669846,-73.95046,3.0,4.7627,1,6.0,1,2,0,0
2025-05-05 02:00:00,344,Kingston Av (3),Brooklyn,40.6694,-73.94216,9.0,3.9897,1,6.0,1,2,0,0
2025-05-05 02:00:00,345,"Crown Hts-Utica Av (3,4)",Brooklyn,40.668896,-73.932945,14.0,33.3625,1,6.0,1,2,0,0
2025-05-05 02:00:00,346,Sutter Av-Rutland Rd (3),Brooklyn,40.66472,-73.92261,8.0,11.5288,1,6.0,1,2,0,0
2025-05-05 02:00:00,347,Saratoga Av (3),Brooklyn,40.661453,-73.91633,3.0,8.2299,1,6.0,1,2,0,0
2025-05-05 02:00:00,348,Rockaway Av (3),Brooklyn,40.662548,-73.90894,5.0,4.8273,1,6.0,1,2,0,0
2025-05-05 02:00:00,349,Junius St (3),Brooklyn,40.663513,-73.90245,4.0,4.7013,1,6.0,1,2,0,0
2025-05-05 02:00:00,350,Pennsylvania Av (3),Brooklyn,40.664635,-73.8949,6.0,6.260199999999999,1,6.0,1,2,0,0
2025-05-05 02:00:00,351,Van Siclen Av (3),Brooklyn,40.665447,-73.8894,4.0,4.0884,1,6.0,1,2,0,0
2025-05-05 02:00:00,352,New Lots Av (3),Brooklyn,40.666237,-73.88408,7.0,14.1626,1,3.0,1,2,0,0
2025-05-05 02:00:00,353,"President St-Medgar Evers College (2,5)",Brooklyn,40.667885,-73.95068,5.0,4.1106,1,5.0,1,2,0,0
2025-05-05 02:00:00,354,"Sterling St (2,5)",Brooklyn,40.662743,-73.95085,1.0,4.0272,1,5.0,1,2,0,0
2025-05-05 02:00:00,355,"Winthrop St (2,5)",Brooklyn,40.65665,-73.9502,1.0,5.4488,1,5.0,1,2,0,0
2025-05-05 02:00:00,356,"Church Av (2,5)",Brooklyn,40.650845,-73.94958,15.0,11.5718,1,6.0,1,2,0,0
2025-05-05 02:00:00,357,"Beverly Rd (2,5)",Brooklyn,40.6451,-73.94896,7.0,13.9213,1,6.0,1,2,0,0
2025-05-05 02:00:00,358,"Newkirk Av-Little Haiti (2,5)",Brooklyn,40.63997,-73.94841,5.0,11.5547,1,6.0,1,2,0,0
2025-05-05 02:00:00,359,"Flatbush Av-Brooklyn College (2,5)",Brooklyn,40.632835,-73.94764,36.0,26.0474,1,3.0,1,2,0,0
2025-05-05 02:00:00,360,Pelham Bay Park (6),Bronx,40.852463,-73.82812,7.0,4.1656,1,3.0,1,2,0,0
2025-05-05 02:00:00,361,Buhre Av (6),Bronx,40.84681,-73.832565,7.0,3.9605,1,6.0,1,2,0,0
2025-05-05 02:00:00,362,Middletown Rd (6),Bronx,40.843864,-73.83632,5.0,2.4785000000000004,1,6.0,1,2,0,0
2025-05-05 02:00:00,363,Westchester Sq-E Tremont Av (6),Bronx,40.839893,-73.84295,7.0,6.0817,1,6.0,1,2,0,0
2025-05-05 02:00:00,364,Zerega Av (6),Bronx,40.836487,-73.84704,5.0,6.4235,1,6.0,1,2,0,0
2025-05-05 02:00:00,365,Castle Hill Av (6),Bronx,40.834255,-73.85122,12.0,10.7147,1,6.0,1,2,0,0
2025-05-05 02:00:00,366,Parkchester (6),Bronx,40.833225,-73.86082,23.0,21.4103,1,6.0,1,2,0,0
2025-05-05 02:00:00,367,St Lawrence Av (6),Bronx,40.83151,-73.867615,4.0,11.4684,1,3.0,1,2,0,0
2025-05-05 02:00:00,368,Morrison Av-Soundview (6),Bronx,40.82952,-73.87452,10.0,12.1186,1,3.0,1,2,0,0
2025-05-05 02:00:00,369,Elder Av (6),Bronx,40.828583,-73.87916,6.0,15.4907,1,3.0,1,2,0,0
2025-05-05 02:00:00,370,Whitlock Av (6),Bronx,40.826527,-73.886284,1.0,2.1186,1,3.0,1,2,0,0
2025-05-05 02:00:00,371,Hunts Point Av (6),Bronx,40.82095,-73.89055,22.0,33.8113,1,6.0,1,2,0,0
2025-05-05 02:00:00,372,Longwood Av (6),Bronx,40.816105,-73.89644,3.0,7.6772,1,7.0,1,2,0,0
2025-05-05 02:00:00,373,E 149 St (6),Bronx,40.81212,-73.9041,9.0,9.1748,1,7.0,1,2,0,0
2025-05-05 02:00:00,374,E 143 St-St Mary's St (6),Bronx,40.80872,-73.90765,3.0,8.3494,1,6.0,1,2,0,0
2025-05-05 02:00:00,375,Cypress Av (6),Bronx,40.805367,-73.91404,3.0,10.0187,1,6.0,1,2,0,0
2025-05-05 02:00:00,376,Brook Av (6),Bronx,40.807568,-73.91924,11.0,13.6849,1,6.0,1,2,0,0
2025-05-05 02:00:00,377,3 Av-138 St (6),Bronx,40.810474,-73.92614,13.0,20.6813,1,6.0,1,2,0,0
2025-05-05 02:00:00,378,Woodlawn (4),Bronx,40.886036,-73.87875,17.0,7.3109,1,3.0,1,2,0,0
2025-05-05 02:00:00,379,Mosholu Pkwy (4),Bronx,40.87975,-73.88466,15.0,8.7461,1,3.0,1,2,0,0
2025-05-05 02:00:00,380,Bedford Park Blvd-Lehman College (4),Bronx,40.873413,-73.89006,12.0,6.599,1,3.0,1,2,0,0
2025-05-05 02:00:00,381,Kingsbridge Rd (4),Bronx,40.86776,-73.89717,11.0,14.4133,1,3.0,1,2,0,0
2025-05-05 02:00:00,382,Fordham Rd (4),Bronx,40.862804,-73.90103,19.0,15.3135,1,3.0,1,2,0,0
2025-05-05 02:00:00,383,183 St (4),Bronx,40.858406,-73.90388,7.0,14.4913,1,3.0,1,2,0,0
2025-05-05 02:00:00,384,Burnside Av (4),Bronx,40.853455,-73.907684,15.0,14.3887,1,3.0,1,2,0,0
2025-05-05 02:00:00,385,176 St (4),Bronx,40.84848,-73.9118,9.0,11.7745,1,3.0,1,2,0,0
2025-05-05 02:00:00,386,Mt Eden Av (4),Bronx,40.844433,-73.91469,5.0,10.647,1,3.0,1,2,0,0
2025-05-05 02:00:00,387,170 St (4),Bronx,40.840076,-73.91779,11.0,13.64,1,3.0,1,2,0,0
2025-05-05 02:00:00,388,167 St (4),Bronx,40.835537,-73.9214,17.0,16.3561,1,3.0,1,2,0,0
2025-05-05 02:00:00,391,"138 St-Grand Concourse (4,5)",Bronx,40.813225,-73.92985,7.0,7.8948,1,4.0,1,2,0,0
2025-05-05 02:00:00,392,"125 St (4,5,6)",Manhattan,40.80414,-73.93759,31.0,54.7987,1,10.0,1,2,0,0
2025-05-05 02:00:00,393,116 St (6),Manhattan,40.79863,-73.94162,16.0,26.6558,1,10.0,1,2,0,0
2025-05-05 02:00:00,394,110 St (6),Manhattan,40.79502,-73.94425,7.0,15.6981,1,10.0,1,2,0,0
2025-05-05 02:00:00,395,103 St (6),Manhattan,40.7906,-73.94748,13.0,11.8415,1,11.0,1,2,0,0
2025-05-05 02:00:00,396,96 St (6),Manhattan,40.78567,-73.95107,9.0,9.7698,1,10.0,1,2,0,0
2025-05-05 02:00:00,397,"86 St (4,5,6)",Manhattan,40.77949,-73.95559,33.0,28.2286,1,10.0,1,2,0,0
2025-05-05 02:00:00,398,77 St (6),Manhattan,40.77362,-73.95988,19.0,12.6625,1,10.0,1,2,0,0
2025-05-05 02:00:00,399,68 St-Hunter College (6),Manhattan,40.768143,-73.96387,5.0,8.352,1,10.0,1,2,0,0
2025-05-05 02:00:00,403,33 St (6),Manhattan,40.746082,-73.98208,14.0,13.186,1,11.0,1,2,0,0
2025-05-05 02:00:00,404,28 St (6),Manhattan,40.74307,-73.98426,31.0,19.3943,1,11.0,1,2,0,0
2025-05-05 02:00:00,405,23 St-Baruch College (6),Manhattan,40.739864,-73.9866,19.0,10.2581,1,11.0,1,2,0,0
2025-05-05 02:00:00,407,Astor Pl (6),Manhattan,40.730053,-73.99107,27.0,8.6807,1,11.0,1,2,0,0
2025-05-05 02:00:00,409,Spring St (6),Manhattan,40.7223,-73.99714,10.0,10.784,1,11.0,1,2,0,0
2025-05-05 02:00:00,413,"Wall St (4,5)",Manhattan,40.707558,-74.01186,7.0,15.6048,1,5.0,1,2,0,0
2025-05-05 02:00:00,414,"Bowling Green (4,5)",Manhattan,40.70482,-74.01407,19.0,21.5044,1,5.0,1,2,0,0
2025-05-05 02:00:00,416,Wakefield-241 St (2),Bronx,40.903126,-73.85062,13.0,7.6952,1,3.0,1,2,0,0
2025-05-05 02:00:00,417,"Nereid Av (2,5)",Bronx,40.89838,-73.85438,4.0,3.2979,1,3.0,1,2,0,0
2025-05-05 02:00:00,418,"233 St (2,5)",Bronx,40.893192,-73.857475,7.0,6.4738,1,3.0,1,2,0,0
2025-05-05 02:00:00,419,"225 St (2,5)",Bronx,40.888023,-73.860344,4.0,4.6072,1,3.0,1,2,0,0
2025-05-05 02:00:00,421,"Gun Hill Rd (2,5)",Bronx,40.87785,-73.86626,11.0,16.3971,1,3.0,1,2,0,0
2025-05-05 02:00:00,422,"Burke Av (2,5)",Bronx,40.871357,-73.867165,4.0,5.9047,1,3.0,1,2,0,0
2025-05-05 02:00:00,423,"Allerton Av (2,5)",Bronx,40.865463,-73.867355,5.0,9.4788,1,3.0,1,2,0,0
2025-05-05 02:00:00,424,"Pelham Pkwy (2,5)",Bronx,40.857193,-73.867615,11.0,11.954,1,3.0,1,2,0,0
2025-05-05 02:00:00,425,"Bronx Park East (2,5)",Bronx,40.848827,-73.868454,5.0,8.3743,1,3.0,1,2,0,0
2025-05-05 02:00:00,426,"E 180 St (2,5)",Bronx,40.841892,-73.87349,19.0,20.5076,1,6.0,1,2,0,0
2025-05-05 02:00:00,427,"West Farms Sq-E Tremont Av (2,5)",Bronx,40.840294,-73.88005,11.0,11.0481,1,3.0,1,2,0,0
2025-05-05 02:00:00,428,"174 St (2,5)",Bronx,40.837288,-73.88773,11.0,12.9489,1,3.0,1,2,0,0
2025-05-05 02:00:00,429,"Freeman St (2,5)",Bronx,40.829994,-73.89187,7.0,5.1563,1,3.0,1,2,0,0
2025-05-05 02:00:00,430,"Simpson St (2,5)",Bronx,40.824074,-73.89307,8.0,21.8627,1,3.0,1,2,0,0
2025-05-05 02:00:00,431,"Intervale Av (2,5)",Bronx,40.82218,-73.896736,3.0,7.2684,1,3.0,1,2,0,0
2025-05-05 02:00:00,432,"Prospect Av (2,5)",Bronx,40.819584,-73.90177,12.0,12.7591,1,3.0,1,2,0,0
2025-05-05 02:00:00,433,"Jackson Av (2,5)",Bronx,40.81649,-73.90781,10.0,12.6652,1,3.0,1,2,0,0
2025-05-05 02:00:00,434,"3 Av-149 St (2,5)",Bronx,40.81611,-73.917755,27.0,42.3281,1,3.0,1,2,0,0
2025-05-05 02:00:00,436,Harlem-148 St (3),Manhattan,40.82388,-73.93647,1.0,5.9019,1,3.0,1,2,0,0
2025-05-05 02:00:00,437,145 St (3),Manhattan,40.82042,-73.93625,5.0,10.5005,1,6.0,1,2,0,0
2025-05-05 02:00:00,438,"135 St (2,3)",Manhattan,40.814228,-73.94077,21.0,19.476,1,9.0,1,2,0,0
2025-05-05 02:00:00,439,"125 St (2,3)",Manhattan,40.807755,-73.945496,13.0,25.2135,1,9.0,1,2,0,0
2025-05-05 02:00:00,440,"116 St (2,3)",Manhattan,40.802097,-73.94962,6.0,11.3865,1,9.0,1,2,0,0
2025-05-05 02:00:00,441,"110 St-Malcolm X Plaza (2,3)",Manhattan,40.799076,-73.95182,10.0,12.4662,1,9.0,1,2,0,0
2025-05-05 02:00:00,442,Eastchester-Dyre Av (5),Bronx,40.8883,-73.83083,1.0,6.4797,1,3.0,1,2,0,0
2025-05-05 02:00:00,443,Baychester Av (5),Bronx,40.878662,-73.83859,3.0,5.0608,1,6.0,1,2,0,0
2025-05-05 02:00:00,444,Gun Hill Rd (5),Bronx,40.869526,-73.84638,8.0,8.299,1,6.0,1,2,0,0
2025-05-05 02:00:00,447,Flushing-Main St (7),Queens,40.7596,-73.83003,71.0,93.5742,1,3.0,1,2,0,0
2025-05-05 02:00:00,448,Mets-Willets Point (7),Queens,40.754623,-73.84563,5.0,6.5947,1,6.0,1,2,0,0
2025-05-05 02:00:00,449,111 St (7),Queens,40.75173,-73.85533,22.0,38.177,1,3.0,1,2,0,0
2025-05-05 02:00:00,450,103 St-Corona Plaza (7),Queens,40.749866,-73.8627,42.0,77.3411,1,3.0,1,2,0,0
2025-05-05 02:00:00,451,Junction Blvd (7),Queens,40.749146,-73.86953,40.0,85.8538,1,6.0,1,2,0,0
2025-05-05 02:00:00,452,90 St-Elmhurst Av (7),Queens,40.74841,-73.87661,24.0,51.0844,1,3.0,1,2,0,0
2025-05-05 02:00:00,453,82 St-Jackson Hts (7),Queens,40.747658,-73.8837,33.0,28.2262,1,3.0,1,2,0,0
2025-05-05 02:00:00,455,69 St (7),Queens,40.746326,-73.8964,5.0,10.1474,1,6.0,1,2,0,0
2025-05-05 02:00:00,456,61 St-Woodside (7),Queens,40.74563,-73.902985,13.0,29.9327,1,6.0,1,2,0,0
2025-05-05 02:00:00,457,52 St (7),Queens,40.74415,-73.91255,9.0,15.8746,1,6.0,1,2,0,0
2025-05-05 02:00:00,458,46 St-Bliss St (7),Queens,40.743134,-73.918434,13.0,29.8781,1,6.0,1,2,0,0
2025-05-05 02:00:00,459,40 St-Lowery St (7),Queens,40.743782,-73.92402,11.0,16.0044,1,6.0,1,2,0,0
2025-05-05 02:00:00,460,33 St-Rawson St (7),Queens,40.744587,-73.931,11.0,12.5111,1,6.0,1,2,0,0
2025-05-05 02:00:00,461,"Queensboro Plaza (7,N,W)",Queens,40.750584,-73.9402,19.0,20.5563,1,6.0,1,2,0,0
2025-05-05 02:00:00,463,Hunters Point Av (7),Queens,40.742214,-73.94891,2.0,15.4936,1,6.0,1,2,0,0
2025-05-05 02:00:00,464,Vernon Blvd-Jackson Av (7),Queens,40.742626,-73.95358,8.0,13.7448,1,6.0,1,2,0,0
2025-05-05 02:00:00,471,34 St-Hudson Yards (7),Manhattan,40.755882,-74.00191,12.0,16.0685,1,3.0,1,2,0,0
2025-05-05 02:00:00,475,96 St (Q),Manhattan,40.784317,-73.94715,12.0,23.2399,1,3.0,1,2,0,0
2025-05-05 02:00:00,476,86 St (Q),Manhattan,40.77789,-73.95179,9.0,19.7052,1,4.0,1,2,0,0
2025-05-05 02:00:00,477,72 St (Q),Manhattan,40.7688,-73.95843,9.0,20.2724,1,4.0,1,2,0,0
2025-05-05 02:00:00,501,St George (SIR),Staten Island,40.64375,-74.07365,13.0,,0,2.0,1,2,0,0
2025-05-05 02:00:00,502,Tompkinsville (SIR),Staten Island,40.636948,-74.07484,2.0,,0,4.0,1,2,0,0
2025-05-05 02:00:00,601,"14 St/6 Av (1,2,3,L,F,M)",Manhattan,40.737797,-73.997734,56.0,35.8255,1,25.0,1,2,0,0
2025-05-05 02:00:00,602,"14 St-Union Sq (4,5,6,L,N,Q,R,W)",Manhattan,40.735065,-73.99042,107.0,54.6977,1,21.0,1,2,0,0
2025-05-05 02:00:00,603,"149 St-Grand Concourse (2,4,5)",Bronx,40.818394,-73.92703,18.0,14.3434,1,4.0,1,2,0,0
2025-05-05 02:00:00,604,"161 St-Yankee Stadium (4,B,D)",Bronx,40.82795,-73.92574,27.0,43.5915,1,6.0,1,2,0,0
2025-05-05 02:00:00,605,"168 St-Washington Hts (1,A,C)",Manhattan,40.840637,-73.93985,12.0,40.6929,1,9.0,1,2,0,0
2025-05-05 02:00:00,606,"Court Sq-23 St (7,E,F,G)",Queens,40.747143,-73.94503,14.0,28.3271,1,12.0,1,2,0,0
2025-05-05 02:00:00,607,"34 St-Herald Sq (B,D,F,M,N,Q,R,W)",Manhattan,40.74964,-73.987885,128.0,78.4593,1,22.0,1,2,0,0
2025-05-05 02:00:00,608,"4 Av-9 St (F,G,R)",Brooklyn,40.67056,-73.989044,6.0,8.8558,1,10.0,1,2,0,0
2025-05-05 02:00:00,609,"42 St-Bryant Pk/5 Av (7,B,D,F,M)",Manhattan,40.75402,-73.98327,62.0,27.256,1,18.0,1,2,0,0
2025-05-05 02:00:00,610,"Grand Central-42 St (4,5,6,7,S)",Manhattan,40.75199,-73.977356,67.0,89.1614,1,17.0,1,2,0,0
2025-05-05 02:00:00,611,"Times Sq-42 St/Port Authority Bus Terminal (1,2,3,7,A,C,E,N,Q,R,W,S)",Manhattan,40.755745,-73.98758,337.0,193.7953,1,28.0,1,2,0,0
2025-05-05 02:00:00,612,"Lexington Av/51-53 Sts (6,E,F)",Manhattan,40.757328,-73.97049,25.0,34.8007,1,13.0,1,2,0,0
2025-05-05 02:00:00,613,"Lexington Av/59 St (4,5,6,N,R,W)",Manhattan,40.762592,-73.96761,51.0,40.4222,1,13.0,1,2,0,0
2025-05-05 02:00:00,614,"59 St-Columbus Circle (1,A,C,B,D)",Manhattan,40.768272,-73.981834,82.0,52.7765,1,16.0,1,2,0,0
2025-05-05 02:00:00,615,"62 St/New Utrecht Av (D,N)",Brooklyn,40.625656,-73.99663,2.0,3.9853,1,11.0,1,2,0,0
2025-05-05 02:00:00,616,"Jackson Hts-Roosevelt Av/74 St-Broadway (7,E,F,M,R)",Queens,40.746746,-73.891365,106.0,133.9585,1,15.0,1,2,0,0
2025-05-05 02:00:00,617,"Atlantic Av-Barclays Ctr (2,3,4,5,B,D,N,Q,R)",Brooklyn,40.684162,-73.97779,63.0,37.8781,1,32.0,1,2,0,0
2025-05-05 02:00:00,618,"14 St/8 Av (A,C,E,L)",Manhattan,40.740334,-74.00214,77.0,45.4698,1,7.0,1,2,0,0
2025-05-05 02:00:00,619,"Broadway-Lafayette St/Bleecker St (6,B,D,F,M)",Manhattan,40.725605,-73.99543,61.0,24.9996,1,23.0,1,2,0,0
2025-05-05 02:00:00,620,"Borough Hall/Court St (2,3,4,5,R)",Brooklyn,40.69324,-73.99064,5.0,20.0752,1,22.0,1,2,0,0
2025-05-05 02:00:00,621,"Broadway Junction (A,C,J,Z,L)",Brooklyn,40.678898,-73.90436,27.0,13.0054,1,6.0,1,2,0,0
2025-05-05 02:00:00,622,"Brooklyn Bridge-City Hall/Chambers St (4,5,6,J,Z)",Manhattan,40.713154,-74.00377,21.0,14.6579,1,8.0,1,2,0,0
2025-05-05 02:00:00,623,"Canal St (6,J,Z,N,Q,R,W)",Manhattan,40.7187,-74.00058,37.0,25.9089,1,15.0,1,2,0,0
2025-05-05 02:00:00,624,"Chambers St/WTC/Park Place/Cortlandt St (2,3,A,C,E,R,W)",Manhattan,40.712605,-74.00955,32.0,43.7489,1,12.0,1,2,0,0
2025-05-05 02:00:00,625,"Delancey St-Essex St (F,M,J,Z)",Manhattan,40.718464,-73.98778,39.0,21.564,1,4.0,1,2,0,0
2025-05-05 02:00:00,626,"Franklin Av-Medgar Evers College/Botanic Garden (2,3,4,5,S)",Brooklyn,40.670513,-73.95869,13.0,16.4269,1,17.0,1,2,0,0
2025-05-05 02:00:00,627,"Franklin Av (C,S)",Brooklyn,40.68099,-73.95634,8.0,7.1889,1,8.0,1,2,0,0
2025-05-05 02:00:00,628,"Fulton St (2,3,4,5,A,C,J,Z)",Manhattan,40.71009,-74.007835,57.0,58.9465,1,9.0,1,2,0,0
2025-05-05 02:00:00,629,"Metropolitan Av/Lorimer St (G,L)",Brooklyn,40.71343,-73.95084,24.0,20.789,1,12.0,1,2,0,0
2025-05-05 02:00:00,630,"Myrtle-Wyckoff Avs (M,L)",Brooklyn,40.699623,-73.91199,21.0,53.2557,1,6.0,1,2,0,0
2025-05-05 02:00:00,635,"Whitehall St-South Ferry (1,R,W)",Manhattan,40.702576,-74.01333,30.0,22.1836,1,10.0,1,2,0,0
2025-05-05 02:00:00,636,"Jay St-MetroTech (A,C,F,R)",Brooklyn,40.69226,-73.98664,34.0,33.996900000000004,1,20.0,1,2,0,0
2025-05-05 03:00:00,1,"Astoria-Ditmars Blvd (N,W)",Queens,40.775036,-73.91203,21.0,22.8678,1,3.0,1,3,0,0
2025-05-05 03:00:00,2,"Astoria Blvd (N,W)",Queens,40.77026,-73.91785,9.0,15.8417,1,5.0,1,3,0,0
2025-05-05 03:00:00,3,"30 Av (N,W)",Queens,40.76678,-73.92148,19.0,11.915,1,5.0,1,3,0,0
2025-05-05 03:00:00,4,"Broadway (N,W)",Queens,40.76182,-73.92551,14.0,6.1018,1,6.0,1,3,0,0
2025-05-05 03:00:00,5,"36 Av (N,W)",Queens,40.756805,-73.92957,5.0,12.4294,1,6.0,1,3,0,0
2025-05-05 03:00:00,6,"39 Av-Dutch Kills (N,W)",Queens,40.75288,-73.932755,11.0,4.2509,1,6.0,1,3,0,0
2025-05-05 03:00:00,8,"5 Av/59 St (N,R,W)",Manhattan,40.764812,-73.97335,4.0,14.0347,1,6.0,1,3,0,0
2025-05-05 03:00:00,9,"57 St-7 Av (N,Q,R,W)",Manhattan,40.764664,-73.98066,17.0,48.1645,1,12.0,1,3,0,0
2025-05-05 03:00:00,10,"49 St (N,R,W)",Manhattan,40.7599,-73.98414,35.0,27.5421,1,12.0,1,3,0,0
2025-05-05 03:00:00,13,"28 St (R,W)",Manhattan,40.745495,-73.98869,9.0,12.332,1,12.0,1,3,0,0
2025-05-05 03:00:00,14,"23 St (R,W)",Manhattan,40.741302,-73.98934,14.0,15.8594,1,12.0,1,3,0,0
2025-05-05 03:00:00,16,"8 St-NYU (R,W)",Manhattan,40.730328,-73.99263,14.0,12.2599,1,12.0,1,3,0,0
2025-05-05 03:00:00,17,"Prince St (R,W)",Manhattan,40.72433,-73.9977,9.0,10.2279,1,12.0,1,3,0,0
2025-05-05 03:00:00,20,"City Hall (R,W)",Manhattan,40.713284,-74.00698,1.0,6.2624,1,6.0,1,3,0,0
2025-05-05 03:00:00,22,"Rector St (R,W)",Manhattan,40.70722,-74.01334,1.0,6.0491,1,6.0,1,3,0,0
2025-05-05 03:00:00,26,"DeKalb Av (B,Q,R)",Brooklyn,40.690636,-73.98183,22.0,13.5388,1,24.0,1,3,0,0
2025-05-05 03:00:00,28,Union St (R),Brooklyn,40.677315,-73.98311,6.0,4.3027,1,9.0,1,3,0,0
2025-05-05 03:00:00,30,Prospect Av (R),Brooklyn,40.665413,-73.992874,4.0,9.0569,1,9.0,1,3,0,0
2025-05-05 03:00:00,31,25 St (R),Brooklyn,40.660397,-73.99809,12.0,8.1613,1,9.0,1,3,0,0
2025-05-05 03:00:00,32,"36 St (D,N,R)",Brooklyn,40.655144,-74.00355,31.0,27.6286,1,18.0,1,3,0,0
2025-05-05 03:00:00,33,45 St (R),Brooklyn,40.648937,-74.01001,19.0,8.5137,1,12.0,1,3,0,0
2025-05-05 03:00:00,34,53 St (R),Brooklyn,40.64507,-74.01403,23.0,13.8478,1,12.0,1,3,0,0
2025-05-05 03:00:00,35,"59 St (N,R)",Brooklyn,40.64136,-74.01788,27.0,27.6171,1,12.0,1,3,0,0
2025-05-05 03:00:00,36,Bay Ridge Av (R),Brooklyn,40.634968,-74.02338,10.0,6.6572,1,6.0,1,3,0,0
2025-05-05 03:00:00,37,77 St (R),Brooklyn,40.62974,-74.02551,7.0,3.2213,1,6.0,1,3,0,0
2025-05-05 03:00:00,38,86 St (R),Brooklyn,40.62269,-74.0284,19.0,11.713,1,6.0,1,3,0,0
2025-05-05 03:00:00,39,Bay Ridge-95 St (R),Brooklyn,40.616623,-74.030876,9.0,8.8804,1,3.0,1,3,0,0
2025-05-05 03:00:00,41,"7 Av (B,Q)",Brooklyn,40.67705,-73.97237,4.0,3.7665,1,6.0,1,3,0,0
2025-05-05 03:00:00,42,"Prospect Park (B,Q,S)",Brooklyn,40.661613,-73.96225,10.0,11.1562,1,9.0,1,3,0,0
2025-05-05 03:00:00,43,Parkside Av (Q),Brooklyn,40.655293,-73.961494,19.0,6.4697,1,6.0,1,3,0,0
2025-05-05 03:00:00,44,"Church Av (B,Q)",Brooklyn,40.650528,-73.96298,35.0,11.8733,1,6.0,1,3,0,0
2025-05-05 03:00:00,45,Beverley Rd (Q),Brooklyn,40.64403,-73.96449,9.0,3.0336,1,6.0,1,3,0,0
2025-05-05 03:00:00,46,Cortelyou Rd (Q),Brooklyn,40.640926,-73.96389,8.0,2.9748,1,6.0,1,3,0,0
2025-05-05 03:00:00,47,"Newkirk Plaza (B,Q)",Brooklyn,40.635082,-73.96279,18.0,8.2666,1,6.0,1,3,0,0
2025-05-05 03:00:00,48,Avenue H (Q),Brooklyn,40.62927,-73.96164,6.0,1.7976,1,6.0,1,3,0,0
2025-05-05 03:00:00,49,Avenue J (Q),Brooklyn,40.62504,-73.9608,6.0,5.0962,1,6.0,1,3,0,0
2025-05-05 03:00:00,50,Avenue M (Q),Brooklyn,40.61762,-73.9594,3.0,5.3848,1,6.0,1,3,0,0
2025-05-05 03:00:00,51,"Kings Hwy (B,Q)",Brooklyn,40.60867,-73.95773,13.0,14.0168,1,6.0,1,3,0,0
2025-05-05 03:00:00,52,Avenue U (Q),Brooklyn,40.5993,-73.95593,13.0,3.5721,1,6.0,1,3,0,0
2025-05-05 03:00:00,53,Neck Rd (Q),Brooklyn,40.595245,-73.95516,9.0,2.175,1,6.0,1,3,0,0
2025-05-05 03:00:00,54,"Sheepshead Bay (B,Q)",Brooklyn,40.586895,-73.954155,13.0,9.3712,1,6.0,1,3,0,0
2025-05-05 03:00:00,55,"Brighton Beach (B,Q)",Brooklyn,40.57762,-73.96137,9.0,13.7706,1,6.0,1,3,0,0
2025-05-05 03:00:00,56,Ocean Pkwy (Q),Brooklyn,40.576313,-73.9685,2.0,2.794,1,6.0,1,3,0,0
2025-05-05 03:00:00,57,"W 8 St-NY Aquarium (F,Q)",Brooklyn,40.576126,-73.97594,1.0,2.7824,1,12.0,1,3,0,0
2025-05-05 03:00:00,58,"Coney Island-Stillwell Av (D,F,N,Q)",Brooklyn,40.577423,-73.98123,37.0,26.9776,1,12.0,1,3,0,0
2025-05-05 03:00:00,59,9 Av (D),Brooklyn,40.646294,-73.99432,16.0,9.2009,1,6.0,1,3,0,0
2025-05-05 03:00:00,60,Fort Hamilton Pkwy (D),Brooklyn,40.640915,-73.9943,5.0,6.4954,1,6.0,1,3,0,0
2025-05-05 03:00:00,61,50 St (D),Brooklyn,40.63626,-73.99479,6.0,5.106,1,6.0,1,3,0,0
2025-05-05 03:00:00,62,55 St (D),Brooklyn,40.631435,-73.995476,7.0,2.6095,1,6.0,1,3,0,0
2025-05-05 03:00:00,64,71 St (D),Brooklyn,40.61959,-73.99886,7.0,2.7292,1,6.0,1,3,0,0
2025-05-05 03:00:00,65,79 St (D),Brooklyn,40.613503,-74.00061,14.0,6.9559,1,6.0,1,3,0,0
2025-05-05 03:00:00,66,18 Av (D),Brooklyn,40.607952,-74.00174,10.0,8.379,1,6.0,1,3,0,0
2025-05-05 03:00:00,67,20 Av (D),Brooklyn,40.604557,-73.99817,10.0,8.517,1,6.0,1,3,0,0
2025-05-05 03:00:00,68,Bay Pkwy (D),Brooklyn,40.601875,-73.99373,12.0,8.5912,1,6.0,1,3,0,0
2025-05-05 03:00:00,69,25 Av (D),Brooklyn,40.597706,-73.98683,9.0,11.1022,1,6.0,1,3,0,0
2025-05-05 03:00:00,70,Bay 50 St (D),Brooklyn,40.58884,-73.983765,9.0,7.8824,1,6.0,1,3,0,0
2025-05-05 03:00:00,71,8 Av (N),Brooklyn,40.635063,-74.01172,8.0,5.0293,1,6.0,1,3,0,0
2025-05-05 03:00:00,72,Fort Hamilton Pkwy (N),Brooklyn,40.631386,-74.00535,8.0,2.9975,1,6.0,1,3,0,0
2025-05-05 03:00:00,74,18 Av (N),Brooklyn,40.62067,-73.99042,10.0,4.009,1,6.0,1,3,0,0
2025-05-05 03:00:00,75,20 Av (N),Brooklyn,40.61741,-73.98502,5.0,5.2887,1,6.0,1,3,0,0
2025-05-05 03:00:00,76,Bay Pkwy (N),Brooklyn,40.611816,-73.98185,22.0,6.3709,1,6.0,1,3,0,0
2025-05-05 03:00:00,77,Kings Hwy (N),Brooklyn,40.603924,-73.980354,9.0,2.7994,1,6.0,1,3,0,0
2025-05-05 03:00:00,78,Avenue U (N),Brooklyn,40.597473,-73.97913,4.0,6.0639,1,6.0,1,3,0,0
2025-05-05 03:00:00,79,86 St (N),Brooklyn,40.59272,-73.97823,4.0,1.9385,1,6.0,1,3,0,0
2025-05-05 03:00:00,80,"121 St (J,Z)",Queens,40.700493,-73.82829,12.0,5.3757,1,6.0,1,3,0,0
2025-05-05 03:00:00,81,111 St (J),Queens,40.69742,-73.83634,13.0,3.6552,1,6.0,1,3,0,0
2025-05-05 03:00:00,82,"104 St (J,Z)",Queens,40.69518,-73.84433,12.0,0.8025,1,6.0,1,3,0,0
2025-05-05 03:00:00,83,"Woodhaven Blvd (J,Z)",Queens,40.69388,-73.85158,19.0,8.5732,1,6.0,1,3,0,0
2025-05-05 03:00:00,84,85 St-Forest Pkwy (J),Queens,40.692436,-73.86001,4.0,2.5205,1,6.0,1,3,0,0
2025-05-05 03:00:00,85,"75 St-Elderts Ln (J,Z)",Queens,40.691322,-73.86714,26.0,5.0643,1,6.0,1,3,0,0
2025-05-05 03:00:00,87,"Crescent St (J,Z)",Brooklyn,40.683193,-73.87379,17.0,6.5541,1,6.0,1,3,0,0
2025-05-05 03:00:00,88,"Norwood Av (J,Z)",Brooklyn,40.68141,-73.880035,6.0,3.6314,1,6.0,1,3,0,0
2025-05-05 03:00:00,89,Cleveland St (J),Brooklyn,40.679947,-73.884636,8.0,0.25,1,6.0,1,3,0,0
2025-05-05 03:00:00,90,"Van Siclen Av (J,Z)",Brooklyn,40.678024,-73.891685,5.0,1.9667,1,6.0,1,3,0,0
2025-05-05 03:00:00,91,"Alabama Av (J,Z)",Brooklyn,40.67699,-73.89865,4.0,2.1872,1,6.0,1,3,0,0
2025-05-05 03:00:00,93,"Chauncey St (J,Z)",Brooklyn,40.68289,-73.91045,6.0,2.0007,1,6.0,1,3,0,0
2025-05-05 03:00:00,94,Halsey St (J),Brooklyn,40.68637,-73.91656,10.0,7.260499999999999,1,6.0,1,3,0,0
2025-05-05 03:00:00,95,"Gates Av (J,Z)",Brooklyn,40.68963,-73.92227,5.0,6.2491,1,6.0,1,3,0,0
2025-05-05 03:00:00,96,Kosciuszko St (J),Brooklyn,40.69334,-73.92882,10.0,5.2671,1,6.0,1,3,0,0
2025-05-05 03:00:00,97,"Myrtle Av (M,J,Z)",Brooklyn,40.69721,-73.93565,20.0,14.6334,1,9.0,1,3,0,0
2025-05-05 03:00:00,98,"Flushing Av (M,J)",Brooklyn,40.70026,-73.941124,6.0,17.427,1,6.0,1,3,0,0
2025-05-05 03:00:00,99,"Lorimer St (M,J)",Brooklyn,40.70387,-73.94741,1.0,2.053,1,6.0,1,3,0,0
2025-05-05 03:00:00,100,"Hewes St (M,J)",Brooklyn,40.70687,-73.95343,8.0,1.4934,1,3.0,1,3,0,0
2025-05-05 03:00:00,108,Middle Village-Metropolitan Av (M),Queens,40.711395,-73.8896,11.0,9.6165,1,3.0,1,3,0,0
2025-05-05 03:00:00,109,Fresh Pond Rd (M),Queens,40.706184,-73.895874,7.0,7.333600000000001,1,6.0,1,3,0,0
2025-05-05 03:00:00,110,Forest Av (M),Queens,40.704422,-73.903076,4.0,5.6587000000000005,1,6.0,1,3,0,0
2025-05-05 03:00:00,111,Seneca Av (M),Queens,40.702763,-73.90774,3.0,4.6807,1,6.0,1,3,0,0
2025-05-05 03:00:00,113,Knickerbocker Av (M),Brooklyn,40.698666,-73.91971,4.0,1.7822,1,6.0,1,3,0,0
2025-05-05 03:00:00,114,Central Av (M),Brooklyn,40.697857,-73.9274,9.0,5.0915,1,6.0,1,3,0,0
2025-05-05 03:00:00,118,3 Av (L),Manhattan,40.73285,-73.98612,11.0,7.5255,1,6.0,1,3,0,0
2025-05-05 03:00:00,119,1 Av (L),Manhattan,40.730953,-73.98163,29.0,23.5644,1,6.0,1,3,0,0
2025-05-05 03:00:00,120,Bedford Av (L),Brooklyn,40.717304,-73.95687,34.0,28.6425,1,6.0,1,3,0,0
2025-05-05 03:00:00,122,Graham Av (L),Brooklyn,40.714565,-73.94405,4.0,17.6863,1,6.0,1,3,0,0
2025-05-05 03:00:00,123,Grand St (L),Brooklyn,40.711926,-73.94067,8.0,22.1157,1,6.0,1,3,0,0
2025-05-05 03:00:00,124,Montrose Av (L),Brooklyn,40.70774,-73.93985,8.0,8.068,1,6.0,1,3,0,0
2025-05-05 03:00:00,125,Morgan Av (L),Brooklyn,40.706154,-73.93314,4.0,15.6855,1,6.0,1,3,0,0
2025-05-05 03:00:00,126,Jefferson St (L),Brooklyn,40.706608,-73.92291,15.0,12.0605,1,6.0,1,3,0,0
2025-05-05 03:00:00,127,DeKalb Av (L),Brooklyn,40.70381,-73.91843,17.0,18.8157,1,6.0,1,3,0,0
2025-05-05 03:00:00,129,Halsey St (L),Queens,40.695602,-73.90408,10.0,12.8886,1,6.0,1,3,0,0
2025-05-05 03:00:00,130,Wilson Av (L),Brooklyn,40.688763,-73.904045,4.0,14.1706,1,6.0,1,3,0,0
2025-05-05 03:00:00,131,Bushwick Av-Aberdeen St (L),Brooklyn,40.68283,-73.90525,5.0,3.9652,1,6.0,1,3,0,0
2025-05-05 03:00:00,133,Atlantic Av (L),Brooklyn,40.675346,-73.9031,3.0,4.1085,1,6.0,1,3,0,0
2025-05-05 03:00:00,134,Sutter Av (L),Brooklyn,40.66937,-73.90198,16.0,4.2123,1,6.0,1,3,0,0
2025-05-05 03:00:00,135,Livonia Av (L),Brooklyn,40.66404,-73.90057,13.0,7.5181,1,6.0,1,3,0,0
2025-05-05 03:00:00,136,New Lots Av (L),Brooklyn,40.658733,-73.89923,23.0,6.698799999999999,1,6.0,1,3,0,0
2025-05-05 03:00:00,137,East 105 St (L),Brooklyn,40.650574,-73.89948,3.0,5.9057,1,6.0,1,3,0,0
2025-05-05 03:00:00,138,Canarsie-Rockaway Pkwy (L),Brooklyn,40.646652,-73.90185,21.0,18.2585,1,3.0,1,3,0,0
2025-05-05 03:00:00,141,Park Pl (S),Brooklyn,40.67477,-73.95763,3.0,0.8492,1,6.0,1,3,0,0
2025-05-05 03:00:00,143,Inwood-207 St (A),Manhattan,40.868073,-73.9199,22.0,26.9022,1,3.0,1,3,0,0
2025-05-05 03:00:00,144,Dyckman St (A),Manhattan,40.86549,-73.92727,10.0,4.6581,1,5.0,1,3,0,0
2025-05-05 03:00:00,145,190 St (A),Manhattan,40.85902,-73.93418,1.0,4.43,1,5.0,1,3,0,0
2025-05-05 03:00:00,146,181 St (A),Manhattan,40.851696,-73.937965,12.0,11.1087,1,5.0,1,3,0,0
2025-05-05 03:00:00,147,175 St (A),Manhattan,40.84739,-73.939705,12.0,12.5301,1,5.0,1,3,0,0
2025-05-05 03:00:00,149,163 St-Amsterdam Av (C),Manhattan,40.836014,-73.939896,14.0,7.6907,1,6.0,1,3,0,0
2025-05-05 03:00:00,150,155 St (C),Manhattan,40.830517,-73.94151,4.0,2.146,1,6.0,1,3,0,0
2025-05-05 03:00:00,151,"145 St (A,C,B,D)",Manhattan,40.824783,-73.944214,43.0,34.7325,1,,0,3,0,0
2025-05-05 03:00:00,152,"135 St (C,B)",Manhattan,40.817894,-73.94765,7.0,4.7365,1,6.0,1,3,0,0
2025-05-05 03:00:00,153,"125 St (A,C,B,D)",Manhattan,40.811108,-73.95235,32.0,47.7587,1,11.0,1,3,0,0
2025-05-05 03:00:00,154,"116 St (C,B)",Manhattan,40.805084,-73.95488,8.0,7.4572,1,6.0,1,3,0,0
2025-05-05 03:00:00,155,"Cathedral Pkwy (110 St) (C,B)",Manhattan,40.800602,-73.95816,4.0,6.2916,1,6.0,1,3,0,0
2025-05-05 03:00:00,156,"103 St (C,B)",Manhattan,40.796093,-73.96146,5.0,2.2809,1,6.0,1,3,0,0
2025-05-05 03:00:00,157,"96 St (C,B)",Manhattan,40.79164,-73.9647,1.0,9.0559,1,6.0,1,3,0,0
2025-05-05 03:00:00,158,"86 St (C,B)",Manhattan,40.78587,-73.96892,2.0,8.8134,1,6.0,1,3,0,0
2025-05-05 03:00:00,159,"81 St-Museum of Natural History (C,B)",Manhattan,40.781433,-73.972145,2.0,9.2421,1,6.0,1,3,0,0
2025-05-05 03:00:00,160,"72 St (C,B)",Manhattan,40.775593,-73.97641,1.0,5.0269,1,6.0,1,3,0,0
2025-05-05 03:00:00,162,"50 St (C,E)",Manhattan,40.762455,-73.985985,5.0,25.4703,1,6.0,1,3,0,0
2025-05-05 03:00:00,164,"34 St-Penn Station (A,C,E)",Manhattan,40.75229,-73.99339,36.0,105.044,1,6.0,1,3,0,0
2025-05-05 03:00:00,165,"23 St (C,E)",Manhattan,40.745907,-73.99804,5.0,17.863,1,6.0,1,3,0,0
2025-05-05 03:00:00,167,"W 4 St-Wash Sq (A,C,E,B,D,F,M)",Manhattan,40.732338,-74.000496,68.0,41.3357,1,,0,3,0,0
2025-05-05 03:00:00,169,"Canal St (A,C,E)",Manhattan,40.720825,-74.005226,11.0,21.1857,1,6.0,1,3,0,0
2025-05-05 03:00:00,173,"High St (A,C)",Brooklyn,40.699337,-73.99053,3.0,6.8249,1,6.0,1,3,0,0
2025-05-05 03:00:00,175,"Hoyt-Schermerhorn Sts (A,C,G)",Brooklyn,40.688484,-73.985,9.0,10.4069,1,9.0,1,3,0,0
2025-05-05 03:00:00,176,Lafayette Av (C),Brooklyn,40.68611,-73.973946,7.0,5.9133,1,6.0,1,3,0,0
2025-05-05 03:00:00,177,Clinton-Washington Avs (C),Brooklyn,40.68326,-73.965836,13.0,5.265,1,6.0,1,3,0,0
2025-05-05 03:00:00,179,"Nostrand Av (A,C)",Brooklyn,40.68044,-73.950424,19.0,21.4057,1,6.0,1,3,0,0
2025-05-05 03:00:00,180,Kingston-Throop Avs (C),Brooklyn,40.67992,-73.94086,12.0,6.4683,1,6.0,1,3,0,0
2025-05-05 03:00:00,181,"Utica Av (A,C)",Brooklyn,40.679363,-73.93073,24.0,18.2866,1,6.0,1,3,0,0
2025-05-05 03:00:00,182,Ralph Av (C),Brooklyn,40.67882,-73.920784,7.0,7.7363,1,6.0,1,3,0,0
2025-05-05 03:00:00,183,Rockaway Av (C),Brooklyn,40.67834,-73.91195,18.0,11.3349,1,6.0,1,3,0,0
2025-05-05 03:00:00,185,Liberty Av (C),Brooklyn,40.67454,-73.896545,7.0,3.5347,1,6.0,1,3,0,0
2025-05-05 03:00:00,186,Van Siclen Av (C),Brooklyn,40.67271,-73.89036,9.0,3.5228,1,6.0,1,3,0,0
2025-05-05 03:00:00,187,Shepherd Av (C),Brooklyn,40.67413,-73.88075,8.0,4.1128,1,6.0,1,3,0,0
2025-05-05 03:00:00,188,"Euclid Av (A,C)",Brooklyn,40.675377,-73.87211,27.0,19.1232,1,9.0,1,3,0,0
2025-05-05 03:00:00,189,Grant Av (A),Brooklyn,40.677044,-73.86505,21.0,14.1769,1,12.0,1,3,0,0
2025-05-05 03:00:00,190,80 St (A),Queens,40.67937,-73.85899,19.0,10.6306,1,12.0,1,3,0,0
2025-05-05 03:00:00,191,88 St (A),Queens,40.679844,-73.85147,11.0,1.5708,1,12.0,1,3,0,0
2025-05-05 03:00:00,192,Rockaway Blvd (A),Queens,40.680428,-73.84386,26.0,12.5801,1,12.0,1,3,0,0
2025-05-05 03:00:00,193,104 St (A),Queens,40.68171,-73.837685,9.0,1.5602,1,6.0,1,3,0,0
2025-05-05 03:00:00,194,111 St (A),Queens,40.68433,-73.83216,10.0,0.2918,1,6.0,1,3,0,0
2025-05-05 03:00:00,195,Ozone Park-Lefferts Blvd (A),Queens,40.68595,-73.8258,27.0,17.5444,1,3.0,1,3,0,0
2025-05-05 03:00:00,196,Aqueduct Racetrack (A),Queens,40.672096,-73.83592,5.0,0.3927,1,3.0,1,3,0,0
2025-05-05 03:00:00,197,Aqueduct-N Conduit Av (A),Queens,40.668236,-73.83406,4.0,1.8315,1,6.0,1,3,0,0
2025-05-05 03:00:00,198,Howard Beach-JFK Airport (A),Queens,40.660477,-73.8303,66.0,41.8569,1,3.0,1,3,0,0
2025-05-05 03:00:00,210,Norwood-205 St (D),Bronx,40.87481,-73.87885,35.0,5.7620000000000005,1,3.0,1,3,0,0
2025-05-05 03:00:00,211,"Bedford Park Blvd (B,D)",Bronx,40.873245,-73.88714,25.0,10.5751,1,4.0,1,3,0,0
2025-05-05 03:00:00,212,"Kingsbridge Rd (B,D)",Bronx,40.866978,-73.89351,25.0,8.9286,1,4.0,1,3,0,0
2025-05-05 03:00:00,213,"Fordham Rd (B,D)",Bronx,40.861298,-73.89775,26.0,15.1693,1,4.0,1,3,0,0
2025-05-05 03:00:00,214,"182-183 Sts (B,D)",Bronx,40.856094,-73.90074,22.0,9.5949,1,4.0,1,3,0,0
2025-05-05 03:00:00,215,"Tremont Av (B,D)",Bronx,40.85041,-73.90523,31.0,9.8548,1,4.0,1,3,0,0
2025-05-05 03:00:00,216,"174-175 Sts (B,D)",Bronx,40.8459,-73.91013,13.0,7.6021,1,5.0,1,3,0,0
2025-05-05 03:00:00,217,"170 St (B,D)",Bronx,40.839306,-73.9134,14.0,8.2472,1,5.0,1,3,0,0
2025-05-05 03:00:00,218,"167 St (B,D)",Bronx,40.83377,-73.91844,17.0,15.1528,1,5.0,1,3,0,0
2025-05-05 03:00:00,220,"155 St (B,D)",Manhattan,40.830135,-73.93821,1.0,3.8252,1,5.0,1,3,0,0
2025-05-05 03:00:00,221,21 St-Queensbridge (M),Queens,40.754204,-73.94283,13.0,30.3041,1,8.0,1,3,0,0
2025-05-05 03:00:00,223,"Lexington Av/63 St (M,Q)",Manhattan,40.76463,-73.96611,20.0,31.6182,1,15.0,1,3,0,0
2025-05-05 03:00:00,224,57 St (M),Manhattan,40.763973,-73.97745,14.0,27.5066,1,9.0,1,3,0,0
2025-05-05 03:00:00,225,"47-50 Sts-Rockefeller Ctr (B,D,F,M)",Manhattan,40.758663,-73.98133,41.0,90.5851,1,18.0,1,3,0,0
2025-05-05 03:00:00,228,"23 St (F,M)",Manhattan,40.742878,-73.99282,19.0,17.2591,1,12.0,1,3,0,0
2025-05-05 03:00:00,231,"Grand St (B,D)",Manhattan,40.718266,-73.99375,12.0,20.4767,1,6.0,1,3,0,0
2025-05-05 03:00:00,232,2 Av (F),Manhattan,40.7234,-73.98994,30.0,17.087699999999998,1,9.0,1,3,0,0
2025-05-05 03:00:00,234,East Broadway (F),Manhattan,40.713715,-73.99017,7.0,11.4787,1,6.0,1,3,0,0
2025-05-05 03:00:00,235,York St (F),Brooklyn,40.701397,-73.98675,3.0,13.1564,1,6.0,1,3,0,0
2025-05-05 03:00:00,236,"Bergen St (F,G)",Brooklyn,40.686146,-73.99086,1.0,5.9737,1,6.0,1,3,0,0
2025-05-05 03:00:00,237,"Carroll St (F,G)",Brooklyn,40.6803,-73.99505,4.0,5.1914,1,6.0,1,3,0,0
2025-05-05 03:00:00,238,"Smith-9 Sts (F,G)",Brooklyn,40.67358,-73.99596,2.0,9.8638,1,6.0,1,3,0,0
2025-05-05 03:00:00,240,"7 Av (F,G)",Brooklyn,40.66627,-73.98031,4.0,8.7221,1,6.0,1,3,0,0
2025-05-05 03:00:00,242,"Fort Hamilton Pkwy (F,G)",Brooklyn,40.650784,-73.97578,2.0,1.119,1,6.0,1,3,0,0
2025-05-05 03:00:00,243,"Church Av (F,G)",Brooklyn,40.64404,-73.979675,19.0,16.5481,1,6.0,1,3,0,0
2025-05-05 03:00:00,244,Ditmas Av (F),Brooklyn,40.63612,-73.97817,5.0,2.0931,1,6.0,1,3,0,0
2025-05-05 03:00:00,245,18 Av (F),Brooklyn,40.629753,-73.976974,5.0,2.6882,1,6.0,1,3,0,0
2025-05-05 03:00:00,246,Avenue I (F),Brooklyn,40.62532,-73.97613,1.0,2.0502,1,6.0,1,3,0,0
2025-05-05 03:00:00,247,Bay Pkwy (F),Brooklyn,40.62077,-73.975266,1.0,1.227,1,6.0,1,3,0,0
2025-05-05 03:00:00,248,Avenue N (F),Brooklyn,40.61514,-73.9742,1.0,2.6729,1,6.0,1,3,0,0
2025-05-05 03:00:00,249,Avenue P (F),Brooklyn,40.608944,-73.97302,2.0,2.3953,1,6.0,1,3,0,0
2025-05-05 03:00:00,250,Kings Hwy (F),Brooklyn,40.603218,-73.97236,5.0,3.1946,1,6.0,1,3,0,0
2025-05-05 03:00:00,251,Avenue U (F),Brooklyn,40.59606,-73.97336,1.0,1.6164,1,6.0,1,3,0,0
2025-05-05 03:00:00,252,Avenue X (F),Brooklyn,40.58962,-73.97425,7.0,2.5420000000000003,1,6.0,1,3,0,0
2025-05-05 03:00:00,254,Jamaica-179 St (F),Queens,40.712646,-73.78381,82.0,30.6862,1,3.0,1,3,0,0
2025-05-05 03:00:00,255,169 St (F),Queens,40.71047,-73.7936,24.0,17.5749,1,3.0,1,3,0,0
2025-05-05 03:00:00,256,Parsons Blvd (F),Queens,40.707565,-73.80333,33.0,6.6155,1,4.0,1,3,0,0
2025-05-05 03:00:00,257,Sutphin Blvd (F),Queens,40.70546,-73.81071,10.0,7.4359,1,4.0,1,3,0,0
2025-05-05 03:00:00,258,"Briarwood (E,F)",Queens,40.70918,-73.82057,12.0,9.4921,1,10.0,1,3,0,0
2025-05-05 03:00:00,259,"Kew Gardens-Union Tpke (E,F)",Queens,40.71444,-73.83101,44.0,39.237,1,10.0,1,3,0,0
2025-05-05 03:00:00,260,"75 Av (E,F)",Queens,40.71833,-73.837326,5.0,0.7537,1,10.0,1,3,0,0
2025-05-05 03:00:00,261,"Forest Hills-71 Av (E,F,M,R)",Queens,40.72169,-73.84452,21.0,21.3402,1,10.0,1,3,0,0
2025-05-05 03:00:00,262,"67 Av (M,R)",Queens,40.726524,-73.85272,12.0,7.4979,1,10.0,1,3,0,0
2025-05-05 03:00:00,263,"63 Dr-Rego Park (M,R)",Queens,40.729847,-73.8616,18.0,9.3146,1,11.0,1,3,0,0
2025-05-05 03:00:00,264,"Woodhaven Blvd (M,R)",Queens,40.733105,-73.86923,28.0,25.2959,1,11.0,1,3,0,0
2025-05-05 03:00:00,265,"Grand Av-Newtown (M,R)",Queens,40.737015,-73.87722,34.0,29.6188,1,11.0,1,3,0,0
2025-05-05 03:00:00,266,"Elmhurst Av (M,R)",Queens,40.742455,-73.88202,22.0,13.5717,1,11.0,1,3,0,0
2025-05-05 03:00:00,268,"65 St (M,R)",Queens,40.74967,-73.89845,3.0,9.9779,1,11.0,1,3,0,0
2025-05-05 03:00:00,269,"Northern Blvd (M,R)",Queens,40.752884,-73.906006,11.0,8.1654,1,11.0,1,3,0,0
2025-05-05 03:00:00,270,"46 St (M,R)",Queens,40.756313,-73.91333,11.0,10.2658,1,11.0,1,3,0,0
2025-05-05 03:00:00,271,"Steinway St (M,R)",Queens,40.756878,-73.92074,22.0,13.0794,1,11.0,1,3,0,0
2025-05-05 03:00:00,272,"36 St (M,R)",Queens,40.75204,-73.92878,5.0,5.857,1,11.0,1,3,0,0
2025-05-05 03:00:00,273,"Queens Plaza (E,F,R)",Queens,40.748974,-73.93724,2.0,29.7263,1,3.0,1,3,0,0
2025-05-05 03:00:00,276,"5 Av/53 St (E,F)",Manhattan,40.760166,-73.97523,3.0,30.0509,1,3.0,1,3,0,0
2025-05-05 03:00:00,277,"7 Av (E,B,D)",Manhattan,40.762863,-73.981636,3.0,26.4654,1,6.0,1,3,0,0
2025-05-05 03:00:00,278,"Jamaica Center-Parsons/Archer (E,J,Z)",Queens,40.70215,-73.80111,99.0,63.2567,1,6.0,1,3,0,0
2025-05-05 03:00:00,279,"Sutphin Blvd-Archer Av-JFK Airport (E,J,Z)",Queens,40.700485,-73.80797,76.0,113.4197,1,12.0,1,3,0,0
2025-05-05 03:00:00,280,Jamaica-Van Wyck (E),Queens,40.702564,-73.81686,19.0,10.895,1,6.0,1,3,0,0
2025-05-05 03:00:00,282,21 St (G),Queens,40.744064,-73.94972,3.0,4.2036,1,6.0,1,3,0,0
2025-05-05 03:00:00,283,Greenpoint Av (G),Brooklyn,40.731354,-73.95445,1.0,13.601,1,6.0,1,3,0,0
2025-05-05 03:00:00,284,Nassau Av (G),Brooklyn,40.724636,-73.95128,5.0,12.8786,1,6.0,1,3,0,0
2025-05-05 03:00:00,286,Broadway (G),Brooklyn,40.706093,-73.95031,5.0,5.0074,1,6.0,1,3,0,0
2025-05-05 03:00:00,287,Flushing Av (G),Brooklyn,40.70038,-73.95023,5.0,26.3756,1,6.0,1,3,0,0
2025-05-05 03:00:00,288,Myrtle-Willoughby Avs (G),Brooklyn,40.69457,-73.94904,8.0,3.7717,1,6.0,1,3,0,0
2025-05-05 03:00:00,289,Bedford-Nostrand Avs (G),Brooklyn,40.68963,-73.95352,17.0,7.7606,1,6.0,1,3,0,0
2025-05-05 03:00:00,290,Classon Av (G),Brooklyn,40.688873,-73.96007,2.0,4.8977,1,6.0,1,3,0,0
2025-05-05 03:00:00,292,Fulton St (G),Brooklyn,40.68712,-73.97537,8.0,6.5945,1,6.0,1,3,0,0
2025-05-05 03:00:00,293,Van Cortlandt Park-242 St (1),Bronx,40.889248,-73.89858,18.0,8.843399999999999,1,3.0,1,3,0,0
2025-05-05 03:00:00,294,238 St (1),Bronx,40.884666,-73.90087,9.0,3.3596,1,6.0,1,3,0,0
2025-05-05 03:00:00,295,231 St (1),Bronx,40.878857,-73.90483,11.0,8.2524,1,6.0,1,3,0,0
2025-05-05 03:00:00,296,Marble Hill-225 St (1),Manhattan,40.87456,-73.90983,13.0,8.5222,1,6.0,1,3,0,0
2025-05-05 03:00:00,297,215 St (1),Manhattan,40.869446,-73.915276,1.0,1.1757,1,6.0,1,3,0,0
2025-05-05 03:00:00,298,207 St (1),Manhattan,40.86462,-73.91882,12.0,5.2377,1,6.0,1,3,0,0
2025-05-05 03:00:00,299,Dyckman St (1),Manhattan,40.86053,-73.92554,19.0,7.3485,1,6.0,1,3,0,0
2025-05-05 03:00:00,300,191 St (1),Manhattan,40.855225,-73.92941,9.0,6.429399999999999,1,6.0,1,3,0,0
2025-05-05 03:00:00,301,181 St (1),Manhattan,40.849506,-73.93359,25.0,10.9893,1,6.0,1,3,0,0
2025-05-05 03:00:00,303,157 St (1),Manhattan,40.83404,-73.94489,37.0,17.3924,1,6.0,1,3,0,0
2025-05-05 03:00:00,304,145 St (1),Manhattan,40.82655,-73.95036,22.0,19.9913,1,6.0,1,3,0,0
2025-05-05 03:00:00,305,137 St-City College (1),Manhattan,40.822006,-73.953674,25.0,15.821,1,6.0,1,3,0,0
2025-05-05 03:00:00,306,125 St (1),Manhattan,40.815582,-73.958374,9.0,12.5401,1,6.0,1,3,0,0
2025-05-05 03:00:00,307,116 St-Columbia University (1),Manhattan,40.80772,-73.96411,4.0,14.1579,1,6.0,1,3,0,0
2025-05-05 03:00:00,308,Cathedral Pkwy (110 St) (1),Manhattan,40.803967,-73.96685,9.0,13.8053,1,6.0,1,3,0,0
2025-05-05 03:00:00,309,103 St (1),Manhattan,40.799446,-73.968376,6.0,15.7151,1,6.0,1,3,0,0
2025-05-05 03:00:00,310,"96 St (1,2,3)",Manhattan,40.79392,-73.97232,21.0,34.4956,1,18.0,1,3,0,0
2025-05-05 03:00:00,311,86 St (1),Manhattan,40.788643,-73.97622,6.0,17.5296,1,12.0,1,3,0,0
2025-05-05 03:00:00,312,79 St (1),Manhattan,40.783936,-73.97992,4.0,13.8039,1,12.0,1,3,0,0
2025-05-05 03:00:00,313,"72 St (1,2,3)",Manhattan,40.778454,-73.98197,19.0,27.4149,1,18.0,1,3,0,0
2025-05-05 03:00:00,314,66 St-Lincoln Center (1),Manhattan,40.77344,-73.98221,5.0,12.5761,1,12.0,1,3,0,0
2025-05-05 03:00:00,316,50 St (1),Manhattan,40.761726,-73.98385,31.0,24.2241,1,12.0,1,3,0,0
2025-05-05 03:00:00,318,"34 St-Penn Station (1,2,3)",Manhattan,40.750374,-73.99106,34.0,93.468,1,15.0,1,3,0,0
2025-05-05 03:00:00,319,28 St (1),Manhattan,40.747215,-73.99336,3.0,19.2924,1,12.0,1,3,0,0
2025-05-05 03:00:00,320,23 St (1),Manhattan,40.74408,-73.99566,7.0,20.5201,1,12.0,1,3,0,0
2025-05-05 03:00:00,321,18 St (1),Manhattan,40.74104,-73.99787,4.0,4.1147,1,12.0,1,3,0,0
2025-05-05 03:00:00,323,Christopher St-Stonewall (1),Manhattan,40.73342,-74.00291,28.0,11.0074,1,12.0,1,3,0,0
2025-05-05 03:00:00,324,Houston St (1),Manhattan,40.728252,-74.00536,1.0,20.9977,1,12.0,1,3,0,0
2025-05-05 03:00:00,325,Canal St (1),Manhattan,40.722855,-74.00628,6.0,5.6199,1,12.0,1,3,0,0
2025-05-05 03:00:00,326,Franklin St (1),Manhattan,40.71932,-74.00689,3.0,3.0508,1,12.0,1,3,0,0
2025-05-05 03:00:00,327,"Chambers St (1,2,3)",Manhattan,40.715477,-74.00927,6.0,22.3154,1,12.0,1,3,0,0
2025-05-05 03:00:00,328,WTC Cortlandt (1),Manhattan,40.711834,-74.01219,7.0,12.6567,1,6.0,1,3,0,0
2025-05-05 03:00:00,329,Rector St (1),Manhattan,40.70751,-74.01379,6.0,7.1228,1,6.0,1,3,0,0
2025-05-05 03:00:00,333,"Wall St (2,3)",Manhattan,40.70682,-74.0091,2.0,12.5456,1,6.0,1,3,0,0
2025-05-05 03:00:00,334,"Clark St (2,3)",Brooklyn,40.697468,-73.99309,1.0,3.0125,1,6.0,1,3,0,0
2025-05-05 03:00:00,336,"Hoyt St (2,3)",Brooklyn,40.690544,-73.98506,8.0,9.3162,1,6.0,1,3,0,0
2025-05-05 03:00:00,337,"Nevins St (2,3,4,5)",Brooklyn,40.688248,-73.98049,7.0,8.7685,1,12.0,1,3,0,0
2025-05-05 03:00:00,339,"Bergen St (2,3)",Brooklyn,40.68083,-73.9751,3.0,2.9088,1,12.0,1,3,0,0
2025-05-05 03:00:00,340,"Grand Army Plaza (2,3)",Brooklyn,40.675236,-73.97105,2.0,4.6931,1,12.0,1,3,0,0
2025-05-05 03:00:00,341,"Eastern Pkwy-Brooklyn Museum (2,3)",Brooklyn,40.671986,-73.96438,1.0,2.1512,1,12.0,1,3,0,0
2025-05-05 03:00:00,343,Nostrand Av (3),Brooklyn,40.669846,-73.95046,7.0,3.7848,1,6.0,1,3,0,0
2025-05-05 03:00:00,344,Kingston Av (3),Brooklyn,40.6694,-73.94216,7.0,2.3219,1,6.0,1,3,0,0
2025-05-05 03:00:00,345,"Crown Hts-Utica Av (3,4)",Brooklyn,40.668896,-73.932945,53.0,21.7995,1,6.0,1,3,0,0
2025-05-05 03:00:00,346,Sutter Av-Rutland Rd (3),Brooklyn,40.66472,-73.92261,22.0,8.1358,1,6.0,1,3,0,0
2025-05-05 03:00:00,347,Saratoga Av (3),Brooklyn,40.661453,-73.91633,14.0,6.96,1,6.0,1,3,0,0
2025-05-05 03:00:00,348,Rockaway Av (3),Brooklyn,40.662548,-73.90894,17.0,8.793,1,6.0,1,3,0,0
2025-05-05 03:00:00,349,Junius St (3),Brooklyn,40.663513,-73.90245,5.0,3.6793,1,6.0,1,3,0,0
2025-05-05 03:00:00,350,Pennsylvania Av (3),Brooklyn,40.664635,-73.8949,8.0,7.0638,1,6.0,1,3,0,0
2025-05-05 03:00:00,351,Van Siclen Av (3),Brooklyn,40.665447,-73.8894,4.0,2.7314,1,6.0,1,3,0,0
2025-05-05 03:00:00,352,New Lots Av (3),Brooklyn,40.666237,-73.88408,28.0,14.622,1,3.0,1,3,0,0
2025-05-05 03:00:00,354,"Sterling St (2,5)",Brooklyn,40.662743,-73.95085,6.0,3.282,1,6.0,1,3,0,0
2025-05-05 03:00:00,355,"Winthrop St (2,5)",Brooklyn,40.65665,-73.9502,7.0,4.3949,1,6.0,1,3,0,0
2025-05-05 03:00:00,356,"Church Av (2,5)",Brooklyn,40.650845,-73.94958,24.0,5.6401,1,6.0,1,3,0,0
2025-05-05 03:00:00,357,"Beverly Rd (2,5)",Brooklyn,40.6451,-73.94896,9.0,6.695,1,6.0,1,3,0,0
2025-05-05 03:00:00,358,"Newkirk Av-Little Haiti (2,5)",Brooklyn,40.63997,-73.94841,14.0,11.6717,1,6.0,1,3,0,0
2025-05-05 03:00:00,359,"Flatbush Av-Brooklyn College (2,5)",Brooklyn,40.632835,-73.94764,51.0,25.1627,1,3.0,1,3,0,0
2025-05-05 03:00:00,360,Pelham Bay Park (6),Bronx,40.852463,-73.82812,17.0,9.1014,1,3.0,1,3,0,0
2025-05-05 03:00:00,361,Buhre Av (6),Bronx,40.84681,-73.832565,7.0,2.924,1,6.0,1,3,0,0
2025-05-05 03:00:00,362,Middletown Rd (6),Bronx,40.843864,-73.83632,7.0,3.8492,1,6.0,1,3,0,0
2025-05-05 03:00:00,363,Westchester Sq-E Tremont Av (6),Bronx,40.839893,-73.84295,10.0,4.5393,1,6.0,1,3,0,0
2025-05-05 03:00:00,364,Zerega Av (6),Bronx,40.836487,-73.84704,7.0,6.7142,1,6.0,1,3,0,0
2025-05-05 03:00:00,365,Castle Hill Av (6),Bronx,40.834255,-73.85122,19.0,9.6492,1,6.0,1,3,0,0
2025-05-05 03:00:00,366,Parkchester (6),Bronx,40.833225,-73.86082,55.0,18.4009,1,6.0,1,3,0,0
2025-05-05 03:00:00,367,St Lawrence Av (6),Bronx,40.83151,-73.867615,9.0,10.8339,1,3.0,1,3,0,0
2025-05-05 03:00:00,368,Morrison Av-Soundview (6),Bronx,40.82952,-73.87452,16.0,9.0636,1,3.0,1,3,0,0
2025-05-05 03:00:00,369,Elder Av (6),Bronx,40.828583,-73.87916,30.0,16.8571,1,3.0,1,3,0,0
2025-05-05 03:00:00,370,Whitlock Av (6),Bronx,40.826527,-73.886284,3.0,1.4755,1,3.0,1,3,0,0
2025-05-05 03:00:00,371,Hunts Point Av (6),Bronx,40.82095,-73.89055,51.0,38.5234,1,6.0,1,3,0,0
2025-05-05 03:00:00,372,Longwood Av (6),Bronx,40.816105,-73.89644,9.0,13.6211,1,6.0,1,3,0,0
2025-05-05 03:00:00,373,E 149 St (6),Bronx,40.81212,-73.9041,14.0,7.7633,1,6.0,1,3,0,0
2025-05-05 03:00:00,374,E 143 St-St Mary's St (6),Bronx,40.80872,-73.90765,4.0,6.8625,1,6.0,1,3,0,0
2025-05-05 03:00:00,375,Cypress Av (6),Bronx,40.805367,-73.91404,5.0,10.6577,1,6.0,1,3,0,0
2025-05-05 03:00:00,376,Brook Av (6),Bronx,40.807568,-73.91924,17.0,15.2369,1,6.0,1,3,0,0
2025-05-05 03:00:00,377,3 Av-138 St (6),Bronx,40.810474,-73.92614,16.0,25.7281,1,6.0,1,3,0,0
2025-05-05 03:00:00,378,Woodlawn (4),Bronx,40.886036,-73.87875,19.0,10.412,1,3.0,1,3,0,0
2025-05-05 03:00:00,379,Mosholu Pkwy (4),Bronx,40.87975,-73.88466,27.0,12.8881,1,5.0,1,3,0,0
2025-05-05 03:00:00,380,Bedford Park Blvd-Lehman College (4),Bronx,40.873413,-73.89006,16.0,5.0737,1,5.0,1,3,0,0
2025-05-05 03:00:00,381,Kingsbridge Rd (4),Bronx,40.86776,-73.89717,29.0,10.8518,1,5.0,1,3,0,0
2025-05-05 03:00:00,382,Fordham Rd (4),Bronx,40.862804,-73.90103,41.0,12.3232,1,6.0,1,3,0,0
2025-05-05 03:00:00,383,183 St (4),Bronx,40.858406,-73.90388,20.0,7.9633,1,6.0,1,3,0,0
2025-05-05 03:00:00,384,Burnside Av (4),Bronx,40.853455,-73.907684,22.0,14.1243,1,6.0,1,3,0,0
2025-05-05 03:00:00,385,176 St (4),Bronx,40.84848,-73.9118,12.0,9.9664,1,6.0,1,3,0,0
2025-05-05 03:00:00,386,Mt Eden Av (4),Bronx,40.844433,-73.91469,13.0,4.3286,1,6.0,1,3,0,0
2025-05-05 03:00:00,387,170 St (4),Bronx,40.840076,-73.91779,29.0,12.5511,1,6.0,1,3,0,0
2025-05-05 03:00:00,388,167 St (4),Bronx,40.835537,-73.9214,35.0,11.9865,1,6.0,1,3,0,0
2025-05-05 03:00:00,391,"138 St-Grand Concourse (4,5)",Bronx,40.813225,-73.92985,9.0,19.6805,1,6.0,1,3,0,0
2025-05-05 03:00:00,392,"125 St (4,5,6)",Manhattan,40.80414,-73.93759,37.0,58.7624,1,12.0,1,3,0,0
2025-05-05 03:00:00,393,116 St (6),Manhattan,40.79863,-73.94162,19.0,14.7576,1,12.0,1,3,0,0
2025-05-05 03:00:00,394,110 St (6),Manhattan,40.79502,-73.94425,15.0,15.6552,1,12.0,1,3,0,0
2025-05-05 03:00:00,395,103 St (6),Manhattan,40.7906,-73.94748,13.0,19.1032,1,12.0,1,3,0,0
2025-05-05 03:00:00,396,96 St (6),Manhattan,40.78567,-73.95107,11.0,22.1717,1,12.0,1,3,0,0
2025-05-05 03:00:00,397,"86 St (4,5,6)",Manhattan,40.77949,-73.95559,18.0,50.421,1,12.0,1,3,0,0
2025-05-05 03:00:00,398,77 St (6),Manhattan,40.77362,-73.95988,10.0,37.6753,1,12.0,1,3,0,0
2025-05-05 03:00:00,399,68 St-Hunter College (6),Manhattan,40.768143,-73.96387,1.0,29.2853,1,12.0,1,3,0,0
2025-05-05 03:00:00,403,33 St (6),Manhattan,40.746082,-73.98208,7.0,43.1266,1,12.0,1,3,0,0
2025-05-05 03:00:00,404,28 St (6),Manhattan,40.74307,-73.98426,15.0,26.6058,1,12.0,1,3,0,0
2025-05-05 03:00:00,405,23 St-Baruch College (6),Manhattan,40.739864,-73.9866,16.0,27.0446,1,12.0,1,3,0,0
2025-05-05 03:00:00,407,Astor Pl (6),Manhattan,40.730053,-73.99107,9.0,12.9254,1,12.0,1,3,0,0
2025-05-05 03:00:00,409,Spring St (6),Manhattan,40.7223,-73.99714,5.0,10.232,1,12.0,1,3,0,0
2025-05-05 03:00:00,413,"Wall St (4,5)",Manhattan,40.707558,-74.01186,13.0,17.2193,1,6.0,1,3,0,0
2025-05-05 03:00:00,414,"Bowling Green (4,5)",Manhattan,40.70482,-74.01407,14.0,29.9296,1,6.0,1,3,0,0
2025-05-05 03:00:00,416,Wakefield-241 St (2),Bronx,40.903126,-73.85062,25.0,11.9593,1,3.0,1,3,0,0
2025-05-05 03:00:00,417,"Nereid Av (2,5)",Bronx,40.89838,-73.85438,14.0,4.7023,1,5.0,1,3,0,0
2025-05-05 03:00:00,418,"233 St (2,5)",Bronx,40.893192,-73.857475,22.0,4.2466,1,5.0,1,3,0,0
2025-05-05 03:00:00,419,"225 St (2,5)",Bronx,40.888023,-73.860344,19.0,2.8071,1,5.0,1,3,0,0
2025-05-05 03:00:00,420,"219 St (2,5)",Bronx,40.883896,-73.86263,11.0,4.4277,1,5.0,1,3,0,0
2025-05-05 03:00:00,421,"Gun Hill Rd (2,5)",Bronx,40.87785,-73.86626,28.0,10.5366,1,4.0,1,3,0,0
2025-05-05 03:00:00,422,"Burke Av (2,5)",Bronx,40.871357,-73.867165,15.0,2.4144,1,4.0,1,3,0,0
2025-05-05 03:00:00,423,"Allerton Av (2,5)",Bronx,40.865463,-73.867355,15.0,4.8673,1,4.0,1,3,0,0
2025-05-05 03:00:00,424,"Pelham Pkwy (2,5)",Bronx,40.857193,-73.867615,20.0,9.7507,1,4.0,1,3,0,0
2025-05-05 03:00:00,425,"Bronx Park East (2,5)",Bronx,40.848827,-73.868454,12.0,4.8154,1,4.0,1,3,0,0
2025-05-05 03:00:00,426,"E 180 St (2,5)",Bronx,40.841892,-73.87349,37.0,22.2602,1,8.0,1,3,0,0
2025-05-05 03:00:00,427,"West Farms Sq-E Tremont Av (2,5)",Bronx,40.840294,-73.88005,18.0,6.4532,1,5.0,1,3,0,0
2025-05-05 03:00:00,428,"174 St (2,5)",Bronx,40.837288,-73.88773,23.0,7.7928,1,5.0,1,3,0,0
2025-05-05 03:00:00,429,"Freeman St (2,5)",Bronx,40.829994,-73.89187,8.0,6.3884,1,5.0,1,3,0,0
2025-05-05 03:00:00,430,"Simpson St (2,5)",Bronx,40.824074,-73.89307,23.0,18.0341,1,5.0,1,3,0,0
2025-05-05 03:00:00,431,"Intervale Av (2,5)",Bronx,40.82218,-73.896736,8.0,7.8846,1,5.0,1,3,0,0
2025-05-05 03:00:00,432,"Prospect Av (2,5)",Bronx,40.819584,-73.90177,25.0,9.3971,1,5.0,1,3,0,0
2025-05-05 03:00:00,433,"Jackson Av (2,5)",Bronx,40.81649,-73.90781,10.0,6.9622,1,5.0,1,3,0,0
2025-05-05 03:00:00,434,"3 Av-149 St (2,5)",Bronx,40.81611,-73.917755,49.0,24.7639,1,5.0,1,3,0,0
2025-05-05 03:00:00,436,Harlem-148 St (3),Manhattan,40.82388,-73.93647,7.0,4.7259,1,3.0,1,3,0,0
2025-05-05 03:00:00,437,145 St (3),Manhattan,40.82042,-73.93625,3.0,3.7001,1,6.0,1,3,0,0
2025-05-05 03:00:00,438,"135 St (2,3)",Manhattan,40.814228,-73.94077,17.0,17.1493,1,12.0,1,3,0,0
2025-05-05 03:00:00,439,"125 St (2,3)",Manhattan,40.807755,-73.945496,15.0,30.3706,1,12.0,1,3,0,0
2025-05-05 03:00:00,440,"116 St (2,3)",Manhattan,40.802097,-73.94962,15.0,11.1423,1,12.0,1,3,0,0
2025-05-05 03:00:00,441,"110 St-Malcolm X Plaza (2,3)",Manhattan,40.799076,-73.95182,14.0,7.4845,1,12.0,1,3,0,0
2025-05-05 03:00:00,442,Eastchester-Dyre Av (5),Bronx,40.8883,-73.83083,10.0,11.8121,1,3.0,1,3,0,0
2025-05-05 03:00:00,443,Baychester Av (5),Bronx,40.878662,-73.83859,5.0,3.0711,1,6.0,1,3,0,0
2025-05-05 03:00:00,444,Gun Hill Rd (5),Bronx,40.869526,-73.84638,12.0,4.1895,1,6.0,1,3,0,0
2025-05-05 03:00:00,445,Pelham Pkwy (5),Bronx,40.858986,-73.85536,1.0,4.4696,1,6.0,1,3,0,0
2025-05-05 03:00:00,447,Flushing-Main St (7),Queens,40.7596,-73.83003,121.0,90.6146,1,3.0,1,3,0,0
2025-05-05 03:00:00,448,Mets-Willets Point (7),Queens,40.754623,-73.84563,7.0,12.5573,1,6.0,1,3,0,0
2025-05-05 03:00:00,449,111 St (7),Queens,40.75173,-73.85533,50.0,24.7552,1,6.0,1,3,0,0
2025-05-05 03:00:00,450,103 St-Corona Plaza (7),Queens,40.749866,-73.8627,86.0,52.4513,1,6.0,1,3,0,0
2025-05-05 03:00:00,451,Junction Blvd (7),Queens,40.749146,-73.86953,92.0,46.0644,1,6.0,1,3,0,0
2025-05-05 03:00:00,452,90 St-Elmhurst Av (7),Queens,40.74841,-73.87661,59.0,41.1237,1,6.0,1,3,0,0
2025-05-05 03:00:00,453,82 St-Jackson Hts (7),Queens,40.747658,-73.8837,22.0,23.5344,1,6.0,1,3,0,0
2025-05-05 03:00:00,455,69 St (7),Queens,40.746326,-73.8964,10.0,11.1064,1,6.0,1,3,0,0
2025-05-05 03:00:00,456,61 St-Woodside (7),Queens,40.74563,-73.902985,29.0,26.0146,1,6.0,1,3,0,0
2025-05-05 03:00:00,457,52 St (7),Queens,40.74415,-73.91255,8.0,7.0703,1,6.0,1,3,0,0
2025-05-05 03:00:00,458,46 St-Bliss St (7),Queens,40.743134,-73.918434,19.0,26.5787,1,6.0,1,3,0,0
2025-05-05 03:00:00,459,40 St-Lowery St (7),Queens,40.743782,-73.92402,9.0,10.5861,1,6.0,1,3,0,0
2025-05-05 03:00:00,460,33 St-Rawson St (7),Queens,40.744587,-73.931,6.0,33.1162,1,6.0,1,3,0,0
2025-05-05 03:00:00,461,"Queensboro Plaza (7,N,W)",Queens,40.750584,-73.9402,22.0,28.2134,1,6.0,1,3,0,0
2025-05-05 03:00:00,463,Hunters Point Av (7),Queens,40.742214,-73.94891,4.0,15.9893,1,6.0,1,3,0,0
2025-05-05 03:00:00,464,Vernon Blvd-Jackson Av (7),Queens,40.742626,-73.95358,7.0,10.6962,1,6.0,1,3,0,0
2025-05-05 03:00:00,471,34 St-Hudson Yards (7),Manhattan,40.755882,-74.00191,13.0,41.4205,1,3.0,1,3,0,0
2025-05-05 03:00:00,475,96 St (Q),Manhattan,40.784317,-73.94715,13.0,16.0634,1,3.0,1,3,0,0
2025-05-05 03:00:00,476,86 St (Q),Manhattan,40.77789,-73.95179,9.0,20.3722,1,6.0,1,3,0,0
2025-05-05 03:00:00,477,72 St (Q),Manhattan,40.7688,-73.95843,13.0,30.1553,1,6.0,1,3,0,0
2025-05-05 03:00:00,501,St George (SIR),Staten Island,40.64375,-74.07365,27.0,,0,2.0,1,3,0,0
2025-05-05 03:00:00,502,Tompkinsville (SIR),Staten Island,40.636948,-74.07484,1.0,,0,4.0,1,3,0,0
2025-05-05 03:00:00,601,"14 St/6 Av (1,2,3,L,F,M)",Manhattan,40.737797,-73.997734,38.0,34.1871,1,30.0,1,3,0,0
2025-05-05 03:00:00,602,"14 St-Union Sq (4,5,6,L,N,Q,R,W)",Manhattan,40.735065,-73.99042,66.0,78.2689,1,25.0,1,3,0,0
2025-05-05 03:00:00,603,"149 St-Grand Concourse (2,4,5)",Bronx,40.818394,-73.92703,19.0,24.5335,1,6.0,1,3,0,0
2025-05-05 03:00:00,604,"161 St-Yankee Stadium (4,B,D)",Bronx,40.82795,-73.92574,67.0,46.6987,1,11.0,1,3,0,0
2025-05-05 03:00:00,605,"168 St-Washington Hts (1,A,C)",Manhattan,40.840637,-73.93985,25.0,34.4221,1,12.0,1,3,0,0
2025-05-05 03:00:00,606,"Court Sq-23 St (7,E,F,G)",Queens,40.747143,-73.94503,12.0,38.7163,1,12.0,1,3,0,0
2025-05-05 03:00:00,607,"34 St-Herald Sq (B,D,F,M,N,Q,R,W)",Manhattan,40.74964,-73.987885,67.0,135.9004,1,31.0,1,3,0,0
2025-05-05 03:00:00,608,"4 Av-9 St (F,G,R)",Brooklyn,40.67056,-73.989044,9.0,18.9821,1,15.0,1,3,0,0
2025-05-05 03:00:00,609,"42 St-Bryant Pk/5 Av (7,B,D,F,M)",Manhattan,40.75402,-73.98327,37.0,71.8715,1,24.0,1,3,0,0
2025-05-05 03:00:00,610,"Grand Central-42 St (4,5,6,7,S)",Manhattan,40.75199,-73.977356,46.0,146.2022,1,18.0,1,3,0,0
2025-05-05 03:00:00,611,"Times Sq-42 St/Port Authority Bus Terminal (1,2,3,7,A,C,E,N,Q,R,W,S)",Manhattan,40.755745,-73.98758,187.0,267.1804,1,36.0,1,3,0,0
2025-05-05 03:00:00,612,"Lexington Av/51-53 Sts (6,E,F)",Manhattan,40.757328,-73.97049,32.0,89.4162,1,15.0,1,3,0,0
2025-05-05 03:00:00,613,"Lexington Av/59 St (4,5,6,N,R,W)",Manhattan,40.762592,-73.96761,38.0,68.6725,1,18.0,1,3,0,0
2025-05-05 03:00:00,614,"59 St-Columbus Circle (1,A,C,B,D)",Manhattan,40.768272,-73.981834,35.0,105.2191,1,24.0,1,3,0,0
2025-05-05 03:00:00,615,"62 St/New Utrecht Av (D,N)",Brooklyn,40.625656,-73.99663,7.0,3.1648,1,12.0,1,3,0,0
2025-05-05 03:00:00,616,"Jackson Hts-Roosevelt Av/74 St-Broadway (7,E,F,M,R)",Queens,40.746746,-73.891365,138.0,129.9934,1,17.0,1,3,0,0
2025-05-05 03:00:00,617,"Atlantic Av-Barclays Ctr (2,3,4,5,B,D,N,Q,R)",Brooklyn,40.684162,-73.97779,35.0,57.1744,1,36.0,1,3,0,0
2025-05-05 03:00:00,618,"14 St/8 Av (A,C,E,L)",Manhattan,40.740334,-74.00214,34.0,44.9546,1,9.0,1,3,0,0
2025-05-05 03:00:00,619,"Broadway-Lafayette St/Bleecker St (6,B,D,F,M)",Manhattan,40.725605,-73.99543,31.0,37.626,1,30.0,1,3,0,0
2025-05-05 03:00:00,620,"Borough Hall/Court St (2,3,4,5,R)",Brooklyn,40.69324,-73.99064,8.0,25.9874,1,24.0,1,3,0,0
2025-05-05 03:00:00,621,"Broadway Junction (A,C,J,Z,L)",Brooklyn,40.678898,-73.90436,22.0,19.0483,1,6.0,1,3,0,0
2025-05-05 03:00:00,622,"Brooklyn Bridge-City Hall/Chambers St (4,5,6,J,Z)",Manhattan,40.713154,-74.00377,9.0,36.4294,1,9.0,1,3,0,0
2025-05-05 03:00:00,623,"Canal St (6,J,Z,N,Q,R,W)",Manhattan,40.7187,-74.00058,22.0,40.1034,1,18.0,1,3,0,0
2025-05-05 03:00:00,624,"Chambers St/WTC/Park Place/Cortlandt St (2,3,A,C,E,R,W)",Manhattan,40.712605,-74.00955,26.0,76.0153,1,18.0,1,3,0,0
2025-05-05 03:00:00,625,"Delancey St-Essex St (F,M,J,Z)",Manhattan,40.718464,-73.98778,41.0,25.2957,1,6.0,1,3,0,0
2025-05-05 03:00:00,626,"Franklin Av-Medgar Evers College/Botanic Garden (2,3,4,5,S)",Brooklyn,40.670513,-73.95869,23.0,13.3973,1,18.0,1,3,0,0
2025-05-05 03:00:00,627,"Franklin Av (C,S)",Brooklyn,40.68099,-73.95634,10.0,5.4332,1,9.0,1,3,0,0
2025-05-05 03:00:00,628,"Fulton St (2,3,4,5,A,C,J,Z)",Manhattan,40.71009,-74.007835,60.0,89.4588,1,12.0,1,3,0,0
2025-05-05 03:00:00,629,"Metropolitan Av/Lorimer St (G,L)",Brooklyn,40.71343,-73.95084,16.0,19.3118,1,12.0,1,3,0,0
2025-05-05 03:00:00,630,"Myrtle-Wyckoff Avs (M,L)",Brooklyn,40.699623,-73.91199,52.0,38.5244,1,6.0,1,3,0,0
2025-05-05 03:00:00,635,"Whitehall St-South Ferry (1,R,W)",Manhattan,40.702576,-74.01333,31.0,33.4473,1,12.0,1,3,0,0
2025-05-05 03:00:00,636,"Jay St-MetroTech (A,C,F,R)",Brooklyn,40.69226,-73.98664,23.0,34.2003,1,24.0,1,3,0,0
2025-05-05 04:00:00,1,"Astoria-Ditmars Blvd (N,W)",Queens,40.775036,-73.91203,68.0,40.6582,1,3.0,1,4,0,0
2025-05-05 04:00:00,2,"Astoria Blvd (N,W)",Queens,40.77026,-73.91785,42.0,28.7665,1,6.0,1,4,0,0
2025-05-05 04:00:00,3,"30 Av (N,W)",Queens,40.76678,-73.92148,49.0,24.4577,1,6.0,1,4,0,0
2025-05-05 04:00:00,4,"Broadway (N,W)",Queens,40.76182,-73.92551,29.0,19.8148,1,6.0,1,4,0,0
2025-05-05 04:00:00,5,"36 Av (N,W)",Queens,40.756805,-73.92957,22.0,13.3263,1,6.0,1,4,0,0
2025-05-05 04:00:00,6,"39 Av-Dutch Kills (N,W)",Queens,40.75288,-73.932755,16.0,14.1571,1,6.0,1,4,0,0
2025-05-05 04:00:00,8,"5 Av/59 St (N,R,W)",Manhattan,40.764812,-73.97335,5.0,58.3926,1,6.0,1,4,0,0
2025-05-05 04:00:00,9,"57 St-7 Av (N,Q,R,W)",Manhattan,40.764664,-73.98066,16.0,145.2559,1,12.0,1,4,0,0
2025-05-05 04:00:00,10,"49 St (N,R,W)",Manhattan,40.7599,-73.98414,25.0,90.5757,1,12.0,1,4,0,0
2025-05-05 04:00:00,13,"28 St (R,W)",Manhattan,40.745495,-73.98869,4.0,33.9999,1,12.0,1,4,0,0
2025-05-05 04:00:00,14,"23 St (R,W)",Manhattan,40.741302,-73.98934,7.0,61.4199,1,12.0,1,4,0,0
2025-05-05 04:00:00,16,"8 St-NYU (R,W)",Manhattan,40.730328,-73.99263,13.0,26.0855,1,12.0,1,4,0,0
2025-05-05 04:00:00,17,"Prince St (R,W)",Manhattan,40.72433,-73.9977,7.0,16.2222,1,12.0,1,4,0,0
2025-05-05 04:00:00,20,"City Hall (R,W)",Manhattan,40.713284,-74.00698,3.0,22.7427,1,6.0,1,4,0,0
2025-05-05 04:00:00,22,"Rector St (R,W)",Manhattan,40.70722,-74.01334,3.0,16.3218,1,6.0,1,4,0,0
2025-05-05 04:00:00,26,"DeKalb Av (B,Q,R)",Brooklyn,40.690636,-73.98183,41.0,49.6474,1,24.0,1,4,0,0
2025-05-05 04:00:00,28,Union St (R),Brooklyn,40.677315,-73.98311,9.0,25.9949,1,9.0,1,4,0,0
2025-05-05 04:00:00,30,Prospect Av (R),Brooklyn,40.665413,-73.992874,12.0,18.477,1,8.0,1,4,0,0
2025-05-05 04:00:00,31,25 St (R),Brooklyn,40.660397,-73.99809,22.0,20.6214,1,8.0,1,4,0,0
2025-05-05 04:00:00,32,"36 St (D,N,R)",Brooklyn,40.655144,-74.00355,81.0,73.4584,1,17.0,1,4,0,0
2025-05-05 04:00:00,33,45 St (R),Brooklyn,40.648937,-74.01001,64.0,18.4221,1,12.0,1,4,0,0
2025-05-05 04:00:00,34,53 St (R),Brooklyn,40.64507,-74.01403,84.0,36.3017,1,12.0,1,4,0,0
2025-05-05 04:00:00,35,"59 St (N,R)",Brooklyn,40.64136,-74.01788,97.0,58.4842,1,12.0,1,4,0,0
2025-05-05 04:00:00,36,Bay Ridge Av (R),Brooklyn,40.634968,-74.02338,33.0,11.7453,1,6.0,1,4,0,0
2025-05-05 04:00:00,37,77 St (R),Brooklyn,40.62974,-74.02551,33.0,6.8021,1,6.0,1,4,0,0
2025-05-05 04:00:00,38,86 St (R),Brooklyn,40.62269,-74.0284,51.0,33.6178,1,6.0,1,4,0,0
2025-05-05 04:00:00,39,Bay Ridge-95 St (R),Brooklyn,40.616623,-74.030876,37.0,16.4242,1,3.0,1,4,0,0
2025-05-05 04:00:00,41,"7 Av (B,Q)",Brooklyn,40.67705,-73.97237,7.0,7.4295,1,6.0,1,4,0,0
2025-05-05 04:00:00,42,"Prospect Park (B,Q,S)",Brooklyn,40.661613,-73.96225,38.0,17.9505,1,9.0,1,4,0,0
2025-05-05 04:00:00,43,Parkside Av (Q),Brooklyn,40.655293,-73.961494,44.0,6.7275,1,6.0,1,4,0,0
2025-05-05 04:00:00,44,"Church Av (B,Q)",Brooklyn,40.650528,-73.96298,95.0,18.217,1,6.0,1,4,0,0
2025-05-05 04:00:00,45,Beverley Rd (Q),Brooklyn,40.64403,-73.96449,28.0,9.8211,1,6.0,1,4,0,0
2025-05-05 04:00:00,46,Cortelyou Rd (Q),Brooklyn,40.640926,-73.96389,34.0,7.272600000000001,1,6.0,1,4,0,0
2025-05-05 04:00:00,47,"Newkirk Plaza (B,Q)",Brooklyn,40.635082,-73.96279,52.0,12.3884,1,6.0,1,4,0,0
2025-05-05 04:00:00,48,Avenue H (Q),Brooklyn,40.62927,-73.96164,14.0,4.0152,1,6.0,1,4,0,0
2025-05-05 04:00:00,49,Avenue J (Q),Brooklyn,40.62504,-73.9608,29.0,10.2605,1,6.0,1,4,0,0
2025-05-05 04:00:00,50,Avenue M (Q),Brooklyn,40.61762,-73.9594,26.0,6.2482,1,6.0,1,4,0,0
2025-05-05 04:00:00,51,"Kings Hwy (B,Q)",Brooklyn,40.60867,-73.95773,97.0,42.7573,1,6.0,1,4,0,0
2025-05-05 04:00:00,52,Avenue U (Q),Brooklyn,40.5993,-73.95593,41.0,11.4018,1,6.0,1,4,0,0
2025-05-05 04:00:00,53,Neck Rd (Q),Brooklyn,40.595245,-73.95516,40.0,4.479,1,6.0,1,4,0,0
2025-05-05 04:00:00,54,"Sheepshead Bay (B,Q)",Brooklyn,40.586895,-73.954155,61.0,34.0407,1,6.0,1,4,0,0
2025-05-05 04:00:00,55,"Brighton Beach (B,Q)",Brooklyn,40.57762,-73.96137,53.0,24.567,1,6.0,1,4,0,0
2025-05-05 04:00:00,56,Ocean Pkwy (Q),Brooklyn,40.576313,-73.9685,11.0,4.1176,1,7.0,1,4,0,0
2025-05-05 04:00:00,57,"W 8 St-NY Aquarium (F,Q)",Brooklyn,40.576126,-73.97594,9.0,6.384,1,14.0,1,4,0,0
2025-05-05 04:00:00,58,"Coney Island-Stillwell Av (D,F,N,Q)",Brooklyn,40.577423,-73.98123,110.0,65.1995,1,14.0,1,4,0,0
2025-05-05 04:00:00,59,9 Av (D),Brooklyn,40.646294,-73.99432,41.0,9.5074,1,6.0,1,4,0,0
2025-05-05 04:00:00,60,Fort Hamilton Pkwy (D),Brooklyn,40.640915,-73.9943,17.0,18.6146,1,6.0,1,4,0,0
2025-05-05 04:00:00,61,50 St (D),Brooklyn,40.63626,-73.99479,12.0,11.5718,1,6.0,1,4,0,0
2025-05-05 04:00:00,62,55 St (D),Brooklyn,40.631435,-73.995476,12.0,5.3293,1,6.0,1,4,0,0
2025-05-05 04:00:00,64,71 St (D),Brooklyn,40.61959,-73.99886,55.0,4.7835,1,6.0,1,4,0,0
2025-05-05 04:00:00,65,79 St (D),Brooklyn,40.613503,-74.00061,57.0,7.4635,1,6.0,1,4,0,0
2025-05-05 04:00:00,66,18 Av (D),Brooklyn,40.607952,-74.00174,63.0,8.076,1,6.0,1,4,0,0
2025-05-05 04:00:00,67,20 Av (D),Brooklyn,40.604557,-73.99817,50.0,7.3289,1,6.0,1,4,0,0
2025-05-05 04:00:00,68,Bay Pkwy (D),Brooklyn,40.601875,-73.99373,61.0,9.7053,1,6.0,1,4,0,0
2025-05-05 04:00:00,69,25 Av (D),Brooklyn,40.597706,-73.98683,43.0,16.2727,1,5.0,1,4,0,0
2025-05-05 04:00:00,70,Bay 50 St (D),Brooklyn,40.58884,-73.983765,29.0,8.2879,1,5.0,1,4,0,0
2025-05-05 04:00:00,71,8 Av (N),Brooklyn,40.635063,-74.01172,38.0,18.2917,1,6.0,1,4,0,0
2025-05-05 04:00:00,72,Fort Hamilton Pkwy (N),Brooklyn,40.631386,-74.00535,33.0,7.1936,1,6.0,1,4,0,0
2025-05-05 04:00:00,74,18 Av (N),Brooklyn,40.62067,-73.99042,27.0,4.5654,1,6.0,1,4,0,0
2025-05-05 04:00:00,75,20 Av (N),Brooklyn,40.61741,-73.98502,17.0,3.7225,1,6.0,1,4,0,0
2025-05-05 04:00:00,76,Bay Pkwy (N),Brooklyn,40.611816,-73.98185,47.0,6.4602,1,6.0,1,4,0,0
2025-05-05 04:00:00,77,Kings Hwy (N),Brooklyn,40.603924,-73.980354,33.0,11.7841,1,5.0,1,4,0,0
2025-05-05 04:00:00,78,Avenue U (N),Brooklyn,40.597473,-73.97913,22.0,6.6243,1,5.0,1,4,0,0
2025-05-05 04:00:00,79,86 St (N),Brooklyn,40.59272,-73.97823,14.0,9.312,1,5.0,1,4,0,0
2025-05-05 04:00:00,80,"121 St (J,Z)",Queens,40.700493,-73.82829,17.0,12.9957,1,6.0,1,4,0,0
2025-05-05 04:00:00,81,111 St (J),Queens,40.69742,-73.83634,34.0,5.5565,1,6.0,1,4,0,0
2025-05-05 04:00:00,82,"104 St (J,Z)",Queens,40.69518,-73.84433,48.0,5.3275,1,6.0,1,4,0,0
2025-05-05 04:00:00,83,"Woodhaven Blvd (J,Z)",Queens,40.69388,-73.85158,88.0,17.2347,1,6.0,1,4,0,0
2025-05-05 04:00:00,84,85 St-Forest Pkwy (J),Queens,40.692436,-73.86001,21.0,5.3136,1,6.0,1,4,0,0
2025-05-05 04:00:00,85,"75 St-Elderts Ln (J,Z)",Queens,40.691322,-73.86714,94.0,7.5136,1,6.0,1,4,0,0
2025-05-05 04:00:00,86,Cypress Hills (J),Brooklyn,40.68994,-73.87255,6.0,1.1157,1,6.0,1,4,0,0
2025-05-05 04:00:00,87,"Crescent St (J,Z)",Brooklyn,40.683193,-73.87379,98.0,8.7034,1,6.0,1,4,0,0
2025-05-05 04:00:00,88,"Norwood Av (J,Z)",Brooklyn,40.68141,-73.880035,28.0,8.9833,1,6.0,1,4,0,0
2025-05-05 04:00:00,89,Cleveland St (J),Brooklyn,40.679947,-73.884636,18.0,3.56,1,6.0,1,4,0,0
2025-05-05 04:00:00,90,"Van Siclen Av (J,Z)",Brooklyn,40.678024,-73.891685,32.0,6.0228,1,6.0,1,4,0,0
2025-05-05 04:00:00,91,"Alabama Av (J,Z)",Brooklyn,40.67699,-73.89865,11.0,14.2346,1,6.0,1,4,0,0
2025-05-05 04:00:00,93,"Chauncey St (J,Z)",Brooklyn,40.68289,-73.91045,14.0,3.13,1,6.0,1,4,0,0
2025-05-05 04:00:00,94,Halsey St (J),Brooklyn,40.68637,-73.91656,31.0,10.0315,1,6.0,1,4,0,0
2025-05-05 04:00:00,95,"Gates Av (J,Z)",Brooklyn,40.68963,-73.92227,32.0,17.9304,1,6.0,1,4,0,0
2025-05-05 04:00:00,96,Kosciuszko St (J),Brooklyn,40.69334,-73.92882,31.0,7.1513,1,6.0,1,4,0,0
2025-05-05 04:00:00,97,"Myrtle Av (M,J,Z)",Brooklyn,40.69721,-73.93565,46.0,24.3947,1,9.0,1,4,0,0
2025-05-05 04:00:00,98,"Flushing Av (M,J)",Brooklyn,40.70026,-73.941124,26.0,22.753,1,6.0,1,4,0,0
2025-05-05 04:00:00,99,"Lorimer St (M,J)",Brooklyn,40.70387,-73.94741,12.0,7.1662,1,6.0,1,4,0,0
2025-05-05 04:00:00,100,"Hewes St (M,J)",Brooklyn,40.70687,-73.95343,9.0,2.5288,1,3.0,1,4,0,0
2025-05-05 04:00:00,101,"Marcy Av (M,J,Z)",Brooklyn,40.70836,-73.957756,3.0,35.6298,1,,0,4,0,0
2025-05-05 04:00:00,103,"Bowery (J,Z)",Manhattan,40.72028,-73.99391,1.0,11.5516,1,,0,4,0,0
2025-05-05 04:00:00,108,Middle Village-Metropolitan Av (M),Queens,40.711395,-73.8896,33.0,17.1055,1,3.0,1,4,0,0
2025-05-05 04:00:00,109,Fresh Pond Rd (M),Queens,40.706184,-73.895874,36.0,9.7911,1,6.0,1,4,0,0
2025-05-05 04:00:00,110,Forest Av (M),Queens,40.704422,-73.903076,13.0,6.0378,1,6.0,1,4,0,0
2025-05-05 04:00:00,111,Seneca Av (M),Queens,40.702763,-73.90774,7.0,0.28,1,6.0,1,4,0,0
2025-05-05 04:00:00,113,Knickerbocker Av (M),Brooklyn,40.698666,-73.91971,6.0,5.9684,1,6.0,1,4,0,0
2025-05-05 04:00:00,114,Central Av (M),Brooklyn,40.697857,-73.9274,10.0,4.8013,1,6.0,1,4,0,0
2025-05-05 04:00:00,118,3 Av (L),Manhattan,40.73285,-73.98612,3.0,19.4338,1,6.0,1,4,0,0
2025-05-05 04:00:00,119,1 Av (L),Manhattan,40.730953,-73.98163,29.0,69.5616,1,6.0,1,4,0,0
2025-05-05 04:00:00,120,Bedford Av (L),Brooklyn,40.717304,-73.95687,34.0,52.6092,1,6.0,1,4,0,0
2025-05-05 04:00:00,122,Graham Av (L),Brooklyn,40.714565,-73.94405,14.0,27.9482,1,6.0,1,4,0,0
2025-05-05 04:00:00,123,Grand St (L),Brooklyn,40.711926,-73.94067,26.0,56.9808,1,6.0,1,4,0,0
2025-05-05 04:00:00,124,Montrose Av (L),Brooklyn,40.70774,-73.93985,16.0,20.0829,1,6.0,1,4,0,0
2025-05-05 04:00:00,125,Morgan Av (L),Brooklyn,40.706154,-73.93314,23.0,36.8832,1,6.0,1,4,0,0
2025-05-05 04:00:00,126,Jefferson St (L),Brooklyn,40.706608,-73.92291,34.0,35.9687,1,6.0,1,4,0,0
2025-05-05 04:00:00,127,DeKalb Av (L),Brooklyn,40.70381,-73.91843,55.0,24.6199,1,6.0,1,4,0,0
2025-05-05 04:00:00,129,Halsey St (L),Queens,40.695602,-73.90408,35.0,17.5862,1,6.0,1,4,0,0
2025-05-05 04:00:00,130,Wilson Av (L),Brooklyn,40.688763,-73.904045,39.0,14.1823,1,6.0,1,4,0,0
2025-05-05 04:00:00,131,Bushwick Av-Aberdeen St (L),Brooklyn,40.68283,-73.90525,14.0,11.0483,1,6.0,1,4,0,0
2025-05-05 04:00:00,133,Atlantic Av (L),Brooklyn,40.675346,-73.9031,6.0,30.9486,1,6.0,1,4,0,0
2025-05-05 04:00:00,134,Sutter Av (L),Brooklyn,40.66937,-73.90198,42.0,14.63,1,6.0,1,4,0,0
2025-05-05 04:00:00,135,Livonia Av (L),Brooklyn,40.66404,-73.90057,30.0,11.2269,1,6.0,1,4,0,0
2025-05-05 04:00:00,136,New Lots Av (L),Brooklyn,40.658733,-73.89923,59.0,16.1883,1,6.0,1,4,0,0
2025-05-05 04:00:00,137,East 105 St (L),Brooklyn,40.650574,-73.89948,27.0,16.6564,1,6.0,1,4,0,0
2025-05-05 04:00:00,138,Canarsie-Rockaway Pkwy (L),Brooklyn,40.646652,-73.90185,59.0,39.1203,1,3.0,1,4,0,0
2025-05-05 04:00:00,141,Park Pl (S),Brooklyn,40.67477,-73.95763,4.0,3.4785,1,6.0,1,4,0,0
2025-05-05 04:00:00,143,Inwood-207 St (A),Manhattan,40.868073,-73.9199,66.0,39.8012,1,3.0,1,4,0,0
2025-05-05 04:00:00,144,Dyckman St (A),Manhattan,40.86549,-73.92727,38.0,11.3054,1,6.0,1,4,0,0
2025-05-05 04:00:00,145,190 St (A),Manhattan,40.85902,-73.93418,17.0,5.2014,1,6.0,1,4,0,0
2025-05-05 04:00:00,146,181 St (A),Manhattan,40.851696,-73.937965,28.0,9.371,1,6.0,1,4,0,0
2025-05-05 04:00:00,147,175 St (A),Manhattan,40.84739,-73.939705,65.0,31.3626,1,6.0,1,4,0,0
2025-05-05 04:00:00,149,163 St-Amsterdam Av (C),Manhattan,40.836014,-73.939896,30.0,8.6098,1,6.0,1,4,0,0
2025-05-05 04:00:00,150,155 St (C),Manhattan,40.830517,-73.94151,27.0,3.7147,1,6.0,1,4,0,0
2025-05-05 04:00:00,151,"145 St (A,C,B,D)",Manhattan,40.824783,-73.944214,122.0,45.3071,1,,0,4,0,0
2025-05-05 04:00:00,152,"135 St (C,B)",Manhattan,40.817894,-73.94765,15.0,10.2121,1,6.0,1,4,0,0
2025-05-05 04:00:00,153,"125 St (A,C,B,D)",Manhattan,40.811108,-73.95235,64.0,87.7693,1,12.0,1,4,0,0
2025-05-05 04:00:00,154,"116 St (C,B)",Manhattan,40.805084,-73.95488,14.0,13.9279,1,6.0,1,4,0,0
2025-05-05 04:00:00,155,"Cathedral Pkwy (110 St) (C,B)",Manhattan,40.800602,-73.95816,13.0,12.823,1,6.0,1,4,0,0
2025-05-05 04:00:00,156,"103 St (C,B)",Manhattan,40.796093,-73.96146,7.0,7.2447,1,6.0,1,4,0,0
2025-05-05 04:00:00,157,"96 St (C,B)",Manhattan,40.79164,-73.9647,4.0,27.3082,1,6.0,1,4,0,0
2025-05-05 04:00:00,158,"86 St (C,B)",Manhattan,40.78587,-73.96892,11.0,20.4594,1,6.0,1,4,0,0
2025-05-05 04:00:00,159,"81 St-Museum of Natural History (C,B)",Manhattan,40.781433,-73.972145,6.0,29.4958,1,6.0,1,4,0,0
2025-05-05 04:00:00,160,"72 St (C,B)",Manhattan,40.775593,-73.97641,3.0,18.2001,1,6.0,1,4,0,0
2025-05-05 04:00:00,162,"50 St (C,E)",Manhattan,40.762455,-73.985985,20.0,80.16890000000001,1,6.0,1,4,0,0
2025-05-05 04:00:00,164,"34 St-Penn Station (A,C,E)",Manhattan,40.75229,-73.99339,64.0,334.0971,1,6.0,1,4,0,0
2025-05-05 04:00:00,165,"23 St (C,E)",Manhattan,40.745907,-73.99804,14.0,57.8011,1,6.0,1,4,0,0
2025-05-05 04:00:00,167,"W 4 St-Wash Sq (A,C,E,B,D,F,M)",Manhattan,40.732338,-74.000496,52.0,133.5764,1,,0,4,0,0
2025-05-05 04:00:00,169,"Canal St (A,C,E)",Manhattan,40.720825,-74.005226,24.0,77.5684,1,7.0,1,4,0,0
2025-05-05 04:00:00,173,"High St (A,C)",Brooklyn,40.699337,-73.99053,6.0,27.6137,1,6.0,1,4,0,0
2025-05-05 04:00:00,175,"Hoyt-Schermerhorn Sts (A,C,G)",Brooklyn,40.688484,-73.985,25.0,33.8976,1,8.0,1,4,0,0
2025-05-05 04:00:00,176,Lafayette Av (C),Brooklyn,40.68611,-73.973946,12.0,12.2698,1,6.0,1,4,0,0
2025-05-05 04:00:00,177,Clinton-Washington Avs (C),Brooklyn,40.68326,-73.965836,9.0,12.9684,1,6.0,1,4,0,0
2025-05-05 04:00:00,179,"Nostrand Av (A,C)",Brooklyn,40.68044,-73.950424,58.0,26.8368,1,6.0,1,4,0,0
2025-05-05 04:00:00,180,Kingston-Throop Avs (C),Brooklyn,40.67992,-73.94086,23.0,11.4305,1,6.0,1,4,0,0
2025-05-05 04:00:00,181,"Utica Av (A,C)",Brooklyn,40.679363,-73.93073,84.0,30.2925,1,6.0,1,4,0,0
2025-05-05 04:00:00,182,Ralph Av (C),Brooklyn,40.67882,-73.920784,47.0,11.129,1,6.0,1,4,0,0
2025-05-05 04:00:00,183,Rockaway Av (C),Brooklyn,40.67834,-73.91195,33.0,11.5749,1,6.0,1,4,0,0
2025-05-05 04:00:00,185,Liberty Av (C),Brooklyn,40.67454,-73.896545,21.0,18.3775,1,6.0,1,4,0,0
2025-05-05 04:00:00,186,Van Siclen Av (C),Brooklyn,40.67271,-73.89036,31.0,8.3759,1,6.0,1,4,0,0
2025-05-05 04:00:00,187,Shepherd Av (C),Brooklyn,40.67413,-73.88075,42.0,3.6343,1,6.0,1,4,0,0
2025-05-05 04:00:00,188,"Euclid Av (A,C)",Brooklyn,40.675377,-73.87211,95.0,35.7276,1,9.0,1,4,0,0
2025-05-05 04:00:00,189,Grant Av (A),Brooklyn,40.677044,-73.86505,63.0,16.875799999999998,1,12.0,1,4,0,0
2025-05-05 04:00:00,190,80 St (A),Queens,40.67937,-73.85899,65.0,9.9331,1,12.0,1,4,0,0
2025-05-05 04:00:00,191,88 St (A),Queens,40.679844,-73.85147,56.0,3.0845,1,12.0,1,4,0,0
2025-05-05 04:00:00,192,Rockaway Blvd (A),Queens,40.680428,-73.84386,107.0,38.724,1,12.0,1,4,0,0
2025-05-05 04:00:00,193,104 St (A),Queens,40.68171,-73.837685,21.0,2.5042,1,6.0,1,4,0,0
2025-05-05 04:00:00,194,111 St (A),Queens,40.68433,-73.83216,22.0,4.8066,1,6.0,1,4,0,0
2025-05-05 04:00:00,195,Ozone Park-Lefferts Blvd (A),Queens,40.68595,-73.8258,63.0,31.8967,1,3.0,1,4,0,0
2025-05-05 04:00:00,196,Aqueduct Racetrack (A),Queens,40.672096,-73.83592,11.0,2.009,1,4.0,1,4,0,0
2025-05-05 04:00:00,197,Aqueduct-N Conduit Av (A),Queens,40.668236,-73.83406,17.0,12.7424,1,8.0,1,4,0,0
2025-05-05 04:00:00,198,Howard Beach-JFK Airport (A),Queens,40.660477,-73.8303,205.0,93.9968,1,4.0,1,4,0,0
2025-05-05 04:00:00,210,Norwood-205 St (D),Bronx,40.87481,-73.87885,71.0,31.3474,1,3.0,1,4,0,0
2025-05-05 04:00:00,211,"Bedford Park Blvd (B,D)",Bronx,40.873245,-73.88714,72.0,18.8991,1,6.0,1,4,0,0
2025-05-05 04:00:00,212,"Kingsbridge Rd (B,D)",Bronx,40.866978,-73.89351,65.0,19.4638,1,6.0,1,4,0,0
2025-05-05 04:00:00,213,"Fordham Rd (B,D)",Bronx,40.861298,-73.89775,71.0,28.643,1,6.0,1,4,0,0
2025-05-05 04:00:00,214,"182-183 Sts (B,D)",Bronx,40.856094,-73.90074,63.0,9.5853,1,6.0,1,4,0,0
2025-05-05 04:00:00,215,"Tremont Av (B,D)",Bronx,40.85041,-73.90523,77.0,19.2766,1,6.0,1,4,0,0
2025-05-05 04:00:00,216,"174-175 Sts (B,D)",Bronx,40.8459,-73.91013,42.0,10.9624,1,6.0,1,4,0,0
2025-05-05 04:00:00,217,"170 St (B,D)",Bronx,40.839306,-73.9134,44.0,12.4476,1,6.0,1,4,0,0
2025-05-05 04:00:00,218,"167 St (B,D)",Bronx,40.83377,-73.91844,97.0,22.7446,1,6.0,1,4,0,0
2025-05-05 04:00:00,220,"155 St (B,D)",Manhattan,40.830135,-73.93821,3.0,9.171,1,6.0,1,4,0,0
2025-05-05 04:00:00,221,21 St-Queensbridge (M),Queens,40.754204,-73.94283,33.0,52.018,1,9.0,1,4,0,0
2025-05-05 04:00:00,222,Roosevelt Island (M),Manhattan,40.759144,-73.95326,13.0,20.6403,1,9.0,1,4,0,0
2025-05-05 04:00:00,223,"Lexington Av/63 St (M,Q)",Manhattan,40.76463,-73.96611,24.0,94.6878,1,15.0,1,4,0,0
2025-05-05 04:00:00,224,57 St (M),Manhattan,40.763973,-73.97745,22.0,95.851,1,9.0,1,4,0,0
2025-05-05 04:00:00,225,"47-50 Sts-Rockefeller Ctr (B,D,F,M)",Manhattan,40.758663,-73.98133,24.0,314.0672,1,18.0,1,4,0,0
2025-05-05 04:00:00,228,"23 St (F,M)",Manhattan,40.742878,-73.99282,14.0,89.9191,1,12.0,1,4,0,0
2025-05-05 04:00:00,231,"Grand St (B,D)",Manhattan,40.718266,-73.99375,15.0,61.6339,1,6.0,1,4,0,0
2025-05-05 04:00:00,232,2 Av (F),Manhattan,40.7234,-73.98994,46.0,38.7529,1,9.0,1,4,0,0
2025-05-05 04:00:00,234,East Broadway (F),Manhattan,40.713715,-73.99017,24.0,24.323,1,6.0,1,4,0,0
2025-05-05 04:00:00,235,York St (F),Brooklyn,40.701397,-73.98675,8.0,56.9235,1,6.0,1,4,0,0
2025-05-05 04:00:00,236,"Bergen St (F,G)",Brooklyn,40.686146,-73.99086,4.0,18.9419,1,6.0,1,4,0,0
2025-05-05 04:00:00,237,"Carroll St (F,G)",Brooklyn,40.6803,-73.99505,1.0,24.6668,1,6.0,1,4,0,0
2025-05-05 04:00:00,238,"Smith-9 Sts (F,G)",Brooklyn,40.67358,-73.99596,12.0,32.8888,1,6.0,1,4,0,0
2025-05-05 04:00:00,240,"7 Av (F,G)",Brooklyn,40.66627,-73.98031,14.0,25.7428,1,6.0,1,4,0,0
2025-05-05 04:00:00,241,"15 St-Prospect Park (F,G)",Brooklyn,40.660366,-73.97949,7.0,10.9391,1,6.0,1,4,0,0
2025-05-05 04:00:00,242,"Fort Hamilton Pkwy (F,G)",Brooklyn,40.650784,-73.97578,6.0,3.7863,1,7.0,1,4,0,0
2025-05-05 04:00:00,243,"Church Av (F,G)",Brooklyn,40.64404,-73.979675,83.0,23.4196,1,7.0,1,4,0,0
2025-05-05 04:00:00,244,Ditmas Av (F),Brooklyn,40.63612,-73.97817,7.0,11.1422,1,6.0,1,4,0,0
2025-05-05 04:00:00,245,18 Av (F),Brooklyn,40.629753,-73.976974,32.0,9.1819,1,6.0,1,4,0,0
2025-05-05 04:00:00,246,Avenue I (F),Brooklyn,40.62532,-73.97613,3.0,7.8938,1,6.0,1,4,0,0
2025-05-05 04:00:00,247,Bay Pkwy (F),Brooklyn,40.62077,-73.975266,9.0,3.1271,1,6.0,1,4,0,0
2025-05-05 04:00:00,248,Avenue N (F),Brooklyn,40.61514,-73.9742,22.0,4.7243,1,6.0,1,4,0,0
2025-05-05 04:00:00,249,Avenue P (F),Brooklyn,40.608944,-73.97302,11.0,3.2911,1,6.0,1,4,0,0
2025-05-05 04:00:00,250,Kings Hwy (F),Brooklyn,40.603218,-73.97236,42.0,8.5012,1,6.0,1,4,0,0
2025-05-05 04:00:00,251,Avenue U (F),Brooklyn,40.59606,-73.97336,16.0,7.8965,1,6.0,1,4,0,0
2025-05-05 04:00:00,252,Avenue X (F),Brooklyn,40.58962,-73.97425,25.0,10.5388,1,7.0,1,4,0,0
2025-05-05 04:00:00,253,Neptune Av (F),Brooklyn,40.581013,-73.97457,10.0,7.7176,1,7.0,1,4,0,0
2025-05-05 04:00:00,254,Jamaica-179 St (F),Queens,40.712646,-73.78381,302.0,67.3246,1,3.0,1,4,0,0
2025-05-05 04:00:00,255,169 St (F),Queens,40.71047,-73.7936,55.0,32.2711,1,6.0,1,4,0,0
2025-05-05 04:00:00,256,Parsons Blvd (F),Queens,40.707565,-73.80333,85.0,21.0389,1,6.0,1,4,0,0
2025-05-05 04:00:00,257,Sutphin Blvd (F),Queens,40.70546,-73.81071,38.0,14.2485,1,6.0,1,4,0,0
2025-05-05 04:00:00,258,"Briarwood (E,F)",Queens,40.70918,-73.82057,54.0,7.9114,1,12.0,1,4,0,0
2025-05-05 04:00:00,259,"Kew Gardens-Union Tpke (E,F)",Queens,40.71444,-73.83101,157.0,81.7771,1,13.0,1,4,0,0
2025-05-05 04:00:00,260,"75 Av (E,F)",Queens,40.71833,-73.837326,13.0,5.9941,1,12.0,1,4,0,0
2025-05-05 04:00:00,261,"Forest Hills-71 Av (E,F,M,R)",Queens,40.72169,-73.84452,101.0,62.2209,1,12.0,1,4,0,0
2025-05-05 04:00:00,262,"67 Av (M,R)",Queens,40.726524,-73.85272,36.0,9.4018,1,12.0,1,4,0,0
2025-05-05 04:00:00,263,"63 Dr-Rego Park (M,R)",Queens,40.729847,-73.8616,66.0,20.6646,1,12.0,1,4,0,0
2025-05-05 04:00:00,264,"Woodhaven Blvd (M,R)",Queens,40.733105,-73.86923,122.0,52.3052,1,12.0,1,4,0,0
2025-05-05 04:00:00,265,"Grand Av-Newtown (M,R)",Queens,40.737015,-73.87722,134.0,27.7682,1,12.0,1,4,0,0
2025-05-05 04:00:00,266,"Elmhurst Av (M,R)",Queens,40.742455,-73.88202,89.0,18.4536,1,12.0,1,4,0,0
2025-05-05 04:00:00,268,"65 St (M,R)",Queens,40.74967,-73.89845,25.0,9.7697,1,12.0,1,4,0,0
2025-05-05 04:00:00,269,"Northern Blvd (M,R)",Queens,40.752884,-73.906006,38.0,22.227,1,12.0,1,4,0,0
2025-05-05 04:00:00,270,"46 St (M,R)",Queens,40.756313,-73.91333,36.0,19.4311,1,12.0,1,4,0,0
2025-05-05 04:00:00,271,"Steinway St (M,R)",Queens,40.756878,-73.92074,32.0,29.7987,1,12.0,1,4,0,0
2025-05-05 04:00:00,272,"36 St (M,R)",Queens,40.75204,-73.92878,9.0,9.9095,1,12.0,1,4,0,0
2025-05-05 04:00:00,273,"Queens Plaza (E,F,R)",Queens,40.748974,-73.93724,27.0,68.7007,1,3.0,1,4,0,0
2025-05-05 04:00:00,277,"7 Av (E,B,D)",Manhattan,40.762863,-73.981636,8.0,85.1895,1,6.0,1,4,0,0
2025-05-05 04:00:00,278,"Jamaica Center-Parsons/Archer (E,J,Z)",Queens,40.70215,-73.80111,368.0,155.4359,1,6.0,1,4,0,0
2025-05-05 04:00:00,279,"Sutphin Blvd-Archer Av-JFK Airport (E,J,Z)",Queens,40.700485,-73.80797,187.0,221.1464,1,12.0,1,4,0,0
2025-05-05 04:00:00,280,Jamaica-Van Wyck (E),Queens,40.702564,-73.81686,48.0,26.9179,1,6.0,1,4,0,0
2025-05-05 04:00:00,282,21 St (G),Queens,40.744064,-73.94972,3.0,11.0342,1,6.0,1,4,0,0
2025-05-05 04:00:00,283,Greenpoint Av (G),Brooklyn,40.731354,-73.95445,19.0,35.8185,1,6.0,1,4,0,0
2025-05-05 04:00:00,284,Nassau Av (G),Brooklyn,40.724636,-73.95128,17.0,52.3436,1,6.0,1,4,0,0
2025-05-05 04:00:00,286,Broadway (G),Brooklyn,40.706093,-73.95031,15.0,16.762,1,6.0,1,4,0,0
2025-05-05 04:00:00,287,Flushing Av (G),Brooklyn,40.70038,-73.95023,18.0,22.5893,1,6.0,1,4,0,0
2025-05-05 04:00:00,288,Myrtle-Willoughby Avs (G),Brooklyn,40.69457,-73.94904,15.0,8.085099999999999,1,6.0,1,4,0,0
2025-05-05 04:00:00,289,Bedford-Nostrand Avs (G),Brooklyn,40.68963,-73.95352,27.0,11.4134,1,5.0,1,4,0,0
2025-05-05 04:00:00,290,Classon Av (G),Brooklyn,40.688873,-73.96007,10.0,10.5132,1,5.0,1,4,0,0
2025-05-05 04:00:00,291,Clinton-Washington Avs (G),Brooklyn,40.688087,-73.96684,5.0,8.8887,1,5.0,1,4,0,0
2025-05-05 04:00:00,292,Fulton St (G),Brooklyn,40.68712,-73.97537,5.0,18.4678,1,5.0,1,4,0,0
2025-05-05 04:00:00,293,Van Cortlandt Park-242 St (1),Bronx,40.889248,-73.89858,42.0,24.4117,1,4.0,1,4,0,0
2025-05-05 04:00:00,294,238 St (1),Bronx,40.884666,-73.90087,36.0,9.9366,1,7.0,1,4,0,0
2025-05-05 04:00:00,295,231 St (1),Bronx,40.878857,-73.90483,77.0,23.6037,1,6.0,1,4,0,0
2025-05-05 04:00:00,296,Marble Hill-225 St (1),Manhattan,40.87456,-73.90983,35.0,10.0023,1,6.0,1,4,0,0
2025-05-05 04:00:00,297,215 St (1),Manhattan,40.869446,-73.915276,11.0,12.6164,1,6.0,1,4,0,0
2025-05-05 04:00:00,298,207 St (1),Manhattan,40.86462,-73.91882,42.0,25.9294,1,6.0,1,4,0,0
2025-05-05 04:00:00,299,Dyckman St (1),Manhattan,40.86053,-73.92554,52.0,9.7526,1,6.0,1,4,0,0
2025-05-05 04:00:00,300,191 St (1),Manhattan,40.855225,-73.92941,56.0,13.6336,1,6.0,1,4,0,0
2025-05-05 04:00:00,301,181 St (1),Manhattan,40.849506,-73.93359,57.0,18.3654,1,6.0,1,4,0,0
2025-05-05 04:00:00,303,157 St (1),Manhattan,40.83404,-73.94489,47.0,23.7183,1,7.0,1,4,0,0
2025-05-05 04:00:00,304,145 St (1),Manhattan,40.82655,-73.95036,50.0,18.3654,1,6.0,1,4,0,0
2025-05-05 04:00:00,305,137 St-City College (1),Manhattan,40.822006,-73.953674,66.0,16.6513,1,6.0,1,4,0,0
2025-05-05 04:00:00,306,125 St (1),Manhattan,40.815582,-73.958374,16.0,21.6189,1,6.0,1,4,0,0
2025-05-05 04:00:00,307,116 St-Columbia University (1),Manhattan,40.80772,-73.96411,4.0,44.6691,1,6.0,1,4,0,0
2025-05-05 04:00:00,308,Cathedral Pkwy (110 St) (1),Manhattan,40.803967,-73.96685,21.0,27.9796,1,6.0,1,4,0,0
2025-05-05 04:00:00,309,103 St (1),Manhattan,40.799446,-73.968376,21.0,19.4571,1,6.0,1,4,0,0
2025-05-05 04:00:00,310,"96 St (1,2,3)",Manhattan,40.79392,-73.97232,60.0,87.1992,1,19.0,1,4,0,0
2025-05-05 04:00:00,311,86 St (1),Manhattan,40.788643,-73.97622,9.0,43.7344,1,13.0,1,4,0,0
2025-05-05 04:00:00,312,79 St (1),Manhattan,40.783936,-73.97992,13.0,26.584,1,13.0,1,4,0,0
2025-05-05 04:00:00,313,"72 St (1,2,3)",Manhattan,40.778454,-73.98197,20.0,108.4723,1,19.0,1,4,0,0
2025-05-05 04:00:00,314,66 St-Lincoln Center (1),Manhattan,40.77344,-73.98221,14.0,54.8304,1,13.0,1,4,0,0
2025-05-05 04:00:00,316,50 St (1),Manhattan,40.761726,-73.98385,23.0,81.8936,1,12.0,1,4,0,0
2025-05-05 04:00:00,318,"34 St-Penn Station (1,2,3)",Manhattan,40.750374,-73.99106,81.0,223.7665,1,15.0,1,4,0,0
2025-05-05 04:00:00,319,28 St (1),Manhattan,40.747215,-73.99336,11.0,53.046,1,12.0,1,4,0,0
2025-05-05 04:00:00,320,23 St (1),Manhattan,40.74408,-73.99566,9.0,43.1519,1,12.0,1,4,0,0
2025-05-05 04:00:00,321,18 St (1),Manhattan,40.74104,-73.99787,12.0,15.0774,1,12.0,1,4,0,0
2025-05-05 04:00:00,323,Christopher St-Stonewall (1),Manhattan,40.73342,-74.00291,13.0,26.3309,1,13.0,1,4,0,0
2025-05-05 04:00:00,324,Houston St (1),Manhattan,40.728252,-74.00536,4.0,72.372,1,13.0,1,4,0,0
2025-05-05 04:00:00,325,Canal St (1),Manhattan,40.722855,-74.00628,5.0,15.1273,1,13.0,1,4,0,0
2025-05-05 04:00:00,326,Franklin St (1),Manhattan,40.71932,-74.00689,4.0,14.7266,1,12.0,1,4,0,0
2025-05-05 04:00:00,327,"Chambers St (1,2,3)",Manhattan,40.715477,-74.00927,6.0,60.7478,1,12.0,1,4,0,0
2025-05-05 04:00:00,328,WTC Cortlandt (1),Manhattan,40.711834,-74.01219,24.0,50.8754,1,6.0,1,4,0,0
2025-05-05 04:00:00,329,Rector St (1),Manhattan,40.70751,-74.01379,7.0,16.4724,1,6.0,1,4,0,0
2025-05-05 04:00:00,333,"Wall St (2,3)",Manhattan,40.70682,-74.0091,8.0,52.456,1,6.0,1,4,0,0
2025-05-05 04:00:00,334,"Clark St (2,3)",Brooklyn,40.697468,-73.99309,3.0,11.6425,1,6.0,1,4,0,0
2025-05-05 04:00:00,336,"Hoyt St (2,3)",Brooklyn,40.690544,-73.98506,2.0,15.0994,1,6.0,1,4,0,0
2025-05-05 04:00:00,337,"Nevins St (2,3,4,5)",Brooklyn,40.688248,-73.98049,16.0,36.4651,1,12.0,1,4,0,0
2025-05-05 04:00:00,339,"Bergen St (2,3)",Brooklyn,40.68083,-73.9751,3.0,7.2478,1,12.0,1,4,0,0
2025-05-05 04:00:00,340,"Grand Army Plaza (2,3)",Brooklyn,40.675236,-73.97105,9.0,10.6891,1,12.0,1,4,0,0
2025-05-05 04:00:00,341,"Eastern Pkwy-Brooklyn Museum (2,3)",Brooklyn,40.671986,-73.96438,10.0,5.1793000000000005,1,12.0,1,4,0,0
2025-05-05 04:00:00,343,Nostrand Av (3),Brooklyn,40.669846,-73.95046,18.0,5.6818,1,6.0,1,4,0,0
2025-05-05 04:00:00,344,Kingston Av (3),Brooklyn,40.6694,-73.94216,17.0,5.138199999999999,1,7.0,1,4,0,0
2025-05-05 04:00:00,345,"Crown Hts-Utica Av (3,4)",Brooklyn,40.668896,-73.932945,205.0,60.272,1,7.0,1,4,0,0
2025-05-05 04:00:00,346,Sutter Av-Rutland Rd (3),Brooklyn,40.66472,-73.92261,68.0,14.3063,1,6.0,1,4,0,0
2025-05-05 04:00:00,347,Saratoga Av (3),Brooklyn,40.661453,-73.91633,60.0,8.703,1,6.0,1,4,0,0
2025-05-05 04:00:00,348,Rockaway Av (3),Brooklyn,40.662548,-73.90894,39.0,23.4935,1,6.0,1,4,0,0
2025-05-05 04:00:00,349,Junius St (3),Brooklyn,40.663513,-73.90245,10.0,8.3817,1,6.0,1,4,0,0
2025-05-05 04:00:00,350,Pennsylvania Av (3),Brooklyn,40.664635,-73.8949,46.0,12.5765,1,6.0,1,4,0,0
2025-05-05 04:00:00,351,Van Siclen Av (3),Brooklyn,40.665447,-73.8894,27.0,5.2781,1,6.0,1,4,0,0
2025-05-05 04:00:00,352,New Lots Av (3),Brooklyn,40.666237,-73.88408,102.0,26.875,1,3.0,1,4,0,0
2025-05-05 04:00:00,353,"President St-Medgar Evers College (2,5)",Brooklyn,40.667885,-73.95068,5.0,5.0259,1,6.0,1,4,0,0
2025-05-05 04:00:00,354,"Sterling St (2,5)",Brooklyn,40.662743,-73.95085,23.0,13.1181,1,6.0,1,4,0,0
2025-05-05 04:00:00,355,"Winthrop St (2,5)",Brooklyn,40.65665,-73.9502,27.0,18.588,1,6.0,1,4,0,0
2025-05-05 04:00:00,356,"Church Av (2,5)",Brooklyn,40.650845,-73.94958,81.0,17.5069,1,6.0,1,4,0,0
2025-05-05 04:00:00,357,"Beverly Rd (2,5)",Brooklyn,40.6451,-73.94896,51.0,14.9124,1,6.0,1,4,0,0
2025-05-05 04:00:00,358,"Newkirk Av-Little Haiti (2,5)",Brooklyn,40.63997,-73.94841,91.0,15.7415,1,6.0,1,4,0,0
2025-05-05 04:00:00,359,"Flatbush Av-Brooklyn College (2,5)",Brooklyn,40.632835,-73.94764,155.0,54.8101,1,3.0,1,4,0,0
2025-05-05 04:00:00,360,Pelham Bay Park (6),Bronx,40.852463,-73.82812,65.0,25.4283,1,4.0,1,4,0,0
2025-05-05 04:00:00,361,Buhre Av (6),Bronx,40.84681,-73.832565,37.0,3.7043,1,8.0,1,4,0,0
2025-05-05 04:00:00,362,Middletown Rd (6),Bronx,40.843864,-73.83632,22.0,4.936,1,8.0,1,4,0,0
2025-05-05 04:00:00,363,Westchester Sq-E Tremont Av (6),Bronx,40.839893,-73.84295,41.0,33.7836,1,8.0,1,4,0,0
2025-05-05 04:00:00,364,Zerega Av (6),Bronx,40.836487,-73.84704,29.0,14.762,1,7.0,1,4,0,0
2025-05-05 04:00:00,365,Castle Hill Av (6),Bronx,40.834255,-73.85122,96.0,17.1684,1,7.0,1,4,0,0
2025-05-05 04:00:00,366,Parkchester (6),Bronx,40.833225,-73.86082,206.0,39.9294,1,7.0,1,4,0,0
2025-05-05 04:00:00,367,St Lawrence Av (6),Bronx,40.83151,-73.867615,32.0,12.1636,1,3.0,1,4,0,0
2025-05-05 04:00:00,368,Morrison Av-Soundview (6),Bronx,40.82952,-73.87452,61.0,16.0019,1,3.0,1,4,0,0
2025-05-05 04:00:00,369,Elder Av (6),Bronx,40.828583,-73.87916,102.0,13.8696,1,3.0,1,4,0,0
2025-05-05 04:00:00,370,Whitlock Av (6),Bronx,40.826527,-73.886284,9.0,4.4097,1,3.0,1,4,0,0
2025-05-05 04:00:00,371,Hunts Point Av (6),Bronx,40.82095,-73.89055,103.0,66.478,1,7.0,1,4,0,0
2025-05-05 04:00:00,372,Longwood Av (6),Bronx,40.816105,-73.89644,22.0,24.1722,1,6.0,1,4,0,0
2025-05-05 04:00:00,373,E 149 St (6),Bronx,40.81212,-73.9041,42.0,17.0809,1,7.0,1,4,0,0
2025-05-05 04:00:00,374,E 143 St-St Mary's St (6),Bronx,40.80872,-73.90765,12.0,22.5916,1,7.0,1,4,0,0
2025-05-05 04:00:00,375,Cypress Av (6),Bronx,40.805367,-73.91404,15.0,22.2981,1,7.0,1,4,0,0
2025-05-05 04:00:00,376,Brook Av (6),Bronx,40.807568,-73.91924,46.0,24.9813,1,7.0,1,4,0,0
2025-05-05 04:00:00,377,3 Av-138 St (6),Bronx,40.810474,-73.92614,60.0,27.9218,1,7.0,1,4,0,0
2025-05-05 04:00:00,378,Woodlawn (4),Bronx,40.886036,-73.87875,78.0,38.1202,1,5.0,1,4,0,0
2025-05-05 04:00:00,379,Mosholu Pkwy (4),Bronx,40.87975,-73.88466,79.0,20.6065,1,7.0,1,4,0,0
2025-05-05 04:00:00,380,Bedford Park Blvd-Lehman College (4),Bronx,40.873413,-73.89006,90.0,19.1359,1,7.0,1,4,0,0
2025-05-05 04:00:00,381,Kingsbridge Rd (4),Bronx,40.86776,-73.89717,111.0,22.5496,1,8.0,1,4,0,0
2025-05-05 04:00:00,382,Fordham Rd (4),Bronx,40.862804,-73.90103,108.0,30.2797,1,8.0,1,4,0,0
2025-05-05 04:00:00,383,183 St (4),Bronx,40.858406,-73.90388,72.0,10.6149,1,8.0,1,4,0,0
2025-05-05 04:00:00,384,Burnside Av (4),Bronx,40.853455,-73.907684,127.0,17.1727,1,8.0,1,4,0,0
2025-05-05 04:00:00,385,176 St (4),Bronx,40.84848,-73.9118,54.0,17.5211,1,8.0,1,4,0,0
2025-05-05 04:00:00,386,Mt Eden Av (4),Bronx,40.844433,-73.91469,48.0,15.4903,1,7.0,1,4,0,0
2025-05-05 04:00:00,387,170 St (4),Bronx,40.840076,-73.91779,79.0,25.6792,1,7.0,1,4,0,0
2025-05-05 04:00:00,388,167 St (4),Bronx,40.835537,-73.9214,155.0,28.0277,1,7.0,1,4,0,0
2025-05-05 04:00:00,391,"138 St-Grand Concourse (4,5)",Bronx,40.813225,-73.92985,34.0,37.9807,1,6.0,1,4,0,0
2025-05-05 04:00:00,392,"125 St (4,5,6)",Manhattan,40.80414,-73.93759,79.0,135.7529,1,13.0,1,4,0,0
2025-05-05 04:00:00,393,116 St (6),Manhattan,40.79863,-73.94162,61.0,34.2799,1,13.0,1,4,0,0
2025-05-05 04:00:00,394,110 St (6),Manhattan,40.79502,-73.94425,42.0,21.2737,1,13.0,1,4,0,0
2025-05-05 04:00:00,395,103 St (6),Manhattan,40.7906,-73.94748,40.0,48.7712,1,13.0,1,4,0,0
2025-05-05 04:00:00,396,96 St (6),Manhattan,40.78567,-73.95107,12.0,67.4692,1,13.0,1,4,0,0
2025-05-05 04:00:00,397,"86 St (4,5,6)",Manhattan,40.77949,-73.95559,34.0,164.1634,1,13.0,1,4,0,0
2025-05-05 04:00:00,398,77 St (6),Manhattan,40.77362,-73.95988,12.0,112.2096,1,13.0,1,4,0,0
2025-05-05 04:00:00,399,68 St-Hunter College (6),Manhattan,40.768143,-73.96387,5.0,105.35,1,14.0,1,4,0,0
2025-05-05 04:00:00,403,33 St (6),Manhattan,40.746082,-73.98208,10.0,118.8285,1,12.0,1,4,0,0
2025-05-05 04:00:00,404,28 St (6),Manhattan,40.74307,-73.98426,18.0,115.1452,1,12.0,1,4,0,0
2025-05-05 04:00:00,405,23 St-Baruch College (6),Manhattan,40.739864,-73.9866,13.0,97.0534,1,12.0,1,4,0,0
2025-05-05 04:00:00,407,Astor Pl (6),Manhattan,40.730053,-73.99107,13.0,38.2055,1,13.0,1,4,0,0
2025-05-05 04:00:00,409,Spring St (6),Manhattan,40.7223,-73.99714,10.0,26.7048,1,13.0,1,4,0,0
2025-05-05 04:00:00,413,"Wall St (4,5)",Manhattan,40.707558,-74.01186,8.0,63.0964,1,6.0,1,4,0,0
2025-05-05 04:00:00,414,"Bowling Green (4,5)",Manhattan,40.70482,-74.01407,36.0,125.8669,1,6.0,1,4,0,0
2025-05-05 04:00:00,416,Wakefield-241 St (2),Bronx,40.903126,-73.85062,73.0,30.6287,1,4.0,1,4,0,0
2025-05-05 04:00:00,417,"Nereid Av (2,5)",Bronx,40.89838,-73.85438,35.0,8.0047,1,7.0,1,4,0,0
2025-05-05 04:00:00,418,"233 St (2,5)",Bronx,40.893192,-73.857475,52.0,15.3315,1,7.0,1,4,0,0
2025-05-05 04:00:00,419,"225 St (2,5)",Bronx,40.888023,-73.860344,42.0,5.5998,1,7.0,1,4,0,0
2025-05-05 04:00:00,420,"219 St (2,5)",Bronx,40.883896,-73.86263,28.0,5.212,1,7.0,1,4,0,0
2025-05-05 04:00:00,421,"Gun Hill Rd (2,5)",Bronx,40.87785,-73.86626,78.0,33.8107,1,7.0,1,4,0,0
2025-05-05 04:00:00,422,"Burke Av (2,5)",Bronx,40.871357,-73.867165,32.0,7.6521,1,7.0,1,4,0,0
2025-05-05 04:00:00,423,"Allerton Av (2,5)",Bronx,40.865463,-73.867355,62.0,12.7458,1,7.0,1,4,0,0
2025-05-05 04:00:00,424,"Pelham Pkwy (2,5)",Bronx,40.857193,-73.867615,88.0,17.9871,1,7.0,1,4,0,0
2025-05-05 04:00:00,425,"Bronx Park East (2,5)",Bronx,40.848827,-73.868454,31.0,8.9479,1,7.0,1,4,0,0
2025-05-05 04:00:00,426,"E 180 St (2,5)",Bronx,40.841892,-73.87349,105.0,40.1798,1,10.0,1,4,0,0
2025-05-05 04:00:00,427,"West Farms Sq-E Tremont Av (2,5)",Bronx,40.840294,-73.88005,42.0,18.6947,1,7.0,1,4,0,0
2025-05-05 04:00:00,428,"174 St (2,5)",Bronx,40.837288,-73.88773,61.0,14.6739,1,7.0,1,4,0,0
2025-05-05 04:00:00,429,"Freeman St (2,5)",Bronx,40.829994,-73.89187,62.0,12.5766,1,7.0,1,4,0,0
2025-05-05 04:00:00,430,"Simpson St (2,5)",Bronx,40.824074,-73.89307,56.0,27.2126,1,7.0,1,4,0,0
2025-05-05 04:00:00,431,"Intervale Av (2,5)",Bronx,40.82218,-73.896736,26.0,13.4279,1,7.0,1,4,0,0
2025-05-05 04:00:00,432,"Prospect Av (2,5)",Bronx,40.819584,-73.90177,57.0,18.1718,1,7.0,1,4,0,0
2025-05-05 04:00:00,433,"Jackson Av (2,5)",Bronx,40.81649,-73.90781,33.0,8.8891,1,7.0,1,4,0,0
2025-05-05 04:00:00,434,"3 Av-149 St (2,5)",Bronx,40.81611,-73.917755,114.0,50.2952,1,7.0,1,4,0,0
2025-05-05 04:00:00,436,Harlem-148 St (3),Manhattan,40.82388,-73.93647,22.0,6.416,1,3.0,1,4,0,0
2025-05-05 04:00:00,437,145 St (3),Manhattan,40.82042,-73.93625,13.0,5.4294,1,6.0,1,4,0,0
2025-05-05 04:00:00,438,"135 St (2,3)",Manhattan,40.814228,-73.94077,45.0,30.7053,1,12.0,1,4,0,0
2025-05-05 04:00:00,439,"125 St (2,3)",Manhattan,40.807755,-73.945496,35.0,43.4171,1,12.0,1,4,0,0
2025-05-05 04:00:00,440,"116 St (2,3)",Manhattan,40.802097,-73.94962,23.0,18.0219,1,12.0,1,4,0,0
2025-05-05 04:00:00,441,"110 St-Malcolm X Plaza (2,3)",Manhattan,40.799076,-73.95182,21.0,17.4207,1,12.0,1,4,0,0
2025-05-05 04:00:00,442,Eastchester-Dyre Av (5),Bronx,40.8883,-73.83083,26.0,40.6264,1,4.0,1,4,0,0
2025-05-05 04:00:00,443,Baychester Av (5),Bronx,40.878662,-73.83859,16.0,11.4948,1,6.0,1,4,0,0
2025-05-05 04:00:00,444,Gun Hill Rd (5),Bronx,40.869526,-73.84638,28.0,12.4129,1,6.0,1,4,0,0
2025-05-05 04:00:00,445,Pelham Pkwy (5),Bronx,40.858986,-73.85536,16.0,4.7496,1,6.0,1,4,0,0
2025-05-05 04:00:00,446,Morris Park (5),Bronx,40.854362,-73.8605,9.0,3.9614,1,6.0,1,4,0,0
2025-05-05 04:00:00,447,Flushing-Main St (7),Queens,40.7596,-73.83003,381.0,232.7298,1,5.0,1,4,0,0
2025-05-05 04:00:00,448,Mets-Willets Point (7),Queens,40.754623,-73.84563,28.0,49.2722,1,7.0,1,4,0,0
2025-05-05 04:00:00,449,111 St (7),Queens,40.75173,-73.85533,210.0,39.0678,1,7.0,1,4,0,0
2025-05-05 04:00:00,450,103 St-Corona Plaza (7),Queens,40.749866,-73.8627,322.0,58.0068,1,7.0,1,4,0,0
2025-05-05 04:00:00,451,Junction Blvd (7),Queens,40.749146,-73.86953,381.0,59.6615,1,7.0,1,4,0,0
2025-05-05 04:00:00,452,90 St-Elmhurst Av (7),Queens,40.74841,-73.87661,250.0,49.3417,1,7.0,1,4,0,0
2025-05-05 04:00:00,453,82 St-Jackson Hts (7),Queens,40.747658,-73.8837,118.0,29.7121,1,7.0,1,4,0,0
2025-05-05 04:00:00,455,69 St (7),Queens,40.746326,-73.8964,60.0,19.3422,1,7.0,1,4,0,0
2025-05-05 04:00:00,456,61 St-Woodside (7),Queens,40.74563,-73.902985,88.0,42.5689,1,7.0,1,4,0,0
2025-05-05 04:00:00,457,52 St (7),Queens,40.74415,-73.91255,43.0,16.7338,1,7.0,1,4,0,0
2025-05-05 04:00:00,458,46 St-Bliss St (7),Queens,40.743134,-73.918434,73.0,49.4231,1,7.0,1,4,0,0
2025-05-05 04:00:00,459,40 St-Lowery St (7),Queens,40.743782,-73.92402,48.0,27.5718,1,7.0,1,4,0,0
2025-05-05 04:00:00,460,33 St-Rawson St (7),Queens,40.744587,-73.931,43.0,71.3125,1,7.0,1,4,0,0
2025-05-05 04:00:00,461,"Queensboro Plaza (7,N,W)",Queens,40.750584,-73.9402,30.0,51.9178,1,7.0,1,4,0,0
2025-05-05 04:00:00,463,Hunters Point Av (7),Queens,40.742214,-73.94891,23.0,63.7315,1,6.0,1,4,0,0
2025-05-05 04:00:00,464,Vernon Blvd-Jackson Av (7),Queens,40.742626,-73.95358,21.0,27.9629,1,6.0,1,4,0,0
2025-05-05 04:00:00,471,34 St-Hudson Yards (7),Manhattan,40.755882,-74.00191,36.0,205.5229,1,3.0,1,4,0,0
2025-05-05 04:00:00,475,96 St (Q),Manhattan,40.784317,-73.94715,46.0,56.9423,1,3.0,1,4,0,0
2025-05-05 04:00:00,476,86 St (Q),Manhattan,40.77789,-73.95179,20.0,61.5194,1,6.0,1,4,0,0
2025-05-05 04:00:00,477,72 St (Q),Manhattan,40.7688,-73.95843,13.0,154.3922,1,6.0,1,4,0,0
2025-05-05 04:00:00,501,St George (SIR),Staten Island,40.64375,-74.07365,57.0,,0,2.0,1,4,0,0
2025-05-05 04:00:00,502,Tompkinsville (SIR),Staten Island,40.636948,-74.07484,1.0,,0,4.0,1,4,0,0
2025-05-05 04:00:00,601,"14 St/6 Av (1,2,3,L,F,M)",Manhattan,40.737797,-73.997734,36.0,122.8128,1,30.0,1,4,0,0
2025-05-05 04:00:00,602,"14 St-Union Sq (4,5,6,L,N,Q,R,W)",Manhattan,40.735065,-73.99042,65.0,259.7867,1,26.0,1,4,0,0
2025-05-05 04:00:00,603,"149 St-Grand Concourse (2,4,5)",Bronx,40.818394,-73.92703,75.0,36.7908,1,7.0,1,4,0,0
2025-05-05 04:00:00,604,"161 St-Yankee Stadium (4,B,D)",Bronx,40.82795,-73.92574,182.0,99.9118,1,13.0,1,4,0,0
2025-05-05 04:00:00,605,"168 St-Washington Hts (1,A,C)",Manhattan,40.840637,-73.93985,89.0,72.7521,1,13.0,1,4,0,0
2025-05-05 04:00:00,606,"Court Sq-23 St (7,E,F,G)",Queens,40.747143,-73.94503,43.0,116.6682,1,12.0,1,4,0,0
2025-05-05 04:00:00,607,"34 St-Herald Sq (B,D,F,M,N,Q,R,W)",Manhattan,40.74964,-73.987885,110.0,400.5752,1,31.0,1,4,0,0
2025-05-05 04:00:00,608,"4 Av-9 St (F,G,R)",Brooklyn,40.67056,-73.989044,15.0,38.0462,1,15.0,1,4,0,0
2025-05-05 04:00:00,609,"42 St-Bryant Pk/5 Av (7,B,D,F,M)",Manhattan,40.75402,-73.98327,44.0,231.6525,1,24.0,1,4,0,0
2025-05-05 04:00:00,610,"Grand Central-42 St (4,5,6,7,S)",Manhattan,40.75199,-73.977356,45.0,661.9189,1,18.0,1,4,0,0
2025-05-05 04:00:00,611,"Times Sq-42 St/Port Authority Bus Terminal (1,2,3,7,A,C,E,N,Q,R,W,S)",Manhattan,40.755745,-73.98758,297.0,688.3954,1,36.0,1,4,0,0
2025-05-05 04:00:00,612,"Lexington Av/51-53 Sts (6,E,F)",Manhattan,40.757328,-73.97049,24.0,301.9453,1,16.0,1,4,0,0
2025-05-05 04:00:00,613,"Lexington Av/59 St (4,5,6,N,R,W)",Manhattan,40.762592,-73.96761,51.0,241.8881,1,20.0,1,4,0,0
2025-05-05 04:00:00,614,"59 St-Columbus Circle (1,A,C,B,D)",Manhattan,40.768272,-73.981834,51.0,278.3463,1,24.0,1,4,0,0
2025-05-05 04:00:00,615,"62 St/New Utrecht Av (D,N)",Brooklyn,40.625656,-73.99663,40.0,10.0312,1,12.0,1,4,0,0
2025-05-05 04:00:00,616,"Jackson Hts-Roosevelt Av/74 St-Broadway (7,E,F,M,R)",Queens,40.746746,-73.891365,467.0,178.1397,1,19.0,1,4,0,0
2025-05-05 04:00:00,617,"Atlantic Av-Barclays Ctr (2,3,4,5,B,D,N,Q,R)",Brooklyn,40.684162,-73.97779,75.0,135.8533,1,36.0,1,4,0,0
2025-05-05 04:00:00,618,"14 St/8 Av (A,C,E,L)",Manhattan,40.740334,-74.00214,43.0,189.9015,1,9.0,1,4,0,0
2025-05-05 04:00:00,619,"Broadway-Lafayette St/Bleecker St (6,B,D,F,M)",Manhattan,40.725605,-73.99543,30.0,91.684,1,30.0,1,4,0,0
2025-05-05 04:00:00,620,"Borough Hall/Court St (2,3,4,5,R)",Brooklyn,40.69324,-73.99064,17.0,83.3966,1,24.0,1,4,0,0
2025-05-05 04:00:00,621,"Broadway Junction (A,C,J,Z,L)",Brooklyn,40.678898,-73.90436,51.0,49.2112,1,5.0,1,4,0,0
2025-05-05 04:00:00,622,"Brooklyn Bridge-City Hall/Chambers St (4,5,6,J,Z)",Manhattan,40.713154,-74.00377,17.0,115.4944,1,9.0,1,4,0,0
2025-05-05 04:00:00,623,"Canal St (6,J,Z,N,Q,R,W)",Manhattan,40.7187,-74.00058,27.0,87.0938,1,18.0,1,4,0,0
2025-05-05 04:00:00,624,"Chambers St/WTC/Park Place/Cortlandt St (2,3,A,C,E,R,W)",Manhattan,40.712605,-74.00955,72.0,276.8777,1,18.0,1,4,0,0
2025-05-05 04:00:00,625,"Delancey St-Essex St (F,M,J,Z)",Manhattan,40.718464,-73.98778,52.0,58.1096,1,6.0,1,4,0,0
2025-05-05 04:00:00,626,"Franklin Av-Medgar Evers College/Botanic Garden (2,3,4,5,S)",Brooklyn,40.670513,-73.95869,41.0,31.9728,1,18.0,1,4,0,0
2025-05-05 04:00:00,627,"Franklin Av (C,S)",Brooklyn,40.68099,-73.95634,13.0,15.549,1,9.0,1,4,0,0
2025-05-05 04:00:00,628,"Fulton St (2,3,4,5,A,C,J,Z)",Manhattan,40.71009,-74.007835,97.0,328.4415,1,12.0,1,4,0,0
2025-05-05 04:00:00,629,"Metropolitan Av/Lorimer St (G,L)",Brooklyn,40.71343,-73.95084,41.0,35.1958,1,12.0,1,4,0,0
2025-05-05 04:00:00,630,"Myrtle-Wyckoff Avs (M,L)",Brooklyn,40.699623,-73.91199,163.0,44.7969,1,6.0,1,4,0,0
2025-05-05 04:00:00,635,"Whitehall St-South Ferry (1,R,W)",Manhattan,40.702576,-74.01333,84.0,115.3788,1,12.0,1,4,0,0
2025-05-05 04:00:00,636,"Jay St-MetroTech (A,C,F,R)",Brooklyn,40.69226,-73.98664,65.0,119.8614,1,24.0,1,4,0,0
2025-05-05 05:00:00,1,"Astoria-Ditmars Blvd (N,W)",Queens,40.775036,-73.91203,238.0,92.8657,1,4.0,1,5,0,0
2025-05-05 05:00:00,2,"Astoria Blvd (N,W)",Queens,40.77026,-73.91785,179.0,85.5293,1,8.0,1,5,0,0
2025-05-05 05:00:00,3,"30 Av (N,W)",Queens,40.76678,-73.92148,178.0,93.2576,1,8.0,1,5,0,0
2025-05-05 05:00:00,4,"Broadway (N,W)",Queens,40.76182,-73.92551,166.0,48.0272,1,6.0,1,5,0,0
2025-05-05 05:00:00,5,"36 Av (N,W)",Queens,40.756805,-73.92957,76.0,35.4574,1,6.0,1,5,0,0
2025-05-05 05:00:00,6,"39 Av-Dutch Kills (N,W)",Queens,40.75288,-73.932755,18.0,57.5623,1,6.0,1,5,0,0
2025-05-05 05:00:00,8,"5 Av/59 St (N,R,W)",Manhattan,40.764812,-73.97335,12.0,257.1747,1,8.0,1,5,0,0
2025-05-05 05:00:00,9,"57 St-7 Av (N,Q,R,W)",Manhattan,40.764664,-73.98066,49.0,562.5673,1,14.0,1,5,0,0
2025-05-05 05:00:00,10,"49 St (N,R,W)",Manhattan,40.7599,-73.98414,43.0,316.9163,1,12.0,1,5,0,0
2025-05-05 05:00:00,13,"28 St (R,W)",Manhattan,40.745495,-73.98869,29.0,135.9769,1,12.0,1,5,0,0
2025-05-05 05:00:00,14,"23 St (R,W)",Manhattan,40.741302,-73.98934,13.0,210.9673,1,13.0,1,5,0,0
2025-05-05 05:00:00,16,"8 St-NYU (R,W)",Manhattan,40.730328,-73.99263,21.0,101.898,1,12.0,1,5,0,0
2025-05-05 05:00:00,17,"Prince St (R,W)",Manhattan,40.72433,-73.9977,9.0,68.9859,1,13.0,1,5,0,0
2025-05-05 05:00:00,20,"City Hall (R,W)",Manhattan,40.713284,-74.00698,15.0,75.5113,1,7.0,1,5,0,0
2025-05-05 05:00:00,22,"Rector St (R,W)",Manhattan,40.70722,-74.01334,9.0,61.0648,1,7.0,1,5,0,0
2025-05-05 05:00:00,26,"DeKalb Av (B,Q,R)",Brooklyn,40.690636,-73.98183,122.0,282.3734,1,27.0,1,5,0,0
2025-05-05 05:00:00,28,Union St (R),Brooklyn,40.677315,-73.98311,49.0,190.1912,1,21.0,1,5,0,0
2025-05-05 05:00:00,30,Prospect Av (R),Brooklyn,40.665413,-73.992874,55.0,74.5381,1,21.0,1,5,0,0
2025-05-05 05:00:00,31,25 St (R),Brooklyn,40.660397,-73.99809,70.0,94.035,1,22.0,1,5,0,0
2025-05-05 05:00:00,32,"36 St (D,N,R)",Brooklyn,40.655144,-74.00355,208.0,225.4979,1,23.0,1,5,0,0
2025-05-05 05:00:00,33,45 St (R),Brooklyn,40.648937,-74.01001,227.0,55.9164,1,16.0,1,5,0,0
2025-05-05 05:00:00,34,53 St (R),Brooklyn,40.64507,-74.01403,247.0,134.4655,1,16.0,1,5,0,0
2025-05-05 05:00:00,35,"59 St (N,R)",Brooklyn,40.64136,-74.01788,261.0,140.2347,1,15.0,1,5,0,0
2025-05-05 05:00:00,36,Bay Ridge Av (R),Brooklyn,40.634968,-74.02338,191.0,30.9305,1,8.0,1,5,0,0
2025-05-05 05:00:00,37,77 St (R),Brooklyn,40.62974,-74.02551,134.0,13.7534,1,8.0,1,5,0,0
2025-05-05 05:00:00,38,86 St (R),Brooklyn,40.62269,-74.0284,314.0,109.2643,1,9.0,1,5,0,0
2025-05-05 05:00:00,39,Bay Ridge-95 St (R),Brooklyn,40.616623,-74.030876,143.0,49.5253,1,5.0,1,5,0,0
2025-05-05 05:00:00,41,"7 Av (B,Q)",Brooklyn,40.67705,-73.97237,30.0,41.4384,1,8.0,1,5,0,0
2025-05-05 05:00:00,42,"Prospect Park (B,Q,S)",Brooklyn,40.661613,-73.96225,149.0,60.3108,1,12.0,1,5,0,0
2025-05-05 05:00:00,43,Parkside Av (Q),Brooklyn,40.655293,-73.961494,134.0,18.9204,1,8.0,1,5,0,0
2025-05-05 05:00:00,44,"Church Av (B,Q)",Brooklyn,40.650528,-73.96298,287.0,51.3447,1,8.0,1,5,0,0
2025-05-05 05:00:00,45,Beverley Rd (Q),Brooklyn,40.64403,-73.96449,73.0,16.8012,1,8.0,1,5,0,0
2025-05-05 05:00:00,46,Cortelyou Rd (Q),Brooklyn,40.640926,-73.96389,116.0,22.6369,1,8.0,1,5,0,0
2025-05-05 05:00:00,47,"Newkirk Plaza (B,Q)",Brooklyn,40.635082,-73.96279,173.0,30.8428,1,7.0,1,5,0,0
2025-05-05 05:00:00,48,Avenue H (Q),Brooklyn,40.62927,-73.96164,75.0,9.4095,1,7.0,1,5,0,0
2025-05-05 05:00:00,49,Avenue J (Q),Brooklyn,40.62504,-73.9608,102.0,47.3776,1,8.0,1,5,0,0
2025-05-05 05:00:00,50,Avenue M (Q),Brooklyn,40.61762,-73.9594,79.0,46.4746,1,8.0,1,5,0,0
2025-05-05 05:00:00,51,"Kings Hwy (B,Q)",Brooklyn,40.60867,-73.95773,345.0,118.3208,1,8.0,1,5,0,0
2025-05-05 05:00:00,52,Avenue U (Q),Brooklyn,40.5993,-73.95593,193.0,40.5963,1,8.0,1,5,0,0
2025-05-05 05:00:00,53,Neck Rd (Q),Brooklyn,40.595245,-73.95516,121.0,11.0079,1,8.0,1,5,0,0
2025-05-05 05:00:00,54,"Sheepshead Bay (B,Q)",Brooklyn,40.586895,-73.954155,286.0,95.8893,1,10.0,1,5,0,0
2025-05-05 05:00:00,55,"Brighton Beach (B,Q)",Brooklyn,40.57762,-73.96137,195.0,60.5382,1,10.0,1,5,0,0
2025-05-05 05:00:00,56,Ocean Pkwy (Q),Brooklyn,40.576313,-73.9685,62.0,15.4488,1,8.0,1,5,0,0
2025-05-05 05:00:00,57,"W 8 St-NY Aquarium (F,Q)",Brooklyn,40.576126,-73.97594,25.0,23.7335,1,16.0,1,5,0,0
2025-05-05 05:00:00,58,"Coney Island-Stillwell Av (D,F,N,Q)",Brooklyn,40.577423,-73.98123,300.0,141.4702,1,18.0,1,5,0,0
2025-05-05 05:00:00,59,9 Av (D),Brooklyn,40.646294,-73.99432,185.0,27.07,1,7.0,1,5,0,0
2025-05-05 05:00:00,60,Fort Hamilton Pkwy (D),Brooklyn,40.640915,-73.9943,77.0,67.0972,1,8.0,1,5,0,0
2025-05-05 05:00:00,61,50 St (D),Brooklyn,40.63626,-73.99479,46.0,49.5329,1,8.0,1,5,0,0
2025-05-05 05:00:00,62,55 St (D),Brooklyn,40.631435,-73.995476,15.0,34.0166,1,7.0,1,5,0,0
2025-05-05 05:00:00,64,71 St (D),Brooklyn,40.61959,-73.99886,186.0,9.4995,1,7.0,1,5,0,0
2025-05-05 05:00:00,65,79 St (D),Brooklyn,40.613503,-74.00061,253.0,11.8572,1,7.0,1,5,0,0
2025-05-05 05:00:00,66,18 Av (D),Brooklyn,40.607952,-74.00174,231.0,38.232,1,8.0,1,5,0,0
2025-05-05 05:00:00,67,20 Av (D),Brooklyn,40.604557,-73.99817,171.0,18.9131,1,8.0,1,5,0,0
2025-05-05 05:00:00,68,Bay Pkwy (D),Brooklyn,40.601875,-73.99373,231.0,35.8802,1,8.0,1,5,0,0
2025-05-05 05:00:00,69,25 Av (D),Brooklyn,40.597706,-73.98683,106.0,25.769,1,8.0,1,5,0,0
2025-05-05 05:00:00,70,Bay 50 St (D),Brooklyn,40.58884,-73.983765,79.0,27.2001,1,8.0,1,5,0,0
2025-05-05 05:00:00,71,8 Av (N),Brooklyn,40.635063,-74.01172,114.0,64.6739,1,8.0,1,5,0,0
2025-05-05 05:00:00,72,Fort Hamilton Pkwy (N),Brooklyn,40.631386,-74.00535,152.0,25.2728,1,7.0,1,5,0,0
2025-05-05 05:00:00,74,18 Av (N),Brooklyn,40.62067,-73.99042,148.0,23.3243,1,7.0,1,5,0,0
2025-05-05 05:00:00,75,20 Av (N),Brooklyn,40.61741,-73.98502,125.0,19.1262,1,8.0,1,5,0,0
2025-05-05 05:00:00,76,Bay Pkwy (N),Brooklyn,40.611816,-73.98185,166.0,29.4881,1,8.0,1,5,0,0
2025-05-05 05:00:00,77,Kings Hwy (N),Brooklyn,40.603924,-73.980354,172.0,15.6893,1,8.0,1,5,0,0
2025-05-05 05:00:00,78,Avenue U (N),Brooklyn,40.597473,-73.97913,82.0,22.7054,1,8.0,1,5,0,0
2025-05-05 05:00:00,79,86 St (N),Brooklyn,40.59272,-73.97823,53.0,21.1208,1,8.0,1,5,0,0
2025-05-05 05:00:00,80,"121 St (J,Z)",Queens,40.700493,-73.82829,86.0,25.605,1,8.0,1,5,0,0
2025-05-05 05:00:00,81,111 St (J),Queens,40.69742,-73.83634,97.0,15.6849,1,8.0,1,5,0,0
2025-05-05 05:00:00,82,"104 St (J,Z)",Queens,40.69518,-73.84433,112.0,7.2777,1,8.0,1,5,0,0
2025-05-05 05:00:00,83,"Woodhaven Blvd (J,Z)",Queens,40.69388,-73.85158,213.0,50.8811,1,6.0,1,5,0,0
2025-05-05 05:00:00,84,85 St-Forest Pkwy (J),Queens,40.692436,-73.86001,80.0,8.8494,1,7.0,1,5,0,0
2025-05-05 05:00:00,85,"75 St-Elderts Ln (J,Z)",Queens,40.691322,-73.86714,176.0,17.352,1,7.0,1,5,0,0
2025-05-05 05:00:00,86,Cypress Hills (J),Brooklyn,40.68994,-73.87255,23.0,5.4967,1,7.0,1,5,0,0
2025-05-05 05:00:00,87,"Crescent St (J,Z)",Brooklyn,40.683193,-73.87379,146.0,25.3275,1,8.0,1,5,0,0
2025-05-05 05:00:00,88,"Norwood Av (J,Z)",Brooklyn,40.68141,-73.880035,93.0,20.9093,1,8.0,1,5,0,0
2025-05-05 05:00:00,89,Cleveland St (J),Brooklyn,40.679947,-73.884636,66.0,12.1891,1,8.0,1,5,0,0
2025-05-05 05:00:00,90,"Van Siclen Av (J,Z)",Brooklyn,40.678024,-73.891685,100.0,10.8688,1,7.0,1,5,0,0
2025-05-05 05:00:00,91,"Alabama Av (J,Z)",Brooklyn,40.67699,-73.89865,30.0,44.8622,1,7.0,1,5,0,0
2025-05-05 05:00:00,93,"Chauncey St (J,Z)",Brooklyn,40.68289,-73.91045,44.0,11.954,1,7.0,1,5,0,0
2025-05-05 05:00:00,94,Halsey St (J),Brooklyn,40.68637,-73.91656,119.0,18.1794,1,7.0,1,5,0,0
2025-05-05 05:00:00,95,"Gates Av (J,Z)",Brooklyn,40.68963,-73.92227,100.0,54.046,1,7.0,1,5,0,0
2025-05-05 05:00:00,96,Kosciuszko St (J),Brooklyn,40.69334,-73.92882,103.0,26.6123,1,8.0,1,5,0,0
2025-05-05 05:00:00,97,"Myrtle Av (M,J,Z)",Brooklyn,40.69721,-73.93565,153.0,84.6596,1,14.0,1,5,0,0
2025-05-05 05:00:00,98,"Flushing Av (M,J)",Brooklyn,40.70026,-73.941124,58.0,99.0444,1,11.0,1,5,0,0
2025-05-05 05:00:00,99,"Lorimer St (M,J)",Brooklyn,40.70387,-73.94741,33.0,34.8018,1,10.0,1,5,0,0
2025-05-05 05:00:00,100,"Hewes St (M,J)",Brooklyn,40.70687,-73.95343,18.0,16.2516,1,10.0,1,5,0,0
2025-05-05 05:00:00,101,"Marcy Av (M,J,Z)",Brooklyn,40.70836,-73.957756,65.0,214.1609,1,9.0,1,5,0,0
2025-05-05 05:00:00,103,"Bowery (J,Z)",Manhattan,40.72028,-73.99391,2.0,42.3308,1,6.0,1,5,0,0
2025-05-05 05:00:00,107,"Broad St (J,Z)",Manhattan,40.706474,-74.011055,16.0,151.0574,1,4.0,1,5,0,0
2025-05-05 05:00:00,108,Middle Village-Metropolitan Av (M),Queens,40.711395,-73.8896,138.0,60.5683,1,7.0,1,5,0,0
2025-05-05 05:00:00,109,Fresh Pond Rd (M),Queens,40.706184,-73.895874,213.0,21.8599,1,10.0,1,5,0,0
2025-05-05 05:00:00,110,Forest Av (M),Queens,40.704422,-73.903076,187.0,16.8787,1,10.0,1,5,0,0
2025-05-05 05:00:00,111,Seneca Av (M),Queens,40.702763,-73.90774,103.0,6.7806,1,10.0,1,5,0,0
2025-05-05 05:00:00,113,Knickerbocker Av (M),Brooklyn,40.698666,-73.91971,85.0,14.1425,1,10.0,1,5,0,0
2025-05-05 05:00:00,114,Central Av (M),Brooklyn,40.697857,-73.9274,97.0,14.4262,1,9.0,1,5,0,0
2025-05-05 05:00:00,118,3 Av (L),Manhattan,40.73285,-73.98612,11.0,73.3933,1,9.0,1,5,0,0
2025-05-05 05:00:00,119,1 Av (L),Manhattan,40.730953,-73.98163,56.0,264.7998,1,9.0,1,5,0,0
2025-05-05 05:00:00,120,Bedford Av (L),Brooklyn,40.717304,-73.95687,108.0,238.6647,1,10.0,1,5,0,0
2025-05-05 05:00:00,122,Graham Av (L),Brooklyn,40.714565,-73.94405,69.0,108.4472,1,10.0,1,5,0,0
2025-05-05 05:00:00,123,Grand St (L),Brooklyn,40.711926,-73.94067,79.0,113.3033,1,11.0,1,5,0,0
2025-05-05 05:00:00,124,Montrose Av (L),Brooklyn,40.70774,-73.93985,59.0,64.64150000000001,1,11.0,1,5,0,0
2025-05-05 05:00:00,125,Morgan Av (L),Brooklyn,40.706154,-73.93314,67.0,79.97409999999999,1,11.0,1,5,0,0
2025-05-05 05:00:00,126,Jefferson St (L),Brooklyn,40.706608,-73.92291,153.0,83.8114,1,10.0,1,5,0,0
2025-05-05 05:00:00,127,DeKalb Av (L),Brooklyn,40.70381,-73.91843,255.0,80.3159,1,11.0,1,5,0,0
2025-05-05 05:00:00,129,Halsey St (L),Queens,40.695602,-73.90408,171.0,41.5074,1,10.0,1,5,0,0
2025-05-05 05:00:00,130,Wilson Av (L),Brooklyn,40.688763,-73.904045,108.0,32.7136,1,10.0,1,5,0,0
2025-05-05 05:00:00,131,Bushwick Av-Aberdeen St (L),Brooklyn,40.68283,-73.90525,51.0,22.8232,1,12.0,1,5,0,0
2025-05-05 05:00:00,133,Atlantic Av (L),Brooklyn,40.675346,-73.9031,66.0,81.4958,1,12.0,1,5,0,0
2025-05-05 05:00:00,134,Sutter Av (L),Brooklyn,40.66937,-73.90198,103.0,54.0996,1,11.0,1,5,0,0
2025-05-05 05:00:00,135,Livonia Av (L),Brooklyn,40.66404,-73.90057,71.0,43.0329,1,11.0,1,5,0,0
2025-05-05 05:00:00,136,New Lots Av (L),Brooklyn,40.658733,-73.89923,125.0,36.3034,1,12.0,1,5,0,0
2025-05-05 05:00:00,137,East 105 St (L),Brooklyn,40.650574,-73.89948,87.0,47.2847,1,12.0,1,5,0,0
2025-05-05 05:00:00,138,Canarsie-Rockaway Pkwy (L),Brooklyn,40.646652,-73.90185,93.0,92.3588,1,5.0,1,5,0,0
2025-05-05 05:00:00,141,Park Pl (S),Brooklyn,40.67477,-73.95763,11.0,28.4974,1,6.0,1,5,0,0
2025-05-05 05:00:00,143,Inwood-207 St (A),Manhattan,40.868073,-73.9199,163.0,85.5808,1,4.0,1,5,0,0
2025-05-05 05:00:00,144,Dyckman St (A),Manhattan,40.86549,-73.92727,119.0,33.4776,1,7.0,1,5,0,0
2025-05-05 05:00:00,145,190 St (A),Manhattan,40.85902,-73.93418,55.0,14.7253,1,7.0,1,5,0,0
2025-05-05 05:00:00,146,181 St (A),Manhattan,40.851696,-73.937965,131.0,27.2224,1,7.0,1,5,0,0
2025-05-05 05:00:00,147,175 St (A),Manhattan,40.84739,-73.939705,259.0,75.6124,1,6.0,1,5,0,0
2025-05-05 05:00:00,149,163 St-Amsterdam Av (C),Manhattan,40.836014,-73.939896,106.0,17.9169,1,6.0,1,5,0,0
2025-05-05 05:00:00,150,155 St (C),Manhattan,40.830517,-73.94151,50.0,16.387999999999998,1,7.0,1,5,0,0
2025-05-05 05:00:00,151,"145 St (A,C,B,D)",Manhattan,40.824783,-73.944214,348.0,116.4771,1,,0,5,0,0
2025-05-05 05:00:00,152,"135 St (C,B)",Manhattan,40.817894,-73.94765,26.0,37.6671,1,9.0,1,5,0,0
2025-05-05 05:00:00,153,"125 St (A,C,B,D)",Manhattan,40.811108,-73.95235,221.0,276.9169,1,18.0,1,5,0,0
2025-05-05 05:00:00,154,"116 St (C,B)",Manhattan,40.805084,-73.95488,41.0,28.2104,1,9.0,1,5,0,0
2025-05-05 05:00:00,155,"Cathedral Pkwy (110 St) (C,B)",Manhattan,40.800602,-73.95816,38.0,52.1813,1,9.0,1,5,0,0
2025-05-05 05:00:00,156,"103 St (C,B)",Manhattan,40.796093,-73.96146,31.0,27.8973,1,8.0,1,5,0,0
2025-05-05 05:00:00,157,"96 St (C,B)",Manhattan,40.79164,-73.9647,24.0,152.7368,1,8.0,1,5,0,0
2025-05-05 05:00:00,158,"86 St (C,B)",Manhattan,40.78587,-73.96892,17.0,90.4891,1,8.0,1,5,0,0
2025-05-05 05:00:00,159,"81 St-Museum of Natural History (C,B)",Manhattan,40.781433,-73.972145,15.0,139.8651,1,8.0,1,5,0,0
2025-05-05 05:00:00,160,"72 St (C,B)",Manhattan,40.775593,-73.97641,10.0,66.9085,1,7.0,1,5,0,0
2025-05-05 05:00:00,162,"50 St (C,E)",Manhattan,40.762455,-73.985985,51.0,249.5652,1,14.0,1,5,0,0
2025-05-05 05:00:00,164,"34 St-Penn Station (A,C,E)",Manhattan,40.75229,-73.99339,644.0,847.1756,1,16.0,1,5,0,0
2025-05-05 05:00:00,165,"23 St (C,E)",Manhattan,40.745907,-73.99804,46.0,253.5821,1,14.0,1,5,0,0
2025-05-05 05:00:00,167,"W 4 St-Wash Sq (A,C,E,B,D,F,M)",Manhattan,40.732338,-74.000496,82.0,504.8011,1,,0,5,0,0
2025-05-05 05:00:00,168,"Spring St (C,E)",Manhattan,40.726227,-74.00374,25.0,185.3928,1,15.0,1,5,0,0
2025-05-05 05:00:00,169,"Canal St (A,C,E)",Manhattan,40.720825,-74.005226,25.0,262.731,1,16.0,1,5,0,0
2025-05-05 05:00:00,173,"High St (A,C)",Brooklyn,40.699337,-73.99053,27.0,79.5979,1,8.0,1,5,0,0
2025-05-05 05:00:00,175,"Hoyt-Schermerhorn Sts (A,C,G)",Brooklyn,40.688484,-73.985,33.0,144.2625,1,19.0,1,5,0,0
2025-05-05 05:00:00,176,Lafayette Av (C),Brooklyn,40.68611,-73.973946,34.0,34.6673,1,8.0,1,5,0,0
2025-05-05 05:00:00,177,Clinton-Washington Avs (C),Brooklyn,40.68326,-73.965836,40.0,52.9693,1,8.0,1,5,0,0
2025-05-05 05:00:00,179,"Nostrand Av (A,C)",Brooklyn,40.68044,-73.950424,147.0,177.5537,1,9.0,1,5,0,0
2025-05-05 05:00:00,180,Kingston-Throop Avs (C),Brooklyn,40.67992,-73.94086,64.0,32.1452,1,8.0,1,5,0,0
2025-05-05 05:00:00,181,"Utica Av (A,C)",Brooklyn,40.679363,-73.93073,232.0,105.8513,1,9.0,1,5,0,0
2025-05-05 05:00:00,182,Ralph Av (C),Brooklyn,40.67882,-73.920784,106.0,32.3556,1,8.0,1,5,0,0
2025-05-05 05:00:00,183,Rockaway Av (C),Brooklyn,40.67834,-73.91195,135.0,31.3372,1,8.0,1,5,0,0
2025-05-05 05:00:00,185,Liberty Av (C),Brooklyn,40.67454,-73.896545,63.0,35.4889,1,8.0,1,5,0,0
2025-05-05 05:00:00,186,Van Siclen Av (C),Brooklyn,40.67271,-73.89036,113.0,11.4593,1,8.0,1,5,0,0
2025-05-05 05:00:00,187,Shepherd Av (C),Brooklyn,40.67413,-73.88075,129.0,17.0872,1,8.0,1,5,0,0
2025-05-05 05:00:00,188,"Euclid Av (A,C)",Brooklyn,40.675377,-73.87211,277.0,74.4324,1,13.0,1,5,0,0
2025-05-05 05:00:00,189,Grant Av (A),Brooklyn,40.677044,-73.86505,145.0,40.8064,1,12.0,1,5,0,0
2025-05-05 05:00:00,190,80 St (A),Queens,40.67937,-73.85899,180.0,13.1239,1,12.0,1,5,0,0
2025-05-05 05:00:00,191,88 St (A),Queens,40.679844,-73.85147,144.0,12.6591,1,12.0,1,5,0,0
2025-05-05 05:00:00,192,Rockaway Blvd (A),Queens,40.680428,-73.84386,299.0,93.0337,1,12.0,1,5,0,0
2025-05-05 05:00:00,193,104 St (A),Queens,40.68171,-73.837685,82.0,6.6116,1,6.0,1,5,0,0
2025-05-05 05:00:00,194,111 St (A),Queens,40.68433,-73.83216,104.0,11.0388,1,6.0,1,5,0,0
2025-05-05 05:00:00,195,Ozone Park-Lefferts Blvd (A),Queens,40.68595,-73.8258,427.0,45.8983,1,3.0,1,5,0,0
2025-05-05 05:00:00,196,Aqueduct Racetrack (A),Queens,40.672096,-73.83592,9.0,5.1203,1,3.0,1,5,0,0
2025-05-05 05:00:00,197,Aqueduct-N Conduit Av (A),Queens,40.668236,-73.83406,50.0,12.5448,1,6.0,1,5,0,0
2025-05-05 05:00:00,198,Howard Beach-JFK Airport (A),Queens,40.660477,-73.8303,409.0,136.9421,1,3.0,1,5,0,0
2025-05-05 05:00:00,210,Norwood-205 St (D),Bronx,40.87481,-73.87885,197.0,58.6253,1,4.0,1,5,0,0
2025-05-05 05:00:00,211,"Bedford Park Blvd (B,D)",Bronx,40.873245,-73.88714,179.0,42.6114,1,11.0,1,5,0,0
2025-05-05 05:00:00,212,"Kingsbridge Rd (B,D)",Bronx,40.866978,-73.89351,201.0,37.2045,1,11.0,1,5,0,0
2025-05-05 05:00:00,213,"Fordham Rd (B,D)",Bronx,40.861298,-73.89775,256.0,73.3931,1,11.0,1,5,0,0
2025-05-05 05:00:00,214,"182-183 Sts (B,D)",Bronx,40.856094,-73.90074,154.0,27.1987,1,10.0,1,5,0,0
2025-05-05 05:00:00,215,"Tremont Av (B,D)",Bronx,40.85041,-73.90523,280.0,65.6813,1,10.0,1,5,0,0
2025-05-05 05:00:00,216,"174-175 Sts (B,D)",Bronx,40.8459,-73.91013,103.0,52.9799,1,9.0,1,5,0,0
2025-05-05 05:00:00,217,"170 St (B,D)",Bronx,40.839306,-73.9134,179.0,44.1064,1,9.0,1,5,0,0
2025-05-05 05:00:00,218,"167 St (B,D)",Bronx,40.83377,-73.91844,252.0,55.9619,1,10.0,1,5,0,0
2025-05-05 05:00:00,220,"155 St (B,D)",Manhattan,40.830135,-73.93821,67.0,18.0289,1,9.0,1,5,0,0
2025-05-05 05:00:00,221,21 St-Queensbridge (M),Queens,40.754204,-73.94283,124.0,154.3669,1,9.0,1,5,0,0
2025-05-05 05:00:00,222,Roosevelt Island (M),Manhattan,40.759144,-73.95326,35.0,58.9853,1,8.0,1,5,0,0
2025-05-05 05:00:00,223,"Lexington Av/63 St (M,Q)",Manhattan,40.76463,-73.96611,54.0,377.0727,1,15.0,1,5,0,0
2025-05-05 05:00:00,224,57 St (M),Manhattan,40.763973,-73.97745,27.0,313.4873,1,8.0,1,5,0,0
2025-05-05 05:00:00,225,"47-50 Sts-Rockefeller Ctr (B,D,F,M)",Manhattan,40.758663,-73.98133,42.0,1031.1108,1,17.0,1,5,0,0
2025-05-05 05:00:00,228,"23 St (F,M)",Manhattan,40.742878,-73.99282,29.0,284.2919,1,11.0,1,5,0,0
2025-05-05 05:00:00,231,"Grand St (B,D)",Manhattan,40.718266,-73.99375,48.0,186.7306,1,7.0,1,5,0,0
2025-05-05 05:00:00,232,2 Av (F),Manhattan,40.7234,-73.98994,45.0,168.9669,1,7.0,1,5,0,0
2025-05-05 05:00:00,234,East Broadway (F),Manhattan,40.713715,-73.99017,88.0,117.9384,1,7.0,1,5,0,0
2025-05-05 05:00:00,235,York St (F),Brooklyn,40.701397,-73.98675,22.0,146.7713,1,7.0,1,5,0,0
2025-05-05 05:00:00,236,"Bergen St (F,G)",Brooklyn,40.686146,-73.99086,39.0,83.4542,1,18.0,1,5,0,0
2025-05-05 05:00:00,237,"Carroll St (F,G)",Brooklyn,40.6803,-73.99505,55.0,205.5259,1,18.0,1,5,0,0
2025-05-05 05:00:00,238,"Smith-9 Sts (F,G)",Brooklyn,40.67358,-73.99596,33.0,100.7427,1,18.0,1,5,0,0
2025-05-05 05:00:00,240,"7 Av (F,G)",Brooklyn,40.66627,-73.98031,46.0,132.6106,1,18.0,1,5,0,0
2025-05-05 05:00:00,241,"15 St-Prospect Park (F,G)",Brooklyn,40.660366,-73.97949,48.0,26.6186,1,18.0,1,5,0,0
2025-05-05 05:00:00,242,"Fort Hamilton Pkwy (F,G)",Brooklyn,40.650784,-73.97578,63.0,16.4255,1,17.0,1,5,0,0
2025-05-05 05:00:00,243,"Church Av (F,G)",Brooklyn,40.64404,-73.979675,169.0,64.8616,1,13.0,1,5,0,0
2025-05-05 05:00:00,244,Ditmas Av (F),Brooklyn,40.63612,-73.97817,91.0,37.483,1,8.0,1,5,0,0
2025-05-05 05:00:00,245,18 Av (F),Brooklyn,40.629753,-73.976974,89.0,40.5857,1,8.0,1,5,0,0
2025-05-05 05:00:00,246,Avenue I (F),Brooklyn,40.62532,-73.97613,22.0,25.7696,1,8.0,1,5,0,0
2025-05-05 05:00:00,247,Bay Pkwy (F),Brooklyn,40.62077,-73.975266,26.0,12.6206,1,8.0,1,5,0,0
2025-05-05 05:00:00,248,Avenue N (F),Brooklyn,40.61514,-73.9742,73.0,26.8761,1,8.0,1,5,0,0
2025-05-05 05:00:00,249,Avenue P (F),Brooklyn,40.608944,-73.97302,73.0,13.3938,1,8.0,1,5,0,0
2025-05-05 05:00:00,250,Kings Hwy (F),Brooklyn,40.603218,-73.97236,96.0,37.7574,1,8.0,1,5,0,0
2025-05-05 05:00:00,251,Avenue U (F),Brooklyn,40.59606,-73.97336,59.0,30.2492,1,9.0,1,5,0,0
2025-05-05 05:00:00,252,Avenue X (F),Brooklyn,40.58962,-73.97425,86.0,45.061,1,8.0,1,5,0,0
2025-05-05 05:00:00,253,Neptune Av (F),Brooklyn,40.581013,-73.97457,34.0,30.1678,1,8.0,1,5,0,0
2025-05-05 05:00:00,254,Jamaica-179 St (F),Queens,40.712646,-73.78381,909.0,163.0677,1,6.0,1,5,0,0
2025-05-05 05:00:00,255,169 St (F),Queens,40.71047,-73.7936,269.0,70.944,1,10.0,1,5,0,0
2025-05-05 05:00:00,256,Parsons Blvd (F),Queens,40.707565,-73.80333,241.0,44.4258,1,9.0,1,5,0,0
2025-05-05 05:00:00,257,Sutphin Blvd (F),Queens,40.70546,-73.81071,155.0,26.8093,1,9.0,1,5,0,0
2025-05-05 05:00:00,258,"Briarwood (E,F)",Queens,40.70918,-73.82057,140.0,17.5011,1,17.0,1,5,0,0
2025-05-05 05:00:00,259,"Kew Gardens-Union Tpke (E,F)",Queens,40.71444,-73.83101,582.0,182.6227,1,15.0,1,5,0,0
2025-05-05 05:00:00,260,"75 Av (E,F)",Queens,40.71833,-73.837326,47.0,13.3538,1,16.0,1,5,0,0
2025-05-05 05:00:00,261,"Forest Hills-71 Av (E,F,M,R)",Queens,40.72169,-73.84452,464.0,160.9547,1,23.0,1,5,0,0
2025-05-05 05:00:00,262,"67 Av (M,R)",Queens,40.726524,-73.85272,132.0,35.0567,1,16.0,1,5,0,0
2025-05-05 05:00:00,263,"63 Dr-Rego Park (M,R)",Queens,40.729847,-73.8616,276.0,59.7482,1,16.0,1,5,0,0
2025-05-05 05:00:00,264,"Woodhaven Blvd (M,R)",Queens,40.733105,-73.86923,524.0,141.5444,1,16.0,1,5,0,0
2025-05-05 05:00:00,265,"Grand Av-Newtown (M,R)",Queens,40.737015,-73.87722,629.0,72.5072,1,18.0,1,5,0,0
2025-05-05 05:00:00,266,"Elmhurst Av (M,R)",Queens,40.742455,-73.88202,415.0,33.7436,1,17.0,1,5,0,0
2025-05-05 05:00:00,268,"65 St (M,R)",Queens,40.74967,-73.89845,109.0,26.9483,1,16.0,1,5,0,0
2025-05-05 05:00:00,269,"Northern Blvd (M,R)",Queens,40.752884,-73.906006,236.0,66.47710000000001,1,15.0,1,5,0,0
2025-05-05 05:00:00,270,"46 St (M,R)",Queens,40.756313,-73.91333,122.0,43.817,1,15.0,1,5,0,0
2025-05-05 05:00:00,271,"Steinway St (M,R)",Queens,40.756878,-73.92074,149.0,85.4288,1,15.0,1,5,0,0
2025-05-05 05:00:00,272,"36 St (M,R)",Queens,40.75204,-73.92878,32.0,45.6318,1,15.0,1,5,0,0
2025-05-05 05:00:00,273,"Queens Plaza (E,F,R)",Queens,40.748974,-73.93724,83.0,293.5833,1,11.0,1,5,0,0
2025-05-05 05:00:00,276,"5 Av/53 St (E,F)",Manhattan,40.760166,-73.97523,6.0,442.8449,1,10.0,1,5,0,0
2025-05-05 05:00:00,277,"7 Av (E,B,D)",Manhattan,40.762863,-73.981636,27.0,308.5926,1,13.0,1,5,0,0
2025-05-05 05:00:00,278,"Jamaica Center-Parsons/Archer (E,J,Z)",Queens,40.70215,-73.80111,1244.0,396.9952,1,10.0,1,5,0,0
2025-05-05 05:00:00,279,"Sutphin Blvd-Archer Av-JFK Airport (E,J,Z)",Queens,40.700485,-73.80797,749.0,448.2487,1,17.0,1,5,0,0
2025-05-05 05:00:00,280,Jamaica-Van Wyck (E),Queens,40.702564,-73.81686,150.0,68.7472,1,9.0,1,5,0,0
2025-05-05 05:00:00,282,21 St (G),Queens,40.744064,-73.94972,8.0,43.0151,1,8.0,1,5,0,0
2025-05-05 05:00:00,283,Greenpoint Av (G),Brooklyn,40.731354,-73.95445,47.0,224.9731,1,9.0,1,5,0,0
2025-05-05 05:00:00,284,Nassau Av (G),Brooklyn,40.724636,-73.95128,40.0,131.9667,1,9.0,1,5,0,0
2025-05-05 05:00:00,286,Broadway (G),Brooklyn,40.706093,-73.95031,69.0,64.2337,1,10.0,1,5,0,0
2025-05-05 05:00:00,287,Flushing Av (G),Brooklyn,40.70038,-73.95023,27.0,74.7458,1,10.0,1,5,0,0
2025-05-05 05:00:00,288,Myrtle-Willoughby Avs (G),Brooklyn,40.69457,-73.94904,71.0,54.5894,1,9.0,1,5,0,0
2025-05-05 05:00:00,289,Bedford-Nostrand Avs (G),Brooklyn,40.68963,-73.95352,77.0,49.303,1,10.0,1,5,0,0
2025-05-05 05:00:00,290,Classon Av (G),Brooklyn,40.688873,-73.96007,38.0,31.5394,1,10.0,1,5,0,0
2025-05-05 05:00:00,291,Clinton-Washington Avs (G),Brooklyn,40.688087,-73.96684,18.0,46.6602,1,10.0,1,5,0,0
2025-05-05 05:00:00,292,Fulton St (G),Brooklyn,40.68712,-73.97537,36.0,79.7915,1,10.0,1,5,0,0
2025-05-05 05:00:00,293,Van Cortlandt Park-242 St (1),Bronx,40.889248,-73.89858,257.0,62.2797,1,7.0,1,5,0,0
2025-05-05 05:00:00,294,238 St (1),Bronx,40.884666,-73.90087,147.0,31.352,1,10.0,1,5,0,0
2025-05-05 05:00:00,295,231 St (1),Bronx,40.878857,-73.90483,218.0,72.0696,1,10.0,1,5,0,0
2025-05-05 05:00:00,296,Marble Hill-225 St (1),Manhattan,40.87456,-73.90983,145.0,46.8639,1,10.0,1,5,0,0
2025-05-05 05:00:00,297,215 St (1),Manhattan,40.869446,-73.915276,25.0,31.0684,1,10.0,1,5,0,0
2025-05-05 05:00:00,298,207 St (1),Manhattan,40.86462,-73.91882,132.0,66.8341,1,10.0,1,5,0,0
2025-05-05 05:00:00,299,Dyckman St (1),Manhattan,40.86053,-73.92554,143.0,26.4317,1,10.0,1,5,0,0
2025-05-05 05:00:00,300,191 St (1),Manhattan,40.855225,-73.92941,118.0,28.5588,1,10.0,1,5,0,0
2025-05-05 05:00:00,301,181 St (1),Manhattan,40.849506,-73.93359,274.0,52.7932,1,9.0,1,5,0,0
2025-05-05 05:00:00,303,157 St (1),Manhattan,40.83404,-73.94489,234.0,65.9733,1,9.0,1,5,0,0
2025-05-05 05:00:00,304,145 St (1),Manhattan,40.82655,-73.95036,197.0,38.1336,1,10.0,1,5,0,0
2025-05-05 05:00:00,305,137 St-City College (1),Manhattan,40.822006,-73.953674,186.0,48.9277,1,9.0,1,5,0,0
2025-05-05 05:00:00,306,125 St (1),Manhattan,40.815582,-73.958374,47.0,80.5172,1,9.0,1,5,0,0
2025-05-05 05:00:00,307,116 St-Columbia University (1),Manhattan,40.80772,-73.96411,22.0,218.0772,1,9.0,1,5,0,0
2025-05-05 05:00:00,308,Cathedral Pkwy (110 St) (1),Manhattan,40.803967,-73.96685,36.0,132.38,1,9.0,1,5,0,0
2025-05-05 05:00:00,309,103 St (1),Manhattan,40.799446,-73.968376,50.0,66.3573,1,9.0,1,5,0,0
2025-05-05 05:00:00,310,"96 St (1,2,3)",Manhattan,40.79392,-73.97232,161.0,329.4727,1,23.0,1,5,0,0
2025-05-05 05:00:00,311,86 St (1),Manhattan,40.788643,-73.97622,54.0,227.5368,1,12.0,1,5,0,0
2025-05-05 05:00:00,312,79 St (1),Manhattan,40.783936,-73.97992,27.0,119.6608,1,12.0,1,5,0,0
2025-05-05 05:00:00,313,"72 St (1,2,3)",Manhattan,40.778454,-73.98197,80.0,328.5229,1,23.0,1,5,0,0
2025-05-05 05:00:00,314,66 St-Lincoln Center (1),Manhattan,40.77344,-73.98221,41.0,265.6402,1,13.0,1,5,0,0
2025-05-05 05:00:00,316,50 St (1),Manhattan,40.761726,-73.98385,42.0,281.8511,1,14.0,1,5,0,0
2025-05-05 05:00:00,318,"34 St-Penn Station (1,2,3)",Manhattan,40.750374,-73.99106,952.0,666.6016,1,21.0,1,5,0,0
2025-05-05 05:00:00,319,28 St (1),Manhattan,40.747215,-73.99336,18.0,147.3383,1,13.0,1,5,0,0
2025-05-05 05:00:00,320,23 St (1),Manhattan,40.74408,-73.99566,28.0,122.4683,1,13.0,1,5,0,0
2025-05-05 05:00:00,321,18 St (1),Manhattan,40.74104,-73.99787,8.0,60.6315,1,13.0,1,5,0,0
2025-05-05 05:00:00,323,Christopher St-Stonewall (1),Manhattan,40.73342,-74.00291,22.0,89.7941,1,13.0,1,5,0,0
2025-05-05 05:00:00,324,Houston St (1),Manhattan,40.728252,-74.00536,17.0,341.1463,1,13.0,1,5,0,0
2025-05-05 05:00:00,325,Canal St (1),Manhattan,40.722855,-74.00628,8.0,61.0544,1,13.0,1,5,0,0
2025-05-05 05:00:00,326,Franklin St (1),Manhattan,40.71932,-74.00689,8.0,49.6135,1,14.0,1,5,0,0
2025-05-05 05:00:00,327,"Chambers St (1,2,3)",Manhattan,40.715477,-74.00927,20.0,207.2937,1,18.0,1,5,0,0
2025-05-05 05:00:00,328,WTC Cortlandt (1),Manhattan,40.711834,-74.01219,94.0,156.3322,1,6.0,1,5,0,0
2025-05-05 05:00:00,329,Rector St (1),Manhattan,40.70751,-74.01379,27.0,65.6881,1,7.0,1,5,0,0
2025-05-05 05:00:00,333,"Wall St (2,3)",Manhattan,40.70682,-74.0091,21.0,246.9144,1,11.0,1,5,0,0
2025-05-05 05:00:00,334,"Clark St (2,3)",Brooklyn,40.697468,-73.99309,17.0,30.8203,1,9.0,1,5,0,0
2025-05-05 05:00:00,336,"Hoyt St (2,3)",Brooklyn,40.690544,-73.98506,13.0,74.2789,1,10.0,1,5,0,0
2025-05-05 05:00:00,337,"Nevins St (2,3,4,5)",Brooklyn,40.688248,-73.98049,46.0,173.8216,1,20.0,1,5,0,0
2025-05-05 05:00:00,339,"Bergen St (2,3)",Brooklyn,40.68083,-73.9751,26.0,20.2962,1,20.0,1,5,0,0
2025-05-05 05:00:00,340,"Grand Army Plaza (2,3)",Brooklyn,40.675236,-73.97105,37.0,43.4362,1,21.0,1,5,0,0
2025-05-05 05:00:00,341,"Eastern Pkwy-Brooklyn Museum (2,3)",Brooklyn,40.671986,-73.96438,29.0,18.7483,1,21.0,1,5,0,0
2025-05-05 05:00:00,343,Nostrand Av (3),Brooklyn,40.669846,-73.95046,59.0,15.0971,1,13.0,1,5,0,0
2025-05-05 05:00:00,344,Kingston Av (3),Brooklyn,40.6694,-73.94216,67.0,26.2111,1,12.0,1,5,0,0
2025-05-05 05:00:00,345,"Crown Hts-Utica Av (3,4)",Brooklyn,40.668896,-73.932945,666.0,198.4455,1,13.0,1,5,0,0
2025-05-05 05:00:00,346,Sutter Av-Rutland Rd (3),Brooklyn,40.66472,-73.92261,238.0,44.5142,1,13.0,1,5,0,0
2025-05-05 05:00:00,347,Saratoga Av (3),Brooklyn,40.661453,-73.91633,229.0,39.456,1,13.0,1,5,0,0
2025-05-05 05:00:00,348,Rockaway Av (3),Brooklyn,40.662548,-73.90894,116.0,95.216,1,13.0,1,5,0,0
2025-05-05 05:00:00,349,Junius St (3),Brooklyn,40.663513,-73.90245,41.0,63.8224,1,13.0,1,5,0,0
2025-05-05 05:00:00,350,Pennsylvania Av (3),Brooklyn,40.664635,-73.8949,119.0,29.1015,1,13.0,1,5,0,0
2025-05-05 05:00:00,351,Van Siclen Av (3),Brooklyn,40.665447,-73.8894,91.0,19.8073,1,13.0,1,5,0,0
2025-05-05 05:00:00,352,New Lots Av (3),Brooklyn,40.666237,-73.88408,187.0,54.5939,1,9.0,1,5,0,0
2025-05-05 05:00:00,353,"President St-Medgar Evers College (2,5)",Brooklyn,40.667885,-73.95068,36.0,19.4748,1,9.0,1,5,0,0
2025-05-05 05:00:00,354,"Sterling St (2,5)",Brooklyn,40.662743,-73.95085,75.0,51.0171,1,9.0,1,5,0,0
2025-05-05 05:00:00,355,"Winthrop St (2,5)",Brooklyn,40.65665,-73.9502,90.0,124.6392,1,9.0,1,5,0,0
2025-05-05 05:00:00,356,"Church Av (2,5)",Brooklyn,40.650845,-73.94958,219.0,48.3724,1,8.0,1,5,0,0
2025-05-05 05:00:00,357,"Beverly Rd (2,5)",Brooklyn,40.6451,-73.94896,113.0,106.1507,1,8.0,1,5,0,0
2025-05-05 05:00:00,358,"Newkirk Av-Little Haiti (2,5)",Brooklyn,40.63997,-73.94841,226.0,43.5692,1,8.0,1,5,0,0
2025-05-05 05:00:00,359,"Flatbush Av-Brooklyn College (2,5)",Brooklyn,40.632835,-73.94764,456.0,137.359,1,4.0,1,5,0,0
2025-05-05 05:00:00,360,Pelham Bay Park (6),Bronx,40.852463,-73.82812,182.0,70.0642,1,8.0,1,5,0,0
2025-05-05 05:00:00,361,Buhre Av (6),Bronx,40.84681,-73.832565,146.0,23.537,1,11.0,1,5,0,0
2025-05-05 05:00:00,362,Middletown Rd (6),Bronx,40.843864,-73.83632,95.0,24.262,1,10.0,1,5,0,0
2025-05-05 05:00:00,363,Westchester Sq-E Tremont Av (6),Bronx,40.839893,-73.84295,108.0,85.2273,1,10.0,1,5,0,0
2025-05-05 05:00:00,364,Zerega Av (6),Bronx,40.836487,-73.84704,91.0,40.1627,1,11.0,1,5,0,0
2025-05-05 05:00:00,365,Castle Hill Av (6),Bronx,40.834255,-73.85122,251.0,38.9706,1,11.0,1,5,0,0
2025-05-05 05:00:00,366,Parkchester (6),Bronx,40.833225,-73.86082,505.0,80.4755,1,12.0,1,5,0,0
2025-05-05 05:00:00,367,St Lawrence Av (6),Bronx,40.83151,-73.867615,203.0,22.6827,1,12.0,1,5,0,0
2025-05-05 05:00:00,368,Morrison Av-Soundview (6),Bronx,40.82952,-73.87452,340.0,36.5575,1,11.0,1,5,0,0
2025-05-05 05:00:00,369,Elder Av (6),Bronx,40.828583,-73.87916,344.0,31.5977,1,11.0,1,5,0,0
2025-05-05 05:00:00,370,Whitlock Av (6),Bronx,40.826527,-73.886284,56.0,13.3565,1,11.0,1,5,0,0
2025-05-05 05:00:00,371,Hunts Point Av (6),Bronx,40.82095,-73.89055,307.0,130.3939,1,11.0,1,5,0,0
2025-05-05 05:00:00,372,Longwood Av (6),Bronx,40.816105,-73.89644,93.0,95.3703,1,11.0,1,5,0,0
2025-05-05 05:00:00,373,E 149 St (6),Bronx,40.81212,-73.9041,166.0,47.7024,1,10.0,1,5,0,0
2025-05-05 05:00:00,374,E 143 St-St Mary's St (6),Bronx,40.80872,-73.90765,46.0,58.1089,1,10.0,1,5,0,0
2025-05-05 05:00:00,375,Cypress Av (6),Bronx,40.805367,-73.91404,49.0,80.3691,1,10.0,1,5,0,0
2025-05-05 05:00:00,376,Brook Av (6),Bronx,40.807568,-73.91924,148.0,43.3154,1,11.0,1,5,0,0
2025-05-05 05:00:00,377,3 Av-138 St (6),Bronx,40.810474,-73.92614,178.0,56.6112,1,11.0,1,5,0,0
2025-05-05 05:00:00,378,Woodlawn (4),Bronx,40.886036,-73.87875,294.0,101.651,1,8.0,1,5,0,0
2025-05-05 05:00:00,379,Mosholu Pkwy (4),Bronx,40.87975,-73.88466,224.0,80.7592,1,12.0,1,5,0,0
2025-05-05 05:00:00,380,Bedford Park Blvd-Lehman College (4),Bronx,40.873413,-73.89006,151.0,43.2891,1,12.0,1,5,0,0
2025-05-05 05:00:00,381,Kingsbridge Rd (4),Bronx,40.86776,-73.89717,274.0,72.2172,1,11.0,1,5,0,0
2025-05-05 05:00:00,382,Fordham Rd (4),Bronx,40.862804,-73.90103,313.0,63.0478,1,10.0,1,5,0,0
2025-05-05 05:00:00,383,183 St (4),Bronx,40.858406,-73.90388,234.0,33.6833,1,10.0,1,5,0,0
2025-05-05 05:00:00,384,Burnside Av (4),Bronx,40.853455,-73.907684,282.0,66.941,1,10.0,1,5,0,0
2025-05-05 05:00:00,385,176 St (4),Bronx,40.84848,-73.9118,148.0,68.7912,1,10.0,1,5,0,0
2025-05-05 05:00:00,386,Mt Eden Av (4),Bronx,40.844433,-73.91469,151.0,55.3028,1,11.0,1,5,0,0
2025-05-05 05:00:00,387,170 St (4),Bronx,40.840076,-73.91779,229.0,85.1781,1,11.0,1,5,0,0
2025-05-05 05:00:00,388,167 St (4),Bronx,40.835537,-73.9214,374.0,64.2652,1,10.0,1,5,0,0
2025-05-05 05:00:00,391,"138 St-Grand Concourse (4,5)",Bronx,40.813225,-73.92985,107.0,161.5763,1,14.0,1,5,0,0
2025-05-05 05:00:00,392,"125 St (4,5,6)",Manhattan,40.80414,-73.93759,317.0,419.746,1,24.0,1,5,0,0
2025-05-05 05:00:00,393,116 St (6),Manhattan,40.79863,-73.94162,152.0,109.1244,1,14.0,1,5,0,0
2025-05-05 05:00:00,394,110 St (6),Manhattan,40.79502,-73.94425,137.0,138.1161,1,14.0,1,5,0,0
2025-05-05 05:00:00,395,103 St (6),Manhattan,40.7906,-73.94748,106.0,176.3481,1,13.0,1,5,0,0
2025-05-05 05:00:00,396,96 St (6),Manhattan,40.78567,-73.95107,66.0,324.0271,1,12.0,1,5,0,0
2025-05-05 05:00:00,397,"86 St (4,5,6)",Manhattan,40.77949,-73.95559,104.0,680.0643,1,23.0,1,5,0,0
2025-05-05 05:00:00,398,77 St (6),Manhattan,40.77362,-73.95988,31.0,638.9042000000001,1,13.0,1,5,0,0
2025-05-05 05:00:00,399,68 St-Hunter College (6),Manhattan,40.768143,-73.96387,13.0,383.3611,1,13.0,1,5,0,0
2025-05-05 05:00:00,403,33 St (6),Manhattan,40.746082,-73.98208,35.0,416.9894,1,13.0,1,5,0,0
2025-05-05 05:00:00,404,28 St (6),Manhattan,40.74307,-73.98426,35.0,358.4824,1,12.0,1,5,0,0
2025-05-05 05:00:00,405,23 St-Baruch College (6),Manhattan,40.739864,-73.9866,45.0,332.8161,1,13.0,1,5,0,0
2025-05-05 05:00:00,407,Astor Pl (6),Manhattan,40.730053,-73.99107,34.0,122.331,1,12.0,1,5,0,0
2025-05-05 05:00:00,409,Spring St (6),Manhattan,40.7223,-73.99714,9.0,101.004,1,12.0,1,5,0,0
2025-05-05 05:00:00,413,"Wall St (4,5)",Manhattan,40.707558,-74.01186,44.0,233.1134,1,13.0,1,5,0,0
2025-05-05 05:00:00,414,"Bowling Green (4,5)",Manhattan,40.70482,-74.01407,141.0,421.2205,1,12.0,1,5,0,0
2025-05-05 05:00:00,416,Wakefield-241 St (2),Bronx,40.903126,-73.85062,193.0,90.4403,1,5.0,1,5,0,0
2025-05-05 05:00:00,417,"Nereid Av (2,5)",Bronx,40.89838,-73.85438,82.0,27.9241,1,8.0,1,5,0,0
2025-05-05 05:00:00,418,"233 St (2,5)",Bronx,40.893192,-73.857475,134.0,40.5981,1,8.0,1,5,0,0
2025-05-05 05:00:00,419,"225 St (2,5)",Bronx,40.888023,-73.860344,133.0,19.0486,1,8.0,1,5,0,0
2025-05-05 05:00:00,420,"219 St (2,5)",Bronx,40.883896,-73.86263,72.0,15.0911,1,8.0,1,5,0,0
2025-05-05 05:00:00,421,"Gun Hill Rd (2,5)",Bronx,40.87785,-73.86626,161.0,74.7062,1,9.0,1,5,0,0
2025-05-05 05:00:00,422,"Burke Av (2,5)",Bronx,40.871357,-73.867165,84.0,22.9972,1,8.0,1,5,0,0
2025-05-05 05:00:00,423,"Allerton Av (2,5)",Bronx,40.865463,-73.867355,129.0,31.3976,1,8.0,1,5,0,0
2025-05-05 05:00:00,424,"Pelham Pkwy (2,5)",Bronx,40.857193,-73.867615,186.0,58.9327,1,8.0,1,5,0,0
2025-05-05 05:00:00,425,"Bronx Park East (2,5)",Bronx,40.848827,-73.868454,81.0,13.3008,1,8.0,1,5,0,0
2025-05-05 05:00:00,426,"E 180 St (2,5)",Bronx,40.841892,-73.87349,351.0,76.639,1,16.0,1,5,0,0
2025-05-05 05:00:00,427,"West Farms Sq-E Tremont Av (2,5)",Bronx,40.840294,-73.88005,156.0,50.4814,1,13.0,1,5,0,0
2025-05-05 05:00:00,428,"174 St (2,5)",Bronx,40.837288,-73.88773,199.0,56.1507,1,12.0,1,5,0,0
2025-05-05 05:00:00,429,"Freeman St (2,5)",Bronx,40.829994,-73.89187,167.0,36.3043,1,13.0,1,5,0,0
2025-05-05 05:00:00,430,"Simpson St (2,5)",Bronx,40.824074,-73.89307,220.0,70.872,1,12.0,1,5,0,0
2025-05-05 05:00:00,431,"Intervale Av (2,5)",Bronx,40.82218,-73.896736,91.0,27.2198,1,12.0,1,5,0,0
2025-05-05 05:00:00,432,"Prospect Av (2,5)",Bronx,40.819584,-73.90177,149.0,55.649,1,12.0,1,5,0,0
2025-05-05 05:00:00,433,"Jackson Av (2,5)",Bronx,40.81649,-73.90781,124.0,45.9483,1,12.0,1,5,0,0
2025-05-05 05:00:00,434,"3 Av-149 St (2,5)",Bronx,40.81611,-73.917755,421.0,161.9204,1,11.0,1,5,0,0
2025-05-05 05:00:00,436,Harlem-148 St (3),Manhattan,40.82388,-73.93647,58.0,16.3484,1,6.0,1,5,0,0
2025-05-05 05:00:00,437,145 St (3),Manhattan,40.82042,-73.93625,52.0,27.1179,1,8.0,1,5,0,0
2025-05-05 05:00:00,438,"135 St (2,3)",Manhattan,40.814228,-73.94077,153.0,148.89860000000002,1,16.0,1,5,0,0
2025-05-05 05:00:00,439,"125 St (2,3)",Manhattan,40.807755,-73.945496,89.0,109.3803,1,16.0,1,5,0,0
2025-05-05 05:00:00,440,"116 St (2,3)",Manhattan,40.802097,-73.94962,106.0,43.4557,1,16.0,1,5,0,0
2025-05-05 05:00:00,441,"110 St-Malcolm X Plaza (2,3)",Manhattan,40.799076,-73.95182,87.0,61.3966,1,15.0,1,5,0,0
2025-05-05 05:00:00,442,Eastchester-Dyre Av (5),Bronx,40.8883,-73.83083,187.0,75.3927,1,5.0,1,5,0,0
2025-05-05 05:00:00,443,Baychester Av (5),Bronx,40.878662,-73.83859,100.0,45.6767,1,9.0,1,5,0,0
2025-05-05 05:00:00,444,Gun Hill Rd (5),Bronx,40.869526,-73.84638,213.0,30.0998,1,9.0,1,5,0,0
2025-05-05 05:00:00,445,Pelham Pkwy (5),Bronx,40.858986,-73.85536,140.0,27.8252,1,9.0,1,5,0,0
2025-05-05 05:00:00,446,Morris Park (5),Bronx,40.854362,-73.8605,139.0,10.5156,1,9.0,1,5,0,0
2025-05-05 05:00:00,447,Flushing-Main St (7),Queens,40.7596,-73.83003,1618.0,600.7222,1,9.0,1,5,0,0
2025-05-05 05:00:00,448,Mets-Willets Point (7),Queens,40.754623,-73.84563,70.0,217.9905,1,13.0,1,5,0,0
2025-05-05 05:00:00,449,111 St (7),Queens,40.75173,-73.85533,730.0,83.8928,1,12.0,1,5,0,0
2025-05-05 05:00:00,450,103 St-Corona Plaza (7),Queens,40.749866,-73.8627,1372.0,108.7966,1,12.0,1,5,0,0
2025-05-05 05:00:00,451,Junction Blvd (7),Queens,40.749146,-73.86953,1234.0,154.4492,1,11.0,1,5,0,0
2025-05-05 05:00:00,452,90 St-Elmhurst Av (7),Queens,40.74841,-73.87661,707.0,80.2481,1,11.0,1,5,0,0
2025-05-05 05:00:00,453,82 St-Jackson Hts (7),Queens,40.747658,-73.8837,313.0,69.5137,1,11.0,1,5,0,0
2025-05-05 05:00:00,455,69 St (7),Queens,40.746326,-73.8964,151.0,60.0883,1,11.0,1,5,0,0
2025-05-05 05:00:00,456,61 St-Woodside (7),Queens,40.74563,-73.902985,363.0,124.348,1,11.0,1,5,0,0
2025-05-05 05:00:00,457,52 St (7),Queens,40.74415,-73.91255,140.0,57.9258,1,12.0,1,5,0,0
2025-05-05 05:00:00,458,46 St-Bliss St (7),Queens,40.743134,-73.918434,234.0,137.3614,1,12.0,1,5,0,0
2025-05-05 05:00:00,459,40 St-Lowery St (7),Queens,40.743782,-73.92402,130.0,74.4124,1,12.0,1,5,0,0
2025-05-05 05:00:00,460,33 St-Rawson St (7),Queens,40.744587,-73.931,47.0,248.9977,1,12.0,1,5,0,0
2025-05-05 05:00:00,461,"Queensboro Plaza (7,N,W)",Queens,40.750584,-73.9402,84.0,243.3235,1,11.0,1,5,0,0
2025-05-05 05:00:00,463,Hunters Point Av (7),Queens,40.742214,-73.94891,107.0,261.8206,1,12.0,1,5,0,0
2025-05-05 05:00:00,464,Vernon Blvd-Jackson Av (7),Queens,40.742626,-73.95358,110.0,157.4283,1,11.0,1,5,0,0
2025-05-05 05:00:00,471,34 St-Hudson Yards (7),Manhattan,40.755882,-74.00191,68.0,653.1608,1,5.0,1,5,0,0
2025-05-05 05:00:00,475,96 St (Q),Manhattan,40.784317,-73.94715,143.0,204.2304,1,4.0,1,5,0,0
2025-05-05 05:00:00,476,86 St (Q),Manhattan,40.77789,-73.95179,89.0,235.0845,1,8.0,1,5,0,0
2025-05-05 05:00:00,477,72 St (Q),Manhattan,40.7688,-73.95843,53.0,715.6122,1,8.0,1,5,0,0
2025-05-05 05:00:00,501,St George (SIR),Staten Island,40.64375,-74.07365,141.0,,0,4.0,1,5,0,0
2025-05-05 05:00:00,502,Tompkinsville (SIR),Staten Island,40.636948,-74.07484,7.0,,0,4.0,1,5,0,0
2025-05-05 05:00:00,601,"14 St/6 Av (1,2,3,L,F,M)",Manhattan,40.737797,-73.997734,83.0,452.9323,1,41.0,1,5,0,0
2025-05-05 05:00:00,602,"14 St-Union Sq (4,5,6,L,N,Q,R,W)",Manhattan,40.735065,-73.99042,186.0,956.5643,1,37.0,1,5,0,0
2025-05-05 05:00:00,603,"149 St-Grand Concourse (2,4,5)",Bronx,40.818394,-73.92703,150.0,160.7805,1,10.0,1,5,0,0
2025-05-05 05:00:00,604,"161 St-Yankee Stadium (4,B,D)",Bronx,40.82795,-73.92574,515.0,205.3844,1,20.0,1,5,0,0
2025-05-05 05:00:00,605,"168 St-Washington Hts (1,A,C)",Manhattan,40.840637,-73.93985,247.0,335.9724,1,18.0,1,5,0,0
2025-05-05 05:00:00,606,"Court Sq-23 St (7,E,F,G)",Queens,40.747143,-73.94503,131.0,396.6598,1,26.0,1,5,0,0
2025-05-05 05:00:00,607,"34 St-Herald Sq (B,D,F,M,N,Q,R,W)",Manhattan,40.74964,-73.987885,375.0,1176.5955,1,31.0,1,5,0,0
2025-05-05 05:00:00,608,"4 Av-9 St (F,G,R)",Brooklyn,40.67056,-73.989044,75.0,153.2626,1,39.0,1,5,0,0
2025-05-05 05:00:00,609,"42 St-Bryant Pk/5 Av (7,B,D,F,M)",Manhattan,40.75402,-73.98327,95.0,779.8718,1,29.0,1,5,0,0
2025-05-05 05:00:00,610,"Grand Central-42 St (4,5,6,7,S)",Manhattan,40.75199,-73.977356,743.0,2090.3955,1,36.0,1,5,0,0
2025-05-05 05:00:00,611,"Times Sq-42 St/Port Authority Bus Terminal (1,2,3,7,A,C,E,N,Q,R,W,S)",Manhattan,40.755745,-73.98758,2514.0,1897.5464,1,57.0,1,5,0,0
2025-05-05 05:00:00,612,"Lexington Av/51-53 Sts (6,E,F)",Manhattan,40.757328,-73.97049,83.0,1115.3536,1,23.0,1,5,0,0
2025-05-05 05:00:00,613,"Lexington Av/59 St (4,5,6,N,R,W)",Manhattan,40.762592,-73.96761,113.0,859.4729,1,31.0,1,5,0,0
2025-05-05 05:00:00,614,"59 St-Columbus Circle (1,A,C,B,D)",Manhattan,40.768272,-73.981834,160.0,922.8319,1,30.0,1,5,0,0
2025-05-05 05:00:00,615,"62 St/New Utrecht Av (D,N)",Brooklyn,40.625656,-73.99663,128.0,52.1836,1,14.0,1,5,0,0
2025-05-05 05:00:00,616,"Jackson Hts-Roosevelt Av/74 St-Broadway (7,E,F,M,R)",Queens,40.746746,-73.891365,1295.0,381.2389,1,32.0,1,5,0,0
2025-05-05 05:00:00,617,"Atlantic Av-Barclays Ctr (2,3,4,5,B,D,N,Q,R)",Brooklyn,40.684162,-73.97779,267.0,481.2041,1,49.0,1,5,0,0
2025-05-05 05:00:00,618,"14 St/8 Av (A,C,E,L)",Manhattan,40.740334,-74.00214,92.0,622.9103,1,19.0,1,5,0,0
2025-05-05 05:00:00,619,"Broadway-Lafayette St/Bleecker St (6,B,D,F,M)",Manhattan,40.725605,-73.99543,47.0,376.101,1,27.0,1,5,0,0
2025-05-05 05:00:00,620,"Borough Hall/Court St (2,3,4,5,R)",Brooklyn,40.69324,-73.99064,52.0,397.2421,1,31.0,1,5,0,0
2025-05-05 05:00:00,621,"Broadway Junction (A,C,J,Z,L)",Brooklyn,40.678898,-73.90436,183.0,125.4778,1,9.0,1,5,0,0
2025-05-05 05:00:00,622,"Brooklyn Bridge-City Hall/Chambers St (4,5,6,J,Z)",Manhattan,40.713154,-74.00377,51.0,449.8618,1,24.0,1,5,0,0
2025-05-05 05:00:00,623,"Canal St (6,J,Z,N,Q,R,W)",Manhattan,40.7187,-74.00058,55.0,310.2324,1,26.0,1,5,0,0
2025-05-05 05:00:00,624,"Chambers St/WTC/Park Place/Cortlandt St (2,3,A,C,E,R,W)",Manhattan,40.712605,-74.00955,219.0,883.9571,1,30.0,1,5,0,0
2025-05-05 05:00:00,625,"Delancey St-Essex St (F,M,J,Z)",Manhattan,40.718464,-73.98778,108.0,237.5266,1,15.0,1,5,0,0
2025-05-05 05:00:00,626,"Franklin Av-Medgar Evers College/Botanic Garden (2,3,4,5,S)",Brooklyn,40.670513,-73.95869,168.0,128.4985,1,28.0,1,5,0,0
2025-05-05 05:00:00,627,"Franklin Av (C,S)",Brooklyn,40.68099,-73.95634,37.0,61.2325,1,11.0,1,5,0,0
2025-05-05 05:00:00,628,"Fulton St (2,3,4,5,A,C,J,Z)",Manhattan,40.71009,-74.007835,424.0,1214.4573,1,31.0,1,5,0,0
2025-05-05 05:00:00,629,"Metropolitan Av/Lorimer St (G,L)",Brooklyn,40.71343,-73.95084,107.0,117.4643,1,20.0,1,5,0,0
2025-05-05 05:00:00,630,"Myrtle-Wyckoff Avs (M,L)",Brooklyn,40.699623,-73.91199,619.0,108.0593,1,11.0,1,5,0,0
2025-05-05 05:00:00,635,"Whitehall St-South Ferry (1,R,W)",Manhattan,40.702576,-74.01333,351.0,329.5834,1,13.0,1,5,0,0
2025-05-05 05:00:00,636,"Jay St-MetroTech (A,C,F,R)",Brooklyn,40.69226,-73.98664,167.0,464.8281,1,28.0,1,5,0,0
2025-05-05 06:00:00,1,"Astoria-Ditmars Blvd (N,W)",Queens,40.775036,-73.91203,651.0,183.0011,1,10.0,1,6,0,0
2025-05-05 06:00:00,2,"Astoria Blvd (N,W)",Queens,40.77026,-73.91785,437.0,162.4649,1,15.0,1,6,0,0
2025-05-05 06:00:00,3,"30 Av (N,W)",Queens,40.76678,-73.92148,523.0,207.7631,1,15.0,1,6,0,0
2025-05-05 06:00:00,4,"Broadway (N,W)",Queens,40.76182,-73.92551,481.0,132.8554,1,15.0,1,6,0,0
2025-05-05 06:00:00,5,"36 Av (N,W)",Queens,40.756805,-73.92957,209.0,130.952,1,15.0,1,6,0,0
2025-05-05 06:00:00,6,"39 Av-Dutch Kills (N,W)",Queens,40.75288,-73.932755,87.0,139.3888,1,14.0,1,6,0,0
2025-05-05 06:00:00,8,"5 Av/59 St (N,R,W)",Manhattan,40.764812,-73.97335,62.0,521.793,1,26.0,1,6,0,0
2025-05-05 06:00:00,9,"57 St-7 Av (N,Q,R,W)",Manhattan,40.764664,-73.98066,197.0,1143.5143,1,38.0,1,6,0,0
2025-05-05 06:00:00,10,"49 St (N,R,W)",Manhattan,40.7599,-73.98414,106.0,838.5049,1,28.0,1,6,0,0
2025-05-05 06:00:00,13,"28 St (R,W)",Manhattan,40.745495,-73.98869,50.0,292.7366,1,13.0,1,6,0,0
2025-05-05 06:00:00,14,"23 St (R,W)",Manhattan,40.741302,-73.98934,70.0,501.1152,1,13.0,1,6,0,0
2025-05-05 06:00:00,16,"8 St-NYU (R,W)",Manhattan,40.730328,-73.99263,84.0,232.05,1,14.0,1,6,0,0
2025-05-05 06:00:00,17,"Prince St (R,W)",Manhattan,40.72433,-73.9977,30.0,182.2325,1,12.0,1,6,0,0
2025-05-05 06:00:00,20,"City Hall (R,W)",Manhattan,40.713284,-74.00698,27.0,185.8569,1,11.0,1,6,0,0
2025-05-05 06:00:00,22,"Rector St (R,W)",Manhattan,40.70722,-74.01334,56.0,125.9858,1,12.0,1,6,0,0
2025-05-05 06:00:00,26,"DeKalb Av (B,Q,R)",Brooklyn,40.690636,-73.98183,362.0,664.8836,1,44.0,1,6,0,0
2025-05-05 06:00:00,28,Union St (R),Brooklyn,40.677315,-73.98311,158.0,261.9562,1,22.0,1,6,0,0
2025-05-05 06:00:00,30,Prospect Av (R),Brooklyn,40.665413,-73.992874,151.0,151.6959,1,22.0,1,6,0,0
2025-05-05 06:00:00,31,25 St (R),Brooklyn,40.660397,-73.99809,102.0,147.4399,1,21.0,1,6,0,0
2025-05-05 06:00:00,32,"36 St (D,N,R)",Brooklyn,40.655144,-74.00355,420.0,477.4847,1,32.0,1,6,0,0
2025-05-05 06:00:00,33,45 St (R),Brooklyn,40.648937,-74.01001,476.0,138.4472,1,15.0,1,6,0,0
2025-05-05 06:00:00,34,53 St (R),Brooklyn,40.64507,-74.01403,467.0,183.5216,1,15.0,1,6,0,0
2025-05-05 06:00:00,35,"59 St (N,R)",Brooklyn,40.64136,-74.01788,861.0,325.964,1,23.0,1,6,0,0
2025-05-05 06:00:00,36,Bay Ridge Av (R),Brooklyn,40.634968,-74.02338,386.0,114.8063,1,12.0,1,6,0,0
2025-05-05 06:00:00,37,77 St (R),Brooklyn,40.62974,-74.02551,357.0,69.3175,1,12.0,1,6,0,0
2025-05-05 06:00:00,38,86 St (R),Brooklyn,40.62269,-74.0284,783.0,262.8724,1,11.0,1,6,0,0
2025-05-05 06:00:00,39,Bay Ridge-95 St (R),Brooklyn,40.616623,-74.030876,345.0,99.8725,1,7.0,1,6,0,0
2025-05-05 06:00:00,41,"7 Av (B,Q)",Brooklyn,40.67705,-73.97237,176.0,167.5941,1,21.0,1,6,0,0
2025-05-05 06:00:00,42,"Prospect Park (B,Q,S)",Brooklyn,40.661613,-73.96225,348.0,127.2442,1,26.0,1,6,0,0
2025-05-05 06:00:00,43,Parkside Av (Q),Brooklyn,40.655293,-73.961494,258.0,62.1562,1,12.0,1,6,0,0
2025-05-05 06:00:00,44,"Church Av (B,Q)",Brooklyn,40.650528,-73.96298,705.0,150.5078,1,21.0,1,6,0,0
2025-05-05 06:00:00,45,Beverley Rd (Q),Brooklyn,40.64403,-73.96449,197.0,44.014,1,12.0,1,6,0,0
2025-05-05 06:00:00,46,Cortelyou Rd (Q),Brooklyn,40.640926,-73.96389,319.0,75.3092,1,12.0,1,6,0,0
2025-05-05 06:00:00,47,"Newkirk Plaza (B,Q)",Brooklyn,40.635082,-73.96279,543.0,126.1051,1,21.0,1,6,0,0
2025-05-05 06:00:00,48,Avenue H (Q),Brooklyn,40.62927,-73.96164,137.0,65.946,1,12.0,1,6,0,0
2025-05-05 06:00:00,49,Avenue J (Q),Brooklyn,40.62504,-73.9608,264.0,151.3358,1,11.0,1,6,0,0
2025-05-05 06:00:00,50,Avenue M (Q),Brooklyn,40.61762,-73.9594,246.0,178.8702,1,12.0,1,6,0,0
2025-05-05 06:00:00,51,"Kings Hwy (B,Q)",Brooklyn,40.60867,-73.95773,1032.0,410.2762,1,21.0,1,6,0,0
2025-05-05 06:00:00,52,Avenue U (Q),Brooklyn,40.5993,-73.95593,367.0,113.3677,1,11.0,1,6,0,0
2025-05-05 06:00:00,53,Neck Rd (Q),Brooklyn,40.595245,-73.95516,320.0,65.5258,1,11.0,1,6,0,0
2025-05-05 06:00:00,54,"Sheepshead Bay (B,Q)",Brooklyn,40.586895,-73.954155,803.0,212.1224,1,20.0,1,6,0,0
2025-05-05 06:00:00,55,"Brighton Beach (B,Q)",Brooklyn,40.57762,-73.96137,451.0,187.9351,1,18.0,1,6,0,0
2025-05-05 06:00:00,56,Ocean Pkwy (Q),Brooklyn,40.576313,-73.9685,149.0,55.4325,1,11.0,1,6,0,0
2025-05-05 06:00:00,57,"W 8 St-NY Aquarium (F,Q)",Brooklyn,40.576126,-73.97594,110.0,45.215,1,22.0,1,6,0,0
2025-05-05 06:00:00,58,"Coney Island-Stillwell Av (D,F,N,Q)",Brooklyn,40.577423,-73.98123,682.0,318.3724,1,25.0,1,6,0,0
2025-05-05 06:00:00,59,9 Av (D),Brooklyn,40.646294,-73.99432,344.0,92.7358,1,10.0,1,6,0,0
2025-05-05 06:00:00,60,Fort Hamilton Pkwy (D),Brooklyn,40.640915,-73.9943,176.0,160.3379,1,9.0,1,6,0,0
2025-05-05 06:00:00,61,50 St (D),Brooklyn,40.63626,-73.99479,108.0,136.1027,1,9.0,1,6,0,0
2025-05-05 06:00:00,62,55 St (D),Brooklyn,40.631435,-73.995476,53.0,95.524,1,10.0,1,6,0,0
2025-05-05 06:00:00,64,71 St (D),Brooklyn,40.61959,-73.99886,323.0,42.3108,1,11.0,1,6,0,0
2025-05-05 06:00:00,65,79 St (D),Brooklyn,40.613503,-74.00061,510.0,63.6795,1,11.0,1,6,0,0
2025-05-05 06:00:00,66,18 Av (D),Brooklyn,40.607952,-74.00174,482.0,75.0557,1,9.0,1,6,0,0
2025-05-05 06:00:00,67,20 Av (D),Brooklyn,40.604557,-73.99817,393.0,47.7852,1,9.0,1,6,0,0
2025-05-05 06:00:00,68,Bay Pkwy (D),Brooklyn,40.601875,-73.99373,477.0,85.5226,1,10.0,1,6,0,0
2025-05-05 06:00:00,69,25 Av (D),Brooklyn,40.597706,-73.98683,316.0,55.2292,1,10.0,1,6,0,0
2025-05-05 06:00:00,70,Bay 50 St (D),Brooklyn,40.58884,-73.983765,171.0,62.6726,1,11.0,1,6,0,0
2025-05-05 06:00:00,71,8 Av (N),Brooklyn,40.635063,-74.01172,436.0,187.6889,1,11.0,1,6,0,0
2025-05-05 06:00:00,72,Fort Hamilton Pkwy (N),Brooklyn,40.631386,-74.00535,443.0,112.6891,1,12.0,1,6,0,0
2025-05-05 06:00:00,74,18 Av (N),Brooklyn,40.62067,-73.99042,284.0,80.2685,1,11.0,1,6,0,0
2025-05-05 06:00:00,75,20 Av (N),Brooklyn,40.61741,-73.98502,265.0,122.5065,1,10.0,1,6,0,0
2025-05-05 06:00:00,76,Bay Pkwy (N),Brooklyn,40.611816,-73.98185,485.0,91.202,1,11.0,1,6,0,0
2025-05-05 06:00:00,77,Kings Hwy (N),Brooklyn,40.603924,-73.980354,451.0,60.0395,1,11.0,1,6,0,0
2025-05-05 06:00:00,78,Avenue U (N),Brooklyn,40.597473,-73.97913,244.0,67.1598,1,11.0,1,6,0,0
2025-05-05 06:00:00,79,86 St (N),Brooklyn,40.59272,-73.97823,135.0,63.6474,1,11.0,1,6,0,0
2025-05-05 06:00:00,80,"121 St (J,Z)",Queens,40.700493,-73.82829,126.0,52.1267,1,10.0,1,6,0,0
2025-05-05 06:00:00,81,111 St (J),Queens,40.69742,-73.83634,159.0,38.7256,1,10.0,1,6,0,0
2025-05-05 06:00:00,82,"104 St (J,Z)",Queens,40.69518,-73.84433,208.0,34.4857,1,11.0,1,6,0,0
2025-05-05 06:00:00,83,"Woodhaven Blvd (J,Z)",Queens,40.69388,-73.85158,319.0,123.8006,1,11.0,1,6,0,0
2025-05-05 06:00:00,84,85 St-Forest Pkwy (J),Queens,40.692436,-73.86001,135.0,21.6249,1,11.0,1,6,0,0
2025-05-05 06:00:00,85,"75 St-Elderts Ln (J,Z)",Queens,40.691322,-73.86714,386.0,60.2272,1,11.0,1,6,0,0
2025-05-05 06:00:00,86,Cypress Hills (J),Brooklyn,40.68994,-73.87255,31.0,12.2943,1,11.0,1,6,0,0
2025-05-05 06:00:00,87,"Crescent St (J,Z)",Brooklyn,40.683193,-73.87379,256.0,57.4977,1,11.0,1,6,0,0
2025-05-05 06:00:00,88,"Norwood Av (J,Z)",Brooklyn,40.68141,-73.880035,162.0,38.7808,1,10.0,1,6,0,0
2025-05-05 06:00:00,89,Cleveland St (J),Brooklyn,40.679947,-73.884636,143.0,45.0784,1,10.0,1,6,0,0
2025-05-05 06:00:00,90,"Van Siclen Av (J,Z)",Brooklyn,40.678024,-73.891685,233.0,50.6904,1,11.0,1,6,0,0
2025-05-05 06:00:00,91,"Alabama Av (J,Z)",Brooklyn,40.67699,-73.89865,66.0,87.158,1,11.0,1,6,0,0
2025-05-05 06:00:00,93,"Chauncey St (J,Z)",Brooklyn,40.68289,-73.91045,114.0,35.7929,1,10.0,1,6,0,0
2025-05-05 06:00:00,94,Halsey St (J),Brooklyn,40.68637,-73.91656,286.0,57.245,1,9.0,1,6,0,0
2025-05-05 06:00:00,95,"Gates Av (J,Z)",Brooklyn,40.68963,-73.92227,255.0,139.1659,1,8.0,1,6,0,0
2025-05-05 06:00:00,96,Kosciuszko St (J),Brooklyn,40.69334,-73.92882,238.0,87.3717,1,8.0,1,6,0,0
2025-05-05 06:00:00,97,"Myrtle Av (M,J,Z)",Brooklyn,40.69721,-73.93565,398.0,219.0419,1,20.0,1,6,0,0
2025-05-05 06:00:00,98,"Flushing Av (M,J)",Brooklyn,40.70026,-73.941124,186.0,298.2427,1,19.0,1,6,0,0
2025-05-05 06:00:00,99,"Lorimer St (M,J)",Brooklyn,40.70387,-73.94741,124.0,135.3021,1,19.0,1,6,0,0
2025-05-05 06:00:00,100,"Hewes St (M,J)",Brooklyn,40.70687,-73.95343,70.0,55.1001,1,20.0,1,6,0,0
2025-05-05 06:00:00,101,"Marcy Av (M,J,Z)",Brooklyn,40.70836,-73.957756,225.0,427.742,1,20.0,1,6,0,0
2025-05-05 06:00:00,103,"Bowery (J,Z)",Manhattan,40.72028,-73.99391,26.0,81.7662,1,9.0,1,6,0,0
2025-05-05 06:00:00,107,"Broad St (J,Z)",Manhattan,40.706474,-74.011055,25.0,264.6573,1,4.0,1,6,0,0
2025-05-05 06:00:00,108,Middle Village-Metropolitan Av (M),Queens,40.711395,-73.8896,287.0,141.6432,1,6.0,1,6,0,0
2025-05-05 06:00:00,109,Fresh Pond Rd (M),Queens,40.706184,-73.895874,476.0,58.7184,1,11.0,1,6,0,0
2025-05-05 06:00:00,110,Forest Av (M),Queens,40.704422,-73.903076,329.0,32.5392,1,11.0,1,6,0,0
2025-05-05 06:00:00,111,Seneca Av (M),Queens,40.702763,-73.90774,188.0,16.130300000000002,1,10.0,1,6,0,0
2025-05-05 06:00:00,113,Knickerbocker Av (M),Brooklyn,40.698666,-73.91971,175.0,65.9779,1,10.0,1,6,0,0
2025-05-05 06:00:00,114,Central Av (M),Brooklyn,40.697857,-73.9274,170.0,32.6248,1,11.0,1,6,0,0
2025-05-05 06:00:00,118,3 Av (L),Manhattan,40.73285,-73.98612,29.0,185.8361,1,19.0,1,6,0,0
2025-05-05 06:00:00,119,1 Av (L),Manhattan,40.730953,-73.98163,322.0,663.3937999999999,1,19.0,1,6,0,0
2025-05-05 06:00:00,120,Bedford Av (L),Brooklyn,40.717304,-73.95687,468.0,562.3783,1,20.0,1,6,0,0
2025-05-05 06:00:00,122,Graham Av (L),Brooklyn,40.714565,-73.94405,226.0,218.982,1,19.0,1,6,0,0
2025-05-05 06:00:00,123,Grand St (L),Brooklyn,40.711926,-73.94067,191.0,252.4076,1,19.0,1,6,0,0
2025-05-05 06:00:00,124,Montrose Av (L),Brooklyn,40.70774,-73.93985,160.0,126.4213,1,19.0,1,6,0,0
2025-05-05 06:00:00,125,Morgan Av (L),Brooklyn,40.706154,-73.93314,206.0,149.2835,1,19.0,1,6,0,0
2025-05-05 06:00:00,126,Jefferson St (L),Brooklyn,40.706608,-73.92291,307.0,177.9929,1,20.0,1,6,0,0
2025-05-05 06:00:00,127,DeKalb Av (L),Brooklyn,40.70381,-73.91843,764.0,185.6227,1,19.0,1,6,0,0
2025-05-05 06:00:00,129,Halsey St (L),Queens,40.695602,-73.90408,572.0,91.3409,1,20.0,1,6,0,0
2025-05-05 06:00:00,130,Wilson Av (L),Brooklyn,40.688763,-73.904045,248.0,65.3781,1,19.0,1,6,0,0
2025-05-05 06:00:00,131,Bushwick Av-Aberdeen St (L),Brooklyn,40.68283,-73.90525,118.0,28.097,1,18.0,1,6,0,0
2025-05-05 06:00:00,133,Atlantic Av (L),Brooklyn,40.675346,-73.9031,157.0,110.1041,1,19.0,1,6,0,0
2025-05-05 06:00:00,134,Sutter Av (L),Brooklyn,40.66937,-73.90198,179.0,85.2431,1,19.0,1,6,0,0
2025-05-05 06:00:00,135,Livonia Av (L),Brooklyn,40.66404,-73.90057,158.0,77.9459,1,19.0,1,6,0,0
2025-05-05 06:00:00,136,New Lots Av (L),Brooklyn,40.658733,-73.89923,259.0,73.6653,1,19.0,1,6,0,0
2025-05-05 06:00:00,137,East 105 St (L),Brooklyn,40.650574,-73.89948,181.0,62.9905,1,19.0,1,6,0,0
2025-05-05 06:00:00,138,Canarsie-Rockaway Pkwy (L),Brooklyn,40.646652,-73.90185,204.0,204.5232,1,8.0,1,6,0,0
2025-05-05 06:00:00,141,Park Pl (S),Brooklyn,40.67477,-73.95763,47.0,67.8052,1,10.0,1,6,0,0
2025-05-05 06:00:00,143,Inwood-207 St (A),Manhattan,40.868073,-73.9199,388.0,136.9265,1,8.0,1,6,0,0
2025-05-05 06:00:00,144,Dyckman St (A),Manhattan,40.86549,-73.92727,283.0,88.6411,1,13.0,1,6,0,0
2025-05-05 06:00:00,145,190 St (A),Manhattan,40.85902,-73.93418,172.0,72.6989,1,13.0,1,6,0,0
2025-05-05 06:00:00,146,181 St (A),Manhattan,40.851696,-73.937965,381.0,124.3324,1,13.0,1,6,0,0
2025-05-05 06:00:00,147,175 St (A),Manhattan,40.84739,-73.939705,498.0,173.8162,1,14.0,1,6,0,0
2025-05-05 06:00:00,149,163 St-Amsterdam Av (C),Manhattan,40.836014,-73.939896,201.0,62.2013,1,11.0,1,6,0,0
2025-05-05 06:00:00,150,155 St (C),Manhattan,40.830517,-73.94151,105.0,43.5553,1,11.0,1,6,0,0
2025-05-05 06:00:00,151,"145 St (A,C,B,D)",Manhattan,40.824783,-73.944214,777.0,414.1388,1,,0,6,0,0
2025-05-05 06:00:00,152,"135 St (C,B)",Manhattan,40.817894,-73.94765,127.0,153.5514,1,17.0,1,6,0,0
2025-05-05 06:00:00,153,"125 St (A,C,B,D)",Manhattan,40.811108,-73.95235,612.0,707.5925,1,38.0,1,6,0,0
2025-05-05 06:00:00,154,"116 St (C,B)",Manhattan,40.805084,-73.95488,156.0,112.034,1,16.0,1,6,0,0
2025-05-05 06:00:00,155,"Cathedral Pkwy (110 St) (C,B)",Manhattan,40.800602,-73.95816,148.0,165.3322,1,17.0,1,6,0,0
2025-05-05 06:00:00,156,"103 St (C,B)",Manhattan,40.796093,-73.96146,109.0,86.0311,1,18.0,1,6,0,0
2025-05-05 06:00:00,157,"96 St (C,B)",Manhattan,40.79164,-73.9647,123.0,328.0272,1,18.0,1,6,0,0
2025-05-05 06:00:00,158,"86 St (C,B)",Manhattan,40.78587,-73.96892,105.0,359.4157,1,18.0,1,6,0,0
2025-05-05 06:00:00,159,"81 St-Museum of Natural History (C,B)",Manhattan,40.781433,-73.972145,79.0,311.0559,1,18.0,1,6,0,0
2025-05-05 06:00:00,160,"72 St (C,B)",Manhattan,40.775593,-73.97641,84.0,223.0087,1,18.0,1,6,0,0
2025-05-05 06:00:00,162,"50 St (C,E)",Manhattan,40.762455,-73.985985,166.0,682.0393,1,23.0,1,6,0,0
2025-05-05 06:00:00,164,"34 St-Penn Station (A,C,E)",Manhattan,40.75229,-73.99339,2056.0,1679.3318,1,32.0,1,6,0,0
2025-05-05 06:00:00,165,"23 St (C,E)",Manhattan,40.745907,-73.99804,179.0,568.2505,1,23.0,1,6,0,0
2025-05-05 06:00:00,167,"W 4 St-Wash Sq (A,C,E,B,D,F,M)",Manhattan,40.732338,-74.000496,314.0,1143.4242,1,,0,6,0,0
2025-05-05 06:00:00,168,"Spring St (C,E)",Manhattan,40.726227,-74.00374,43.0,376.572,1,24.0,1,6,0,0
2025-05-05 06:00:00,169,"Canal St (A,C,E)",Manhattan,40.720825,-74.005226,94.0,652.7715,1,35.0,1,6,0,0
2025-05-05 06:00:00,173,"High St (A,C)",Brooklyn,40.699337,-73.99053,105.0,210.8669,1,21.0,1,6,0,0
2025-05-05 06:00:00,175,"Hoyt-Schermerhorn Sts (A,C,G)",Brooklyn,40.688484,-73.985,133.0,331.3767,1,33.0,1,6,0,0
2025-05-05 06:00:00,176,Lafayette Av (C),Brooklyn,40.68611,-73.973946,68.0,119.0951,1,10.0,1,6,0,0
2025-05-05 06:00:00,177,Clinton-Washington Avs (C),Brooklyn,40.68326,-73.965836,145.0,141.397,1,10.0,1,6,0,0
2025-05-05 06:00:00,179,"Nostrand Av (A,C)",Brooklyn,40.68044,-73.950424,472.0,344.1164,1,22.0,1,6,0,0
2025-05-05 06:00:00,180,Kingston-Throop Avs (C),Brooklyn,40.67992,-73.94086,197.0,99.7353,1,11.0,1,6,0,0
2025-05-05 06:00:00,181,"Utica Av (A,C)",Brooklyn,40.679363,-73.93073,634.0,258.7292,1,22.0,1,6,0,0
2025-05-05 06:00:00,182,Ralph Av (C),Brooklyn,40.67882,-73.920784,216.0,68.7094,1,11.0,1,6,0,0
2025-05-05 06:00:00,183,Rockaway Av (C),Brooklyn,40.67834,-73.91195,282.0,78.5221,1,11.0,1,6,0,0
2025-05-05 06:00:00,185,Liberty Av (C),Brooklyn,40.67454,-73.896545,129.0,50.949,1,10.0,1,6,0,0
2025-05-05 06:00:00,186,Van Siclen Av (C),Brooklyn,40.67271,-73.89036,231.0,34.0269,1,11.0,1,6,0,0
2025-05-05 06:00:00,187,Shepherd Av (C),Brooklyn,40.67413,-73.88075,184.0,40.8876,1,11.0,1,6,0,0
2025-05-05 06:00:00,188,"Euclid Av (A,C)",Brooklyn,40.675377,-73.87211,744.0,150.9031,1,22.0,1,6,0,0
2025-05-05 06:00:00,189,Grant Av (A),Brooklyn,40.677044,-73.86505,384.0,82.681,1,16.0,1,6,0,0
2025-05-05 06:00:00,190,80 St (A),Queens,40.67937,-73.85899,316.0,38.0469,1,17.0,1,6,0,0
2025-05-05 06:00:00,191,88 St (A),Queens,40.679844,-73.85147,264.0,22.5209,1,16.0,1,6,0,0
2025-05-05 06:00:00,192,Rockaway Blvd (A),Queens,40.680428,-73.84386,642.0,167.8323,1,16.0,1,6,0,0
2025-05-05 06:00:00,193,104 St (A),Queens,40.68171,-73.837685,183.0,19.0497,1,8.0,1,6,0,0
2025-05-05 06:00:00,194,111 St (A),Queens,40.68433,-73.83216,253.0,24.0691,1,8.0,1,6,0,0
2025-05-05 06:00:00,195,Ozone Park-Lefferts Blvd (A),Queens,40.68595,-73.8258,741.0,85.4277,1,5.0,1,6,0,0
2025-05-05 06:00:00,196,Aqueduct Racetrack (A),Queens,40.672096,-73.83592,11.0,8.5306,1,4.0,1,6,0,0
2025-05-05 06:00:00,197,Aqueduct-N Conduit Av (A),Queens,40.668236,-73.83406,75.0,14.6537,1,8.0,1,6,0,0
2025-05-05 06:00:00,198,Howard Beach-JFK Airport (A),Queens,40.660477,-73.8303,605.0,170.477,1,4.0,1,6,0,0
2025-05-05 06:00:00,210,Norwood-205 St (D),Bronx,40.87481,-73.87885,389.0,102.4594,1,7.0,1,6,0,0
2025-05-05 06:00:00,211,"Bedford Park Blvd (B,D)",Bronx,40.873245,-73.88714,428.0,110.7757,1,16.0,1,6,0,0
2025-05-05 06:00:00,212,"Kingsbridge Rd (B,D)",Bronx,40.866978,-73.89351,471.0,76.3701,1,16.0,1,6,0,0
2025-05-05 06:00:00,213,"Fordham Rd (B,D)",Bronx,40.861298,-73.89775,468.0,141.305,1,16.0,1,6,0,0
2025-05-05 06:00:00,214,"182-183 Sts (B,D)",Bronx,40.856094,-73.90074,257.0,65.368,1,11.0,1,6,0,0
2025-05-05 06:00:00,215,"Tremont Av (B,D)",Bronx,40.85041,-73.90523,584.0,124.2642,1,15.0,1,6,0,0
2025-05-05 06:00:00,216,"174-175 Sts (B,D)",Bronx,40.8459,-73.91013,195.0,98.0468,1,12.0,1,6,0,0
2025-05-05 06:00:00,217,"170 St (B,D)",Bronx,40.839306,-73.9134,315.0,85.18469999999999,1,12.0,1,6,0,0
2025-05-05 06:00:00,218,"167 St (B,D)",Bronx,40.83377,-73.91844,402.0,133.4652,1,12.0,1,6,0,0
2025-05-05 06:00:00,220,"155 St (B,D)",Manhattan,40.830135,-73.93821,122.0,48.839,1,12.0,1,6,0,0
2025-05-05 06:00:00,221,21 St-Queensbridge (M),Queens,40.754204,-73.94283,355.0,455.3524,1,14.0,1,6,0,0
2025-05-05 06:00:00,222,Roosevelt Island (M),Manhattan,40.759144,-73.95326,191.0,166.3533,1,13.0,1,6,0,0
2025-05-05 06:00:00,223,"Lexington Av/63 St (M,Q)",Manhattan,40.76463,-73.96611,157.0,852.1859,1,25.0,1,6,0,0
2025-05-05 06:00:00,224,57 St (M),Manhattan,40.763973,-73.97745,57.0,555.3276,1,14.0,1,6,0,0
2025-05-05 06:00:00,225,"47-50 Sts-Rockefeller Ctr (B,D,F,M)",Manhattan,40.758663,-73.98133,127.0,1954.0887,1,43.0,1,6,0,0
2025-05-05 06:00:00,228,"23 St (F,M)",Manhattan,40.742878,-73.99282,206.0,640.2178,1,24.0,1,6,0,0
2025-05-05 06:00:00,231,"Grand St (B,D)",Manhattan,40.718266,-73.99375,211.0,607.9147,1,19.0,1,6,0,0
2025-05-05 06:00:00,232,2 Av (F),Manhattan,40.7234,-73.98994,171.0,381.6927,1,13.0,1,6,0,0
2025-05-05 06:00:00,234,East Broadway (F),Manhattan,40.713715,-73.99017,253.0,378.2781,1,13.0,1,6,0,0
2025-05-05 06:00:00,235,York St (F),Brooklyn,40.701397,-73.98675,123.0,297.7127,1,12.0,1,6,0,0
2025-05-05 06:00:00,236,"Bergen St (F,G)",Brooklyn,40.686146,-73.99086,168.0,262.6613,1,26.0,1,6,0,0
2025-05-05 06:00:00,237,"Carroll St (F,G)",Brooklyn,40.6803,-73.99505,234.0,359.3812,1,25.0,1,6,0,0
2025-05-05 06:00:00,238,"Smith-9 Sts (F,G)",Brooklyn,40.67358,-73.99596,90.0,173.2512,1,25.0,1,6,0,0
2025-05-05 06:00:00,240,"7 Av (F,G)",Brooklyn,40.66627,-73.98031,225.0,396.8779,1,26.0,1,6,0,0
2025-05-05 06:00:00,241,"15 St-Prospect Park (F,G)",Brooklyn,40.660366,-73.97949,136.0,103.7684,1,25.0,1,6,0,0
2025-05-05 06:00:00,242,"Fort Hamilton Pkwy (F,G)",Brooklyn,40.650784,-73.97578,244.0,52.1438,1,26.0,1,6,0,0
2025-05-05 06:00:00,243,"Church Av (F,G)",Brooklyn,40.64404,-73.979675,450.0,164.2406,1,20.0,1,6,0,0
2025-05-05 06:00:00,244,Ditmas Av (F),Brooklyn,40.63612,-73.97817,197.0,97.885,1,11.0,1,6,0,0
2025-05-05 06:00:00,245,18 Av (F),Brooklyn,40.629753,-73.976974,155.0,116.6885,1,12.0,1,6,0,0
2025-05-05 06:00:00,246,Avenue I (F),Brooklyn,40.62532,-73.97613,47.0,72.7084,1,13.0,1,6,0,0
2025-05-05 06:00:00,247,Bay Pkwy (F),Brooklyn,40.62077,-73.975266,75.0,30.7491,1,13.0,1,6,0,0
2025-05-05 06:00:00,248,Avenue N (F),Brooklyn,40.61514,-73.9742,176.0,60.4368,1,13.0,1,6,0,0
2025-05-05 06:00:00,249,Avenue P (F),Brooklyn,40.608944,-73.97302,164.0,43.6991,1,14.0,1,6,0,0
2025-05-05 06:00:00,250,Kings Hwy (F),Brooklyn,40.603218,-73.97236,170.0,97.841,1,13.0,1,6,0,0
2025-05-05 06:00:00,251,Avenue U (F),Brooklyn,40.59606,-73.97336,121.0,53.4885,1,12.0,1,6,0,0
2025-05-05 06:00:00,252,Avenue X (F),Brooklyn,40.58962,-73.97425,152.0,72.7215,1,14.0,1,6,0,0
2025-05-05 06:00:00,253,Neptune Av (F),Brooklyn,40.581013,-73.97457,75.0,43.772,1,10.0,1,6,0,0
2025-05-05 06:00:00,254,Jamaica-179 St (F),Queens,40.712646,-73.78381,1782.0,305.0877,1,11.0,1,6,0,0
2025-05-05 06:00:00,255,169 St (F),Queens,40.71047,-73.7936,492.0,139.1503,1,15.0,1,6,0,0
2025-05-05 06:00:00,256,Parsons Blvd (F),Queens,40.707565,-73.80333,479.0,145.5002,1,15.0,1,6,0,0
2025-05-05 06:00:00,257,Sutphin Blvd (F),Queens,40.70546,-73.81071,332.0,61.8028,1,15.0,1,6,0,0
2025-05-05 06:00:00,258,"Briarwood (E,F)",Queens,40.70918,-73.82057,331.0,92.2377,1,21.0,1,6,0,0
2025-05-05 06:00:00,259,"Kew Gardens-Union Tpke (E,F)",Queens,40.71444,-73.83101,1302.0,404.5777,1,30.0,1,6,0,0
2025-05-05 06:00:00,260,"75 Av (E,F)",Queens,40.71833,-73.837326,153.0,50.6871,1,23.0,1,6,0,0
2025-05-05 06:00:00,261,"Forest Hills-71 Av (E,F,M,R)",Queens,40.72169,-73.84452,1256.0,500.6984,1,46.0,1,6,0,0
2025-05-05 06:00:00,262,"67 Av (M,R)",Queens,40.726524,-73.85272,419.0,163.8302,1,24.0,1,6,0,0
2025-05-05 06:00:00,263,"63 Dr-Rego Park (M,R)",Queens,40.729847,-73.8616,717.0,221.6841,1,23.0,1,6,0,0
2025-05-05 06:00:00,264,"Woodhaven Blvd (M,R)",Queens,40.733105,-73.86923,1169.0,311.7415,1,22.0,1,6,0,0
2025-05-05 06:00:00,265,"Grand Av-Newtown (M,R)",Queens,40.737015,-73.87722,1368.0,232.8718,1,21.0,1,6,0,0
2025-05-05 06:00:00,266,"Elmhurst Av (M,R)",Queens,40.742455,-73.88202,871.0,130.8295,1,23.0,1,6,0,0
2025-05-05 06:00:00,268,"65 St (M,R)",Queens,40.74967,-73.89845,241.0,56.869,1,24.0,1,6,0,0
2025-05-05 06:00:00,269,"Northern Blvd (M,R)",Queens,40.752884,-73.906006,416.0,152.6009,1,23.0,1,6,0,0
2025-05-05 06:00:00,270,"46 St (M,R)",Queens,40.756313,-73.91333,335.0,123.3955,1,23.0,1,6,0,0
2025-05-05 06:00:00,271,"Steinway St (M,R)",Queens,40.756878,-73.92074,383.0,225.3983,1,23.0,1,6,0,0
2025-05-05 06:00:00,272,"36 St (M,R)",Queens,40.75204,-73.92878,58.0,113.6417,1,24.0,1,6,0,0
2025-05-05 06:00:00,273,"Queens Plaza (E,F,R)",Queens,40.748974,-73.93724,275.0,662.1265,1,36.0,1,6,0,0
2025-05-05 06:00:00,276,"5 Av/53 St (E,F)",Manhattan,40.760166,-73.97523,29.0,772.8172999999999,1,23.0,1,6,0,0
2025-05-05 06:00:00,277,"7 Av (E,B,D)",Manhattan,40.762863,-73.981636,105.0,648.3145,1,31.0,1,6,0,0
2025-05-05 06:00:00,278,"Jamaica Center-Parsons/Archer (E,J,Z)",Queens,40.70215,-73.80111,2517.0,772.4276,1,17.0,1,6,0,0
2025-05-05 06:00:00,279,"Sutphin Blvd-Archer Av-JFK Airport (E,J,Z)",Queens,40.700485,-73.80797,1707.0,679.1658,1,25.0,1,6,0,0
2025-05-05 06:00:00,280,Jamaica-Van Wyck (E),Queens,40.702564,-73.81686,300.0,176.9214,1,15.0,1,6,0,0
2025-05-05 06:00:00,282,21 St (G),Queens,40.744064,-73.94972,48.0,79.9866,1,13.0,1,6,0,0
2025-05-05 06:00:00,283,Greenpoint Av (G),Brooklyn,40.731354,-73.95445,200.0,338.3414,1,13.0,1,6,0,0
2025-05-05 06:00:00,284,Nassau Av (G),Brooklyn,40.724636,-73.95128,175.0,275.6121,1,13.0,1,6,0,0
2025-05-05 06:00:00,286,Broadway (G),Brooklyn,40.706093,-73.95031,166.0,184.9655,1,12.0,1,6,0,0
2025-05-05 06:00:00,287,Flushing Av (G),Brooklyn,40.70038,-73.95023,90.0,169.0938,1,12.0,1,6,0,0
2025-05-05 06:00:00,288,Myrtle-Willoughby Avs (G),Brooklyn,40.69457,-73.94904,207.0,154.98,1,14.0,1,6,0,0
2025-05-05 06:00:00,289,Bedford-Nostrand Avs (G),Brooklyn,40.68963,-73.95352,258.0,173.9587,1,13.0,1,6,0,0
2025-05-05 06:00:00,290,Classon Av (G),Brooklyn,40.688873,-73.96007,158.0,97.6581,1,12.0,1,6,0,0
2025-05-05 06:00:00,291,Clinton-Washington Avs (G),Brooklyn,40.688087,-73.96684,89.0,136.6072,1,12.0,1,6,0,0
2025-05-05 06:00:00,292,Fulton St (G),Brooklyn,40.68712,-73.97537,130.0,311.21070000000003,1,12.0,1,6,0,0
2025-05-05 06:00:00,293,Van Cortlandt Park-242 St (1),Bronx,40.889248,-73.89858,468.0,121.1276,1,7.0,1,6,0,0
2025-05-05 06:00:00,294,238 St (1),Bronx,40.884666,-73.90087,283.0,52.1808,1,13.0,1,6,0,0
2025-05-05 06:00:00,295,231 St (1),Bronx,40.878857,-73.90483,486.0,163.2735,1,14.0,1,6,0,0
2025-05-05 06:00:00,296,Marble Hill-225 St (1),Manhattan,40.87456,-73.90983,233.0,99.6732,1,13.0,1,6,0,0
2025-05-05 06:00:00,297,215 St (1),Manhattan,40.869446,-73.915276,56.0,84.748,1,14.0,1,6,0,0
2025-05-05 06:00:00,298,207 St (1),Manhattan,40.86462,-73.91882,252.0,133.6534,1,14.0,1,6,0,0
2025-05-05 06:00:00,299,Dyckman St (1),Manhattan,40.86053,-73.92554,293.0,89.597,1,13.0,1,6,0,0
2025-05-05 06:00:00,300,191 St (1),Manhattan,40.855225,-73.92941,379.0,114.3947,1,12.0,1,6,0,0
2025-05-05 06:00:00,301,181 St (1),Manhattan,40.849506,-73.93359,441.0,140.5997,1,13.0,1,6,0,0
2025-05-05 06:00:00,303,157 St (1),Manhattan,40.83404,-73.94489,441.0,138.9976,1,13.0,1,6,0,0
2025-05-05 06:00:00,304,145 St (1),Manhattan,40.82655,-73.95036,370.0,113.1229,1,13.0,1,6,0,0
2025-05-05 06:00:00,305,137 St-City College (1),Manhattan,40.822006,-73.953674,349.0,173.003,1,14.0,1,6,0,0
2025-05-05 06:00:00,306,125 St (1),Manhattan,40.815582,-73.958374,157.0,190.2245,1,13.0,1,6,0,0
2025-05-05 06:00:00,307,116 St-Columbia University (1),Manhattan,40.80772,-73.96411,62.0,384.5952,1,13.0,1,6,0,0
2025-05-05 06:00:00,308,Cathedral Pkwy (110 St) (1),Manhattan,40.803967,-73.96685,165.0,297.328,1,13.0,1,6,0,0
2025-05-05 06:00:00,309,103 St (1),Manhattan,40.799446,-73.968376,197.0,189.9452,1,13.0,1,6,0,0
2025-05-05 06:00:00,310,"96 St (1,2,3)",Manhattan,40.79392,-73.97232,574.0,929.2969,1,34.0,1,6,0,0
2025-05-05 06:00:00,311,86 St (1),Manhattan,40.788643,-73.97622,222.0,496.8696,1,15.0,1,6,0,0
2025-05-05 06:00:00,312,79 St (1),Manhattan,40.783936,-73.97992,149.0,382.5806,1,14.0,1,6,0,0
2025-05-05 06:00:00,313,"72 St (1,2,3)",Manhattan,40.778454,-73.98197,409.0,1008.7565,1,35.0,1,6,0,0
2025-05-05 06:00:00,314,66 St-Lincoln Center (1),Manhattan,40.77344,-73.98221,144.0,783.9116,1,12.0,1,6,0,0
2025-05-05 06:00:00,316,50 St (1),Manhattan,40.761726,-73.98385,111.0,665.0783,1,14.0,1,6,0,0
2025-05-05 06:00:00,318,"34 St-Penn Station (1,2,3)",Manhattan,40.750374,-73.99106,2640.0,1288.5422,1,34.0,1,6,0,0
2025-05-05 06:00:00,319,28 St (1),Manhattan,40.747215,-73.99336,69.0,288.3072,1,13.0,1,6,0,0
2025-05-05 06:00:00,320,23 St (1),Manhattan,40.74408,-73.99566,77.0,274.606,1,13.0,1,6,0,0
2025-05-05 06:00:00,321,18 St (1),Manhattan,40.74104,-73.99787,42.0,170.19,1,14.0,1,6,0,0
2025-05-05 06:00:00,323,Christopher St-Stonewall (1),Manhattan,40.73342,-74.00291,79.0,198.1879,1,14.0,1,6,0,0
2025-05-05 06:00:00,324,Houston St (1),Manhattan,40.728252,-74.00536,64.0,589.2169,1,14.0,1,6,0,0
2025-05-05 06:00:00,325,Canal St (1),Manhattan,40.722855,-74.00628,28.0,116.5982,1,13.0,1,6,0,0
2025-05-05 06:00:00,326,Franklin St (1),Manhattan,40.71932,-74.00689,43.0,169.5622,1,13.0,1,6,0,0
2025-05-05 06:00:00,327,"Chambers St (1,2,3)",Manhattan,40.715477,-74.00927,126.0,914.8498,1,34.0,1,6,0,0
2025-05-05 06:00:00,328,WTC Cortlandt (1),Manhattan,40.711834,-74.01219,292.0,328.4986,1,15.0,1,6,0,0
2025-05-05 06:00:00,329,Rector St (1),Manhattan,40.70751,-74.01379,81.0,169.9476,1,15.0,1,6,0,0
2025-05-05 06:00:00,333,"Wall St (2,3)",Manhattan,40.70682,-74.0091,155.0,661.2053,1,19.0,1,6,0,0
2025-05-05 06:00:00,334,"Clark St (2,3)",Brooklyn,40.697468,-73.99309,97.0,135.6109,1,19.0,1,6,0,0
2025-05-05 06:00:00,336,"Hoyt St (2,3)",Brooklyn,40.690544,-73.98506,55.0,213.678,1,19.0,1,6,0,0
2025-05-05 06:00:00,337,"Nevins St (2,3,4,5)",Brooklyn,40.688248,-73.98049,152.0,337.827,1,42.0,1,6,0,0
2025-05-05 06:00:00,339,"Bergen St (2,3)",Brooklyn,40.68083,-73.9751,65.0,78.3543,1,21.0,1,6,0,0
2025-05-05 06:00:00,340,"Grand Army Plaza (2,3)",Brooklyn,40.675236,-73.97105,128.0,153.9202,1,20.0,1,6,0,0
2025-05-05 06:00:00,341,"Eastern Pkwy-Brooklyn Museum (2,3)",Brooklyn,40.671986,-73.96438,86.0,65.0022,1,20.0,1,6,0,0
2025-05-05 06:00:00,343,Nostrand Av (3),Brooklyn,40.669846,-73.95046,101.0,59.1506,1,12.0,1,6,0,0
2025-05-05 06:00:00,344,Kingston Av (3),Brooklyn,40.6694,-73.94216,140.0,115.4563,1,12.0,1,6,0,0
2025-05-05 06:00:00,345,"Crown Hts-Utica Av (3,4)",Brooklyn,40.668896,-73.932945,1399.0,433.4352,1,14.0,1,6,0,0
2025-05-05 06:00:00,346,Sutter Av-Rutland Rd (3),Brooklyn,40.66472,-73.92261,489.0,105.0069,1,13.0,1,6,0,0
2025-05-05 06:00:00,347,Saratoga Av (3),Brooklyn,40.661453,-73.91633,418.0,78.1292,1,13.0,1,6,0,0
2025-05-05 06:00:00,348,Rockaway Av (3),Brooklyn,40.662548,-73.90894,250.0,96.7891,1,13.0,1,6,0,0
2025-05-05 06:00:00,349,Junius St (3),Brooklyn,40.663513,-73.90245,121.0,85.2318,1,14.0,1,6,0,0
2025-05-05 06:00:00,350,Pennsylvania Av (3),Brooklyn,40.664635,-73.8949,219.0,85.7236,1,13.0,1,6,0,0
2025-05-05 06:00:00,351,Van Siclen Av (3),Brooklyn,40.665447,-73.8894,164.0,41.7618,1,13.0,1,6,0,0
2025-05-05 06:00:00,352,New Lots Av (3),Brooklyn,40.666237,-73.88408,422.0,98.2098,1,7.0,1,6,0,0
2025-05-05 06:00:00,353,"President St-Medgar Evers College (2,5)",Brooklyn,40.667885,-73.95068,141.0,82.6592,1,20.0,1,6,0,0
2025-05-05 06:00:00,354,"Sterling St (2,5)",Brooklyn,40.662743,-73.95085,225.0,73.88119999999999,1,20.0,1,6,0,0
2025-05-05 06:00:00,355,"Winthrop St (2,5)",Brooklyn,40.65665,-73.9502,292.0,234.5127,1,20.0,1,6,0,0
2025-05-05 06:00:00,356,"Church Av (2,5)",Brooklyn,40.650845,-73.94958,574.0,124.4978,1,20.0,1,6,0,0
2025-05-05 06:00:00,357,"Beverly Rd (2,5)",Brooklyn,40.6451,-73.94896,294.0,89.7221,1,21.0,1,6,0,0
2025-05-05 06:00:00,358,"Newkirk Av-Little Haiti (2,5)",Brooklyn,40.63997,-73.94841,524.0,99.3015,1,20.0,1,6,0,0
2025-05-05 06:00:00,359,"Flatbush Av-Brooklyn College (2,5)",Brooklyn,40.632835,-73.94764,1064.0,390.1478,1,11.0,1,6,0,0
2025-05-05 06:00:00,360,Pelham Bay Park (6),Bronx,40.852463,-73.82812,477.0,121.2916,1,7.0,1,6,0,0
2025-05-05 06:00:00,361,Buhre Av (6),Bronx,40.84681,-73.832565,338.0,39.8965,1,12.0,1,6,0,0
2025-05-05 06:00:00,362,Middletown Rd (6),Bronx,40.843864,-73.83632,205.0,34.6916,1,12.0,1,6,0,0
2025-05-05 06:00:00,363,Westchester Sq-E Tremont Av (6),Bronx,40.839893,-73.84295,203.0,127.2542,1,12.0,1,6,0,0
2025-05-05 06:00:00,364,Zerega Av (6),Bronx,40.836487,-73.84704,150.0,43.2329,1,12.0,1,6,0,0
2025-05-05 06:00:00,365,Castle Hill Av (6),Bronx,40.834255,-73.85122,388.0,85.3931,1,12.0,1,6,0,0
2025-05-05 06:00:00,366,Parkchester (6),Bronx,40.833225,-73.86082,930.0,153.346,1,17.0,1,6,0,0
2025-05-05 06:00:00,367,St Lawrence Av (6),Bronx,40.83151,-73.867615,371.0,47.6134,1,12.0,1,6,0,0
2025-05-05 06:00:00,368,Morrison Av-Soundview (6),Bronx,40.82952,-73.87452,502.0,68.1966,1,13.0,1,6,0,0
2025-05-05 06:00:00,369,Elder Av (6),Bronx,40.828583,-73.87916,439.0,78.0825,1,13.0,1,6,0,0
2025-05-05 06:00:00,370,Whitlock Av (6),Bronx,40.826527,-73.886284,120.0,29.6175,1,13.0,1,6,0,0
2025-05-05 06:00:00,371,Hunts Point Av (6),Bronx,40.82095,-73.89055,528.0,229.844,1,18.0,1,6,0,0
2025-05-05 06:00:00,372,Longwood Av (6),Bronx,40.816105,-73.89644,146.0,129.2173,1,13.0,1,6,0,0
2025-05-05 06:00:00,373,E 149 St (6),Bronx,40.81212,-73.9041,276.0,91.4503,1,14.0,1,6,0,0
2025-05-05 06:00:00,374,E 143 St-St Mary's St (6),Bronx,40.80872,-73.90765,72.0,95.2334,1,14.0,1,6,0,0
2025-05-05 06:00:00,375,Cypress Av (6),Bronx,40.805367,-73.91404,121.0,121.9926,1,14.0,1,6,0,0
2025-05-05 06:00:00,376,Brook Av (6),Bronx,40.807568,-73.91924,250.0,156.3556,1,13.0,1,6,0,0
2025-05-05 06:00:00,377,3 Av-138 St (6),Bronx,40.810474,-73.92614,349.0,196.6695,1,17.0,1,6,0,0
2025-05-05 06:00:00,378,Woodlawn (4),Bronx,40.886036,-73.87875,509.0,179.8433,1,10.0,1,6,0,0
2025-05-05 06:00:00,379,Mosholu Pkwy (4),Bronx,40.87975,-73.88466,381.0,203.6428,1,17.0,1,6,0,0
2025-05-05 06:00:00,380,Bedford Park Blvd-Lehman College (4),Bronx,40.873413,-73.89006,275.0,216.6176,1,17.0,1,6,0,0
2025-05-05 06:00:00,381,Kingsbridge Rd (4),Bronx,40.86776,-73.89717,546.0,191.9047,1,18.0,1,6,0,0
2025-05-05 06:00:00,382,Fordham Rd (4),Bronx,40.862804,-73.90103,599.0,146.8836,1,18.0,1,6,0,0
2025-05-05 06:00:00,383,183 St (4),Bronx,40.858406,-73.90388,361.0,72.5044,1,18.0,1,6,0,0
2025-05-05 06:00:00,384,Burnside Av (4),Bronx,40.853455,-73.907684,491.0,141.8255,1,18.0,1,6,0,0
2025-05-05 06:00:00,385,176 St (4),Bronx,40.84848,-73.9118,334.0,103.061,1,17.0,1,6,0,0
2025-05-05 06:00:00,386,Mt Eden Av (4),Bronx,40.844433,-73.91469,266.0,105.3077,1,18.0,1,6,0,0
2025-05-05 06:00:00,387,170 St (4),Bronx,40.840076,-73.91779,439.0,165.6835,1,18.0,1,6,0,0
2025-05-05 06:00:00,388,167 St (4),Bronx,40.835537,-73.9214,554.0,133.8618,1,19.0,1,6,0,0
2025-05-05 06:00:00,391,"138 St-Grand Concourse (4,5)",Bronx,40.813225,-73.92985,174.0,212.7593,1,26.0,1,6,0,0
2025-05-05 06:00:00,392,"125 St (4,5,6)",Manhattan,40.80414,-73.93759,778.0,956.2586,1,44.0,1,6,0,0
2025-05-05 06:00:00,393,116 St (6),Manhattan,40.79863,-73.94162,387.0,387.9786,1,17.0,1,6,0,0
2025-05-05 06:00:00,394,110 St (6),Manhattan,40.79502,-73.94425,342.0,355.451,1,17.0,1,6,0,0
2025-05-05 06:00:00,395,103 St (6),Manhattan,40.7906,-73.94748,279.0,492.9382,1,17.0,1,6,0,0
2025-05-05 06:00:00,396,96 St (6),Manhattan,40.78567,-73.95107,216.0,874.9926,1,18.0,1,6,0,0
2025-05-05 06:00:00,397,"86 St (4,5,6)",Manhattan,40.77949,-73.95559,547.0,1675.7137,1,43.0,1,6,0,0
2025-05-05 06:00:00,398,77 St (6),Manhattan,40.77362,-73.95988,216.0,1405.3529,1,16.0,1,6,0,0
2025-05-05 06:00:00,399,68 St-Hunter College (6),Manhattan,40.768143,-73.96387,112.0,992.9731,1,16.0,1,6,0,0
2025-05-05 06:00:00,403,33 St (6),Manhattan,40.746082,-73.98208,261.0,849.8421,1,16.0,1,6,0,0
2025-05-05 06:00:00,404,28 St (6),Manhattan,40.74307,-73.98426,155.0,699.2487,1,17.0,1,6,0,0
2025-05-05 06:00:00,405,23 St-Baruch College (6),Manhattan,40.739864,-73.9866,244.0,898.672,1,17.0,1,6,0,0
2025-05-05 06:00:00,407,Astor Pl (6),Manhattan,40.730053,-73.99107,125.0,333.3723,1,16.0,1,6,0,0
2025-05-05 06:00:00,409,Spring St (6),Manhattan,40.7223,-73.99714,61.0,218.1294,1,16.0,1,6,0,0
2025-05-05 06:00:00,413,"Wall St (4,5)",Manhattan,40.707558,-74.01186,161.0,486.2722,1,25.0,1,6,0,0
2025-05-05 06:00:00,414,"Bowling Green (4,5)",Manhattan,40.70482,-74.01407,493.0,874.6291,1,25.0,1,6,0,0
2025-05-05 06:00:00,416,Wakefield-241 St (2),Bronx,40.903126,-73.85062,373.0,109.1502,1,9.0,1,6,0,0
2025-05-05 06:00:00,417,"Nereid Av (2,5)",Bronx,40.89838,-73.85438,241.0,54.4218,1,20.0,1,6,0,0
2025-05-05 06:00:00,418,"233 St (2,5)",Bronx,40.893192,-73.857475,356.0,70.3685,1,20.0,1,6,0,0
2025-05-05 06:00:00,419,"225 St (2,5)",Bronx,40.888023,-73.860344,258.0,49.4713,1,19.0,1,6,0,0
2025-05-05 06:00:00,420,"219 St (2,5)",Bronx,40.883896,-73.86263,211.0,42.9136,1,19.0,1,6,0,0
2025-05-05 06:00:00,421,"Gun Hill Rd (2,5)",Bronx,40.87785,-73.86626,358.0,135.7111,1,19.0,1,6,0,0
2025-05-05 06:00:00,422,"Burke Av (2,5)",Bronx,40.871357,-73.867165,188.0,44.254,1,20.0,1,6,0,0
2025-05-05 06:00:00,423,"Allerton Av (2,5)",Bronx,40.865463,-73.867355,297.0,69.4149,1,20.0,1,6,0,0
2025-05-05 06:00:00,424,"Pelham Pkwy (2,5)",Bronx,40.857193,-73.867615,433.0,151.0816,1,19.0,1,6,0,0
2025-05-05 06:00:00,425,"Bronx Park East (2,5)",Bronx,40.848827,-73.868454,163.0,59.7067,1,18.0,1,6,0,0
2025-05-05 06:00:00,426,"E 180 St (2,5)",Bronx,40.841892,-73.87349,712.0,141.4519,1,25.0,1,6,0,0
2025-05-05 06:00:00,427,"West Farms Sq-E Tremont Av (2,5)",Bronx,40.840294,-73.88005,288.0,134.461,1,14.0,1,6,0,0
2025-05-05 06:00:00,428,"174 St (2,5)",Bronx,40.837288,-73.88773,343.0,157.4115,1,16.0,1,6,0,0
2025-05-05 06:00:00,429,"Freeman St (2,5)",Bronx,40.829994,-73.89187,269.0,104.6777,1,16.0,1,6,0,0
2025-05-05 06:00:00,430,"Simpson St (2,5)",Bronx,40.824074,-73.89307,388.0,203.805,1,17.0,1,6,0,0
2025-05-05 06:00:00,431,"Intervale Av (2,5)",Bronx,40.82218,-73.896736,159.0,83.0552,1,17.0,1,6,0,0
2025-05-05 06:00:00,432,"Prospect Av (2,5)",Bronx,40.819584,-73.90177,310.0,148.0133,1,16.0,1,6,0,0
2025-05-05 06:00:00,433,"Jackson Av (2,5)",Bronx,40.81649,-73.90781,261.0,156.3111,1,16.0,1,6,0,0
2025-05-05 06:00:00,434,"3 Av-149 St (2,5)",Bronx,40.81611,-73.917755,779.0,529.5456,1,22.0,1,6,0,0
2025-05-05 06:00:00,436,Harlem-148 St (3),Manhattan,40.82388,-73.93647,152.0,57.4052,1,5.0,1,6,0,0
2025-05-05 06:00:00,437,145 St (3),Manhattan,40.82042,-73.93625,160.0,96.4522,1,10.0,1,6,0,0
2025-05-05 06:00:00,438,"135 St (2,3)",Manhattan,40.814228,-73.94077,381.0,395.4102,1,22.0,1,6,0,0
2025-05-05 06:00:00,439,"125 St (2,3)",Manhattan,40.807755,-73.945496,245.0,346.5761,1,22.0,1,6,0,0
2025-05-05 06:00:00,440,"116 St (2,3)",Manhattan,40.802097,-73.94962,248.0,168.51330000000002,1,21.0,1,6,0,0
2025-05-05 06:00:00,441,"110 St-Malcolm X Plaza (2,3)",Manhattan,40.799076,-73.95182,190.0,173.9313,1,22.0,1,6,0,0
2025-05-05 06:00:00,442,Eastchester-Dyre Av (5),Bronx,40.8883,-73.83083,415.0,114.6556,1,7.0,1,6,0,0
2025-05-05 06:00:00,443,Baychester Av (5),Bronx,40.878662,-73.83859,256.0,83.0781,1,9.0,1,6,0,0
2025-05-05 06:00:00,444,Gun Hill Rd (5),Bronx,40.869526,-73.84638,426.0,76.0953,1,9.0,1,6,0,0
2025-05-05 06:00:00,445,Pelham Pkwy (5),Bronx,40.858986,-73.85536,245.0,71.9252,1,9.0,1,6,0,0
2025-05-05 06:00:00,446,Morris Park (5),Bronx,40.854362,-73.8605,242.0,32.5385,1,9.0,1,6,0,0
2025-05-05 06:00:00,447,Flushing-Main St (7),Queens,40.7596,-73.83003,3315.0,1394.1471,1,18.0,1,6,0,0
2025-05-05 06:00:00,448,Mets-Willets Point (7),Queens,40.754623,-73.84563,84.0,237.8556,1,27.0,1,6,0,0
2025-05-05 06:00:00,449,111 St (7),Queens,40.75173,-73.85533,1260.0,176.297,1,24.0,1,6,0,0
2025-05-05 06:00:00,450,103 St-Corona Plaza (7),Queens,40.749866,-73.8627,2290.0,234.084,1,23.0,1,6,0,0
2025-05-05 06:00:00,451,Junction Blvd (7),Queens,40.749146,-73.86953,2211.0,306.8873,1,31.0,1,6,0,0
2025-05-05 06:00:00,452,90 St-Elmhurst Av (7),Queens,40.74841,-73.87661,1472.0,174.2903,1,25.0,1,6,0,0
2025-05-05 06:00:00,453,82 St-Jackson Hts (7),Queens,40.747658,-73.8837,580.0,193.9231,1,24.0,1,6,0,0
2025-05-05 06:00:00,455,69 St (7),Queens,40.746326,-73.8964,328.0,114.1882,1,31.0,1,6,0,0
2025-05-05 06:00:00,456,61 St-Woodside (7),Queens,40.74563,-73.902985,1051.0,252.9583,1,32.0,1,6,0,0
2025-05-05 06:00:00,457,52 St (7),Queens,40.74415,-73.91255,359.0,90.1286,1,32.0,1,6,0,0
2025-05-05 06:00:00,458,46 St-Bliss St (7),Queens,40.743134,-73.918434,558.0,278.4949,1,32.0,1,6,0,0
2025-05-05 06:00:00,459,40 St-Lowery St (7),Queens,40.743782,-73.92402,379.0,234.3618,1,34.0,1,6,0,0
2025-05-05 06:00:00,460,33 St-Rawson St (7),Queens,40.744587,-73.931,72.0,591.7307,1,34.0,1,6,0,0
2025-05-05 06:00:00,461,"Queensboro Plaza (7,N,W)",Queens,40.750584,-73.9402,240.0,505.1875,1,32.0,1,6,0,0
2025-05-05 06:00:00,463,Hunters Point Av (7),Queens,40.742214,-73.94891,155.0,313.8068,1,32.0,1,6,0,0
2025-05-05 06:00:00,464,Vernon Blvd-Jackson Av (7),Queens,40.742626,-73.95358,424.0,364.3899,1,32.0,1,6,0,0
2025-05-05 06:00:00,471,34 St-Hudson Yards (7),Manhattan,40.755882,-74.00191,223.0,1117.6203,1,18.0,1,6,0,0
2025-05-05 06:00:00,475,96 St (Q),Manhattan,40.784317,-73.94715,409.0,630.2570000000001,1,7.0,1,6,0,0
2025-05-05 06:00:00,476,86 St (Q),Manhattan,40.77789,-73.95179,417.0,665.753,1,11.0,1,6,0,0
2025-05-05 06:00:00,477,72 St (Q),Manhattan,40.7688,-73.95843,256.0,1722.4663,1,12.0,1,6,0,0
2025-05-05 06:00:00,501,St George (SIR),Staten Island,40.64375,-74.07365,463.0,,0,7.0,1,6,0,0
2025-05-05 06:00:00,502,Tompkinsville (SIR),Staten Island,40.636948,-74.07484,22.0,,0,6.0,1,6,0,0
2025-05-05 06:00:00,601,"14 St/6 Av (1,2,3,L,F,M)",Manhattan,40.737797,-73.997734,425.0,1076.5055,1,76.0,1,6,0,0
2025-05-05 06:00:00,602,"14 St-Union Sq (4,5,6,L,N,Q,R,W)",Manhattan,40.735065,-73.99042,566.0,2447.9903,1,79.0,1,6,0,0
2025-05-05 06:00:00,603,"149 St-Grand Concourse (2,4,5)",Bronx,40.818394,-73.92703,366.0,416.3088,1,18.0,1,6,0,0
2025-05-05 06:00:00,604,"161 St-Yankee Stadium (4,B,D)",Bronx,40.82795,-73.92574,1010.0,460.6759,1,30.0,1,6,0,0
2025-05-05 06:00:00,605,"168 St-Washington Hts (1,A,C)",Manhattan,40.840637,-73.93985,480.0,845.4065,1,32.0,1,6,0,0
2025-05-05 06:00:00,606,"Court Sq-23 St (7,E,F,G)",Queens,40.747143,-73.94503,387.0,915.5272,1,62.0,1,6,0,0
2025-05-05 06:00:00,607,"34 St-Herald Sq (B,D,F,M,N,Q,R,W)",Manhattan,40.74964,-73.987885,1427.0,2272.6889,1,80.0,1,6,0,0
2025-05-05 06:00:00,608,"4 Av-9 St (F,G,R)",Brooklyn,40.67056,-73.989044,268.0,339.0528,1,47.0,1,6,0,0
2025-05-05 06:00:00,609,"42 St-Bryant Pk/5 Av (7,B,D,F,M)",Manhattan,40.75402,-73.98327,223.0,1568.3487,1,74.0,1,6,0,0
2025-05-05 06:00:00,610,"Grand Central-42 St (4,5,6,7,S)",Manhattan,40.75199,-73.977356,2862.0,4095.419,1,87.0,1,6,0,0
2025-05-05 06:00:00,611,"Times Sq-42 St/Port Authority Bus Terminal (1,2,3,7,A,C,E,N,Q,R,W,S)",Manhattan,40.755745,-73.98758,6676.0,3848.7427,1,116.0,1,6,0,0
2025-05-05 06:00:00,612,"Lexington Av/51-53 Sts (6,E,F)",Manhattan,40.757328,-73.97049,297.0,2080.3806,1,39.0,1,6,0,0
2025-05-05 06:00:00,613,"Lexington Av/59 St (4,5,6,N,R,W)",Manhattan,40.762592,-73.96761,351.0,1971.7068,1,69.0,1,6,0,0
2025-05-05 06:00:00,614,"59 St-Columbus Circle (1,A,C,B,D)",Manhattan,40.768272,-73.981834,418.0,2329.7904,1,52.0,1,6,0,0
2025-05-05 06:00:00,615,"62 St/New Utrecht Av (D,N)",Brooklyn,40.625656,-73.99663,264.0,121.1685,1,23.0,1,6,0,0
2025-05-05 06:00:00,616,"Jackson Hts-Roosevelt Av/74 St-Broadway (7,E,F,M,R)",Queens,40.746746,-73.891365,2692.0,865.8162,1,84.0,1,6,0,0
2025-05-05 06:00:00,617,"Atlantic Av-Barclays Ctr (2,3,4,5,B,D,N,Q,R)",Brooklyn,40.684162,-73.97779,1175.0,1162.4251,1,96.0,1,6,0,0
2025-05-05 06:00:00,618,"14 St/8 Av (A,C,E,L)",Manhattan,40.740334,-74.00214,310.0,1268.1634,1,44.0,1,6,0,0
2025-05-05 06:00:00,619,"Broadway-Lafayette St/Bleecker St (6,B,D,F,M)",Manhattan,40.725605,-73.99543,199.0,811.9269,1,59.0,1,6,0,0
2025-05-05 06:00:00,620,"Borough Hall/Court St (2,3,4,5,R)",Brooklyn,40.69324,-73.99064,253.0,1014.2398,1,53.0,1,6,0,0
2025-05-05 06:00:00,621,"Broadway Junction (A,C,J,Z,L)",Brooklyn,40.678898,-73.90436,439.0,209.4308,1,22.0,1,6,0,0
2025-05-05 06:00:00,622,"Brooklyn Bridge-City Hall/Chambers St (4,5,6,J,Z)",Manhattan,40.713154,-74.00377,163.0,1114.3794,1,42.0,1,6,0,0
2025-05-05 06:00:00,623,"Canal St (6,J,Z,N,Q,R,W)",Manhattan,40.7187,-74.00058,144.0,826.4651,1,39.0,1,6,0,0
2025-05-05 06:00:00,624,"Chambers St/WTC/Park Place/Cortlandt St (2,3,A,C,E,R,W)",Manhattan,40.712605,-74.00955,658.0,1998.6913,1,58.0,1,6,0,0
2025-05-05 06:00:00,625,"Delancey St-Essex St (F,M,J,Z)",Manhattan,40.718464,-73.98778,387.0,710.3744,1,33.0,1,6,0,0
2025-05-05 06:00:00,626,"Franklin Av-Medgar Evers College/Botanic Garden (2,3,4,5,S)",Brooklyn,40.670513,-73.95869,414.0,258.83050000000003,1,51.0,1,6,0,0
2025-05-05 06:00:00,627,"Franklin Av (C,S)",Brooklyn,40.68099,-73.95634,90.0,109.8368,1,16.0,1,6,0,0
2025-05-05 06:00:00,628,"Fulton St (2,3,4,5,A,C,J,Z)",Manhattan,40.71009,-74.007835,1206.0,2475.5495,1,53.0,1,6,0,0
2025-05-05 06:00:00,629,"Metropolitan Av/Lorimer St (G,L)",Brooklyn,40.71343,-73.95084,308.0,264.8236,1,31.0,1,6,0,0
2025-05-05 06:00:00,630,"Myrtle-Wyckoff Avs (M,L)",Brooklyn,40.699623,-73.91199,1360.0,273.8873,1,19.0,1,6,0,0
2025-05-05 06:00:00,635,"Whitehall St-South Ferry (1,R,W)",Manhattan,40.702576,-74.01333,531.0,640.0973,1,18.0,1,6,0,0
2025-05-05 06:00:00,636,"Jay St-MetroTech (A,C,F,R)",Brooklyn,40.69226,-73.98664,347.0,1200.3059,1,45.0,1,6,0,0
2025-05-05 07:00:00,1,"Astoria-Ditmars Blvd (N,W)",Queens,40.775036,-73.91203,1515.0,312.4549,1,12.0,1,7,0,0
2025-05-05 07:00:00,2,"Astoria Blvd (N,W)",Queens,40.77026,-73.91785,1051.0,176.1209,1,19.0,1,7,0,0
2025-05-05 07:00:00,3,"30 Av (N,W)",Queens,40.76678,-73.92148,1271.0,310.3765,1,19.0,1,7,0,0
2025-05-05 07:00:00,4,"Broadway (N,W)",Queens,40.76182,-73.92551,1070.0,261.4768,1,20.0,1,7,0,0
2025-05-05 07:00:00,5,"36 Av (N,W)",Queens,40.756805,-73.92957,487.0,300.8361,1,20.0,1,7,0,0
2025-05-05 07:00:00,6,"39 Av-Dutch Kills (N,W)",Queens,40.75288,-73.932755,195.0,197.7009,1,21.0,1,7,0,0
2025-05-05 07:00:00,8,"5 Av/59 St (N,R,W)",Manhattan,40.764812,-73.97335,86.0,1033.1659,1,36.0,1,7,0,0
2025-05-05 07:00:00,9,"57 St-7 Av (N,Q,R,W)",Manhattan,40.764664,-73.98066,566.0,2189.5744,1,52.0,1,7,0,0
2025-05-05 07:00:00,10,"49 St (N,R,W)",Manhattan,40.7599,-73.98414,344.0,1578.3537,1,37.0,1,7,0,0
2025-05-05 07:00:00,13,"28 St (R,W)",Manhattan,40.745495,-73.98869,213.0,577.7351,1,26.0,1,7,0,0
2025-05-05 07:00:00,14,"23 St (R,W)",Manhattan,40.741302,-73.98934,237.0,965.3298,1,25.0,1,7,0,0
2025-05-05 07:00:00,16,"8 St-NYU (R,W)",Manhattan,40.730328,-73.99263,322.0,527.1071,1,26.0,1,7,0,0
2025-05-05 07:00:00,17,"Prince St (R,W)",Manhattan,40.72433,-73.9977,78.0,344.7723,1,27.0,1,7,0,0
2025-05-05 07:00:00,20,"City Hall (R,W)",Manhattan,40.713284,-74.00698,80.0,426.7171,1,29.0,1,7,0,0
2025-05-05 07:00:00,22,"Rector St (R,W)",Manhattan,40.70722,-74.01334,152.0,328.5402,1,27.0,1,7,0,0
2025-05-05 07:00:00,26,"DeKalb Av (B,Q,R)",Brooklyn,40.690636,-73.98183,955.0,1395.6236,1,47.0,1,7,0,0
2025-05-05 07:00:00,28,Union St (R),Brooklyn,40.677315,-73.98311,514.0,315.5273,1,19.0,1,7,0,0
2025-05-05 07:00:00,30,Prospect Av (R),Brooklyn,40.665413,-73.992874,536.0,345.7274,1,20.0,1,7,0,0
2025-05-05 07:00:00,31,25 St (R),Brooklyn,40.660397,-73.99809,299.0,146.417,1,20.0,1,7,0,0
2025-05-05 07:00:00,32,"36 St (D,N,R)",Brooklyn,40.655144,-74.00355,889.0,995.3435,1,47.0,1,7,0,0
2025-05-05 07:00:00,33,45 St (R),Brooklyn,40.648937,-74.01001,863.0,263.8893,1,20.0,1,7,0,0
2025-05-05 07:00:00,34,53 St (R),Brooklyn,40.64507,-74.01403,981.0,287.8802,1,20.0,1,7,0,0
2025-05-05 07:00:00,35,"59 St (N,R)",Brooklyn,40.64136,-74.01788,1493.0,587.4216,1,33.0,1,7,0,0
2025-05-05 07:00:00,36,Bay Ridge Av (R),Brooklyn,40.634968,-74.02338,892.0,296.9491,1,17.0,1,7,0,0
2025-05-05 07:00:00,37,77 St (R),Brooklyn,40.62974,-74.02551,730.0,129.2836,1,17.0,1,7,0,0
2025-05-05 07:00:00,38,86 St (R),Brooklyn,40.62269,-74.0284,1214.0,408.1478,1,17.0,1,7,0,0
2025-05-05 07:00:00,39,Bay Ridge-95 St (R),Brooklyn,40.616623,-74.030876,716.0,162.0465,1,9.0,1,7,0,0
2025-05-05 07:00:00,41,"7 Av (B,Q)",Brooklyn,40.67705,-73.97237,631.0,454.0288,1,30.0,1,7,0,0
2025-05-05 07:00:00,42,"Prospect Park (B,Q,S)",Brooklyn,40.661613,-73.96225,850.0,220.1964,1,35.0,1,7,0,0
2025-05-05 07:00:00,43,Parkside Av (Q),Brooklyn,40.655293,-73.961494,575.0,129.8949,1,16.0,1,7,0,0
2025-05-05 07:00:00,44,"Church Av (B,Q)",Brooklyn,40.650528,-73.96298,1503.0,315.1887,1,29.0,1,7,0,0
2025-05-05 07:00:00,45,Beverley Rd (Q),Brooklyn,40.64403,-73.96449,421.0,90.439,1,15.0,1,7,0,0
2025-05-05 07:00:00,46,Cortelyou Rd (Q),Brooklyn,40.640926,-73.96389,760.0,130.624,1,15.0,1,7,0,0
2025-05-05 07:00:00,47,"Newkirk Plaza (B,Q)",Brooklyn,40.635082,-73.96279,1199.0,230.5628,1,31.0,1,7,0,0
2025-05-05 07:00:00,48,Avenue H (Q),Brooklyn,40.62927,-73.96164,336.0,130.2482,1,16.0,1,7,0,0
2025-05-05 07:00:00,49,Avenue J (Q),Brooklyn,40.62504,-73.9608,555.0,315.2217,1,15.0,1,7,0,0
2025-05-05 07:00:00,50,Avenue M (Q),Brooklyn,40.61762,-73.9594,559.0,525.9774,1,14.0,1,7,0,0
2025-05-05 07:00:00,51,"Kings Hwy (B,Q)",Brooklyn,40.60867,-73.95773,2206.0,795.5896,1,30.0,1,7,0,0
2025-05-05 07:00:00,52,Avenue U (Q),Brooklyn,40.5993,-73.95593,824.0,220.462,1,15.0,1,7,0,0
2025-05-05 07:00:00,53,Neck Rd (Q),Brooklyn,40.595245,-73.95516,620.0,105.3072,1,15.0,1,7,0,0
2025-05-05 07:00:00,54,"Sheepshead Bay (B,Q)",Brooklyn,40.586895,-73.954155,1542.0,426.6853,1,30.0,1,7,0,0
2025-05-05 07:00:00,55,"Brighton Beach (B,Q)",Brooklyn,40.57762,-73.96137,1028.0,462.0173,1,25.0,1,7,0,0
2025-05-05 07:00:00,56,Ocean Pkwy (Q),Brooklyn,40.576313,-73.9685,278.0,146.6688,1,17.0,1,7,0,0
2025-05-05 07:00:00,57,"W 8 St-NY Aquarium (F,Q)",Brooklyn,40.576126,-73.97594,182.0,122.7139,1,31.0,1,7,0,0
2025-05-05 07:00:00,58,"Coney Island-Stillwell Av (D,F,N,Q)",Brooklyn,40.577423,-73.98123,1271.0,490.956,1,29.0,1,7,0,0
2025-05-05 07:00:00,59,9 Av (D),Brooklyn,40.646294,-73.99432,709.0,162.9213,1,15.0,1,7,0,0
2025-05-05 07:00:00,60,Fort Hamilton Pkwy (D),Brooklyn,40.640915,-73.9943,457.0,269.8718,1,16.0,1,7,0,0
2025-05-05 07:00:00,61,50 St (D),Brooklyn,40.63626,-73.99479,217.0,284.5885,1,16.0,1,7,0,0
2025-05-05 07:00:00,62,55 St (D),Brooklyn,40.631435,-73.995476,103.0,171.3234,1,16.0,1,7,0,0
2025-05-05 07:00:00,64,71 St (D),Brooklyn,40.61959,-73.99886,694.0,74.5231,1,15.0,1,7,0,0
2025-05-05 07:00:00,65,79 St (D),Brooklyn,40.613503,-74.00061,900.0,244.9685,1,16.0,1,7,0,0
2025-05-05 07:00:00,66,18 Av (D),Brooklyn,40.607952,-74.00174,792.0,144.0489,1,17.0,1,7,0,0
2025-05-05 07:00:00,67,20 Av (D),Brooklyn,40.604557,-73.99817,632.0,106.2527,1,17.0,1,7,0,0
2025-05-05 07:00:00,68,Bay Pkwy (D),Brooklyn,40.601875,-73.99373,874.0,181.6175,1,15.0,1,7,0,0
2025-05-05 07:00:00,69,25 Av (D),Brooklyn,40.597706,-73.98683,576.0,127.6666,1,16.0,1,7,0,0
2025-05-05 07:00:00,70,Bay 50 St (D),Brooklyn,40.58884,-73.983765,328.0,239.4295,1,11.0,1,7,0,0
2025-05-05 07:00:00,71,8 Av (N),Brooklyn,40.635063,-74.01172,910.0,407.2427,1,15.0,1,7,0,0
2025-05-05 07:00:00,72,Fort Hamilton Pkwy (N),Brooklyn,40.631386,-74.00535,957.0,240.5502,1,16.0,1,7,0,0
2025-05-05 07:00:00,74,18 Av (N),Brooklyn,40.62067,-73.99042,531.0,179.9726,1,18.0,1,7,0,0
2025-05-05 07:00:00,75,20 Av (N),Brooklyn,40.61741,-73.98502,584.0,346.0878,1,18.0,1,7,0,0
2025-05-05 07:00:00,76,Bay Pkwy (N),Brooklyn,40.611816,-73.98185,931.0,192.4578,1,17.0,1,7,0,0
2025-05-05 07:00:00,77,Kings Hwy (N),Brooklyn,40.603924,-73.980354,806.0,152.528,1,16.0,1,7,0,0
2025-05-05 07:00:00,78,Avenue U (N),Brooklyn,40.597473,-73.97913,492.0,141.8021,1,17.0,1,7,0,0
2025-05-05 07:00:00,79,86 St (N),Brooklyn,40.59272,-73.97823,324.0,120.3103,1,17.0,1,7,0,0
2025-05-05 07:00:00,80,"121 St (J,Z)",Queens,40.700493,-73.82829,259.0,81.9256,1,17.0,1,7,0,0
2025-05-05 07:00:00,81,111 St (J),Queens,40.69742,-73.83634,286.0,99.3591,1,17.0,1,7,0,0
2025-05-05 07:00:00,82,"104 St (J,Z)",Queens,40.69518,-73.84433,401.0,75.121,1,16.0,1,7,0,0
2025-05-05 07:00:00,83,"Woodhaven Blvd (J,Z)",Queens,40.69388,-73.85158,604.0,164.9926,1,17.0,1,7,0,0
2025-05-05 07:00:00,84,85 St-Forest Pkwy (J),Queens,40.692436,-73.86001,290.0,34.6705,1,17.0,1,7,0,0
2025-05-05 07:00:00,85,"75 St-Elderts Ln (J,Z)",Queens,40.691322,-73.86714,523.0,173.9641,1,16.0,1,7,0,0
2025-05-05 07:00:00,86,Cypress Hills (J),Brooklyn,40.68994,-73.87255,49.0,16.4985,1,16.0,1,7,0,0
2025-05-05 07:00:00,87,"Crescent St (J,Z)",Brooklyn,40.683193,-73.87379,463.0,100.8139,1,15.0,1,7,0,0
2025-05-05 07:00:00,88,"Norwood Av (J,Z)",Brooklyn,40.68141,-73.880035,312.0,64.8096,1,14.0,1,7,0,0
2025-05-05 07:00:00,89,Cleveland St (J),Brooklyn,40.679947,-73.884636,304.0,81.917,1,14.0,1,7,0,0
2025-05-05 07:00:00,90,"Van Siclen Av (J,Z)",Brooklyn,40.678024,-73.891685,386.0,76.0245,1,13.0,1,7,0,0
2025-05-05 07:00:00,91,"Alabama Av (J,Z)",Brooklyn,40.67699,-73.89865,173.0,109.2355,1,16.0,1,7,0,0
2025-05-05 07:00:00,93,"Chauncey St (J,Z)",Brooklyn,40.68289,-73.91045,254.0,82.248,1,11.0,1,7,0,0
2025-05-05 07:00:00,94,Halsey St (J),Brooklyn,40.68637,-73.91656,610.0,114.7512,1,13.0,1,7,0,0
2025-05-05 07:00:00,95,"Gates Av (J,Z)",Brooklyn,40.68963,-73.92227,580.0,197.6479,1,13.0,1,7,0,0
2025-05-05 07:00:00,96,Kosciuszko St (J),Brooklyn,40.69334,-73.92882,411.0,173.7071,1,13.0,1,7,0,0
2025-05-05 07:00:00,97,"Myrtle Av (M,J,Z)",Brooklyn,40.69721,-73.93565,869.0,362.2539,1,25.0,1,7,0,0
2025-05-05 07:00:00,98,"Flushing Av (M,J)",Brooklyn,40.70026,-73.941124,368.0,572.6814,1,18.0,1,7,0,0
2025-05-05 07:00:00,99,"Lorimer St (M,J)",Brooklyn,40.70387,-73.94741,282.0,280.3568,1,19.0,1,7,0,0
2025-05-05 07:00:00,100,"Hewes St (M,J)",Brooklyn,40.70687,-73.95343,150.0,122.441,1,18.0,1,7,0,0
2025-05-05 07:00:00,101,"Marcy Av (M,J,Z)",Brooklyn,40.70836,-73.957756,600.0,632.5303,1,24.0,1,7,0,0
2025-05-05 07:00:00,103,"Bowery (J,Z)",Manhattan,40.72028,-73.99391,49.0,147.0868,1,14.0,1,7,0,0
2025-05-05 07:00:00,107,"Broad St (J,Z)",Manhattan,40.706474,-74.011055,64.0,558.3822,1,6.0,1,7,0,0
2025-05-05 07:00:00,108,Middle Village-Metropolitan Av (M),Queens,40.711395,-73.8896,520.0,190.6921,1,7.0,1,7,0,0
2025-05-05 07:00:00,109,Fresh Pond Rd (M),Queens,40.706184,-73.895874,836.0,78.5929,1,12.0,1,7,0,0
2025-05-05 07:00:00,110,Forest Av (M),Queens,40.704422,-73.903076,598.0,67.0147,1,12.0,1,7,0,0
2025-05-05 07:00:00,111,Seneca Av (M),Queens,40.702763,-73.90774,333.0,28.7234,1,13.0,1,7,0,0
2025-05-05 07:00:00,113,Knickerbocker Av (M),Brooklyn,40.698666,-73.91971,403.0,136.6847,1,13.0,1,7,0,0
2025-05-05 07:00:00,114,Central Av (M),Brooklyn,40.697857,-73.9274,340.0,83.5581,1,13.0,1,7,0,0
2025-05-05 07:00:00,118,3 Av (L),Manhattan,40.73285,-73.98612,80.0,352.49240000000003,1,27.0,1,7,0,0
2025-05-05 07:00:00,119,1 Av (L),Manhattan,40.730953,-73.98163,989.0,1549.7477,1,27.0,1,7,0,0
2025-05-05 07:00:00,120,Bedford Av (L),Brooklyn,40.717304,-73.95687,1585.0,963.8446,1,26.0,1,7,0,0
2025-05-05 07:00:00,122,Graham Av (L),Brooklyn,40.714565,-73.94405,624.0,294.2586,1,27.0,1,7,0,0
2025-05-05 07:00:00,123,Grand St (L),Brooklyn,40.711926,-73.94067,414.0,378.2192,1,26.0,1,7,0,0
2025-05-05 07:00:00,124,Montrose Av (L),Brooklyn,40.70774,-73.93985,373.0,226.0641,1,27.0,1,7,0,0
2025-05-05 07:00:00,125,Morgan Av (L),Brooklyn,40.706154,-73.93314,382.0,257.6204,1,26.0,1,7,0,0
2025-05-05 07:00:00,126,Jefferson St (L),Brooklyn,40.706608,-73.92291,644.0,235.1213,1,27.0,1,7,0,0
2025-05-05 07:00:00,127,DeKalb Av (L),Brooklyn,40.70381,-73.91843,1244.0,279.5098,1,27.0,1,7,0,0
2025-05-05 07:00:00,129,Halsey St (L),Queens,40.695602,-73.90408,1057.0,163.7976,1,25.0,1,7,0,0
2025-05-05 07:00:00,130,Wilson Av (L),Brooklyn,40.688763,-73.904045,417.0,121.1276,1,26.0,1,7,0,0
2025-05-05 07:00:00,131,Bushwick Av-Aberdeen St (L),Brooklyn,40.68283,-73.90525,236.0,47.4415,1,27.0,1,7,0,0
2025-05-05 07:00:00,133,Atlantic Av (L),Brooklyn,40.675346,-73.9031,313.0,114.0443,1,26.0,1,7,0,0
2025-05-05 07:00:00,134,Sutter Av (L),Brooklyn,40.66937,-73.90198,291.0,111.3851,1,27.0,1,7,0,0
2025-05-05 07:00:00,135,Livonia Av (L),Brooklyn,40.66404,-73.90057,288.0,133.557,1,27.0,1,7,0,0
2025-05-05 07:00:00,136,New Lots Av (L),Brooklyn,40.658733,-73.89923,384.0,127.305,1,26.0,1,7,0,0
2025-05-05 07:00:00,137,East 105 St (L),Brooklyn,40.650574,-73.89948,329.0,113.9213,1,27.0,1,7,0,0
2025-05-05 07:00:00,138,Canarsie-Rockaway Pkwy (L),Brooklyn,40.646652,-73.90185,309.0,321.8648,1,10.0,1,7,0,0
2025-05-05 07:00:00,141,Park Pl (S),Brooklyn,40.67477,-73.95763,138.0,80.6063,1,12.0,1,7,0,0
2025-05-05 07:00:00,143,Inwood-207 St (A),Manhattan,40.868073,-73.9199,907.0,234.3871,1,8.0,1,7,0,0
2025-05-05 07:00:00,144,Dyckman St (A),Manhattan,40.86549,-73.92727,610.0,143.9552,1,16.0,1,7,0,0
2025-05-05 07:00:00,145,190 St (A),Manhattan,40.85902,-73.93418,498.0,122.6971,1,16.0,1,7,0,0
2025-05-05 07:00:00,146,181 St (A),Manhattan,40.851696,-73.937965,1020.0,189.0571,1,16.0,1,7,0,0
2025-05-05 07:00:00,147,175 St (A),Manhattan,40.84739,-73.939705,990.0,271.7357,1,17.0,1,7,0,0
2025-05-05 07:00:00,149,163 St-Amsterdam Av (C),Manhattan,40.836014,-73.939896,403.0,114.6422,1,12.0,1,7,0,0
2025-05-05 07:00:00,150,155 St (C),Manhattan,40.830517,-73.94151,223.0,76.8279,1,12.0,1,7,0,0
2025-05-05 07:00:00,151,"145 St (A,C,B,D)",Manhattan,40.824783,-73.944214,1676.0,828.3877,1,,0,7,0,0
2025-05-05 07:00:00,152,"135 St (C,B)",Manhattan,40.817894,-73.94765,363.0,312.8327,1,24.0,1,7,0,0
2025-05-05 07:00:00,153,"125 St (A,C,B,D)",Manhattan,40.811108,-73.95235,1455.0,1284.0379,1,55.0,1,7,0,0
2025-05-05 07:00:00,154,"116 St (C,B)",Manhattan,40.805084,-73.95488,481.0,254.036,1,27.0,1,7,0,0
2025-05-05 07:00:00,155,"Cathedral Pkwy (110 St) (C,B)",Manhattan,40.800602,-73.95816,508.0,285.0627,1,26.0,1,7,0,0
2025-05-05 07:00:00,156,"103 St (C,B)",Manhattan,40.796093,-73.96146,315.0,185.2284,1,25.0,1,7,0,0
2025-05-05 07:00:00,157,"96 St (C,B)",Manhattan,40.79164,-73.9647,468.0,760.9352,1,25.0,1,7,0,0
2025-05-05 07:00:00,158,"86 St (C,B)",Manhattan,40.78587,-73.96892,446.0,884.6468,1,26.0,1,7,0,0
2025-05-05 07:00:00,159,"81 St-Museum of Natural History (C,B)",Manhattan,40.781433,-73.972145,243.0,642.5644,1,25.0,1,7,0,0
2025-05-05 07:00:00,160,"72 St (C,B)",Manhattan,40.775593,-73.97641,297.0,518.0226,1,25.0,1,7,0,0
2025-05-05 07:00:00,162,"50 St (C,E)",Manhattan,40.762455,-73.985985,552.0,1474.0705,1,34.0,1,7,0,0
2025-05-05 07:00:00,164,"34 St-Penn Station (A,C,E)",Manhattan,40.75229,-73.99339,4268.0,2965.1154,1,51.0,1,7,0,0
2025-05-05 07:00:00,165,"23 St (C,E)",Manhattan,40.745907,-73.99804,616.0,1105.7942,1,33.0,1,7,0,0
2025-05-05 07:00:00,167,"W 4 St-Wash Sq (A,C,E,B,D,F,M)",Manhattan,40.732338,-74.000496,843.0,1893.0079,1,,0,7,0,0
2025-05-05 07:00:00,168,"Spring St (C,E)",Manhattan,40.726227,-74.00374,176.0,763.5855,1,32.0,1,7,0,0
2025-05-05 07:00:00,169,"Canal St (A,C,E)",Manhattan,40.720825,-74.005226,294.0,1305.5691,1,51.0,1,7,0,0
2025-05-05 07:00:00,173,"High St (A,C)",Brooklyn,40.699337,-73.99053,358.0,449.7586,1,31.0,1,7,0,0
2025-05-05 07:00:00,175,"Hoyt-Schermerhorn Sts (A,C,G)",Brooklyn,40.688484,-73.985,385.0,594.2684,1,48.0,1,7,0,0
2025-05-05 07:00:00,176,Lafayette Av (C),Brooklyn,40.68611,-73.973946,186.0,276.8063,1,12.0,1,7,0,0
2025-05-05 07:00:00,177,Clinton-Washington Avs (C),Brooklyn,40.68326,-73.965836,503.0,305.0275,1,12.0,1,7,0,0
2025-05-05 07:00:00,179,"Nostrand Av (A,C)",Brooklyn,40.68044,-73.950424,1217.0,524.094,1,32.0,1,7,0,0
2025-05-05 07:00:00,180,Kingston-Throop Avs (C),Brooklyn,40.67992,-73.94086,470.0,200.8643,1,12.0,1,7,0,0
2025-05-05 07:00:00,181,"Utica Av (A,C)",Brooklyn,40.679363,-73.93073,1321.0,412.1692,1,32.0,1,7,0,0
2025-05-05 07:00:00,182,Ralph Av (C),Brooklyn,40.67882,-73.920784,497.0,132.6525,1,11.0,1,7,0,0
2025-05-05 07:00:00,183,Rockaway Av (C),Brooklyn,40.67834,-73.91195,566.0,152.0366,1,11.0,1,7,0,0
2025-05-05 07:00:00,185,Liberty Av (C),Brooklyn,40.67454,-73.896545,224.0,114.5644,1,11.0,1,7,0,0
2025-05-05 07:00:00,186,Van Siclen Av (C),Brooklyn,40.67271,-73.89036,413.0,73.8019,1,11.0,1,7,0,0
2025-05-05 07:00:00,187,Shepherd Av (C),Brooklyn,40.67413,-73.88075,325.0,71.8873,1,11.0,1,7,0,0
2025-05-05 07:00:00,188,"Euclid Av (A,C)",Brooklyn,40.675377,-73.87211,1264.0,257.8924,1,27.0,1,7,0,0
2025-05-05 07:00:00,189,Grant Av (A),Brooklyn,40.677044,-73.86505,688.0,98.3966,1,19.0,1,7,0,0
2025-05-05 07:00:00,190,80 St (A),Queens,40.67937,-73.85899,535.0,59.8596,1,19.0,1,7,0,0
2025-05-05 07:00:00,191,88 St (A),Queens,40.679844,-73.85147,440.0,31.3503,1,21.0,1,7,0,0
2025-05-05 07:00:00,192,Rockaway Blvd (A),Queens,40.680428,-73.84386,861.0,245.1434,1,20.0,1,7,0,0
2025-05-05 07:00:00,193,104 St (A),Queens,40.68171,-73.837685,254.0,53.9969,1,8.0,1,7,0,0
2025-05-05 07:00:00,194,111 St (A),Queens,40.68433,-73.83216,350.0,30.5113,1,8.0,1,7,0,0
2025-05-05 07:00:00,195,Ozone Park-Lefferts Blvd (A),Queens,40.68595,-73.8258,912.0,107.3788,1,5.0,1,7,0,0
2025-05-05 07:00:00,196,Aqueduct Racetrack (A),Queens,40.672096,-73.83592,47.0,16.5472,1,6.0,1,7,0,0
2025-05-05 07:00:00,197,Aqueduct-N Conduit Av (A),Queens,40.668236,-73.83406,113.0,16.678,1,11.0,1,7,0,0
2025-05-05 07:00:00,198,Howard Beach-JFK Airport (A),Queens,40.660477,-73.8303,846.0,172.7327,1,6.0,1,7,0,0
2025-05-05 07:00:00,210,Norwood-205 St (D),Bronx,40.87481,-73.87885,701.0,191.4022,1,7.0,1,7,0,0
2025-05-05 07:00:00,211,"Bedford Park Blvd (B,D)",Bronx,40.873245,-73.88714,717.0,201.3545,1,18.0,1,7,0,0
2025-05-05 07:00:00,212,"Kingsbridge Rd (B,D)",Bronx,40.866978,-73.89351,815.0,152.4487,1,24.0,1,7,0,0
2025-05-05 07:00:00,213,"Fordham Rd (B,D)",Bronx,40.861298,-73.89775,743.0,284.0187,1,24.0,1,7,0,0
2025-05-05 07:00:00,214,"182-183 Sts (B,D)",Bronx,40.856094,-73.90074,419.0,102.799,1,18.0,1,7,0,0
2025-05-05 07:00:00,215,"Tremont Av (B,D)",Bronx,40.85041,-73.90523,922.0,192.6883,1,25.0,1,7,0,0
2025-05-05 07:00:00,216,"174-175 Sts (B,D)",Bronx,40.8459,-73.91013,347.0,136.4846,1,18.0,1,7,0,0
2025-05-05 07:00:00,217,"170 St (B,D)",Bronx,40.839306,-73.9134,459.0,194.541,1,18.0,1,7,0,0
2025-05-05 07:00:00,218,"167 St (B,D)",Bronx,40.83377,-73.91844,702.0,199.1473,1,18.0,1,7,0,0
2025-05-05 07:00:00,220,"155 St (B,D)",Manhattan,40.830135,-73.93821,270.0,91.8687,1,20.0,1,7,0,0
2025-05-05 07:00:00,221,21 St-Queensbridge (M),Queens,40.754204,-73.94283,700.0,640.5406,1,19.0,1,7,0,0
2025-05-05 07:00:00,222,Roosevelt Island (M),Manhattan,40.759144,-73.95326,664.0,234.9318,1,20.0,1,7,0,0
2025-05-05 07:00:00,223,"Lexington Av/63 St (M,Q)",Manhattan,40.76463,-73.96611,502.0,1443.0551,1,35.0,1,7,0,0
2025-05-05 07:00:00,224,57 St (M),Manhattan,40.763973,-73.97745,109.0,1079.9771,1,20.0,1,7,0,0
2025-05-05 07:00:00,225,"47-50 Sts-Rockefeller Ctr (B,D,F,M)",Manhattan,40.758663,-73.98133,322.0,4229.5643,1,61.0,1,7,0,0
2025-05-05 07:00:00,228,"23 St (F,M)",Manhattan,40.742878,-73.99282,703.0,1309.8938,1,33.0,1,7,0,0
2025-05-05 07:00:00,231,"Grand St (B,D)",Manhattan,40.718266,-73.99375,548.0,1548.1958,1,28.0,1,7,0,0
2025-05-05 07:00:00,232,2 Av (F),Manhattan,40.7234,-73.98994,471.0,662.9593,1,21.0,1,7,0,0
2025-05-05 07:00:00,234,East Broadway (F),Manhattan,40.713715,-73.99017,692.0,934.9004,1,20.0,1,7,0,0
2025-05-05 07:00:00,235,York St (F),Brooklyn,40.701397,-73.98675,413.0,572.9897,1,20.0,1,7,0,0
2025-05-05 07:00:00,236,"Bergen St (F,G)",Brooklyn,40.686146,-73.99086,584.0,680.7181,1,35.0,1,7,0,0
2025-05-05 07:00:00,237,"Carroll St (F,G)",Brooklyn,40.6803,-73.99505,925.0,677.7517,1,35.0,1,7,0,0
2025-05-05 07:00:00,238,"Smith-9 Sts (F,G)",Brooklyn,40.67358,-73.99596,255.0,269.9027,1,36.0,1,7,0,0
2025-05-05 07:00:00,240,"7 Av (F,G)",Brooklyn,40.66627,-73.98031,915.0,834.1474000000001,1,34.0,1,7,0,0
2025-05-05 07:00:00,241,"15 St-Prospect Park (F,G)",Brooklyn,40.660366,-73.97949,591.0,244.2334,1,34.0,1,7,0,0
2025-05-05 07:00:00,242,"Fort Hamilton Pkwy (F,G)",Brooklyn,40.650784,-73.97578,772.0,125.5884,1,35.0,1,7,0,0
2025-05-05 07:00:00,243,"Church Av (F,G)",Brooklyn,40.64404,-73.979675,1045.0,285.5499,1,27.0,1,7,0,0
2025-05-05 07:00:00,244,Ditmas Av (F),Brooklyn,40.63612,-73.97817,451.0,135.5157,1,19.0,1,7,0,0
2025-05-05 07:00:00,245,18 Av (F),Brooklyn,40.629753,-73.976974,352.0,176.039,1,17.0,1,7,0,0
2025-05-05 07:00:00,246,Avenue I (F),Brooklyn,40.62532,-73.97613,113.0,130.4703,1,18.0,1,7,0,0
2025-05-05 07:00:00,247,Bay Pkwy (F),Brooklyn,40.62077,-73.975266,113.0,53.5363,1,18.0,1,7,0,0
2025-05-05 07:00:00,248,Avenue N (F),Brooklyn,40.61514,-73.9742,315.0,111.9809,1,17.0,1,7,0,0
2025-05-05 07:00:00,249,Avenue P (F),Brooklyn,40.608944,-73.97302,329.0,86.5628,1,16.0,1,7,0,0
2025-05-05 07:00:00,250,Kings Hwy (F),Brooklyn,40.603218,-73.97236,377.0,153.0109,1,18.0,1,7,0,0
2025-05-05 07:00:00,251,Avenue U (F),Brooklyn,40.59606,-73.97336,241.0,102.7307,1,18.0,1,7,0,0
2025-05-05 07:00:00,252,Avenue X (F),Brooklyn,40.58962,-73.97425,311.0,88.8472,1,16.0,1,7,0,0
2025-05-05 07:00:00,253,Neptune Av (F),Brooklyn,40.581013,-73.97457,159.0,96.0197,1,16.0,1,7,0,0
2025-05-05 07:00:00,254,Jamaica-179 St (F),Queens,40.712646,-73.78381,2465.0,406.3228,1,12.0,1,7,0,0
2025-05-05 07:00:00,255,169 St (F),Queens,40.71047,-73.7936,798.0,268.1857,1,19.0,1,7,0,0
2025-05-05 07:00:00,256,Parsons Blvd (F),Queens,40.707565,-73.80333,719.0,301.3357,1,19.0,1,7,0,0
2025-05-05 07:00:00,257,Sutphin Blvd (F),Queens,40.70546,-73.81071,479.0,116.9211,1,19.0,1,7,0,0
2025-05-05 07:00:00,258,"Briarwood (E,F)",Queens,40.70918,-73.82057,589.0,181.7717,1,23.0,1,7,0,0
2025-05-05 07:00:00,259,"Kew Gardens-Union Tpke (E,F)",Queens,40.71444,-73.83101,2460.0,696.2279,1,40.0,1,7,0,0
2025-05-05 07:00:00,260,"75 Av (E,F)",Queens,40.71833,-73.837326,340.0,78.3091,1,23.0,1,7,0,0
2025-05-05 07:00:00,261,"Forest Hills-71 Av (E,F,M,R)",Queens,40.72169,-73.84452,2612.0,775.8465,1,56.0,1,7,0,0
2025-05-05 07:00:00,262,"67 Av (M,R)",Queens,40.726524,-73.85272,1003.0,257.2173,1,29.0,1,7,0,0
2025-05-05 07:00:00,263,"63 Dr-Rego Park (M,R)",Queens,40.729847,-73.8616,1445.0,394.9258,1,28.0,1,7,0,0
2025-05-05 07:00:00,264,"Woodhaven Blvd (M,R)",Queens,40.733105,-73.86923,1839.0,449.9935,1,30.0,1,7,0,0
2025-05-05 07:00:00,265,"Grand Av-Newtown (M,R)",Queens,40.737015,-73.87722,2352.0,481.2729,1,29.0,1,7,0,0
2025-05-05 07:00:00,266,"Elmhurst Av (M,R)",Queens,40.742455,-73.88202,1614.0,282.5104,1,28.0,1,7,0,0
2025-05-05 07:00:00,268,"65 St (M,R)",Queens,40.74967,-73.89845,392.0,71.1363,1,28.0,1,7,0,0
2025-05-05 07:00:00,269,"Northern Blvd (M,R)",Queens,40.752884,-73.906006,761.0,232.1063,1,28.0,1,7,0,0
2025-05-05 07:00:00,270,"46 St (M,R)",Queens,40.756313,-73.91333,744.0,249.4248,1,28.0,1,7,0,0
2025-05-05 07:00:00,271,"Steinway St (M,R)",Queens,40.756878,-73.92074,830.0,468.1369,1,28.0,1,7,0,0
2025-05-05 07:00:00,272,"36 St (M,R)",Queens,40.75204,-73.92878,132.0,284.0384,1,28.0,1,7,0,0
2025-05-05 07:00:00,273,"Queens Plaza (E,F,R)",Queens,40.748974,-73.93724,649.0,1248.7661,1,48.0,1,7,0,0
2025-05-05 07:00:00,276,"5 Av/53 St (E,F)",Manhattan,40.760166,-73.97523,62.0,1676.6914,1,33.0,1,7,0,0
2025-05-05 07:00:00,277,"7 Av (E,B,D)",Manhattan,40.762863,-73.981636,221.0,1205.2881,1,47.0,1,7,0,0
2025-05-05 07:00:00,278,"Jamaica Center-Parsons/Archer (E,J,Z)",Queens,40.70215,-73.80111,3205.0,1118.8027,1,22.0,1,7,0,0
2025-05-05 07:00:00,279,"Sutphin Blvd-Archer Av-JFK Airport (E,J,Z)",Queens,40.700485,-73.80797,2267.0,917.0883,1,37.0,1,7,0,0
2025-05-05 07:00:00,280,Jamaica-Van Wyck (E),Queens,40.702564,-73.81686,560.0,219.4198,1,19.0,1,7,0,0
2025-05-05 07:00:00,282,21 St (G),Queens,40.744064,-73.94972,75.0,117.4371,1,16.0,1,7,0,0
2025-05-05 07:00:00,283,Greenpoint Av (G),Brooklyn,40.731354,-73.95445,516.0,369.3104,1,16.0,1,7,0,0
2025-05-05 07:00:00,284,Nassau Av (G),Brooklyn,40.724636,-73.95128,554.0,412.2728,1,16.0,1,7,0,0
2025-05-05 07:00:00,286,Broadway (G),Brooklyn,40.706093,-73.95031,339.0,337.0543,1,16.0,1,7,0,0
2025-05-05 07:00:00,287,Flushing Av (G),Brooklyn,40.70038,-73.95023,159.0,286.2585,1,17.0,1,7,0,0
2025-05-05 07:00:00,288,Myrtle-Willoughby Avs (G),Brooklyn,40.69457,-73.94904,424.0,200.5311,1,16.0,1,7,0,0
2025-05-05 07:00:00,289,Bedford-Nostrand Avs (G),Brooklyn,40.68963,-73.95352,713.0,220.4682,1,16.0,1,7,0,0
2025-05-05 07:00:00,290,Classon Av (G),Brooklyn,40.688873,-73.96007,419.0,194.6318,1,16.0,1,7,0,0
2025-05-05 07:00:00,291,Clinton-Washington Avs (G),Brooklyn,40.688087,-73.96684,429.0,247.4379,1,16.0,1,7,0,0
2025-05-05 07:00:00,292,Fulton St (G),Brooklyn,40.68712,-73.97537,269.0,553.1272,1,17.0,1,7,0,0
2025-05-05 07:00:00,293,Van Cortlandt Park-242 St (1),Bronx,40.889248,-73.89858,774.0,190.7119,1,10.0,1,7,0,0
2025-05-05 07:00:00,294,238 St (1),Bronx,40.884666,-73.90087,546.0,114.4001,1,22.0,1,7,0,0
2025-05-05 07:00:00,295,231 St (1),Bronx,40.878857,-73.90483,962.0,287.4834,1,22.0,1,7,0,0
2025-05-05 07:00:00,296,Marble Hill-225 St (1),Manhattan,40.87456,-73.90983,508.0,176.7728,1,22.0,1,7,0,0
2025-05-05 07:00:00,297,215 St (1),Manhattan,40.869446,-73.915276,250.0,145.1024,1,21.0,1,7,0,0
2025-05-05 07:00:00,298,207 St (1),Manhattan,40.86462,-73.91882,482.0,238.1234,1,22.0,1,7,0,0
2025-05-05 07:00:00,299,Dyckman St (1),Manhattan,40.86053,-73.92554,673.0,221.7395,1,21.0,1,7,0,0
2025-05-05 07:00:00,300,191 St (1),Manhattan,40.855225,-73.92941,742.0,270.3248,1,22.0,1,7,0,0
2025-05-05 07:00:00,301,181 St (1),Manhattan,40.849506,-73.93359,870.0,347.8118,1,22.0,1,7,0,0
2025-05-05 07:00:00,303,157 St (1),Manhattan,40.83404,-73.94489,877.0,246.4512,1,21.0,1,7,0,0
2025-05-05 07:00:00,304,145 St (1),Manhattan,40.82655,-73.95036,689.0,190.2515,1,21.0,1,7,0,0
2025-05-05 07:00:00,305,137 St-City College (1),Manhattan,40.822006,-73.953674,767.0,426.8034,1,21.0,1,7,0,0
2025-05-05 07:00:00,306,125 St (1),Manhattan,40.815582,-73.958374,373.0,294.7808,1,22.0,1,7,0,0
2025-05-05 07:00:00,307,116 St-Columbia University (1),Manhattan,40.80772,-73.96411,253.0,572.7189,1,22.0,1,7,0,0
2025-05-05 07:00:00,308,Cathedral Pkwy (110 St) (1),Manhattan,40.803967,-73.96685,502.0,545.3319,1,22.0,1,7,0,0
2025-05-05 07:00:00,309,103 St (1),Manhattan,40.799446,-73.968376,675.0,418.9817,1,22.0,1,7,0,0
2025-05-05 07:00:00,310,"96 St (1,2,3)",Manhattan,40.79392,-73.97232,1874.0,1916.0529,1,53.0,1,7,0,0
2025-05-05 07:00:00,311,86 St (1),Manhattan,40.788643,-73.97622,775.0,932.3916,1,21.0,1,7,0,0
2025-05-05 07:00:00,312,79 St (1),Manhattan,40.783936,-73.97992,548.0,751.3391,1,21.0,1,7,0,0
2025-05-05 07:00:00,313,"72 St (1,2,3)",Manhattan,40.778454,-73.98197,1514.0,2094.8926,1,50.0,1,7,0,0
2025-05-05 07:00:00,314,66 St-Lincoln Center (1),Manhattan,40.77344,-73.98221,472.0,1698.6751,1,21.0,1,7,0,0
2025-05-05 07:00:00,316,50 St (1),Manhattan,40.761726,-73.98385,335.0,1546.4431,1,20.0,1,7,0,0
2025-05-05 07:00:00,318,"34 St-Penn Station (1,2,3)",Manhattan,40.750374,-73.99106,5530.0,2164.4765,1,50.0,1,7,0,0
2025-05-05 07:00:00,319,28 St (1),Manhattan,40.747215,-73.99336,279.0,615.4811,1,20.0,1,7,0,0
2025-05-05 07:00:00,320,23 St (1),Manhattan,40.74408,-73.99566,284.0,575.5674,1,20.0,1,7,0,0
2025-05-05 07:00:00,321,18 St (1),Manhattan,40.74104,-73.99787,141.0,444.5007,1,19.0,1,7,0,0
2025-05-05 07:00:00,323,Christopher St-Stonewall (1),Manhattan,40.73342,-74.00291,291.0,382.8227,1,18.0,1,7,0,0
2025-05-05 07:00:00,324,Houston St (1),Manhattan,40.728252,-74.00536,182.0,942.161,1,19.0,1,7,0,0
2025-05-05 07:00:00,325,Canal St (1),Manhattan,40.722855,-74.00628,88.0,239.4914,1,20.0,1,7,0,0
2025-05-05 07:00:00,326,Franklin St (1),Manhattan,40.71932,-74.00689,134.0,449.9279,1,19.0,1,7,0,0
2025-05-05 07:00:00,327,"Chambers St (1,2,3)",Manhattan,40.715477,-74.00927,440.0,2293.5246,1,50.0,1,7,0,0
2025-05-05 07:00:00,328,WTC Cortlandt (1),Manhattan,40.711834,-74.01219,565.0,791.631,1,19.0,1,7,0,0
2025-05-05 07:00:00,329,Rector St (1),Manhattan,40.70751,-74.01379,253.0,377.3764,1,18.0,1,7,0,0
2025-05-05 07:00:00,333,"Wall St (2,3)",Manhattan,40.70682,-74.0091,463.0,1474.2742,1,31.0,1,7,0,0
2025-05-05 07:00:00,334,"Clark St (2,3)",Brooklyn,40.697468,-73.99309,315.0,269.5135,1,31.0,1,7,0,0
2025-05-05 07:00:00,336,"Hoyt St (2,3)",Brooklyn,40.690544,-73.98506,163.0,486.7107,1,31.0,1,7,0,0
2025-05-05 07:00:00,337,"Nevins St (2,3,4,5)",Brooklyn,40.688248,-73.98049,411.0,541.8072999999999,1,68.0,1,7,0,0
2025-05-05 07:00:00,339,"Bergen St (2,3)",Brooklyn,40.68083,-73.9751,278.0,173.6642,1,30.0,1,7,0,0
2025-05-05 07:00:00,340,"Grand Army Plaza (2,3)",Brooklyn,40.675236,-73.97105,488.0,381.2057,1,31.0,1,7,0,0
2025-05-05 07:00:00,341,"Eastern Pkwy-Brooklyn Museum (2,3)",Brooklyn,40.671986,-73.96438,240.0,134.8401,1,30.0,1,7,0,0
2025-05-05 07:00:00,343,Nostrand Av (3),Brooklyn,40.669846,-73.95046,238.0,168.5714,1,15.0,1,7,0,0
2025-05-05 07:00:00,344,Kingston Av (3),Brooklyn,40.6694,-73.94216,326.0,184.413,1,15.0,1,7,0,0
2025-05-05 07:00:00,345,"Crown Hts-Utica Av (3,4)",Brooklyn,40.668896,-73.932945,2658.0,670.5159,1,29.0,1,7,0,0
2025-05-05 07:00:00,346,Sutter Av-Rutland Rd (3),Brooklyn,40.66472,-73.92261,889.0,209.1382,1,17.0,1,7,0,0
2025-05-05 07:00:00,347,Saratoga Av (3),Brooklyn,40.661453,-73.91633,766.0,130.5487,1,16.0,1,7,0,0
2025-05-05 07:00:00,348,Rockaway Av (3),Brooklyn,40.662548,-73.90894,579.0,147.7879,1,17.0,1,7,0,0
2025-05-05 07:00:00,349,Junius St (3),Brooklyn,40.663513,-73.90245,230.0,138.1332,1,16.0,1,7,0,0
2025-05-05 07:00:00,350,Pennsylvania Av (3),Brooklyn,40.664635,-73.8949,380.0,166.4114,1,17.0,1,7,0,0
2025-05-05 07:00:00,351,Van Siclen Av (3),Brooklyn,40.665447,-73.8894,310.0,66.6391,1,17.0,1,7,0,0
2025-05-05 07:00:00,352,New Lots Av (3),Brooklyn,40.666237,-73.88408,694.0,137.005,1,10.0,1,7,0,0
2025-05-05 07:00:00,353,"President St-Medgar Evers College (2,5)",Brooklyn,40.667885,-73.95068,334.0,181.8423,1,30.0,1,7,0,0
2025-05-05 07:00:00,354,"Sterling St (2,5)",Brooklyn,40.662743,-73.95085,579.0,143.6234,1,31.0,1,7,0,0
2025-05-05 07:00:00,355,"Winthrop St (2,5)",Brooklyn,40.65665,-73.9502,668.0,441.2079,1,30.0,1,7,0,0
2025-05-05 07:00:00,356,"Church Av (2,5)",Brooklyn,40.650845,-73.94958,1088.0,203.8403,1,32.0,1,7,0,0
2025-05-05 07:00:00,357,"Beverly Rd (2,5)",Brooklyn,40.6451,-73.94896,616.0,81.0201,1,30.0,1,7,0,0
2025-05-05 07:00:00,358,"Newkirk Av-Little Haiti (2,5)",Brooklyn,40.63997,-73.94841,944.0,190.8639,1,30.0,1,7,0,0
2025-05-05 07:00:00,359,"Flatbush Av-Brooklyn College (2,5)",Brooklyn,40.632835,-73.94764,2191.0,608.636,1,15.0,1,7,0,0
2025-05-05 07:00:00,360,Pelham Bay Park (6),Bronx,40.852463,-73.82812,803.0,162.1181,1,11.0,1,7,0,0
2025-05-05 07:00:00,361,Buhre Av (6),Bronx,40.84681,-73.832565,603.0,78.7184,1,18.0,1,7,0,0
2025-05-05 07:00:00,362,Middletown Rd (6),Bronx,40.843864,-73.83632,295.0,60.7626,1,20.0,1,7,0,0
2025-05-05 07:00:00,363,Westchester Sq-E Tremont Av (6),Bronx,40.839893,-73.84295,326.0,270.3953,1,19.0,1,7,0,0
2025-05-05 07:00:00,364,Zerega Av (6),Bronx,40.836487,-73.84704,327.0,97.4267,1,19.0,1,7,0,0
2025-05-05 07:00:00,365,Castle Hill Av (6),Bronx,40.834255,-73.85122,731.0,147.2368,1,19.0,1,7,0,0
2025-05-05 07:00:00,366,Parkchester (6),Bronx,40.833225,-73.86082,1641.0,257.7201,1,27.0,1,7,0,0
2025-05-05 07:00:00,367,St Lawrence Av (6),Bronx,40.83151,-73.867615,533.0,79.2112,1,17.0,1,7,0,0
2025-05-05 07:00:00,368,Morrison Av-Soundview (6),Bronx,40.82952,-73.87452,713.0,133.7366,1,18.0,1,7,0,0
2025-05-05 07:00:00,369,Elder Av (6),Bronx,40.828583,-73.87916,615.0,149.594,1,17.0,1,7,0,0
2025-05-05 07:00:00,370,Whitlock Av (6),Bronx,40.826527,-73.886284,223.0,57.8326,1,17.0,1,7,0,0
2025-05-05 07:00:00,371,Hunts Point Av (6),Bronx,40.82095,-73.89055,1027.0,423.5241,1,28.0,1,7,0,0
2025-05-05 07:00:00,372,Longwood Av (6),Bronx,40.816105,-73.89644,300.0,174.1966,1,18.0,1,7,0,0
2025-05-05 07:00:00,373,E 149 St (6),Bronx,40.81212,-73.9041,489.0,204.1366,1,17.0,1,7,0,0
2025-05-05 07:00:00,374,E 143 St-St Mary's St (6),Bronx,40.80872,-73.90765,122.0,169.5738,1,18.0,1,7,0,0
2025-05-05 07:00:00,375,Cypress Av (6),Bronx,40.805367,-73.91404,276.0,127.6836,1,18.0,1,7,0,0
2025-05-05 07:00:00,376,Brook Av (6),Bronx,40.807568,-73.91924,442.0,261.3787,1,18.0,1,7,0,0
2025-05-05 07:00:00,377,3 Av-138 St (6),Bronx,40.810474,-73.92614,663.0,335.4891,1,28.0,1,7,0,0
2025-05-05 07:00:00,378,Woodlawn (4),Bronx,40.886036,-73.87875,764.0,189.8459,1,11.0,1,7,0,0
2025-05-05 07:00:00,379,Mosholu Pkwy (4),Bronx,40.87975,-73.88466,582.0,367.5154,1,18.0,1,7,0,0
2025-05-05 07:00:00,380,Bedford Park Blvd-Lehman College (4),Bronx,40.873413,-73.89006,431.0,327.9865,1,21.0,1,7,0,0
2025-05-05 07:00:00,381,Kingsbridge Rd (4),Bronx,40.86776,-73.89717,884.0,378.9411,1,21.0,1,7,0,0
2025-05-05 07:00:00,382,Fordham Rd (4),Bronx,40.862804,-73.90103,846.0,291.3781,1,21.0,1,7,0,0
2025-05-05 07:00:00,383,183 St (4),Bronx,40.858406,-73.90388,569.0,135.5798,1,21.0,1,7,0,0
2025-05-05 07:00:00,384,Burnside Av (4),Bronx,40.853455,-73.907684,768.0,289.2418,1,21.0,1,7,0,0
2025-05-05 07:00:00,385,176 St (4),Bronx,40.84848,-73.9118,603.0,172.8,1,22.0,1,7,0,0
2025-05-05 07:00:00,386,Mt Eden Av (4),Bronx,40.844433,-73.91469,475.0,177.4161,1,21.0,1,7,0,0
2025-05-05 07:00:00,387,170 St (4),Bronx,40.840076,-73.91779,764.0,307.7487,1,21.0,1,7,0,0
2025-05-05 07:00:00,388,167 St (4),Bronx,40.835537,-73.9214,964.0,275.0497,1,20.0,1,7,0,0
2025-05-05 07:00:00,391,"138 St-Grand Concourse (4,5)",Bronx,40.813225,-73.92985,252.0,190.9901,1,25.0,1,7,0,0
2025-05-05 07:00:00,392,"125 St (4,5,6)",Manhattan,40.80414,-73.93759,1839.0,1435.6743,1,66.0,1,7,0,0
2025-05-05 07:00:00,393,116 St (6),Manhattan,40.79863,-73.94162,878.0,1027.2824,1,29.0,1,7,0,0
2025-05-05 07:00:00,394,110 St (6),Manhattan,40.79502,-73.94425,808.0,698.7605,1,28.0,1,7,0,0
2025-05-05 07:00:00,395,103 St (6),Manhattan,40.7906,-73.94748,697.0,981.6873,1,28.0,1,7,0,0
2025-05-05 07:00:00,396,96 St (6),Manhattan,40.78567,-73.95107,815.0,1682.0812,1,28.0,1,7,0,0
2025-05-05 07:00:00,397,"86 St (4,5,6)",Manhattan,40.77949,-73.95559,1725.0,3315.7821,1,66.0,1,7,0,0
2025-05-05 07:00:00,398,77 St (6),Manhattan,40.77362,-73.95988,955.0,2428.9947,1,28.0,1,7,0,0
2025-05-05 07:00:00,399,68 St-Hunter College (6),Manhattan,40.768143,-73.96387,442.0,2198.8736,1,28.0,1,7,0,0
2025-05-05 07:00:00,403,33 St (6),Manhattan,40.746082,-73.98208,863.0,1550.1992,1,30.0,1,7,0,0
2025-05-05 07:00:00,404,28 St (6),Manhattan,40.74307,-73.98426,622.0,1192.229,1,30.0,1,7,0,0
2025-05-05 07:00:00,405,23 St-Baruch College (6),Manhattan,40.739864,-73.9866,792.0,1643.0939,1,28.0,1,7,0,0
2025-05-05 07:00:00,407,Astor Pl (6),Manhattan,40.730053,-73.99107,498.0,645.5767,1,29.0,1,7,0,0
2025-05-05 07:00:00,409,Spring St (6),Manhattan,40.7223,-73.99714,243.0,381.3615,1,29.0,1,7,0,0
2025-05-05 07:00:00,413,"Wall St (4,5)",Manhattan,40.707558,-74.01186,564.0,1116.81,1,37.0,1,7,0,0
2025-05-05 07:00:00,414,"Bowling Green (4,5)",Manhattan,40.70482,-74.01407,967.0,2003.0511,1,37.0,1,7,0,0
2025-05-05 07:00:00,416,Wakefield-241 St (2),Bronx,40.903126,-73.85062,426.0,123.4039,1,10.0,1,7,0,0
2025-05-05 07:00:00,417,"Nereid Av (2,5)",Bronx,40.89838,-73.85438,316.0,93.8659,1,22.0,1,7,0,0
2025-05-05 07:00:00,418,"233 St (2,5)",Bronx,40.893192,-73.857475,326.0,125.3208,1,22.0,1,7,0,0
2025-05-05 07:00:00,419,"225 St (2,5)",Bronx,40.888023,-73.860344,373.0,80.8014,1,22.0,1,7,0,0
2025-05-05 07:00:00,420,"219 St (2,5)",Bronx,40.883896,-73.86263,313.0,82.3137,1,22.0,1,7,0,0
2025-05-05 07:00:00,421,"Gun Hill Rd (2,5)",Bronx,40.87785,-73.86626,553.0,219.0716,1,22.0,1,7,0,0
2025-05-05 07:00:00,422,"Burke Av (2,5)",Bronx,40.871357,-73.867165,304.0,47.7818,1,22.0,1,7,0,0
2025-05-05 07:00:00,423,"Allerton Av (2,5)",Bronx,40.865463,-73.867355,458.0,132.4697,1,22.0,1,7,0,0
2025-05-05 07:00:00,424,"Pelham Pkwy (2,5)",Bronx,40.857193,-73.867615,721.0,279.3611,1,22.0,1,7,0,0
2025-05-05 07:00:00,425,"Bronx Park East (2,5)",Bronx,40.848827,-73.868454,316.0,67.334,1,23.0,1,7,0,0
2025-05-05 07:00:00,426,"E 180 St (2,5)",Bronx,40.841892,-73.87349,912.0,256.7589,1,36.0,1,7,0,0
2025-05-05 07:00:00,427,"West Farms Sq-E Tremont Av (2,5)",Bronx,40.840294,-73.88005,462.0,242.6385,1,22.0,1,7,0,0
2025-05-05 07:00:00,428,"174 St (2,5)",Bronx,40.837288,-73.88773,538.0,297.1203,1,22.0,1,7,0,0
2025-05-05 07:00:00,429,"Freeman St (2,5)",Bronx,40.829994,-73.89187,482.0,184.4496,1,21.0,1,7,0,0
2025-05-05 07:00:00,430,"Simpson St (2,5)",Bronx,40.824074,-73.89307,628.0,427.6557,1,21.0,1,7,0,0
2025-05-05 07:00:00,431,"Intervale Av (2,5)",Bronx,40.82218,-73.896736,298.0,151.7788,1,20.0,1,7,0,0
2025-05-05 07:00:00,432,"Prospect Av (2,5)",Bronx,40.819584,-73.90177,557.0,304.2241,1,21.0,1,7,0,0
2025-05-05 07:00:00,433,"Jackson Av (2,5)",Bronx,40.81649,-73.90781,413.0,311.0,1,21.0,1,7,0,0
2025-05-05 07:00:00,434,"3 Av-149 St (2,5)",Bronx,40.81611,-73.917755,1676.0,846.2984,1,36.0,1,7,0,0
2025-05-05 07:00:00,436,Harlem-148 St (3),Manhattan,40.82388,-73.93647,369.0,98.7536,1,7.0,1,7,0,0
2025-05-05 07:00:00,437,145 St (3),Manhattan,40.82042,-73.93625,345.0,73.8374,1,13.0,1,7,0,0
2025-05-05 07:00:00,438,"135 St (2,3)",Manhattan,40.814228,-73.94077,819.0,597.2714,1,30.0,1,7,0,0
2025-05-05 07:00:00,439,"125 St (2,3)",Manhattan,40.807755,-73.945496,712.0,744.5101,1,29.0,1,7,0,0
2025-05-05 07:00:00,440,"116 St (2,3)",Manhattan,40.802097,-73.94962,726.0,366.903,1,30.0,1,7,0,0
2025-05-05 07:00:00,441,"110 St-Malcolm X Plaza (2,3)",Manhattan,40.799076,-73.95182,573.0,354.3789,1,30.0,1,7,0,0
2025-05-05 07:00:00,442,Eastchester-Dyre Av (5),Bronx,40.8883,-73.83083,528.0,127.6798,1,6.0,1,7,0,0
2025-05-05 07:00:00,443,Baychester Av (5),Bronx,40.878662,-73.83859,339.0,164.7699,1,12.0,1,7,0,0
2025-05-05 07:00:00,444,Gun Hill Rd (5),Bronx,40.869526,-73.84638,533.0,118.5012,1,12.0,1,7,0,0
2025-05-05 07:00:00,445,Pelham Pkwy (5),Bronx,40.858986,-73.85536,401.0,137.3981,1,12.0,1,7,0,0
2025-05-05 07:00:00,446,Morris Park (5),Bronx,40.854362,-73.8605,457.0,45.0382,1,12.0,1,7,0,0
2025-05-05 07:00:00,447,Flushing-Main St (7),Queens,40.7596,-73.83003,5498.0,2049.5848,1,20.0,1,7,0,0
2025-05-05 07:00:00,448,Mets-Willets Point (7),Queens,40.754623,-73.84563,135.0,228.0166,1,42.0,1,7,0,0
2025-05-05 07:00:00,449,111 St (7),Queens,40.75173,-73.85533,1842.0,195.8101,1,36.0,1,7,0,0
2025-05-05 07:00:00,450,103 St-Corona Plaza (7),Queens,40.749866,-73.8627,2951.0,364.5686,1,36.0,1,7,0,0
2025-05-05 07:00:00,451,Junction Blvd (7),Queens,40.749146,-73.86953,3191.0,504.8113,1,50.0,1,7,0,0
2025-05-05 07:00:00,452,90 St-Elmhurst Av (7),Queens,40.74841,-73.87661,2137.0,309.0865,1,37.0,1,7,0,0
2025-05-05 07:00:00,453,82 St-Jackson Hts (7),Queens,40.747658,-73.8837,1103.0,401.4084,1,37.0,1,7,0,0
2025-05-05 07:00:00,455,69 St (7),Queens,40.746326,-73.8964,747.0,152.2987,1,50.0,1,7,0,0
2025-05-05 07:00:00,456,61 St-Woodside (7),Queens,40.74563,-73.902985,1906.0,409.9181,1,49.0,1,7,0,0
2025-05-05 07:00:00,457,52 St (7),Queens,40.74415,-73.91255,728.0,149.3553,1,51.0,1,7,0,0
2025-05-05 07:00:00,458,46 St-Bliss St (7),Queens,40.743134,-73.918434,1271.0,541.0328000000001,1,52.0,1,7,0,0
2025-05-05 07:00:00,459,40 St-Lowery St (7),Queens,40.743782,-73.92402,812.0,570.035,1,53.0,1,7,0,0
2025-05-05 07:00:00,460,33 St-Rawson St (7),Queens,40.744587,-73.931,143.0,1631.1368,1,54.0,1,7,0,0
2025-05-05 07:00:00,461,"Queensboro Plaza (7,N,W)",Queens,40.750584,-73.9402,640.0,844.2796,1,49.0,1,7,0,0
2025-05-05 07:00:00,463,Hunters Point Av (7),Queens,40.742214,-73.94891,245.0,517.8569,1,49.0,1,7,0,0
2025-05-05 07:00:00,464,Vernon Blvd-Jackson Av (7),Queens,40.742626,-73.95358,1256.0,566.3488,1,49.0,1,7,0,0
2025-05-05 07:00:00,471,34 St-Hudson Yards (7),Manhattan,40.755882,-74.00191,463.0,1959.6385,1,25.0,1,7,0,0
2025-05-05 07:00:00,475,96 St (Q),Manhattan,40.784317,-73.94715,1164.0,1112.8553,1,7.0,1,7,0,0
2025-05-05 07:00:00,476,86 St (Q),Manhattan,40.77789,-73.95179,1387.0,1126.4395,1,15.0,1,7,0,0
2025-05-05 07:00:00,477,72 St (Q),Manhattan,40.7688,-73.95843,1124.0,2541.9259,1,15.0,1,7,0,0
2025-05-05 07:00:00,501,St George (SIR),Staten Island,40.64375,-74.07365,1041.0,,0,8.0,1,7,0,0
2025-05-05 07:00:00,502,Tompkinsville (SIR),Staten Island,40.636948,-74.07484,35.0,,0,8.0,1,7,0,0
2025-05-05 07:00:00,601,"14 St/6 Av (1,2,3,L,F,M)",Manhattan,40.737797,-73.997734,1073.0,2235.1827,1,108.0,1,7,0,0
2025-05-05 07:00:00,602,"14 St-Union Sq (4,5,6,L,N,Q,R,W)",Manhattan,40.735065,-73.99042,1760.0,5616.5098,1,125.0,1,7,0,0
2025-05-05 07:00:00,603,"149 St-Grand Concourse (2,4,5)",Bronx,40.818394,-73.92703,672.0,846.2799,1,20.0,1,7,0,0
2025-05-05 07:00:00,604,"161 St-Yankee Stadium (4,B,D)",Bronx,40.82795,-73.92574,1589.0,910.5675,1,40.0,1,7,0,0
2025-05-05 07:00:00,605,"168 St-Washington Hts (1,A,C)",Manhattan,40.840637,-73.93985,1248.0,1354.8183,1,43.0,1,7,0,0
2025-05-05 07:00:00,606,"Court Sq-23 St (7,E,F,G)",Queens,40.747143,-73.94503,1005.0,1463.7475,1,91.0,1,7,0,0
2025-05-05 07:00:00,607,"34 St-Herald Sq (B,D,F,M,N,Q,R,W)",Manhattan,40.74964,-73.987885,2876.0,4694.6747,1,118.0,1,7,0,0
2025-05-05 07:00:00,608,"4 Av-9 St (F,G,R)",Brooklyn,40.67056,-73.989044,745.0,657.2922,1,55.0,1,7,0,0
2025-05-05 07:00:00,609,"42 St-Bryant Pk/5 Av (7,B,D,F,M)",Manhattan,40.75402,-73.98327,478.0,3389.1481,1,110.0,1,7,0,0
2025-05-05 07:00:00,610,"Grand Central-42 St (4,5,6,7,S)",Manhattan,40.75199,-73.977356,7010.0,8690.9653,1,131.0,1,7,0,0
2025-05-05 07:00:00,611,"Times Sq-42 St/Port Authority Bus Terminal (1,2,3,7,A,C,E,N,Q,R,W,S)",Manhattan,40.755745,-73.98758,10461.0,7232.443,1,167.0,1,7,0,0
2025-05-05 07:00:00,612,"Lexington Av/51-53 Sts (6,E,F)",Manhattan,40.757328,-73.97049,908.0,4377.4911,1,62.0,1,7,0,0
2025-05-05 07:00:00,613,"Lexington Av/59 St (4,5,6,N,R,W)",Manhattan,40.762592,-73.96761,955.0,3924.0849,1,100.0,1,7,0,0
2025-05-05 07:00:00,614,"59 St-Columbus Circle (1,A,C,B,D)",Manhattan,40.768272,-73.981834,1353.0,4582.2267,1,77.0,1,7,0,0
2025-05-05 07:00:00,615,"62 St/New Utrecht Av (D,N)",Brooklyn,40.625656,-73.99663,534.0,279.1344,1,31.0,1,7,0,0
2025-05-05 07:00:00,616,"Jackson Hts-Roosevelt Av/74 St-Broadway (7,E,F,M,R)",Queens,40.746746,-73.891365,4884.0,1405.8576,1,116.0,1,7,0,0
2025-05-05 07:00:00,617,"Atlantic Av-Barclays Ctr (2,3,4,5,B,D,N,Q,R)",Brooklyn,40.684162,-73.97779,2067.0,2560.4653,1,143.0,1,7,0,0
2025-05-05 07:00:00,618,"14 St/8 Av (A,C,E,L)",Manhattan,40.740334,-74.00214,720.0,2604.7082,1,63.0,1,7,0,0
2025-05-05 07:00:00,619,"Broadway-Lafayette St/Bleecker St (6,B,D,F,M)",Manhattan,40.725605,-73.99543,674.0,1455.6275,1,92.0,1,7,0,0
2025-05-05 07:00:00,620,"Borough Hall/Court St (2,3,4,5,R)",Brooklyn,40.69324,-73.99064,991.0,2381.0449,1,87.0,1,7,0,0
2025-05-05 07:00:00,621,"Broadway Junction (A,C,J,Z,L)",Brooklyn,40.678898,-73.90436,715.0,256.3553,1,32.0,1,7,0,0
2025-05-05 07:00:00,622,"Brooklyn Bridge-City Hall/Chambers St (4,5,6,J,Z)",Manhattan,40.713154,-74.00377,655.0,2499.6498,1,66.0,1,7,0,0
2025-05-05 07:00:00,623,"Canal St (6,J,Z,N,Q,R,W)",Manhattan,40.7187,-74.00058,417.0,2059.4684,1,70.0,1,7,0,0
2025-05-05 07:00:00,624,"Chambers St/WTC/Park Place/Cortlandt St (2,3,A,C,E,R,W)",Manhattan,40.712605,-74.00955,1466.0,4432.7524,1,99.0,1,7,0,0
2025-05-05 07:00:00,625,"Delancey St-Essex St (F,M,J,Z)",Manhattan,40.718464,-73.98778,1023.0,1653.5381,1,45.0,1,7,0,0
2025-05-05 07:00:00,626,"Franklin Av-Medgar Evers College/Botanic Garden (2,3,4,5,S)",Brooklyn,40.670513,-73.95869,1046.0,521.2687,1,80.0,1,7,0,0
2025-05-05 07:00:00,627,"Franklin Av (C,S)",Brooklyn,40.68099,-73.95634,309.0,216.5143,1,17.0,1,7,0,0
2025-05-05 07:00:00,628,"Fulton St (2,3,4,5,A,C,J,Z)",Manhattan,40.71009,-74.007835,2829.0,5379.2135,1,81.0,1,7,0,0
2025-05-05 07:00:00,629,"Metropolitan Av/Lorimer St (G,L)",Brooklyn,40.71343,-73.95084,876.0,469.2291,1,43.0,1,7,0,0
2025-05-05 07:00:00,630,"Myrtle-Wyckoff Avs (M,L)",Brooklyn,40.699623,-73.91199,2036.0,556.7214,1,26.0,1,7,0,0
2025-05-05 07:00:00,635,"Whitehall St-South Ferry (1,R,W)",Manhattan,40.702576,-74.01333,1483.0,1587.7135,1,30.0,1,7,0,0
2025-05-05 07:00:00,636,"Jay St-MetroTech (A,C,F,R)",Brooklyn,40.69226,-73.98664,833.0,3010.1299,1,68.0,1,7,0,0
2025-05-05 08:00:00,1,"Astoria-Ditmars Blvd (N,W)",Queens,40.775036,-73.91203,2023.0,250.7121,1,15.0,1,8,0,0
2025-05-05 08:00:00,2,"Astoria Blvd (N,W)",Queens,40.77026,-73.91785,1452.0,193.0553,1,29.0,1,8,0,0
2025-05-05 08:00:00,3,"30 Av (N,W)",Queens,40.76678,-73.92148,1827.0,266.9282,1,29.0,1,8,0,0
2025-05-05 08:00:00,4,"Broadway (N,W)",Queens,40.76182,-73.92551,1563.0,238.8223,1,30.0,1,8,0,0
2025-05-05 08:00:00,5,"36 Av (N,W)",Queens,40.756805,-73.92957,685.0,226.0879,1,31.0,1,8,0,0
2025-05-05 08:00:00,6,"39 Av-Dutch Kills (N,W)",Queens,40.75288,-73.932755,393.0,181.8036,1,30.0,1,8,0,0
2025-05-05 08:00:00,8,"5 Av/59 St (N,R,W)",Manhattan,40.764812,-73.97335,186.0,1565.652,1,47.0,1,8,0,0
2025-05-05 08:00:00,9,"57 St-7 Av (N,Q,R,W)",Manhattan,40.764664,-73.98066,1014.0,3119.4559,1,66.0,1,8,0,0
2025-05-05 08:00:00,10,"49 St (N,R,W)",Manhattan,40.7599,-73.98414,686.0,1999.5325,1,48.0,1,8,0,0
2025-05-05 08:00:00,13,"28 St (R,W)",Manhattan,40.745495,-73.98869,400.0,937.5945,1,30.0,1,8,0,0
2025-05-05 08:00:00,14,"23 St (R,W)",Manhattan,40.741302,-73.98934,612.0,1663.9038,1,31.0,1,8,0,0
2025-05-05 08:00:00,16,"8 St-NYU (R,W)",Manhattan,40.730328,-73.99263,872.0,886.3472,1,31.0,1,8,0,0
2025-05-05 08:00:00,17,"Prince St (R,W)",Manhattan,40.72433,-73.9977,214.0,706.7387,1,30.0,1,8,0,0
2025-05-05 08:00:00,20,"City Hall (R,W)",Manhattan,40.713284,-74.00698,181.0,531.5912,1,30.0,1,8,0,0
2025-05-05 08:00:00,22,"Rector St (R,W)",Manhattan,40.70722,-74.01334,331.0,447.4993,1,31.0,1,8,0,0
2025-05-05 08:00:00,26,"DeKalb Av (B,Q,R)",Brooklyn,40.690636,-73.98183,1752.0,1435.1362,1,52.0,1,8,0,0
2025-05-05 08:00:00,28,Union St (R),Brooklyn,40.677315,-73.98311,775.0,280.1162,1,18.0,1,8,0,0
2025-05-05 08:00:00,30,Prospect Av (R),Brooklyn,40.665413,-73.992874,731.0,230.6035,1,16.0,1,8,0,0
2025-05-05 08:00:00,31,25 St (R),Brooklyn,40.660397,-73.99809,388.0,153.1991,1,17.0,1,8,0,0
2025-05-05 08:00:00,32,"36 St (D,N,R)",Brooklyn,40.655144,-74.00355,1193.0,1269.002,1,50.0,1,8,0,0
2025-05-05 08:00:00,33,45 St (R),Brooklyn,40.648937,-74.01001,914.0,248.0706,1,16.0,1,8,0,0
2025-05-05 08:00:00,34,53 St (R),Brooklyn,40.64507,-74.01403,942.0,290.847,1,16.0,1,8,0,0
2025-05-05 08:00:00,35,"59 St (N,R)",Brooklyn,40.64136,-74.01788,1452.0,484.2241,1,30.0,1,8,0,0
2025-05-05 08:00:00,36,Bay Ridge Av (R),Brooklyn,40.634968,-74.02338,904.0,212.2555,1,17.0,1,8,0,0
2025-05-05 08:00:00,37,77 St (R),Brooklyn,40.62974,-74.02551,678.0,132.1108,1,16.0,1,8,0,0
2025-05-05 08:00:00,38,86 St (R),Brooklyn,40.62269,-74.0284,1175.0,336.2036,1,16.0,1,8,0,0
2025-05-05 08:00:00,39,Bay Ridge-95 St (R),Brooklyn,40.616623,-74.030876,643.0,157.0145,1,9.0,1,8,0,0
2025-05-05 08:00:00,41,"7 Av (B,Q)",Brooklyn,40.67705,-73.97237,1254.0,347.3322,1,31.0,1,8,0,0
2025-05-05 08:00:00,42,"Prospect Park (B,Q,S)",Brooklyn,40.661613,-73.96225,1149.0,248.8864,1,38.0,1,8,0,0
2025-05-05 08:00:00,43,Parkside Av (Q),Brooklyn,40.655293,-73.961494,721.0,164.61,1,16.0,1,8,0,0
2025-05-05 08:00:00,44,"Church Av (B,Q)",Brooklyn,40.650528,-73.96298,1511.0,339.9257,1,32.0,1,8,0,0
2025-05-05 08:00:00,45,Beverley Rd (Q),Brooklyn,40.64403,-73.96449,518.0,85.3558,1,17.0,1,8,0,0
2025-05-05 08:00:00,46,Cortelyou Rd (Q),Brooklyn,40.640926,-73.96389,796.0,134.6909,1,17.0,1,8,0,0
2025-05-05 08:00:00,47,"Newkirk Plaza (B,Q)",Brooklyn,40.635082,-73.96279,1299.0,228.4663,1,30.0,1,8,0,0
2025-05-05 08:00:00,48,Avenue H (Q),Brooklyn,40.62927,-73.96164,350.0,179.8967,1,16.0,1,8,0,0
2025-05-05 08:00:00,49,Avenue J (Q),Brooklyn,40.62504,-73.9608,641.0,277.9726,1,17.0,1,8,0,0
2025-05-05 08:00:00,50,Avenue M (Q),Brooklyn,40.61762,-73.9594,568.0,409.0795,1,17.0,1,8,0,0
2025-05-05 08:00:00,51,"Kings Hwy (B,Q)",Brooklyn,40.60867,-73.95773,2179.0,801.1254,1,31.0,1,8,0,0
2025-05-05 08:00:00,52,Avenue U (Q),Brooklyn,40.5993,-73.95593,812.0,245.9495,1,17.0,1,8,0,0
2025-05-05 08:00:00,53,Neck Rd (Q),Brooklyn,40.595245,-73.95516,617.0,126.6633,1,17.0,1,8,0,0
2025-05-05 08:00:00,54,"Sheepshead Bay (B,Q)",Brooklyn,40.586895,-73.954155,1445.0,466.3311,1,32.0,1,8,0,0
2025-05-05 08:00:00,55,"Brighton Beach (B,Q)",Brooklyn,40.57762,-73.96137,938.0,513.8835,1,24.0,1,8,0,0
2025-05-05 08:00:00,56,Ocean Pkwy (Q),Brooklyn,40.576313,-73.9685,234.0,181.5981,1,15.0,1,8,0,0
2025-05-05 08:00:00,57,"W 8 St-NY Aquarium (F,Q)",Brooklyn,40.576126,-73.97594,180.0,137.0904,1,26.0,1,8,0,0
2025-05-05 08:00:00,58,"Coney Island-Stillwell Av (D,F,N,Q)",Brooklyn,40.577423,-73.98123,1047.0,549.532,1,30.0,1,8,0,0
2025-05-05 08:00:00,59,9 Av (D),Brooklyn,40.646294,-73.99432,617.0,182.8303,1,15.0,1,8,0,0
2025-05-05 08:00:00,60,Fort Hamilton Pkwy (D),Brooklyn,40.640915,-73.9943,428.0,288.7168,1,15.0,1,8,0,0
2025-05-05 08:00:00,61,50 St (D),Brooklyn,40.63626,-73.99479,244.0,274.8552,1,15.0,1,8,0,0
2025-05-05 08:00:00,62,55 St (D),Brooklyn,40.631435,-73.995476,138.0,207.407,1,15.0,1,8,0,0
2025-05-05 08:00:00,64,71 St (D),Brooklyn,40.61959,-73.99886,594.0,85.7641,1,15.0,1,8,0,0
2025-05-05 08:00:00,65,79 St (D),Brooklyn,40.613503,-74.00061,782.0,226.3611,1,15.0,1,8,0,0
2025-05-05 08:00:00,66,18 Av (D),Brooklyn,40.607952,-74.00174,706.0,152.4836,1,14.0,1,8,0,0
2025-05-05 08:00:00,67,20 Av (D),Brooklyn,40.604557,-73.99817,578.0,108.5081,1,14.0,1,8,0,0
2025-05-05 08:00:00,68,Bay Pkwy (D),Brooklyn,40.601875,-73.99373,782.0,241.0661,1,15.0,1,8,0,0
2025-05-05 08:00:00,69,25 Av (D),Brooklyn,40.597706,-73.98683,519.0,136.846,1,14.0,1,8,0,0
2025-05-05 08:00:00,70,Bay 50 St (D),Brooklyn,40.58884,-73.983765,249.0,124.5161,1,15.0,1,8,0,0
2025-05-05 08:00:00,71,8 Av (N),Brooklyn,40.635063,-74.01172,814.0,691.4103,1,15.0,1,8,0,0
2025-05-05 08:00:00,72,Fort Hamilton Pkwy (N),Brooklyn,40.631386,-74.00535,805.0,173.8389,1,14.0,1,8,0,0
2025-05-05 08:00:00,74,18 Av (N),Brooklyn,40.62067,-73.99042,506.0,189.0619,1,14.0,1,8,0,0
2025-05-05 08:00:00,75,20 Av (N),Brooklyn,40.61741,-73.98502,503.0,252.4212,1,13.0,1,8,0,0
2025-05-05 08:00:00,76,Bay Pkwy (N),Brooklyn,40.611816,-73.98185,784.0,189.6984,1,13.0,1,8,0,0
2025-05-05 08:00:00,77,Kings Hwy (N),Brooklyn,40.603924,-73.980354,745.0,161.0789,1,15.0,1,8,0,0
2025-05-05 08:00:00,78,Avenue U (N),Brooklyn,40.597473,-73.97913,453.0,131.1843,1,14.0,1,8,0,0
2025-05-05 08:00:00,79,86 St (N),Brooklyn,40.59272,-73.97823,255.0,124.1912,1,14.0,1,8,0,0
2025-05-05 08:00:00,80,"121 St (J,Z)",Queens,40.700493,-73.82829,242.0,74.9074,1,17.0,1,8,0,0
2025-05-05 08:00:00,81,111 St (J),Queens,40.69742,-73.83634,218.0,79.6604,1,16.0,1,8,0,0
2025-05-05 08:00:00,82,"104 St (J,Z)",Queens,40.69518,-73.84433,296.0,58.7602,1,16.0,1,8,0,0
2025-05-05 08:00:00,83,"Woodhaven Blvd (J,Z)",Queens,40.69388,-73.85158,533.0,131.4769,1,17.0,1,8,0,0
2025-05-05 08:00:00,84,85 St-Forest Pkwy (J),Queens,40.692436,-73.86001,181.0,39.1968,1,17.0,1,8,0,0
2025-05-05 08:00:00,85,"75 St-Elderts Ln (J,Z)",Queens,40.691322,-73.86714,395.0,148.5344,1,18.0,1,8,0,0
2025-05-05 08:00:00,86,Cypress Hills (J),Brooklyn,40.68994,-73.87255,50.0,12.5031,1,17.0,1,8,0,0
2025-05-05 08:00:00,87,"Crescent St (J,Z)",Brooklyn,40.683193,-73.87379,411.0,100.0066,1,18.0,1,8,0,0
2025-05-05 08:00:00,88,"Norwood Av (J,Z)",Brooklyn,40.68141,-73.880035,266.0,61.7022,1,13.0,1,8,0,0
2025-05-05 08:00:00,89,Cleveland St (J),Brooklyn,40.679947,-73.884636,250.0,50.0758,1,14.0,1,8,0,0
2025-05-05 08:00:00,90,"Van Siclen Av (J,Z)",Brooklyn,40.678024,-73.891685,297.0,58.8665,1,15.0,1,8,0,0
2025-05-05 08:00:00,91,"Alabama Av (J,Z)",Brooklyn,40.67699,-73.89865,106.0,103.4143,1,18.0,1,8,0,0
2025-05-05 08:00:00,93,"Chauncey St (J,Z)",Brooklyn,40.68289,-73.91045,315.0,63.2865,1,15.0,1,8,0,0
2025-05-05 08:00:00,94,Halsey St (J),Brooklyn,40.68637,-73.91656,613.0,102.6741,1,15.0,1,8,0,0
2025-05-05 08:00:00,95,"Gates Av (J,Z)",Brooklyn,40.68963,-73.92227,734.0,138.1523,1,14.0,1,8,0,0
2025-05-05 08:00:00,96,Kosciuszko St (J),Brooklyn,40.69334,-73.92882,621.0,131.1254,1,15.0,1,8,0,0
2025-05-05 08:00:00,97,"Myrtle Av (M,J,Z)",Brooklyn,40.69721,-73.93565,1311.0,341.7512,1,37.0,1,8,0,0
2025-05-05 08:00:00,98,"Flushing Av (M,J)",Brooklyn,40.70026,-73.941124,524.0,553.3546,1,26.0,1,8,0,0
2025-05-05 08:00:00,99,"Lorimer St (M,J)",Brooklyn,40.70387,-73.94741,392.0,234.8135,1,27.0,1,8,0,0
2025-05-05 08:00:00,100,"Hewes St (M,J)",Brooklyn,40.70687,-73.95343,280.0,137.2862,1,26.0,1,8,0,0
2025-05-05 08:00:00,101,"Marcy Av (M,J,Z)",Brooklyn,40.70836,-73.957756,1078.0,647.4208,1,39.0,1,8,0,0
2025-05-05 08:00:00,103,"Bowery (J,Z)",Manhattan,40.72028,-73.99391,109.0,196.0118,1,21.0,1,8,0,0
2025-05-05 08:00:00,107,"Broad St (J,Z)",Manhattan,40.706474,-74.011055,118.0,680.2024,1,12.0,1,8,0,0
2025-05-05 08:00:00,108,Middle Village-Metropolitan Av (M),Queens,40.711395,-73.8896,412.0,89.9828,1,9.0,1,8,0,0
2025-05-05 08:00:00,109,Fresh Pond Rd (M),Queens,40.706184,-73.895874,766.0,73.9001,1,17.0,1,8,0,0
2025-05-05 08:00:00,110,Forest Av (M),Queens,40.704422,-73.903076,585.0,55.5659,1,16.0,1,8,0,0
2025-05-05 08:00:00,111,Seneca Av (M),Queens,40.702763,-73.90774,370.0,29.896,1,16.0,1,8,0,0
2025-05-05 08:00:00,113,Knickerbocker Av (M),Brooklyn,40.698666,-73.91971,496.0,89.9421,1,17.0,1,8,0,0
2025-05-05 08:00:00,114,Central Av (M),Brooklyn,40.697857,-73.9274,519.0,61.2174,1,16.0,1,8,0,0
2025-05-05 08:00:00,118,3 Av (L),Manhattan,40.73285,-73.98612,160.0,412.6603,1,38.0,1,8,0,0
2025-05-05 08:00:00,119,1 Av (L),Manhattan,40.730953,-73.98163,1892.0,1346.8779,1,39.0,1,8,0,0
2025-05-05 08:00:00,120,Bedford Av (L),Brooklyn,40.717304,-73.95687,3232.0,1239.085,1,39.0,1,8,0,0
2025-05-05 08:00:00,122,Graham Av (L),Brooklyn,40.714565,-73.94405,1239.0,281.1195,1,38.0,1,8,0,0
2025-05-05 08:00:00,123,Grand St (L),Brooklyn,40.711926,-73.94067,503.0,342.9752,1,39.0,1,8,0,0
2025-05-05 08:00:00,124,Montrose Av (L),Brooklyn,40.70774,-73.93985,701.0,241.8646,1,37.0,1,8,0,0
2025-05-05 08:00:00,125,Morgan Av (L),Brooklyn,40.706154,-73.93314,637.0,234.7011,1,39.0,1,8,0,0
2025-05-05 08:00:00,126,Jefferson St (L),Brooklyn,40.706608,-73.92291,773.0,239.8668,1,37.0,1,8,0,0
2025-05-05 08:00:00,127,DeKalb Av (L),Brooklyn,40.70381,-73.91843,1550.0,263.2482,1,38.0,1,8,0,0
2025-05-05 08:00:00,129,Halsey St (L),Queens,40.695602,-73.90408,986.0,158.4812,1,27.0,1,8,0,0
2025-05-05 08:00:00,130,Wilson Av (L),Brooklyn,40.688763,-73.904045,483.0,80.50280000000001,1,26.0,1,8,0,0
2025-05-05 08:00:00,131,Bushwick Av-Aberdeen St (L),Brooklyn,40.68283,-73.90525,258.0,50.944,1,25.0,1,8,0,0
2025-05-05 08:00:00,133,Atlantic Av (L),Brooklyn,40.675346,-73.9031,187.0,87.929,1,25.0,1,8,0,0
2025-05-05 08:00:00,134,Sutter Av (L),Brooklyn,40.66937,-73.90198,284.0,98.7569,1,26.0,1,8,0,0
2025-05-05 08:00:00,135,Livonia Av (L),Brooklyn,40.66404,-73.90057,240.0,130.41,1,26.0,1,8,0,0
2025-05-05 08:00:00,136,New Lots Av (L),Brooklyn,40.658733,-73.89923,322.0,97.7602,1,26.0,1,8,0,0
2025-05-05 08:00:00,137,East 105 St (L),Brooklyn,40.650574,-73.89948,218.0,80.6692,1,24.0,1,8,0,0
2025-05-05 08:00:00,138,Canarsie-Rockaway Pkwy (L),Brooklyn,40.646652,-73.90185,261.0,264.652,1,11.0,1,8,0,0
2025-05-05 08:00:00,141,Park Pl (S),Brooklyn,40.67477,-73.95763,182.0,60.4191,1,12.0,1,8,0,0
2025-05-05 08:00:00,143,Inwood-207 St (A),Manhattan,40.868073,-73.9199,982.0,190.2987,1,10.0,1,8,0,0
2025-05-05 08:00:00,144,Dyckman St (A),Manhattan,40.86549,-73.92727,624.0,155.8005,1,20.0,1,8,0,0
2025-05-05 08:00:00,145,190 St (A),Manhattan,40.85902,-73.93418,511.0,92.423,1,21.0,1,8,0,0
2025-05-05 08:00:00,146,181 St (A),Manhattan,40.851696,-73.937965,1132.0,180.4676,1,22.0,1,8,0,0
2025-05-05 08:00:00,147,175 St (A),Manhattan,40.84739,-73.939705,1037.0,255.2097,1,20.0,1,8,0,0
2025-05-05 08:00:00,149,163 St-Amsterdam Av (C),Manhattan,40.836014,-73.939896,393.0,88.7076,1,11.0,1,8,0,0
2025-05-05 08:00:00,150,155 St (C),Manhattan,40.830517,-73.94151,234.0,58.8387,1,11.0,1,8,0,0
2025-05-05 08:00:00,151,"145 St (A,C,B,D)",Manhattan,40.824783,-73.944214,1862.0,814.1898,1,,0,8,0,0
2025-05-05 08:00:00,152,"135 St (C,B)",Manhattan,40.817894,-73.94765,426.0,278.1715,1,28.0,1,8,0,0
2025-05-05 08:00:00,153,"125 St (A,C,B,D)",Manhattan,40.811108,-73.95235,1883.0,1217.6146,1,68.0,1,8,0,0
2025-05-05 08:00:00,154,"116 St (C,B)",Manhattan,40.805084,-73.95488,567.0,226.0934,1,26.0,1,8,0,0
2025-05-05 08:00:00,155,"Cathedral Pkwy (110 St) (C,B)",Manhattan,40.800602,-73.95816,763.0,296.5979,1,26.0,1,8,0,0
2025-05-05 08:00:00,156,"103 St (C,B)",Manhattan,40.796093,-73.96146,499.0,173.7148,1,28.0,1,8,0,0
2025-05-05 08:00:00,157,"96 St (C,B)",Manhattan,40.79164,-73.9647,751.0,593.8198,1,28.0,1,8,0,0
2025-05-05 08:00:00,158,"86 St (C,B)",Manhattan,40.78587,-73.96892,988.0,644.2839,1,27.0,1,8,0,0
2025-05-05 08:00:00,159,"81 St-Museum of Natural History (C,B)",Manhattan,40.781433,-73.972145,596.0,740.9595,1,28.0,1,8,0,0
2025-05-05 08:00:00,160,"72 St (C,B)",Manhattan,40.775593,-73.97641,489.0,563.3902,1,27.0,1,8,0,0
2025-05-05 08:00:00,162,"50 St (C,E)",Manhattan,40.762455,-73.985985,798.0,1249.679,1,33.0,1,8,0,0
2025-05-05 08:00:00,164,"34 St-Penn Station (A,C,E)",Manhattan,40.75229,-73.99339,5472.0,4533.6178,1,59.0,1,8,0,0
2025-05-05 08:00:00,165,"23 St (C,E)",Manhattan,40.745907,-73.99804,1239.0,1455.4416,1,34.0,1,8,0,0
2025-05-05 08:00:00,167,"W 4 St-Wash Sq (A,C,E,B,D,F,M)",Manhattan,40.732338,-74.000496,1822.0,2423.5826,1,,0,8,0,0
2025-05-05 08:00:00,168,"Spring St (C,E)",Manhattan,40.726227,-74.00374,446.0,1506.7897,1,35.0,1,8,0,0
2025-05-05 08:00:00,169,"Canal St (A,C,E)",Manhattan,40.720825,-74.005226,447.0,1856.3853,1,59.0,1,8,0,0
2025-05-05 08:00:00,173,"High St (A,C)",Brooklyn,40.699337,-73.99053,736.0,619.0672,1,37.0,1,8,0,0
2025-05-05 08:00:00,175,"Hoyt-Schermerhorn Sts (A,C,G)",Brooklyn,40.688484,-73.985,655.0,703.9232,1,52.0,1,8,0,0
2025-05-05 08:00:00,176,Lafayette Av (C),Brooklyn,40.68611,-73.973946,313.0,248.796,1,13.0,1,8,0,0
2025-05-05 08:00:00,177,Clinton-Washington Avs (C),Brooklyn,40.68326,-73.965836,981.0,264.6181,1,13.0,1,8,0,0
2025-05-05 08:00:00,179,"Nostrand Av (A,C)",Brooklyn,40.68044,-73.950424,2019.0,527.3732,1,36.0,1,8,0,0
2025-05-05 08:00:00,180,Kingston-Throop Avs (C),Brooklyn,40.67992,-73.94086,699.0,184.7239,1,13.0,1,8,0,0
2025-05-05 08:00:00,181,"Utica Av (A,C)",Brooklyn,40.679363,-73.93073,1667.0,366.0723,1,35.0,1,8,0,0
2025-05-05 08:00:00,182,Ralph Av (C),Brooklyn,40.67882,-73.920784,521.0,124.4075,1,13.0,1,8,0,0
2025-05-05 08:00:00,183,Rockaway Av (C),Brooklyn,40.67834,-73.91195,614.0,130.3159,1,13.0,1,8,0,0
2025-05-05 08:00:00,185,Liberty Av (C),Brooklyn,40.67454,-73.896545,208.0,85.3563,1,13.0,1,8,0,0
2025-05-05 08:00:00,186,Van Siclen Av (C),Brooklyn,40.67271,-73.89036,307.0,84.6887,1,13.0,1,8,0,0
2025-05-05 08:00:00,187,Shepherd Av (C),Brooklyn,40.67413,-73.88075,286.0,55.4281,1,13.0,1,8,0,0
2025-05-05 08:00:00,188,"Euclid Av (A,C)",Brooklyn,40.675377,-73.87211,984.0,257.1789,1,29.0,1,8,0,0
2025-05-05 08:00:00,189,Grant Av (A),Brooklyn,40.677044,-73.86505,592.0,100.1869,1,21.0,1,8,0,0
2025-05-05 08:00:00,190,80 St (A),Queens,40.67937,-73.85899,489.0,47.9113,1,21.0,1,8,0,0
2025-05-05 08:00:00,191,88 St (A),Queens,40.679844,-73.85147,347.0,26.3565,1,19.0,1,8,0,0
2025-05-05 08:00:00,192,Rockaway Blvd (A),Queens,40.680428,-73.84386,752.0,170.9293,1,20.0,1,8,0,0
2025-05-05 08:00:00,193,104 St (A),Queens,40.68171,-73.837685,181.0,44.3853,1,10.0,1,8,0,0
2025-05-05 08:00:00,194,111 St (A),Queens,40.68433,-73.83216,236.0,30.8912,1,11.0,1,8,0,0
2025-05-05 08:00:00,195,Ozone Park-Lefferts Blvd (A),Queens,40.68595,-73.8258,550.0,123.1852,1,7.0,1,8,0,0
2025-05-05 08:00:00,196,Aqueduct Racetrack (A),Queens,40.672096,-73.83592,28.0,22.3688,1,6.0,1,8,0,0
2025-05-05 08:00:00,197,Aqueduct-N Conduit Av (A),Queens,40.668236,-73.83406,87.0,12.6119,1,9.0,1,8,0,0
2025-05-05 08:00:00,198,Howard Beach-JFK Airport (A),Queens,40.660477,-73.8303,756.0,164.8437,1,6.0,1,8,0,0
2025-05-05 08:00:00,210,Norwood-205 St (D),Bronx,40.87481,-73.87885,589.0,158.0865,1,7.0,1,8,0,0
2025-05-05 08:00:00,211,"Bedford Park Blvd (B,D)",Bronx,40.873245,-73.88714,571.0,173.3881,1,23.0,1,8,0,0
2025-05-05 08:00:00,212,"Kingsbridge Rd (B,D)",Bronx,40.866978,-73.89351,664.0,157.2405,1,31.0,1,8,0,0
2025-05-05 08:00:00,213,"Fordham Rd (B,D)",Bronx,40.861298,-73.89775,727.0,299.254,1,31.0,1,8,0,0
2025-05-05 08:00:00,214,"182-183 Sts (B,D)",Bronx,40.856094,-73.90074,368.0,110.0891,1,23.0,1,8,0,0
2025-05-05 08:00:00,215,"Tremont Av (B,D)",Bronx,40.85041,-73.90523,870.0,234.5272,1,32.0,1,8,0,0
2025-05-05 08:00:00,216,"174-175 Sts (B,D)",Bronx,40.8459,-73.91013,341.0,155.2654,1,23.0,1,8,0,0
2025-05-05 08:00:00,217,"170 St (B,D)",Bronx,40.839306,-73.9134,468.0,157.1332,1,23.0,1,8,0,0
2025-05-05 08:00:00,218,"167 St (B,D)",Bronx,40.83377,-73.91844,608.0,236.1741,1,24.0,1,8,0,0
2025-05-05 08:00:00,220,"155 St (B,D)",Manhattan,40.830135,-73.93821,226.0,98.7655,1,24.0,1,8,0,0
2025-05-05 08:00:00,221,21 St-Queensbridge (M),Queens,40.754204,-73.94283,1056.0,480.728,1,22.0,1,8,0,0
2025-05-05 08:00:00,222,Roosevelt Island (M),Manhattan,40.759144,-73.95326,883.0,250.346,1,22.0,1,8,0,0
2025-05-05 08:00:00,223,"Lexington Av/63 St (M,Q)",Manhattan,40.76463,-73.96611,855.0,1494.9425,1,43.0,1,8,0,0
2025-05-05 08:00:00,224,57 St (M),Manhattan,40.763973,-73.97745,249.0,1698.9279,1,22.0,1,8,0,0
2025-05-05 08:00:00,225,"47-50 Sts-Rockefeller Ctr (B,D,F,M)",Manhattan,40.758663,-73.98133,452.0,7462.6704,1,72.0,1,8,0,0
2025-05-05 08:00:00,228,"23 St (F,M)",Manhattan,40.742878,-73.99282,1802.0,2091.2479,1,38.0,1,8,0,0
2025-05-05 08:00:00,231,"Grand St (B,D)",Manhattan,40.718266,-73.99375,906.0,1820.1857,1,32.0,1,8,0,0
2025-05-05 08:00:00,232,2 Av (F),Manhattan,40.7234,-73.98994,995.0,663.3743,1,22.0,1,8,0,0
2025-05-05 08:00:00,234,East Broadway (F),Manhattan,40.713715,-73.99017,890.0,833.1537,1,21.0,1,8,0,0
2025-05-05 08:00:00,235,York St (F),Brooklyn,40.701397,-73.98675,796.0,964.7757,1,23.0,1,8,0,0
2025-05-05 08:00:00,236,"Bergen St (F,G)",Brooklyn,40.686146,-73.99086,1143.0,603.4361,1,38.0,1,8,0,0
2025-05-05 08:00:00,237,"Carroll St (F,G)",Brooklyn,40.6803,-73.99505,1497.0,584.1876,1,39.0,1,8,0,0
2025-05-05 08:00:00,238,"Smith-9 Sts (F,G)",Brooklyn,40.67358,-73.99596,283.0,220.1093,1,36.0,1,8,0,0
2025-05-05 08:00:00,240,"7 Av (F,G)",Brooklyn,40.66627,-73.98031,1388.0,600.0679,1,39.0,1,8,0,0
2025-05-05 08:00:00,241,"15 St-Prospect Park (F,G)",Brooklyn,40.660366,-73.97949,823.0,187.2595,1,40.0,1,8,0,0
2025-05-05 08:00:00,242,"Fort Hamilton Pkwy (F,G)",Brooklyn,40.650784,-73.97578,907.0,169.8272,1,38.0,1,8,0,0
2025-05-05 08:00:00,243,"Church Av (F,G)",Brooklyn,40.64404,-73.979675,1081.0,275.1064,1,31.0,1,8,0,0
2025-05-05 08:00:00,244,Ditmas Av (F),Brooklyn,40.63612,-73.97817,430.0,179.0268,1,21.0,1,8,0,0
2025-05-05 08:00:00,245,18 Av (F),Brooklyn,40.629753,-73.976974,344.0,188.5712,1,22.0,1,8,0,0
2025-05-05 08:00:00,246,Avenue I (F),Brooklyn,40.62532,-73.97613,160.0,130.2487,1,21.0,1,8,0,0
2025-05-05 08:00:00,247,Bay Pkwy (F),Brooklyn,40.62077,-73.975266,124.0,56.1263,1,22.0,1,8,0,0
2025-05-05 08:00:00,248,Avenue N (F),Brooklyn,40.61514,-73.9742,326.0,109.9468,1,22.0,1,8,0,0
2025-05-05 08:00:00,249,Avenue P (F),Brooklyn,40.608944,-73.97302,309.0,58.8031,1,22.0,1,8,0,0
2025-05-05 08:00:00,250,Kings Hwy (F),Brooklyn,40.603218,-73.97236,408.0,158.3335,1,16.0,1,8,0,0
2025-05-05 08:00:00,251,Avenue U (F),Brooklyn,40.59606,-73.97336,195.0,75.269,1,11.0,1,8,0,0
2025-05-05 08:00:00,252,Avenue X (F),Brooklyn,40.58962,-73.97425,229.0,96.5955,1,12.0,1,8,0,0
2025-05-05 08:00:00,253,Neptune Av (F),Brooklyn,40.581013,-73.97457,136.0,77.6985,1,11.0,1,8,0,0
2025-05-05 08:00:00,254,Jamaica-179 St (F),Queens,40.712646,-73.78381,1957.0,333.2144,1,12.0,1,8,0,0
2025-05-05 08:00:00,255,169 St (F),Queens,40.71047,-73.7936,726.0,245.2033,1,21.0,1,8,0,0
2025-05-05 08:00:00,256,Parsons Blvd (F),Queens,40.707565,-73.80333,625.0,241.2446,1,21.0,1,8,0,0
2025-05-05 08:00:00,257,Sutphin Blvd (F),Queens,40.70546,-73.81071,414.0,164.637,1,21.0,1,8,0,0
2025-05-05 08:00:00,258,"Briarwood (E,F)",Queens,40.70918,-73.82057,594.0,90.098,1,22.0,1,8,0,0
2025-05-05 08:00:00,259,"Kew Gardens-Union Tpke (E,F)",Queens,40.71444,-73.83101,2358.0,951.1654,1,43.0,1,8,0,0
2025-05-05 08:00:00,260,"75 Av (E,F)",Queens,40.71833,-73.837326,434.0,103.1467,1,22.0,1,8,0,0
2025-05-05 08:00:00,261,"Forest Hills-71 Av (E,F,M,R)",Queens,40.72169,-73.84452,2957.0,842.1294,1,62.0,1,8,0,0
2025-05-05 08:00:00,262,"67 Av (M,R)",Queens,40.726524,-73.85272,1025.0,229.9187,1,28.0,1,8,0,0
2025-05-05 08:00:00,263,"63 Dr-Rego Park (M,R)",Queens,40.729847,-73.8616,1566.0,418.7789,1,30.0,1,8,0,0
2025-05-05 08:00:00,264,"Woodhaven Blvd (M,R)",Queens,40.733105,-73.86923,1808.0,480.5318,1,28.0,1,8,0,0
2025-05-05 08:00:00,265,"Grand Av-Newtown (M,R)",Queens,40.737015,-73.87722,2383.0,390.901,1,30.0,1,8,0,0
2025-05-05 08:00:00,266,"Elmhurst Av (M,R)",Queens,40.742455,-73.88202,1491.0,236.3079,1,29.0,1,8,0,0
2025-05-05 08:00:00,268,"65 St (M,R)",Queens,40.74967,-73.89845,352.0,56.6239,1,30.0,1,8,0,0
2025-05-05 08:00:00,269,"Northern Blvd (M,R)",Queens,40.752884,-73.906006,834.0,201.5789,1,31.0,1,8,0,0
2025-05-05 08:00:00,270,"46 St (M,R)",Queens,40.756313,-73.91333,928.0,186.8698,1,31.0,1,8,0,0
2025-05-05 08:00:00,271,"Steinway St (M,R)",Queens,40.756878,-73.92074,1205.0,373.7501,1,31.0,1,8,0,0
2025-05-05 08:00:00,272,"36 St (M,R)",Queens,40.75204,-73.92878,220.0,317.8338,1,31.0,1,8,0,0
2025-05-05 08:00:00,273,"Queens Plaza (E,F,R)",Queens,40.748974,-73.93724,1309.0,1179.5843,1,54.0,1,8,0,0
2025-05-05 08:00:00,276,"5 Av/53 St (E,F)",Manhattan,40.760166,-73.97523,97.0,3163.4466,1,39.0,1,8,0,0
2025-05-05 08:00:00,277,"7 Av (E,B,D)",Manhattan,40.762863,-73.981636,440.0,1665.6053,1,58.0,1,8,0,0
2025-05-05 08:00:00,278,"Jamaica Center-Parsons/Archer (E,J,Z)",Queens,40.70215,-73.80111,2460.0,1053.4817,1,20.0,1,8,0,0
2025-05-05 08:00:00,279,"Sutphin Blvd-Archer Av-JFK Airport (E,J,Z)",Queens,40.700485,-73.80797,2049.0,837.8855,1,37.0,1,8,0,0
2025-05-05 08:00:00,280,Jamaica-Van Wyck (E),Queens,40.702564,-73.81686,348.0,211.0331,1,22.0,1,8,0,0
2025-05-05 08:00:00,282,21 St (G),Queens,40.744064,-73.94972,87.0,115.7286,1,16.0,1,8,0,0
2025-05-05 08:00:00,283,Greenpoint Av (G),Brooklyn,40.731354,-73.95445,834.0,367.738,1,15.0,1,8,0,0
2025-05-05 08:00:00,284,Nassau Av (G),Brooklyn,40.724636,-73.95128,943.0,386.5364,1,15.0,1,8,0,0
2025-05-05 08:00:00,286,Broadway (G),Brooklyn,40.706093,-73.95031,401.0,320.3574,1,16.0,1,8,0,0
2025-05-05 08:00:00,287,Flushing Av (G),Brooklyn,40.70038,-73.95023,203.0,293.6282,1,15.0,1,8,0,0
2025-05-05 08:00:00,288,Myrtle-Willoughby Avs (G),Brooklyn,40.69457,-73.94904,643.0,152.5952,1,15.0,1,8,0,0
2025-05-05 08:00:00,289,Bedford-Nostrand Avs (G),Brooklyn,40.68963,-73.95352,1100.0,214.6301,1,17.0,1,8,0,0
2025-05-05 08:00:00,290,Classon Av (G),Brooklyn,40.688873,-73.96007,650.0,151.3864,1,17.0,1,8,0,0
2025-05-05 08:00:00,291,Clinton-Washington Avs (G),Brooklyn,40.688087,-73.96684,587.0,254.9587,1,16.0,1,8,0,0
2025-05-05 08:00:00,292,Fulton St (G),Brooklyn,40.68712,-73.97537,313.0,467.4053,1,15.0,1,8,0,0
2025-05-05 08:00:00,293,Van Cortlandt Park-242 St (1),Bronx,40.889248,-73.89858,574.0,134.3838,1,10.0,1,8,0,0
2025-05-05 08:00:00,294,238 St (1),Bronx,40.884666,-73.90087,465.0,98.8703,1,20.0,1,8,0,0
2025-05-05 08:00:00,295,231 St (1),Bronx,40.878857,-73.90483,886.0,265.9219,1,19.0,1,8,0,0
2025-05-05 08:00:00,296,Marble Hill-225 St (1),Manhattan,40.87456,-73.90983,406.0,165.2644,1,20.0,1,8,0,0
2025-05-05 08:00:00,297,215 St (1),Manhattan,40.869446,-73.915276,150.0,96.6174,1,20.0,1,8,0,0
2025-05-05 08:00:00,298,207 St (1),Manhattan,40.86462,-73.91882,469.0,224.0472,1,20.0,1,8,0,0
2025-05-05 08:00:00,299,Dyckman St (1),Manhattan,40.86053,-73.92554,679.0,208.8187,1,21.0,1,8,0,0
2025-05-05 08:00:00,300,191 St (1),Manhattan,40.855225,-73.92941,658.0,208.1754,1,21.0,1,8,0,0
2025-05-05 08:00:00,301,181 St (1),Manhattan,40.849506,-73.93359,889.0,382.2108,1,21.0,1,8,0,0
2025-05-05 08:00:00,303,157 St (1),Manhattan,40.83404,-73.94489,894.0,288.6587,1,22.0,1,8,0,0
2025-05-05 08:00:00,304,145 St (1),Manhattan,40.82655,-73.95036,779.0,205.4119,1,21.0,1,8,0,0
2025-05-05 08:00:00,305,137 St-City College (1),Manhattan,40.822006,-73.953674,928.0,480.1607,1,28.0,1,8,0,0
2025-05-05 08:00:00,306,125 St (1),Manhattan,40.815582,-73.958374,520.0,431.8198,1,31.0,1,8,0,0
2025-05-05 08:00:00,307,116 St-Columbia University (1),Manhattan,40.80772,-73.96411,351.0,931.2156,1,31.0,1,8,0,0
2025-05-05 08:00:00,308,Cathedral Pkwy (110 St) (1),Manhattan,40.803967,-73.96685,951.0,511.1244,1,31.0,1,8,0,0
2025-05-05 08:00:00,309,103 St (1),Manhattan,40.799446,-73.968376,1149.0,461.8844,1,31.0,1,8,0,0
2025-05-05 08:00:00,310,"96 St (1,2,3)",Manhattan,40.79392,-73.97232,3455.0,1479.5872,1,68.0,1,8,0,0
2025-05-05 08:00:00,311,86 St (1),Manhattan,40.788643,-73.97622,1488.0,947.5383,1,30.0,1,8,0,0
2025-05-05 08:00:00,312,79 St (1),Manhattan,40.783936,-73.97992,1067.0,718.7868,1,30.0,1,8,0,0
2025-05-05 08:00:00,313,"72 St (1,2,3)",Manhattan,40.778454,-73.98197,3061.0,1907.4073,1,69.0,1,8,0,0
2025-05-05 08:00:00,314,66 St-Lincoln Center (1),Manhattan,40.77344,-73.98221,1054.0,1202.7172,1,30.0,1,8,0,0
2025-05-05 08:00:00,316,50 St (1),Manhattan,40.761726,-73.98385,819.0,2206.5181,1,31.0,1,8,0,0
2025-05-05 08:00:00,318,"34 St-Penn Station (1,2,3)",Manhattan,40.750374,-73.99106,6530.0,3288.8732,1,70.0,1,8,0,0
2025-05-05 08:00:00,319,28 St (1),Manhattan,40.747215,-73.99336,622.0,1157.8781,1,31.0,1,8,0,0
2025-05-05 08:00:00,320,23 St (1),Manhattan,40.74408,-73.99566,586.0,891.0072,1,32.0,1,8,0,0
2025-05-05 08:00:00,321,18 St (1),Manhattan,40.74104,-73.99787,362.0,663.1484,1,31.0,1,8,0,0
2025-05-05 08:00:00,323,Christopher St-Stonewall (1),Manhattan,40.73342,-74.00291,645.0,472.3702,1,33.0,1,8,0,0
2025-05-05 08:00:00,324,Houston St (1),Manhattan,40.728252,-74.00536,385.0,1998.7076,1,32.0,1,8,0,0
2025-05-05 08:00:00,325,Canal St (1),Manhattan,40.722855,-74.00628,129.0,471.0094,1,32.0,1,8,0,0
2025-05-05 08:00:00,326,Franklin St (1),Manhattan,40.71932,-74.00689,270.0,605.1942,1,32.0,1,8,0,0
2025-05-05 08:00:00,327,"Chambers St (1,2,3)",Manhattan,40.715477,-74.00927,708.0,2081.6913,1,69.0,1,8,0,0
2025-05-05 08:00:00,328,WTC Cortlandt (1),Manhattan,40.711834,-74.01219,1083.0,1490.9965,1,31.0,1,8,0,0
2025-05-05 08:00:00,329,Rector St (1),Manhattan,40.70751,-74.01379,601.0,515.4458999999999,1,32.0,1,8,0,0
2025-05-05 08:00:00,333,"Wall St (2,3)",Manhattan,40.70682,-74.0091,829.0,2077.259,1,38.0,1,8,0,0
2025-05-05 08:00:00,334,"Clark St (2,3)",Brooklyn,40.697468,-73.99309,626.0,279.0727,1,39.0,1,8,0,0
2025-05-05 08:00:00,336,"Hoyt St (2,3)",Brooklyn,40.690544,-73.98506,323.0,541.4942,1,37.0,1,8,0,0
2025-05-05 08:00:00,337,"Nevins St (2,3,4,5)",Brooklyn,40.688248,-73.98049,669.0,539.2227,1,84.0,1,8,0,0
2025-05-05 08:00:00,339,"Bergen St (2,3)",Brooklyn,40.68083,-73.9751,578.0,153.6496,1,38.0,1,8,0,0
2025-05-05 08:00:00,340,"Grand Army Plaza (2,3)",Brooklyn,40.675236,-73.97105,875.0,317.05580000000003,1,37.0,1,8,0,0
2025-05-05 08:00:00,341,"Eastern Pkwy-Brooklyn Museum (2,3)",Brooklyn,40.671986,-73.96438,460.0,156.5522,1,38.0,1,8,0,0
2025-05-05 08:00:00,343,Nostrand Av (3),Brooklyn,40.669846,-73.95046,324.0,135.4271,1,18.0,1,8,0,0
2025-05-05 08:00:00,344,Kingston Av (3),Brooklyn,40.6694,-73.94216,390.0,193.2592,1,18.0,1,8,0,0
2025-05-05 08:00:00,345,"Crown Hts-Utica Av (3,4)",Brooklyn,40.668896,-73.932945,2725.0,626.0926,1,30.0,1,8,0,0
2025-05-05 08:00:00,346,Sutter Av-Rutland Rd (3),Brooklyn,40.66472,-73.92261,651.0,165.128,1,18.0,1,8,0,0
2025-05-05 08:00:00,347,Saratoga Av (3),Brooklyn,40.661453,-73.91633,500.0,108.6016,1,18.0,1,8,0,0
2025-05-05 08:00:00,348,Rockaway Av (3),Brooklyn,40.662548,-73.90894,451.0,159.5585,1,17.0,1,8,0,0
2025-05-05 08:00:00,349,Junius St (3),Brooklyn,40.663513,-73.90245,198.0,131.3876,1,17.0,1,8,0,0
2025-05-05 08:00:00,350,Pennsylvania Av (3),Brooklyn,40.664635,-73.8949,298.0,153.9133,1,18.0,1,8,0,0
2025-05-05 08:00:00,351,Van Siclen Av (3),Brooklyn,40.665447,-73.8894,205.0,59.8278,1,18.0,1,8,0,0
2025-05-05 08:00:00,352,New Lots Av (3),Brooklyn,40.666237,-73.88408,496.0,146.0235,1,8.0,1,8,0,0
2025-05-05 08:00:00,353,"President St-Medgar Evers College (2,5)",Brooklyn,40.667885,-73.95068,398.0,130.9189,1,36.0,1,8,0,0
2025-05-05 08:00:00,354,"Sterling St (2,5)",Brooklyn,40.662743,-73.95085,664.0,146.6231,1,36.0,1,8,0,0
2025-05-05 08:00:00,355,"Winthrop St (2,5)",Brooklyn,40.65665,-73.9502,729.0,365.1426,1,37.0,1,8,0,0
2025-05-05 08:00:00,356,"Church Av (2,5)",Brooklyn,40.650845,-73.94958,988.0,227.8497,1,34.0,1,8,0,0
2025-05-05 08:00:00,357,"Beverly Rd (2,5)",Brooklyn,40.6451,-73.94896,531.0,87.2738,1,36.0,1,8,0,0
2025-05-05 08:00:00,358,"Newkirk Av-Little Haiti (2,5)",Brooklyn,40.63997,-73.94841,798.0,166.974,1,37.0,1,8,0,0
2025-05-05 08:00:00,359,"Flatbush Av-Brooklyn College (2,5)",Brooklyn,40.632835,-73.94764,1922.0,649.2176,1,19.0,1,8,0,0
2025-05-05 08:00:00,360,Pelham Bay Park (6),Bronx,40.852463,-73.82812,521.0,179.228,1,8.0,1,8,0,0
2025-05-05 08:00:00,361,Buhre Av (6),Bronx,40.84681,-73.832565,378.0,69.8429,1,16.0,1,8,0,0
2025-05-05 08:00:00,362,Middletown Rd (6),Bronx,40.843864,-73.83632,214.0,52.3093,1,15.0,1,8,0,0
2025-05-05 08:00:00,363,Westchester Sq-E Tremont Av (6),Bronx,40.839893,-73.84295,252.0,251.3956,1,15.0,1,8,0,0
2025-05-05 08:00:00,364,Zerega Av (6),Bronx,40.836487,-73.84704,239.0,52.9008,1,15.0,1,8,0,0
2025-05-05 08:00:00,365,Castle Hill Av (6),Bronx,40.834255,-73.85122,582.0,126.925,1,15.0,1,8,0,0
2025-05-05 08:00:00,366,Parkchester (6),Bronx,40.833225,-73.86082,1336.0,237.5761,1,23.0,1,8,0,0
2025-05-05 08:00:00,367,St Lawrence Av (6),Bronx,40.83151,-73.867615,446.0,63.9577,1,22.0,1,8,0,0
2025-05-05 08:00:00,368,Morrison Av-Soundview (6),Bronx,40.82952,-73.87452,513.0,125.3474,1,21.0,1,8,0,0
2025-05-05 08:00:00,369,Elder Av (6),Bronx,40.828583,-73.87916,473.0,142.7602,1,21.0,1,8,0,0
2025-05-05 08:00:00,370,Whitlock Av (6),Bronx,40.826527,-73.886284,173.0,66.9445,1,21.0,1,8,0,0
2025-05-05 08:00:00,371,Hunts Point Av (6),Bronx,40.82095,-73.89055,855.0,341.6848,1,29.0,1,8,0,0
2025-05-05 08:00:00,372,Longwood Av (6),Bronx,40.816105,-73.89644,223.0,138.299,1,21.0,1,8,0,0
2025-05-05 08:00:00,373,E 149 St (6),Bronx,40.81212,-73.9041,412.0,173.7814,1,22.0,1,8,0,0
2025-05-05 08:00:00,374,E 143 St-St Mary's St (6),Bronx,40.80872,-73.90765,117.0,167.1506,1,22.0,1,8,0,0
2025-05-05 08:00:00,375,Cypress Av (6),Bronx,40.805367,-73.91404,207.0,117.6423,1,22.0,1,8,0,0
2025-05-05 08:00:00,376,Brook Av (6),Bronx,40.807568,-73.91924,459.0,196.6814,1,23.0,1,8,0,0
2025-05-05 08:00:00,377,3 Av-138 St (6),Bronx,40.810474,-73.92614,699.0,265.9049,1,34.0,1,8,0,0
2025-05-05 08:00:00,378,Woodlawn (4),Bronx,40.886036,-73.87875,496.0,177.0475,1,11.0,1,8,0,0
2025-05-05 08:00:00,379,Mosholu Pkwy (4),Bronx,40.87975,-73.88466,428.0,337.7285,1,21.0,1,8,0,0
2025-05-05 08:00:00,380,Bedford Park Blvd-Lehman College (4),Bronx,40.873413,-73.89006,335.0,198.7914,1,21.0,1,8,0,0
2025-05-05 08:00:00,381,Kingsbridge Rd (4),Bronx,40.86776,-73.89717,739.0,314.7741,1,22.0,1,8,0,0
2025-05-05 08:00:00,382,Fordham Rd (4),Bronx,40.862804,-73.90103,715.0,308.3226,1,22.0,1,8,0,0
2025-05-05 08:00:00,383,183 St (4),Bronx,40.858406,-73.90388,503.0,127.9405,1,22.0,1,8,0,0
2025-05-05 08:00:00,384,Burnside Av (4),Bronx,40.853455,-73.907684,714.0,296.0203,1,22.0,1,8,0,0
2025-05-05 08:00:00,385,176 St (4),Bronx,40.84848,-73.9118,466.0,198.1378,1,21.0,1,8,0,0
2025-05-05 08:00:00,386,Mt Eden Av (4),Bronx,40.844433,-73.91469,415.0,137.8361,1,21.0,1,8,0,0
2025-05-05 08:00:00,387,170 St (4),Bronx,40.840076,-73.91779,640.0,242.1864,1,21.0,1,8,0,0
2025-05-05 08:00:00,388,167 St (4),Bronx,40.835537,-73.9214,874.0,258.9374,1,26.0,1,8,0,0
2025-05-05 08:00:00,391,"138 St-Grand Concourse (4,5)",Bronx,40.813225,-73.92985,304.0,154.1467,1,33.0,1,8,0,0
2025-05-05 08:00:00,392,"125 St (4,5,6)",Manhattan,40.80414,-73.93759,1866.0,1323.5361,1,82.0,1,8,0,0
2025-05-05 08:00:00,393,116 St (6),Manhattan,40.79863,-73.94162,1088.0,667.0973,1,35.0,1,8,0,0
2025-05-05 08:00:00,394,110 St (6),Manhattan,40.79502,-73.94425,1108.0,391.1685,1,36.0,1,8,0,0
2025-05-05 08:00:00,395,103 St (6),Manhattan,40.7906,-73.94748,909.0,912.6271,1,36.0,1,8,0,0
2025-05-05 08:00:00,396,96 St (6),Manhattan,40.78567,-73.95107,1258.0,1382.637,1,36.0,1,8,0,0
2025-05-05 08:00:00,397,"86 St (4,5,6)",Manhattan,40.77949,-73.95559,3268.0,2922.8283,1,86.0,1,8,0,0
2025-05-05 08:00:00,398,77 St (6),Manhattan,40.77362,-73.95988,1801.0,2094.4867,1,37.0,1,8,0,0
2025-05-05 08:00:00,399,68 St-Hunter College (6),Manhattan,40.768143,-73.96387,809.0,2439.1013,1,37.0,1,8,0,0
2025-05-05 08:00:00,403,33 St (6),Manhattan,40.746082,-73.98208,1505.0,2198.6305,1,36.0,1,8,0,0
2025-05-05 08:00:00,404,28 St (6),Manhattan,40.74307,-73.98426,1064.0,1483.0531,1,35.0,1,8,0,0
2025-05-05 08:00:00,405,23 St-Baruch College (6),Manhattan,40.739864,-73.9866,1389.0,2129.811,1,37.0,1,8,0,0
2025-05-05 08:00:00,407,Astor Pl (6),Manhattan,40.730053,-73.99107,1026.0,831.6254,1,38.0,1,8,0,0
2025-05-05 08:00:00,409,Spring St (6),Manhattan,40.7223,-73.99714,451.0,670.0231,1,38.0,1,8,0,0
2025-05-05 08:00:00,413,"Wall St (4,5)",Manhattan,40.707558,-74.01186,1036.0,1732.1343,1,50.0,1,8,0,0
2025-05-05 08:00:00,414,"Bowling Green (4,5)",Manhattan,40.70482,-74.01407,1198.0,2376.0783,1,46.0,1,8,0,0
2025-05-05 08:00:00,416,Wakefield-241 St (2),Bronx,40.903126,-73.85062,252.0,130.606,1,9.0,1,8,0,0
2025-05-05 08:00:00,417,"Nereid Av (2,5)",Bronx,40.89838,-73.85438,213.0,87.4743,1,17.0,1,8,0,0
2025-05-05 08:00:00,418,"233 St (2,5)",Bronx,40.893192,-73.857475,265.0,126.2233,1,17.0,1,8,0,0
2025-05-05 08:00:00,419,"225 St (2,5)",Bronx,40.888023,-73.860344,243.0,80.3035,1,19.0,1,8,0,0
2025-05-05 08:00:00,420,"219 St (2,5)",Bronx,40.883896,-73.86263,201.0,66.26259999999999,1,18.0,1,8,0,0
2025-05-05 08:00:00,421,"Gun Hill Rd (2,5)",Bronx,40.87785,-73.86626,424.0,218.8099,1,18.0,1,8,0,0
2025-05-05 08:00:00,422,"Burke Av (2,5)",Bronx,40.871357,-73.867165,216.0,76.6461,1,18.0,1,8,0,0
2025-05-05 08:00:00,423,"Allerton Av (2,5)",Bronx,40.865463,-73.867355,346.0,125.272,1,19.0,1,8,0,0
2025-05-05 08:00:00,424,"Pelham Pkwy (2,5)",Bronx,40.857193,-73.867615,556.0,276.433,1,19.0,1,8,0,0
2025-05-05 08:00:00,425,"Bronx Park East (2,5)",Bronx,40.848827,-73.868454,232.0,61.5452,1,19.0,1,8,0,0
2025-05-05 08:00:00,426,"E 180 St (2,5)",Bronx,40.841892,-73.87349,720.0,213.7385,1,35.0,1,8,0,0
2025-05-05 08:00:00,427,"West Farms Sq-E Tremont Av (2,5)",Bronx,40.840294,-73.88005,407.0,216.6546,1,26.0,1,8,0,0
2025-05-05 08:00:00,428,"174 St (2,5)",Bronx,40.837288,-73.88773,495.0,308.6451,1,24.0,1,8,0,0
2025-05-05 08:00:00,429,"Freeman St (2,5)",Bronx,40.829994,-73.89187,377.0,128.8852,1,26.0,1,8,0,0
2025-05-05 08:00:00,430,"Simpson St (2,5)",Bronx,40.824074,-73.89307,548.0,377.3324,1,25.0,1,8,0,0
2025-05-05 08:00:00,431,"Intervale Av (2,5)",Bronx,40.82218,-73.896736,219.0,125.4424,1,26.0,1,8,0,0
2025-05-05 08:00:00,432,"Prospect Av (2,5)",Bronx,40.819584,-73.90177,436.0,251.0766,1,27.0,1,8,0,0
2025-05-05 08:00:00,433,"Jackson Av (2,5)",Bronx,40.81649,-73.90781,413.0,249.7527,1,28.0,1,8,0,0
2025-05-05 08:00:00,434,"3 Av-149 St (2,5)",Bronx,40.81611,-73.917755,1197.0,939.1349,1,38.0,1,8,0,0
2025-05-05 08:00:00,436,Harlem-148 St (3),Manhattan,40.82388,-73.93647,304.0,73.323,1,7.0,1,8,0,0
2025-05-05 08:00:00,437,145 St (3),Manhattan,40.82042,-73.93625,281.0,64.2174,1,17.0,1,8,0,0
2025-05-05 08:00:00,438,"135 St (2,3)",Manhattan,40.814228,-73.94077,907.0,497.3022,1,35.0,1,8,0,0
2025-05-05 08:00:00,439,"125 St (2,3)",Manhattan,40.807755,-73.945496,828.0,732.7513,1,37.0,1,8,0,0
2025-05-05 08:00:00,440,"116 St (2,3)",Manhattan,40.802097,-73.94962,885.0,339.2198,1,37.0,1,8,0,0
2025-05-05 08:00:00,441,"110 St-Malcolm X Plaza (2,3)",Manhattan,40.799076,-73.95182,783.0,277.2293,1,37.0,1,8,0,0
2025-05-05 08:00:00,442,Eastchester-Dyre Av (5),Bronx,40.8883,-73.83083,324.0,109.3922,1,8.0,1,8,0,0
2025-05-05 08:00:00,443,Baychester Av (5),Bronx,40.878662,-73.83859,254.0,78.7861,1,13.0,1,8,0,0
2025-05-05 08:00:00,444,Gun Hill Rd (5),Bronx,40.869526,-73.84638,434.0,123.9846,1,13.0,1,8,0,0
2025-05-05 08:00:00,445,Pelham Pkwy (5),Bronx,40.858986,-73.85536,298.0,111.3603,1,13.0,1,8,0,0
2025-05-05 08:00:00,446,Morris Park (5),Bronx,40.854362,-73.8605,349.0,46.9559,1,13.0,1,8,0,0
2025-05-05 08:00:00,447,Flushing-Main St (7),Queens,40.7596,-73.83003,5192.0,2190.6689,1,20.0,1,8,0,0
2025-05-05 08:00:00,448,Mets-Willets Point (7),Queens,40.754623,-73.84563,158.0,276.6864,1,43.0,1,8,0,0
2025-05-05 08:00:00,449,111 St (7),Queens,40.75173,-73.85533,1344.0,160.4684,1,37.0,1,8,0,0
2025-05-05 08:00:00,450,103 St-Corona Plaza (7),Queens,40.749866,-73.8627,2234.0,328.46930000000003,1,39.0,1,8,0,0
2025-05-05 08:00:00,451,Junction Blvd (7),Queens,40.749146,-73.86953,2628.0,461.902,1,52.0,1,8,0,0
2025-05-05 08:00:00,452,90 St-Elmhurst Av (7),Queens,40.74841,-73.87661,1718.0,370.4688,1,38.0,1,8,0,0
2025-05-05 08:00:00,453,82 St-Jackson Hts (7),Queens,40.747658,-73.8837,1083.0,465.5027,1,39.0,1,8,0,0
2025-05-05 08:00:00,455,69 St (7),Queens,40.746326,-73.8964,757.0,136.9154,1,53.0,1,8,0,0
2025-05-05 08:00:00,456,61 St-Woodside (7),Queens,40.74563,-73.902985,1687.0,368.0822,1,52.0,1,8,0,0
2025-05-05 08:00:00,457,52 St (7),Queens,40.74415,-73.91255,919.0,173.4356,1,54.0,1,8,0,0
2025-05-05 08:00:00,458,46 St-Bliss St (7),Queens,40.743134,-73.918434,1444.0,343.9931,1,55.0,1,8,0,0
2025-05-05 08:00:00,459,40 St-Lowery St (7),Queens,40.743782,-73.92402,1174.0,488.9314,1,56.0,1,8,0,0
2025-05-05 08:00:00,460,33 St-Rawson St (7),Queens,40.744587,-73.931,181.0,1481.6526,1,58.0,1,8,0,0
2025-05-05 08:00:00,461,"Queensboro Plaza (7,N,W)",Queens,40.750584,-73.9402,1056.0,729.7456,1,52.0,1,8,0,0
2025-05-05 08:00:00,463,Hunters Point Av (7),Queens,40.742214,-73.94891,382.0,392.0298,1,55.0,1,8,0,0
2025-05-05 08:00:00,464,Vernon Blvd-Jackson Av (7),Queens,40.742626,-73.95358,2455.0,610.1859,1,55.0,1,8,0,0
2025-05-05 08:00:00,471,34 St-Hudson Yards (7),Manhattan,40.755882,-74.00191,773.0,2926.5488,1,28.0,1,8,0,0
2025-05-05 08:00:00,475,96 St (Q),Manhattan,40.784317,-73.94715,1966.0,796.3384,1,11.0,1,8,0,0
2025-05-05 08:00:00,476,86 St (Q),Manhattan,40.77789,-73.95179,3116.0,922.4401,1,22.0,1,8,0,0
2025-05-05 08:00:00,477,72 St (Q),Manhattan,40.7688,-73.95843,2417.0,2310.7903,1,21.0,1,8,0,0
2025-05-05 08:00:00,501,St George (SIR),Staten Island,40.64375,-74.07365,763.0,,0,5.0,1,8,0,0
2025-05-05 08:00:00,502,Tompkinsville (SIR),Staten Island,40.636948,-74.07484,48.0,,0,7.0,1,8,0,0
2025-05-05 08:00:00,601,"14 St/6 Av (1,2,3,L,F,M)",Manhattan,40.737797,-73.997734,2028.0,2815.0793,1,146.0,1,8,0,0
2025-05-05 08:00:00,602,"14 St-Union Sq (4,5,6,L,N,Q,R,W)",Manhattan,40.735065,-73.99042,3389.0,7289.0118,1,153.0,1,8,0,0
2025-05-05 08:00:00,603,"149 St-Grand Concourse (2,4,5)",Bronx,40.818394,-73.92703,628.0,699.3765999999999,1,25.0,1,8,0,0
2025-05-05 08:00:00,604,"161 St-Yankee Stadium (4,B,D)",Bronx,40.82795,-73.92574,1489.0,1160.0041,1,49.0,1,8,0,0
2025-05-05 08:00:00,605,"168 St-Washington Hts (1,A,C)",Manhattan,40.840637,-73.93985,1208.0,1633.825,1,50.0,1,8,0,0
2025-05-05 08:00:00,606,"Court Sq-23 St (7,E,F,G)",Queens,40.747143,-73.94503,1875.0,1717.4686,1,102.0,1,8,0,0
2025-05-05 08:00:00,607,"34 St-Herald Sq (B,D,F,M,N,Q,R,W)",Manhattan,40.74964,-73.987885,4506.0,8052.1676,1,142.0,1,8,0,0
2025-05-05 08:00:00,608,"4 Av-9 St (F,G,R)",Brooklyn,40.67056,-73.989044,1220.0,636.4056,1,55.0,1,8,0,0
2025-05-05 08:00:00,609,"42 St-Bryant Pk/5 Av (7,B,D,F,M)",Manhattan,40.75402,-73.98327,723.0,6336.2507,1,127.0,1,8,0,0
2025-05-05 08:00:00,610,"Grand Central-42 St (4,5,6,7,S)",Manhattan,40.75199,-73.977356,10611.0,13772.3179,1,157.0,1,8,0,0
2025-05-05 08:00:00,611,"Times Sq-42 St/Port Authority Bus Terminal (1,2,3,7,A,C,E,N,Q,R,W,S)",Manhattan,40.755745,-73.98758,13174.0,10470.0124,1,215.0,1,8,0,0
2025-05-05 08:00:00,612,"Lexington Av/51-53 Sts (6,E,F)",Manhattan,40.757328,-73.97049,1859.0,6716.8346,1,75.0,1,8,0,0
2025-05-05 08:00:00,613,"Lexington Av/59 St (4,5,6,N,R,W)",Manhattan,40.762592,-73.96761,1639.0,5053.9559,1,133.0,1,8,0,0
2025-05-05 08:00:00,614,"59 St-Columbus Circle (1,A,C,B,D)",Manhattan,40.768272,-73.981834,2522.0,5400.2674,1,97.0,1,8,0,0
2025-05-05 08:00:00,615,"62 St/New Utrecht Av (D,N)",Brooklyn,40.625656,-73.99663,504.0,303.1813,1,30.0,1,8,0,0
2025-05-05 08:00:00,616,"Jackson Hts-Roosevelt Av/74 St-Broadway (7,E,F,M,R)",Queens,40.746746,-73.891365,5069.0,1407.0537,1,126.0,1,8,0,0
2025-05-05 08:00:00,617,"Atlantic Av-Barclays Ctr (2,3,4,5,B,D,N,Q,R)",Brooklyn,40.684162,-73.97779,3549.0,2262.5811,1,168.0,1,8,0,0
2025-05-05 08:00:00,618,"14 St/8 Av (A,C,E,L)",Manhattan,40.740334,-74.00214,1326.0,3253.4721,1,80.0,1,8,0,0
2025-05-05 08:00:00,619,"Broadway-Lafayette St/Bleecker St (6,B,D,F,M)",Manhattan,40.725605,-73.99543,1412.0,2559.3696,1,107.0,1,8,0,0
2025-05-05 08:00:00,620,"Borough Hall/Court St (2,3,4,5,R)",Brooklyn,40.69324,-73.99064,2057.0,2638.5269,1,102.0,1,8,0,0
2025-05-05 08:00:00,621,"Broadway Junction (A,C,J,Z,L)",Brooklyn,40.678898,-73.90436,650.0,244.5737,1,36.0,1,8,0,0
2025-05-05 08:00:00,622,"Brooklyn Bridge-City Hall/Chambers St (4,5,6,J,Z)",Manhattan,40.713154,-74.00377,1053.0,3067.3523,1,88.0,1,8,0,0
2025-05-05 08:00:00,623,"Canal St (6,J,Z,N,Q,R,W)",Manhattan,40.7187,-74.00058,853.0,3739.9991,1,87.0,1,8,0,0
2025-05-05 08:00:00,624,"Chambers St/WTC/Park Place/Cortlandt St (2,3,A,C,E,R,W)",Manhattan,40.712605,-74.00955,2295.0,6260.8831,1,120.0,1,8,0,0
2025-05-05 08:00:00,625,"Delancey St-Essex St (F,M,J,Z)",Manhattan,40.718464,-73.98778,1964.0,1531.703,1,62.0,1,8,0,0
2025-05-05 08:00:00,626,"Franklin Av-Medgar Evers College/Botanic Garden (2,3,4,5,S)",Brooklyn,40.670513,-73.95869,1783.0,711.0319000000001,1,94.0,1,8,0,0
2025-05-05 08:00:00,627,"Franklin Av (C,S)",Brooklyn,40.68099,-73.95634,501.0,188.1314,1,19.0,1,8,0,0
2025-05-05 08:00:00,628,"Fulton St (2,3,4,5,A,C,J,Z)",Manhattan,40.71009,-74.007835,4456.0,8223.7865,1,110.0,1,8,0,0
2025-05-05 08:00:00,629,"Metropolitan Av/Lorimer St (G,L)",Brooklyn,40.71343,-73.95084,1626.0,508.0945,1,54.0,1,8,0,0
2025-05-05 08:00:00,630,"Myrtle-Wyckoff Avs (M,L)",Brooklyn,40.699623,-73.91199,2295.0,515.5651,1,32.0,1,8,0,0
2025-05-05 08:00:00,635,"Whitehall St-South Ferry (1,R,W)",Manhattan,40.702576,-74.01333,1580.0,2179.0694,1,41.0,1,8,0,0
2025-05-05 08:00:00,636,"Jay St-MetroTech (A,C,F,R)",Brooklyn,40.69226,-73.98664,1479.0,3608.5798,1,78.0,1,8,0,0
2025-05-05 09:00:00,1,"Astoria-Ditmars Blvd (N,W)",Queens,40.775036,-73.91203,926.0,217.5693,1,14.0,1,9,0,0
2025-05-05 09:00:00,2,"Astoria Blvd (N,W)",Queens,40.77026,-73.91785,831.0,160.0668,1,29.0,1,9,0,0
2025-05-05 09:00:00,3,"30 Av (N,W)",Queens,40.76678,-73.92148,974.0,226.4939,1,29.0,1,9,0,0
2025-05-05 09:00:00,4,"Broadway (N,W)",Queens,40.76182,-73.92551,871.0,177.4786,1,28.0,1,9,0,0
2025-05-05 09:00:00,5,"36 Av (N,W)",Queens,40.756805,-73.92957,378.0,144.6748,1,27.0,1,9,0,0
2025-05-05 09:00:00,6,"39 Av-Dutch Kills (N,W)",Queens,40.75288,-73.932755,323.0,85.7254,1,28.0,1,9,0,0
2025-05-05 09:00:00,8,"5 Av/59 St (N,R,W)",Manhattan,40.764812,-73.97335,192.0,999.8066,1,44.0,1,9,0,0
2025-05-05 09:00:00,9,"57 St-7 Av (N,Q,R,W)",Manhattan,40.764664,-73.98066,963.0,2078.583,1,65.0,1,9,0,0
2025-05-05 09:00:00,10,"49 St (N,R,W)",Manhattan,40.7599,-73.98414,790.0,1168.0745,1,42.0,1,9,0,0
2025-05-05 09:00:00,13,"28 St (R,W)",Manhattan,40.745495,-73.98869,467.0,665.4752,1,32.0,1,9,0,0
2025-05-05 09:00:00,14,"23 St (R,W)",Manhattan,40.741302,-73.98934,541.0,1286.9833,1,31.0,1,9,0,0
2025-05-05 09:00:00,16,"8 St-NYU (R,W)",Manhattan,40.730328,-73.99263,529.0,832.6441,1,29.0,1,9,0,0
2025-05-05 09:00:00,17,"Prince St (R,W)",Manhattan,40.72433,-73.9977,229.0,769.8983,1,31.0,1,9,0,0
2025-05-05 09:00:00,20,"City Hall (R,W)",Manhattan,40.713284,-74.00698,137.0,331.8399,1,30.0,1,9,0,0
2025-05-05 09:00:00,22,"Rector St (R,W)",Manhattan,40.70722,-74.01334,276.0,247.172,1,29.0,1,9,0,0
2025-05-05 09:00:00,26,"DeKalb Av (B,Q,R)",Brooklyn,40.690636,-73.98183,1221.0,794.9257,1,47.0,1,9,0,0
2025-05-05 09:00:00,28,Union St (R),Brooklyn,40.677315,-73.98311,458.0,213.4418,1,17.0,1,9,0,0
2025-05-05 09:00:00,30,Prospect Av (R),Brooklyn,40.665413,-73.992874,410.0,123.4191,1,18.0,1,9,0,0
2025-05-05 09:00:00,31,25 St (R),Brooklyn,40.660397,-73.99809,201.0,88.6533,1,17.0,1,9,0,0
2025-05-05 09:00:00,32,"36 St (D,N,R)",Brooklyn,40.655144,-74.00355,666.0,611.0454,1,47.0,1,9,0,0
2025-05-05 09:00:00,33,45 St (R),Brooklyn,40.648937,-74.01001,402.0,152.3952,1,19.0,1,9,0,0
2025-05-05 09:00:00,34,53 St (R),Brooklyn,40.64507,-74.01403,543.0,180.5327,1,18.0,1,9,0,0
2025-05-05 09:00:00,35,"59 St (N,R)",Brooklyn,40.64136,-74.01788,796.0,268.4798,1,33.0,1,9,0,0
2025-05-05 09:00:00,36,Bay Ridge Av (R),Brooklyn,40.634968,-74.02338,420.0,134.403,1,15.0,1,9,0,0
2025-05-05 09:00:00,37,77 St (R),Brooklyn,40.62974,-74.02551,329.0,98.3395,1,17.0,1,9,0,0
2025-05-05 09:00:00,38,86 St (R),Brooklyn,40.62269,-74.0284,735.0,217.126,1,17.0,1,9,0,0
2025-05-05 09:00:00,39,Bay Ridge-95 St (R),Brooklyn,40.616623,-74.030876,292.0,94.3166,1,7.0,1,9,0,0
2025-05-05 09:00:00,41,"7 Av (B,Q)",Brooklyn,40.67705,-73.97237,685.0,237.3133,1,33.0,1,9,0,0
2025-05-05 09:00:00,42,"Prospect Park (B,Q,S)",Brooklyn,40.661613,-73.96225,637.0,230.252,1,38.0,1,9,0,0
2025-05-05 09:00:00,43,Parkside Av (Q),Brooklyn,40.655293,-73.961494,420.0,87.0448,1,18.0,1,9,0,0
2025-05-05 09:00:00,44,"Church Av (B,Q)",Brooklyn,40.650528,-73.96298,888.0,243.4743,1,32.0,1,9,0,0
2025-05-05 09:00:00,45,Beverley Rd (Q),Brooklyn,40.64403,-73.96449,264.0,60.1804,1,17.0,1,9,0,0
2025-05-05 09:00:00,46,Cortelyou Rd (Q),Brooklyn,40.640926,-73.96389,436.0,97.2841,1,17.0,1,9,0,0
2025-05-05 09:00:00,47,"Newkirk Plaza (B,Q)",Brooklyn,40.635082,-73.96279,676.0,156.9232,1,32.0,1,9,0,0
2025-05-05 09:00:00,48,Avenue H (Q),Brooklyn,40.62927,-73.96164,199.0,109.0852,1,18.0,1,9,0,0
2025-05-05 09:00:00,49,Avenue J (Q),Brooklyn,40.62504,-73.9608,358.0,169.6029,1,18.0,1,9,0,0
2025-05-05 09:00:00,50,Avenue M (Q),Brooklyn,40.61762,-73.9594,380.0,188.3881,1,18.0,1,9,0,0
2025-05-05 09:00:00,51,"Kings Hwy (B,Q)",Brooklyn,40.60867,-73.95773,1351.0,457.7415,1,30.0,1,9,0,0
2025-05-05 09:00:00,52,Avenue U (Q),Brooklyn,40.5993,-73.95593,444.0,170.2988,1,18.0,1,9,0,0
2025-05-05 09:00:00,53,Neck Rd (Q),Brooklyn,40.595245,-73.95516,279.0,80.4157,1,18.0,1,9,0,0
2025-05-05 09:00:00,54,"Sheepshead Bay (B,Q)",Brooklyn,40.586895,-73.954155,694.0,309.2602,1,30.0,1,9,0,0
2025-05-05 09:00:00,55,"Brighton Beach (B,Q)",Brooklyn,40.57762,-73.96137,526.0,374.6774,1,24.0,1,9,0,0
2025-05-05 09:00:00,56,Ocean Pkwy (Q),Brooklyn,40.576313,-73.9685,135.0,116.3595,1,17.0,1,9,0,0
2025-05-05 09:00:00,57,"W 8 St-NY Aquarium (F,Q)",Brooklyn,40.576126,-73.97594,121.0,155.9834,1,32.0,1,9,0,0
2025-05-05 09:00:00,58,"Coney Island-Stillwell Av (D,F,N,Q)",Brooklyn,40.577423,-73.98123,628.0,487.7068,1,28.0,1,9,0,0
2025-05-05 09:00:00,59,9 Av (D),Brooklyn,40.646294,-73.99432,428.0,109.0898,1,15.0,1,9,0,0
2025-05-05 09:00:00,60,Fort Hamilton Pkwy (D),Brooklyn,40.640915,-73.9943,244.0,134.299,1,16.0,1,9,0,0
2025-05-05 09:00:00,61,50 St (D),Brooklyn,40.63626,-73.99479,139.0,147.2715,1,16.0,1,9,0,0
2025-05-05 09:00:00,62,55 St (D),Brooklyn,40.631435,-73.995476,86.0,80.4382,1,16.0,1,9,0,0
2025-05-05 09:00:00,64,71 St (D),Brooklyn,40.61959,-73.99886,325.0,58.6661,1,17.0,1,9,0,0
2025-05-05 09:00:00,65,79 St (D),Brooklyn,40.613503,-74.00061,426.0,111.1137,1,15.0,1,9,0,0
2025-05-05 09:00:00,66,18 Av (D),Brooklyn,40.607952,-74.00174,384.0,116.1949,1,16.0,1,9,0,0
2025-05-05 09:00:00,67,20 Av (D),Brooklyn,40.604557,-73.99817,334.0,97.6719,1,16.0,1,9,0,0
2025-05-05 09:00:00,68,Bay Pkwy (D),Brooklyn,40.601875,-73.99373,418.0,173.624,1,16.0,1,9,0,0
2025-05-05 09:00:00,69,25 Av (D),Brooklyn,40.597706,-73.98683,250.0,82.07939999999999,1,16.0,1,9,0,0
2025-05-05 09:00:00,70,Bay 50 St (D),Brooklyn,40.58884,-73.983765,168.0,80.4834,1,16.0,1,9,0,0
2025-05-05 09:00:00,71,8 Av (N),Brooklyn,40.635063,-74.01172,671.0,668.396,1,16.0,1,9,0,0
2025-05-05 09:00:00,72,Fort Hamilton Pkwy (N),Brooklyn,40.631386,-74.00535,548.0,133.1586,1,16.0,1,9,0,0
2025-05-05 09:00:00,74,18 Av (N),Brooklyn,40.62067,-73.99042,331.0,112.89,1,16.0,1,9,0,0
2025-05-05 09:00:00,75,20 Av (N),Brooklyn,40.61741,-73.98502,273.0,114.8932,1,17.0,1,9,0,0
2025-05-05 09:00:00,76,Bay Pkwy (N),Brooklyn,40.611816,-73.98185,463.0,138.4376,1,17.0,1,9,0,0
2025-05-05 09:00:00,77,Kings Hwy (N),Brooklyn,40.603924,-73.980354,391.0,84.5022,1,15.0,1,9,0,0
2025-05-05 09:00:00,78,Avenue U (N),Brooklyn,40.597473,-73.97913,277.0,88.586,1,15.0,1,9,0,0
2025-05-05 09:00:00,79,86 St (N),Brooklyn,40.59272,-73.97823,148.0,63.5493,1,15.0,1,9,0,0
2025-05-05 09:00:00,80,"121 St (J,Z)",Queens,40.700493,-73.82829,128.0,52.8106,1,17.0,1,9,0,0
2025-05-05 09:00:00,81,111 St (J),Queens,40.69742,-73.83634,114.0,49.3212,1,18.0,1,9,0,0
2025-05-05 09:00:00,82,"104 St (J,Z)",Queens,40.69518,-73.84433,132.0,35.9331,1,17.0,1,9,0,0
2025-05-05 09:00:00,83,"Woodhaven Blvd (J,Z)",Queens,40.69388,-73.85158,298.0,78.897,1,17.0,1,9,0,0
2025-05-05 09:00:00,84,85 St-Forest Pkwy (J),Queens,40.692436,-73.86001,127.0,21.6134,1,17.0,1,9,0,0
2025-05-05 09:00:00,85,"75 St-Elderts Ln (J,Z)",Queens,40.691322,-73.86714,197.0,61.3321,1,17.0,1,9,0,0
2025-05-05 09:00:00,86,Cypress Hills (J),Brooklyn,40.68994,-73.87255,22.0,9.2809,1,18.0,1,9,0,0
2025-05-05 09:00:00,87,"Crescent St (J,Z)",Brooklyn,40.683193,-73.87379,204.0,70.4032,1,16.0,1,9,0,0
2025-05-05 09:00:00,88,"Norwood Av (J,Z)",Brooklyn,40.68141,-73.880035,122.0,43.0507,1,17.0,1,9,0,0
2025-05-05 09:00:00,89,Cleveland St (J),Brooklyn,40.679947,-73.884636,87.0,39.925,1,17.0,1,9,0,0
2025-05-05 09:00:00,90,"Van Siclen Av (J,Z)",Brooklyn,40.678024,-73.891685,156.0,39.8414,1,16.0,1,9,0,0
2025-05-05 09:00:00,91,"Alabama Av (J,Z)",Brooklyn,40.67699,-73.89865,62.0,60.4409,1,17.0,1,9,0,0
2025-05-05 09:00:00,93,"Chauncey St (J,Z)",Brooklyn,40.68289,-73.91045,172.0,44.1088,1,18.0,1,9,0,0
2025-05-05 09:00:00,94,Halsey St (J),Brooklyn,40.68637,-73.91656,440.0,70.2921,1,18.0,1,9,0,0
2025-05-05 09:00:00,95,"Gates Av (J,Z)",Brooklyn,40.68963,-73.92227,451.0,91.9597,1,17.0,1,9,0,0
2025-05-05 09:00:00,96,Kosciuszko St (J),Brooklyn,40.69334,-73.92882,451.0,82.7425,1,17.0,1,9,0,0
2025-05-05 09:00:00,97,"Myrtle Av (M,J,Z)",Brooklyn,40.69721,-73.93565,766.0,192.6724,1,34.0,1,9,0,0
2025-05-05 09:00:00,98,"Flushing Av (M,J)",Brooklyn,40.70026,-73.941124,396.0,314.1163,1,25.0,1,9,0,0
2025-05-05 09:00:00,99,"Lorimer St (M,J)",Brooklyn,40.70387,-73.94741,234.0,123.068,1,24.0,1,9,0,0
2025-05-05 09:00:00,100,"Hewes St (M,J)",Brooklyn,40.70687,-73.95343,151.0,71.2458,1,25.0,1,9,0,0
2025-05-05 09:00:00,101,"Marcy Av (M,J,Z)",Brooklyn,40.70836,-73.957756,686.0,391.5718,1,32.0,1,9,0,0
2025-05-05 09:00:00,103,"Bowery (J,Z)",Manhattan,40.72028,-73.99391,93.0,165.6596,1,16.0,1,9,0,0
2025-05-05 09:00:00,107,"Broad St (J,Z)",Manhattan,40.706474,-74.011055,90.0,337.9985,1,7.0,1,9,0,0
2025-05-05 09:00:00,108,Middle Village-Metropolitan Av (M),Queens,40.711395,-73.8896,192.0,59.7516,1,8.0,1,9,0,0
2025-05-05 09:00:00,109,Fresh Pond Rd (M),Queens,40.706184,-73.895874,350.0,63.8983,1,15.0,1,9,0,0
2025-05-05 09:00:00,110,Forest Av (M),Queens,40.704422,-73.903076,308.0,45.2572,1,16.0,1,9,0,0
2025-05-05 09:00:00,111,Seneca Av (M),Queens,40.702763,-73.90774,229.0,30.7165,1,16.0,1,9,0,0
2025-05-05 09:00:00,113,Knickerbocker Av (M),Brooklyn,40.698666,-73.91971,272.0,68.1804,1,15.0,1,9,0,0
2025-05-05 09:00:00,114,Central Av (M),Brooklyn,40.697857,-73.9274,275.0,39.5488,1,16.0,1,9,0,0
2025-05-05 09:00:00,118,3 Av (L),Manhattan,40.73285,-73.98612,137.0,336.8096,1,35.0,1,9,0,0
2025-05-05 09:00:00,119,1 Av (L),Manhattan,40.730953,-73.98163,1305.0,861.2981,1,35.0,1,9,0,0
2025-05-05 09:00:00,120,Bedford Av (L),Brooklyn,40.717304,-73.95687,2206.0,1073.0253,1,35.0,1,9,0,0
2025-05-05 09:00:00,122,Graham Av (L),Brooklyn,40.714565,-73.94405,712.0,172.4485,1,36.0,1,9,0,0
2025-05-05 09:00:00,123,Grand St (L),Brooklyn,40.711926,-73.94067,320.0,179.2459,1,34.0,1,9,0,0
2025-05-05 09:00:00,124,Montrose Av (L),Brooklyn,40.70774,-73.93985,445.0,139.3092,1,35.0,1,9,0,0
2025-05-05 09:00:00,125,Morgan Av (L),Brooklyn,40.706154,-73.93314,480.0,191.4113,1,35.0,1,9,0,0
2025-05-05 09:00:00,126,Jefferson St (L),Brooklyn,40.706608,-73.92291,500.0,198.8359,1,35.0,1,9,0,0
2025-05-05 09:00:00,127,DeKalb Av (L),Brooklyn,40.70381,-73.91843,924.0,197.5457,1,35.0,1,9,0,0
2025-05-05 09:00:00,129,Halsey St (L),Queens,40.695602,-73.90408,652.0,107.0112,1,29.0,1,9,0,0
2025-05-05 09:00:00,130,Wilson Av (L),Brooklyn,40.688763,-73.904045,306.0,68.1746,1,29.0,1,9,0,0
2025-05-05 09:00:00,131,Bushwick Av-Aberdeen St (L),Brooklyn,40.68283,-73.90525,133.0,38.7366,1,29.0,1,9,0,0
2025-05-05 09:00:00,133,Atlantic Av (L),Brooklyn,40.675346,-73.9031,123.0,48.3594,1,28.0,1,9,0,0
2025-05-05 09:00:00,134,Sutter Av (L),Brooklyn,40.66937,-73.90198,126.0,51.3433,1,28.0,1,9,0,0
2025-05-05 09:00:00,135,Livonia Av (L),Brooklyn,40.66404,-73.90057,156.0,72.3443,1,28.0,1,9,0,0
2025-05-05 09:00:00,136,New Lots Av (L),Brooklyn,40.658733,-73.89923,151.0,68.5155,1,28.0,1,9,0,0
2025-05-05 09:00:00,137,East 105 St (L),Brooklyn,40.650574,-73.89948,127.0,39.4839,1,28.0,1,9,0,0
2025-05-05 09:00:00,138,Canarsie-Rockaway Pkwy (L),Brooklyn,40.646652,-73.90185,133.0,159.3324,1,14.0,1,9,0,0
2025-05-05 09:00:00,141,Park Pl (S),Brooklyn,40.67477,-73.95763,92.0,34.8646,1,12.0,1,9,0,0
2025-05-05 09:00:00,143,Inwood-207 St (A),Manhattan,40.868073,-73.9199,478.0,149.212,1,10.0,1,9,0,0
2025-05-05 09:00:00,144,Dyckman St (A),Manhattan,40.86549,-73.92727,372.0,117.583,1,20.0,1,9,0,0
2025-05-05 09:00:00,145,190 St (A),Manhattan,40.85902,-73.93418,268.0,64.4312,1,24.0,1,9,0,0
2025-05-05 09:00:00,146,181 St (A),Manhattan,40.851696,-73.937965,624.0,141.9853,1,23.0,1,9,0,0
2025-05-05 09:00:00,147,175 St (A),Manhattan,40.84739,-73.939705,630.0,172.2407,1,24.0,1,9,0,0
2025-05-05 09:00:00,149,163 St-Amsterdam Av (C),Manhattan,40.836014,-73.939896,208.0,58.4641,1,15.0,1,9,0,0
2025-05-05 09:00:00,150,155 St (C),Manhattan,40.830517,-73.94151,125.0,39.9736,1,15.0,1,9,0,0
2025-05-05 09:00:00,151,"145 St (A,C,B,D)",Manhattan,40.824783,-73.944214,1143.0,619.5763,1,,0,9,0,0
2025-05-05 09:00:00,152,"135 St (C,B)",Manhattan,40.817894,-73.94765,262.0,162.5448,1,29.0,1,9,0,0
2025-05-05 09:00:00,153,"125 St (A,C,B,D)",Manhattan,40.811108,-73.95235,1234.0,918.1338,1,69.0,1,9,0,0
2025-05-05 09:00:00,154,"116 St (C,B)",Manhattan,40.805084,-73.95488,336.0,141.1976,1,30.0,1,9,0,0
2025-05-05 09:00:00,155,"Cathedral Pkwy (110 St) (C,B)",Manhattan,40.800602,-73.95816,473.0,174.3953,1,30.0,1,9,0,0
2025-05-05 09:00:00,156,"103 St (C,B)",Manhattan,40.796093,-73.96146,293.0,102.8822,1,28.0,1,9,0,0
2025-05-05 09:00:00,157,"96 St (C,B)",Manhattan,40.79164,-73.9647,501.0,362.448,1,29.0,1,9,0,0
2025-05-05 09:00:00,158,"86 St (C,B)",Manhattan,40.78587,-73.96892,538.0,449.2743,1,29.0,1,9,0,0
2025-05-05 09:00:00,159,"81 St-Museum of Natural History (C,B)",Manhattan,40.781433,-73.972145,363.0,848.2122,1,29.0,1,9,0,0
2025-05-05 09:00:00,160,"72 St (C,B)",Manhattan,40.775593,-73.97641,429.0,492.2645,1,30.0,1,9,0,0
2025-05-05 09:00:00,162,"50 St (C,E)",Manhattan,40.762455,-73.985985,722.0,817.5532,1,38.0,1,9,0,0
2025-05-05 09:00:00,164,"34 St-Penn Station (A,C,E)",Manhattan,40.75229,-73.99339,4162.0,3165.0085,1,62.0,1,9,0,0
2025-05-05 09:00:00,165,"23 St (C,E)",Manhattan,40.745907,-73.99804,924.0,1154.74,1,38.0,1,9,0,0
2025-05-05 09:00:00,167,"W 4 St-Wash Sq (A,C,E,B,D,F,M)",Manhattan,40.732338,-74.000496,1246.0,2001.9431,1,,0,9,0,0
2025-05-05 09:00:00,168,"Spring St (C,E)",Manhattan,40.726227,-74.00374,367.0,1107.6125,1,37.0,1,9,0,0
2025-05-05 09:00:00,169,"Canal St (A,C,E)",Manhattan,40.720825,-74.005226,351.0,1206.3247,1,58.0,1,9,0,0
2025-05-05 09:00:00,173,"High St (A,C)",Brooklyn,40.699337,-73.99053,376.0,541.8748,1,34.0,1,9,0,0
2025-05-05 09:00:00,175,"Hoyt-Schermerhorn Sts (A,C,G)",Brooklyn,40.688484,-73.985,552.0,481.7604,1,48.0,1,9,0,0
2025-05-05 09:00:00,176,Lafayette Av (C),Brooklyn,40.68611,-73.973946,256.0,171.3736,1,13.0,1,9,0,0
2025-05-05 09:00:00,177,Clinton-Washington Avs (C),Brooklyn,40.68326,-73.965836,619.0,184.9039,1,13.0,1,9,0,0
2025-05-05 09:00:00,179,"Nostrand Av (A,C)",Brooklyn,40.68044,-73.950424,1222.0,355.9194,1,33.0,1,9,0,0
2025-05-05 09:00:00,180,Kingston-Throop Avs (C),Brooklyn,40.67992,-73.94086,477.0,121.8419,1,12.0,1,9,0,0
2025-05-05 09:00:00,181,"Utica Av (A,C)",Brooklyn,40.679363,-73.93073,1029.0,255.3011,1,34.0,1,9,0,0
2025-05-05 09:00:00,182,Ralph Av (C),Brooklyn,40.67882,-73.920784,335.0,72.3469,1,13.0,1,9,0,0
2025-05-05 09:00:00,183,Rockaway Av (C),Brooklyn,40.67834,-73.91195,368.0,72.6187,1,13.0,1,9,0,0
2025-05-05 09:00:00,185,Liberty Av (C),Brooklyn,40.67454,-73.896545,127.0,64.6329,1,13.0,1,9,0,0
2025-05-05 09:00:00,186,Van Siclen Av (C),Brooklyn,40.67271,-73.89036,156.0,40.6302,1,13.0,1,9,0,0
2025-05-05 09:00:00,187,Shepherd Av (C),Brooklyn,40.67413,-73.88075,128.0,39.1023,1,13.0,1,9,0,0
2025-05-05 09:00:00,188,"Euclid Av (A,C)",Brooklyn,40.675377,-73.87211,644.0,154.7548,1,26.0,1,9,0,0
2025-05-05 09:00:00,189,Grant Av (A),Brooklyn,40.677044,-73.86505,318.0,62.3224,1,19.0,1,9,0,0
2025-05-05 09:00:00,190,80 St (A),Queens,40.67937,-73.85899,256.0,37.4999,1,18.0,1,9,0,0
2025-05-05 09:00:00,191,88 St (A),Queens,40.679844,-73.85147,151.0,24.6007,1,18.0,1,9,0,0
2025-05-05 09:00:00,192,Rockaway Blvd (A),Queens,40.680428,-73.84386,363.0,115.9126,1,18.0,1,9,0,0
2025-05-05 09:00:00,193,104 St (A),Queens,40.68171,-73.837685,79.0,21.1583,1,12.0,1,9,0,0
2025-05-05 09:00:00,194,111 St (A),Queens,40.68433,-73.83216,97.0,26.1895,1,11.0,1,9,0,0
2025-05-05 09:00:00,195,Ozone Park-Lefferts Blvd (A),Queens,40.68595,-73.8258,321.0,91.9639,1,5.0,1,9,0,0
2025-05-05 09:00:00,196,Aqueduct Racetrack (A),Queens,40.672096,-73.83592,17.0,33.186,1,3.0,1,9,0,0
2025-05-05 09:00:00,197,Aqueduct-N Conduit Av (A),Queens,40.668236,-73.83406,25.0,13.1458,1,7.0,1,9,0,0
2025-05-05 09:00:00,198,Howard Beach-JFK Airport (A),Queens,40.660477,-73.8303,366.0,134.8957,1,3.0,1,9,0,0
2025-05-05 09:00:00,210,Norwood-205 St (D),Bronx,40.87481,-73.87885,320.0,100.4517,1,8.0,1,9,0,0
2025-05-05 09:00:00,211,"Bedford Park Blvd (B,D)",Bronx,40.873245,-73.88714,291.0,111.2458,1,22.0,1,9,0,0
2025-05-05 09:00:00,212,"Kingsbridge Rd (B,D)",Bronx,40.866978,-73.89351,325.0,97.2514,1,26.0,1,9,0,0
2025-05-05 09:00:00,213,"Fordham Rd (B,D)",Bronx,40.861298,-73.89775,353.0,179.4096,1,29.0,1,9,0,0
2025-05-05 09:00:00,214,"182-183 Sts (B,D)",Bronx,40.856094,-73.90074,228.0,63.5272,1,25.0,1,9,0,0
2025-05-05 09:00:00,215,"Tremont Av (B,D)",Bronx,40.85041,-73.90523,399.0,113.0047,1,29.0,1,9,0,0
2025-05-05 09:00:00,216,"174-175 Sts (B,D)",Bronx,40.8459,-73.91013,172.0,82.0701,1,26.0,1,9,0,0
2025-05-05 09:00:00,217,"170 St (B,D)",Bronx,40.839306,-73.9134,331.0,82.1747,1,27.0,1,9,0,0
2025-05-05 09:00:00,218,"167 St (B,D)",Bronx,40.83377,-73.91844,382.0,127.5235,1,26.0,1,9,0,0
2025-05-05 09:00:00,220,"155 St (B,D)",Manhattan,40.830135,-73.93821,123.0,58.581,1,24.0,1,9,0,0
2025-05-05 09:00:00,221,21 St-Queensbridge (M),Queens,40.754204,-73.94283,811.0,268.0736,1,22.0,1,9,0,0
2025-05-05 09:00:00,222,Roosevelt Island (M),Manhattan,40.759144,-73.95326,547.0,226.2396,1,23.0,1,9,0,0
2025-05-05 09:00:00,223,"Lexington Av/63 St (M,Q)",Manhattan,40.76463,-73.96611,648.0,1075.3228,1,42.0,1,9,0,0
2025-05-05 09:00:00,224,57 St (M),Manhattan,40.763973,-73.97745,265.0,997.9004,1,22.0,1,9,0,0
2025-05-05 09:00:00,225,"47-50 Sts-Rockefeller Ctr (B,D,F,M)",Manhattan,40.758663,-73.98133,635.0,4570.1264,1,67.0,1,9,0,0
2025-05-05 09:00:00,228,"23 St (F,M)",Manhattan,40.742878,-73.99282,1162.0,1404.2086,1,38.0,1,9,0,0
2025-05-05 09:00:00,231,"Grand St (B,D)",Manhattan,40.718266,-73.99375,679.0,1622.2992,1,30.0,1,9,0,0
2025-05-05 09:00:00,232,2 Av (F),Manhattan,40.7234,-73.98994,631.0,551.5409,1,23.0,1,9,0,0
2025-05-05 09:00:00,234,East Broadway (F),Manhattan,40.713715,-73.99017,637.0,601.8263,1,23.0,1,9,0,0
2025-05-05 09:00:00,235,York St (F),Brooklyn,40.701397,-73.98675,482.0,826.3577,1,23.0,1,9,0,0
2025-05-05 09:00:00,236,"Bergen St (F,G)",Brooklyn,40.686146,-73.99086,624.0,339.1528,1,38.0,1,9,0,0
2025-05-05 09:00:00,237,"Carroll St (F,G)",Brooklyn,40.6803,-73.99505,804.0,286.6447,1,38.0,1,9,0,0
2025-05-05 09:00:00,238,"Smith-9 Sts (F,G)",Brooklyn,40.67358,-73.99596,240.0,129.3783,1,39.0,1,9,0,0
2025-05-05 09:00:00,240,"7 Av (F,G)",Brooklyn,40.66627,-73.98031,660.0,307.0637,1,37.0,1,9,0,0
2025-05-05 09:00:00,241,"15 St-Prospect Park (F,G)",Brooklyn,40.660366,-73.97949,322.0,116.5108,1,36.0,1,9,0,0
2025-05-05 09:00:00,242,"Fort Hamilton Pkwy (F,G)",Brooklyn,40.650784,-73.97578,414.0,91.2137,1,37.0,1,9,0,0
2025-05-05 09:00:00,243,"Church Av (F,G)",Brooklyn,40.64404,-73.979675,586.0,181.9077,1,29.0,1,9,0,0
2025-05-05 09:00:00,244,Ditmas Av (F),Brooklyn,40.63612,-73.97817,217.0,87.4262,1,22.0,1,9,0,0
2025-05-05 09:00:00,245,18 Av (F),Brooklyn,40.629753,-73.976974,174.0,89.1652,1,22.0,1,9,0,0
2025-05-05 09:00:00,246,Avenue I (F),Brooklyn,40.62532,-73.97613,84.0,52.1925,1,22.0,1,9,0,0
2025-05-05 09:00:00,247,Bay Pkwy (F),Brooklyn,40.62077,-73.975266,54.0,26.1869,1,20.0,1,9,0,0
2025-05-05 09:00:00,248,Avenue N (F),Brooklyn,40.61514,-73.9742,154.0,52.5753,1,22.0,1,9,0,0
2025-05-05 09:00:00,249,Avenue P (F),Brooklyn,40.608944,-73.97302,141.0,40.7944,1,22.0,1,9,0,0
2025-05-05 09:00:00,250,Kings Hwy (F),Brooklyn,40.603218,-73.97236,188.0,85.8759,1,16.0,1,9,0,0
2025-05-05 09:00:00,251,Avenue U (F),Brooklyn,40.59606,-73.97336,96.0,38.5936,1,13.0,1,9,0,0
2025-05-05 09:00:00,252,Avenue X (F),Brooklyn,40.58962,-73.97425,93.0,57.9228,1,14.0,1,9,0,0
2025-05-05 09:00:00,253,Neptune Av (F),Brooklyn,40.581013,-73.97457,57.0,39.4912,1,14.0,1,9,0,0
2025-05-05 09:00:00,254,Jamaica-179 St (F),Queens,40.712646,-73.78381,967.0,205.2993,1,10.0,1,9,0,0
2025-05-05 09:00:00,255,169 St (F),Queens,40.71047,-73.7936,395.0,151.8186,1,21.0,1,9,0,0
2025-05-05 09:00:00,256,Parsons Blvd (F),Queens,40.707565,-73.80333,353.0,112.3018,1,21.0,1,9,0,0
2025-05-05 09:00:00,257,Sutphin Blvd (F),Queens,40.70546,-73.81071,213.0,110.7354,1,21.0,1,9,0,0
2025-05-05 09:00:00,258,"Briarwood (E,F)",Queens,40.70918,-73.82057,301.0,62.2652,1,21.0,1,9,0,0
2025-05-05 09:00:00,259,"Kew Gardens-Union Tpke (E,F)",Queens,40.71444,-73.83101,1358.0,611.5628,1,42.0,1,9,0,0
2025-05-05 09:00:00,260,"75 Av (E,F)",Queens,40.71833,-73.837326,227.0,77.81139999999999,1,20.0,1,9,0,0
2025-05-05 09:00:00,261,"Forest Hills-71 Av (E,F,M,R)",Queens,40.72169,-73.84452,1590.0,602.9506,1,57.0,1,9,0,0
2025-05-05 09:00:00,262,"67 Av (M,R)",Queens,40.726524,-73.85272,496.0,170.0674,1,34.0,1,9,0,0
2025-05-05 09:00:00,263,"63 Dr-Rego Park (M,R)",Queens,40.729847,-73.8616,932.0,278.0814,1,33.0,1,9,0,0
2025-05-05 09:00:00,264,"Woodhaven Blvd (M,R)",Queens,40.733105,-73.86923,1033.0,354.9521,1,33.0,1,9,0,0
2025-05-05 09:00:00,265,"Grand Av-Newtown (M,R)",Queens,40.737015,-73.87722,1397.0,299.5703,1,33.0,1,9,0,0
2025-05-05 09:00:00,266,"Elmhurst Av (M,R)",Queens,40.742455,-73.88202,1023.0,198.7811,1,33.0,1,9,0,0
2025-05-05 09:00:00,268,"65 St (M,R)",Queens,40.74967,-73.89845,225.0,46.9421,1,34.0,1,9,0,0
2025-05-05 09:00:00,269,"Northern Blvd (M,R)",Queens,40.752884,-73.906006,397.0,116.5072,1,33.0,1,9,0,0
2025-05-05 09:00:00,270,"46 St (M,R)",Queens,40.756313,-73.91333,480.0,133.1301,1,34.0,1,9,0,0
2025-05-05 09:00:00,271,"Steinway St (M,R)",Queens,40.756878,-73.92074,645.0,355.6386,1,33.0,1,9,0,0
2025-05-05 09:00:00,272,"36 St (M,R)",Queens,40.75204,-73.92878,165.0,156.3799,1,33.0,1,9,0,0
2025-05-05 09:00:00,273,"Queens Plaza (E,F,R)",Queens,40.748974,-73.93724,938.0,626.7714,1,57.0,1,9,0,0
2025-05-05 09:00:00,276,"5 Av/53 St (E,F)",Manhattan,40.760166,-73.97523,139.0,1565.077,1,39.0,1,9,0,0
2025-05-05 09:00:00,277,"7 Av (E,B,D)",Manhattan,40.762863,-73.981636,392.0,1068.6247,1,52.0,1,9,0,0
2025-05-05 09:00:00,278,"Jamaica Center-Parsons/Archer (E,J,Z)",Queens,40.70215,-73.80111,1444.0,707.4604,1,18.0,1,9,0,0
2025-05-05 09:00:00,279,"Sutphin Blvd-Archer Av-JFK Airport (E,J,Z)",Queens,40.700485,-73.80797,1370.0,623.5493,1,38.0,1,9,0,0
2025-05-05 09:00:00,280,Jamaica-Van Wyck (E),Queens,40.702564,-73.81686,214.0,109.3116,1,21.0,1,9,0,0
2025-05-05 09:00:00,282,21 St (G),Queens,40.744064,-73.94972,63.0,72.0559,1,16.0,1,9,0,0
2025-05-05 09:00:00,283,Greenpoint Av (G),Brooklyn,40.731354,-73.95445,554.0,356.6174,1,16.0,1,9,0,0
2025-05-05 09:00:00,284,Nassau Av (G),Brooklyn,40.724636,-73.95128,499.0,311.3417,1,17.0,1,9,0,0
2025-05-05 09:00:00,286,Broadway (G),Brooklyn,40.706093,-73.95031,215.0,162.9965,1,16.0,1,9,0,0
2025-05-05 09:00:00,287,Flushing Av (G),Brooklyn,40.70038,-73.95023,97.0,149.959,1,16.0,1,9,0,0
2025-05-05 09:00:00,288,Myrtle-Willoughby Avs (G),Brooklyn,40.69457,-73.94904,372.0,89.0178,1,16.0,1,9,0,0
2025-05-05 09:00:00,289,Bedford-Nostrand Avs (G),Brooklyn,40.68963,-73.95352,706.0,160.9361,1,16.0,1,9,0,0
2025-05-05 09:00:00,290,Classon Av (G),Brooklyn,40.688873,-73.96007,381.0,95.8333,1,15.0,1,9,0,0
2025-05-05 09:00:00,291,Clinton-Washington Avs (G),Brooklyn,40.688087,-73.96684,336.0,143.70159999999998,1,16.0,1,9,0,0
2025-05-05 09:00:00,292,Fulton St (G),Brooklyn,40.68712,-73.97537,219.0,248.6085,1,16.0,1,9,0,0
2025-05-05 09:00:00,293,Van Cortlandt Park-242 St (1),Bronx,40.889248,-73.89858,285.0,90.4374,1,11.0,1,9,0,0
2025-05-05 09:00:00,294,238 St (1),Bronx,40.884666,-73.90087,237.0,68.9765,1,23.0,1,9,0,0
2025-05-05 09:00:00,295,231 St (1),Bronx,40.878857,-73.90483,460.0,176.1592,1,24.0,1,9,0,0
2025-05-05 09:00:00,296,Marble Hill-225 St (1),Manhattan,40.87456,-73.90983,233.0,105.4976,1,25.0,1,9,0,0
2025-05-05 09:00:00,297,215 St (1),Manhattan,40.869446,-73.915276,83.0,70.1,1,24.0,1,9,0,0
2025-05-05 09:00:00,298,207 St (1),Manhattan,40.86462,-73.91882,272.0,143.0393,1,25.0,1,9,0,0
2025-05-05 09:00:00,299,Dyckman St (1),Manhattan,40.86053,-73.92554,343.0,141.3478,1,26.0,1,9,0,0
2025-05-05 09:00:00,300,191 St (1),Manhattan,40.855225,-73.92941,320.0,136.802,1,26.0,1,9,0,0
2025-05-05 09:00:00,301,181 St (1),Manhattan,40.849506,-73.93359,567.0,260.5912,1,25.0,1,9,0,0
2025-05-05 09:00:00,303,157 St (1),Manhattan,40.83404,-73.94489,560.0,178.7346,1,26.0,1,9,0,0
2025-05-05 09:00:00,304,145 St (1),Manhattan,40.82655,-73.95036,536.0,179.9645,1,27.0,1,9,0,0
2025-05-05 09:00:00,305,137 St-City College (1),Manhattan,40.822006,-73.953674,590.0,371.5809,1,28.0,1,9,0,0
2025-05-05 09:00:00,306,125 St (1),Manhattan,40.815582,-73.958374,348.0,294.6211,1,30.0,1,9,0,0
2025-05-05 09:00:00,307,116 St-Columbia University (1),Manhattan,40.80772,-73.96411,304.0,666.2128,1,30.0,1,9,0,0
2025-05-05 09:00:00,308,Cathedral Pkwy (110 St) (1),Manhattan,40.803967,-73.96685,515.0,383.5788,1,30.0,1,9,0,0
2025-05-05 09:00:00,309,103 St (1),Manhattan,40.799446,-73.968376,773.0,308.3065,1,30.0,1,9,0,0
2025-05-05 09:00:00,310,"96 St (1,2,3)",Manhattan,40.79392,-73.97232,2080.0,943.708,1,65.0,1,9,0,0
2025-05-05 09:00:00,311,86 St (1),Manhattan,40.788643,-73.97622,874.0,615.653,1,30.0,1,9,0,0
2025-05-05 09:00:00,312,79 St (1),Manhattan,40.783936,-73.97992,728.0,564.5683,1,30.0,1,9,0,0
2025-05-05 09:00:00,313,"72 St (1,2,3)",Manhattan,40.778454,-73.98197,1916.0,1608.4091,1,67.0,1,9,0,0
2025-05-05 09:00:00,314,66 St-Lincoln Center (1),Manhattan,40.77344,-73.98221,707.0,863.0157,1,31.0,1,9,0,0
2025-05-05 09:00:00,316,50 St (1),Manhattan,40.761726,-73.98385,786.0,1414.1582,1,30.0,1,9,0,0
2025-05-05 09:00:00,318,"34 St-Penn Station (1,2,3)",Manhattan,40.750374,-73.99106,4102.0,2374.6021,1,67.0,1,9,0,0
2025-05-05 09:00:00,319,28 St (1),Manhattan,40.747215,-73.99336,626.0,722.5648,1,32.0,1,9,0,0
2025-05-05 09:00:00,320,23 St (1),Manhattan,40.74408,-73.99566,524.0,774.8669,1,31.0,1,9,0,0
2025-05-05 09:00:00,321,18 St (1),Manhattan,40.74104,-73.99787,279.0,422.4403,1,32.0,1,9,0,0
2025-05-05 09:00:00,323,Christopher St-Stonewall (1),Manhattan,40.73342,-74.00291,438.0,404.8049,1,31.0,1,9,0,0
2025-05-05 09:00:00,324,Houston St (1),Manhattan,40.728252,-74.00536,337.0,1243.3435,1,32.0,1,9,0,0
2025-05-05 09:00:00,325,Canal St (1),Manhattan,40.722855,-74.00628,137.0,324.8094,1,31.0,1,9,0,0
2025-05-05 09:00:00,326,Franklin St (1),Manhattan,40.71932,-74.00689,181.0,381.2708,1,32.0,1,9,0,0
2025-05-05 09:00:00,327,"Chambers St (1,2,3)",Manhattan,40.715477,-74.00927,494.0,1151.1774,1,69.0,1,9,0,0
2025-05-05 09:00:00,328,WTC Cortlandt (1),Manhattan,40.711834,-74.01219,804.0,956.2275,1,33.0,1,9,0,0
2025-05-05 09:00:00,329,Rector St (1),Manhattan,40.70751,-74.01379,375.0,353.9825,1,32.0,1,9,0,0
2025-05-05 09:00:00,333,"Wall St (2,3)",Manhattan,40.70682,-74.0091,532.0,1135.35,1,38.0,1,9,0,0
2025-05-05 09:00:00,334,"Clark St (2,3)",Brooklyn,40.697468,-73.99309,391.0,241.2129,1,37.0,1,9,0,0
2025-05-05 09:00:00,336,"Hoyt St (2,3)",Brooklyn,40.690544,-73.98506,257.0,317.2281,1,39.0,1,9,0,0
2025-05-05 09:00:00,337,"Nevins St (2,3,4,5)",Brooklyn,40.688248,-73.98049,480.0,328.6579,1,78.0,1,9,0,0
2025-05-05 09:00:00,339,"Bergen St (2,3)",Brooklyn,40.68083,-73.9751,381.0,101.4698,1,38.0,1,9,0,0
2025-05-05 09:00:00,340,"Grand Army Plaza (2,3)",Brooklyn,40.675236,-73.97105,500.0,188.4648,1,39.0,1,9,0,0
2025-05-05 09:00:00,341,"Eastern Pkwy-Brooklyn Museum (2,3)",Brooklyn,40.671986,-73.96438,311.0,129.2646,1,38.0,1,9,0,0
2025-05-05 09:00:00,343,Nostrand Av (3),Brooklyn,40.669846,-73.95046,198.0,86.1984,1,22.0,1,9,0,0
2025-05-05 09:00:00,344,Kingston Av (3),Brooklyn,40.6694,-73.94216,262.0,135.765,1,22.0,1,9,0,0
2025-05-05 09:00:00,345,"Crown Hts-Utica Av (3,4)",Brooklyn,40.668896,-73.932945,1511.0,405.1517,1,34.0,1,9,0,0
2025-05-05 09:00:00,346,Sutter Av-Rutland Rd (3),Brooklyn,40.66472,-73.92261,361.0,111.7417,1,22.0,1,9,0,0
2025-05-05 09:00:00,347,Saratoga Av (3),Brooklyn,40.661453,-73.91633,261.0,72.1626,1,22.0,1,9,0,0
2025-05-05 09:00:00,348,Rockaway Av (3),Brooklyn,40.662548,-73.90894,204.0,87.9694,1,22.0,1,9,0,0
2025-05-05 09:00:00,349,Junius St (3),Brooklyn,40.663513,-73.90245,124.0,64.7553,1,22.0,1,9,0,0
2025-05-05 09:00:00,350,Pennsylvania Av (3),Brooklyn,40.664635,-73.8949,166.0,75.37089999999999,1,21.0,1,9,0,0
2025-05-05 09:00:00,351,Van Siclen Av (3),Brooklyn,40.665447,-73.8894,127.0,38.7021,1,20.0,1,9,0,0
2025-05-05 09:00:00,352,New Lots Av (3),Brooklyn,40.666237,-73.88408,254.0,86.9415,1,9.0,1,9,0,0
2025-05-05 09:00:00,353,"President St-Medgar Evers College (2,5)",Brooklyn,40.667885,-73.95068,237.0,72.5707,1,32.0,1,9,0,0
2025-05-05 09:00:00,354,"Sterling St (2,5)",Brooklyn,40.662743,-73.95085,377.0,88.7965,1,31.0,1,9,0,0
2025-05-05 09:00:00,355,"Winthrop St (2,5)",Brooklyn,40.65665,-73.9502,399.0,204.9332,1,32.0,1,9,0,0
2025-05-05 09:00:00,356,"Church Av (2,5)",Brooklyn,40.650845,-73.94958,589.0,155.1148,1,34.0,1,9,0,0
2025-05-05 09:00:00,357,"Beverly Rd (2,5)",Brooklyn,40.6451,-73.94896,264.0,55.8095,1,33.0,1,9,0,0
2025-05-05 09:00:00,358,"Newkirk Av-Little Haiti (2,5)",Brooklyn,40.63997,-73.94841,408.0,97.6289,1,32.0,1,9,0,0
2025-05-05 09:00:00,359,"Flatbush Av-Brooklyn College (2,5)",Brooklyn,40.632835,-73.94764,953.0,457.0416,1,16.0,1,9,0,0
2025-05-05 09:00:00,360,Pelham Bay Park (6),Bronx,40.852463,-73.82812,236.0,124.4241,1,7.0,1,9,0,0
2025-05-05 09:00:00,361,Buhre Av (6),Bronx,40.84681,-73.832565,170.0,47.9593,1,16.0,1,9,0,0
2025-05-05 09:00:00,362,Middletown Rd (6),Bronx,40.843864,-73.83632,85.0,32.4068,1,16.0,1,9,0,0
2025-05-05 09:00:00,363,Westchester Sq-E Tremont Av (6),Bronx,40.839893,-73.84295,162.0,130.904,1,17.0,1,9,0,0
2025-05-05 09:00:00,364,Zerega Av (6),Bronx,40.836487,-73.84704,116.0,34.5547,1,16.0,1,9,0,0
2025-05-05 09:00:00,365,Castle Hill Av (6),Bronx,40.834255,-73.85122,304.0,109.6648,1,16.0,1,9,0,0
2025-05-05 09:00:00,366,Parkchester (6),Bronx,40.833225,-73.86082,660.0,161.2846,1,24.0,1,9,0,0
2025-05-05 09:00:00,367,St Lawrence Av (6),Bronx,40.83151,-73.867615,217.0,50.0504,1,23.0,1,9,0,0
2025-05-05 09:00:00,368,Morrison Av-Soundview (6),Bronx,40.82952,-73.87452,299.0,93.8561,1,22.0,1,9,0,0
2025-05-05 09:00:00,369,Elder Av (6),Bronx,40.828583,-73.87916,227.0,91.9013,1,23.0,1,9,0,0
2025-05-05 09:00:00,370,Whitlock Av (6),Bronx,40.826527,-73.886284,68.0,32.4034,1,24.0,1,9,0,0
2025-05-05 09:00:00,371,Hunts Point Av (6),Bronx,40.82095,-73.89055,414.0,200.2557,1,31.0,1,9,0,0
2025-05-05 09:00:00,372,Longwood Av (6),Bronx,40.816105,-73.89644,115.0,59.1944,1,24.0,1,9,0,0
2025-05-05 09:00:00,373,E 149 St (6),Bronx,40.81212,-73.9041,238.0,90.0755,1,24.0,1,9,0,0
2025-05-05 09:00:00,374,E 143 St-St Mary's St (6),Bronx,40.80872,-73.90765,78.0,53.0349,1,23.0,1,9,0,0
2025-05-05 09:00:00,375,Cypress Av (6),Bronx,40.805367,-73.91404,102.0,68.5627,1,24.0,1,9,0,0
2025-05-05 09:00:00,376,Brook Av (6),Bronx,40.807568,-73.91924,250.0,116.2281,1,23.0,1,9,0,0
2025-05-05 09:00:00,377,3 Av-138 St (6),Bronx,40.810474,-73.92614,373.0,154.2989,1,32.0,1,9,0,0
2025-05-05 09:00:00,378,Woodlawn (4),Bronx,40.886036,-73.87875,299.0,130.2739,1,8.0,1,9,0,0
2025-05-05 09:00:00,379,Mosholu Pkwy (4),Bronx,40.87975,-73.88466,272.0,147.9442,1,15.0,1,9,0,0
2025-05-05 09:00:00,380,Bedford Park Blvd-Lehman College (4),Bronx,40.873413,-73.89006,196.0,130.3913,1,15.0,1,9,0,0
2025-05-05 09:00:00,381,Kingsbridge Rd (4),Bronx,40.86776,-73.89717,384.0,169.3704,1,15.0,1,9,0,0
2025-05-05 09:00:00,382,Fordham Rd (4),Bronx,40.862804,-73.90103,407.0,204.93,1,16.0,1,9,0,0
2025-05-05 09:00:00,383,183 St (4),Bronx,40.858406,-73.90388,269.0,78.9101,1,16.0,1,9,0,0
2025-05-05 09:00:00,384,Burnside Av (4),Bronx,40.853455,-73.907684,413.0,193.6993,1,16.0,1,9,0,0
2025-05-05 09:00:00,385,176 St (4),Bronx,40.84848,-73.9118,277.0,91.4895,1,17.0,1,9,0,0
2025-05-05 09:00:00,386,Mt Eden Av (4),Bronx,40.844433,-73.91469,207.0,79.1658,1,17.0,1,9,0,0
2025-05-05 09:00:00,387,170 St (4),Bronx,40.840076,-73.91779,359.0,143.6928,1,17.0,1,9,0,0
2025-05-05 09:00:00,388,167 St (4),Bronx,40.835537,-73.9214,476.0,161.3312,1,19.0,1,9,0,0
2025-05-05 09:00:00,391,"138 St-Grand Concourse (4,5)",Bronx,40.813225,-73.92985,216.0,93.7576,1,44.0,1,9,0,0
2025-05-05 09:00:00,392,"125 St (4,5,6)",Manhattan,40.80414,-73.93759,1152.0,702.6008,1,79.0,1,9,0,0
2025-05-05 09:00:00,393,116 St (6),Manhattan,40.79863,-73.94162,665.0,432.2546,1,35.0,1,9,0,0
2025-05-05 09:00:00,394,110 St (6),Manhattan,40.79502,-73.94425,532.0,229.5188,1,35.0,1,9,0,0
2025-05-05 09:00:00,395,103 St (6),Manhattan,40.7906,-73.94748,561.0,441.7799,1,34.0,1,9,0,0
2025-05-05 09:00:00,396,96 St (6),Manhattan,40.78567,-73.95107,753.0,708.5926,1,35.0,1,9,0,0
2025-05-05 09:00:00,397,"86 St (4,5,6)",Manhattan,40.77949,-73.95559,1864.0,2067.7122,1,79.0,1,9,0,0
2025-05-05 09:00:00,398,77 St (6),Manhattan,40.77362,-73.95988,1104.0,1361.057,1,35.0,1,9,0,0
2025-05-05 09:00:00,399,68 St-Hunter College (6),Manhattan,40.768143,-73.96387,668.0,1768.1723,1,36.0,1,9,0,0
2025-05-05 09:00:00,403,33 St (6),Manhattan,40.746082,-73.98208,1119.0,1334.3114,1,36.0,1,9,0,0
2025-05-05 09:00:00,404,28 St (6),Manhattan,40.74307,-73.98426,824.0,971.7087,1,36.0,1,9,0,0
2025-05-05 09:00:00,405,23 St-Baruch College (6),Manhattan,40.739864,-73.9866,1005.0,1754.2994,1,35.0,1,9,0,0
2025-05-05 09:00:00,407,Astor Pl (6),Manhattan,40.730053,-73.99107,633.0,733.1974,1,34.0,1,9,0,0
2025-05-05 09:00:00,409,Spring St (6),Manhattan,40.7223,-73.99714,325.0,666.1789,1,35.0,1,9,0,0
2025-05-05 09:00:00,413,"Wall St (4,5)",Manhattan,40.707558,-74.01186,584.0,986.3447,1,46.0,1,9,0,0
2025-05-05 09:00:00,414,"Bowling Green (4,5)",Manhattan,40.70482,-74.01407,861.0,1321.2289,1,44.0,1,9,0,0
2025-05-05 09:00:00,416,Wakefield-241 St (2),Bronx,40.903126,-73.85062,119.0,77.6146,1,8.0,1,9,0,0
2025-05-05 09:00:00,417,"Nereid Av (2,5)",Bronx,40.89838,-73.85438,97.0,48.815,1,17.0,1,9,0,0
2025-05-05 09:00:00,418,"233 St (2,5)",Bronx,40.893192,-73.857475,154.0,80.1429,1,17.0,1,9,0,0
2025-05-05 09:00:00,419,"225 St (2,5)",Bronx,40.888023,-73.860344,129.0,42.845,1,16.0,1,9,0,0
2025-05-05 09:00:00,420,"219 St (2,5)",Bronx,40.883896,-73.86263,113.0,37.7854,1,17.0,1,9,0,0
2025-05-05 09:00:00,421,"Gun Hill Rd (2,5)",Bronx,40.87785,-73.86626,247.0,124.7919,1,17.0,1,9,0,0
2025-05-05 09:00:00,422,"Burke Av (2,5)",Bronx,40.871357,-73.867165,108.0,49.2107,1,18.0,1,9,0,0
2025-05-05 09:00:00,423,"Allerton Av (2,5)",Bronx,40.865463,-73.867355,179.0,67.8697,1,17.0,1,9,0,0
2025-05-05 09:00:00,424,"Pelham Pkwy (2,5)",Bronx,40.857193,-73.867615,321.0,169.372,1,17.0,1,9,0,0
2025-05-05 09:00:00,425,"Bronx Park East (2,5)",Bronx,40.848827,-73.868454,107.0,29.7534,1,18.0,1,9,0,0
2025-05-05 09:00:00,426,"E 180 St (2,5)",Bronx,40.841892,-73.87349,354.0,157.9737,1,34.0,1,9,0,0
2025-05-05 09:00:00,427,"West Farms Sq-E Tremont Av (2,5)",Bronx,40.840294,-73.88005,230.0,157.9492,1,34.0,1,9,0,0
2025-05-05 09:00:00,428,"174 St (2,5)",Bronx,40.837288,-73.88773,336.0,128.0038,1,35.0,1,9,0,0
2025-05-05 09:00:00,429,"Freeman St (2,5)",Bronx,40.829994,-73.89187,200.0,82.3135,1,33.0,1,9,0,0
2025-05-05 09:00:00,430,"Simpson St (2,5)",Bronx,40.824074,-73.89307,388.0,200.1544,1,35.0,1,9,0,0
2025-05-05 09:00:00,431,"Intervale Av (2,5)",Bronx,40.82218,-73.896736,153.0,68.674,1,35.0,1,9,0,0
2025-05-05 09:00:00,432,"Prospect Av (2,5)",Bronx,40.819584,-73.90177,318.0,126.3347,1,34.0,1,9,0,0
2025-05-05 09:00:00,433,"Jackson Av (2,5)",Bronx,40.81649,-73.90781,239.0,117.169,1,33.0,1,9,0,0
2025-05-05 09:00:00,434,"3 Av-149 St (2,5)",Bronx,40.81611,-73.917755,832.0,550.7185,1,41.0,1,9,0,0
2025-05-05 09:00:00,436,Harlem-148 St (3),Manhattan,40.82388,-73.93647,186.0,42.7855,1,9.0,1,9,0,0
2025-05-05 09:00:00,437,145 St (3),Manhattan,40.82042,-73.93625,158.0,47.4034,1,15.0,1,9,0,0
2025-05-05 09:00:00,438,"135 St (2,3)",Manhattan,40.814228,-73.94077,546.0,291.4038,1,35.0,1,9,0,0
2025-05-05 09:00:00,439,"125 St (2,3)",Manhattan,40.807755,-73.945496,564.0,510.6437,1,34.0,1,9,0,0
2025-05-05 09:00:00,440,"116 St (2,3)",Manhattan,40.802097,-73.94962,491.0,237.2809,1,35.0,1,9,0,0
2025-05-05 09:00:00,441,"110 St-Malcolm X Plaza (2,3)",Manhattan,40.799076,-73.95182,437.0,183.8835,1,35.0,1,9,0,0
2025-05-05 09:00:00,442,Eastchester-Dyre Av (5),Bronx,40.8883,-73.83083,184.0,52.595,1,7.0,1,9,0,0
2025-05-05 09:00:00,443,Baychester Av (5),Bronx,40.878662,-73.83859,111.0,44.943,1,14.0,1,9,0,0
2025-05-05 09:00:00,444,Gun Hill Rd (5),Bronx,40.869526,-73.84638,204.0,79.1256,1,14.0,1,9,0,0
2025-05-05 09:00:00,445,Pelham Pkwy (5),Bronx,40.858986,-73.85536,142.0,51.0224,1,15.0,1,9,0,0
2025-05-05 09:00:00,446,Morris Park (5),Bronx,40.854362,-73.8605,123.0,28.0106,1,15.0,1,9,0,0
2025-05-05 09:00:00,447,Flushing-Main St (7),Queens,40.7596,-73.83003,3353.0,1758.709,1,15.0,1,9,0,0
2025-05-05 09:00:00,448,Mets-Willets Point (7),Queens,40.754623,-73.84563,107.0,163.0805,1,31.0,1,9,0,0
2025-05-05 09:00:00,449,111 St (7),Queens,40.75173,-73.85533,661.0,147.7984,1,32.0,1,9,0,0
2025-05-05 09:00:00,450,103 St-Corona Plaza (7),Queens,40.749866,-73.8627,1280.0,288.9173,1,32.0,1,9,0,0
2025-05-05 09:00:00,451,Junction Blvd (7),Queens,40.749146,-73.86953,1502.0,424.5366,1,40.0,1,9,0,0
2025-05-05 09:00:00,452,90 St-Elmhurst Av (7),Queens,40.74841,-73.87661,1059.0,370.7374,1,30.0,1,9,0,0
2025-05-05 09:00:00,453,82 St-Jackson Hts (7),Queens,40.747658,-73.8837,745.0,456.9402,1,31.0,1,9,0,0
2025-05-05 09:00:00,455,69 St (7),Queens,40.746326,-73.8964,388.0,99.9316,1,38.0,1,9,0,0
2025-05-05 09:00:00,456,61 St-Woodside (7),Queens,40.74563,-73.902985,1006.0,302.4834,1,40.0,1,9,0,0
2025-05-05 09:00:00,457,52 St (7),Queens,40.74415,-73.91255,509.0,143.004,1,40.0,1,9,0,0
2025-05-05 09:00:00,458,46 St-Bliss St (7),Queens,40.743134,-73.918434,885.0,237.8778,1,41.0,1,9,0,0
2025-05-05 09:00:00,459,40 St-Lowery St (7),Queens,40.743782,-73.92402,717.0,238.5408,1,42.0,1,9,0,0
2025-05-05 09:00:00,460,33 St-Rawson St (7),Queens,40.744587,-73.931,176.0,727.0733,1,43.0,1,9,0,0
2025-05-05 09:00:00,461,"Queensboro Plaza (7,N,W)",Queens,40.750584,-73.9402,870.0,413.2352,1,40.0,1,9,0,0
2025-05-05 09:00:00,463,Hunters Point Av (7),Queens,40.742214,-73.94891,189.0,148.6243,1,38.0,1,9,0,0
2025-05-05 09:00:00,464,Vernon Blvd-Jackson Av (7),Queens,40.742626,-73.95358,1518.0,352.4878,1,38.0,1,9,0,0
2025-05-05 09:00:00,471,34 St-Hudson Yards (7),Manhattan,40.755882,-74.00191,529.0,1803.9278,1,16.0,1,9,0,0
2025-05-05 09:00:00,475,96 St (Q),Manhattan,40.784317,-73.94715,1072.0,448.7761,1,9.0,1,9,0,0
2025-05-05 09:00:00,476,86 St (Q),Manhattan,40.77789,-73.95179,1609.0,696.3023,1,19.0,1,9,0,0
2025-05-05 09:00:00,477,72 St (Q),Manhattan,40.7688,-73.95843,1364.0,1425.5662,1,18.0,1,9,0,0
2025-05-05 09:00:00,501,St George (SIR),Staten Island,40.64375,-74.07365,190.0,,0,2.0,1,9,0,0
2025-05-05 09:00:00,502,Tompkinsville (SIR),Staten Island,40.636948,-74.07484,31.0,,0,4.0,1,9,0,0
2025-05-05 09:00:00,601,"14 St/6 Av (1,2,3,L,F,M)",Manhattan,40.737797,-73.997734,1498.0,2121.3528,1,144.0,1,9,0,0
2025-05-05 09:00:00,602,"14 St-Union Sq (4,5,6,L,N,Q,R,W)",Manhattan,40.735065,-73.99042,2397.0,5285.7887,1,152.0,1,9,0,0
2025-05-05 09:00:00,603,"149 St-Grand Concourse (2,4,5)",Bronx,40.818394,-73.92703,384.0,336.3768,1,20.0,1,9,0,0
2025-05-05 09:00:00,604,"161 St-Yankee Stadium (4,B,D)",Bronx,40.82795,-73.92574,942.0,622.462,1,45.0,1,9,0,0
2025-05-05 09:00:00,605,"168 St-Washington Hts (1,A,C)",Manhattan,40.840637,-73.93985,777.0,982.595,1,56.0,1,9,0,0
2025-05-05 09:00:00,606,"Court Sq-23 St (7,E,F,G)",Queens,40.747143,-73.94503,1536.0,1022.9563,1,83.0,1,9,0,0
2025-05-05 09:00:00,607,"34 St-Herald Sq (B,D,F,M,N,Q,R,W)",Manhattan,40.74964,-73.987885,3521.0,5235.7536,1,135.0,1,9,0,0
2025-05-05 09:00:00,608,"4 Av-9 St (F,G,R)",Brooklyn,40.67056,-73.989044,683.0,375.3318,1,54.0,1,9,0,0
2025-05-05 09:00:00,609,"42 St-Bryant Pk/5 Av (7,B,D,F,M)",Manhattan,40.75402,-73.98327,771.0,3710.1831,1,105.0,1,9,0,0
2025-05-05 09:00:00,610,"Grand Central-42 St (4,5,6,7,S)",Manhattan,40.75199,-73.977356,6734.0,7434.0614,1,134.0,1,9,0,0
2025-05-05 09:00:00,611,"Times Sq-42 St/Port Authority Bus Terminal (1,2,3,7,A,C,E,N,Q,R,W,S)",Manhattan,40.755745,-73.98758,8581.0,7299.6918,1,206.0,1,9,0,0
2025-05-05 09:00:00,612,"Lexington Av/51-53 Sts (6,E,F)",Manhattan,40.757328,-73.97049,1534.0,3641.5152,1,76.0,1,9,0,0
2025-05-05 09:00:00,613,"Lexington Av/59 St (4,5,6,N,R,W)",Manhattan,40.762592,-73.96761,1243.0,3331.4131,1,123.0,1,9,0,0
2025-05-05 09:00:00,614,"59 St-Columbus Circle (1,A,C,B,D)",Manhattan,40.768272,-73.981834,1947.0,3793.6423,1,101.0,1,9,0,0
2025-05-05 09:00:00,615,"62 St/New Utrecht Av (D,N)",Brooklyn,40.625656,-73.99663,330.0,137.1667,1,32.0,1,9,0,0
2025-05-05 09:00:00,616,"Jackson Hts-Roosevelt Av/74 St-Broadway (7,E,F,M,R)",Queens,40.746746,-73.891365,3312.0,1251.9087,1,116.0,1,9,0,0
2025-05-05 09:00:00,617,"Atlantic Av-Barclays Ctr (2,3,4,5,B,D,N,Q,R)",Brooklyn,40.684162,-73.97779,1847.0,1399.8503,1,158.0,1,9,0,0
2025-05-05 09:00:00,618,"14 St/8 Av (A,C,E,L)",Manhattan,40.740334,-74.00214,995.0,2817.8543,1,76.0,1,9,0,0
2025-05-05 09:00:00,619,"Broadway-Lafayette St/Bleecker St (6,B,D,F,M)",Manhattan,40.725605,-73.99543,1048.0,2542.6178,1,105.0,1,9,0,0
2025-05-05 09:00:00,620,"Borough Hall/Court St (2,3,4,5,R)",Brooklyn,40.69324,-73.99064,1481.0,1664.009,1,93.0,1,9,0,0
2025-05-05 09:00:00,621,"Broadway Junction (A,C,J,Z,L)",Brooklyn,40.678898,-73.90436,387.0,177.2517,1,31.0,1,9,0,0
2025-05-05 09:00:00,622,"Brooklyn Bridge-City Hall/Chambers St (4,5,6,J,Z)",Manhattan,40.713154,-74.00377,887.0,1775.4947,1,82.0,1,9,0,0
2025-05-05 09:00:00,623,"Canal St (6,J,Z,N,Q,R,W)",Manhattan,40.7187,-74.00058,942.0,3337.1463,1,84.0,1,9,0,0
2025-05-05 09:00:00,624,"Chambers St/WTC/Park Place/Cortlandt St (2,3,A,C,E,R,W)",Manhattan,40.712605,-74.00955,1823.0,3552.2744,1,110.0,1,9,0,0
2025-05-05 09:00:00,625,"Delancey St-Essex St (F,M,J,Z)",Manhattan,40.718464,-73.98778,1227.0,1054.2878,1,53.0,1,9,0,0
2025-05-05 09:00:00,626,"Franklin Av-Medgar Evers College/Botanic Garden (2,3,4,5,S)",Brooklyn,40.670513,-73.95869,1015.0,358.853,1,93.0,1,9,0,0
2025-05-05 09:00:00,627,"Franklin Av (C,S)",Brooklyn,40.68099,-73.95634,309.0,136.8774,1,20.0,1,9,0,0
2025-05-05 09:00:00,628,"Fulton St (2,3,4,5,A,C,J,Z)",Manhattan,40.71009,-74.007835,3169.0,4749.033,1,102.0,1,9,0,0
2025-05-05 09:00:00,629,"Metropolitan Av/Lorimer St (G,L)",Brooklyn,40.71343,-73.95084,1042.0,403.2522,1,51.0,1,9,0,0
2025-05-05 09:00:00,630,"Myrtle-Wyckoff Avs (M,L)",Brooklyn,40.699623,-73.91199,1390.0,399.4528,1,32.0,1,9,0,0
2025-05-05 09:00:00,635,"Whitehall St-South Ferry (1,R,W)",Manhattan,40.702576,-74.01333,814.0,1545.7032,1,39.0,1,9,0,0
2025-05-05 09:00:00,636,"Jay St-MetroTech (A,C,F,R)",Brooklyn,40.69226,-73.98664,1246.0,2204.0414,1,72.0,1,9,0,0
2025-05-05 10:00:00,1,"Astoria-Ditmars Blvd (N,W)",Queens,40.775036,-73.91203,541.0,225.4654,1,12.0,1,10,0,0
2025-05-05 10:00:00,2,"Astoria Blvd (N,W)",Queens,40.77026,-73.91785,474.0,159.9746,1,25.0,1,10,0,0
2025-05-05 10:00:00,3,"30 Av (N,W)",Queens,40.76678,-73.92148,623.0,221.6158,1,25.0,1,10,0,0
2025-05-05 10:00:00,4,"Broadway (N,W)",Queens,40.76182,-73.92551,505.0,173.3587,1,25.0,1,10,0,0
2025-05-05 10:00:00,5,"36 Av (N,W)",Queens,40.756805,-73.92957,253.0,144.3505,1,25.0,1,10,0,0
2025-05-05 10:00:00,6,"39 Av-Dutch Kills (N,W)",Queens,40.75288,-73.932755,177.0,69.3876,1,25.0,1,10,0,0
2025-05-05 10:00:00,8,"5 Av/59 St (N,R,W)",Manhattan,40.764812,-73.97335,276.0,586.6251,1,40.0,1,10,0,0
2025-05-05 10:00:00,9,"57 St-7 Av (N,Q,R,W)",Manhattan,40.764664,-73.98066,816.0,1317.6761,1,55.0,1,10,0,0
2025-05-05 10:00:00,10,"49 St (N,R,W)",Manhattan,40.7599,-73.98414,767.0,781.5411,1,42.0,1,10,0,0
2025-05-05 10:00:00,13,"28 St (R,W)",Manhattan,40.745495,-73.98869,345.0,472.7003,1,26.0,1,10,0,0
2025-05-05 10:00:00,14,"23 St (R,W)",Manhattan,40.741302,-73.98934,462.0,818.4188,1,28.0,1,10,0,0
2025-05-05 10:00:00,16,"8 St-NYU (R,W)",Manhattan,40.730328,-73.99263,360.0,724.2363,1,28.0,1,10,0,0
2025-05-05 10:00:00,17,"Prince St (R,W)",Manhattan,40.72433,-73.9977,183.0,686.6095,1,27.0,1,10,0,0
2025-05-05 10:00:00,20,"City Hall (R,W)",Manhattan,40.713284,-74.00698,152.0,191.2469,1,28.0,1,10,0,0
2025-05-05 10:00:00,22,"Rector St (R,W)",Manhattan,40.70722,-74.01334,161.0,166.0837,1,28.0,1,10,0,0
2025-05-05 10:00:00,26,"DeKalb Av (B,Q,R)",Brooklyn,40.690636,-73.98183,775.0,630.7204,1,46.0,1,10,0,0
2025-05-05 10:00:00,28,Union St (R),Brooklyn,40.677315,-73.98311,226.0,171.8251,1,17.0,1,10,0,0
2025-05-05 10:00:00,30,Prospect Av (R),Brooklyn,40.665413,-73.992874,200.0,113.104,1,16.0,1,10,0,0
2025-05-05 10:00:00,31,25 St (R),Brooklyn,40.660397,-73.99809,147.0,73.4932,1,17.0,1,10,0,0
2025-05-05 10:00:00,32,"36 St (D,N,R)",Brooklyn,40.655144,-74.00355,448.0,392.675,1,46.0,1,10,0,0
2025-05-05 10:00:00,33,45 St (R),Brooklyn,40.648937,-74.01001,320.0,146.1404,1,15.0,1,10,0,0
2025-05-05 10:00:00,34,53 St (R),Brooklyn,40.64507,-74.01403,367.0,159.1391,1,16.0,1,10,0,0
2025-05-05 10:00:00,35,"59 St (N,R)",Brooklyn,40.64136,-74.01788,532.0,239.5646,1,32.0,1,10,0,0
2025-05-05 10:00:00,36,Bay Ridge Av (R),Brooklyn,40.634968,-74.02338,322.0,143.3137,1,15.0,1,10,0,0
2025-05-05 10:00:00,37,77 St (R),Brooklyn,40.62974,-74.02551,213.0,91.0481,1,14.0,1,10,0,0
2025-05-05 10:00:00,38,86 St (R),Brooklyn,40.62269,-74.0284,456.0,207.5324,1,14.0,1,10,0,0
2025-05-05 10:00:00,39,Bay Ridge-95 St (R),Brooklyn,40.616623,-74.030876,210.0,122.9885,1,8.0,1,10,0,0
2025-05-05 10:00:00,41,"7 Av (B,Q)",Brooklyn,40.67705,-73.97237,352.0,198.6901,1,29.0,1,10,0,0
2025-05-05 10:00:00,42,"Prospect Park (B,Q,S)",Brooklyn,40.661613,-73.96225,363.0,207.5717,1,35.0,1,10,0,0
2025-05-05 10:00:00,43,Parkside Av (Q),Brooklyn,40.655293,-73.961494,261.0,97.7307,1,14.0,1,10,0,0
2025-05-05 10:00:00,44,"Church Av (B,Q)",Brooklyn,40.650528,-73.96298,508.0,238.082,1,29.0,1,10,0,0
2025-05-05 10:00:00,45,Beverley Rd (Q),Brooklyn,40.64403,-73.96449,136.0,54.9801,1,16.0,1,10,0,0
2025-05-05 10:00:00,46,Cortelyou Rd (Q),Brooklyn,40.640926,-73.96389,262.0,102.8155,1,16.0,1,10,0,0
2025-05-05 10:00:00,47,"Newkirk Plaza (B,Q)",Brooklyn,40.635082,-73.96279,428.0,164.8852,1,30.0,1,10,0,0
2025-05-05 10:00:00,48,Avenue H (Q),Brooklyn,40.62927,-73.96164,148.0,91.1585,1,14.0,1,10,0,0
2025-05-05 10:00:00,49,Avenue J (Q),Brooklyn,40.62504,-73.9608,228.0,119.5602,1,14.0,1,10,0,0
2025-05-05 10:00:00,50,Avenue M (Q),Brooklyn,40.61762,-73.9594,251.0,121.0282,1,14.0,1,10,0,0
2025-05-05 10:00:00,51,"Kings Hwy (B,Q)",Brooklyn,40.60867,-73.95773,793.0,426.3163,1,31.0,1,10,0,0
2025-05-05 10:00:00,52,Avenue U (Q),Brooklyn,40.5993,-73.95593,289.0,150.0551,1,14.0,1,10,0,0
2025-05-05 10:00:00,53,Neck Rd (Q),Brooklyn,40.595245,-73.95516,172.0,69.5669,1,15.0,1,10,0,0
2025-05-05 10:00:00,54,"Sheepshead Bay (B,Q)",Brooklyn,40.586895,-73.954155,454.0,268.2499,1,30.0,1,10,0,0
2025-05-05 10:00:00,55,"Brighton Beach (B,Q)",Brooklyn,40.57762,-73.96137,424.0,356.2767,1,23.0,1,10,0,0
2025-05-05 10:00:00,56,Ocean Pkwy (Q),Brooklyn,40.576313,-73.9685,96.0,90.724,1,15.0,1,10,0,0
2025-05-05 10:00:00,57,"W 8 St-NY Aquarium (F,Q)",Brooklyn,40.576126,-73.97594,83.0,177.6689,1,31.0,1,10,0,0
2025-05-05 10:00:00,58,"Coney Island-Stillwell Av (D,F,N,Q)",Brooklyn,40.577423,-73.98123,449.0,515.7495,1,31.0,1,10,0,0
2025-05-05 10:00:00,59,9 Av (D),Brooklyn,40.646294,-73.99432,261.0,78.3368,1,16.0,1,10,0,0
2025-05-05 10:00:00,60,Fort Hamilton Pkwy (D),Brooklyn,40.640915,-73.9943,164.0,88.4051,1,14.0,1,10,0,0
2025-05-05 10:00:00,61,50 St (D),Brooklyn,40.63626,-73.99479,114.0,100.8118,1,15.0,1,10,0,0
2025-05-05 10:00:00,62,55 St (D),Brooklyn,40.631435,-73.995476,65.0,48.9271,1,15.0,1,10,0,0
2025-05-05 10:00:00,64,71 St (D),Brooklyn,40.61959,-73.99886,182.0,52.9695,1,14.0,1,10,0,0
2025-05-05 10:00:00,65,79 St (D),Brooklyn,40.613503,-74.00061,282.0,83.7528,1,15.0,1,10,0,0
2025-05-05 10:00:00,66,18 Av (D),Brooklyn,40.607952,-74.00174,250.0,114.8209,1,15.0,1,10,0,0
2025-05-05 10:00:00,67,20 Av (D),Brooklyn,40.604557,-73.99817,193.0,96.7786,1,15.0,1,10,0,0
2025-05-05 10:00:00,68,Bay Pkwy (D),Brooklyn,40.601875,-73.99373,282.0,151.4763,1,15.0,1,10,0,0
2025-05-05 10:00:00,69,25 Av (D),Brooklyn,40.597706,-73.98683,185.0,63.011,1,15.0,1,10,0,0
2025-05-05 10:00:00,70,Bay 50 St (D),Brooklyn,40.58884,-73.983765,87.0,67.906,1,14.0,1,10,0,0
2025-05-05 10:00:00,71,8 Av (N),Brooklyn,40.635063,-74.01172,594.0,547.4197,1,18.0,1,10,0,0
2025-05-05 10:00:00,72,Fort Hamilton Pkwy (N),Brooklyn,40.631386,-74.00535,325.0,102.6007,1,18.0,1,10,0,0
2025-05-05 10:00:00,74,18 Av (N),Brooklyn,40.62067,-73.99042,209.0,99.6782,1,16.0,1,10,0,0
2025-05-05 10:00:00,75,20 Av (N),Brooklyn,40.61741,-73.98502,173.0,78.7324,1,16.0,1,10,0,0
2025-05-05 10:00:00,76,Bay Pkwy (N),Brooklyn,40.611816,-73.98185,289.0,112.9862,1,16.0,1,10,0,0
2025-05-05 10:00:00,77,Kings Hwy (N),Brooklyn,40.603924,-73.980354,258.0,87.119,1,18.0,1,10,0,0
2025-05-05 10:00:00,78,Avenue U (N),Brooklyn,40.597473,-73.97913,145.0,71.8184,1,17.0,1,10,0,0
2025-05-05 10:00:00,79,86 St (N),Brooklyn,40.59272,-73.97823,85.0,67.2462,1,15.0,1,10,0,0
2025-05-05 10:00:00,80,"121 St (J,Z)",Queens,40.700493,-73.82829,89.0,51.6819,1,14.0,1,10,0,0
2025-05-05 10:00:00,81,111 St (J),Queens,40.69742,-73.83634,85.0,36.4502,1,14.0,1,10,0,0
2025-05-05 10:00:00,82,"104 St (J,Z)",Queens,40.69518,-73.84433,89.0,32.9546,1,15.0,1,10,0,0
2025-05-05 10:00:00,83,"Woodhaven Blvd (J,Z)",Queens,40.69388,-73.85158,151.0,88.2742,1,15.0,1,10,0,0
2025-05-05 10:00:00,84,85 St-Forest Pkwy (J),Queens,40.692436,-73.86001,75.0,24.9817,1,14.0,1,10,0,0
2025-05-05 10:00:00,85,"75 St-Elderts Ln (J,Z)",Queens,40.691322,-73.86714,140.0,48.4587,1,14.0,1,10,0,0
2025-05-05 10:00:00,86,Cypress Hills (J),Brooklyn,40.68994,-73.87255,11.0,10.1483,1,14.0,1,10,0,0
2025-05-05 10:00:00,87,"Crescent St (J,Z)",Brooklyn,40.683193,-73.87379,141.0,76.1611,1,15.0,1,10,0,0
2025-05-05 10:00:00,88,"Norwood Av (J,Z)",Brooklyn,40.68141,-73.880035,92.0,39.3312,1,15.0,1,10,0,0
2025-05-05 10:00:00,89,Cleveland St (J),Brooklyn,40.679947,-73.884636,56.0,36.5472,1,14.0,1,10,0,0
2025-05-05 10:00:00,90,"Van Siclen Av (J,Z)",Brooklyn,40.678024,-73.891685,110.0,46.5469,1,14.0,1,10,0,0
2025-05-05 10:00:00,91,"Alabama Av (J,Z)",Brooklyn,40.67699,-73.89865,57.0,36.4333,1,14.0,1,10,0,0
2025-05-05 10:00:00,93,"Chauncey St (J,Z)",Brooklyn,40.68289,-73.91045,108.0,47.3102,1,14.0,1,10,0,0
2025-05-05 10:00:00,94,Halsey St (J),Brooklyn,40.68637,-73.91656,251.0,77.6132,1,14.0,1,10,0,0
2025-05-05 10:00:00,95,"Gates Av (J,Z)",Brooklyn,40.68963,-73.92227,278.0,91.6887,1,15.0,1,10,0,0
2025-05-05 10:00:00,96,Kosciuszko St (J),Brooklyn,40.69334,-73.92882,235.0,63.8464,1,16.0,1,10,0,0
2025-05-05 10:00:00,97,"Myrtle Av (M,J,Z)",Brooklyn,40.69721,-73.93565,488.0,187.0782,1,29.0,1,10,0,0
2025-05-05 10:00:00,98,"Flushing Av (M,J)",Brooklyn,40.70026,-73.941124,304.0,226.7733,1,23.0,1,10,0,0
2025-05-05 10:00:00,99,"Lorimer St (M,J)",Brooklyn,40.70387,-73.94741,145.0,86.2869,1,23.0,1,10,0,0
2025-05-05 10:00:00,100,"Hewes St (M,J)",Brooklyn,40.70687,-73.95343,79.0,66.6523,1,23.0,1,10,0,0
2025-05-05 10:00:00,101,"Marcy Av (M,J,Z)",Brooklyn,40.70836,-73.957756,386.0,318.4373,1,31.0,1,10,0,0
2025-05-05 10:00:00,103,"Bowery (J,Z)",Manhattan,40.72028,-73.99391,103.0,147.1184,1,16.0,1,10,0,0
2025-05-05 10:00:00,107,"Broad St (J,Z)",Manhattan,40.706474,-74.011055,112.0,217.6947,1,7.0,1,10,0,0
2025-05-05 10:00:00,108,Middle Village-Metropolitan Av (M),Queens,40.711395,-73.8896,123.0,57.7544,1,7.0,1,10,0,0
2025-05-05 10:00:00,109,Fresh Pond Rd (M),Queens,40.706184,-73.895874,202.0,61.3562,1,16.0,1,10,0,0
2025-05-05 10:00:00,110,Forest Av (M),Queens,40.704422,-73.903076,169.0,49.3993,1,15.0,1,10,0,0
2025-05-05 10:00:00,111,Seneca Av (M),Queens,40.702763,-73.90774,107.0,29.3445,1,15.0,1,10,0,0
2025-05-05 10:00:00,113,Knickerbocker Av (M),Brooklyn,40.698666,-73.91971,184.0,60.0352,1,16.0,1,10,0,0
2025-05-05 10:00:00,114,Central Av (M),Brooklyn,40.697857,-73.9274,185.0,34.829100000000004,1,15.0,1,10,0,0
2025-05-05 10:00:00,118,3 Av (L),Manhattan,40.73285,-73.98612,120.0,247.5456,1,32.0,1,10,0,0
2025-05-05 10:00:00,119,1 Av (L),Manhattan,40.730953,-73.98163,805.0,685.2529,1,31.0,1,10,0,0
2025-05-05 10:00:00,120,Bedford Av (L),Brooklyn,40.717304,-73.95687,1170.0,1059.8305,1,31.0,1,10,0,0
2025-05-05 10:00:00,122,Graham Av (L),Brooklyn,40.714565,-73.94405,398.0,179.3647,1,31.0,1,10,0,0
2025-05-05 10:00:00,123,Grand St (L),Brooklyn,40.711926,-73.94067,242.0,142.6259,1,32.0,1,10,0,0
2025-05-05 10:00:00,124,Montrose Av (L),Brooklyn,40.70774,-73.93985,283.0,127.0171,1,32.0,1,10,0,0
2025-05-05 10:00:00,125,Morgan Av (L),Brooklyn,40.706154,-73.93314,286.0,195.611,1,31.0,1,10,0,0
2025-05-05 10:00:00,126,Jefferson St (L),Brooklyn,40.706608,-73.92291,272.0,193.3567,1,32.0,1,10,0,0
2025-05-05 10:00:00,127,DeKalb Av (L),Brooklyn,40.70381,-73.91843,555.0,187.7071,1,31.0,1,10,0,0
2025-05-05 10:00:00,129,Halsey St (L),Queens,40.695602,-73.90408,341.0,112.5479,1,30.0,1,10,0,0
2025-05-05 10:00:00,130,Wilson Av (L),Brooklyn,40.688763,-73.904045,194.0,67.2065,1,31.0,1,10,0,0
2025-05-05 10:00:00,131,Bushwick Av-Aberdeen St (L),Brooklyn,40.68283,-73.90525,92.0,39.205,1,31.0,1,10,0,0
2025-05-05 10:00:00,133,Atlantic Av (L),Brooklyn,40.675346,-73.9031,69.0,35.4179,1,31.0,1,10,0,0
2025-05-05 10:00:00,134,Sutter Av (L),Brooklyn,40.66937,-73.90198,104.0,50.9264,1,31.0,1,10,0,0
2025-05-05 10:00:00,135,Livonia Av (L),Brooklyn,40.66404,-73.90057,96.0,52.3603,1,31.0,1,10,0,0
2025-05-05 10:00:00,136,New Lots Av (L),Brooklyn,40.658733,-73.89923,117.0,56.8768,1,30.0,1,10,0,0
2025-05-05 10:00:00,137,East 105 St (L),Brooklyn,40.650574,-73.89948,76.0,30.69,1,31.0,1,10,0,0
2025-05-05 10:00:00,138,Canarsie-Rockaway Pkwy (L),Brooklyn,40.646652,-73.90185,96.0,125.2105,1,15.0,1,10,0,0
2025-05-05 10:00:00,141,Park Pl (S),Brooklyn,40.67477,-73.95763,59.0,27.6544,1,12.0,1,10,0,0
2025-05-05 10:00:00,143,Inwood-207 St (A),Manhattan,40.868073,-73.9199,320.0,152.5539,1,7.0,1,10,0,0
2025-05-05 10:00:00,144,Dyckman St (A),Manhattan,40.86549,-73.92727,217.0,163.283,1,17.0,1,10,0,0
2025-05-05 10:00:00,145,190 St (A),Manhattan,40.85902,-73.93418,141.0,90.4136,1,16.0,1,10,0,0
2025-05-05 10:00:00,146,181 St (A),Manhattan,40.851696,-73.937965,402.0,151.6432,1,16.0,1,10,0,0
2025-05-05 10:00:00,147,175 St (A),Manhattan,40.84739,-73.939705,371.0,174.5902,1,16.0,1,10,0,0
2025-05-05 10:00:00,149,163 St-Amsterdam Av (C),Manhattan,40.836014,-73.939896,147.0,54.2949,1,14.0,1,10,0,0
2025-05-05 10:00:00,150,155 St (C),Manhattan,40.830517,-73.94151,104.0,34.4622,1,14.0,1,10,0,0
2025-05-05 10:00:00,151,"145 St (A,C,B,D)",Manhattan,40.824783,-73.944214,789.0,514.0098,1,,0,10,0,0
2025-05-05 10:00:00,152,"135 St (C,B)",Manhattan,40.817894,-73.94765,177.0,128.6651,1,30.0,1,10,0,0
2025-05-05 10:00:00,153,"125 St (A,C,B,D)",Manhattan,40.811108,-73.95235,879.0,739.1375,1,60.0,1,10,0,0
2025-05-05 10:00:00,154,"116 St (C,B)",Manhattan,40.805084,-73.95488,261.0,140.6173,1,29.0,1,10,0,0
2025-05-05 10:00:00,155,"Cathedral Pkwy (110 St) (C,B)",Manhattan,40.800602,-73.95816,334.0,166.9787,1,29.0,1,10,0,0
2025-05-05 10:00:00,156,"103 St (C,B)",Manhattan,40.796093,-73.96146,201.0,97.6639,1,30.0,1,10,0,0
2025-05-05 10:00:00,157,"96 St (C,B)",Manhattan,40.79164,-73.9647,316.0,311.9805,1,29.0,1,10,0,0
2025-05-05 10:00:00,158,"86 St (C,B)",Manhattan,40.78587,-73.96892,314.0,373.5213,1,28.0,1,10,0,0
2025-05-05 10:00:00,159,"81 St-Museum of Natural History (C,B)",Manhattan,40.781433,-73.972145,238.0,916.4145,1,28.0,1,10,0,0
2025-05-05 10:00:00,160,"72 St (C,B)",Manhattan,40.775593,-73.97641,296.0,513.3196,1,29.0,1,10,0,0
2025-05-05 10:00:00,162,"50 St (C,E)",Manhattan,40.762455,-73.985985,701.0,613.6153,1,34.0,1,10,0,0
2025-05-05 10:00:00,164,"34 St-Penn Station (A,C,E)",Manhattan,40.75229,-73.99339,3179.0,2212.158,1,50.0,1,10,0,0
2025-05-05 10:00:00,165,"23 St (C,E)",Manhattan,40.745907,-73.99804,611.0,719.4641,1,34.0,1,10,0,0
2025-05-05 10:00:00,167,"W 4 St-Wash Sq (A,C,E,B,D,F,M)",Manhattan,40.732338,-74.000496,865.0,1755.8247,1,,0,10,0,0
2025-05-05 10:00:00,168,"Spring St (C,E)",Manhattan,40.726227,-74.00374,280.0,699.9396,1,34.0,1,10,0,0
2025-05-05 10:00:00,169,"Canal St (A,C,E)",Manhattan,40.720825,-74.005226,363.0,748.2575,1,51.0,1,10,0,0
2025-05-05 10:00:00,173,"High St (A,C)",Brooklyn,40.699337,-73.99053,262.0,449.8015,1,31.0,1,10,0,0
2025-05-05 10:00:00,175,"Hoyt-Schermerhorn Sts (A,C,G)",Brooklyn,40.688484,-73.985,442.0,377.1252,1,48.0,1,10,0,0
2025-05-05 10:00:00,176,Lafayette Av (C),Brooklyn,40.68611,-73.973946,178.0,158.0307,1,15.0,1,10,0,0
2025-05-05 10:00:00,177,Clinton-Washington Avs (C),Brooklyn,40.68326,-73.965836,330.0,131.9125,1,15.0,1,10,0,0
2025-05-05 10:00:00,179,"Nostrand Av (A,C)",Brooklyn,40.68044,-73.950424,691.0,314.9744,1,32.0,1,10,0,0
2025-05-05 10:00:00,180,Kingston-Throop Avs (C),Brooklyn,40.67992,-73.94086,304.0,108.0527,1,15.0,1,10,0,0
2025-05-05 10:00:00,181,"Utica Av (A,C)",Brooklyn,40.679363,-73.93073,620.0,215.9211,1,31.0,1,10,0,0
2025-05-05 10:00:00,182,Ralph Av (C),Brooklyn,40.67882,-73.920784,206.0,77.0406,1,14.0,1,10,0,0
2025-05-05 10:00:00,183,Rockaway Av (C),Brooklyn,40.67834,-73.91195,191.0,82.5992,1,14.0,1,10,0,0
2025-05-05 10:00:00,185,Liberty Av (C),Brooklyn,40.67454,-73.896545,109.0,45.2321,1,15.0,1,10,0,0
2025-05-05 10:00:00,186,Van Siclen Av (C),Brooklyn,40.67271,-73.89036,114.0,35.3158,1,15.0,1,10,0,0
2025-05-05 10:00:00,187,Shepherd Av (C),Brooklyn,40.67413,-73.88075,86.0,40.8143,1,14.0,1,10,0,0
2025-05-05 10:00:00,188,"Euclid Av (A,C)",Brooklyn,40.675377,-73.87211,391.0,151.5618,1,24.0,1,10,0,0
2025-05-05 10:00:00,189,Grant Av (A),Brooklyn,40.677044,-73.86505,180.0,72.9835,1,17.0,1,10,0,0
2025-05-05 10:00:00,190,80 St (A),Queens,40.67937,-73.85899,175.0,39.2307,1,16.0,1,10,0,0
2025-05-05 10:00:00,191,88 St (A),Queens,40.679844,-73.85147,103.0,23.4634,1,17.0,1,10,0,0
2025-05-05 10:00:00,192,Rockaway Blvd (A),Queens,40.680428,-73.84386,242.0,101.5628,1,17.0,1,10,0,0
2025-05-05 10:00:00,193,104 St (A),Queens,40.68171,-73.837685,65.0,21.2853,1,8.0,1,10,0,0
2025-05-05 10:00:00,194,111 St (A),Queens,40.68433,-73.83216,68.0,21.6168,1,8.0,1,10,0,0
2025-05-05 10:00:00,195,Ozone Park-Lefferts Blvd (A),Queens,40.68595,-73.8258,205.0,86.4949,1,4.0,1,10,0,0
2025-05-05 10:00:00,196,Aqueduct Racetrack (A),Queens,40.672096,-73.83592,13.0,37.1497,1,4.0,1,10,0,0
2025-05-05 10:00:00,197,Aqueduct-N Conduit Av (A),Queens,40.668236,-73.83406,18.0,5.9581,1,9.0,1,10,0,0
2025-05-05 10:00:00,198,Howard Beach-JFK Airport (A),Queens,40.660477,-73.8303,341.0,165.4258,1,4.0,1,10,0,0
2025-05-05 10:00:00,210,Norwood-205 St (D),Bronx,40.87481,-73.87885,210.0,76.1349,1,7.0,1,10,0,0
2025-05-05 10:00:00,211,"Bedford Park Blvd (B,D)",Bronx,40.873245,-73.88714,182.0,104.5807,1,18.0,1,10,0,0
2025-05-05 10:00:00,212,"Kingsbridge Rd (B,D)",Bronx,40.866978,-73.89351,246.0,75.8198,1,22.0,1,10,0,0
2025-05-05 10:00:00,213,"Fordham Rd (B,D)",Bronx,40.861298,-73.89775,280.0,150.2576,1,21.0,1,10,0,0
2025-05-05 10:00:00,214,"182-183 Sts (B,D)",Bronx,40.856094,-73.90074,143.0,60.2637,1,21.0,1,10,0,0
2025-05-05 10:00:00,215,"Tremont Av (B,D)",Bronx,40.85041,-73.90523,262.0,105.3046,1,22.0,1,10,0,0
2025-05-05 10:00:00,216,"174-175 Sts (B,D)",Bronx,40.8459,-73.91013,173.0,58.8478,1,24.0,1,10,0,0
2025-05-05 10:00:00,217,"170 St (B,D)",Bronx,40.839306,-73.9134,212.0,70.7766,1,23.0,1,10,0,0
2025-05-05 10:00:00,218,"167 St (B,D)",Bronx,40.83377,-73.91844,289.0,119.7589,1,22.0,1,10,0,0
2025-05-05 10:00:00,220,"155 St (B,D)",Manhattan,40.830135,-73.93821,78.0,44.2478,1,23.0,1,10,0,0
2025-05-05 10:00:00,221,21 St-Queensbridge (M),Queens,40.754204,-73.94283,607.0,207.8283,1,20.0,1,10,0,0
2025-05-05 10:00:00,222,Roosevelt Island (M),Manhattan,40.759144,-73.95326,399.0,233.9046,1,20.0,1,10,0,0
2025-05-05 10:00:00,223,"Lexington Av/63 St (M,Q)",Manhattan,40.76463,-73.96611,473.0,828.7739,1,34.0,1,10,0,0
2025-05-05 10:00:00,224,57 St (M),Manhattan,40.763973,-73.97745,271.0,732.8284,1,21.0,1,10,0,0
2025-05-05 10:00:00,225,"47-50 Sts-Rockefeller Ctr (B,D,F,M)",Manhattan,40.758663,-73.98133,913.0,2422.4054,1,67.0,1,10,0,0
2025-05-05 10:00:00,228,"23 St (F,M)",Manhattan,40.742878,-73.99282,648.0,896.7596,1,36.0,1,10,0,0
2025-05-05 10:00:00,231,"Grand St (B,D)",Manhattan,40.718266,-73.99375,673.0,1291.9134,1,30.0,1,10,0,0
2025-05-05 10:00:00,232,2 Av (F),Manhattan,40.7234,-73.98994,430.0,504.1074,1,19.0,1,10,0,0
2025-05-05 10:00:00,234,East Broadway (F),Manhattan,40.713715,-73.99017,549.0,490.5999,1,21.0,1,10,0,0
2025-05-05 10:00:00,235,York St (F),Brooklyn,40.701397,-73.98675,338.0,661.6695,1,19.0,1,10,0,0
2025-05-05 10:00:00,236,"Bergen St (F,G)",Brooklyn,40.686146,-73.99086,372.0,250.3525,1,35.0,1,10,0,0
2025-05-05 10:00:00,237,"Carroll St (F,G)",Brooklyn,40.6803,-73.99505,368.0,222.181,1,35.0,1,10,0,0
2025-05-05 10:00:00,238,"Smith-9 Sts (F,G)",Brooklyn,40.67358,-73.99596,130.0,102.087,1,35.0,1,10,0,0
2025-05-05 10:00:00,240,"7 Av (F,G)",Brooklyn,40.66627,-73.98031,414.0,259.6689,1,36.0,1,10,0,0
2025-05-05 10:00:00,241,"15 St-Prospect Park (F,G)",Brooklyn,40.660366,-73.97949,198.0,106.7483,1,37.0,1,10,0,0
2025-05-05 10:00:00,242,"Fort Hamilton Pkwy (F,G)",Brooklyn,40.650784,-73.97578,203.0,82.028,1,36.0,1,10,0,0
2025-05-05 10:00:00,243,"Church Av (F,G)",Brooklyn,40.64404,-73.979675,397.0,160.5889,1,28.0,1,10,0,0
2025-05-05 10:00:00,244,Ditmas Av (F),Brooklyn,40.63612,-73.97817,140.0,61.2688,1,21.0,1,10,0,0
2025-05-05 10:00:00,245,18 Av (F),Brooklyn,40.629753,-73.976974,103.0,64.5698,1,20.0,1,10,0,0
2025-05-05 10:00:00,246,Avenue I (F),Brooklyn,40.62532,-73.97613,50.0,37.9148,1,20.0,1,10,0,0
2025-05-05 10:00:00,247,Bay Pkwy (F),Brooklyn,40.62077,-73.975266,33.0,20.941,1,21.0,1,10,0,0
2025-05-05 10:00:00,248,Avenue N (F),Brooklyn,40.61514,-73.9742,86.0,54.8611,1,20.0,1,10,0,0
2025-05-05 10:00:00,249,Avenue P (F),Brooklyn,40.608944,-73.97302,65.0,33.1501,1,20.0,1,10,0,0
2025-05-05 10:00:00,250,Kings Hwy (F),Brooklyn,40.603218,-73.97236,127.0,53.0722,1,17.0,1,10,0,0
2025-05-05 10:00:00,251,Avenue U (F),Brooklyn,40.59606,-73.97336,77.0,28.8534,1,16.0,1,10,0,0
2025-05-05 10:00:00,252,Avenue X (F),Brooklyn,40.58962,-73.97425,72.0,46.8078,1,15.0,1,10,0,0
2025-05-05 10:00:00,253,Neptune Av (F),Brooklyn,40.581013,-73.97457,56.0,25.1614,1,16.0,1,10,0,0
2025-05-05 10:00:00,254,Jamaica-179 St (F),Queens,40.712646,-73.78381,672.0,214.3912,1,10.0,1,10,0,0
2025-05-05 10:00:00,255,169 St (F),Queens,40.71047,-73.7936,318.0,124.2055,1,20.0,1,10,0,0
2025-05-05 10:00:00,256,Parsons Blvd (F),Queens,40.707565,-73.80333,268.0,109.7013,1,21.0,1,10,0,0
2025-05-05 10:00:00,257,Sutphin Blvd (F),Queens,40.70546,-73.81071,203.0,76.9332,1,22.0,1,10,0,0
2025-05-05 10:00:00,258,"Briarwood (E,F)",Queens,40.70918,-73.82057,171.0,62.3679,1,21.0,1,10,0,0
2025-05-05 10:00:00,259,"Kew Gardens-Union Tpke (E,F)",Queens,40.71444,-73.83101,836.0,424.935,1,43.0,1,10,0,0
2025-05-05 10:00:00,260,"75 Av (E,F)",Queens,40.71833,-73.837326,128.0,60.1624,1,21.0,1,10,0,0
2025-05-05 10:00:00,261,"Forest Hills-71 Av (E,F,M,R)",Queens,40.72169,-73.84452,1003.0,560.2352,1,57.0,1,10,0,0
2025-05-05 10:00:00,262,"67 Av (M,R)",Queens,40.726524,-73.85272,338.0,127.7675,1,30.0,1,10,0,0
2025-05-05 10:00:00,263,"63 Dr-Rego Park (M,R)",Queens,40.729847,-73.8616,598.0,290.2739,1,31.0,1,10,0,0
2025-05-05 10:00:00,264,"Woodhaven Blvd (M,R)",Queens,40.733105,-73.86923,655.0,389.3526,1,31.0,1,10,0,0
2025-05-05 10:00:00,265,"Grand Av-Newtown (M,R)",Queens,40.737015,-73.87722,987.0,288.8537,1,31.0,1,10,0,0
2025-05-05 10:00:00,266,"Elmhurst Av (M,R)",Queens,40.742455,-73.88202,762.0,226.5579,1,32.0,1,10,0,0
2025-05-05 10:00:00,268,"65 St (M,R)",Queens,40.74967,-73.89845,155.0,37.4637,1,30.0,1,10,0,0
2025-05-05 10:00:00,269,"Northern Blvd (M,R)",Queens,40.752884,-73.906006,253.0,107.0882,1,30.0,1,10,0,0
2025-05-05 10:00:00,270,"46 St (M,R)",Queens,40.756313,-73.91333,292.0,128.4624,1,30.0,1,10,0,0
2025-05-05 10:00:00,271,"Steinway St (M,R)",Queens,40.756878,-73.92074,432.0,315.2209,1,31.0,1,10,0,0
2025-05-05 10:00:00,272,"36 St (M,R)",Queens,40.75204,-73.92878,134.0,121.3826,1,31.0,1,10,0,0
2025-05-05 10:00:00,273,"Queens Plaza (E,F,R)",Queens,40.748974,-73.93724,694.0,417.2526,1,51.0,1,10,0,0
2025-05-05 10:00:00,276,"5 Av/53 St (E,F)",Manhattan,40.760166,-73.97523,184.0,720.4241,1,37.0,1,10,0,0
2025-05-05 10:00:00,277,"7 Av (E,B,D)",Manhattan,40.762863,-73.981636,444.0,700.245,1,51.0,1,10,0,0
2025-05-05 10:00:00,278,"Jamaica Center-Parsons/Archer (E,J,Z)",Queens,40.70215,-73.80111,1030.0,535.4744,1,18.0,1,10,0,0
2025-05-05 10:00:00,279,"Sutphin Blvd-Archer Av-JFK Airport (E,J,Z)",Queens,40.700485,-73.80797,851.0,648.5005,1,36.0,1,10,0,0
2025-05-05 10:00:00,280,Jamaica-Van Wyck (E),Queens,40.702564,-73.81686,149.0,90.7688,1,22.0,1,10,0,0
2025-05-05 10:00:00,282,21 St (G),Queens,40.744064,-73.94972,30.0,51.7375,1,16.0,1,10,0,0
2025-05-05 10:00:00,283,Greenpoint Av (G),Brooklyn,40.731354,-73.95445,367.0,285.0051,1,15.0,1,10,0,0
2025-05-05 10:00:00,284,Nassau Av (G),Brooklyn,40.724636,-73.95128,314.0,269.4089,1,14.0,1,10,0,0
2025-05-05 10:00:00,286,Broadway (G),Brooklyn,40.706093,-73.95031,131.0,104.9041,1,16.0,1,10,0,0
2025-05-05 10:00:00,287,Flushing Av (G),Brooklyn,40.70038,-73.95023,70.0,86.4945,1,16.0,1,10,0,0
2025-05-05 10:00:00,288,Myrtle-Willoughby Avs (G),Brooklyn,40.69457,-73.94904,236.0,73.4375,1,15.0,1,10,0,0
2025-05-05 10:00:00,289,Bedford-Nostrand Avs (G),Brooklyn,40.68963,-73.95352,364.0,126.796,1,14.0,1,10,0,0
2025-05-05 10:00:00,290,Classon Av (G),Brooklyn,40.688873,-73.96007,191.0,82.1943,1,15.0,1,10,0,0
2025-05-05 10:00:00,291,Clinton-Washington Avs (G),Brooklyn,40.688087,-73.96684,226.0,144.0344,1,15.0,1,10,0,0
2025-05-05 10:00:00,292,Fulton St (G),Brooklyn,40.68712,-73.97537,152.0,181.2177,1,16.0,1,10,0,0
2025-05-05 10:00:00,293,Van Cortlandt Park-242 St (1),Bronx,40.889248,-73.89858,231.0,97.5297,1,11.0,1,10,0,0
2025-05-05 10:00:00,294,238 St (1),Bronx,40.884666,-73.90087,146.0,73.2927,1,24.0,1,10,0,0
2025-05-05 10:00:00,295,231 St (1),Bronx,40.878857,-73.90483,264.0,180.3838,1,25.0,1,10,0,0
2025-05-05 10:00:00,296,Marble Hill-225 St (1),Manhattan,40.87456,-73.90983,160.0,96.1155,1,24.0,1,10,0,0
2025-05-05 10:00:00,297,215 St (1),Manhattan,40.869446,-73.915276,76.0,51.2063,1,24.0,1,10,0,0
2025-05-05 10:00:00,298,207 St (1),Manhattan,40.86462,-73.91882,173.0,121.7527,1,27.0,1,10,0,0
2025-05-05 10:00:00,299,Dyckman St (1),Manhattan,40.86053,-73.92554,251.0,129.9617,1,26.0,1,10,0,0
2025-05-05 10:00:00,300,191 St (1),Manhattan,40.855225,-73.92941,212.0,117.9951,1,25.0,1,10,0,0
2025-05-05 10:00:00,301,181 St (1),Manhattan,40.849506,-73.93359,403.0,244.0392,1,27.0,1,10,0,0
2025-05-05 10:00:00,303,157 St (1),Manhattan,40.83404,-73.94489,400.0,187.5181,1,25.0,1,10,0,0
2025-05-05 10:00:00,304,145 St (1),Manhattan,40.82655,-73.95036,370.0,163.341,1,26.0,1,10,0,0
2025-05-05 10:00:00,305,137 St-City College (1),Manhattan,40.822006,-73.953674,434.0,282.7932,1,26.0,1,10,0,0
2025-05-05 10:00:00,306,125 St (1),Manhattan,40.815582,-73.958374,257.0,227.513,1,24.0,1,10,0,0
2025-05-05 10:00:00,307,116 St-Columbia University (1),Manhattan,40.80772,-73.96411,297.0,501.5011,1,25.0,1,10,0,0
2025-05-05 10:00:00,308,Cathedral Pkwy (110 St) (1),Manhattan,40.803967,-73.96685,356.0,354.2082,1,25.0,1,10,0,0
2025-05-05 10:00:00,309,103 St (1),Manhattan,40.799446,-73.968376,535.0,290.5264,1,25.0,1,10,0,0
2025-05-05 10:00:00,310,"96 St (1,2,3)",Manhattan,40.79392,-73.97232,1273.0,895.7151,1,56.0,1,10,0,0
2025-05-05 10:00:00,311,86 St (1),Manhattan,40.788643,-73.97622,518.0,494.7597,1,25.0,1,10,0,0
2025-05-05 10:00:00,312,79 St (1),Manhattan,40.783936,-73.97992,463.0,498.8173,1,25.0,1,10,0,0
2025-05-05 10:00:00,313,"72 St (1,2,3)",Manhattan,40.778454,-73.98197,1187.0,1366.0976,1,54.0,1,10,0,0
2025-05-05 10:00:00,314,66 St-Lincoln Center (1),Manhattan,40.77344,-73.98221,452.0,590.0185,1,24.0,1,10,0,0
2025-05-05 10:00:00,316,50 St (1),Manhattan,40.761726,-73.98385,528.0,780.8037,1,24.0,1,10,0,0
2025-05-05 10:00:00,318,"34 St-Penn Station (1,2,3)",Manhattan,40.750374,-73.99106,2589.0,1848.4211,1,55.0,1,10,0,0
2025-05-05 10:00:00,319,28 St (1),Manhattan,40.747215,-73.99336,468.0,506.5699,1,24.0,1,10,0,0
2025-05-05 10:00:00,320,23 St (1),Manhattan,40.74408,-73.99566,338.0,516.3421,1,23.0,1,10,0,0
2025-05-05 10:00:00,321,18 St (1),Manhattan,40.74104,-73.99787,168.0,277.1856,1,24.0,1,10,0,0
2025-05-05 10:00:00,323,Christopher St-Stonewall (1),Manhattan,40.73342,-74.00291,268.0,427.5511,1,24.0,1,10,0,0
2025-05-05 10:00:00,324,Houston St (1),Manhattan,40.728252,-74.00536,283.0,526.2146,1,22.0,1,10,0,0
2025-05-05 10:00:00,325,Canal St (1),Manhattan,40.722855,-74.00628,97.0,200.7423,1,24.0,1,10,0,0
2025-05-05 10:00:00,326,Franklin St (1),Manhattan,40.71932,-74.00689,183.0,231.5203,1,24.0,1,10,0,0
2025-05-05 10:00:00,327,"Chambers St (1,2,3)",Manhattan,40.715477,-74.00927,404.0,718.8439999999999,1,54.0,1,10,0,0
2025-05-05 10:00:00,328,WTC Cortlandt (1),Manhattan,40.711834,-74.01219,447.0,656.2831,1,22.0,1,10,0,0
2025-05-05 10:00:00,329,Rector St (1),Manhattan,40.70751,-74.01379,266.0,220.9426,1,24.0,1,10,0,0
2025-05-05 10:00:00,333,"Wall St (2,3)",Manhattan,40.70682,-74.0091,383.0,579.917,1,31.0,1,10,0,0
2025-05-05 10:00:00,334,"Clark St (2,3)",Brooklyn,40.697468,-73.99309,232.0,203.3028,1,32.0,1,10,0,0
2025-05-05 10:00:00,336,"Hoyt St (2,3)",Brooklyn,40.690544,-73.98506,199.0,246.1288,1,31.0,1,10,0,0
2025-05-05 10:00:00,337,"Nevins St (2,3,4,5)",Brooklyn,40.688248,-73.98049,283.0,292.1186,1,67.0,1,10,0,0
2025-05-05 10:00:00,339,"Bergen St (2,3)",Brooklyn,40.68083,-73.9751,177.0,96.8925,1,32.0,1,10,0,0
2025-05-05 10:00:00,340,"Grand Army Plaza (2,3)",Brooklyn,40.675236,-73.97105,261.0,187.9095,1,31.0,1,10,0,0
2025-05-05 10:00:00,341,"Eastern Pkwy-Brooklyn Museum (2,3)",Brooklyn,40.671986,-73.96438,163.0,120.3527,1,32.0,1,10,0,0
2025-05-05 10:00:00,343,Nostrand Av (3),Brooklyn,40.669846,-73.95046,125.0,70.8265,1,17.0,1,10,0,0
2025-05-05 10:00:00,344,Kingston Av (3),Brooklyn,40.6694,-73.94216,170.0,86.3961,1,17.0,1,10,0,0
2025-05-05 10:00:00,345,"Crown Hts-Utica Av (3,4)",Brooklyn,40.668896,-73.932945,949.0,396.9315,1,26.0,1,10,0,0
2025-05-05 10:00:00,346,Sutter Av-Rutland Rd (3),Brooklyn,40.66472,-73.92261,251.0,98.1734,1,16.0,1,10,0,0
2025-05-05 10:00:00,347,Saratoga Av (3),Brooklyn,40.661453,-73.91633,171.0,73.5171,1,17.0,1,10,0,0
2025-05-05 10:00:00,348,Rockaway Av (3),Brooklyn,40.662548,-73.90894,147.0,79.0202,1,17.0,1,10,0,0
2025-05-05 10:00:00,349,Junius St (3),Brooklyn,40.663513,-73.90245,72.0,55.667,1,18.0,1,10,0,0
2025-05-05 10:00:00,350,Pennsylvania Av (3),Brooklyn,40.664635,-73.8949,109.0,73.381,1,18.0,1,10,0,0
2025-05-05 10:00:00,351,Van Siclen Av (3),Brooklyn,40.665447,-73.8894,70.0,35.9408,1,19.0,1,10,0,0
2025-05-05 10:00:00,352,New Lots Av (3),Brooklyn,40.666237,-73.88408,183.0,77.9,1,7.0,1,10,0,0
2025-05-05 10:00:00,353,"President St-Medgar Evers College (2,5)",Brooklyn,40.667885,-73.95068,147.0,55.3648,1,32.0,1,10,0,0
2025-05-05 10:00:00,354,"Sterling St (2,5)",Brooklyn,40.662743,-73.95085,239.0,84.594,1,32.0,1,10,0,0
2025-05-05 10:00:00,355,"Winthrop St (2,5)",Brooklyn,40.65665,-73.9502,257.0,140.1642,1,31.0,1,10,0,0
2025-05-05 10:00:00,356,"Church Av (2,5)",Brooklyn,40.650845,-73.94958,387.0,142.6102,1,30.0,1,10,0,0
2025-05-05 10:00:00,357,"Beverly Rd (2,5)",Brooklyn,40.6451,-73.94896,145.0,60.5092,1,30.0,1,10,0,0
2025-05-05 10:00:00,358,"Newkirk Av-Little Haiti (2,5)",Brooklyn,40.63997,-73.94841,281.0,89.3808,1,31.0,1,10,0,0
2025-05-05 10:00:00,359,"Flatbush Av-Brooklyn College (2,5)",Brooklyn,40.632835,-73.94764,688.0,401.9355,1,15.0,1,10,0,0
2025-05-05 10:00:00,360,Pelham Bay Park (6),Bronx,40.852463,-73.82812,148.0,113.9213,1,8.0,1,10,0,0
2025-05-05 10:00:00,361,Buhre Av (6),Bronx,40.84681,-73.832565,134.0,44.8162,1,15.0,1,10,0,0
2025-05-05 10:00:00,362,Middletown Rd (6),Bronx,40.843864,-73.83632,50.0,29.3083,1,16.0,1,10,0,0
2025-05-05 10:00:00,363,Westchester Sq-E Tremont Av (6),Bronx,40.839893,-73.84295,204.0,100.5239,1,16.0,1,10,0,0
2025-05-05 10:00:00,364,Zerega Av (6),Bronx,40.836487,-73.84704,62.0,28.5108,1,17.0,1,10,0,0
2025-05-05 10:00:00,365,Castle Hill Av (6),Bronx,40.834255,-73.85122,192.0,85.4889,1,17.0,1,10,0,0
2025-05-05 10:00:00,366,Parkchester (6),Bronx,40.833225,-73.86082,440.0,170.5972,1,22.0,1,10,0,0
2025-05-05 10:00:00,367,St Lawrence Av (6),Bronx,40.83151,-73.867615,143.0,50.4334,1,23.0,1,10,0,0
2025-05-05 10:00:00,368,Morrison Av-Soundview (6),Bronx,40.82952,-73.87452,204.0,82.7787,1,25.0,1,10,0,0
2025-05-05 10:00:00,369,Elder Av (6),Bronx,40.828583,-73.87916,193.0,76.0131,1,25.0,1,10,0,0
2025-05-05 10:00:00,370,Whitlock Av (6),Bronx,40.826527,-73.886284,38.0,21.3035,1,24.0,1,10,0,0
2025-05-05 10:00:00,371,Hunts Point Av (6),Bronx,40.82095,-73.89055,286.0,147.9027,1,33.0,1,10,0,0
2025-05-05 10:00:00,372,Longwood Av (6),Bronx,40.816105,-73.89644,84.0,53.0798,1,24.0,1,10,0,0
2025-05-05 10:00:00,373,E 149 St (6),Bronx,40.81212,-73.9041,150.0,84.37349999999999,1,24.0,1,10,0,0
2025-05-05 10:00:00,374,E 143 St-St Mary's St (6),Bronx,40.80872,-73.90765,48.0,37.5221,1,25.0,1,10,0,0
2025-05-05 10:00:00,375,Cypress Av (6),Bronx,40.805367,-73.91404,66.0,48.1852,1,24.0,1,10,0,0
2025-05-05 10:00:00,376,Brook Av (6),Bronx,40.807568,-73.91924,156.0,78.2436,1,24.0,1,10,0,0
2025-05-05 10:00:00,377,3 Av-138 St (6),Bronx,40.810474,-73.92614,253.0,124.6544,1,32.0,1,10,0,0
2025-05-05 10:00:00,378,Woodlawn (4),Bronx,40.886036,-73.87875,186.0,125.5407,1,7.0,1,10,0,0
2025-05-05 10:00:00,379,Mosholu Pkwy (4),Bronx,40.87975,-73.88466,217.0,121.4961,1,15.0,1,10,0,0
2025-05-05 10:00:00,380,Bedford Park Blvd-Lehman College (4),Bronx,40.873413,-73.89006,151.0,115.9005,1,16.0,1,10,0,0
2025-05-05 10:00:00,381,Kingsbridge Rd (4),Bronx,40.86776,-73.89717,262.0,164.9026,1,16.0,1,10,0,0
2025-05-05 10:00:00,382,Fordham Rd (4),Bronx,40.862804,-73.90103,304.0,189.7031,1,15.0,1,10,0,0
2025-05-05 10:00:00,383,183 St (4),Bronx,40.858406,-73.90388,179.0,83.404,1,14.0,1,10,0,0
2025-05-05 10:00:00,384,Burnside Av (4),Bronx,40.853455,-73.907684,317.0,140.3987,1,15.0,1,10,0,0
2025-05-05 10:00:00,385,176 St (4),Bronx,40.84848,-73.9118,169.0,76.0164,1,15.0,1,10,0,0
2025-05-05 10:00:00,386,Mt Eden Av (4),Bronx,40.844433,-73.91469,138.0,68.0399,1,15.0,1,10,0,0
2025-05-05 10:00:00,387,170 St (4),Bronx,40.840076,-73.91779,231.0,131.9529,1,15.0,1,10,0,0
2025-05-05 10:00:00,388,167 St (4),Bronx,40.835537,-73.9214,320.0,141.0968,1,19.0,1,10,0,0
2025-05-05 10:00:00,391,"138 St-Grand Concourse (4,5)",Bronx,40.813225,-73.92985,143.0,66.6061,1,35.0,1,10,0,0
2025-05-05 10:00:00,392,"125 St (4,5,6)",Manhattan,40.80414,-73.93759,832.0,589.0084,1,67.0,1,10,0,0
2025-05-05 10:00:00,393,116 St (6),Manhattan,40.79863,-73.94162,544.0,311.1844,1,32.0,1,10,0,0
2025-05-05 10:00:00,394,110 St (6),Manhattan,40.79502,-73.94425,369.0,208.2354,1,32.0,1,10,0,0
2025-05-05 10:00:00,395,103 St (6),Manhattan,40.7906,-73.94748,368.0,302.9095,1,33.0,1,10,0,0
2025-05-05 10:00:00,396,96 St (6),Manhattan,40.78567,-73.95107,547.0,490.5101,1,32.0,1,10,0,0
2025-05-05 10:00:00,397,"86 St (4,5,6)",Manhattan,40.77949,-73.95559,1217.0,1615.4913,1,65.0,1,10,0,0
2025-05-05 10:00:00,398,77 St (6),Manhattan,40.77362,-73.95988,745.0,1131.4537,1,32.0,1,10,0,0
2025-05-05 10:00:00,399,68 St-Hunter College (6),Manhattan,40.768143,-73.96387,542.0,1341.7689,1,31.0,1,10,0,0
2025-05-05 10:00:00,403,33 St (6),Manhattan,40.746082,-73.98208,777.0,866.0981,1,31.0,1,10,0,0
2025-05-05 10:00:00,404,28 St (6),Manhattan,40.74307,-73.98426,566.0,636.2388,1,31.0,1,10,0,0
2025-05-05 10:00:00,405,23 St-Baruch College (6),Manhattan,40.739864,-73.9866,757.0,1112.8935,1,32.0,1,10,0,0
2025-05-05 10:00:00,407,Astor Pl (6),Manhattan,40.730053,-73.99107,357.0,620.1305,1,31.0,1,10,0,0
2025-05-05 10:00:00,409,Spring St (6),Manhattan,40.7223,-73.99714,262.0,593.1171,1,31.0,1,10,0,0
2025-05-05 10:00:00,413,"Wall St (4,5)",Manhattan,40.707558,-74.01186,420.0,565.1718,1,36.0,1,10,0,0
2025-05-05 10:00:00,414,"Bowling Green (4,5)",Manhattan,40.70482,-74.01407,622.0,843.0726999999999,1,36.0,1,10,0,0
2025-05-05 10:00:00,416,Wakefield-241 St (2),Bronx,40.903126,-73.85062,123.0,59.9438,1,7.0,1,10,0,0
2025-05-05 10:00:00,417,"Nereid Av (2,5)",Bronx,40.89838,-73.85438,71.0,38.4751,1,16.0,1,10,0,0
2025-05-05 10:00:00,418,"233 St (2,5)",Bronx,40.893192,-73.857475,111.0,64.4207,1,17.0,1,10,0,0
2025-05-05 10:00:00,419,"225 St (2,5)",Bronx,40.888023,-73.860344,95.0,42.5337,1,17.0,1,10,0,0
2025-05-05 10:00:00,420,"219 St (2,5)",Bronx,40.883896,-73.86263,81.0,35.4089,1,18.0,1,10,0,0
2025-05-05 10:00:00,421,"Gun Hill Rd (2,5)",Bronx,40.87785,-73.86626,189.0,101.5306,1,17.0,1,10,0,0
2025-05-05 10:00:00,422,"Burke Av (2,5)",Bronx,40.871357,-73.867165,71.0,45.053,1,16.0,1,10,0,0
2025-05-05 10:00:00,423,"Allerton Av (2,5)",Bronx,40.865463,-73.867355,109.0,65.6101,1,16.0,1,10,0,0
2025-05-05 10:00:00,424,"Pelham Pkwy (2,5)",Bronx,40.857193,-73.867615,232.0,135.4994,1,18.0,1,10,0,0
2025-05-05 10:00:00,425,"Bronx Park East (2,5)",Bronx,40.848827,-73.868454,69.0,32.6477,1,17.0,1,10,0,0
2025-05-05 10:00:00,426,"E 180 St (2,5)",Bronx,40.841892,-73.87349,286.0,124.9445,1,35.0,1,10,0,0
2025-05-05 10:00:00,427,"West Farms Sq-E Tremont Av (2,5)",Bronx,40.840294,-73.88005,192.0,151.2006,1,32.0,1,10,0,0
2025-05-05 10:00:00,428,"174 St (2,5)",Bronx,40.837288,-73.88773,212.0,111.7493,1,32.0,1,10,0,0
2025-05-05 10:00:00,429,"Freeman St (2,5)",Bronx,40.829994,-73.89187,163.0,65.5591,1,33.0,1,10,0,0
2025-05-05 10:00:00,430,"Simpson St (2,5)",Bronx,40.824074,-73.89307,295.0,155.0581,1,32.0,1,10,0,0
2025-05-05 10:00:00,431,"Intervale Av (2,5)",Bronx,40.82218,-73.896736,132.0,57.0773,1,32.0,1,10,0,0
2025-05-05 10:00:00,432,"Prospect Av (2,5)",Bronx,40.819584,-73.90177,219.0,92.0154,1,32.0,1,10,0,0
2025-05-05 10:00:00,433,"Jackson Av (2,5)",Bronx,40.81649,-73.90781,164.0,91.7055,1,32.0,1,10,0,0
2025-05-05 10:00:00,434,"3 Av-149 St (2,5)",Bronx,40.81611,-73.917755,772.0,402.3022,1,33.0,1,10,0,0
2025-05-05 10:00:00,436,Harlem-148 St (3),Manhattan,40.82388,-73.93647,127.0,36.5651,1,7.0,1,10,0,0
2025-05-05 10:00:00,437,145 St (3),Manhattan,40.82042,-73.93625,104.0,51.2906,1,17.0,1,10,0,0
2025-05-05 10:00:00,438,"135 St (2,3)",Manhattan,40.814228,-73.94077,394.0,252.9347,1,33.0,1,10,0,0
2025-05-05 10:00:00,439,"125 St (2,3)",Manhattan,40.807755,-73.945496,466.0,446.8993,1,34.0,1,10,0,0
2025-05-05 10:00:00,440,"116 St (2,3)",Manhattan,40.802097,-73.94962,341.0,202.7384,1,32.0,1,10,0,0
2025-05-05 10:00:00,441,"110 St-Malcolm X Plaza (2,3)",Manhattan,40.799076,-73.95182,274.0,155.0259,1,32.0,1,10,0,0
2025-05-05 10:00:00,442,Eastchester-Dyre Av (5),Bronx,40.8883,-73.83083,117.0,53.9247,1,7.0,1,10,0,0
2025-05-05 10:00:00,443,Baychester Av (5),Bronx,40.878662,-73.83859,88.0,30.5567,1,16.0,1,10,0,0
2025-05-05 10:00:00,444,Gun Hill Rd (5),Bronx,40.869526,-73.84638,148.0,59.2776,1,17.0,1,10,0,0
2025-05-05 10:00:00,445,Pelham Pkwy (5),Bronx,40.858986,-73.85536,92.0,37.0695,1,15.0,1,10,0,0
2025-05-05 10:00:00,446,Morris Park (5),Bronx,40.854362,-73.8605,96.0,29.6114,1,15.0,1,10,0,0
2025-05-05 10:00:00,447,Flushing-Main St (7),Queens,40.7596,-73.83003,2287.0,1666.84,1,12.0,1,10,0,0
2025-05-05 10:00:00,448,Mets-Willets Point (7),Queens,40.754623,-73.84563,152.0,167.331,1,25.0,1,10,0,0
2025-05-05 10:00:00,449,111 St (7),Queens,40.75173,-73.85533,487.0,165.9557,1,26.0,1,10,0,0
2025-05-05 10:00:00,450,103 St-Corona Plaza (7),Queens,40.749866,-73.8627,888.0,324.2661,1,25.0,1,10,0,0
2025-05-05 10:00:00,451,Junction Blvd (7),Queens,40.749146,-73.86953,950.0,448.3405,1,25.0,1,10,0,0
2025-05-05 10:00:00,452,90 St-Elmhurst Av (7),Queens,40.74841,-73.87661,768.0,373.1394,1,27.0,1,10,0,0
2025-05-05 10:00:00,453,82 St-Jackson Hts (7),Queens,40.747658,-73.8837,600.0,441.304,1,25.0,1,10,0,0
2025-05-05 10:00:00,455,69 St (7),Queens,40.746326,-73.8964,286.0,118.7419,1,26.0,1,10,0,0
2025-05-05 10:00:00,456,61 St-Woodside (7),Queens,40.74563,-73.902985,720.0,320.4,1,25.0,1,10,0,0
2025-05-05 10:00:00,457,52 St (7),Queens,40.74415,-73.91255,336.0,113.0843,1,25.0,1,10,0,0
2025-05-05 10:00:00,458,46 St-Bliss St (7),Queens,40.743134,-73.918434,574.0,224.5164,1,26.0,1,10,0,0
2025-05-05 10:00:00,459,40 St-Lowery St (7),Queens,40.743782,-73.92402,431.0,187.3025,1,27.0,1,10,0,0
2025-05-05 10:00:00,460,33 St-Rawson St (7),Queens,40.744587,-73.931,288.0,474.5349,1,27.0,1,10,0,0
2025-05-05 10:00:00,461,"Queensboro Plaza (7,N,W)",Queens,40.750584,-73.9402,537.0,328.4382,1,25.0,1,10,0,0
2025-05-05 10:00:00,463,Hunters Point Av (7),Queens,40.742214,-73.94891,118.0,79.3312,1,24.0,1,10,0,0
2025-05-05 10:00:00,464,Vernon Blvd-Jackson Av (7),Queens,40.742626,-73.95358,643.0,355.8924,1,24.0,1,10,0,0
2025-05-05 10:00:00,471,34 St-Hudson Yards (7),Manhattan,40.755882,-74.00191,496.0,1110.5846,1,12.0,1,10,0,0
2025-05-05 10:00:00,475,96 St (Q),Manhattan,40.784317,-73.94715,656.0,367.621,1,7.0,1,10,0,0
2025-05-05 10:00:00,476,86 St (Q),Manhattan,40.77789,-73.95179,794.0,620.5206,1,14.0,1,10,0,0
2025-05-05 10:00:00,477,72 St (Q),Manhattan,40.7688,-73.95843,810.0,1000.0069,1,16.0,1,10,0,0
2025-05-05 10:00:00,501,St George (SIR),Staten Island,40.64375,-74.07365,180.0,,0,2.0,1,10,0,0
2025-05-05 10:00:00,502,Tompkinsville (SIR),Staten Island,40.636948,-74.07484,26.0,,0,4.0,1,10,0,0
2025-05-05 10:00:00,601,"14 St/6 Av (1,2,3,L,F,M)",Manhattan,40.737797,-73.997734,1073.0,1640.1901,1,119.0,1,10,0,0
2025-05-05 10:00:00,602,"14 St-Union Sq (4,5,6,L,N,Q,R,W)",Manhattan,40.735065,-73.99042,2005.0,3891.0767,1,124.0,1,10,0,0
2025-05-05 10:00:00,603,"149 St-Grand Concourse (2,4,5)",Bronx,40.818394,-73.92703,360.0,287.4292,1,20.0,1,10,0,0
2025-05-05 10:00:00,604,"161 St-Yankee Stadium (4,B,D)",Bronx,40.82795,-73.92574,773.0,443.5906,1,42.0,1,10,0,0
2025-05-05 10:00:00,605,"168 St-Washington Hts (1,A,C)",Manhattan,40.840637,-73.93985,673.0,642.8994,1,50.0,1,10,0,0
2025-05-05 10:00:00,606,"Court Sq-23 St (7,E,F,G)",Queens,40.747143,-73.94503,812.0,655.676,1,70.0,1,10,0,0
2025-05-05 10:00:00,607,"34 St-Herald Sq (B,D,F,M,N,Q,R,W)",Manhattan,40.74964,-73.987885,2854.0,3745.7429,1,126.0,1,10,0,0
2025-05-05 10:00:00,608,"4 Av-9 St (F,G,R)",Brooklyn,40.67056,-73.989044,383.0,322.3538,1,52.0,1,10,0,0
2025-05-05 10:00:00,609,"42 St-Bryant Pk/5 Av (7,B,D,F,M)",Manhattan,40.75402,-73.98327,966.0,2175.1581,1,90.0,1,10,0,0
2025-05-05 10:00:00,610,"Grand Central-42 St (4,5,6,7,S)",Manhattan,40.75199,-73.977356,4457.0,4272.6424,1,106.0,1,10,0,0
2025-05-05 10:00:00,611,"Times Sq-42 St/Port Authority Bus Terminal (1,2,3,7,A,C,E,N,Q,R,W,S)",Manhattan,40.755745,-73.98758,5847.0,5176.6911,1,174.0,1,10,0,0
2025-05-05 10:00:00,612,"Lexington Av/51-53 Sts (6,E,F)",Manhattan,40.757328,-73.97049,1407.0,1993.1735,1,67.0,1,10,0,0
2025-05-05 10:00:00,613,"Lexington Av/59 St (4,5,6,N,R,W)",Manhattan,40.762592,-73.96761,1214.0,2101.9898,1,109.0,1,10,0,0
2025-05-05 10:00:00,614,"59 St-Columbus Circle (1,A,C,B,D)",Manhattan,40.768272,-73.981834,1886.0,2907.2742,1,83.0,1,10,0,0
2025-05-05 10:00:00,615,"62 St/New Utrecht Av (D,N)",Brooklyn,40.625656,-73.99663,191.0,105.4644,1,31.0,1,10,0,0
2025-05-05 10:00:00,616,"Jackson Hts-Roosevelt Av/74 St-Broadway (7,E,F,M,R)",Queens,40.746746,-73.891365,2658.0,1362.9364,1,99.0,1,10,0,0
2025-05-05 10:00:00,617,"Atlantic Av-Barclays Ctr (2,3,4,5,B,D,N,Q,R)",Brooklyn,40.684162,-73.97779,1144.0,1264.8769,1,142.0,1,10,0,0
2025-05-05 10:00:00,618,"14 St/8 Av (A,C,E,L)",Manhattan,40.740334,-74.00214,813.0,2127.6496,1,68.0,1,10,0,0
2025-05-05 10:00:00,619,"Broadway-Lafayette St/Bleecker St (6,B,D,F,M)",Manhattan,40.725605,-73.99543,810.0,1991.4579,1,95.0,1,10,0,0
2025-05-05 10:00:00,620,"Borough Hall/Court St (2,3,4,5,R)",Brooklyn,40.69324,-73.99064,1099.0,1021.468,1,82.0,1,10,0,0
2025-05-05 10:00:00,621,"Broadway Junction (A,C,J,Z,L)",Brooklyn,40.678898,-73.90436,262.0,147.03,1,34.0,1,10,0,0
2025-05-05 10:00:00,622,"Brooklyn Bridge-City Hall/Chambers St (4,5,6,J,Z)",Manhattan,40.713154,-74.00377,927.0,1070.415,1,64.0,1,10,0,0
2025-05-05 10:00:00,623,"Canal St (6,J,Z,N,Q,R,W)",Manhattan,40.7187,-74.00058,1031.0,2394.3729,1,69.0,1,10,0,0
2025-05-05 10:00:00,624,"Chambers St/WTC/Park Place/Cortlandt St (2,3,A,C,E,R,W)",Manhattan,40.712605,-74.00955,1387.0,2164.1114,1,102.0,1,10,0,0
2025-05-05 10:00:00,625,"Delancey St-Essex St (F,M,J,Z)",Manhattan,40.718464,-73.98778,866.0,881.4445,1,50.0,1,10,0,0
2025-05-05 10:00:00,626,"Franklin Av-Medgar Evers College/Botanic Garden (2,3,4,5,S)",Brooklyn,40.670513,-73.95869,510.0,251.2688,1,77.0,1,10,0,0
2025-05-05 10:00:00,627,"Franklin Av (C,S)",Brooklyn,40.68099,-73.95634,214.0,123.9709,1,19.0,1,10,0,0
2025-05-05 10:00:00,628,"Fulton St (2,3,4,5,A,C,J,Z)",Manhattan,40.71009,-74.007835,2238.0,2763.6657,1,80.0,1,10,0,0
2025-05-05 10:00:00,629,"Metropolitan Av/Lorimer St (G,L)",Brooklyn,40.71343,-73.95084,530.0,370.6872,1,47.0,1,10,0,0
2025-05-05 10:00:00,630,"Myrtle-Wyckoff Avs (M,L)",Brooklyn,40.699623,-73.91199,947.0,359.508,1,31.0,1,10,0,0
2025-05-05 10:00:00,635,"Whitehall St-South Ferry (1,R,W)",Manhattan,40.702576,-74.01333,678.0,1244.2774,1,34.0,1,10,0,0
2025-05-05 10:00:00,636,"Jay St-MetroTech (A,C,F,R)",Brooklyn,40.69226,-73.98664,1090.0,1453.4766,1,68.0,1,10,0,0
2025-05-05 11:00:00,1,"Astoria-Ditmars Blvd (N,W)",Queens,40.775036,-73.91203,453.0,273.0225,1,13.0,1,11,0,0
2025-05-05 11:00:00,2,"Astoria Blvd (N,W)",Queens,40.77026,-73.91785,389.0,195.327,1,26.0,1,11,0,0
2025-05-05 11:00:00,3,"30 Av (N,W)",Queens,40.76678,-73.92148,451.0,252.2566,1,26.0,1,11,0,0
2025-05-05 11:00:00,4,"Broadway (N,W)",Queens,40.76182,-73.92551,393.0,223.6407,1,27.0,1,11,0,0
2025-05-05 11:00:00,5,"36 Av (N,W)",Queens,40.756805,-73.92957,212.0,127.492,1,26.0,1,11,0,0
2025-05-05 11:00:00,6,"39 Av-Dutch Kills (N,W)",Queens,40.75288,-73.932755,154.0,78.6221,1,27.0,1,11,0,0
2025-05-05 11:00:00,8,"5 Av/59 St (N,R,W)",Manhattan,40.764812,-73.97335,338.0,489.8431,1,43.0,1,11,0,0
2025-05-05 11:00:00,9,"57 St-7 Av (N,Q,R,W)",Manhattan,40.764664,-73.98066,882.0,1084.3481,1,56.0,1,11,0,0
2025-05-05 11:00:00,10,"49 St (N,R,W)",Manhattan,40.7599,-73.98414,641.0,697.5108,1,39.0,1,11,0,0
2025-05-05 11:00:00,13,"28 St (R,W)",Manhattan,40.745495,-73.98869,375.0,404.3431,1,28.0,1,11,0,0
2025-05-05 11:00:00,14,"23 St (R,W)",Manhattan,40.741302,-73.98934,566.0,812.7384,1,27.0,1,11,0,0
2025-05-05 11:00:00,16,"8 St-NYU (R,W)",Manhattan,40.730328,-73.99263,389.0,677.777,1,26.0,1,11,0,0
2025-05-05 11:00:00,17,"Prince St (R,W)",Manhattan,40.72433,-73.9977,299.0,709.9717,1,27.0,1,11,0,0
2025-05-05 11:00:00,20,"City Hall (R,W)",Manhattan,40.713284,-74.00698,188.0,164.5348,1,26.0,1,11,0,0
2025-05-05 11:00:00,22,"Rector St (R,W)",Manhattan,40.70722,-74.01334,183.0,154.8665,1,27.0,1,11,0,0
2025-05-05 11:00:00,26,"DeKalb Av (B,Q,R)",Brooklyn,40.690636,-73.98183,810.0,727.9906,1,45.0,1,11,0,0
2025-05-05 11:00:00,28,Union St (R),Brooklyn,40.677315,-73.98311,210.0,179.9086,1,14.0,1,11,0,0
2025-05-05 11:00:00,30,Prospect Av (R),Brooklyn,40.665413,-73.992874,145.0,123.289,1,16.0,1,11,0,0
2025-05-05 11:00:00,31,25 St (R),Brooklyn,40.660397,-73.99809,90.0,88.135,1,15.0,1,11,0,0
2025-05-05 11:00:00,32,"36 St (D,N,R)",Brooklyn,40.655144,-74.00355,402.0,396.8068,1,44.0,1,11,0,0
2025-05-05 11:00:00,33,45 St (R),Brooklyn,40.648937,-74.01001,216.0,141.5057,1,16.0,1,11,0,0
2025-05-05 11:00:00,34,53 St (R),Brooklyn,40.64507,-74.01403,271.0,176.2683,1,16.0,1,11,0,0
2025-05-05 11:00:00,35,"59 St (N,R)",Brooklyn,40.64136,-74.01788,386.0,259.2066,1,29.0,1,11,0,0
2025-05-05 11:00:00,36,Bay Ridge Av (R),Brooklyn,40.634968,-74.02338,282.0,161.1568,1,15.0,1,11,0,0
2025-05-05 11:00:00,37,77 St (R),Brooklyn,40.62974,-74.02551,158.0,78.7801,1,16.0,1,11,0,0
2025-05-05 11:00:00,38,86 St (R),Brooklyn,40.62269,-74.0284,368.0,224.2211,1,16.0,1,11,0,0
2025-05-05 11:00:00,39,Bay Ridge-95 St (R),Brooklyn,40.616623,-74.030876,167.0,103.8124,1,7.0,1,11,0,0
2025-05-05 11:00:00,41,"7 Av (B,Q)",Brooklyn,40.67705,-73.97237,346.0,232.9177,1,29.0,1,11,0,0
2025-05-05 11:00:00,42,"Prospect Park (B,Q,S)",Brooklyn,40.661613,-73.96225,317.0,240.407,1,35.0,1,11,0,0
2025-05-05 11:00:00,43,Parkside Av (Q),Brooklyn,40.655293,-73.961494,200.0,109.5592,1,16.0,1,11,0,0
2025-05-05 11:00:00,44,"Church Av (B,Q)",Brooklyn,40.650528,-73.96298,453.0,282.4046,1,31.0,1,11,0,0
2025-05-05 11:00:00,45,Beverley Rd (Q),Brooklyn,40.64403,-73.96449,131.0,70.8655,1,14.0,1,11,0,0
2025-05-05 11:00:00,46,Cortelyou Rd (Q),Brooklyn,40.640926,-73.96389,221.0,108.8426,1,14.0,1,11,0,0
2025-05-05 11:00:00,47,"Newkirk Plaza (B,Q)",Brooklyn,40.635082,-73.96279,349.0,218.3433,1,30.0,1,11,0,0
2025-05-05 11:00:00,48,Avenue H (Q),Brooklyn,40.62927,-73.96164,138.0,82.8106,1,15.0,1,11,0,0
2025-05-05 11:00:00,49,Avenue J (Q),Brooklyn,40.62504,-73.9608,228.0,133.056,1,16.0,1,11,0,0
2025-05-05 11:00:00,50,Avenue M (Q),Brooklyn,40.61762,-73.9594,225.0,131.0221,1,15.0,1,11,0,0
2025-05-05 11:00:00,51,"Kings Hwy (B,Q)",Brooklyn,40.60867,-73.95773,686.0,464.682,1,29.0,1,11,0,0
2025-05-05 11:00:00,52,Avenue U (Q),Brooklyn,40.5993,-73.95593,207.0,158.9436,1,16.0,1,11,0,0
2025-05-05 11:00:00,53,Neck Rd (Q),Brooklyn,40.595245,-73.95516,118.0,82.1178,1,15.0,1,11,0,0
2025-05-05 11:00:00,54,"Sheepshead Bay (B,Q)",Brooklyn,40.586895,-73.954155,451.0,289.5971,1,30.0,1,11,0,0
2025-05-05 11:00:00,55,"Brighton Beach (B,Q)",Brooklyn,40.57762,-73.96137,398.0,365.8409,1,23.0,1,11,0,0
2025-05-05 11:00:00,56,Ocean Pkwy (Q),Brooklyn,40.576313,-73.9685,93.0,105.2214,1,16.0,1,11,0,0
2025-05-05 11:00:00,57,"W 8 St-NY Aquarium (F,Q)",Brooklyn,40.576126,-73.97594,82.0,196.9617,1,34.0,1,11,0,0
2025-05-05 11:00:00,58,"Coney Island-Stillwell Av (D,F,N,Q)",Brooklyn,40.577423,-73.98123,435.0,642.6454,1,31.0,1,11,0,0
2025-05-05 11:00:00,59,9 Av (D),Brooklyn,40.646294,-73.99432,208.0,106.6809,1,14.0,1,11,0,0
2025-05-05 11:00:00,60,Fort Hamilton Pkwy (D),Brooklyn,40.640915,-73.9943,138.0,91.3359,1,16.0,1,11,0,0
2025-05-05 11:00:00,61,50 St (D),Brooklyn,40.63626,-73.99479,102.0,80.814,1,15.0,1,11,0,0
2025-05-05 11:00:00,62,55 St (D),Brooklyn,40.631435,-73.995476,48.0,50.3065,1,15.0,1,11,0,0
2025-05-05 11:00:00,64,71 St (D),Brooklyn,40.61959,-73.99886,145.0,81.9226,1,14.0,1,11,0,0
2025-05-05 11:00:00,65,79 St (D),Brooklyn,40.613503,-74.00061,215.0,109.8529,1,15.0,1,11,0,0
2025-05-05 11:00:00,66,18 Av (D),Brooklyn,40.607952,-74.00174,190.0,113.2833,1,15.0,1,11,0,0
2025-05-05 11:00:00,67,20 Av (D),Brooklyn,40.604557,-73.99817,140.0,100.3776,1,15.0,1,11,0,0
2025-05-05 11:00:00,68,Bay Pkwy (D),Brooklyn,40.601875,-73.99373,251.0,185.0494,1,14.0,1,11,0,0
2025-05-05 11:00:00,69,25 Av (D),Brooklyn,40.597706,-73.98683,122.0,83.8833,1,15.0,1,11,0,0
2025-05-05 11:00:00,70,Bay 50 St (D),Brooklyn,40.58884,-73.983765,83.0,59.7519,1,15.0,1,11,0,0
2025-05-05 11:00:00,71,8 Av (N),Brooklyn,40.635063,-74.01172,570.0,481.3282,1,13.0,1,11,0,0
2025-05-05 11:00:00,72,Fort Hamilton Pkwy (N),Brooklyn,40.631386,-74.00535,247.0,129.9809,1,13.0,1,11,0,0
2025-05-05 11:00:00,74,18 Av (N),Brooklyn,40.62067,-73.99042,166.0,115.4613,1,15.0,1,11,0,0
2025-05-05 11:00:00,75,20 Av (N),Brooklyn,40.61741,-73.98502,138.0,76.1669,1,15.0,1,11,0,0
2025-05-05 11:00:00,76,Bay Pkwy (N),Brooklyn,40.611816,-73.98185,234.0,136.8446,1,15.0,1,11,0,0
2025-05-05 11:00:00,77,Kings Hwy (N),Brooklyn,40.603924,-73.980354,187.0,101.534,1,13.0,1,11,0,0
2025-05-05 11:00:00,78,Avenue U (N),Brooklyn,40.597473,-73.97913,113.0,83.7784,1,15.0,1,11,0,0
2025-05-05 11:00:00,79,86 St (N),Brooklyn,40.59272,-73.97823,78.0,83.07469999999999,1,15.0,1,11,0,0
2025-05-05 11:00:00,80,"121 St (J,Z)",Queens,40.700493,-73.82829,69.0,44.7805,1,15.0,1,11,0,0
2025-05-05 11:00:00,81,111 St (J),Queens,40.69742,-73.83634,86.0,44.5893,1,16.0,1,11,0,0
2025-05-05 11:00:00,82,"104 St (J,Z)",Queens,40.69518,-73.84433,83.0,40.9267,1,15.0,1,11,0,0
2025-05-05 11:00:00,83,"Woodhaven Blvd (J,Z)",Queens,40.69388,-73.85158,163.0,104.0231,1,14.0,1,11,0,0
2025-05-05 11:00:00,84,85 St-Forest Pkwy (J),Queens,40.692436,-73.86001,60.0,34.9556,1,15.0,1,11,0,0
2025-05-05 11:00:00,85,"75 St-Elderts Ln (J,Z)",Queens,40.691322,-73.86714,106.0,63.9825,1,16.0,1,11,0,0
2025-05-05 11:00:00,86,Cypress Hills (J),Brooklyn,40.68994,-73.87255,7.0,6.1978,1,16.0,1,11,0,0
2025-05-05 11:00:00,87,"Crescent St (J,Z)",Brooklyn,40.683193,-73.87379,98.0,80.9456,1,15.0,1,11,0,0
2025-05-05 11:00:00,88,"Norwood Av (J,Z)",Brooklyn,40.68141,-73.880035,85.0,46.3693,1,14.0,1,11,0,0
2025-05-05 11:00:00,89,Cleveland St (J),Brooklyn,40.679947,-73.884636,59.0,35.5606,1,15.0,1,11,0,0
2025-05-05 11:00:00,90,"Van Siclen Av (J,Z)",Brooklyn,40.678024,-73.891685,86.0,46.6263,1,16.0,1,11,0,0
2025-05-05 11:00:00,91,"Alabama Av (J,Z)",Brooklyn,40.67699,-73.89865,57.0,47.1516,1,16.0,1,11,0,0
2025-05-05 11:00:00,93,"Chauncey St (J,Z)",Brooklyn,40.68289,-73.91045,89.0,39.9056,1,16.0,1,11,0,0
2025-05-05 11:00:00,94,Halsey St (J),Brooklyn,40.68637,-73.91656,207.0,84.8634,1,16.0,1,11,0,0
2025-05-05 11:00:00,95,"Gates Av (J,Z)",Brooklyn,40.68963,-73.92227,220.0,101.0645,1,15.0,1,11,0,0
2025-05-05 11:00:00,96,Kosciuszko St (J),Brooklyn,40.69334,-73.92882,212.0,87.9739,1,14.0,1,11,0,0
2025-05-05 11:00:00,97,"Myrtle Av (M,J,Z)",Brooklyn,40.69721,-73.93565,392.0,188.3999,1,31.0,1,11,0,0
2025-05-05 11:00:00,98,"Flushing Av (M,J)",Brooklyn,40.70026,-73.941124,311.0,223.488,1,22.0,1,11,0,0
2025-05-05 11:00:00,99,"Lorimer St (M,J)",Brooklyn,40.70387,-73.94741,136.0,88.141,1,22.0,1,11,0,0
2025-05-05 11:00:00,100,"Hewes St (M,J)",Brooklyn,40.70687,-73.95343,97.0,48.6135,1,22.0,1,11,0,0
2025-05-05 11:00:00,101,"Marcy Av (M,J,Z)",Brooklyn,40.70836,-73.957756,354.0,314.4833,1,29.0,1,11,0,0
2025-05-05 11:00:00,103,"Bowery (J,Z)",Manhattan,40.72028,-73.99391,120.0,142.619,1,14.0,1,11,0,0
2025-05-05 11:00:00,107,"Broad St (J,Z)",Manhattan,40.706474,-74.011055,148.0,173.496,1,8.0,1,11,0,0
2025-05-05 11:00:00,108,Middle Village-Metropolitan Av (M),Queens,40.711395,-73.8896,118.0,71.06269999999999,1,8.0,1,11,0,0
2025-05-05 11:00:00,109,Fresh Pond Rd (M),Queens,40.706184,-73.895874,174.0,92.1633,1,14.0,1,11,0,0
2025-05-05 11:00:00,110,Forest Av (M),Queens,40.704422,-73.903076,129.0,63.5126,1,16.0,1,11,0,0
2025-05-05 11:00:00,111,Seneca Av (M),Queens,40.702763,-73.90774,92.0,43.8745,1,16.0,1,11,0,0
2025-05-05 11:00:00,113,Knickerbocker Av (M),Brooklyn,40.698666,-73.91971,158.0,73.2112,1,14.0,1,11,0,0
2025-05-05 11:00:00,114,Central Av (M),Brooklyn,40.697857,-73.9274,145.0,47.8746,1,16.0,1,11,0,0
2025-05-05 11:00:00,118,3 Av (L),Manhattan,40.73285,-73.98612,139.0,225.8697,1,30.0,1,11,0,0
2025-05-05 11:00:00,119,1 Av (L),Manhattan,40.730953,-73.98163,719.0,749.7938,1,30.0,1,11,0,0
2025-05-05 11:00:00,120,Bedford Av (L),Brooklyn,40.717304,-73.95687,975.0,1189.0238,1,30.0,1,11,0,0
2025-05-05 11:00:00,122,Graham Av (L),Brooklyn,40.714565,-73.94405,288.0,202.539,1,30.0,1,11,0,0
2025-05-05 11:00:00,123,Grand St (L),Brooklyn,40.711926,-73.94067,183.0,160.3,1,30.0,1,11,0,0
2025-05-05 11:00:00,124,Montrose Av (L),Brooklyn,40.70774,-73.93985,234.0,150.0288,1,29.0,1,11,0,0
2025-05-05 11:00:00,125,Morgan Av (L),Brooklyn,40.706154,-73.93314,301.0,213.2521,1,29.0,1,11,0,0
2025-05-05 11:00:00,126,Jefferson St (L),Brooklyn,40.706608,-73.92291,333.0,228.1171,1,30.0,1,11,0,0
2025-05-05 11:00:00,127,DeKalb Av (L),Brooklyn,40.70381,-73.91843,477.0,251.0027,1,29.0,1,11,0,0
2025-05-05 11:00:00,129,Halsey St (L),Queens,40.695602,-73.90408,306.0,153.145,1,29.0,1,11,0,0
2025-05-05 11:00:00,130,Wilson Av (L),Brooklyn,40.688763,-73.904045,171.0,90.3522,1,29.0,1,11,0,0
2025-05-05 11:00:00,131,Bushwick Av-Aberdeen St (L),Brooklyn,40.68283,-73.90525,62.0,43.7382,1,29.0,1,11,0,0
2025-05-05 11:00:00,133,Atlantic Av (L),Brooklyn,40.675346,-73.9031,63.0,49.4712,1,30.0,1,11,0,0
2025-05-05 11:00:00,134,Sutter Av (L),Brooklyn,40.66937,-73.90198,97.0,55.0988,1,28.0,1,11,0,0
2025-05-05 11:00:00,135,Livonia Av (L),Brooklyn,40.66404,-73.90057,71.0,58.9261,1,29.0,1,11,0,0
2025-05-05 11:00:00,136,New Lots Av (L),Brooklyn,40.658733,-73.89923,98.0,65.4374,1,30.0,1,11,0,0
2025-05-05 11:00:00,137,East 105 St (L),Brooklyn,40.650574,-73.89948,67.0,39.6677,1,29.0,1,11,0,0
2025-05-05 11:00:00,138,Canarsie-Rockaway Pkwy (L),Brooklyn,40.646652,-73.90185,96.0,138.9318,1,14.0,1,11,0,0
2025-05-05 11:00:00,141,Park Pl (S),Brooklyn,40.67477,-73.95763,42.0,32.8743,1,12.0,1,11,0,0
2025-05-05 11:00:00,143,Inwood-207 St (A),Manhattan,40.868073,-73.9199,276.0,169.8169,1,6.0,1,11,0,0
2025-05-05 11:00:00,144,Dyckman St (A),Manhattan,40.86549,-73.92727,203.0,173.1494,1,13.0,1,11,0,0
2025-05-05 11:00:00,145,190 St (A),Manhattan,40.85902,-73.93418,131.0,112.9054,1,14.0,1,11,0,0
2025-05-05 11:00:00,146,181 St (A),Manhattan,40.851696,-73.937965,336.0,191.4838,1,13.0,1,11,0,0
2025-05-05 11:00:00,147,175 St (A),Manhattan,40.84739,-73.939705,376.0,195.8476,1,13.0,1,11,0,0
2025-05-05 11:00:00,149,163 St-Amsterdam Av (C),Manhattan,40.836014,-73.939896,130.0,61.3978,1,15.0,1,11,0,0
2025-05-05 11:00:00,150,155 St (C),Manhattan,40.830517,-73.94151,116.0,48.4936,1,15.0,1,11,0,0
2025-05-05 11:00:00,151,"145 St (A,C,B,D)",Manhattan,40.824783,-73.944214,747.0,556.3331,1,,0,11,0,0
2025-05-05 11:00:00,152,"135 St (C,B)",Manhattan,40.817894,-73.94765,170.0,143.7107,1,30.0,1,11,0,0
2025-05-05 11:00:00,153,"125 St (A,C,B,D)",Manhattan,40.811108,-73.95235,890.0,721.5331,1,60.0,1,11,0,0
2025-05-05 11:00:00,154,"116 St (C,B)",Manhattan,40.805084,-73.95488,218.0,156.2512,1,30.0,1,11,0,0
2025-05-05 11:00:00,155,"Cathedral Pkwy (110 St) (C,B)",Manhattan,40.800602,-73.95816,275.0,207.3255,1,30.0,1,11,0,0
2025-05-05 11:00:00,156,"103 St (C,B)",Manhattan,40.796093,-73.96146,144.0,111.3398,1,30.0,1,11,0,0
2025-05-05 11:00:00,157,"96 St (C,B)",Manhattan,40.79164,-73.9647,298.0,305.3078,1,30.0,1,11,0,0
2025-05-05 11:00:00,158,"86 St (C,B)",Manhattan,40.78587,-73.96892,327.0,389.0121,1,30.0,1,11,0,0
2025-05-05 11:00:00,159,"81 St-Museum of Natural History (C,B)",Manhattan,40.781433,-73.972145,313.0,835.2226,1,31.0,1,11,0,0
2025-05-05 11:00:00,160,"72 St (C,B)",Manhattan,40.775593,-73.97641,337.0,539.3758,1,30.0,1,11,0,0
2025-05-05 11:00:00,162,"50 St (C,E)",Manhattan,40.762455,-73.985985,595.0,576.3592,1,36.0,1,11,0,0
2025-05-05 11:00:00,164,"34 St-Penn Station (A,C,E)",Manhattan,40.75229,-73.99339,2376.0,2147.6373,1,49.0,1,11,0,0
2025-05-05 11:00:00,165,"23 St (C,E)",Manhattan,40.745907,-73.99804,542.0,666.515,1,36.0,1,11,0,0
2025-05-05 11:00:00,167,"W 4 St-Wash Sq (A,C,E,B,D,F,M)",Manhattan,40.732338,-74.000496,879.0,1701.9508,1,,0,11,0,0
2025-05-05 11:00:00,168,"Spring St (C,E)",Manhattan,40.726227,-74.00374,311.0,583.3116,1,36.0,1,11,0,0
2025-05-05 11:00:00,169,"Canal St (A,C,E)",Manhattan,40.720825,-74.005226,398.0,650.5983,1,50.0,1,11,0,0
2025-05-05 11:00:00,173,"High St (A,C)",Brooklyn,40.699337,-73.99053,302.0,473.7089,1,30.0,1,11,0,0
2025-05-05 11:00:00,175,"Hoyt-Schermerhorn Sts (A,C,G)",Brooklyn,40.688484,-73.985,391.0,370.4315,1,44.0,1,11,0,0
2025-05-05 11:00:00,176,Lafayette Av (C),Brooklyn,40.68611,-73.973946,149.0,190.9338,1,15.0,1,11,0,0
2025-05-05 11:00:00,177,Clinton-Washington Avs (C),Brooklyn,40.68326,-73.965836,279.0,160.1017,1,15.0,1,11,0,0
2025-05-05 11:00:00,179,"Nostrand Av (A,C)",Brooklyn,40.68044,-73.950424,647.0,352.289,1,28.0,1,11,0,0
2025-05-05 11:00:00,180,Kingston-Throop Avs (C),Brooklyn,40.67992,-73.94086,264.0,122.5423,1,14.0,1,11,0,0
2025-05-05 11:00:00,181,"Utica Av (A,C)",Brooklyn,40.679363,-73.93073,506.0,259.6402,1,31.0,1,11,0,0
2025-05-05 11:00:00,182,Ralph Av (C),Brooklyn,40.67882,-73.920784,158.0,83.2846,1,16.0,1,11,0,0
2025-05-05 11:00:00,183,Rockaway Av (C),Brooklyn,40.67834,-73.91195,177.0,90.7819,1,16.0,1,11,0,0
2025-05-05 11:00:00,185,Liberty Av (C),Brooklyn,40.67454,-73.896545,72.0,51.8605,1,14.0,1,11,0,0
2025-05-05 11:00:00,186,Van Siclen Av (C),Brooklyn,40.67271,-73.89036,98.0,50.1966,1,14.0,1,11,0,0
2025-05-05 11:00:00,187,Shepherd Av (C),Brooklyn,40.67413,-73.88075,79.0,40.2783,1,16.0,1,11,0,0
2025-05-05 11:00:00,188,"Euclid Av (A,C)",Brooklyn,40.675377,-73.87211,363.0,167.3278,1,22.0,1,11,0,0
2025-05-05 11:00:00,189,Grant Av (A),Brooklyn,40.677044,-73.86505,168.0,82.7687,1,14.0,1,11,0,0
2025-05-05 11:00:00,190,80 St (A),Queens,40.67937,-73.85899,123.0,64.5431,1,15.0,1,11,0,0
2025-05-05 11:00:00,191,88 St (A),Queens,40.679844,-73.85147,98.0,44.695,1,15.0,1,11,0,0
2025-05-05 11:00:00,192,Rockaway Blvd (A),Queens,40.680428,-73.84386,226.0,130.6706,1,15.0,1,11,0,0
2025-05-05 11:00:00,193,104 St (A),Queens,40.68171,-73.837685,37.0,21.2624,1,7.0,1,11,0,0
2025-05-05 11:00:00,194,111 St (A),Queens,40.68433,-73.83216,62.0,30.1849,1,7.0,1,11,0,0
2025-05-05 11:00:00,195,Ozone Park-Lefferts Blvd (A),Queens,40.68595,-73.8258,138.0,116.5604,1,3.0,1,11,0,0
2025-05-05 11:00:00,196,Aqueduct Racetrack (A),Queens,40.672096,-73.83592,19.0,45.0979,1,4.0,1,11,0,0
2025-05-05 11:00:00,197,Aqueduct-N Conduit Av (A),Queens,40.668236,-73.83406,26.0,12.2925,1,8.0,1,11,0,0
2025-05-05 11:00:00,198,Howard Beach-JFK Airport (A),Queens,40.660477,-73.8303,297.0,193.8143,1,4.0,1,11,0,0
2025-05-05 11:00:00,210,Norwood-205 St (D),Bronx,40.87481,-73.87885,163.0,108.1761,1,8.0,1,11,0,0
2025-05-05 11:00:00,211,"Bedford Park Blvd (B,D)",Bronx,40.873245,-73.88714,152.0,123.3037,1,19.0,1,11,0,0
2025-05-05 11:00:00,212,"Kingsbridge Rd (B,D)",Bronx,40.866978,-73.89351,194.0,96.5511,1,22.0,1,11,0,0
2025-05-05 11:00:00,213,"Fordham Rd (B,D)",Bronx,40.861298,-73.89775,265.0,171.2417,1,24.0,1,11,0,0
2025-05-05 11:00:00,214,"182-183 Sts (B,D)",Bronx,40.856094,-73.90074,119.0,59.7236,1,24.0,1,11,0,0
2025-05-05 11:00:00,215,"Tremont Av (B,D)",Bronx,40.85041,-73.90523,226.0,134.9236,1,22.0,1,11,0,0
2025-05-05 11:00:00,216,"174-175 Sts (B,D)",Bronx,40.8459,-73.91013,136.0,68.7262,1,21.0,1,11,0,0
2025-05-05 11:00:00,217,"170 St (B,D)",Bronx,40.839306,-73.9134,138.0,88.5894,1,22.0,1,11,0,0
2025-05-05 11:00:00,218,"167 St (B,D)",Bronx,40.83377,-73.91844,256.0,133.9082,1,23.0,1,11,0,0
2025-05-05 11:00:00,220,"155 St (B,D)",Manhattan,40.830135,-73.93821,57.0,57.8775,1,22.0,1,11,0,0
2025-05-05 11:00:00,221,21 St-Queensbridge (M),Queens,40.754204,-73.94283,498.0,233.6986,1,18.0,1,11,0,0
2025-05-05 11:00:00,222,Roosevelt Island (M),Manhattan,40.759144,-73.95326,339.0,257.276,1,18.0,1,11,0,0
2025-05-05 11:00:00,223,"Lexington Av/63 St (M,Q)",Manhattan,40.76463,-73.96611,545.0,696.8213,1,33.0,1,11,0,0
2025-05-05 11:00:00,224,57 St (M),Manhattan,40.763973,-73.97745,346.0,597.6252,1,17.0,1,11,0,0
2025-05-05 11:00:00,225,"47-50 Sts-Rockefeller Ctr (B,D,F,M)",Manhattan,40.758663,-73.98133,1124.0,1818.8556,1,63.0,1,11,0,0
2025-05-05 11:00:00,228,"23 St (F,M)",Manhattan,40.742878,-73.99282,703.0,801.3884,1,33.0,1,11,0,0
2025-05-05 11:00:00,231,"Grand St (B,D)",Manhattan,40.718266,-73.99375,774.0,1086.1346,1,30.0,1,11,0,0
2025-05-05 11:00:00,232,2 Av (F),Manhattan,40.7234,-73.98994,433.0,554.7383,1,18.0,1,11,0,0
2025-05-05 11:00:00,234,East Broadway (F),Manhattan,40.713715,-73.99017,451.0,501.3603,1,17.0,1,11,0,0
2025-05-05 11:00:00,235,York St (F),Brooklyn,40.701397,-73.98675,405.0,660.1048,1,18.0,1,11,0,0
2025-05-05 11:00:00,236,"Bergen St (F,G)",Brooklyn,40.686146,-73.99086,347.0,258.7216,1,34.0,1,11,0,0
2025-05-05 11:00:00,237,"Carroll St (F,G)",Brooklyn,40.6803,-73.99505,325.0,217.0573,1,33.0,1,11,0,0
2025-05-05 11:00:00,238,"Smith-9 Sts (F,G)",Brooklyn,40.67358,-73.99596,115.0,97.9897,1,34.0,1,11,0,0
2025-05-05 11:00:00,240,"7 Av (F,G)",Brooklyn,40.66627,-73.98031,377.0,276.2701,1,33.0,1,11,0,0
2025-05-05 11:00:00,241,"15 St-Prospect Park (F,G)",Brooklyn,40.660366,-73.97949,184.0,146.0979,1,33.0,1,11,0,0
2025-05-05 11:00:00,242,"Fort Hamilton Pkwy (F,G)",Brooklyn,40.650784,-73.97578,193.0,104.8303,1,32.0,1,11,0,0
2025-05-05 11:00:00,243,"Church Av (F,G)",Brooklyn,40.64404,-73.979675,325.0,174.8277,1,25.0,1,11,0,0
2025-05-05 11:00:00,244,Ditmas Av (F),Brooklyn,40.63612,-73.97817,140.0,62.07,1,18.0,1,11,0,0
2025-05-05 11:00:00,245,18 Av (F),Brooklyn,40.629753,-73.976974,105.0,62.413,1,19.0,1,11,0,0
2025-05-05 11:00:00,246,Avenue I (F),Brooklyn,40.62532,-73.97613,30.0,36.0464,1,18.0,1,11,0,0
2025-05-05 11:00:00,247,Bay Pkwy (F),Brooklyn,40.62077,-73.975266,23.0,22.4813,1,19.0,1,11,0,0
2025-05-05 11:00:00,248,Avenue N (F),Brooklyn,40.61514,-73.9742,64.0,58.8479,1,19.0,1,11,0,0
2025-05-05 11:00:00,249,Avenue P (F),Brooklyn,40.608944,-73.97302,73.0,43.5422,1,18.0,1,11,0,0
2025-05-05 11:00:00,250,Kings Hwy (F),Brooklyn,40.603218,-73.97236,79.0,67.711,1,17.0,1,11,0,0
2025-05-05 11:00:00,251,Avenue U (F),Brooklyn,40.59606,-73.97336,37.0,35.7636,1,19.0,1,11,0,0
2025-05-05 11:00:00,252,Avenue X (F),Brooklyn,40.58962,-73.97425,79.0,47.05,1,18.0,1,11,0,0
2025-05-05 11:00:00,253,Neptune Av (F),Brooklyn,40.581013,-73.97457,28.0,28.8431,1,17.0,1,11,0,0
2025-05-05 11:00:00,254,Jamaica-179 St (F),Queens,40.712646,-73.78381,493.0,257.9297,1,8.0,1,11,0,0
2025-05-05 11:00:00,255,169 St (F),Queens,40.71047,-73.7936,295.0,149.8612,1,17.0,1,11,0,0
2025-05-05 11:00:00,256,Parsons Blvd (F),Queens,40.707565,-73.80333,247.0,108.4021,1,17.0,1,11,0,0
2025-05-05 11:00:00,257,Sutphin Blvd (F),Queens,40.70546,-73.81071,169.0,84.4935,1,16.0,1,11,0,0
2025-05-05 11:00:00,258,"Briarwood (E,F)",Queens,40.70918,-73.82057,150.0,70.565,1,18.0,1,11,0,0
2025-05-05 11:00:00,259,"Kew Gardens-Union Tpke (E,F)",Queens,40.71444,-73.83101,784.0,435.9151,1,38.0,1,11,0,0
2025-05-05 11:00:00,260,"75 Av (E,F)",Queens,40.71833,-73.837326,111.0,63.3881,1,17.0,1,11,0,0
2025-05-05 11:00:00,261,"Forest Hills-71 Av (E,F,M,R)",Queens,40.72169,-73.84452,787.0,632.2202,1,53.0,1,11,0,0
2025-05-05 11:00:00,262,"67 Av (M,R)",Queens,40.726524,-73.85272,246.0,144.0499,1,30.0,1,11,0,0
2025-05-05 11:00:00,263,"63 Dr-Rego Park (M,R)",Queens,40.729847,-73.8616,490.0,315.9674,1,30.0,1,11,0,0
2025-05-05 11:00:00,264,"Woodhaven Blvd (M,R)",Queens,40.733105,-73.86923,546.0,485.3306,1,31.0,1,11,0,0
2025-05-05 11:00:00,265,"Grand Av-Newtown (M,R)",Queens,40.737015,-73.87722,606.0,335.7111,1,30.0,1,11,0,0
2025-05-05 11:00:00,266,"Elmhurst Av (M,R)",Queens,40.742455,-73.88202,499.0,267.6249,1,29.0,1,11,0,0
2025-05-05 11:00:00,268,"65 St (M,R)",Queens,40.74967,-73.89845,110.0,50.8173,1,30.0,1,11,0,0
2025-05-05 11:00:00,269,"Northern Blvd (M,R)",Queens,40.752884,-73.906006,228.0,121.1861,1,31.0,1,11,0,0
2025-05-05 11:00:00,270,"46 St (M,R)",Queens,40.756313,-73.91333,261.0,148.64079999999998,1,30.0,1,11,0,0
2025-05-05 11:00:00,271,"Steinway St (M,R)",Queens,40.756878,-73.92074,371.0,288.1201,1,29.0,1,11,0,0
2025-05-05 11:00:00,272,"36 St (M,R)",Queens,40.75204,-73.92878,111.0,103.8497,1,30.0,1,11,0,0
2025-05-05 11:00:00,273,"Queens Plaza (E,F,R)",Queens,40.748974,-73.93724,643.0,380.2186,1,51.0,1,11,0,0
2025-05-05 11:00:00,276,"5 Av/53 St (E,F)",Manhattan,40.760166,-73.97523,314.0,499.8519,1,36.0,1,11,0,0
2025-05-05 11:00:00,277,"7 Av (E,B,D)",Manhattan,40.762863,-73.981636,487.0,571.0765,1,50.0,1,11,0,0
2025-05-05 11:00:00,278,"Jamaica Center-Parsons/Archer (E,J,Z)",Queens,40.70215,-73.80111,974.0,577.4611,1,17.0,1,11,0,0
2025-05-05 11:00:00,279,"Sutphin Blvd-Archer Av-JFK Airport (E,J,Z)",Queens,40.700485,-73.80797,952.0,744.5005,1,34.0,1,11,0,0
2025-05-05 11:00:00,280,Jamaica-Van Wyck (E),Queens,40.702564,-73.81686,149.0,100.0064,1,19.0,1,11,0,0
2025-05-05 11:00:00,282,21 St (G),Queens,40.744064,-73.94972,52.0,50.2779,1,14.0,1,11,0,0
2025-05-05 11:00:00,283,Greenpoint Av (G),Brooklyn,40.731354,-73.95445,299.0,288.0994,1,15.0,1,11,0,0
2025-05-05 11:00:00,284,Nassau Av (G),Brooklyn,40.724636,-73.95128,269.0,304.1849,1,16.0,1,11,0,0
2025-05-05 11:00:00,286,Broadway (G),Brooklyn,40.706093,-73.95031,138.0,104.2827,1,14.0,1,11,0,0
2025-05-05 11:00:00,287,Flushing Av (G),Brooklyn,40.70038,-73.95023,106.0,69.9155,1,14.0,1,11,0,0
2025-05-05 11:00:00,288,Myrtle-Willoughby Avs (G),Brooklyn,40.69457,-73.94904,184.0,95.9188,1,16.0,1,11,0,0
2025-05-05 11:00:00,289,Bedford-Nostrand Avs (G),Brooklyn,40.68963,-73.95352,308.0,147.7387,1,16.0,1,11,0,0
2025-05-05 11:00:00,290,Classon Av (G),Brooklyn,40.688873,-73.96007,172.0,84.51219999999999,1,15.0,1,11,0,0
2025-05-05 11:00:00,291,Clinton-Washington Avs (G),Brooklyn,40.688087,-73.96684,181.0,116.3188,1,15.0,1,11,0,0
2025-05-05 11:00:00,292,Fulton St (G),Brooklyn,40.68712,-73.97537,160.0,272.7027,1,14.0,1,11,0,0
2025-05-05 11:00:00,293,Van Cortlandt Park-242 St (1),Bronx,40.889248,-73.89858,164.0,111.4572,1,10.0,1,11,0,0
2025-05-05 11:00:00,294,238 St (1),Bronx,40.884666,-73.90087,119.0,71.31230000000001,1,22.0,1,11,0,0
2025-05-05 11:00:00,295,231 St (1),Bronx,40.878857,-73.90483,282.0,200.7092,1,21.0,1,11,0,0
2025-05-05 11:00:00,296,Marble Hill-225 St (1),Manhattan,40.87456,-73.90983,129.0,94.2643,1,22.0,1,11,0,0
2025-05-05 11:00:00,297,215 St (1),Manhattan,40.869446,-73.915276,72.0,57.7018,1,22.0,1,11,0,0
2025-05-05 11:00:00,298,207 St (1),Manhattan,40.86462,-73.91882,194.0,119.9297,1,21.0,1,11,0,0
2025-05-05 11:00:00,299,Dyckman St (1),Manhattan,40.86053,-73.92554,229.0,154.70499999999998,1,22.0,1,11,0,0
2025-05-05 11:00:00,300,191 St (1),Manhattan,40.855225,-73.92941,229.0,134.2654,1,22.0,1,11,0,0
2025-05-05 11:00:00,301,181 St (1),Manhattan,40.849506,-73.93359,453.0,260.846,1,21.0,1,11,0,0
2025-05-05 11:00:00,303,157 St (1),Manhattan,40.83404,-73.94489,338.0,192.4264,1,22.0,1,11,0,0
2025-05-05 11:00:00,304,145 St (1),Manhattan,40.82655,-73.95036,340.0,194.4669,1,21.0,1,11,0,0
2025-05-05 11:00:00,305,137 St-City College (1),Manhattan,40.822006,-73.953674,353.0,300.112,1,22.0,1,11,0,0
2025-05-05 11:00:00,306,125 St (1),Manhattan,40.815582,-73.958374,242.0,246.0878,1,22.0,1,11,0,0
2025-05-05 11:00:00,307,116 St-Columbia University (1),Manhattan,40.80772,-73.96411,400.0,559.4096,1,21.0,1,11,0,0
2025-05-05 11:00:00,308,Cathedral Pkwy (110 St) (1),Manhattan,40.803967,-73.96685,353.0,344.2693,1,22.0,1,11,0,0
2025-05-05 11:00:00,309,103 St (1),Manhattan,40.799446,-73.968376,420.0,311.5186,1,22.0,1,11,0,0
2025-05-05 11:00:00,310,"96 St (1,2,3)",Manhattan,40.79392,-73.97232,1158.0,909.4129,1,52.0,1,11,0,0
2025-05-05 11:00:00,311,86 St (1),Manhattan,40.788643,-73.97622,514.0,527.7935,1,21.0,1,11,0,0
2025-05-05 11:00:00,312,79 St (1),Manhattan,40.783936,-73.97992,448.0,501.0935,1,22.0,1,11,0,0
2025-05-05 11:00:00,313,"72 St (1,2,3)",Manhattan,40.778454,-73.98197,1094.0,1405.352,1,54.0,1,11,0,0
2025-05-05 11:00:00,314,66 St-Lincoln Center (1),Manhattan,40.77344,-73.98221,424.0,581.5837,1,22.0,1,11,0,0
2025-05-05 11:00:00,316,50 St (1),Manhattan,40.761726,-73.98385,507.0,700.5015,1,23.0,1,11,0,0
2025-05-05 11:00:00,318,"34 St-Penn Station (1,2,3)",Manhattan,40.750374,-73.99106,1898.0,1834.6903,1,53.0,1,11,0,0
2025-05-05 11:00:00,319,28 St (1),Manhattan,40.747215,-73.99336,415.0,484.0295,1,22.0,1,11,0,0
2025-05-05 11:00:00,320,23 St (1),Manhattan,40.74408,-73.99566,380.0,485.7054,1,23.0,1,11,0,0
2025-05-05 11:00:00,321,18 St (1),Manhattan,40.74104,-73.99787,166.0,275.5247,1,22.0,1,11,0,0
2025-05-05 11:00:00,323,Christopher St-Stonewall (1),Manhattan,40.73342,-74.00291,258.0,462.7717,1,22.0,1,11,0,0
2025-05-05 11:00:00,324,Houston St (1),Manhattan,40.728252,-74.00536,306.0,459.4051,1,23.0,1,11,0,0
2025-05-05 11:00:00,325,Canal St (1),Manhattan,40.722855,-74.00628,89.0,204.2825,1,22.0,1,11,0,0
2025-05-05 11:00:00,326,Franklin St (1),Manhattan,40.71932,-74.00689,199.0,227.2479,1,22.0,1,11,0,0
2025-05-05 11:00:00,327,"Chambers St (1,2,3)",Manhattan,40.715477,-74.00927,494.0,603.7078,1,52.0,1,11,0,0
2025-05-05 11:00:00,328,WTC Cortlandt (1),Manhattan,40.711834,-74.01219,405.0,583.107,1,23.0,1,11,0,0
2025-05-05 11:00:00,329,Rector St (1),Manhattan,40.70751,-74.01379,222.0,216.1082,1,22.0,1,11,0,0
2025-05-05 11:00:00,333,"Wall St (2,3)",Manhattan,40.70682,-74.0091,378.0,503.8288,1,30.0,1,11,0,0
2025-05-05 11:00:00,334,"Clark St (2,3)",Brooklyn,40.697468,-73.99309,203.0,208.5899,1,30.0,1,11,0,0
2025-05-05 11:00:00,336,"Hoyt St (2,3)",Brooklyn,40.690544,-73.98506,179.0,238.8331,1,30.0,1,11,0,0
2025-05-05 11:00:00,337,"Nevins St (2,3,4,5)",Brooklyn,40.688248,-73.98049,326.0,286.8658,1,59.0,1,11,0,0
2025-05-05 11:00:00,339,"Bergen St (2,3)",Brooklyn,40.68083,-73.9751,147.0,96.8932,1,30.0,1,11,0,0
2025-05-05 11:00:00,340,"Grand Army Plaza (2,3)",Brooklyn,40.675236,-73.97105,211.0,195.0896,1,31.0,1,11,0,0
2025-05-05 11:00:00,341,"Eastern Pkwy-Brooklyn Museum (2,3)",Brooklyn,40.671986,-73.96438,148.0,133.7846,1,30.0,1,11,0,0
2025-05-05 11:00:00,343,Nostrand Av (3),Brooklyn,40.669846,-73.95046,119.0,75.9949,1,15.0,1,11,0,0
2025-05-05 11:00:00,344,Kingston Av (3),Brooklyn,40.6694,-73.94216,149.0,96.731,1,15.0,1,11,0,0
2025-05-05 11:00:00,345,"Crown Hts-Utica Av (3,4)",Brooklyn,40.668896,-73.932945,765.0,447.6415,1,21.0,1,11,0,0
2025-05-05 11:00:00,346,Sutter Av-Rutland Rd (3),Brooklyn,40.66472,-73.92261,205.0,103.0573,1,15.0,1,11,0,0
2025-05-05 11:00:00,347,Saratoga Av (3),Brooklyn,40.661453,-73.91633,169.0,95.5385,1,16.0,1,11,0,0
2025-05-05 11:00:00,348,Rockaway Av (3),Brooklyn,40.662548,-73.90894,135.0,86.2178,1,16.0,1,11,0,0
2025-05-05 11:00:00,349,Junius St (3),Brooklyn,40.663513,-73.90245,56.0,57.2312,1,15.0,1,11,0,0
2025-05-05 11:00:00,350,Pennsylvania Av (3),Brooklyn,40.664635,-73.8949,93.0,74.8347,1,14.0,1,11,0,0
2025-05-05 11:00:00,351,Van Siclen Av (3),Brooklyn,40.665447,-73.8894,63.0,36.913,1,14.0,1,11,0,0
2025-05-05 11:00:00,352,New Lots Av (3),Brooklyn,40.666237,-73.88408,144.0,111.3852,1,8.0,1,11,0,0
2025-05-05 11:00:00,353,"President St-Medgar Evers College (2,5)",Brooklyn,40.667885,-73.95068,137.0,59.993,1,30.0,1,11,0,0
2025-05-05 11:00:00,354,"Sterling St (2,5)",Brooklyn,40.662743,-73.95085,191.0,103.1005,1,31.0,1,11,0,0
2025-05-05 11:00:00,355,"Winthrop St (2,5)",Brooklyn,40.65665,-73.9502,246.0,136.5268,1,30.0,1,11,0,0
2025-05-05 11:00:00,356,"Church Av (2,5)",Brooklyn,40.650845,-73.94958,296.0,176.2749,1,30.0,1,11,0,0
2025-05-05 11:00:00,357,"Beverly Rd (2,5)",Brooklyn,40.6451,-73.94896,135.0,77.8814,1,30.0,1,11,0,0
2025-05-05 11:00:00,358,"Newkirk Av-Little Haiti (2,5)",Brooklyn,40.63997,-73.94841,227.0,124.8171,1,31.0,1,11,0,0
2025-05-05 11:00:00,359,"Flatbush Av-Brooklyn College (2,5)",Brooklyn,40.632835,-73.94764,642.0,414.8518,1,16.0,1,11,0,0
2025-05-05 11:00:00,360,Pelham Bay Park (6),Bronx,40.852463,-73.82812,143.0,114.9907,1,7.0,1,11,0,0
2025-05-05 11:00:00,361,Buhre Av (6),Bronx,40.84681,-73.832565,107.0,52.2567,1,16.0,1,11,0,0
2025-05-05 11:00:00,362,Middletown Rd (6),Bronx,40.843864,-73.83632,32.0,36.269,1,15.0,1,11,0,0
2025-05-05 11:00:00,363,Westchester Sq-E Tremont Av (6),Bronx,40.839893,-73.84295,154.0,108.8733,1,15.0,1,11,0,0
2025-05-05 11:00:00,364,Zerega Av (6),Bronx,40.836487,-73.84704,69.0,41.666,1,15.0,1,11,0,0
2025-05-05 11:00:00,365,Castle Hill Av (6),Bronx,40.834255,-73.85122,175.0,102.7866,1,15.0,1,11,0,0
2025-05-05 11:00:00,366,Parkchester (6),Bronx,40.833225,-73.86082,363.0,199.3037,1,24.0,1,11,0,0
2025-05-05 11:00:00,367,St Lawrence Av (6),Bronx,40.83151,-73.867615,132.0,64.464,1,23.0,1,11,0,0
2025-05-05 11:00:00,368,Morrison Av-Soundview (6),Bronx,40.82952,-73.87452,147.0,101.1026,1,23.0,1,11,0,0
2025-05-05 11:00:00,369,Elder Av (6),Bronx,40.828583,-73.87916,144.0,85.2068,1,22.0,1,11,0,0
2025-05-05 11:00:00,370,Whitlock Av (6),Bronx,40.826527,-73.886284,43.0,30.1831,1,22.0,1,11,0,0
2025-05-05 11:00:00,371,Hunts Point Av (6),Bronx,40.82095,-73.89055,267.0,169.657,1,29.0,1,11,0,0
2025-05-05 11:00:00,372,Longwood Av (6),Bronx,40.816105,-73.89644,94.0,55.478,1,23.0,1,11,0,0
2025-05-05 11:00:00,373,E 149 St (6),Bronx,40.81212,-73.9041,149.0,98.087,1,23.0,1,11,0,0
2025-05-05 11:00:00,374,E 143 St-St Mary's St (6),Bronx,40.80872,-73.90765,55.0,29.0428,1,22.0,1,11,0,0
2025-05-05 11:00:00,375,Cypress Av (6),Bronx,40.805367,-73.91404,86.0,51.3281,1,22.0,1,11,0,0
2025-05-05 11:00:00,376,Brook Av (6),Bronx,40.807568,-73.91924,148.0,87.522,1,22.0,1,11,0,0
2025-05-05 11:00:00,377,3 Av-138 St (6),Bronx,40.810474,-73.92614,224.0,142.9868,1,30.0,1,11,0,0
2025-05-05 11:00:00,378,Woodlawn (4),Bronx,40.886036,-73.87875,131.0,136.1898,1,8.0,1,11,0,0
2025-05-05 11:00:00,379,Mosholu Pkwy (4),Bronx,40.87975,-73.88466,176.0,120.2794,1,16.0,1,11,0,0
2025-05-05 11:00:00,380,Bedford Park Blvd-Lehman College (4),Bronx,40.873413,-73.89006,134.0,108.3413,1,14.0,1,11,0,0
2025-05-05 11:00:00,381,Kingsbridge Rd (4),Bronx,40.86776,-73.89717,265.0,164.9698,1,14.0,1,11,0,0
2025-05-05 11:00:00,382,Fordham Rd (4),Bronx,40.862804,-73.90103,296.0,188.5596,1,14.0,1,11,0,0
2025-05-05 11:00:00,383,183 St (4),Bronx,40.858406,-73.90388,141.0,96.3448,1,16.0,1,11,0,0
2025-05-05 11:00:00,384,Burnside Av (4),Bronx,40.853455,-73.907684,308.0,181.2826,1,15.0,1,11,0,0
2025-05-05 11:00:00,385,176 St (4),Bronx,40.84848,-73.9118,145.0,91.5034,1,15.0,1,11,0,0
2025-05-05 11:00:00,386,Mt Eden Av (4),Bronx,40.844433,-73.91469,132.0,74.0283,1,15.0,1,11,0,0
2025-05-05 11:00:00,387,170 St (4),Bronx,40.840076,-73.91779,206.0,140.9924,1,15.0,1,11,0,0
2025-05-05 11:00:00,388,167 St (4),Bronx,40.835537,-73.9214,296.0,164.0126,1,16.0,1,11,0,0
2025-05-05 11:00:00,391,"138 St-Grand Concourse (4,5)",Bronx,40.813225,-73.92985,124.0,90.8024,1,32.0,1,11,0,0
2025-05-05 11:00:00,392,"125 St (4,5,6)",Manhattan,40.80414,-73.93759,740.0,584.6918,1,62.0,1,11,0,0
2025-05-05 11:00:00,393,116 St (6),Manhattan,40.79863,-73.94162,468.0,325.9992,1,30.0,1,11,0,0
2025-05-05 11:00:00,394,110 St (6),Manhattan,40.79502,-73.94425,325.0,238.4386,1,30.0,1,11,0,0
2025-05-05 11:00:00,395,103 St (6),Manhattan,40.7906,-73.94748,352.0,282.7718,1,30.0,1,11,0,0
2025-05-05 11:00:00,396,96 St (6),Manhattan,40.78567,-73.95107,657.0,502.1246,1,30.0,1,11,0,0
2025-05-05 11:00:00,397,"86 St (4,5,6)",Manhattan,40.77949,-73.95559,1246.0,1620.201,1,61.0,1,11,0,0
2025-05-05 11:00:00,398,77 St (6),Manhattan,40.77362,-73.95988,806.0,989.9501,1,30.0,1,11,0,0
2025-05-05 11:00:00,399,68 St-Hunter College (6),Manhattan,40.768143,-73.96387,939.0,1078.3907,1,30.0,1,11,0,0
2025-05-05 11:00:00,403,33 St (6),Manhattan,40.746082,-73.98208,754.0,807.9902,1,30.0,1,11,0,0
2025-05-05 11:00:00,404,28 St (6),Manhattan,40.74307,-73.98426,534.0,536.5824,1,30.0,1,11,0,0
2025-05-05 11:00:00,405,23 St-Baruch College (6),Manhattan,40.739864,-73.9866,872.0,1081.4066,1,30.0,1,11,0,0
2025-05-05 11:00:00,407,Astor Pl (6),Manhattan,40.730053,-73.99107,378.0,589.9458,1,30.0,1,11,0,0
2025-05-05 11:00:00,409,Spring St (6),Manhattan,40.7223,-73.99714,295.0,589.5472,1,30.0,1,11,0,0
2025-05-05 11:00:00,413,"Wall St (4,5)",Manhattan,40.707558,-74.01186,434.0,520.9144,1,30.0,1,11,0,0
2025-05-05 11:00:00,414,"Bowling Green (4,5)",Manhattan,40.70482,-74.01407,599.0,803.6702,1,29.0,1,11,0,0
2025-05-05 11:00:00,416,Wakefield-241 St (2),Bronx,40.903126,-73.85062,91.0,74.7699,1,8.0,1,11,0,0
2025-05-05 11:00:00,417,"Nereid Av (2,5)",Bronx,40.89838,-73.85438,56.0,48.7553,1,16.0,1,11,0,0
2025-05-05 11:00:00,418,"233 St (2,5)",Bronx,40.893192,-73.857475,82.0,69.2207,1,16.0,1,11,0,0
2025-05-05 11:00:00,419,"225 St (2,5)",Bronx,40.888023,-73.860344,77.0,43.1243,1,15.0,1,11,0,0
2025-05-05 11:00:00,420,"219 St (2,5)",Bronx,40.883896,-73.86263,67.0,38.383,1,14.0,1,11,0,0
2025-05-05 11:00:00,421,"Gun Hill Rd (2,5)",Bronx,40.87785,-73.86626,179.0,117.1441,1,15.0,1,11,0,0
2025-05-05 11:00:00,422,"Burke Av (2,5)",Bronx,40.871357,-73.867165,83.0,45.2516,1,16.0,1,11,0,0
2025-05-05 11:00:00,423,"Allerton Av (2,5)",Bronx,40.865463,-73.867355,123.0,79.5574,1,16.0,1,11,0,0
2025-05-05 11:00:00,424,"Pelham Pkwy (2,5)",Bronx,40.857193,-73.867615,249.0,153.5147,1,14.0,1,11,0,0
2025-05-05 11:00:00,425,"Bronx Park East (2,5)",Bronx,40.848827,-73.868454,50.0,36.54,1,15.0,1,11,0,0
2025-05-05 11:00:00,426,"E 180 St (2,5)",Bronx,40.841892,-73.87349,189.0,149.0241,1,31.0,1,11,0,0
2025-05-05 11:00:00,427,"West Farms Sq-E Tremont Av (2,5)",Bronx,40.840294,-73.88005,192.0,151.9986,1,31.0,1,11,0,0
2025-05-05 11:00:00,428,"174 St (2,5)",Bronx,40.837288,-73.88773,190.0,121.8472,1,30.0,1,11,0,0
2025-05-05 11:00:00,429,"Freeman St (2,5)",Bronx,40.829994,-73.89187,127.0,80.3213,1,30.0,1,11,0,0
2025-05-05 11:00:00,430,"Simpson St (2,5)",Bronx,40.824074,-73.89307,334.0,188.6896,1,30.0,1,11,0,0
2025-05-05 11:00:00,431,"Intervale Av (2,5)",Bronx,40.82218,-73.896736,108.0,52.0494,1,31.0,1,11,0,0
2025-05-05 11:00:00,432,"Prospect Av (2,5)",Bronx,40.819584,-73.90177,185.0,127.5981,1,30.0,1,11,0,0
2025-05-05 11:00:00,433,"Jackson Av (2,5)",Bronx,40.81649,-73.90781,141.0,89.8979,1,30.0,1,11,0,0
2025-05-05 11:00:00,434,"3 Av-149 St (2,5)",Bronx,40.81611,-73.917755,657.0,446.0423,1,31.0,1,11,0,0
2025-05-05 11:00:00,436,Harlem-148 St (3),Manhattan,40.82388,-73.93647,108.0,54.9633,1,8.0,1,11,0,0
2025-05-05 11:00:00,437,145 St (3),Manhattan,40.82042,-73.93625,88.0,53.2086,1,16.0,1,11,0,0
2025-05-05 11:00:00,438,"135 St (2,3)",Manhattan,40.814228,-73.94077,404.0,256.9088,1,29.0,1,11,0,0
2025-05-05 11:00:00,439,"125 St (2,3)",Manhattan,40.807755,-73.945496,517.0,420.5774,1,29.0,1,11,0,0
2025-05-05 11:00:00,440,"116 St (2,3)",Manhattan,40.802097,-73.94962,317.0,212.1206,1,30.0,1,11,0,0
2025-05-05 11:00:00,441,"110 St-Malcolm X Plaza (2,3)",Manhattan,40.799076,-73.95182,245.0,177.373,1,30.0,1,11,0,0
2025-05-05 11:00:00,442,Eastchester-Dyre Av (5),Bronx,40.8883,-73.83083,122.0,68.6886,1,8.0,1,11,0,0
2025-05-05 11:00:00,443,Baychester Av (5),Bronx,40.878662,-73.83859,63.0,44.4015,1,17.0,1,11,0,0
2025-05-05 11:00:00,444,Gun Hill Rd (5),Bronx,40.869526,-73.84638,123.0,73.9526,1,15.0,1,11,0,0
2025-05-05 11:00:00,445,Pelham Pkwy (5),Bronx,40.858986,-73.85536,77.0,45.6581,1,16.0,1,11,0,0
2025-05-05 11:00:00,446,Morris Park (5),Bronx,40.854362,-73.8605,74.0,34.1192,1,16.0,1,11,0,0
2025-05-05 11:00:00,447,Flushing-Main St (7),Queens,40.7596,-73.83003,1851.0,1686.2049,1,12.0,1,11,0,0
2025-05-05 11:00:00,448,Mets-Willets Point (7),Queens,40.754623,-73.84563,65.0,221.1952,1,23.0,1,11,0,0
2025-05-05 11:00:00,449,111 St (7),Queens,40.75173,-73.85533,344.0,221.7149,1,24.0,1,11,0,0
2025-05-05 11:00:00,450,103 St-Corona Plaza (7),Queens,40.749866,-73.8627,700.0,375.8263,1,24.0,1,11,0,0
2025-05-05 11:00:00,451,Junction Blvd (7),Queens,40.749146,-73.86953,743.0,526.1657,1,24.0,1,11,0,0
2025-05-05 11:00:00,452,90 St-Elmhurst Av (7),Queens,40.74841,-73.87661,605.0,418.4186,1,24.0,1,11,0,0
2025-05-05 11:00:00,453,82 St-Jackson Hts (7),Queens,40.747658,-73.8837,567.0,461.6845,1,24.0,1,11,0,0
2025-05-05 11:00:00,455,69 St (7),Queens,40.746326,-73.8964,223.0,139.1451,1,24.0,1,11,0,0
2025-05-05 11:00:00,456,61 St-Woodside (7),Queens,40.74563,-73.902985,494.0,331.5068,1,24.0,1,11,0,0
2025-05-05 11:00:00,457,52 St (7),Queens,40.74415,-73.91255,234.0,140.9282,1,24.0,1,11,0,0
2025-05-05 11:00:00,458,46 St-Bliss St (7),Queens,40.743134,-73.918434,461.0,265.7983,1,24.0,1,11,0,0
2025-05-05 11:00:00,459,40 St-Lowery St (7),Queens,40.743782,-73.92402,366.0,191.5274,1,25.0,1,11,0,0
2025-05-05 11:00:00,460,33 St-Rawson St (7),Queens,40.744587,-73.931,470.0,345.0409,1,26.0,1,11,0,0
2025-05-05 11:00:00,461,"Queensboro Plaza (7,N,W)",Queens,40.750584,-73.9402,476.0,301.2535,1,24.0,1,11,0,0
2025-05-05 11:00:00,463,Hunters Point Av (7),Queens,40.742214,-73.94891,108.0,81.3494,1,24.0,1,11,0,0
2025-05-05 11:00:00,464,Vernon Blvd-Jackson Av (7),Queens,40.742626,-73.95358,484.0,376.4286,1,24.0,1,11,0,0
2025-05-05 11:00:00,471,34 St-Hudson Yards (7),Manhattan,40.755882,-74.00191,529.0,1019.3312,1,12.0,1,11,0,0
2025-05-05 11:00:00,475,96 St (Q),Manhattan,40.784317,-73.94715,728.0,419.3616,1,8.0,1,11,0,0
2025-05-05 11:00:00,476,86 St (Q),Manhattan,40.77789,-73.95179,687.0,603.1253,1,15.0,1,11,0,0
2025-05-05 11:00:00,477,72 St (Q),Manhattan,40.7688,-73.95843,813.0,816.5957,1,14.0,1,11,0,0
2025-05-05 11:00:00,501,St George (SIR),Staten Island,40.64375,-74.07365,165.0,,0,2.0,1,11,0,0
2025-05-05 11:00:00,502,Tompkinsville (SIR),Staten Island,40.636948,-74.07484,21.0,,0,4.0,1,11,0,0
2025-05-05 11:00:00,601,"14 St/6 Av (1,2,3,L,F,M)",Manhattan,40.737797,-73.997734,1108.0,1729.5202,1,116.0,1,11,0,0
2025-05-05 11:00:00,602,"14 St-Union Sq (4,5,6,L,N,Q,R,W)",Manhattan,40.735065,-73.99042,2419.0,3712.4639,1,120.0,1,11,0,0
2025-05-05 11:00:00,603,"149 St-Grand Concourse (2,4,5)",Bronx,40.818394,-73.92703,358.0,285.176,1,15.0,1,11,0,0
2025-05-05 11:00:00,604,"161 St-Yankee Stadium (4,B,D)",Bronx,40.82795,-73.92574,712.0,458.0929,1,38.0,1,11,0,0
2025-05-05 11:00:00,605,"168 St-Washington Hts (1,A,C)",Manhattan,40.840637,-73.93985,659.0,534.2078,1,44.0,1,11,0,0
2025-05-05 11:00:00,606,"Court Sq-23 St (7,E,F,G)",Queens,40.747143,-73.94503,746.0,647.5633,1,67.0,1,11,0,0
2025-05-05 11:00:00,607,"34 St-Herald Sq (B,D,F,M,N,Q,R,W)",Manhattan,40.74964,-73.987885,2835.0,3515.6,1,120.0,1,11,0,0
2025-05-05 11:00:00,608,"4 Av-9 St (F,G,R)",Brooklyn,40.67056,-73.989044,396.0,328.083,1,50.0,1,11,0,0
2025-05-05 11:00:00,609,"42 St-Bryant Pk/5 Av (7,B,D,F,M)",Manhattan,40.75402,-73.98327,1220.0,1818.686,1,87.0,1,11,0,0
2025-05-05 11:00:00,610,"Grand Central-42 St (4,5,6,7,S)",Manhattan,40.75199,-73.977356,3880.0,3683.7111,1,97.0,1,11,0,0
2025-05-05 11:00:00,611,"Times Sq-42 St/Port Authority Bus Terminal (1,2,3,7,A,C,E,N,Q,R,W,S)",Manhattan,40.755745,-73.98758,5043.0,4793.1071,1,172.0,1,11,0,0
2025-05-05 11:00:00,612,"Lexington Av/51-53 Sts (6,E,F)",Manhattan,40.757328,-73.97049,1378.0,1606.4177,1,66.0,1,11,0,0
2025-05-05 11:00:00,613,"Lexington Av/59 St (4,5,6,N,R,W)",Manhattan,40.762592,-73.96761,1293.0,1768.4713,1,102.0,1,11,0,0
2025-05-05 11:00:00,614,"59 St-Columbus Circle (1,A,C,B,D)",Manhattan,40.768272,-73.981834,1826.0,2653.8532,1,82.0,1,11,0,0
2025-05-05 11:00:00,615,"62 St/New Utrecht Av (D,N)",Brooklyn,40.625656,-73.99663,155.0,110.624,1,28.0,1,11,0,0
2025-05-05 11:00:00,616,"Jackson Hts-Roosevelt Av/74 St-Broadway (7,E,F,M,R)",Queens,40.746746,-73.891365,1891.0,1544.4238,1,91.0,1,11,0,0
2025-05-05 11:00:00,617,"Atlantic Av-Barclays Ctr (2,3,4,5,B,D,N,Q,R)",Brooklyn,40.684162,-73.97779,1130.0,1495.2871,1,133.0,1,11,0,0
2025-05-05 11:00:00,618,"14 St/8 Av (A,C,E,L)",Manhattan,40.740334,-74.00214,1064.0,1920.5293,1,64.0,1,11,0,0
2025-05-05 11:00:00,619,"Broadway-Lafayette St/Bleecker St (6,B,D,F,M)",Manhattan,40.725605,-73.99543,1027.0,1879.952,1,93.0,1,11,0,0
2025-05-05 11:00:00,620,"Borough Hall/Court St (2,3,4,5,R)",Brooklyn,40.69324,-73.99064,1056.0,931.4682,1,76.0,1,11,0,0
2025-05-05 11:00:00,621,"Broadway Junction (A,C,J,Z,L)",Brooklyn,40.678898,-73.90436,232.0,174.1881,1,28.0,1,11,0,0
2025-05-05 11:00:00,622,"Brooklyn Bridge-City Hall/Chambers St (4,5,6,J,Z)",Manhattan,40.713154,-74.00377,955.0,940.4623,1,61.0,1,11,0,0
2025-05-05 11:00:00,623,"Canal St (6,J,Z,N,Q,R,W)",Manhattan,40.7187,-74.00058,1387.0,2166.9465,1,73.0,1,11,0,0
2025-05-05 11:00:00,624,"Chambers St/WTC/Park Place/Cortlandt St (2,3,A,C,E,R,W)",Manhattan,40.712605,-74.00955,1536.0,1864.801,1,95.0,1,11,0,0
2025-05-05 11:00:00,625,"Delancey St-Essex St (F,M,J,Z)",Manhattan,40.718464,-73.98778,840.0,879.4871,1,50.0,1,11,0,0
2025-05-05 11:00:00,626,"Franklin Av-Medgar Evers College/Botanic Garden (2,3,4,5,S)",Brooklyn,40.670513,-73.95869,535.0,310.1614,1,71.0,1,11,0,0
2025-05-05 11:00:00,627,"Franklin Av (C,S)",Brooklyn,40.68099,-73.95634,221.0,131.6898,1,22.0,1,11,0,0
2025-05-05 11:00:00,628,"Fulton St (2,3,4,5,A,C,J,Z)",Manhattan,40.71009,-74.007835,2111.0,2406.7098,1,75.0,1,11,0,0
2025-05-05 11:00:00,629,"Metropolitan Av/Lorimer St (G,L)",Brooklyn,40.71343,-73.95084,414.0,402.2889,1,44.0,1,11,0,0
2025-05-05 11:00:00,630,"Myrtle-Wyckoff Avs (M,L)",Brooklyn,40.699623,-73.91199,723.0,413.0823,1,29.0,1,11,0,0
2025-05-05 11:00:00,635,"Whitehall St-South Ferry (1,R,W)",Manhattan,40.702576,-74.01333,778.0,1118.6646,1,33.0,1,11,0,0
2025-05-05 11:00:00,636,"Jay St-MetroTech (A,C,F,R)",Brooklyn,40.69226,-73.98664,1543.0,1338.2967,1,64.0,1,11,0,0
2025-05-05 12:00:00,1,"Astoria-Ditmars Blvd (N,W)",Queens,40.775036,-73.91203,382.0,335.8033,1,14.0,1,12,0,0
2025-05-05 12:00:00,2,"Astoria Blvd (N,W)",Queens,40.77026,-73.91785,307.0,251.137,1,27.0,1,12,0,0
2025-05-05 12:00:00,3,"30 Av (N,W)",Queens,40.76678,-73.92148,422.0,309.3946,1,27.0,1,12,0,0
2025-05-05 12:00:00,4,"Broadway (N,W)",Queens,40.76182,-73.92551,387.0,282.5997,1,27.0,1,12,0,0
2025-05-05 12:00:00,5,"36 Av (N,W)",Queens,40.756805,-73.92957,188.0,161.1796,1,28.0,1,12,0,0
2025-05-05 12:00:00,6,"39 Av-Dutch Kills (N,W)",Queens,40.75288,-73.932755,109.0,86.95139999999999,1,26.0,1,12,0,0
2025-05-05 12:00:00,8,"5 Av/59 St (N,R,W)",Manhattan,40.764812,-73.97335,484.0,460.1517,1,41.0,1,12,0,0
2025-05-05 12:00:00,9,"57 St-7 Av (N,Q,R,W)",Manhattan,40.764664,-73.98066,1047.0,1175.6625,1,58.0,1,12,0,0
2025-05-05 12:00:00,10,"49 St (N,R,W)",Manhattan,40.7599,-73.98414,744.0,721.3602,1,44.0,1,12,0,0
2025-05-05 12:00:00,13,"28 St (R,W)",Manhattan,40.745495,-73.98869,403.0,435.4184,1,26.0,1,12,0,0
2025-05-05 12:00:00,14,"23 St (R,W)",Manhattan,40.741302,-73.98934,739.0,797.503,1,26.0,1,12,0,0
2025-05-05 12:00:00,16,"8 St-NYU (R,W)",Manhattan,40.730328,-73.99263,565.0,716.6304,1,28.0,1,12,0,0
2025-05-05 12:00:00,17,"Prince St (R,W)",Manhattan,40.72433,-73.9977,512.0,774.8517,1,26.0,1,12,0,0
2025-05-05 12:00:00,20,"City Hall (R,W)",Manhattan,40.713284,-74.00698,212.0,157.11,1,27.0,1,12,0,0
2025-05-05 12:00:00,22,"Rector St (R,W)",Manhattan,40.70722,-74.01334,184.0,157.9478,1,26.0,1,12,0,0
2025-05-05 12:00:00,26,"DeKalb Av (B,Q,R)",Brooklyn,40.690636,-73.98183,888.0,732.4265,1,45.0,1,12,0,0
2025-05-05 12:00:00,28,Union St (R),Brooklyn,40.677315,-73.98311,224.0,215.8647,1,15.0,1,12,0,0
2025-05-05 12:00:00,30,Prospect Av (R),Brooklyn,40.665413,-73.992874,141.0,143.7741,1,14.0,1,12,0,0
2025-05-05 12:00:00,31,25 St (R),Brooklyn,40.660397,-73.99809,132.0,128.5543,1,15.0,1,12,0,0
2025-05-05 12:00:00,32,"36 St (D,N,R)",Brooklyn,40.655144,-74.00355,426.0,442.5954,1,45.0,1,12,0,0
2025-05-05 12:00:00,33,45 St (R),Brooklyn,40.648937,-74.01001,226.0,203.5248,1,14.0,1,12,0,0
2025-05-05 12:00:00,34,53 St (R),Brooklyn,40.64507,-74.01403,270.0,227.6384,1,14.0,1,12,0,0
2025-05-05 12:00:00,35,"59 St (N,R)",Brooklyn,40.64136,-74.01788,401.0,348.7375,1,30.0,1,12,0,0
2025-05-05 12:00:00,36,Bay Ridge Av (R),Brooklyn,40.634968,-74.02338,236.0,217.7513,1,16.0,1,12,0,0
2025-05-05 12:00:00,37,77 St (R),Brooklyn,40.62974,-74.02551,187.0,116.1912,1,15.0,1,12,0,0
2025-05-05 12:00:00,38,86 St (R),Brooklyn,40.62269,-74.0284,403.0,300.4836,1,14.0,1,12,0,0
2025-05-05 12:00:00,39,Bay Ridge-95 St (R),Brooklyn,40.616623,-74.030876,157.0,113.6944,1,8.0,1,12,0,0
2025-05-05 12:00:00,41,"7 Av (B,Q)",Brooklyn,40.67705,-73.97237,295.0,272.6082,1,30.0,1,12,0,0
2025-05-05 12:00:00,42,"Prospect Park (B,Q,S)",Brooklyn,40.661613,-73.96225,306.0,320.6691,1,38.0,1,12,0,0
2025-05-05 12:00:00,43,Parkside Av (Q),Brooklyn,40.655293,-73.961494,162.0,155.2203,1,16.0,1,12,0,0
2025-05-05 12:00:00,44,"Church Av (B,Q)",Brooklyn,40.650528,-73.96298,442.0,321.5534,1,30.0,1,12,0,0
2025-05-05 12:00:00,45,Beverley Rd (Q),Brooklyn,40.64403,-73.96449,104.0,87.7905,1,16.0,1,12,0,0
2025-05-05 12:00:00,46,Cortelyou Rd (Q),Brooklyn,40.640926,-73.96389,197.0,146.5581,1,16.0,1,12,0,0
2025-05-05 12:00:00,47,"Newkirk Plaza (B,Q)",Brooklyn,40.635082,-73.96279,300.0,241.9937,1,30.0,1,12,0,0
2025-05-05 12:00:00,48,Avenue H (Q),Brooklyn,40.62927,-73.96164,134.0,87.8215,1,16.0,1,12,0,0
2025-05-05 12:00:00,49,Avenue J (Q),Brooklyn,40.62504,-73.9608,180.0,168.5555,1,15.0,1,12,0,0
2025-05-05 12:00:00,50,Avenue M (Q),Brooklyn,40.61762,-73.9594,251.0,122.9234,1,16.0,1,12,0,0
2025-05-05 12:00:00,51,"Kings Hwy (B,Q)",Brooklyn,40.60867,-73.95773,638.0,506.8051,1,30.0,1,12,0,0
2025-05-05 12:00:00,52,Avenue U (Q),Brooklyn,40.5993,-73.95593,210.0,198.8126,1,14.0,1,12,0,0
2025-05-05 12:00:00,53,Neck Rd (Q),Brooklyn,40.595245,-73.95516,128.0,106.1288,1,15.0,1,12,0,0
2025-05-05 12:00:00,54,"Sheepshead Bay (B,Q)",Brooklyn,40.586895,-73.954155,358.0,332.0432,1,30.0,1,12,0,0
2025-05-05 12:00:00,55,"Brighton Beach (B,Q)",Brooklyn,40.57762,-73.96137,414.0,433.4804,1,22.0,1,12,0,0
2025-05-05 12:00:00,56,Ocean Pkwy (Q),Brooklyn,40.576313,-73.9685,111.0,106.9411,1,14.0,1,12,0,0
2025-05-05 12:00:00,57,"W 8 St-NY Aquarium (F,Q)",Brooklyn,40.576126,-73.97594,87.0,213.5751,1,33.0,1,12,0,0
2025-05-05 12:00:00,58,"Coney Island-Stillwell Av (D,F,N,Q)",Brooklyn,40.577423,-73.98123,452.0,702.2384,1,32.0,1,12,0,0
2025-05-05 12:00:00,59,9 Av (D),Brooklyn,40.646294,-73.99432,183.0,138.845,1,16.0,1,12,0,0
2025-05-05 12:00:00,60,Fort Hamilton Pkwy (D),Brooklyn,40.640915,-73.9943,135.0,129.8526,1,14.0,1,12,0,0
2025-05-05 12:00:00,61,50 St (D),Brooklyn,40.63626,-73.99479,92.0,99.3479,1,15.0,1,12,0,0
2025-05-05 12:00:00,62,55 St (D),Brooklyn,40.631435,-73.995476,59.0,45.329,1,15.0,1,12,0,0
2025-05-05 12:00:00,64,71 St (D),Brooklyn,40.61959,-73.99886,120.0,114.5794,1,16.0,1,12,0,0
2025-05-05 12:00:00,65,79 St (D),Brooklyn,40.613503,-74.00061,215.0,138.6558,1,15.0,1,12,0,0
2025-05-05 12:00:00,66,18 Av (D),Brooklyn,40.607952,-74.00174,200.0,151.398,1,15.0,1,12,0,0
2025-05-05 12:00:00,67,20 Av (D),Brooklyn,40.604557,-73.99817,142.0,131.2612,1,15.0,1,12,0,0
2025-05-05 12:00:00,68,Bay Pkwy (D),Brooklyn,40.601875,-73.99373,262.0,213.8232,1,16.0,1,12,0,0
2025-05-05 12:00:00,69,25 Av (D),Brooklyn,40.597706,-73.98683,131.0,104.5953,1,15.0,1,12,0,0
2025-05-05 12:00:00,70,Bay 50 St (D),Brooklyn,40.58884,-73.983765,73.0,86.2988,1,15.0,1,12,0,0
2025-05-05 12:00:00,71,8 Av (N),Brooklyn,40.635063,-74.01172,516.0,456.5351,1,16.0,1,12,0,0
2025-05-05 12:00:00,72,Fort Hamilton Pkwy (N),Brooklyn,40.631386,-74.00535,210.0,185.7127,1,15.0,1,12,0,0
2025-05-05 12:00:00,74,18 Av (N),Brooklyn,40.62067,-73.99042,148.0,138.74,1,14.0,1,12,0,0
2025-05-05 12:00:00,75,20 Av (N),Brooklyn,40.61741,-73.98502,203.0,83.795,1,14.0,1,12,0,0
2025-05-05 12:00:00,76,Bay Pkwy (N),Brooklyn,40.611816,-73.98185,219.0,178.7053,1,14.0,1,12,0,0
2025-05-05 12:00:00,77,Kings Hwy (N),Brooklyn,40.603924,-73.980354,166.0,149.1106,1,16.0,1,12,0,0
2025-05-05 12:00:00,78,Avenue U (N),Brooklyn,40.597473,-73.97913,105.0,92.0469,1,14.0,1,12,0,0
2025-05-05 12:00:00,79,86 St (N),Brooklyn,40.59272,-73.97823,75.0,87.3623,1,14.0,1,12,0,0
2025-05-05 12:00:00,80,"121 St (J,Z)",Queens,40.700493,-73.82829,70.0,51.8334,1,15.0,1,12,0,0
2025-05-05 12:00:00,81,111 St (J),Queens,40.69742,-73.83634,73.0,55.4854,1,14.0,1,12,0,0
2025-05-05 12:00:00,82,"104 St (J,Z)",Queens,40.69518,-73.84433,76.0,69.8235,1,16.0,1,12,0,0
2025-05-05 12:00:00,83,"Woodhaven Blvd (J,Z)",Queens,40.69388,-73.85158,139.0,133.0567,1,16.0,1,12,0,0
2025-05-05 12:00:00,84,85 St-Forest Pkwy (J),Queens,40.692436,-73.86001,63.0,40.7233,1,15.0,1,12,0,0
2025-05-05 12:00:00,85,"75 St-Elderts Ln (J,Z)",Queens,40.691322,-73.86714,127.0,90.3098,1,14.0,1,12,0,0
2025-05-05 12:00:00,86,Cypress Hills (J),Brooklyn,40.68994,-73.87255,14.0,13.0217,1,14.0,1,12,0,0
2025-05-05 12:00:00,87,"Crescent St (J,Z)",Brooklyn,40.683193,-73.87379,121.0,103.8309,1,16.0,1,12,0,0
2025-05-05 12:00:00,88,"Norwood Av (J,Z)",Brooklyn,40.68141,-73.880035,65.0,44.7178,1,16.0,1,12,0,0
2025-05-05 12:00:00,89,Cleveland St (J),Brooklyn,40.679947,-73.884636,58.0,50.0842,1,15.0,1,12,0,0
2025-05-05 12:00:00,90,"Van Siclen Av (J,Z)",Brooklyn,40.678024,-73.891685,79.0,61.7758,1,14.0,1,12,0,0
2025-05-05 12:00:00,91,"Alabama Av (J,Z)",Brooklyn,40.67699,-73.89865,49.0,49.2955,1,14.0,1,12,0,0
2025-05-05 12:00:00,93,"Chauncey St (J,Z)",Brooklyn,40.68289,-73.91045,86.0,51.3765,1,14.0,1,12,0,0
2025-05-05 12:00:00,94,Halsey St (J),Brooklyn,40.68637,-73.91656,146.0,120.7144,1,14.0,1,12,0,0
2025-05-05 12:00:00,95,"Gates Av (J,Z)",Brooklyn,40.68963,-73.92227,209.0,131.9713,1,15.0,1,12,0,0
2025-05-05 12:00:00,96,Kosciuszko St (J),Brooklyn,40.69334,-73.92882,192.0,107.5005,1,16.0,1,12,0,0
2025-05-05 12:00:00,97,"Myrtle Av (M,J,Z)",Brooklyn,40.69721,-73.93565,352.0,254.4584,1,29.0,1,12,0,0
2025-05-05 12:00:00,98,"Flushing Av (M,J)",Brooklyn,40.70026,-73.941124,347.0,245.6163,1,22.0,1,12,0,0
2025-05-05 12:00:00,99,"Lorimer St (M,J)",Brooklyn,40.70387,-73.94741,110.0,100.1087,1,23.0,1,12,0,0
2025-05-05 12:00:00,100,"Hewes St (M,J)",Brooklyn,40.70687,-73.95343,93.0,55.9215,1,23.0,1,12,0,0
2025-05-05 12:00:00,101,"Marcy Av (M,J,Z)",Brooklyn,40.70836,-73.957756,406.0,341.5378,1,31.0,1,12,0,0
2025-05-05 12:00:00,103,"Bowery (J,Z)",Manhattan,40.72028,-73.99391,133.0,122.431,1,16.0,1,12,0,0
2025-05-05 12:00:00,107,"Broad St (J,Z)",Manhattan,40.706474,-74.011055,195.0,166.6154,1,7.0,1,12,0,0
2025-05-05 12:00:00,108,Middle Village-Metropolitan Av (M),Queens,40.711395,-73.8896,102.0,85.3454,1,7.0,1,12,0,0
2025-05-05 12:00:00,109,Fresh Pond Rd (M),Queens,40.706184,-73.895874,146.0,122.068,1,16.0,1,12,0,0
2025-05-05 12:00:00,110,Forest Av (M),Queens,40.704422,-73.903076,115.0,95.03,1,14.0,1,12,0,0
2025-05-05 12:00:00,111,Seneca Av (M),Queens,40.702763,-73.90774,74.0,52.3893,1,14.0,1,12,0,0
2025-05-05 12:00:00,113,Knickerbocker Av (M),Brooklyn,40.698666,-73.91971,138.0,81.0719,1,16.0,1,12,0,0
2025-05-05 12:00:00,114,Central Av (M),Brooklyn,40.697857,-73.9274,126.0,82.0661,1,14.0,1,12,0,0
2025-05-05 12:00:00,118,3 Av (L),Manhattan,40.73285,-73.98612,195.0,255.9457,1,24.0,1,12,0,0
2025-05-05 12:00:00,119,1 Av (L),Manhattan,40.730953,-73.98163,805.0,838.6837,1,24.0,1,12,0,0
2025-05-05 12:00:00,120,Bedford Av (L),Brooklyn,40.717304,-73.95687,1018.0,1285.981,1,24.0,1,12,0,0
2025-05-05 12:00:00,122,Graham Av (L),Brooklyn,40.714565,-73.94405,280.0,225.2957,1,25.0,1,12,0,0
2025-05-05 12:00:00,123,Grand St (L),Brooklyn,40.711926,-73.94067,201.0,159.5383,1,24.0,1,12,0,0
2025-05-05 12:00:00,124,Montrose Av (L),Brooklyn,40.70774,-73.93985,217.0,160.8607,1,25.0,1,12,0,0
2025-05-05 12:00:00,125,Morgan Av (L),Brooklyn,40.706154,-73.93314,242.0,233.6146,1,25.0,1,12,0,0
2025-05-05 12:00:00,126,Jefferson St (L),Brooklyn,40.706608,-73.92291,272.0,241.5319,1,25.0,1,12,0,0
2025-05-05 12:00:00,127,DeKalb Av (L),Brooklyn,40.70381,-73.91843,444.0,282.9068,1,25.0,1,12,0,0
2025-05-05 12:00:00,129,Halsey St (L),Queens,40.695602,-73.90408,273.0,194.2424,1,26.0,1,12,0,0
2025-05-05 12:00:00,130,Wilson Av (L),Brooklyn,40.688763,-73.904045,135.0,109.2521,1,25.0,1,12,0,0
2025-05-05 12:00:00,131,Bushwick Av-Aberdeen St (L),Brooklyn,40.68283,-73.90525,85.0,57.8687,1,26.0,1,12,0,0
2025-05-05 12:00:00,133,Atlantic Av (L),Brooklyn,40.675346,-73.9031,75.0,52.0179,1,25.0,1,12,0,0
2025-05-05 12:00:00,134,Sutter Av (L),Brooklyn,40.66937,-73.90198,81.0,65.7827,1,26.0,1,12,0,0
2025-05-05 12:00:00,135,Livonia Av (L),Brooklyn,40.66404,-73.90057,66.0,75.0719,1,26.0,1,12,0,0
2025-05-05 12:00:00,136,New Lots Av (L),Brooklyn,40.658733,-73.89923,91.0,82.0492,1,25.0,1,12,0,0
2025-05-05 12:00:00,137,East 105 St (L),Brooklyn,40.650574,-73.89948,59.0,48.8504,1,26.0,1,12,0,0
2025-05-05 12:00:00,138,Canarsie-Rockaway Pkwy (L),Brooklyn,40.646652,-73.90185,94.0,182.5134,1,12.0,1,12,0,0
2025-05-05 12:00:00,141,Park Pl (S),Brooklyn,40.67477,-73.95763,64.0,48.0055,1,12.0,1,12,0,0
2025-05-05 12:00:00,143,Inwood-207 St (A),Manhattan,40.868073,-73.9199,233.0,194.4819,1,7.0,1,12,0,0
2025-05-05 12:00:00,144,Dyckman St (A),Manhattan,40.86549,-73.92727,242.0,226.3143,1,13.0,1,12,0,0
2025-05-05 12:00:00,145,190 St (A),Manhattan,40.85902,-73.93418,103.0,128.9562,1,13.0,1,12,0,0
2025-05-05 12:00:00,146,181 St (A),Manhattan,40.851696,-73.937965,308.0,248.9844,1,15.0,1,12,0,0
2025-05-05 12:00:00,147,175 St (A),Manhattan,40.84739,-73.939705,350.0,250.9247,1,15.0,1,12,0,0
2025-05-05 12:00:00,149,163 St-Amsterdam Av (C),Manhattan,40.836014,-73.939896,111.0,95.4869,1,14.0,1,12,0,0
2025-05-05 12:00:00,150,155 St (C),Manhattan,40.830517,-73.94151,87.0,60.2004,1,14.0,1,12,0,0
2025-05-05 12:00:00,151,"145 St (A,C,B,D)",Manhattan,40.824783,-73.944214,783.0,592.925,1,,0,12,0,0
2025-05-05 12:00:00,152,"135 St (C,B)",Manhattan,40.817894,-73.94765,220.0,144.5302,1,30.0,1,12,0,0
2025-05-05 12:00:00,153,"125 St (A,C,B,D)",Manhattan,40.811108,-73.95235,956.0,774.0204,1,57.0,1,12,0,0
2025-05-05 12:00:00,154,"116 St (C,B)",Manhattan,40.805084,-73.95488,238.0,183.5508,1,30.0,1,12,0,0
2025-05-05 12:00:00,155,"Cathedral Pkwy (110 St) (C,B)",Manhattan,40.800602,-73.95816,266.0,212.3345,1,30.0,1,12,0,0
2025-05-05 12:00:00,156,"103 St (C,B)",Manhattan,40.796093,-73.96146,194.0,146.5316,1,30.0,1,12,0,0
2025-05-05 12:00:00,157,"96 St (C,B)",Manhattan,40.79164,-73.9647,334.0,347.7123,1,30.0,1,12,0,0
2025-05-05 12:00:00,158,"86 St (C,B)",Manhattan,40.78587,-73.96892,376.0,413.1496,1,30.0,1,12,0,0
2025-05-05 12:00:00,159,"81 St-Museum of Natural History (C,B)",Manhattan,40.781433,-73.972145,688.0,835.6821,1,30.0,1,12,0,0
2025-05-05 12:00:00,160,"72 St (C,B)",Manhattan,40.775593,-73.97641,411.0,585.9791,1,30.0,1,12,0,0
2025-05-05 12:00:00,162,"50 St (C,E)",Manhattan,40.762455,-73.985985,616.0,620.2037,1,32.0,1,12,0,0
2025-05-05 12:00:00,164,"34 St-Penn Station (A,C,E)",Manhattan,40.75229,-73.99339,2462.0,2201.6693,1,46.0,1,12,0,0
2025-05-05 12:00:00,165,"23 St (C,E)",Manhattan,40.745907,-73.99804,721.0,675.4374,1,33.0,1,12,0,0
2025-05-05 12:00:00,167,"W 4 St-Wash Sq (A,C,E,B,D,F,M)",Manhattan,40.732338,-74.000496,1211.0,1764.9334,1,,0,12,0,0
2025-05-05 12:00:00,168,"Spring St (C,E)",Manhattan,40.726227,-74.00374,515.0,540.0332,1,33.0,1,12,0,0
2025-05-05 12:00:00,169,"Canal St (A,C,E)",Manhattan,40.720825,-74.005226,515.0,547.0403,1,46.0,1,12,0,0
2025-05-05 12:00:00,173,"High St (A,C)",Brooklyn,40.699337,-73.99053,418.0,490.0942,1,27.0,1,12,0,0
2025-05-05 12:00:00,175,"Hoyt-Schermerhorn Sts (A,C,G)",Brooklyn,40.688484,-73.985,435.0,397.316,1,43.0,1,12,0,0
2025-05-05 12:00:00,176,Lafayette Av (C),Brooklyn,40.68611,-73.973946,171.0,200.0388,1,14.0,1,12,0,0
2025-05-05 12:00:00,177,Clinton-Washington Avs (C),Brooklyn,40.68326,-73.965836,235.0,170.4369,1,14.0,1,12,0,0
2025-05-05 12:00:00,179,"Nostrand Av (A,C)",Brooklyn,40.68044,-73.950424,605.0,411.2332,1,28.0,1,12,0,0
2025-05-05 12:00:00,180,Kingston-Throop Avs (C),Brooklyn,40.67992,-73.94086,210.0,134.7577,1,16.0,1,12,0,0
2025-05-05 12:00:00,181,"Utica Av (A,C)",Brooklyn,40.679363,-73.93073,474.0,305.361,1,27.0,1,12,0,0
2025-05-05 12:00:00,182,Ralph Av (C),Brooklyn,40.67882,-73.920784,169.0,112.0023,1,15.0,1,12,0,0
2025-05-05 12:00:00,183,Rockaway Av (C),Brooklyn,40.67834,-73.91195,150.0,122.788,1,14.0,1,12,0,0
2025-05-05 12:00:00,185,Liberty Av (C),Brooklyn,40.67454,-73.896545,85.0,52.9244,1,16.0,1,12,0,0
2025-05-05 12:00:00,186,Van Siclen Av (C),Brooklyn,40.67271,-73.89036,76.0,51.1667,1,15.0,1,12,0,0
2025-05-05 12:00:00,187,Shepherd Av (C),Brooklyn,40.67413,-73.88075,80.0,56.7048,1,14.0,1,12,0,0
2025-05-05 12:00:00,188,"Euclid Av (A,C)",Brooklyn,40.675377,-73.87211,304.0,217.7027,1,20.0,1,12,0,0
2025-05-05 12:00:00,189,Grant Av (A),Brooklyn,40.677044,-73.86505,149.0,102.2041,1,13.0,1,12,0,0
2025-05-05 12:00:00,190,80 St (A),Queens,40.67937,-73.85899,123.0,81.4315,1,12.0,1,12,0,0
2025-05-05 12:00:00,191,88 St (A),Queens,40.679844,-73.85147,59.0,56.4729,1,12.0,1,12,0,0
2025-05-05 12:00:00,192,Rockaway Blvd (A),Queens,40.680428,-73.84386,197.0,177.739,1,12.0,1,12,0,0
2025-05-05 12:00:00,193,104 St (A),Queens,40.68171,-73.837685,39.0,35.7032,1,6.0,1,12,0,0
2025-05-05 12:00:00,194,111 St (A),Queens,40.68433,-73.83216,47.0,38.8285,1,6.0,1,12,0,0
2025-05-05 12:00:00,195,Ozone Park-Lefferts Blvd (A),Queens,40.68595,-73.8258,149.0,146.4244,1,3.0,1,12,0,0
2025-05-05 12:00:00,196,Aqueduct Racetrack (A),Queens,40.672096,-73.83592,21.0,44.9294,1,3.0,1,12,0,0
2025-05-05 12:00:00,197,Aqueduct-N Conduit Av (A),Queens,40.668236,-73.83406,8.0,20.1931,1,6.0,1,12,0,0
2025-05-05 12:00:00,198,Howard Beach-JFK Airport (A),Queens,40.660477,-73.8303,294.0,214.64,1,3.0,1,12,0,0
2025-05-05 12:00:00,210,Norwood-205 St (D),Bronx,40.87481,-73.87885,179.0,136.8602,1,7.0,1,12,0,0
2025-05-05 12:00:00,211,"Bedford Park Blvd (B,D)",Bronx,40.873245,-73.88714,177.0,149.9092,1,19.0,1,12,0,0
2025-05-05 12:00:00,212,"Kingsbridge Rd (B,D)",Bronx,40.866978,-73.89351,186.0,118.7256,1,24.0,1,12,0,0
2025-05-05 12:00:00,213,"Fordham Rd (B,D)",Bronx,40.861298,-73.89775,263.0,218.7147,1,22.0,1,12,0,0
2025-05-05 12:00:00,214,"182-183 Sts (B,D)",Bronx,40.856094,-73.90074,132.0,93.113,1,22.0,1,12,0,0
2025-05-05 12:00:00,215,"Tremont Av (B,D)",Bronx,40.85041,-73.90523,253.0,146.5607,1,23.0,1,12,0,0
2025-05-05 12:00:00,216,"174-175 Sts (B,D)",Bronx,40.8459,-73.91013,139.0,82.691,1,23.0,1,12,0,0
2025-05-05 12:00:00,217,"170 St (B,D)",Bronx,40.839306,-73.9134,145.0,116.8849,1,22.0,1,12,0,0
2025-05-05 12:00:00,218,"167 St (B,D)",Bronx,40.83377,-73.91844,255.0,152.6479,1,21.0,1,12,0,0
2025-05-05 12:00:00,220,"155 St (B,D)",Manhattan,40.830135,-73.93821,91.0,72.8995,1,23.0,1,12,0,0
2025-05-05 12:00:00,221,21 St-Queensbridge (M),Queens,40.754204,-73.94283,347.0,277.728,1,17.0,1,12,0,0
2025-05-05 12:00:00,222,Roosevelt Island (M),Manhattan,40.759144,-73.95326,274.0,309.8254,1,16.0,1,12,0,0
2025-05-05 12:00:00,223,"Lexington Av/63 St (M,Q)",Manhattan,40.76463,-73.96611,585.0,730.1212,1,32.0,1,12,0,0
2025-05-05 12:00:00,224,57 St (M),Manhattan,40.763973,-73.97745,464.0,663.4132,1,17.0,1,12,0,0
2025-05-05 12:00:00,225,"47-50 Sts-Rockefeller Ctr (B,D,F,M)",Manhattan,40.758663,-73.98133,1699.0,1693.8822,1,61.0,1,12,0,0
2025-05-05 12:00:00,228,"23 St (F,M)",Manhattan,40.742878,-73.99282,855.0,754.9475,1,31.0,1,12,0,0
2025-05-05 12:00:00,231,"Grand St (B,D)",Manhattan,40.718266,-73.99375,978.0,996.2195,1,30.0,1,12,0,0
2025-05-05 12:00:00,232,2 Av (F),Manhattan,40.7234,-73.98994,507.0,639.1194,1,18.0,1,12,0,0
2025-05-05 12:00:00,234,East Broadway (F),Manhattan,40.713715,-73.99017,474.0,531.2814999999999,1,18.0,1,12,0,0
2025-05-05 12:00:00,235,York St (F),Brooklyn,40.701397,-73.98675,450.0,633.7754,1,18.0,1,12,0,0
2025-05-05 12:00:00,236,"Bergen St (F,G)",Brooklyn,40.686146,-73.99086,318.0,264.5401,1,32.0,1,12,0,0
2025-05-05 12:00:00,237,"Carroll St (F,G)",Brooklyn,40.6803,-73.99505,360.0,243.0831,1,34.0,1,12,0,0
2025-05-05 12:00:00,238,"Smith-9 Sts (F,G)",Brooklyn,40.67358,-73.99596,148.0,100.389,1,33.0,1,12,0,0
2025-05-05 12:00:00,240,"7 Av (F,G)",Brooklyn,40.66627,-73.98031,366.0,317.8211,1,33.0,1,12,0,0
2025-05-05 12:00:00,241,"15 St-Prospect Park (F,G)",Brooklyn,40.660366,-73.97949,141.0,168.2871,1,34.0,1,12,0,0
2025-05-05 12:00:00,242,"Fort Hamilton Pkwy (F,G)",Brooklyn,40.650784,-73.97578,135.0,145.9922,1,34.0,1,12,0,0
2025-05-05 12:00:00,243,"Church Av (F,G)",Brooklyn,40.64404,-73.979675,276.0,237.6019,1,26.0,1,12,0,0
2025-05-05 12:00:00,244,Ditmas Av (F),Brooklyn,40.63612,-73.97817,110.0,80.5574,1,19.0,1,12,0,0
2025-05-05 12:00:00,245,18 Av (F),Brooklyn,40.629753,-73.976974,91.0,90.7388,1,18.0,1,12,0,0
2025-05-05 12:00:00,246,Avenue I (F),Brooklyn,40.62532,-73.97613,57.0,41.5085,1,19.0,1,12,0,0
2025-05-05 12:00:00,247,Bay Pkwy (F),Brooklyn,40.62077,-73.975266,44.0,24.1874,1,18.0,1,12,0,0
2025-05-05 12:00:00,248,Avenue N (F),Brooklyn,40.61514,-73.9742,64.0,63.7952,1,18.0,1,12,0,0
2025-05-05 12:00:00,249,Avenue P (F),Brooklyn,40.608944,-73.97302,65.0,49.4231,1,20.0,1,12,0,0
2025-05-05 12:00:00,250,Kings Hwy (F),Brooklyn,40.603218,-73.97236,80.0,99.1356,1,20.0,1,12,0,0
2025-05-05 12:00:00,251,Avenue U (F),Brooklyn,40.59606,-73.97336,47.0,47.2686,1,19.0,1,12,0,0
2025-05-05 12:00:00,252,Avenue X (F),Brooklyn,40.58962,-73.97425,81.0,70.07130000000001,1,20.0,1,12,0,0
2025-05-05 12:00:00,253,Neptune Av (F),Brooklyn,40.581013,-73.97457,67.0,35.0261,1,19.0,1,12,0,0
2025-05-05 12:00:00,254,Jamaica-179 St (F),Queens,40.712646,-73.78381,506.0,344.1951,1,8.0,1,12,0,0
2025-05-05 12:00:00,255,169 St (F),Queens,40.71047,-73.7936,233.0,194.5648,1,16.0,1,12,0,0
2025-05-05 12:00:00,256,Parsons Blvd (F),Queens,40.707565,-73.80333,248.0,150.5809,1,16.0,1,12,0,0
2025-05-05 12:00:00,257,Sutphin Blvd (F),Queens,40.70546,-73.81071,163.0,92.7028,1,17.0,1,12,0,0
2025-05-05 12:00:00,258,"Briarwood (E,F)",Queens,40.70918,-73.82057,136.0,107.0462,1,16.0,1,12,0,0
2025-05-05 12:00:00,259,"Kew Gardens-Union Tpke (E,F)",Queens,40.71444,-73.83101,724.0,570.6116,1,34.0,1,12,0,0
2025-05-05 12:00:00,260,"75 Av (E,F)",Queens,40.71833,-73.837326,105.0,83.3063,1,16.0,1,12,0,0
2025-05-05 12:00:00,261,"Forest Hills-71 Av (E,F,M,R)",Queens,40.72169,-73.84452,847.0,735.7388,1,49.0,1,12,0,0
2025-05-05 12:00:00,262,"67 Av (M,R)",Queens,40.726524,-73.85272,240.0,159.6928,1,31.0,1,12,0,0
2025-05-05 12:00:00,263,"63 Dr-Rego Park (M,R)",Queens,40.729847,-73.8616,430.0,383.2167,1,30.0,1,12,0,0
2025-05-05 12:00:00,264,"Woodhaven Blvd (M,R)",Queens,40.733105,-73.86923,533.0,591.7423,1,29.0,1,12,0,0
2025-05-05 12:00:00,265,"Grand Av-Newtown (M,R)",Queens,40.737015,-73.87722,620.0,451.1707,1,30.0,1,12,0,0
2025-05-05 12:00:00,266,"Elmhurst Av (M,R)",Queens,40.742455,-73.88202,428.0,315.9689,1,32.0,1,12,0,0
2025-05-05 12:00:00,268,"65 St (M,R)",Queens,40.74967,-73.89845,87.0,77.833,1,30.0,1,12,0,0
2025-05-05 12:00:00,269,"Northern Blvd (M,R)",Queens,40.752884,-73.906006,193.0,148.8666,1,30.0,1,12,0,0
2025-05-05 12:00:00,270,"46 St (M,R)",Queens,40.756313,-73.91333,215.0,175.4823,1,30.0,1,12,0,0
2025-05-05 12:00:00,271,"Steinway St (M,R)",Queens,40.756878,-73.92074,376.0,316.7435,1,31.0,1,12,0,0
2025-05-05 12:00:00,272,"36 St (M,R)",Queens,40.75204,-73.92878,108.0,100.2808,1,30.0,1,12,0,0
2025-05-05 12:00:00,273,"Queens Plaza (E,F,R)",Queens,40.748974,-73.93724,638.0,409.0854,1,47.0,1,12,0,0
2025-05-05 12:00:00,276,"5 Av/53 St (E,F)",Manhattan,40.760166,-73.97523,486.0,489.6457,1,32.0,1,12,0,0
2025-05-05 12:00:00,277,"7 Av (E,B,D)",Manhattan,40.762863,-73.981636,608.0,612.7615,1,48.0,1,12,0,0
2025-05-05 12:00:00,278,"Jamaica Center-Parsons/Archer (E,J,Z)",Queens,40.70215,-73.80111,914.0,689.0484,1,16.0,1,12,0,0
2025-05-05 12:00:00,279,"Sutphin Blvd-Archer Av-JFK Airport (E,J,Z)",Queens,40.700485,-73.80797,1005.0,892.2214,1,34.0,1,12,0,0
2025-05-05 12:00:00,280,Jamaica-Van Wyck (E),Queens,40.702564,-73.81686,139.0,101.2377,1,19.0,1,12,0,0
2025-05-05 12:00:00,282,21 St (G),Queens,40.744064,-73.94972,31.0,56.2911,1,16.0,1,12,0,0
2025-05-05 12:00:00,283,Greenpoint Av (G),Brooklyn,40.731354,-73.95445,313.0,302.9381,1,15.0,1,12,0,0
2025-05-05 12:00:00,284,Nassau Av (G),Brooklyn,40.724636,-73.95128,294.0,311.6103,1,14.0,1,12,0,0
2025-05-05 12:00:00,286,Broadway (G),Brooklyn,40.706093,-73.95031,124.0,102.1283,1,16.0,1,12,0,0
2025-05-05 12:00:00,287,Flushing Av (G),Brooklyn,40.70038,-73.95023,101.0,74.0252,1,15.0,1,12,0,0
2025-05-05 12:00:00,288,Myrtle-Willoughby Avs (G),Brooklyn,40.69457,-73.94904,146.0,111.0988,1,14.0,1,12,0,0
2025-05-05 12:00:00,289,Bedford-Nostrand Avs (G),Brooklyn,40.68963,-73.95352,285.0,164.0417,1,14.0,1,12,0,0
2025-05-05 12:00:00,290,Classon Av (G),Brooklyn,40.688873,-73.96007,148.0,120.3791,1,15.0,1,12,0,0
2025-05-05 12:00:00,291,Clinton-Washington Avs (G),Brooklyn,40.688087,-73.96684,191.0,156.1164,1,15.0,1,12,0,0
2025-05-05 12:00:00,292,Fulton St (G),Brooklyn,40.68712,-73.97537,282.0,219.0683,1,15.0,1,12,0,0
2025-05-05 12:00:00,293,Van Cortlandt Park-242 St (1),Bronx,40.889248,-73.89858,156.0,139.5607,1,10.0,1,12,0,0
2025-05-05 12:00:00,294,238 St (1),Bronx,40.884666,-73.90087,98.0,99.2529,1,20.0,1,12,0,0
2025-05-05 12:00:00,295,231 St (1),Bronx,40.878857,-73.90483,242.0,233.5542,1,21.0,1,12,0,0
2025-05-05 12:00:00,296,Marble Hill-225 St (1),Manhattan,40.87456,-73.90983,152.0,131.1363,1,21.0,1,12,0,0
2025-05-05 12:00:00,297,215 St (1),Manhattan,40.869446,-73.915276,94.0,62.886700000000005,1,21.0,1,12,0,0
2025-05-05 12:00:00,298,207 St (1),Manhattan,40.86462,-73.91882,176.0,152.0487,1,21.0,1,12,0,0
2025-05-05 12:00:00,299,Dyckman St (1),Manhattan,40.86053,-73.92554,232.0,186.1574,1,20.0,1,12,0,0
2025-05-05 12:00:00,300,191 St (1),Manhattan,40.855225,-73.92941,206.0,162.0106,1,22.0,1,12,0,0
2025-05-05 12:00:00,301,181 St (1),Manhattan,40.849506,-73.93359,393.0,284.6787,1,21.0,1,12,0,0
2025-05-05 12:00:00,303,157 St (1),Manhattan,40.83404,-73.94489,341.0,243.1732,1,21.0,1,12,0,0
2025-05-05 12:00:00,304,145 St (1),Manhattan,40.82655,-73.95036,293.0,234.6789,1,21.0,1,12,0,0
2025-05-05 12:00:00,305,137 St-City College (1),Manhattan,40.822006,-73.953674,450.0,333.888,1,20.0,1,12,0,0
2025-05-05 12:00:00,306,125 St (1),Manhattan,40.815582,-73.958374,275.0,252.8148,1,21.0,1,12,0,0
2025-05-05 12:00:00,307,116 St-Columbia University (1),Manhattan,40.80772,-73.96411,516.0,510.3009,1,21.0,1,12,0,0
2025-05-05 12:00:00,308,Cathedral Pkwy (110 St) (1),Manhattan,40.803967,-73.96685,409.0,391.3838,1,20.0,1,12,0,0
2025-05-05 12:00:00,309,103 St (1),Manhattan,40.799446,-73.968376,491.0,391.3312,1,20.0,1,12,0,0
2025-05-05 12:00:00,310,"96 St (1,2,3)",Manhattan,40.79392,-73.97232,1215.0,1094.9504,1,50.0,1,12,0,0
2025-05-05 12:00:00,311,86 St (1),Manhattan,40.788643,-73.97622,554.0,530.6745,1,21.0,1,12,0,0
2025-05-05 12:00:00,312,79 St (1),Manhattan,40.783936,-73.97992,501.0,513.8668,1,20.0,1,12,0,0
2025-05-05 12:00:00,313,"72 St (1,2,3)",Manhattan,40.778454,-73.98197,1221.0,1491.2425,1,50.0,1,12,0,0
2025-05-05 12:00:00,314,66 St-Lincoln Center (1),Manhattan,40.77344,-73.98221,689.0,624.9352,1,20.0,1,12,0,0
2025-05-05 12:00:00,316,50 St (1),Manhattan,40.761726,-73.98385,542.0,752.0704,1,20.0,1,12,0,0
2025-05-05 12:00:00,318,"34 St-Penn Station (1,2,3)",Manhattan,40.750374,-73.99106,1876.0,2079.6227,1,50.0,1,12,0,0
2025-05-05 12:00:00,319,28 St (1),Manhattan,40.747215,-73.99336,578.0,491.2731,1,20.0,1,12,0,0
2025-05-05 12:00:00,320,23 St (1),Manhattan,40.74408,-73.99566,464.0,497.5446,1,20.0,1,12,0,0
2025-05-05 12:00:00,321,18 St (1),Manhattan,40.74104,-73.99787,259.0,250.8564,1,20.0,1,12,0,0
2025-05-05 12:00:00,323,Christopher St-Stonewall (1),Manhattan,40.73342,-74.00291,364.0,492.2984,1,20.0,1,12,0,0
2025-05-05 12:00:00,324,Houston St (1),Manhattan,40.728252,-74.00536,449.0,467.2331,1,20.0,1,12,0,0
2025-05-05 12:00:00,325,Canal St (1),Manhattan,40.722855,-74.00628,153.0,182.0932,1,20.0,1,12,0,0
2025-05-05 12:00:00,326,Franklin St (1),Manhattan,40.71932,-74.00689,232.0,206.8626,1,20.0,1,12,0,0
2025-05-05 12:00:00,327,"Chambers St (1,2,3)",Manhattan,40.715477,-74.00927,499.0,580.9767,1,50.0,1,12,0,0
2025-05-05 12:00:00,328,WTC Cortlandt (1),Manhattan,40.711834,-74.01219,578.0,582.5495,1,20.0,1,12,0,0
2025-05-05 12:00:00,329,Rector St (1),Manhattan,40.70751,-74.01379,224.0,221.6567,1,20.0,1,12,0,0
2025-05-05 12:00:00,333,"Wall St (2,3)",Manhattan,40.70682,-74.0091,466.0,502.7337,1,30.0,1,12,0,0
2025-05-05 12:00:00,334,"Clark St (2,3)",Brooklyn,40.697468,-73.99309,240.0,228.3077,1,30.0,1,12,0,0
2025-05-05 12:00:00,336,"Hoyt St (2,3)",Brooklyn,40.690544,-73.98506,229.0,247.5182,1,30.0,1,12,0,0
2025-05-05 12:00:00,337,"Nevins St (2,3,4,5)",Brooklyn,40.688248,-73.98049,292.0,303.0725,1,59.0,1,12,0,0
2025-05-05 12:00:00,339,"Bergen St (2,3)",Brooklyn,40.68083,-73.9751,113.0,115.336,1,30.0,1,12,0,0
2025-05-05 12:00:00,340,"Grand Army Plaza (2,3)",Brooklyn,40.675236,-73.97105,207.0,260.526,1,29.0,1,12,0,0
2025-05-05 12:00:00,341,"Eastern Pkwy-Brooklyn Museum (2,3)",Brooklyn,40.671986,-73.96438,137.0,168.61690000000002,1,30.0,1,12,0,0
2025-05-05 12:00:00,343,Nostrand Av (3),Brooklyn,40.669846,-73.95046,105.0,83.141,1,15.0,1,12,0,0
2025-05-05 12:00:00,344,Kingston Av (3),Brooklyn,40.6694,-73.94216,149.0,105.7351,1,15.0,1,12,0,0
2025-05-05 12:00:00,345,"Crown Hts-Utica Av (3,4)",Brooklyn,40.668896,-73.932945,760.0,516.9338,1,24.0,1,12,0,0
2025-05-05 12:00:00,346,Sutter Av-Rutland Rd (3),Brooklyn,40.66472,-73.92261,207.0,140.4101,1,16.0,1,12,0,0
2025-05-05 12:00:00,347,Saratoga Av (3),Brooklyn,40.661453,-73.91633,142.0,103.3325,1,14.0,1,12,0,0
2025-05-05 12:00:00,348,Rockaway Av (3),Brooklyn,40.662548,-73.90894,164.0,102.3483,1,14.0,1,12,0,0
2025-05-05 12:00:00,349,Junius St (3),Brooklyn,40.663513,-73.90245,85.0,85.5851,1,15.0,1,12,0,0
2025-05-05 12:00:00,350,Pennsylvania Av (3),Brooklyn,40.664635,-73.8949,109.0,93.0835,1,16.0,1,12,0,0
2025-05-05 12:00:00,351,Van Siclen Av (3),Brooklyn,40.665447,-73.8894,92.0,59.4293,1,16.0,1,12,0,0
2025-05-05 12:00:00,352,New Lots Av (3),Brooklyn,40.666237,-73.88408,151.0,128.7829,1,7.0,1,12,0,0
2025-05-05 12:00:00,353,"President St-Medgar Evers College (2,5)",Brooklyn,40.667885,-73.95068,109.0,75.3427,1,30.0,1,12,0,0
2025-05-05 12:00:00,354,"Sterling St (2,5)",Brooklyn,40.662743,-73.95085,162.0,123.1212,1,29.0,1,12,0,0
2025-05-05 12:00:00,355,"Winthrop St (2,5)",Brooklyn,40.65665,-73.9502,233.0,176.2401,1,30.0,1,12,0,0
2025-05-05 12:00:00,356,"Church Av (2,5)",Brooklyn,40.650845,-73.94958,322.0,192.9398,1,30.0,1,12,0,0
2025-05-05 12:00:00,357,"Beverly Rd (2,5)",Brooklyn,40.6451,-73.94896,112.0,80.3114,1,31.0,1,12,0,0
2025-05-05 12:00:00,358,"Newkirk Av-Little Haiti (2,5)",Brooklyn,40.63997,-73.94841,204.0,156.3235,1,29.0,1,12,0,0
2025-05-05 12:00:00,359,"Flatbush Av-Brooklyn College (2,5)",Brooklyn,40.632835,-73.94764,733.0,470.8075,1,14.0,1,12,0,0
2025-05-05 12:00:00,360,Pelham Bay Park (6),Bronx,40.852463,-73.82812,157.0,171.66219999999998,1,8.0,1,12,0,0
2025-05-05 12:00:00,361,Buhre Av (6),Bronx,40.84681,-73.832565,94.0,72.3993,1,16.0,1,12,0,0
2025-05-05 12:00:00,362,Middletown Rd (6),Bronx,40.843864,-73.83632,44.0,34.9335,1,16.0,1,12,0,0
2025-05-05 12:00:00,363,Westchester Sq-E Tremont Av (6),Bronx,40.839893,-73.84295,171.0,108.2968,1,16.0,1,12,0,0
2025-05-05 12:00:00,364,Zerega Av (6),Bronx,40.836487,-73.84704,49.0,49.6908,1,15.0,1,12,0,0
2025-05-05 12:00:00,365,Castle Hill Av (6),Bronx,40.834255,-73.85122,183.0,135.5158,1,15.0,1,12,0,0
2025-05-05 12:00:00,366,Parkchester (6),Bronx,40.833225,-73.86082,343.0,274.3398,1,23.0,1,12,0,0
2025-05-05 12:00:00,367,St Lawrence Av (6),Bronx,40.83151,-73.867615,97.0,86.8014,1,27.0,1,12,0,0
2025-05-05 12:00:00,368,Morrison Av-Soundview (6),Bronx,40.82952,-73.87452,170.0,123.8602,1,27.0,1,12,0,0
2025-05-05 12:00:00,369,Elder Av (6),Bronx,40.828583,-73.87916,125.0,118.4968,1,27.0,1,12,0,0
2025-05-05 12:00:00,370,Whitlock Av (6),Bronx,40.826527,-73.886284,45.0,34.7211,1,27.0,1,12,0,0
2025-05-05 12:00:00,371,Hunts Point Av (6),Bronx,40.82095,-73.89055,278.0,213.6131,1,31.0,1,12,0,0
2025-05-05 12:00:00,372,Longwood Av (6),Bronx,40.816105,-73.89644,95.0,70.2049,1,26.0,1,12,0,0
2025-05-05 12:00:00,373,E 149 St (6),Bronx,40.81212,-73.9041,122.0,114.8991,1,26.0,1,12,0,0
2025-05-05 12:00:00,374,E 143 St-St Mary's St (6),Bronx,40.80872,-73.90765,67.0,39.6371,1,26.0,1,12,0,0
2025-05-05 12:00:00,375,Cypress Av (6),Bronx,40.805367,-73.91404,74.0,62.8391,1,26.0,1,12,0,0
2025-05-05 12:00:00,376,Brook Av (6),Bronx,40.807568,-73.91924,142.0,107.8708,1,26.0,1,12,0,0
2025-05-05 12:00:00,377,3 Av-138 St (6),Bronx,40.810474,-73.92614,185.0,166.1027,1,30.0,1,12,0,0
2025-05-05 12:00:00,378,Woodlawn (4),Bronx,40.886036,-73.87875,171.0,167.627,1,7.0,1,12,0,0
2025-05-05 12:00:00,379,Mosholu Pkwy (4),Bronx,40.87975,-73.88466,204.0,153.1376,1,14.0,1,12,0,0
2025-05-05 12:00:00,380,Bedford Park Blvd-Lehman College (4),Bronx,40.873413,-73.89006,261.0,124.2607,1,15.0,1,12,0,0
2025-05-05 12:00:00,381,Kingsbridge Rd (4),Bronx,40.86776,-73.89717,271.0,174.9453,1,16.0,1,12,0,0
2025-05-05 12:00:00,382,Fordham Rd (4),Bronx,40.862804,-73.90103,336.0,224.1731,1,16.0,1,12,0,0
2025-05-05 12:00:00,383,183 St (4),Bronx,40.858406,-73.90388,151.0,123.2748,1,14.0,1,12,0,0
2025-05-05 12:00:00,384,Burnside Av (4),Bronx,40.853455,-73.907684,303.0,200.8276,1,14.0,1,12,0,0
2025-05-05 12:00:00,385,176 St (4),Bronx,40.84848,-73.9118,131.0,113.1761,1,15.0,1,12,0,0
2025-05-05 12:00:00,386,Mt Eden Av (4),Bronx,40.844433,-73.91469,149.0,97.4103,1,15.0,1,12,0,0
2025-05-05 12:00:00,387,170 St (4),Bronx,40.840076,-73.91779,225.0,177.8286,1,15.0,1,12,0,0
2025-05-05 12:00:00,388,167 St (4),Bronx,40.835537,-73.9214,267.0,212.9334,1,14.0,1,12,0,0
2025-05-05 12:00:00,391,"138 St-Grand Concourse (4,5)",Bronx,40.813225,-73.92985,111.0,88.8731,1,30.0,1,12,0,0
2025-05-05 12:00:00,392,"125 St (4,5,6)",Manhattan,40.80414,-73.93759,749.0,629.7328,1,60.0,1,12,0,0
2025-05-05 12:00:00,393,116 St (6),Manhattan,40.79863,-73.94162,557.0,417.3783,1,30.0,1,12,0,0
2025-05-05 12:00:00,394,110 St (6),Manhattan,40.79502,-73.94425,360.0,291.6724,1,30.0,1,12,0,0
2025-05-05 12:00:00,395,103 St (6),Manhattan,40.7906,-73.94748,482.0,331.6513,1,30.0,1,12,0,0
2025-05-05 12:00:00,396,96 St (6),Manhattan,40.78567,-73.95107,587.0,510.1335,1,30.0,1,12,0,0
2025-05-05 12:00:00,397,"86 St (4,5,6)",Manhattan,40.77949,-73.95559,1577.0,1675.9205,1,60.0,1,12,0,0
2025-05-05 12:00:00,398,77 St (6),Manhattan,40.77362,-73.95988,1042.0,1046.2089,1,30.0,1,12,0,0
2025-05-05 12:00:00,399,68 St-Hunter College (6),Manhattan,40.768143,-73.96387,1247.0,1099.6271,1,30.0,1,12,0,0
2025-05-05 12:00:00,403,33 St (6),Manhattan,40.746082,-73.98208,905.0,838.1621,1,30.0,1,12,0,0
2025-05-05 12:00:00,404,28 St (6),Manhattan,40.74307,-73.98426,574.0,591.8774,1,30.0,1,12,0,0
2025-05-05 12:00:00,405,23 St-Baruch College (6),Manhattan,40.739864,-73.9866,1146.0,1036.5597,1,30.0,1,12,0,0
2025-05-05 12:00:00,407,Astor Pl (6),Manhattan,40.730053,-73.99107,572.0,601.941,1,30.0,1,12,0,0
2025-05-05 12:00:00,409,Spring St (6),Manhattan,40.7223,-73.99714,451.0,597.8343,1,30.0,1,12,0,0
2025-05-05 12:00:00,413,"Wall St (4,5)",Manhattan,40.707558,-74.01186,539.0,457.826,1,29.0,1,12,0,0
2025-05-05 12:00:00,414,"Bowling Green (4,5)",Manhattan,40.70482,-74.01407,849.0,797.2386,1,30.0,1,12,0,0
2025-05-05 12:00:00,416,Wakefield-241 St (2),Bronx,40.903126,-73.85062,115.0,109.5892,1,7.0,1,12,0,0
2025-05-05 12:00:00,417,"Nereid Av (2,5)",Bronx,40.89838,-73.85438,56.0,64.3761,1,15.0,1,12,0,0
2025-05-05 12:00:00,418,"233 St (2,5)",Bronx,40.893192,-73.857475,114.0,84.8762,1,14.0,1,12,0,0
2025-05-05 12:00:00,419,"225 St (2,5)",Bronx,40.888023,-73.860344,91.0,60.1208,1,16.0,1,12,0,0
2025-05-05 12:00:00,420,"219 St (2,5)",Bronx,40.883896,-73.86263,61.0,58.8986,1,16.0,1,12,0,0
2025-05-05 12:00:00,421,"Gun Hill Rd (2,5)",Bronx,40.87785,-73.86626,202.0,123.4297,1,15.0,1,12,0,0
2025-05-05 12:00:00,422,"Burke Av (2,5)",Bronx,40.871357,-73.867165,75.0,59.7768,1,14.0,1,12,0,0
2025-05-05 12:00:00,423,"Allerton Av (2,5)",Bronx,40.865463,-73.867355,124.0,95.1177,1,14.0,1,12,0,0
2025-05-05 12:00:00,424,"Pelham Pkwy (2,5)",Bronx,40.857193,-73.867615,210.0,189.3124,1,16.0,1,12,0,0
2025-05-05 12:00:00,425,"Bronx Park East (2,5)",Bronx,40.848827,-73.868454,50.0,44.3502,1,15.0,1,12,0,0
2025-05-05 12:00:00,426,"E 180 St (2,5)",Bronx,40.841892,-73.87349,200.0,193.9183,1,29.0,1,12,0,0
2025-05-05 12:00:00,427,"West Farms Sq-E Tremont Av (2,5)",Bronx,40.840294,-73.88005,162.0,160.4822,1,30.0,1,12,0,0
2025-05-05 12:00:00,428,"174 St (2,5)",Bronx,40.837288,-73.88773,198.0,153.5215,1,31.0,1,12,0,0
2025-05-05 12:00:00,429,"Freeman St (2,5)",Bronx,40.829994,-73.89187,122.0,107.9166,1,30.0,1,12,0,0
2025-05-05 12:00:00,430,"Simpson St (2,5)",Bronx,40.824074,-73.89307,253.0,203.8149,1,30.0,1,12,0,0
2025-05-05 12:00:00,431,"Intervale Av (2,5)",Bronx,40.82218,-73.896736,93.0,84.8679,1,30.0,1,12,0,0
2025-05-05 12:00:00,432,"Prospect Av (2,5)",Bronx,40.819584,-73.90177,171.0,150.9033,1,30.0,1,12,0,0
2025-05-05 12:00:00,433,"Jackson Av (2,5)",Bronx,40.81649,-73.90781,131.0,119.4465,1,31.0,1,12,0,0
2025-05-05 12:00:00,434,"3 Av-149 St (2,5)",Bronx,40.81611,-73.917755,735.0,500.1578,1,30.0,1,12,0,0
2025-05-05 12:00:00,436,Harlem-148 St (3),Manhattan,40.82388,-73.93647,86.0,62.5526,1,8.0,1,12,0,0
2025-05-05 12:00:00,437,145 St (3),Manhattan,40.82042,-73.93625,112.0,76.4996,1,15.0,1,12,0,0
2025-05-05 12:00:00,438,"135 St (2,3)",Manhattan,40.814228,-73.94077,368.0,286.5798,1,31.0,1,12,0,0
2025-05-05 12:00:00,439,"125 St (2,3)",Manhattan,40.807755,-73.945496,565.0,479.7262,1,30.0,1,12,0,0
2025-05-05 12:00:00,440,"116 St (2,3)",Manhattan,40.802097,-73.94962,337.0,245.7937,1,30.0,1,12,0,0
2025-05-05 12:00:00,441,"110 St-Malcolm X Plaza (2,3)",Manhattan,40.799076,-73.95182,218.0,224.602,1,30.0,1,12,0,0
2025-05-05 12:00:00,442,Eastchester-Dyre Av (5),Bronx,40.8883,-73.83083,79.0,93.4925,1,7.0,1,12,0,0
2025-05-05 12:00:00,443,Baychester Av (5),Bronx,40.878662,-73.83859,55.0,53.7926,1,14.0,1,12,0,0
2025-05-05 12:00:00,444,Gun Hill Rd (5),Bronx,40.869526,-73.84638,114.0,87.5705,1,16.0,1,12,0,0
2025-05-05 12:00:00,445,Pelham Pkwy (5),Bronx,40.858986,-73.85536,78.0,61.0404,1,15.0,1,12,0,0
2025-05-05 12:00:00,446,Morris Park (5),Bronx,40.854362,-73.8605,72.0,46.9622,1,15.0,1,12,0,0
2025-05-05 12:00:00,447,Flushing-Main St (7),Queens,40.7596,-73.83003,1957.0,1947.0972,1,12.0,1,12,0,0
2025-05-05 12:00:00,448,Mets-Willets Point (7),Queens,40.754623,-73.84563,68.0,290.4703,1,24.0,1,12,0,0
2025-05-05 12:00:00,449,111 St (7),Queens,40.75173,-73.85533,293.0,293.9811,1,24.0,1,12,0,0
2025-05-05 12:00:00,450,103 St-Corona Plaza (7),Queens,40.749866,-73.8627,569.0,511.342,1,24.0,1,12,0,0
2025-05-05 12:00:00,451,Junction Blvd (7),Queens,40.749146,-73.86953,788.0,694.9613,1,24.0,1,12,0,0
2025-05-05 12:00:00,452,90 St-Elmhurst Av (7),Queens,40.74841,-73.87661,595.0,498.2817,1,24.0,1,12,0,0
2025-05-05 12:00:00,453,82 St-Jackson Hts (7),Queens,40.747658,-73.8837,666.0,510.1423,1,24.0,1,12,0,0
2025-05-05 12:00:00,455,69 St (7),Queens,40.746326,-73.8964,212.0,174.60150000000002,1,24.0,1,12,0,0
2025-05-05 12:00:00,456,61 St-Woodside (7),Queens,40.74563,-73.902985,469.0,398.9041,1,24.0,1,12,0,0
2025-05-05 12:00:00,457,52 St (7),Queens,40.74415,-73.91255,218.0,170.3826,1,24.0,1,12,0,0
2025-05-05 12:00:00,458,46 St-Bliss St (7),Queens,40.743134,-73.918434,402.0,309.9347,1,24.0,1,12,0,0
2025-05-05 12:00:00,459,40 St-Lowery St (7),Queens,40.743782,-73.92402,339.0,230.9325,1,25.0,1,12,0,0
2025-05-05 12:00:00,460,33 St-Rawson St (7),Queens,40.744587,-73.931,577.0,349.0198,1,26.0,1,12,0,0
2025-05-05 12:00:00,461,"Queensboro Plaza (7,N,W)",Queens,40.750584,-73.9402,363.0,335.7163,1,24.0,1,12,0,0
2025-05-05 12:00:00,463,Hunters Point Av (7),Queens,40.742214,-73.94891,121.0,103.2515,1,24.0,1,12,0,0
2025-05-05 12:00:00,464,Vernon Blvd-Jackson Av (7),Queens,40.742626,-73.95358,414.0,464.7002,1,24.0,1,12,0,0
2025-05-05 12:00:00,471,34 St-Hudson Yards (7),Manhattan,40.755882,-74.00191,914.0,1020.9145,1,12.0,1,12,0,0
2025-05-05 12:00:00,475,96 St (Q),Manhattan,40.784317,-73.94715,520.0,450.1749,1,7.0,1,12,0,0
2025-05-05 12:00:00,476,86 St (Q),Manhattan,40.77789,-73.95179,707.0,647.4795,1,16.0,1,12,0,0
2025-05-05 12:00:00,477,72 St (Q),Manhattan,40.7688,-73.95843,898.0,825.1825,1,16.0,1,12,0,0
2025-05-05 12:00:00,501,St George (SIR),Staten Island,40.64375,-74.07365,200.0,,0,2.0,1,12,0,0
2025-05-05 12:00:00,502,Tompkinsville (SIR),Staten Island,40.636948,-74.07484,18.0,,0,4.0,1,12,0,0
2025-05-05 12:00:00,601,"14 St/6 Av (1,2,3,L,F,M)",Manhattan,40.737797,-73.997734,1399.0,1695.1106,1,108.0,1,12,0,0
2025-05-05 12:00:00,602,"14 St-Union Sq (4,5,6,L,N,Q,R,W)",Manhattan,40.735065,-73.99042,2887.0,3810.4814,1,121.0,1,12,0,0
2025-05-05 12:00:00,603,"149 St-Grand Concourse (2,4,5)",Bronx,40.818394,-73.92703,383.0,267.5931,1,15.0,1,12,0,0
2025-05-05 12:00:00,604,"161 St-Yankee Stadium (4,B,D)",Bronx,40.82795,-73.92574,656.0,561.8255,1,36.0,1,12,0,0
2025-05-05 12:00:00,605,"168 St-Washington Hts (1,A,C)",Manhattan,40.840637,-73.93985,776.0,630.6417,1,40.0,1,12,0,0
2025-05-05 12:00:00,606,"Court Sq-23 St (7,E,F,G)",Queens,40.747143,-73.94503,732.0,693.2078,1,65.0,1,12,0,0
2025-05-05 12:00:00,607,"34 St-Herald Sq (B,D,F,M,N,Q,R,W)",Manhattan,40.74964,-73.987885,3310.0,3551.2986,1,123.0,1,12,0,0
2025-05-05 12:00:00,608,"4 Av-9 St (F,G,R)",Brooklyn,40.67056,-73.989044,367.0,351.132,1,47.0,1,12,0,0
2025-05-05 12:00:00,609,"42 St-Bryant Pk/5 Av (7,B,D,F,M)",Manhattan,40.75402,-73.98327,1479.0,1793.6129,1,86.0,1,12,0,0
2025-05-05 12:00:00,610,"Grand Central-42 St (4,5,6,7,S)",Manhattan,40.75199,-73.977356,4305.0,3704.4563,1,96.0,1,12,0,0
2025-05-05 12:00:00,611,"Times Sq-42 St/Port Authority Bus Terminal (1,2,3,7,A,C,E,N,Q,R,W,S)",Manhattan,40.755745,-73.98758,5061.0,5166.1883,1,164.0,1,12,0,0
2025-05-05 12:00:00,612,"Lexington Av/51-53 Sts (6,E,F)",Manhattan,40.757328,-73.97049,1732.0,1588.0405,1,63.0,1,12,0,0
2025-05-05 12:00:00,613,"Lexington Av/59 St (4,5,6,N,R,W)",Manhattan,40.762592,-73.96761,1578.0,1670.5467,1,102.0,1,12,0,0
2025-05-05 12:00:00,614,"59 St-Columbus Circle (1,A,C,B,D)",Manhattan,40.768272,-73.981834,2465.0,2778.8748,1,77.0,1,12,0,0
2025-05-05 12:00:00,615,"62 St/New Utrecht Av (D,N)",Brooklyn,40.625656,-73.99663,184.0,132.662,1,31.0,1,12,0,0
2025-05-05 12:00:00,616,"Jackson Hts-Roosevelt Av/74 St-Broadway (7,E,F,M,R)",Queens,40.746746,-73.891365,1799.0,1792.6713,1,89.0,1,12,0,0
2025-05-05 12:00:00,617,"Atlantic Av-Barclays Ctr (2,3,4,5,B,D,N,Q,R)",Brooklyn,40.684162,-73.97779,1480.0,1558.8177,1,135.0,1,12,0,0
2025-05-05 12:00:00,618,"14 St/8 Av (A,C,E,L)",Manhattan,40.740334,-74.00214,1558.0,1855.3898,1,59.0,1,12,0,0
2025-05-05 12:00:00,619,"Broadway-Lafayette St/Bleecker St (6,B,D,F,M)",Manhattan,40.725605,-73.99543,1355.0,1928.5676,1,92.0,1,12,0,0
2025-05-05 12:00:00,620,"Borough Hall/Court St (2,3,4,5,R)",Brooklyn,40.69324,-73.99064,1078.0,921.0266,1,75.0,1,12,0,0
2025-05-05 12:00:00,621,"Broadway Junction (A,C,J,Z,L)",Brooklyn,40.678898,-73.90436,168.0,196.5313,1,27.0,1,12,0,0
2025-05-05 12:00:00,622,"Brooklyn Bridge-City Hall/Chambers St (4,5,6,J,Z)",Manhattan,40.713154,-74.00377,1176.0,942.0746,1,59.0,1,12,0,0
2025-05-05 12:00:00,623,"Canal St (6,J,Z,N,Q,R,W)",Manhattan,40.7187,-74.00058,1999.0,2044.5609,1,72.0,1,12,0,0
2025-05-05 12:00:00,624,"Chambers St/WTC/Park Place/Cortlandt St (2,3,A,C,E,R,W)",Manhattan,40.712605,-74.00955,2004.0,1849.3378,1,94.0,1,12,0,0
2025-05-05 12:00:00,625,"Delancey St-Essex St (F,M,J,Z)",Manhattan,40.718464,-73.98778,962.0,954.5846,1,46.0,1,12,0,0
2025-05-05 12:00:00,626,"Franklin Av-Medgar Evers College/Botanic Garden (2,3,4,5,S)",Brooklyn,40.670513,-73.95869,496.0,361.5185,1,73.0,1,12,0,0
2025-05-05 12:00:00,627,"Franklin Av (C,S)",Brooklyn,40.68099,-73.95634,174.0,155.8084,1,20.0,1,12,0,0
2025-05-05 12:00:00,628,"Fulton St (2,3,4,5,A,C,J,Z)",Manhattan,40.71009,-74.007835,2524.0,2523.7487,1,74.0,1,12,0,0
2025-05-05 12:00:00,629,"Metropolitan Av/Lorimer St (G,L)",Brooklyn,40.71343,-73.95084,449.0,467.7536,1,40.0,1,12,0,0
2025-05-05 12:00:00,630,"Myrtle-Wyckoff Avs (M,L)",Brooklyn,40.699623,-73.91199,728.0,496.7235,1,25.0,1,12,0,0
2025-05-05 12:00:00,635,"Whitehall St-South Ferry (1,R,W)",Manhattan,40.702576,-74.01333,1095.0,1089.6459,1,30.0,1,12,0,0
2025-05-05 12:00:00,636,"Jay St-MetroTech (A,C,F,R)",Brooklyn,40.69226,-73.98664,1532.0,1281.2508,1,60.0,1,12,0,0
2025-05-05 13:00:00,1,"Astoria-Ditmars Blvd (N,W)",Queens,40.775036,-73.91203,456.0,415.0123,1,13.0,1,13,0,0
2025-05-05 13:00:00,2,"Astoria Blvd (N,W)",Queens,40.77026,-73.91785,349.0,287.2846,1,27.0,1,13,0,0
2025-05-05 13:00:00,3,"30 Av (N,W)",Queens,40.76678,-73.92148,406.0,399.367,1,27.0,1,13,0,0
2025-05-05 13:00:00,4,"Broadway (N,W)",Queens,40.76182,-73.92551,346.0,334.8404,1,27.0,1,13,0,0
2025-05-05 13:00:00,5,"36 Av (N,W)",Queens,40.756805,-73.92957,203.0,185.7677,1,27.0,1,13,0,0
2025-05-05 13:00:00,6,"39 Av-Dutch Kills (N,W)",Queens,40.75288,-73.932755,129.0,107.9304,1,28.0,1,13,0,0
2025-05-05 13:00:00,8,"5 Av/59 St (N,R,W)",Manhattan,40.764812,-73.97335,496.0,444.132,1,43.0,1,13,0,0
2025-05-05 13:00:00,9,"57 St-7 Av (N,Q,R,W)",Manhattan,40.764664,-73.98066,1121.0,1287.0937,1,56.0,1,13,0,0
2025-05-05 13:00:00,10,"49 St (N,R,W)",Manhattan,40.7599,-73.98414,676.0,848.806,1,41.0,1,13,0,0
2025-05-05 13:00:00,13,"28 St (R,W)",Manhattan,40.745495,-73.98869,439.0,463.8867,1,28.0,1,13,0,0
2025-05-05 13:00:00,14,"23 St (R,W)",Manhattan,40.741302,-73.98934,744.0,804.2626,1,28.0,1,13,0,0
2025-05-05 13:00:00,16,"8 St-NYU (R,W)",Manhattan,40.730328,-73.99263,593.0,715.773,1,26.0,1,13,0,0
2025-05-05 13:00:00,17,"Prince St (R,W)",Manhattan,40.72433,-73.9977,531.0,756.8438,1,28.0,1,13,0,0
2025-05-05 13:00:00,20,"City Hall (R,W)",Manhattan,40.713284,-74.00698,172.0,199.4932,1,27.0,1,13,0,0
2025-05-05 13:00:00,22,"Rector St (R,W)",Manhattan,40.70722,-74.01334,255.0,160.709,1,28.0,1,13,0,0
2025-05-05 13:00:00,26,"DeKalb Av (B,Q,R)",Brooklyn,40.690636,-73.98183,894.0,742.7224,1,46.0,1,13,0,0
2025-05-05 13:00:00,28,Union St (R),Brooklyn,40.677315,-73.98311,206.0,272.115,1,15.0,1,13,0,0
2025-05-05 13:00:00,30,Prospect Av (R),Brooklyn,40.665413,-73.992874,210.0,173.9315,1,15.0,1,13,0,0
2025-05-05 13:00:00,31,25 St (R),Brooklyn,40.660397,-73.99809,98.0,162.7462,1,14.0,1,13,0,0
2025-05-05 13:00:00,32,"36 St (D,N,R)",Brooklyn,40.655144,-74.00355,539.0,507.7048,1,45.0,1,13,0,0
2025-05-05 13:00:00,33,45 St (R),Brooklyn,40.648937,-74.01001,243.0,245.1093,1,16.0,1,13,0,0
2025-05-05 13:00:00,34,53 St (R),Brooklyn,40.64507,-74.01403,310.0,289.4392,1,16.0,1,13,0,0
2025-05-05 13:00:00,35,"59 St (N,R)",Brooklyn,40.64136,-74.01788,442.0,419.7128,1,30.0,1,13,0,0
2025-05-05 13:00:00,36,Bay Ridge Av (R),Brooklyn,40.634968,-74.02338,319.0,262.7144,1,14.0,1,13,0,0
2025-05-05 13:00:00,37,77 St (R),Brooklyn,40.62974,-74.02551,138.0,135.1198,1,15.0,1,13,0,0
2025-05-05 13:00:00,38,86 St (R),Brooklyn,40.62269,-74.0284,431.0,339.9692,1,16.0,1,13,0,0
2025-05-05 13:00:00,39,Bay Ridge-95 St (R),Brooklyn,40.616623,-74.030876,195.0,156.5795,1,7.0,1,13,0,0
2025-05-05 13:00:00,41,"7 Av (B,Q)",Brooklyn,40.67705,-73.97237,291.0,311.9557,1,31.0,1,13,0,0
2025-05-05 13:00:00,42,"Prospect Park (B,Q,S)",Brooklyn,40.661613,-73.96225,316.0,415.3539,1,35.0,1,13,0,0
2025-05-05 13:00:00,43,Parkside Av (Q),Brooklyn,40.655293,-73.961494,217.0,191.8301,1,14.0,1,13,0,0
2025-05-05 13:00:00,44,"Church Av (B,Q)",Brooklyn,40.650528,-73.96298,471.0,389.0277,1,30.0,1,13,0,0
2025-05-05 13:00:00,45,Beverley Rd (Q),Brooklyn,40.64403,-73.96449,129.0,106.2868,1,14.0,1,13,0,0
2025-05-05 13:00:00,46,Cortelyou Rd (Q),Brooklyn,40.640926,-73.96389,239.0,192.0148,1,14.0,1,13,0,0
2025-05-05 13:00:00,47,"Newkirk Plaza (B,Q)",Brooklyn,40.635082,-73.96279,362.0,289.3395,1,31.0,1,13,0,0
2025-05-05 13:00:00,48,Avenue H (Q),Brooklyn,40.62927,-73.96164,120.0,99.4177,1,15.0,1,13,0,0
2025-05-05 13:00:00,49,Avenue J (Q),Brooklyn,40.62504,-73.9608,219.0,187.5808,1,15.0,1,13,0,0
2025-05-05 13:00:00,50,Avenue M (Q),Brooklyn,40.61762,-73.9594,251.0,176.07739999999998,1,15.0,1,13,0,0
2025-05-05 13:00:00,51,"Kings Hwy (B,Q)",Brooklyn,40.60867,-73.95773,660.0,607.7962,1,30.0,1,13,0,0
2025-05-05 13:00:00,52,Avenue U (Q),Brooklyn,40.5993,-73.95593,235.0,219.7798,1,16.0,1,13,0,0
2025-05-05 13:00:00,53,Neck Rd (Q),Brooklyn,40.595245,-73.95516,134.0,117.5941,1,15.0,1,13,0,0
2025-05-05 13:00:00,54,"Sheepshead Bay (B,Q)",Brooklyn,40.586895,-73.954155,430.0,398.2901,1,31.0,1,13,0,0
2025-05-05 13:00:00,55,"Brighton Beach (B,Q)",Brooklyn,40.57762,-73.96137,475.0,416.8734,1,23.0,1,13,0,0
2025-05-05 13:00:00,56,Ocean Pkwy (Q),Brooklyn,40.576313,-73.9685,148.0,132.4667,1,16.0,1,13,0,0
2025-05-05 13:00:00,57,"W 8 St-NY Aquarium (F,Q)",Brooklyn,40.576126,-73.97594,137.0,182.2255,1,32.0,1,13,0,0
2025-05-05 13:00:00,58,"Coney Island-Stillwell Av (D,F,N,Q)",Brooklyn,40.577423,-73.98123,570.0,725.9679,1,30.0,1,13,0,0
2025-05-05 13:00:00,59,9 Av (D),Brooklyn,40.646294,-73.99432,174.0,175.0003,1,14.0,1,13,0,0
2025-05-05 13:00:00,60,Fort Hamilton Pkwy (D),Brooklyn,40.640915,-73.9943,181.0,136.1052,1,16.0,1,13,0,0
2025-05-05 13:00:00,61,50 St (D),Brooklyn,40.63626,-73.99479,131.0,133.3049,1,15.0,1,13,0,0
2025-05-05 13:00:00,62,55 St (D),Brooklyn,40.631435,-73.995476,64.0,67.8488,1,14.0,1,13,0,0
2025-05-05 13:00:00,64,71 St (D),Brooklyn,40.61959,-73.99886,122.0,156.3196,1,15.0,1,13,0,0
2025-05-05 13:00:00,65,79 St (D),Brooklyn,40.613503,-74.00061,253.0,152.1763,1,15.0,1,13,0,0
2025-05-05 13:00:00,66,18 Av (D),Brooklyn,40.607952,-74.00174,203.0,176.5396,1,14.0,1,13,0,0
2025-05-05 13:00:00,67,20 Av (D),Brooklyn,40.604557,-73.99817,178.0,157.7154,1,14.0,1,13,0,0
2025-05-05 13:00:00,68,Bay Pkwy (D),Brooklyn,40.601875,-73.99373,243.0,236.1586,1,14.0,1,13,0,0
2025-05-05 13:00:00,69,25 Av (D),Brooklyn,40.597706,-73.98683,107.0,114.5412,1,15.0,1,13,0,0
2025-05-05 13:00:00,70,Bay 50 St (D),Brooklyn,40.58884,-73.983765,137.0,96.9048,1,15.0,1,13,0,0
2025-05-05 13:00:00,71,8 Av (N),Brooklyn,40.635063,-74.01172,553.0,481.2576,1,14.0,1,13,0,0
2025-05-05 13:00:00,72,Fort Hamilton Pkwy (N),Brooklyn,40.631386,-74.00535,194.0,237.0773,1,15.0,1,13,0,0
2025-05-05 13:00:00,74,18 Av (N),Brooklyn,40.62067,-73.99042,171.0,176.0761,1,15.0,1,13,0,0
2025-05-05 13:00:00,75,20 Av (N),Brooklyn,40.61741,-73.98502,307.0,131.2881,1,15.0,1,13,0,0
2025-05-05 13:00:00,76,Bay Pkwy (N),Brooklyn,40.611816,-73.98185,203.0,224.3178,1,15.0,1,13,0,0
2025-05-05 13:00:00,77,Kings Hwy (N),Brooklyn,40.603924,-73.980354,179.0,172.8415,1,14.0,1,13,0,0
2025-05-05 13:00:00,78,Avenue U (N),Brooklyn,40.597473,-73.97913,90.0,125.7622,1,15.0,1,13,0,0
2025-05-05 13:00:00,79,86 St (N),Brooklyn,40.59272,-73.97823,99.0,104.7904,1,15.0,1,13,0,0
2025-05-05 13:00:00,80,"121 St (J,Z)",Queens,40.700493,-73.82829,99.0,78.2731,1,16.0,1,13,0,0
2025-05-05 13:00:00,81,111 St (J),Queens,40.69742,-73.83634,91.0,79.9179,1,15.0,1,13,0,0
2025-05-05 13:00:00,82,"104 St (J,Z)",Queens,40.69518,-73.84433,87.0,84.2151,1,14.0,1,13,0,0
2025-05-05 13:00:00,83,"Woodhaven Blvd (J,Z)",Queens,40.69388,-73.85158,177.0,170.0401,1,15.0,1,13,0,0
2025-05-05 13:00:00,84,85 St-Forest Pkwy (J),Queens,40.692436,-73.86001,76.0,67.6336,1,16.0,1,13,0,0
2025-05-05 13:00:00,85,"75 St-Elderts Ln (J,Z)",Queens,40.691322,-73.86714,130.0,129.8946,1,16.0,1,13,0,0
2025-05-05 13:00:00,86,Cypress Hills (J),Brooklyn,40.68994,-73.87255,17.0,14.6548,1,15.0,1,13,0,0
2025-05-05 13:00:00,87,"Crescent St (J,Z)",Brooklyn,40.683193,-73.87379,134.0,144.6453,1,14.0,1,13,0,0
2025-05-05 13:00:00,88,"Norwood Av (J,Z)",Brooklyn,40.68141,-73.880035,86.0,82.8473,1,15.0,1,13,0,0
2025-05-05 13:00:00,89,Cleveland St (J),Brooklyn,40.679947,-73.884636,49.0,59.4745,1,16.0,1,13,0,0
2025-05-05 13:00:00,90,"Van Siclen Av (J,Z)",Brooklyn,40.678024,-73.891685,90.0,81.1007,1,16.0,1,13,0,0
2025-05-05 13:00:00,91,"Alabama Av (J,Z)",Brooklyn,40.67699,-73.89865,69.0,61.0581,1,15.0,1,13,0,0
2025-05-05 13:00:00,93,"Chauncey St (J,Z)",Brooklyn,40.68289,-73.91045,88.0,66.9687,1,16.0,1,13,0,0
2025-05-05 13:00:00,94,Halsey St (J),Brooklyn,40.68637,-73.91656,213.0,142.7825,1,16.0,1,13,0,0
2025-05-05 13:00:00,95,"Gates Av (J,Z)",Brooklyn,40.68963,-73.92227,236.0,157.73,1,15.0,1,13,0,0
2025-05-05 13:00:00,96,Kosciuszko St (J),Brooklyn,40.69334,-73.92882,198.0,129.445,1,14.0,1,13,0,0
2025-05-05 13:00:00,97,"Myrtle Av (M,J,Z)",Brooklyn,40.69721,-73.93565,346.0,303.8681,1,31.0,1,13,0,0
2025-05-05 13:00:00,98,"Flushing Av (M,J)",Brooklyn,40.70026,-73.941124,327.0,283.9726,1,26.0,1,13,0,0
2025-05-05 13:00:00,99,"Lorimer St (M,J)",Brooklyn,40.70387,-73.94741,135.0,123.0451,1,25.0,1,13,0,0
2025-05-05 13:00:00,100,"Hewes St (M,J)",Brooklyn,40.70687,-73.95343,94.0,75.4028,1,25.0,1,13,0,0
2025-05-05 13:00:00,101,"Marcy Av (M,J,Z)",Brooklyn,40.70836,-73.957756,518.0,383.4046,1,30.0,1,13,0,0
2025-05-05 13:00:00,103,"Bowery (J,Z)",Manhattan,40.72028,-73.99391,122.0,146.1607,1,14.0,1,13,0,0
2025-05-05 13:00:00,107,"Broad St (J,Z)",Manhattan,40.706474,-74.011055,235.0,178.5791,1,8.0,1,13,0,0
2025-05-05 13:00:00,108,Middle Village-Metropolitan Av (M),Queens,40.711395,-73.8896,116.0,107.9696,1,7.0,1,13,0,0
2025-05-05 13:00:00,109,Fresh Pond Rd (M),Queens,40.706184,-73.895874,162.0,165.0898,1,15.0,1,13,0,0
2025-05-05 13:00:00,110,Forest Av (M),Queens,40.704422,-73.903076,146.0,117.5041,1,16.0,1,13,0,0
2025-05-05 13:00:00,111,Seneca Av (M),Queens,40.702763,-73.90774,80.0,68.7991,1,16.0,1,13,0,0
2025-05-05 13:00:00,113,Knickerbocker Av (M),Brooklyn,40.698666,-73.91971,169.0,119.7935,1,15.0,1,13,0,0
2025-05-05 13:00:00,114,Central Av (M),Brooklyn,40.697857,-73.9274,159.0,94.0457,1,16.0,1,13,0,0
2025-05-05 13:00:00,118,3 Av (L),Manhattan,40.73285,-73.98612,202.0,272.3182,1,24.0,1,13,0,0
2025-05-05 13:00:00,119,1 Av (L),Manhattan,40.730953,-73.98163,845.0,952.2311,1,24.0,1,13,0,0
2025-05-05 13:00:00,120,Bedford Av (L),Brooklyn,40.717304,-73.95687,1046.0,1398.7009,1,24.0,1,13,0,0
2025-05-05 13:00:00,122,Graham Av (L),Brooklyn,40.714565,-73.94405,314.0,278.1528,1,24.0,1,13,0,0
2025-05-05 13:00:00,123,Grand St (L),Brooklyn,40.711926,-73.94067,254.0,182.6077,1,24.0,1,13,0,0
2025-05-05 13:00:00,124,Montrose Av (L),Brooklyn,40.70774,-73.93985,214.0,189.1524,1,24.0,1,13,0,0
2025-05-05 13:00:00,125,Morgan Av (L),Brooklyn,40.706154,-73.93314,278.0,277.3298,1,24.0,1,13,0,0
2025-05-05 13:00:00,126,Jefferson St (L),Brooklyn,40.706608,-73.92291,329.0,321.8097,1,24.0,1,13,0,0
2025-05-05 13:00:00,127,DeKalb Av (L),Brooklyn,40.70381,-73.91843,472.0,370.4501,1,24.0,1,13,0,0
2025-05-05 13:00:00,129,Halsey St (L),Queens,40.695602,-73.90408,272.0,218.1613,1,24.0,1,13,0,0
2025-05-05 13:00:00,130,Wilson Av (L),Brooklyn,40.688763,-73.904045,170.0,127.9752,1,24.0,1,13,0,0
2025-05-05 13:00:00,131,Bushwick Av-Aberdeen St (L),Brooklyn,40.68283,-73.90525,103.0,61.9162,1,24.0,1,13,0,0
2025-05-05 13:00:00,133,Atlantic Av (L),Brooklyn,40.675346,-73.9031,71.0,68.6553,1,24.0,1,13,0,0
2025-05-05 13:00:00,134,Sutter Av (L),Brooklyn,40.66937,-73.90198,119.0,102.6016,1,24.0,1,13,0,0
2025-05-05 13:00:00,135,Livonia Av (L),Brooklyn,40.66404,-73.90057,93.0,100.5459,1,24.0,1,13,0,0
2025-05-05 13:00:00,136,New Lots Av (L),Brooklyn,40.658733,-73.89923,119.0,89.2615,1,24.0,1,13,0,0
2025-05-05 13:00:00,137,East 105 St (L),Brooklyn,40.650574,-73.89948,77.0,69.3335,1,24.0,1,13,0,0
2025-05-05 13:00:00,138,Canarsie-Rockaway Pkwy (L),Brooklyn,40.646652,-73.90185,109.0,226.0761,1,12.0,1,13,0,0
2025-05-05 13:00:00,141,Park Pl (S),Brooklyn,40.67477,-73.95763,61.0,54.906,1,12.0,1,13,0,0
2025-05-05 13:00:00,143,Inwood-207 St (A),Manhattan,40.868073,-73.9199,292.0,251.359,1,8.0,1,13,0,0
2025-05-05 13:00:00,144,Dyckman St (A),Manhattan,40.86549,-73.92727,230.0,250.2509,1,15.0,1,13,0,0
2025-05-05 13:00:00,145,190 St (A),Manhattan,40.85902,-73.93418,133.0,157.536,1,15.0,1,13,0,0
2025-05-05 13:00:00,146,181 St (A),Manhattan,40.851696,-73.937965,374.0,287.1096,1,14.0,1,13,0,0
2025-05-05 13:00:00,147,175 St (A),Manhattan,40.84739,-73.939705,338.0,288.9258,1,13.0,1,13,0,0
2025-05-05 13:00:00,149,163 St-Amsterdam Av (C),Manhattan,40.836014,-73.939896,156.0,117.9366,1,16.0,1,13,0,0
2025-05-05 13:00:00,150,155 St (C),Manhattan,40.830517,-73.94151,93.0,67.7987,1,15.0,1,13,0,0
2025-05-05 13:00:00,151,"145 St (A,C,B,D)",Manhattan,40.824783,-73.944214,810.0,683.6409,1,,0,13,0,0
2025-05-05 13:00:00,152,"135 St (C,B)",Manhattan,40.817894,-73.94765,214.0,154.2717,1,31.0,1,13,0,0
2025-05-05 13:00:00,153,"125 St (A,C,B,D)",Manhattan,40.811108,-73.95235,1004.0,909.2331,1,60.0,1,13,0,0
2025-05-05 13:00:00,154,"116 St (C,B)",Manhattan,40.805084,-73.95488,242.0,224.8308,1,30.0,1,13,0,0
2025-05-05 13:00:00,155,"Cathedral Pkwy (110 St) (C,B)",Manhattan,40.800602,-73.95816,264.0,285.6588,1,29.0,1,13,0,0
2025-05-05 13:00:00,156,"103 St (C,B)",Manhattan,40.796093,-73.96146,177.0,194.8186,1,29.0,1,13,0,0
2025-05-05 13:00:00,157,"96 St (C,B)",Manhattan,40.79164,-73.9647,358.0,424.543,1,30.0,1,13,0,0
2025-05-05 13:00:00,158,"86 St (C,B)",Manhattan,40.78587,-73.96892,362.0,466.4469,1,31.0,1,13,0,0
2025-05-05 13:00:00,159,"81 St-Museum of Natural History (C,B)",Manhattan,40.781433,-73.972145,907.0,822.0073,1,30.0,1,13,0,0
2025-05-05 13:00:00,160,"72 St (C,B)",Manhattan,40.775593,-73.97641,378.0,635.1985,1,29.0,1,13,0,0
2025-05-05 13:00:00,162,"50 St (C,E)",Manhattan,40.762455,-73.985985,723.0,709.6037,1,32.0,1,13,0,0
2025-05-05 13:00:00,164,"34 St-Penn Station (A,C,E)",Manhattan,40.75229,-73.99339,2739.0,2421.0671,1,46.0,1,13,0,0
2025-05-05 13:00:00,165,"23 St (C,E)",Manhattan,40.745907,-73.99804,711.0,693.4447,1,30.0,1,13,0,0
2025-05-05 13:00:00,167,"W 4 St-Wash Sq (A,C,E,B,D,F,M)",Manhattan,40.732338,-74.000496,1417.0,1911.5945,1,,0,13,0,0
2025-05-05 13:00:00,168,"Spring St (C,E)",Manhattan,40.726227,-74.00374,569.0,555.8046,1,32.0,1,13,0,0
2025-05-05 13:00:00,169,"Canal St (A,C,E)",Manhattan,40.720825,-74.005226,575.0,610.0325,1,45.0,1,13,0,0
2025-05-05 13:00:00,173,"High St (A,C)",Brooklyn,40.699337,-73.99053,334.0,520.1001,1,30.0,1,13,0,0
2025-05-05 13:00:00,175,"Hoyt-Schermerhorn Sts (A,C,G)",Brooklyn,40.688484,-73.985,428.0,434.7021,1,44.0,1,13,0,0
2025-05-05 13:00:00,176,Lafayette Av (C),Brooklyn,40.68611,-73.973946,160.0,229.0505,1,15.0,1,13,0,0
2025-05-05 13:00:00,177,Clinton-Washington Avs (C),Brooklyn,40.68326,-73.965836,212.0,230.4248,1,15.0,1,13,0,0
2025-05-05 13:00:00,179,"Nostrand Av (A,C)",Brooklyn,40.68044,-73.950424,615.0,485.6234,1,30.0,1,13,0,0
2025-05-05 13:00:00,180,Kingston-Throop Avs (C),Brooklyn,40.67992,-73.94086,292.0,177.4995,1,14.0,1,13,0,0
2025-05-05 13:00:00,181,"Utica Av (A,C)",Brooklyn,40.679363,-73.93073,468.0,401.1585,1,27.0,1,13,0,0
2025-05-05 13:00:00,182,Ralph Av (C),Brooklyn,40.67882,-73.920784,168.0,136.6881,1,15.0,1,13,0,0
2025-05-05 13:00:00,183,Rockaway Av (C),Brooklyn,40.67834,-73.91195,184.0,140.5156,1,16.0,1,13,0,0
2025-05-05 13:00:00,185,Liberty Av (C),Brooklyn,40.67454,-73.896545,71.0,71.7492,1,14.0,1,13,0,0
2025-05-05 13:00:00,186,Van Siclen Av (C),Brooklyn,40.67271,-73.89036,84.0,86.9174,1,16.0,1,13,0,0
2025-05-05 13:00:00,187,Shepherd Av (C),Brooklyn,40.67413,-73.88075,94.0,64.8168,1,16.0,1,13,0,0
2025-05-05 13:00:00,188,"Euclid Av (A,C)",Brooklyn,40.675377,-73.87211,383.0,290.2477,1,22.0,1,13,0,0
2025-05-05 13:00:00,189,Grant Av (A),Brooklyn,40.677044,-73.86505,132.0,139.2794,1,14.0,1,13,0,0
2025-05-05 13:00:00,190,80 St (A),Queens,40.67937,-73.85899,126.0,122.6669,1,14.0,1,13,0,0
2025-05-05 13:00:00,191,88 St (A),Queens,40.679844,-73.85147,88.0,75.0866,1,14.0,1,13,0,0
2025-05-05 13:00:00,192,Rockaway Blvd (A),Queens,40.680428,-73.84386,218.0,210.6591,1,14.0,1,13,0,0
2025-05-05 13:00:00,193,104 St (A),Queens,40.68171,-73.837685,65.0,49.5678,1,8.0,1,13,0,0
2025-05-05 13:00:00,194,111 St (A),Queens,40.68433,-73.83216,52.0,46.5687,1,7.0,1,13,0,0
2025-05-05 13:00:00,195,Ozone Park-Lefferts Blvd (A),Queens,40.68595,-73.8258,186.0,170.5455,1,4.0,1,13,0,0
2025-05-05 13:00:00,196,Aqueduct Racetrack (A),Queens,40.672096,-73.83592,22.0,50.7866,1,4.0,1,13,0,0
2025-05-05 13:00:00,197,Aqueduct-N Conduit Av (A),Queens,40.668236,-73.83406,25.0,18.9653,1,7.0,1,13,0,0
2025-05-05 13:00:00,198,Howard Beach-JFK Airport (A),Queens,40.660477,-73.8303,330.0,269.5197,1,4.0,1,13,0,0
2025-05-05 13:00:00,210,Norwood-205 St (D),Bronx,40.87481,-73.87885,234.0,183.1656,1,8.0,1,13,0,0
2025-05-05 13:00:00,211,"Bedford Park Blvd (B,D)",Bronx,40.873245,-73.88714,208.0,174.6994,1,19.0,1,13,0,0
2025-05-05 13:00:00,212,"Kingsbridge Rd (B,D)",Bronx,40.866978,-73.89351,205.0,158.9966,1,22.0,1,13,0,0
2025-05-05 13:00:00,213,"Fordham Rd (B,D)",Bronx,40.861298,-73.89775,287.0,238.4971,1,23.0,1,13,0,0
2025-05-05 13:00:00,214,"182-183 Sts (B,D)",Bronx,40.856094,-73.90074,179.0,120.1728,1,23.0,1,13,0,0
2025-05-05 13:00:00,215,"Tremont Av (B,D)",Bronx,40.85041,-73.90523,265.0,210.9648,1,23.0,1,13,0,0
2025-05-05 13:00:00,216,"174-175 Sts (B,D)",Bronx,40.8459,-73.91013,166.0,105.6963,1,22.0,1,13,0,0
2025-05-05 13:00:00,217,"170 St (B,D)",Bronx,40.839306,-73.9134,176.0,134.9013,1,23.0,1,13,0,0
2025-05-05 13:00:00,218,"167 St (B,D)",Bronx,40.83377,-73.91844,258.0,230.8325,1,24.0,1,13,0,0
2025-05-05 13:00:00,220,"155 St (B,D)",Manhattan,40.830135,-73.93821,114.0,81.744,1,22.0,1,13,0,0
2025-05-05 13:00:00,221,21 St-Queensbridge (M),Queens,40.754204,-73.94283,357.0,336.944,1,17.0,1,13,0,0
2025-05-05 13:00:00,222,Roosevelt Island (M),Manhattan,40.759144,-73.95326,287.0,343.4585,1,18.0,1,13,0,0
2025-05-05 13:00:00,223,"Lexington Av/63 St (M,Q)",Manhattan,40.76463,-73.96611,626.0,742.5782,1,32.0,1,13,0,0
2025-05-05 13:00:00,224,57 St (M),Manhattan,40.763973,-73.97745,560.0,691.5129,1,17.0,1,13,0,0
2025-05-05 13:00:00,225,"47-50 Sts-Rockefeller Ctr (B,D,F,M)",Manhattan,40.758663,-73.98133,1853.0,1699.388,1,62.0,1,13,0,0
2025-05-05 13:00:00,228,"23 St (F,M)",Manhattan,40.742878,-73.99282,890.0,815.892,1,34.0,1,13,0,0
2025-05-05 13:00:00,231,"Grand St (B,D)",Manhattan,40.718266,-73.99375,1012.0,987.699,1,30.0,1,13,0,0
2025-05-05 13:00:00,232,2 Av (F),Manhattan,40.7234,-73.98994,624.0,645.2381,1,17.0,1,13,0,0
2025-05-05 13:00:00,234,East Broadway (F),Manhattan,40.713715,-73.99017,555.0,566.3234,1,17.0,1,13,0,0
2025-05-05 13:00:00,235,York St (F),Brooklyn,40.701397,-73.98675,620.0,621.7224,1,17.0,1,13,0,0
2025-05-05 13:00:00,236,"Bergen St (F,G)",Brooklyn,40.686146,-73.99086,365.0,305.928,1,33.0,1,13,0,0
2025-05-05 13:00:00,237,"Carroll St (F,G)",Brooklyn,40.6803,-73.99505,342.0,342.3716,1,32.0,1,13,0,0
2025-05-05 13:00:00,238,"Smith-9 Sts (F,G)",Brooklyn,40.67358,-73.99596,168.0,121.1916,1,32.0,1,13,0,0
2025-05-05 13:00:00,240,"7 Av (F,G)",Brooklyn,40.66627,-73.98031,353.0,369.2896,1,33.0,1,13,0,0
2025-05-05 13:00:00,241,"15 St-Prospect Park (F,G)",Brooklyn,40.660366,-73.97949,159.0,214.8201,1,32.0,1,13,0,0
2025-05-05 13:00:00,242,"Fort Hamilton Pkwy (F,G)",Brooklyn,40.650784,-73.97578,141.0,168.3322,1,32.0,1,13,0,0
2025-05-05 13:00:00,243,"Church Av (F,G)",Brooklyn,40.64404,-73.979675,292.0,272.2444,1,25.0,1,13,0,0
2025-05-05 13:00:00,244,Ditmas Av (F),Brooklyn,40.63612,-73.97817,127.0,104.0382,1,17.0,1,13,0,0
2025-05-05 13:00:00,245,18 Av (F),Brooklyn,40.629753,-73.976974,100.0,106.8115,1,17.0,1,13,0,0
2025-05-05 13:00:00,246,Avenue I (F),Brooklyn,40.62532,-73.97613,66.0,43.9979,1,17.0,1,13,0,0
2025-05-05 13:00:00,247,Bay Pkwy (F),Brooklyn,40.62077,-73.975266,42.0,27.1241,1,17.0,1,13,0,0
2025-05-05 13:00:00,248,Avenue N (F),Brooklyn,40.61514,-73.9742,60.0,82.3009,1,17.0,1,13,0,0
2025-05-05 13:00:00,249,Avenue P (F),Brooklyn,40.608944,-73.97302,62.0,61.4965,1,16.0,1,13,0,0
2025-05-05 13:00:00,250,Kings Hwy (F),Brooklyn,40.603218,-73.97236,111.0,115.3813,1,17.0,1,13,0,0
2025-05-05 13:00:00,251,Avenue U (F),Brooklyn,40.59606,-73.97336,46.0,54.8581,1,17.0,1,13,0,0
2025-05-05 13:00:00,252,Avenue X (F),Brooklyn,40.58962,-73.97425,83.0,81.43,1,16.0,1,13,0,0
2025-05-05 13:00:00,253,Neptune Av (F),Brooklyn,40.581013,-73.97457,79.0,50.3679,1,17.0,1,13,0,0
2025-05-05 13:00:00,254,Jamaica-179 St (F),Queens,40.712646,-73.78381,495.0,488.4662,1,10.0,1,13,0,0
2025-05-05 13:00:00,255,169 St (F),Queens,40.71047,-73.7936,342.0,220.8459,1,18.0,1,13,0,0
2025-05-05 13:00:00,256,Parsons Blvd (F),Queens,40.707565,-73.80333,312.0,184.4432,1,18.0,1,13,0,0
2025-05-05 13:00:00,257,Sutphin Blvd (F),Queens,40.70546,-73.81071,172.0,135.3365,1,18.0,1,13,0,0
2025-05-05 13:00:00,258,"Briarwood (E,F)",Queens,40.70918,-73.82057,180.0,137.4393,1,18.0,1,13,0,0
2025-05-05 13:00:00,259,"Kew Gardens-Union Tpke (E,F)",Queens,40.71444,-73.83101,686.0,662.8513,1,35.0,1,13,0,0
2025-05-05 13:00:00,260,"75 Av (E,F)",Queens,40.71833,-73.837326,83.0,99.414,1,19.0,1,13,0,0
2025-05-05 13:00:00,261,"Forest Hills-71 Av (E,F,M,R)",Queens,40.72169,-73.84452,932.0,818.114,1,51.0,1,13,0,0
2025-05-05 13:00:00,262,"67 Av (M,R)",Queens,40.726524,-73.85272,339.0,214.1937,1,29.0,1,13,0,0
2025-05-05 13:00:00,263,"63 Dr-Rego Park (M,R)",Queens,40.729847,-73.8616,469.0,418.3211,1,29.0,1,13,0,0
2025-05-05 13:00:00,264,"Woodhaven Blvd (M,R)",Queens,40.733105,-73.86923,630.0,685.7746,1,30.0,1,13,0,0
2025-05-05 13:00:00,265,"Grand Av-Newtown (M,R)",Queens,40.737015,-73.87722,573.0,591.1513,1,29.0,1,13,0,0
2025-05-05 13:00:00,266,"Elmhurst Av (M,R)",Queens,40.742455,-73.88202,435.0,411.4157,1,28.0,1,13,0,0
2025-05-05 13:00:00,268,"65 St (M,R)",Queens,40.74967,-73.89845,105.0,100.7575,1,30.0,1,13,0,0
2025-05-05 13:00:00,269,"Northern Blvd (M,R)",Queens,40.752884,-73.906006,203.0,211.0706,1,30.0,1,13,0,0
2025-05-05 13:00:00,270,"46 St (M,R)",Queens,40.756313,-73.91333,270.0,242.9842,1,30.0,1,13,0,0
2025-05-05 13:00:00,271,"Steinway St (M,R)",Queens,40.756878,-73.92074,367.0,387.635,1,29.0,1,13,0,0
2025-05-05 13:00:00,272,"36 St (M,R)",Queens,40.75204,-73.92878,124.0,97.3365,1,30.0,1,13,0,0
2025-05-05 13:00:00,273,"Queens Plaza (E,F,R)",Queens,40.748974,-73.93724,664.0,425.3828,1,47.0,1,13,0,0
2025-05-05 13:00:00,276,"5 Av/53 St (E,F)",Manhattan,40.760166,-73.97523,652.0,473.8025,1,31.0,1,13,0,0
2025-05-05 13:00:00,277,"7 Av (E,B,D)",Manhattan,40.762863,-73.981636,771.0,706.0375,1,46.0,1,13,0,0
2025-05-05 13:00:00,278,"Jamaica Center-Parsons/Archer (E,J,Z)",Queens,40.70215,-73.80111,1129.0,855.0268,1,16.0,1,13,0,0
2025-05-05 13:00:00,279,"Sutphin Blvd-Archer Av-JFK Airport (E,J,Z)",Queens,40.700485,-73.80797,1075.0,1012.9858,1,33.0,1,13,0,0
2025-05-05 13:00:00,280,Jamaica-Van Wyck (E),Queens,40.702564,-73.81686,223.0,144.072,1,17.0,1,13,0,0
2025-05-05 13:00:00,282,21 St (G),Queens,40.744064,-73.94972,52.0,63.9269,1,14.0,1,13,0,0
2025-05-05 13:00:00,283,Greenpoint Av (G),Brooklyn,40.731354,-73.95445,342.0,332.1215,1,15.0,1,13,0,0
2025-05-05 13:00:00,284,Nassau Av (G),Brooklyn,40.724636,-73.95128,334.0,365.5398,1,16.0,1,13,0,0
2025-05-05 13:00:00,286,Broadway (G),Brooklyn,40.706093,-73.95031,140.0,123.2109,1,14.0,1,13,0,0
2025-05-05 13:00:00,287,Flushing Av (G),Brooklyn,40.70038,-73.95023,130.0,101.2851,1,15.0,1,13,0,0
2025-05-05 13:00:00,288,Myrtle-Willoughby Avs (G),Brooklyn,40.69457,-73.94904,186.0,147.3204,1,16.0,1,13,0,0
2025-05-05 13:00:00,289,Bedford-Nostrand Avs (G),Brooklyn,40.68963,-73.95352,296.0,226.6772,1,16.0,1,13,0,0
2025-05-05 13:00:00,290,Classon Av (G),Brooklyn,40.688873,-73.96007,185.0,137.2584,1,16.0,1,13,0,0
2025-05-05 13:00:00,291,Clinton-Washington Avs (G),Brooklyn,40.688087,-73.96684,212.0,185.9955,1,15.0,1,13,0,0
2025-05-05 13:00:00,292,Fulton St (G),Brooklyn,40.68712,-73.97537,232.0,196.2153,1,15.0,1,13,0,0
2025-05-05 13:00:00,293,Van Cortlandt Park-242 St (1),Bronx,40.889248,-73.89858,165.0,163.2792,1,10.0,1,13,0,0
2025-05-05 13:00:00,294,238 St (1),Bronx,40.884666,-73.90087,123.0,143.9087,1,20.0,1,13,0,0
2025-05-05 13:00:00,295,231 St (1),Bronx,40.878857,-73.90483,313.0,293.3292,1,20.0,1,13,0,0
2025-05-05 13:00:00,296,Marble Hill-225 St (1),Manhattan,40.87456,-73.90983,169.0,142.6585,1,20.0,1,13,0,0
2025-05-05 13:00:00,297,215 St (1),Manhattan,40.869446,-73.915276,118.0,67.7341,1,20.0,1,13,0,0
2025-05-05 13:00:00,298,207 St (1),Manhattan,40.86462,-73.91882,199.0,186.2114,1,20.0,1,13,0,0
2025-05-05 13:00:00,299,Dyckman St (1),Manhattan,40.86053,-73.92554,237.0,248.8378,1,20.0,1,13,0,0
2025-05-05 13:00:00,300,191 St (1),Manhattan,40.855225,-73.92941,277.0,224.5961,1,20.0,1,13,0,0
2025-05-05 13:00:00,301,181 St (1),Manhattan,40.849506,-73.93359,386.0,340.7558,1,20.0,1,13,0,0
2025-05-05 13:00:00,303,157 St (1),Manhattan,40.83404,-73.94489,396.0,304.0468,1,21.0,1,13,0,0
2025-05-05 13:00:00,304,145 St (1),Manhattan,40.82655,-73.95036,359.0,284.3603,1,20.0,1,13,0,0
2025-05-05 13:00:00,305,137 St-City College (1),Manhattan,40.822006,-73.953674,497.0,377.1931,1,20.0,1,13,0,0
2025-05-05 13:00:00,306,125 St (1),Manhattan,40.815582,-73.958374,368.0,290.5166,1,20.0,1,13,0,0
2025-05-05 13:00:00,307,116 St-Columbia University (1),Manhattan,40.80772,-73.96411,667.0,507.94,1,20.0,1,13,0,0
2025-05-05 13:00:00,308,Cathedral Pkwy (110 St) (1),Manhattan,40.803967,-73.96685,467.0,445.9443,1,20.0,1,13,0,0
2025-05-05 13:00:00,309,103 St (1),Manhattan,40.799446,-73.968376,501.0,430.7335,1,20.0,1,13,0,0
2025-05-05 13:00:00,310,"96 St (1,2,3)",Manhattan,40.79392,-73.97232,1229.0,1250.8693,1,50.0,1,13,0,0
2025-05-05 13:00:00,311,86 St (1),Manhattan,40.788643,-73.97622,592.0,617.7423,1,20.0,1,13,0,0
2025-05-05 13:00:00,312,79 St (1),Manhattan,40.783936,-73.97992,563.0,582.8367,1,20.0,1,13,0,0
2025-05-05 13:00:00,313,"72 St (1,2,3)",Manhattan,40.778454,-73.98197,1384.0,1627.1613,1,50.0,1,13,0,0
2025-05-05 13:00:00,314,66 St-Lincoln Center (1),Manhattan,40.77344,-73.98221,733.0,693.346,1,20.0,1,13,0,0
2025-05-05 13:00:00,316,50 St (1),Manhattan,40.761726,-73.98385,622.0,791.4938,1,20.0,1,13,0,0
2025-05-05 13:00:00,318,"34 St-Penn Station (1,2,3)",Manhattan,40.750374,-73.99106,2134.0,2255.1446,1,50.0,1,13,0,0
2025-05-05 13:00:00,319,28 St (1),Manhattan,40.747215,-73.99336,478.0,520.7568,1,20.0,1,13,0,0
2025-05-05 13:00:00,320,23 St (1),Manhattan,40.74408,-73.99566,476.0,549.4177999999999,1,20.0,1,13,0,0
2025-05-05 13:00:00,321,18 St (1),Manhattan,40.74104,-73.99787,329.0,294.1936,1,20.0,1,13,0,0
2025-05-05 13:00:00,323,Christopher St-Stonewall (1),Manhattan,40.73342,-74.00291,357.0,517.2803,1,20.0,1,13,0,0
2025-05-05 13:00:00,324,Houston St (1),Manhattan,40.728252,-74.00536,533.0,472.0375,1,20.0,1,13,0,0
2025-05-05 13:00:00,325,Canal St (1),Manhattan,40.722855,-74.00628,152.0,182.0598,1,20.0,1,13,0,0
2025-05-05 13:00:00,326,Franklin St (1),Manhattan,40.71932,-74.00689,239.0,209.9204,1,20.0,1,13,0,0
2025-05-05 13:00:00,327,"Chambers St (1,2,3)",Manhattan,40.715477,-74.00927,645.0,564.9849,1,51.0,1,13,0,0
2025-05-05 13:00:00,328,WTC Cortlandt (1),Manhattan,40.711834,-74.01219,638.0,592.0132,1,20.0,1,13,0,0
2025-05-05 13:00:00,329,Rector St (1),Manhattan,40.70751,-74.01379,265.0,252.0583,1,20.0,1,13,0,0
2025-05-05 13:00:00,333,"Wall St (2,3)",Manhattan,40.70682,-74.0091,544.0,534.9398,1,30.0,1,13,0,0
2025-05-05 13:00:00,334,"Clark St (2,3)",Brooklyn,40.697468,-73.99309,154.0,259.9542,1,30.0,1,13,0,0
2025-05-05 13:00:00,336,"Hoyt St (2,3)",Brooklyn,40.690544,-73.98506,232.0,279.8181,1,30.0,1,13,0,0
2025-05-05 13:00:00,337,"Nevins St (2,3,4,5)",Brooklyn,40.688248,-73.98049,319.0,324.30740000000003,1,61.0,1,13,0,0
2025-05-05 13:00:00,339,"Bergen St (2,3)",Brooklyn,40.68083,-73.9751,125.0,143.8546,1,30.0,1,13,0,0
2025-05-05 13:00:00,340,"Grand Army Plaza (2,3)",Brooklyn,40.675236,-73.97105,221.0,301.895,1,31.0,1,13,0,0
2025-05-05 13:00:00,341,"Eastern Pkwy-Brooklyn Museum (2,3)",Brooklyn,40.671986,-73.96438,135.0,178.6326,1,30.0,1,13,0,0
2025-05-05 13:00:00,343,Nostrand Av (3),Brooklyn,40.669846,-73.95046,144.0,95.416,1,15.0,1,13,0,0
2025-05-05 13:00:00,344,Kingston Av (3),Brooklyn,40.6694,-73.94216,149.0,115.0019,1,15.0,1,13,0,0
2025-05-05 13:00:00,345,"Crown Hts-Utica Av (3,4)",Brooklyn,40.668896,-73.932945,901.0,649.8865,1,21.0,1,13,0,0
2025-05-05 13:00:00,346,Sutter Av-Rutland Rd (3),Brooklyn,40.66472,-73.92261,250.0,202.3465,1,14.0,1,13,0,0
2025-05-05 13:00:00,347,Saratoga Av (3),Brooklyn,40.661453,-73.91633,196.0,131.943,1,16.0,1,13,0,0
2025-05-05 13:00:00,348,Rockaway Av (3),Brooklyn,40.662548,-73.90894,167.0,157.5664,1,16.0,1,13,0,0
2025-05-05 13:00:00,349,Junius St (3),Brooklyn,40.663513,-73.90245,78.0,89.7346,1,15.0,1,13,0,0
2025-05-05 13:00:00,350,Pennsylvania Av (3),Brooklyn,40.664635,-73.8949,131.0,118.0877,1,14.0,1,13,0,0
2025-05-05 13:00:00,351,Van Siclen Av (3),Brooklyn,40.665447,-73.8894,73.0,65.662,1,14.0,1,13,0,0
2025-05-05 13:00:00,352,New Lots Av (3),Brooklyn,40.666237,-73.88408,187.0,167.26579999999998,1,8.0,1,13,0,0
2025-05-05 13:00:00,353,"President St-Medgar Evers College (2,5)",Brooklyn,40.667885,-73.95068,132.0,87.6145,1,30.0,1,13,0,0
2025-05-05 13:00:00,354,"Sterling St (2,5)",Brooklyn,40.662743,-73.95085,212.0,145.5129,1,30.0,1,13,0,0
2025-05-05 13:00:00,355,"Winthrop St (2,5)",Brooklyn,40.65665,-73.9502,251.0,191.1014,1,30.0,1,13,0,0
2025-05-05 13:00:00,356,"Church Av (2,5)",Brooklyn,40.650845,-73.94958,372.0,259.366,1,30.0,1,13,0,0
2025-05-05 13:00:00,357,"Beverly Rd (2,5)",Brooklyn,40.6451,-73.94896,171.0,113.4051,1,30.0,1,13,0,0
2025-05-05 13:00:00,358,"Newkirk Av-Little Haiti (2,5)",Brooklyn,40.63997,-73.94841,254.0,200.336,1,31.0,1,13,0,0
2025-05-05 13:00:00,359,"Flatbush Av-Brooklyn College (2,5)",Brooklyn,40.632835,-73.94764,775.0,546.124,1,16.0,1,13,0,0
2025-05-05 13:00:00,360,Pelham Bay Park (6),Bronx,40.852463,-73.82812,190.0,186.6668,1,8.0,1,13,0,0
2025-05-05 13:00:00,361,Buhre Av (6),Bronx,40.84681,-73.832565,78.0,96.5389,1,14.0,1,13,0,0
2025-05-05 13:00:00,362,Middletown Rd (6),Bronx,40.843864,-73.83632,58.0,46.4583,1,15.0,1,13,0,0
2025-05-05 13:00:00,363,Westchester Sq-E Tremont Av (6),Bronx,40.839893,-73.84295,173.0,143.9511,1,15.0,1,13,0,0
2025-05-05 13:00:00,364,Zerega Av (6),Bronx,40.836487,-73.84704,73.0,59.9223,1,16.0,1,13,0,0
2025-05-05 13:00:00,365,Castle Hill Av (6),Bronx,40.834255,-73.85122,201.0,181.0422,1,16.0,1,13,0,0
2025-05-05 13:00:00,366,Parkchester (6),Bronx,40.833225,-73.86082,351.0,350.2762,1,22.0,1,13,0,0
2025-05-05 13:00:00,367,St Lawrence Av (6),Bronx,40.83151,-73.867615,137.0,111.1565,1,25.0,1,13,0,0
2025-05-05 13:00:00,368,Morrison Av-Soundview (6),Bronx,40.82952,-73.87452,198.0,164.3849,1,24.0,1,13,0,0
2025-05-05 13:00:00,369,Elder Av (6),Bronx,40.828583,-73.87916,169.0,183.8408,1,24.0,1,13,0,0
2025-05-05 13:00:00,370,Whitlock Av (6),Bronx,40.826527,-73.886284,49.0,47.5861,1,24.0,1,13,0,0
2025-05-05 13:00:00,371,Hunts Point Av (6),Bronx,40.82095,-73.89055,324.0,265.0134,1,31.0,1,13,0,0
2025-05-05 13:00:00,372,Longwood Av (6),Bronx,40.816105,-73.89644,111.0,68.7483,1,23.0,1,13,0,0
2025-05-05 13:00:00,373,E 149 St (6),Bronx,40.81212,-73.9041,140.0,139.2294,1,23.0,1,13,0,0
2025-05-05 13:00:00,374,E 143 St-St Mary's St (6),Bronx,40.80872,-73.90765,50.0,54.9807,1,23.0,1,13,0,0
2025-05-05 13:00:00,375,Cypress Av (6),Bronx,40.805367,-73.91404,112.0,75.3817,1,23.0,1,13,0,0
2025-05-05 13:00:00,376,Brook Av (6),Bronx,40.807568,-73.91924,159.0,144.4523,1,23.0,1,13,0,0
2025-05-05 13:00:00,377,3 Av-138 St (6),Bronx,40.810474,-73.92614,211.0,210.4702,1,30.0,1,13,0,0
2025-05-05 13:00:00,378,Woodlawn (4),Bronx,40.886036,-73.87875,191.0,195.8634,1,8.0,1,13,0,0
2025-05-05 13:00:00,379,Mosholu Pkwy (4),Bronx,40.87975,-73.88466,191.0,193.3999,1,16.0,1,13,0,0
2025-05-05 13:00:00,380,Bedford Park Blvd-Lehman College (4),Bronx,40.873413,-73.89006,191.0,161.6895,1,16.0,1,13,0,0
2025-05-05 13:00:00,381,Kingsbridge Rd (4),Bronx,40.86776,-73.89717,344.0,243.5983,1,15.0,1,13,0,0
2025-05-05 13:00:00,382,Fordham Rd (4),Bronx,40.862804,-73.90103,369.0,288.066,1,15.0,1,13,0,0
2025-05-05 13:00:00,383,183 St (4),Bronx,40.858406,-73.90388,185.0,160.4726,1,17.0,1,13,0,0
2025-05-05 13:00:00,384,Burnside Av (4),Bronx,40.853455,-73.907684,357.0,244.4287,1,16.0,1,13,0,0
2025-05-05 13:00:00,385,176 St (4),Bronx,40.84848,-73.9118,192.0,160.0176,1,14.0,1,13,0,0
2025-05-05 13:00:00,386,Mt Eden Av (4),Bronx,40.844433,-73.91469,178.0,131.4225,1,15.0,1,13,0,0
2025-05-05 13:00:00,387,170 St (4),Bronx,40.840076,-73.91779,253.0,214.1457,1,15.0,1,13,0,0
2025-05-05 13:00:00,388,167 St (4),Bronx,40.835537,-73.9214,330.0,265.5406,1,16.0,1,13,0,0
2025-05-05 13:00:00,391,"138 St-Grand Concourse (4,5)",Bronx,40.813225,-73.92985,158.0,114.0119,1,30.0,1,13,0,0
2025-05-05 13:00:00,392,"125 St (4,5,6)",Manhattan,40.80414,-73.93759,820.0,771.3388,1,60.0,1,13,0,0
2025-05-05 13:00:00,393,116 St (6),Manhattan,40.79863,-73.94162,488.0,472.3448,1,30.0,1,13,0,0
2025-05-05 13:00:00,394,110 St (6),Manhattan,40.79502,-73.94425,394.0,344.0636,1,30.0,1,13,0,0
2025-05-05 13:00:00,395,103 St (6),Manhattan,40.7906,-73.94748,470.0,439.262,1,30.0,1,13,0,0
2025-05-05 13:00:00,396,96 St (6),Manhattan,40.78567,-73.95107,623.0,615.3923,1,30.0,1,13,0,0
2025-05-05 13:00:00,397,"86 St (4,5,6)",Manhattan,40.77949,-73.95559,1729.0,1806.2735,1,60.0,1,13,0,0
2025-05-05 13:00:00,398,77 St (6),Manhattan,40.77362,-73.95988,1203.0,1093.6693,1,30.0,1,13,0,0
2025-05-05 13:00:00,399,68 St-Hunter College (6),Manhattan,40.768143,-73.96387,1158.0,956.7345,1,30.0,1,13,0,0
2025-05-05 13:00:00,403,33 St (6),Manhattan,40.746082,-73.98208,926.0,877.3117,1,30.0,1,13,0,0
2025-05-05 13:00:00,404,28 St (6),Manhattan,40.74307,-73.98426,620.0,639.3303,1,30.0,1,13,0,0
2025-05-05 13:00:00,405,23 St-Baruch College (6),Manhattan,40.739864,-73.9866,969.0,1041.6461,1,30.0,1,13,0,0
2025-05-05 13:00:00,407,Astor Pl (6),Manhattan,40.730053,-73.99107,578.0,605.1308,1,30.0,1,13,0,0
2025-05-05 13:00:00,409,Spring St (6),Manhattan,40.7223,-73.99714,492.0,607.7945,1,30.0,1,13,0,0
2025-05-05 13:00:00,413,"Wall St (4,5)",Manhattan,40.707558,-74.01186,494.0,484.8277,1,31.0,1,13,0,0
2025-05-05 13:00:00,414,"Bowling Green (4,5)",Manhattan,40.70482,-74.01407,911.0,732.3668,1,30.0,1,13,0,0
2025-05-05 13:00:00,416,Wakefield-241 St (2),Bronx,40.903126,-73.85062,130.0,114.4268,1,8.0,1,13,0,0
2025-05-05 13:00:00,417,"Nereid Av (2,5)",Bronx,40.89838,-73.85438,74.0,71.5234,1,15.0,1,13,0,0
2025-05-05 13:00:00,418,"233 St (2,5)",Bronx,40.893192,-73.857475,140.0,116.55,1,16.0,1,13,0,0
2025-05-05 13:00:00,419,"225 St (2,5)",Bronx,40.888023,-73.860344,96.0,88.65090000000001,1,14.0,1,13,0,0
2025-05-05 13:00:00,420,"219 St (2,5)",Bronx,40.883896,-73.86263,84.0,56.8391,1,14.0,1,13,0,0
2025-05-05 13:00:00,421,"Gun Hill Rd (2,5)",Bronx,40.87785,-73.86626,181.0,167.1832,1,15.0,1,13,0,0
2025-05-05 13:00:00,422,"Burke Av (2,5)",Bronx,40.871357,-73.867165,69.0,75.7404,1,16.0,1,13,0,0
2025-05-05 13:00:00,423,"Allerton Av (2,5)",Bronx,40.865463,-73.867355,123.0,122.4544,1,16.0,1,13,0,0
2025-05-05 13:00:00,424,"Pelham Pkwy (2,5)",Bronx,40.857193,-73.867615,236.0,212.0898,1,14.0,1,13,0,0
2025-05-05 13:00:00,425,"Bronx Park East (2,5)",Bronx,40.848827,-73.868454,58.0,65.6007,1,14.0,1,13,0,0
2025-05-05 13:00:00,426,"E 180 St (2,5)",Bronx,40.841892,-73.87349,249.0,232.6942,1,31.0,1,13,0,0
2025-05-05 13:00:00,427,"West Farms Sq-E Tremont Av (2,5)",Bronx,40.840294,-73.88005,198.0,166.7666,1,30.0,1,13,0,0
2025-05-05 13:00:00,428,"174 St (2,5)",Bronx,40.837288,-73.88773,223.0,199.6652,1,29.0,1,13,0,0
2025-05-05 13:00:00,429,"Freeman St (2,5)",Bronx,40.829994,-73.89187,148.0,132.0602,1,30.0,1,13,0,0
2025-05-05 13:00:00,430,"Simpson St (2,5)",Bronx,40.824074,-73.89307,342.0,233.0513,1,31.0,1,13,0,0
2025-05-05 13:00:00,431,"Intervale Av (2,5)",Bronx,40.82218,-73.896736,150.0,87.45100000000001,1,30.0,1,13,0,0
2025-05-05 13:00:00,432,"Prospect Av (2,5)",Bronx,40.819584,-73.90177,208.0,175.0322,1,30.0,1,13,0,0
2025-05-05 13:00:00,433,"Jackson Av (2,5)",Bronx,40.81649,-73.90781,181.0,149.9861,1,29.0,1,13,0,0
2025-05-05 13:00:00,434,"3 Av-149 St (2,5)",Bronx,40.81611,-73.917755,696.0,575.5893,1,30.0,1,13,0,0
2025-05-05 13:00:00,436,Harlem-148 St (3),Manhattan,40.82388,-73.93647,109.0,98.2656,1,7.0,1,13,0,0
2025-05-05 13:00:00,437,145 St (3),Manhattan,40.82042,-73.93625,94.0,85.5614,1,15.0,1,13,0,0
2025-05-05 13:00:00,438,"135 St (2,3)",Manhattan,40.814228,-73.94077,406.0,365.8293,1,30.0,1,13,0,0
2025-05-05 13:00:00,439,"125 St (2,3)",Manhattan,40.807755,-73.945496,626.0,507.8194,1,30.0,1,13,0,0
2025-05-05 13:00:00,440,"116 St (2,3)",Manhattan,40.802097,-73.94962,332.0,283.776,1,30.0,1,13,0,0
2025-05-05 13:00:00,441,"110 St-Malcolm X Plaza (2,3)",Manhattan,40.799076,-73.95182,249.0,268.0672,1,30.0,1,13,0,0
2025-05-05 13:00:00,442,Eastchester-Dyre Av (5),Bronx,40.8883,-73.83083,85.0,103.1998,1,8.0,1,13,0,0
2025-05-05 13:00:00,443,Baychester Av (5),Bronx,40.878662,-73.83859,74.0,71.3625,1,15.0,1,13,0,0
2025-05-05 13:00:00,444,Gun Hill Rd (5),Bronx,40.869526,-73.84638,134.0,115.9589,1,14.0,1,13,0,0
2025-05-05 13:00:00,445,Pelham Pkwy (5),Bronx,40.858986,-73.85536,104.0,73.536,1,15.0,1,13,0,0
2025-05-05 13:00:00,446,Morris Park (5),Bronx,40.854362,-73.8605,69.0,63.4576,1,16.0,1,13,0,0
2025-05-05 13:00:00,447,Flushing-Main St (7),Queens,40.7596,-73.83003,2059.0,2032.5652,1,12.0,1,13,0,0
2025-05-05 13:00:00,448,Mets-Willets Point (7),Queens,40.754623,-73.84563,108.0,552.0724,1,24.0,1,13,0,0
2025-05-05 13:00:00,449,111 St (7),Queens,40.75173,-73.85533,291.0,426.4826,1,24.0,1,13,0,0
2025-05-05 13:00:00,450,103 St-Corona Plaza (7),Queens,40.749866,-73.8627,685.0,640.9254999999999,1,24.0,1,13,0,0
2025-05-05 13:00:00,451,Junction Blvd (7),Queens,40.749146,-73.86953,836.0,875.9381000000001,1,24.0,1,13,0,0
2025-05-05 13:00:00,452,90 St-Elmhurst Av (7),Queens,40.74841,-73.87661,726.0,655.725,1,24.0,1,13,0,0
2025-05-05 13:00:00,453,82 St-Jackson Hts (7),Queens,40.747658,-73.8837,692.0,647.981,1,24.0,1,13,0,0
2025-05-05 13:00:00,455,69 St (7),Queens,40.746326,-73.8964,237.0,187.2395,1,24.0,1,13,0,0
2025-05-05 13:00:00,456,61 St-Woodside (7),Queens,40.74563,-73.902985,487.0,497.3821,1,24.0,1,13,0,0
2025-05-05 13:00:00,457,52 St (7),Queens,40.74415,-73.91255,267.0,225.2243,1,24.0,1,13,0,0
2025-05-05 13:00:00,458,46 St-Bliss St (7),Queens,40.743134,-73.918434,471.0,390.7471,1,24.0,1,13,0,0
2025-05-05 13:00:00,459,40 St-Lowery St (7),Queens,40.743782,-73.92402,357.0,320.544,1,25.0,1,13,0,0
2025-05-05 13:00:00,460,33 St-Rawson St (7),Queens,40.744587,-73.931,653.0,317.3078,1,26.0,1,13,0,0
2025-05-05 13:00:00,461,"Queensboro Plaza (7,N,W)",Queens,40.750584,-73.9402,395.0,367.7602,1,24.0,1,13,0,0
2025-05-05 13:00:00,463,Hunters Point Av (7),Queens,40.742214,-73.94891,146.0,142.1006,1,24.0,1,13,0,0
2025-05-05 13:00:00,464,Vernon Blvd-Jackson Av (7),Queens,40.742626,-73.95358,470.0,562.5293,1,24.0,1,13,0,0
2025-05-05 13:00:00,471,34 St-Hudson Yards (7),Manhattan,40.755882,-74.00191,895.0,1061.4291,1,12.0,1,13,0,0
2025-05-05 13:00:00,475,96 St (Q),Manhattan,40.784317,-73.94715,585.0,534.6728,1,8.0,1,13,0,0
2025-05-05 13:00:00,476,86 St (Q),Manhattan,40.77789,-73.95179,645.0,745.1423,1,15.0,1,13,0,0
2025-05-05 13:00:00,477,72 St (Q),Manhattan,40.7688,-73.95843,998.0,942.8412,1,14.0,1,13,0,0
2025-05-05 13:00:00,501,St George (SIR),Staten Island,40.64375,-74.07365,216.0,,0,2.0,1,13,0,0
2025-05-05 13:00:00,502,Tompkinsville (SIR),Staten Island,40.636948,-74.07484,39.0,,0,4.0,1,13,0,0
2025-05-05 13:00:00,601,"14 St/6 Av (1,2,3,L,F,M)",Manhattan,40.737797,-73.997734,1449.0,1691.0622,1,106.0,1,13,0,0
2025-05-05 13:00:00,602,"14 St-Union Sq (4,5,6,L,N,Q,R,W)",Manhattan,40.735065,-73.99042,3117.0,3972.5486,1,121.0,1,13,0,0
2025-05-05 13:00:00,603,"149 St-Grand Concourse (2,4,5)",Bronx,40.818394,-73.92703,430.0,354.7587,1,15.0,1,13,0,0
2025-05-05 13:00:00,604,"161 St-Yankee Stadium (4,B,D)",Bronx,40.82795,-73.92574,790.0,700.1616,1,39.0,1,13,0,0
2025-05-05 13:00:00,605,"168 St-Washington Hts (1,A,C)",Manhattan,40.840637,-73.93985,844.0,682.3909,1,42.0,1,13,0,0
2025-05-05 13:00:00,606,"Court Sq-23 St (7,E,F,G)",Queens,40.747143,-73.94503,869.0,755.469,1,62.0,1,13,0,0
2025-05-05 13:00:00,607,"34 St-Herald Sq (B,D,F,M,N,Q,R,W)",Manhattan,40.74964,-73.987885,3444.0,3824.3002,1,123.0,1,13,0,0
2025-05-05 13:00:00,608,"4 Av-9 St (F,G,R)",Brooklyn,40.67056,-73.989044,372.0,416.9589,1,48.0,1,13,0,0
2025-05-05 13:00:00,609,"42 St-Bryant Pk/5 Av (7,B,D,F,M)",Manhattan,40.75402,-73.98327,1670.0,1800.9803,1,86.0,1,13,0,0
2025-05-05 13:00:00,610,"Grand Central-42 St (4,5,6,7,S)",Manhattan,40.75199,-73.977356,4819.0,3964.2249,1,96.0,1,13,0,0
2025-05-05 13:00:00,611,"Times Sq-42 St/Port Authority Bus Terminal (1,2,3,7,A,C,E,N,Q,R,W,S)",Manhattan,40.755745,-73.98758,5310.0,5990.7296,1,164.0,1,13,0,0
2025-05-05 13:00:00,612,"Lexington Av/51-53 Sts (6,E,F)",Manhattan,40.757328,-73.97049,1903.0,1629.6235,1,61.0,1,13,0,0
2025-05-05 13:00:00,613,"Lexington Av/59 St (4,5,6,N,R,W)",Manhattan,40.762592,-73.96761,1701.0,1813.6238,1,102.0,1,13,0,0
2025-05-05 13:00:00,614,"59 St-Columbus Circle (1,A,C,B,D)",Manhattan,40.768272,-73.981834,3034.0,3086.4118,1,79.0,1,13,0,0
2025-05-05 13:00:00,615,"62 St/New Utrecht Av (D,N)",Brooklyn,40.625656,-73.99663,151.0,146.2268,1,29.0,1,13,0,0
2025-05-05 13:00:00,616,"Jackson Hts-Roosevelt Av/74 St-Broadway (7,E,F,M,R)",Queens,40.746746,-73.891365,1975.0,2084.4538,1,89.0,1,13,0,0
2025-05-05 13:00:00,617,"Atlantic Av-Barclays Ctr (2,3,4,5,B,D,N,Q,R)",Brooklyn,40.684162,-73.97779,1389.0,1620.204,1,134.0,1,13,0,0
2025-05-05 13:00:00,618,"14 St/8 Av (A,C,E,L)",Manhattan,40.740334,-74.00214,1791.0,1899.2013,1,56.0,1,13,0,0
2025-05-05 13:00:00,619,"Broadway-Lafayette St/Bleecker St (6,B,D,F,M)",Manhattan,40.725605,-73.99543,1483.0,1842.7159,1,93.0,1,13,0,0
2025-05-05 13:00:00,620,"Borough Hall/Court St (2,3,4,5,R)",Brooklyn,40.69324,-73.99064,1159.0,1025.3354,1,75.0,1,13,0,0
2025-05-05 13:00:00,621,"Broadway Junction (A,C,J,Z,L)",Brooklyn,40.678898,-73.90436,269.0,242.6545,1,29.0,1,13,0,0
2025-05-05 13:00:00,622,"Brooklyn Bridge-City Hall/Chambers St (4,5,6,J,Z)",Manhattan,40.713154,-74.00377,966.0,922.4739,1,61.0,1,13,0,0
2025-05-05 13:00:00,623,"Canal St (6,J,Z,N,Q,R,W)",Manhattan,40.7187,-74.00058,1865.0,2080.2977,1,72.0,1,13,0,0
2025-05-05 13:00:00,624,"Chambers St/WTC/Park Place/Cortlandt St (2,3,A,C,E,R,W)",Manhattan,40.712605,-74.00955,2158.0,1832.3753,1,94.0,1,13,0,0
2025-05-05 13:00:00,625,"Delancey St-Essex St (F,M,J,Z)",Manhattan,40.718464,-73.98778,1112.0,1095.592,1,47.0,1,13,0,0
2025-05-05 13:00:00,626,"Franklin Av-Medgar Evers College/Botanic Garden (2,3,4,5,S)",Brooklyn,40.670513,-73.95869,686.0,422.0419,1,71.0,1,13,0,0
2025-05-05 13:00:00,627,"Franklin Av (C,S)",Brooklyn,40.68099,-73.95634,181.0,168.7525,1,22.0,1,13,0,0
2025-05-05 13:00:00,628,"Fulton St (2,3,4,5,A,C,J,Z)",Manhattan,40.71009,-74.007835,2720.0,2567.51,1,76.0,1,13,0,0
2025-05-05 13:00:00,629,"Metropolitan Av/Lorimer St (G,L)",Brooklyn,40.71343,-73.95084,425.0,556.3797,1,39.0,1,13,0,0
2025-05-05 13:00:00,630,"Myrtle-Wyckoff Avs (M,L)",Brooklyn,40.699623,-73.91199,677.0,627.6701,1,24.0,1,13,0,0
2025-05-05 13:00:00,635,"Whitehall St-South Ferry (1,R,W)",Manhattan,40.702576,-74.01333,1062.0,1026.1943,1,32.0,1,13,0,0
2025-05-05 13:00:00,636,"Jay St-MetroTech (A,C,F,R)",Brooklyn,40.69226,-73.98664,1739.0,1413.6176,1,61.0,1,13,0,0
2025-05-05 14:00:00,1,"Astoria-Ditmars Blvd (N,W)",Queens,40.775036,-73.91203,613.0,581.5248,1,14.0,1,14,0,0
2025-05-05 14:00:00,2,"Astoria Blvd (N,W)",Queens,40.77026,-73.91785,353.0,417.2097,1,27.0,1,14,0,0
2025-05-05 14:00:00,3,"30 Av (N,W)",Queens,40.76678,-73.92148,581.0,502.7966,1,27.0,1,14,0,0
2025-05-05 14:00:00,4,"Broadway (N,W)",Queens,40.76182,-73.92551,384.0,471.1742,1,27.0,1,14,0,0
2025-05-05 14:00:00,5,"36 Av (N,W)",Queens,40.756805,-73.92957,335.0,260.0077,1,27.0,1,14,0,0
2025-05-05 14:00:00,6,"39 Av-Dutch Kills (N,W)",Queens,40.75288,-73.932755,182.0,126.7341,1,27.0,1,14,0,0
2025-05-05 14:00:00,8,"5 Av/59 St (N,R,W)",Manhattan,40.764812,-73.97335,609.0,506.8577,1,40.0,1,14,0,0
2025-05-05 14:00:00,9,"57 St-7 Av (N,Q,R,W)",Manhattan,40.764664,-73.98066,1491.0,1432.8101,1,57.0,1,14,0,0
2025-05-05 14:00:00,10,"49 St (N,R,W)",Manhattan,40.7599,-73.98414,917.0,963.6443,1,43.0,1,14,0,0
2025-05-05 14:00:00,13,"28 St (R,W)",Manhattan,40.745495,-73.98869,505.0,516.2207,1,26.0,1,14,0,0
2025-05-05 14:00:00,14,"23 St (R,W)",Manhattan,40.741302,-73.98934,1019.0,833.6086,1,26.0,1,14,0,0
2025-05-05 14:00:00,16,"8 St-NYU (R,W)",Manhattan,40.730328,-73.99263,757.0,671.1806,1,28.0,1,14,0,0
2025-05-05 14:00:00,17,"Prince St (R,W)",Manhattan,40.72433,-73.9977,618.0,758.19,1,26.0,1,14,0,0
2025-05-05 14:00:00,20,"City Hall (R,W)",Manhattan,40.713284,-74.00698,260.0,193.9957,1,27.0,1,14,0,0
2025-05-05 14:00:00,22,"Rector St (R,W)",Manhattan,40.70722,-74.01334,304.0,192.0658,1,26.0,1,14,0,0
2025-05-05 14:00:00,26,"DeKalb Av (B,Q,R)",Brooklyn,40.690636,-73.98183,1113.0,849.2502,1,44.0,1,14,0,0
2025-05-05 14:00:00,28,Union St (R),Brooklyn,40.677315,-73.98311,296.0,328.6025,1,15.0,1,14,0,0
2025-05-05 14:00:00,30,Prospect Av (R),Brooklyn,40.665413,-73.992874,275.0,245.3995,1,15.0,1,14,0,0
2025-05-05 14:00:00,31,25 St (R),Brooklyn,40.660397,-73.99809,189.0,173.0369,1,16.0,1,14,0,0
2025-05-05 14:00:00,32,"36 St (D,N,R)",Brooklyn,40.655144,-74.00355,732.0,624.0732,1,45.0,1,14,0,0
2025-05-05 14:00:00,33,45 St (R),Brooklyn,40.648937,-74.01001,315.0,392.1946,1,14.0,1,14,0,0
2025-05-05 14:00:00,34,53 St (R),Brooklyn,40.64507,-74.01403,331.0,445.4133,1,14.0,1,14,0,0
2025-05-05 14:00:00,35,"59 St (N,R)",Brooklyn,40.64136,-74.01788,539.0,601.2501,1,30.0,1,14,0,0
2025-05-05 14:00:00,36,Bay Ridge Av (R),Brooklyn,40.634968,-74.02338,453.0,342.531,1,16.0,1,14,0,0
2025-05-05 14:00:00,37,77 St (R),Brooklyn,40.62974,-74.02551,194.0,222.2405,1,15.0,1,14,0,0
2025-05-05 14:00:00,38,86 St (R),Brooklyn,40.62269,-74.0284,420.0,489.0153,1,14.0,1,14,0,0
2025-05-05 14:00:00,39,Bay Ridge-95 St (R),Brooklyn,40.616623,-74.030876,197.0,216.8514,1,8.0,1,14,0,0
2025-05-05 14:00:00,41,"7 Av (B,Q)",Brooklyn,40.67705,-73.97237,300.0,367.1337,1,30.0,1,14,0,0
2025-05-05 14:00:00,42,"Prospect Park (B,Q,S)",Brooklyn,40.661613,-73.96225,315.0,478.0955,1,37.0,1,14,0,0
2025-05-05 14:00:00,43,Parkside Av (Q),Brooklyn,40.655293,-73.961494,206.0,249.5874,1,16.0,1,14,0,0
2025-05-05 14:00:00,44,"Church Av (B,Q)",Brooklyn,40.650528,-73.96298,536.0,552.6623,1,30.0,1,14,0,0
2025-05-05 14:00:00,45,Beverley Rd (Q),Brooklyn,40.64403,-73.96449,143.0,166.9952,1,16.0,1,14,0,0
2025-05-05 14:00:00,46,Cortelyou Rd (Q),Brooklyn,40.640926,-73.96389,200.0,270.6425,1,16.0,1,14,0,0
2025-05-05 14:00:00,47,"Newkirk Plaza (B,Q)",Brooklyn,40.635082,-73.96279,357.0,438.5441,1,29.0,1,14,0,0
2025-05-05 14:00:00,48,Avenue H (Q),Brooklyn,40.62927,-73.96164,196.0,140.7597,1,15.0,1,14,0,0
2025-05-05 14:00:00,49,Avenue J (Q),Brooklyn,40.62504,-73.9608,252.0,228.6654,1,15.0,1,14,0,0
2025-05-05 14:00:00,50,Avenue M (Q),Brooklyn,40.61762,-73.9594,413.0,234.5417,1,15.0,1,14,0,0
2025-05-05 14:00:00,51,"Kings Hwy (B,Q)",Brooklyn,40.60867,-73.95773,736.0,816.268,1,30.0,1,14,0,0
2025-05-05 14:00:00,52,Avenue U (Q),Brooklyn,40.5993,-73.95593,224.0,305.9085,1,14.0,1,14,0,0
2025-05-05 14:00:00,53,Neck Rd (Q),Brooklyn,40.595245,-73.95516,121.0,211.2638,1,15.0,1,14,0,0
2025-05-05 14:00:00,54,"Sheepshead Bay (B,Q)",Brooklyn,40.586895,-73.954155,383.0,532.5649,1,29.0,1,14,0,0
2025-05-05 14:00:00,55,"Brighton Beach (B,Q)",Brooklyn,40.57762,-73.96137,507.0,500.3444,1,22.0,1,14,0,0
2025-05-05 14:00:00,56,Ocean Pkwy (Q),Brooklyn,40.576313,-73.9685,159.0,162.1507,1,15.0,1,14,0,0
2025-05-05 14:00:00,57,"W 8 St-NY Aquarium (F,Q)",Brooklyn,40.576126,-73.97594,95.0,182.7653,1,32.0,1,14,0,0
2025-05-05 14:00:00,58,"Coney Island-Stillwell Av (D,F,N,Q)",Brooklyn,40.577423,-73.98123,566.0,811.9739,1,31.0,1,14,0,0
2025-05-05 14:00:00,59,9 Av (D),Brooklyn,40.646294,-73.99432,177.0,270.7452,1,16.0,1,14,0,0
2025-05-05 14:00:00,60,Fort Hamilton Pkwy (D),Brooklyn,40.640915,-73.9943,203.0,210.1494,1,14.0,1,14,0,0
2025-05-05 14:00:00,61,50 St (D),Brooklyn,40.63626,-73.99479,145.0,124.0713,1,14.0,1,14,0,0
2025-05-05 14:00:00,62,55 St (D),Brooklyn,40.631435,-73.995476,105.0,71.8766,1,15.0,1,14,0,0
2025-05-05 14:00:00,64,71 St (D),Brooklyn,40.61959,-73.99886,154.0,216.3117,1,15.0,1,14,0,0
2025-05-05 14:00:00,65,79 St (D),Brooklyn,40.613503,-74.00061,270.0,262.8307,1,15.0,1,14,0,0
2025-05-05 14:00:00,66,18 Av (D),Brooklyn,40.607952,-74.00174,161.0,267.6859,1,16.0,1,14,0,0
2025-05-05 14:00:00,67,20 Av (D),Brooklyn,40.604557,-73.99817,154.0,217.1219,1,16.0,1,14,0,0
2025-05-05 14:00:00,68,Bay Pkwy (D),Brooklyn,40.601875,-73.99373,243.0,313.3014,1,16.0,1,14,0,0
2025-05-05 14:00:00,69,25 Av (D),Brooklyn,40.597706,-73.98683,151.0,153.9984,1,15.0,1,14,0,0
2025-05-05 14:00:00,70,Bay 50 St (D),Brooklyn,40.58884,-73.983765,215.0,136.5281,1,15.0,1,14,0,0
2025-05-05 14:00:00,71,8 Av (N),Brooklyn,40.635063,-74.01172,557.0,576.6089,1,15.0,1,14,0,0
2025-05-05 14:00:00,72,Fort Hamilton Pkwy (N),Brooklyn,40.631386,-74.00535,266.0,326.9172,1,14.0,1,14,0,0
2025-05-05 14:00:00,74,18 Av (N),Brooklyn,40.62067,-73.99042,188.0,239.9099,1,15.0,1,14,0,0
2025-05-05 14:00:00,75,20 Av (N),Brooklyn,40.61741,-73.98502,336.0,186.0423,1,15.0,1,14,0,0
2025-05-05 14:00:00,76,Bay Pkwy (N),Brooklyn,40.611816,-73.98185,263.0,335.8005,1,15.0,1,14,0,0
2025-05-05 14:00:00,77,Kings Hwy (N),Brooklyn,40.603924,-73.980354,174.0,258.4789,1,15.0,1,14,0,0
2025-05-05 14:00:00,78,Avenue U (N),Brooklyn,40.597473,-73.97913,131.0,180.6492,1,15.0,1,14,0,0
2025-05-05 14:00:00,79,86 St (N),Brooklyn,40.59272,-73.97823,103.0,126.8497,1,14.0,1,14,0,0
2025-05-05 14:00:00,80,"121 St (J,Z)",Queens,40.700493,-73.82829,82.0,117.6727,1,14.0,1,14,0,0
2025-05-05 14:00:00,81,111 St (J),Queens,40.69742,-73.83634,128.0,105.9014,1,16.0,1,14,0,0
2025-05-05 14:00:00,82,"104 St (J,Z)",Queens,40.69518,-73.84433,122.0,131.1814,1,16.0,1,14,0,0
2025-05-05 14:00:00,83,"Woodhaven Blvd (J,Z)",Queens,40.69388,-73.85158,191.0,290.3691,1,14.0,1,14,0,0
2025-05-05 14:00:00,84,85 St-Forest Pkwy (J),Queens,40.692436,-73.86001,71.0,98.4944,1,14.0,1,14,0,0
2025-05-05 14:00:00,85,"75 St-Elderts Ln (J,Z)",Queens,40.691322,-73.86714,220.0,209.9754,1,14.0,1,14,0,0
2025-05-05 14:00:00,86,Cypress Hills (J),Brooklyn,40.68994,-73.87255,29.0,21.5586,1,16.0,1,14,0,0
2025-05-05 14:00:00,87,"Crescent St (J,Z)",Brooklyn,40.683193,-73.87379,210.0,240.2676,1,15.0,1,14,0,0
2025-05-05 14:00:00,88,"Norwood Av (J,Z)",Brooklyn,40.68141,-73.880035,89.0,142.8559,1,14.0,1,14,0,0
2025-05-05 14:00:00,89,Cleveland St (J),Brooklyn,40.679947,-73.884636,63.0,140.0591,1,14.0,1,14,0,0
2025-05-05 14:00:00,90,"Van Siclen Av (J,Z)",Brooklyn,40.678024,-73.891685,89.0,140.4948,1,14.0,1,14,0,0
2025-05-05 14:00:00,91,"Alabama Av (J,Z)",Brooklyn,40.67699,-73.89865,100.0,79.4949,1,16.0,1,14,0,0
2025-05-05 14:00:00,93,"Chauncey St (J,Z)",Brooklyn,40.68289,-73.91045,100.0,111.4994,1,14.0,1,14,0,0
2025-05-05 14:00:00,94,Halsey St (J),Brooklyn,40.68637,-73.91656,182.0,215.422,1,14.0,1,14,0,0
2025-05-05 14:00:00,95,"Gates Av (J,Z)",Brooklyn,40.68963,-73.92227,308.0,241.5759,1,16.0,1,14,0,0
2025-05-05 14:00:00,96,Kosciuszko St (J),Brooklyn,40.69334,-73.92882,244.0,185.2269,1,16.0,1,14,0,0
2025-05-05 14:00:00,97,"Myrtle Av (M,J,Z)",Brooklyn,40.69721,-73.93565,418.0,433.7493,1,29.0,1,14,0,0
2025-05-05 14:00:00,98,"Flushing Av (M,J)",Brooklyn,40.70026,-73.941124,465.0,343.1162,1,22.0,1,14,0,0
2025-05-05 14:00:00,99,"Lorimer St (M,J)",Brooklyn,40.70387,-73.94741,273.0,165.2011,1,22.0,1,14,0,0
2025-05-05 14:00:00,100,"Hewes St (M,J)",Brooklyn,40.70687,-73.95343,154.0,102.3743,1,23.0,1,14,0,0
2025-05-05 14:00:00,101,"Marcy Av (M,J,Z)",Brooklyn,40.70836,-73.957756,539.0,496.1721,1,30.0,1,14,0,0
2025-05-05 14:00:00,103,"Bowery (J,Z)",Manhattan,40.72028,-73.99391,235.0,167.7593,1,16.0,1,14,0,0
2025-05-05 14:00:00,107,"Broad St (J,Z)",Manhattan,40.706474,-74.011055,417.0,195.6719,1,7.0,1,14,0,0
2025-05-05 14:00:00,108,Middle Village-Metropolitan Av (M),Queens,40.711395,-73.8896,169.0,192.7571,1,8.0,1,14,0,0
2025-05-05 14:00:00,109,Fresh Pond Rd (M),Queens,40.706184,-73.895874,195.0,265.2213,1,15.0,1,14,0,0
2025-05-05 14:00:00,110,Forest Av (M),Queens,40.704422,-73.903076,174.0,207.4327,1,14.0,1,14,0,0
2025-05-05 14:00:00,111,Seneca Av (M),Queens,40.702763,-73.90774,97.0,120.2573,1,14.0,1,14,0,0
2025-05-05 14:00:00,113,Knickerbocker Av (M),Brooklyn,40.698666,-73.91971,204.0,168.3076,1,15.0,1,14,0,0
2025-05-05 14:00:00,114,Central Av (M),Brooklyn,40.697857,-73.9274,193.0,143.4369,1,14.0,1,14,0,0
2025-05-05 14:00:00,118,3 Av (L),Manhattan,40.73285,-73.98612,293.0,283.3068,1,24.0,1,14,0,0
2025-05-05 14:00:00,119,1 Av (L),Manhattan,40.730953,-73.98163,1503.0,1053.1805,1,24.0,1,14,0,0
2025-05-05 14:00:00,120,Bedford Av (L),Brooklyn,40.717304,-73.95687,1161.0,1518.7224,1,24.0,1,14,0,0
2025-05-05 14:00:00,122,Graham Av (L),Brooklyn,40.714565,-73.94405,388.0,355.1685,1,24.0,1,14,0,0
2025-05-05 14:00:00,123,Grand St (L),Brooklyn,40.711926,-73.94067,339.0,230.9973,1,24.0,1,14,0,0
2025-05-05 14:00:00,124,Montrose Av (L),Brooklyn,40.70774,-73.93985,293.0,219.3765,1,24.0,1,14,0,0
2025-05-05 14:00:00,125,Morgan Av (L),Brooklyn,40.706154,-73.93314,324.0,299.9044,1,24.0,1,14,0,0
2025-05-05 14:00:00,126,Jefferson St (L),Brooklyn,40.706608,-73.92291,331.0,358.0017,1,24.0,1,14,0,0
2025-05-05 14:00:00,127,DeKalb Av (L),Brooklyn,40.70381,-73.91843,452.0,541.4229,1,24.0,1,14,0,0
2025-05-05 14:00:00,129,Halsey St (L),Queens,40.695602,-73.90408,288.0,350.7772,1,24.0,1,14,0,0
2025-05-05 14:00:00,130,Wilson Av (L),Brooklyn,40.688763,-73.904045,193.0,183.2113,1,24.0,1,14,0,0
2025-05-05 14:00:00,131,Bushwick Av-Aberdeen St (L),Brooklyn,40.68283,-73.90525,78.0,107.0754,1,24.0,1,14,0,0
2025-05-05 14:00:00,133,Atlantic Av (L),Brooklyn,40.675346,-73.9031,67.0,120.4905,1,24.0,1,14,0,0
2025-05-05 14:00:00,134,Sutter Av (L),Brooklyn,40.66937,-73.90198,113.0,131.0448,1,25.0,1,14,0,0
2025-05-05 14:00:00,135,Livonia Av (L),Brooklyn,40.66404,-73.90057,119.0,140.4704,1,24.0,1,14,0,0
2025-05-05 14:00:00,136,New Lots Av (L),Brooklyn,40.658733,-73.89923,114.0,151.8753,1,24.0,1,14,0,0
2025-05-05 14:00:00,137,East 105 St (L),Brooklyn,40.650574,-73.89948,98.0,98.952,1,25.0,1,14,0,0
2025-05-05 14:00:00,138,Canarsie-Rockaway Pkwy (L),Brooklyn,40.646652,-73.90185,106.0,304.0175,1,12.0,1,14,0,0
2025-05-05 14:00:00,141,Park Pl (S),Brooklyn,40.67477,-73.95763,91.0,69.5059,1,12.0,1,14,0,0
2025-05-05 14:00:00,143,Inwood-207 St (A),Manhattan,40.868073,-73.9199,298.0,360.1801,1,8.0,1,14,0,0
2025-05-05 14:00:00,144,Dyckman St (A),Manhattan,40.86549,-73.92727,271.0,307.3587,1,16.0,1,14,0,0
2025-05-05 14:00:00,145,190 St (A),Manhattan,40.85902,-73.93418,159.0,190.6179,1,15.0,1,14,0,0
2025-05-05 14:00:00,146,181 St (A),Manhattan,40.851696,-73.937965,391.0,415.7695,1,15.0,1,14,0,0
2025-05-05 14:00:00,147,175 St (A),Manhattan,40.84739,-73.939705,319.0,407.0792,1,16.0,1,14,0,0
2025-05-05 14:00:00,149,163 St-Amsterdam Av (C),Manhattan,40.836014,-73.939896,190.0,163.8465,1,13.0,1,14,0,0
2025-05-05 14:00:00,150,155 St (C),Manhattan,40.830517,-73.94151,158.0,106.3167,1,14.0,1,14,0,0
2025-05-05 14:00:00,151,"145 St (A,C,B,D)",Manhattan,40.824783,-73.944214,971.0,878.7426,1,,0,14,0,0
2025-05-05 14:00:00,152,"135 St (C,B)",Manhattan,40.817894,-73.94765,373.0,190.6493,1,27.0,1,14,0,0
2025-05-05 14:00:00,153,"125 St (A,C,B,D)",Manhattan,40.811108,-73.95235,1175.0,1077.5688,1,59.0,1,14,0,0
2025-05-05 14:00:00,154,"116 St (C,B)",Manhattan,40.805084,-73.95488,304.0,273.6808,1,29.0,1,14,0,0
2025-05-05 14:00:00,155,"Cathedral Pkwy (110 St) (C,B)",Manhattan,40.800602,-73.95816,283.0,344.3492,1,30.0,1,14,0,0
2025-05-05 14:00:00,156,"103 St (C,B)",Manhattan,40.796093,-73.96146,190.0,215.8628,1,30.0,1,14,0,0
2025-05-05 14:00:00,157,"96 St (C,B)",Manhattan,40.79164,-73.9647,458.0,467.3925,1,29.0,1,14,0,0
2025-05-05 14:00:00,158,"86 St (C,B)",Manhattan,40.78587,-73.96892,580.0,524.2029,1,28.0,1,14,0,0
2025-05-05 14:00:00,159,"81 St-Museum of Natural History (C,B)",Manhattan,40.781433,-73.972145,1198.0,783.9552,1,29.0,1,14,0,0
2025-05-05 14:00:00,160,"72 St (C,B)",Manhattan,40.775593,-73.97641,420.0,626.1003,1,31.0,1,14,0,0
2025-05-05 14:00:00,162,"50 St (C,E)",Manhattan,40.762455,-73.985985,1128.0,871.1686,1,33.0,1,14,0,0
2025-05-05 14:00:00,164,"34 St-Penn Station (A,C,E)",Manhattan,40.75229,-73.99339,2836.0,2885.9621,1,48.0,1,14,0,0
2025-05-05 14:00:00,165,"23 St (C,E)",Manhattan,40.745907,-73.99804,904.0,840.6557,1,33.0,1,14,0,0
2025-05-05 14:00:00,167,"W 4 St-Wash Sq (A,C,E,B,D,F,M)",Manhattan,40.732338,-74.000496,1742.0,1975.5124,1,,0,14,0,0
2025-05-05 14:00:00,168,"Spring St (C,E)",Manhattan,40.726227,-74.00374,768.0,535.9358,1,33.0,1,14,0,0
2025-05-05 14:00:00,169,"Canal St (A,C,E)",Manhattan,40.720825,-74.005226,771.0,628.3511,1,50.0,1,14,0,0
2025-05-05 14:00:00,173,"High St (A,C)",Brooklyn,40.699337,-73.99053,515.0,519.452,1,30.0,1,14,0,0
2025-05-05 14:00:00,175,"Hoyt-Schermerhorn Sts (A,C,G)",Brooklyn,40.688484,-73.985,527.0,489.0968,1,47.0,1,14,0,0
2025-05-05 14:00:00,176,Lafayette Av (C),Brooklyn,40.68611,-73.973946,278.0,254.5881,1,15.0,1,14,0,0
2025-05-05 14:00:00,177,Clinton-Washington Avs (C),Brooklyn,40.68326,-73.965836,301.0,265.5796,1,15.0,1,14,0,0
2025-05-05 14:00:00,179,"Nostrand Av (A,C)",Brooklyn,40.68044,-73.950424,649.0,601.6004,1,31.0,1,14,0,0
2025-05-05 14:00:00,180,Kingston-Throop Avs (C),Brooklyn,40.67992,-73.94086,243.0,233.5408,1,16.0,1,14,0,0
2025-05-05 14:00:00,181,"Utica Av (A,C)",Brooklyn,40.679363,-73.93073,475.0,550.6046,1,32.0,1,14,0,0
2025-05-05 14:00:00,182,Ralph Av (C),Brooklyn,40.67882,-73.920784,183.0,202.2827,1,14.0,1,14,0,0
2025-05-05 14:00:00,183,Rockaway Av (C),Brooklyn,40.67834,-73.91195,262.0,203.6013,1,14.0,1,14,0,0
2025-05-05 14:00:00,185,Liberty Av (C),Brooklyn,40.67454,-73.896545,95.0,110.921,1,15.0,1,14,0,0
2025-05-05 14:00:00,186,Van Siclen Av (C),Brooklyn,40.67271,-73.89036,107.0,144.1539,1,14.0,1,14,0,0
2025-05-05 14:00:00,187,Shepherd Av (C),Brooklyn,40.67413,-73.88075,99.0,119.6468,1,14.0,1,14,0,0
2025-05-05 14:00:00,188,"Euclid Av (A,C)",Brooklyn,40.675377,-73.87211,357.0,459.1433,1,24.0,1,14,0,0
2025-05-05 14:00:00,189,Grant Av (A),Brooklyn,40.677044,-73.86505,166.0,248.4056,1,16.0,1,14,0,0
2025-05-05 14:00:00,190,80 St (A),Queens,40.67937,-73.85899,110.0,217.0364,1,16.0,1,14,0,0
2025-05-05 14:00:00,191,88 St (A),Queens,40.679844,-73.85147,97.0,144.2117,1,16.0,1,14,0,0
2025-05-05 14:00:00,192,Rockaway Blvd (A),Queens,40.680428,-73.84386,256.0,332.1735,1,16.0,1,14,0,0
2025-05-05 14:00:00,193,104 St (A),Queens,40.68171,-73.837685,85.0,74.729,1,7.0,1,14,0,0
2025-05-05 14:00:00,194,111 St (A),Queens,40.68433,-73.83216,50.0,87.426,1,8.0,1,14,0,0
2025-05-05 14:00:00,195,Ozone Park-Lefferts Blvd (A),Queens,40.68595,-73.8258,128.0,246.5669,1,4.0,1,14,0,0
2025-05-05 14:00:00,196,Aqueduct Racetrack (A),Queens,40.672096,-73.83592,26.0,41.8162,1,4.0,1,14,0,0
2025-05-05 14:00:00,197,Aqueduct-N Conduit Av (A),Queens,40.668236,-73.83406,23.0,35.6331,1,8.0,1,14,0,0
2025-05-05 14:00:00,198,Howard Beach-JFK Airport (A),Queens,40.660477,-73.8303,393.0,319.0096,1,4.0,1,14,0,0
2025-05-05 14:00:00,210,Norwood-205 St (D),Bronx,40.87481,-73.87885,216.0,261.3544,1,8.0,1,14,0,0
2025-05-05 14:00:00,211,"Bedford Park Blvd (B,D)",Bronx,40.873245,-73.88714,249.0,251.0222,1,20.0,1,14,0,0
2025-05-05 14:00:00,212,"Kingsbridge Rd (B,D)",Bronx,40.866978,-73.89351,238.0,273.0731,1,23.0,1,14,0,0
2025-05-05 14:00:00,213,"Fordham Rd (B,D)",Bronx,40.861298,-73.89775,317.0,361.0567,1,22.0,1,14,0,0
2025-05-05 14:00:00,214,"182-183 Sts (B,D)",Bronx,40.856094,-73.90074,213.0,206.4521,1,22.0,1,14,0,0
2025-05-05 14:00:00,215,"Tremont Av (B,D)",Bronx,40.85041,-73.90523,233.0,324.5278,1,22.0,1,14,0,0
2025-05-05 14:00:00,216,"174-175 Sts (B,D)",Bronx,40.8459,-73.91013,211.0,177.3455,1,24.0,1,14,0,0
2025-05-05 14:00:00,217,"170 St (B,D)",Bronx,40.839306,-73.9134,214.0,242.175,1,23.0,1,14,0,0
2025-05-05 14:00:00,218,"167 St (B,D)",Bronx,40.83377,-73.91844,308.0,347.8101,1,23.0,1,14,0,0
2025-05-05 14:00:00,220,"155 St (B,D)",Manhattan,40.830135,-73.93821,102.0,134.2502,1,24.0,1,14,0,0
2025-05-05 14:00:00,221,21 St-Queensbridge (M),Queens,40.754204,-73.94283,419.0,469.7774,1,18.0,1,14,0,0
2025-05-05 14:00:00,222,Roosevelt Island (M),Manhattan,40.759144,-73.95326,364.0,454.8511,1,17.0,1,14,0,0
2025-05-05 14:00:00,223,"Lexington Av/63 St (M,Q)",Manhattan,40.76463,-73.96611,781.0,819.1203,1,33.0,1,14,0,0
2025-05-05 14:00:00,224,57 St (M),Manhattan,40.763973,-73.97745,750.0,753.4377,1,18.0,1,14,0,0
2025-05-05 14:00:00,225,"47-50 Sts-Rockefeller Ctr (B,D,F,M)",Manhattan,40.758663,-73.98133,2566.0,1770.883,1,63.0,1,14,0,0
2025-05-05 14:00:00,228,"23 St (F,M)",Manhattan,40.742878,-73.99282,1151.0,892.5969,1,31.0,1,14,0,0
2025-05-05 14:00:00,231,"Grand St (B,D)",Manhattan,40.718266,-73.99375,1475.0,993.1237,1,30.0,1,14,0,0
2025-05-05 14:00:00,232,2 Av (F),Manhattan,40.7234,-73.98994,797.0,686.1927,1,18.0,1,14,0,0
2025-05-05 14:00:00,234,East Broadway (F),Manhattan,40.713715,-73.99017,762.0,635.0716,1,18.0,1,14,0,0
2025-05-05 14:00:00,235,York St (F),Brooklyn,40.701397,-73.98675,636.0,668.0099,1,18.0,1,14,0,0
2025-05-05 14:00:00,236,"Bergen St (F,G)",Brooklyn,40.686146,-73.99086,613.0,428.4536,1,33.0,1,14,0,0
2025-05-05 14:00:00,237,"Carroll St (F,G)",Brooklyn,40.6803,-73.99505,517.0,461.5546,1,32.0,1,14,0,0
2025-05-05 14:00:00,238,"Smith-9 Sts (F,G)",Brooklyn,40.67358,-73.99596,160.0,158.1267,1,34.0,1,14,0,0
2025-05-05 14:00:00,240,"7 Av (F,G)",Brooklyn,40.66627,-73.98031,919.0,520.8373,1,34.0,1,14,0,0
2025-05-05 14:00:00,241,"15 St-Prospect Park (F,G)",Brooklyn,40.660366,-73.97949,277.0,267.0685,1,33.0,1,14,0,0
2025-05-05 14:00:00,242,"Fort Hamilton Pkwy (F,G)",Brooklyn,40.650784,-73.97578,201.0,272.6563,1,34.0,1,14,0,0
2025-05-05 14:00:00,243,"Church Av (F,G)",Brooklyn,40.64404,-73.979675,301.0,428.4546,1,26.0,1,14,0,0
2025-05-05 14:00:00,244,Ditmas Av (F),Brooklyn,40.63612,-73.97817,121.0,181.0943,1,17.0,1,14,0,0
2025-05-05 14:00:00,245,18 Av (F),Brooklyn,40.629753,-73.976974,135.0,145.3242,1,19.0,1,14,0,0
2025-05-05 14:00:00,246,Avenue I (F),Brooklyn,40.62532,-73.97613,100.0,73.4559,1,19.0,1,14,0,0
2025-05-05 14:00:00,247,Bay Pkwy (F),Brooklyn,40.62077,-73.975266,39.0,43.2692,1,19.0,1,14,0,0
2025-05-05 14:00:00,248,Avenue N (F),Brooklyn,40.61514,-73.9742,90.0,107.3231,1,18.0,1,14,0,0
2025-05-05 14:00:00,249,Avenue P (F),Brooklyn,40.608944,-73.97302,76.0,103.9295,1,18.0,1,14,0,0
2025-05-05 14:00:00,250,Kings Hwy (F),Brooklyn,40.603218,-73.97236,160.0,142.2365,1,17.0,1,14,0,0
2025-05-05 14:00:00,251,Avenue U (F),Brooklyn,40.59606,-73.97336,72.0,80.2631,1,16.0,1,14,0,0
2025-05-05 14:00:00,252,Avenue X (F),Brooklyn,40.58962,-73.97425,117.0,101.3335,1,16.0,1,14,0,0
2025-05-05 14:00:00,253,Neptune Av (F),Brooklyn,40.581013,-73.97457,102.0,60.1471,1,16.0,1,14,0,0
2025-05-05 14:00:00,254,Jamaica-179 St (F),Queens,40.712646,-73.78381,547.0,761.7624,1,8.0,1,14,0,0
2025-05-05 14:00:00,255,169 St (F),Queens,40.71047,-73.7936,408.0,337.5295,1,18.0,1,14,0,0
2025-05-05 14:00:00,256,Parsons Blvd (F),Queens,40.707565,-73.80333,463.0,270.2094,1,17.0,1,14,0,0
2025-05-05 14:00:00,257,Sutphin Blvd (F),Queens,40.70546,-73.81071,218.0,202.1705,1,17.0,1,14,0,0
2025-05-05 14:00:00,258,"Briarwood (E,F)",Queens,40.70918,-73.82057,318.0,207.8247,1,17.0,1,14,0,0
2025-05-05 14:00:00,259,"Kew Gardens-Union Tpke (E,F)",Queens,40.71444,-73.83101,737.0,913.3621,1,36.0,1,14,0,0
2025-05-05 14:00:00,260,"75 Av (E,F)",Queens,40.71833,-73.837326,108.0,160.39,1,17.0,1,14,0,0
2025-05-05 14:00:00,261,"Forest Hills-71 Av (E,F,M,R)",Queens,40.72169,-73.84452,911.0,1147.3759,1,49.0,1,14,0,0
2025-05-05 14:00:00,262,"67 Av (M,R)",Queens,40.726524,-73.85272,315.0,296.6228,1,31.0,1,14,0,0
2025-05-05 14:00:00,263,"63 Dr-Rego Park (M,R)",Queens,40.729847,-73.8616,553.0,591.3447,1,31.0,1,14,0,0
2025-05-05 14:00:00,264,"Woodhaven Blvd (M,R)",Queens,40.733105,-73.86923,734.0,1028.5709,1,31.0,1,14,0,0
2025-05-05 14:00:00,265,"Grand Av-Newtown (M,R)",Queens,40.737015,-73.87722,675.0,909.1634,1,31.0,1,14,0,0
2025-05-05 14:00:00,266,"Elmhurst Av (M,R)",Queens,40.742455,-73.88202,499.0,598.3264,1,32.0,1,14,0,0
2025-05-05 14:00:00,268,"65 St (M,R)",Queens,40.74967,-73.89845,136.0,156.9483,1,31.0,1,14,0,0
2025-05-05 14:00:00,269,"Northern Blvd (M,R)",Queens,40.752884,-73.906006,270.0,335.6055,1,31.0,1,14,0,0
2025-05-05 14:00:00,270,"46 St (M,R)",Queens,40.756313,-73.91333,371.0,300.0392,1,30.0,1,14,0,0
2025-05-05 14:00:00,271,"Steinway St (M,R)",Queens,40.756878,-73.92074,402.0,513.2474,1,31.0,1,14,0,0
2025-05-05 14:00:00,272,"36 St (M,R)",Queens,40.75204,-73.92878,204.0,129.6983,1,30.0,1,14,0,0
2025-05-05 14:00:00,273,"Queens Plaza (E,F,R)",Queens,40.748974,-73.93724,1071.0,527.3593,1,49.0,1,14,0,0
2025-05-05 14:00:00,276,"5 Av/53 St (E,F)",Manhattan,40.760166,-73.97523,961.0,440.602,1,33.0,1,14,0,0
2025-05-05 14:00:00,277,"7 Av (E,B,D)",Manhattan,40.762863,-73.981636,1028.0,785.8018,1,48.0,1,14,0,0
2025-05-05 14:00:00,278,"Jamaica Center-Parsons/Archer (E,J,Z)",Queens,40.70215,-73.80111,1212.0,1155.8821,1,17.0,1,14,0,0
2025-05-05 14:00:00,279,"Sutphin Blvd-Archer Av-JFK Airport (E,J,Z)",Queens,40.700485,-73.80797,1156.0,1339.6619,1,33.0,1,14,0,0
2025-05-05 14:00:00,280,Jamaica-Van Wyck (E),Queens,40.702564,-73.81686,177.0,218.3012,1,19.0,1,14,0,0
2025-05-05 14:00:00,282,21 St (G),Queens,40.744064,-73.94972,54.0,66.4378,1,16.0,1,14,0,0
2025-05-05 14:00:00,283,Greenpoint Av (G),Brooklyn,40.731354,-73.95445,370.0,402.7354,1,15.0,1,14,0,0
2025-05-05 14:00:00,284,Nassau Av (G),Brooklyn,40.724636,-73.95128,428.0,424.0109,1,14.0,1,14,0,0
2025-05-05 14:00:00,286,Broadway (G),Brooklyn,40.706093,-73.95031,312.0,178.4683,1,16.0,1,14,0,0
2025-05-05 14:00:00,287,Flushing Av (G),Brooklyn,40.70038,-73.95023,175.0,106.2711,1,16.0,1,14,0,0
2025-05-05 14:00:00,288,Myrtle-Willoughby Avs (G),Brooklyn,40.69457,-73.94904,190.0,201.6365,1,15.0,1,14,0,0
2025-05-05 14:00:00,289,Bedford-Nostrand Avs (G),Brooklyn,40.68963,-73.95352,325.0,302.3117,1,14.0,1,14,0,0
2025-05-05 14:00:00,290,Classon Av (G),Brooklyn,40.688873,-73.96007,225.0,184.042,1,14.0,1,14,0,0
2025-05-05 14:00:00,291,Clinton-Washington Avs (G),Brooklyn,40.688087,-73.96684,260.0,208.4121,1,15.0,1,14,0,0
2025-05-05 14:00:00,292,Fulton St (G),Brooklyn,40.68712,-73.97537,517.0,217.2124,1,16.0,1,14,0,0
2025-05-05 14:00:00,293,Van Cortlandt Park-242 St (1),Bronx,40.889248,-73.89858,193.0,251.0218,1,11.0,1,14,0,0
2025-05-05 14:00:00,294,238 St (1),Bronx,40.884666,-73.90087,130.0,202.1649,1,21.0,1,14,0,0
2025-05-05 14:00:00,295,231 St (1),Bronx,40.878857,-73.90483,311.0,399.0338,1,20.0,1,14,0,0
2025-05-05 14:00:00,296,Marble Hill-225 St (1),Manhattan,40.87456,-73.90983,168.0,231.163,1,20.0,1,14,0,0
2025-05-05 14:00:00,297,215 St (1),Manhattan,40.869446,-73.915276,91.0,115.1062,1,21.0,1,14,0,0
2025-05-05 14:00:00,298,207 St (1),Manhattan,40.86462,-73.91882,269.0,260.262,1,20.0,1,14,0,0
2025-05-05 14:00:00,299,Dyckman St (1),Manhattan,40.86053,-73.92554,321.0,323.3501,1,20.0,1,14,0,0
2025-05-05 14:00:00,300,191 St (1),Manhattan,40.855225,-73.92941,438.0,324.0772,1,20.0,1,14,0,0
2025-05-05 14:00:00,301,181 St (1),Manhattan,40.849506,-73.93359,520.0,485.8187,1,20.0,1,14,0,0
2025-05-05 14:00:00,303,157 St (1),Manhattan,40.83404,-73.94489,459.0,454.1672,1,20.0,1,14,0,0
2025-05-05 14:00:00,304,145 St (1),Manhattan,40.82655,-73.95036,403.0,408.3163,1,20.0,1,14,0,0
2025-05-05 14:00:00,305,137 St-City College (1),Manhattan,40.822006,-73.953674,539.0,483.1549,1,20.0,1,14,0,0
2025-05-05 14:00:00,306,125 St (1),Manhattan,40.815582,-73.958374,424.0,378.3183,1,20.0,1,14,0,0
2025-05-05 14:00:00,307,116 St-Columbia University (1),Manhattan,40.80772,-73.96411,774.0,556.2995,1,20.0,1,14,0,0
2025-05-05 14:00:00,308,Cathedral Pkwy (110 St) (1),Manhattan,40.803967,-73.96685,587.0,543.6144,1,20.0,1,14,0,0
2025-05-05 14:00:00,309,103 St (1),Manhattan,40.799446,-73.968376,520.0,510.3608,1,20.0,1,14,0,0
2025-05-05 14:00:00,310,"96 St (1,2,3)",Manhattan,40.79392,-73.97232,1516.0,1504.4963,1,50.0,1,14,0,0
2025-05-05 14:00:00,311,86 St (1),Manhattan,40.788643,-73.97622,750.0,759.9599,1,20.0,1,14,0,0
2025-05-05 14:00:00,312,79 St (1),Manhattan,40.783936,-73.97992,704.0,624.6332,1,20.0,1,14,0,0
2025-05-05 14:00:00,313,"72 St (1,2,3)",Manhattan,40.778454,-73.98197,1765.0,1729.6536,1,50.0,1,14,0,0
2025-05-05 14:00:00,314,66 St-Lincoln Center (1),Manhattan,40.77344,-73.98221,1428.0,761.3681,1,20.0,1,14,0,0
2025-05-05 14:00:00,316,50 St (1),Manhattan,40.761726,-73.98385,1051.0,910.6642,1,20.0,1,14,0,0
2025-05-05 14:00:00,318,"34 St-Penn Station (1,2,3)",Manhattan,40.750374,-73.99106,2310.0,2819.3451,1,50.0,1,14,0,0
2025-05-05 14:00:00,319,28 St (1),Manhattan,40.747215,-73.99336,691.0,548.1495,1,20.0,1,14,0,0
2025-05-05 14:00:00,320,23 St (1),Manhattan,40.74408,-73.99566,550.0,590.3409,1,20.0,1,14,0,0
2025-05-05 14:00:00,321,18 St (1),Manhattan,40.74104,-73.99787,453.0,298.4487,1,20.0,1,14,0,0
2025-05-05 14:00:00,323,Christopher St-Stonewall (1),Manhattan,40.73342,-74.00291,478.0,585.51,1,20.0,1,14,0,0
2025-05-05 14:00:00,324,Houston St (1),Manhattan,40.728252,-74.00536,872.0,466.9304,1,20.0,1,14,0,0
2025-05-05 14:00:00,325,Canal St (1),Manhattan,40.722855,-74.00628,227.0,201.8253,1,20.0,1,14,0,0
2025-05-05 14:00:00,326,Franklin St (1),Manhattan,40.71932,-74.00689,281.0,218.0482,1,20.0,1,14,0,0
2025-05-05 14:00:00,327,"Chambers St (1,2,3)",Manhattan,40.715477,-74.00927,942.0,579.4139,1,50.0,1,14,0,0
2025-05-05 14:00:00,328,WTC Cortlandt (1),Manhattan,40.711834,-74.01219,839.0,631.6888,1,20.0,1,14,0,0
2025-05-05 14:00:00,329,Rector St (1),Manhattan,40.70751,-74.01379,403.0,270.8623,1,20.0,1,14,0,0
2025-05-05 14:00:00,333,"Wall St (2,3)",Manhattan,40.70682,-74.0091,762.0,581.7753,1,30.0,1,14,0,0
2025-05-05 14:00:00,334,"Clark St (2,3)",Brooklyn,40.697468,-73.99309,237.0,299.1352,1,30.0,1,14,0,0
2025-05-05 14:00:00,336,"Hoyt St (2,3)",Brooklyn,40.690544,-73.98506,264.0,300.4705,1,30.0,1,14,0,0
2025-05-05 14:00:00,337,"Nevins St (2,3,4,5)",Brooklyn,40.688248,-73.98049,465.0,382.8607,1,60.0,1,14,0,0
2025-05-05 14:00:00,339,"Bergen St (2,3)",Brooklyn,40.68083,-73.9751,181.0,180.6284,1,30.0,1,14,0,0
2025-05-05 14:00:00,340,"Grand Army Plaza (2,3)",Brooklyn,40.675236,-73.97105,259.0,330.7268,1,28.0,1,14,0,0
2025-05-05 14:00:00,341,"Eastern Pkwy-Brooklyn Museum (2,3)",Brooklyn,40.671986,-73.96438,153.0,213.7824,1,30.0,1,14,0,0
2025-05-05 14:00:00,343,Nostrand Av (3),Brooklyn,40.669846,-73.95046,143.0,126.9714,1,15.0,1,14,0,0
2025-05-05 14:00:00,344,Kingston Av (3),Brooklyn,40.6694,-73.94216,202.0,150.8865,1,15.0,1,14,0,0
2025-05-05 14:00:00,345,"Crown Hts-Utica Av (3,4)",Brooklyn,40.668896,-73.932945,764.0,947.3722,1,24.0,1,14,0,0
2025-05-05 14:00:00,346,Sutter Av-Rutland Rd (3),Brooklyn,40.66472,-73.92261,241.0,280.8323,1,16.0,1,14,0,0
2025-05-05 14:00:00,347,Saratoga Av (3),Brooklyn,40.661453,-73.91633,162.0,215.8517,1,14.0,1,14,0,0
2025-05-05 14:00:00,348,Rockaway Av (3),Brooklyn,40.662548,-73.90894,181.0,200.0167,1,15.0,1,14,0,0
2025-05-05 14:00:00,349,Junius St (3),Brooklyn,40.663513,-73.90245,113.0,135.371,1,15.0,1,14,0,0
2025-05-05 14:00:00,350,Pennsylvania Av (3),Brooklyn,40.664635,-73.8949,179.0,164.5565,1,16.0,1,14,0,0
2025-05-05 14:00:00,351,Van Siclen Av (3),Brooklyn,40.665447,-73.8894,80.0,93.6755,1,16.0,1,14,0,0
2025-05-05 14:00:00,352,New Lots Av (3),Brooklyn,40.666237,-73.88408,163.0,241.6798,1,7.0,1,14,0,0
2025-05-05 14:00:00,353,"President St-Medgar Evers College (2,5)",Brooklyn,40.667885,-73.95068,166.0,117.2194,1,30.0,1,14,0,0
2025-05-05 14:00:00,354,"Sterling St (2,5)",Brooklyn,40.662743,-73.95085,252.0,190.4552,1,30.0,1,14,0,0
2025-05-05 14:00:00,355,"Winthrop St (2,5)",Brooklyn,40.65665,-73.9502,361.0,257.8427,1,30.0,1,14,0,0
2025-05-05 14:00:00,356,"Church Av (2,5)",Brooklyn,40.650845,-73.94958,305.0,349.6177,1,30.0,1,14,0,0
2025-05-05 14:00:00,357,"Beverly Rd (2,5)",Brooklyn,40.6451,-73.94896,161.0,189.3948,1,30.0,1,14,0,0
2025-05-05 14:00:00,358,"Newkirk Av-Little Haiti (2,5)",Brooklyn,40.63997,-73.94841,234.0,300.3206,1,29.0,1,14,0,0
2025-05-05 14:00:00,359,"Flatbush Av-Brooklyn College (2,5)",Brooklyn,40.632835,-73.94764,863.0,722.0487,1,14.0,1,14,0,0
2025-05-05 14:00:00,360,Pelham Bay Park (6),Bronx,40.852463,-73.82812,185.0,256.3521,1,7.0,1,14,0,0
2025-05-05 14:00:00,361,Buhre Av (6),Bronx,40.84681,-73.832565,95.0,167.8726,1,15.0,1,14,0,0
2025-05-05 14:00:00,362,Middletown Rd (6),Bronx,40.843864,-73.83632,68.0,77.5747,1,15.0,1,14,0,0
2025-05-05 14:00:00,363,Westchester Sq-E Tremont Av (6),Bronx,40.839893,-73.84295,265.0,170.1829,1,15.0,1,14,0,0
2025-05-05 14:00:00,364,Zerega Av (6),Bronx,40.836487,-73.84704,81.0,111.5151,1,15.0,1,14,0,0
2025-05-05 14:00:00,365,Castle Hill Av (6),Bronx,40.834255,-73.85122,227.0,263.1857,1,15.0,1,14,0,0
2025-05-05 14:00:00,366,Parkchester (6),Bronx,40.833225,-73.86082,422.0,561.6659,1,22.0,1,14,0,0
2025-05-05 14:00:00,367,St Lawrence Av (6),Bronx,40.83151,-73.867615,139.0,173.1185,1,21.0,1,14,0,0
2025-05-05 14:00:00,368,Morrison Av-Soundview (6),Bronx,40.82952,-73.87452,207.0,264.9675,1,22.0,1,14,0,0
2025-05-05 14:00:00,369,Elder Av (6),Bronx,40.828583,-73.87916,215.0,260.6424,1,23.0,1,14,0,0
2025-05-05 14:00:00,370,Whitlock Av (6),Bronx,40.826527,-73.886284,58.0,81.173,1,22.0,1,14,0,0
2025-05-05 14:00:00,371,Hunts Point Av (6),Bronx,40.82095,-73.89055,388.0,371.3178,1,28.0,1,14,0,0
2025-05-05 14:00:00,372,Longwood Av (6),Bronx,40.816105,-73.89644,155.0,121.2528,1,23.0,1,14,0,0
2025-05-05 14:00:00,373,E 149 St (6),Bronx,40.81212,-73.9041,216.0,197.7214,1,22.0,1,14,0,0
2025-05-05 14:00:00,374,E 143 St-St Mary's St (6),Bronx,40.80872,-73.90765,99.0,56.4534,1,22.0,1,14,0,0
2025-05-05 14:00:00,375,Cypress Av (6),Bronx,40.805367,-73.91404,100.0,108.2752,1,22.0,1,14,0,0
2025-05-05 14:00:00,376,Brook Av (6),Bronx,40.807568,-73.91924,217.0,229.4398,1,21.0,1,14,0,0
2025-05-05 14:00:00,377,3 Av-138 St (6),Bronx,40.810474,-73.92614,305.0,308.0389,1,30.0,1,14,0,0
2025-05-05 14:00:00,378,Woodlawn (4),Bronx,40.886036,-73.87875,174.0,297.8654,1,7.0,1,14,0,0
2025-05-05 14:00:00,379,Mosholu Pkwy (4),Bronx,40.87975,-73.88466,239.0,283.7893,1,14.0,1,14,0,0
2025-05-05 14:00:00,380,Bedford Park Blvd-Lehman College (4),Bronx,40.873413,-73.89006,334.0,229.0922,1,16.0,1,14,0,0
2025-05-05 14:00:00,381,Kingsbridge Rd (4),Bronx,40.86776,-73.89717,406.0,371.0927,1,17.0,1,14,0,0
2025-05-05 14:00:00,382,Fordham Rd (4),Bronx,40.862804,-73.90103,397.0,405.4839,1,16.0,1,14,0,0
2025-05-05 14:00:00,383,183 St (4),Bronx,40.858406,-73.90388,224.0,254.281,1,15.0,1,14,0,0
2025-05-05 14:00:00,384,Burnside Av (4),Bronx,40.853455,-73.907684,364.0,375.1338,1,16.0,1,14,0,0
2025-05-05 14:00:00,385,176 St (4),Bronx,40.84848,-73.9118,198.0,227.3899,1,18.0,1,14,0,0
2025-05-05 14:00:00,386,Mt Eden Av (4),Bronx,40.844433,-73.91469,170.0,200.5415,1,17.0,1,14,0,0
2025-05-05 14:00:00,387,170 St (4),Bronx,40.840076,-73.91779,297.0,333.8822,1,16.0,1,14,0,0
2025-05-05 14:00:00,388,167 St (4),Bronx,40.835537,-73.9214,338.0,418.955,1,16.0,1,14,0,0
2025-05-05 14:00:00,391,"138 St-Grand Concourse (4,5)",Bronx,40.813225,-73.92985,172.0,162.8618,1,32.0,1,14,0,0
2025-05-05 14:00:00,392,"125 St (4,5,6)",Manhattan,40.80414,-73.93759,1154.0,962.9574,1,62.0,1,14,0,0
2025-05-05 14:00:00,393,116 St (6),Manhattan,40.79863,-73.94162,672.0,571.8801,1,30.0,1,14,0,0
2025-05-05 14:00:00,394,110 St (6),Manhattan,40.79502,-73.94425,490.0,444.0026,1,29.0,1,14,0,0
2025-05-05 14:00:00,395,103 St (6),Manhattan,40.7906,-73.94748,635.0,501.2831,1,30.0,1,14,0,0
2025-05-05 14:00:00,396,96 St (6),Manhattan,40.78567,-73.95107,1026.0,613.5112,1,30.0,1,14,0,0
2025-05-05 14:00:00,397,"86 St (4,5,6)",Manhattan,40.77949,-73.95559,2091.0,2050.8272,1,62.0,1,14,0,0
2025-05-05 14:00:00,398,77 St (6),Manhattan,40.77362,-73.95988,1622.0,1197.2694,1,30.0,1,14,0,0
2025-05-05 14:00:00,399,68 St-Hunter College (6),Manhattan,40.768143,-73.96387,1887.0,915.5523,1,29.0,1,14,0,0
2025-05-05 14:00:00,403,33 St (6),Manhattan,40.746082,-73.98208,1228.0,947.6807,1,29.0,1,14,0,0
2025-05-05 14:00:00,404,28 St (6),Manhattan,40.74307,-73.98426,895.0,695.3463,1,30.0,1,14,0,0
2025-05-05 14:00:00,405,23 St-Baruch College (6),Manhattan,40.739864,-73.9866,1780.0,1116.6294,1,30.0,1,14,0,0
2025-05-05 14:00:00,407,Astor Pl (6),Manhattan,40.730053,-73.99107,683.0,614.6724,1,30.0,1,14,0,0
2025-05-05 14:00:00,409,Spring St (6),Manhattan,40.7223,-73.99714,578.0,589.9171,1,29.0,1,14,0,0
2025-05-05 14:00:00,413,"Wall St (4,5)",Manhattan,40.707558,-74.01186,711.0,558.2006,1,31.0,1,14,0,0
2025-05-05 14:00:00,414,"Bowling Green (4,5)",Manhattan,40.70482,-74.01407,1377.0,768.6028,1,31.0,1,14,0,0
2025-05-05 14:00:00,416,Wakefield-241 St (2),Bronx,40.903126,-73.85062,109.0,151.1933,1,7.0,1,14,0,0
2025-05-05 14:00:00,417,"Nereid Av (2,5)",Bronx,40.89838,-73.85438,94.0,130.8473,1,14.0,1,14,0,0
2025-05-05 14:00:00,418,"233 St (2,5)",Bronx,40.893192,-73.857475,129.0,171.8953,1,13.0,1,14,0,0
2025-05-05 14:00:00,419,"225 St (2,5)",Bronx,40.888023,-73.860344,103.0,113.2895,1,15.0,1,14,0,0
2025-05-05 14:00:00,420,"219 St (2,5)",Bronx,40.883896,-73.86263,119.0,108.5005,1,15.0,1,14,0,0
2025-05-05 14:00:00,421,"Gun Hill Rd (2,5)",Bronx,40.87785,-73.86626,296.0,229.1161,1,15.0,1,14,0,0
2025-05-05 14:00:00,422,"Burke Av (2,5)",Bronx,40.871357,-73.867165,81.0,101.6821,1,14.0,1,14,0,0
2025-05-05 14:00:00,423,"Allerton Av (2,5)",Bronx,40.865463,-73.867355,135.0,188.8291,1,13.0,1,14,0,0
2025-05-05 14:00:00,424,"Pelham Pkwy (2,5)",Bronx,40.857193,-73.867615,256.0,318.3642,1,15.0,1,14,0,0
2025-05-05 14:00:00,425,"Bronx Park East (2,5)",Bronx,40.848827,-73.868454,102.0,114.5817,1,15.0,1,14,0,0
2025-05-05 14:00:00,426,"E 180 St (2,5)",Bronx,40.841892,-73.87349,302.0,350.4374,1,31.0,1,14,0,0
2025-05-05 14:00:00,427,"West Farms Sq-E Tremont Av (2,5)",Bronx,40.840294,-73.88005,247.0,226.9955,1,31.0,1,14,0,0
2025-05-05 14:00:00,428,"174 St (2,5)",Bronx,40.837288,-73.88773,345.0,265.9172,1,32.0,1,14,0,0
2025-05-05 14:00:00,429,"Freeman St (2,5)",Bronx,40.829994,-73.89187,206.0,204.1334,1,31.0,1,14,0,0
2025-05-05 14:00:00,430,"Simpson St (2,5)",Bronx,40.824074,-73.89307,376.0,342.8514,1,29.0,1,14,0,0
2025-05-05 14:00:00,431,"Intervale Av (2,5)",Bronx,40.82218,-73.896736,151.0,132.567,1,30.0,1,14,0,0
2025-05-05 14:00:00,432,"Prospect Av (2,5)",Bronx,40.819584,-73.90177,304.0,260.2575,1,31.0,1,14,0,0
2025-05-05 14:00:00,433,"Jackson Av (2,5)",Bronx,40.81649,-73.90781,293.0,220.5446,1,31.0,1,14,0,0
2025-05-05 14:00:00,434,"3 Av-149 St (2,5)",Bronx,40.81611,-73.917755,817.0,803.1778,1,30.0,1,14,0,0
2025-05-05 14:00:00,436,Harlem-148 St (3),Manhattan,40.82388,-73.93647,148.0,115.3817,1,7.0,1,14,0,0
2025-05-05 14:00:00,437,145 St (3),Manhattan,40.82042,-73.93625,94.0,117.847,1,15.0,1,14,0,0
2025-05-05 14:00:00,438,"135 St (2,3)",Manhattan,40.814228,-73.94077,554.0,451.7821,1,30.0,1,14,0,0
2025-05-05 14:00:00,439,"125 St (2,3)",Manhattan,40.807755,-73.945496,749.0,593.3905,1,29.0,1,14,0,0
2025-05-05 14:00:00,440,"116 St (2,3)",Manhattan,40.802097,-73.94962,401.0,393.2756,1,30.0,1,14,0,0
2025-05-05 14:00:00,441,"110 St-Malcolm X Plaza (2,3)",Manhattan,40.799076,-73.95182,296.0,363.6897,1,30.0,1,14,0,0
2025-05-05 14:00:00,442,Eastchester-Dyre Av (5),Bronx,40.8883,-73.83083,89.0,143.7253,1,8.0,1,14,0,0
2025-05-05 14:00:00,443,Baychester Av (5),Bronx,40.878662,-73.83859,116.0,99.3694,1,16.0,1,14,0,0
2025-05-05 14:00:00,444,Gun Hill Rd (5),Bronx,40.869526,-73.84638,109.0,179.5918,1,17.0,1,14,0,0
2025-05-05 14:00:00,445,Pelham Pkwy (5),Bronx,40.858986,-73.85536,95.0,108.9871,1,16.0,1,14,0,0
2025-05-05 14:00:00,446,Morris Park (5),Bronx,40.854362,-73.8605,97.0,127.6426,1,15.0,1,14,0,0
2025-05-05 14:00:00,447,Flushing-Main St (7),Queens,40.7596,-73.83003,2258.0,2533.4967,1,12.0,1,14,0,0
2025-05-05 14:00:00,448,Mets-Willets Point (7),Queens,40.754623,-73.84563,156.0,861.5944,1,24.0,1,14,0,0
2025-05-05 14:00:00,449,111 St (7),Queens,40.75173,-73.85533,380.0,718.5885,1,24.0,1,14,0,0
2025-05-05 14:00:00,450,103 St-Corona Plaza (7),Queens,40.749866,-73.8627,819.0,1090.3265,1,24.0,1,14,0,0
2025-05-05 14:00:00,451,Junction Blvd (7),Queens,40.749146,-73.86953,1058.0,1260.6523,1,24.0,1,14,0,0
2025-05-05 14:00:00,452,90 St-Elmhurst Av (7),Queens,40.74841,-73.87661,715.0,992.0899,1,24.0,1,14,0,0
2025-05-05 14:00:00,453,82 St-Jackson Hts (7),Queens,40.747658,-73.8837,770.0,838.9041,1,24.0,1,14,0,0
2025-05-05 14:00:00,455,69 St (7),Queens,40.746326,-73.8964,236.0,331.0132,1,24.0,1,14,0,0
2025-05-05 14:00:00,456,61 St-Woodside (7),Queens,40.74563,-73.902985,509.0,803.2618,1,24.0,1,14,0,0
2025-05-05 14:00:00,457,52 St (7),Queens,40.74415,-73.91255,269.0,318.1096,1,24.0,1,14,0,0
2025-05-05 14:00:00,458,46 St-Bliss St (7),Queens,40.743134,-73.918434,685.0,576.2095,1,24.0,1,14,0,0
2025-05-05 14:00:00,459,40 St-Lowery St (7),Queens,40.743782,-73.92402,498.0,421.6971,1,24.0,1,14,0,0
2025-05-05 14:00:00,460,33 St-Rawson St (7),Queens,40.744587,-73.931,1278.0,321.2284,1,26.0,1,14,0,0
2025-05-05 14:00:00,461,"Queensboro Plaza (7,N,W)",Queens,40.750584,-73.9402,681.0,467.9448,1,24.0,1,14,0,0
2025-05-05 14:00:00,463,Hunters Point Av (7),Queens,40.742214,-73.94891,211.0,154.4847,1,25.0,1,14,0,0
2025-05-05 14:00:00,464,Vernon Blvd-Jackson Av (7),Queens,40.742626,-73.95358,459.0,700.0504,1,24.0,1,14,0,0
2025-05-05 14:00:00,471,34 St-Hudson Yards (7),Manhattan,40.755882,-74.00191,1195.0,1060.8088,1,12.0,1,14,0,0
2025-05-05 14:00:00,475,96 St (Q),Manhattan,40.784317,-73.94715,868.0,669.1963,1,7.0,1,14,0,0
2025-05-05 14:00:00,476,86 St (Q),Manhattan,40.77789,-73.95179,810.0,894.2395,1,15.0,1,14,0,0
2025-05-05 14:00:00,477,72 St (Q),Manhattan,40.7688,-73.95843,1472.0,1026.4404,1,16.0,1,14,0,0
2025-05-05 14:00:00,501,St George (SIR),Staten Island,40.64375,-74.07365,268.0,,0,2.0,1,14,0,0
2025-05-05 14:00:00,502,Tompkinsville (SIR),Staten Island,40.636948,-74.07484,34.0,,0,4.0,1,14,0,0
2025-05-05 14:00:00,601,"14 St/6 Av (1,2,3,L,F,M)",Manhattan,40.737797,-73.997734,2082.0,1902.5597,1,107.0,1,14,0,0
2025-05-05 14:00:00,602,"14 St-Union Sq (4,5,6,L,N,Q,R,W)",Manhattan,40.735065,-73.99042,4469.0,4133.516,1,122.0,1,14,0,0
2025-05-05 14:00:00,603,"149 St-Grand Concourse (2,4,5)",Bronx,40.818394,-73.92703,618.0,415.2126,1,16.0,1,14,0,0
2025-05-05 14:00:00,604,"161 St-Yankee Stadium (4,B,D)",Bronx,40.82795,-73.92574,896.0,936.7803,1,40.0,1,14,0,0
2025-05-05 14:00:00,605,"168 St-Washington Hts (1,A,C)",Manhattan,40.840637,-73.93985,1126.0,812.1163,1,42.0,1,14,0,0
2025-05-05 14:00:00,606,"Court Sq-23 St (7,E,F,G)",Queens,40.747143,-73.94503,1212.0,909.8148,1,66.0,1,14,0,0
2025-05-05 14:00:00,607,"34 St-Herald Sq (B,D,F,M,N,Q,R,W)",Manhattan,40.74964,-73.987885,4043.0,4171.2037,1,124.0,1,14,0,0
2025-05-05 14:00:00,608,"4 Av-9 St (F,G,R)",Brooklyn,40.67056,-73.989044,472.0,536.2083,1,48.0,1,14,0,0
2025-05-05 14:00:00,609,"42 St-Bryant Pk/5 Av (7,B,D,F,M)",Manhattan,40.75402,-73.98327,2108.0,1930.184,1,87.0,1,14,0,0
2025-05-05 14:00:00,610,"Grand Central-42 St (4,5,6,7,S)",Manhattan,40.75199,-73.977356,6037.0,4768.861,1,98.0,1,14,0,0
2025-05-05 14:00:00,611,"Times Sq-42 St/Port Authority Bus Terminal (1,2,3,7,A,C,E,N,Q,R,W,S)",Manhattan,40.755745,-73.98758,6683.0,7465.1094,1,168.0,1,14,0,0
2025-05-05 14:00:00,612,"Lexington Av/51-53 Sts (6,E,F)",Manhattan,40.757328,-73.97049,2831.0,1734.591,1,62.0,1,14,0,0
2025-05-05 14:00:00,613,"Lexington Av/59 St (4,5,6,N,R,W)",Manhattan,40.762592,-73.96761,2523.0,1832.9005,1,104.0,1,14,0,0
2025-05-05 14:00:00,614,"59 St-Columbus Circle (1,A,C,B,D)",Manhattan,40.768272,-73.981834,3457.0,3215.7697,1,80.0,1,14,0,0
2025-05-05 14:00:00,615,"62 St/New Utrecht Av (D,N)",Brooklyn,40.625656,-73.99663,263.0,219.965,1,31.0,1,14,0,0
2025-05-05 14:00:00,616,"Jackson Hts-Roosevelt Av/74 St-Broadway (7,E,F,M,R)",Queens,40.746746,-73.891365,2387.0,2751.4801,1,88.0,1,14,0,0
2025-05-05 14:00:00,617,"Atlantic Av-Barclays Ctr (2,3,4,5,B,D,N,Q,R)",Brooklyn,40.684162,-73.97779,1907.0,1922.5402,1,137.0,1,14,0,0
2025-05-05 14:00:00,618,"14 St/8 Av (A,C,E,L)",Manhattan,40.740334,-74.00214,2731.0,2004.9784,1,61.0,1,14,0,0
2025-05-05 14:00:00,619,"Broadway-Lafayette St/Bleecker St (6,B,D,F,M)",Manhattan,40.725605,-73.99543,1743.0,1924.4625,1,94.0,1,14,0,0
2025-05-05 14:00:00,620,"Borough Hall/Court St (2,3,4,5,R)",Brooklyn,40.69324,-73.99064,1438.0,1072.6743,1,75.0,1,14,0,0
2025-05-05 14:00:00,621,"Broadway Junction (A,C,J,Z,L)",Brooklyn,40.678898,-73.90436,249.0,318.0439,1,32.0,1,14,0,0
2025-05-05 14:00:00,622,"Brooklyn Bridge-City Hall/Chambers St (4,5,6,J,Z)",Manhattan,40.713154,-74.00377,1563.0,903.8719,1,60.0,1,14,0,0
2025-05-05 14:00:00,623,"Canal St (6,J,Z,N,Q,R,W)",Manhattan,40.7187,-74.00058,2164.0,2025.5228,1,72.0,1,14,0,0
2025-05-05 14:00:00,624,"Chambers St/WTC/Park Place/Cortlandt St (2,3,A,C,E,R,W)",Manhattan,40.712605,-74.00955,2776.0,1848.1085,1,96.0,1,14,0,0
2025-05-05 14:00:00,625,"Delancey St-Essex St (F,M,J,Z)",Manhattan,40.718464,-73.98778,1557.0,1266.6842,1,49.0,1,14,0,0
2025-05-05 14:00:00,626,"Franklin Av-Medgar Evers College/Botanic Garden (2,3,4,5,S)",Brooklyn,40.670513,-73.95869,573.0,545.1416,1,74.0,1,14,0,0
2025-05-05 14:00:00,627,"Franklin Av (C,S)",Brooklyn,40.68099,-73.95634,211.0,212.9172,1,20.0,1,14,0,0
2025-05-05 14:00:00,628,"Fulton St (2,3,4,5,A,C,J,Z)",Manhattan,40.71009,-74.007835,3605.0,2837.0004,1,75.0,1,14,0,0
2025-05-05 14:00:00,629,"Metropolitan Av/Lorimer St (G,L)",Brooklyn,40.71343,-73.95084,558.0,678.945,1,40.0,1,14,0,0
2025-05-05 14:00:00,630,"Myrtle-Wyckoff Avs (M,L)",Brooklyn,40.699623,-73.91199,852.0,963.433,1,24.0,1,14,0,0
2025-05-05 14:00:00,635,"Whitehall St-South Ferry (1,R,W)",Manhattan,40.702576,-74.01333,1460.0,1121.185,1,30.0,1,14,0,0
2025-05-05 14:00:00,636,"Jay St-MetroTech (A,C,F,R)",Brooklyn,40.69226,-73.98664,2041.0,1390.0133,1,63.0,1,14,0,0
2025-05-05 15:00:00,1,"Astoria-Ditmars Blvd (N,W)",Queens,40.775036,-73.91203,605.0,835.6392999999999,1,13.0,1,15,0,0
2025-05-05 15:00:00,2,"Astoria Blvd (N,W)",Queens,40.77026,-73.91785,402.0,573.2109,1,27.0,1,15,0,0
2025-05-05 15:00:00,3,"30 Av (N,W)",Queens,40.76678,-73.92148,577.0,667.4204,1,27.0,1,15,0,0
2025-05-05 15:00:00,4,"Broadway (N,W)",Queens,40.76182,-73.92551,481.0,618.126,1,27.0,1,15,0,0
2025-05-05 15:00:00,5,"36 Av (N,W)",Queens,40.756805,-73.92957,333.0,327.3613,1,26.0,1,15,0,0
2025-05-05 15:00:00,6,"39 Av-Dutch Kills (N,W)",Queens,40.75288,-73.932755,243.0,150.0974,1,27.0,1,15,0,0
2025-05-05 15:00:00,8,"5 Av/59 St (N,R,W)",Manhattan,40.764812,-73.97335,882.0,429.6126,1,42.0,1,15,0,0
2025-05-05 15:00:00,9,"57 St-7 Av (N,Q,R,W)",Manhattan,40.764664,-73.98066,2038.0,1343.7892,1,57.0,1,15,0,0
2025-05-05 15:00:00,10,"49 St (N,R,W)",Manhattan,40.7599,-73.98414,1308.0,1045.8768,1,40.0,1,15,0,0
2025-05-05 15:00:00,13,"28 St (R,W)",Manhattan,40.745495,-73.98869,642.0,549.551,1,29.0,1,15,0,0
2025-05-05 15:00:00,14,"23 St (R,W)",Manhattan,40.741302,-73.98934,1262.0,851.7423,1,28.0,1,15,0,0
2025-05-05 15:00:00,16,"8 St-NYU (R,W)",Manhattan,40.730328,-73.99263,1029.0,691.0009,1,27.0,1,15,0,0
2025-05-05 15:00:00,17,"Prince St (R,W)",Manhattan,40.72433,-73.9977,630.0,689.2323,1,28.0,1,15,0,0
2025-05-05 15:00:00,20,"City Hall (R,W)",Manhattan,40.713284,-74.00698,401.0,190.7852,1,28.0,1,15,0,0
2025-05-05 15:00:00,22,"Rector St (R,W)",Manhattan,40.70722,-74.01334,348.0,196.8021,1,29.0,1,15,0,0
2025-05-05 15:00:00,26,"DeKalb Av (B,Q,R)",Brooklyn,40.690636,-73.98183,1731.0,1023.2333,1,47.0,1,15,0,0
2025-05-05 15:00:00,28,Union St (R),Brooklyn,40.677315,-73.98311,529.0,386.9751,1,17.0,1,15,0,0
2025-05-05 15:00:00,30,Prospect Av (R),Brooklyn,40.665413,-73.992874,335.0,322.2928,1,18.0,1,15,0,0
2025-05-05 15:00:00,31,25 St (R),Brooklyn,40.660397,-73.99809,207.0,188.6126,1,17.0,1,15,0,0
2025-05-05 15:00:00,32,"36 St (D,N,R)",Brooklyn,40.655144,-74.00355,1154.0,735.447,1,48.0,1,15,0,0
2025-05-05 15:00:00,33,45 St (R),Brooklyn,40.648937,-74.01001,338.0,561.2661,1,16.0,1,15,0,0
2025-05-05 15:00:00,34,53 St (R),Brooklyn,40.64507,-74.01403,380.0,606.3048,1,16.0,1,15,0,0
2025-05-05 15:00:00,35,"59 St (N,R)",Brooklyn,40.64136,-74.01788,606.0,846.9019,1,30.0,1,15,0,0
2025-05-05 15:00:00,36,Bay Ridge Av (R),Brooklyn,40.634968,-74.02338,353.0,507.5777,1,15.0,1,15,0,0
2025-05-05 15:00:00,37,77 St (R),Brooklyn,40.62974,-74.02551,177.0,360.0382,1,14.0,1,15,0,0
2025-05-05 15:00:00,38,86 St (R),Brooklyn,40.62269,-74.0284,516.0,737.2556,1,16.0,1,15,0,0
2025-05-05 15:00:00,39,Bay Ridge-95 St (R),Brooklyn,40.616623,-74.030876,207.0,315.6187,1,7.0,1,15,0,0
2025-05-05 15:00:00,41,"7 Av (B,Q)",Brooklyn,40.67705,-73.97237,420.0,479.9477,1,30.0,1,15,0,0
2025-05-05 15:00:00,42,"Prospect Park (B,Q,S)",Brooklyn,40.661613,-73.96225,383.0,593.1476,1,35.0,1,15,0,0
2025-05-05 15:00:00,43,Parkside Av (Q),Brooklyn,40.655293,-73.961494,191.0,334.353,1,14.0,1,15,0,0
2025-05-05 15:00:00,44,"Church Av (B,Q)",Brooklyn,40.650528,-73.96298,451.0,820.0104,1,28.0,1,15,0,0
2025-05-05 15:00:00,45,Beverley Rd (Q),Brooklyn,40.64403,-73.96449,132.0,249.9423,1,14.0,1,15,0,0
2025-05-05 15:00:00,46,Cortelyou Rd (Q),Brooklyn,40.640926,-73.96389,199.0,388.0792,1,14.0,1,15,0,0
2025-05-05 15:00:00,47,"Newkirk Plaza (B,Q)",Brooklyn,40.635082,-73.96279,337.0,616.7033,1,30.0,1,15,0,0
2025-05-05 15:00:00,48,Avenue H (Q),Brooklyn,40.62927,-73.96164,222.0,186.4727,1,15.0,1,15,0,0
2025-05-05 15:00:00,49,Avenue J (Q),Brooklyn,40.62504,-73.9608,286.0,318.5715,1,15.0,1,15,0,0
2025-05-05 15:00:00,50,Avenue M (Q),Brooklyn,40.61762,-73.9594,386.0,321.6031,1,15.0,1,15,0,0
2025-05-05 15:00:00,51,"Kings Hwy (B,Q)",Brooklyn,40.60867,-73.95773,907.0,1147.5522,1,29.0,1,15,0,0
2025-05-05 15:00:00,52,Avenue U (Q),Brooklyn,40.5993,-73.95593,239.0,427.8754,1,16.0,1,15,0,0
2025-05-05 15:00:00,53,Neck Rd (Q),Brooklyn,40.595245,-73.95516,113.0,266.8226,1,15.0,1,15,0,0
2025-05-05 15:00:00,54,"Sheepshead Bay (B,Q)",Brooklyn,40.586895,-73.954155,488.0,776.2678,1,29.0,1,15,0,0
2025-05-05 15:00:00,55,"Brighton Beach (B,Q)",Brooklyn,40.57762,-73.96137,508.0,578.5379,1,22.0,1,15,0,0
2025-05-05 15:00:00,56,Ocean Pkwy (Q),Brooklyn,40.576313,-73.9685,152.0,178.2277,1,15.0,1,15,0,0
2025-05-05 15:00:00,57,"W 8 St-NY Aquarium (F,Q)",Brooklyn,40.576126,-73.97594,107.0,168.9641,1,31.0,1,15,0,0
2025-05-05 15:00:00,58,"Coney Island-Stillwell Av (D,F,N,Q)",Brooklyn,40.577423,-73.98123,547.0,868.0929,1,32.0,1,15,0,0
2025-05-05 15:00:00,59,9 Av (D),Brooklyn,40.646294,-73.99432,188.0,417.3005,1,16.0,1,15,0,0
2025-05-05 15:00:00,60,Fort Hamilton Pkwy (D),Brooklyn,40.640915,-73.9943,239.0,248.434,1,17.0,1,15,0,0
2025-05-05 15:00:00,61,50 St (D),Brooklyn,40.63626,-73.99479,187.0,169.2288,1,17.0,1,15,0,0
2025-05-05 15:00:00,62,55 St (D),Brooklyn,40.631435,-73.995476,111.0,77.0509,1,16.0,1,15,0,0
2025-05-05 15:00:00,64,71 St (D),Brooklyn,40.61959,-73.99886,119.0,320.2962,1,16.0,1,15,0,0
2025-05-05 15:00:00,65,79 St (D),Brooklyn,40.613503,-74.00061,238.0,420.965,1,16.0,1,15,0,0
2025-05-05 15:00:00,66,18 Av (D),Brooklyn,40.607952,-74.00174,185.0,436.4233,1,15.0,1,15,0,0
2025-05-05 15:00:00,67,20 Av (D),Brooklyn,40.604557,-73.99817,150.0,346.6984,1,15.0,1,15,0,0
2025-05-05 15:00:00,68,Bay Pkwy (D),Brooklyn,40.601875,-73.99373,279.0,475.7092,1,15.0,1,15,0,0
2025-05-05 15:00:00,69,25 Av (D),Brooklyn,40.597706,-73.98683,148.0,291.7944,1,16.0,1,15,0,0
2025-05-05 15:00:00,70,Bay 50 St (D),Brooklyn,40.58884,-73.983765,183.0,162.0332,1,16.0,1,15,0,0
2025-05-05 15:00:00,71,8 Av (N),Brooklyn,40.635063,-74.01172,543.0,677.8275,1,15.0,1,15,0,0
2025-05-05 15:00:00,72,Fort Hamilton Pkwy (N),Brooklyn,40.631386,-74.00535,301.0,501.7578,1,16.0,1,15,0,0
2025-05-05 15:00:00,74,18 Av (N),Brooklyn,40.62067,-73.99042,217.0,315.0326,1,15.0,1,15,0,0
2025-05-05 15:00:00,75,20 Av (N),Brooklyn,40.61741,-73.98502,202.0,261.887,1,16.0,1,15,0,0
2025-05-05 15:00:00,76,Bay Pkwy (N),Brooklyn,40.611816,-73.98185,255.0,446.185,1,16.0,1,15,0,0
2025-05-05 15:00:00,77,Kings Hwy (N),Brooklyn,40.603924,-73.980354,165.0,390.5786,1,16.0,1,15,0,0
2025-05-05 15:00:00,78,Avenue U (N),Brooklyn,40.597473,-73.97913,146.0,241.0602,1,17.0,1,15,0,0
2025-05-05 15:00:00,79,86 St (N),Brooklyn,40.59272,-73.97823,120.0,165.8671,1,17.0,1,15,0,0
2025-05-05 15:00:00,80,"121 St (J,Z)",Queens,40.700493,-73.82829,114.0,162.132,1,16.0,1,15,0,0
2025-05-05 15:00:00,81,111 St (J),Queens,40.69742,-73.83634,102.0,151.8676,1,15.0,1,15,0,0
2025-05-05 15:00:00,82,"104 St (J,Z)",Queens,40.69518,-73.84433,106.0,205.5032,1,14.0,1,15,0,0
2025-05-05 15:00:00,83,"Woodhaven Blvd (J,Z)",Queens,40.69388,-73.85158,197.0,362.3196,1,16.0,1,15,0,0
2025-05-05 15:00:00,84,85 St-Forest Pkwy (J),Queens,40.692436,-73.86001,74.0,134.6113,1,16.0,1,15,0,0
2025-05-05 15:00:00,85,"75 St-Elderts Ln (J,Z)",Queens,40.691322,-73.86714,268.0,299.0461,1,16.0,1,15,0,0
2025-05-05 15:00:00,86,Cypress Hills (J),Brooklyn,40.68994,-73.87255,29.0,31.5777,1,14.0,1,15,0,0
2025-05-05 15:00:00,87,"Crescent St (J,Z)",Brooklyn,40.683193,-73.87379,207.0,310.6759,1,16.0,1,15,0,0
2025-05-05 15:00:00,88,"Norwood Av (J,Z)",Brooklyn,40.68141,-73.880035,97.0,181.9458,1,16.0,1,15,0,0
2025-05-05 15:00:00,89,Cleveland St (J),Brooklyn,40.679947,-73.884636,86.0,162.5258,1,16.0,1,15,0,0
2025-05-05 15:00:00,90,"Van Siclen Av (J,Z)",Brooklyn,40.678024,-73.891685,89.0,187.3817,1,16.0,1,15,0,0
2025-05-05 15:00:00,91,"Alabama Av (J,Z)",Brooklyn,40.67699,-73.89865,111.0,86.53960000000001,1,14.0,1,15,0,0
2025-05-05 15:00:00,93,"Chauncey St (J,Z)",Brooklyn,40.68289,-73.91045,108.0,140.1279,1,16.0,1,15,0,0
2025-05-05 15:00:00,94,Halsey St (J),Brooklyn,40.68637,-73.91656,204.0,312.7447,1,15.0,1,15,0,0
2025-05-05 15:00:00,95,"Gates Av (J,Z)",Brooklyn,40.68963,-73.92227,336.0,302.1953,1,14.0,1,15,0,0
2025-05-05 15:00:00,96,Kosciuszko St (J),Brooklyn,40.69334,-73.92882,258.0,259.8742,1,14.0,1,15,0,0
2025-05-05 15:00:00,97,"Myrtle Av (M,J,Z)",Brooklyn,40.69721,-73.93565,471.0,581.5557,1,31.0,1,15,0,0
2025-05-05 15:00:00,98,"Flushing Av (M,J)",Brooklyn,40.70026,-73.941124,541.0,367.8487,1,23.0,1,15,0,0
2025-05-05 15:00:00,99,"Lorimer St (M,J)",Brooklyn,40.70387,-73.94741,219.0,215.0853,1,23.0,1,15,0,0
2025-05-05 15:00:00,100,"Hewes St (M,J)",Brooklyn,40.70687,-73.95343,121.0,106.2035,1,22.0,1,15,0,0
2025-05-05 15:00:00,101,"Marcy Av (M,J,Z)",Brooklyn,40.70836,-73.957756,735.0,571.4866,1,30.0,1,15,0,0
2025-05-05 15:00:00,103,"Bowery (J,Z)",Manhattan,40.72028,-73.99391,152.0,192.7033,1,14.0,1,15,0,0
2025-05-05 15:00:00,107,"Broad St (J,Z)",Manhattan,40.706474,-74.011055,418.0,220.3071,1,8.0,1,15,0,0
2025-05-05 15:00:00,108,Middle Village-Metropolitan Av (M),Queens,40.711395,-73.8896,204.0,279.9976,1,7.0,1,15,0,0
2025-05-05 15:00:00,109,Fresh Pond Rd (M),Queens,40.706184,-73.895874,196.0,411.5734,1,14.0,1,15,0,0
2025-05-05 15:00:00,110,Forest Av (M),Queens,40.704422,-73.903076,140.0,280.7514,1,16.0,1,15,0,0
2025-05-05 15:00:00,111,Seneca Av (M),Queens,40.702763,-73.90774,76.0,171.1532,1,16.0,1,15,0,0
2025-05-05 15:00:00,113,Knickerbocker Av (M),Brooklyn,40.698666,-73.91971,220.0,227.0964,1,14.0,1,15,0,0
2025-05-05 15:00:00,114,Central Av (M),Brooklyn,40.697857,-73.9274,171.0,190.8274,1,16.0,1,15,0,0
2025-05-05 15:00:00,118,3 Av (L),Manhattan,40.73285,-73.98612,482.0,295.319,1,24.0,1,15,0,0
2025-05-05 15:00:00,119,1 Av (L),Manhattan,40.730953,-73.98163,1698.0,1135.485,1,24.0,1,15,0,0
2025-05-05 15:00:00,120,Bedford Av (L),Brooklyn,40.717304,-73.95687,1373.0,1762.6283,1,24.0,1,15,0,0
2025-05-05 15:00:00,122,Graham Av (L),Brooklyn,40.714565,-73.94405,455.0,429.4061,1,24.0,1,15,0,0
2025-05-05 15:00:00,123,Grand St (L),Brooklyn,40.711926,-73.94067,387.0,319.9371,1,24.0,1,15,0,0
2025-05-05 15:00:00,124,Montrose Av (L),Brooklyn,40.70774,-73.93985,272.0,293.9005,1,24.0,1,15,0,0
2025-05-05 15:00:00,125,Morgan Av (L),Brooklyn,40.706154,-73.93314,453.0,359.4488,1,24.0,1,15,0,0
2025-05-05 15:00:00,126,Jefferson St (L),Brooklyn,40.706608,-73.92291,396.0,517.3627,1,23.0,1,15,0,0
2025-05-05 15:00:00,127,DeKalb Av (L),Brooklyn,40.70381,-73.91843,492.0,715.1358,1,24.0,1,15,0,0
2025-05-05 15:00:00,129,Halsey St (L),Queens,40.695602,-73.90408,243.0,513.295,1,23.0,1,15,0,0
2025-05-05 15:00:00,130,Wilson Av (L),Brooklyn,40.688763,-73.904045,169.0,270.5914,1,24.0,1,15,0,0
2025-05-05 15:00:00,131,Bushwick Av-Aberdeen St (L),Brooklyn,40.68283,-73.90525,131.0,128.5201,1,23.0,1,15,0,0
2025-05-05 15:00:00,133,Atlantic Av (L),Brooklyn,40.675346,-73.9031,216.0,171.2879,1,24.0,1,15,0,0
2025-05-05 15:00:00,134,Sutter Av (L),Brooklyn,40.66937,-73.90198,198.0,179.419,1,23.0,1,15,0,0
2025-05-05 15:00:00,135,Livonia Av (L),Brooklyn,40.66404,-73.90057,137.0,196.9224,1,24.0,1,15,0,0
2025-05-05 15:00:00,136,New Lots Av (L),Brooklyn,40.658733,-73.89923,137.0,221.3585,1,24.0,1,15,0,0
2025-05-05 15:00:00,137,East 105 St (L),Brooklyn,40.650574,-73.89948,111.0,175.9308,1,22.0,1,15,0,0
2025-05-05 15:00:00,138,Canarsie-Rockaway Pkwy (L),Brooklyn,40.646652,-73.90185,101.0,476.9918,1,12.0,1,15,0,0
2025-05-05 15:00:00,141,Park Pl (S),Brooklyn,40.67477,-73.95763,101.0,83.4516,1,12.0,1,15,0,0
2025-05-05 15:00:00,143,Inwood-207 St (A),Manhattan,40.868073,-73.9199,312.0,485.4669,1,8.0,1,15,0,0
2025-05-05 15:00:00,144,Dyckman St (A),Manhattan,40.86549,-73.92727,274.0,392.6809,1,16.0,1,15,0,0
2025-05-05 15:00:00,145,190 St (A),Manhattan,40.85902,-73.93418,149.0,264.4436,1,16.0,1,15,0,0
2025-05-05 15:00:00,146,181 St (A),Manhattan,40.851696,-73.937965,393.0,581.2243,1,16.0,1,15,0,0
2025-05-05 15:00:00,147,175 St (A),Manhattan,40.84739,-73.939705,377.0,587.2372,1,16.0,1,15,0,0
2025-05-05 15:00:00,149,163 St-Amsterdam Av (C),Manhattan,40.836014,-73.939896,157.0,256.541,1,14.0,1,15,0,0
2025-05-05 15:00:00,150,155 St (C),Manhattan,40.830517,-73.94151,133.0,141.0974,1,14.0,1,15,0,0
2025-05-05 15:00:00,151,"145 St (A,C,B,D)",Manhattan,40.824783,-73.944214,1348.0,1231.8259,1,,0,15,0,0
2025-05-05 15:00:00,152,"135 St (C,B)",Manhattan,40.817894,-73.94765,343.0,249.1311,1,31.0,1,15,0,0
2025-05-05 15:00:00,153,"125 St (A,C,B,D)",Manhattan,40.811108,-73.95235,1502.0,1294.5348,1,62.0,1,15,0,0
2025-05-05 15:00:00,154,"116 St (C,B)",Manhattan,40.805084,-73.95488,308.0,349.1511,1,28.0,1,15,0,0
2025-05-05 15:00:00,155,"Cathedral Pkwy (110 St) (C,B)",Manhattan,40.800602,-73.95816,425.0,410.7593,1,28.0,1,15,0,0
2025-05-05 15:00:00,156,"103 St (C,B)",Manhattan,40.796093,-73.96146,213.0,254.4799,1,29.0,1,15,0,0
2025-05-05 15:00:00,157,"96 St (C,B)",Manhattan,40.79164,-73.9647,848.0,491.248,1,28.0,1,15,0,0
2025-05-05 15:00:00,158,"86 St (C,B)",Manhattan,40.78587,-73.96892,919.0,566.4563,1,28.0,1,15,0,0
2025-05-05 15:00:00,159,"81 St-Museum of Natural History (C,B)",Manhattan,40.781433,-73.972145,1306.0,638.7994,1,27.0,1,15,0,0
2025-05-05 15:00:00,160,"72 St (C,B)",Manhattan,40.775593,-73.97641,567.0,636.1183,1,27.0,1,15,0,0
2025-05-05 15:00:00,162,"50 St (C,E)",Manhattan,40.762455,-73.985985,1386.0,972.156,1,33.0,1,15,0,0
2025-05-05 15:00:00,164,"34 St-Penn Station (A,C,E)",Manhattan,40.75229,-73.99339,3221.0,3672.3491,1,51.0,1,15,0,0
2025-05-05 15:00:00,165,"23 St (C,E)",Manhattan,40.745907,-73.99804,1628.0,857.3081,1,34.0,1,15,0,0
2025-05-05 15:00:00,167,"W 4 St-Wash Sq (A,C,E,B,D,F,M)",Manhattan,40.732338,-74.000496,2640.0,2097.0216,1,,0,15,0,0
2025-05-05 15:00:00,168,"Spring St (C,E)",Manhattan,40.726227,-74.00374,1051.0,495.9028,1,32.0,1,15,0,0
2025-05-05 15:00:00,169,"Canal St (A,C,E)",Manhattan,40.720825,-74.005226,979.0,616.5608,1,48.0,1,15,0,0
2025-05-05 15:00:00,173,"High St (A,C)",Brooklyn,40.699337,-73.99053,433.0,573.5651,1,28.0,1,15,0,0
2025-05-05 15:00:00,175,"Hoyt-Schermerhorn Sts (A,C,G)",Brooklyn,40.688484,-73.985,717.0,517.8061,1,41.0,1,15,0,0
2025-05-05 15:00:00,176,Lafayette Av (C),Brooklyn,40.68611,-73.973946,328.0,283.2351,1,12.0,1,15,0,0
2025-05-05 15:00:00,177,Clinton-Washington Avs (C),Brooklyn,40.68326,-73.965836,303.0,320.6847,1,12.0,1,15,0,0
2025-05-05 15:00:00,179,"Nostrand Av (A,C)",Brooklyn,40.68044,-73.950424,734.0,853.1166000000001,1,28.0,1,15,0,0
2025-05-05 15:00:00,180,Kingston-Throop Avs (C),Brooklyn,40.67992,-73.94086,313.0,326.3539,1,12.0,1,15,0,0
2025-05-05 15:00:00,181,"Utica Av (A,C)",Brooklyn,40.679363,-73.93073,533.0,787.6334,1,28.0,1,15,0,0
2025-05-05 15:00:00,182,Ralph Av (C),Brooklyn,40.67882,-73.920784,189.0,263.678,1,12.0,1,15,0,0
2025-05-05 15:00:00,183,Rockaway Av (C),Brooklyn,40.67834,-73.91195,286.0,301.2222,1,13.0,1,15,0,0
2025-05-05 15:00:00,185,Liberty Av (C),Brooklyn,40.67454,-73.896545,124.0,145.9517,1,12.0,1,15,0,0
2025-05-05 15:00:00,186,Van Siclen Av (C),Brooklyn,40.67271,-73.89036,129.0,185.8835,1,12.0,1,15,0,0
2025-05-05 15:00:00,187,Shepherd Av (C),Brooklyn,40.67413,-73.88075,90.0,183.9603,1,12.0,1,15,0,0
2025-05-05 15:00:00,188,"Euclid Av (A,C)",Brooklyn,40.675377,-73.87211,303.0,652.8951,1,20.0,1,15,0,0
2025-05-05 15:00:00,189,Grant Av (A),Brooklyn,40.677044,-73.86505,145.0,331.6778,1,16.0,1,15,0,0
2025-05-05 15:00:00,190,80 St (A),Queens,40.67937,-73.85899,120.0,284.3244,1,17.0,1,15,0,0
2025-05-05 15:00:00,191,88 St (A),Queens,40.679844,-73.85147,61.0,190.5716,1,17.0,1,15,0,0
2025-05-05 15:00:00,192,Rockaway Blvd (A),Queens,40.680428,-73.84386,280.0,483.5078,1,17.0,1,15,0,0
2025-05-05 15:00:00,193,104 St (A),Queens,40.68171,-73.837685,42.0,117.9081,1,9.0,1,15,0,0
2025-05-05 15:00:00,194,111 St (A),Queens,40.68433,-73.83216,37.0,160.3361,1,8.0,1,15,0,0
2025-05-05 15:00:00,195,Ozone Park-Lefferts Blvd (A),Queens,40.68595,-73.8258,158.0,430.4336,1,5.0,1,15,0,0
2025-05-05 15:00:00,196,Aqueduct Racetrack (A),Queens,40.672096,-73.83592,37.0,43.4448,1,4.0,1,15,0,0
2025-05-05 15:00:00,197,Aqueduct-N Conduit Av (A),Queens,40.668236,-73.83406,29.0,59.6108,1,8.0,1,15,0,0
2025-05-05 15:00:00,198,Howard Beach-JFK Airport (A),Queens,40.660477,-73.8303,455.0,424.5149,1,4.0,1,15,0,0
2025-05-05 15:00:00,210,Norwood-205 St (D),Bronx,40.87481,-73.87885,241.0,402.5299,1,8.0,1,15,0,0
2025-05-05 15:00:00,211,"Bedford Park Blvd (B,D)",Bronx,40.873245,-73.88714,259.0,389.993,1,19.0,1,15,0,0
2025-05-05 15:00:00,212,"Kingsbridge Rd (B,D)",Bronx,40.866978,-73.89351,260.0,392.9619,1,22.0,1,15,0,0
2025-05-05 15:00:00,213,"Fordham Rd (B,D)",Bronx,40.861298,-73.89775,351.0,533.6913,1,24.0,1,15,0,0
2025-05-05 15:00:00,214,"182-183 Sts (B,D)",Bronx,40.856094,-73.90074,267.0,300.4344,1,24.0,1,15,0,0
2025-05-05 15:00:00,215,"Tremont Av (B,D)",Bronx,40.85041,-73.90523,277.0,544.7961,1,23.0,1,15,0,0
2025-05-05 15:00:00,216,"174-175 Sts (B,D)",Bronx,40.8459,-73.91013,207.0,245.7708,1,22.0,1,15,0,0
2025-05-05 15:00:00,217,"170 St (B,D)",Bronx,40.839306,-73.9134,417.0,334.4037,1,22.0,1,15,0,0
2025-05-05 15:00:00,218,"167 St (B,D)",Bronx,40.83377,-73.91844,306.0,469.9338,1,24.0,1,15,0,0
2025-05-05 15:00:00,220,"155 St (B,D)",Manhattan,40.830135,-73.93821,125.0,166.2887,1,23.0,1,15,0,0
2025-05-05 15:00:00,221,21 St-Queensbridge (M),Queens,40.754204,-73.94283,636.0,515.557,1,19.0,1,15,0,0
2025-05-05 15:00:00,222,Roosevelt Island (M),Manhattan,40.759144,-73.95326,343.0,541.3509,1,18.0,1,15,0,0
2025-05-05 15:00:00,223,"Lexington Av/63 St (M,Q)",Manhattan,40.76463,-73.96611,1288.0,822.1259,1,35.0,1,15,0,0
2025-05-05 15:00:00,224,57 St (M),Manhattan,40.763973,-73.97745,915.0,693.1118,1,19.0,1,15,0,0
2025-05-05 15:00:00,225,"47-50 Sts-Rockefeller Ctr (B,D,F,M)",Manhattan,40.758663,-73.98133,3404.0,1774.9722,1,62.0,1,15,0,0
2025-05-05 15:00:00,228,"23 St (F,M)",Manhattan,40.742878,-73.99282,1468.0,924.2835,1,34.0,1,15,0,0
2025-05-05 15:00:00,231,"Grand St (B,D)",Manhattan,40.718266,-73.99375,1493.0,1005.0293,1,31.0,1,15,0,0
2025-05-05 15:00:00,232,2 Av (F),Manhattan,40.7234,-73.98994,835.0,749.2094,1,18.0,1,15,0,0
2025-05-05 15:00:00,234,East Broadway (F),Manhattan,40.713715,-73.99017,792.0,702.1851,1,19.0,1,15,0,0
2025-05-05 15:00:00,235,York St (F),Brooklyn,40.701397,-73.98675,655.0,739.4971,1,18.0,1,15,0,0
2025-05-05 15:00:00,236,"Bergen St (F,G)",Brooklyn,40.686146,-73.99086,813.0,542.4293,1,32.0,1,15,0,0
2025-05-05 15:00:00,237,"Carroll St (F,G)",Brooklyn,40.6803,-73.99505,912.0,586.5767999999999,1,33.0,1,15,0,0
2025-05-05 15:00:00,238,"Smith-9 Sts (F,G)",Brooklyn,40.67358,-73.99596,260.0,174.1411,1,33.0,1,15,0,0
2025-05-05 15:00:00,240,"7 Av (F,G)",Brooklyn,40.66627,-73.98031,725.0,626.2016,1,33.0,1,15,0,0
2025-05-05 15:00:00,241,"15 St-Prospect Park (F,G)",Brooklyn,40.660366,-73.97949,286.0,369.4026,1,33.0,1,15,0,0
2025-05-05 15:00:00,242,"Fort Hamilton Pkwy (F,G)",Brooklyn,40.650784,-73.97578,213.0,421.7955,1,34.0,1,15,0,0
2025-05-05 15:00:00,243,"Church Av (F,G)",Brooklyn,40.64404,-73.979675,298.0,592.1493,1,27.0,1,15,0,0
2025-05-05 15:00:00,244,Ditmas Av (F),Brooklyn,40.63612,-73.97817,149.0,216.5237,1,19.0,1,15,0,0
2025-05-05 15:00:00,245,18 Av (F),Brooklyn,40.629753,-73.976974,145.0,204.2303,1,18.0,1,15,0,0
2025-05-05 15:00:00,246,Avenue I (F),Brooklyn,40.62532,-73.97613,96.0,74.4197,1,19.0,1,15,0,0
2025-05-05 15:00:00,247,Bay Pkwy (F),Brooklyn,40.62077,-73.975266,53.0,52.4194,1,19.0,1,15,0,0
2025-05-05 15:00:00,248,Avenue N (F),Brooklyn,40.61514,-73.9742,125.0,138.952,1,20.0,1,15,0,0
2025-05-05 15:00:00,249,Avenue P (F),Brooklyn,40.608944,-73.97302,78.0,141.4302,1,19.0,1,15,0,0
2025-05-05 15:00:00,250,Kings Hwy (F),Brooklyn,40.603218,-73.97236,135.0,216.9267,1,20.0,1,15,0,0
2025-05-05 15:00:00,251,Avenue U (F),Brooklyn,40.59606,-73.97336,81.0,111.5354,1,16.0,1,15,0,0
2025-05-05 15:00:00,252,Avenue X (F),Brooklyn,40.58962,-73.97425,110.0,154.1201,1,17.0,1,15,0,0
2025-05-05 15:00:00,253,Neptune Av (F),Brooklyn,40.581013,-73.97457,98.0,72.1529,1,17.0,1,15,0,0
2025-05-05 15:00:00,254,Jamaica-179 St (F),Queens,40.712646,-73.78381,583.0,1221.9557,1,9.0,1,15,0,0
2025-05-05 15:00:00,255,169 St (F),Queens,40.71047,-73.7936,448.0,448.7088,1,19.0,1,15,0,0
2025-05-05 15:00:00,256,Parsons Blvd (F),Queens,40.707565,-73.80333,311.0,394.1791,1,20.0,1,15,0,0
2025-05-05 15:00:00,257,Sutphin Blvd (F),Queens,40.70546,-73.81071,167.0,295.5692,1,18.0,1,15,0,0
2025-05-05 15:00:00,258,"Briarwood (E,F)",Queens,40.70918,-73.82057,197.0,291.0525,1,19.0,1,15,0,0
2025-05-05 15:00:00,259,"Kew Gardens-Union Tpke (E,F)",Queens,40.71444,-73.83101,962.0,1270.7941,1,39.0,1,15,0,0
2025-05-05 15:00:00,260,"75 Av (E,F)",Queens,40.71833,-73.837326,92.0,182.1776,1,18.0,1,15,0,0
2025-05-05 15:00:00,261,"Forest Hills-71 Av (E,F,M,R)",Queens,40.72169,-73.84452,1007.0,1515.9872,1,55.0,1,15,0,0
2025-05-05 15:00:00,262,"67 Av (M,R)",Queens,40.726524,-73.85272,298.0,431.6018,1,30.0,1,15,0,0
2025-05-05 15:00:00,263,"63 Dr-Rego Park (M,R)",Queens,40.729847,-73.8616,623.0,826.8959,1,30.0,1,15,0,0
2025-05-05 15:00:00,264,"Woodhaven Blvd (M,R)",Queens,40.733105,-73.86923,824.0,1345.6147,1,29.0,1,15,0,0
2025-05-05 15:00:00,265,"Grand Av-Newtown (M,R)",Queens,40.737015,-73.87722,796.0,1238.9068,1,30.0,1,15,0,0
2025-05-05 15:00:00,266,"Elmhurst Av (M,R)",Queens,40.742455,-73.88202,506.0,866.4828,1,30.0,1,15,0,0
2025-05-05 15:00:00,268,"65 St (M,R)",Queens,40.74967,-73.89845,154.0,252.254,1,29.0,1,15,0,0
2025-05-05 15:00:00,269,"Northern Blvd (M,R)",Queens,40.752884,-73.906006,318.0,489.7982,1,28.0,1,15,0,0
2025-05-05 15:00:00,270,"46 St (M,R)",Queens,40.756313,-73.91333,309.0,435.9535,1,30.0,1,15,0,0
2025-05-05 15:00:00,271,"Steinway St (M,R)",Queens,40.756878,-73.92074,577.0,632.6665,1,30.0,1,15,0,0
2025-05-05 15:00:00,272,"36 St (M,R)",Queens,40.75204,-73.92878,209.0,150.9306,1,31.0,1,15,0,0
2025-05-05 15:00:00,273,"Queens Plaza (E,F,R)",Queens,40.748974,-73.93724,1591.0,598.1172,1,50.0,1,15,0,0
2025-05-05 15:00:00,276,"5 Av/53 St (E,F)",Manhattan,40.760166,-73.97523,1248.0,370.1068,1,37.0,1,15,0,0
2025-05-05 15:00:00,277,"7 Av (E,B,D)",Manhattan,40.762863,-73.981636,1296.0,743.8834,1,53.0,1,15,0,0
2025-05-05 15:00:00,278,"Jamaica Center-Parsons/Archer (E,J,Z)",Queens,40.70215,-73.80111,1441.0,1797.6065,1,20.0,1,15,0,0
2025-05-05 15:00:00,279,"Sutphin Blvd-Archer Av-JFK Airport (E,J,Z)",Queens,40.700485,-73.80797,1526.0,1693.7266,1,36.0,1,15,0,0
2025-05-05 15:00:00,280,Jamaica-Van Wyck (E),Queens,40.702564,-73.81686,216.0,273.0659,1,20.0,1,15,0,0
2025-05-05 15:00:00,282,21 St (G),Queens,40.744064,-73.94972,130.0,76.0012,1,14.0,1,15,0,0
2025-05-05 15:00:00,283,Greenpoint Av (G),Brooklyn,40.731354,-73.95445,506.0,461.2886,1,16.0,1,15,0,0
2025-05-05 15:00:00,284,Nassau Av (G),Brooklyn,40.724636,-73.95128,463.0,476.9801,1,16.0,1,15,0,0
2025-05-05 15:00:00,286,Broadway (G),Brooklyn,40.706093,-73.95031,263.0,222.8839,1,14.0,1,15,0,0
2025-05-05 15:00:00,287,Flushing Av (G),Brooklyn,40.70038,-73.95023,228.0,144.1568,1,14.0,1,15,0,0
2025-05-05 15:00:00,288,Myrtle-Willoughby Avs (G),Brooklyn,40.69457,-73.94904,214.0,293.8929,1,15.0,1,15,0,0
2025-05-05 15:00:00,289,Bedford-Nostrand Avs (G),Brooklyn,40.68963,-73.95352,359.0,445.1947,1,16.0,1,15,0,0
2025-05-05 15:00:00,290,Classon Av (G),Brooklyn,40.688873,-73.96007,215.0,248.6795,1,15.0,1,15,0,0
2025-05-05 15:00:00,291,Clinton-Washington Avs (G),Brooklyn,40.688087,-73.96684,296.0,248.3969,1,15.0,1,15,0,0
2025-05-05 15:00:00,292,Fulton St (G),Brooklyn,40.68712,-73.97537,668.0,246.3288,1,14.0,1,15,0,0
2025-05-05 15:00:00,293,Van Cortlandt Park-242 St (1),Bronx,40.889248,-73.89858,221.0,420.2219,1,11.0,1,15,0,0
2025-05-05 15:00:00,294,238 St (1),Bronx,40.884666,-73.90087,159.0,304.8932,1,23.0,1,15,0,0
2025-05-05 15:00:00,295,231 St (1),Bronx,40.878857,-73.90483,382.0,583.86,1,22.0,1,15,0,0
2025-05-05 15:00:00,296,Marble Hill-225 St (1),Manhattan,40.87456,-73.90983,255.0,312.0612,1,22.0,1,15,0,0
2025-05-05 15:00:00,297,215 St (1),Manhattan,40.869446,-73.915276,154.0,157.9369,1,22.0,1,15,0,0
2025-05-05 15:00:00,298,207 St (1),Manhattan,40.86462,-73.91882,334.0,339.6619,1,22.0,1,15,0,0
2025-05-05 15:00:00,299,Dyckman St (1),Manhattan,40.86053,-73.92554,364.0,424.9886,1,22.0,1,15,0,0
2025-05-05 15:00:00,300,191 St (1),Manhattan,40.855225,-73.92941,366.0,449.51,1,22.0,1,15,0,0
2025-05-05 15:00:00,301,181 St (1),Manhattan,40.849506,-73.93359,535.0,637.9988,1,22.0,1,15,0,0
2025-05-05 15:00:00,303,157 St (1),Manhattan,40.83404,-73.94489,490.0,614.2137,1,22.0,1,15,0,0
2025-05-05 15:00:00,304,145 St (1),Manhattan,40.82655,-73.95036,380.0,515.1869,1,22.0,1,15,0,0
2025-05-05 15:00:00,305,137 St-City College (1),Manhattan,40.822006,-73.953674,752.0,632.425,1,22.0,1,15,0,0
2025-05-05 15:00:00,306,125 St (1),Manhattan,40.815582,-73.958374,455.0,411.0291,1,22.0,1,15,0,0
2025-05-05 15:00:00,307,116 St-Columbia University (1),Manhattan,40.80772,-73.96411,927.0,647.2295,1,22.0,1,15,0,0
2025-05-05 15:00:00,308,Cathedral Pkwy (110 St) (1),Manhattan,40.803967,-73.96685,806.0,615.1237,1,22.0,1,15,0,0
2025-05-05 15:00:00,309,103 St (1),Manhattan,40.799446,-73.968376,600.0,595.5236,1,22.0,1,15,0,0
2025-05-05 15:00:00,310,"96 St (1,2,3)",Manhattan,40.79392,-73.97232,2101.0,1716.2137,1,51.0,1,15,0,0
2025-05-05 15:00:00,311,86 St (1),Manhattan,40.788643,-73.97622,1191.0,815.2956,1,22.0,1,15,0,0
2025-05-05 15:00:00,312,79 St (1),Manhattan,40.783936,-73.97992,932.0,651.2336,1,22.0,1,15,0,0
2025-05-05 15:00:00,313,"72 St (1,2,3)",Manhattan,40.778454,-73.98197,2176.0,1899.4711,1,51.0,1,15,0,0
2025-05-05 15:00:00,314,66 St-Lincoln Center (1),Manhattan,40.77344,-73.98221,2096.0,801.3201,1,23.0,1,15,0,0
2025-05-05 15:00:00,316,50 St (1),Manhattan,40.761726,-73.98385,1279.0,931.2745,1,22.0,1,15,0,0
2025-05-05 15:00:00,318,"34 St-Penn Station (1,2,3)",Manhattan,40.750374,-73.99106,2555.0,3820.9872,1,51.0,1,15,0,0
2025-05-05 15:00:00,319,28 St (1),Manhattan,40.747215,-73.99336,734.0,546.5003,1,22.0,1,15,0,0
2025-05-05 15:00:00,320,23 St (1),Manhattan,40.74408,-73.99566,854.0,625.7868,1,23.0,1,15,0,0
2025-05-05 15:00:00,321,18 St (1),Manhattan,40.74104,-73.99787,549.0,308.7002,1,22.0,1,15,0,0
2025-05-05 15:00:00,323,Christopher St-Stonewall (1),Manhattan,40.73342,-74.00291,619.0,587.1453,1,22.0,1,15,0,0
2025-05-05 15:00:00,324,Houston St (1),Manhattan,40.728252,-74.00536,1329.0,470.978,1,23.0,1,15,0,0
2025-05-05 15:00:00,325,Canal St (1),Manhattan,40.722855,-74.00628,258.0,225.441,1,22.0,1,15,0,0
2025-05-05 15:00:00,326,Franklin St (1),Manhattan,40.71932,-74.00689,358.0,225.6605,1,22.0,1,15,0,0
2025-05-05 15:00:00,327,"Chambers St (1,2,3)",Manhattan,40.715477,-74.00927,1832.0,669.836,1,51.0,1,15,0,0
2025-05-05 15:00:00,328,WTC Cortlandt (1),Manhattan,40.711834,-74.01219,929.0,774.2476,1,22.0,1,15,0,0
2025-05-05 15:00:00,329,Rector St (1),Manhattan,40.70751,-74.01379,443.0,315.4261,1,22.0,1,15,0,0
2025-05-05 15:00:00,333,"Wall St (2,3)",Manhattan,40.70682,-74.0091,1205.0,580.8489,1,30.0,1,15,0,0
2025-05-05 15:00:00,334,"Clark St (2,3)",Brooklyn,40.697468,-73.99309,208.0,323.9485,1,29.0,1,15,0,0
2025-05-05 15:00:00,336,"Hoyt St (2,3)",Brooklyn,40.690544,-73.98506,360.0,317.4842,1,30.0,1,15,0,0
2025-05-05 15:00:00,337,"Nevins St (2,3,4,5)",Brooklyn,40.688248,-73.98049,727.0,433.8547,1,67.0,1,15,0,0
2025-05-05 15:00:00,339,"Bergen St (2,3)",Brooklyn,40.68083,-73.9751,206.0,207.649,1,30.0,1,15,0,0
2025-05-05 15:00:00,340,"Grand Army Plaza (2,3)",Brooklyn,40.675236,-73.97105,394.0,419.7159,1,31.0,1,15,0,0
2025-05-05 15:00:00,341,"Eastern Pkwy-Brooklyn Museum (2,3)",Brooklyn,40.671986,-73.96438,196.0,239.6748,1,30.0,1,15,0,0
2025-05-05 15:00:00,343,Nostrand Av (3),Brooklyn,40.669846,-73.95046,186.0,161.6359,1,16.0,1,15,0,0
2025-05-05 15:00:00,344,Kingston Av (3),Brooklyn,40.6694,-73.94216,237.0,214.5524,1,16.0,1,15,0,0
2025-05-05 15:00:00,345,"Crown Hts-Utica Av (3,4)",Brooklyn,40.668896,-73.932945,880.0,1419.0249,1,28.0,1,15,0,0
2025-05-05 15:00:00,346,Sutter Av-Rutland Rd (3),Brooklyn,40.66472,-73.92261,241.0,438.1716,1,16.0,1,15,0,0
2025-05-05 15:00:00,347,Saratoga Av (3),Brooklyn,40.661453,-73.91633,134.0,359.9679,1,17.0,1,15,0,0
2025-05-05 15:00:00,348,Rockaway Av (3),Brooklyn,40.662548,-73.90894,296.0,270.0201,1,17.0,1,15,0,0
2025-05-05 15:00:00,349,Junius St (3),Brooklyn,40.663513,-73.90245,163.0,157.8898,1,17.0,1,15,0,0
2025-05-05 15:00:00,350,Pennsylvania Av (3),Brooklyn,40.664635,-73.8949,176.0,238.4169,1,16.0,1,15,0,0
2025-05-05 15:00:00,351,Van Siclen Av (3),Brooklyn,40.665447,-73.8894,96.0,143.9577,1,16.0,1,15,0,0
2025-05-05 15:00:00,352,New Lots Av (3),Brooklyn,40.666237,-73.88408,210.0,360.2575,1,9.0,1,15,0,0
2025-05-05 15:00:00,353,"President St-Medgar Evers College (2,5)",Brooklyn,40.667885,-73.95068,192.0,165.6176,1,30.0,1,15,0,0
2025-05-05 15:00:00,354,"Sterling St (2,5)",Brooklyn,40.662743,-73.95085,251.0,284.0216,1,30.0,1,15,0,0
2025-05-05 15:00:00,355,"Winthrop St (2,5)",Brooklyn,40.65665,-73.9502,424.0,381.9488,1,31.0,1,15,0,0
2025-05-05 15:00:00,356,"Church Av (2,5)",Brooklyn,40.650845,-73.94958,302.0,577.9751,1,30.0,1,15,0,0
2025-05-05 15:00:00,357,"Beverly Rd (2,5)",Brooklyn,40.6451,-73.94896,180.0,284.9936,1,30.0,1,15,0,0
2025-05-05 15:00:00,358,"Newkirk Av-Little Haiti (2,5)",Brooklyn,40.63997,-73.94841,255.0,444.5153,1,31.0,1,15,0,0
2025-05-05 15:00:00,359,"Flatbush Av-Brooklyn College (2,5)",Brooklyn,40.632835,-73.94764,832.0,1070.2549,1,16.0,1,15,0,0
2025-05-05 15:00:00,360,Pelham Bay Park (6),Bronx,40.852463,-73.82812,213.0,426.0694,1,9.0,1,15,0,0
2025-05-05 15:00:00,361,Buhre Av (6),Bronx,40.84681,-73.832565,130.0,282.4867,1,18.0,1,15,0,0
2025-05-05 15:00:00,362,Middletown Rd (6),Bronx,40.843864,-73.83632,101.0,144.1278,1,17.0,1,15,0,0
2025-05-05 15:00:00,363,Westchester Sq-E Tremont Av (6),Bronx,40.839893,-73.84295,281.0,236.0237,1,16.0,1,15,0,0
2025-05-05 15:00:00,364,Zerega Av (6),Bronx,40.836487,-73.84704,113.0,166.5986,1,17.0,1,15,0,0
2025-05-05 15:00:00,365,Castle Hill Av (6),Bronx,40.834255,-73.85122,195.0,431.8122,1,16.0,1,15,0,0
2025-05-05 15:00:00,366,Parkchester (6),Bronx,40.833225,-73.86082,421.0,922.2348,1,26.0,1,15,0,0
2025-05-05 15:00:00,367,St Lawrence Av (6),Bronx,40.83151,-73.867615,157.0,297.6372,1,25.0,1,15,0,0
2025-05-05 15:00:00,368,Morrison Av-Soundview (6),Bronx,40.82952,-73.87452,203.0,458.8096,1,24.0,1,15,0,0
2025-05-05 15:00:00,369,Elder Av (6),Bronx,40.828583,-73.87916,304.0,405.365,1,23.0,1,15,0,0
2025-05-05 15:00:00,370,Whitlock Av (6),Bronx,40.826527,-73.886284,75.0,115.5688,1,25.0,1,15,0,0
2025-05-05 15:00:00,371,Hunts Point Av (6),Bronx,40.82095,-73.89055,461.0,596.3966,1,32.0,1,15,0,0
2025-05-05 15:00:00,372,Longwood Av (6),Bronx,40.816105,-73.89644,194.0,183.1334,1,23.0,1,15,0,0
2025-05-05 15:00:00,373,E 149 St (6),Bronx,40.81212,-73.9041,244.0,316.772,1,23.0,1,15,0,0
2025-05-05 15:00:00,374,E 143 St-St Mary's St (6),Bronx,40.80872,-73.90765,225.0,78.5217,1,23.0,1,15,0,0
2025-05-05 15:00:00,375,Cypress Av (6),Bronx,40.805367,-73.91404,185.0,157.0097,1,23.0,1,15,0,0
2025-05-05 15:00:00,376,Brook Av (6),Bronx,40.807568,-73.91924,333.0,308.7888,1,24.0,1,15,0,0
2025-05-05 15:00:00,377,3 Av-138 St (6),Bronx,40.810474,-73.92614,365.0,429.8788,1,30.0,1,15,0,0
2025-05-05 15:00:00,378,Woodlawn (4),Bronx,40.886036,-73.87875,227.0,482.4259,1,8.0,1,15,0,0
2025-05-05 15:00:00,379,Mosholu Pkwy (4),Bronx,40.87975,-73.88466,348.0,442.2537,1,16.0,1,15,0,0
2025-05-05 15:00:00,380,Bedford Park Blvd-Lehman College (4),Bronx,40.873413,-73.89006,589.0,318.746,1,19.0,1,15,0,0
2025-05-05 15:00:00,381,Kingsbridge Rd (4),Bronx,40.86776,-73.89717,524.0,559.987,1,18.0,1,15,0,0
2025-05-05 15:00:00,382,Fordham Rd (4),Bronx,40.862804,-73.90103,423.0,659.1827,1,19.0,1,15,0,0
2025-05-05 15:00:00,383,183 St (4),Bronx,40.858406,-73.90388,251.0,402.3399,1,19.0,1,15,0,0
2025-05-05 15:00:00,384,Burnside Av (4),Bronx,40.853455,-73.907684,454.0,557.0181,1,18.0,1,15,0,0
2025-05-05 15:00:00,385,176 St (4),Bronx,40.84848,-73.9118,330.0,342.1056,1,18.0,1,15,0,0
2025-05-05 15:00:00,386,Mt Eden Av (4),Bronx,40.844433,-73.91469,265.0,273.3771,1,18.0,1,15,0,0
2025-05-05 15:00:00,387,170 St (4),Bronx,40.840076,-73.91779,453.0,499.9017,1,18.0,1,15,0,0
2025-05-05 15:00:00,388,167 St (4),Bronx,40.835537,-73.9214,336.0,629.454,1,18.0,1,15,0,0
2025-05-05 15:00:00,391,"138 St-Grand Concourse (4,5)",Bronx,40.813225,-73.92985,282.0,210.0048,1,36.0,1,15,0,0
2025-05-05 15:00:00,392,"125 St (4,5,6)",Manhattan,40.80414,-73.93759,1503.0,1269.681,1,65.0,1,15,0,0
2025-05-05 15:00:00,393,116 St (6),Manhattan,40.79863,-73.94162,1206.0,711.9116,1,30.0,1,15,0,0
2025-05-05 15:00:00,394,110 St (6),Manhattan,40.79502,-73.94425,808.0,554.9857,1,30.0,1,15,0,0
2025-05-05 15:00:00,395,103 St (6),Manhattan,40.7906,-73.94748,1445.0,558.3383,1,29.0,1,15,0,0
2025-05-05 15:00:00,396,96 St (6),Manhattan,40.78567,-73.95107,1657.0,656.0531,1,30.0,1,15,0,0
2025-05-05 15:00:00,397,"86 St (4,5,6)",Manhattan,40.77949,-73.95559,3253.0,2105.169,1,67.0,1,15,0,0
2025-05-05 15:00:00,398,77 St (6),Manhattan,40.77362,-73.95988,2325.0,1099.8955,1,29.0,1,15,0,0
2025-05-05 15:00:00,399,68 St-Hunter College (6),Manhattan,40.768143,-73.96387,2762.0,913.9728,1,30.0,1,15,0,0
2025-05-05 15:00:00,403,33 St (6),Manhattan,40.746082,-73.98208,1671.0,1033.5273,1,30.0,1,15,0,0
2025-05-05 15:00:00,404,28 St (6),Manhattan,40.74307,-73.98426,1285.0,703.8922,1,30.0,1,15,0,0
2025-05-05 15:00:00,405,23 St-Baruch College (6),Manhattan,40.739864,-73.9866,2403.0,1139.655,1,29.0,1,15,0,0
2025-05-05 15:00:00,407,Astor Pl (6),Manhattan,40.730053,-73.99107,850.0,703.6319,1,30.0,1,15,0,0
2025-05-05 15:00:00,409,Spring St (6),Manhattan,40.7223,-73.99714,608.0,581.1758,1,31.0,1,15,0,0
2025-05-05 15:00:00,413,"Wall St (4,5)",Manhattan,40.707558,-74.01186,937.0,596.2765,1,36.0,1,15,0,0
2025-05-05 15:00:00,414,"Bowling Green (4,5)",Manhattan,40.70482,-74.01407,1731.0,938.7839,1,35.0,1,15,0,0
2025-05-05 15:00:00,416,Wakefield-241 St (2),Bronx,40.903126,-73.85062,157.0,239.6393,1,8.0,1,15,0,0
2025-05-05 15:00:00,417,"Nereid Av (2,5)",Bronx,40.89838,-73.85438,73.0,163.67,1,17.0,1,15,0,0
2025-05-05 15:00:00,418,"233 St (2,5)",Bronx,40.893192,-73.857475,140.0,249.3268,1,17.0,1,15,0,0
2025-05-05 15:00:00,419,"225 St (2,5)",Bronx,40.888023,-73.860344,112.0,196.7283,1,15.0,1,15,0,0
2025-05-05 15:00:00,420,"219 St (2,5)",Bronx,40.883896,-73.86263,101.0,137.087,1,15.0,1,15,0,0
2025-05-05 15:00:00,421,"Gun Hill Rd (2,5)",Bronx,40.87785,-73.86626,328.0,332.4039,1,15.0,1,15,0,0
2025-05-05 15:00:00,422,"Burke Av (2,5)",Bronx,40.871357,-73.867165,66.0,152.3552,1,16.0,1,15,0,0
2025-05-05 15:00:00,423,"Allerton Av (2,5)",Bronx,40.865463,-73.867355,148.0,264.8809,1,16.0,1,15,0,0
2025-05-05 15:00:00,424,"Pelham Pkwy (2,5)",Bronx,40.857193,-73.867615,329.0,441.3779,1,15.0,1,15,0,0
2025-05-05 15:00:00,425,"Bronx Park East (2,5)",Bronx,40.848827,-73.868454,96.0,169.3298,1,15.0,1,15,0,0
2025-05-05 15:00:00,426,"E 180 St (2,5)",Bronx,40.841892,-73.87349,333.0,583.3811,1,35.0,1,15,0,0
2025-05-05 15:00:00,427,"West Farms Sq-E Tremont Av (2,5)",Bronx,40.840294,-73.88005,310.0,341.5193,1,34.0,1,15,0,0
2025-05-05 15:00:00,428,"174 St (2,5)",Bronx,40.837288,-73.88773,457.0,400.8927,1,34.0,1,15,0,0
2025-05-05 15:00:00,429,"Freeman St (2,5)",Bronx,40.829994,-73.89187,235.0,302.7068,1,35.0,1,15,0,0
2025-05-05 15:00:00,430,"Simpson St (2,5)",Bronx,40.824074,-73.89307,551.0,500.4596,1,36.0,1,15,0,0
2025-05-05 15:00:00,431,"Intervale Av (2,5)",Bronx,40.82218,-73.896736,222.0,187.7547,1,34.0,1,15,0,0
2025-05-05 15:00:00,432,"Prospect Av (2,5)",Bronx,40.819584,-73.90177,420.0,385.0619,1,33.0,1,15,0,0
2025-05-05 15:00:00,433,"Jackson Av (2,5)",Bronx,40.81649,-73.90781,393.0,289.2718,1,32.0,1,15,0,0
2025-05-05 15:00:00,434,"3 Av-149 St (2,5)",Bronx,40.81611,-73.917755,1153.0,1145.0535,1,33.0,1,15,0,0
2025-05-05 15:00:00,436,Harlem-148 St (3),Manhattan,40.82388,-73.93647,137.0,166.1584,1,7.0,1,15,0,0
2025-05-05 15:00:00,437,145 St (3),Manhattan,40.82042,-73.93625,113.0,161.7974,1,14.0,1,15,0,0
2025-05-05 15:00:00,438,"135 St (2,3)",Manhattan,40.814228,-73.94077,680.0,565.3502,1,29.0,1,15,0,0
2025-05-05 15:00:00,439,"125 St (2,3)",Manhattan,40.807755,-73.945496,849.0,726.7077,1,29.0,1,15,0,0
2025-05-05 15:00:00,440,"116 St (2,3)",Manhattan,40.802097,-73.94962,400.0,536.5336,1,28.0,1,15,0,0
2025-05-05 15:00:00,441,"110 St-Malcolm X Plaza (2,3)",Manhattan,40.799076,-73.95182,441.0,401.4512,1,29.0,1,15,0,0
2025-05-05 15:00:00,442,Eastchester-Dyre Av (5),Bronx,40.8883,-73.83083,145.0,269.9705,1,10.0,1,15,0,0
2025-05-05 15:00:00,443,Baychester Av (5),Bronx,40.878662,-73.83859,164.0,186.7271,1,17.0,1,15,0,0
2025-05-05 15:00:00,444,Gun Hill Rd (5),Bronx,40.869526,-73.84638,152.0,315.7549,1,16.0,1,15,0,0
2025-05-05 15:00:00,445,Pelham Pkwy (5),Bronx,40.858986,-73.85536,174.0,209.1454,1,17.0,1,15,0,0
2025-05-05 15:00:00,446,Morris Park (5),Bronx,40.854362,-73.8605,104.0,214.8553,1,18.0,1,15,0,0
2025-05-05 15:00:00,447,Flushing-Main St (7),Queens,40.7596,-73.83003,2673.0,3510.0257,1,14.0,1,15,0,0
2025-05-05 15:00:00,448,Mets-Willets Point (7),Queens,40.754623,-73.84563,360.0,738.5186,1,27.0,1,15,0,0
2025-05-05 15:00:00,449,111 St (7),Queens,40.75173,-73.85533,387.0,1112.0762,1,23.0,1,15,0,0
2025-05-05 15:00:00,450,103 St-Corona Plaza (7),Queens,40.749866,-73.8627,897.0,1748.9912,1,22.0,1,15,0,0
2025-05-05 15:00:00,451,Junction Blvd (7),Queens,40.749146,-73.86953,1089.0,1994.5308,1,28.0,1,15,0,0
2025-05-05 15:00:00,452,90 St-Elmhurst Av (7),Queens,40.74841,-73.87661,697.0,1378.6866,1,21.0,1,15,0,0
2025-05-05 15:00:00,453,82 St-Jackson Hts (7),Queens,40.747658,-73.8837,790.0,1028.1542,1,21.0,1,15,0,0
2025-05-05 15:00:00,455,69 St (7),Queens,40.746326,-73.8964,227.0,429.4934,1,27.0,1,15,0,0
2025-05-05 15:00:00,456,61 St-Woodside (7),Queens,40.74563,-73.902985,563.0,1086.5733,1,27.0,1,15,0,0
2025-05-05 15:00:00,457,52 St (7),Queens,40.74415,-73.91255,261.0,424.9552,1,27.0,1,15,0,0
2025-05-05 15:00:00,458,46 St-Bliss St (7),Queens,40.743134,-73.918434,590.0,790.2289,1,27.0,1,15,0,0
2025-05-05 15:00:00,459,40 St-Lowery St (7),Queens,40.743782,-73.92402,686.0,577.342,1,28.0,1,15,0,0
2025-05-05 15:00:00,460,33 St-Rawson St (7),Queens,40.744587,-73.931,1723.0,326.4523,1,29.0,1,15,0,0
2025-05-05 15:00:00,461,"Queensboro Plaza (7,N,W)",Queens,40.750584,-73.9402,920.0,559.9778,1,27.0,1,15,0,0
2025-05-05 15:00:00,463,Hunters Point Av (7),Queens,40.742214,-73.94891,617.0,188.3352,1,27.0,1,15,0,0
2025-05-05 15:00:00,464,Vernon Blvd-Jackson Av (7),Queens,40.742626,-73.95358,763.0,850.6265,1,28.0,1,15,0,0
2025-05-05 15:00:00,471,34 St-Hudson Yards (7),Manhattan,40.755882,-74.00191,1637.0,1038.8659,1,15.0,1,15,0,0
2025-05-05 15:00:00,475,96 St (Q),Manhattan,40.784317,-73.94715,1164.0,768.79,1,8.0,1,15,0,0
2025-05-05 15:00:00,476,86 St (Q),Manhattan,40.77789,-73.95179,1163.0,994.7201,1,15.0,1,15,0,0
2025-05-05 15:00:00,477,72 St (Q),Manhattan,40.7688,-73.95843,2241.0,1027.4941,1,15.0,1,15,0,0
2025-05-05 15:00:00,501,St George (SIR),Staten Island,40.64375,-74.07365,431.0,,0,3.0,1,15,0,0
2025-05-05 15:00:00,502,Tompkinsville (SIR),Staten Island,40.636948,-74.07484,49.0,,0,6.0,1,15,0,0
2025-05-05 15:00:00,601,"14 St/6 Av (1,2,3,L,F,M)",Manhattan,40.737797,-73.997734,2663.0,1949.4107,1,108.0,1,15,0,0
2025-05-05 15:00:00,602,"14 St-Union Sq (4,5,6,L,N,Q,R,W)",Manhattan,40.735065,-73.99042,6307.0,4336.9469,1,128.0,1,15,0,0
2025-05-05 15:00:00,603,"149 St-Grand Concourse (2,4,5)",Bronx,40.818394,-73.92703,960.0,541.9584,1,18.0,1,15,0,0
2025-05-05 15:00:00,604,"161 St-Yankee Stadium (4,B,D)",Bronx,40.82795,-73.92574,1159.0,1368.3395,1,40.0,1,15,0,0
2025-05-05 15:00:00,605,"168 St-Washington Hts (1,A,C)",Manhattan,40.840637,-73.93985,1533.0,903.6379,1,46.0,1,15,0,0
2025-05-05 15:00:00,606,"Court Sq-23 St (7,E,F,G)",Queens,40.747143,-73.94503,1600.0,1025.3301,1,70.0,1,15,0,0
2025-05-05 15:00:00,607,"34 St-Herald Sq (B,D,F,M,N,Q,R,W)",Manhattan,40.74964,-73.987885,4775.0,4805.6138,1,127.0,1,15,0,0
2025-05-05 15:00:00,608,"4 Av-9 St (F,G,R)",Brooklyn,40.67056,-73.989044,697.0,638.5382,1,52.0,1,15,0,0
2025-05-05 15:00:00,609,"42 St-Bryant Pk/5 Av (7,B,D,F,M)",Manhattan,40.75402,-73.98327,2900.0,2049.5986,1,92.0,1,15,0,0
2025-05-05 15:00:00,610,"Grand Central-42 St (4,5,6,7,S)",Manhattan,40.75199,-73.977356,7185.0,6056.9045,1,108.0,1,15,0,0
2025-05-05 15:00:00,611,"Times Sq-42 St/Port Authority Bus Terminal (1,2,3,7,A,C,E,N,Q,R,W,S)",Manhattan,40.755745,-73.98758,7010.0,9795.7839,1,174.0,1,15,0,0
2025-05-05 15:00:00,612,"Lexington Av/51-53 Sts (6,E,F)",Manhattan,40.757328,-73.97049,3612.0,1879.2188,1,67.0,1,15,0,0
2025-05-05 15:00:00,613,"Lexington Av/59 St (4,5,6,N,R,W)",Manhattan,40.762592,-73.96761,3256.0,1847.5126,1,106.0,1,15,0,0
2025-05-05 15:00:00,614,"59 St-Columbus Circle (1,A,C,B,D)",Manhattan,40.768272,-73.981834,4619.0,3029.4563,1,84.0,1,15,0,0
2025-05-05 15:00:00,615,"62 St/New Utrecht Av (D,N)",Brooklyn,40.625656,-73.99663,280.0,290.3731,1,32.0,1,15,0,0
2025-05-05 15:00:00,616,"Jackson Hts-Roosevelt Av/74 St-Broadway (7,E,F,M,R)",Queens,40.746746,-73.891365,2463.0,3700.1999,1,98.0,1,15,0,0
2025-05-05 15:00:00,617,"Atlantic Av-Barclays Ctr (2,3,4,5,B,D,N,Q,R)",Brooklyn,40.684162,-73.97779,3146.0,2381.4769,1,143.0,1,15,0,0
2025-05-05 15:00:00,618,"14 St/8 Av (A,C,E,L)",Manhattan,40.740334,-74.00214,3477.0,1986.7713,1,61.0,1,15,0,0
2025-05-05 15:00:00,619,"Broadway-Lafayette St/Bleecker St (6,B,D,F,M)",Manhattan,40.725605,-73.99543,2106.0,1965.7094,1,92.0,1,15,0,0
2025-05-05 15:00:00,620,"Borough Hall/Court St (2,3,4,5,R)",Brooklyn,40.69324,-73.99064,2213.0,1118.407,1,81.0,1,15,0,0
2025-05-05 15:00:00,621,"Broadway Junction (A,C,J,Z,L)",Brooklyn,40.678898,-73.90436,362.0,463.0243,1,28.0,1,15,0,0
2025-05-05 15:00:00,622,"Brooklyn Bridge-City Hall/Chambers St (4,5,6,J,Z)",Manhattan,40.713154,-74.00377,2062.0,956.6906,1,68.0,1,15,0,0
2025-05-05 15:00:00,623,"Canal St (6,J,Z,N,Q,R,W)",Manhattan,40.7187,-74.00058,2509.0,1951.7957,1,73.0,1,15,0,0
2025-05-05 15:00:00,624,"Chambers St/WTC/Park Place/Cortlandt St (2,3,A,C,E,R,W)",Manhattan,40.712605,-74.00955,3780.0,2049.2298,1,97.0,1,15,0,0
2025-05-05 15:00:00,625,"Delancey St-Essex St (F,M,J,Z)",Manhattan,40.718464,-73.98778,1953.0,1328.8864,1,48.0,1,15,0,0
2025-05-05 15:00:00,626,"Franklin Av-Medgar Evers College/Botanic Garden (2,3,4,5,S)",Brooklyn,40.670513,-73.95869,854.0,694.3302,1,80.0,1,15,0,0
2025-05-05 15:00:00,627,"Franklin Av (C,S)",Brooklyn,40.68099,-73.95634,309.0,263.4844,1,19.0,1,15,0,0
2025-05-05 15:00:00,628,"Fulton St (2,3,4,5,A,C,J,Z)",Manhattan,40.71009,-74.007835,4768.0,3072.3215,1,83.0,1,15,0,0
2025-05-05 15:00:00,629,"Metropolitan Av/Lorimer St (G,L)",Brooklyn,40.71343,-73.95084,644.0,794.6199,1,38.0,1,15,0,0
2025-05-05 15:00:00,630,"Myrtle-Wyckoff Avs (M,L)",Brooklyn,40.699623,-73.91199,859.0,1393.1304,1,24.0,1,15,0,0
2025-05-05 15:00:00,635,"Whitehall St-South Ferry (1,R,W)",Manhattan,40.702576,-74.01333,1678.0,1272.0575,1,34.0,1,15,0,0
2025-05-05 15:00:00,636,"Jay St-MetroTech (A,C,F,R)",Brooklyn,40.69226,-73.98664,3038.0,1413.3672,1,64.0,1,15,0,0
2025-05-05 16:00:00,1,"Astoria-Ditmars Blvd (N,W)",Queens,40.775036,-73.91203,562.0,1118.4707,1,13.0,1,16,0,0
2025-05-05 16:00:00,2,"Astoria Blvd (N,W)",Queens,40.77026,-73.91785,402.0,763.0945,1,24.0,1,16,0,0
2025-05-05 16:00:00,3,"30 Av (N,W)",Queens,40.76678,-73.92148,576.0,906.2915,1,24.0,1,16,0,0
2025-05-05 16:00:00,4,"Broadway (N,W)",Queens,40.76182,-73.92551,444.0,860.4725,1,24.0,1,16,0,0
2025-05-05 16:00:00,5,"36 Av (N,W)",Queens,40.756805,-73.92957,332.0,373.1316,1,24.0,1,16,0,0
2025-05-05 16:00:00,6,"39 Av-Dutch Kills (N,W)",Queens,40.75288,-73.932755,321.0,182.8999,1,24.0,1,16,0,0
2025-05-05 16:00:00,8,"5 Av/59 St (N,R,W)",Manhattan,40.764812,-73.97335,1402.0,377.2567,1,44.0,1,16,0,0
2025-05-05 16:00:00,9,"57 St-7 Av (N,Q,R,W)",Manhattan,40.764664,-73.98066,2598.0,1332.2934,1,65.0,1,16,0,0
2025-05-05 16:00:00,10,"49 St (N,R,W)",Manhattan,40.7599,-73.98414,1982.0,1005.1221,1,45.0,1,16,0,0
2025-05-05 16:00:00,13,"28 St (R,W)",Manhattan,40.745495,-73.98869,841.0,581.8189,1,29.0,1,16,0,0
2025-05-05 16:00:00,14,"23 St (R,W)",Manhattan,40.741302,-73.98934,1783.0,840.2299,1,30.0,1,16,0,0
2025-05-05 16:00:00,16,"8 St-NYU (R,W)",Manhattan,40.730328,-73.99263,1280.0,773.0968,1,30.0,1,16,0,0
2025-05-05 16:00:00,17,"Prince St (R,W)",Manhattan,40.72433,-73.9977,924.0,638.0741,1,30.0,1,16,0,0
2025-05-05 16:00:00,20,"City Hall (R,W)",Manhattan,40.713284,-74.00698,600.0,157.6927,1,29.0,1,16,0,0
2025-05-05 16:00:00,22,"Rector St (R,W)",Manhattan,40.70722,-74.01334,438.0,189.1796,1,29.0,1,16,0,0
2025-05-05 16:00:00,26,"DeKalb Av (B,Q,R)",Brooklyn,40.690636,-73.98183,1688.0,1118.3677,1,45.0,1,16,0,0
2025-05-05 16:00:00,28,Union St (R),Brooklyn,40.677315,-73.98311,558.0,452.5148,1,17.0,1,16,0,0
2025-05-05 16:00:00,30,Prospect Av (R),Brooklyn,40.665413,-73.992874,320.0,375.5242,1,16.0,1,16,0,0
2025-05-05 16:00:00,31,25 St (R),Brooklyn,40.660397,-73.99809,217.0,218.9065,1,16.0,1,16,0,0
2025-05-05 16:00:00,32,"36 St (D,N,R)",Brooklyn,40.655144,-74.00355,1054.0,801.548,1,51.0,1,16,0,0
2025-05-05 16:00:00,33,45 St (R),Brooklyn,40.648937,-74.01001,324.0,565.7949,1,16.0,1,16,0,0
2025-05-05 16:00:00,34,53 St (R),Brooklyn,40.64507,-74.01403,448.0,580.3836,1,16.0,1,16,0,0
2025-05-05 16:00:00,35,"59 St (N,R)",Brooklyn,40.64136,-74.01788,700.0,916.7532,1,33.0,1,16,0,0
2025-05-05 16:00:00,36,Bay Ridge Av (R),Brooklyn,40.634968,-74.02338,292.0,566.9012,1,15.0,1,16,0,0
2025-05-05 16:00:00,37,77 St (R),Brooklyn,40.62974,-74.02551,192.0,459.7238,1,16.0,1,16,0,0
2025-05-05 16:00:00,38,86 St (R),Brooklyn,40.62269,-74.0284,482.0,891.2916,1,15.0,1,16,0,0
2025-05-05 16:00:00,39,Bay Ridge-95 St (R),Brooklyn,40.616623,-74.030876,216.0,424.3145,1,8.0,1,16,0,0
2025-05-05 16:00:00,41,"7 Av (B,Q)",Brooklyn,40.67705,-73.97237,458.0,593.5523000000001,1,28.0,1,16,0,0
2025-05-05 16:00:00,42,"Prospect Park (B,Q,S)",Brooklyn,40.661613,-73.96225,367.0,667.7506,1,34.0,1,16,0,0
2025-05-05 16:00:00,43,Parkside Av (Q),Brooklyn,40.655293,-73.961494,205.0,403.7867,1,14.0,1,16,0,0
2025-05-05 16:00:00,44,"Church Av (B,Q)",Brooklyn,40.650528,-73.96298,481.0,956.5268,1,30.0,1,16,0,0
2025-05-05 16:00:00,45,Beverley Rd (Q),Brooklyn,40.64403,-73.96449,130.0,272.0986,1,16.0,1,16,0,0
2025-05-05 16:00:00,46,Cortelyou Rd (Q),Brooklyn,40.640926,-73.96389,228.0,458.2042,1,16.0,1,16,0,0
2025-05-05 16:00:00,47,"Newkirk Plaza (B,Q)",Brooklyn,40.635082,-73.96279,340.0,721.3823,1,30.0,1,16,0,0
2025-05-05 16:00:00,48,Avenue H (Q),Brooklyn,40.62927,-73.96164,146.0,198.7597,1,16.0,1,16,0,0
2025-05-05 16:00:00,49,Avenue J (Q),Brooklyn,40.62504,-73.9608,323.0,363.7366,1,15.0,1,16,0,0
2025-05-05 16:00:00,50,Avenue M (Q),Brooklyn,40.61762,-73.9594,340.0,363.1332,1,15.0,1,16,0,0
2025-05-05 16:00:00,51,"Kings Hwy (B,Q)",Brooklyn,40.60867,-73.95773,823.0,1431.0718,1,30.0,1,16,0,0
2025-05-05 16:00:00,52,Avenue U (Q),Brooklyn,40.5993,-73.95593,236.0,517.263,1,16.0,1,16,0,0
2025-05-05 16:00:00,53,Neck Rd (Q),Brooklyn,40.595245,-73.95516,138.0,352.3935,1,16.0,1,16,0,0
2025-05-05 16:00:00,54,"Sheepshead Bay (B,Q)",Brooklyn,40.586895,-73.954155,519.0,935.2067,1,31.0,1,16,0,0
2025-05-05 16:00:00,55,"Brighton Beach (B,Q)",Brooklyn,40.57762,-73.96137,472.0,718.3243,1,23.0,1,16,0,0
2025-05-05 16:00:00,56,Ocean Pkwy (Q),Brooklyn,40.576313,-73.9685,126.0,186.4424,1,16.0,1,16,0,0
2025-05-05 16:00:00,57,"W 8 St-NY Aquarium (F,Q)",Brooklyn,40.576126,-73.97594,133.0,167.4185,1,28.0,1,16,0,0
2025-05-05 16:00:00,58,"Coney Island-Stillwell Av (D,F,N,Q)",Brooklyn,40.577423,-73.98123,584.0,870.7677,1,31.0,1,16,0,0
2025-05-05 16:00:00,59,9 Av (D),Brooklyn,40.646294,-73.99432,223.0,440.2843,1,16.0,1,16,0,0
2025-05-05 16:00:00,60,Fort Hamilton Pkwy (D),Brooklyn,40.640915,-73.9943,314.0,291.4902,1,15.0,1,16,0,0
2025-05-05 16:00:00,61,50 St (D),Brooklyn,40.63626,-73.99479,272.0,165.8295,1,15.0,1,16,0,0
2025-05-05 16:00:00,62,55 St (D),Brooklyn,40.631435,-73.995476,147.0,94.4785,1,16.0,1,16,0,0
2025-05-05 16:00:00,64,71 St (D),Brooklyn,40.61959,-73.99886,140.0,422.6722,1,16.0,1,16,0,0
2025-05-05 16:00:00,65,79 St (D),Brooklyn,40.613503,-74.00061,202.0,542.209,1,16.0,1,16,0,0
2025-05-05 16:00:00,66,18 Av (D),Brooklyn,40.607952,-74.00174,186.0,565.0747,1,17.0,1,16,0,0
2025-05-05 16:00:00,67,20 Av (D),Brooklyn,40.604557,-73.99817,149.0,441.1454,1,17.0,1,16,0,0
2025-05-05 16:00:00,68,Bay Pkwy (D),Brooklyn,40.601875,-73.99373,208.0,575.4204,1,17.0,1,16,0,0
2025-05-05 16:00:00,69,25 Av (D),Brooklyn,40.597706,-73.98683,168.0,340.9884,1,16.0,1,16,0,0
2025-05-05 16:00:00,70,Bay 50 St (D),Brooklyn,40.58884,-73.983765,136.0,217.1046,1,17.0,1,16,0,0
2025-05-05 16:00:00,71,8 Av (N),Brooklyn,40.635063,-74.01172,582.0,671.4929,1,19.0,1,16,0,0
2025-05-05 16:00:00,72,Fort Hamilton Pkwy (N),Brooklyn,40.631386,-74.00535,252.0,494.8265,1,19.0,1,16,0,0
2025-05-05 16:00:00,74,18 Av (N),Brooklyn,40.62067,-73.99042,223.0,375.6233,1,18.0,1,16,0,0
2025-05-05 16:00:00,75,20 Av (N),Brooklyn,40.61741,-73.98502,274.0,334.6075,1,17.0,1,16,0,0
2025-05-05 16:00:00,76,Bay Pkwy (N),Brooklyn,40.611816,-73.98185,306.0,551.7876,1,17.0,1,16,0,0
2025-05-05 16:00:00,77,Kings Hwy (N),Brooklyn,40.603924,-73.980354,176.0,471.3918,1,16.0,1,16,0,0
2025-05-05 16:00:00,78,Avenue U (N),Brooklyn,40.597473,-73.97913,127.0,258.2553,1,16.0,1,16,0,0
2025-05-05 16:00:00,79,86 St (N),Brooklyn,40.59272,-73.97823,82.0,177.91570000000002,1,17.0,1,16,0,0
2025-05-05 16:00:00,80,"121 St (J,Z)",Queens,40.700493,-73.82829,117.0,187.8225,1,16.0,1,16,0,0
2025-05-05 16:00:00,81,111 St (J),Queens,40.69742,-73.83634,82.0,193.2217,1,16.0,1,16,0,0
2025-05-05 16:00:00,82,"104 St (J,Z)",Queens,40.69518,-73.84433,98.0,224.5799,1,17.0,1,16,0,0
2025-05-05 16:00:00,83,"Woodhaven Blvd (J,Z)",Queens,40.69388,-73.85158,235.0,392.4665,1,16.0,1,16,0,0
2025-05-05 16:00:00,84,85 St-Forest Pkwy (J),Queens,40.692436,-73.86001,48.0,156.1063,1,15.0,1,16,0,0
2025-05-05 16:00:00,85,"75 St-Elderts Ln (J,Z)",Queens,40.691322,-73.86714,161.0,350.0553,1,16.0,1,16,0,0
2025-05-05 16:00:00,86,Cypress Hills (J),Brooklyn,40.68994,-73.87255,16.0,27.677,1,17.0,1,16,0,0
2025-05-05 16:00:00,87,"Crescent St (J,Z)",Brooklyn,40.683193,-73.87379,170.0,334.2454,1,16.0,1,16,0,0
2025-05-05 16:00:00,88,"Norwood Av (J,Z)",Brooklyn,40.68141,-73.880035,78.0,181.1421,1,15.0,1,16,0,0
2025-05-05 16:00:00,89,Cleveland St (J),Brooklyn,40.679947,-73.884636,82.0,177.1818,1,15.0,1,16,0,0
2025-05-05 16:00:00,90,"Van Siclen Av (J,Z)",Brooklyn,40.678024,-73.891685,96.0,210.4991,1,16.0,1,16,0,0
2025-05-05 16:00:00,91,"Alabama Av (J,Z)",Brooklyn,40.67699,-73.89865,140.0,93.8504,1,17.0,1,16,0,0
2025-05-05 16:00:00,93,"Chauncey St (J,Z)",Brooklyn,40.68289,-73.91045,115.0,161.7517,1,17.0,1,16,0,0
2025-05-05 16:00:00,94,Halsey St (J),Brooklyn,40.68637,-73.91656,187.0,414.7463,1,18.0,1,16,0,0
2025-05-05 16:00:00,95,"Gates Av (J,Z)",Brooklyn,40.68963,-73.92227,286.0,395.5496,1,18.0,1,16,0,0
2025-05-05 16:00:00,96,Kosciuszko St (J),Brooklyn,40.69334,-73.92882,240.0,364.6768,1,18.0,1,16,0,0
2025-05-05 16:00:00,97,"Myrtle Av (M,J,Z)",Brooklyn,40.69721,-73.93565,524.0,697.5427,1,32.0,1,16,0,0
2025-05-05 16:00:00,98,"Flushing Av (M,J)",Brooklyn,40.70026,-73.941124,691.0,376.8232,1,24.0,1,16,0,0
2025-05-05 16:00:00,99,"Lorimer St (M,J)",Brooklyn,40.70387,-73.94741,272.0,232.736,1,24.0,1,16,0,0
2025-05-05 16:00:00,100,"Hewes St (M,J)",Brooklyn,40.70687,-73.95343,133.0,145.16660000000002,1,24.0,1,16,0,0
2025-05-05 16:00:00,101,"Marcy Av (M,J,Z)",Brooklyn,40.70836,-73.957756,831.0,678.7286,1,31.0,1,16,0,0
2025-05-05 16:00:00,103,"Bowery (J,Z)",Manhattan,40.72028,-73.99391,211.0,170.0664,1,17.0,1,16,0,0
2025-05-05 16:00:00,107,"Broad St (J,Z)",Manhattan,40.706474,-74.011055,617.0,183.7335,1,8.0,1,16,0,0
2025-05-05 16:00:00,108,Middle Village-Metropolitan Av (M),Queens,40.711395,-73.8896,313.0,320.0752,1,8.0,1,16,0,0
2025-05-05 16:00:00,109,Fresh Pond Rd (M),Queens,40.706184,-73.895874,166.0,584.2597,1,16.0,1,16,0,0
2025-05-05 16:00:00,110,Forest Av (M),Queens,40.704422,-73.903076,131.0,373.1531,1,14.0,1,16,0,0
2025-05-05 16:00:00,111,Seneca Av (M),Queens,40.702763,-73.90774,79.0,234.044,1,14.0,1,16,0,0
2025-05-05 16:00:00,113,Knickerbocker Av (M),Brooklyn,40.698666,-73.91971,179.0,287.5894,1,16.0,1,16,0,0
2025-05-05 16:00:00,114,Central Av (M),Brooklyn,40.697857,-73.9274,138.0,256.4756,1,14.0,1,16,0,0
2025-05-05 16:00:00,118,3 Av (L),Manhattan,40.73285,-73.98612,489.0,316.2336,1,26.0,1,16,0,0
2025-05-05 16:00:00,119,1 Av (L),Manhattan,40.730953,-73.98163,1668.0,1313.9867,1,25.0,1,16,0,0
2025-05-05 16:00:00,120,Bedford Av (L),Brooklyn,40.717304,-73.95687,1577.0,2096.0546,1,25.0,1,16,0,0
2025-05-05 16:00:00,122,Graham Av (L),Brooklyn,40.714565,-73.94405,503.0,575.3926,1,25.0,1,16,0,0
2025-05-05 16:00:00,123,Grand St (L),Brooklyn,40.711926,-73.94067,539.0,374.4233,1,25.0,1,16,0,0
2025-05-05 16:00:00,124,Montrose Av (L),Brooklyn,40.70774,-73.93985,340.0,377.6527,1,26.0,1,16,0,0
2025-05-05 16:00:00,125,Morgan Av (L),Brooklyn,40.706154,-73.93314,394.0,447.2056,1,26.0,1,16,0,0
2025-05-05 16:00:00,126,Jefferson St (L),Brooklyn,40.706608,-73.92291,422.0,591.8114,1,26.0,1,16,0,0
2025-05-05 16:00:00,127,DeKalb Av (L),Brooklyn,40.70381,-73.91843,481.0,975.5739,1,26.0,1,16,0,0
2025-05-05 16:00:00,129,Halsey St (L),Queens,40.695602,-73.90408,281.0,726.8822,1,26.0,1,16,0,0
2025-05-05 16:00:00,130,Wilson Av (L),Brooklyn,40.688763,-73.904045,189.0,321.8706,1,26.0,1,16,0,0
2025-05-05 16:00:00,131,Bushwick Av-Aberdeen St (L),Brooklyn,40.68283,-73.90525,111.0,155.0,1,26.0,1,16,0,0
2025-05-05 16:00:00,133,Atlantic Av (L),Brooklyn,40.675346,-73.9031,157.0,166.2188,1,26.0,1,16,0,0
2025-05-05 16:00:00,134,Sutter Av (L),Brooklyn,40.66937,-73.90198,153.0,195.7939,1,26.0,1,16,0,0
2025-05-05 16:00:00,135,Livonia Av (L),Brooklyn,40.66404,-73.90057,138.0,210.7299,1,26.0,1,16,0,0
2025-05-05 16:00:00,136,New Lots Av (L),Brooklyn,40.658733,-73.89923,161.0,237.3214,1,26.0,1,16,0,0
2025-05-05 16:00:00,137,East 105 St (L),Brooklyn,40.650574,-73.89948,101.0,178.5083,1,28.0,1,16,0,0
2025-05-05 16:00:00,138,Canarsie-Rockaway Pkwy (L),Brooklyn,40.646652,-73.90185,126.0,543.6674,1,12.0,1,16,0,0
2025-05-05 16:00:00,141,Park Pl (S),Brooklyn,40.67477,-73.95763,123.0,95.2354,1,12.0,1,16,0,0
2025-05-05 16:00:00,143,Inwood-207 St (A),Manhattan,40.868073,-73.9199,332.0,603.9207,1,8.0,1,16,0,0
2025-05-05 16:00:00,144,Dyckman St (A),Manhattan,40.86549,-73.92727,293.0,424.9626,1,20.0,1,16,0,0
2025-05-05 16:00:00,145,190 St (A),Manhattan,40.85902,-73.93418,218.0,297.9752,1,20.0,1,16,0,0
2025-05-05 16:00:00,146,181 St (A),Manhattan,40.851696,-73.937965,387.0,735.9445,1,20.0,1,16,0,0
2025-05-05 16:00:00,147,175 St (A),Manhattan,40.84739,-73.939705,364.0,727.7466,1,20.0,1,16,0,0
2025-05-05 16:00:00,149,163 St-Amsterdam Av (C),Manhattan,40.836014,-73.939896,167.0,275.3822,1,12.0,1,16,0,0
2025-05-05 16:00:00,150,155 St (C),Manhattan,40.830517,-73.94151,124.0,166.7862,1,12.0,1,16,0,0
2025-05-05 16:00:00,151,"145 St (A,C,B,D)",Manhattan,40.824783,-73.944214,1233.0,1299.9413,1,,0,16,0,0
2025-05-05 16:00:00,152,"135 St (C,B)",Manhattan,40.817894,-73.94765,426.0,292.0132,1,27.0,1,16,0,0
2025-05-05 16:00:00,153,"125 St (A,C,B,D)",Manhattan,40.811108,-73.95235,1800.0,1452.3398,1,63.0,1,16,0,0
2025-05-05 16:00:00,154,"116 St (C,B)",Manhattan,40.805084,-73.95488,379.0,394.9815,1,27.0,1,16,0,0
2025-05-05 16:00:00,155,"Cathedral Pkwy (110 St) (C,B)",Manhattan,40.800602,-73.95816,462.0,429.2839,1,27.0,1,16,0,0
2025-05-05 16:00:00,156,"103 St (C,B)",Manhattan,40.796093,-73.96146,246.0,262.3173,1,26.0,1,16,0,0
2025-05-05 16:00:00,157,"96 St (C,B)",Manhattan,40.79164,-73.9647,884.0,506.8993,1,25.0,1,16,0,0
2025-05-05 16:00:00,158,"86 St (C,B)",Manhattan,40.78587,-73.96892,915.0,573.6409,1,27.0,1,16,0,0
2025-05-05 16:00:00,159,"81 St-Museum of Natural History (C,B)",Manhattan,40.781433,-73.972145,1912.0,551.2349,1,27.0,1,16,0,0
2025-05-05 16:00:00,160,"72 St (C,B)",Manhattan,40.775593,-73.97641,797.0,583.4397,1,26.0,1,16,0,0
2025-05-05 16:00:00,162,"50 St (C,E)",Manhattan,40.762455,-73.985985,1636.0,945.1785,1,36.0,1,16,0,0
2025-05-05 16:00:00,164,"34 St-Penn Station (A,C,E)",Manhattan,40.75229,-73.99339,4323.0,4497.9794,1,54.0,1,16,0,0
2025-05-05 16:00:00,165,"23 St (C,E)",Manhattan,40.745907,-73.99804,1468.0,890.2205,1,34.0,1,16,0,0
2025-05-05 16:00:00,167,"W 4 St-Wash Sq (A,C,E,B,D,F,M)",Manhattan,40.732338,-74.000496,2868.0,2237.9804,1,,0,16,0,0
2025-05-05 16:00:00,168,"Spring St (C,E)",Manhattan,40.726227,-74.00374,1227.0,505.0605,1,36.0,1,16,0,0
2025-05-05 16:00:00,169,"Canal St (A,C,E)",Manhattan,40.720825,-74.005226,1499.0,583.9886,1,56.0,1,16,0,0
2025-05-05 16:00:00,173,"High St (A,C)",Brooklyn,40.699337,-73.99053,579.0,618.3269,1,32.0,1,16,0,0
2025-05-05 16:00:00,175,"Hoyt-Schermerhorn Sts (A,C,G)",Brooklyn,40.688484,-73.985,895.0,605.7451,1,48.0,1,16,0,0
2025-05-05 16:00:00,176,Lafayette Av (C),Brooklyn,40.68611,-73.973946,301.0,310.3562,1,12.0,1,16,0,0
2025-05-05 16:00:00,177,Clinton-Washington Avs (C),Brooklyn,40.68326,-73.965836,353.0,452.9663,1,13.0,1,16,0,0
2025-05-05 16:00:00,179,"Nostrand Av (A,C)",Brooklyn,40.68044,-73.950424,820.0,1077.5281,1,31.0,1,16,0,0
2025-05-05 16:00:00,180,Kingston-Throop Avs (C),Brooklyn,40.67992,-73.94086,295.0,394.3122,1,11.0,1,16,0,0
2025-05-05 16:00:00,181,"Utica Av (A,C)",Brooklyn,40.679363,-73.93073,555.0,985.6762,1,31.0,1,16,0,0
2025-05-05 16:00:00,182,Ralph Av (C),Brooklyn,40.67882,-73.920784,186.0,352.1711,1,12.0,1,16,0,0
2025-05-05 16:00:00,183,Rockaway Av (C),Brooklyn,40.67834,-73.91195,190.0,369.6198,1,12.0,1,16,0,0
2025-05-05 16:00:00,185,Liberty Av (C),Brooklyn,40.67454,-73.896545,139.0,144.2327,1,12.0,1,16,0,0
2025-05-05 16:00:00,186,Van Siclen Av (C),Brooklyn,40.67271,-73.89036,77.0,222.3339,1,12.0,1,16,0,0
2025-05-05 16:00:00,187,Shepherd Av (C),Brooklyn,40.67413,-73.88075,79.0,180.7733,1,12.0,1,16,0,0
2025-05-05 16:00:00,188,"Euclid Av (A,C)",Brooklyn,40.675377,-73.87211,315.0,701.8346,1,25.0,1,16,0,0
2025-05-05 16:00:00,189,Grant Av (A),Brooklyn,40.677044,-73.86505,178.0,382.8623,1,19.0,1,16,0,0
2025-05-05 16:00:00,190,80 St (A),Queens,40.67937,-73.85899,86.0,321.2356,1,19.0,1,16,0,0
2025-05-05 16:00:00,191,88 St (A),Queens,40.679844,-73.85147,41.0,239.5598,1,19.0,1,16,0,0
2025-05-05 16:00:00,192,Rockaway Blvd (A),Queens,40.680428,-73.84386,290.0,583.0702,1,19.0,1,16,0,0
2025-05-05 16:00:00,193,104 St (A),Queens,40.68171,-73.837685,52.0,152.9721,1,10.0,1,16,0,0
2025-05-05 16:00:00,194,111 St (A),Queens,40.68433,-73.83216,44.0,190.6741,1,11.0,1,16,0,0
2025-05-05 16:00:00,195,Ozone Park-Lefferts Blvd (A),Queens,40.68595,-73.8258,130.0,568.7327,1,5.0,1,16,0,0
2025-05-05 16:00:00,196,Aqueduct Racetrack (A),Queens,40.672096,-73.83592,29.0,51.142,1,4.0,1,16,0,0
2025-05-05 16:00:00,197,Aqueduct-N Conduit Av (A),Queens,40.668236,-73.83406,21.0,84.4078,1,8.0,1,16,0,0
2025-05-05 16:00:00,198,Howard Beach-JFK Airport (A),Queens,40.660477,-73.8303,434.0,476.3874,1,4.0,1,16,0,0
2025-05-05 16:00:00,204,Beach 67 St (A),Queens,40.590927,-73.79692,1.0,63.2819,1,8.0,1,16,0,0
2025-05-05 16:00:00,210,Norwood-205 St (D),Bronx,40.87481,-73.87885,239.0,489.052,1,10.0,1,16,0,0
2025-05-05 16:00:00,211,"Bedford Park Blvd (B,D)",Bronx,40.873245,-73.88714,219.0,460.507,1,27.0,1,16,0,0
2025-05-05 16:00:00,212,"Kingsbridge Rd (B,D)",Bronx,40.866978,-73.89351,200.0,487.0326,1,35.0,1,16,0,0
2025-05-05 16:00:00,213,"Fordham Rd (B,D)",Bronx,40.861298,-73.89775,384.0,605.8078,1,33.0,1,16,0,0
2025-05-05 16:00:00,214,"182-183 Sts (B,D)",Bronx,40.856094,-73.90074,168.0,286.5811,1,27.0,1,16,0,0
2025-05-05 16:00:00,215,"Tremont Av (B,D)",Bronx,40.85041,-73.90523,315.0,608.0025,1,32.0,1,16,0,0
2025-05-05 16:00:00,216,"174-175 Sts (B,D)",Bronx,40.8459,-73.91013,225.0,216.8405,1,27.0,1,16,0,0
2025-05-05 16:00:00,217,"170 St (B,D)",Bronx,40.839306,-73.9134,231.0,361.4747,1,27.0,1,16,0,0
2025-05-05 16:00:00,218,"167 St (B,D)",Bronx,40.83377,-73.91844,314.0,519.8676,1,25.0,1,16,0,0
2025-05-05 16:00:00,220,"155 St (B,D)",Manhattan,40.830135,-73.93821,126.0,166.7355,1,24.0,1,16,0,0
2025-05-05 16:00:00,221,21 St-Queensbridge (M),Queens,40.754204,-73.94283,783.0,595.5091,1,22.0,1,16,0,0
2025-05-05 16:00:00,222,Roosevelt Island (M),Manhattan,40.759144,-73.95326,355.0,558.2777,1,22.0,1,16,0,0
2025-05-05 16:00:00,223,"Lexington Av/63 St (M,Q)",Manhattan,40.76463,-73.96611,1562.0,788.7828,1,42.0,1,16,0,0
2025-05-05 16:00:00,224,57 St (M),Manhattan,40.763973,-73.97745,1199.0,566.994,1,22.0,1,16,0,0
2025-05-05 16:00:00,225,"47-50 Sts-Rockefeller Ctr (B,D,F,M)",Manhattan,40.758663,-73.98133,5608.0,1584.7717,1,69.0,1,16,0,0
2025-05-05 16:00:00,228,"23 St (F,M)",Manhattan,40.742878,-73.99282,1811.0,1071.3726,1,37.0,1,16,0,0
2025-05-05 16:00:00,231,"Grand St (B,D)",Manhattan,40.718266,-73.99375,1631.0,1052.2304,1,28.0,1,16,0,0
2025-05-05 16:00:00,232,2 Av (F),Manhattan,40.7234,-73.98994,924.0,810.7366,1,23.0,1,16,0,0
2025-05-05 16:00:00,234,East Broadway (F),Manhattan,40.713715,-73.99017,1013.0,766.4538,1,22.0,1,16,0,0
2025-05-05 16:00:00,235,York St (F),Brooklyn,40.701397,-73.98675,774.0,774.995,1,22.0,1,16,0,0
2025-05-05 16:00:00,236,"Bergen St (F,G)",Brooklyn,40.686146,-73.99086,807.0,611.85,1,37.0,1,16,0,0
2025-05-05 16:00:00,237,"Carroll St (F,G)",Brooklyn,40.6803,-73.99505,952.0,709.8057,1,38.0,1,16,0,0
2025-05-05 16:00:00,238,"Smith-9 Sts (F,G)",Brooklyn,40.67358,-73.99596,353.0,200.7961,1,38.0,1,16,0,0
2025-05-05 16:00:00,240,"7 Av (F,G)",Brooklyn,40.66627,-73.98031,812.0,698.9301,1,36.0,1,16,0,0
2025-05-05 16:00:00,241,"15 St-Prospect Park (F,G)",Brooklyn,40.660366,-73.97949,304.0,451.1358,1,38.0,1,16,0,0
2025-05-05 16:00:00,242,"Fort Hamilton Pkwy (F,G)",Brooklyn,40.650784,-73.97578,251.0,509.9955,1,37.0,1,16,0,0
2025-05-05 16:00:00,243,"Church Av (F,G)",Brooklyn,40.64404,-73.979675,383.0,656.9176,1,28.0,1,16,0,0
2025-05-05 16:00:00,244,Ditmas Av (F),Brooklyn,40.63612,-73.97817,207.0,278.2739,1,22.0,1,16,0,0
2025-05-05 16:00:00,245,18 Av (F),Brooklyn,40.629753,-73.976974,186.0,258.4015,1,21.0,1,16,0,0
2025-05-05 16:00:00,246,Avenue I (F),Brooklyn,40.62532,-73.97613,170.0,94.1879,1,20.0,1,16,0,0
2025-05-05 16:00:00,247,Bay Pkwy (F),Brooklyn,40.62077,-73.975266,53.0,79.871,1,21.0,1,16,0,0
2025-05-05 16:00:00,248,Avenue N (F),Brooklyn,40.61514,-73.9742,139.0,182.4875,1,21.0,1,16,0,0
2025-05-05 16:00:00,249,Avenue P (F),Brooklyn,40.608944,-73.97302,70.0,171.0338,1,21.0,1,16,0,0
2025-05-05 16:00:00,250,Kings Hwy (F),Brooklyn,40.603218,-73.97236,150.0,251.2343,1,18.0,1,16,0,0
2025-05-05 16:00:00,251,Avenue U (F),Brooklyn,40.59606,-73.97336,103.0,139.6662,1,14.0,1,16,0,0
2025-05-05 16:00:00,252,Avenue X (F),Brooklyn,40.58962,-73.97425,108.0,178.1292,1,14.0,1,16,0,0
2025-05-05 16:00:00,253,Neptune Av (F),Brooklyn,40.581013,-73.97457,69.0,94.9275,1,13.0,1,16,0,0
2025-05-05 16:00:00,254,Jamaica-179 St (F),Queens,40.712646,-73.78381,495.0,1597.5921,1,11.0,1,16,0,0
2025-05-05 16:00:00,255,169 St (F),Queens,40.71047,-73.7936,378.0,566.1477,1,22.0,1,16,0,0
2025-05-05 16:00:00,256,Parsons Blvd (F),Queens,40.707565,-73.80333,284.0,474.7736,1,20.0,1,16,0,0
2025-05-05 16:00:00,257,Sutphin Blvd (F),Queens,40.70546,-73.81071,198.0,333.3137,1,22.0,1,16,0,0
2025-05-05 16:00:00,258,"Briarwood (E,F)",Queens,40.70918,-73.82057,162.0,383.2327,1,21.0,1,16,0,0
2025-05-05 16:00:00,259,"Kew Gardens-Union Tpke (E,F)",Queens,40.71444,-73.83101,1124.0,1600.2311,1,44.0,1,16,0,0
2025-05-05 16:00:00,260,"75 Av (E,F)",Queens,40.71833,-73.837326,120.0,231.8574,1,22.0,1,16,0,0
2025-05-05 16:00:00,261,"Forest Hills-71 Av (E,F,M,R)",Queens,40.72169,-73.84452,1158.0,1890.7837,1,60.0,1,16,0,0
2025-05-05 16:00:00,262,"67 Av (M,R)",Queens,40.726524,-73.85272,390.0,574.8486,1,33.0,1,16,0,0
2025-05-05 16:00:00,263,"63 Dr-Rego Park (M,R)",Queens,40.729847,-73.8616,553.0,997.3014,1,33.0,1,16,0,0
2025-05-05 16:00:00,264,"Woodhaven Blvd (M,R)",Queens,40.733105,-73.86923,843.0,1480.061,1,35.0,1,16,0,0
2025-05-05 16:00:00,265,"Grand Av-Newtown (M,R)",Queens,40.737015,-73.87722,671.0,1515.1309,1,34.0,1,16,0,0
2025-05-05 16:00:00,266,"Elmhurst Av (M,R)",Queens,40.742455,-73.88202,542.0,1025.0849,1,33.0,1,16,0,0
2025-05-05 16:00:00,268,"65 St (M,R)",Queens,40.74967,-73.89845,125.0,257.1947,1,34.0,1,16,0,0
2025-05-05 16:00:00,269,"Northern Blvd (M,R)",Queens,40.752884,-73.906006,288.0,574.3608,1,36.0,1,16,0,0
2025-05-05 16:00:00,270,"46 St (M,R)",Queens,40.756313,-73.91333,341.0,537.0745000000001,1,34.0,1,16,0,0
2025-05-05 16:00:00,271,"Steinway St (M,R)",Queens,40.756878,-73.92074,604.0,798.4356,1,33.0,1,16,0,0
2025-05-05 16:00:00,272,"36 St (M,R)",Queens,40.75204,-73.92878,312.0,130.883,1,32.0,1,16,0,0
2025-05-05 16:00:00,273,"Queens Plaza (E,F,R)",Queens,40.748974,-73.93724,1345.0,718.2584,1,57.0,1,16,0,0
2025-05-05 16:00:00,276,"5 Av/53 St (E,F)",Manhattan,40.760166,-73.97523,2155.0,323.9366,1,36.0,1,16,0,0
2025-05-05 16:00:00,277,"7 Av (E,B,D)",Manhattan,40.762863,-73.981636,1782.0,690.1262,1,52.0,1,16,0,0
2025-05-05 16:00:00,278,"Jamaica Center-Parsons/Archer (E,J,Z)",Queens,40.70215,-73.80111,1397.0,2146.4586,1,20.0,1,16,0,0
2025-05-05 16:00:00,279,"Sutphin Blvd-Archer Av-JFK Airport (E,J,Z)",Queens,40.700485,-73.80797,1577.0,1893.6637,1,40.0,1,16,0,0
2025-05-05 16:00:00,280,Jamaica-Van Wyck (E),Queens,40.702564,-73.81686,347.0,346.719,1,23.0,1,16,0,0
2025-05-05 16:00:00,282,21 St (G),Queens,40.744064,-73.94972,177.0,75.1767,1,16.0,1,16,0,0
2025-05-05 16:00:00,283,Greenpoint Av (G),Brooklyn,40.731354,-73.95445,601.0,574.2927,1,14.0,1,16,0,0
2025-05-05 16:00:00,284,Nassau Av (G),Brooklyn,40.724636,-73.95128,705.0,611.6382,1,14.0,1,16,0,0
2025-05-05 16:00:00,286,Broadway (G),Brooklyn,40.706093,-73.95031,355.0,251.1399,1,16.0,1,16,0,0
2025-05-05 16:00:00,287,Flushing Av (G),Brooklyn,40.70038,-73.95023,270.0,148.9335,1,15.0,1,16,0,0
2025-05-05 16:00:00,288,Myrtle-Willoughby Avs (G),Brooklyn,40.69457,-73.94904,321.0,325.165,1,14.0,1,16,0,0
2025-05-05 16:00:00,289,Bedford-Nostrand Avs (G),Brooklyn,40.68963,-73.95352,388.0,564.8819,1,14.0,1,16,0,0
2025-05-05 16:00:00,290,Classon Av (G),Brooklyn,40.688873,-73.96007,289.0,323.0588,1,15.0,1,16,0,0
2025-05-05 16:00:00,291,Clinton-Washington Avs (G),Brooklyn,40.688087,-73.96684,390.0,308.2905,1,16.0,1,16,0,0
2025-05-05 16:00:00,292,Fulton St (G),Brooklyn,40.68712,-73.97537,466.0,272.472,1,16.0,1,16,0,0
2025-05-05 16:00:00,293,Van Cortlandt Park-242 St (1),Bronx,40.889248,-73.89858,258.0,543.7147,1,11.0,1,16,0,0
2025-05-05 16:00:00,294,238 St (1),Bronx,40.884666,-73.90087,144.0,381.7504,1,26.0,1,16,0,0
2025-05-05 16:00:00,295,231 St (1),Bronx,40.878857,-73.90483,387.0,674.994,1,27.0,1,16,0,0
2025-05-05 16:00:00,296,Marble Hill-225 St (1),Manhattan,40.87456,-73.90983,206.0,356.0211,1,26.0,1,16,0,0
2025-05-05 16:00:00,297,215 St (1),Manhattan,40.869446,-73.915276,197.0,129.1586,1,26.0,1,16,0,0
2025-05-05 16:00:00,298,207 St (1),Manhattan,40.86462,-73.91882,296.0,365.2114,1,26.0,1,16,0,0
2025-05-05 16:00:00,299,Dyckman St (1),Manhattan,40.86053,-73.92554,331.0,460.6916,1,27.0,1,16,0,0
2025-05-05 16:00:00,300,191 St (1),Manhattan,40.855225,-73.92941,331.0,489.503,1,26.0,1,16,0,0
2025-05-05 16:00:00,301,181 St (1),Manhattan,40.849506,-73.93359,490.0,635.9583,1,26.0,1,16,0,0
2025-05-05 16:00:00,303,157 St (1),Manhattan,40.83404,-73.94489,460.0,639.0125,1,25.0,1,16,0,0
2025-05-05 16:00:00,304,145 St (1),Manhattan,40.82655,-73.95036,379.0,539.3501,1,27.0,1,16,0,0
2025-05-05 16:00:00,305,137 St-City College (1),Manhattan,40.822006,-73.953674,612.0,677.4975000000001,1,26.0,1,16,0,0
2025-05-05 16:00:00,306,125 St (1),Manhattan,40.815582,-73.958374,544.0,440.0092,1,26.0,1,16,0,0
2025-05-05 16:00:00,307,116 St-Columbia University (1),Manhattan,40.80772,-73.96411,1357.0,521.1511,1,26.0,1,16,0,0
2025-05-05 16:00:00,308,Cathedral Pkwy (110 St) (1),Manhattan,40.803967,-73.96685,827.0,649.352,1,26.0,1,16,0,0
2025-05-05 16:00:00,309,103 St (1),Manhattan,40.799446,-73.968376,565.0,716.6650999999999,1,26.0,1,16,0,0
2025-05-05 16:00:00,310,"96 St (1,2,3)",Manhattan,40.79392,-73.97232,2107.0,1860.2115,1,57.0,1,16,0,0
2025-05-05 16:00:00,311,86 St (1),Manhattan,40.788643,-73.97622,1086.0,841.0232,1,26.0,1,16,0,0
2025-05-05 16:00:00,312,79 St (1),Manhattan,40.783936,-73.97992,1124.0,715.5752,1,26.0,1,16,0,0
2025-05-05 16:00:00,313,"72 St (1,2,3)",Manhattan,40.778454,-73.98197,2421.0,1992.8211,1,57.0,1,16,0,0
2025-05-05 16:00:00,314,66 St-Lincoln Center (1),Manhattan,40.77344,-73.98221,1490.0,890.6445,1,26.0,1,16,0,0
2025-05-05 16:00:00,316,50 St (1),Manhattan,40.761726,-73.98385,1911.0,962.1029,1,25.0,1,16,0,0
2025-05-05 16:00:00,318,"34 St-Penn Station (1,2,3)",Manhattan,40.750374,-73.99106,3259.0,4993.7479,1,57.0,1,16,0,0
2025-05-05 16:00:00,319,28 St (1),Manhattan,40.747215,-73.99336,1020.0,564.6576,1,25.0,1,16,0,0
2025-05-05 16:00:00,320,23 St (1),Manhattan,40.74408,-73.99566,821.0,674.6165,1,24.0,1,16,0,0
2025-05-05 16:00:00,321,18 St (1),Manhattan,40.74104,-73.99787,580.0,344.3658,1,26.0,1,16,0,0
2025-05-05 16:00:00,323,Christopher St-Stonewall (1),Manhattan,40.73342,-74.00291,640.0,609.8036,1,25.0,1,16,0,0
2025-05-05 16:00:00,324,Houston St (1),Manhattan,40.728252,-74.00536,1719.0,416.7307,1,25.0,1,16,0,0
2025-05-05 16:00:00,325,Canal St (1),Manhattan,40.722855,-74.00628,335.0,201.278,1,25.0,1,16,0,0
2025-05-05 16:00:00,326,Franklin St (1),Manhattan,40.71932,-74.00689,548.0,235.8988,1,25.0,1,16,0,0
2025-05-05 16:00:00,327,"Chambers St (1,2,3)",Manhattan,40.715477,-74.00927,1820.0,669.0071,1,56.0,1,16,0,0
2025-05-05 16:00:00,328,WTC Cortlandt (1),Manhattan,40.711834,-74.01219,1412.0,819.6722,1,25.0,1,16,0,0
2025-05-05 16:00:00,329,Rector St (1),Manhattan,40.70751,-74.01379,531.0,336.4514,1,24.0,1,16,0,0
2025-05-05 16:00:00,333,"Wall St (2,3)",Manhattan,40.70682,-74.0091,1984.0,655.0995,1,30.0,1,16,0,0
2025-05-05 16:00:00,334,"Clark St (2,3)",Brooklyn,40.697468,-73.99309,339.0,363.1365,1,31.0,1,16,0,0
2025-05-05 16:00:00,336,"Hoyt St (2,3)",Brooklyn,40.690544,-73.98506,403.0,352.4015,1,31.0,1,16,0,0
2025-05-05 16:00:00,337,"Nevins St (2,3,4,5)",Brooklyn,40.688248,-73.98049,678.0,457.9718,1,74.0,1,16,0,0
2025-05-05 16:00:00,339,"Bergen St (2,3)",Brooklyn,40.68083,-73.9751,210.0,291.2609,1,31.0,1,16,0,0
2025-05-05 16:00:00,340,"Grand Army Plaza (2,3)",Brooklyn,40.675236,-73.97105,436.0,457.6595,1,32.0,1,16,0,0
2025-05-05 16:00:00,341,"Eastern Pkwy-Brooklyn Museum (2,3)",Brooklyn,40.671986,-73.96438,194.0,264.6334,1,31.0,1,16,0,0
2025-05-05 16:00:00,343,Nostrand Av (3),Brooklyn,40.669846,-73.95046,161.0,203.7161,1,17.0,1,16,0,0
2025-05-05 16:00:00,344,Kingston Av (3),Brooklyn,40.6694,-73.94216,264.0,240.5704,1,17.0,1,16,0,0
2025-05-05 16:00:00,345,"Crown Hts-Utica Av (3,4)",Brooklyn,40.668896,-73.932945,852.0,1635.5603,1,33.0,1,16,0,0
2025-05-05 16:00:00,346,Sutter Av-Rutland Rd (3),Brooklyn,40.66472,-73.92261,246.0,446.3716,1,19.0,1,16,0,0
2025-05-05 16:00:00,347,Saratoga Av (3),Brooklyn,40.661453,-73.91633,163.0,369.1067,1,19.0,1,16,0,0
2025-05-05 16:00:00,348,Rockaway Av (3),Brooklyn,40.662548,-73.90894,243.0,272.9886,1,19.0,1,16,0,0
2025-05-05 16:00:00,349,Junius St (3),Brooklyn,40.663513,-73.90245,132.0,166.6599,1,19.0,1,16,0,0
2025-05-05 16:00:00,350,Pennsylvania Av (3),Brooklyn,40.664635,-73.8949,150.0,255.4267,1,19.0,1,16,0,0
2025-05-05 16:00:00,351,Van Siclen Av (3),Brooklyn,40.665447,-73.8894,66.0,170.8517,1,19.0,1,16,0,0
2025-05-05 16:00:00,352,New Lots Av (3),Brooklyn,40.666237,-73.88408,176.0,369.7342,1,13.0,1,16,0,0
2025-05-05 16:00:00,353,"President St-Medgar Evers College (2,5)",Brooklyn,40.667885,-73.95068,177.0,221.7099,1,30.0,1,16,0,0
2025-05-05 16:00:00,354,"Sterling St (2,5)",Brooklyn,40.662743,-73.95085,218.0,358.7441,1,29.0,1,16,0,0
2025-05-05 16:00:00,355,"Winthrop St (2,5)",Brooklyn,40.65665,-73.9502,556.0,411.1607,1,28.0,1,16,0,0
2025-05-05 16:00:00,356,"Church Av (2,5)",Brooklyn,40.650845,-73.94958,315.0,623.956,1,31.0,1,16,0,0
2025-05-05 16:00:00,357,"Beverly Rd (2,5)",Brooklyn,40.6451,-73.94896,209.0,317.394,1,30.0,1,16,0,0
2025-05-05 16:00:00,358,"Newkirk Av-Little Haiti (2,5)",Brooklyn,40.63997,-73.94841,260.0,555.9861,1,30.0,1,16,0,0
2025-05-05 16:00:00,359,"Flatbush Av-Brooklyn College (2,5)",Brooklyn,40.632835,-73.94764,677.0,1298.6526,1,15.0,1,16,0,0
2025-05-05 16:00:00,360,Pelham Bay Park (6),Bronx,40.852463,-73.82812,210.0,463.3961,1,11.0,1,16,0,0
2025-05-05 16:00:00,361,Buhre Av (6),Bronx,40.84681,-73.832565,111.0,330.2432,1,18.0,1,16,0,0
2025-05-05 16:00:00,362,Middletown Rd (6),Bronx,40.843864,-73.83632,69.0,159.2868,1,18.0,1,16,0,0
2025-05-05 16:00:00,363,Westchester Sq-E Tremont Av (6),Bronx,40.839893,-73.84295,260.0,261.9165,1,19.0,1,16,0,0
2025-05-05 16:00:00,364,Zerega Av (6),Bronx,40.836487,-73.84704,116.0,177.1825,1,17.0,1,16,0,0
2025-05-05 16:00:00,365,Castle Hill Av (6),Bronx,40.834255,-73.85122,211.0,461.7061,1,18.0,1,16,0,0
2025-05-05 16:00:00,366,Parkchester (6),Bronx,40.833225,-73.86082,363.0,979.497,1,26.0,1,16,0,0
2025-05-05 16:00:00,367,St Lawrence Av (6),Bronx,40.83151,-73.867615,108.0,326.9316,1,27.0,1,16,0,0
2025-05-05 16:00:00,368,Morrison Av-Soundview (6),Bronx,40.82952,-73.87452,172.0,471.3161,1,27.0,1,16,0,0
2025-05-05 16:00:00,369,Elder Av (6),Bronx,40.828583,-73.87916,229.0,483.8599,1,27.0,1,16,0,0
2025-05-05 16:00:00,370,Whitlock Av (6),Bronx,40.826527,-73.886284,57.0,132.1376,1,26.0,1,16,0,0
2025-05-05 16:00:00,371,Hunts Point Av (6),Bronx,40.82095,-73.89055,439.0,687.1256,1,33.0,1,16,0,0
2025-05-05 16:00:00,372,Longwood Av (6),Bronx,40.816105,-73.89644,216.0,203.0523,1,26.0,1,16,0,0
2025-05-05 16:00:00,373,E 149 St (6),Bronx,40.81212,-73.9041,251.0,335.9265,1,27.0,1,16,0,0
2025-05-05 16:00:00,374,E 143 St-St Mary's St (6),Bronx,40.80872,-73.90765,210.0,85.6641,1,27.0,1,16,0,0
2025-05-05 16:00:00,375,Cypress Av (6),Bronx,40.805367,-73.91404,200.0,141.9053,1,26.0,1,16,0,0
2025-05-05 16:00:00,376,Brook Av (6),Bronx,40.807568,-73.91924,301.0,299.0423,1,26.0,1,16,0,0
2025-05-05 16:00:00,377,3 Av-138 St (6),Bronx,40.810474,-73.92614,400.0,453.2384,1,34.0,1,16,0,0
2025-05-05 16:00:00,378,Woodlawn (4),Bronx,40.886036,-73.87875,264.0,475.8188,1,10.0,1,16,0,0
2025-05-05 16:00:00,379,Mosholu Pkwy (4),Bronx,40.87975,-73.88466,386.0,431.4014,1,19.0,1,16,0,0
2025-05-05 16:00:00,380,Bedford Park Blvd-Lehman College (4),Bronx,40.873413,-73.89006,273.0,342.7969,1,23.0,1,16,0,0
2025-05-05 16:00:00,381,Kingsbridge Rd (4),Bronx,40.86776,-73.89717,417.0,548.3863,1,24.0,1,16,0,0
2025-05-05 16:00:00,382,Fordham Rd (4),Bronx,40.862804,-73.90103,348.0,620.8037,1,24.0,1,16,0,0
2025-05-05 16:00:00,383,183 St (4),Bronx,40.858406,-73.90388,182.0,363.7983,1,25.0,1,16,0,0
2025-05-05 16:00:00,384,Burnside Av (4),Bronx,40.853455,-73.907684,369.0,529.1183,1,25.0,1,16,0,0
2025-05-05 16:00:00,385,176 St (4),Bronx,40.84848,-73.9118,230.0,362.9252,1,24.0,1,16,0,0
2025-05-05 16:00:00,386,Mt Eden Av (4),Bronx,40.844433,-73.91469,210.0,266.0628,1,24.0,1,16,0,0
2025-05-05 16:00:00,387,170 St (4),Bronx,40.840076,-73.91779,378.0,483.5656,1,26.0,1,16,0,0
2025-05-05 16:00:00,388,167 St (4),Bronx,40.835537,-73.9214,348.0,625.1842,1,25.0,1,16,0,0
2025-05-05 16:00:00,391,"138 St-Grand Concourse (4,5)",Bronx,40.813225,-73.92985,271.0,180.05,1,43.0,1,16,0,0
2025-05-05 16:00:00,392,"125 St (4,5,6)",Manhattan,40.80414,-73.93759,1809.0,1304.7886,1,83.0,1,16,0,0
2025-05-05 16:00:00,393,116 St (6),Manhattan,40.79863,-73.94162,994.0,765.3299,1,34.0,1,16,0,0
2025-05-05 16:00:00,394,110 St (6),Manhattan,40.79502,-73.94425,673.0,608.3516,1,34.0,1,16,0,0
2025-05-05 16:00:00,395,103 St (6),Manhattan,40.7906,-73.94748,995.0,579.4258,1,35.0,1,16,0,0
2025-05-05 16:00:00,396,96 St (6),Manhattan,40.78567,-73.95107,1798.0,675.6156,1,33.0,1,16,0,0
2025-05-05 16:00:00,397,"86 St (4,5,6)",Manhattan,40.77949,-73.95559,4101.0,2108.6923,1,82.0,1,16,0,0
2025-05-05 16:00:00,398,77 St (6),Manhattan,40.77362,-73.95988,2900.0,1075.5563,1,34.0,1,16,0,0
2025-05-05 16:00:00,399,68 St-Hunter College (6),Manhattan,40.768143,-73.96387,2494.0,841.2649,1,35.0,1,16,0,0
2025-05-05 16:00:00,403,33 St (6),Manhattan,40.746082,-73.98208,2527.0,1060.9253,1,35.0,1,16,0,0
2025-05-05 16:00:00,404,28 St (6),Manhattan,40.74307,-73.98426,1672.0,763.98,1,34.0,1,16,0,0
2025-05-05 16:00:00,405,23 St-Baruch College (6),Manhattan,40.739864,-73.9866,2409.0,1112.07,1,35.0,1,16,0,0
2025-05-05 16:00:00,407,Astor Pl (6),Manhattan,40.730053,-73.99107,1053.0,771.1134,1,35.0,1,16,0,0
2025-05-05 16:00:00,409,Spring St (6),Manhattan,40.7223,-73.99714,764.0,576.8077,1,34.0,1,16,0,0
2025-05-05 16:00:00,413,"Wall St (4,5)",Manhattan,40.707558,-74.01186,1368.0,603.1114,1,45.0,1,16,0,0
2025-05-05 16:00:00,414,"Bowling Green (4,5)",Manhattan,40.70482,-74.01407,2371.0,998.9908,1,46.0,1,16,0,0
2025-05-05 16:00:00,416,Wakefield-241 St (2),Bronx,40.903126,-73.85062,160.0,275.1066,1,10.0,1,16,0,0
2025-05-05 16:00:00,417,"Nereid Av (2,5)",Bronx,40.89838,-73.85438,110.0,218.4512,1,17.0,1,16,0,0
2025-05-05 16:00:00,418,"233 St (2,5)",Bronx,40.893192,-73.857475,123.0,247.8022,1,17.0,1,16,0,0
2025-05-05 16:00:00,419,"225 St (2,5)",Bronx,40.888023,-73.860344,74.0,201.1542,1,18.0,1,16,0,0
2025-05-05 16:00:00,420,"219 St (2,5)",Bronx,40.883896,-73.86263,80.0,186.4036,1,18.0,1,16,0,0
2025-05-05 16:00:00,421,"Gun Hill Rd (2,5)",Bronx,40.87785,-73.86626,259.0,372.4633,1,18.0,1,16,0,0
2025-05-05 16:00:00,422,"Burke Av (2,5)",Bronx,40.871357,-73.867165,85.0,166.5011,1,17.0,1,16,0,0
2025-05-05 16:00:00,423,"Allerton Av (2,5)",Bronx,40.865463,-73.867355,153.0,289.7641,1,18.0,1,16,0,0
2025-05-05 16:00:00,424,"Pelham Pkwy (2,5)",Bronx,40.857193,-73.867615,342.0,507.81,1,18.0,1,16,0,0
2025-05-05 16:00:00,425,"Bronx Park East (2,5)",Bronx,40.848827,-73.868454,84.0,163.54919999999998,1,17.0,1,16,0,0
2025-05-05 16:00:00,426,"E 180 St (2,5)",Bronx,40.841892,-73.87349,280.0,662.6249,1,36.0,1,16,0,0
2025-05-05 16:00:00,427,"West Farms Sq-E Tremont Av (2,5)",Bronx,40.840294,-73.88005,326.0,314.6387,1,35.0,1,16,0,0
2025-05-05 16:00:00,428,"174 St (2,5)",Bronx,40.837288,-73.88773,373.0,384.0579,1,34.0,1,16,0,0
2025-05-05 16:00:00,429,"Freeman St (2,5)",Bronx,40.829994,-73.89187,219.0,289.8199,1,34.0,1,16,0,0
2025-05-05 16:00:00,430,"Simpson St (2,5)",Bronx,40.824074,-73.89307,534.0,467.3721,1,33.0,1,16,0,0
2025-05-05 16:00:00,431,"Intervale Av (2,5)",Bronx,40.82218,-73.896736,170.0,199.6206,1,35.0,1,16,0,0
2025-05-05 16:00:00,432,"Prospect Av (2,5)",Bronx,40.819584,-73.90177,358.0,363.0385,1,36.0,1,16,0,0
2025-05-05 16:00:00,433,"Jackson Av (2,5)",Bronx,40.81649,-73.90781,363.0,321.5001,1,36.0,1,16,0,0
2025-05-05 16:00:00,434,"3 Av-149 St (2,5)",Bronx,40.81611,-73.917755,1286.0,1143.8077,1,40.0,1,16,0,0
2025-05-05 16:00:00,436,Harlem-148 St (3),Manhattan,40.82388,-73.93647,115.0,190.2888,1,7.0,1,16,0,0
2025-05-05 16:00:00,437,145 St (3),Manhattan,40.82042,-73.93625,141.0,199.6251,1,15.0,1,16,0,0
2025-05-05 16:00:00,438,"135 St (2,3)",Manhattan,40.814228,-73.94077,746.0,582.5633,1,31.0,1,16,0,0
2025-05-05 16:00:00,439,"125 St (2,3)",Manhattan,40.807755,-73.945496,1054.0,731.3604,1,32.0,1,16,0,0
2025-05-05 16:00:00,440,"116 St (2,3)",Manhattan,40.802097,-73.94962,400.0,598.3237,1,32.0,1,16,0,0
2025-05-05 16:00:00,441,"110 St-Malcolm X Plaza (2,3)",Manhattan,40.799076,-73.95182,387.0,462.803,1,32.0,1,16,0,0
2025-05-05 16:00:00,442,Eastchester-Dyre Av (5),Bronx,40.8883,-73.83083,127.0,314.6861,1,8.0,1,16,0,0
2025-05-05 16:00:00,443,Baychester Av (5),Bronx,40.878662,-73.83859,107.0,189.6625,1,17.0,1,16,0,0
2025-05-05 16:00:00,444,Gun Hill Rd (5),Bronx,40.869526,-73.84638,99.0,324.1558,1,17.0,1,16,0,0
2025-05-05 16:00:00,445,Pelham Pkwy (5),Bronx,40.858986,-73.85536,118.0,239.686,1,17.0,1,16,0,0
2025-05-05 16:00:00,446,Morris Park (5),Bronx,40.854362,-73.8605,67.0,242.4902,1,16.0,1,16,0,0
2025-05-05 16:00:00,447,Flushing-Main St (7),Queens,40.7596,-73.83003,2610.0,4139.0766,1,16.0,1,16,0,0
2025-05-05 16:00:00,448,Mets-Willets Point (7),Queens,40.754623,-73.84563,199.0,430.6999,1,33.0,1,16,0,0
2025-05-05 16:00:00,449,111 St (7),Queens,40.75173,-73.85533,439.0,1275.704,1,30.0,1,16,0,0
2025-05-05 16:00:00,450,103 St-Corona Plaza (7),Queens,40.749866,-73.8627,717.0,2118.8309,1,30.0,1,16,0,0
2025-05-05 16:00:00,451,Junction Blvd (7),Queens,40.749146,-73.86953,1028.0,2419.2052,1,38.0,1,16,0,0
2025-05-05 16:00:00,452,90 St-Elmhurst Av (7),Queens,40.74841,-73.87661,645.0,1634.2705,1,30.0,1,16,0,0
2025-05-05 16:00:00,453,82 St-Jackson Hts (7),Queens,40.747658,-73.8837,905.0,1062.4974,1,30.0,1,16,0,0
2025-05-05 16:00:00,455,69 St (7),Queens,40.746326,-73.8964,259.0,492.1308,1,38.0,1,16,0,0
2025-05-05 16:00:00,456,61 St-Woodside (7),Queens,40.74563,-73.902985,559.0,1263.7701,1,38.0,1,16,0,0
2025-05-05 16:00:00,457,52 St (7),Queens,40.74415,-73.91255,231.0,511.7909,1,38.0,1,16,0,0
2025-05-05 16:00:00,458,46 St-Bliss St (7),Queens,40.743134,-73.918434,557.0,901.9854,1,39.0,1,16,0,0
2025-05-05 16:00:00,459,40 St-Lowery St (7),Queens,40.743782,-73.92402,673.0,659.4729,1,40.0,1,16,0,0
2025-05-05 16:00:00,460,33 St-Rawson St (7),Queens,40.744587,-73.931,1295.0,333.3395,1,41.0,1,16,0,0
2025-05-05 16:00:00,461,"Queensboro Plaza (7,N,W)",Queens,40.750584,-73.9402,943.0,664.7658,1,38.0,1,16,0,0
2025-05-05 16:00:00,463,Hunters Point Av (7),Queens,40.742214,-73.94891,716.0,211.6606,1,36.0,1,16,0,0
2025-05-05 16:00:00,464,Vernon Blvd-Jackson Av (7),Queens,40.742626,-73.95358,748.0,1115.5931,1,37.0,1,16,0,0
2025-05-05 16:00:00,471,34 St-Hudson Yards (7),Manhattan,40.755882,-74.00191,2606.0,987.9806,1,20.0,1,16,0,0
2025-05-05 16:00:00,475,96 St (Q),Manhattan,40.784317,-73.94715,1174.0,919.059,1,11.0,1,16,0,0
2025-05-05 16:00:00,476,86 St (Q),Manhattan,40.77789,-73.95179,1366.0,1311.4202,1,21.0,1,16,0,0
2025-05-05 16:00:00,477,72 St (Q),Manhattan,40.7688,-73.95843,2967.0,1088.7361,1,21.0,1,16,0,0
2025-05-05 16:00:00,501,St George (SIR),Staten Island,40.64375,-74.07365,570.0,,0,6.0,1,16,0,0
2025-05-05 16:00:00,502,Tompkinsville (SIR),Staten Island,40.636948,-74.07484,57.0,,0,6.0,1,16,0,0
2025-05-05 16:00:00,601,"14 St/6 Av (1,2,3,L,F,M)",Manhattan,40.737797,-73.997734,2932.0,2073.5101,1,118.0,1,16,0,0
2025-05-05 16:00:00,602,"14 St-Union Sq (4,5,6,L,N,Q,R,W)",Manhattan,40.735065,-73.99042,7199.0,4328.2855,1,145.0,1,16,0,0
2025-05-05 16:00:00,603,"149 St-Grand Concourse (2,4,5)",Bronx,40.818394,-73.92703,895.0,559.0419,1,25.0,1,16,0,0
2025-05-05 16:00:00,604,"161 St-Yankee Stadium (4,B,D)",Bronx,40.82795,-73.92574,1249.0,1496.626,1,50.0,1,16,0,0
2025-05-05 16:00:00,605,"168 St-Washington Hts (1,A,C)",Manhattan,40.840637,-73.93985,2050.0,952.2778,1,53.0,1,16,0,0
2025-05-05 16:00:00,606,"Court Sq-23 St (7,E,F,G)",Queens,40.747143,-73.94503,1979.0,1269.2776,1,81.0,1,16,0,0
2025-05-05 16:00:00,607,"34 St-Herald Sq (B,D,F,M,N,Q,R,W)",Manhattan,40.74964,-73.987885,6826.0,5155.2938,1,133.0,1,16,0,0
2025-05-05 16:00:00,608,"4 Av-9 St (F,G,R)",Brooklyn,40.67056,-73.989044,730.0,719.1212,1,52.0,1,16,0,0
2025-05-05 16:00:00,609,"42 St-Bryant Pk/5 Av (7,B,D,F,M)",Manhattan,40.75402,-73.98327,4409.0,1952.4818,1,104.0,1,16,0,0
2025-05-05 16:00:00,610,"Grand Central-42 St (4,5,6,7,S)",Manhattan,40.75199,-73.977356,10833.0,7524.0047,1,133.0,1,16,0,0
2025-05-05 16:00:00,611,"Times Sq-42 St/Port Authority Bus Terminal (1,2,3,7,A,C,E,N,Q,R,W,S)",Manhattan,40.755745,-73.98758,9985.0,11118.9701,1,194.0,1,16,0,0
2025-05-05 16:00:00,612,"Lexington Av/51-53 Sts (6,E,F)",Manhattan,40.757328,-73.97049,5113.0,1870.6266,1,72.0,1,16,0,0
2025-05-05 16:00:00,613,"Lexington Av/59 St (4,5,6,N,R,W)",Manhattan,40.762592,-73.96761,4564.0,1782.8178,1,125.0,1,16,0,0
2025-05-05 16:00:00,614,"59 St-Columbus Circle (1,A,C,B,D)",Manhattan,40.768272,-73.981834,5935.0,3038.5338,1,88.0,1,16,0,0
2025-05-05 16:00:00,615,"62 St/New Utrecht Av (D,N)",Brooklyn,40.625656,-73.99663,297.0,367.3588,1,34.0,1,16,0,0
2025-05-05 16:00:00,616,"Jackson Hts-Roosevelt Av/74 St-Broadway (7,E,F,M,R)",Queens,40.746746,-73.891365,2549.0,4081.935,1,117.0,1,16,0,0
2025-05-05 16:00:00,617,"Atlantic Av-Barclays Ctr (2,3,4,5,B,D,N,Q,R)",Brooklyn,40.684162,-73.97779,2671.0,2684.611,1,152.0,1,16,0,0
2025-05-05 16:00:00,618,"14 St/8 Av (A,C,E,L)",Manhattan,40.740334,-74.00214,3780.0,1965.956,1,69.0,1,16,0,0
2025-05-05 16:00:00,619,"Broadway-Lafayette St/Bleecker St (6,B,D,F,M)",Manhattan,40.725605,-73.99543,2724.0,1999.726,1,100.0,1,16,0,0
2025-05-05 16:00:00,620,"Borough Hall/Court St (2,3,4,5,R)",Brooklyn,40.69324,-73.99064,2916.0,1174.0533,1,93.0,1,16,0,0
2025-05-05 16:00:00,621,"Broadway Junction (A,C,J,Z,L)",Brooklyn,40.678898,-73.90436,317.0,482.8603,1,32.0,1,16,0,0
2025-05-05 16:00:00,622,"Brooklyn Bridge-City Hall/Chambers St (4,5,6,J,Z)",Manhattan,40.713154,-74.00377,3032.0,924.8469,1,78.0,1,16,0,0
2025-05-05 16:00:00,623,"Canal St (6,J,Z,N,Q,R,W)",Manhattan,40.7187,-74.00058,3407.0,1863.568,1,82.0,1,16,0,0
2025-05-05 16:00:00,624,"Chambers St/WTC/Park Place/Cortlandt St (2,3,A,C,E,R,W)",Manhattan,40.712605,-74.00955,5668.0,2208.3268,1,103.0,1,16,0,0
2025-05-05 16:00:00,625,"Delancey St-Essex St (F,M,J,Z)",Manhattan,40.718464,-73.98778,2015.0,1542.3844,1,54.0,1,16,0,0
2025-05-05 16:00:00,626,"Franklin Av-Medgar Evers College/Botanic Garden (2,3,4,5,S)",Brooklyn,40.670513,-73.95869,694.0,871.0825,1,83.0,1,16,0,0
2025-05-05 16:00:00,627,"Franklin Av (C,S)",Brooklyn,40.68099,-73.95634,302.0,319.6449,1,18.0,1,16,0,0
2025-05-05 16:00:00,628,"Fulton St (2,3,4,5,A,C,J,Z)",Manhattan,40.71009,-74.007835,7160.0,3555.7468,1,90.0,1,16,0,0
2025-05-05 16:00:00,629,"Metropolitan Av/Lorimer St (G,L)",Brooklyn,40.71343,-73.95084,730.0,1011.9525,1,42.0,1,16,0,0
2025-05-05 16:00:00,630,"Myrtle-Wyckoff Avs (M,L)",Brooklyn,40.699623,-73.91199,876.0,1691.8207,1,26.0,1,16,0,0
2025-05-05 16:00:00,635,"Whitehall St-South Ferry (1,R,W)",Manhattan,40.702576,-74.01333,2124.0,1421.0314,1,37.0,1,16,0,0
2025-05-05 16:00:00,636,"Jay St-MetroTech (A,C,F,R)",Brooklyn,40.69226,-73.98664,3809.0,1430.4822,1,69.0,1,16,0,0
2025-05-05 17:00:00,1,"Astoria-Ditmars Blvd (N,W)",Queens,40.775036,-73.91203,573.0,1418.9913,1,13.0,1,17,0,0
2025-05-05 17:00:00,2,"Astoria Blvd (N,W)",Queens,40.77026,-73.91785,399.0,1034.4484,1,28.0,1,17,0,0
2025-05-05 17:00:00,3,"30 Av (N,W)",Queens,40.76678,-73.92148,630.0,1321.828,1,28.0,1,17,0,0
2025-05-05 17:00:00,4,"Broadway (N,W)",Queens,40.76182,-73.92551,479.0,1161.0928,1,27.0,1,17,0,0
2025-05-05 17:00:00,5,"36 Av (N,W)",Queens,40.756805,-73.92957,326.0,520.4889,1,28.0,1,17,0,0
2025-05-05 17:00:00,6,"39 Av-Dutch Kills (N,W)",Queens,40.75288,-73.932755,291.0,276.3645,1,27.0,1,17,0,0
2025-05-05 17:00:00,8,"5 Av/59 St (N,R,W)",Manhattan,40.764812,-73.97335,1926.0,390.5933,1,45.0,1,17,0,0
2025-05-05 17:00:00,9,"57 St-7 Av (N,Q,R,W)",Manhattan,40.764664,-73.98066,3650.0,1550.9741,1,64.0,1,17,0,0
2025-05-05 17:00:00,10,"49 St (N,R,W)",Manhattan,40.7599,-73.98414,3099.0,1122.7468,1,45.0,1,17,0,0
2025-05-05 17:00:00,13,"28 St (R,W)",Manhattan,40.745495,-73.98869,1298.0,679.3118,1,31.0,1,17,0,0
2025-05-05 17:00:00,14,"23 St (R,W)",Manhattan,40.741302,-73.98934,2340.0,1012.6687,1,31.0,1,17,0,0
2025-05-05 17:00:00,16,"8 St-NYU (R,W)",Manhattan,40.730328,-73.99263,1474.0,1060.5937,1,31.0,1,17,0,0
2025-05-05 17:00:00,17,"Prince St (R,W)",Manhattan,40.72433,-73.9977,1165.0,646.1965,1,31.0,1,17,0,0
2025-05-05 17:00:00,20,"City Hall (R,W)",Manhattan,40.713284,-74.00698,619.0,179.6585,1,31.0,1,17,0,0
2025-05-05 17:00:00,22,"Rector St (R,W)",Manhattan,40.70722,-74.01334,614.0,262.1277,1,31.0,1,17,0,0
2025-05-05 17:00:00,26,"DeKalb Av (B,Q,R)",Brooklyn,40.690636,-73.98183,1810.0,1612.006,1,51.0,1,17,0,0
2025-05-05 17:00:00,28,Union St (R),Brooklyn,40.677315,-73.98311,558.0,625.7081000000001,1,18.0,1,17,0,0
2025-05-05 17:00:00,30,Prospect Av (R),Brooklyn,40.665413,-73.992874,366.0,514.6037,1,19.0,1,17,0,0
2025-05-05 17:00:00,31,25 St (R),Brooklyn,40.660397,-73.99809,244.0,252.8282,1,19.0,1,17,0,0
2025-05-05 17:00:00,32,"36 St (D,N,R)",Brooklyn,40.655144,-74.00355,1609.0,858.4686,1,50.0,1,17,0,0
2025-05-05 17:00:00,33,45 St (R),Brooklyn,40.648937,-74.01001,384.0,626.2255,1,19.0,1,17,0,0
2025-05-05 17:00:00,34,53 St (R),Brooklyn,40.64507,-74.01403,508.0,652.8409,1,18.0,1,17,0,0
2025-05-05 17:00:00,35,"59 St (N,R)",Brooklyn,40.64136,-74.01788,785.0,1011.9501,1,34.0,1,17,0,0
2025-05-05 17:00:00,36,Bay Ridge Av (R),Brooklyn,40.634968,-74.02338,333.0,648.7941,1,18.0,1,17,0,0
2025-05-05 17:00:00,37,77 St (R),Brooklyn,40.62974,-74.02551,191.0,518.5365,1,18.0,1,17,0,0
2025-05-05 17:00:00,38,86 St (R),Brooklyn,40.62269,-74.0284,491.0,937.6285,1,19.0,1,17,0,0
2025-05-05 17:00:00,39,Bay Ridge-95 St (R),Brooklyn,40.616623,-74.030876,234.0,495.3985,1,9.0,1,17,0,0
2025-05-05 17:00:00,41,"7 Av (B,Q)",Brooklyn,40.67705,-73.97237,568.0,931.7833,1,33.0,1,17,0,0
2025-05-05 17:00:00,42,"Prospect Park (B,Q,S)",Brooklyn,40.661613,-73.96225,402.0,861.5164,1,37.0,1,17,0,0
2025-05-05 17:00:00,43,Parkside Av (Q),Brooklyn,40.655293,-73.961494,278.0,519.6149,1,19.0,1,17,0,0
2025-05-05 17:00:00,44,"Church Av (B,Q)",Brooklyn,40.650528,-73.96298,502.0,1137.2767,1,31.0,1,17,0,0
2025-05-05 17:00:00,45,Beverley Rd (Q),Brooklyn,40.64403,-73.96449,140.0,324.2423,1,17.0,1,17,0,0
2025-05-05 17:00:00,46,Cortelyou Rd (Q),Brooklyn,40.640926,-73.96389,230.0,540.9994,1,17.0,1,17,0,0
2025-05-05 17:00:00,47,"Newkirk Plaza (B,Q)",Brooklyn,40.635082,-73.96279,337.0,905.7359,1,30.0,1,17,0,0
2025-05-05 17:00:00,48,Avenue H (Q),Brooklyn,40.62927,-73.96164,180.0,254.8248,1,17.0,1,17,0,0
2025-05-05 17:00:00,49,Avenue J (Q),Brooklyn,40.62504,-73.9608,334.0,458.5995,1,18.0,1,17,0,0
2025-05-05 17:00:00,50,Avenue M (Q),Brooklyn,40.61762,-73.9594,352.0,439.7484,1,18.0,1,17,0,0
2025-05-05 17:00:00,51,"Kings Hwy (B,Q)",Brooklyn,40.60867,-73.95773,896.0,1712.9813,1,30.0,1,17,0,0
2025-05-05 17:00:00,52,Avenue U (Q),Brooklyn,40.5993,-73.95593,303.0,581.6817,1,17.0,1,17,0,0
2025-05-05 17:00:00,53,Neck Rd (Q),Brooklyn,40.595245,-73.95516,152.0,439.8493,1,17.0,1,17,0,0
2025-05-05 17:00:00,54,"Sheepshead Bay (B,Q)",Brooklyn,40.586895,-73.954155,578.0,1118.5215,1,28.0,1,17,0,0
2025-05-05 17:00:00,55,"Brighton Beach (B,Q)",Brooklyn,40.57762,-73.96137,559.0,752.6304,1,23.0,1,17,0,0
2025-05-05 17:00:00,56,Ocean Pkwy (Q),Brooklyn,40.576313,-73.9685,143.0,198.3417,1,16.0,1,17,0,0
2025-05-05 17:00:00,57,"W 8 St-NY Aquarium (F,Q)",Brooklyn,40.576126,-73.97594,129.0,157.8692,1,30.0,1,17,0,0
2025-05-05 17:00:00,58,"Coney Island-Stillwell Av (D,F,N,Q)",Brooklyn,40.577423,-73.98123,516.0,858.144,1,30.0,1,17,0,0
2025-05-05 17:00:00,59,9 Av (D),Brooklyn,40.646294,-73.99432,243.0,478.0339,1,16.0,1,17,0,0
2025-05-05 17:00:00,60,Fort Hamilton Pkwy (D),Brooklyn,40.640915,-73.9943,275.0,278.8761,1,18.0,1,17,0,0
2025-05-05 17:00:00,61,50 St (D),Brooklyn,40.63626,-73.99479,276.0,177.3766,1,17.0,1,17,0,0
2025-05-05 17:00:00,62,55 St (D),Brooklyn,40.631435,-73.995476,197.0,105.081,1,17.0,1,17,0,0
2025-05-05 17:00:00,64,71 St (D),Brooklyn,40.61959,-73.99886,110.0,498.0297,1,16.0,1,17,0,0
2025-05-05 17:00:00,65,79 St (D),Brooklyn,40.613503,-74.00061,188.0,645.5155,1,15.0,1,17,0,0
2025-05-05 17:00:00,66,18 Av (D),Brooklyn,40.607952,-74.00174,179.0,615.1481,1,16.0,1,17,0,0
2025-05-05 17:00:00,67,20 Av (D),Brooklyn,40.604557,-73.99817,133.0,515.9374,1,15.0,1,17,0,0
2025-05-05 17:00:00,68,Bay Pkwy (D),Brooklyn,40.601875,-73.99373,234.0,641.3859,1,15.0,1,17,0,0
2025-05-05 17:00:00,69,25 Av (D),Brooklyn,40.597706,-73.98683,125.0,391.417,1,15.0,1,17,0,0
2025-05-05 17:00:00,70,Bay 50 St (D),Brooklyn,40.58884,-73.983765,68.0,226.9397,1,15.0,1,17,0,0
2025-05-05 17:00:00,71,8 Av (N),Brooklyn,40.635063,-74.01172,805.0,678.9004,1,14.0,1,17,0,0
2025-05-05 17:00:00,72,Fort Hamilton Pkwy (N),Brooklyn,40.631386,-74.00535,283.0,609.5909,1,15.0,1,17,0,0
2025-05-05 17:00:00,74,18 Av (N),Brooklyn,40.62067,-73.99042,225.0,457.2357,1,16.0,1,17,0,0
2025-05-05 17:00:00,75,20 Av (N),Brooklyn,40.61741,-73.98502,148.0,411.8013,1,17.0,1,17,0,0
2025-05-05 17:00:00,76,Bay Pkwy (N),Brooklyn,40.611816,-73.98185,245.0,672.1237,1,16.0,1,17,0,0
2025-05-05 17:00:00,77,Kings Hwy (N),Brooklyn,40.603924,-73.980354,209.0,578.0853,1,17.0,1,17,0,0
2025-05-05 17:00:00,78,Avenue U (N),Brooklyn,40.597473,-73.97913,141.0,360.1023,1,15.0,1,17,0,0
2025-05-05 17:00:00,79,86 St (N),Brooklyn,40.59272,-73.97823,77.0,206.1072,1,15.0,1,17,0,0
2025-05-05 17:00:00,80,"121 St (J,Z)",Queens,40.700493,-73.82829,129.0,182.974,1,16.0,1,17,0,0
2025-05-05 17:00:00,81,111 St (J),Queens,40.69742,-73.83634,80.0,200.1726,1,16.0,1,17,0,0
2025-05-05 17:00:00,82,"104 St (J,Z)",Queens,40.69518,-73.84433,77.0,227.4451,1,17.0,1,17,0,0
2025-05-05 17:00:00,83,"Woodhaven Blvd (J,Z)",Queens,40.69388,-73.85158,192.0,409.3692,1,17.0,1,17,0,0
2025-05-05 17:00:00,84,85 St-Forest Pkwy (J),Queens,40.692436,-73.86001,43.0,155.4781,1,18.0,1,17,0,0
2025-05-05 17:00:00,85,"75 St-Elderts Ln (J,Z)",Queens,40.691322,-73.86714,103.0,353.858,1,17.0,1,17,0,0
2025-05-05 17:00:00,86,Cypress Hills (J),Brooklyn,40.68994,-73.87255,20.0,34.245400000000004,1,17.0,1,17,0,0
2025-05-05 17:00:00,87,"Crescent St (J,Z)",Brooklyn,40.683193,-73.87379,174.0,334.0926,1,17.0,1,17,0,0
2025-05-05 17:00:00,88,"Norwood Av (J,Z)",Brooklyn,40.68141,-73.880035,74.0,190.5384,1,16.0,1,17,0,0
2025-05-05 17:00:00,89,Cleveland St (J),Brooklyn,40.679947,-73.884636,68.0,170.5247,1,15.0,1,17,0,0
2025-05-05 17:00:00,90,"Van Siclen Av (J,Z)",Brooklyn,40.678024,-73.891685,95.0,220.6464,1,15.0,1,17,0,0
2025-05-05 17:00:00,91,"Alabama Av (J,Z)",Brooklyn,40.67699,-73.89865,141.0,94.546,1,18.0,1,17,0,0
2025-05-05 17:00:00,93,"Chauncey St (J,Z)",Brooklyn,40.68289,-73.91045,104.0,211.8864,1,15.0,1,17,0,0
2025-05-05 17:00:00,94,Halsey St (J),Brooklyn,40.68637,-73.91656,191.0,506.3902,1,15.0,1,17,0,0
2025-05-05 17:00:00,95,"Gates Av (J,Z)",Brooklyn,40.68963,-73.92227,287.0,563.7912,1,15.0,1,17,0,0
2025-05-05 17:00:00,96,Kosciuszko St (J),Brooklyn,40.69334,-73.92882,230.0,456.715,1,15.0,1,17,0,0
2025-05-05 17:00:00,97,"Myrtle Av (M,J,Z)",Brooklyn,40.69721,-73.93565,603.0,941.9495,1,34.0,1,17,0,0
2025-05-05 17:00:00,98,"Flushing Av (M,J)",Brooklyn,40.70026,-73.941124,757.0,410.0235,1,23.0,1,17,0,0
2025-05-05 17:00:00,99,"Lorimer St (M,J)",Brooklyn,40.70387,-73.94741,322.0,310.0421,1,24.0,1,17,0,0
2025-05-05 17:00:00,100,"Hewes St (M,J)",Brooklyn,40.70687,-73.95343,168.0,191.9188,1,24.0,1,17,0,0
2025-05-05 17:00:00,101,"Marcy Av (M,J,Z)",Brooklyn,40.70836,-73.957756,850.0,923.2332,1,36.0,1,17,0,0
2025-05-05 17:00:00,103,"Bowery (J,Z)",Manhattan,40.72028,-73.99391,288.0,209.5549,1,21.0,1,17,0,0
2025-05-05 17:00:00,107,"Broad St (J,Z)",Manhattan,40.706474,-74.011055,944.0,196.7392,1,11.0,1,17,0,0
2025-05-05 17:00:00,108,Middle Village-Metropolitan Av (M),Queens,40.711395,-73.8896,169.0,313.8944,1,7.0,1,17,0,0
2025-05-05 17:00:00,109,Fresh Pond Rd (M),Queens,40.706184,-73.895874,184.0,563.2402,1,14.0,1,17,0,0
2025-05-05 17:00:00,110,Forest Av (M),Queens,40.704422,-73.903076,135.0,435.6602,1,16.0,1,17,0,0
2025-05-05 17:00:00,111,Seneca Av (M),Queens,40.702763,-73.90774,76.0,271.2711,1,16.0,1,17,0,0
2025-05-05 17:00:00,113,Knickerbocker Av (M),Brooklyn,40.698666,-73.91971,180.0,353.9752,1,14.0,1,17,0,0
2025-05-05 17:00:00,114,Central Av (M),Brooklyn,40.697857,-73.9274,147.0,352.4009,1,15.0,1,17,0,0
2025-05-05 17:00:00,118,3 Av (L),Manhattan,40.73285,-73.98612,524.0,440.8565,1,32.0,1,17,0,0
2025-05-05 17:00:00,119,1 Av (L),Manhattan,40.730953,-73.98163,1725.0,1959.0812,1,33.0,1,17,0,0
2025-05-05 17:00:00,120,Bedford Av (L),Brooklyn,40.717304,-73.95687,1813.0,3070.9241,1,33.0,1,17,0,0
2025-05-05 17:00:00,122,Graham Av (L),Brooklyn,40.714565,-73.94405,581.0,861.6936000000001,1,32.0,1,17,0,0
2025-05-05 17:00:00,123,Grand St (L),Brooklyn,40.711926,-73.94067,397.0,470.357,1,33.0,1,17,0,0
2025-05-05 17:00:00,124,Montrose Av (L),Brooklyn,40.70774,-73.93985,391.0,558.4376,1,32.0,1,17,0,0
2025-05-05 17:00:00,125,Morgan Av (L),Brooklyn,40.706154,-73.93314,521.0,572.6328,1,32.0,1,17,0,0
2025-05-05 17:00:00,126,Jefferson St (L),Brooklyn,40.706608,-73.92291,451.0,716.1796,1,32.0,1,17,0,0
2025-05-05 17:00:00,127,DeKalb Av (L),Brooklyn,40.70381,-73.91843,492.0,1139.985,1,32.0,1,17,0,0
2025-05-05 17:00:00,129,Halsey St (L),Queens,40.695602,-73.90408,289.0,774.5186,1,32.0,1,17,0,0
2025-05-05 17:00:00,130,Wilson Av (L),Brooklyn,40.688763,-73.904045,188.0,397.2015,1,32.0,1,17,0,0
2025-05-05 17:00:00,131,Bushwick Av-Aberdeen St (L),Brooklyn,40.68283,-73.90525,96.0,211.8174,1,31.0,1,17,0,0
2025-05-05 17:00:00,133,Atlantic Av (L),Brooklyn,40.675346,-73.9031,166.0,142.4058,1,32.0,1,17,0,0
2025-05-05 17:00:00,134,Sutter Av (L),Brooklyn,40.66937,-73.90198,134.0,179.4855,1,32.0,1,17,0,0
2025-05-05 17:00:00,135,Livonia Av (L),Brooklyn,40.66404,-73.90057,146.0,211.5537,1,31.0,1,17,0,0
2025-05-05 17:00:00,136,New Lots Av (L),Brooklyn,40.658733,-73.89923,127.0,240.5852,1,31.0,1,17,0,0
2025-05-05 17:00:00,137,East 105 St (L),Brooklyn,40.650574,-73.89948,102.0,200.7759,1,31.0,1,17,0,0
2025-05-05 17:00:00,138,Canarsie-Rockaway Pkwy (L),Brooklyn,40.646652,-73.90185,105.0,565.8687,1,14.0,1,17,0,0
2025-05-05 17:00:00,141,Park Pl (S),Brooklyn,40.67477,-73.95763,144.0,133.5704,1,12.0,1,17,0,0
2025-05-05 17:00:00,143,Inwood-207 St (A),Manhattan,40.868073,-73.9199,368.0,660.2252,1,10.0,1,17,0,0
2025-05-05 17:00:00,144,Dyckman St (A),Manhattan,40.86549,-73.92727,270.0,466.8505,1,22.0,1,17,0,0
2025-05-05 17:00:00,145,190 St (A),Manhattan,40.85902,-73.93418,189.0,385.1991,1,22.0,1,17,0,0
2025-05-05 17:00:00,146,181 St (A),Manhattan,40.851696,-73.937965,374.0,857.7923000000001,1,21.0,1,17,0,0
2025-05-05 17:00:00,147,175 St (A),Manhattan,40.84739,-73.939705,382.0,889.121,1,22.0,1,17,0,0
2025-05-05 17:00:00,149,163 St-Amsterdam Av (C),Manhattan,40.836014,-73.939896,147.0,283.4121,1,12.0,1,17,0,0
2025-05-05 17:00:00,150,155 St (C),Manhattan,40.830517,-73.94151,92.0,155.9877,1,12.0,1,17,0,0
2025-05-05 17:00:00,151,"145 St (A,C,B,D)",Manhattan,40.824783,-73.944214,1142.0,1470.1098,1,,0,17,0,0
2025-05-05 17:00:00,152,"135 St (C,B)",Manhattan,40.817894,-73.94765,423.0,334.9919,1,26.0,1,17,0,0
2025-05-05 17:00:00,153,"125 St (A,C,B,D)",Manhattan,40.811108,-73.95235,1851.0,1632.6242,1,66.0,1,17,0,0
2025-05-05 17:00:00,154,"116 St (C,B)",Manhattan,40.805084,-73.95488,361.0,504.0787,1,26.0,1,17,0,0
2025-05-05 17:00:00,155,"Cathedral Pkwy (110 St) (C,B)",Manhattan,40.800602,-73.95816,422.0,557.0972,1,26.0,1,17,0,0
2025-05-05 17:00:00,156,"103 St (C,B)",Manhattan,40.796093,-73.96146,208.0,361.4563,1,26.0,1,17,0,0
2025-05-05 17:00:00,157,"96 St (C,B)",Manhattan,40.79164,-73.9647,949.0,663.8004,1,27.0,1,17,0,0
2025-05-05 17:00:00,158,"86 St (C,B)",Manhattan,40.78587,-73.96892,809.0,732.914,1,26.0,1,17,0,0
2025-05-05 17:00:00,159,"81 St-Museum of Natural History (C,B)",Manhattan,40.781433,-73.972145,2618.0,646.4581000000001,1,26.0,1,17,0,0
2025-05-05 17:00:00,160,"72 St (C,B)",Manhattan,40.775593,-73.97641,713.0,664.221,1,26.0,1,17,0,0
2025-05-05 17:00:00,162,"50 St (C,E)",Manhattan,40.762455,-73.985985,2038.0,1171.3481,1,35.0,1,17,0,0
2025-05-05 17:00:00,164,"34 St-Penn Station (A,C,E)",Manhattan,40.75229,-73.99339,6250.0,5018.0022,1,61.0,1,17,0,0
2025-05-05 17:00:00,165,"23 St (C,E)",Manhattan,40.745907,-73.99804,1797.0,1247.6471,1,38.0,1,17,0,0
2025-05-05 17:00:00,167,"W 4 St-Wash Sq (A,C,E,B,D,F,M)",Manhattan,40.732338,-74.000496,3138.0,3041.6863,1,,0,17,0,0
2025-05-05 17:00:00,168,"Spring St (C,E)",Manhattan,40.726227,-74.00374,1657.0,690.1469999999999,1,36.0,1,17,0,0
2025-05-05 17:00:00,169,"Canal St (A,C,E)",Manhattan,40.720825,-74.005226,2285.0,728.0581,1,60.0,1,17,0,0
2025-05-05 17:00:00,173,"High St (A,C)",Brooklyn,40.699337,-73.99053,756.0,811.8837,1,36.0,1,17,0,0
2025-05-05 17:00:00,175,"Hoyt-Schermerhorn Sts (A,C,G)",Brooklyn,40.688484,-73.985,1068.0,755.0956,1,50.0,1,17,0,0
2025-05-05 17:00:00,176,Lafayette Av (C),Brooklyn,40.68611,-73.973946,306.0,366.9018,1,13.0,1,17,0,0
2025-05-05 17:00:00,177,Clinton-Washington Avs (C),Brooklyn,40.68326,-73.965836,471.0,671.7570000000001,1,12.0,1,17,0,0
2025-05-05 17:00:00,179,"Nostrand Av (A,C)",Brooklyn,40.68044,-73.950424,858.0,1398.3652,1,35.0,1,17,0,0
2025-05-05 17:00:00,180,Kingston-Throop Avs (C),Brooklyn,40.67992,-73.94086,343.0,490.8374,1,13.0,1,17,0,0
2025-05-05 17:00:00,181,"Utica Av (A,C)",Brooklyn,40.679363,-73.93073,590.0,1127.8108,1,35.0,1,17,0,0
2025-05-05 17:00:00,182,Ralph Av (C),Brooklyn,40.67882,-73.920784,175.0,400.0767,1,12.0,1,17,0,0
2025-05-05 17:00:00,183,Rockaway Av (C),Brooklyn,40.67834,-73.91195,162.0,408.6331,1,12.0,1,17,0,0
2025-05-05 17:00:00,185,Liberty Av (C),Brooklyn,40.67454,-73.896545,132.0,151.1505,1,13.0,1,17,0,0
2025-05-05 17:00:00,186,Van Siclen Av (C),Brooklyn,40.67271,-73.89036,74.0,246.5463,1,13.0,1,17,0,0
2025-05-05 17:00:00,187,Shepherd Av (C),Brooklyn,40.67413,-73.88075,59.0,193.5396,1,14.0,1,17,0,0
2025-05-05 17:00:00,188,"Euclid Av (A,C)",Brooklyn,40.675377,-73.87211,285.0,745.0177,1,28.0,1,17,0,0
2025-05-05 17:00:00,189,Grant Av (A),Brooklyn,40.677044,-73.86505,141.0,408.7462,1,21.0,1,17,0,0
2025-05-05 17:00:00,190,80 St (A),Queens,40.67937,-73.85899,85.0,361.1066,1,20.0,1,17,0,0
2025-05-05 17:00:00,191,88 St (A),Queens,40.679844,-73.85147,40.0,259.7864,1,21.0,1,17,0,0
2025-05-05 17:00:00,192,Rockaway Blvd (A),Queens,40.680428,-73.84386,272.0,595.2687,1,20.0,1,17,0,0
2025-05-05 17:00:00,193,104 St (A),Queens,40.68171,-73.837685,45.0,179.3111,1,10.0,1,17,0,0
2025-05-05 17:00:00,194,111 St (A),Queens,40.68433,-73.83216,39.0,240.4994,1,9.0,1,17,0,0
2025-05-05 17:00:00,195,Ozone Park-Lefferts Blvd (A),Queens,40.68595,-73.8258,144.0,620.403,1,4.0,1,17,0,0
2025-05-05 17:00:00,196,Aqueduct Racetrack (A),Queens,40.672096,-73.83592,25.0,49.7266,1,4.0,1,17,0,0
2025-05-05 17:00:00,197,Aqueduct-N Conduit Av (A),Queens,40.668236,-73.83406,25.0,76.0707,1,11.0,1,17,0,0
2025-05-05 17:00:00,198,Howard Beach-JFK Airport (A),Queens,40.660477,-73.8303,421.0,455.4588,1,4.0,1,17,0,0
2025-05-05 17:00:00,210,Norwood-205 St (D),Bronx,40.87481,-73.87885,201.0,448.4603,1,7.0,1,17,0,0
2025-05-05 17:00:00,211,"Bedford Park Blvd (B,D)",Bronx,40.873245,-73.88714,190.0,470.2367,1,22.0,1,17,0,0
2025-05-05 17:00:00,212,"Kingsbridge Rd (B,D)",Bronx,40.866978,-73.89351,174.0,444.0279,1,27.0,1,17,0,0
2025-05-05 17:00:00,213,"Fordham Rd (B,D)",Bronx,40.861298,-73.89775,315.0,555.5393,1,28.0,1,17,0,0
2025-05-05 17:00:00,214,"182-183 Sts (B,D)",Bronx,40.856094,-73.90074,130.0,259.218,1,20.0,1,17,0,0
2025-05-05 17:00:00,215,"Tremont Av (B,D)",Bronx,40.85041,-73.90523,255.0,608.183,1,29.0,1,17,0,0
2025-05-05 17:00:00,216,"174-175 Sts (B,D)",Bronx,40.8459,-73.91013,206.0,234.4037,1,21.0,1,17,0,0
2025-05-05 17:00:00,217,"170 St (B,D)",Bronx,40.839306,-73.9134,176.0,349.5867,1,21.0,1,17,0,0
2025-05-05 17:00:00,218,"167 St (B,D)",Bronx,40.83377,-73.91844,242.0,475.8381,1,22.0,1,17,0,0
2025-05-05 17:00:00,220,"155 St (B,D)",Manhattan,40.830135,-73.93821,77.0,160.4822,1,22.0,1,17,0,0
2025-05-05 17:00:00,221,21 St-Queensbridge (M),Queens,40.754204,-73.94283,797.0,682.1254,1,21.0,1,17,0,0
2025-05-05 17:00:00,222,Roosevelt Island (M),Manhattan,40.759144,-73.95326,409.0,740.9124,1,23.0,1,17,0,0
2025-05-05 17:00:00,223,"Lexington Av/63 St (M,Q)",Manhattan,40.76463,-73.96611,1740.0,992.9176,1,42.0,1,17,0,0
2025-05-05 17:00:00,224,57 St (M),Manhattan,40.763973,-73.97745,1981.0,572.2175,1,23.0,1,17,0,0
2025-05-05 17:00:00,225,"47-50 Sts-Rockefeller Ctr (B,D,F,M)",Manhattan,40.758663,-73.98133,11033.0,1412.2855,1,68.0,1,17,0,0
2025-05-05 17:00:00,228,"23 St (F,M)",Manhattan,40.742878,-73.99282,2670.0,1687.7215,1,37.0,1,17,0,0
2025-05-05 17:00:00,231,"Grand St (B,D)",Manhattan,40.718266,-73.99375,1958.0,1241.7185,1,34.0,1,17,0,0
2025-05-05 17:00:00,232,2 Av (F),Manhattan,40.7234,-73.98994,912.0,1209.5784,1,22.0,1,17,0,0
2025-05-05 17:00:00,234,East Broadway (F),Manhattan,40.713715,-73.99017,1001.0,942.9075,1,22.0,1,17,0,0
2025-05-05 17:00:00,235,York St (F),Brooklyn,40.701397,-73.98675,1231.0,927.6315,1,24.0,1,17,0,0
2025-05-05 17:00:00,236,"Bergen St (F,G)",Brooklyn,40.686146,-73.99086,915.0,821.1061,1,39.0,1,17,0,0
2025-05-05 17:00:00,237,"Carroll St (F,G)",Brooklyn,40.6803,-73.99505,821.0,967.8447,1,37.0,1,17,0,0
2025-05-05 17:00:00,238,"Smith-9 Sts (F,G)",Brooklyn,40.67358,-73.99596,392.0,228.8466,1,37.0,1,17,0,0
2025-05-05 17:00:00,240,"7 Av (F,G)",Brooklyn,40.66627,-73.98031,783.0,973.5818,1,37.0,1,17,0,0
2025-05-05 17:00:00,241,"15 St-Prospect Park (F,G)",Brooklyn,40.660366,-73.97949,342.0,559.5009,1,36.0,1,17,0,0
2025-05-05 17:00:00,242,"Fort Hamilton Pkwy (F,G)",Brooklyn,40.650784,-73.97578,281.0,579.2364,1,37.0,1,17,0,0
2025-05-05 17:00:00,243,"Church Av (F,G)",Brooklyn,40.64404,-73.979675,421.0,688.2274,1,30.0,1,17,0,0
2025-05-05 17:00:00,244,Ditmas Av (F),Brooklyn,40.63612,-73.97817,190.0,299.433,1,23.0,1,17,0,0
2025-05-05 17:00:00,245,18 Av (F),Brooklyn,40.629753,-73.976974,227.0,236.3939,1,23.0,1,17,0,0
2025-05-05 17:00:00,246,Avenue I (F),Brooklyn,40.62532,-73.97613,133.0,97.6943,1,24.0,1,17,0,0
2025-05-05 17:00:00,247,Bay Pkwy (F),Brooklyn,40.62077,-73.975266,45.0,85.4655,1,23.0,1,17,0,0
2025-05-05 17:00:00,248,Avenue N (F),Brooklyn,40.61514,-73.9742,132.0,232.9356,1,22.0,1,17,0,0
2025-05-05 17:00:00,249,Avenue P (F),Brooklyn,40.608944,-73.97302,95.0,228.0778,1,24.0,1,17,0,0
2025-05-05 17:00:00,250,Kings Hwy (F),Brooklyn,40.603218,-73.97236,165.0,274.2442,1,18.0,1,17,0,0
2025-05-05 17:00:00,251,Avenue U (F),Brooklyn,40.59606,-73.97336,112.0,157.3896,1,12.0,1,17,0,0
2025-05-05 17:00:00,252,Avenue X (F),Brooklyn,40.58962,-73.97425,91.0,190.1171,1,11.0,1,17,0,0
2025-05-05 17:00:00,253,Neptune Av (F),Brooklyn,40.581013,-73.97457,72.0,114.0887,1,12.0,1,17,0,0
2025-05-05 17:00:00,254,Jamaica-179 St (F),Queens,40.712646,-73.78381,494.0,1746.3895,1,11.0,1,17,0,0
2025-05-05 17:00:00,255,169 St (F),Queens,40.71047,-73.7936,308.0,586.1775,1,22.0,1,17,0,0
2025-05-05 17:00:00,256,Parsons Blvd (F),Queens,40.707565,-73.80333,239.0,530.5402,1,23.0,1,17,0,0
2025-05-05 17:00:00,257,Sutphin Blvd (F),Queens,40.70546,-73.81071,177.0,314.9911,1,22.0,1,17,0,0
2025-05-05 17:00:00,258,"Briarwood (E,F)",Queens,40.70918,-73.82057,129.0,450.8247,1,22.0,1,17,0,0
2025-05-05 17:00:00,259,"Kew Gardens-Union Tpke (E,F)",Queens,40.71444,-73.83101,1200.0,1896.2442,1,45.0,1,17,0,0
2025-05-05 17:00:00,260,"75 Av (E,F)",Queens,40.71833,-73.837326,175.0,325.9089,1,22.0,1,17,0,0
2025-05-05 17:00:00,261,"Forest Hills-71 Av (E,F,M,R)",Queens,40.72169,-73.84452,1207.0,2303.9758,1,62.0,1,17,0,0
2025-05-05 17:00:00,262,"67 Av (M,R)",Queens,40.726524,-73.85272,287.0,792.3954,1,32.0,1,17,0,0
2025-05-05 17:00:00,263,"63 Dr-Rego Park (M,R)",Queens,40.729847,-73.8616,627.0,1260.727,1,32.0,1,17,0,0
2025-05-05 17:00:00,264,"Woodhaven Blvd (M,R)",Queens,40.733105,-73.86923,850.0,1448.4386,1,31.0,1,17,0,0
2025-05-05 17:00:00,265,"Grand Av-Newtown (M,R)",Queens,40.737015,-73.87722,582.0,1718.8134,1,31.0,1,17,0,0
2025-05-05 17:00:00,266,"Elmhurst Av (M,R)",Queens,40.742455,-73.88202,376.0,1170.2274,1,31.0,1,17,0,0
2025-05-05 17:00:00,268,"65 St (M,R)",Queens,40.74967,-73.89845,118.0,284.9721,1,31.0,1,17,0,0
2025-05-05 17:00:00,269,"Northern Blvd (M,R)",Queens,40.752884,-73.906006,340.0,576.8434,1,30.0,1,17,0,0
2025-05-05 17:00:00,270,"46 St (M,R)",Queens,40.756313,-73.91333,288.0,658.1892,1,31.0,1,17,0,0
2025-05-05 17:00:00,271,"Steinway St (M,R)",Queens,40.756878,-73.92074,564.0,977.4153,1,33.0,1,17,0,0
2025-05-05 17:00:00,272,"36 St (M,R)",Queens,40.75204,-73.92878,357.0,190.5978,1,32.0,1,17,0,0
2025-05-05 17:00:00,273,"Queens Plaza (E,F,R)",Queens,40.748974,-73.93724,1354.0,1073.2885,1,55.0,1,17,0,0
2025-05-05 17:00:00,276,"5 Av/53 St (E,F)",Manhattan,40.760166,-73.97523,4220.0,349.1465,1,39.0,1,17,0,0
2025-05-05 17:00:00,277,"7 Av (E,B,D)",Manhattan,40.762863,-73.981636,2640.0,734.4305,1,56.0,1,17,0,0
2025-05-05 17:00:00,278,"Jamaica Center-Parsons/Archer (E,J,Z)",Queens,40.70215,-73.80111,1458.0,2076.6255,1,19.0,1,17,0,0
2025-05-05 17:00:00,279,"Sutphin Blvd-Archer Av-JFK Airport (E,J,Z)",Queens,40.700485,-73.80797,1522.0,1808.4712,1,39.0,1,17,0,0
2025-05-05 17:00:00,280,Jamaica-Van Wyck (E),Queens,40.702564,-73.81686,273.0,330.9157,1,22.0,1,17,0,0
2025-05-05 17:00:00,282,21 St (G),Queens,40.744064,-73.94972,214.0,121.2442,1,14.0,1,17,0,0
2025-05-05 17:00:00,283,Greenpoint Av (G),Brooklyn,40.731354,-73.95445,664.0,813.823,1,15.0,1,17,0,0
2025-05-05 17:00:00,284,Nassau Av (G),Brooklyn,40.724636,-73.95128,863.0,815.3221,1,16.0,1,17,0,0
2025-05-05 17:00:00,286,Broadway (G),Brooklyn,40.706093,-73.95031,301.0,294.774,1,14.0,1,17,0,0
2025-05-05 17:00:00,287,Flushing Av (G),Brooklyn,40.70038,-73.95023,351.0,146.0626,1,15.0,1,17,0,0
2025-05-05 17:00:00,288,Myrtle-Willoughby Avs (G),Brooklyn,40.69457,-73.94904,304.0,397.7554,1,15.0,1,17,0,0
2025-05-05 17:00:00,289,Bedford-Nostrand Avs (G),Brooklyn,40.68963,-73.95352,451.0,740.8602,1,15.0,1,17,0,0
2025-05-05 17:00:00,290,Classon Av (G),Brooklyn,40.688873,-73.96007,328.0,432.6513,1,16.0,1,17,0,0
2025-05-05 17:00:00,291,Clinton-Washington Avs (G),Brooklyn,40.688087,-73.96684,426.0,432.262,1,14.0,1,17,0,0
2025-05-05 17:00:00,292,Fulton St (G),Brooklyn,40.68712,-73.97537,475.0,318.7144,1,14.0,1,17,0,0
2025-05-05 17:00:00,293,Van Cortlandt Park-242 St (1),Bronx,40.889248,-73.89858,203.0,491.0326,1,14.0,1,17,0,0
2025-05-05 17:00:00,294,238 St (1),Bronx,40.884666,-73.90087,145.0,369.3053,1,28.0,1,17,0,0
2025-05-05 17:00:00,295,231 St (1),Bronx,40.878857,-73.90483,327.0,693.812,1,27.0,1,17,0,0
2025-05-05 17:00:00,296,Marble Hill-225 St (1),Manhattan,40.87456,-73.90983,200.0,338.6329,1,28.0,1,17,0,0
2025-05-05 17:00:00,297,215 St (1),Manhattan,40.869446,-73.915276,100.0,140.801,1,28.0,1,17,0,0
2025-05-05 17:00:00,298,207 St (1),Manhattan,40.86462,-73.91882,241.0,321.6716,1,28.0,1,17,0,0
2025-05-05 17:00:00,299,Dyckman St (1),Manhattan,40.86053,-73.92554,260.0,466.908,1,28.0,1,17,0,0
2025-05-05 17:00:00,300,191 St (1),Manhattan,40.855225,-73.92941,315.0,531.2717,1,28.0,1,17,0,0
2025-05-05 17:00:00,301,181 St (1),Manhattan,40.849506,-73.93359,528.0,639.4731,1,29.0,1,17,0,0
2025-05-05 17:00:00,303,157 St (1),Manhattan,40.83404,-73.94489,454.0,690.547,1,29.0,1,17,0,0
2025-05-05 17:00:00,304,145 St (1),Manhattan,40.82655,-73.95036,386.0,620.4793,1,28.0,1,17,0,0
2025-05-05 17:00:00,305,137 St-City College (1),Manhattan,40.822006,-73.953674,635.0,745.7595,1,28.0,1,17,0,0
2025-05-05 17:00:00,306,125 St (1),Manhattan,40.815582,-73.958374,646.0,486.855,1,29.0,1,17,0,0
2025-05-05 17:00:00,307,116 St-Columbia University (1),Manhattan,40.80772,-73.96411,1708.0,611.0804,1,28.0,1,17,0,0
2025-05-05 17:00:00,308,Cathedral Pkwy (110 St) (1),Manhattan,40.803967,-73.96685,847.0,796.377,1,29.0,1,17,0,0
2025-05-05 17:00:00,309,103 St (1),Manhattan,40.799446,-73.968376,694.0,877.8581,1,29.0,1,17,0,0
2025-05-05 17:00:00,310,"96 St (1,2,3)",Manhattan,40.79392,-73.97232,2259.0,2572.577,1,66.0,1,17,0,0
2025-05-05 17:00:00,311,86 St (1),Manhattan,40.788643,-73.97622,1168.0,1197.9637,1,29.0,1,17,0,0
2025-05-05 17:00:00,312,79 St (1),Manhattan,40.783936,-73.97992,1135.0,931.4661,1,29.0,1,17,0,0
2025-05-05 17:00:00,313,"72 St (1,2,3)",Manhattan,40.778454,-73.98197,2621.0,2888.9161,1,66.0,1,17,0,0
2025-05-05 17:00:00,314,66 St-Lincoln Center (1),Manhattan,40.77344,-73.98221,1616.0,1159.6455,1,29.0,1,17,0,0
2025-05-05 17:00:00,316,50 St (1),Manhattan,40.761726,-73.98385,3154.0,1028.4652,1,30.0,1,17,0,0
2025-05-05 17:00:00,318,"34 St-Penn Station (1,2,3)",Manhattan,40.750374,-73.99106,4607.0,5401.4152,1,67.0,1,17,0,0
2025-05-05 17:00:00,319,28 St (1),Manhattan,40.747215,-73.99336,1432.0,754.1048,1,30.0,1,17,0,0
2025-05-05 17:00:00,320,23 St (1),Manhattan,40.74408,-73.99566,1093.0,819.4876,1,30.0,1,17,0,0
2025-05-05 17:00:00,321,18 St (1),Manhattan,40.74104,-73.99787,799.0,429.8701,1,29.0,1,17,0,0
2025-05-05 17:00:00,323,Christopher St-Stonewall (1),Manhattan,40.73342,-74.00291,648.0,893.614,1,30.0,1,17,0,0
2025-05-05 17:00:00,324,Houston St (1),Manhattan,40.728252,-74.00536,2500.0,585.1043,1,29.0,1,17,0,0
2025-05-05 17:00:00,325,Canal St (1),Manhattan,40.722855,-74.00628,504.0,246.3268,1,30.0,1,17,0,0
2025-05-05 17:00:00,326,Franklin St (1),Manhattan,40.71932,-74.00689,742.0,277.6374,1,30.0,1,17,0,0
2025-05-05 17:00:00,327,"Chambers St (1,2,3)",Manhattan,40.715477,-74.00927,2344.0,794.5091,1,68.0,1,17,0,0
2025-05-05 17:00:00,328,WTC Cortlandt (1),Manhattan,40.711834,-74.01219,2060.0,1009.1912,1,30.0,1,17,0,0
2025-05-05 17:00:00,329,Rector St (1),Manhattan,40.70751,-74.01379,654.0,425.4597,1,30.0,1,17,0,0
2025-05-05 17:00:00,333,"Wall St (2,3)",Manhattan,40.70682,-74.0091,2601.0,885.7837,1,38.0,1,17,0,0
2025-05-05 17:00:00,334,"Clark St (2,3)",Brooklyn,40.697468,-73.99309,363.0,530.3782,1,37.0,1,17,0,0
2025-05-05 17:00:00,336,"Hoyt St (2,3)",Brooklyn,40.690544,-73.98506,467.0,419.9916,1,36.0,1,17,0,0
2025-05-05 17:00:00,337,"Nevins St (2,3,4,5)",Brooklyn,40.688248,-73.98049,675.0,631.1032,1,81.0,1,17,0,0
2025-05-05 17:00:00,339,"Bergen St (2,3)",Brooklyn,40.68083,-73.9751,298.0,425.6305,1,36.0,1,17,0,0
2025-05-05 17:00:00,340,"Grand Army Plaza (2,3)",Brooklyn,40.675236,-73.97105,468.0,645.6969,1,35.0,1,17,0,0
2025-05-05 17:00:00,341,"Eastern Pkwy-Brooklyn Museum (2,3)",Brooklyn,40.671986,-73.96438,252.0,357.1404,1,37.0,1,17,0,0
2025-05-05 17:00:00,343,Nostrand Av (3),Brooklyn,40.669846,-73.95046,269.0,259.3212,1,19.0,1,17,0,0
2025-05-05 17:00:00,344,Kingston Av (3),Brooklyn,40.6694,-73.94216,249.0,338.9059,1,19.0,1,17,0,0
2025-05-05 17:00:00,345,"Crown Hts-Utica Av (3,4)",Brooklyn,40.668896,-73.932945,820.0,1893.7488,1,33.0,1,17,0,0
2025-05-05 17:00:00,346,Sutter Av-Rutland Rd (3),Brooklyn,40.66472,-73.92261,192.0,441.9268,1,17.0,1,17,0,0
2025-05-05 17:00:00,347,Saratoga Av (3),Brooklyn,40.661453,-73.91633,120.0,372.4616,1,17.0,1,17,0,0
2025-05-05 17:00:00,348,Rockaway Av (3),Brooklyn,40.662548,-73.90894,171.0,266.3456,1,16.0,1,17,0,0
2025-05-05 17:00:00,349,Junius St (3),Brooklyn,40.663513,-73.90245,109.0,145.1175,1,16.0,1,17,0,0
2025-05-05 17:00:00,350,Pennsylvania Av (3),Brooklyn,40.664635,-73.8949,132.0,231.5648,1,17.0,1,17,0,0
2025-05-05 17:00:00,351,Van Siclen Av (3),Brooklyn,40.665447,-73.8894,60.0,170.5613,1,17.0,1,17,0,0
2025-05-05 17:00:00,352,New Lots Av (3),Brooklyn,40.666237,-73.88408,174.0,339.8102,1,9.0,1,17,0,0
2025-05-05 17:00:00,353,"President St-Medgar Evers College (2,5)",Brooklyn,40.667885,-73.95068,157.0,278.2558,1,33.0,1,17,0,0
2025-05-05 17:00:00,354,"Sterling St (2,5)",Brooklyn,40.662743,-73.95085,253.0,470.6924,1,35.0,1,17,0,0
2025-05-05 17:00:00,355,"Winthrop St (2,5)",Brooklyn,40.65665,-73.9502,530.0,501.0359,1,36.0,1,17,0,0
2025-05-05 17:00:00,356,"Church Av (2,5)",Brooklyn,40.650845,-73.94958,314.0,711.3622,1,34.0,1,17,0,0
2025-05-05 17:00:00,357,"Beverly Rd (2,5)",Brooklyn,40.6451,-73.94896,147.0,369.3841,1,34.0,1,17,0,0
2025-05-05 17:00:00,358,"Newkirk Av-Little Haiti (2,5)",Brooklyn,40.63997,-73.94841,232.0,590.3855,1,33.0,1,17,0,0
2025-05-05 17:00:00,359,"Flatbush Av-Brooklyn College (2,5)",Brooklyn,40.632835,-73.94764,794.0,1464.3043,1,17.0,1,17,0,0
2025-05-05 17:00:00,360,Pelham Bay Park (6),Bronx,40.852463,-73.82812,163.0,397.315,1,8.0,1,17,0,0
2025-05-05 17:00:00,361,Buhre Av (6),Bronx,40.84681,-73.832565,66.0,333.4031,1,16.0,1,17,0,0
2025-05-05 17:00:00,362,Middletown Rd (6),Bronx,40.843864,-73.83632,41.0,177.1201,1,17.0,1,17,0,0
2025-05-05 17:00:00,363,Westchester Sq-E Tremont Av (6),Bronx,40.839893,-73.84295,248.0,239.4849,1,17.0,1,17,0,0
2025-05-05 17:00:00,364,Zerega Av (6),Bronx,40.836487,-73.84704,93.0,167.7412,1,18.0,1,17,0,0
2025-05-05 17:00:00,365,Castle Hill Av (6),Bronx,40.834255,-73.85122,173.0,469.8752,1,18.0,1,17,0,0
2025-05-05 17:00:00,366,Parkchester (6),Bronx,40.833225,-73.86082,284.0,1002.6787,1,25.0,1,17,0,0
2025-05-05 17:00:00,367,St Lawrence Av (6),Bronx,40.83151,-73.867615,91.0,330.1983,1,24.0,1,17,0,0
2025-05-05 17:00:00,368,Morrison Av-Soundview (6),Bronx,40.82952,-73.87452,150.0,462.4712,1,24.0,1,17,0,0
2025-05-05 17:00:00,369,Elder Av (6),Bronx,40.828583,-73.87916,156.0,429.0793,1,25.0,1,17,0,0
2025-05-05 17:00:00,370,Whitlock Av (6),Bronx,40.826527,-73.886284,54.0,123.0422,1,24.0,1,17,0,0
2025-05-05 17:00:00,371,Hunts Point Av (6),Bronx,40.82095,-73.89055,449.0,626.3206,1,34.0,1,17,0,0
2025-05-05 17:00:00,372,Longwood Av (6),Bronx,40.816105,-73.89644,204.0,155.22299999999998,1,25.0,1,17,0,0
2025-05-05 17:00:00,373,E 149 St (6),Bronx,40.81212,-73.9041,193.0,304.3735,1,24.0,1,17,0,0
2025-05-05 17:00:00,374,E 143 St-St Mary's St (6),Bronx,40.80872,-73.90765,106.0,79.0393,1,24.0,1,17,0,0
2025-05-05 17:00:00,375,Cypress Av (6),Bronx,40.805367,-73.91404,147.0,152.3983,1,24.0,1,17,0,0
2025-05-05 17:00:00,376,Brook Av (6),Bronx,40.807568,-73.91924,284.0,287.8915,1,24.0,1,17,0,0
2025-05-05 17:00:00,377,3 Av-138 St (6),Bronx,40.810474,-73.92614,346.0,481.5255,1,35.0,1,17,0,0
2025-05-05 17:00:00,378,Woodlawn (4),Bronx,40.886036,-73.87875,232.0,428.7525,1,9.0,1,17,0,0
2025-05-05 17:00:00,379,Mosholu Pkwy (4),Bronx,40.87975,-73.88466,371.0,393.664,1,19.0,1,17,0,0
2025-05-05 17:00:00,380,Bedford Park Blvd-Lehman College (4),Bronx,40.873413,-73.89006,225.0,303.3067,1,20.0,1,17,0,0
2025-05-05 17:00:00,381,Kingsbridge Rd (4),Bronx,40.86776,-73.89717,315.0,541.1498,1,19.0,1,17,0,0
2025-05-05 17:00:00,382,Fordham Rd (4),Bronx,40.862804,-73.90103,297.0,529.9604,1,20.0,1,17,0,0
2025-05-05 17:00:00,383,183 St (4),Bronx,40.858406,-73.90388,144.0,334.4796,1,19.0,1,17,0,0
2025-05-05 17:00:00,384,Burnside Av (4),Bronx,40.853455,-73.907684,364.0,503.5655,1,20.0,1,17,0,0
2025-05-05 17:00:00,385,176 St (4),Bronx,40.84848,-73.9118,207.0,345.2131,1,21.0,1,17,0,0
2025-05-05 17:00:00,386,Mt Eden Av (4),Bronx,40.844433,-73.91469,183.0,274.2584,1,21.0,1,17,0,0
2025-05-05 17:00:00,387,170 St (4),Bronx,40.840076,-73.91779,349.0,450.7907,1,20.0,1,17,0,0
2025-05-05 17:00:00,388,167 St (4),Bronx,40.835537,-73.9214,299.0,609.0344,1,20.0,1,17,0,0
2025-05-05 17:00:00,391,"138 St-Grand Concourse (4,5)",Bronx,40.813225,-73.92985,238.0,207.9179,1,30.0,1,17,0,0
2025-05-05 17:00:00,392,"125 St (4,5,6)",Manhattan,40.80414,-73.93759,1679.0,1260.3445,1,76.0,1,17,0,0
2025-05-05 17:00:00,393,116 St (6),Manhattan,40.79863,-73.94162,742.0,791.7944,1,35.0,1,17,0,0
2025-05-05 17:00:00,394,110 St (6),Manhattan,40.79502,-73.94425,613.0,681.7056,1,36.0,1,17,0,0
2025-05-05 17:00:00,395,103 St (6),Manhattan,40.7906,-73.94748,1016.0,667.2111,1,35.0,1,17,0,0
2025-05-05 17:00:00,396,96 St (6),Manhattan,40.78567,-73.95107,1740.0,905.5482,1,37.0,1,17,0,0
2025-05-05 17:00:00,397,"86 St (4,5,6)",Manhattan,40.77949,-73.95559,4130.0,2787.3507,1,78.0,1,17,0,0
2025-05-05 17:00:00,398,77 St (6),Manhattan,40.77362,-73.95988,2923.0,1481.9215,1,36.0,1,17,0,0
2025-05-05 17:00:00,399,68 St-Hunter College (6),Manhattan,40.768143,-73.96387,2995.0,966.0562,1,36.0,1,17,0,0
2025-05-05 17:00:00,403,33 St (6),Manhattan,40.746082,-73.98208,3011.0,1424.6131,1,36.0,1,17,0,0
2025-05-05 17:00:00,404,28 St (6),Manhattan,40.74307,-73.98426,2085.0,1001.2157,1,36.0,1,17,0,0
2025-05-05 17:00:00,405,23 St-Baruch College (6),Manhattan,40.739864,-73.9866,3169.0,1493.9411,1,35.0,1,17,0,0
2025-05-05 17:00:00,407,Astor Pl (6),Manhattan,40.730053,-73.99107,1217.0,1139.715,1,35.0,1,17,0,0
2025-05-05 17:00:00,409,Spring St (6),Manhattan,40.7223,-73.99714,855.0,679.3195,1,35.0,1,17,0,0
2025-05-05 17:00:00,413,"Wall St (4,5)",Manhattan,40.707558,-74.01186,2138.0,801.489,1,50.0,1,17,0,0
2025-05-05 17:00:00,414,"Bowling Green (4,5)",Manhattan,40.70482,-74.01407,2707.0,955.1189,1,47.0,1,17,0,0
2025-05-05 17:00:00,416,Wakefield-241 St (2),Bronx,40.903126,-73.85062,188.0,228.1008,1,9.0,1,17,0,0
2025-05-05 17:00:00,417,"Nereid Av (2,5)",Bronx,40.89838,-73.85438,81.0,210.318,1,17.0,1,17,0,0
2025-05-05 17:00:00,418,"233 St (2,5)",Bronx,40.893192,-73.857475,139.0,239.5742,1,20.0,1,17,0,0
2025-05-05 17:00:00,419,"225 St (2,5)",Bronx,40.888023,-73.860344,71.0,198.0247,1,21.0,1,17,0,0
2025-05-05 17:00:00,420,"219 St (2,5)",Bronx,40.883896,-73.86263,97.0,168.6571,1,21.0,1,17,0,0
2025-05-05 17:00:00,421,"Gun Hill Rd (2,5)",Bronx,40.87785,-73.86626,283.0,328.582,1,20.0,1,17,0,0
2025-05-05 17:00:00,422,"Burke Av (2,5)",Bronx,40.871357,-73.867165,87.0,183.9729,1,20.0,1,17,0,0
2025-05-05 17:00:00,423,"Allerton Av (2,5)",Bronx,40.865463,-73.867355,124.0,318.2493,1,20.0,1,17,0,0
2025-05-05 17:00:00,424,"Pelham Pkwy (2,5)",Bronx,40.857193,-73.867615,267.0,514.8886,1,21.0,1,17,0,0
2025-05-05 17:00:00,425,"Bronx Park East (2,5)",Bronx,40.848827,-73.868454,64.0,174.4557,1,22.0,1,17,0,0
2025-05-05 17:00:00,426,"E 180 St (2,5)",Bronx,40.841892,-73.87349,265.0,615.004,1,36.0,1,17,0,0
2025-05-05 17:00:00,427,"West Farms Sq-E Tremont Av (2,5)",Bronx,40.840294,-73.88005,236.0,292.1955,1,24.0,1,17,0,0
2025-05-05 17:00:00,428,"174 St (2,5)",Bronx,40.837288,-73.88773,304.0,361.3006,1,24.0,1,17,0,0
2025-05-05 17:00:00,429,"Freeman St (2,5)",Bronx,40.829994,-73.89187,137.0,277.037,1,25.0,1,17,0,0
2025-05-05 17:00:00,430,"Simpson St (2,5)",Bronx,40.824074,-73.89307,410.0,456.5959,1,25.0,1,17,0,0
2025-05-05 17:00:00,431,"Intervale Av (2,5)",Bronx,40.82218,-73.896736,141.0,162.5556,1,24.0,1,17,0,0
2025-05-05 17:00:00,432,"Prospect Av (2,5)",Bronx,40.819584,-73.90177,290.0,361.7047,1,23.0,1,17,0,0
2025-05-05 17:00:00,433,"Jackson Av (2,5)",Bronx,40.81649,-73.90781,253.0,299.7223,1,25.0,1,17,0,0
2025-05-05 17:00:00,434,"3 Av-149 St (2,5)",Bronx,40.81611,-73.917755,1136.0,1018.6558,1,39.0,1,17,0,0
2025-05-05 17:00:00,436,Harlem-148 St (3),Manhattan,40.82388,-73.93647,105.0,224.2716,1,7.0,1,17,0,0
2025-05-05 17:00:00,437,145 St (3),Manhattan,40.82042,-73.93625,137.0,208.3238,1,16.0,1,17,0,0
2025-05-05 17:00:00,438,"135 St (2,3)",Manhattan,40.814228,-73.94077,684.0,695.3502,1,36.0,1,17,0,0
2025-05-05 17:00:00,439,"125 St (2,3)",Manhattan,40.807755,-73.945496,1028.0,763.6434,1,36.0,1,17,0,0
2025-05-05 17:00:00,440,"116 St (2,3)",Manhattan,40.802097,-73.94962,491.0,650.668,1,36.0,1,17,0,0
2025-05-05 17:00:00,441,"110 St-Malcolm X Plaza (2,3)",Manhattan,40.799076,-73.95182,383.0,499.2987,1,35.0,1,17,0,0
2025-05-05 17:00:00,442,Eastchester-Dyre Av (5),Bronx,40.8883,-73.83083,140.0,296.6179,1,7.0,1,17,0,0
2025-05-05 17:00:00,443,Baychester Av (5),Bronx,40.878662,-73.83859,81.0,200.6244,1,13.0,1,17,0,0
2025-05-05 17:00:00,444,Gun Hill Rd (5),Bronx,40.869526,-73.84638,91.0,362.9363,1,14.0,1,17,0,0
2025-05-05 17:00:00,445,Pelham Pkwy (5),Bronx,40.858986,-73.85536,110.0,221.772,1,14.0,1,17,0,0
2025-05-05 17:00:00,446,Morris Park (5),Bronx,40.854362,-73.8605,57.0,250.7761,1,14.0,1,17,0,0
2025-05-05 17:00:00,447,Flushing-Main St (7),Queens,40.7596,-73.83003,2768.0,4630.7739,1,20.0,1,17,0,0
2025-05-05 17:00:00,448,Mets-Willets Point (7),Queens,40.754623,-73.84563,193.0,864.7488,1,39.0,1,17,0,0
2025-05-05 17:00:00,449,111 St (7),Queens,40.75173,-73.85533,346.0,1141.2402,1,33.0,1,17,0,0
2025-05-05 17:00:00,450,103 St-Corona Plaza (7),Queens,40.749866,-73.8627,594.0,1869.7982,1,34.0,1,17,0,0
2025-05-05 17:00:00,451,Junction Blvd (7),Queens,40.749146,-73.86953,899.0,2225.9021,1,45.0,1,17,0,0
2025-05-05 17:00:00,452,90 St-Elmhurst Av (7),Queens,40.74841,-73.87661,632.0,1533.563,1,34.0,1,17,0,0
2025-05-05 17:00:00,453,82 St-Jackson Hts (7),Queens,40.747658,-73.8837,821.0,1086.5616,1,35.0,1,17,0,0
2025-05-05 17:00:00,455,69 St (7),Queens,40.746326,-73.8964,248.0,537.6923,1,47.0,1,17,0,0
2025-05-05 17:00:00,456,61 St-Woodside (7),Queens,40.74563,-73.902985,592.0,1262.2192,1,47.0,1,17,0,0
2025-05-05 17:00:00,457,52 St (7),Queens,40.74415,-73.91255,290.0,654.2900999999999,1,49.0,1,17,0,0
2025-05-05 17:00:00,458,46 St-Bliss St (7),Queens,40.743134,-73.918434,567.0,1082.9794,1,49.0,1,17,0,0
2025-05-05 17:00:00,459,40 St-Lowery St (7),Queens,40.743782,-73.92402,487.0,840.513,1,51.0,1,17,0,0
2025-05-05 17:00:00,460,33 St-Rawson St (7),Queens,40.744587,-73.931,1128.0,467.045,1,51.0,1,17,0,0
2025-05-05 17:00:00,461,"Queensboro Plaza (7,N,W)",Queens,40.750584,-73.9402,980.0,954.7214,1,47.0,1,17,0,0
2025-05-05 17:00:00,463,Hunters Point Av (7),Queens,40.742214,-73.94891,537.0,215.4261,1,51.0,1,17,0,0
2025-05-05 17:00:00,464,Vernon Blvd-Jackson Av (7),Queens,40.742626,-73.95358,838.0,1822.8876,1,50.0,1,17,0,0
2025-05-05 17:00:00,471,34 St-Hudson Yards (7),Manhattan,40.755882,-74.00191,4341.0,1166.5797,1,26.0,1,17,0,0
2025-05-05 17:00:00,475,96 St (Q),Manhattan,40.784317,-73.94715,1107.0,1328.2663,1,10.0,1,17,0,0
2025-05-05 17:00:00,476,86 St (Q),Manhattan,40.77789,-73.95179,1760.0,2214.2215,1,20.0,1,17,0,0
2025-05-05 17:00:00,477,72 St (Q),Manhattan,40.7688,-73.95843,3559.0,1737.699,1,19.0,1,17,0,0
2025-05-05 17:00:00,501,St George (SIR),Staten Island,40.64375,-74.07365,1006.0,,0,6.0,1,17,0,0
2025-05-05 17:00:00,502,Tompkinsville (SIR),Staten Island,40.636948,-74.07484,29.0,,0,6.0,1,17,0,0
2025-05-05 17:00:00,601,"14 St/6 Av (1,2,3,L,F,M)",Manhattan,40.737797,-73.997734,3484.0,2670.2201,1,137.0,1,17,0,0
2025-05-05 17:00:00,602,"14 St-Union Sq (4,5,6,L,N,Q,R,W)",Manhattan,40.735065,-73.99042,8186.0,5357.7768,1,150.0,1,17,0,0
2025-05-05 17:00:00,603,"149 St-Grand Concourse (2,4,5)",Bronx,40.818394,-73.92703,718.0,526.7757,1,20.0,1,17,0,0
2025-05-05 17:00:00,604,"161 St-Yankee Stadium (4,B,D)",Bronx,40.82795,-73.92574,1247.0,1912.7913,1,42.0,1,17,0,0
2025-05-05 17:00:00,605,"168 St-Washington Hts (1,A,C)",Manhattan,40.840637,-73.93985,2220.0,1087.6356,1,57.0,1,17,0,0
2025-05-05 17:00:00,606,"Court Sq-23 St (7,E,F,G)",Queens,40.747143,-73.94503,2239.0,1913.6374,1,96.0,1,17,0,0
2025-05-05 17:00:00,607,"34 St-Herald Sq (B,D,F,M,N,Q,R,W)",Manhattan,40.74964,-73.987885,10878.0,6093.3709,1,135.0,1,17,0,0
2025-05-05 17:00:00,608,"4 Av-9 St (F,G,R)",Brooklyn,40.67056,-73.989044,874.0,996.1885,1,55.0,1,17,0,0
2025-05-05 17:00:00,609,"42 St-Bryant Pk/5 Av (7,B,D,F,M)",Manhattan,40.75402,-73.98327,8175.0,1860.5966,1,119.0,1,17,0,0
2025-05-05 17:00:00,610,"Grand Central-42 St (4,5,6,7,S)",Manhattan,40.75199,-73.977356,19274.0,8635.4555,1,152.0,1,17,0,0
2025-05-05 17:00:00,611,"Times Sq-42 St/Port Authority Bus Terminal (1,2,3,7,A,C,E,N,Q,R,W,S)",Manhattan,40.755745,-73.98758,14592.0,12232.4639,1,208.0,1,17,0,0
2025-05-05 17:00:00,612,"Lexington Av/51-53 Sts (6,E,F)",Manhattan,40.757328,-73.97049,8351.0,2163.0214,1,74.0,1,17,0,0
2025-05-05 17:00:00,613,"Lexington Av/59 St (4,5,6,N,R,W)",Manhattan,40.762592,-73.96761,6396.0,2001.3938,1,127.0,1,17,0,0
2025-05-05 17:00:00,614,"59 St-Columbus Circle (1,A,C,B,D)",Manhattan,40.768272,-73.981834,6521.0,3546.8367,1,95.0,1,17,0,0
2025-05-05 17:00:00,615,"62 St/New Utrecht Av (D,N)",Brooklyn,40.625656,-73.99663,277.0,374.3914,1,31.0,1,17,0,0
2025-05-05 17:00:00,616,"Jackson Hts-Roosevelt Av/74 St-Broadway (7,E,F,M,R)",Queens,40.746746,-73.891365,2257.0,4273.9617,1,122.0,1,17,0,0
2025-05-05 17:00:00,617,"Atlantic Av-Barclays Ctr (2,3,4,5,B,D,N,Q,R)",Brooklyn,40.684162,-73.97779,2829.0,3108.1128,1,168.0,1,17,0,0
2025-05-05 17:00:00,618,"14 St/8 Av (A,C,E,L)",Manhattan,40.740334,-74.00214,4224.0,2392.3771,1,76.0,1,17,0,0
2025-05-05 17:00:00,619,"Broadway-Lafayette St/Bleecker St (6,B,D,F,M)",Manhattan,40.725605,-73.99543,3593.0,2460.706,1,107.0,1,17,0,0
2025-05-05 17:00:00,620,"Borough Hall/Court St (2,3,4,5,R)",Brooklyn,40.69324,-73.99064,2924.0,1641.6549,1,101.0,1,17,0,0
2025-05-05 17:00:00,621,"Broadway Junction (A,C,J,Z,L)",Brooklyn,40.678898,-73.90436,294.0,478.5018,1,33.0,1,17,0,0
2025-05-05 17:00:00,622,"Brooklyn Bridge-City Hall/Chambers St (4,5,6,J,Z)",Manhattan,40.713154,-74.00377,3252.0,1106.1038,1,88.0,1,17,0,0
2025-05-05 17:00:00,623,"Canal St (6,J,Z,N,Q,R,W)",Manhattan,40.7187,-74.00058,4454.0,1979.0055,1,88.0,1,17,0,0
2025-05-05 17:00:00,624,"Chambers St/WTC/Park Place/Cortlandt St (2,3,A,C,E,R,W)",Manhattan,40.712605,-74.00955,7886.0,2527.2755,1,118.0,1,17,0,0
2025-05-05 17:00:00,625,"Delancey St-Essex St (F,M,J,Z)",Manhattan,40.718464,-73.98778,1737.0,2140.5306,1,58.0,1,17,0,0
2025-05-05 17:00:00,626,"Franklin Av-Medgar Evers College/Botanic Garden (2,3,4,5,S)",Brooklyn,40.670513,-73.95869,670.0,1240.5125,1,97.0,1,17,0,0
2025-05-05 17:00:00,627,"Franklin Av (C,S)",Brooklyn,40.68099,-73.95634,309.0,396.4549,1,18.0,1,17,0,0
2025-05-05 17:00:00,628,"Fulton St (2,3,4,5,A,C,J,Z)",Manhattan,40.71009,-74.007835,10290.0,4254.4711,1,108.0,1,17,0,0
2025-05-05 17:00:00,629,"Metropolitan Av/Lorimer St (G,L)",Brooklyn,40.71343,-73.95084,887.0,1474.1104,1,46.0,1,17,0,0
2025-05-05 17:00:00,630,"Myrtle-Wyckoff Avs (M,L)",Brooklyn,40.699623,-73.91199,914.0,1819.5749,1,32.0,1,17,0,0
2025-05-05 17:00:00,635,"Whitehall St-South Ferry (1,R,W)",Manhattan,40.702576,-74.01333,2767.0,1412.973,1,39.0,1,17,0,0
2025-05-05 17:00:00,636,"Jay St-MetroTech (A,C,F,R)",Brooklyn,40.69226,-73.98664,4080.0,1725.0786,1,78.0,1,17,0,0
2025-05-05 18:00:00,1,"Astoria-Ditmars Blvd (N,W)",Queens,40.775036,-73.91203,397.0,988.7278,1,14.0,1,18,0,0
2025-05-05 18:00:00,2,"Astoria Blvd (N,W)",Queens,40.77026,-73.91785,299.0,745.7368,1,27.0,1,18,0,0
2025-05-05 18:00:00,3,"30 Av (N,W)",Queens,40.76678,-73.92148,455.0,963.0293,1,26.0,1,18,0,0
2025-05-05 18:00:00,4,"Broadway (N,W)",Queens,40.76182,-73.92551,369.0,905.2662,1,27.0,1,18,0,0
2025-05-05 18:00:00,5,"36 Av (N,W)",Queens,40.756805,-73.92957,255.0,416.3155,1,28.0,1,18,0,0
2025-05-05 18:00:00,6,"39 Av-Dutch Kills (N,W)",Queens,40.75288,-73.932755,189.0,231.9355,1,27.0,1,18,0,0
2025-05-05 18:00:00,8,"5 Av/59 St (N,R,W)",Manhattan,40.764812,-73.97335,1521.0,285.3681,1,44.0,1,18,0,0
2025-05-05 18:00:00,9,"57 St-7 Av (N,Q,R,W)",Manhattan,40.764664,-73.98066,2838.0,1283.9607,1,61.0,1,18,0,0
2025-05-05 18:00:00,10,"49 St (N,R,W)",Manhattan,40.7599,-73.98414,2188.0,1069.1455,1,43.0,1,18,0,0
2025-05-05 18:00:00,13,"28 St (R,W)",Manhattan,40.745495,-73.98869,1110.0,571.1895,1,28.0,1,18,0,0
2025-05-05 18:00:00,14,"23 St (R,W)",Manhattan,40.741302,-73.98934,1710.0,748.7786,1,27.0,1,18,0,0
2025-05-05 18:00:00,16,"8 St-NYU (R,W)",Manhattan,40.730328,-73.99263,1259.0,902.9599,1,28.0,1,18,0,0
2025-05-05 18:00:00,17,"Prince St (R,W)",Manhattan,40.72433,-73.9977,1047.0,458.4321,1,28.0,1,18,0,0
2025-05-05 18:00:00,20,"City Hall (R,W)",Manhattan,40.713284,-74.00698,396.0,148.393,1,29.0,1,18,0,0
2025-05-05 18:00:00,22,"Rector St (R,W)",Manhattan,40.70722,-74.01334,399.0,208.0807,1,28.0,1,18,0,0
2025-05-05 18:00:00,26,"DeKalb Av (B,Q,R)",Brooklyn,40.690636,-73.98183,1170.0,1308.4342,1,49.0,1,18,0,0
2025-05-05 18:00:00,28,Union St (R),Brooklyn,40.677315,-73.98311,432.0,450.5671,1,18.0,1,18,0,0
2025-05-05 18:00:00,30,Prospect Av (R),Brooklyn,40.665413,-73.992874,303.0,385.2768,1,17.0,1,18,0,0
2025-05-05 18:00:00,31,25 St (R),Brooklyn,40.660397,-73.99809,178.0,192.0448,1,18.0,1,18,0,0
2025-05-05 18:00:00,32,"36 St (D,N,R)",Brooklyn,40.655144,-74.00355,996.0,646.514,1,49.0,1,18,0,0
2025-05-05 18:00:00,33,45 St (R),Brooklyn,40.648937,-74.01001,289.0,440.4208,1,18.0,1,18,0,0
2025-05-05 18:00:00,34,53 St (R),Brooklyn,40.64507,-74.01403,295.0,479.0294,1,19.0,1,18,0,0
2025-05-05 18:00:00,35,"59 St (N,R)",Brooklyn,40.64136,-74.01788,525.0,687.519,1,33.0,1,18,0,0
2025-05-05 18:00:00,36,Bay Ridge Av (R),Brooklyn,40.634968,-74.02338,220.0,477.4578,1,17.0,1,18,0,0
2025-05-05 18:00:00,37,77 St (R),Brooklyn,40.62974,-74.02551,114.0,332.7756,1,18.0,1,18,0,0
2025-05-05 18:00:00,38,86 St (R),Brooklyn,40.62269,-74.0284,348.0,644.351,1,17.0,1,18,0,0
2025-05-05 18:00:00,39,Bay Ridge-95 St (R),Brooklyn,40.616623,-74.030876,152.0,346.8159,1,8.0,1,18,0,0
2025-05-05 18:00:00,41,"7 Av (B,Q)",Brooklyn,40.67705,-73.97237,519.0,736.4396,1,33.0,1,18,0,0
2025-05-05 18:00:00,42,"Prospect Park (B,Q,S)",Brooklyn,40.661613,-73.96225,359.0,674.1576,1,41.0,1,18,0,0
2025-05-05 18:00:00,43,Parkside Av (Q),Brooklyn,40.655293,-73.961494,213.0,443.4733,1,19.0,1,18,0,0
2025-05-05 18:00:00,44,"Church Av (B,Q)",Brooklyn,40.650528,-73.96298,369.0,923.8851,1,34.0,1,18,0,0
2025-05-05 18:00:00,45,Beverley Rd (Q),Brooklyn,40.64403,-73.96449,123.0,260.1335,1,20.0,1,18,0,0
2025-05-05 18:00:00,46,Cortelyou Rd (Q),Brooklyn,40.640926,-73.96389,190.0,411.0006,1,20.0,1,18,0,0
2025-05-05 18:00:00,47,"Newkirk Plaza (B,Q)",Brooklyn,40.635082,-73.96279,221.0,631.7312000000001,1,34.0,1,18,0,0
2025-05-05 18:00:00,48,Avenue H (Q),Brooklyn,40.62927,-73.96164,102.0,192.6295,1,18.0,1,18,0,0
2025-05-05 18:00:00,49,Avenue J (Q),Brooklyn,40.62504,-73.9608,220.0,339.2829,1,19.0,1,18,0,0
2025-05-05 18:00:00,50,Avenue M (Q),Brooklyn,40.61762,-73.9594,268.0,365.375,1,19.0,1,18,0,0
2025-05-05 18:00:00,51,"Kings Hwy (B,Q)",Brooklyn,40.60867,-73.95773,692.0,1295.0508,1,35.0,1,18,0,0
2025-05-05 18:00:00,52,Avenue U (Q),Brooklyn,40.5993,-73.95593,213.0,448.4573,1,18.0,1,18,0,0
2025-05-05 18:00:00,53,Neck Rd (Q),Brooklyn,40.595245,-73.95516,103.0,296.7868,1,19.0,1,18,0,0
2025-05-05 18:00:00,54,"Sheepshead Bay (B,Q)",Brooklyn,40.586895,-73.954155,368.0,758.2025,1,35.0,1,18,0,0
2025-05-05 18:00:00,55,"Brighton Beach (B,Q)",Brooklyn,40.57762,-73.96137,361.0,540.6687000000001,1,24.0,1,18,0,0
2025-05-05 18:00:00,56,Ocean Pkwy (Q),Brooklyn,40.576313,-73.9685,139.0,138.9605,1,18.0,1,18,0,0
2025-05-05 18:00:00,57,"W 8 St-NY Aquarium (F,Q)",Brooklyn,40.576126,-73.97594,89.0,111.5868,1,30.0,1,18,0,0
2025-05-05 18:00:00,58,"Coney Island-Stillwell Av (D,F,N,Q)",Brooklyn,40.577423,-73.98123,404.0,629.473,1,31.0,1,18,0,0
2025-05-05 18:00:00,59,9 Av (D),Brooklyn,40.646294,-73.99432,164.0,353.7398,1,17.0,1,18,0,0
2025-05-05 18:00:00,60,Fort Hamilton Pkwy (D),Brooklyn,40.640915,-73.9943,185.0,224.6563,1,16.0,1,18,0,0
2025-05-05 18:00:00,61,50 St (D),Brooklyn,40.63626,-73.99479,197.0,138.3127,1,17.0,1,18,0,0
2025-05-05 18:00:00,62,55 St (D),Brooklyn,40.631435,-73.995476,96.0,83.4334,1,17.0,1,18,0,0
2025-05-05 18:00:00,64,71 St (D),Brooklyn,40.61959,-73.99886,94.0,310.1136,1,17.0,1,18,0,0
2025-05-05 18:00:00,65,79 St (D),Brooklyn,40.613503,-74.00061,98.0,402.0559,1,18.0,1,18,0,0
2025-05-05 18:00:00,66,18 Av (D),Brooklyn,40.607952,-74.00174,137.0,389.7046,1,18.0,1,18,0,0
2025-05-05 18:00:00,67,20 Av (D),Brooklyn,40.604557,-73.99817,100.0,312.6749,1,19.0,1,18,0,0
2025-05-05 18:00:00,68,Bay Pkwy (D),Brooklyn,40.601875,-73.99373,182.0,424.7882,1,18.0,1,18,0,0
2025-05-05 18:00:00,69,25 Av (D),Brooklyn,40.597706,-73.98683,60.0,265.4433,1,18.0,1,18,0,0
2025-05-05 18:00:00,70,Bay 50 St (D),Brooklyn,40.58884,-73.983765,64.0,170.6233,1,17.0,1,18,0,0
2025-05-05 18:00:00,71,8 Av (N),Brooklyn,40.635063,-74.01172,482.0,433.7629,1,17.0,1,18,0,0
2025-05-05 18:00:00,72,Fort Hamilton Pkwy (N),Brooklyn,40.631386,-74.00535,139.0,402.7544,1,16.0,1,18,0,0
2025-05-05 18:00:00,74,18 Av (N),Brooklyn,40.62067,-73.99042,140.0,312.0653,1,16.0,1,18,0,0
2025-05-05 18:00:00,75,20 Av (N),Brooklyn,40.61741,-73.98502,112.0,255.3502,1,14.0,1,18,0,0
2025-05-05 18:00:00,76,Bay Pkwy (N),Brooklyn,40.611816,-73.98185,141.0,432.0638,1,15.0,1,18,0,0
2025-05-05 18:00:00,77,Kings Hwy (N),Brooklyn,40.603924,-73.980354,124.0,378.5261,1,14.0,1,18,0,0
2025-05-05 18:00:00,78,Avenue U (N),Brooklyn,40.597473,-73.97913,123.0,244.2125,1,16.0,1,18,0,0
2025-05-05 18:00:00,79,86 St (N),Brooklyn,40.59272,-73.97823,50.0,149.0592,1,16.0,1,18,0,0
2025-05-05 18:00:00,80,"121 St (J,Z)",Queens,40.700493,-73.82829,71.0,118.6002,1,16.0,1,18,0,0
2025-05-05 18:00:00,81,111 St (J),Queens,40.69742,-73.83634,53.0,130.7092,1,16.0,1,18,0,0
2025-05-05 18:00:00,82,"104 St (J,Z)",Queens,40.69518,-73.84433,53.0,163.48420000000002,1,15.0,1,18,0,0
2025-05-05 18:00:00,83,"Woodhaven Blvd (J,Z)",Queens,40.69388,-73.85158,125.0,271.1379,1,15.0,1,18,0,0
2025-05-05 18:00:00,84,85 St-Forest Pkwy (J),Queens,40.692436,-73.86001,43.0,112.1054,1,15.0,1,18,0,0
2025-05-05 18:00:00,85,"75 St-Elderts Ln (J,Z)",Queens,40.691322,-73.86714,65.0,228.0776,1,14.0,1,18,0,0
2025-05-05 18:00:00,86,Cypress Hills (J),Brooklyn,40.68994,-73.87255,6.0,20.4633,1,15.0,1,18,0,0
2025-05-05 18:00:00,87,"Crescent St (J,Z)",Brooklyn,40.683193,-73.87379,81.0,229.8519,1,15.0,1,18,0,0
2025-05-05 18:00:00,88,"Norwood Av (J,Z)",Brooklyn,40.68141,-73.880035,50.0,141.8946,1,12.0,1,18,0,0
2025-05-05 18:00:00,89,Cleveland St (J),Brooklyn,40.679947,-73.884636,50.0,127.2359,1,12.0,1,18,0,0
2025-05-05 18:00:00,90,"Van Siclen Av (J,Z)",Brooklyn,40.678024,-73.891685,48.0,160.14,1,13.0,1,18,0,0
2025-05-05 18:00:00,91,"Alabama Av (J,Z)",Brooklyn,40.67699,-73.89865,86.0,77.9412,1,14.0,1,18,0,0
2025-05-05 18:00:00,93,"Chauncey St (J,Z)",Brooklyn,40.68289,-73.91045,92.0,169.2023,1,13.0,1,18,0,0
2025-05-05 18:00:00,94,Halsey St (J),Brooklyn,40.68637,-73.91656,169.0,394.9997,1,13.0,1,18,0,0
2025-05-05 18:00:00,95,"Gates Av (J,Z)",Brooklyn,40.68963,-73.92227,216.0,438.3718,1,14.0,1,18,0,0
2025-05-05 18:00:00,96,Kosciuszko St (J),Brooklyn,40.69334,-73.92882,165.0,398.7364,1,13.0,1,18,0,0
2025-05-05 18:00:00,97,"Myrtle Av (M,J,Z)",Brooklyn,40.69721,-73.93565,395.0,769.3051,1,30.0,1,18,0,0
2025-05-05 18:00:00,98,"Flushing Av (M,J)",Brooklyn,40.70026,-73.941124,407.0,337.5463,1,22.0,1,18,0,0
2025-05-05 18:00:00,99,"Lorimer St (M,J)",Brooklyn,40.70387,-73.94741,207.0,254.1885,1,22.0,1,18,0,0
2025-05-05 18:00:00,100,"Hewes St (M,J)",Brooklyn,40.70687,-73.95343,126.0,169.7088,1,22.0,1,18,0,0
2025-05-05 18:00:00,101,"Marcy Av (M,J,Z)",Brooklyn,40.70836,-73.957756,696.0,751.2069,1,30.0,1,18,0,0
2025-05-05 18:00:00,103,"Bowery (J,Z)",Manhattan,40.72028,-73.99391,214.0,177.2277,1,14.0,1,18,0,0
2025-05-05 18:00:00,107,"Broad St (J,Z)",Manhattan,40.706474,-74.011055,496.0,131.7882,1,7.0,1,18,0,0
2025-05-05 18:00:00,108,Middle Village-Metropolitan Av (M),Queens,40.711395,-73.8896,107.0,194.2426,1,8.0,1,18,0,0
2025-05-05 18:00:00,109,Fresh Pond Rd (M),Queens,40.706184,-73.895874,112.0,360.3923,1,15.0,1,18,0,0
2025-05-05 18:00:00,110,Forest Av (M),Queens,40.704422,-73.903076,127.0,321.0847,1,14.0,1,18,0,0
2025-05-05 18:00:00,111,Seneca Av (M),Queens,40.702763,-73.90774,91.0,199.3025,1,14.0,1,18,0,0
2025-05-05 18:00:00,113,Knickerbocker Av (M),Brooklyn,40.698666,-73.91971,133.0,255.8443,1,16.0,1,18,0,0
2025-05-05 18:00:00,114,Central Av (M),Brooklyn,40.697857,-73.9274,123.0,321.1998,1,15.0,1,18,0,0
2025-05-05 18:00:00,118,3 Av (L),Manhattan,40.73285,-73.98612,523.0,440.0857,1,35.0,1,18,0,0
2025-05-05 18:00:00,119,1 Av (L),Manhattan,40.730953,-73.98163,1582.0,1745.6343,1,34.0,1,18,0,0
2025-05-05 18:00:00,120,Bedford Av (L),Brooklyn,40.717304,-73.95687,1902.0,2809.8,1,34.0,1,18,0,0
2025-05-05 18:00:00,122,Graham Av (L),Brooklyn,40.714565,-73.94405,493.0,731.8353,1,35.0,1,18,0,0
2025-05-05 18:00:00,123,Grand St (L),Brooklyn,40.711926,-73.94067,364.0,386.8388,1,34.0,1,18,0,0
2025-05-05 18:00:00,124,Montrose Av (L),Brooklyn,40.70774,-73.93985,331.0,505.589,1,34.0,1,18,0,0
2025-05-05 18:00:00,125,Morgan Av (L),Brooklyn,40.706154,-73.93314,394.0,506.0072,1,35.0,1,18,0,0
2025-05-05 18:00:00,126,Jefferson St (L),Brooklyn,40.706608,-73.92291,440.0,637.6719,1,34.0,1,18,0,0
2025-05-05 18:00:00,127,DeKalb Av (L),Brooklyn,40.70381,-73.91843,462.0,923.0758,1,35.0,1,18,0,0
2025-05-05 18:00:00,129,Halsey St (L),Queens,40.695602,-73.90408,234.0,573.1119,1,35.0,1,18,0,0
2025-05-05 18:00:00,130,Wilson Av (L),Brooklyn,40.688763,-73.904045,164.0,320.8284,1,34.0,1,18,0,0
2025-05-05 18:00:00,131,Bushwick Av-Aberdeen St (L),Brooklyn,40.68283,-73.90525,93.0,150.20839999999998,1,36.0,1,18,0,0
2025-05-05 18:00:00,133,Atlantic Av (L),Brooklyn,40.675346,-73.9031,159.0,98.1944,1,35.0,1,18,0,0
2025-05-05 18:00:00,134,Sutter Av (L),Brooklyn,40.66937,-73.90198,81.0,132.5475,1,34.0,1,18,0,0
2025-05-05 18:00:00,135,Livonia Av (L),Brooklyn,40.66404,-73.90057,94.0,144.7823,1,34.0,1,18,0,0
2025-05-05 18:00:00,136,New Lots Av (L),Brooklyn,40.658733,-73.89923,84.0,193.795,1,36.0,1,18,0,0
2025-05-05 18:00:00,137,East 105 St (L),Brooklyn,40.650574,-73.89948,74.0,126.5247,1,34.0,1,18,0,0
2025-05-05 18:00:00,138,Canarsie-Rockaway Pkwy (L),Brooklyn,40.646652,-73.90185,100.0,402.7648,1,16.0,1,18,0,0
2025-05-05 18:00:00,141,Park Pl (S),Brooklyn,40.67477,-73.95763,76.0,104.8003,1,12.0,1,18,0,0
2025-05-05 18:00:00,143,Inwood-207 St (A),Manhattan,40.868073,-73.9199,233.0,492.4868,1,11.0,1,18,0,0
2025-05-05 18:00:00,144,Dyckman St (A),Manhattan,40.86549,-73.92727,178.0,367.994,1,18.0,1,18,0,0
2025-05-05 18:00:00,145,190 St (A),Manhattan,40.85902,-73.93418,110.0,297.0434,1,18.0,1,18,0,0
2025-05-05 18:00:00,146,181 St (A),Manhattan,40.851696,-73.937965,283.0,682.1709999999999,1,20.0,1,18,0,0
2025-05-05 18:00:00,147,175 St (A),Manhattan,40.84739,-73.939705,338.0,589.7559,1,18.0,1,18,0,0
2025-05-05 18:00:00,149,163 St-Amsterdam Av (C),Manhattan,40.836014,-73.939896,110.0,241.2699,1,13.0,1,18,0,0
2025-05-05 18:00:00,150,155 St (C),Manhattan,40.830517,-73.94151,55.0,121.5087,1,13.0,1,18,0,0
2025-05-05 18:00:00,151,"145 St (A,C,B,D)",Manhattan,40.824783,-73.944214,996.0,1147.5677,1,,0,18,0,0
2025-05-05 18:00:00,152,"135 St (C,B)",Manhattan,40.817894,-73.94765,281.0,253.2934,1,28.0,1,18,0,0
2025-05-05 18:00:00,153,"125 St (A,C,B,D)",Manhattan,40.811108,-73.95235,1238.0,1190.149,1,60.0,1,18,0,0
2025-05-05 18:00:00,154,"116 St (C,B)",Manhattan,40.805084,-73.95488,328.0,382.7714,1,25.0,1,18,0,0
2025-05-05 18:00:00,155,"Cathedral Pkwy (110 St) (C,B)",Manhattan,40.800602,-73.95816,375.0,469.4412,1,26.0,1,18,0,0
2025-05-05 18:00:00,156,"103 St (C,B)",Manhattan,40.796093,-73.96146,179.0,277.8841,1,26.0,1,18,0,0
2025-05-05 18:00:00,157,"96 St (C,B)",Manhattan,40.79164,-73.9647,658.0,499.9318,1,28.0,1,18,0,0
2025-05-05 18:00:00,158,"86 St (C,B)",Manhattan,40.78587,-73.96892,677.0,589.8098,1,28.0,1,18,0,0
2025-05-05 18:00:00,159,"81 St-Museum of Natural History (C,B)",Manhattan,40.781433,-73.972145,709.0,507.8766,1,27.0,1,18,0,0
2025-05-05 18:00:00,160,"72 St (C,B)",Manhattan,40.775593,-73.97641,593.0,534.4599,1,26.0,1,18,0,0
2025-05-05 18:00:00,162,"50 St (C,E)",Manhattan,40.762455,-73.985985,1404.0,1055.7431,1,38.0,1,18,0,0
2025-05-05 18:00:00,164,"34 St-Penn Station (A,C,E)",Manhattan,40.75229,-73.99339,4907.0,3443.5862,1,56.0,1,18,0,0
2025-05-05 18:00:00,165,"23 St (C,E)",Manhattan,40.745907,-73.99804,1497.0,1001.1619,1,36.0,1,18,0,0
2025-05-05 18:00:00,167,"W 4 St-Wash Sq (A,C,E,B,D,F,M)",Manhattan,40.732338,-74.000496,2773.0,2658.3179,1,,0,18,0,0
2025-05-05 18:00:00,168,"Spring St (C,E)",Manhattan,40.726227,-74.00374,1309.0,547.6708,1,37.0,1,18,0,0
2025-05-05 18:00:00,169,"Canal St (A,C,E)",Manhattan,40.720825,-74.005226,1659.0,609.0295,1,58.0,1,18,0,0
2025-05-05 18:00:00,173,"High St (A,C)",Brooklyn,40.699337,-73.99053,586.0,681.8727,1,32.0,1,18,0,0
2025-05-05 18:00:00,175,"Hoyt-Schermerhorn Sts (A,C,G)",Brooklyn,40.688484,-73.985,757.0,619.9306,1,48.0,1,18,0,0
2025-05-05 18:00:00,176,Lafayette Av (C),Brooklyn,40.68611,-73.973946,279.0,348.7905,1,13.0,1,18,0,0
2025-05-05 18:00:00,177,Clinton-Washington Avs (C),Brooklyn,40.68326,-73.965836,321.0,530.7652,1,12.0,1,18,0,0
2025-05-05 18:00:00,179,"Nostrand Av (A,C)",Brooklyn,40.68044,-73.950424,696.0,1157.0839,1,34.0,1,18,0,0
2025-05-05 18:00:00,180,Kingston-Throop Avs (C),Brooklyn,40.67992,-73.94086,224.0,432.4862,1,13.0,1,18,0,0
2025-05-05 18:00:00,181,"Utica Av (A,C)",Brooklyn,40.679363,-73.93073,460.0,933.9792,1,34.0,1,18,0,0
2025-05-05 18:00:00,182,Ralph Av (C),Brooklyn,40.67882,-73.920784,138.0,299.8314,1,13.0,1,18,0,0
2025-05-05 18:00:00,183,Rockaway Av (C),Brooklyn,40.67834,-73.91195,124.0,315.6677,1,12.0,1,18,0,0
2025-05-05 18:00:00,185,Liberty Av (C),Brooklyn,40.67454,-73.896545,72.0,105.5552,1,13.0,1,18,0,0
2025-05-05 18:00:00,186,Van Siclen Av (C),Brooklyn,40.67271,-73.89036,60.0,160.141,1,12.0,1,18,0,0
2025-05-05 18:00:00,187,Shepherd Av (C),Brooklyn,40.67413,-73.88075,41.0,125.9444,1,11.0,1,18,0,0
2025-05-05 18:00:00,188,"Euclid Av (A,C)",Brooklyn,40.675377,-73.87211,190.0,499.2998,1,28.0,1,18,0,0
2025-05-05 18:00:00,189,Grant Av (A),Brooklyn,40.677044,-73.86505,77.0,260.0786,1,20.0,1,18,0,0
2025-05-05 18:00:00,190,80 St (A),Queens,40.67937,-73.85899,57.0,262.4558,1,20.0,1,18,0,0
2025-05-05 18:00:00,191,88 St (A),Queens,40.679844,-73.85147,24.0,173.1258,1,19.0,1,18,0,0
2025-05-05 18:00:00,192,Rockaway Blvd (A),Queens,40.680428,-73.84386,176.0,395.8718,1,20.0,1,18,0,0
2025-05-05 18:00:00,193,104 St (A),Queens,40.68171,-73.837685,20.0,121.4186,1,9.0,1,18,0,0
2025-05-05 18:00:00,194,111 St (A),Queens,40.68433,-73.83216,33.0,151.9893,1,10.0,1,18,0,0
2025-05-05 18:00:00,195,Ozone Park-Lefferts Blvd (A),Queens,40.68595,-73.8258,128.0,400.041,1,4.0,1,18,0,0
2025-05-05 18:00:00,196,Aqueduct Racetrack (A),Queens,40.672096,-73.83592,22.0,33.8073,1,5.0,1,18,0,0
2025-05-05 18:00:00,197,Aqueduct-N Conduit Av (A),Queens,40.668236,-73.83406,15.0,36.2338,1,12.0,1,18,0,0
2025-05-05 18:00:00,198,Howard Beach-JFK Airport (A),Queens,40.660477,-73.8303,357.0,291.1601,1,5.0,1,18,0,0
2025-05-05 18:00:00,209,Far Rockaway-Mott Av (A),Queens,40.603996,-73.7554,1.0,74.3738,1,4.0,1,18,0,0
2025-05-05 18:00:00,210,Norwood-205 St (D),Bronx,40.87481,-73.87885,119.0,312.046,1,6.0,1,18,0,0
2025-05-05 18:00:00,211,"Bedford Park Blvd (B,D)",Bronx,40.873245,-73.88714,121.0,297.0772,1,19.0,1,18,0,0
2025-05-05 18:00:00,212,"Kingsbridge Rd (B,D)",Bronx,40.866978,-73.89351,125.0,293.0889,1,25.0,1,18,0,0
2025-05-05 18:00:00,213,"Fordham Rd (B,D)",Bronx,40.861298,-73.89775,225.0,358.3937,1,25.0,1,18,0,0
2025-05-05 18:00:00,214,"182-183 Sts (B,D)",Bronx,40.856094,-73.90074,86.0,179.8511,1,19.0,1,18,0,0
2025-05-05 18:00:00,215,"Tremont Av (B,D)",Bronx,40.85041,-73.90523,180.0,377.9343,1,25.0,1,18,0,0
2025-05-05 18:00:00,216,"174-175 Sts (B,D)",Bronx,40.8459,-73.91013,86.0,177.4905,1,19.0,1,18,0,0
2025-05-05 18:00:00,217,"170 St (B,D)",Bronx,40.839306,-73.9134,85.0,244.422,1,19.0,1,18,0,0
2025-05-05 18:00:00,218,"167 St (B,D)",Bronx,40.83377,-73.91844,158.0,344.9388,1,19.0,1,18,0,0
2025-05-05 18:00:00,220,"155 St (B,D)",Manhattan,40.830135,-73.93821,67.0,115.0608,1,20.0,1,18,0,0
2025-05-05 18:00:00,221,21 St-Queensbridge (M),Queens,40.754204,-73.94283,457.0,547.0848,1,25.0,1,18,0,0
2025-05-05 18:00:00,222,Roosevelt Island (M),Manhattan,40.759144,-73.95326,299.0,621.2388,1,24.0,1,18,0,0
2025-05-05 18:00:00,223,"Lexington Av/63 St (M,Q)",Manhattan,40.76463,-73.96611,1363.0,732.6283999999999,1,42.0,1,18,0,0
2025-05-05 18:00:00,224,57 St (M),Manhattan,40.763973,-73.97745,1549.0,477.3595,1,23.0,1,18,0,0
2025-05-05 18:00:00,225,"47-50 Sts-Rockefeller Ctr (B,D,F,M)",Manhattan,40.758663,-73.98133,7277.0,1077.3085,1,68.0,1,18,0,0
2025-05-05 18:00:00,228,"23 St (F,M)",Manhattan,40.742878,-73.99282,2242.0,1247.8623,1,40.0,1,18,0,0
2025-05-05 18:00:00,231,"Grand St (B,D)",Manhattan,40.718266,-73.99375,1448.0,993.3376,1,28.0,1,18,0,0
2025-05-05 18:00:00,232,2 Av (F),Manhattan,40.7234,-73.98994,820.0,1025.3247,1,23.0,1,18,0,0
2025-05-05 18:00:00,234,East Broadway (F),Manhattan,40.713715,-73.99017,720.0,774.6874,1,23.0,1,18,0,0
2025-05-05 18:00:00,235,York St (F),Brooklyn,40.701397,-73.98675,1084.0,792.4989,1,21.0,1,18,0,0
2025-05-05 18:00:00,236,"Bergen St (F,G)",Brooklyn,40.686146,-73.99086,671.0,639.8485,1,36.0,1,18,0,0
2025-05-05 18:00:00,237,"Carroll St (F,G)",Brooklyn,40.6803,-73.99505,688.0,730.8367,1,37.0,1,18,0,0
2025-05-05 18:00:00,238,"Smith-9 Sts (F,G)",Brooklyn,40.67358,-73.99596,304.0,174.2432,1,36.0,1,18,0,0
2025-05-05 18:00:00,240,"7 Av (F,G)",Brooklyn,40.66627,-73.98031,623.0,732.2377,1,37.0,1,18,0,0
2025-05-05 18:00:00,241,"15 St-Prospect Park (F,G)",Brooklyn,40.660366,-73.97949,258.0,417.0084,1,37.0,1,18,0,0
2025-05-05 18:00:00,242,"Fort Hamilton Pkwy (F,G)",Brooklyn,40.650784,-73.97578,170.0,423.1755,1,36.0,1,18,0,0
2025-05-05 18:00:00,243,"Church Av (F,G)",Brooklyn,40.64404,-73.979675,332.0,520.908,1,29.0,1,18,0,0
2025-05-05 18:00:00,244,Ditmas Av (F),Brooklyn,40.63612,-73.97817,130.0,216.8679,1,21.0,1,18,0,0
2025-05-05 18:00:00,245,18 Av (F),Brooklyn,40.629753,-73.976974,150.0,172.6294,1,22.0,1,18,0,0
2025-05-05 18:00:00,246,Avenue I (F),Brooklyn,40.62532,-73.97613,91.0,81.9002,1,21.0,1,18,0,0
2025-05-05 18:00:00,247,Bay Pkwy (F),Brooklyn,40.62077,-73.975266,37.0,50.2921,1,21.0,1,18,0,0
2025-05-05 18:00:00,248,Avenue N (F),Brooklyn,40.61514,-73.9742,86.0,168.3601,1,21.0,1,18,0,0
2025-05-05 18:00:00,249,Avenue P (F),Brooklyn,40.608944,-73.97302,55.0,143.34449999999998,1,21.0,1,18,0,0
2025-05-05 18:00:00,250,Kings Hwy (F),Brooklyn,40.603218,-73.97236,118.0,211.3417,1,16.0,1,18,0,0
2025-05-05 18:00:00,251,Avenue U (F),Brooklyn,40.59606,-73.97336,66.0,112.1145,1,12.0,1,18,0,0
2025-05-05 18:00:00,252,Avenue X (F),Brooklyn,40.58962,-73.97425,79.0,127.5204,1,12.0,1,18,0,0
2025-05-05 18:00:00,253,Neptune Av (F),Brooklyn,40.581013,-73.97457,42.0,69.7675,1,12.0,1,18,0,0
2025-05-05 18:00:00,254,Jamaica-179 St (F),Queens,40.712646,-73.78381,349.0,1101.0375,1,12.0,1,18,0,0
2025-05-05 18:00:00,255,169 St (F),Queens,40.71047,-73.7936,191.0,422.1526,1,24.0,1,18,0,0
2025-05-05 18:00:00,256,Parsons Blvd (F),Queens,40.707565,-73.80333,186.0,352.1122,1,25.0,1,18,0,0
2025-05-05 18:00:00,257,Sutphin Blvd (F),Queens,40.70546,-73.81071,99.0,195.4059,1,25.0,1,18,0,0
2025-05-05 18:00:00,258,"Briarwood (E,F)",Queens,40.70918,-73.82057,105.0,304.2525,1,36.0,1,18,0,0
2025-05-05 18:00:00,259,"Kew Gardens-Union Tpke (E,F)",Queens,40.71444,-73.83101,585.0,1332.5755,1,50.0,1,18,0,0
2025-05-05 18:00:00,260,"75 Av (E,F)",Queens,40.71833,-73.837326,98.0,231.9257,1,35.0,1,18,0,0
2025-05-05 18:00:00,261,"Forest Hills-71 Av (E,F,M,R)",Queens,40.72169,-73.84452,859.0,1658.8094,1,65.0,1,18,0,0
2025-05-05 18:00:00,262,"67 Av (M,R)",Queens,40.726524,-73.85272,199.0,567.4612,1,31.0,1,18,0,0
2025-05-05 18:00:00,263,"63 Dr-Rego Park (M,R)",Queens,40.729847,-73.8616,425.0,939.0251,1,32.0,1,18,0,0
2025-05-05 18:00:00,264,"Woodhaven Blvd (M,R)",Queens,40.733105,-73.86923,587.0,1058.9434,1,31.0,1,18,0,0
2025-05-05 18:00:00,265,"Grand Av-Newtown (M,R)",Queens,40.737015,-73.87722,420.0,1385.2426,1,30.0,1,18,0,0
2025-05-05 18:00:00,266,"Elmhurst Av (M,R)",Queens,40.742455,-73.88202,293.0,950.6202,1,31.0,1,18,0,0
2025-05-05 18:00:00,268,"65 St (M,R)",Queens,40.74967,-73.89845,98.0,201.2379,1,31.0,1,18,0,0
2025-05-05 18:00:00,269,"Northern Blvd (M,R)",Queens,40.752884,-73.906006,223.0,429.0066,1,32.0,1,18,0,0
2025-05-05 18:00:00,270,"46 St (M,R)",Queens,40.756313,-73.91333,207.0,511.9308,1,32.0,1,18,0,0
2025-05-05 18:00:00,271,"Steinway St (M,R)",Queens,40.756878,-73.92074,510.0,732.2328,1,31.0,1,18,0,0
2025-05-05 18:00:00,272,"36 St (M,R)",Queens,40.75204,-73.92878,224.0,155.5069,1,33.0,1,18,0,0
2025-05-05 18:00:00,273,"Queens Plaza (E,F,R)",Queens,40.748974,-73.93724,846.0,932.6018,1,56.0,1,18,0,0
2025-05-05 18:00:00,276,"5 Av/53 St (E,F)",Manhattan,40.760166,-73.97523,2788.0,248.3203,1,41.0,1,18,0,0
2025-05-05 18:00:00,277,"7 Av (E,B,D)",Manhattan,40.762863,-73.981636,1673.0,619.9181,1,52.0,1,18,0,0
2025-05-05 18:00:00,278,"Jamaica Center-Parsons/Archer (E,J,Z)",Queens,40.70215,-73.80111,955.0,1320.5561,1,18.0,1,18,0,0
2025-05-05 18:00:00,279,"Sutphin Blvd-Archer Av-JFK Airport (E,J,Z)",Queens,40.700485,-73.80797,1259.0,1279.661,1,40.0,1,18,0,0
2025-05-05 18:00:00,280,Jamaica-Van Wyck (E),Queens,40.702564,-73.81686,147.0,229.3524,1,25.0,1,18,0,0
2025-05-05 18:00:00,282,21 St (G),Queens,40.744064,-73.94972,128.0,77.6667,1,15.0,1,18,0,0
2025-05-05 18:00:00,283,Greenpoint Av (G),Brooklyn,40.731354,-73.95445,574.0,719.3846,1,15.0,1,18,0,0
2025-05-05 18:00:00,284,Nassau Av (G),Brooklyn,40.724636,-73.95128,577.0,669.2452,1,14.0,1,18,0,0
2025-05-05 18:00:00,286,Broadway (G),Brooklyn,40.706093,-73.95031,248.0,230.9909,1,16.0,1,18,0,0
2025-05-05 18:00:00,287,Flushing Av (G),Brooklyn,40.70038,-73.95023,213.0,112.2645,1,16.0,1,18,0,0
2025-05-05 18:00:00,288,Myrtle-Willoughby Avs (G),Brooklyn,40.69457,-73.94904,212.0,349.0328,1,15.0,1,18,0,0
2025-05-05 18:00:00,289,Bedford-Nostrand Avs (G),Brooklyn,40.68963,-73.95352,384.0,650.9766,1,15.0,1,18,0,0
2025-05-05 18:00:00,290,Classon Av (G),Brooklyn,40.688873,-73.96007,234.0,363.1453,1,14.0,1,18,0,0
2025-05-05 18:00:00,291,Clinton-Washington Avs (G),Brooklyn,40.688087,-73.96684,342.0,341.7934,1,15.0,1,18,0,0
2025-05-05 18:00:00,292,Fulton St (G),Brooklyn,40.68712,-73.97537,420.0,282.3573,1,16.0,1,18,0,0
2025-05-05 18:00:00,293,Van Cortlandt Park-242 St (1),Bronx,40.889248,-73.89858,163.0,323.123,1,15.0,1,18,0,0
2025-05-05 18:00:00,294,238 St (1),Bronx,40.884666,-73.90087,99.0,256.7672,1,30.0,1,18,0,0
2025-05-05 18:00:00,295,231 St (1),Bronx,40.878857,-73.90483,246.0,469.1202,1,30.0,1,18,0,0
2025-05-05 18:00:00,296,Marble Hill-225 St (1),Manhattan,40.87456,-73.90983,145.0,228.2976,1,30.0,1,18,0,0
2025-05-05 18:00:00,297,215 St (1),Manhattan,40.869446,-73.915276,75.0,99.6215,1,30.0,1,18,0,0
2025-05-05 18:00:00,298,207 St (1),Manhattan,40.86462,-73.91882,167.0,243.4423,1,30.0,1,18,0,0
2025-05-05 18:00:00,299,Dyckman St (1),Manhattan,40.86053,-73.92554,198.0,324.9799,1,30.0,1,18,0,0
2025-05-05 18:00:00,300,191 St (1),Manhattan,40.855225,-73.92941,214.0,383.6295,1,30.0,1,18,0,0
2025-05-05 18:00:00,301,181 St (1),Manhattan,40.849506,-73.93359,296.0,475.0242,1,30.0,1,18,0,0
2025-05-05 18:00:00,303,157 St (1),Manhattan,40.83404,-73.94489,329.0,556.4281,1,30.0,1,18,0,0
2025-05-05 18:00:00,304,145 St (1),Manhattan,40.82655,-73.95036,306.0,483.4547,1,30.0,1,18,0,0
2025-05-05 18:00:00,305,137 St-City College (1),Manhattan,40.822006,-73.953674,518.0,588.3329,1,30.0,1,18,0,0
2025-05-05 18:00:00,306,125 St (1),Manhattan,40.815582,-73.958374,687.0,395.8109,1,30.0,1,18,0,0
2025-05-05 18:00:00,307,116 St-Columbia University (1),Manhattan,40.80772,-73.96411,1180.0,489.8585,1,30.0,1,18,0,0
2025-05-05 18:00:00,308,Cathedral Pkwy (110 St) (1),Manhattan,40.803967,-73.96685,673.0,672.5041,1,30.0,1,18,0,0
2025-05-05 18:00:00,309,103 St (1),Manhattan,40.799446,-73.968376,586.0,743.1558,1,30.0,1,18,0,0
2025-05-05 18:00:00,310,"96 St (1,2,3)",Manhattan,40.79392,-73.97232,1782.0,2108.6902,1,64.0,1,18,0,0
2025-05-05 18:00:00,311,86 St (1),Manhattan,40.788643,-73.97622,994.0,971.6643,1,30.0,1,18,0,0
2025-05-05 18:00:00,312,79 St (1),Manhattan,40.783936,-73.97992,1043.0,791.1401,1,30.0,1,18,0,0
2025-05-05 18:00:00,313,"72 St (1,2,3)",Manhattan,40.778454,-73.98197,2347.0,2355.7068,1,65.0,1,18,0,0
2025-05-05 18:00:00,314,66 St-Lincoln Center (1),Manhattan,40.77344,-73.98221,1370.0,1104.7264,1,30.0,1,18,0,0
2025-05-05 18:00:00,316,50 St (1),Manhattan,40.761726,-73.98385,2169.0,953.5721,1,30.0,1,18,0,0
2025-05-05 18:00:00,318,"34 St-Penn Station (1,2,3)",Manhattan,40.750374,-73.99106,3448.0,3370.6129,1,63.0,1,18,0,0
2025-05-05 18:00:00,319,28 St (1),Manhattan,40.747215,-73.99336,1143.0,567.4854,1,30.0,1,18,0,0
2025-05-05 18:00:00,320,23 St (1),Manhattan,40.74408,-73.99566,959.0,653.0972,1,30.0,1,18,0,0
2025-05-05 18:00:00,321,18 St (1),Manhattan,40.74104,-73.99787,591.0,341.1913,1,31.0,1,18,0,0
2025-05-05 18:00:00,323,Christopher St-Stonewall (1),Manhattan,40.73342,-74.00291,587.0,817.4289,1,30.0,1,18,0,0
2025-05-05 18:00:00,324,Houston St (1),Manhattan,40.728252,-74.00536,1280.0,484.8098,1,31.0,1,18,0,0
2025-05-05 18:00:00,325,Canal St (1),Manhattan,40.722855,-74.00628,376.0,191.8067,1,30.0,1,18,0,0
2025-05-05 18:00:00,326,Franklin St (1),Manhattan,40.71932,-74.00689,517.0,250.7785,1,30.0,1,18,0,0
2025-05-05 18:00:00,327,"Chambers St (1,2,3)",Manhattan,40.715477,-74.00927,1710.0,620.3188,1,64.0,1,18,0,0
2025-05-05 18:00:00,328,WTC Cortlandt (1),Manhattan,40.711834,-74.01219,1297.0,657.4341,1,30.0,1,18,0,0
2025-05-05 18:00:00,329,Rector St (1),Manhattan,40.70751,-74.01379,498.0,334.0065,1,30.0,1,18,0,0
2025-05-05 18:00:00,333,"Wall St (2,3)",Manhattan,40.70682,-74.0091,1535.0,682.8216,1,34.0,1,18,0,0
2025-05-05 18:00:00,334,"Clark St (2,3)",Brooklyn,40.697468,-73.99309,305.0,451.3495,1,35.0,1,18,0,0
2025-05-05 18:00:00,336,"Hoyt St (2,3)",Brooklyn,40.690544,-73.98506,369.0,302.9956,1,35.0,1,18,0,0
2025-05-05 18:00:00,337,"Nevins St (2,3,4,5)",Brooklyn,40.688248,-73.98049,463.0,466.1436,1,73.0,1,18,0,0
2025-05-05 18:00:00,339,"Bergen St (2,3)",Brooklyn,40.68083,-73.9751,238.0,361.9592,1,35.0,1,18,0,0
2025-05-05 18:00:00,340,"Grand Army Plaza (2,3)",Brooklyn,40.675236,-73.97105,370.0,515.5556,1,35.0,1,18,0,0
2025-05-05 18:00:00,341,"Eastern Pkwy-Brooklyn Museum (2,3)",Brooklyn,40.671986,-73.96438,163.0,267.8068,1,34.0,1,18,0,0
2025-05-05 18:00:00,343,Nostrand Av (3),Brooklyn,40.669846,-73.95046,136.0,212.6346,1,14.0,1,18,0,0
2025-05-05 18:00:00,344,Kingston Av (3),Brooklyn,40.6694,-73.94216,197.0,258.6454,1,15.0,1,18,0,0
2025-05-05 18:00:00,345,"Crown Hts-Utica Av (3,4)",Brooklyn,40.668896,-73.932945,648.0,1514.0277,1,27.0,1,18,0,0
2025-05-05 18:00:00,346,Sutter Av-Rutland Rd (3),Brooklyn,40.66472,-73.92261,145.0,331.6537,1,16.0,1,18,0,0
2025-05-05 18:00:00,347,Saratoga Av (3),Brooklyn,40.661453,-73.91633,83.0,323.0906,1,17.0,1,18,0,0
2025-05-05 18:00:00,348,Rockaway Av (3),Brooklyn,40.662548,-73.90894,112.0,204.0769,1,17.0,1,18,0,0
2025-05-05 18:00:00,349,Junius St (3),Brooklyn,40.663513,-73.90245,90.0,110.2219,1,16.0,1,18,0,0
2025-05-05 18:00:00,350,Pennsylvania Av (3),Brooklyn,40.664635,-73.8949,118.0,162.7006,1,16.0,1,18,0,0
2025-05-05 18:00:00,351,Van Siclen Av (3),Brooklyn,40.665447,-73.8894,40.0,117.3088,1,16.0,1,18,0,0
2025-05-05 18:00:00,352,New Lots Av (3),Brooklyn,40.666237,-73.88408,98.0,272.2342,1,7.0,1,18,0,0
2025-05-05 18:00:00,353,"President St-Medgar Evers College (2,5)",Brooklyn,40.667885,-73.95068,133.0,214.7336,1,33.0,1,18,0,0
2025-05-05 18:00:00,354,"Sterling St (2,5)",Brooklyn,40.662743,-73.95085,172.0,378.5959,1,32.0,1,18,0,0
2025-05-05 18:00:00,355,"Winthrop St (2,5)",Brooklyn,40.65665,-73.9502,275.0,423.8933,1,31.0,1,18,0,0
2025-05-05 18:00:00,356,"Church Av (2,5)",Brooklyn,40.650845,-73.94958,215.0,596.7257999999999,1,33.0,1,18,0,0
2025-05-05 18:00:00,357,"Beverly Rd (2,5)",Brooklyn,40.6451,-73.94896,76.0,294.6379,1,33.0,1,18,0,0
2025-05-05 18:00:00,358,"Newkirk Av-Little Haiti (2,5)",Brooklyn,40.63997,-73.94841,163.0,394.1204,1,33.0,1,18,0,0
2025-05-05 18:00:00,359,"Flatbush Av-Brooklyn College (2,5)",Brooklyn,40.632835,-73.94764,472.0,944.6011,1,15.0,1,18,0,0
2025-05-05 18:00:00,360,Pelham Bay Park (6),Bronx,40.852463,-73.82812,118.0,244.092,1,8.0,1,18,0,0
2025-05-05 18:00:00,361,Buhre Av (6),Bronx,40.84681,-73.832565,52.0,174.0179,1,19.0,1,18,0,0
2025-05-05 18:00:00,362,Middletown Rd (6),Bronx,40.843864,-73.83632,17.0,111.5267,1,17.0,1,18,0,0
2025-05-05 18:00:00,363,Westchester Sq-E Tremont Av (6),Bronx,40.839893,-73.84295,123.0,156.4792,1,17.0,1,18,0,0
2025-05-05 18:00:00,364,Zerega Av (6),Bronx,40.836487,-73.84704,42.0,106.7001,1,17.0,1,18,0,0
2025-05-05 18:00:00,365,Castle Hill Av (6),Bronx,40.834255,-73.85122,103.0,322.2844,1,18.0,1,18,0,0
2025-05-05 18:00:00,366,Parkchester (6),Bronx,40.833225,-73.86082,208.0,660.7789,1,25.0,1,18,0,0
2025-05-05 18:00:00,367,St Lawrence Av (6),Bronx,40.83151,-73.867615,57.0,199.5964,1,21.0,1,18,0,0
2025-05-05 18:00:00,368,Morrison Av-Soundview (6),Bronx,40.82952,-73.87452,83.0,271.4811,1,22.0,1,18,0,0
2025-05-05 18:00:00,369,Elder Av (6),Bronx,40.828583,-73.87916,88.0,299.1975,1,22.0,1,18,0,0
2025-05-05 18:00:00,370,Whitlock Av (6),Bronx,40.826527,-73.886284,47.0,73.6979,1,23.0,1,18,0,0
2025-05-05 18:00:00,371,Hunts Point Av (6),Bronx,40.82095,-73.89055,235.0,393.3806,1,33.0,1,18,0,0
2025-05-05 18:00:00,372,Longwood Av (6),Bronx,40.816105,-73.89644,95.0,110.5056,1,22.0,1,18,0,0
2025-05-05 18:00:00,373,E 149 St (6),Bronx,40.81212,-73.9041,93.0,205.1436,1,23.0,1,18,0,0
2025-05-05 18:00:00,374,E 143 St-St Mary's St (6),Bronx,40.80872,-73.90765,94.0,70.6924,1,23.0,1,18,0,0
2025-05-05 18:00:00,375,Cypress Av (6),Bronx,40.805367,-73.91404,95.0,102.4635,1,23.0,1,18,0,0
2025-05-05 18:00:00,376,Brook Av (6),Bronx,40.807568,-73.91924,142.0,230.7364,1,23.0,1,18,0,0
2025-05-05 18:00:00,377,3 Av-138 St (6),Bronx,40.810474,-73.92614,205.0,340.6992,1,32.0,1,18,0,0
2025-05-05 18:00:00,378,Woodlawn (4),Bronx,40.886036,-73.87875,179.0,273.8168,1,10.0,1,18,0,0
2025-05-05 18:00:00,379,Mosholu Pkwy (4),Bronx,40.87975,-73.88466,198.0,252.6881,1,19.0,1,18,0,0
2025-05-05 18:00:00,380,Bedford Park Blvd-Lehman College (4),Bronx,40.873413,-73.89006,159.0,212.2807,1,18.0,1,18,0,0
2025-05-05 18:00:00,381,Kingsbridge Rd (4),Bronx,40.86776,-73.89717,192.0,355.0441,1,23.0,1,18,0,0
2025-05-05 18:00:00,382,Fordham Rd (4),Bronx,40.862804,-73.90103,226.0,364.1632,1,23.0,1,18,0,0
2025-05-05 18:00:00,383,183 St (4),Bronx,40.858406,-73.90388,114.0,217.7967,1,22.0,1,18,0,0
2025-05-05 18:00:00,384,Burnside Av (4),Bronx,40.853455,-73.907684,221.0,331.4512,1,22.0,1,18,0,0
2025-05-05 18:00:00,385,176 St (4),Bronx,40.84848,-73.9118,125.0,214.8085,1,22.0,1,18,0,0
2025-05-05 18:00:00,386,Mt Eden Av (4),Bronx,40.844433,-73.91469,110.0,196.0065,1,22.0,1,18,0,0
2025-05-05 18:00:00,387,170 St (4),Bronx,40.840076,-73.91779,193.0,322.8698,1,21.0,1,18,0,0
2025-05-05 18:00:00,388,167 St (4),Bronx,40.835537,-73.9214,178.0,401.9999,1,23.0,1,18,0,0
2025-05-05 18:00:00,391,"138 St-Grand Concourse (4,5)",Bronx,40.813225,-73.92985,147.0,195.9578,1,36.0,1,18,0,0
2025-05-05 18:00:00,392,"125 St (4,5,6)",Manhattan,40.80414,-73.93759,1098.0,902.8659,1,73.0,1,18,0,0
2025-05-05 18:00:00,393,116 St (6),Manhattan,40.79863,-73.94162,483.0,557.4576,1,32.0,1,18,0,0
2025-05-05 18:00:00,394,110 St (6),Manhattan,40.79502,-73.94425,335.0,486.7587,1,33.0,1,18,0,0
2025-05-05 18:00:00,395,103 St (6),Manhattan,40.7906,-73.94748,543.0,484.0437,1,32.0,1,18,0,0
2025-05-05 18:00:00,396,96 St (6),Manhattan,40.78567,-73.95107,921.0,763.719,1,32.0,1,18,0,0
2025-05-05 18:00:00,397,"86 St (4,5,6)",Manhattan,40.77949,-73.95559,3451.0,2168.4663,1,72.0,1,18,0,0
2025-05-05 18:00:00,398,77 St (6),Manhattan,40.77362,-73.95988,2376.0,1163.1794,1,32.0,1,18,0,0
2025-05-05 18:00:00,399,68 St-Hunter College (6),Manhattan,40.768143,-73.96387,2189.0,764.9917,1,31.0,1,18,0,0
2025-05-05 18:00:00,403,33 St (6),Manhattan,40.746082,-73.98208,1987.0,1169.1772,1,31.0,1,18,0,0
2025-05-05 18:00:00,404,28 St (6),Manhattan,40.74307,-73.98426,1436.0,841.7718,1,32.0,1,18,0,0
2025-05-05 18:00:00,405,23 St-Baruch College (6),Manhattan,40.739864,-73.9866,1910.0,1046.1025,1,32.0,1,18,0,0
2025-05-05 18:00:00,407,Astor Pl (6),Manhattan,40.730053,-73.99107,1062.0,1011.3245,1,32.0,1,18,0,0
2025-05-05 18:00:00,409,Spring St (6),Manhattan,40.7223,-73.99714,885.0,542.1072,1,32.0,1,18,0,0
2025-05-05 18:00:00,413,"Wall St (4,5)",Manhattan,40.707558,-74.01186,1333.0,669.1585,1,37.0,1,18,0,0
2025-05-05 18:00:00,414,"Bowling Green (4,5)",Manhattan,40.70482,-74.01407,1445.0,627.2038,1,37.0,1,18,0,0
2025-05-05 18:00:00,416,Wakefield-241 St (2),Bronx,40.903126,-73.85062,119.0,171.4123,1,8.0,1,18,0,0
2025-05-05 18:00:00,417,"Nereid Av (2,5)",Bronx,40.89838,-73.85438,71.0,126.96,1,18.0,1,18,0,0
2025-05-05 18:00:00,418,"233 St (2,5)",Bronx,40.893192,-73.857475,114.0,162.4385,1,25.0,1,18,0,0
2025-05-05 18:00:00,419,"225 St (2,5)",Bronx,40.888023,-73.860344,78.0,150.3855,1,24.0,1,18,0,0
2025-05-05 18:00:00,420,"219 St (2,5)",Bronx,40.883896,-73.86263,56.0,120.8655,1,25.0,1,18,0,0
2025-05-05 18:00:00,421,"Gun Hill Rd (2,5)",Bronx,40.87785,-73.86626,158.0,240.5522,1,26.0,1,18,0,0
2025-05-05 18:00:00,422,"Burke Av (2,5)",Bronx,40.871357,-73.867165,50.0,121.314,1,26.0,1,18,0,0
2025-05-05 18:00:00,423,"Allerton Av (2,5)",Bronx,40.865463,-73.867355,95.0,197.0616,1,26.0,1,18,0,0
2025-05-05 18:00:00,424,"Pelham Pkwy (2,5)",Bronx,40.857193,-73.867615,232.0,331.7559,1,25.0,1,18,0,0
2025-05-05 18:00:00,425,"Bronx Park East (2,5)",Bronx,40.848827,-73.868454,50.0,110.1744,1,26.0,1,18,0,0
2025-05-05 18:00:00,426,"E 180 St (2,5)",Bronx,40.841892,-73.87349,206.0,397.2785,1,39.0,1,18,0,0
2025-05-05 18:00:00,427,"West Farms Sq-E Tremont Av (2,5)",Bronx,40.840294,-73.88005,103.0,209.5443,1,26.0,1,18,0,0
2025-05-05 18:00:00,428,"174 St (2,5)",Bronx,40.837288,-73.88773,140.0,247.9736,1,26.0,1,18,0,0
2025-05-05 18:00:00,429,"Freeman St (2,5)",Bronx,40.829994,-73.89187,100.0,193.3318,1,25.0,1,18,0,0
2025-05-05 18:00:00,430,"Simpson St (2,5)",Bronx,40.824074,-73.89307,239.0,285.5274,1,26.0,1,18,0,0
2025-05-05 18:00:00,431,"Intervale Av (2,5)",Bronx,40.82218,-73.896736,61.0,115.2368,1,26.0,1,18,0,0
2025-05-05 18:00:00,432,"Prospect Av (2,5)",Bronx,40.819584,-73.90177,145.0,231.6665,1,27.0,1,18,0,0
2025-05-05 18:00:00,433,"Jackson Av (2,5)",Bronx,40.81649,-73.90781,122.0,220.0177,1,25.0,1,18,0,0
2025-05-05 18:00:00,434,"3 Av-149 St (2,5)",Bronx,40.81611,-73.917755,601.0,715.7126,1,38.0,1,18,0,0
2025-05-05 18:00:00,436,Harlem-148 St (3),Manhattan,40.82388,-73.93647,93.0,149.4221,1,8.0,1,18,0,0
2025-05-05 18:00:00,437,145 St (3),Manhattan,40.82042,-73.93625,81.0,141.7848,1,17.0,1,18,0,0
2025-05-05 18:00:00,438,"135 St (2,3)",Manhattan,40.814228,-73.94077,435.0,533.6708,1,35.0,1,18,0,0
2025-05-05 18:00:00,439,"125 St (2,3)",Manhattan,40.807755,-73.945496,724.0,612.8323,1,35.0,1,18,0,0
2025-05-05 18:00:00,440,"116 St (2,3)",Manhattan,40.802097,-73.94962,288.0,461.6353,1,36.0,1,18,0,0
2025-05-05 18:00:00,441,"110 St-Malcolm X Plaza (2,3)",Manhattan,40.799076,-73.95182,271.0,389.8281,1,36.0,1,18,0,0
2025-05-05 18:00:00,442,Eastchester-Dyre Av (5),Bronx,40.8883,-73.83083,92.0,190.7631,1,7.0,1,18,0,0
2025-05-05 18:00:00,443,Baychester Av (5),Bronx,40.878662,-73.83859,33.0,143.8682,1,15.0,1,18,0,0
2025-05-05 18:00:00,444,Gun Hill Rd (5),Bronx,40.869526,-73.84638,85.0,243.9904,1,14.0,1,18,0,0
2025-05-05 18:00:00,445,Pelham Pkwy (5),Bronx,40.858986,-73.85536,61.0,142.6171,1,14.0,1,18,0,0
2025-05-05 18:00:00,446,Morris Park (5),Bronx,40.854362,-73.8605,53.0,145.2704,1,14.0,1,18,0,0
2025-05-05 18:00:00,447,Flushing-Main St (7),Queens,40.7596,-73.83003,2307.0,3303.5769,1,19.0,1,18,0,0
2025-05-05 18:00:00,448,Mets-Willets Point (7),Queens,40.754623,-73.84563,99.0,771.6949,1,40.0,1,18,0,0
2025-05-05 18:00:00,449,111 St (7),Queens,40.75173,-73.85533,228.0,733.2158000000001,1,33.0,1,18,0,0
2025-05-05 18:00:00,450,103 St-Corona Plaza (7),Queens,40.749866,-73.8627,510.0,1160.2978,1,32.0,1,18,0,0
2025-05-05 18:00:00,451,Junction Blvd (7),Queens,40.749146,-73.86953,631.0,1470.3743,1,45.0,1,18,0,0
2025-05-05 18:00:00,452,90 St-Elmhurst Av (7),Queens,40.74841,-73.87661,503.0,1129.2917,1,32.0,1,18,0,0
2025-05-05 18:00:00,453,82 St-Jackson Hts (7),Queens,40.747658,-73.8837,627.0,790.4633,1,32.0,1,18,0,0
2025-05-05 18:00:00,455,69 St (7),Queens,40.746326,-73.8964,179.0,438.0119,1,43.0,1,18,0,0
2025-05-05 18:00:00,456,61 St-Woodside (7),Queens,40.74563,-73.902985,560.0,976.2323,1,43.0,1,18,0,0
2025-05-05 18:00:00,457,52 St (7),Queens,40.74415,-73.91255,171.0,506.1507,1,44.0,1,18,0,0
2025-05-05 18:00:00,458,46 St-Bliss St (7),Queens,40.743134,-73.918434,470.0,828.7032,1,45.0,1,18,0,0
2025-05-05 18:00:00,459,40 St-Lowery St (7),Queens,40.743782,-73.92402,410.0,623.8817,1,45.0,1,18,0,0
2025-05-05 18:00:00,460,33 St-Rawson St (7),Queens,40.744587,-73.931,577.0,221.8558,1,46.0,1,18,0,0
2025-05-05 18:00:00,461,"Queensboro Plaza (7,N,W)",Queens,40.750584,-73.9402,547.0,831.1741999999999,1,43.0,1,18,0,0
2025-05-05 18:00:00,463,Hunters Point Av (7),Queens,40.742214,-73.94891,251.0,150.1762,1,42.0,1,18,0,0
2025-05-05 18:00:00,464,Vernon Blvd-Jackson Av (7),Queens,40.742626,-73.95358,646.0,1458.6958,1,41.0,1,18,0,0
2025-05-05 18:00:00,471,34 St-Hudson Yards (7),Manhattan,40.755882,-74.00191,2691.0,911.413,1,19.0,1,18,0,0
2025-05-05 18:00:00,475,96 St (Q),Manhattan,40.784317,-73.94715,812.0,987.7622,1,9.0,1,18,0,0
2025-05-05 18:00:00,476,86 St (Q),Manhattan,40.77789,-73.95179,1435.0,1705.0615,1,18.0,1,18,0,0
2025-05-05 18:00:00,477,72 St (Q),Manhattan,40.7688,-73.95843,2363.0,1470.6967,1,18.0,1,18,0,0
2025-05-05 18:00:00,501,St George (SIR),Staten Island,40.64375,-74.07365,623.0,,0,8.0,1,18,0,0
2025-05-05 18:00:00,502,Tompkinsville (SIR),Staten Island,40.636948,-74.07484,27.0,,0,8.0,1,18,0,0
2025-05-05 18:00:00,601,"14 St/6 Av (1,2,3,L,F,M)",Manhattan,40.737797,-73.997734,3011.0,2380.0137,1,138.0,1,18,0,0
2025-05-05 18:00:00,602,"14 St-Union Sq (4,5,6,L,N,Q,R,W)",Manhattan,40.735065,-73.99042,6878.0,4426.1331,1,136.0,1,18,0,0
2025-05-05 18:00:00,603,"149 St-Grand Concourse (2,4,5)",Bronx,40.818394,-73.92703,387.0,385.1504,1,22.0,1,18,0,0
2025-05-05 18:00:00,604,"161 St-Yankee Stadium (4,B,D)",Bronx,40.82795,-73.92574,666.0,1640.7576,1,43.0,1,18,0,0
2025-05-05 18:00:00,605,"168 St-Washington Hts (1,A,C)",Manhattan,40.840637,-73.93985,1122.0,932.9839,1,56.0,1,18,0,0
2025-05-05 18:00:00,606,"Court Sq-23 St (7,E,F,G)",Queens,40.747143,-73.94503,1504.0,1507.8539,1,90.0,1,18,0,0
2025-05-05 18:00:00,607,"34 St-Herald Sq (B,D,F,M,N,Q,R,W)",Manhattan,40.74964,-73.987885,8067.0,4500.0376,1,135.0,1,18,0,0
2025-05-05 18:00:00,608,"4 Av-9 St (F,G,R)",Brooklyn,40.67056,-73.989044,702.0,732.2724,1,53.0,1,18,0,0
2025-05-05 18:00:00,609,"42 St-Bryant Pk/5 Av (7,B,D,F,M)",Manhattan,40.75402,-73.98327,5581.0,1368.5288,1,109.0,1,18,0,0
2025-05-05 18:00:00,610,"Grand Central-42 St (4,5,6,7,S)",Manhattan,40.75199,-73.977356,13702.0,5061.5483,1,127.0,1,18,0,0
2025-05-05 18:00:00,611,"Times Sq-42 St/Port Authority Bus Terminal (1,2,3,7,A,C,E,N,Q,R,W,S)",Manhattan,40.755745,-73.98758,11042.0,8690.1717,1,201.0,1,18,0,0
2025-05-05 18:00:00,612,"Lexington Av/51-53 Sts (6,E,F)",Manhattan,40.757328,-73.97049,6026.0,1602.5135,1,72.0,1,18,0,0
2025-05-05 18:00:00,613,"Lexington Av/59 St (4,5,6,N,R,W)",Manhattan,40.762592,-73.96761,4412.0,1434.5687,1,113.0,1,18,0,0
2025-05-05 18:00:00,614,"59 St-Columbus Circle (1,A,C,B,D)",Manhattan,40.768272,-73.981834,5060.0,2852.7023,1,90.0,1,18,0,0
2025-05-05 18:00:00,615,"62 St/New Utrecht Av (D,N)",Brooklyn,40.625656,-73.99663,166.0,256.7426,1,34.0,1,18,0,0
2025-05-05 18:00:00,616,"Jackson Hts-Roosevelt Av/74 St-Broadway (7,E,F,M,R)",Queens,40.746746,-73.891365,1859.0,3441.7637,1,124.0,1,18,0,0
2025-05-05 18:00:00,617,"Atlantic Av-Barclays Ctr (2,3,4,5,B,D,N,Q,R)",Brooklyn,40.684162,-73.97779,2395.0,2340.2663,1,152.0,1,18,0,0
2025-05-05 18:00:00,618,"14 St/8 Av (A,C,E,L)",Manhattan,40.740334,-74.00214,3314.0,2119.2557,1,74.0,1,18,0,0
2025-05-05 18:00:00,619,"Broadway-Lafayette St/Bleecker St (6,B,D,F,M)",Manhattan,40.725605,-73.99543,3357.0,2004.2364,1,99.0,1,18,0,0
2025-05-05 18:00:00,620,"Borough Hall/Court St (2,3,4,5,R)",Brooklyn,40.69324,-73.99064,1663.0,1207.5417,1,88.0,1,18,0,0
2025-05-05 18:00:00,621,"Broadway Junction (A,C,J,Z,L)",Brooklyn,40.678898,-73.90436,234.0,328.7009,1,34.0,1,18,0,0
2025-05-05 18:00:00,622,"Brooklyn Bridge-City Hall/Chambers St (4,5,6,J,Z)",Manhattan,40.713154,-74.00377,1713.0,863.9528,1,67.0,1,18,0,0
2025-05-05 18:00:00,623,"Canal St (6,J,Z,N,Q,R,W)",Manhattan,40.7187,-74.00058,3381.0,1658.3174,1,75.0,1,18,0,0
2025-05-05 18:00:00,624,"Chambers St/WTC/Park Place/Cortlandt St (2,3,A,C,E,R,W)",Manhattan,40.712605,-74.00955,5081.0,1846.1845,1,108.0,1,18,0,0
2025-05-05 18:00:00,625,"Delancey St-Essex St (F,M,J,Z)",Manhattan,40.718464,-73.98778,1432.0,1768.8484,1,52.0,1,18,0,0
2025-05-05 18:00:00,626,"Franklin Av-Medgar Evers College/Botanic Garden (2,3,4,5,S)",Brooklyn,40.670513,-73.95869,560.0,973.6045,1,81.0,1,18,0,0
2025-05-05 18:00:00,627,"Franklin Av (C,S)",Brooklyn,40.68099,-73.95634,301.0,331.043,1,19.0,1,18,0,0
2025-05-05 18:00:00,628,"Fulton St (2,3,4,5,A,C,J,Z)",Manhattan,40.71009,-74.007835,6722.0,3154.9898,1,88.0,1,18,0,0
2025-05-05 18:00:00,629,"Metropolitan Av/Lorimer St (G,L)",Brooklyn,40.71343,-73.95084,794.0,1338.7687,1,49.0,1,18,0,0
2025-05-05 18:00:00,630,"Myrtle-Wyckoff Avs (M,L)",Brooklyn,40.699623,-73.91199,740.0,1366.5195,1,34.0,1,18,0,0
2025-05-05 18:00:00,635,"Whitehall St-South Ferry (1,R,W)",Manhattan,40.702576,-74.01333,1318.0,944.5374,1,37.0,1,18,0,0
2025-05-05 18:00:00,636,"Jay St-MetroTech (A,C,F,R)",Brooklyn,40.69226,-73.98664,2179.0,1183.8689,1,72.0,1,18,0,0
2025-05-05 19:00:00,1,"Astoria-Ditmars Blvd (N,W)",Queens,40.775036,-73.91203,256.0,643.5514000000001,1,13.0,1,19,0,0
2025-05-05 19:00:00,2,"Astoria Blvd (N,W)",Queens,40.77026,-73.91785,170.0,491.5503,1,26.0,1,19,0,0
2025-05-05 19:00:00,3,"30 Av (N,W)",Queens,40.76678,-73.92148,263.0,668.6616,1,27.0,1,19,0,0
2025-05-05 19:00:00,4,"Broadway (N,W)",Queens,40.76182,-73.92551,169.0,618.8588,1,26.0,1,19,0,0
2025-05-05 19:00:00,5,"36 Av (N,W)",Queens,40.756805,-73.92957,145.0,277.0908,1,25.0,1,19,0,0
2025-05-05 19:00:00,6,"39 Av-Dutch Kills (N,W)",Queens,40.75288,-73.932755,84.0,193.2396,1,25.0,1,19,0,0
2025-05-05 19:00:00,8,"5 Av/59 St (N,R,W)",Manhattan,40.764812,-73.97335,703.0,179.852,1,39.0,1,19,0,0
2025-05-05 19:00:00,9,"57 St-7 Av (N,Q,R,W)",Manhattan,40.764664,-73.98066,1617.0,775.2777,1,59.0,1,19,0,0
2025-05-05 19:00:00,10,"49 St (N,R,W)",Manhattan,40.7599,-73.98414,882.0,718.29,1,39.0,1,19,0,0
2025-05-05 19:00:00,13,"28 St (R,W)",Manhattan,40.745495,-73.98869,556.0,386.9727,1,27.0,1,19,0,0
2025-05-05 19:00:00,14,"23 St (R,W)",Manhattan,40.741302,-73.98934,410.0,450.2749,1,28.0,1,19,0,0
2025-05-05 19:00:00,16,"8 St-NYU (R,W)",Manhattan,40.730328,-73.99263,353.0,539.9630999999999,1,27.0,1,19,0,0
2025-05-05 19:00:00,17,"Prince St (R,W)",Manhattan,40.72433,-73.9977,184.0,257.8794,1,27.0,1,19,0,0
2025-05-05 19:00:00,20,"City Hall (R,W)",Manhattan,40.713284,-74.00698,143.0,87.1507,1,27.0,1,19,0,0
2025-05-05 19:00:00,22,"Rector St (R,W)",Manhattan,40.70722,-74.01334,70.0,127.4957,1,27.0,1,19,0,0
2025-05-05 19:00:00,26,"DeKalb Av (B,Q,R)",Brooklyn,40.690636,-73.98183,733.0,854.9722,1,53.0,1,19,0,0
2025-05-05 19:00:00,28,Union St (R),Brooklyn,40.677315,-73.98311,226.0,289.2623,1,24.0,1,19,0,0
2025-05-05 19:00:00,30,Prospect Av (R),Brooklyn,40.665413,-73.992874,154.0,235.3129,1,25.0,1,19,0,0
2025-05-05 19:00:00,31,25 St (R),Brooklyn,40.660397,-73.99809,92.0,134.2048,1,24.0,1,19,0,0
2025-05-05 19:00:00,32,"36 St (D,N,R)",Brooklyn,40.655144,-74.00355,438.0,468.6718,1,40.0,1,19,0,0
2025-05-05 19:00:00,33,45 St (R),Brooklyn,40.648937,-74.01001,167.0,309.099,1,18.0,1,19,0,0
2025-05-05 19:00:00,34,53 St (R),Brooklyn,40.64507,-74.01403,202.0,333.4223,1,18.0,1,19,0,0
2025-05-05 19:00:00,35,"59 St (N,R)",Brooklyn,40.64136,-74.01788,267.0,490.1499,1,27.0,1,19,0,0
2025-05-05 19:00:00,36,Bay Ridge Av (R),Brooklyn,40.634968,-74.02338,141.0,338.6349,1,14.0,1,19,0,0
2025-05-05 19:00:00,37,77 St (R),Brooklyn,40.62974,-74.02551,96.0,215.7705,1,13.0,1,19,0,0
2025-05-05 19:00:00,38,86 St (R),Brooklyn,40.62269,-74.0284,216.0,439.2502,1,13.0,1,19,0,0
2025-05-05 19:00:00,39,Bay Ridge-95 St (R),Brooklyn,40.616623,-74.030876,94.0,210.3547,1,7.0,1,19,0,0
2025-05-05 19:00:00,41,"7 Av (B,Q)",Brooklyn,40.67705,-73.97237,271.0,451.4195,1,30.0,1,19,0,0
2025-05-05 19:00:00,42,"Prospect Park (B,Q,S)",Brooklyn,40.661613,-73.96225,212.0,475.824,1,36.0,1,19,0,0
2025-05-05 19:00:00,43,Parkside Av (Q),Brooklyn,40.655293,-73.961494,117.0,296.4935,1,17.0,1,19,0,0
2025-05-05 19:00:00,44,"Church Av (B,Q)",Brooklyn,40.650528,-73.96298,263.0,677.313,1,30.0,1,19,0,0
2025-05-05 19:00:00,45,Beverley Rd (Q),Brooklyn,40.64403,-73.96449,66.0,176.2736,1,17.0,1,19,0,0
2025-05-05 19:00:00,46,Cortelyou Rd (Q),Brooklyn,40.640926,-73.96389,96.0,319.8032,1,18.0,1,19,0,0
2025-05-05 19:00:00,47,"Newkirk Plaza (B,Q)",Brooklyn,40.635082,-73.96279,147.0,515.2549,1,30.0,1,19,0,0
2025-05-05 19:00:00,48,Avenue H (Q),Brooklyn,40.62927,-73.96164,65.0,140.9518,1,18.0,1,19,0,0
2025-05-05 19:00:00,49,Avenue J (Q),Brooklyn,40.62504,-73.9608,154.0,245.5509,1,17.0,1,19,0,0
2025-05-05 19:00:00,50,Avenue M (Q),Brooklyn,40.61762,-73.9594,138.0,259.1023,1,17.0,1,19,0,0
2025-05-05 19:00:00,51,"Kings Hwy (B,Q)",Brooklyn,40.60867,-73.95773,400.0,871.8418,1,32.0,1,19,0,0
2025-05-05 19:00:00,52,Avenue U (Q),Brooklyn,40.5993,-73.95593,123.0,279.861,1,18.0,1,19,0,0
2025-05-05 19:00:00,53,Neck Rd (Q),Brooklyn,40.595245,-73.95516,80.0,191.3634,1,17.0,1,19,0,0
2025-05-05 19:00:00,54,"Sheepshead Bay (B,Q)",Brooklyn,40.586895,-73.954155,290.0,512.9848,1,30.0,1,19,0,0
2025-05-05 19:00:00,55,"Brighton Beach (B,Q)",Brooklyn,40.57762,-73.96137,281.0,413.8758,1,25.0,1,19,0,0
2025-05-05 19:00:00,56,Ocean Pkwy (Q),Brooklyn,40.576313,-73.9685,82.0,115.9516,1,19.0,1,19,0,0
2025-05-05 19:00:00,57,"W 8 St-NY Aquarium (F,Q)",Brooklyn,40.576126,-73.97594,53.0,86.5699,1,35.0,1,19,0,0
2025-05-05 19:00:00,58,"Coney Island-Stillwell Av (D,F,N,Q)",Brooklyn,40.577423,-73.98123,271.0,407.2013,1,28.0,1,19,0,0
2025-05-05 19:00:00,59,9 Av (D),Brooklyn,40.646294,-73.99432,104.0,244.4538,1,13.0,1,19,0,0
2025-05-05 19:00:00,60,Fort Hamilton Pkwy (D),Brooklyn,40.640915,-73.9943,124.0,149.0407,1,13.0,1,19,0,0
2025-05-05 19:00:00,61,50 St (D),Brooklyn,40.63626,-73.99479,178.0,110.5697,1,13.0,1,19,0,0
2025-05-05 19:00:00,62,55 St (D),Brooklyn,40.631435,-73.995476,87.0,52.6836,1,14.0,1,19,0,0
2025-05-05 19:00:00,64,71 St (D),Brooklyn,40.61959,-73.99886,58.0,225.5484,1,14.0,1,19,0,0
2025-05-05 19:00:00,65,79 St (D),Brooklyn,40.613503,-74.00061,63.0,285.7845,1,14.0,1,19,0,0
2025-05-05 19:00:00,66,18 Av (D),Brooklyn,40.607952,-74.00174,76.0,261.1252,1,12.0,1,19,0,0
2025-05-05 19:00:00,67,20 Av (D),Brooklyn,40.604557,-73.99817,74.0,225.742,1,12.0,1,19,0,0
2025-05-05 19:00:00,68,Bay Pkwy (D),Brooklyn,40.601875,-73.99373,149.0,283.9244,1,13.0,1,19,0,0
2025-05-05 19:00:00,69,25 Av (D),Brooklyn,40.597706,-73.98683,59.0,173.2518,1,13.0,1,19,0,0
2025-05-05 19:00:00,70,Bay 50 St (D),Brooklyn,40.58884,-73.983765,28.0,106.6647,1,14.0,1,19,0,0
2025-05-05 19:00:00,71,8 Av (N),Brooklyn,40.635063,-74.01172,278.0,346.3345,1,13.0,1,19,0,0
2025-05-05 19:00:00,72,Fort Hamilton Pkwy (N),Brooklyn,40.631386,-74.00535,91.0,270.5272,1,13.0,1,19,0,0
2025-05-05 19:00:00,74,18 Av (N),Brooklyn,40.62067,-73.99042,120.0,228.4666,1,12.0,1,19,0,0
2025-05-05 19:00:00,75,20 Av (N),Brooklyn,40.61741,-73.98502,69.0,170.681,1,13.0,1,19,0,0
2025-05-05 19:00:00,76,Bay Pkwy (N),Brooklyn,40.611816,-73.98185,81.0,321.2953,1,13.0,1,19,0,0
2025-05-05 19:00:00,77,Kings Hwy (N),Brooklyn,40.603924,-73.980354,89.0,255.8703,1,15.0,1,19,0,0
2025-05-05 19:00:00,78,Avenue U (N),Brooklyn,40.597473,-73.97913,65.0,184.5774,1,14.0,1,19,0,0
2025-05-05 19:00:00,79,86 St (N),Brooklyn,40.59272,-73.97823,44.0,98.9037,1,13.0,1,19,0,0
2025-05-05 19:00:00,80,"121 St (J,Z)",Queens,40.700493,-73.82829,53.0,93.2487,1,13.0,1,19,0,0
2025-05-05 19:00:00,81,111 St (J),Queens,40.69742,-73.83634,34.0,94.4181,1,13.0,1,19,0,0
2025-05-05 19:00:00,82,"104 St (J,Z)",Queens,40.69518,-73.84433,31.0,113.4669,1,13.0,1,19,0,0
2025-05-05 19:00:00,83,"Woodhaven Blvd (J,Z)",Queens,40.69388,-73.85158,102.0,181.1473,1,13.0,1,19,0,0
2025-05-05 19:00:00,84,85 St-Forest Pkwy (J),Queens,40.692436,-73.86001,24.0,70.235,1,13.0,1,19,0,0
2025-05-05 19:00:00,85,"75 St-Elderts Ln (J,Z)",Queens,40.691322,-73.86714,42.0,167.184,1,13.0,1,19,0,0
2025-05-05 19:00:00,86,Cypress Hills (J),Brooklyn,40.68994,-73.87255,5.0,15.9601,1,12.0,1,19,0,0
2025-05-05 19:00:00,87,"Crescent St (J,Z)",Brooklyn,40.683193,-73.87379,79.0,162.0935,1,13.0,1,19,0,0
2025-05-05 19:00:00,88,"Norwood Av (J,Z)",Brooklyn,40.68141,-73.880035,35.0,90.0098,1,13.0,1,19,0,0
2025-05-05 19:00:00,89,Cleveland St (J),Brooklyn,40.679947,-73.884636,36.0,71.4845,1,13.0,1,19,0,0
2025-05-05 19:00:00,90,"Van Siclen Av (J,Z)",Brooklyn,40.678024,-73.891685,48.0,123.638,1,12.0,1,19,0,0
2025-05-05 19:00:00,91,"Alabama Av (J,Z)",Brooklyn,40.67699,-73.89865,46.0,50.781,1,12.0,1,19,0,0
2025-05-05 19:00:00,93,"Chauncey St (J,Z)",Brooklyn,40.68289,-73.91045,51.0,141.7315,1,13.0,1,19,0,0
2025-05-05 19:00:00,94,Halsey St (J),Brooklyn,40.68637,-73.91656,87.0,310.675,1,12.0,1,19,0,0
2025-05-05 19:00:00,95,"Gates Av (J,Z)",Brooklyn,40.68963,-73.92227,108.0,316.2618,1,12.0,1,19,0,0
2025-05-05 19:00:00,96,Kosciuszko St (J),Brooklyn,40.69334,-73.92882,116.0,298.9467,1,12.0,1,19,0,0
2025-05-05 19:00:00,97,"Myrtle Av (M,J,Z)",Brooklyn,40.69721,-73.93565,286.0,590.0965,1,26.0,1,19,0,0
2025-05-05 19:00:00,98,"Flushing Av (M,J)",Brooklyn,40.70026,-73.941124,332.0,266.0513,1,20.0,1,19,0,0
2025-05-05 19:00:00,99,"Lorimer St (M,J)",Brooklyn,40.70387,-73.94741,159.0,171.7565,1,20.0,1,19,0,0
2025-05-05 19:00:00,100,"Hewes St (M,J)",Brooklyn,40.70687,-73.95343,79.0,124.5418,1,21.0,1,19,0,0
2025-05-05 19:00:00,101,"Marcy Av (M,J,Z)",Brooklyn,40.70836,-73.957756,472.0,509.7832,1,26.0,1,19,0,0
2025-05-05 19:00:00,103,"Bowery (J,Z)",Manhattan,40.72028,-73.99391,165.0,126.5015,1,12.0,1,19,0,0
2025-05-05 19:00:00,107,"Broad St (J,Z)",Manhattan,40.706474,-74.011055,283.0,103.9774,1,6.0,1,19,0,0
2025-05-05 19:00:00,108,Middle Village-Metropolitan Av (M),Queens,40.711395,-73.8896,74.0,115.4921,1,6.0,1,19,0,0
2025-05-05 19:00:00,109,Fresh Pond Rd (M),Queens,40.706184,-73.895874,82.0,255.6355,1,14.0,1,19,0,0
2025-05-05 19:00:00,110,Forest Av (M),Queens,40.704422,-73.903076,74.0,207.035,1,14.0,1,19,0,0
2025-05-05 19:00:00,111,Seneca Av (M),Queens,40.702763,-73.90774,49.0,138.7012,1,14.0,1,19,0,0
2025-05-05 19:00:00,113,Knickerbocker Av (M),Brooklyn,40.698666,-73.91971,96.0,194.17,1,14.0,1,19,0,0
2025-05-05 19:00:00,114,Central Av (M),Brooklyn,40.697857,-73.9274,78.0,229.4522,1,14.0,1,19,0,0
2025-05-05 19:00:00,118,3 Av (L),Manhattan,40.73285,-73.98612,389.0,261.8317,1,31.0,1,19,0,0
2025-05-05 19:00:00,119,1 Av (L),Manhattan,40.730953,-73.98163,1117.0,1182.7607,1,32.0,1,19,0,0
2025-05-05 19:00:00,120,Bedford Av (L),Brooklyn,40.717304,-73.95687,1368.0,1803.4961,1,32.0,1,19,0,0
2025-05-05 19:00:00,122,Graham Av (L),Brooklyn,40.714565,-73.94405,251.0,501.5069,1,31.0,1,19,0,0
2025-05-05 19:00:00,123,Grand St (L),Brooklyn,40.711926,-73.94067,218.0,265.151,1,32.0,1,19,0,0
2025-05-05 19:00:00,124,Montrose Av (L),Brooklyn,40.70774,-73.93985,193.0,378.7594,1,32.0,1,19,0,0
2025-05-05 19:00:00,125,Morgan Av (L),Brooklyn,40.706154,-73.93314,280.0,377.4325,1,31.0,1,19,0,0
2025-05-05 19:00:00,126,Jefferson St (L),Brooklyn,40.706608,-73.92291,303.0,441.5158,1,32.0,1,19,0,0
2025-05-05 19:00:00,127,DeKalb Av (L),Brooklyn,40.70381,-73.91843,357.0,645.1419,1,31.0,1,19,0,0
2025-05-05 19:00:00,129,Halsey St (L),Queens,40.695602,-73.90408,218.0,422.7627,1,31.0,1,19,0,0
2025-05-05 19:00:00,130,Wilson Av (L),Brooklyn,40.688763,-73.904045,94.0,234.6369,1,32.0,1,19,0,0
2025-05-05 19:00:00,131,Bushwick Av-Aberdeen St (L),Brooklyn,40.68283,-73.90525,57.0,136.3501,1,30.0,1,19,0,0
2025-05-05 19:00:00,133,Atlantic Av (L),Brooklyn,40.675346,-73.9031,54.0,84.2266,1,32.0,1,19,0,0
2025-05-05 19:00:00,134,Sutter Av (L),Brooklyn,40.66937,-73.90198,57.0,87.5839,1,33.0,1,19,0,0
2025-05-05 19:00:00,135,Livonia Av (L),Brooklyn,40.66404,-73.90057,74.0,117.3396,1,32.0,1,19,0,0
2025-05-05 19:00:00,136,New Lots Av (L),Brooklyn,40.658733,-73.89923,68.0,133.7625,1,32.0,1,19,0,0
2025-05-05 19:00:00,137,East 105 St (L),Brooklyn,40.650574,-73.89948,54.0,88.1753,1,32.0,1,19,0,0
2025-05-05 19:00:00,138,Canarsie-Rockaway Pkwy (L),Brooklyn,40.646652,-73.90185,47.0,298.4267,1,15.0,1,19,0,0
2025-05-05 19:00:00,141,Park Pl (S),Brooklyn,40.67477,-73.95763,48.0,70.0896,1,12.0,1,19,0,0
2025-05-05 19:00:00,143,Inwood-207 St (A),Manhattan,40.868073,-73.9199,159.0,299.8833,1,9.0,1,19,0,0
2025-05-05 19:00:00,144,Dyckman St (A),Manhattan,40.86549,-73.92727,92.0,298.7698,1,20.0,1,19,0,0
2025-05-05 19:00:00,145,190 St (A),Manhattan,40.85902,-73.93418,56.0,210.0745,1,20.0,1,19,0,0
2025-05-05 19:00:00,146,181 St (A),Manhattan,40.851696,-73.937965,156.0,472.9161,1,18.0,1,19,0,0
2025-05-05 19:00:00,147,175 St (A),Manhattan,40.84739,-73.939705,203.0,437.6592,1,19.0,1,19,0,0
2025-05-05 19:00:00,149,163 St-Amsterdam Av (C),Manhattan,40.836014,-73.939896,57.0,172.8461,1,14.0,1,19,0,0
2025-05-05 19:00:00,150,155 St (C),Manhattan,40.830517,-73.94151,24.0,107.4699,1,14.0,1,19,0,0
2025-05-05 19:00:00,151,"145 St (A,C,B,D)",Manhattan,40.824783,-73.944214,655.0,904.359,1,,0,19,0,0
2025-05-05 19:00:00,152,"135 St (C,B)",Manhattan,40.817894,-73.94765,127.0,191.4661,1,25.0,1,19,0,0
2025-05-05 19:00:00,153,"125 St (A,C,B,D)",Manhattan,40.811108,-73.95235,832.0,914.2569,1,61.0,1,19,0,0
2025-05-05 19:00:00,154,"116 St (C,B)",Manhattan,40.805084,-73.95488,181.0,266.7752,1,27.0,1,19,0,0
2025-05-05 19:00:00,155,"Cathedral Pkwy (110 St) (C,B)",Manhattan,40.800602,-73.95816,176.0,354.5403,1,26.0,1,19,0,0
2025-05-05 19:00:00,156,"103 St (C,B)",Manhattan,40.796093,-73.96146,131.0,194.0348,1,25.0,1,19,0,0
2025-05-05 19:00:00,157,"96 St (C,B)",Manhattan,40.79164,-73.9647,348.0,312.4227,1,25.0,1,19,0,0
2025-05-05 19:00:00,158,"86 St (C,B)",Manhattan,40.78587,-73.96892,354.0,353.6916,1,25.0,1,19,0,0
2025-05-05 19:00:00,159,"81 St-Museum of Natural History (C,B)",Manhattan,40.781433,-73.972145,422.0,310.4608,1,26.0,1,19,0,0
2025-05-05 19:00:00,160,"72 St (C,B)",Manhattan,40.775593,-73.97641,348.0,332.4589,1,28.0,1,19,0,0
2025-05-05 19:00:00,162,"50 St (C,E)",Manhattan,40.762455,-73.985985,894.0,713.5067,1,37.0,1,19,0,0
2025-05-05 19:00:00,164,"34 St-Penn Station (A,C,E)",Manhattan,40.75229,-73.99339,2994.0,2034.6944,1,56.0,1,19,0,0
2025-05-05 19:00:00,165,"23 St (C,E)",Manhattan,40.745907,-73.99804,1009.0,630.2394,1,39.0,1,19,0,0
2025-05-05 19:00:00,167,"W 4 St-Wash Sq (A,C,E,B,D,F,M)",Manhattan,40.732338,-74.000496,2172.0,1660.6002,1,,0,19,0,0
2025-05-05 19:00:00,168,"Spring St (C,E)",Manhattan,40.726227,-74.00374,826.0,299.8234,1,38.0,1,19,0,0
2025-05-05 19:00:00,169,"Canal St (A,C,E)",Manhattan,40.720825,-74.005226,1017.0,332.4691,1,56.0,1,19,0,0
2025-05-05 19:00:00,173,"High St (A,C)",Brooklyn,40.699337,-73.99053,345.0,406.4462,1,34.0,1,19,0,0
2025-05-05 19:00:00,175,"Hoyt-Schermerhorn Sts (A,C,G)",Brooklyn,40.688484,-73.985,534.0,401.3402,1,49.0,1,19,0,0
2025-05-05 19:00:00,176,Lafayette Av (C),Brooklyn,40.68611,-73.973946,179.0,242.2346,1,14.0,1,19,0,0
2025-05-05 19:00:00,177,Clinton-Washington Avs (C),Brooklyn,40.68326,-73.965836,139.0,334.9491,1,15.0,1,19,0,0
2025-05-05 19:00:00,179,"Nostrand Av (A,C)",Brooklyn,40.68044,-73.950424,438.0,821.9008,1,32.0,1,19,0,0
2025-05-05 19:00:00,180,Kingston-Throop Avs (C),Brooklyn,40.67992,-73.94086,185.0,317.6639,1,14.0,1,19,0,0
2025-05-05 19:00:00,181,"Utica Av (A,C)",Brooklyn,40.679363,-73.93073,317.0,662.9975,1,34.0,1,19,0,0
2025-05-05 19:00:00,182,Ralph Av (C),Brooklyn,40.67882,-73.920784,102.0,197.474,1,16.0,1,19,0,0
2025-05-05 19:00:00,183,Rockaway Av (C),Brooklyn,40.67834,-73.91195,93.0,230.8063,1,16.0,1,19,0,0
2025-05-05 19:00:00,185,Liberty Av (C),Brooklyn,40.67454,-73.896545,37.0,68.04429999999999,1,14.0,1,19,0,0
2025-05-05 19:00:00,186,Van Siclen Av (C),Brooklyn,40.67271,-73.89036,36.0,113.6726,1,14.0,1,19,0,0
2025-05-05 19:00:00,187,Shepherd Av (C),Brooklyn,40.67413,-73.88075,27.0,122.7635,1,15.0,1,19,0,0
2025-05-05 19:00:00,188,"Euclid Av (A,C)",Brooklyn,40.675377,-73.87211,151.0,389.2549,1,25.0,1,19,0,0
2025-05-05 19:00:00,189,Grant Av (A),Brooklyn,40.677044,-73.86505,67.0,209.4012,1,19.0,1,19,0,0
2025-05-05 19:00:00,190,80 St (A),Queens,40.67937,-73.85899,38.0,182.1646,1,19.0,1,19,0,0
2025-05-05 19:00:00,191,88 St (A),Queens,40.679844,-73.85147,20.0,132.143,1,19.0,1,19,0,0
2025-05-05 19:00:00,192,Rockaway Blvd (A),Queens,40.680428,-73.84386,93.0,257.2328,1,19.0,1,19,0,0
2025-05-05 19:00:00,193,104 St (A),Queens,40.68171,-73.837685,22.0,75.1065,1,9.0,1,19,0,0
2025-05-05 19:00:00,194,111 St (A),Queens,40.68433,-73.83216,26.0,84.4778,1,9.0,1,19,0,0
2025-05-05 19:00:00,195,Ozone Park-Lefferts Blvd (A),Queens,40.68595,-73.8258,89.0,227.4709,1,4.0,1,19,0,0
2025-05-05 19:00:00,196,Aqueduct Racetrack (A),Queens,40.672096,-73.83592,30.0,25.1732,1,4.0,1,19,0,0
2025-05-05 19:00:00,197,Aqueduct-N Conduit Av (A),Queens,40.668236,-73.83406,8.0,27.1116,1,9.0,1,19,0,0
2025-05-05 19:00:00,198,Howard Beach-JFK Airport (A),Queens,40.660477,-73.8303,259.0,210.5226,1,4.0,1,19,0,0
2025-05-05 19:00:00,210,Norwood-205 St (D),Bronx,40.87481,-73.87885,71.0,208.0884,1,7.0,1,19,0,0
2025-05-05 19:00:00,211,"Bedford Park Blvd (B,D)",Bronx,40.873245,-73.88714,83.0,199.4491,1,15.0,1,19,0,0
2025-05-05 19:00:00,212,"Kingsbridge Rd (B,D)",Bronx,40.866978,-73.89351,64.0,230.6204,1,15.0,1,19,0,0
2025-05-05 19:00:00,213,"Fordham Rd (B,D)",Bronx,40.861298,-73.89775,145.0,231.1116,1,15.0,1,19,0,0
2025-05-05 19:00:00,214,"182-183 Sts (B,D)",Bronx,40.856094,-73.90074,41.0,138.1481,1,15.0,1,19,0,0
2025-05-05 19:00:00,215,"Tremont Av (B,D)",Bronx,40.85041,-73.90523,80.0,269.408,1,17.0,1,19,0,0
2025-05-05 19:00:00,216,"174-175 Sts (B,D)",Bronx,40.8459,-73.91013,74.0,123.4429,1,15.0,1,19,0,0
2025-05-05 19:00:00,217,"170 St (B,D)",Bronx,40.839306,-73.9134,50.0,173.3289,1,15.0,1,19,0,0
2025-05-05 19:00:00,218,"167 St (B,D)",Bronx,40.83377,-73.91844,86.0,272.4321,1,14.0,1,19,0,0
2025-05-05 19:00:00,220,"155 St (B,D)",Manhattan,40.830135,-73.93821,58.0,88.5374,1,15.0,1,19,0,0
2025-05-05 19:00:00,221,21 St-Queensbridge (M),Queens,40.754204,-73.94283,285.0,472.2434,1,22.0,1,19,0,0
2025-05-05 19:00:00,222,Roosevelt Island (M),Manhattan,40.759144,-73.95326,226.0,452.8568,1,22.0,1,19,0,0
2025-05-05 19:00:00,223,"Lexington Av/63 St (M,Q)",Manhattan,40.76463,-73.96611,1029.0,470.3197,1,40.0,1,19,0,0
2025-05-05 19:00:00,224,57 St (M),Manhattan,40.763973,-73.97745,916.0,326.9772,1,23.0,1,19,0,0
2025-05-05 19:00:00,225,"47-50 Sts-Rockefeller Ctr (B,D,F,M)",Manhattan,40.758663,-73.98133,3321.0,714.2424,1,63.0,1,19,0,0
2025-05-05 19:00:00,228,"23 St (F,M)",Manhattan,40.742878,-73.99282,1636.0,663.3684,1,36.0,1,19,0,0
2025-05-05 19:00:00,231,"Grand St (B,D)",Manhattan,40.718266,-73.99375,804.0,615.1878,1,26.0,1,19,0,0
2025-05-05 19:00:00,232,2 Av (F),Manhattan,40.7234,-73.98994,565.0,684.3351,1,23.0,1,19,0,0
2025-05-05 19:00:00,234,East Broadway (F),Manhattan,40.713715,-73.99017,529.0,552.2131,1,22.0,1,19,0,0
2025-05-05 19:00:00,235,York St (F),Brooklyn,40.701397,-73.98675,616.0,514.8197,1,23.0,1,19,0,0
2025-05-05 19:00:00,236,"Bergen St (F,G)",Brooklyn,40.686146,-73.99086,513.0,396.0041,1,38.0,1,19,0,0
2025-05-05 19:00:00,237,"Carroll St (F,G)",Brooklyn,40.6803,-73.99505,349.0,434.9648,1,38.0,1,19,0,0
2025-05-05 19:00:00,238,"Smith-9 Sts (F,G)",Brooklyn,40.67358,-73.99596,159.0,103.2144,1,37.0,1,19,0,0
2025-05-05 19:00:00,240,"7 Av (F,G)",Brooklyn,40.66627,-73.98031,278.0,426.9729,1,38.0,1,19,0,0
2025-05-05 19:00:00,241,"15 St-Prospect Park (F,G)",Brooklyn,40.660366,-73.97949,112.0,248.3778,1,38.0,1,19,0,0
2025-05-05 19:00:00,242,"Fort Hamilton Pkwy (F,G)",Brooklyn,40.650784,-73.97578,92.0,255.4001,1,37.0,1,19,0,0
2025-05-05 19:00:00,243,"Church Av (F,G)",Brooklyn,40.64404,-73.979675,197.0,377.186,1,30.0,1,19,0,0
2025-05-05 19:00:00,244,Ditmas Av (F),Brooklyn,40.63612,-73.97817,89.0,158.4271,1,22.0,1,19,0,0
2025-05-05 19:00:00,245,18 Av (F),Brooklyn,40.629753,-73.976974,91.0,123.1331,1,22.0,1,19,0,0
2025-05-05 19:00:00,246,Avenue I (F),Brooklyn,40.62532,-73.97613,48.0,53.1484,1,22.0,1,19,0,0
2025-05-05 19:00:00,247,Bay Pkwy (F),Brooklyn,40.62077,-73.975266,18.0,44.4865,1,22.0,1,19,0,0
2025-05-05 19:00:00,248,Avenue N (F),Brooklyn,40.61514,-73.9742,54.0,101.5938,1,23.0,1,19,0,0
2025-05-05 19:00:00,249,Avenue P (F),Brooklyn,40.608944,-73.97302,42.0,103.296,1,22.0,1,19,0,0
2025-05-05 19:00:00,250,Kings Hwy (F),Brooklyn,40.603218,-73.97236,61.0,145.1035,1,21.0,1,19,0,0
2025-05-05 19:00:00,251,Avenue U (F),Brooklyn,40.59606,-73.97336,35.0,81.2449,1,18.0,1,19,0,0
2025-05-05 19:00:00,252,Avenue X (F),Brooklyn,40.58962,-73.97425,34.0,96.5771,1,18.0,1,19,0,0
2025-05-05 19:00:00,253,Neptune Av (F),Brooklyn,40.581013,-73.97457,21.0,52.7055,1,18.0,1,19,0,0
2025-05-05 19:00:00,254,Jamaica-179 St (F),Queens,40.712646,-73.78381,233.0,743.3742,1,11.0,1,19,0,0
2025-05-05 19:00:00,255,169 St (F),Queens,40.71047,-73.7936,161.0,301.5374,1,22.0,1,19,0,0
2025-05-05 19:00:00,256,Parsons Blvd (F),Queens,40.707565,-73.80333,125.0,265.3404,1,21.0,1,19,0,0
2025-05-05 19:00:00,257,Sutphin Blvd (F),Queens,40.70546,-73.81071,72.0,163.4783,1,22.0,1,19,0,0
2025-05-05 19:00:00,258,"Briarwood (E,F)",Queens,40.70918,-73.82057,63.0,238.3088,1,36.0,1,19,0,0
2025-05-05 19:00:00,259,"Kew Gardens-Union Tpke (E,F)",Queens,40.71444,-73.83101,440.0,876.3106,1,46.0,1,19,0,0
2025-05-05 19:00:00,260,"75 Av (E,F)",Queens,40.71833,-73.837326,45.0,159.6027,1,38.0,1,19,0,0
2025-05-05 19:00:00,261,"Forest Hills-71 Av (E,F,M,R)",Queens,40.72169,-73.84452,568.0,1049.4391,1,59.0,1,19,0,0
2025-05-05 19:00:00,262,"67 Av (M,R)",Queens,40.726524,-73.85272,122.0,339.5454,1,28.0,1,19,0,0
2025-05-05 19:00:00,263,"63 Dr-Rego Park (M,R)",Queens,40.729847,-73.8616,245.0,614.3374,1,27.0,1,19,0,0
2025-05-05 19:00:00,264,"Woodhaven Blvd (M,R)",Queens,40.733105,-73.86923,404.0,751.19,1,29.0,1,19,0,0
2025-05-05 19:00:00,265,"Grand Av-Newtown (M,R)",Queens,40.737015,-73.87722,192.0,991.0181,1,30.0,1,19,0,0
2025-05-05 19:00:00,266,"Elmhurst Av (M,R)",Queens,40.742455,-73.88202,201.0,703.0675,1,29.0,1,19,0,0
2025-05-05 19:00:00,268,"65 St (M,R)",Queens,40.74967,-73.89845,44.0,147.7883,1,28.0,1,19,0,0
2025-05-05 19:00:00,269,"Northern Blvd (M,R)",Queens,40.752884,-73.906006,130.0,275.5186,1,28.0,1,19,0,0
2025-05-05 19:00:00,270,"46 St (M,R)",Queens,40.756313,-73.91333,124.0,374.5559,1,28.0,1,19,0,0
2025-05-05 19:00:00,271,"Steinway St (M,R)",Queens,40.756878,-73.92074,348.0,517.517,1,28.0,1,19,0,0
2025-05-05 19:00:00,272,"36 St (M,R)",Queens,40.75204,-73.92878,124.0,107.0531,1,27.0,1,19,0,0
2025-05-05 19:00:00,273,"Queens Plaza (E,F,R)",Queens,40.748974,-73.93724,540.0,689.6377,1,51.0,1,19,0,0
2025-05-05 19:00:00,276,"5 Av/53 St (E,F)",Manhattan,40.760166,-73.97523,1077.0,168.086,1,37.0,1,19,0,0
2025-05-05 19:00:00,277,"7 Av (E,B,D)",Manhattan,40.762863,-73.981636,1019.0,396.9763,1,50.0,1,19,0,0
2025-05-05 19:00:00,278,"Jamaica Center-Parsons/Archer (E,J,Z)",Queens,40.70215,-73.80111,609.0,953.5763,1,17.0,1,19,0,0
2025-05-05 19:00:00,279,"Sutphin Blvd-Archer Av-JFK Airport (E,J,Z)",Queens,40.700485,-73.80797,735.0,914.9029,1,37.0,1,19,0,0
2025-05-05 19:00:00,280,Jamaica-Van Wyck (E),Queens,40.702564,-73.81686,120.0,140.7284,1,25.0,1,19,0,0
2025-05-05 19:00:00,282,21 St (G),Queens,40.744064,-73.94972,74.0,48.3352,1,15.0,1,19,0,0
2025-05-05 19:00:00,283,Greenpoint Av (G),Brooklyn,40.731354,-73.95445,316.0,422.0395,1,15.0,1,19,0,0
2025-05-05 19:00:00,284,Nassau Av (G),Brooklyn,40.724636,-73.95128,320.0,397.9485,1,16.0,1,19,0,0
2025-05-05 19:00:00,286,Broadway (G),Brooklyn,40.706093,-73.95031,157.0,160.4856,1,14.0,1,19,0,0
2025-05-05 19:00:00,287,Flushing Av (G),Brooklyn,40.70038,-73.95023,161.0,87.5534,1,14.0,1,19,0,0
2025-05-05 19:00:00,288,Myrtle-Willoughby Avs (G),Brooklyn,40.69457,-73.94904,125.0,245.1086,1,16.0,1,19,0,0
2025-05-05 19:00:00,289,Bedford-Nostrand Avs (G),Brooklyn,40.68963,-73.95352,237.0,437.5305,1,16.0,1,19,0,0
2025-05-05 19:00:00,290,Classon Av (G),Brooklyn,40.688873,-73.96007,132.0,264.5622,1,16.0,1,19,0,0
2025-05-05 19:00:00,291,Clinton-Washington Avs (G),Brooklyn,40.688087,-73.96684,219.0,225.7603,1,15.0,1,19,0,0
2025-05-05 19:00:00,292,Fulton St (G),Brooklyn,40.68712,-73.97537,250.0,138.9614,1,14.0,1,19,0,0
2025-05-05 19:00:00,293,Van Cortlandt Park-242 St (1),Bronx,40.889248,-73.89858,81.0,218.9885,1,14.0,1,19,0,0
2025-05-05 19:00:00,294,238 St (1),Bronx,40.884666,-73.90087,65.0,170.149,1,28.0,1,19,0,0
2025-05-05 19:00:00,295,231 St (1),Bronx,40.878857,-73.90483,149.0,326.2802,1,30.0,1,19,0,0
2025-05-05 19:00:00,296,Marble Hill-225 St (1),Manhattan,40.87456,-73.90983,103.0,163.0218,1,28.0,1,19,0,0
2025-05-05 19:00:00,297,215 St (1),Manhattan,40.869446,-73.915276,49.0,70.417,1,28.0,1,19,0,0
2025-05-05 19:00:00,298,207 St (1),Manhattan,40.86462,-73.91882,126.0,175.8365,1,30.0,1,19,0,0
2025-05-05 19:00:00,299,Dyckman St (1),Manhattan,40.86053,-73.92554,126.0,232.4683,1,29.0,1,19,0,0
2025-05-05 19:00:00,300,191 St (1),Manhattan,40.855225,-73.92941,115.0,273.8945,1,28.0,1,19,0,0
2025-05-05 19:00:00,301,181 St (1),Manhattan,40.849506,-73.93359,218.0,357.8249,1,29.0,1,19,0,0
2025-05-05 19:00:00,303,157 St (1),Manhattan,40.83404,-73.94489,230.0,439.1085,1,29.0,1,19,0,0
2025-05-05 19:00:00,304,145 St (1),Manhattan,40.82655,-73.95036,195.0,409.7485,1,29.0,1,19,0,0
2025-05-05 19:00:00,305,137 St-City College (1),Manhattan,40.822006,-73.953674,367.0,449.4029,1,30.0,1,19,0,0
2025-05-05 19:00:00,306,125 St (1),Manhattan,40.815582,-73.958374,361.0,298.7012,1,29.0,1,19,0,0
2025-05-05 19:00:00,307,116 St-Columbia University (1),Manhattan,40.80772,-73.96411,999.0,373.4425,1,31.0,1,19,0,0
2025-05-05 19:00:00,308,Cathedral Pkwy (110 St) (1),Manhattan,40.803967,-73.96685,418.0,496.1673,1,29.0,1,19,0,0
2025-05-05 19:00:00,309,103 St (1),Manhattan,40.799446,-73.968376,347.0,521.3179,1,29.0,1,19,0,0
2025-05-05 19:00:00,310,"96 St (1,2,3)",Manhattan,40.79392,-73.97232,1095.0,1403.9703,1,65.0,1,19,0,0
2025-05-05 19:00:00,311,86 St (1),Manhattan,40.788643,-73.97622,563.0,654.3779,1,29.0,1,19,0,0
2025-05-05 19:00:00,312,79 St (1),Manhattan,40.783936,-73.97992,526.0,527.3673,1,30.0,1,19,0,0
2025-05-05 19:00:00,313,"72 St (1,2,3)",Manhattan,40.778454,-73.98197,1488.0,1485.4838,1,63.0,1,19,0,0
2025-05-05 19:00:00,314,66 St-Lincoln Center (1),Manhattan,40.77344,-73.98221,788.0,698.6608,1,29.0,1,19,0,0
2025-05-05 19:00:00,316,50 St (1),Manhattan,40.761726,-73.98385,1251.0,628.8301,1,29.0,1,19,0,0
2025-05-05 19:00:00,318,"34 St-Penn Station (1,2,3)",Manhattan,40.750374,-73.99106,2279.0,1864.1474,1,64.0,1,19,0,0
2025-05-05 19:00:00,319,28 St (1),Manhattan,40.747215,-73.99336,708.0,373.6027,1,29.0,1,19,0,0
2025-05-05 19:00:00,320,23 St (1),Manhattan,40.74408,-73.99566,785.0,413.4774,1,30.0,1,19,0,0
2025-05-05 19:00:00,321,18 St (1),Manhattan,40.74104,-73.99787,359.0,218.5729,1,29.0,1,19,0,0
2025-05-05 19:00:00,323,Christopher St-Stonewall (1),Manhattan,40.73342,-74.00291,457.0,522.9837,1,30.0,1,19,0,0
2025-05-05 19:00:00,324,Houston St (1),Manhattan,40.728252,-74.00536,618.0,328.7493,1,29.0,1,19,0,0
2025-05-05 19:00:00,325,Canal St (1),Manhattan,40.722855,-74.00628,274.0,105.6761,1,30.0,1,19,0,0
2025-05-05 19:00:00,326,Franklin St (1),Manhattan,40.71932,-74.00689,277.0,158.1474,1,30.0,1,19,0,0
2025-05-05 19:00:00,327,"Chambers St (1,2,3)",Manhattan,40.715477,-74.00927,934.0,358.8813,1,63.0,1,19,0,0
2025-05-05 19:00:00,328,WTC Cortlandt (1),Manhattan,40.711834,-74.01219,698.0,420.1781,1,30.0,1,19,0,0
2025-05-05 19:00:00,329,Rector St (1),Manhattan,40.70751,-74.01379,256.0,233.8762,1,31.0,1,19,0,0
2025-05-05 19:00:00,333,"Wall St (2,3)",Manhattan,40.70682,-74.0091,675.0,423.2271,1,32.0,1,19,0,0
2025-05-05 19:00:00,334,"Clark St (2,3)",Brooklyn,40.697468,-73.99309,137.0,284.7727,1,33.0,1,19,0,0
2025-05-05 19:00:00,336,"Hoyt St (2,3)",Brooklyn,40.690544,-73.98506,204.0,196.4556,1,32.0,1,19,0,0
2025-05-05 19:00:00,337,"Nevins St (2,3,4,5)",Brooklyn,40.688248,-73.98049,319.0,302.0596,1,65.0,1,19,0,0
2025-05-05 19:00:00,339,"Bergen St (2,3)",Brooklyn,40.68083,-73.9751,112.0,212.9211,1,32.0,1,19,0,0
2025-05-05 19:00:00,340,"Grand Army Plaza (2,3)",Brooklyn,40.675236,-73.97105,211.0,279.7125,1,33.0,1,19,0,0
2025-05-05 19:00:00,341,"Eastern Pkwy-Brooklyn Museum (2,3)",Brooklyn,40.671986,-73.96438,108.0,195.6263,1,33.0,1,19,0,0
2025-05-05 19:00:00,343,Nostrand Av (3),Brooklyn,40.669846,-73.95046,113.0,143.7157,1,16.0,1,19,0,0
2025-05-05 19:00:00,344,Kingston Av (3),Brooklyn,40.6694,-73.94216,126.0,165.4709,1,15.0,1,19,0,0
2025-05-05 19:00:00,345,"Crown Hts-Utica Av (3,4)",Brooklyn,40.668896,-73.932945,396.0,1031.3711,1,23.0,1,19,0,0
2025-05-05 19:00:00,346,Sutter Av-Rutland Rd (3),Brooklyn,40.66472,-73.92261,107.0,218.4032,1,16.0,1,19,0,0
2025-05-05 19:00:00,347,Saratoga Av (3),Brooklyn,40.661453,-73.91633,53.0,213.1583,1,15.0,1,19,0,0
2025-05-05 19:00:00,348,Rockaway Av (3),Brooklyn,40.662548,-73.90894,73.0,145.9933,1,14.0,1,19,0,0
2025-05-05 19:00:00,349,Junius St (3),Brooklyn,40.663513,-73.90245,44.0,66.5477,1,15.0,1,19,0,0
2025-05-05 19:00:00,350,Pennsylvania Av (3),Brooklyn,40.664635,-73.8949,68.0,115.9816,1,15.0,1,19,0,0
2025-05-05 19:00:00,351,Van Siclen Av (3),Brooklyn,40.665447,-73.8894,23.0,92.9363,1,15.0,1,19,0,0
2025-05-05 19:00:00,352,New Lots Av (3),Brooklyn,40.666237,-73.88408,60.0,182.7717,1,7.0,1,19,0,0
2025-05-05 19:00:00,353,"President St-Medgar Evers College (2,5)",Brooklyn,40.667885,-73.95068,68.0,154.4269,1,30.0,1,19,0,0
2025-05-05 19:00:00,354,"Sterling St (2,5)",Brooklyn,40.662743,-73.95085,96.0,229.7513,1,31.0,1,19,0,0
2025-05-05 19:00:00,355,"Winthrop St (2,5)",Brooklyn,40.65665,-73.9502,164.0,303.549,1,31.0,1,19,0,0
2025-05-05 19:00:00,356,"Church Av (2,5)",Brooklyn,40.650845,-73.94958,195.0,418.0176,1,29.0,1,19,0,0
2025-05-05 19:00:00,357,"Beverly Rd (2,5)",Brooklyn,40.6451,-73.94896,53.0,208.8685,1,30.0,1,19,0,0
2025-05-05 19:00:00,358,"Newkirk Av-Little Haiti (2,5)",Brooklyn,40.63997,-73.94841,109.0,297.861,1,32.0,1,19,0,0
2025-05-05 19:00:00,359,"Flatbush Av-Brooklyn College (2,5)",Brooklyn,40.632835,-73.94764,355.0,660.6766,1,16.0,1,19,0,0
2025-05-05 19:00:00,360,Pelham Bay Park (6),Bronx,40.852463,-73.82812,105.0,158.6756,1,10.0,1,19,0,0
2025-05-05 19:00:00,361,Buhre Av (6),Bronx,40.84681,-73.832565,41.0,119.8178,1,21.0,1,19,0,0
2025-05-05 19:00:00,362,Middletown Rd (6),Bronx,40.843864,-73.83632,26.0,66.3874,1,22.0,1,19,0,0
2025-05-05 19:00:00,363,Westchester Sq-E Tremont Av (6),Bronx,40.839893,-73.84295,75.0,126.0668,1,21.0,1,19,0,0
2025-05-05 19:00:00,364,Zerega Av (6),Bronx,40.836487,-73.84704,27.0,74.9859,1,21.0,1,19,0,0
2025-05-05 19:00:00,365,Castle Hill Av (6),Bronx,40.834255,-73.85122,81.0,197.2073,1,21.0,1,19,0,0
2025-05-05 19:00:00,366,Parkchester (6),Bronx,40.833225,-73.86082,129.0,462.32,1,22.0,1,19,0,0
2025-05-05 19:00:00,367,St Lawrence Av (6),Bronx,40.83151,-73.867615,37.0,150.3018,1,21.0,1,19,0,0
2025-05-05 19:00:00,368,Morrison Av-Soundview (6),Bronx,40.82952,-73.87452,80.0,205.4656,1,20.0,1,19,0,0
2025-05-05 19:00:00,369,Elder Av (6),Bronx,40.828583,-73.87916,81.0,210.4175,1,20.0,1,19,0,0
2025-05-05 19:00:00,370,Whitlock Av (6),Bronx,40.826527,-73.886284,26.0,55.6856,1,20.0,1,19,0,0
2025-05-05 19:00:00,371,Hunts Point Av (6),Bronx,40.82095,-73.89055,192.0,320.3618,1,29.0,1,19,0,0
2025-05-05 19:00:00,372,Longwood Av (6),Bronx,40.816105,-73.89644,63.0,90.0801,1,21.0,1,19,0,0
2025-05-05 19:00:00,373,E 149 St (6),Bronx,40.81212,-73.9041,83.0,149.8921,1,21.0,1,19,0,0
2025-05-05 19:00:00,374,E 143 St-St Mary's St (6),Bronx,40.80872,-73.90765,67.0,67.538,1,21.0,1,19,0,0
2025-05-05 19:00:00,375,Cypress Av (6),Bronx,40.805367,-73.91404,55.0,75.3943,1,22.0,1,19,0,0
2025-05-05 19:00:00,376,Brook Av (6),Bronx,40.807568,-73.91924,88.0,174.998,1,22.0,1,19,0,0
2025-05-05 19:00:00,377,3 Av-138 St (6),Bronx,40.810474,-73.92614,129.0,245.1876,1,29.0,1,19,0,0
2025-05-05 19:00:00,378,Woodlawn (4),Bronx,40.886036,-73.87875,125.0,181.8036,1,9.0,1,19,0,0
2025-05-05 19:00:00,379,Mosholu Pkwy (4),Bronx,40.87975,-73.88466,137.0,192.6737,1,19.0,1,19,0,0
2025-05-05 19:00:00,380,Bedford Park Blvd-Lehman College (4),Bronx,40.873413,-73.89006,128.0,151.0779,1,19.0,1,19,0,0
2025-05-05 19:00:00,381,Kingsbridge Rd (4),Bronx,40.86776,-73.89717,169.0,244.2009,1,19.0,1,19,0,0
2025-05-05 19:00:00,382,Fordham Rd (4),Bronx,40.862804,-73.90103,157.0,271.4908,1,18.0,1,19,0,0
2025-05-05 19:00:00,383,183 St (4),Bronx,40.858406,-73.90388,93.0,184.458,1,19.0,1,19,0,0
2025-05-05 19:00:00,384,Burnside Av (4),Bronx,40.853455,-73.907684,145.0,263.3999,1,19.0,1,19,0,0
2025-05-05 19:00:00,385,176 St (4),Bronx,40.84848,-73.9118,91.0,160.2046,1,18.0,1,19,0,0
2025-05-05 19:00:00,386,Mt Eden Av (4),Bronx,40.844433,-73.91469,93.0,146.5164,1,17.0,1,19,0,0
2025-05-05 19:00:00,387,170 St (4),Bronx,40.840076,-73.91779,144.0,224.0282,1,19.0,1,19,0,0
2025-05-05 19:00:00,388,167 St (4),Bronx,40.835537,-73.9214,135.0,316.8062,1,20.0,1,19,0,0
2025-05-05 19:00:00,391,"138 St-Grand Concourse (4,5)",Bronx,40.813225,-73.92985,95.0,138.0303,1,33.0,1,19,0,0
2025-05-05 19:00:00,392,"125 St (4,5,6)",Manhattan,40.80414,-73.93759,626.0,652.6985,1,63.0,1,19,0,0
2025-05-05 19:00:00,393,116 St (6),Manhattan,40.79863,-73.94162,351.0,432.0935,1,29.0,1,19,0,0
2025-05-05 19:00:00,394,110 St (6),Manhattan,40.79502,-73.94425,288.0,327.549,1,29.0,1,19,0,0
2025-05-05 19:00:00,395,103 St (6),Manhattan,40.7906,-73.94748,358.0,334.4016,1,29.0,1,19,0,0
2025-05-05 19:00:00,396,96 St (6),Manhattan,40.78567,-73.95107,653.0,426.5645,1,28.0,1,19,0,0
2025-05-05 19:00:00,397,"86 St (4,5,6)",Manhattan,40.77949,-73.95559,1955.0,1256.9163,1,64.0,1,19,0,0
2025-05-05 19:00:00,398,77 St (6),Manhattan,40.77362,-73.95988,1350.0,677.3698,1,29.0,1,19,0,0
2025-05-05 19:00:00,399,68 St-Hunter College (6),Manhattan,40.768143,-73.96387,1344.0,365.5617,1,30.0,1,19,0,0
2025-05-05 19:00:00,403,33 St (6),Manhattan,40.746082,-73.98208,1246.0,728.7821,1,30.0,1,19,0,0
2025-05-05 19:00:00,404,28 St (6),Manhattan,40.74307,-73.98426,953.0,533.3165,1,30.0,1,19,0,0
2025-05-05 19:00:00,405,23 St-Baruch College (6),Manhattan,40.739864,-73.9866,1830.0,630.6375,1,30.0,1,19,0,0
2025-05-05 19:00:00,407,Astor Pl (6),Manhattan,40.730053,-73.99107,1204.0,598.8049,1,30.0,1,19,0,0
2025-05-05 19:00:00,409,Spring St (6),Manhattan,40.7223,-73.99714,687.0,366.1232,1,30.0,1,19,0,0
2025-05-05 19:00:00,413,"Wall St (4,5)",Manhattan,40.707558,-74.01186,657.0,425.6909,1,34.0,1,19,0,0
2025-05-05 19:00:00,414,"Bowling Green (4,5)",Manhattan,40.70482,-74.01407,711.0,414.4873,1,34.0,1,19,0,0
2025-05-05 19:00:00,416,Wakefield-241 St (2),Bronx,40.903126,-73.85062,72.0,107.6692,1,8.0,1,19,0,0
2025-05-05 19:00:00,417,"Nereid Av (2,5)",Bronx,40.89838,-73.85438,36.0,82.7236,1,19.0,1,19,0,0
2025-05-05 19:00:00,418,"233 St (2,5)",Bronx,40.893192,-73.857475,63.0,114.6889,1,21.0,1,19,0,0
2025-05-05 19:00:00,419,"225 St (2,5)",Bronx,40.888023,-73.860344,69.0,114.4773,1,21.0,1,19,0,0
2025-05-05 19:00:00,420,"219 St (2,5)",Bronx,40.883896,-73.86263,43.0,76.2199,1,21.0,1,19,0,0
2025-05-05 19:00:00,421,"Gun Hill Rd (2,5)",Bronx,40.87785,-73.86626,108.0,170.2307,1,20.0,1,19,0,0
2025-05-05 19:00:00,422,"Burke Av (2,5)",Bronx,40.871357,-73.867165,27.0,79.7887,1,20.0,1,19,0,0
2025-05-05 19:00:00,423,"Allerton Av (2,5)",Bronx,40.865463,-73.867355,44.0,154.2093,1,21.0,1,19,0,0
2025-05-05 19:00:00,424,"Pelham Pkwy (2,5)",Bronx,40.857193,-73.867615,151.0,220.5798,1,20.0,1,19,0,0
2025-05-05 19:00:00,425,"Bronx Park East (2,5)",Bronx,40.848827,-73.868454,18.0,80.2614,1,19.0,1,19,0,0
2025-05-05 19:00:00,426,"E 180 St (2,5)",Bronx,40.841892,-73.87349,119.0,291.8009,1,36.0,1,19,0,0
2025-05-05 19:00:00,427,"West Farms Sq-E Tremont Av (2,5)",Bronx,40.840294,-73.88005,89.0,159.3614,1,25.0,1,19,0,0
2025-05-05 19:00:00,428,"174 St (2,5)",Bronx,40.837288,-73.88773,115.0,183.6373,1,25.0,1,19,0,0
2025-05-05 19:00:00,429,"Freeman St (2,5)",Bronx,40.829994,-73.89187,72.0,139.5821,1,25.0,1,19,0,0
2025-05-05 19:00:00,430,"Simpson St (2,5)",Bronx,40.824074,-73.89307,191.0,229.2794,1,26.0,1,19,0,0
2025-05-05 19:00:00,431,"Intervale Av (2,5)",Bronx,40.82218,-73.896736,36.0,105.6259,1,25.0,1,19,0,0
2025-05-05 19:00:00,432,"Prospect Av (2,5)",Bronx,40.819584,-73.90177,87.0,174.0913,1,24.0,1,19,0,0
2025-05-05 19:00:00,433,"Jackson Av (2,5)",Bronx,40.81649,-73.90781,73.0,164.6234,1,25.0,1,19,0,0
2025-05-05 19:00:00,434,"3 Av-149 St (2,5)",Bronx,40.81611,-73.917755,484.0,541.797,1,33.0,1,19,0,0
2025-05-05 19:00:00,436,Harlem-148 St (3),Manhattan,40.82388,-73.93647,39.0,110.7297,1,8.0,1,19,0,0
2025-05-05 19:00:00,437,145 St (3),Manhattan,40.82042,-73.93625,62.0,93.5528,1,16.0,1,19,0,0
2025-05-05 19:00:00,438,"135 St (2,3)",Manhattan,40.814228,-73.94077,270.0,413.2014,1,34.0,1,19,0,0
2025-05-05 19:00:00,439,"125 St (2,3)",Manhattan,40.807755,-73.945496,473.0,415.0044,1,34.0,1,19,0,0
2025-05-05 19:00:00,440,"116 St (2,3)",Manhattan,40.802097,-73.94962,239.0,327.6925,1,33.0,1,19,0,0
2025-05-05 19:00:00,441,"110 St-Malcolm X Plaza (2,3)",Manhattan,40.799076,-73.95182,174.0,261.8821,1,34.0,1,19,0,0
2025-05-05 19:00:00,442,Eastchester-Dyre Av (5),Bronx,40.8883,-73.83083,45.0,122.2332,1,6.0,1,19,0,0
2025-05-05 19:00:00,443,Baychester Av (5),Bronx,40.878662,-73.83859,33.0,96.8054,1,14.0,1,19,0,0
2025-05-05 19:00:00,444,Gun Hill Rd (5),Bronx,40.869526,-73.84638,51.0,168.4451,1,14.0,1,19,0,0
2025-05-05 19:00:00,445,Pelham Pkwy (5),Bronx,40.858986,-73.85536,45.0,103.0012,1,14.0,1,19,0,0
2025-05-05 19:00:00,446,Morris Park (5),Bronx,40.854362,-73.8605,20.0,95.6649,1,14.0,1,19,0,0
2025-05-05 19:00:00,447,Flushing-Main St (7),Queens,40.7596,-73.83003,1468.0,2583.459,1,17.0,1,19,0,0
2025-05-05 19:00:00,448,Mets-Willets Point (7),Queens,40.754623,-73.84563,73.0,177.7044,1,37.0,1,19,0,0
2025-05-05 19:00:00,449,111 St (7),Queens,40.75173,-73.85533,188.0,533.401,1,27.0,1,19,0,0
2025-05-05 19:00:00,450,103 St-Corona Plaza (7),Queens,40.749866,-73.8627,313.0,860.7543000000001,1,27.0,1,19,0,0
2025-05-05 19:00:00,451,Junction Blvd (7),Queens,40.749146,-73.86953,452.0,1074.3571,1,37.0,1,19,0,0
2025-05-05 19:00:00,452,90 St-Elmhurst Av (7),Queens,40.74841,-73.87661,365.0,826.6106,1,28.0,1,19,0,0
2025-05-05 19:00:00,453,82 St-Jackson Hts (7),Queens,40.747658,-73.8837,399.0,581.9876,1,27.0,1,19,0,0
2025-05-05 19:00:00,455,69 St (7),Queens,40.746326,-73.8964,117.0,335.0375,1,38.0,1,19,0,0
2025-05-05 19:00:00,456,61 St-Woodside (7),Queens,40.74563,-73.902985,331.0,730.1581,1,38.0,1,19,0,0
2025-05-05 19:00:00,457,52 St (7),Queens,40.74415,-73.91255,108.0,353.8739,1,38.0,1,19,0,0
2025-05-05 19:00:00,458,46 St-Bliss St (7),Queens,40.743134,-73.918434,238.0,611.871,1,40.0,1,19,0,0
2025-05-05 19:00:00,459,40 St-Lowery St (7),Queens,40.743782,-73.92402,160.0,472.4123,1,40.0,1,19,0,0
2025-05-05 19:00:00,460,33 St-Rawson St (7),Queens,40.744587,-73.931,474.0,133.2848,1,41.0,1,19,0,0
2025-05-05 19:00:00,461,"Queensboro Plaza (7,N,W)",Queens,40.750584,-73.9402,345.0,609.3785,1,38.0,1,19,0,0
2025-05-05 19:00:00,463,Hunters Point Av (7),Queens,40.742214,-73.94891,123.0,108.3808,1,39.0,1,19,0,0
2025-05-05 19:00:00,464,Vernon Blvd-Jackson Av (7),Queens,40.742626,-73.95358,339.0,908.9592,1,39.0,1,19,0,0
2025-05-05 19:00:00,471,34 St-Hudson Yards (7),Manhattan,40.755882,-74.00191,1266.0,611.2194,1,19.0,1,19,0,0
2025-05-05 19:00:00,475,96 St (Q),Manhattan,40.784317,-73.94715,454.0,665.9343,1,9.0,1,19,0,0
2025-05-05 19:00:00,476,86 St (Q),Manhattan,40.77789,-73.95179,825.0,1027.0255,1,17.0,1,19,0,0
2025-05-05 19:00:00,477,72 St (Q),Manhattan,40.7688,-73.95843,1379.0,830.9843,1,18.0,1,19,0,0
2025-05-05 19:00:00,501,St George (SIR),Staten Island,40.64375,-74.07365,211.0,,0,8.0,1,19,0,0
2025-05-05 19:00:00,502,Tompkinsville (SIR),Staten Island,40.636948,-74.07484,24.0,,0,8.0,1,19,0,0
2025-05-05 19:00:00,601,"14 St/6 Av (1,2,3,L,F,M)",Manhattan,40.737797,-73.997734,2173.0,1406.2805,1,131.0,1,19,0,0
2025-05-05 19:00:00,602,"14 St-Union Sq (4,5,6,L,N,Q,R,W)",Manhattan,40.735065,-73.99042,4852.0,2602.7938,1,124.0,1,19,0,0
2025-05-05 19:00:00,603,"149 St-Grand Concourse (2,4,5)",Bronx,40.818394,-73.92703,285.0,242.7479,1,20.0,1,19,0,0
2025-05-05 19:00:00,604,"161 St-Yankee Stadium (4,B,D)",Bronx,40.82795,-73.92574,410.0,815.2112,1,34.0,1,19,0,0
2025-05-05 19:00:00,605,"168 St-Washington Hts (1,A,C)",Manhattan,40.840637,-73.93985,793.0,632.2834,1,56.0,1,19,0,0
2025-05-05 19:00:00,606,"Court Sq-23 St (7,E,F,G)",Queens,40.747143,-73.94503,865.0,1037.0127,1,84.0,1,19,0,0
2025-05-05 19:00:00,607,"34 St-Herald Sq (B,D,F,M,N,Q,R,W)",Manhattan,40.74964,-73.987885,4497.0,2718.8929,1,122.0,1,19,0,0
2025-05-05 19:00:00,608,"4 Av-9 St (F,G,R)",Brooklyn,40.67056,-73.989044,417.0,441.3558,1,64.0,1,19,0,0
2025-05-05 19:00:00,609,"42 St-Bryant Pk/5 Av (7,B,D,F,M)",Manhattan,40.75402,-73.98327,2759.0,866.032,1,102.0,1,19,0,0
2025-05-05 19:00:00,610,"Grand Central-42 St (4,5,6,7,S)",Manhattan,40.75199,-73.977356,6506.0,3065.5714000000003,1,116.0,1,19,0,0
2025-05-05 19:00:00,611,"Times Sq-42 St/Port Authority Bus Terminal (1,2,3,7,A,C,E,N,Q,R,W,S)",Manhattan,40.755745,-73.98758,6315.0,5701.8511,1,187.0,1,19,0,0
2025-05-05 19:00:00,612,"Lexington Av/51-53 Sts (6,E,F)",Manhattan,40.757328,-73.97049,3132.0,1104.5474,1,66.0,1,19,0,0
2025-05-05 19:00:00,613,"Lexington Av/59 St (4,5,6,N,R,W)",Manhattan,40.762592,-73.96761,2573.0,921.3916,1,103.0,1,19,0,0
2025-05-05 19:00:00,614,"59 St-Columbus Circle (1,A,C,B,D)",Manhattan,40.768272,-73.981834,3360.0,1646.0586,1,90.0,1,19,0,0
2025-05-05 19:00:00,615,"62 St/New Utrecht Av (D,N)",Brooklyn,40.625656,-73.99663,112.0,185.0357,1,26.0,1,19,0,0
2025-05-05 19:00:00,616,"Jackson Hts-Roosevelt Av/74 St-Broadway (7,E,F,M,R)",Queens,40.746746,-73.891365,1326.0,2591.2415,1,113.0,1,19,0,0
2025-05-05 19:00:00,617,"Atlantic Av-Barclays Ctr (2,3,4,5,B,D,N,Q,R)",Brooklyn,40.684162,-73.97779,1439.0,1547.2515,1,134.0,1,19,0,0
2025-05-05 19:00:00,618,"14 St/8 Av (A,C,E,L)",Manhattan,40.740334,-74.00214,2403.0,1293.1432,1,73.0,1,19,0,0
2025-05-05 19:00:00,619,"Broadway-Lafayette St/Bleecker St (6,B,D,F,M)",Manhattan,40.725605,-73.99543,2921.0,1090.8968,1,91.0,1,19,0,0
2025-05-05 19:00:00,620,"Borough Hall/Court St (2,3,4,5,R)",Brooklyn,40.69324,-73.99064,993.0,671.8276999999999,1,79.0,1,19,0,0
2025-05-05 19:00:00,621,"Broadway Junction (A,C,J,Z,L)",Brooklyn,40.678898,-73.90436,142.0,258.5071,1,34.0,1,19,0,0
2025-05-05 19:00:00,622,"Brooklyn Bridge-City Hall/Chambers St (4,5,6,J,Z)",Manhattan,40.713154,-74.00377,831.0,584.4985,1,60.0,1,19,0,0
2025-05-05 19:00:00,623,"Canal St (6,J,Z,N,Q,R,W)",Manhattan,40.7187,-74.00058,2095.0,1003.1796,1,67.0,1,19,0,0
2025-05-05 19:00:00,624,"Chambers St/WTC/Park Place/Cortlandt St (2,3,A,C,E,R,W)",Manhattan,40.712605,-74.00955,2541.0,1123.2962,1,103.0,1,19,0,0
2025-05-05 19:00:00,625,"Delancey St-Essex St (F,M,J,Z)",Manhattan,40.718464,-73.98778,1036.0,1163.2992,1,48.0,1,19,0,0
2025-05-05 19:00:00,626,"Franklin Av-Medgar Evers College/Botanic Garden (2,3,4,5,S)",Brooklyn,40.670513,-73.95869,343.0,684.5,1,78.0,1,19,0,0
2025-05-05 19:00:00,627,"Franklin Av (C,S)",Brooklyn,40.68099,-73.95634,171.0,256.0527,1,21.0,1,19,0,0
2025-05-05 19:00:00,628,"Fulton St (2,3,4,5,A,C,J,Z)",Manhattan,40.71009,-74.007835,3580.0,2080.6308,1,75.0,1,19,0,0
2025-05-05 19:00:00,629,"Metropolitan Av/Lorimer St (G,L)",Brooklyn,40.71343,-73.95084,596.0,926.7541,1,47.0,1,19,0,0
2025-05-05 19:00:00,630,"Myrtle-Wyckoff Avs (M,L)",Brooklyn,40.699623,-73.91199,499.0,1015.3074,1,32.0,1,19,0,0
2025-05-05 19:00:00,635,"Whitehall St-South Ferry (1,R,W)",Manhattan,40.702576,-74.01333,634.0,605.1165,1,36.0,1,19,0,0
2025-05-05 19:00:00,636,"Jay St-MetroTech (A,C,F,R)",Brooklyn,40.69226,-73.98664,1403.0,796.1474,1,70.0,1,19,0,0
2025-05-05 20:00:00,1,"Astoria-Ditmars Blvd (N,W)",Queens,40.775036,-73.91203,186.0,492.9428,1,11.0,1,20,0,0
2025-05-05 20:00:00,2,"Astoria Blvd (N,W)",Queens,40.77026,-73.91785,127.0,394.915,1,21.0,1,20,0,0
2025-05-05 20:00:00,3,"30 Av (N,W)",Queens,40.76678,-73.92148,168.0,517.0043,1,21.0,1,20,0,0
2025-05-05 20:00:00,4,"Broadway (N,W)",Queens,40.76182,-73.92551,139.0,483.4012,1,21.0,1,20,0,0
2025-05-05 20:00:00,5,"36 Av (N,W)",Queens,40.756805,-73.92957,111.0,249.6099,1,21.0,1,20,0,0
2025-05-05 20:00:00,6,"39 Av-Dutch Kills (N,W)",Queens,40.75288,-73.932755,47.0,171.9837,1,22.0,1,20,0,0
2025-05-05 20:00:00,8,"5 Av/59 St (N,R,W)",Manhattan,40.764812,-73.97335,395.0,139.852,1,35.0,1,20,0,0
2025-05-05 20:00:00,9,"57 St-7 Av (N,Q,R,W)",Manhattan,40.764664,-73.98066,1071.0,571.8345,1,52.0,1,20,0,0
2025-05-05 20:00:00,10,"49 St (N,R,W)",Manhattan,40.7599,-73.98414,820.0,605.2741,1,35.0,1,20,0,0
2025-05-05 20:00:00,13,"28 St (R,W)",Manhattan,40.745495,-73.98869,357.0,276.7753,1,24.0,1,20,0,0
2025-05-05 20:00:00,14,"23 St (R,W)",Manhattan,40.741302,-73.98934,463.0,297.9737,1,25.0,1,20,0,0
2025-05-05 20:00:00,16,"8 St-NYU (R,W)",Manhattan,40.730328,-73.99263,329.0,363.8189,1,25.0,1,20,0,0
2025-05-05 20:00:00,17,"Prince St (R,W)",Manhattan,40.72433,-73.9977,181.0,153.596,1,26.0,1,20,0,0
2025-05-05 20:00:00,20,"City Hall (R,W)",Manhattan,40.713284,-74.00698,82.0,57.7048,1,25.0,1,20,0,0
2025-05-05 20:00:00,22,"Rector St (R,W)",Manhattan,40.70722,-74.01334,56.0,99.2223,1,25.0,1,20,0,0
2025-05-05 20:00:00,26,"DeKalb Av (B,Q,R)",Brooklyn,40.690636,-73.98183,540.0,587.4729,1,52.0,1,20,0,0
2025-05-05 20:00:00,28,Union St (R),Brooklyn,40.677315,-73.98311,214.0,203.575,1,25.0,1,20,0,0
2025-05-05 20:00:00,30,Prospect Av (R),Brooklyn,40.665413,-73.992874,100.0,178.5887,1,24.0,1,20,0,0
2025-05-05 20:00:00,31,25 St (R),Brooklyn,40.660397,-73.99809,58.0,112.7865,1,25.0,1,20,0,0
2025-05-05 20:00:00,32,"36 St (D,N,R)",Brooklyn,40.655144,-74.00355,325.0,369.0243,1,38.0,1,20,0,0
2025-05-05 20:00:00,33,45 St (R),Brooklyn,40.648937,-74.01001,135.0,243.2615,1,19.0,1,20,0,0
2025-05-05 20:00:00,34,53 St (R),Brooklyn,40.64507,-74.01403,129.0,297.6598,1,20.0,1,20,0,0
2025-05-05 20:00:00,35,"59 St (N,R)",Brooklyn,40.64136,-74.01788,201.0,421.5692,1,25.0,1,20,0,0
2025-05-05 20:00:00,36,Bay Ridge Av (R),Brooklyn,40.634968,-74.02338,86.0,286.6062,1,14.0,1,20,0,0
2025-05-05 20:00:00,37,77 St (R),Brooklyn,40.62974,-74.02551,69.0,171.2124,1,14.0,1,20,0,0
2025-05-05 20:00:00,38,86 St (R),Brooklyn,40.62269,-74.0284,186.0,342.8427,1,14.0,1,20,0,0
2025-05-05 20:00:00,39,Bay Ridge-95 St (R),Brooklyn,40.616623,-74.030876,64.0,169.3053,1,7.0,1,20,0,0
2025-05-05 20:00:00,41,"7 Av (B,Q)",Brooklyn,40.67705,-73.97237,196.0,318.9511,1,27.0,1,20,0,0
2025-05-05 20:00:00,42,"Prospect Park (B,Q,S)",Brooklyn,40.661613,-73.96225,141.0,394.447,1,33.0,1,20,0,0
2025-05-05 20:00:00,43,Parkside Av (Q),Brooklyn,40.655293,-73.961494,92.0,268.8598,1,17.0,1,20,0,0
2025-05-05 20:00:00,44,"Church Av (B,Q)",Brooklyn,40.650528,-73.96298,175.0,552.919,1,29.0,1,20,0,0
2025-05-05 20:00:00,45,Beverley Rd (Q),Brooklyn,40.64403,-73.96449,48.0,165.4984,1,16.0,1,20,0,0
2025-05-05 20:00:00,46,Cortelyou Rd (Q),Brooklyn,40.640926,-73.96389,82.0,274.8986,1,15.0,1,20,0,0
2025-05-05 20:00:00,47,"Newkirk Plaza (B,Q)",Brooklyn,40.635082,-73.96279,132.0,370.7641,1,28.0,1,20,0,0
2025-05-05 20:00:00,48,Avenue H (Q),Brooklyn,40.62927,-73.96164,63.0,112.9259,1,17.0,1,20,0,0
2025-05-05 20:00:00,49,Avenue J (Q),Brooklyn,40.62504,-73.9608,90.0,175.4445,1,17.0,1,20,0,0
2025-05-05 20:00:00,50,Avenue M (Q),Brooklyn,40.61762,-73.9594,93.0,177.3605,1,17.0,1,20,0,0
2025-05-05 20:00:00,51,"Kings Hwy (B,Q)",Brooklyn,40.60867,-73.95773,311.0,647.7589,1,26.0,1,20,0,0
2025-05-05 20:00:00,52,Avenue U (Q),Brooklyn,40.5993,-73.95593,92.0,220.6082,1,16.0,1,20,0,0
2025-05-05 20:00:00,53,Neck Rd (Q),Brooklyn,40.595245,-73.95516,45.0,163.9523,1,16.0,1,20,0,0
2025-05-05 20:00:00,54,"Sheepshead Bay (B,Q)",Brooklyn,40.586895,-73.954155,184.0,384.3854,1,28.0,1,20,0,0
2025-05-05 20:00:00,55,"Brighton Beach (B,Q)",Brooklyn,40.57762,-73.96137,217.0,354.4618,1,21.0,1,20,0,0
2025-05-05 20:00:00,56,Ocean Pkwy (Q),Brooklyn,40.576313,-73.9685,58.0,86.4633,1,16.0,1,20,0,0
2025-05-05 20:00:00,57,"W 8 St-NY Aquarium (F,Q)",Brooklyn,40.576126,-73.97594,41.0,53.7572,1,34.0,1,20,0,0
2025-05-05 20:00:00,58,"Coney Island-Stillwell Av (D,F,N,Q)",Brooklyn,40.577423,-73.98123,251.0,340.249,1,27.0,1,20,0,0
2025-05-05 20:00:00,59,9 Av (D),Brooklyn,40.646294,-73.99432,74.0,229.5056,1,12.0,1,20,0,0
2025-05-05 20:00:00,60,Fort Hamilton Pkwy (D),Brooklyn,40.640915,-73.9943,69.0,132.1566,1,11.0,1,20,0,0
2025-05-05 20:00:00,61,50 St (D),Brooklyn,40.63626,-73.99479,81.0,71.2967,1,11.0,1,20,0,0
2025-05-05 20:00:00,62,55 St (D),Brooklyn,40.631435,-73.995476,61.0,33.0453,1,11.0,1,20,0,0
2025-05-05 20:00:00,64,71 St (D),Brooklyn,40.61959,-73.99886,33.0,161.0007,1,11.0,1,20,0,0
2025-05-05 20:00:00,65,79 St (D),Brooklyn,40.613503,-74.00061,48.0,227.5276,1,11.0,1,20,0,0
2025-05-05 20:00:00,66,18 Av (D),Brooklyn,40.607952,-74.00174,61.0,193.5529,1,11.0,1,20,0,0
2025-05-05 20:00:00,67,20 Av (D),Brooklyn,40.604557,-73.99817,61.0,181.668,1,11.0,1,20,0,0
2025-05-05 20:00:00,68,Bay Pkwy (D),Brooklyn,40.601875,-73.99373,90.0,221.6851,1,10.0,1,20,0,0
2025-05-05 20:00:00,69,25 Av (D),Brooklyn,40.597706,-73.98683,40.0,121.0634,1,10.0,1,20,0,0
2025-05-05 20:00:00,70,Bay 50 St (D),Brooklyn,40.58884,-73.983765,23.0,95.3252,1,9.0,1,20,0,0
2025-05-05 20:00:00,71,8 Av (N),Brooklyn,40.635063,-74.01172,161.0,367.1641,1,11.0,1,20,0,0
2025-05-05 20:00:00,72,Fort Hamilton Pkwy (N),Brooklyn,40.631386,-74.00535,85.0,273.09680000000003,1,11.0,1,20,0,0
2025-05-05 20:00:00,74,18 Av (N),Brooklyn,40.62067,-73.99042,105.0,179.8757,1,12.0,1,20,0,0
2025-05-05 20:00:00,75,20 Av (N),Brooklyn,40.61741,-73.98502,42.0,122.5223,1,12.0,1,20,0,0
2025-05-05 20:00:00,76,Bay Pkwy (N),Brooklyn,40.611816,-73.98185,70.0,230.5508,1,12.0,1,20,0,0
2025-05-05 20:00:00,77,Kings Hwy (N),Brooklyn,40.603924,-73.980354,59.0,211.2415,1,11.0,1,20,0,0
2025-05-05 20:00:00,78,Avenue U (N),Brooklyn,40.597473,-73.97913,42.0,137.2852,1,12.0,1,20,0,0
2025-05-05 20:00:00,79,86 St (N),Brooklyn,40.59272,-73.97823,25.0,69.4499,1,12.0,1,20,0,0
2025-05-05 20:00:00,80,"121 St (J,Z)",Queens,40.700493,-73.82829,35.0,75.5312,1,12.0,1,20,0,0
2025-05-05 20:00:00,81,111 St (J),Queens,40.69742,-73.83634,27.0,75.04939999999999,1,12.0,1,20,0,0
2025-05-05 20:00:00,82,"104 St (J,Z)",Queens,40.69518,-73.84433,30.0,101.11,1,12.0,1,20,0,0
2025-05-05 20:00:00,83,"Woodhaven Blvd (J,Z)",Queens,40.69388,-73.85158,58.0,150.8777,1,12.0,1,20,0,0
2025-05-05 20:00:00,84,85 St-Forest Pkwy (J),Queens,40.692436,-73.86001,24.0,65.0509,1,12.0,1,20,0,0
2025-05-05 20:00:00,85,"75 St-Elderts Ln (J,Z)",Queens,40.691322,-73.86714,47.0,125.726,1,12.0,1,20,0,0
2025-05-05 20:00:00,86,Cypress Hills (J),Brooklyn,40.68994,-73.87255,1.0,10.1786,1,13.0,1,20,0,0
2025-05-05 20:00:00,87,"Crescent St (J,Z)",Brooklyn,40.683193,-73.87379,83.0,134.1623,1,12.0,1,20,0,0
2025-05-05 20:00:00,88,"Norwood Av (J,Z)",Brooklyn,40.68141,-73.880035,32.0,87.4337,1,12.0,1,20,0,0
2025-05-05 20:00:00,89,Cleveland St (J),Brooklyn,40.679947,-73.884636,18.0,73.7567,1,12.0,1,20,0,0
2025-05-05 20:00:00,90,"Van Siclen Av (J,Z)",Brooklyn,40.678024,-73.891685,36.0,100.8143,1,12.0,1,20,0,0
2025-05-05 20:00:00,91,"Alabama Av (J,Z)",Brooklyn,40.67699,-73.89865,46.0,50.7021,1,12.0,1,20,0,0
2025-05-05 20:00:00,93,"Chauncey St (J,Z)",Brooklyn,40.68289,-73.91045,42.0,103.5084,1,12.0,1,20,0,0
2025-05-05 20:00:00,94,Halsey St (J),Brooklyn,40.68637,-73.91656,72.0,251.4535,1,12.0,1,20,0,0
2025-05-05 20:00:00,95,"Gates Av (J,Z)",Brooklyn,40.68963,-73.92227,70.0,274.732,1,12.0,1,20,0,0
2025-05-05 20:00:00,96,Kosciuszko St (J),Brooklyn,40.69334,-73.92882,65.0,236.6712,1,12.0,1,20,0,0
2025-05-05 20:00:00,97,"Myrtle Av (M,J,Z)",Brooklyn,40.69721,-73.93565,190.0,473.3651,1,24.0,1,20,0,0
2025-05-05 20:00:00,98,"Flushing Av (M,J)",Brooklyn,40.70026,-73.941124,211.0,205.6248,1,24.0,1,20,0,0
2025-05-05 20:00:00,99,"Lorimer St (M,J)",Brooklyn,40.70387,-73.94741,92.0,143.0984,1,24.0,1,20,0,0
2025-05-05 20:00:00,100,"Hewes St (M,J)",Brooklyn,40.70687,-73.95343,60.0,92.9827,1,23.0,1,20,0,0
2025-05-05 20:00:00,101,"Marcy Av (M,J,Z)",Brooklyn,40.70836,-73.957756,315.0,386.0311,1,24.0,1,20,0,0
2025-05-05 20:00:00,103,"Bowery (J,Z)",Manhattan,40.72028,-73.99391,133.0,79.7386,1,12.0,1,20,0,0
2025-05-05 20:00:00,107,"Broad St (J,Z)",Manhattan,40.706474,-74.011055,151.0,81.17830000000001,1,6.0,1,20,0,0
2025-05-05 20:00:00,108,Middle Village-Metropolitan Av (M),Queens,40.711395,-73.8896,55.0,85.5217,1,6.0,1,20,0,0
2025-05-05 20:00:00,109,Fresh Pond Rd (M),Queens,40.706184,-73.895874,52.0,190.1379,1,12.0,1,20,0,0
2025-05-05 20:00:00,110,Forest Av (M),Queens,40.704422,-73.903076,29.0,159.9278,1,12.0,1,20,0,0
2025-05-05 20:00:00,111,Seneca Av (M),Queens,40.702763,-73.90774,24.0,109.7499,1,12.0,1,20,0,0
2025-05-05 20:00:00,113,Knickerbocker Av (M),Brooklyn,40.698666,-73.91971,69.0,148.0106,1,12.0,1,20,0,0
2025-05-05 20:00:00,114,Central Av (M),Brooklyn,40.697857,-73.9274,48.0,182.9935,1,13.0,1,20,0,0
2025-05-05 20:00:00,118,3 Av (L),Manhattan,40.73285,-73.98612,414.0,157.9822,1,30.0,1,20,0,0
2025-05-05 20:00:00,119,1 Av (L),Manhattan,40.730953,-73.98163,946.0,810.5286,1,30.0,1,20,0,0
2025-05-05 20:00:00,120,Bedford Av (L),Brooklyn,40.717304,-73.95687,1074.0,1209.3097,1,30.0,1,20,0,0
2025-05-05 20:00:00,122,Graham Av (L),Brooklyn,40.714565,-73.94405,206.0,360.5219,1,30.0,1,20,0,0
2025-05-05 20:00:00,123,Grand St (L),Brooklyn,40.711926,-73.94067,203.0,204.5941,1,30.0,1,20,0,0
2025-05-05 20:00:00,124,Montrose Av (L),Brooklyn,40.70774,-73.93985,121.0,309.2446,1,30.0,1,20,0,0
2025-05-05 20:00:00,125,Morgan Av (L),Brooklyn,40.706154,-73.93314,208.0,325.2233,1,30.0,1,20,0,0
2025-05-05 20:00:00,126,Jefferson St (L),Brooklyn,40.706608,-73.92291,220.0,351.3751,1,30.0,1,20,0,0
2025-05-05 20:00:00,127,DeKalb Av (L),Brooklyn,40.70381,-73.91843,267.0,552.1019,1,30.0,1,20,0,0
2025-05-05 20:00:00,129,Halsey St (L),Queens,40.695602,-73.90408,120.0,360.0458,1,30.0,1,20,0,0
2025-05-05 20:00:00,130,Wilson Av (L),Brooklyn,40.688763,-73.904045,72.0,217.2822,1,30.0,1,20,0,0
2025-05-05 20:00:00,131,Bushwick Av-Aberdeen St (L),Brooklyn,40.68283,-73.90525,40.0,108.3001,1,30.0,1,20,0,0
2025-05-05 20:00:00,133,Atlantic Av (L),Brooklyn,40.675346,-73.9031,37.0,49.8062,1,30.0,1,20,0,0
2025-05-05 20:00:00,134,Sutter Av (L),Brooklyn,40.66937,-73.90198,43.0,83.1814,1,30.0,1,20,0,0
2025-05-05 20:00:00,135,Livonia Av (L),Brooklyn,40.66404,-73.90057,63.0,83.8216,1,30.0,1,20,0,0
2025-05-05 20:00:00,136,New Lots Av (L),Brooklyn,40.658733,-73.89923,53.0,107.0914,1,30.0,1,20,0,0
2025-05-05 20:00:00,137,East 105 St (L),Brooklyn,40.650574,-73.89948,34.0,73.1415,1,30.0,1,20,0,0
2025-05-05 20:00:00,138,Canarsie-Rockaway Pkwy (L),Brooklyn,40.646652,-73.90185,52.0,254.045,1,15.0,1,20,0,0
2025-05-05 20:00:00,141,Park Pl (S),Brooklyn,40.67477,-73.95763,34.0,59.1048,1,12.0,1,20,0,0
2025-05-05 20:00:00,143,Inwood-207 St (A),Manhattan,40.868073,-73.9199,94.0,282.5656,1,7.0,1,20,0,0
2025-05-05 20:00:00,144,Dyckman St (A),Manhattan,40.86549,-73.92727,50.0,210.9484,1,14.0,1,20,0,0
2025-05-05 20:00:00,145,190 St (A),Manhattan,40.85902,-73.93418,38.0,173.5337,1,14.0,1,20,0,0
2025-05-05 20:00:00,146,181 St (A),Manhattan,40.851696,-73.937965,103.0,395.7377,1,15.0,1,20,0,0
2025-05-05 20:00:00,147,175 St (A),Manhattan,40.84739,-73.939705,113.0,340.4712,1,15.0,1,20,0,0
2025-05-05 20:00:00,149,163 St-Amsterdam Av (C),Manhattan,40.836014,-73.939896,53.0,143.61,1,14.0,1,20,0,0
2025-05-05 20:00:00,150,155 St (C),Manhattan,40.830517,-73.94151,29.0,98.8299,1,14.0,1,20,0,0
2025-05-05 20:00:00,151,"145 St (A,C,B,D)",Manhattan,40.824783,-73.944214,468.0,820.9565,1,,0,20,0,0
2025-05-05 20:00:00,152,"135 St (C,B)",Manhattan,40.817894,-73.94765,90.0,155.1586,1,26.0,1,20,0,0
2025-05-05 20:00:00,153,"125 St (A,C,B,D)",Manhattan,40.811108,-73.95235,630.0,773.5491,1,55.0,1,20,0,0
2025-05-05 20:00:00,154,"116 St (C,B)",Manhattan,40.805084,-73.95488,108.0,236.8275,1,26.0,1,20,0,0
2025-05-05 20:00:00,155,"Cathedral Pkwy (110 St) (C,B)",Manhattan,40.800602,-73.95816,134.0,317.8451,1,26.0,1,20,0,0
2025-05-05 20:00:00,156,"103 St (C,B)",Manhattan,40.796093,-73.96146,84.0,179.3314,1,27.0,1,20,0,0
2025-05-05 20:00:00,157,"96 St (C,B)",Manhattan,40.79164,-73.9647,220.0,237.0407,1,27.0,1,20,0,0
2025-05-05 20:00:00,158,"86 St (C,B)",Manhattan,40.78587,-73.96892,203.0,267.555,1,27.0,1,20,0,0
2025-05-05 20:00:00,159,"81 St-Museum of Natural History (C,B)",Manhattan,40.781433,-73.972145,225.0,239.2643,1,26.0,1,20,0,0
2025-05-05 20:00:00,160,"72 St (C,B)",Manhattan,40.775593,-73.97641,301.0,225.4861,1,25.0,1,20,0,0
2025-05-05 20:00:00,162,"50 St (C,E)",Manhattan,40.762455,-73.985985,697.0,610.2916,1,37.0,1,20,0,0
2025-05-05 20:00:00,164,"34 St-Penn Station (A,C,E)",Manhattan,40.75229,-73.99339,2293.0,1511.8146,1,53.0,1,20,0,0
2025-05-05 20:00:00,165,"23 St (C,E)",Manhattan,40.745907,-73.99804,848.0,440.8313,1,36.0,1,20,0,0
2025-05-05 20:00:00,167,"W 4 St-Wash Sq (A,C,E,B,D,F,M)",Manhattan,40.732338,-74.000496,2223.0,1098.0646,1,,0,20,0,0
2025-05-05 20:00:00,168,"Spring St (C,E)",Manhattan,40.726227,-74.00374,513.0,202.0686,1,36.0,1,20,0,0
2025-05-05 20:00:00,169,"Canal St (A,C,E)",Manhattan,40.720825,-74.005226,551.0,255.6886,1,51.0,1,20,0,0
2025-05-05 20:00:00,173,"High St (A,C)",Brooklyn,40.699337,-73.99053,263.0,255.8654,1,31.0,1,20,0,0
2025-05-05 20:00:00,175,"Hoyt-Schermerhorn Sts (A,C,G)",Brooklyn,40.688484,-73.985,352.0,298.8943,1,46.0,1,20,0,0
2025-05-05 20:00:00,176,Lafayette Av (C),Brooklyn,40.68611,-73.973946,200.0,173.1895,1,14.0,1,20,0,0
2025-05-05 20:00:00,177,Clinton-Washington Avs (C),Brooklyn,40.68326,-73.965836,108.0,269.8539,1,14.0,1,20,0,0
2025-05-05 20:00:00,179,"Nostrand Av (A,C)",Brooklyn,40.68044,-73.950424,318.0,690.804,1,32.0,1,20,0,0
2025-05-05 20:00:00,180,Kingston-Throop Avs (C),Brooklyn,40.67992,-73.94086,88.0,268.1065,1,14.0,1,20,0,0
2025-05-05 20:00:00,181,"Utica Av (A,C)",Brooklyn,40.679363,-73.93073,231.0,563.8392,1,30.0,1,20,0,0
2025-05-05 20:00:00,182,Ralph Av (C),Brooklyn,40.67882,-73.920784,65.0,184.6019,1,13.0,1,20,0,0
2025-05-05 20:00:00,183,Rockaway Av (C),Brooklyn,40.67834,-73.91195,76.0,200.797,1,13.0,1,20,0,0
2025-05-05 20:00:00,185,Liberty Av (C),Brooklyn,40.67454,-73.896545,29.0,62.0641,1,14.0,1,20,0,0
2025-05-05 20:00:00,186,Van Siclen Av (C),Brooklyn,40.67271,-73.89036,30.0,98.8282,1,15.0,1,20,0,0
2025-05-05 20:00:00,187,Shepherd Av (C),Brooklyn,40.67413,-73.88075,33.0,91.1396,1,14.0,1,20,0,0
2025-05-05 20:00:00,188,"Euclid Av (A,C)",Brooklyn,40.675377,-73.87211,124.0,345.9377,1,24.0,1,20,0,0
2025-05-05 20:00:00,189,Grant Av (A),Brooklyn,40.677044,-73.86505,57.0,178.9627,1,17.0,1,20,0,0
2025-05-05 20:00:00,190,80 St (A),Queens,40.67937,-73.85899,39.0,145.1747,1,17.0,1,20,0,0
2025-05-05 20:00:00,191,88 St (A),Queens,40.679844,-73.85147,23.0,102.265,1,18.0,1,20,0,0
2025-05-05 20:00:00,192,Rockaway Blvd (A),Queens,40.680428,-73.84386,86.0,220.5585,1,18.0,1,20,0,0
2025-05-05 20:00:00,193,104 St (A),Queens,40.68171,-73.837685,27.0,52.9068,1,9.0,1,20,0,0
2025-05-05 20:00:00,194,111 St (A),Queens,40.68433,-73.83216,17.0,66.5552,1,9.0,1,20,0,0
2025-05-05 20:00:00,195,Ozone Park-Lefferts Blvd (A),Queens,40.68595,-73.8258,82.0,179.8911,1,4.0,1,20,0,0
2025-05-05 20:00:00,196,Aqueduct Racetrack (A),Queens,40.672096,-73.83592,22.0,16.2655,1,3.0,1,20,0,0
2025-05-05 20:00:00,197,Aqueduct-N Conduit Av (A),Queens,40.668236,-73.83406,11.0,20.9235,1,8.0,1,20,0,0
2025-05-05 20:00:00,198,Howard Beach-JFK Airport (A),Queens,40.660477,-73.8303,237.0,179.6824,1,3.0,1,20,0,0
2025-05-05 20:00:00,210,Norwood-205 St (D),Bronx,40.87481,-73.87885,68.0,182.2617,1,7.0,1,20,0,0
2025-05-05 20:00:00,211,"Bedford Park Blvd (B,D)",Bronx,40.873245,-73.88714,80.0,188.4364,1,14.0,1,20,0,0
2025-05-05 20:00:00,212,"Kingsbridge Rd (B,D)",Bronx,40.866978,-73.89351,57.0,175.7911,1,15.0,1,20,0,0
2025-05-05 20:00:00,213,"Fordham Rd (B,D)",Bronx,40.861298,-73.89775,138.0,215.32,1,15.0,1,20,0,0
2025-05-05 20:00:00,214,"182-183 Sts (B,D)",Bronx,40.856094,-73.90074,56.0,121.6125,1,14.0,1,20,0,0
2025-05-05 20:00:00,215,"Tremont Av (B,D)",Bronx,40.85041,-73.90523,99.0,248.3648,1,13.0,1,20,0,0
2025-05-05 20:00:00,216,"174-175 Sts (B,D)",Bronx,40.8459,-73.91013,44.0,112.3845,1,15.0,1,20,0,0
2025-05-05 20:00:00,217,"170 St (B,D)",Bronx,40.839306,-73.9134,39.0,167.6609,1,15.0,1,20,0,0
2025-05-05 20:00:00,218,"167 St (B,D)",Bronx,40.83377,-73.91844,69.0,252.6027,1,16.0,1,20,0,0
2025-05-05 20:00:00,220,"155 St (B,D)",Manhattan,40.830135,-73.93821,37.0,75.5967,1,15.0,1,20,0,0
2025-05-05 20:00:00,221,21 St-Queensbridge (M),Queens,40.754204,-73.94283,172.0,375.6904,1,20.0,1,20,0,0
2025-05-05 20:00:00,222,Roosevelt Island (M),Manhattan,40.759144,-73.95326,159.0,358.6603,1,21.0,1,20,0,0
2025-05-05 20:00:00,223,"Lexington Av/63 St (M,Q)",Manhattan,40.76463,-73.96611,790.0,316.163,1,37.0,1,20,0,0
2025-05-05 20:00:00,224,57 St (M),Manhattan,40.763973,-73.97745,523.0,219.3129,1,19.0,1,20,0,0
2025-05-05 20:00:00,225,"47-50 Sts-Rockefeller Ctr (B,D,F,M)",Manhattan,40.758663,-73.98133,1855.0,559.0478,1,60.0,1,20,0,0
2025-05-05 20:00:00,228,"23 St (F,M)",Manhattan,40.742878,-73.99282,1076.0,410.847,1,32.0,1,20,0,0
2025-05-05 20:00:00,231,"Grand St (B,D)",Manhattan,40.718266,-73.99375,712.0,456.3426,1,25.0,1,20,0,0
2025-05-05 20:00:00,232,2 Av (F),Manhattan,40.7234,-73.98994,600.0,462.5572,1,20.0,1,20,0,0
2025-05-05 20:00:00,234,East Broadway (F),Manhattan,40.713715,-73.99017,365.0,376.934,1,21.0,1,20,0,0
2025-05-05 20:00:00,235,York St (F),Brooklyn,40.701397,-73.98675,362.0,292.608,1,21.0,1,20,0,0
2025-05-05 20:00:00,236,"Bergen St (F,G)",Brooklyn,40.686146,-73.99086,313.0,290.3699,1,37.0,1,20,0,0
2025-05-05 20:00:00,237,"Carroll St (F,G)",Brooklyn,40.6803,-73.99505,222.0,301.2554,1,36.0,1,20,0,0
2025-05-05 20:00:00,238,"Smith-9 Sts (F,G)",Brooklyn,40.67358,-73.99596,86.0,79.5515,1,38.0,1,20,0,0
2025-05-05 20:00:00,240,"7 Av (F,G)",Brooklyn,40.66627,-73.98031,264.0,312.3155,1,37.0,1,20,0,0
2025-05-05 20:00:00,241,"15 St-Prospect Park (F,G)",Brooklyn,40.660366,-73.97949,119.0,178.9617,1,36.0,1,20,0,0
2025-05-05 20:00:00,242,"Fort Hamilton Pkwy (F,G)",Brooklyn,40.650784,-73.97578,58.0,211.3042,1,37.0,1,20,0,0
2025-05-05 20:00:00,243,"Church Av (F,G)",Brooklyn,40.64404,-73.979675,129.0,302.191,1,28.0,1,20,0,0
2025-05-05 20:00:00,244,Ditmas Av (F),Brooklyn,40.63612,-73.97817,43.0,116.5998,1,21.0,1,20,0,0
2025-05-05 20:00:00,245,18 Av (F),Brooklyn,40.629753,-73.976974,47.0,103.5796,1,22.0,1,20,0,0
2025-05-05 20:00:00,246,Avenue I (F),Brooklyn,40.62532,-73.97613,34.0,44.7426,1,21.0,1,20,0,0
2025-05-05 20:00:00,247,Bay Pkwy (F),Brooklyn,40.62077,-73.975266,18.0,32.3371,1,21.0,1,20,0,0
2025-05-05 20:00:00,248,Avenue N (F),Brooklyn,40.61514,-73.9742,33.0,84.4394,1,21.0,1,20,0,0
2025-05-05 20:00:00,249,Avenue P (F),Brooklyn,40.608944,-73.97302,25.0,80.9475,1,22.0,1,20,0,0
2025-05-05 20:00:00,250,Kings Hwy (F),Brooklyn,40.603218,-73.97236,56.0,103.8464,1,18.0,1,20,0,0
2025-05-05 20:00:00,251,Avenue U (F),Brooklyn,40.59606,-73.97336,26.0,52.3045,1,17.0,1,20,0,0
2025-05-05 20:00:00,252,Avenue X (F),Brooklyn,40.58962,-73.97425,25.0,77.6639,1,18.0,1,20,0,0
2025-05-05 20:00:00,253,Neptune Av (F),Brooklyn,40.581013,-73.97457,26.0,31.5877,1,18.0,1,20,0,0
2025-05-05 20:00:00,254,Jamaica-179 St (F),Queens,40.712646,-73.78381,202.0,563.0419,1,9.0,1,20,0,0
2025-05-05 20:00:00,255,169 St (F),Queens,40.71047,-73.7936,98.0,255.7499,1,20.0,1,20,0,0
2025-05-05 20:00:00,256,Parsons Blvd (F),Queens,40.707565,-73.80333,105.0,230.5325,1,21.0,1,20,0,0
2025-05-05 20:00:00,257,Sutphin Blvd (F),Queens,40.70546,-73.81071,55.0,137.9151,1,21.0,1,20,0,0
2025-05-05 20:00:00,258,"Briarwood (E,F)",Queens,40.70918,-73.82057,37.0,187.3026,1,41.0,1,20,0,0
2025-05-05 20:00:00,259,"Kew Gardens-Union Tpke (E,F)",Queens,40.71444,-73.83101,273.0,671.6175,1,39.0,1,20,0,0
2025-05-05 20:00:00,260,"75 Av (E,F)",Queens,40.71833,-73.837326,37.0,103.4369,1,40.0,1,20,0,0
2025-05-05 20:00:00,261,"Forest Hills-71 Av (E,F,M,R)",Queens,40.72169,-73.84452,457.0,721.0792,1,50.0,1,20,0,0
2025-05-05 20:00:00,262,"67 Av (M,R)",Queens,40.726524,-73.85272,97.0,259.3435,1,22.0,1,20,0,0
2025-05-05 20:00:00,263,"63 Dr-Rego Park (M,R)",Queens,40.729847,-73.8616,189.0,417.8053,1,22.0,1,20,0,0
2025-05-05 20:00:00,264,"Woodhaven Blvd (M,R)",Queens,40.733105,-73.86923,268.0,587.6835,1,21.0,1,20,0,0
2025-05-05 20:00:00,265,"Grand Av-Newtown (M,R)",Queens,40.737015,-73.87722,213.0,765.8201,1,22.0,1,20,0,0
2025-05-05 20:00:00,266,"Elmhurst Av (M,R)",Queens,40.742455,-73.88202,137.0,609.4097,1,22.0,1,20,0,0
2025-05-05 20:00:00,268,"65 St (M,R)",Queens,40.74967,-73.89845,45.0,149.358,1,24.0,1,20,0,0
2025-05-05 20:00:00,269,"Northern Blvd (M,R)",Queens,40.752884,-73.906006,188.0,209.5775,1,23.0,1,20,0,0
2025-05-05 20:00:00,270,"46 St (M,R)",Queens,40.756313,-73.91333,99.0,300.7903,1,23.0,1,20,0,0
2025-05-05 20:00:00,271,"Steinway St (M,R)",Queens,40.756878,-73.92074,315.0,386.1362,1,24.0,1,20,0,0
2025-05-05 20:00:00,272,"36 St (M,R)",Queens,40.75204,-73.92878,62.0,90.1825,1,24.0,1,20,0,0
2025-05-05 20:00:00,273,"Queens Plaza (E,F,R)",Queens,40.748974,-73.93724,399.0,551.3291,1,45.0,1,20,0,0
2025-05-05 20:00:00,276,"5 Av/53 St (E,F)",Manhattan,40.760166,-73.97523,480.0,109.8529,1,33.0,1,20,0,0
2025-05-05 20:00:00,277,"7 Av (E,B,D)",Manhattan,40.762863,-73.981636,590.0,356.3458,1,48.0,1,20,0,0
2025-05-05 20:00:00,278,"Jamaica Center-Parsons/Archer (E,J,Z)",Queens,40.70215,-73.80111,504.0,804.5633,1,15.0,1,20,0,0
2025-05-05 20:00:00,279,"Sutphin Blvd-Archer Av-JFK Airport (E,J,Z)",Queens,40.700485,-73.80797,723.0,786.463,1,32.0,1,20,0,0
2025-05-05 20:00:00,280,Jamaica-Van Wyck (E),Queens,40.702564,-73.81686,68.0,108.9738,1,20.0,1,20,0,0
2025-05-05 20:00:00,282,21 St (G),Queens,40.744064,-73.94972,48.0,38.7287,1,16.0,1,20,0,0
2025-05-05 20:00:00,283,Greenpoint Av (G),Brooklyn,40.731354,-73.95445,196.0,310.2442,1,16.0,1,20,0,0
2025-05-05 20:00:00,284,Nassau Av (G),Brooklyn,40.724636,-73.95128,269.0,263.5542,1,15.0,1,20,0,0
2025-05-05 20:00:00,286,Broadway (G),Brooklyn,40.706093,-73.95031,128.0,123.1343,1,16.0,1,20,0,0
2025-05-05 20:00:00,287,Flushing Av (G),Brooklyn,40.70038,-73.95023,74.0,78.2384,1,16.0,1,20,0,0
2025-05-05 20:00:00,288,Myrtle-Willoughby Avs (G),Brooklyn,40.69457,-73.94904,76.0,211.203,1,15.0,1,20,0,0
2025-05-05 20:00:00,289,Bedford-Nostrand Avs (G),Brooklyn,40.68963,-73.95352,137.0,366.9425,1,16.0,1,20,0,0
2025-05-05 20:00:00,290,Classon Av (G),Brooklyn,40.688873,-73.96007,108.0,201.4209,1,16.0,1,20,0,0
2025-05-05 20:00:00,291,Clinton-Washington Avs (G),Brooklyn,40.688087,-73.96684,137.0,155.8394,1,16.0,1,20,0,0
2025-05-05 20:00:00,292,Fulton St (G),Brooklyn,40.68712,-73.97537,206.0,114.0351,1,16.0,1,20,0,0
2025-05-05 20:00:00,293,Van Cortlandt Park-242 St (1),Bronx,40.889248,-73.89858,62.0,159.0685,1,12.0,1,20,0,0
2025-05-05 20:00:00,294,238 St (1),Bronx,40.884666,-73.90087,48.0,137.0033,1,28.0,1,20,0,0
2025-05-05 20:00:00,295,231 St (1),Bronx,40.878857,-73.90483,128.0,217.6655,1,27.0,1,20,0,0
2025-05-05 20:00:00,296,Marble Hill-225 St (1),Manhattan,40.87456,-73.90983,70.0,137.5673,1,28.0,1,20,0,0
2025-05-05 20:00:00,297,215 St (1),Manhattan,40.869446,-73.915276,29.0,66.3985,1,28.0,1,20,0,0
2025-05-05 20:00:00,298,207 St (1),Manhattan,40.86462,-73.91882,77.0,150.4156,1,27.0,1,20,0,0
2025-05-05 20:00:00,299,Dyckman St (1),Manhattan,40.86053,-73.92554,110.0,202.4763,1,27.0,1,20,0,0
2025-05-05 20:00:00,300,191 St (1),Manhattan,40.855225,-73.92941,116.0,256.9306,1,28.0,1,20,0,0
2025-05-05 20:00:00,301,181 St (1),Manhattan,40.849506,-73.93359,194.0,302.8072,1,27.0,1,20,0,0
2025-05-05 20:00:00,303,157 St (1),Manhattan,40.83404,-73.94489,132.0,404.2325,1,28.0,1,20,0,0
2025-05-05 20:00:00,304,145 St (1),Manhattan,40.82655,-73.95036,157.0,369.4139,1,27.0,1,20,0,0
2025-05-05 20:00:00,305,137 St-City College (1),Manhattan,40.822006,-73.953674,235.0,438.1905,1,28.0,1,20,0,0
2025-05-05 20:00:00,306,125 St (1),Manhattan,40.815582,-73.958374,230.0,285.3209,1,29.0,1,20,0,0
2025-05-05 20:00:00,307,116 St-Columbia University (1),Manhattan,40.80772,-73.96411,666.0,357.1015,1,27.0,1,20,0,0
2025-05-05 20:00:00,308,Cathedral Pkwy (110 St) (1),Manhattan,40.803967,-73.96685,338.0,445.3288,1,29.0,1,20,0,0
2025-05-05 20:00:00,309,103 St (1),Manhattan,40.799446,-73.968376,308.0,439.5832,1,29.0,1,20,0,0
2025-05-05 20:00:00,310,"96 St (1,2,3)",Manhattan,40.79392,-73.97232,863.0,1118.6124,1,58.0,1,20,0,0
2025-05-05 20:00:00,311,86 St (1),Manhattan,40.788643,-73.97622,458.0,451.5091,1,28.0,1,20,0,0
2025-05-05 20:00:00,312,79 St (1),Manhattan,40.783936,-73.97992,377.0,374.2098,1,27.0,1,20,0,0
2025-05-05 20:00:00,313,"72 St (1,2,3)",Manhattan,40.778454,-73.98197,1154.0,1031.3461,1,58.0,1,20,0,0
2025-05-05 20:00:00,314,66 St-Lincoln Center (1),Manhattan,40.77344,-73.98221,702.0,374.0637,1,27.0,1,20,0,0
2025-05-05 20:00:00,316,50 St (1),Manhattan,40.761726,-73.98385,896.0,547.8183,1,28.0,1,20,0,0
2025-05-05 20:00:00,318,"34 St-Penn Station (1,2,3)",Manhattan,40.750374,-73.99106,1806.0,1229.6573,1,59.0,1,20,0,0
2025-05-05 20:00:00,319,28 St (1),Manhattan,40.747215,-73.99336,589.0,286.9266,1,28.0,1,20,0,0
2025-05-05 20:00:00,320,23 St (1),Manhattan,40.74408,-73.99566,594.0,269.826,1,27.0,1,20,0,0
2025-05-05 20:00:00,321,18 St (1),Manhattan,40.74104,-73.99787,278.0,123.4435,1,28.0,1,20,0,0
2025-05-05 20:00:00,323,Christopher St-Stonewall (1),Manhattan,40.73342,-74.00291,466.0,363.3268,1,27.0,1,20,0,0
2025-05-05 20:00:00,324,Houston St (1),Manhattan,40.728252,-74.00536,432.0,201.8924,1,28.0,1,20,0,0
2025-05-05 20:00:00,325,Canal St (1),Manhattan,40.722855,-74.00628,166.0,75.4393,1,27.0,1,20,0,0
2025-05-05 20:00:00,326,Franklin St (1),Manhattan,40.71932,-74.00689,191.0,96.5533,1,27.0,1,20,0,0
2025-05-05 20:00:00,327,"Chambers St (1,2,3)",Manhattan,40.715477,-74.00927,521.0,211.1057,1,59.0,1,20,0,0
2025-05-05 20:00:00,328,WTC Cortlandt (1),Manhattan,40.711834,-74.01219,309.0,323.9533,1,28.0,1,20,0,0
2025-05-05 20:00:00,329,Rector St (1),Manhattan,40.70751,-74.01379,171.0,194.0702,1,27.0,1,20,0,0
2025-05-05 20:00:00,333,"Wall St (2,3)",Manhattan,40.70682,-74.0091,491.0,333.1194,1,33.0,1,20,0,0
2025-05-05 20:00:00,334,"Clark St (2,3)",Brooklyn,40.697468,-73.99309,175.0,183.114,1,31.0,1,20,0,0
2025-05-05 20:00:00,336,"Hoyt St (2,3)",Brooklyn,40.690544,-73.98506,159.0,146.4126,1,33.0,1,20,0,0
2025-05-05 20:00:00,337,"Nevins St (2,3,4,5)",Brooklyn,40.688248,-73.98049,222.0,217.8136,1,63.0,1,20,0,0
2025-05-05 20:00:00,339,"Bergen St (2,3)",Brooklyn,40.68083,-73.9751,99.0,144.9273,1,33.0,1,20,0,0
2025-05-05 20:00:00,340,"Grand Army Plaza (2,3)",Brooklyn,40.675236,-73.97105,150.0,191.2315,1,32.0,1,20,0,0
2025-05-05 20:00:00,341,"Eastern Pkwy-Brooklyn Museum (2,3)",Brooklyn,40.671986,-73.96438,63.0,148.8302,1,32.0,1,20,0,0
2025-05-05 20:00:00,343,Nostrand Av (3),Brooklyn,40.669846,-73.95046,57.0,128.866,1,15.0,1,20,0,0
2025-05-05 20:00:00,344,Kingston Av (3),Brooklyn,40.6694,-73.94216,85.0,152.6964,1,15.0,1,20,0,0
2025-05-05 20:00:00,345,"Crown Hts-Utica Av (3,4)",Brooklyn,40.668896,-73.932945,303.0,814.8759,1,26.0,1,20,0,0
2025-05-05 20:00:00,346,Sutter Av-Rutland Rd (3),Brooklyn,40.66472,-73.92261,83.0,205.4461,1,15.0,1,20,0,0
2025-05-05 20:00:00,347,Saratoga Av (3),Brooklyn,40.661453,-73.91633,58.0,172.7412,1,15.0,1,20,0,0
2025-05-05 20:00:00,348,Rockaway Av (3),Brooklyn,40.662548,-73.90894,85.0,122.3993,1,17.0,1,20,0,0
2025-05-05 20:00:00,349,Junius St (3),Brooklyn,40.663513,-73.90245,38.0,60.864,1,17.0,1,20,0,0
2025-05-05 20:00:00,350,Pennsylvania Av (3),Brooklyn,40.664635,-73.8949,46.0,107.6584,1,16.0,1,20,0,0
2025-05-05 20:00:00,351,Van Siclen Av (3),Brooklyn,40.665447,-73.8894,33.0,76.9294,1,16.0,1,20,0,0
2025-05-05 20:00:00,352,New Lots Av (3),Brooklyn,40.666237,-73.88408,60.0,167.5801,1,8.0,1,20,0,0
2025-05-05 20:00:00,353,"President St-Medgar Evers College (2,5)",Brooklyn,40.667885,-73.95068,41.0,131.5337,1,28.0,1,20,0,0
2025-05-05 20:00:00,354,"Sterling St (2,5)",Brooklyn,40.662743,-73.95085,51.0,217.7757,1,27.0,1,20,0,0
2025-05-05 20:00:00,355,"Winthrop St (2,5)",Brooklyn,40.65665,-73.9502,94.0,223.3374,1,27.0,1,20,0,0
2025-05-05 20:00:00,356,"Church Av (2,5)",Brooklyn,40.650845,-73.94958,116.0,324.0056,1,28.0,1,20,0,0
2025-05-05 20:00:00,357,"Beverly Rd (2,5)",Brooklyn,40.6451,-73.94896,56.0,156.7339,1,27.0,1,20,0,0
2025-05-05 20:00:00,358,"Newkirk Av-Little Haiti (2,5)",Brooklyn,40.63997,-73.94841,72.0,223.627,1,26.0,1,20,0,0
2025-05-05 20:00:00,359,"Flatbush Av-Brooklyn College (2,5)",Brooklyn,40.632835,-73.94764,335.0,516.8102,1,14.0,1,20,0,0
2025-05-05 20:00:00,360,Pelham Bay Park (6),Bronx,40.852463,-73.82812,80.0,120.5216,1,11.0,1,20,0,0
2025-05-05 20:00:00,361,Buhre Av (6),Bronx,40.84681,-73.832565,36.0,96.0838,1,22.0,1,20,0,0
2025-05-05 20:00:00,362,Middletown Rd (6),Bronx,40.843864,-73.83632,17.0,45.8731,1,23.0,1,20,0,0
2025-05-05 20:00:00,363,Westchester Sq-E Tremont Av (6),Bronx,40.839893,-73.84295,47.0,107.0238,1,23.0,1,20,0,0
2025-05-05 20:00:00,364,Zerega Av (6),Bronx,40.836487,-73.84704,27.0,62.3067,1,23.0,1,20,0,0
2025-05-05 20:00:00,365,Castle Hill Av (6),Bronx,40.834255,-73.85122,79.0,176.9261,1,22.0,1,20,0,0
2025-05-05 20:00:00,366,Parkchester (6),Bronx,40.833225,-73.86082,122.0,374.3882,1,24.0,1,20,0,0
2025-05-05 20:00:00,367,St Lawrence Av (6),Bronx,40.83151,-73.867615,34.0,140.6043,1,19.0,1,20,0,0
2025-05-05 20:00:00,368,Morrison Av-Soundview (6),Bronx,40.82952,-73.87452,66.0,187.4757,1,20.0,1,20,0,0
2025-05-05 20:00:00,369,Elder Av (6),Bronx,40.828583,-73.87916,82.0,172.5057,1,20.0,1,20,0,0
2025-05-05 20:00:00,370,Whitlock Av (6),Bronx,40.826527,-73.886284,24.0,42.2953,1,20.0,1,20,0,0
2025-05-05 20:00:00,371,Hunts Point Av (6),Bronx,40.82095,-73.89055,125.0,258.6463,1,25.0,1,20,0,0
2025-05-05 20:00:00,372,Longwood Av (6),Bronx,40.816105,-73.89644,32.0,75.7275,1,19.0,1,20,0,0
2025-05-05 20:00:00,373,E 149 St (6),Bronx,40.81212,-73.9041,63.0,145.8607,1,20.0,1,20,0,0
2025-05-05 20:00:00,374,E 143 St-St Mary's St (6),Bronx,40.80872,-73.90765,30.0,59.4262,1,20.0,1,20,0,0
2025-05-05 20:00:00,375,Cypress Av (6),Bronx,40.805367,-73.91404,54.0,80.6879,1,19.0,1,20,0,0
2025-05-05 20:00:00,376,Brook Av (6),Bronx,40.807568,-73.91924,73.0,148.5909,1,19.0,1,20,0,0
2025-05-05 20:00:00,377,3 Av-138 St (6),Bronx,40.810474,-73.92614,97.0,183.7404,1,26.0,1,20,0,0
2025-05-05 20:00:00,378,Woodlawn (4),Bronx,40.886036,-73.87875,99.0,147.4261,1,8.0,1,20,0,0
2025-05-05 20:00:00,379,Mosholu Pkwy (4),Bronx,40.87975,-73.88466,90.0,161.065,1,16.0,1,20,0,0
2025-05-05 20:00:00,380,Bedford Park Blvd-Lehman College (4),Bronx,40.873413,-73.89006,84.0,110.0724,1,15.0,1,20,0,0
2025-05-05 20:00:00,381,Kingsbridge Rd (4),Bronx,40.86776,-73.89717,103.0,213.8122,1,16.0,1,20,0,0
2025-05-05 20:00:00,382,Fordham Rd (4),Bronx,40.862804,-73.90103,134.0,225.4879,1,16.0,1,20,0,0
2025-05-05 20:00:00,383,183 St (4),Bronx,40.858406,-73.90388,72.0,163.4606,1,16.0,1,20,0,0
2025-05-05 20:00:00,384,Burnside Av (4),Bronx,40.853455,-73.907684,134.0,226.8269,1,16.0,1,20,0,0
2025-05-05 20:00:00,385,176 St (4),Bronx,40.84848,-73.9118,46.0,147.8925,1,15.0,1,20,0,0
2025-05-05 20:00:00,386,Mt Eden Av (4),Bronx,40.844433,-73.91469,50.0,125.5231,1,17.0,1,20,0,0
2025-05-05 20:00:00,387,170 St (4),Bronx,40.840076,-73.91779,124.0,213.6192,1,16.0,1,20,0,0
2025-05-05 20:00:00,388,167 St (4),Bronx,40.835537,-73.9214,111.0,294.2342,1,17.0,1,20,0,0
2025-05-05 20:00:00,391,"138 St-Grand Concourse (4,5)",Bronx,40.813225,-73.92985,66.0,107.4861,1,31.0,1,20,0,0
2025-05-05 20:00:00,392,"125 St (4,5,6)",Manhattan,40.80414,-73.93759,515.0,535.7478,1,56.0,1,20,0,0
2025-05-05 20:00:00,393,116 St (6),Manhattan,40.79863,-73.94162,260.0,362.724,1,26.0,1,20,0,0
2025-05-05 20:00:00,394,110 St (6),Manhattan,40.79502,-73.94425,201.0,308.8769,1,25.0,1,20,0,0
2025-05-05 20:00:00,395,103 St (6),Manhattan,40.7906,-73.94748,247.0,264.3757,1,26.0,1,20,0,0
2025-05-05 20:00:00,396,96 St (6),Manhattan,40.78567,-73.95107,344.0,351.3427,1,25.0,1,20,0,0
2025-05-05 20:00:00,397,"86 St (4,5,6)",Manhattan,40.77949,-73.95559,1436.0,862.1691000000001,1,55.0,1,20,0,0
2025-05-05 20:00:00,398,77 St (6),Manhattan,40.77362,-73.95988,1063.0,443.1486,1,26.0,1,20,0,0
2025-05-05 20:00:00,399,68 St-Hunter College (6),Manhattan,40.768143,-73.96387,1376.0,246.2037,1,25.0,1,20,0,0
2025-05-05 20:00:00,403,33 St (6),Manhattan,40.746082,-73.98208,849.0,509.9965,1,25.0,1,20,0,0
2025-05-05 20:00:00,404,28 St (6),Manhattan,40.74307,-73.98426,654.0,353.4367,1,25.0,1,20,0,0
2025-05-05 20:00:00,405,23 St-Baruch College (6),Manhattan,40.739864,-73.9866,1370.0,392.6659,1,24.0,1,20,0,0
2025-05-05 20:00:00,407,Astor Pl (6),Manhattan,40.730053,-73.99107,859.0,384.3319,1,25.0,1,20,0,0
2025-05-05 20:00:00,409,Spring St (6),Manhattan,40.7223,-73.99714,422.0,232.4415,1,25.0,1,20,0,0
2025-05-05 20:00:00,413,"Wall St (4,5)",Manhattan,40.707558,-74.01186,339.0,325.5827,1,31.0,1,20,0,0
2025-05-05 20:00:00,414,"Bowling Green (4,5)",Manhattan,40.70482,-74.01407,404.0,326.2168,1,29.0,1,20,0,0
2025-05-05 20:00:00,416,Wakefield-241 St (2),Bronx,40.903126,-73.85062,71.0,102.7832,1,6.0,1,20,0,0
2025-05-05 20:00:00,417,"Nereid Av (2,5)",Bronx,40.89838,-73.85438,57.0,68.8224,1,15.0,1,20,0,0
2025-05-05 20:00:00,418,"233 St (2,5)",Bronx,40.893192,-73.857475,54.0,90.3169,1,15.0,1,20,0,0
2025-05-05 20:00:00,419,"225 St (2,5)",Bronx,40.888023,-73.860344,37.0,90.8499,1,14.0,1,20,0,0
2025-05-05 20:00:00,420,"219 St (2,5)",Bronx,40.883896,-73.86263,41.0,74.3144,1,13.0,1,20,0,0
2025-05-05 20:00:00,421,"Gun Hill Rd (2,5)",Bronx,40.87785,-73.86626,83.0,146.7005,1,14.0,1,20,0,0
2025-05-05 20:00:00,422,"Burke Av (2,5)",Bronx,40.871357,-73.867165,30.0,70.4921,1,15.0,1,20,0,0
2025-05-05 20:00:00,423,"Allerton Av (2,5)",Bronx,40.865463,-73.867355,52.0,102.3675,1,15.0,1,20,0,0
2025-05-05 20:00:00,424,"Pelham Pkwy (2,5)",Bronx,40.857193,-73.867615,117.0,194.4906,1,16.0,1,20,0,0
2025-05-05 20:00:00,425,"Bronx Park East (2,5)",Bronx,40.848827,-73.868454,26.0,63.9221,1,16.0,1,20,0,0
2025-05-05 20:00:00,426,"E 180 St (2,5)",Bronx,40.841892,-73.87349,105.0,243.8114,1,26.0,1,20,0,0
2025-05-05 20:00:00,427,"West Farms Sq-E Tremont Av (2,5)",Bronx,40.840294,-73.88005,84.0,140.0606,1,26.0,1,20,0,0
2025-05-05 20:00:00,428,"174 St (2,5)",Bronx,40.837288,-73.88773,85.0,166.8483,1,27.0,1,20,0,0
2025-05-05 20:00:00,429,"Freeman St (2,5)",Bronx,40.829994,-73.89187,52.0,133.0271,1,27.0,1,20,0,0
2025-05-05 20:00:00,430,"Simpson St (2,5)",Bronx,40.824074,-73.89307,127.0,204.8455,1,26.0,1,20,0,0
2025-05-05 20:00:00,431,"Intervale Av (2,5)",Bronx,40.82218,-73.896736,32.0,90.1068,1,28.0,1,20,0,0
2025-05-05 20:00:00,432,"Prospect Av (2,5)",Bronx,40.819584,-73.90177,64.0,177.3079,1,30.0,1,20,0,0
2025-05-05 20:00:00,433,"Jackson Av (2,5)",Bronx,40.81649,-73.90781,49.0,144.7502,1,29.0,1,20,0,0
2025-05-05 20:00:00,434,"3 Av-149 St (2,5)",Bronx,40.81611,-73.917755,279.0,463.415,1,27.0,1,20,0,0
2025-05-05 20:00:00,436,Harlem-148 St (3),Manhattan,40.82388,-73.93647,31.0,92.1894,1,6.0,1,20,0,0
2025-05-05 20:00:00,437,145 St (3),Manhattan,40.82042,-73.93625,45.0,76.3215,1,12.0,1,20,0,0
2025-05-05 20:00:00,438,"135 St (2,3)",Manhattan,40.814228,-73.94077,209.0,347.5449,1,29.0,1,20,0,0
2025-05-05 20:00:00,439,"125 St (2,3)",Manhattan,40.807755,-73.945496,378.0,358.7375,1,29.0,1,20,0,0
2025-05-05 20:00:00,440,"116 St (2,3)",Manhattan,40.802097,-73.94962,159.0,289.0552,1,29.0,1,20,0,0
2025-05-05 20:00:00,441,"110 St-Malcolm X Plaza (2,3)",Manhattan,40.799076,-73.95182,106.0,221.9508,1,29.0,1,20,0,0
2025-05-05 20:00:00,442,Eastchester-Dyre Av (5),Bronx,40.8883,-73.83083,45.0,89.6679,1,6.0,1,20,0,0
2025-05-05 20:00:00,443,Baychester Av (5),Bronx,40.878662,-73.83859,26.0,74.8105,1,13.0,1,20,0,0
2025-05-05 20:00:00,444,Gun Hill Rd (5),Bronx,40.869526,-73.84638,50.0,123.7189,1,12.0,1,20,0,0
2025-05-05 20:00:00,445,Pelham Pkwy (5),Bronx,40.858986,-73.85536,23.0,74.4502,1,12.0,1,20,0,0
2025-05-05 20:00:00,446,Morris Park (5),Bronx,40.854362,-73.8605,10.0,86.8003,1,12.0,1,20,0,0
2025-05-05 20:00:00,447,Flushing-Main St (7),Queens,40.7596,-73.83003,1229.0,2036.4618,1,17.0,1,20,0,0
2025-05-05 20:00:00,448,Mets-Willets Point (7),Queens,40.754623,-73.84563,71.0,85.5902,1,34.0,1,20,0,0
2025-05-05 20:00:00,449,111 St (7),Queens,40.75173,-73.85533,116.0,488.3112,1,26.0,1,20,0,0
2025-05-05 20:00:00,450,103 St-Corona Plaza (7),Queens,40.749866,-73.8627,266.0,770.4503,1,27.0,1,20,0,0
2025-05-05 20:00:00,451,Junction Blvd (7),Queens,40.749146,-73.86953,394.0,876.9619,1,34.0,1,20,0,0
2025-05-05 20:00:00,452,90 St-Elmhurst Av (7),Queens,40.74841,-73.87661,295.0,741.1438,1,25.0,1,20,0,0
2025-05-05 20:00:00,453,82 St-Jackson Hts (7),Queens,40.747658,-73.8837,369.0,470.6436,1,26.0,1,20,0,0
2025-05-05 20:00:00,455,69 St (7),Queens,40.746326,-73.8964,120.0,258.3527,1,34.0,1,20,0,0
2025-05-05 20:00:00,456,61 St-Woodside (7),Queens,40.74563,-73.902985,283.0,604.4959,1,34.0,1,20,0,0
2025-05-05 20:00:00,457,52 St (7),Queens,40.74415,-73.91255,79.0,300.6018,1,34.0,1,20,0,0
2025-05-05 20:00:00,458,46 St-Bliss St (7),Queens,40.743134,-73.918434,183.0,519.3356,1,34.0,1,20,0,0
2025-05-05 20:00:00,459,40 St-Lowery St (7),Queens,40.743782,-73.92402,162.0,353.322,1,36.0,1,20,0,0
2025-05-05 20:00:00,460,33 St-Rawson St (7),Queens,40.744587,-73.931,434.0,100.4267,1,36.0,1,20,0,0
2025-05-05 20:00:00,461,"Queensboro Plaza (7,N,W)",Queens,40.750584,-73.9402,299.0,510.0615,1,34.0,1,20,0,0
2025-05-05 20:00:00,463,Hunters Point Av (7),Queens,40.742214,-73.94891,80.0,88.1057,1,32.0,1,20,0,0
2025-05-05 20:00:00,464,Vernon Blvd-Jackson Av (7),Queens,40.742626,-73.95358,253.0,610.7667,1,33.0,1,20,0,0
2025-05-05 20:00:00,471,34 St-Hudson Yards (7),Manhattan,40.755882,-74.00191,802.0,434.1437,1,15.0,1,20,0,0
2025-05-05 20:00:00,475,96 St (Q),Manhattan,40.784317,-73.94715,313.0,500.8047,1,8.0,1,20,0,0
2025-05-05 20:00:00,476,86 St (Q),Manhattan,40.77789,-73.95179,574.0,722.0756,1,18.0,1,20,0,0
2025-05-05 20:00:00,477,72 St (Q),Manhattan,40.7688,-73.95843,828.0,612.6476,1,18.0,1,20,0,0
2025-05-05 20:00:00,501,St George (SIR),Staten Island,40.64375,-74.07365,197.0,,0,2.0,1,20,0,0
2025-05-05 20:00:00,502,Tompkinsville (SIR),Staten Island,40.636948,-74.07484,10.0,,0,6.0,1,20,0,0
2025-05-05 20:00:00,601,"14 St/6 Av (1,2,3,L,F,M)",Manhattan,40.737797,-73.997734,1719.0,887.5072,1,121.0,1,20,0,0
2025-05-05 20:00:00,602,"14 St-Union Sq (4,5,6,L,N,Q,R,W)",Manhattan,40.735065,-73.99042,3916.0,1636.042,1,110.0,1,20,0,0
2025-05-05 20:00:00,603,"149 St-Grand Concourse (2,4,5)",Bronx,40.818394,-73.92703,301.0,224.8129,1,18.0,1,20,0,0
2025-05-05 20:00:00,604,"161 St-Yankee Stadium (4,B,D)",Bronx,40.82795,-73.92574,1510.0,574.3477,1,32.0,1,20,0,0
2025-05-05 20:00:00,605,"168 St-Washington Hts (1,A,C)",Manhattan,40.840637,-73.93985,444.0,592.7686,1,48.0,1,20,0,0
2025-05-05 20:00:00,606,"Court Sq-23 St (7,E,F,G)",Queens,40.747143,-73.94503,601.0,760.7175,1,73.0,1,20,0,0
2025-05-05 20:00:00,607,"34 St-Herald Sq (B,D,F,M,N,Q,R,W)",Manhattan,40.74964,-73.987885,3606.0,1844.6321,1,112.0,1,20,0,0
2025-05-05 20:00:00,608,"4 Av-9 St (F,G,R)",Brooklyn,40.67056,-73.989044,294.0,331.4821,1,62.0,1,20,0,0
2025-05-05 20:00:00,609,"42 St-Bryant Pk/5 Av (7,B,D,F,M)",Manhattan,40.75402,-73.98327,1878.0,672.9303,1,89.0,1,20,0,0
2025-05-05 20:00:00,610,"Grand Central-42 St (4,5,6,7,S)",Manhattan,40.75199,-73.977356,3671.0,2302.6677,1,101.0,1,20,0,0
2025-05-05 20:00:00,611,"Times Sq-42 St/Port Authority Bus Terminal (1,2,3,7,A,C,E,N,Q,R,W,S)",Manhattan,40.755745,-73.98758,5065.0,4331.5392,1,179.0,1,20,0,0
2025-05-05 20:00:00,612,"Lexington Av/51-53 Sts (6,E,F)",Manhattan,40.757328,-73.97049,1712.0,847.9322,1,59.0,1,20,0,0
2025-05-05 20:00:00,613,"Lexington Av/59 St (4,5,6,N,R,W)",Manhattan,40.762592,-73.96761,1613.0,657.0948,1,91.0,1,20,0,0
2025-05-05 20:00:00,614,"59 St-Columbus Circle (1,A,C,B,D)",Manhattan,40.768272,-73.981834,2587.0,1178.3237,1,84.0,1,20,0,0
2025-05-05 20:00:00,615,"62 St/New Utrecht Av (D,N)",Brooklyn,40.625656,-73.99663,85.0,148.8958,1,22.0,1,20,0,0
2025-05-05 20:00:00,616,"Jackson Hts-Roosevelt Av/74 St-Broadway (7,E,F,M,R)",Queens,40.746746,-73.891365,1273.0,2013.2322,1,98.0,1,20,0,0
2025-05-05 20:00:00,617,"Atlantic Av-Barclays Ctr (2,3,4,5,B,D,N,Q,R)",Brooklyn,40.684162,-73.97779,1084.0,964.2093,1,129.0,1,20,0,0
2025-05-05 20:00:00,618,"14 St/8 Av (A,C,E,L)",Manhattan,40.740334,-74.00214,1790.0,874.9284,1,68.0,1,20,0,0
2025-05-05 20:00:00,619,"Broadway-Lafayette St/Bleecker St (6,B,D,F,M)",Manhattan,40.725605,-73.99543,1749.0,683.9059,1,83.0,1,20,0,0
2025-05-05 20:00:00,620,"Borough Hall/Court St (2,3,4,5,R)",Brooklyn,40.69324,-73.99064,793.0,457.5521,1,78.0,1,20,0,0
2025-05-05 20:00:00,621,"Broadway Junction (A,C,J,Z,L)",Brooklyn,40.678898,-73.90436,106.0,230.1958,1,29.0,1,20,0,0
2025-05-05 20:00:00,622,"Brooklyn Bridge-City Hall/Chambers St (4,5,6,J,Z)",Manhattan,40.713154,-74.00377,550.0,366.1653,1,56.0,1,20,0,0
2025-05-05 20:00:00,623,"Canal St (6,J,Z,N,Q,R,W)",Manhattan,40.7187,-74.00058,1463.0,650.0941,1,62.0,1,20,0,0
2025-05-05 20:00:00,624,"Chambers St/WTC/Park Place/Cortlandt St (2,3,A,C,E,R,W)",Manhattan,40.712605,-74.00955,1218.0,836.6902,1,100.0,1,20,0,0
2025-05-05 20:00:00,625,"Delancey St-Essex St (F,M,J,Z)",Manhattan,40.718464,-73.98778,1002.0,839.0059,1,45.0,1,20,0,0
2025-05-05 20:00:00,626,"Franklin Av-Medgar Evers College/Botanic Garden (2,3,4,5,S)",Brooklyn,40.670513,-73.95869,242.0,523.9956999999999,1,77.0,1,20,0,0
2025-05-05 20:00:00,627,"Franklin Av (C,S)",Brooklyn,40.68099,-73.95634,146.0,221.4633,1,19.0,1,20,0,0
2025-05-05 20:00:00,628,"Fulton St (2,3,4,5,A,C,J,Z)",Manhattan,40.71009,-74.007835,2009.0,1497.2185,1,77.0,1,20,0,0
2025-05-05 20:00:00,629,"Metropolitan Av/Lorimer St (G,L)",Brooklyn,40.71343,-73.95084,450.0,696.3124,1,46.0,1,20,0,0
2025-05-05 20:00:00,630,"Myrtle-Wyckoff Avs (M,L)",Brooklyn,40.699623,-73.91199,392.0,830.3123,1,30.0,1,20,0,0
2025-05-05 20:00:00,635,"Whitehall St-South Ferry (1,R,W)",Manhattan,40.702576,-74.01333,297.0,486.3461,1,32.0,1,20,0,0
2025-05-05 20:00:00,636,"Jay St-MetroTech (A,C,F,R)",Brooklyn,40.69226,-73.98664,1322.0,594.349,1,66.0,1,20,0,0
2025-05-05 21:00:00,1,"Astoria-Ditmars Blvd (N,W)",Queens,40.775036,-73.91203,144.0,378.451,1,7.0,1,21,0,0
2025-05-05 21:00:00,2,"Astoria Blvd (N,W)",Queens,40.77026,-73.91785,76.0,310.9119,1,18.0,1,21,0,0
2025-05-05 21:00:00,3,"30 Av (N,W)",Queens,40.76678,-73.92148,109.0,407.2994,1,19.0,1,21,0,0
2025-05-05 21:00:00,4,"Broadway (N,W)",Queens,40.76182,-73.92551,124.0,389.9233,1,19.0,1,21,0,0
2025-05-05 21:00:00,5,"36 Av (N,W)",Queens,40.756805,-73.92957,60.0,180.7543,1,20.0,1,21,0,0
2025-05-05 21:00:00,6,"39 Av-Dutch Kills (N,W)",Queens,40.75288,-73.932755,31.0,138.0804,1,20.0,1,21,0,0
2025-05-05 21:00:00,8,"5 Av/59 St (N,R,W)",Manhattan,40.764812,-73.97335,253.0,119.3316,1,32.0,1,21,0,0
2025-05-05 21:00:00,9,"57 St-7 Av (N,Q,R,W)",Manhattan,40.764664,-73.98066,1198.0,452.4897,1,48.0,1,21,0,0
2025-05-05 21:00:00,10,"49 St (N,R,W)",Manhattan,40.7599,-73.98414,702.0,536.3193,1,34.0,1,21,0,0
2025-05-05 21:00:00,13,"28 St (R,W)",Manhattan,40.745495,-73.98869,351.0,225.8459,1,25.0,1,21,0,0
2025-05-05 21:00:00,14,"23 St (R,W)",Manhattan,40.741302,-73.98934,457.0,217.5728,1,24.0,1,21,0,0
2025-05-05 21:00:00,16,"8 St-NYU (R,W)",Manhattan,40.730328,-73.99263,462.0,258.1907,1,24.0,1,21,0,0
2025-05-05 21:00:00,17,"Prince St (R,W)",Manhattan,40.72433,-73.9977,197.0,114.9139,1,24.0,1,21,0,0
2025-05-05 21:00:00,20,"City Hall (R,W)",Manhattan,40.713284,-74.00698,59.0,42.9297,1,24.0,1,21,0,0
2025-05-05 21:00:00,22,"Rector St (R,W)",Manhattan,40.70722,-74.01334,56.0,87.4355,1,24.0,1,21,0,0
2025-05-05 21:00:00,26,"DeKalb Av (B,Q,R)",Brooklyn,40.690636,-73.98183,360.0,425.3613,1,48.0,1,21,0,0
2025-05-05 21:00:00,28,Union St (R),Brooklyn,40.677315,-73.98311,162.0,159.6804,1,23.0,1,21,0,0
2025-05-05 21:00:00,30,Prospect Av (R),Brooklyn,40.665413,-73.992874,54.0,161.9542,1,24.0,1,21,0,0
2025-05-05 21:00:00,31,25 St (R),Brooklyn,40.660397,-73.99809,41.0,93.8118,1,23.0,1,21,0,0
2025-05-05 21:00:00,32,"36 St (D,N,R)",Brooklyn,40.655144,-74.00355,185.0,300.6145,1,33.0,1,21,0,0
2025-05-05 21:00:00,33,45 St (R),Brooklyn,40.648937,-74.01001,87.0,203.5576,1,18.0,1,21,0,0
2025-05-05 21:00:00,34,53 St (R),Brooklyn,40.64507,-74.01403,80.0,249.7793,1,17.0,1,21,0,0
2025-05-05 21:00:00,35,"59 St (N,R)",Brooklyn,40.64136,-74.01788,130.0,381.8946,1,22.0,1,21,0,0
2025-05-05 21:00:00,36,Bay Ridge Av (R),Brooklyn,40.634968,-74.02338,77.0,199.7432,1,12.0,1,21,0,0
2025-05-05 21:00:00,37,77 St (R),Brooklyn,40.62974,-74.02551,45.0,133.0963,1,11.0,1,21,0,0
2025-05-05 21:00:00,38,86 St (R),Brooklyn,40.62269,-74.0284,108.0,226.6444,1,11.0,1,21,0,0
2025-05-05 21:00:00,39,Bay Ridge-95 St (R),Brooklyn,40.616623,-74.030876,46.0,125.8483,1,4.0,1,21,0,0
2025-05-05 21:00:00,41,"7 Av (B,Q)",Brooklyn,40.67705,-73.97237,137.0,262.5292,1,25.0,1,21,0,0
2025-05-05 21:00:00,42,"Prospect Park (B,Q,S)",Brooklyn,40.661613,-73.96225,106.0,304.0181,1,29.0,1,21,0,0
2025-05-05 21:00:00,43,Parkside Av (Q),Brooklyn,40.655293,-73.961494,63.0,212.5112,1,15.0,1,21,0,0
2025-05-05 21:00:00,44,"Church Av (B,Q)",Brooklyn,40.650528,-73.96298,129.0,408.1133,1,24.0,1,21,0,0
2025-05-05 21:00:00,45,Beverley Rd (Q),Brooklyn,40.64403,-73.96449,35.0,119.7126,1,16.0,1,21,0,0
2025-05-05 21:00:00,46,Cortelyou Rd (Q),Brooklyn,40.640926,-73.96389,58.0,197.1402,1,15.0,1,21,0,0
2025-05-05 21:00:00,47,"Newkirk Plaza (B,Q)",Brooklyn,40.635082,-73.96279,75.0,268.308,1,23.0,1,21,0,0
2025-05-05 21:00:00,48,Avenue H (Q),Brooklyn,40.62927,-73.96164,43.0,74.4119,1,14.0,1,21,0,0
2025-05-05 21:00:00,49,Avenue J (Q),Brooklyn,40.62504,-73.9608,51.0,120.1587,1,14.0,1,21,0,0
2025-05-05 21:00:00,50,Avenue M (Q),Brooklyn,40.61762,-73.9594,56.0,135.1671,1,15.0,1,21,0,0
2025-05-05 21:00:00,51,"Kings Hwy (B,Q)",Brooklyn,40.60867,-73.95773,172.0,393.6548,1,23.0,1,21,0,0
2025-05-05 21:00:00,52,Avenue U (Q),Brooklyn,40.5993,-73.95593,51.0,156.96269999999998,1,15.0,1,21,0,0
2025-05-05 21:00:00,53,Neck Rd (Q),Brooklyn,40.595245,-73.95516,39.0,102.7229,1,15.0,1,21,0,0
2025-05-05 21:00:00,54,"Sheepshead Bay (B,Q)",Brooklyn,40.586895,-73.954155,124.0,213.7225,1,23.0,1,21,0,0
2025-05-05 21:00:00,55,"Brighton Beach (B,Q)",Brooklyn,40.57762,-73.96137,145.0,199.0877,1,15.0,1,21,0,0
2025-05-05 21:00:00,56,Ocean Pkwy (Q),Brooklyn,40.576313,-73.9685,37.0,41.4074,1,14.0,1,21,0,0
2025-05-05 21:00:00,57,"W 8 St-NY Aquarium (F,Q)",Brooklyn,40.576126,-73.97594,23.0,26.1069,1,31.0,1,21,0,0
2025-05-05 21:00:00,58,"Coney Island-Stillwell Av (D,F,N,Q)",Brooklyn,40.577423,-73.98123,197.0,239.6999,1,23.0,1,21,0,0
2025-05-05 21:00:00,59,9 Av (D),Brooklyn,40.646294,-73.99432,32.0,179.4719,1,12.0,1,21,0,0
2025-05-05 21:00:00,60,Fort Hamilton Pkwy (D),Brooklyn,40.640915,-73.9943,49.0,109.8372,1,13.0,1,21,0,0
2025-05-05 21:00:00,61,50 St (D),Brooklyn,40.63626,-73.99479,50.0,64.9899,1,13.0,1,21,0,0
2025-05-05 21:00:00,62,55 St (D),Brooklyn,40.631435,-73.995476,34.0,28.3668,1,12.0,1,21,0,0
2025-05-05 21:00:00,64,71 St (D),Brooklyn,40.61959,-73.99886,28.0,140.9202,1,13.0,1,21,0,0
2025-05-05 21:00:00,65,79 St (D),Brooklyn,40.613503,-74.00061,34.0,189.0006,1,12.0,1,21,0,0
2025-05-05 21:00:00,66,18 Av (D),Brooklyn,40.607952,-74.00174,32.0,141.3713,1,13.0,1,21,0,0
2025-05-05 21:00:00,67,20 Av (D),Brooklyn,40.604557,-73.99817,48.0,125.2638,1,13.0,1,21,0,0
2025-05-05 21:00:00,68,Bay Pkwy (D),Brooklyn,40.601875,-73.99373,67.0,162.5635,1,10.0,1,21,0,0
2025-05-05 21:00:00,69,25 Av (D),Brooklyn,40.597706,-73.98683,33.0,94.6735,1,10.0,1,21,0,0
2025-05-05 21:00:00,70,Bay 50 St (D),Brooklyn,40.58884,-73.983765,13.0,65.50880000000001,1,10.0,1,21,0,0
2025-05-05 21:00:00,71,8 Av (N),Brooklyn,40.635063,-74.01172,125.0,284.4743,1,11.0,1,21,0,0
2025-05-05 21:00:00,72,Fort Hamilton Pkwy (N),Brooklyn,40.631386,-74.00535,40.0,201.6897,1,11.0,1,21,0,0
2025-05-05 21:00:00,74,18 Av (N),Brooklyn,40.62067,-73.99042,46.0,128.7294,1,11.0,1,21,0,0
2025-05-05 21:00:00,75,20 Av (N),Brooklyn,40.61741,-73.98502,24.0,115.7967,1,11.0,1,21,0,0
2025-05-05 21:00:00,76,Bay Pkwy (N),Brooklyn,40.611816,-73.98185,49.0,189.5683,1,10.0,1,21,0,0
2025-05-05 21:00:00,77,Kings Hwy (N),Brooklyn,40.603924,-73.980354,32.0,149.222,1,10.0,1,21,0,0
2025-05-05 21:00:00,78,Avenue U (N),Brooklyn,40.597473,-73.97913,27.0,90.8266,1,9.0,1,21,0,0
2025-05-05 21:00:00,79,86 St (N),Brooklyn,40.59272,-73.97823,19.0,58.2775,1,10.0,1,21,0,0
2025-05-05 21:00:00,80,"121 St (J,Z)",Queens,40.700493,-73.82829,36.0,49.7739,1,11.0,1,21,0,0
2025-05-05 21:00:00,81,111 St (J),Queens,40.69742,-73.83634,25.0,47.8153,1,11.0,1,21,0,0
2025-05-05 21:00:00,82,"104 St (J,Z)",Queens,40.69518,-73.84433,22.0,70.0392,1,11.0,1,21,0,0
2025-05-05 21:00:00,83,"Woodhaven Blvd (J,Z)",Queens,40.69388,-73.85158,55.0,110.6695,1,11.0,1,21,0,0
2025-05-05 21:00:00,84,85 St-Forest Pkwy (J),Queens,40.692436,-73.86001,11.0,51.9042,1,11.0,1,21,0,0
2025-05-05 21:00:00,85,"75 St-Elderts Ln (J,Z)",Queens,40.691322,-73.86714,19.0,107.2086,1,12.0,1,21,0,0
2025-05-05 21:00:00,86,Cypress Hills (J),Brooklyn,40.68994,-73.87255,7.0,9.3133,1,12.0,1,21,0,0
2025-05-05 21:00:00,87,"Crescent St (J,Z)",Brooklyn,40.683193,-73.87379,44.0,102.2708,1,11.0,1,21,0,0
2025-05-05 21:00:00,88,"Norwood Av (J,Z)",Brooklyn,40.68141,-73.880035,19.0,52.9342,1,11.0,1,21,0,0
2025-05-05 21:00:00,89,Cleveland St (J),Brooklyn,40.679947,-73.884636,25.0,45.3486,1,11.0,1,21,0,0
2025-05-05 21:00:00,90,"Van Siclen Av (J,Z)",Brooklyn,40.678024,-73.891685,20.0,64.2997,1,11.0,1,21,0,0
2025-05-05 21:00:00,91,"Alabama Av (J,Z)",Brooklyn,40.67699,-73.89865,36.0,28.1669,1,12.0,1,21,0,0
2025-05-05 21:00:00,93,"Chauncey St (J,Z)",Brooklyn,40.68289,-73.91045,28.0,110.6093,1,12.0,1,21,0,0
2025-05-05 21:00:00,94,Halsey St (J),Brooklyn,40.68637,-73.91656,51.0,211.222,1,12.0,1,21,0,0
2025-05-05 21:00:00,95,"Gates Av (J,Z)",Brooklyn,40.68963,-73.92227,54.0,227.716,1,11.0,1,21,0,0
2025-05-05 21:00:00,96,Kosciuszko St (J),Brooklyn,40.69334,-73.92882,42.0,199.9503,1,11.0,1,21,0,0
2025-05-05 21:00:00,97,"Myrtle Av (M,J,Z)",Brooklyn,40.69721,-73.93565,139.0,390.9891,1,23.0,1,21,0,0
2025-05-05 21:00:00,98,"Flushing Av (M,J)",Brooklyn,40.70026,-73.941124,131.0,166.08,1,24.0,1,21,0,0
2025-05-05 21:00:00,99,"Lorimer St (M,J)",Brooklyn,40.70387,-73.94741,72.0,118.2533,1,24.0,1,21,0,0
2025-05-05 21:00:00,100,"Hewes St (M,J)",Brooklyn,40.70687,-73.95343,39.0,82.2635,1,24.0,1,21,0,0
2025-05-05 21:00:00,101,"Marcy Av (M,J,Z)",Brooklyn,40.70836,-73.957756,197.0,245.7681,1,24.0,1,21,0,0
2025-05-05 21:00:00,103,"Bowery (J,Z)",Manhattan,40.72028,-73.99391,115.0,65.1378,1,12.0,1,21,0,0
2025-05-05 21:00:00,107,"Broad St (J,Z)",Manhattan,40.706474,-74.011055,85.0,70.0469,1,6.0,1,21,0,0
2025-05-05 21:00:00,108,Middle Village-Metropolitan Av (M),Queens,40.711395,-73.8896,40.0,56.6939,1,6.0,1,21,0,0
2025-05-05 21:00:00,109,Fresh Pond Rd (M),Queens,40.706184,-73.895874,48.0,148.8338,1,13.0,1,21,0,0
2025-05-05 21:00:00,110,Forest Av (M),Queens,40.704422,-73.903076,37.0,118.6358,1,12.0,1,21,0,0
2025-05-05 21:00:00,111,Seneca Av (M),Queens,40.702763,-73.90774,15.0,97.7618,1,12.0,1,21,0,0
2025-05-05 21:00:00,113,Knickerbocker Av (M),Brooklyn,40.698666,-73.91971,39.0,119.4826,1,12.0,1,21,0,0
2025-05-05 21:00:00,114,Central Av (M),Brooklyn,40.697857,-73.9274,26.0,131.1416,1,12.0,1,21,0,0
2025-05-05 21:00:00,118,3 Av (L),Manhattan,40.73285,-73.98612,331.0,128.3469,1,30.0,1,21,0,0
2025-05-05 21:00:00,119,1 Av (L),Manhattan,40.730953,-73.98163,772.0,635.9313,1,30.0,1,21,0,0
2025-05-05 21:00:00,120,Bedford Av (L),Brooklyn,40.717304,-73.95687,842.0,888.574,1,30.0,1,21,0,0
2025-05-05 21:00:00,122,Graham Av (L),Brooklyn,40.714565,-73.94405,146.0,296.7815,1,30.0,1,21,0,0
2025-05-05 21:00:00,123,Grand St (L),Brooklyn,40.711926,-73.94067,123.0,165.3273,1,30.0,1,21,0,0
2025-05-05 21:00:00,124,Montrose Av (L),Brooklyn,40.70774,-73.93985,110.0,253.2764,1,30.0,1,21,0,0
2025-05-05 21:00:00,125,Morgan Av (L),Brooklyn,40.706154,-73.93314,139.0,251.6129,1,30.0,1,21,0,0
2025-05-05 21:00:00,126,Jefferson St (L),Brooklyn,40.706608,-73.92291,204.0,297.057,1,30.0,1,21,0,0
2025-05-05 21:00:00,127,DeKalb Av (L),Brooklyn,40.70381,-73.91843,149.0,436.3228,1,30.0,1,21,0,0
2025-05-05 21:00:00,129,Halsey St (L),Queens,40.695602,-73.90408,73.0,281.5448,1,29.0,1,21,0,0
2025-05-05 21:00:00,130,Wilson Av (L),Brooklyn,40.688763,-73.904045,46.0,190.3084,1,30.0,1,21,0,0
2025-05-05 21:00:00,131,Bushwick Av-Aberdeen St (L),Brooklyn,40.68283,-73.90525,31.0,93.0693,1,30.0,1,21,0,0
2025-05-05 21:00:00,133,Atlantic Av (L),Brooklyn,40.675346,-73.9031,38.0,52.4322,1,29.0,1,21,0,0
2025-05-05 21:00:00,134,Sutter Av (L),Brooklyn,40.66937,-73.90198,44.0,58.388,1,29.0,1,21,0,0
2025-05-05 21:00:00,135,Livonia Av (L),Brooklyn,40.66404,-73.90057,47.0,61.2419,1,29.0,1,21,0,0
2025-05-05 21:00:00,136,New Lots Av (L),Brooklyn,40.658733,-73.89923,59.0,75.0984,1,28.0,1,21,0,0
2025-05-05 21:00:00,137,East 105 St (L),Brooklyn,40.650574,-73.89948,25.0,46.5815,1,29.0,1,21,0,0
2025-05-05 21:00:00,138,Canarsie-Rockaway Pkwy (L),Brooklyn,40.646652,-73.90185,33.0,181.8031,1,14.0,1,21,0,0
2025-05-05 21:00:00,141,Park Pl (S),Brooklyn,40.67477,-73.95763,17.0,36.7583,1,10.0,1,21,0,0
2025-05-05 21:00:00,143,Inwood-207 St (A),Manhattan,40.868073,-73.9199,75.0,212.7633,1,5.0,1,21,0,0
2025-05-05 21:00:00,144,Dyckman St (A),Manhattan,40.86549,-73.92727,45.0,191.7862,1,13.0,1,21,0,0
2025-05-05 21:00:00,145,190 St (A),Manhattan,40.85902,-73.93418,22.0,145.1891,1,13.0,1,21,0,0
2025-05-05 21:00:00,146,181 St (A),Manhattan,40.851696,-73.937965,77.0,347.0957,1,12.0,1,21,0,0
2025-05-05 21:00:00,147,175 St (A),Manhattan,40.84739,-73.939705,113.0,270.8038,1,12.0,1,21,0,0
2025-05-05 21:00:00,149,163 St-Amsterdam Av (C),Manhattan,40.836014,-73.939896,37.0,129.1027,1,13.0,1,21,0,0
2025-05-05 21:00:00,150,155 St (C),Manhattan,40.830517,-73.94151,17.0,85.9246,1,13.0,1,21,0,0
2025-05-05 21:00:00,151,"145 St (A,C,B,D)",Manhattan,40.824783,-73.944214,272.0,659.1393,1,,0,21,0,0
2025-05-05 21:00:00,152,"135 St (C,B)",Manhattan,40.817894,-73.94765,36.0,128.1068,1,20.0,1,21,0,0
2025-05-05 21:00:00,153,"125 St (A,C,B,D)",Manhattan,40.811108,-73.95235,474.0,625.9585,1,46.0,1,21,0,0
2025-05-05 21:00:00,154,"116 St (C,B)",Manhattan,40.805084,-73.95488,78.0,182.4614,1,21.0,1,21,0,0
2025-05-05 21:00:00,155,"Cathedral Pkwy (110 St) (C,B)",Manhattan,40.800602,-73.95816,79.0,254.3085,1,21.0,1,21,0,0
2025-05-05 21:00:00,156,"103 St (C,B)",Manhattan,40.796093,-73.96146,45.0,156.8718,1,21.0,1,21,0,0
2025-05-05 21:00:00,157,"96 St (C,B)",Manhattan,40.79164,-73.9647,124.0,189.8135,1,21.0,1,21,0,0
2025-05-05 21:00:00,158,"86 St (C,B)",Manhattan,40.78587,-73.96892,172.0,208.3275,1,21.0,1,21,0,0
2025-05-05 21:00:00,159,"81 St-Museum of Natural History (C,B)",Manhattan,40.781433,-73.972145,164.0,206.8689,1,21.0,1,21,0,0
2025-05-05 21:00:00,160,"72 St (C,B)",Manhattan,40.775593,-73.97641,209.0,187.5938,1,22.0,1,21,0,0
2025-05-05 21:00:00,162,"50 St (C,E)",Manhattan,40.762455,-73.985985,826.0,495.6136,1,29.0,1,21,0,0
2025-05-05 21:00:00,164,"34 St-Penn Station (A,C,E)",Manhattan,40.75229,-73.99339,1811.0,1160.9811,1,42.0,1,21,0,0
2025-05-05 21:00:00,165,"23 St (C,E)",Manhattan,40.745907,-73.99804,582.0,333.6952,1,29.0,1,21,0,0
2025-05-05 21:00:00,167,"W 4 St-Wash Sq (A,C,E,B,D,F,M)",Manhattan,40.732338,-74.000496,2367.0,810.3281000000001,1,,0,21,0,0
2025-05-05 21:00:00,168,"Spring St (C,E)",Manhattan,40.726227,-74.00374,350.0,134.6471,1,29.0,1,21,0,0
2025-05-05 21:00:00,169,"Canal St (A,C,E)",Manhattan,40.720825,-74.005226,426.0,190.1738,1,44.0,1,21,0,0
2025-05-05 21:00:00,173,"High St (A,C)",Brooklyn,40.699337,-73.99053,176.0,181.1392,1,25.0,1,21,0,0
2025-05-05 21:00:00,175,"Hoyt-Schermerhorn Sts (A,C,G)",Brooklyn,40.688484,-73.985,291.0,211.8308,1,41.0,1,21,0,0
2025-05-05 21:00:00,176,Lafayette Av (C),Brooklyn,40.68611,-73.973946,135.0,113.3556,1,13.0,1,21,0,0
2025-05-05 21:00:00,177,Clinton-Washington Avs (C),Brooklyn,40.68326,-73.965836,85.0,220.3661,1,13.0,1,21,0,0
2025-05-05 21:00:00,179,"Nostrand Av (A,C)",Brooklyn,40.68044,-73.950424,194.0,570.137,1,26.0,1,21,0,0
2025-05-05 21:00:00,180,Kingston-Throop Avs (C),Brooklyn,40.67992,-73.94086,73.0,225.8469,1,13.0,1,21,0,0
2025-05-05 21:00:00,181,"Utica Av (A,C)",Brooklyn,40.679363,-73.93073,196.0,445.7159,1,27.0,1,21,0,0
2025-05-05 21:00:00,182,Ralph Av (C),Brooklyn,40.67882,-73.920784,70.0,143.5473,1,13.0,1,21,0,0
2025-05-05 21:00:00,183,Rockaway Av (C),Brooklyn,40.67834,-73.91195,58.0,160.4285,1,12.0,1,21,0,0
2025-05-05 21:00:00,185,Liberty Av (C),Brooklyn,40.67454,-73.896545,15.0,43.6164,1,13.0,1,21,0,0
2025-05-05 21:00:00,186,Van Siclen Av (C),Brooklyn,40.67271,-73.89036,23.0,59.7733,1,13.0,1,21,0,0
2025-05-05 21:00:00,187,Shepherd Av (C),Brooklyn,40.67413,-73.88075,23.0,61.8462,1,12.0,1,21,0,0
2025-05-05 21:00:00,188,"Euclid Av (A,C)",Brooklyn,40.675377,-73.87211,109.0,248.6335,1,20.0,1,21,0,0
2025-05-05 21:00:00,189,Grant Av (A),Brooklyn,40.677044,-73.86505,49.0,137.794,1,14.0,1,21,0,0
2025-05-05 21:00:00,190,80 St (A),Queens,40.67937,-73.85899,40.0,101.2343,1,15.0,1,21,0,0
2025-05-05 21:00:00,191,88 St (A),Queens,40.679844,-73.85147,17.0,78.3733,1,13.0,1,21,0,0
2025-05-05 21:00:00,192,Rockaway Blvd (A),Queens,40.680428,-73.84386,74.0,160.5288,1,14.0,1,21,0,0
2025-05-05 21:00:00,193,104 St (A),Queens,40.68171,-73.837685,10.0,34.2063,1,8.0,1,21,0,0
2025-05-05 21:00:00,194,111 St (A),Queens,40.68433,-73.83216,17.0,37.7819,1,8.0,1,21,0,0
2025-05-05 21:00:00,195,Ozone Park-Lefferts Blvd (A),Queens,40.68595,-73.8258,69.0,116.431,1,4.0,1,21,0,0
2025-05-05 21:00:00,196,Aqueduct Racetrack (A),Queens,40.672096,-73.83592,21.0,10.4429,1,3.0,1,21,0,0
2025-05-05 21:00:00,197,Aqueduct-N Conduit Av (A),Queens,40.668236,-73.83406,11.0,13.7439,1,7.0,1,21,0,0
2025-05-05 21:00:00,198,Howard Beach-JFK Airport (A),Queens,40.660477,-73.8303,200.0,126.2955,1,3.0,1,21,0,0
2025-05-05 21:00:00,210,Norwood-205 St (D),Bronx,40.87481,-73.87885,59.0,144.8169,1,7.0,1,21,0,0
2025-05-05 21:00:00,211,"Bedford Park Blvd (B,D)",Bronx,40.873245,-73.88714,65.0,157.2235,1,12.0,1,21,0,0
2025-05-05 21:00:00,212,"Kingsbridge Rd (B,D)",Bronx,40.866978,-73.89351,69.0,141.1983,1,13.0,1,21,0,0
2025-05-05 21:00:00,213,"Fordham Rd (B,D)",Bronx,40.861298,-73.89775,76.0,173.6848,1,13.0,1,21,0,0
2025-05-05 21:00:00,214,"182-183 Sts (B,D)",Bronx,40.856094,-73.90074,34.0,98.4803,1,14.0,1,21,0,0
2025-05-05 21:00:00,215,"Tremont Av (B,D)",Bronx,40.85041,-73.90523,77.0,176.8679,1,14.0,1,21,0,0
2025-05-05 21:00:00,216,"174-175 Sts (B,D)",Bronx,40.8459,-73.91013,38.0,108.0508,1,13.0,1,21,0,0
2025-05-05 21:00:00,217,"170 St (B,D)",Bronx,40.839306,-73.9134,58.0,129.6322,1,14.0,1,21,0,0
2025-05-05 21:00:00,218,"167 St (B,D)",Bronx,40.83377,-73.91844,70.0,181.6985,1,13.0,1,21,0,0
2025-05-05 21:00:00,220,"155 St (B,D)",Manhattan,40.830135,-73.93821,34.0,59.8935,1,13.0,1,21,0,0
2025-05-05 21:00:00,221,21 St-Queensbridge (M),Queens,40.754204,-73.94283,89.0,368.7723,1,17.0,1,21,0,0
2025-05-05 21:00:00,222,Roosevelt Island (M),Manhattan,40.759144,-73.95326,109.0,253.3734,1,16.0,1,21,0,0
2025-05-05 21:00:00,223,"Lexington Av/63 St (M,Q)",Manhattan,40.76463,-73.96611,375.0,269.2771,1,32.0,1,21,0,0
2025-05-05 21:00:00,224,57 St (M),Manhattan,40.763973,-73.97745,424.0,205.7307,1,18.0,1,21,0,0
2025-05-05 21:00:00,225,"47-50 Sts-Rockefeller Ctr (B,D,F,M)",Manhattan,40.758663,-73.98133,1109.0,496.1905,1,40.0,1,21,0,0
2025-05-05 21:00:00,228,"23 St (F,M)",Manhattan,40.742878,-73.99282,633.0,300.6103,1,20.0,1,21,0,0
2025-05-05 21:00:00,231,"Grand St (B,D)",Manhattan,40.718266,-73.99375,530.0,334.4283,1,21.0,1,21,0,0
2025-05-05 21:00:00,232,2 Av (F),Manhattan,40.7234,-73.98994,595.0,345.6633,1,17.0,1,21,0,0
2025-05-05 21:00:00,234,East Broadway (F),Manhattan,40.713715,-73.99017,292.0,320.8908,1,17.0,1,21,0,0
2025-05-05 21:00:00,235,York St (F),Brooklyn,40.701397,-73.98675,292.0,216.6661,1,18.0,1,21,0,0
2025-05-05 21:00:00,236,"Bergen St (F,G)",Brooklyn,40.686146,-73.99086,239.0,213.493,1,31.0,1,21,0,0
2025-05-05 21:00:00,237,"Carroll St (F,G)",Brooklyn,40.6803,-73.99505,147.0,215.3934,1,32.0,1,21,0,0
2025-05-05 21:00:00,238,"Smith-9 Sts (F,G)",Brooklyn,40.67358,-73.99596,71.0,61.5247,1,32.0,1,21,0,0
2025-05-05 21:00:00,240,"7 Av (F,G)",Brooklyn,40.66627,-73.98031,149.0,245.1094,1,31.0,1,21,0,0
2025-05-05 21:00:00,241,"15 St-Prospect Park (F,G)",Brooklyn,40.660366,-73.97949,63.0,145.9011,1,32.0,1,21,0,0
2025-05-05 21:00:00,242,"Fort Hamilton Pkwy (F,G)",Brooklyn,40.650784,-73.97578,23.0,137.3327,1,33.0,1,21,0,0
2025-05-05 21:00:00,243,"Church Av (F,G)",Brooklyn,40.64404,-73.979675,94.0,219.5617,1,25.0,1,21,0,0
2025-05-05 21:00:00,244,Ditmas Av (F),Brooklyn,40.63612,-73.97817,33.0,98.9057,1,19.0,1,21,0,0
2025-05-05 21:00:00,245,18 Av (F),Brooklyn,40.629753,-73.976974,27.0,68.4611,1,18.0,1,21,0,0
2025-05-05 21:00:00,246,Avenue I (F),Brooklyn,40.62532,-73.97613,20.0,26.2745,1,19.0,1,21,0,0
2025-05-05 21:00:00,247,Bay Pkwy (F),Brooklyn,40.62077,-73.975266,8.0,14.4325,1,19.0,1,21,0,0
2025-05-05 21:00:00,248,Avenue N (F),Brooklyn,40.61514,-73.9742,31.0,52.3034,1,19.0,1,21,0,0
2025-05-05 21:00:00,249,Avenue P (F),Brooklyn,40.608944,-73.97302,15.0,53.9577,1,18.0,1,21,0,0
2025-05-05 21:00:00,250,Kings Hwy (F),Brooklyn,40.603218,-73.97236,38.0,62.825,1,16.0,1,21,0,0
2025-05-05 21:00:00,251,Avenue U (F),Brooklyn,40.59606,-73.97336,18.0,26.7711,1,17.0,1,21,0,0
2025-05-05 21:00:00,252,Avenue X (F),Brooklyn,40.58962,-73.97425,29.0,52.5215,1,16.0,1,21,0,0
2025-05-05 21:00:00,253,Neptune Av (F),Brooklyn,40.581013,-73.97457,14.0,17.2213,1,16.0,1,21,0,0
2025-05-05 21:00:00,254,Jamaica-179 St (F),Queens,40.712646,-73.78381,168.0,381.986,1,6.0,1,21,0,0
2025-05-05 21:00:00,255,169 St (F),Queens,40.71047,-73.7936,77.0,194.5019,1,16.0,1,21,0,0
2025-05-05 21:00:00,256,Parsons Blvd (F),Queens,40.707565,-73.80333,57.0,169.1394,1,16.0,1,21,0,0
2025-05-05 21:00:00,257,Sutphin Blvd (F),Queens,40.70546,-73.81071,45.0,84.2002,1,15.0,1,21,0,0
2025-05-05 21:00:00,258,"Briarwood (E,F)",Queens,40.70918,-73.82057,42.0,122.7389,1,32.0,1,21,0,0
2025-05-05 21:00:00,259,"Kew Gardens-Union Tpke (E,F)",Queens,40.71444,-73.83101,252.0,458.8916,1,34.0,1,21,0,0
2025-05-05 21:00:00,260,"75 Av (E,F)",Queens,40.71833,-73.837326,37.0,70.5348,1,34.0,1,21,0,0
2025-05-05 21:00:00,261,"Forest Hills-71 Av (E,F,M,R)",Queens,40.72169,-73.84452,331.0,460.6896,1,38.0,1,21,0,0
2025-05-05 21:00:00,262,"67 Av (M,R)",Queens,40.726524,-73.85272,57.0,174.8437,1,18.0,1,21,0,0
2025-05-05 21:00:00,263,"63 Dr-Rego Park (M,R)",Queens,40.729847,-73.8616,130.0,276.2024,1,19.0,1,21,0,0
2025-05-05 21:00:00,264,"Woodhaven Blvd (M,R)",Queens,40.733105,-73.86923,263.0,415.1491,1,19.0,1,21,0,0
2025-05-05 21:00:00,265,"Grand Av-Newtown (M,R)",Queens,40.737015,-73.87722,142.0,578.097,1,18.0,1,21,0,0
2025-05-05 21:00:00,266,"Elmhurst Av (M,R)",Queens,40.742455,-73.88202,110.0,486.8734,1,18.0,1,21,0,0
2025-05-05 21:00:00,268,"65 St (M,R)",Queens,40.74967,-73.89845,34.0,91.2614,1,17.0,1,21,0,0
2025-05-05 21:00:00,269,"Northern Blvd (M,R)",Queens,40.752884,-73.906006,51.0,187.1597,1,17.0,1,21,0,0
2025-05-05 21:00:00,270,"46 St (M,R)",Queens,40.756313,-73.91333,57.0,230.3033,1,17.0,1,21,0,0
2025-05-05 21:00:00,271,"Steinway St (M,R)",Queens,40.756878,-73.92074,210.0,335.7487,1,17.0,1,21,0,0
2025-05-05 21:00:00,272,"36 St (M,R)",Queens,40.75204,-73.92878,53.0,57.1086,1,17.0,1,21,0,0
2025-05-05 21:00:00,273,"Queens Plaza (E,F,R)",Queens,40.748974,-73.93724,272.0,445.6187,1,34.0,1,21,0,0
2025-05-05 21:00:00,276,"5 Av/53 St (E,F)",Manhattan,40.760166,-73.97523,216.0,93.702,1,19.0,1,21,0,0
2025-05-05 21:00:00,277,"7 Av (E,B,D)",Manhattan,40.762863,-73.981636,463.0,315.9407,1,38.0,1,21,0,0
2025-05-05 21:00:00,278,"Jamaica Center-Parsons/Archer (E,J,Z)",Queens,40.70215,-73.80111,383.0,526.0381,1,11.0,1,21,0,0
2025-05-05 21:00:00,279,"Sutphin Blvd-Archer Av-JFK Airport (E,J,Z)",Queens,40.700485,-73.80797,507.0,556.8806,1,28.0,1,21,0,0
2025-05-05 21:00:00,280,Jamaica-Van Wyck (E),Queens,40.702564,-73.81686,44.0,95.5108,1,17.0,1,21,0,0
2025-05-05 21:00:00,282,21 St (G),Queens,40.744064,-73.94972,43.0,33.6564,1,15.0,1,21,0,0
2025-05-05 21:00:00,283,Greenpoint Av (G),Brooklyn,40.731354,-73.95445,162.0,232.0512,1,14.0,1,21,0,0
2025-05-05 21:00:00,284,Nassau Av (G),Brooklyn,40.724636,-73.95128,255.0,201.9847,1,14.0,1,21,0,0
2025-05-05 21:00:00,286,Broadway (G),Brooklyn,40.706093,-73.95031,79.0,100.9804,1,15.0,1,21,0,0
2025-05-05 21:00:00,287,Flushing Av (G),Brooklyn,40.70038,-73.95023,54.0,55.2696,1,15.0,1,21,0,0
2025-05-05 21:00:00,288,Myrtle-Willoughby Avs (G),Brooklyn,40.69457,-73.94904,53.0,154.008,1,14.0,1,21,0,0
2025-05-05 21:00:00,289,Bedford-Nostrand Avs (G),Brooklyn,40.68963,-73.95352,77.0,287.8067,1,13.0,1,21,0,0
2025-05-05 21:00:00,290,Classon Av (G),Brooklyn,40.688873,-73.96007,61.0,159.0775,1,13.0,1,21,0,0
2025-05-05 21:00:00,291,Clinton-Washington Avs (G),Brooklyn,40.688087,-73.96684,100.0,144.4334,1,14.0,1,21,0,0
2025-05-05 21:00:00,292,Fulton St (G),Brooklyn,40.68712,-73.97537,147.0,77.8742,1,14.0,1,21,0,0
2025-05-05 21:00:00,293,Van Cortlandt Park-242 St (1),Bronx,40.889248,-73.89858,64.0,108.7044,1,9.0,1,21,0,0
2025-05-05 21:00:00,294,238 St (1),Bronx,40.884666,-73.90087,49.0,89.7024,1,21.0,1,21,0,0
2025-05-05 21:00:00,295,231 St (1),Bronx,40.878857,-73.90483,78.0,175.6133,1,21.0,1,21,0,0
2025-05-05 21:00:00,296,Marble Hill-225 St (1),Manhattan,40.87456,-73.90983,46.0,102.8242,1,21.0,1,21,0,0
2025-05-05 21:00:00,297,215 St (1),Manhattan,40.869446,-73.915276,22.0,41.8981,1,21.0,1,21,0,0
2025-05-05 21:00:00,298,207 St (1),Manhattan,40.86462,-73.91882,62.0,122.4147,1,23.0,1,21,0,0
2025-05-05 21:00:00,299,Dyckman St (1),Manhattan,40.86053,-73.92554,68.0,163.6422,1,24.0,1,21,0,0
2025-05-05 21:00:00,300,191 St (1),Manhattan,40.855225,-73.92941,59.0,202.4289,1,24.0,1,21,0,0
2025-05-05 21:00:00,301,181 St (1),Manhattan,40.849506,-73.93359,135.0,250.7499,1,23.0,1,21,0,0
2025-05-05 21:00:00,303,157 St (1),Manhattan,40.83404,-73.94489,100.0,332.6227,1,23.0,1,21,0,0
2025-05-05 21:00:00,304,145 St (1),Manhattan,40.82655,-73.95036,108.0,331.3235,1,25.0,1,21,0,0
2025-05-05 21:00:00,305,137 St-City College (1),Manhattan,40.822006,-73.953674,120.0,370.4486,1,23.0,1,21,0,0
2025-05-05 21:00:00,306,125 St (1),Manhattan,40.815582,-73.958374,175.0,248.1553,1,23.0,1,21,0,0
2025-05-05 21:00:00,307,116 St-Columbia University (1),Manhattan,40.80772,-73.96411,515.0,341.8515,1,25.0,1,21,0,0
2025-05-05 21:00:00,308,Cathedral Pkwy (110 St) (1),Manhattan,40.803967,-73.96685,232.0,387.8445,1,24.0,1,21,0,0
2025-05-05 21:00:00,309,103 St (1),Manhattan,40.799446,-73.968376,222.0,404.0044,1,24.0,1,21,0,0
2025-05-05 21:00:00,310,"96 St (1,2,3)",Manhattan,40.79392,-73.97232,594.0,849.2369,1,50.0,1,21,0,0
2025-05-05 21:00:00,311,86 St (1),Manhattan,40.788643,-73.97622,426.0,351.2751,1,24.0,1,21,0,0
2025-05-05 21:00:00,312,79 St (1),Manhattan,40.783936,-73.97992,321.0,320.6027,1,24.0,1,21,0,0
2025-05-05 21:00:00,313,"72 St (1,2,3)",Manhattan,40.778454,-73.98197,1063.0,764.1274,1,50.0,1,21,0,0
2025-05-05 21:00:00,314,66 St-Lincoln Center (1),Manhattan,40.77344,-73.98221,793.0,296.5609,1,25.0,1,21,0,0
2025-05-05 21:00:00,316,50 St (1),Manhattan,40.761726,-73.98385,817.0,429.898,1,24.0,1,21,0,0
2025-05-05 21:00:00,318,"34 St-Penn Station (1,2,3)",Manhattan,40.750374,-73.99106,1481.0,959.7145,1,50.0,1,21,0,0
2025-05-05 21:00:00,319,28 St (1),Manhattan,40.747215,-73.99336,493.0,252.0855,1,24.0,1,21,0,0
2025-05-05 21:00:00,320,23 St (1),Manhattan,40.74408,-73.99566,379.0,222.1263,1,24.0,1,21,0,0
2025-05-05 21:00:00,321,18 St (1),Manhattan,40.74104,-73.99787,202.0,99.6098,1,23.0,1,21,0,0
2025-05-05 21:00:00,323,Christopher St-Stonewall (1),Manhattan,40.73342,-74.00291,473.0,257.9951,1,24.0,1,21,0,0
2025-05-05 21:00:00,324,Houston St (1),Manhattan,40.728252,-74.00536,325.0,150.4709,1,23.0,1,21,0,0
2025-05-05 21:00:00,325,Canal St (1),Manhattan,40.722855,-74.00628,172.0,57.5342,1,24.0,1,21,0,0
2025-05-05 21:00:00,326,Franklin St (1),Manhattan,40.71932,-74.00689,121.0,64.6031,1,24.0,1,21,0,0
2025-05-05 21:00:00,327,"Chambers St (1,2,3)",Manhattan,40.715477,-74.00927,293.0,173.8089,1,51.0,1,21,0,0
2025-05-05 21:00:00,328,WTC Cortlandt (1),Manhattan,40.711834,-74.01219,125.0,282.9854,1,23.0,1,21,0,0
2025-05-05 21:00:00,329,Rector St (1),Manhattan,40.70751,-74.01379,51.0,164.4586,1,24.0,1,21,0,0
2025-05-05 21:00:00,333,"Wall St (2,3)",Manhattan,40.70682,-74.0091,477.0,272.7497,1,28.0,1,21,0,0
2025-05-05 21:00:00,334,"Clark St (2,3)",Brooklyn,40.697468,-73.99309,99.0,149.4262,1,28.0,1,21,0,0
2025-05-05 21:00:00,336,"Hoyt St (2,3)",Brooklyn,40.690544,-73.98506,118.0,111.3574,1,28.0,1,21,0,0
2025-05-05 21:00:00,337,"Nevins St (2,3,4,5)",Brooklyn,40.688248,-73.98049,158.0,166.8036,1,44.0,1,21,0,0
2025-05-05 21:00:00,339,"Bergen St (2,3)",Brooklyn,40.68083,-73.9751,65.0,115.2624,1,30.0,1,21,0,0
2025-05-05 21:00:00,340,"Grand Army Plaza (2,3)",Brooklyn,40.675236,-73.97105,96.0,159.3476,1,30.0,1,21,0,0
2025-05-05 21:00:00,341,"Eastern Pkwy-Brooklyn Museum (2,3)",Brooklyn,40.671986,-73.96438,42.0,118.9765,1,31.0,1,21,0,0
2025-05-05 21:00:00,343,Nostrand Av (3),Brooklyn,40.669846,-73.95046,51.0,105.069,1,14.0,1,21,0,0
2025-05-05 21:00:00,344,Kingston Av (3),Brooklyn,40.6694,-73.94216,44.0,125.3602,1,15.0,1,21,0,0
2025-05-05 21:00:00,345,"Crown Hts-Utica Av (3,4)",Brooklyn,40.668896,-73.932945,273.0,566.745,1,21.0,1,21,0,0
2025-05-05 21:00:00,346,Sutter Av-Rutland Rd (3),Brooklyn,40.66472,-73.92261,83.0,129.2957,1,14.0,1,21,0,0
2025-05-05 21:00:00,347,Saratoga Av (3),Brooklyn,40.661453,-73.91633,46.0,108.2475,1,13.0,1,21,0,0
2025-05-05 21:00:00,348,Rockaway Av (3),Brooklyn,40.662548,-73.90894,59.0,94.3966,1,12.0,1,21,0,0
2025-05-05 21:00:00,349,Junius St (3),Brooklyn,40.663513,-73.90245,31.0,44.3754,1,12.0,1,21,0,0
2025-05-05 21:00:00,350,Pennsylvania Av (3),Brooklyn,40.664635,-73.8949,46.0,73.6971,1,14.0,1,21,0,0
2025-05-05 21:00:00,351,Van Siclen Av (3),Brooklyn,40.665447,-73.8894,28.0,54.7573,1,14.0,1,21,0,0
2025-05-05 21:00:00,352,New Lots Av (3),Brooklyn,40.666237,-73.88408,59.0,109.0669,1,7.0,1,21,0,0
2025-05-05 21:00:00,353,"President St-Medgar Evers College (2,5)",Brooklyn,40.667885,-73.95068,42.0,100.6685,1,15.0,1,21,0,0
2025-05-05 21:00:00,354,"Sterling St (2,5)",Brooklyn,40.662743,-73.95085,35.0,163.3804,1,15.0,1,21,0,0
2025-05-05 21:00:00,355,"Winthrop St (2,5)",Brooklyn,40.65665,-73.9502,61.0,196.6975,1,14.0,1,21,0,0
2025-05-05 21:00:00,356,"Church Av (2,5)",Brooklyn,40.650845,-73.94958,89.0,238.919,1,14.0,1,21,0,0
2025-05-05 21:00:00,357,"Beverly Rd (2,5)",Brooklyn,40.6451,-73.94896,46.0,113.6025,1,15.0,1,21,0,0
2025-05-05 21:00:00,358,"Newkirk Av-Little Haiti (2,5)",Brooklyn,40.63997,-73.94841,89.0,165.8001,1,15.0,1,21,0,0
2025-05-05 21:00:00,359,"Flatbush Av-Brooklyn College (2,5)",Brooklyn,40.632835,-73.94764,224.0,364.9616,1,7.0,1,21,0,0
2025-05-05 21:00:00,360,Pelham Bay Park (6),Bronx,40.852463,-73.82812,81.0,64.2544,1,8.0,1,21,0,0
2025-05-05 21:00:00,361,Buhre Av (6),Bronx,40.84681,-73.832565,30.0,62.4273,1,18.0,1,21,0,0
2025-05-05 21:00:00,362,Middletown Rd (6),Bronx,40.843864,-73.83632,19.0,37.0143,1,17.0,1,21,0,0
2025-05-05 21:00:00,363,Westchester Sq-E Tremont Av (6),Bronx,40.839893,-73.84295,43.0,66.3889,1,17.0,1,21,0,0
2025-05-05 21:00:00,364,Zerega Av (6),Bronx,40.836487,-73.84704,26.0,44.418,1,18.0,1,21,0,0
2025-05-05 21:00:00,365,Castle Hill Av (6),Bronx,40.834255,-73.85122,67.0,137.1552,1,18.0,1,21,0,0
2025-05-05 21:00:00,366,Parkchester (6),Bronx,40.833225,-73.86082,143.0,277.5595,1,17.0,1,21,0,0
2025-05-05 21:00:00,367,St Lawrence Av (6),Bronx,40.83151,-73.867615,22.0,107.7648,1,20.0,1,21,0,0
2025-05-05 21:00:00,368,Morrison Av-Soundview (6),Bronx,40.82952,-73.87452,68.0,139.3941,1,18.0,1,21,0,0
2025-05-05 21:00:00,369,Elder Av (6),Bronx,40.828583,-73.87916,59.0,162.4985,1,19.0,1,21,0,0
2025-05-05 21:00:00,370,Whitlock Av (6),Bronx,40.826527,-73.886284,11.0,31.1089,1,19.0,1,21,0,0
2025-05-05 21:00:00,371,Hunts Point Av (6),Bronx,40.82095,-73.89055,108.0,186.3556,1,20.0,1,21,0,0
2025-05-05 21:00:00,372,Longwood Av (6),Bronx,40.816105,-73.89644,39.0,58.632,1,21.0,1,21,0,0
2025-05-05 21:00:00,373,E 149 St (6),Bronx,40.81212,-73.9041,51.0,118.2752,1,19.0,1,21,0,0
2025-05-05 21:00:00,374,E 143 St-St Mary's St (6),Bronx,40.80872,-73.90765,24.0,56.2333,1,19.0,1,21,0,0
2025-05-05 21:00:00,375,Cypress Av (6),Bronx,40.805367,-73.91404,20.0,56.8688,1,21.0,1,21,0,0
2025-05-05 21:00:00,376,Brook Av (6),Bronx,40.807568,-73.91924,65.0,104.0655,1,21.0,1,21,0,0
2025-05-05 21:00:00,377,3 Av-138 St (6),Bronx,40.810474,-73.92614,70.0,151.6848,1,20.0,1,21,0,0
2025-05-05 21:00:00,378,Woodlawn (4),Bronx,40.886036,-73.87875,92.0,106.0747,1,7.0,1,21,0,0
2025-05-05 21:00:00,379,Mosholu Pkwy (4),Bronx,40.87975,-73.88466,51.0,120.7075,1,17.0,1,21,0,0
2025-05-05 21:00:00,380,Bedford Park Blvd-Lehman College (4),Bronx,40.873413,-73.89006,61.0,97.8939,1,18.0,1,21,0,0
2025-05-05 21:00:00,381,Kingsbridge Rd (4),Bronx,40.86776,-73.89717,87.0,168.2365,1,17.0,1,21,0,0
2025-05-05 21:00:00,382,Fordham Rd (4),Bronx,40.862804,-73.90103,102.0,187.536,1,17.0,1,21,0,0
2025-05-05 21:00:00,383,183 St (4),Bronx,40.858406,-73.90388,49.0,121.7079,1,17.0,1,21,0,0
2025-05-05 21:00:00,384,Burnside Av (4),Bronx,40.853455,-73.907684,93.0,179.0357,1,17.0,1,21,0,0
2025-05-05 21:00:00,385,176 St (4),Bronx,40.84848,-73.9118,69.0,122.0766,1,18.0,1,21,0,0
2025-05-05 21:00:00,386,Mt Eden Av (4),Bronx,40.844433,-73.91469,45.0,91.8547,1,17.0,1,21,0,0
2025-05-05 21:00:00,387,170 St (4),Bronx,40.840076,-73.91779,81.0,161.9144,1,17.0,1,21,0,0
2025-05-05 21:00:00,388,167 St (4),Bronx,40.835537,-73.9214,76.0,204.4211,1,17.0,1,21,0,0
2025-05-05 21:00:00,391,"138 St-Grand Concourse (4,5)",Bronx,40.813225,-73.92985,53.0,76.0148,1,29.0,1,21,0,0
2025-05-05 21:00:00,392,"125 St (4,5,6)",Manhattan,40.80414,-73.93759,366.0,421.2802,1,49.0,1,21,0,0
2025-05-05 21:00:00,393,116 St (6),Manhattan,40.79863,-73.94162,189.0,301.7976,1,21.0,1,21,0,0
2025-05-05 21:00:00,394,110 St (6),Manhattan,40.79502,-73.94425,111.0,230.2363,1,21.0,1,21,0,0
2025-05-05 21:00:00,395,103 St (6),Manhattan,40.7906,-73.94748,143.0,239.1375,1,21.0,1,21,0,0
2025-05-05 21:00:00,396,96 St (6),Manhattan,40.78567,-73.95107,232.0,252.748,1,22.0,1,21,0,0
2025-05-05 21:00:00,397,"86 St (4,5,6)",Manhattan,40.77949,-73.95559,1003.0,636.3691,1,50.0,1,21,0,0
2025-05-05 21:00:00,398,77 St (6),Manhattan,40.77362,-73.95988,649.0,355.5927,1,21.0,1,21,0,0
2025-05-05 21:00:00,399,68 St-Hunter College (6),Manhattan,40.768143,-73.96387,558.0,204.9637,1,22.0,1,21,0,0
2025-05-05 21:00:00,403,33 St (6),Manhattan,40.746082,-73.98208,604.0,405.1969,1,22.0,1,21,0,0
2025-05-05 21:00:00,404,28 St (6),Manhattan,40.74307,-73.98426,468.0,312.01550000000003,1,22.0,1,21,0,0
2025-05-05 21:00:00,405,23 St-Baruch College (6),Manhattan,40.739864,-73.9866,744.0,311.6766,1,23.0,1,21,0,0
2025-05-05 21:00:00,407,Astor Pl (6),Manhattan,40.730053,-73.99107,656.0,287.8381,1,22.0,1,21,0,0
2025-05-05 21:00:00,409,Spring St (6),Manhattan,40.7223,-73.99714,276.0,165.6922,1,22.0,1,21,0,0
2025-05-05 21:00:00,413,"Wall St (4,5)",Manhattan,40.707558,-74.01186,272.0,223.0854,1,29.0,1,21,0,0
2025-05-05 21:00:00,414,"Bowling Green (4,5)",Manhattan,40.70482,-74.01407,238.0,277.4114,1,24.0,1,21,0,0
2025-05-05 21:00:00,416,Wakefield-241 St (2),Bronx,40.903126,-73.85062,76.0,63.14,1,5.0,1,21,0,0
2025-05-05 21:00:00,417,"Nereid Av (2,5)",Bronx,40.89838,-73.85438,20.0,45.1777,1,14.0,1,21,0,0
2025-05-05 21:00:00,418,"233 St (2,5)",Bronx,40.893192,-73.857475,38.0,66.105,1,14.0,1,21,0,0
2025-05-05 21:00:00,419,"225 St (2,5)",Bronx,40.888023,-73.860344,37.0,60.3249,1,15.0,1,21,0,0
2025-05-05 21:00:00,420,"219 St (2,5)",Bronx,40.883896,-73.86263,37.0,52.3194,1,15.0,1,21,0,0
2025-05-05 21:00:00,421,"Gun Hill Rd (2,5)",Bronx,40.87785,-73.86626,89.0,98.815,1,16.0,1,21,0,0
2025-05-05 21:00:00,422,"Burke Av (2,5)",Bronx,40.871357,-73.867165,13.0,51.6758,1,15.0,1,21,0,0
2025-05-05 21:00:00,423,"Allerton Av (2,5)",Bronx,40.865463,-73.867355,42.0,85.6654,1,14.0,1,21,0,0
2025-05-05 21:00:00,424,"Pelham Pkwy (2,5)",Bronx,40.857193,-73.867615,97.0,132.6066,1,14.0,1,21,0,0
2025-05-05 21:00:00,425,"Bronx Park East (2,5)",Bronx,40.848827,-73.868454,30.0,42.3731,1,14.0,1,21,0,0
2025-05-05 21:00:00,426,"E 180 St (2,5)",Bronx,40.841892,-73.87349,93.0,175.319,1,24.0,1,21,0,0
2025-05-05 21:00:00,427,"West Farms Sq-E Tremont Av (2,5)",Bronx,40.840294,-73.88005,62.0,111.9726,1,25.0,1,21,0,0
2025-05-05 21:00:00,428,"174 St (2,5)",Bronx,40.837288,-73.88773,52.0,122.2092,1,26.0,1,21,0,0
2025-05-05 21:00:00,429,"Freeman St (2,5)",Bronx,40.829994,-73.89187,41.0,99.7444,1,26.0,1,21,0,0
2025-05-05 21:00:00,430,"Simpson St (2,5)",Bronx,40.824074,-73.89307,76.0,151.67170000000002,1,26.0,1,21,0,0
2025-05-05 21:00:00,431,"Intervale Av (2,5)",Bronx,40.82218,-73.896736,36.0,62.392,1,25.0,1,21,0,0
2025-05-05 21:00:00,432,"Prospect Av (2,5)",Bronx,40.819584,-73.90177,70.0,144.3971,1,24.0,1,21,0,0
2025-05-05 21:00:00,433,"Jackson Av (2,5)",Bronx,40.81649,-73.90781,56.0,109.7747,1,26.0,1,21,0,0
2025-05-05 21:00:00,434,"3 Av-149 St (2,5)",Bronx,40.81611,-73.917755,190.0,363.4896,1,27.0,1,21,0,0
2025-05-05 21:00:00,436,Harlem-148 St (3),Manhattan,40.82388,-73.93647,29.0,76.7901,1,5.0,1,21,0,0
2025-05-05 21:00:00,437,145 St (3),Manhattan,40.82042,-73.93625,18.0,66.9021,1,11.0,1,21,0,0
2025-05-05 21:00:00,438,"135 St (2,3)",Manhattan,40.814228,-73.94077,106.0,255.1067,1,26.0,1,21,0,0
2025-05-05 21:00:00,439,"125 St (2,3)",Manhattan,40.807755,-73.945496,236.0,259.2744,1,27.0,1,21,0,0
2025-05-05 21:00:00,440,"116 St (2,3)",Manhattan,40.802097,-73.94962,99.0,226.9458,1,29.0,1,21,0,0
2025-05-05 21:00:00,441,"110 St-Malcolm X Plaza (2,3)",Manhattan,40.799076,-73.95182,58.0,202.4555,1,28.0,1,21,0,0
2025-05-05 21:00:00,442,Eastchester-Dyre Av (5),Bronx,40.8883,-73.83083,18.0,59.5187,1,5.0,1,21,0,0
2025-05-05 21:00:00,443,Baychester Av (5),Bronx,40.878662,-73.83859,19.0,44.9256,1,12.0,1,21,0,0
2025-05-05 21:00:00,444,Gun Hill Rd (5),Bronx,40.869526,-73.84638,31.0,85.6212,1,13.0,1,21,0,0
2025-05-05 21:00:00,445,Pelham Pkwy (5),Bronx,40.858986,-73.85536,10.0,44.7602,1,14.0,1,21,0,0
2025-05-05 21:00:00,446,Morris Park (5),Bronx,40.854362,-73.8605,7.0,52.5494,1,14.0,1,21,0,0
2025-05-05 21:00:00,447,Flushing-Main St (7),Queens,40.7596,-73.83003,965.0,1531.8503,1,12.0,1,21,0,0
2025-05-05 21:00:00,448,Mets-Willets Point (7),Queens,40.754623,-73.84563,29.0,69.2501,1,28.0,1,21,0,0
2025-05-05 21:00:00,449,111 St (7),Queens,40.75173,-73.85533,81.0,454.0268,1,21.0,1,21,0,0
2025-05-05 21:00:00,450,103 St-Corona Plaza (7),Queens,40.749866,-73.8627,250.0,598.8768,1,20.0,1,21,0,0
2025-05-05 21:00:00,451,Junction Blvd (7),Queens,40.749146,-73.86953,231.0,770.574,1,28.0,1,21,0,0
2025-05-05 21:00:00,452,90 St-Elmhurst Av (7),Queens,40.74841,-73.87661,217.0,579.4234,1,21.0,1,21,0,0
2025-05-05 21:00:00,453,82 St-Jackson Hts (7),Queens,40.747658,-73.8837,214.0,390.7296,1,21.0,1,21,0,0
2025-05-05 21:00:00,455,69 St (7),Queens,40.746326,-73.8964,93.0,211.5472,1,28.0,1,21,0,0
2025-05-05 21:00:00,456,61 St-Woodside (7),Queens,40.74563,-73.902985,195.0,429.42,1,29.0,1,21,0,0
2025-05-05 21:00:00,457,52 St (7),Queens,40.74415,-73.91255,71.0,213.6643,1,29.0,1,21,0,0
2025-05-05 21:00:00,458,46 St-Bliss St (7),Queens,40.743134,-73.918434,147.0,385.7312,1,30.0,1,21,0,0
2025-05-05 21:00:00,459,40 St-Lowery St (7),Queens,40.743782,-73.92402,98.0,285.2852,1,31.0,1,21,0,0
2025-05-05 21:00:00,460,33 St-Rawson St (7),Queens,40.744587,-73.931,363.0,75.0911,1,31.0,1,21,0,0
2025-05-05 21:00:00,461,"Queensboro Plaza (7,N,W)",Queens,40.750584,-73.9402,229.0,432.4972,1,29.0,1,21,0,0
2025-05-05 21:00:00,463,Hunters Point Av (7),Queens,40.742214,-73.94891,45.0,84.8357,1,29.0,1,21,0,0
2025-05-05 21:00:00,464,Vernon Blvd-Jackson Av (7),Queens,40.742626,-73.95358,222.0,475.4378,1,28.0,1,21,0,0
2025-05-05 21:00:00,471,34 St-Hudson Yards (7),Manhattan,40.755882,-74.00191,463.0,355.4565,1,15.0,1,21,0,0
2025-05-05 21:00:00,475,96 St (Q),Manhattan,40.784317,-73.94715,238.0,384.9955,1,8.0,1,21,0,0
2025-05-05 21:00:00,476,86 St (Q),Manhattan,40.77789,-73.95179,495.0,566.5741,1,14.0,1,21,0,0
2025-05-05 21:00:00,477,72 St (Q),Manhattan,40.7688,-73.95843,508.0,455.6734,1,15.0,1,21,0,0
2025-05-05 21:00:00,501,St George (SIR),Staten Island,40.64375,-74.07365,101.0,,0,2.0,1,21,0,0
2025-05-05 21:00:00,502,Tompkinsville (SIR),Staten Island,40.636948,-74.07484,5.0,,0,4.0,1,21,0,0
2025-05-05 21:00:00,601,"14 St/6 Av (1,2,3,L,F,M)",Manhattan,40.737797,-73.997734,1447.0,661.1808,1,101.0,1,21,0,0
2025-05-05 21:00:00,602,"14 St-Union Sq (4,5,6,L,N,Q,R,W)",Manhattan,40.735065,-73.99042,3114.0,1124.99,1,102.0,1,21,0,0
2025-05-05 21:00:00,603,"149 St-Grand Concourse (2,4,5)",Bronx,40.818394,-73.92703,156.0,185.6825,1,18.0,1,21,0,0
2025-05-05 21:00:00,604,"161 St-Yankee Stadium (4,B,D)",Bronx,40.82795,-73.92574,1888.0,425.411,1,30.0,1,21,0,0
2025-05-05 21:00:00,605,"168 St-Washington Hts (1,A,C)",Manhattan,40.840637,-73.93985,268.0,513.6563,1,43.0,1,21,0,0
2025-05-05 21:00:00,606,"Court Sq-23 St (7,E,F,G)",Queens,40.747143,-73.94503,481.0,601.6212,1,57.0,1,21,0,0
2025-05-05 21:00:00,607,"34 St-Herald Sq (B,D,F,M,N,Q,R,W)",Manhattan,40.74964,-73.987885,2691.0,1401.9304,1,93.0,1,21,0,0
2025-05-05 21:00:00,608,"4 Av-9 St (F,G,R)",Brooklyn,40.67056,-73.989044,240.0,293.654,1,56.0,1,21,0,0
2025-05-05 21:00:00,609,"42 St-Bryant Pk/5 Av (7,B,D,F,M)",Manhattan,40.75402,-73.98327,1356.0,557.1749,1,72.0,1,21,0,0
2025-05-05 21:00:00,610,"Grand Central-42 St (4,5,6,7,S)",Manhattan,40.75199,-73.977356,2618.0,1837.2612,1,92.0,1,21,0,0
2025-05-05 21:00:00,611,"Times Sq-42 St/Port Authority Bus Terminal (1,2,3,7,A,C,E,N,Q,R,W,S)",Manhattan,40.755745,-73.98758,4743.0,3344.6065,1,153.0,1,21,0,0
2025-05-05 21:00:00,612,"Lexington Av/51-53 Sts (6,E,F)",Manhattan,40.757328,-73.97049,1096.0,703.0213,1,42.0,1,21,0,0
2025-05-05 21:00:00,613,"Lexington Av/59 St (4,5,6,N,R,W)",Manhattan,40.762592,-73.96761,992.0,552.4350000000001,1,83.0,1,21,0,0
2025-05-05 21:00:00,614,"59 St-Columbus Circle (1,A,C,B,D)",Manhattan,40.768272,-73.981834,2154.0,1033.898,1,73.0,1,21,0,0
2025-05-05 21:00:00,615,"62 St/New Utrecht Av (D,N)",Brooklyn,40.625656,-73.99663,34.0,113.3352,1,23.0,1,21,0,0
2025-05-05 21:00:00,616,"Jackson Hts-Roosevelt Av/74 St-Broadway (7,E,F,M,R)",Queens,40.746746,-73.891365,854.0,1576.1636,1,78.0,1,21,0,0
2025-05-05 21:00:00,617,"Atlantic Av-Barclays Ctr (2,3,4,5,B,D,N,Q,R)",Brooklyn,40.684162,-73.97779,854.0,672.33,1,104.0,1,21,0,0
2025-05-05 21:00:00,618,"14 St/8 Av (A,C,E,L)",Manhattan,40.740334,-74.00214,1440.0,699.8131,1,56.0,1,21,0,0
2025-05-05 21:00:00,619,"Broadway-Lafayette St/Bleecker St (6,B,D,F,M)",Manhattan,40.725605,-73.99543,1486.0,500.7891,1,66.0,1,21,0,0
2025-05-05 21:00:00,620,"Borough Hall/Court St (2,3,4,5,R)",Brooklyn,40.69324,-73.99064,410.0,348.8841,1,55.0,1,21,0,0
2025-05-05 21:00:00,621,"Broadway Junction (A,C,J,Z,L)",Brooklyn,40.678898,-73.90436,101.0,167.1798,1,28.0,1,21,0,0
2025-05-05 21:00:00,622,"Brooklyn Bridge-City Hall/Chambers St (4,5,6,J,Z)",Manhattan,40.713154,-74.00377,349.0,278.233,1,53.0,1,21,0,0
2025-05-05 21:00:00,623,"Canal St (6,J,Z,N,Q,R,W)",Manhattan,40.7187,-74.00058,1179.0,458.4687,1,59.0,1,21,0,0
2025-05-05 21:00:00,624,"Chambers St/WTC/Park Place/Cortlandt St (2,3,A,C,E,R,W)",Manhattan,40.712605,-74.00955,785.0,655.4615,1,86.0,1,21,0,0
2025-05-05 21:00:00,625,"Delancey St-Essex St (F,M,J,Z)",Manhattan,40.718464,-73.98778,854.0,582.1025,1,36.0,1,21,0,0
2025-05-05 21:00:00,626,"Franklin Av-Medgar Evers College/Botanic Garden (2,3,4,5,S)",Brooklyn,40.670513,-73.95869,192.0,449.6368,1,52.0,1,21,0,0
2025-05-05 21:00:00,627,"Franklin Av (C,S)",Brooklyn,40.68099,-73.95634,92.0,167.8304,1,18.0,1,21,0,0
2025-05-05 21:00:00,628,"Fulton St (2,3,4,5,A,C,J,Z)",Manhattan,40.71009,-74.007835,1250.0,1220.4812,1,68.0,1,21,0,0
2025-05-05 21:00:00,629,"Metropolitan Av/Lorimer St (G,L)",Brooklyn,40.71343,-73.95084,467.0,528.1965,1,45.0,1,21,0,0
2025-05-05 21:00:00,630,"Myrtle-Wyckoff Avs (M,L)",Brooklyn,40.699623,-73.91199,234.0,644.5001,1,30.0,1,21,0,0
2025-05-05 21:00:00,635,"Whitehall St-South Ferry (1,R,W)",Manhattan,40.702576,-74.01333,291.0,385.0829,1,30.0,1,21,0,0
2025-05-05 21:00:00,636,"Jay St-MetroTech (A,C,F,R)",Brooklyn,40.69226,-73.98664,712.0,495.7296,1,57.0,1,21,0,0
2025-05-05 22:00:00,1,"Astoria-Ditmars Blvd (N,W)",Queens,40.775036,-73.91203,147.0,351.1436,1,6.0,1,22,0,0
2025-05-05 22:00:00,2,"Astoria Blvd (N,W)",Queens,40.77026,-73.91785,89.0,278.4583,1,16.0,1,22,0,0
2025-05-05 22:00:00,3,"30 Av (N,W)",Queens,40.76678,-73.92148,106.0,337.26,1,15.0,1,22,0,0
2025-05-05 22:00:00,4,"Broadway (N,W)",Queens,40.76182,-73.92551,98.0,289.2055,1,16.0,1,22,0,0
2025-05-05 22:00:00,5,"36 Av (N,W)",Queens,40.756805,-73.92957,68.0,150.3519,1,15.0,1,22,0,0
2025-05-05 22:00:00,6,"39 Av-Dutch Kills (N,W)",Queens,40.75288,-73.932755,41.0,113.9458,1,15.0,1,22,0,0
2025-05-05 22:00:00,8,"5 Av/59 St (N,R,W)",Manhattan,40.764812,-73.97335,266.0,87.1842,1,24.0,1,22,0,0
2025-05-05 22:00:00,9,"57 St-7 Av (N,Q,R,W)",Manhattan,40.764664,-73.98066,939.0,329.664,1,36.0,1,22,0,0
2025-05-05 22:00:00,10,"49 St (N,R,W)",Manhattan,40.7599,-73.98414,618.0,334.13100000000003,1,24.0,1,22,0,0
2025-05-05 22:00:00,13,"28 St (R,W)",Manhattan,40.745495,-73.98869,254.0,140.678,1,14.0,1,22,0,0
2025-05-05 22:00:00,14,"23 St (R,W)",Manhattan,40.741302,-73.98934,274.0,148.6474,1,14.0,1,22,0,0
2025-05-05 22:00:00,16,"8 St-NYU (R,W)",Manhattan,40.730328,-73.99263,305.0,164.019,1,14.0,1,22,0,0
2025-05-05 22:00:00,17,"Prince St (R,W)",Manhattan,40.72433,-73.9977,130.0,67.4154,1,13.0,1,22,0,0
2025-05-05 22:00:00,20,"City Hall (R,W)",Manhattan,40.713284,-74.00698,41.0,33.0097,1,14.0,1,22,0,0
2025-05-05 22:00:00,22,"Rector St (R,W)",Manhattan,40.70722,-74.01334,36.0,55.9902,1,14.0,1,22,0,0
2025-05-05 22:00:00,26,"DeKalb Av (B,Q,R)",Brooklyn,40.690636,-73.98183,235.0,288.4314,1,37.0,1,22,0,0
2025-05-05 22:00:00,28,Union St (R),Brooklyn,40.677315,-73.98311,129.0,111.4244,1,21.0,1,22,0,0
2025-05-05 22:00:00,30,Prospect Av (R),Brooklyn,40.665413,-73.992874,60.0,102.7267,1,20.0,1,22,0,0
2025-05-05 22:00:00,31,25 St (R),Brooklyn,40.660397,-73.99809,30.0,77.0344,1,20.0,1,22,0,0
2025-05-05 22:00:00,32,"36 St (D,N,R)",Brooklyn,40.655144,-74.00355,126.0,255.9196,1,32.0,1,22,0,0
2025-05-05 22:00:00,33,45 St (R),Brooklyn,40.648937,-74.01001,45.0,206.7035,1,16.0,1,22,0,0
2025-05-05 22:00:00,34,53 St (R),Brooklyn,40.64507,-74.01403,46.0,234.7978,1,16.0,1,22,0,0
2025-05-05 22:00:00,35,"59 St (N,R)",Brooklyn,40.64136,-74.01788,64.0,316.5385,1,20.0,1,22,0,0
2025-05-05 22:00:00,36,Bay Ridge Av (R),Brooklyn,40.634968,-74.02338,49.0,142.1017,1,10.0,1,22,0,0
2025-05-05 22:00:00,37,77 St (R),Brooklyn,40.62974,-74.02551,37.0,88.7883,1,10.0,1,22,0,0
2025-05-05 22:00:00,38,86 St (R),Brooklyn,40.62269,-74.0284,90.0,170.2519,1,11.0,1,22,0,0
2025-05-05 22:00:00,39,Bay Ridge-95 St (R),Brooklyn,40.616623,-74.030876,43.0,89.3323,1,5.0,1,22,0,0
2025-05-05 22:00:00,41,"7 Av (B,Q)",Brooklyn,40.67705,-73.97237,90.0,161.0437,1,13.0,1,22,0,0
2025-05-05 22:00:00,42,"Prospect Park (B,Q,S)",Brooklyn,40.661613,-73.96225,71.0,237.3304,1,18.0,1,22,0,0
2025-05-05 22:00:00,43,Parkside Av (Q),Brooklyn,40.655293,-73.961494,38.0,155.451,1,12.0,1,22,0,0
2025-05-05 22:00:00,44,"Church Av (B,Q)",Brooklyn,40.650528,-73.96298,85.0,323.1048,1,13.0,1,22,0,0
2025-05-05 22:00:00,45,Beverley Rd (Q),Brooklyn,40.64403,-73.96449,30.0,102.989,1,12.0,1,22,0,0
2025-05-05 22:00:00,46,Cortelyou Rd (Q),Brooklyn,40.640926,-73.96389,49.0,158.8633,1,13.0,1,22,0,0
2025-05-05 22:00:00,47,"Newkirk Plaza (B,Q)",Brooklyn,40.635082,-73.96279,57.0,212.2583,1,14.0,1,22,0,0
2025-05-05 22:00:00,48,Avenue H (Q),Brooklyn,40.62927,-73.96164,21.0,54.1721,1,13.0,1,22,0,0
2025-05-05 22:00:00,49,Avenue J (Q),Brooklyn,40.62504,-73.9608,57.0,78.8675,1,13.0,1,22,0,0
2025-05-05 22:00:00,50,Avenue M (Q),Brooklyn,40.61762,-73.9594,21.0,81.2051,1,12.0,1,22,0,0
2025-05-05 22:00:00,51,"Kings Hwy (B,Q)",Brooklyn,40.60867,-73.95773,138.0,272.22090000000003,1,15.0,1,22,0,0
2025-05-05 22:00:00,52,Avenue U (Q),Brooklyn,40.5993,-73.95593,43.0,110.7235,1,12.0,1,22,0,0
2025-05-05 22:00:00,53,Neck Rd (Q),Brooklyn,40.595245,-73.95516,20.0,76.404,1,13.0,1,22,0,0
2025-05-05 22:00:00,54,"Sheepshead Bay (B,Q)",Brooklyn,40.586895,-73.954155,72.0,170.6978,1,15.0,1,22,0,0
2025-05-05 22:00:00,55,"Brighton Beach (B,Q)",Brooklyn,40.57762,-73.96137,79.0,147.2387,1,14.0,1,22,0,0
2025-05-05 22:00:00,56,Ocean Pkwy (Q),Brooklyn,40.576313,-73.9685,15.0,30.1124,1,13.0,1,22,0,0
2025-05-05 22:00:00,57,"W 8 St-NY Aquarium (F,Q)",Brooklyn,40.576126,-73.97594,10.0,17.8859,1,26.0,1,22,0,0
2025-05-05 22:00:00,58,"Coney Island-Stillwell Av (D,F,N,Q)",Brooklyn,40.577423,-73.98123,131.0,175.4039,1,20.0,1,22,0,0
2025-05-05 22:00:00,59,9 Av (D),Brooklyn,40.646294,-73.99432,40.0,181.3967,1,12.0,1,22,0,0
2025-05-05 22:00:00,60,Fort Hamilton Pkwy (D),Brooklyn,40.640915,-73.9943,25.0,88.6988,1,12.0,1,22,0,0
2025-05-05 22:00:00,61,50 St (D),Brooklyn,40.63626,-73.99479,30.0,46.7374,1,12.0,1,22,0,0
2025-05-05 22:00:00,62,55 St (D),Brooklyn,40.631435,-73.995476,17.0,18.5908,1,12.0,1,22,0,0
2025-05-05 22:00:00,64,71 St (D),Brooklyn,40.61959,-73.99886,23.0,102.9976,1,10.0,1,22,0,0
2025-05-05 22:00:00,65,79 St (D),Brooklyn,40.613503,-74.00061,45.0,141.52,1,11.0,1,22,0,0
2025-05-05 22:00:00,66,18 Av (D),Brooklyn,40.607952,-74.00174,48.0,105.4147,1,11.0,1,22,0,0
2025-05-05 22:00:00,67,20 Av (D),Brooklyn,40.604557,-73.99817,45.0,89.0833,1,12.0,1,22,0,0
2025-05-05 22:00:00,68,Bay Pkwy (D),Brooklyn,40.601875,-73.99373,39.0,116.2117,1,12.0,1,22,0,0
2025-05-05 22:00:00,69,25 Av (D),Brooklyn,40.597706,-73.98683,21.0,56.8558,1,12.0,1,22,0,0
2025-05-05 22:00:00,70,Bay 50 St (D),Brooklyn,40.58884,-73.983765,13.0,52.1334,1,12.0,1,22,0,0
2025-05-05 22:00:00,71,8 Av (N),Brooklyn,40.635063,-74.01172,61.0,202.2516,1,10.0,1,22,0,0
2025-05-05 22:00:00,72,Fort Hamilton Pkwy (N),Brooklyn,40.631386,-74.00535,46.0,149.2977,1,10.0,1,22,0,0
2025-05-05 22:00:00,74,18 Av (N),Brooklyn,40.62067,-73.99042,26.0,111.4711,1,9.0,1,22,0,0
2025-05-05 22:00:00,75,20 Av (N),Brooklyn,40.61741,-73.98502,20.0,76.25619999999999,1,9.0,1,22,0,0
2025-05-05 22:00:00,76,Bay Pkwy (N),Brooklyn,40.611816,-73.98185,28.0,122.8872,1,10.0,1,22,0,0
2025-05-05 22:00:00,77,Kings Hwy (N),Brooklyn,40.603924,-73.980354,25.0,113.5827,1,10.0,1,22,0,0
2025-05-05 22:00:00,78,Avenue U (N),Brooklyn,40.597473,-73.97913,18.0,59.6406,1,10.0,1,22,0,0
2025-05-05 22:00:00,79,86 St (N),Brooklyn,40.59272,-73.97823,9.0,33.8058,1,9.0,1,22,0,0
2025-05-05 22:00:00,80,"121 St (J,Z)",Queens,40.700493,-73.82829,24.0,43.2807,1,11.0,1,22,0,0
2025-05-05 22:00:00,81,111 St (J),Queens,40.69742,-73.83634,24.0,37.5279,1,11.0,1,22,0,0
2025-05-05 22:00:00,82,"104 St (J,Z)",Queens,40.69518,-73.84433,11.0,58.8379,1,11.0,1,22,0,0
2025-05-05 22:00:00,83,"Woodhaven Blvd (J,Z)",Queens,40.69388,-73.85158,47.0,96.2054,1,11.0,1,22,0,0
2025-05-05 22:00:00,84,85 St-Forest Pkwy (J),Queens,40.692436,-73.86001,12.0,36.7983,1,10.0,1,22,0,0
2025-05-05 22:00:00,85,"75 St-Elderts Ln (J,Z)",Queens,40.691322,-73.86714,13.0,97.528,1,10.0,1,22,0,0
2025-05-05 22:00:00,86,Cypress Hills (J),Brooklyn,40.68994,-73.87255,3.0,8.0662,1,9.0,1,22,0,0
2025-05-05 22:00:00,87,"Crescent St (J,Z)",Brooklyn,40.683193,-73.87379,40.0,88.9012,1,11.0,1,22,0,0
2025-05-05 22:00:00,88,"Norwood Av (J,Z)",Brooklyn,40.68141,-73.880035,19.0,53.3814,1,11.0,1,22,0,0
2025-05-05 22:00:00,89,Cleveland St (J),Brooklyn,40.679947,-73.884636,13.0,38.4354,1,11.0,1,22,0,0
2025-05-05 22:00:00,90,"Van Siclen Av (J,Z)",Brooklyn,40.678024,-73.891685,21.0,58.8118,1,11.0,1,22,0,0
2025-05-05 22:00:00,91,"Alabama Av (J,Z)",Brooklyn,40.67699,-73.89865,25.0,30.1777,1,11.0,1,22,0,0
2025-05-05 22:00:00,93,"Chauncey St (J,Z)",Brooklyn,40.68289,-73.91045,27.0,79.3435,1,10.0,1,22,0,0
2025-05-05 22:00:00,94,Halsey St (J),Brooklyn,40.68637,-73.91656,53.0,165.1441,1,9.0,1,22,0,0
2025-05-05 22:00:00,95,"Gates Av (J,Z)",Brooklyn,40.68963,-73.92227,44.0,173.0852,1,11.0,1,22,0,0
2025-05-05 22:00:00,96,Kosciuszko St (J),Brooklyn,40.69334,-73.92882,44.0,168.51,1,11.0,1,22,0,0
2025-05-05 22:00:00,97,"Myrtle Av (M,J,Z)",Brooklyn,40.69721,-73.93565,126.0,334.7236,1,23.0,1,22,0,0
2025-05-05 22:00:00,98,"Flushing Av (M,J)",Brooklyn,40.70026,-73.941124,97.0,129.1232,1,23.0,1,22,0,0
2025-05-05 22:00:00,99,"Lorimer St (M,J)",Brooklyn,40.70387,-73.94741,50.0,71.5017,1,22.0,1,22,0,0
2025-05-05 22:00:00,100,"Hewes St (M,J)",Brooklyn,40.70687,-73.95343,27.0,60.0258,1,22.0,1,22,0,0
2025-05-05 22:00:00,101,"Marcy Av (M,J,Z)",Brooklyn,40.70836,-73.957756,187.0,173.2429,1,21.0,1,22,0,0
2025-05-05 22:00:00,103,"Bowery (J,Z)",Manhattan,40.72028,-73.99391,148.0,46.4066,1,10.0,1,22,0,0
2025-05-05 22:00:00,107,"Broad St (J,Z)",Manhattan,40.706474,-74.011055,86.0,48.8002,1,6.0,1,22,0,0
2025-05-05 22:00:00,108,Middle Village-Metropolitan Av (M),Queens,40.711395,-73.8896,20.0,54.1307,1,6.0,1,22,0,0
2025-05-05 22:00:00,109,Fresh Pond Rd (M),Queens,40.706184,-73.895874,21.0,124.3964,1,11.0,1,22,0,0
2025-05-05 22:00:00,110,Forest Av (M),Queens,40.704422,-73.903076,35.0,93.0679,1,12.0,1,22,0,0
2025-05-05 22:00:00,111,Seneca Av (M),Queens,40.702763,-73.90774,16.0,74.1848,1,12.0,1,22,0,0
2025-05-05 22:00:00,113,Knickerbocker Av (M),Brooklyn,40.698666,-73.91971,22.0,104.5481,1,12.0,1,22,0,0
2025-05-05 22:00:00,114,Central Av (M),Brooklyn,40.697857,-73.9274,21.0,116.4282,1,12.0,1,22,0,0
2025-05-05 22:00:00,118,3 Av (L),Manhattan,40.73285,-73.98612,341.0,73.9919,1,26.0,1,22,0,0
2025-05-05 22:00:00,119,1 Av (L),Manhattan,40.730953,-73.98163,620.0,444.4489,1,26.0,1,22,0,0
2025-05-05 22:00:00,120,Bedford Av (L),Brooklyn,40.717304,-73.95687,816.0,639.0869,1,26.0,1,22,0,0
2025-05-05 22:00:00,122,Graham Av (L),Brooklyn,40.714565,-73.94405,346.0,225.2418,1,25.0,1,22,0,0
2025-05-05 22:00:00,123,Grand St (L),Brooklyn,40.711926,-73.94067,108.0,134.2789,1,25.0,1,22,0,0
2025-05-05 22:00:00,124,Montrose Av (L),Brooklyn,40.70774,-73.93985,114.0,207.1116,1,25.0,1,22,0,0
2025-05-05 22:00:00,125,Morgan Av (L),Brooklyn,40.706154,-73.93314,91.0,188.9373,1,24.0,1,22,0,0
2025-05-05 22:00:00,126,Jefferson St (L),Brooklyn,40.706608,-73.92291,188.0,220.3102,1,24.0,1,22,0,0
2025-05-05 22:00:00,127,DeKalb Av (L),Brooklyn,40.70381,-73.91843,127.0,369.4341,1,25.0,1,22,0,0
2025-05-05 22:00:00,129,Halsey St (L),Queens,40.695602,-73.90408,81.0,243.9124,1,25.0,1,22,0,0
2025-05-05 22:00:00,130,Wilson Av (L),Brooklyn,40.688763,-73.904045,42.0,150.5302,1,24.0,1,22,0,0
2025-05-05 22:00:00,131,Bushwick Av-Aberdeen St (L),Brooklyn,40.68283,-73.90525,21.0,80.6178,1,24.0,1,22,0,0
2025-05-05 22:00:00,133,Atlantic Av (L),Brooklyn,40.675346,-73.9031,20.0,45.5801,1,23.0,1,22,0,0
2025-05-05 22:00:00,134,Sutter Av (L),Brooklyn,40.66937,-73.90198,33.0,43.7274,1,24.0,1,22,0,0
2025-05-05 22:00:00,135,Livonia Av (L),Brooklyn,40.66404,-73.90057,43.0,46.9647,1,24.0,1,22,0,0
2025-05-05 22:00:00,136,New Lots Av (L),Brooklyn,40.658733,-73.89923,41.0,71.6537,1,24.0,1,22,0,0
2025-05-05 22:00:00,137,East 105 St (L),Brooklyn,40.650574,-73.89948,42.0,47.82,1,24.0,1,22,0,0
2025-05-05 22:00:00,138,Canarsie-Rockaway Pkwy (L),Brooklyn,40.646652,-73.90185,31.0,142.9352,1,9.0,1,22,0,0
2025-05-05 22:00:00,141,Park Pl (S),Brooklyn,40.67477,-73.95763,18.0,31.8635,1,8.0,1,22,0,0
2025-05-05 22:00:00,143,Inwood-207 St (A),Manhattan,40.868073,-73.9199,66.0,183.7929,1,7.0,1,22,0,0
2025-05-05 22:00:00,144,Dyckman St (A),Manhattan,40.86549,-73.92727,39.0,145.4136,1,14.0,1,22,0,0
2025-05-05 22:00:00,145,190 St (A),Manhattan,40.85902,-73.93418,14.0,101.8474,1,14.0,1,22,0,0
2025-05-05 22:00:00,146,181 St (A),Manhattan,40.851696,-73.937965,70.0,255.8593,1,15.0,1,22,0,0
2025-05-05 22:00:00,147,175 St (A),Manhattan,40.84739,-73.939705,532.0,213.3877,1,15.0,1,22,0,0
2025-05-05 22:00:00,149,163 St-Amsterdam Av (C),Manhattan,40.836014,-73.939896,28.0,120.6076,1,12.0,1,22,0,0
2025-05-05 22:00:00,150,155 St (C),Manhattan,40.830517,-73.94151,16.0,71.9604,1,12.0,1,22,0,0
2025-05-05 22:00:00,151,"145 St (A,C,B,D)",Manhattan,40.824783,-73.944214,200.0,580.587,1,,0,22,0,0
2025-05-05 22:00:00,152,"135 St (C,B)",Manhattan,40.817894,-73.94765,39.0,107.6452,1,15.0,1,22,0,0
2025-05-05 22:00:00,153,"125 St (A,C,B,D)",Manhattan,40.811108,-73.95235,358.0,494.3856,1,34.0,1,22,0,0
2025-05-05 22:00:00,154,"116 St (C,B)",Manhattan,40.805084,-73.95488,85.0,150.1224,1,13.0,1,22,0,0
2025-05-05 22:00:00,155,"Cathedral Pkwy (110 St) (C,B)",Manhattan,40.800602,-73.95816,76.0,196.0363,1,14.0,1,22,0,0
2025-05-05 22:00:00,156,"103 St (C,B)",Manhattan,40.796093,-73.96146,24.0,115.8576,1,14.0,1,22,0,0
2025-05-05 22:00:00,157,"96 St (C,B)",Manhattan,40.79164,-73.9647,82.0,130.3086,1,13.0,1,22,0,0
2025-05-05 22:00:00,158,"86 St (C,B)",Manhattan,40.78587,-73.96892,99.0,139.0832,1,13.0,1,22,0,0
2025-05-05 22:00:00,159,"81 St-Museum of Natural History (C,B)",Manhattan,40.781433,-73.972145,125.0,134.1463,1,14.0,1,22,0,0
2025-05-05 22:00:00,160,"72 St (C,B)",Manhattan,40.775593,-73.97641,132.0,132.0731,1,12.0,1,22,0,0
2025-05-05 22:00:00,162,"50 St (C,E)",Manhattan,40.762455,-73.985985,468.0,334.4457,1,24.0,1,22,0,0
2025-05-05 22:00:00,164,"34 St-Penn Station (A,C,E)",Manhattan,40.75229,-73.99339,1851.0,803.2909,1,33.0,1,22,0,0
2025-05-05 22:00:00,165,"23 St (C,E)",Manhattan,40.745907,-73.99804,211.0,210.1194,1,23.0,1,22,0,0
2025-05-05 22:00:00,167,"W 4 St-Wash Sq (A,C,E,B,D,F,M)",Manhattan,40.732338,-74.000496,1664.0,482.4557,1,,0,22,0,0
2025-05-05 22:00:00,168,"Spring St (C,E)",Manhattan,40.726227,-74.00374,134.0,92.9894,1,24.0,1,22,0,0
2025-05-05 22:00:00,169,"Canal St (A,C,E)",Manhattan,40.720825,-74.005226,310.0,139.3417,1,33.0,1,22,0,0
2025-05-05 22:00:00,173,"High St (A,C)",Brooklyn,40.699337,-73.99053,127.0,136.8732,1,21.0,1,22,0,0
2025-05-05 22:00:00,175,"Hoyt-Schermerhorn Sts (A,C,G)",Brooklyn,40.688484,-73.985,185.0,140.8569,1,32.0,1,22,0,0
2025-05-05 22:00:00,176,Lafayette Av (C),Brooklyn,40.68611,-73.973946,102.0,83.0985,1,10.0,1,22,0,0
2025-05-05 22:00:00,177,Clinton-Washington Avs (C),Brooklyn,40.68326,-73.965836,68.0,159.2379,1,11.0,1,22,0,0
2025-05-05 22:00:00,179,"Nostrand Av (A,C)",Brooklyn,40.68044,-73.950424,167.0,427.5224,1,20.0,1,22,0,0
2025-05-05 22:00:00,180,Kingston-Throop Avs (C),Brooklyn,40.67992,-73.94086,64.0,170.8411,1,11.0,1,22,0,0
2025-05-05 22:00:00,181,"Utica Av (A,C)",Brooklyn,40.679363,-73.93073,166.0,356.4663,1,20.0,1,22,0,0
2025-05-05 22:00:00,182,Ralph Av (C),Brooklyn,40.67882,-73.920784,45.0,111.9933,1,10.0,1,22,0,0
2025-05-05 22:00:00,183,Rockaway Av (C),Brooklyn,40.67834,-73.91195,37.0,132.2031,1,11.0,1,22,0,0
2025-05-05 22:00:00,185,Liberty Av (C),Brooklyn,40.67454,-73.896545,10.0,45.1913,1,11.0,1,22,0,0
2025-05-05 22:00:00,186,Van Siclen Av (C),Brooklyn,40.67271,-73.89036,15.0,55.426,1,11.0,1,22,0,0
2025-05-05 22:00:00,187,Shepherd Av (C),Brooklyn,40.67413,-73.88075,23.0,51.6308,1,11.0,1,22,0,0
2025-05-05 22:00:00,188,"Euclid Av (A,C)",Brooklyn,40.675377,-73.87211,78.0,193.2583,1,13.0,1,22,0,0
2025-05-05 22:00:00,189,Grant Av (A),Brooklyn,40.677044,-73.86505,27.0,131.255,1,12.0,1,22,0,0
2025-05-05 22:00:00,190,80 St (A),Queens,40.67937,-73.85899,28.0,105.6479,1,12.0,1,22,0,0
2025-05-05 22:00:00,191,88 St (A),Queens,40.679844,-73.85147,15.0,68.6358,1,13.0,1,22,0,0
2025-05-05 22:00:00,192,Rockaway Blvd (A),Queens,40.680428,-73.84386,72.0,132.0322,1,11.0,1,22,0,0
2025-05-05 22:00:00,193,104 St (A),Queens,40.68171,-73.837685,8.0,24.5171,1,5.0,1,22,0,0
2025-05-05 22:00:00,194,111 St (A),Queens,40.68433,-73.83216,8.0,29.0763,1,5.0,1,22,0,0
2025-05-05 22:00:00,195,Ozone Park-Lefferts Blvd (A),Queens,40.68595,-73.8258,27.0,79.3068,1,3.0,1,22,0,0
2025-05-05 22:00:00,196,Aqueduct Racetrack (A),Queens,40.672096,-73.83592,16.0,9.7208,1,4.0,1,22,0,0
2025-05-05 22:00:00,197,Aqueduct-N Conduit Av (A),Queens,40.668236,-73.83406,5.0,11.9855,1,7.0,1,22,0,0
2025-05-05 22:00:00,198,Howard Beach-JFK Airport (A),Queens,40.660477,-73.8303,166.0,89.7063,1,4.0,1,22,0,0
2025-05-05 22:00:00,210,Norwood-205 St (D),Bronx,40.87481,-73.87885,57.0,145.371,1,5.0,1,22,0,0
2025-05-05 22:00:00,211,"Bedford Park Blvd (B,D)",Bronx,40.873245,-73.88714,65.0,144.2043,1,11.0,1,22,0,0
2025-05-05 22:00:00,212,"Kingsbridge Rd (B,D)",Bronx,40.866978,-73.89351,40.0,149.4009,1,10.0,1,22,0,0
2025-05-05 22:00:00,213,"Fordham Rd (B,D)",Bronx,40.861298,-73.89775,63.0,160.1129,1,10.0,1,22,0,0
2025-05-05 22:00:00,214,"182-183 Sts (B,D)",Bronx,40.856094,-73.90074,35.0,122.7716,1,10.0,1,22,0,0
2025-05-05 22:00:00,215,"Tremont Av (B,D)",Bronx,40.85041,-73.90523,76.0,154.3673,1,10.0,1,22,0,0
2025-05-05 22:00:00,216,"174-175 Sts (B,D)",Bronx,40.8459,-73.91013,17.0,88.7085,1,11.0,1,22,0,0
2025-05-05 22:00:00,217,"170 St (B,D)",Bronx,40.839306,-73.9134,52.0,114.5632,1,10.0,1,22,0,0
2025-05-05 22:00:00,218,"167 St (B,D)",Bronx,40.83377,-73.91844,62.0,194.7932,1,9.0,1,22,0,0
2025-05-05 22:00:00,220,"155 St (B,D)",Manhattan,40.830135,-73.93821,19.0,53.3593,1,10.0,1,22,0,0
2025-05-05 22:00:00,221,21 St-Queensbridge (M),Queens,40.754204,-73.94283,83.0,275.4185,1,14.0,1,22,0,0
2025-05-05 22:00:00,222,Roosevelt Island (M),Manhattan,40.759144,-73.95326,66.0,177.0925,1,14.0,1,22,0,0
2025-05-05 22:00:00,223,"Lexington Av/63 St (M,Q)",Manhattan,40.76463,-73.96611,353.0,180.5698,1,26.0,1,22,0,0
2025-05-05 22:00:00,224,57 St (M),Manhattan,40.763973,-73.97745,402.0,157.3157,1,14.0,1,22,0,0
2025-05-05 22:00:00,225,"47-50 Sts-Rockefeller Ctr (B,D,F,M)",Manhattan,40.758663,-73.98133,839.0,350.4722,1,26.0,1,22,0,0
2025-05-05 22:00:00,228,"23 St (F,M)",Manhattan,40.742878,-73.99282,240.0,206.8987,1,14.0,1,22,0,0
2025-05-05 22:00:00,231,"Grand St (B,D)",Manhattan,40.718266,-73.99375,364.0,236.6743,1,11.0,1,22,0,0
2025-05-05 22:00:00,232,2 Av (F),Manhattan,40.7234,-73.98994,436.0,221.2176,1,13.0,1,22,0,0
2025-05-05 22:00:00,234,East Broadway (F),Manhattan,40.713715,-73.99017,206.0,221.2421,1,14.0,1,22,0,0
2025-05-05 22:00:00,235,York St (F),Brooklyn,40.701397,-73.98675,187.0,152.4858,1,13.0,1,22,0,0
2025-05-05 22:00:00,236,"Bergen St (F,G)",Brooklyn,40.686146,-73.99086,178.0,139.92329999999998,1,25.0,1,22,0,0
2025-05-05 22:00:00,237,"Carroll St (F,G)",Brooklyn,40.6803,-73.99505,118.0,145.1932,1,26.0,1,22,0,0
2025-05-05 22:00:00,238,"Smith-9 Sts (F,G)",Brooklyn,40.67358,-73.99596,43.0,44.4123,1,24.0,1,22,0,0
2025-05-05 22:00:00,240,"7 Av (F,G)",Brooklyn,40.66627,-73.98031,110.0,161.2882,1,25.0,1,22,0,0
2025-05-05 22:00:00,241,"15 St-Prospect Park (F,G)",Brooklyn,40.660366,-73.97949,49.0,82.8421,1,26.0,1,22,0,0
2025-05-05 22:00:00,242,"Fort Hamilton Pkwy (F,G)",Brooklyn,40.650784,-73.97578,32.0,97.8449,1,25.0,1,22,0,0
2025-05-05 22:00:00,243,"Church Av (F,G)",Brooklyn,40.64404,-73.979675,58.0,181.5013,1,18.0,1,22,0,0
2025-05-05 22:00:00,244,Ditmas Av (F),Brooklyn,40.63612,-73.97817,20.0,68.3529,1,13.0,1,22,0,0
2025-05-05 22:00:00,245,18 Av (F),Brooklyn,40.629753,-73.976974,22.0,50.9012,1,13.0,1,22,0,0
2025-05-05 22:00:00,246,Avenue I (F),Brooklyn,40.62532,-73.97613,15.0,21.7533,1,13.0,1,22,0,0
2025-05-05 22:00:00,247,Bay Pkwy (F),Brooklyn,40.62077,-73.975266,6.0,15.5999,1,13.0,1,22,0,0
2025-05-05 22:00:00,248,Avenue N (F),Brooklyn,40.61514,-73.9742,9.0,35.4968,1,12.0,1,22,0,0
2025-05-05 22:00:00,249,Avenue P (F),Brooklyn,40.608944,-73.97302,13.0,36.9776,1,12.0,1,22,0,0
2025-05-05 22:00:00,250,Kings Hwy (F),Brooklyn,40.603218,-73.97236,24.0,46.5526,1,14.0,1,22,0,0
2025-05-05 22:00:00,251,Avenue U (F),Brooklyn,40.59606,-73.97336,10.0,22.127,1,14.0,1,22,0,0
2025-05-05 22:00:00,252,Avenue X (F),Brooklyn,40.58962,-73.97425,21.0,34.8273,1,14.0,1,22,0,0
2025-05-05 22:00:00,253,Neptune Av (F),Brooklyn,40.581013,-73.97457,7.0,13.3535,1,14.0,1,22,0,0
2025-05-05 22:00:00,254,Jamaica-179 St (F),Queens,40.712646,-73.78381,118.0,289.2204,1,7.0,1,22,0,0
2025-05-05 22:00:00,255,169 St (F),Queens,40.71047,-73.7936,47.0,152.42839999999998,1,14.0,1,22,0,0
2025-05-05 22:00:00,256,Parsons Blvd (F),Queens,40.707565,-73.80333,55.0,143.8732,1,14.0,1,22,0,0
2025-05-05 22:00:00,257,Sutphin Blvd (F),Queens,40.70546,-73.81071,28.0,86.9535,1,14.0,1,22,0,0
2025-05-05 22:00:00,258,"Briarwood (E,F)",Queens,40.70918,-73.82057,41.0,108.6445,1,29.0,1,22,0,0
2025-05-05 22:00:00,259,"Kew Gardens-Union Tpke (E,F)",Queens,40.71444,-73.83101,180.0,357.3846,1,28.0,1,22,0,0
2025-05-05 22:00:00,260,"75 Av (E,F)",Queens,40.71833,-73.837326,29.0,46.5355,1,27.0,1,22,0,0
2025-05-05 22:00:00,261,"Forest Hills-71 Av (E,F,M,R)",Queens,40.72169,-73.84452,207.0,325.2989,1,30.0,1,22,0,0
2025-05-05 22:00:00,262,"67 Av (M,R)",Queens,40.726524,-73.85272,38.0,125.6799,1,22.0,1,22,0,0
2025-05-05 22:00:00,263,"63 Dr-Rego Park (M,R)",Queens,40.729847,-73.8616,103.0,203.9247,1,22.0,1,22,0,0
2025-05-05 22:00:00,264,"Woodhaven Blvd (M,R)",Queens,40.733105,-73.86923,110.0,354.8187,1,22.0,1,22,0,0
2025-05-05 22:00:00,265,"Grand Av-Newtown (M,R)",Queens,40.737015,-73.87722,100.0,518.2576,1,22.0,1,22,0,0
2025-05-05 22:00:00,266,"Elmhurst Av (M,R)",Queens,40.742455,-73.88202,66.0,484.9041,1,21.0,1,22,0,0
2025-05-05 22:00:00,268,"65 St (M,R)",Queens,40.74967,-73.89845,18.0,104.8842,1,22.0,1,22,0,0
2025-05-05 22:00:00,269,"Northern Blvd (M,R)",Queens,40.752884,-73.906006,46.0,174.3705,1,23.0,1,22,0,0
2025-05-05 22:00:00,270,"46 St (M,R)",Queens,40.756313,-73.91333,94.0,188.6313,1,22.0,1,22,0,0
2025-05-05 22:00:00,271,"Steinway St (M,R)",Queens,40.756878,-73.92074,193.0,248.3981,1,21.0,1,22,0,0
2025-05-05 22:00:00,272,"36 St (M,R)",Queens,40.75204,-73.92878,41.0,66.3192,1,20.0,1,22,0,0
2025-05-05 22:00:00,273,"Queens Plaza (E,F,R)",Queens,40.748974,-73.93724,140.0,317.3099,1,17.0,1,22,0,0
2025-05-05 22:00:00,276,"5 Av/53 St (E,F)",Manhattan,40.760166,-73.97523,118.0,74.6198,1,13.0,1,22,0,0
2025-05-05 22:00:00,277,"7 Av (E,B,D)",Manhattan,40.762863,-73.981636,372.0,219.8444,1,24.0,1,22,0,0
2025-05-05 22:00:00,278,"Jamaica Center-Parsons/Archer (E,J,Z)",Queens,40.70215,-73.80111,313.0,411.3184,1,11.0,1,22,0,0
2025-05-05 22:00:00,279,"Sutphin Blvd-Archer Av-JFK Airport (E,J,Z)",Queens,40.700485,-73.80797,412.0,425.4668,1,24.0,1,22,0,0
2025-05-05 22:00:00,280,Jamaica-Van Wyck (E),Queens,40.702564,-73.81686,28.0,76.0748,1,14.0,1,22,0,0
2025-05-05 22:00:00,282,21 St (G),Queens,40.744064,-73.94972,32.0,22.4029,1,10.0,1,22,0,0
2025-05-05 22:00:00,283,Greenpoint Av (G),Brooklyn,40.731354,-73.95445,147.0,157.9071,1,12.0,1,22,0,0
2025-05-05 22:00:00,284,Nassau Av (G),Brooklyn,40.724636,-73.95128,176.0,132.3134,1,12.0,1,22,0,0
2025-05-05 22:00:00,286,Broadway (G),Brooklyn,40.706093,-73.95031,55.0,75.2324,1,11.0,1,22,0,0
2025-05-05 22:00:00,287,Flushing Av (G),Brooklyn,40.70038,-73.95023,45.0,44.0831,1,11.0,1,22,0,0
2025-05-05 22:00:00,288,Myrtle-Willoughby Avs (G),Brooklyn,40.69457,-73.94904,30.0,131.5059,1,11.0,1,22,0,0
2025-05-05 22:00:00,289,Bedford-Nostrand Avs (G),Brooklyn,40.68963,-73.95352,82.0,212.1703,1,11.0,1,22,0,0
2025-05-05 22:00:00,290,Classon Av (G),Brooklyn,40.688873,-73.96007,56.0,111.3285,1,11.0,1,22,0,0
2025-05-05 22:00:00,291,Clinton-Washington Avs (G),Brooklyn,40.688087,-73.96684,85.0,91.5975,1,11.0,1,22,0,0
2025-05-05 22:00:00,292,Fulton St (G),Brooklyn,40.68712,-73.97537,114.0,52.3779,1,12.0,1,22,0,0
2025-05-05 22:00:00,293,Van Cortlandt Park-242 St (1),Bronx,40.889248,-73.89858,41.0,90.2525,1,6.0,1,22,0,0
2025-05-05 22:00:00,294,238 St (1),Bronx,40.884666,-73.90087,27.0,81.3348,1,17.0,1,22,0,0
2025-05-05 22:00:00,295,231 St (1),Bronx,40.878857,-73.90483,37.0,151.1295,1,18.0,1,22,0,0
2025-05-05 22:00:00,296,Marble Hill-225 St (1),Manhattan,40.87456,-73.90983,27.0,66.4928,1,18.0,1,22,0,0
2025-05-05 22:00:00,297,215 St (1),Manhattan,40.869446,-73.915276,15.0,34.1489,1,17.0,1,22,0,0
2025-05-05 22:00:00,298,207 St (1),Manhattan,40.86462,-73.91882,64.0,107.4551,1,18.0,1,22,0,0
2025-05-05 22:00:00,299,Dyckman St (1),Manhattan,40.86053,-73.92554,50.0,124.9687,1,17.0,1,22,0,0
2025-05-05 22:00:00,300,191 St (1),Manhattan,40.855225,-73.92941,35.0,170.7761,1,17.0,1,22,0,0
2025-05-05 22:00:00,301,181 St (1),Manhattan,40.849506,-73.93359,94.0,220.3525,1,18.0,1,22,0,0
2025-05-05 22:00:00,303,157 St (1),Manhattan,40.83404,-73.94489,65.0,294.5309,1,18.0,1,22,0,0
2025-05-05 22:00:00,304,145 St (1),Manhattan,40.82655,-73.95036,73.0,277.5943,1,16.0,1,22,0,0
2025-05-05 22:00:00,305,137 St-City College (1),Manhattan,40.822006,-73.953674,84.0,306.2575,1,18.0,1,22,0,0
2025-05-05 22:00:00,306,125 St (1),Manhattan,40.815582,-73.958374,103.0,202.4396,1,19.0,1,22,0,0
2025-05-05 22:00:00,307,116 St-Columbia University (1),Manhattan,40.80772,-73.96411,274.0,257.8876,1,18.0,1,22,0,0
2025-05-05 22:00:00,308,Cathedral Pkwy (110 St) (1),Manhattan,40.803967,-73.96685,186.0,301.0002,1,18.0,1,22,0,0
2025-05-05 22:00:00,309,103 St (1),Manhattan,40.799446,-73.968376,127.0,318.1954,1,19.0,1,22,0,0
2025-05-05 22:00:00,310,"96 St (1,2,3)",Manhattan,40.79392,-73.97232,449.0,635.7221,1,41.0,1,22,0,0
2025-05-05 22:00:00,311,86 St (1),Manhattan,40.788643,-73.97622,308.0,262.5436,1,17.0,1,22,0,0
2025-05-05 22:00:00,312,79 St (1),Manhattan,40.783936,-73.97992,229.0,204.5821,1,17.0,1,22,0,0
2025-05-05 22:00:00,313,"72 St (1,2,3)",Manhattan,40.778454,-73.98197,767.0,527.5774,1,42.0,1,22,0,0
2025-05-05 22:00:00,314,66 St-Lincoln Center (1),Manhattan,40.77344,-73.98221,448.0,210.7555,1,18.0,1,22,0,0
2025-05-05 22:00:00,316,50 St (1),Manhattan,40.761726,-73.98385,559.0,275.8586,1,17.0,1,22,0,0
2025-05-05 22:00:00,318,"34 St-Penn Station (1,2,3)",Manhattan,40.750374,-73.99106,1778.0,628.9615,1,39.0,1,22,0,0
2025-05-05 22:00:00,319,28 St (1),Manhattan,40.747215,-73.99336,250.0,169.7785,1,18.0,1,22,0,0
2025-05-05 22:00:00,320,23 St (1),Manhattan,40.74408,-73.99566,375.0,138.9174,1,18.0,1,22,0,0
2025-05-05 22:00:00,321,18 St (1),Manhattan,40.74104,-73.99787,130.0,65.2855,1,18.0,1,22,0,0
2025-05-05 22:00:00,323,Christopher St-Stonewall (1),Manhattan,40.73342,-74.00291,419.0,146.091,1,18.0,1,22,0,0
2025-05-05 22:00:00,324,Houston St (1),Manhattan,40.728252,-74.00536,328.0,122.3466,1,18.0,1,22,0,0
2025-05-05 22:00:00,325,Canal St (1),Manhattan,40.722855,-74.00628,96.0,43.1463,1,18.0,1,22,0,0
2025-05-05 22:00:00,326,Franklin St (1),Manhattan,40.71932,-74.00689,90.0,41.92,1,18.0,1,22,0,0
2025-05-05 22:00:00,327,"Chambers St (1,2,3)",Manhattan,40.715477,-74.00927,282.0,115.0578,1,40.0,1,22,0,0
2025-05-05 22:00:00,328,WTC Cortlandt (1),Manhattan,40.711834,-74.01219,90.0,189.9279,1,18.0,1,22,0,0
2025-05-05 22:00:00,329,Rector St (1),Manhattan,40.70751,-74.01379,40.0,106.1329,1,18.0,1,22,0,0
2025-05-05 22:00:00,333,"Wall St (2,3)",Manhattan,40.70682,-74.0091,280.0,190.1421,1,21.0,1,22,0,0
2025-05-05 22:00:00,334,"Clark St (2,3)",Brooklyn,40.697468,-73.99309,87.0,94.9616,1,22.0,1,22,0,0
2025-05-05 22:00:00,336,"Hoyt St (2,3)",Brooklyn,40.690544,-73.98506,109.0,90.2414,1,22.0,1,22,0,0
2025-05-05 22:00:00,337,"Nevins St (2,3,4,5)",Brooklyn,40.688248,-73.98049,124.0,129.6737,1,35.0,1,22,0,0
2025-05-05 22:00:00,339,"Bergen St (2,3)",Brooklyn,40.68083,-73.9751,70.0,79.0183,1,29.0,1,22,0,0
2025-05-05 22:00:00,340,"Grand Army Plaza (2,3)",Brooklyn,40.675236,-73.97105,48.0,104.844,1,30.0,1,22,0,0
2025-05-05 22:00:00,341,"Eastern Pkwy-Brooklyn Museum (2,3)",Brooklyn,40.671986,-73.96438,32.0,80.9973,1,30.0,1,22,0,0
2025-05-05 22:00:00,343,Nostrand Av (3),Brooklyn,40.669846,-73.95046,53.0,70.7812,1,20.0,1,22,0,0
2025-05-05 22:00:00,344,Kingston Av (3),Brooklyn,40.6694,-73.94216,29.0,74.9253,1,18.0,1,22,0,0
2025-05-05 22:00:00,345,"Crown Hts-Utica Av (3,4)",Brooklyn,40.668896,-73.932945,212.0,443.7168,1,22.0,1,22,0,0
2025-05-05 22:00:00,346,Sutter Av-Rutland Rd (3),Brooklyn,40.66472,-73.92261,54.0,107.1379,1,18.0,1,22,0,0
2025-05-05 22:00:00,347,Saratoga Av (3),Brooklyn,40.661453,-73.91633,30.0,85.9016,1,18.0,1,22,0,0
2025-05-05 22:00:00,348,Rockaway Av (3),Brooklyn,40.662548,-73.90894,46.0,81.5652,1,17.0,1,22,0,0
2025-05-05 22:00:00,349,Junius St (3),Brooklyn,40.663513,-73.90245,21.0,39.403,1,17.0,1,22,0,0
2025-05-05 22:00:00,350,Pennsylvania Av (3),Brooklyn,40.664635,-73.8949,34.0,53.2249,1,17.0,1,22,0,0
2025-05-05 22:00:00,351,Van Siclen Av (3),Brooklyn,40.665447,-73.8894,19.0,45.6644,1,17.0,1,22,0,0
2025-05-05 22:00:00,352,New Lots Av (3),Brooklyn,40.666237,-73.88408,54.0,75.2867,1,7.0,1,22,0,0
2025-05-05 22:00:00,353,"President St-Medgar Evers College (2,5)",Brooklyn,40.667885,-73.95068,12.0,66.6785,1,12.0,1,22,0,0
2025-05-05 22:00:00,354,"Sterling St (2,5)",Brooklyn,40.662743,-73.95085,29.0,122.1069,1,12.0,1,22,0,0
2025-05-05 22:00:00,355,"Winthrop St (2,5)",Brooklyn,40.65665,-73.9502,30.0,135.4676,1,12.0,1,22,0,0
2025-05-05 22:00:00,356,"Church Av (2,5)",Brooklyn,40.650845,-73.94958,73.0,181.6305,1,12.0,1,22,0,0
2025-05-05 22:00:00,357,"Beverly Rd (2,5)",Brooklyn,40.6451,-73.94896,30.0,79.4414,1,11.0,1,22,0,0
2025-05-05 22:00:00,358,"Newkirk Av-Little Haiti (2,5)",Brooklyn,40.63997,-73.94841,49.0,132.7884,1,11.0,1,22,0,0
2025-05-05 22:00:00,359,"Flatbush Av-Brooklyn College (2,5)",Brooklyn,40.632835,-73.94764,177.0,276.7342,1,6.0,1,22,0,0
2025-05-05 22:00:00,360,Pelham Bay Park (6),Bronx,40.852463,-73.82812,66.0,56.8189,1,6.0,1,22,0,0
2025-05-05 22:00:00,361,Buhre Av (6),Bronx,40.84681,-73.832565,10.0,65.6626,1,16.0,1,22,0,0
2025-05-05 22:00:00,362,Middletown Rd (6),Bronx,40.843864,-73.83632,17.0,17.8173,1,16.0,1,22,0,0
2025-05-05 22:00:00,363,Westchester Sq-E Tremont Av (6),Bronx,40.839893,-73.84295,48.0,64.781,1,17.0,1,22,0,0
2025-05-05 22:00:00,364,Zerega Av (6),Bronx,40.836487,-73.84704,12.0,40.2572,1,17.0,1,22,0,0
2025-05-05 22:00:00,365,Castle Hill Av (6),Bronx,40.834255,-73.85122,50.0,122.9998,1,17.0,1,22,0,0
2025-05-05 22:00:00,366,Parkchester (6),Bronx,40.833225,-73.86082,83.0,253.6933,1,16.0,1,22,0,0
2025-05-05 22:00:00,367,St Lawrence Av (6),Bronx,40.83151,-73.867615,24.0,121.1407,1,17.0,1,22,0,0
2025-05-05 22:00:00,368,Morrison Av-Soundview (6),Bronx,40.82952,-73.87452,38.0,123.4353,1,18.0,1,22,0,0
2025-05-05 22:00:00,369,Elder Av (6),Bronx,40.828583,-73.87916,27.0,169.5748,1,17.0,1,22,0,0
2025-05-05 22:00:00,370,Whitlock Av (6),Bronx,40.826527,-73.886284,17.0,28.1814,1,18.0,1,22,0,0
2025-05-05 22:00:00,371,Hunts Point Av (6),Bronx,40.82095,-73.89055,114.0,168.5279,1,18.0,1,22,0,0
2025-05-05 22:00:00,372,Longwood Av (6),Bronx,40.816105,-73.89644,28.0,56.9366,1,17.0,1,22,0,0
2025-05-05 22:00:00,373,E 149 St (6),Bronx,40.81212,-73.9041,39.0,83.5688,1,18.0,1,22,0,0
2025-05-05 22:00:00,374,E 143 St-St Mary's St (6),Bronx,40.80872,-73.90765,22.0,47.0443,1,18.0,1,22,0,0
2025-05-05 22:00:00,375,Cypress Av (6),Bronx,40.805367,-73.91404,17.0,41.8698,1,17.0,1,22,0,0
2025-05-05 22:00:00,376,Brook Av (6),Bronx,40.807568,-73.91924,39.0,81.1932,1,17.0,1,22,0,0
2025-05-05 22:00:00,377,3 Av-138 St (6),Bronx,40.810474,-73.92614,47.0,151.7096,1,17.0,1,22,0,0
2025-05-05 22:00:00,378,Woodlawn (4),Bronx,40.886036,-73.87875,53.0,89.7397,1,5.0,1,22,0,0
2025-05-05 22:00:00,379,Mosholu Pkwy (4),Bronx,40.87975,-73.88466,48.0,112.4341,1,12.0,1,22,0,0
2025-05-05 22:00:00,380,Bedford Park Blvd-Lehman College (4),Bronx,40.873413,-73.89006,40.0,80.5225,1,12.0,1,22,0,0
2025-05-05 22:00:00,381,Kingsbridge Rd (4),Bronx,40.86776,-73.89717,40.0,175.7653,1,12.0,1,22,0,0
2025-05-05 22:00:00,382,Fordham Rd (4),Bronx,40.862804,-73.90103,70.0,172.832,1,12.0,1,22,0,0
2025-05-05 22:00:00,383,183 St (4),Bronx,40.858406,-73.90388,43.0,125.9741,1,12.0,1,22,0,0
2025-05-05 22:00:00,384,Burnside Av (4),Bronx,40.853455,-73.907684,86.0,147.4419,1,12.0,1,22,0,0
2025-05-05 22:00:00,385,176 St (4),Bronx,40.84848,-73.9118,51.0,101.9109,1,12.0,1,22,0,0
2025-05-05 22:00:00,386,Mt Eden Av (4),Bronx,40.844433,-73.91469,38.0,81.9386,1,12.0,1,22,0,0
2025-05-05 22:00:00,387,170 St (4),Bronx,40.840076,-73.91779,74.0,140.8727,1,12.0,1,22,0,0
2025-05-05 22:00:00,388,167 St (4),Bronx,40.835537,-73.9214,73.0,181.441,1,12.0,1,22,0,0
2025-05-05 22:00:00,391,"138 St-Grand Concourse (4,5)",Bronx,40.813225,-73.92985,34.0,70.6172,1,16.0,1,22,0,0
2025-05-05 22:00:00,392,"125 St (4,5,6)",Manhattan,40.80414,-73.93759,288.0,356.5849,1,34.0,1,22,0,0
2025-05-05 22:00:00,393,116 St (6),Manhattan,40.79863,-73.94162,119.0,260.7316,1,17.0,1,22,0,0
2025-05-05 22:00:00,394,110 St (6),Manhattan,40.79502,-73.94425,72.0,192.716,1,17.0,1,22,0,0
2025-05-05 22:00:00,395,103 St (6),Manhattan,40.7906,-73.94748,101.0,211.1732,1,17.0,1,22,0,0
2025-05-05 22:00:00,396,96 St (6),Manhattan,40.78567,-73.95107,186.0,195.6882,1,17.0,1,22,0,0
2025-05-05 22:00:00,397,"86 St (4,5,6)",Manhattan,40.77949,-73.95559,737.0,470.5623,1,33.0,1,22,0,0
2025-05-05 22:00:00,398,77 St (6),Manhattan,40.77362,-73.95988,460.0,262.9845,1,17.0,1,22,0,0
2025-05-05 22:00:00,399,68 St-Hunter College (6),Manhattan,40.768143,-73.96387,257.0,145.61090000000002,1,17.0,1,22,0,0
2025-05-05 22:00:00,403,33 St (6),Manhattan,40.746082,-73.98208,478.0,272.4252,1,17.0,1,22,0,0
2025-05-05 22:00:00,404,28 St (6),Manhattan,40.74307,-73.98426,404.0,226.9676,1,17.0,1,22,0,0
2025-05-05 22:00:00,405,23 St-Baruch College (6),Manhattan,40.739864,-73.9866,385.0,190.5186,1,16.0,1,22,0,0
2025-05-05 22:00:00,407,Astor Pl (6),Manhattan,40.730053,-73.99107,523.0,174.3061,1,16.0,1,22,0,0
2025-05-05 22:00:00,409,Spring St (6),Manhattan,40.7223,-73.99714,261.0,105.242,1,17.0,1,22,0,0
2025-05-05 22:00:00,413,"Wall St (4,5)",Manhattan,40.707558,-74.01186,244.0,168.0741,1,14.0,1,22,0,0
2025-05-05 22:00:00,414,"Bowling Green (4,5)",Manhattan,40.70482,-74.01407,165.0,193.5882,1,14.0,1,22,0,0
2025-05-05 22:00:00,416,Wakefield-241 St (2),Bronx,40.903126,-73.85062,56.0,55.9349,1,5.0,1,22,0,0
2025-05-05 22:00:00,417,"Nereid Av (2,5)",Bronx,40.89838,-73.85438,21.0,36.9907,1,13.0,1,22,0,0
2025-05-05 22:00:00,418,"233 St (2,5)",Bronx,40.893192,-73.857475,20.0,56.8317,1,14.0,1,22,0,0
2025-05-05 22:00:00,419,"225 St (2,5)",Bronx,40.888023,-73.860344,26.0,56.6235,1,14.0,1,22,0,0
2025-05-05 22:00:00,420,"219 St (2,5)",Bronx,40.883896,-73.86263,23.0,42.4189,1,14.0,1,22,0,0
2025-05-05 22:00:00,421,"Gun Hill Rd (2,5)",Bronx,40.87785,-73.86626,52.0,89.8582,1,13.0,1,22,0,0
2025-05-05 22:00:00,422,"Burke Av (2,5)",Bronx,40.871357,-73.867165,17.0,39.7553,1,13.0,1,22,0,0
2025-05-05 22:00:00,423,"Allerton Av (2,5)",Bronx,40.865463,-73.867355,24.0,61.598,1,14.0,1,22,0,0
2025-05-05 22:00:00,424,"Pelham Pkwy (2,5)",Bronx,40.857193,-73.867615,71.0,110.9642,1,13.0,1,22,0,0
2025-05-05 22:00:00,425,"Bronx Park East (2,5)",Bronx,40.848827,-73.868454,6.0,43.9143,1,13.0,1,22,0,0
2025-05-05 22:00:00,426,"E 180 St (2,5)",Bronx,40.841892,-73.87349,67.0,154.9589,1,21.0,1,22,0,0
2025-05-05 22:00:00,427,"West Farms Sq-E Tremont Av (2,5)",Bronx,40.840294,-73.88005,38.0,83.9604,1,20.0,1,22,0,0
2025-05-05 22:00:00,428,"174 St (2,5)",Bronx,40.837288,-73.88773,43.0,106.0467,1,19.0,1,22,0,0
2025-05-05 22:00:00,429,"Freeman St (2,5)",Bronx,40.829994,-73.89187,30.0,102.4045,1,19.0,1,22,0,0
2025-05-05 22:00:00,430,"Simpson St (2,5)",Bronx,40.824074,-73.89307,64.0,141.1203,1,18.0,1,22,0,0
2025-05-05 22:00:00,431,"Intervale Av (2,5)",Bronx,40.82218,-73.896736,20.0,61.0143,1,18.0,1,22,0,0
2025-05-05 22:00:00,432,"Prospect Av (2,5)",Bronx,40.819584,-73.90177,57.0,110.1878,1,18.0,1,22,0,0
2025-05-05 22:00:00,433,"Jackson Av (2,5)",Bronx,40.81649,-73.90781,31.0,90.3964,1,17.0,1,22,0,0
2025-05-05 22:00:00,434,"3 Av-149 St (2,5)",Bronx,40.81611,-73.917755,167.0,329.6986,1,18.0,1,22,0,0
2025-05-05 22:00:00,436,Harlem-148 St (3),Manhattan,40.82388,-73.93647,14.0,50.568,1,3.0,1,22,0,0
2025-05-05 22:00:00,437,145 St (3),Manhattan,40.82042,-73.93625,13.0,60.6809,1,8.0,1,22,0,0
2025-05-05 22:00:00,438,"135 St (2,3)",Manhattan,40.814228,-73.94077,82.0,232.3067,1,21.0,1,22,0,0
2025-05-05 22:00:00,439,"125 St (2,3)",Manhattan,40.807755,-73.945496,130.0,211.9398,1,22.0,1,22,0,0
2025-05-05 22:00:00,440,"116 St (2,3)",Manhattan,40.802097,-73.94962,83.0,191.4044,1,20.0,1,22,0,0
2025-05-05 22:00:00,441,"110 St-Malcolm X Plaza (2,3)",Manhattan,40.799076,-73.95182,46.0,166.7874,1,20.0,1,22,0,0
2025-05-05 22:00:00,442,Eastchester-Dyre Av (5),Bronx,40.8883,-73.83083,17.0,38.657,1,4.0,1,22,0,0
2025-05-05 22:00:00,443,Baychester Av (5),Bronx,40.878662,-73.83859,14.0,32.58,1,12.0,1,22,0,0
2025-05-05 22:00:00,444,Gun Hill Rd (5),Bronx,40.869526,-73.84638,17.0,70.64880000000001,1,12.0,1,22,0,0
2025-05-05 22:00:00,445,Pelham Pkwy (5),Bronx,40.858986,-73.85536,9.0,36.5847,1,10.0,1,22,0,0
2025-05-05 22:00:00,446,Morris Park (5),Bronx,40.854362,-73.8605,7.0,48.9262,1,10.0,1,22,0,0
2025-05-05 22:00:00,447,Flushing-Main St (7),Queens,40.7596,-73.83003,822.0,1074.3118,1,11.0,1,22,0,0
2025-05-05 22:00:00,448,Mets-Willets Point (7),Queens,40.754623,-73.84563,19.0,61.7763,1,24.0,1,22,0,0
2025-05-05 22:00:00,449,111 St (7),Queens,40.75173,-73.85533,56.0,483.2349,1,21.0,1,22,0,0
2025-05-05 22:00:00,450,103 St-Corona Plaza (7),Queens,40.749866,-73.8627,170.0,726.5006999999999,1,22.0,1,22,0,0
2025-05-05 22:00:00,451,Junction Blvd (7),Queens,40.749146,-73.86953,204.0,853.5419,1,25.0,1,22,0,0
2025-05-05 22:00:00,452,90 St-Elmhurst Av (7),Queens,40.74841,-73.87661,150.0,617.7337,1,23.0,1,22,0,0
2025-05-05 22:00:00,453,82 St-Jackson Hts (7),Queens,40.747658,-73.8837,152.0,355.606,1,23.0,1,22,0,0
2025-05-05 22:00:00,455,69 St (7),Queens,40.746326,-73.8964,52.0,192.1196,1,25.0,1,22,0,0
2025-05-05 22:00:00,456,61 St-Woodside (7),Queens,40.74563,-73.902985,138.0,386.4835,1,24.0,1,22,0,0
2025-05-05 22:00:00,457,52 St (7),Queens,40.74415,-73.91255,64.0,193.6425,1,25.0,1,22,0,0
2025-05-05 22:00:00,458,46 St-Bliss St (7),Queens,40.743134,-73.918434,130.0,353.6533,1,26.0,1,22,0,0
2025-05-05 22:00:00,459,40 St-Lowery St (7),Queens,40.743782,-73.92402,94.0,218.1286,1,26.0,1,22,0,0
2025-05-05 22:00:00,460,33 St-Rawson St (7),Queens,40.744587,-73.931,151.0,66.8812,1,26.0,1,22,0,0
2025-05-05 22:00:00,461,"Queensboro Plaza (7,N,W)",Queens,40.750584,-73.9402,220.0,303.6475,1,24.0,1,22,0,0
2025-05-05 22:00:00,463,Hunters Point Av (7),Queens,40.742214,-73.94891,43.0,57.5312,1,24.0,1,22,0,0
2025-05-05 22:00:00,464,Vernon Blvd-Jackson Av (7),Queens,40.742626,-73.95358,232.0,341.2867,1,24.0,1,22,0,0
2025-05-05 22:00:00,471,34 St-Hudson Yards (7),Manhattan,40.755882,-74.00191,449.0,198.408,1,12.0,1,22,0,0
2025-05-05 22:00:00,475,96 St (Q),Manhattan,40.784317,-73.94715,184.0,305.0768,1,5.0,1,22,0,0
2025-05-05 22:00:00,476,86 St (Q),Manhattan,40.77789,-73.95179,394.0,387.8923,1,13.0,1,22,0,0
2025-05-05 22:00:00,477,72 St (Q),Manhattan,40.7688,-73.95843,385.0,345.209,1,12.0,1,22,0,0
2025-05-05 22:00:00,501,St George (SIR),Staten Island,40.64375,-74.07365,69.0,,0,2.0,1,22,0,0
2025-05-05 22:00:00,502,Tompkinsville (SIR),Staten Island,40.636948,-74.07484,8.0,,0,4.0,1,22,0,0
2025-05-05 22:00:00,601,"14 St/6 Av (1,2,3,L,F,M)",Manhattan,40.737797,-73.997734,992.0,464.3332,1,78.0,1,22,0,0
2025-05-05 22:00:00,602,"14 St-Union Sq (4,5,6,L,N,Q,R,W)",Manhattan,40.735065,-73.99042,2404.0,747.5589,1,71.0,1,22,0,0
2025-05-05 22:00:00,603,"149 St-Grand Concourse (2,4,5)",Bronx,40.818394,-73.92703,150.0,151.1443,1,11.0,1,22,0,0
2025-05-05 22:00:00,604,"161 St-Yankee Stadium (4,B,D)",Bronx,40.82795,-73.92574,2529.0,368.1385,1,22.0,1,22,0,0
2025-05-05 22:00:00,605,"168 St-Washington Hts (1,A,C)",Manhattan,40.840637,-73.93985,338.0,405.0683,1,33.0,1,22,0,0
2025-05-05 22:00:00,606,"Court Sq-23 St (7,E,F,G)",Queens,40.747143,-73.94503,281.0,404.1977,1,42.0,1,22,0,0
2025-05-05 22:00:00,607,"34 St-Herald Sq (B,D,F,M,N,Q,R,W)",Manhattan,40.74964,-73.987885,2669.0,947.8293,1,63.0,1,22,0,0
2025-05-05 22:00:00,608,"4 Av-9 St (F,G,R)",Brooklyn,40.67056,-73.989044,183.0,200.063,1,44.0,1,22,0,0
2025-05-05 22:00:00,609,"42 St-Bryant Pk/5 Av (7,B,D,F,M)",Manhattan,40.75402,-73.98327,849.0,363.8882,1,50.0,1,22,0,0
2025-05-05 22:00:00,610,"Grand Central-42 St (4,5,6,7,S)",Manhattan,40.75199,-73.977356,1968.0,1299.1638,1,67.0,1,22,0,0
2025-05-05 22:00:00,611,"Times Sq-42 St/Port Authority Bus Terminal (1,2,3,7,A,C,E,N,Q,R,W,S)",Manhattan,40.755745,-73.98758,3930.0,2275.154,1,120.0,1,22,0,0
2025-05-05 22:00:00,612,"Lexington Av/51-53 Sts (6,E,F)",Manhattan,40.757328,-73.97049,851.0,500.6371,1,29.0,1,22,0,0
2025-05-05 22:00:00,613,"Lexington Av/59 St (4,5,6,N,R,W)",Manhattan,40.762592,-73.96761,855.0,406.8584,1,55.0,1,22,0,0
2025-05-05 22:00:00,614,"59 St-Columbus Circle (1,A,C,B,D)",Manhattan,40.768272,-73.981834,1605.0,708.922,1,48.0,1,22,0,0
2025-05-05 22:00:00,615,"62 St/New Utrecht Av (D,N)",Brooklyn,40.625656,-73.99663,31.0,80.5253,1,21.0,1,22,0,0
2025-05-05 22:00:00,616,"Jackson Hts-Roosevelt Av/74 St-Broadway (7,E,F,M,R)",Queens,40.746746,-73.891365,744.0,1519.4284,1,55.0,1,22,0,0
2025-05-05 22:00:00,617,"Atlantic Av-Barclays Ctr (2,3,4,5,B,D,N,Q,R)",Brooklyn,40.684162,-73.97779,634.0,431.6413,1,77.0,1,22,0,0
2025-05-05 22:00:00,618,"14 St/8 Av (A,C,E,L)",Manhattan,40.740334,-74.00214,1295.0,481.9256,1,45.0,1,22,0,0
2025-05-05 22:00:00,619,"Broadway-Lafayette St/Bleecker St (6,B,D,F,M)",Manhattan,40.725605,-73.99543,976.0,323.2846,1,40.0,1,22,0,0
2025-05-05 22:00:00,620,"Borough Hall/Court St (2,3,4,5,R)",Brooklyn,40.69324,-73.99064,240.0,258.0481,1,47.0,1,22,0,0
2025-05-05 22:00:00,621,"Broadway Junction (A,C,J,Z,L)",Brooklyn,40.678898,-73.90436,107.0,131.3257,1,19.0,1,22,0,0
2025-05-05 22:00:00,622,"Brooklyn Bridge-City Hall/Chambers St (4,5,6,J,Z)",Manhattan,40.713154,-74.00377,259.0,207.5396,1,32.0,1,22,0,0
2025-05-05 22:00:00,623,"Canal St (6,J,Z,N,Q,R,W)",Manhattan,40.7187,-74.00058,619.0,297.5519,1,39.0,1,22,0,0
2025-05-05 22:00:00,624,"Chambers St/WTC/Park Place/Cortlandt St (2,3,A,C,E,R,W)",Manhattan,40.712605,-74.00955,539.0,480.7022,1,63.0,1,22,0,0
2025-05-05 22:00:00,625,"Delancey St-Essex St (F,M,J,Z)",Manhattan,40.718464,-73.98778,705.0,428.5814,1,30.0,1,22,0,0
2025-05-05 22:00:00,626,"Franklin Av-Medgar Evers College/Botanic Garden (2,3,4,5,S)",Brooklyn,40.670513,-73.95869,128.0,307.4318,1,44.0,1,22,0,0
2025-05-05 22:00:00,627,"Franklin Av (C,S)",Brooklyn,40.68099,-73.95634,74.0,116.007,1,15.0,1,22,0,0
2025-05-05 22:00:00,628,"Fulton St (2,3,4,5,A,C,J,Z)",Manhattan,40.71009,-74.007835,1002.0,870.8799,1,45.0,1,22,0,0
2025-05-05 22:00:00,629,"Metropolitan Av/Lorimer St (G,L)",Brooklyn,40.71343,-73.95084,458.0,385.3176,1,36.0,1,22,0,0
2025-05-05 22:00:00,630,"Myrtle-Wyckoff Avs (M,L)",Brooklyn,40.699623,-73.91199,215.0,581.7509,1,24.0,1,22,0,0
2025-05-05 22:00:00,635,"Whitehall St-South Ferry (1,R,W)",Manhattan,40.702576,-74.01333,196.0,287.622,1,23.0,1,22,0,0
2025-05-05 22:00:00,636,"Jay St-MetroTech (A,C,F,R)",Brooklyn,40.69226,-73.98664,455.0,341.1965,1,44.0,1,22,0,0
2025-05-05 23:00:00,1,"Astoria-Ditmars Blvd (N,W)",Queens,40.775036,-73.91203,57.0,207.9127,1,4.0,1,23,0,0
2025-05-05 23:00:00,2,"Astoria Blvd (N,W)",Queens,40.77026,-73.91785,46.0,161.5594,1,10.0,1,23,0,0
2025-05-05 23:00:00,3,"30 Av (N,W)",Queens,40.76678,-73.92148,68.0,194.6995,1,10.0,1,23,0,0
2025-05-05 23:00:00,4,"Broadway (N,W)",Queens,40.76182,-73.92551,66.0,170.6747,1,9.0,1,23,0,0
2025-05-05 23:00:00,5,"36 Av (N,W)",Queens,40.756805,-73.92957,22.0,80.2968,1,9.0,1,23,0,0
2025-05-05 23:00:00,6,"39 Av-Dutch Kills (N,W)",Queens,40.75288,-73.932755,26.0,57.1966,1,9.0,1,23,0,0
2025-05-05 23:00:00,8,"5 Av/59 St (N,R,W)",Manhattan,40.764812,-73.97335,159.0,32.4737,1,16.0,1,23,0,0
2025-05-05 23:00:00,9,"57 St-7 Av (N,Q,R,W)",Manhattan,40.764664,-73.98066,570.0,139.2846,1,26.0,1,23,0,0
2025-05-05 23:00:00,10,"49 St (N,R,W)",Manhattan,40.7599,-73.98414,384.0,148.2286,1,16.0,1,23,0,0
2025-05-05 23:00:00,13,"28 St (R,W)",Manhattan,40.745495,-73.98869,154.0,71.04,1,13.0,1,23,0,0
2025-05-05 23:00:00,14,"23 St (R,W)",Manhattan,40.741302,-73.98934,226.0,66.8829,1,13.0,1,23,0,0
2025-05-05 23:00:00,16,"8 St-NYU (R,W)",Manhattan,40.730328,-73.99263,179.0,79.1463,1,14.0,1,23,0,0
2025-05-05 23:00:00,17,"Prince St (R,W)",Manhattan,40.72433,-73.9977,100.0,30.5061,1,14.0,1,23,0,0
2025-05-05 23:00:00,20,"City Hall (R,W)",Manhattan,40.713284,-74.00698,23.0,11.9056,1,11.0,1,23,0,0
2025-05-05 23:00:00,22,"Rector St (R,W)",Manhattan,40.70722,-74.01334,22.0,21.8006,1,12.0,1,23,0,0
2025-05-05 23:00:00,26,"DeKalb Av (B,Q,R)",Brooklyn,40.690636,-73.98183,160.0,150.1655,1,29.0,1,23,0,0
2025-05-05 23:00:00,28,Union St (R),Brooklyn,40.677315,-73.98311,51.0,49.8405,1,21.0,1,23,0,0
2025-05-05 23:00:00,30,Prospect Av (R),Brooklyn,40.665413,-73.992874,29.0,57.9966,1,20.0,1,23,0,0
2025-05-05 23:00:00,31,25 St (R),Brooklyn,40.660397,-73.99809,26.0,39.6475,1,20.0,1,23,0,0
2025-05-05 23:00:00,32,"36 St (D,N,R)",Brooklyn,40.655144,-74.00355,99.0,163.209,1,24.0,1,23,0,0
2025-05-05 23:00:00,33,45 St (R),Brooklyn,40.648937,-74.01001,24.0,122.5757,1,15.0,1,23,0,0
2025-05-05 23:00:00,34,53 St (R),Brooklyn,40.64507,-74.01403,46.0,140.6716,1,14.0,1,23,0,0
2025-05-05 23:00:00,35,"59 St (N,R)",Brooklyn,40.64136,-74.01788,51.0,177.3008,1,14.0,1,23,0,0
2025-05-05 23:00:00,36,Bay Ridge Av (R),Brooklyn,40.634968,-74.02338,26.0,88.0551,1,9.0,1,23,0,0
2025-05-05 23:00:00,37,77 St (R),Brooklyn,40.62974,-74.02551,9.0,57.9691,1,10.0,1,23,0,0
2025-05-05 23:00:00,38,86 St (R),Brooklyn,40.62269,-74.0284,25.0,100.8012,1,9.0,1,23,0,0
2025-05-05 23:00:00,39,Bay Ridge-95 St (R),Brooklyn,40.616623,-74.030876,13.0,48.1614,1,3.0,1,23,0,0
2025-05-05 23:00:00,41,"7 Av (B,Q)",Brooklyn,40.67705,-73.97237,37.0,63.504,1,9.0,1,23,0,0
2025-05-05 23:00:00,42,"Prospect Park (B,Q,S)",Brooklyn,40.661613,-73.96225,51.0,143.6584,1,12.0,1,23,0,0
2025-05-05 23:00:00,43,Parkside Av (Q),Brooklyn,40.655293,-73.961494,15.0,104.1571,1,9.0,1,23,0,0
2025-05-05 23:00:00,44,"Church Av (B,Q)",Brooklyn,40.650528,-73.96298,32.0,244.6757,1,9.0,1,23,0,0
2025-05-05 23:00:00,45,Beverley Rd (Q),Brooklyn,40.64403,-73.96449,17.0,52.9179,1,9.0,1,23,0,0
2025-05-05 23:00:00,46,Cortelyou Rd (Q),Brooklyn,40.640926,-73.96389,15.0,100.6465,1,9.0,1,23,0,0
2025-05-05 23:00:00,47,"Newkirk Plaza (B,Q)",Brooklyn,40.635082,-73.96279,32.0,137.2732,1,10.0,1,23,0,0
2025-05-05 23:00:00,48,Avenue H (Q),Brooklyn,40.62927,-73.96164,2.0,37.3276,1,10.0,1,23,0,0
2025-05-05 23:00:00,49,Avenue J (Q),Brooklyn,40.62504,-73.9608,14.0,58.6095,1,10.0,1,23,0,0
2025-05-05 23:00:00,50,Avenue M (Q),Brooklyn,40.61762,-73.9594,11.0,51.5014,1,9.0,1,23,0,0
2025-05-05 23:00:00,51,"Kings Hwy (B,Q)",Brooklyn,40.60867,-73.95773,64.0,159.6875,1,9.0,1,23,0,0
2025-05-05 23:00:00,52,Avenue U (Q),Brooklyn,40.5993,-73.95593,20.0,60.4485,1,10.0,1,23,0,0
2025-05-05 23:00:00,53,Neck Rd (Q),Brooklyn,40.595245,-73.95516,11.0,41.6575,1,9.0,1,23,0,0
2025-05-05 23:00:00,54,"Sheepshead Bay (B,Q)",Brooklyn,40.586895,-73.954155,44.0,100.4016,1,9.0,1,23,0,0
2025-05-05 23:00:00,55,"Brighton Beach (B,Q)",Brooklyn,40.57762,-73.96137,34.0,83.8232,1,9.0,1,23,0,0
2025-05-05 23:00:00,56,Ocean Pkwy (Q),Brooklyn,40.576313,-73.9685,10.0,20.5052,1,8.0,1,23,0,0
2025-05-05 23:00:00,57,"W 8 St-NY Aquarium (F,Q)",Brooklyn,40.576126,-73.97594,11.0,14.8497,1,20.0,1,23,0,0
2025-05-05 23:00:00,58,"Coney Island-Stillwell Av (D,F,N,Q)",Brooklyn,40.577423,-73.98123,99.0,127.7757,1,15.0,1,23,0,0
2025-05-05 23:00:00,59,9 Av (D),Brooklyn,40.646294,-73.99432,19.0,104.8739,1,9.0,1,23,0,0
2025-05-05 23:00:00,60,Fort Hamilton Pkwy (D),Brooklyn,40.640915,-73.9943,28.0,55.8695,1,9.0,1,23,0,0
2025-05-05 23:00:00,61,50 St (D),Brooklyn,40.63626,-73.99479,24.0,30.7296,1,9.0,1,23,0,0
2025-05-05 23:00:00,62,55 St (D),Brooklyn,40.631435,-73.995476,5.0,12.5268,1,8.0,1,23,0,0
2025-05-05 23:00:00,64,71 St (D),Brooklyn,40.61959,-73.99886,10.0,60.6975,1,9.0,1,23,0,0
2025-05-05 23:00:00,65,79 St (D),Brooklyn,40.613503,-74.00061,12.0,74.0193,1,10.0,1,23,0,0
2025-05-05 23:00:00,66,18 Av (D),Brooklyn,40.607952,-74.00174,19.0,66.1418,1,10.0,1,23,0,0
2025-05-05 23:00:00,67,20 Av (D),Brooklyn,40.604557,-73.99817,20.0,57.4266,1,9.0,1,23,0,0
2025-05-05 23:00:00,68,Bay Pkwy (D),Brooklyn,40.601875,-73.99373,21.0,77.496,1,9.0,1,23,0,0
2025-05-05 23:00:00,69,25 Av (D),Brooklyn,40.597706,-73.98683,11.0,36.4555,1,8.0,1,23,0,0
2025-05-05 23:00:00,70,Bay 50 St (D),Brooklyn,40.58884,-73.983765,9.0,30.0856,1,9.0,1,23,0,0
2025-05-05 23:00:00,71,8 Av (N),Brooklyn,40.635063,-74.01172,36.0,75.351,1,8.0,1,23,0,0
2025-05-05 23:00:00,72,Fort Hamilton Pkwy (N),Brooklyn,40.631386,-74.00535,23.0,65.5159,1,8.0,1,23,0,0
2025-05-05 23:00:00,74,18 Av (N),Brooklyn,40.62067,-73.99042,11.0,57.6999,1,9.0,1,23,0,0
2025-05-05 23:00:00,75,20 Av (N),Brooklyn,40.61741,-73.98502,7.0,46.6693,1,9.0,1,23,0,0
2025-05-05 23:00:00,76,Bay Pkwy (N),Brooklyn,40.611816,-73.98185,13.0,79.23,1,9.0,1,23,0,0
2025-05-05 23:00:00,77,Kings Hwy (N),Brooklyn,40.603924,-73.980354,11.0,52.9705,1,9.0,1,23,0,0
2025-05-05 23:00:00,78,Avenue U (N),Brooklyn,40.597473,-73.97913,14.0,34.9805,1,9.0,1,23,0,0
2025-05-05 23:00:00,79,86 St (N),Brooklyn,40.59272,-73.97823,5.0,24.2409,1,8.0,1,23,0,0
2025-05-05 23:00:00,80,"121 St (J,Z)",Queens,40.700493,-73.82829,23.0,41.6749,1,9.0,1,23,0,0
2025-05-05 23:00:00,81,111 St (J),Queens,40.69742,-73.83634,10.0,40.6156,1,9.0,1,23,0,0
2025-05-05 23:00:00,82,"104 St (J,Z)",Queens,40.69518,-73.84433,10.0,32.854,1,9.0,1,23,0,0
2025-05-05 23:00:00,83,"Woodhaven Blvd (J,Z)",Queens,40.69388,-73.85158,36.0,62.2942,1,8.0,1,23,0,0
2025-05-05 23:00:00,84,85 St-Forest Pkwy (J),Queens,40.692436,-73.86001,6.0,33.3367,1,9.0,1,23,0,0
2025-05-05 23:00:00,85,"75 St-Elderts Ln (J,Z)",Queens,40.691322,-73.86714,10.0,88.117,1,9.0,1,23,0,0
2025-05-05 23:00:00,87,"Crescent St (J,Z)",Brooklyn,40.683193,-73.87379,19.0,63.564,1,9.0,1,23,0,0
2025-05-05 23:00:00,88,"Norwood Av (J,Z)",Brooklyn,40.68141,-73.880035,11.0,29.3021,1,9.0,1,23,0,0
2025-05-05 23:00:00,89,Cleveland St (J),Brooklyn,40.679947,-73.884636,7.0,30.4622,1,9.0,1,23,0,0
2025-05-05 23:00:00,90,"Van Siclen Av (J,Z)",Brooklyn,40.678024,-73.891685,7.0,43.4919,1,9.0,1,23,0,0
2025-05-05 23:00:00,91,"Alabama Av (J,Z)",Brooklyn,40.67699,-73.89865,19.0,22.2177,1,9.0,1,23,0,0
2025-05-05 23:00:00,93,"Chauncey St (J,Z)",Brooklyn,40.68289,-73.91045,22.0,56.8051,1,9.0,1,23,0,0
2025-05-05 23:00:00,94,Halsey St (J),Brooklyn,40.68637,-73.91656,28.0,112.1874,1,9.0,1,23,0,0
2025-05-05 23:00:00,95,"Gates Av (J,Z)",Brooklyn,40.68963,-73.92227,31.0,112.672,1,8.0,1,23,0,0
2025-05-05 23:00:00,96,Kosciuszko St (J),Brooklyn,40.69334,-73.92882,30.0,113.4634,1,9.0,1,23,0,0
2025-05-05 23:00:00,97,"Myrtle Av (M,J,Z)",Brooklyn,40.69721,-73.93565,61.0,190.5132,1,17.0,1,23,0,0
2025-05-05 23:00:00,98,"Flushing Av (M,J)",Brooklyn,40.70026,-73.941124,67.0,77.8424,1,16.0,1,23,0,0
2025-05-05 23:00:00,99,"Lorimer St (M,J)",Brooklyn,40.70387,-73.94741,25.0,36.1475,1,16.0,1,23,0,0
2025-05-05 23:00:00,100,"Hewes St (M,J)",Brooklyn,40.70687,-73.95343,12.0,30.2683,1,16.0,1,23,0,0
2025-05-05 23:00:00,101,"Marcy Av (M,J,Z)",Brooklyn,40.70836,-73.957756,126.0,95.2618,1,16.0,1,23,0,0
2025-05-05 23:00:00,103,"Bowery (J,Z)",Manhattan,40.72028,-73.99391,84.0,26.8847,1,9.0,1,23,0,0
2025-05-05 23:00:00,107,"Broad St (J,Z)",Manhattan,40.706474,-74.011055,74.0,22.3331,1,4.0,1,23,0,0
2025-05-05 23:00:00,108,Middle Village-Metropolitan Av (M),Queens,40.711395,-73.8896,6.0,41.0145,1,4.0,1,23,0,0
2025-05-05 23:00:00,109,Fresh Pond Rd (M),Queens,40.706184,-73.895874,10.0,93.1621,1,11.0,1,23,0,0
2025-05-05 23:00:00,110,Forest Av (M),Queens,40.704422,-73.903076,8.0,65.8899,1,11.0,1,23,0,0
2025-05-05 23:00:00,111,Seneca Av (M),Queens,40.702763,-73.90774,7.0,44.7279,1,11.0,1,23,0,0
2025-05-05 23:00:00,113,Knickerbocker Av (M),Brooklyn,40.698666,-73.91971,15.0,55.5242,1,10.0,1,23,0,0
2025-05-05 23:00:00,114,Central Av (M),Brooklyn,40.697857,-73.9274,12.0,74.7813,1,9.0,1,23,0,0
2025-05-05 23:00:00,118,3 Av (L),Manhattan,40.73285,-73.98612,174.0,32.3485,1,13.0,1,23,0,0
2025-05-05 23:00:00,119,1 Av (L),Manhattan,40.730953,-73.98163,381.0,204.42,1,13.0,1,23,0,0
2025-05-05 23:00:00,120,Bedford Av (L),Brooklyn,40.717304,-73.95687,513.0,254.6477,1,13.0,1,23,0,0
2025-05-05 23:00:00,122,Graham Av (L),Brooklyn,40.714565,-73.94405,425.0,111.9092,1,14.0,1,23,0,0
2025-05-05 23:00:00,123,Grand St (L),Brooklyn,40.711926,-73.94067,85.0,83.5167,1,14.0,1,23,0,0
2025-05-05 23:00:00,124,Montrose Av (L),Brooklyn,40.70774,-73.93985,50.0,107.2597,1,14.0,1,23,0,0
2025-05-05 23:00:00,125,Morgan Av (L),Brooklyn,40.706154,-73.93314,93.0,121.2431,1,15.0,1,23,0,0
2025-05-05 23:00:00,126,Jefferson St (L),Brooklyn,40.706608,-73.92291,83.0,140.0958,1,15.0,1,23,0,0
2025-05-05 23:00:00,127,DeKalb Av (L),Brooklyn,40.70381,-73.91843,55.0,234.4943,1,13.0,1,23,0,0
2025-05-05 23:00:00,129,Halsey St (L),Queens,40.695602,-73.90408,54.0,160.34720000000002,1,15.0,1,23,0,0
2025-05-05 23:00:00,130,Wilson Av (L),Brooklyn,40.688763,-73.904045,41.0,100.0728,1,15.0,1,23,0,0
2025-05-05 23:00:00,131,Bushwick Av-Aberdeen St (L),Brooklyn,40.68283,-73.90525,16.0,51.8122,1,16.0,1,23,0,0
2025-05-05 23:00:00,133,Atlantic Av (L),Brooklyn,40.675346,-73.9031,29.0,29.8309,1,15.0,1,23,0,0
2025-05-05 23:00:00,134,Sutter Av (L),Brooklyn,40.66937,-73.90198,10.0,38.8658,1,14.0,1,23,0,0
2025-05-05 23:00:00,135,Livonia Av (L),Brooklyn,40.66404,-73.90057,23.0,32.6201,1,16.0,1,23,0,0
2025-05-05 23:00:00,136,New Lots Av (L),Brooklyn,40.658733,-73.89923,32.0,53.3156,1,16.0,1,23,0,0
2025-05-05 23:00:00,137,East 105 St (L),Brooklyn,40.650574,-73.89948,25.0,42.8848,1,16.0,1,23,0,0
2025-05-05 23:00:00,138,Canarsie-Rockaway Pkwy (L),Brooklyn,40.646652,-73.90185,27.0,141.229,1,6.0,1,23,0,0
2025-05-05 23:00:00,141,Park Pl (S),Brooklyn,40.67477,-73.95763,12.0,17.483999999999998,1,6.0,1,23,0,0
2025-05-05 23:00:00,143,Inwood-207 St (A),Manhattan,40.868073,-73.9199,41.0,114.755,1,5.0,1,23,0,0
2025-05-05 23:00:00,144,Dyckman St (A),Manhattan,40.86549,-73.92727,31.0,93.4537,1,10.0,1,23,0,0
2025-05-05 23:00:00,145,190 St (A),Manhattan,40.85902,-73.93418,16.0,50.3994,1,9.0,1,23,0,0
2025-05-05 23:00:00,146,181 St (A),Manhattan,40.851696,-73.937965,23.0,141.6701,1,9.0,1,23,0,0
2025-05-05 23:00:00,147,175 St (A),Manhattan,40.84739,-73.939705,76.0,147.4748,1,9.0,1,23,0,0
2025-05-05 23:00:00,149,163 St-Amsterdam Av (C),Manhattan,40.836014,-73.939896,13.0,88.5696,1,10.0,1,23,0,0
2025-05-05 23:00:00,150,155 St (C),Manhattan,40.830517,-73.94151,9.0,49.3966,1,10.0,1,23,0,0
2025-05-05 23:00:00,151,"145 St (A,C,B,D)",Manhattan,40.824783,-73.944214,125.0,383.1462,1,,0,23,0,0
2025-05-05 23:00:00,152,"135 St (C,B)",Manhattan,40.817894,-73.94765,25.0,65.2071,1,10.0,1,23,0,0
2025-05-05 23:00:00,153,"125 St (A,C,B,D)",Manhattan,40.811108,-73.95235,197.0,313.89820000000003,1,21.0,1,23,0,0
2025-05-05 23:00:00,154,"116 St (C,B)",Manhattan,40.805084,-73.95488,47.0,79.1102,1,10.0,1,23,0,0
2025-05-05 23:00:00,155,"Cathedral Pkwy (110 St) (C,B)",Manhattan,40.800602,-73.95816,49.0,87.9093,1,10.0,1,23,0,0
2025-05-05 23:00:00,156,"103 St (C,B)",Manhattan,40.796093,-73.96146,32.0,66.9621,1,10.0,1,23,0,0
2025-05-05 23:00:00,157,"96 St (C,B)",Manhattan,40.79164,-73.9647,53.0,61.7555,1,10.0,1,23,0,0
2025-05-05 23:00:00,158,"86 St (C,B)",Manhattan,40.78587,-73.96892,58.0,56.9013,1,10.0,1,23,0,0
2025-05-05 23:00:00,159,"81 St-Museum of Natural History (C,B)",Manhattan,40.781433,-73.972145,82.0,52.8683,1,10.0,1,23,0,0
2025-05-05 23:00:00,160,"72 St (C,B)",Manhattan,40.775593,-73.97641,49.0,49.313,1,11.0,1,23,0,0
2025-05-05 23:00:00,162,"50 St (C,E)",Manhattan,40.762455,-73.985985,282.0,161.0153,1,22.0,1,23,0,0
2025-05-05 23:00:00,164,"34 St-Penn Station (A,C,E)",Manhattan,40.75229,-73.99339,649.0,419.1796,1,22.0,1,23,0,0
2025-05-05 23:00:00,165,"23 St (C,E)",Manhattan,40.745907,-73.99804,121.0,101.9993,1,23.0,1,23,0,0
2025-05-05 23:00:00,167,"W 4 St-Wash Sq (A,C,E,B,D,F,M)",Manhattan,40.732338,-74.000496,1201.0,208.4217,1,,0,23,0,0
2025-05-05 23:00:00,168,"Spring St (C,E)",Manhattan,40.726227,-74.00374,85.0,41.4693,1,22.0,1,23,0,0
2025-05-05 23:00:00,169,"Canal St (A,C,E)",Manhattan,40.720825,-74.005226,211.0,66.5297,1,22.0,1,23,0,0
2025-05-05 23:00:00,173,"High St (A,C)",Brooklyn,40.699337,-73.99053,54.0,58.3357,1,11.0,1,23,0,0
2025-05-05 23:00:00,175,"Hoyt-Schermerhorn Sts (A,C,G)",Brooklyn,40.688484,-73.985,90.0,80.9868,1,19.0,1,23,0,0
2025-05-05 23:00:00,176,Lafayette Av (C),Brooklyn,40.68611,-73.973946,73.0,38.5613,1,12.0,1,23,0,0
2025-05-05 23:00:00,177,Clinton-Washington Avs (C),Brooklyn,40.68326,-73.965836,36.0,62.17,1,10.0,1,23,0,0
2025-05-05 23:00:00,179,"Nostrand Av (A,C)",Brooklyn,40.68044,-73.950424,94.0,240.2653,1,10.0,1,23,0,0
2025-05-05 23:00:00,180,Kingston-Throop Avs (C),Brooklyn,40.67992,-73.94086,40.0,103.8405,1,10.0,1,23,0,0
2025-05-05 23:00:00,181,"Utica Av (A,C)",Brooklyn,40.679363,-73.93073,74.0,233.1447,1,11.0,1,23,0,0
2025-05-05 23:00:00,182,Ralph Av (C),Brooklyn,40.67882,-73.920784,21.0,95.5853,1,12.0,1,23,0,0
2025-05-05 23:00:00,183,Rockaway Av (C),Brooklyn,40.67834,-73.91195,26.0,108.8292,1,12.0,1,23,0,0
2025-05-05 23:00:00,185,Liberty Av (C),Brooklyn,40.67454,-73.896545,7.0,38.8078,1,10.0,1,23,0,0
2025-05-05 23:00:00,186,Van Siclen Av (C),Brooklyn,40.67271,-73.89036,16.0,46.0271,1,10.0,1,23,0,0
2025-05-05 23:00:00,187,Shepherd Av (C),Brooklyn,40.67413,-73.88075,18.0,47.4714,1,11.0,1,23,0,0
2025-05-05 23:00:00,188,"Euclid Av (A,C)",Brooklyn,40.675377,-73.87211,53.0,156.1356,1,10.0,1,23,0,0
2025-05-05 23:00:00,189,Grant Av (A),Brooklyn,40.677044,-73.86505,16.0,84.8565,1,10.0,1,23,0,0
2025-05-05 23:00:00,190,80 St (A),Queens,40.67937,-73.85899,8.0,86.394,1,10.0,1,23,0,0
2025-05-05 23:00:00,191,88 St (A),Queens,40.679844,-73.85147,2.0,48.1178,1,10.0,1,23,0,0
2025-05-05 23:00:00,192,Rockaway Blvd (A),Queens,40.680428,-73.84386,44.0,93.2126,1,11.0,1,23,0,0
2025-05-05 23:00:00,193,104 St (A),Queens,40.68171,-73.837685,4.0,22.5496,1,5.0,1,23,0,0
2025-05-05 23:00:00,194,111 St (A),Queens,40.68433,-73.83216,2.0,27.3533,1,5.0,1,23,0,0
2025-05-05 23:00:00,195,Ozone Park-Lefferts Blvd (A),Queens,40.68595,-73.8258,34.0,68.3311,1,2.0,1,23,0,0
2025-05-05 23:00:00,196,Aqueduct Racetrack (A),Queens,40.672096,-73.83592,14.0,5.1368,1,2.0,1,23,0,0
2025-05-05 23:00:00,198,Howard Beach-JFK Airport (A),Queens,40.660477,-73.8303,130.0,71.2257,1,2.0,1,23,0,0
2025-05-05 23:00:00,210,Norwood-205 St (D),Bronx,40.87481,-73.87885,28.0,111.4256,1,4.0,1,23,0,0
2025-05-05 23:00:00,211,"Bedford Park Blvd (B,D)",Bronx,40.873245,-73.88714,27.0,107.8474,1,10.0,1,23,0,0
2025-05-05 23:00:00,212,"Kingsbridge Rd (B,D)",Bronx,40.866978,-73.89351,22.0,106.6844,1,10.0,1,23,0,0
2025-05-05 23:00:00,213,"Fordham Rd (B,D)",Bronx,40.861298,-73.89775,44.0,134.4402,1,9.0,1,23,0,0
2025-05-05 23:00:00,214,"182-183 Sts (B,D)",Bronx,40.856094,-73.90074,16.0,93.4628,1,9.0,1,23,0,0
2025-05-05 23:00:00,215,"Tremont Av (B,D)",Bronx,40.85041,-73.90523,43.0,137.4434,1,9.0,1,23,0,0
2025-05-05 23:00:00,216,"174-175 Sts (B,D)",Bronx,40.8459,-73.91013,17.0,72.3658,1,9.0,1,23,0,0
2025-05-05 23:00:00,217,"170 St (B,D)",Bronx,40.839306,-73.9134,21.0,95.3209,1,9.0,1,23,0,0
2025-05-05 23:00:00,218,"167 St (B,D)",Bronx,40.83377,-73.91844,29.0,135.9132,1,10.0,1,23,0,0
2025-05-05 23:00:00,220,"155 St (B,D)",Manhattan,40.830135,-73.93821,13.0,36.8237,1,10.0,1,23,0,0
2025-05-05 23:00:00,221,21 St-Queensbridge (M),Queens,40.754204,-73.94283,62.0,149.5959,1,12.0,1,23,0,0
2025-05-05 23:00:00,222,Roosevelt Island (M),Manhattan,40.759144,-73.95326,46.0,86.5311,1,12.0,1,23,0,0
2025-05-05 23:00:00,223,"Lexington Av/63 St (M,Q)",Manhattan,40.76463,-73.96611,252.0,93.2852,1,21.0,1,23,0,0
2025-05-05 23:00:00,224,57 St (M),Manhattan,40.763973,-73.97745,322.0,53.6152,1,11.0,1,23,0,0
2025-05-05 23:00:00,225,"47-50 Sts-Rockefeller Ctr (B,D,F,M)",Manhattan,40.758663,-73.98133,543.0,164.9842,1,19.0,1,23,0,0
2025-05-05 23:00:00,228,"23 St (F,M)",Manhattan,40.742878,-73.99282,107.0,78.8725,1,11.0,1,23,0,0
2025-05-05 23:00:00,231,"Grand St (B,D)",Manhattan,40.718266,-73.99375,161.0,106.4048,1,10.0,1,23,0,0
2025-05-05 23:00:00,232,2 Av (F),Manhattan,40.7234,-73.98994,255.0,117.9163,1,12.0,1,23,0,0
2025-05-05 23:00:00,234,East Broadway (F),Manhattan,40.713715,-73.99017,123.0,93.7486,1,11.0,1,23,0,0
2025-05-05 23:00:00,235,York St (F),Brooklyn,40.701397,-73.98675,78.0,75.4581,1,11.0,1,23,0,0
2025-05-05 23:00:00,236,"Bergen St (F,G)",Brooklyn,40.686146,-73.99086,73.0,61.071,1,20.0,1,23,0,0
2025-05-05 23:00:00,237,"Carroll St (F,G)",Brooklyn,40.6803,-73.99505,57.0,79.3008,1,19.0,1,23,0,0
2025-05-05 23:00:00,238,"Smith-9 Sts (F,G)",Brooklyn,40.67358,-73.99596,23.0,30.4713,1,20.0,1,23,0,0
2025-05-05 23:00:00,240,"7 Av (F,G)",Brooklyn,40.66627,-73.98031,62.0,64.8604,1,20.0,1,23,0,0
2025-05-05 23:00:00,241,"15 St-Prospect Park (F,G)",Brooklyn,40.660366,-73.97949,35.0,43.7947,1,18.0,1,23,0,0
2025-05-05 23:00:00,242,"Fort Hamilton Pkwy (F,G)",Brooklyn,40.650784,-73.97578,16.0,47.8078,1,17.0,1,23,0,0
2025-05-05 23:00:00,243,"Church Av (F,G)",Brooklyn,40.64404,-73.979675,47.0,117.6491,1,14.0,1,23,0,0
2025-05-05 23:00:00,244,Ditmas Av (F),Brooklyn,40.63612,-73.97817,11.0,34.584,1,11.0,1,23,0,0
2025-05-05 23:00:00,245,18 Av (F),Brooklyn,40.629753,-73.976974,5.0,28.6941,1,11.0,1,23,0,0
2025-05-05 23:00:00,246,Avenue I (F),Brooklyn,40.62532,-73.97613,11.0,11.7079,1,10.0,1,23,0,0
2025-05-05 23:00:00,247,Bay Pkwy (F),Brooklyn,40.62077,-73.975266,5.0,7.9465,1,10.0,1,23,0,0
2025-05-05 23:00:00,248,Avenue N (F),Brooklyn,40.61514,-73.9742,8.0,26.1024,1,11.0,1,23,0,0
2025-05-05 23:00:00,249,Avenue P (F),Brooklyn,40.608944,-73.97302,5.0,20.2746,1,11.0,1,23,0,0
2025-05-05 23:00:00,250,Kings Hwy (F),Brooklyn,40.603218,-73.97236,14.0,24.7942,1,9.0,1,23,0,0
2025-05-05 23:00:00,251,Avenue U (F),Brooklyn,40.59606,-73.97336,8.0,11.8559,1,9.0,1,23,0,0
2025-05-05 23:00:00,252,Avenue X (F),Brooklyn,40.58962,-73.97425,13.0,22.9176,1,11.0,1,23,0,0
2025-05-05 23:00:00,253,Neptune Av (F),Brooklyn,40.581013,-73.97457,7.0,9.0671,1,11.0,1,23,0,0
2025-05-05 23:00:00,254,Jamaica-179 St (F),Queens,40.712646,-73.78381,53.0,236.0845,1,4.0,1,23,0,0
2025-05-05 23:00:00,255,169 St (F),Queens,40.71047,-73.7936,25.0,112.8325,1,12.0,1,23,0,0
2025-05-05 23:00:00,256,Parsons Blvd (F),Queens,40.707565,-73.80333,23.0,101.4334,1,12.0,1,23,0,0
2025-05-05 23:00:00,257,Sutphin Blvd (F),Queens,40.70546,-73.81071,22.0,64.9395,1,12.0,1,23,0,0
2025-05-05 23:00:00,258,"Briarwood (E,F)",Queens,40.70918,-73.82057,21.0,63.2274,1,22.0,1,23,0,0
2025-05-05 23:00:00,259,"Kew Gardens-Union Tpke (E,F)",Queens,40.71444,-73.83101,90.0,232.0085,1,23.0,1,23,0,0
2025-05-05 23:00:00,260,"75 Av (E,F)",Queens,40.71833,-73.837326,15.0,24.0268,1,22.0,1,23,0,0
2025-05-05 23:00:00,261,"Forest Hills-71 Av (E,F,M,R)",Queens,40.72169,-73.84452,127.0,190.4062,1,23.0,1,23,0,0
2025-05-05 23:00:00,262,"67 Av (M,R)",Queens,40.726524,-73.85272,30.0,73.0697,1,23.0,1,23,0,0
2025-05-05 23:00:00,263,"63 Dr-Rego Park (M,R)",Queens,40.729847,-73.8616,50.0,128.1678,1,23.0,1,23,0,0
2025-05-05 23:00:00,264,"Woodhaven Blvd (M,R)",Queens,40.733105,-73.86923,72.0,261.2795,1,23.0,1,23,0,0
2025-05-05 23:00:00,265,"Grand Av-Newtown (M,R)",Queens,40.737015,-73.87722,47.0,316.232,1,23.0,1,23,0,0
2025-05-05 23:00:00,266,"Elmhurst Av (M,R)",Queens,40.742455,-73.88202,35.0,264.2145,1,24.0,1,23,0,0
2025-05-05 23:00:00,268,"65 St (M,R)",Queens,40.74967,-73.89845,20.0,68.1407,1,23.0,1,23,0,0
2025-05-05 23:00:00,269,"Northern Blvd (M,R)",Queens,40.752884,-73.906006,18.0,111.1073,1,22.0,1,23,0,0
2025-05-05 23:00:00,270,"46 St (M,R)",Queens,40.756313,-73.91333,26.0,125.9368,1,23.0,1,23,0,0
2025-05-05 23:00:00,271,"Steinway St (M,R)",Queens,40.756878,-73.92074,108.0,152.8249,1,23.0,1,23,0,0
2025-05-05 23:00:00,272,"36 St (M,R)",Queens,40.75204,-73.92878,35.0,29.2333,1,25.0,1,23,0,0
2025-05-05 23:00:00,273,"Queens Plaza (E,F,R)",Queens,40.748974,-73.93724,61.0,135.5886,1,12.0,1,23,0,0
2025-05-05 23:00:00,276,"5 Av/53 St (E,F)",Manhattan,40.760166,-73.97523,59.0,22.1779,1,12.0,1,23,0,0
2025-05-05 23:00:00,277,"7 Av (E,B,D)",Manhattan,40.762863,-73.981636,295.0,101.2397,1,22.0,1,23,0,0
2025-05-05 23:00:00,278,"Jamaica Center-Parsons/Archer (E,J,Z)",Queens,40.70215,-73.80111,156.0,371.9192,1,9.0,1,23,0,0
2025-05-05 23:00:00,279,"Sutphin Blvd-Archer Av-JFK Airport (E,J,Z)",Queens,40.700485,-73.80797,365.0,272.2119,1,20.0,1,23,0,0
2025-05-05 23:00:00,280,Jamaica-Van Wyck (E),Queens,40.702564,-73.81686,30.0,58.5512,1,10.0,1,23,0,0
2025-05-05 23:00:00,282,21 St (G),Queens,40.744064,-73.94972,17.0,13.592,1,10.0,1,23,0,0
2025-05-05 23:00:00,283,Greenpoint Av (G),Brooklyn,40.731354,-73.95445,61.0,76.3425,1,8.0,1,23,0,0
2025-05-05 23:00:00,284,Nassau Av (G),Brooklyn,40.724636,-73.95128,136.0,66.6163,1,8.0,1,23,0,0
2025-05-05 23:00:00,286,Broadway (G),Brooklyn,40.706093,-73.95031,33.0,41.7929,1,8.0,1,23,0,0
2025-05-05 23:00:00,287,Flushing Av (G),Brooklyn,40.70038,-73.95023,33.0,27.433,1,8.0,1,23,0,0
2025-05-05 23:00:00,288,Myrtle-Willoughby Avs (G),Brooklyn,40.69457,-73.94904,17.0,69.0242,1,9.0,1,23,0,0
2025-05-05 23:00:00,289,Bedford-Nostrand Avs (G),Brooklyn,40.68963,-73.95352,40.0,112.5127,1,9.0,1,23,0,0
2025-05-05 23:00:00,290,Classon Av (G),Brooklyn,40.688873,-73.96007,27.0,60.2235,1,9.0,1,23,0,0
2025-05-05 23:00:00,291,Clinton-Washington Avs (G),Brooklyn,40.688087,-73.96684,39.0,50.4252,1,9.0,1,23,0,0
2025-05-05 23:00:00,292,Fulton St (G),Brooklyn,40.68712,-73.97537,45.0,28.3716,1,7.0,1,23,0,0
2025-05-05 23:00:00,293,Van Cortlandt Park-242 St (1),Bronx,40.889248,-73.89858,35.0,60.7613,1,5.0,1,23,0,0
2025-05-05 23:00:00,294,238 St (1),Bronx,40.884666,-73.90087,21.0,53.6429,1,14.0,1,23,0,0
2025-05-05 23:00:00,295,231 St (1),Bronx,40.878857,-73.90483,29.0,104.769,1,13.0,1,23,0,0
2025-05-05 23:00:00,296,Marble Hill-225 St (1),Manhattan,40.87456,-73.90983,23.0,58.2351,1,14.0,1,23,0,0
2025-05-05 23:00:00,297,215 St (1),Manhattan,40.869446,-73.915276,23.0,19.3179,1,15.0,1,23,0,0
2025-05-05 23:00:00,298,207 St (1),Manhattan,40.86462,-73.91882,35.0,84.0638,1,14.0,1,23,0,0
2025-05-05 23:00:00,299,Dyckman St (1),Manhattan,40.86053,-73.92554,47.0,99.0511,1,13.0,1,23,0,0
2025-05-05 23:00:00,300,191 St (1),Manhattan,40.855225,-73.92941,41.0,127.3502,1,13.0,1,23,0,0
2025-05-05 23:00:00,301,181 St (1),Manhattan,40.849506,-73.93359,67.0,169.2906,1,13.0,1,23,0,0
2025-05-05 23:00:00,303,157 St (1),Manhattan,40.83404,-73.94489,54.0,178.8007,1,13.0,1,23,0,0
2025-05-05 23:00:00,304,145 St (1),Manhattan,40.82655,-73.95036,45.0,196.4993,1,14.0,1,23,0,0
2025-05-05 23:00:00,305,137 St-City College (1),Manhattan,40.822006,-73.953674,60.0,214.5828,1,13.0,1,23,0,0
2025-05-05 23:00:00,306,125 St (1),Manhattan,40.815582,-73.958374,82.0,116.5349,1,13.0,1,23,0,0
2025-05-05 23:00:00,307,116 St-Columbia University (1),Manhattan,40.80772,-73.96411,190.0,110.2097,1,12.0,1,23,0,0
2025-05-05 23:00:00,308,Cathedral Pkwy (110 St) (1),Manhattan,40.803967,-73.96685,127.0,133.4237,1,13.0,1,23,0,0
2025-05-05 23:00:00,309,103 St (1),Manhattan,40.799446,-73.968376,72.0,148.164,1,12.0,1,23,0,0
2025-05-05 23:00:00,310,"96 St (1,2,3)",Manhattan,40.79392,-73.97232,242.0,316.8303,1,30.0,1,23,0,0
2025-05-05 23:00:00,311,86 St (1),Manhattan,40.788643,-73.97622,147.0,97.5987,1,13.0,1,23,0,0
2025-05-05 23:00:00,312,79 St (1),Manhattan,40.783936,-73.97992,104.0,86.2805,1,13.0,1,23,0,0
2025-05-05 23:00:00,313,"72 St (1,2,3)",Manhattan,40.778454,-73.98197,448.0,203.4928,1,29.0,1,23,0,0
2025-05-05 23:00:00,314,66 St-Lincoln Center (1),Manhattan,40.77344,-73.98221,1008.0,78.0797,1,12.0,1,23,0,0
2025-05-05 23:00:00,316,50 St (1),Manhattan,40.761726,-73.98385,378.0,126.275,1,13.0,1,23,0,0
2025-05-05 23:00:00,318,"34 St-Penn Station (1,2,3)",Manhattan,40.750374,-73.99106,679.0,384.1262,1,26.0,1,23,0,0
2025-05-05 23:00:00,319,28 St (1),Manhattan,40.747215,-73.99336,155.0,74.7983,1,12.0,1,23,0,0
2025-05-05 23:00:00,320,23 St (1),Manhattan,40.74408,-73.99566,221.0,66.7514,1,12.0,1,23,0,0
2025-05-05 23:00:00,321,18 St (1),Manhattan,40.74104,-73.99787,78.0,29.1203,1,12.0,1,23,0,0
2025-05-05 23:00:00,323,Christopher St-Stonewall (1),Manhattan,40.73342,-74.00291,287.0,58.9561,1,13.0,1,23,0,0
2025-05-05 23:00:00,324,Houston St (1),Manhattan,40.728252,-74.00536,173.0,38.6812,1,12.0,1,23,0,0
2025-05-05 23:00:00,325,Canal St (1),Manhattan,40.722855,-74.00628,38.0,23.8544,1,12.0,1,23,0,0
2025-05-05 23:00:00,326,Franklin St (1),Manhattan,40.71932,-74.00689,53.0,18.4929,1,12.0,1,23,0,0
2025-05-05 23:00:00,327,"Chambers St (1,2,3)",Manhattan,40.715477,-74.00927,134.0,43.1423,1,23.0,1,23,0,0
2025-05-05 23:00:00,328,WTC Cortlandt (1),Manhattan,40.711834,-74.01219,69.0,99.4656,1,12.0,1,23,0,0
2025-05-05 23:00:00,329,Rector St (1),Manhattan,40.70751,-74.01379,48.0,46.1396,1,12.0,1,23,0,0
2025-05-05 23:00:00,333,"Wall St (2,3)",Manhattan,40.70682,-74.0091,135.0,66.6771,1,10.0,1,23,0,0
2025-05-05 23:00:00,334,"Clark St (2,3)",Brooklyn,40.697468,-73.99309,55.0,36.0079,1,11.0,1,23,0,0
2025-05-05 23:00:00,336,"Hoyt St (2,3)",Brooklyn,40.690544,-73.98506,60.0,45.9064,1,10.0,1,23,0,0
2025-05-05 23:00:00,337,"Nevins St (2,3,4,5)",Brooklyn,40.688248,-73.98049,113.0,53.3899,1,21.0,1,23,0,0
2025-05-05 23:00:00,339,"Bergen St (2,3)",Brooklyn,40.68083,-73.9751,24.0,29.477,1,20.0,1,23,0,0
2025-05-05 23:00:00,340,"Grand Army Plaza (2,3)",Brooklyn,40.675236,-73.97105,33.0,43.2966,1,19.0,1,23,0,0
2025-05-05 23:00:00,341,"Eastern Pkwy-Brooklyn Museum (2,3)",Brooklyn,40.671986,-73.96438,10.0,30.4132,1,19.0,1,23,0,0
2025-05-05 23:00:00,343,Nostrand Av (3),Brooklyn,40.669846,-73.95046,25.0,43.8802,1,10.0,1,23,0,0
2025-05-05 23:00:00,344,Kingston Av (3),Brooklyn,40.6694,-73.94216,12.0,52.1812,1,11.0,1,23,0,0
2025-05-05 23:00:00,345,"Crown Hts-Utica Av (3,4)",Brooklyn,40.668896,-73.932945,113.0,377.4353,1,9.0,1,23,0,0
2025-05-05 23:00:00,346,Sutter Av-Rutland Rd (3),Brooklyn,40.66472,-73.92261,34.0,105.3937,1,9.0,1,23,0,0
2025-05-05 23:00:00,347,Saratoga Av (3),Brooklyn,40.661453,-73.91633,19.0,85.5286,1,10.0,1,23,0,0
2025-05-05 23:00:00,348,Rockaway Av (3),Brooklyn,40.662548,-73.90894,20.0,66.138,1,12.0,1,23,0,0
2025-05-05 23:00:00,349,Junius St (3),Brooklyn,40.663513,-73.90245,19.0,21.2577,1,12.0,1,23,0,0
2025-05-05 23:00:00,350,Pennsylvania Av (3),Brooklyn,40.664635,-73.8949,20.0,50.4416,1,11.0,1,23,0,0
2025-05-05 23:00:00,351,Van Siclen Av (3),Brooklyn,40.665447,-73.8894,13.0,36.6838,1,11.0,1,23,0,0
2025-05-05 23:00:00,352,New Lots Av (3),Brooklyn,40.666237,-73.88408,49.0,83.7161,1,4.0,1,23,0,0
2025-05-05 23:00:00,353,"President St-Medgar Evers College (2,5)",Brooklyn,40.667885,-73.95068,13.0,45.8093,1,10.0,1,23,0,0
2025-05-05 23:00:00,354,"Sterling St (2,5)",Brooklyn,40.662743,-73.95085,16.0,86.1373,1,10.0,1,23,0,0
2025-05-05 23:00:00,355,"Winthrop St (2,5)",Brooklyn,40.65665,-73.9502,31.0,82.7609,1,10.0,1,23,0,0
2025-05-05 23:00:00,356,"Church Av (2,5)",Brooklyn,40.650845,-73.94958,37.0,178.5247,1,9.0,1,23,0,0
2025-05-05 23:00:00,357,"Beverly Rd (2,5)",Brooklyn,40.6451,-73.94896,18.0,88.77420000000001,1,9.0,1,23,0,0
2025-05-05 23:00:00,358,"Newkirk Av-Little Haiti (2,5)",Brooklyn,40.63997,-73.94841,28.0,131.6214,1,9.0,1,23,0,0
2025-05-05 23:00:00,359,"Flatbush Av-Brooklyn College (2,5)",Brooklyn,40.632835,-73.94764,87.0,247.5799,1,4.0,1,23,0,0
2025-05-05 23:00:00,360,Pelham Bay Park (6),Bronx,40.852463,-73.82812,37.0,49.6093,1,5.0,1,23,0,0
2025-05-05 23:00:00,361,Buhre Av (6),Bronx,40.84681,-73.832565,2.0,41.5901,1,13.0,1,23,0,0
2025-05-05 23:00:00,362,Middletown Rd (6),Bronx,40.843864,-73.83632,6.0,21.1516,1,13.0,1,23,0,0
2025-05-05 23:00:00,363,Westchester Sq-E Tremont Av (6),Bronx,40.839893,-73.84295,22.0,48.4324,1,12.0,1,23,0,0
2025-05-05 23:00:00,364,Zerega Av (6),Bronx,40.836487,-73.84704,3.0,29.683,1,11.0,1,23,0,0
2025-05-05 23:00:00,365,Castle Hill Av (6),Bronx,40.834255,-73.85122,23.0,103.4981,1,11.0,1,23,0,0
2025-05-05 23:00:00,366,Parkchester (6),Bronx,40.833225,-73.86082,30.0,226.0885,1,13.0,1,23,0,0
2025-05-05 23:00:00,367,St Lawrence Av (6),Bronx,40.83151,-73.867615,9.0,106.4543,1,13.0,1,23,0,0
2025-05-05 23:00:00,368,Morrison Av-Soundview (6),Bronx,40.82952,-73.87452,27.0,124.8967,1,13.0,1,23,0,0
2025-05-05 23:00:00,369,Elder Av (6),Bronx,40.828583,-73.87916,19.0,143.2176,1,13.0,1,23,0,0
2025-05-05 23:00:00,370,Whitlock Av (6),Bronx,40.826527,-73.886284,14.0,28.267,1,12.0,1,23,0,0
2025-05-05 23:00:00,371,Hunts Point Av (6),Bronx,40.82095,-73.89055,71.0,122.3251,1,13.0,1,23,0,0
2025-05-05 23:00:00,372,Longwood Av (6),Bronx,40.816105,-73.89644,14.0,42.642,1,12.0,1,23,0,0
2025-05-05 23:00:00,373,E 149 St (6),Bronx,40.81212,-73.9041,16.0,72.00450000000001,1,12.0,1,23,0,0
2025-05-05 23:00:00,374,E 143 St-St Mary's St (6),Bronx,40.80872,-73.90765,15.0,31.661,1,13.0,1,23,0,0
2025-05-05 23:00:00,375,Cypress Av (6),Bronx,40.805367,-73.91404,11.0,30.471,1,13.0,1,23,0,0
2025-05-05 23:00:00,376,Brook Av (6),Bronx,40.807568,-73.91924,25.0,73.2183,1,13.0,1,23,0,0
2025-05-05 23:00:00,377,3 Av-138 St (6),Bronx,40.810474,-73.92614,38.0,122.0881,1,13.0,1,23,0,0
2025-05-05 23:00:00,378,Woodlawn (4),Bronx,40.886036,-73.87875,30.0,76.004,1,4.0,1,23,0,0
2025-05-05 23:00:00,379,Mosholu Pkwy (4),Bronx,40.87975,-73.88466,40.0,92.0446,1,9.0,1,23,0,0
2025-05-05 23:00:00,380,Bedford Park Blvd-Lehman College (4),Bronx,40.873413,-73.89006,22.0,71.14320000000001,1,9.0,1,23,0,0
2025-05-05 23:00:00,381,Kingsbridge Rd (4),Bronx,40.86776,-73.89717,36.0,133.70929999999998,1,10.0,1,23,0,0
2025-05-05 23:00:00,382,Fordham Rd (4),Bronx,40.862804,-73.90103,48.0,150.71529999999998,1,10.0,1,23,0,0
2025-05-05 23:00:00,383,183 St (4),Bronx,40.858406,-73.90388,15.0,115.3313,1,10.0,1,23,0,0
2025-05-05 23:00:00,384,Burnside Av (4),Bronx,40.853455,-73.907684,41.0,141.92499999999998,1,10.0,1,23,0,0
2025-05-05 23:00:00,385,176 St (4),Bronx,40.84848,-73.9118,26.0,84.5899,1,11.0,1,23,0,0
2025-05-05 23:00:00,386,Mt Eden Av (4),Bronx,40.844433,-73.91469,24.0,73.2111,1,11.0,1,23,0,0
2025-05-05 23:00:00,387,170 St (4),Bronx,40.840076,-73.91779,35.0,119.8606,1,11.0,1,23,0,0
2025-05-05 23:00:00,388,167 St (4),Bronx,40.835537,-73.9214,63.0,157.4045,1,10.0,1,23,0,0
2025-05-05 23:00:00,391,"138 St-Grand Concourse (4,5)",Bronx,40.813225,-73.92985,23.0,52.6784,1,11.0,1,23,0,0
2025-05-05 23:00:00,392,"125 St (4,5,6)",Manhattan,40.80414,-73.93759,198.0,217.9545,1,24.0,1,23,0,0
2025-05-05 23:00:00,393,116 St (6),Manhattan,40.79863,-73.94162,98.0,171.5593,1,13.0,1,23,0,0
2025-05-05 23:00:00,394,110 St (6),Manhattan,40.79502,-73.94425,39.0,116.0672,1,12.0,1,23,0,0
2025-05-05 23:00:00,395,103 St (6),Manhattan,40.7906,-73.94748,97.0,115.0732,1,12.0,1,23,0,0
2025-05-05 23:00:00,396,96 St (6),Manhattan,40.78567,-73.95107,158.0,83.9549,1,12.0,1,23,0,0
2025-05-05 23:00:00,397,"86 St (4,5,6)",Manhattan,40.77949,-73.95559,490.0,179.383,1,23.0,1,23,0,0
2025-05-05 23:00:00,398,77 St (6),Manhattan,40.77362,-73.95988,389.0,91.6636,1,13.0,1,23,0,0
2025-05-05 23:00:00,399,68 St-Hunter College (6),Manhattan,40.768143,-73.96387,194.0,46.658,1,12.0,1,23,0,0
2025-05-05 23:00:00,403,33 St (6),Manhattan,40.746082,-73.98208,308.0,109.8838,1,12.0,1,23,0,0
2025-05-05 23:00:00,404,28 St (6),Manhattan,40.74307,-73.98426,266.0,88.9155,1,13.0,1,23,0,0
2025-05-05 23:00:00,405,23 St-Baruch College (6),Manhattan,40.739864,-73.9866,263.0,93.1854,1,14.0,1,23,0,0
2025-05-05 23:00:00,407,Astor Pl (6),Manhattan,40.730053,-73.99107,280.0,69.4807,1,14.0,1,23,0,0
2025-05-05 23:00:00,409,Spring St (6),Manhattan,40.7223,-73.99714,132.0,56.4575,1,12.0,1,23,0,0
2025-05-05 23:00:00,413,"Wall St (4,5)",Manhattan,40.707558,-74.01186,120.0,67.8103,1,11.0,1,23,0,0
2025-05-05 23:00:00,414,"Bowling Green (4,5)",Manhattan,40.70482,-74.01407,134.0,104.6693,1,10.0,1,23,0,0
2025-05-05 23:00:00,416,Wakefield-241 St (2),Bronx,40.903126,-73.85062,20.0,51.5983,1,5.0,1,23,0,0
2025-05-05 23:00:00,417,"Nereid Av (2,5)",Bronx,40.89838,-73.85438,3.0,25.7591,1,10.0,1,23,0,0
2025-05-05 23:00:00,418,"233 St (2,5)",Bronx,40.893192,-73.857475,18.0,49.8323,1,10.0,1,23,0,0
2025-05-05 23:00:00,419,"225 St (2,5)",Bronx,40.888023,-73.860344,11.0,46.9127,1,10.0,1,23,0,0
2025-05-05 23:00:00,420,"219 St (2,5)",Bronx,40.883896,-73.86263,9.0,40.1857,1,10.0,1,23,0,0
2025-05-05 23:00:00,421,"Gun Hill Rd (2,5)",Bronx,40.87785,-73.86626,41.0,87.6163,1,10.0,1,23,0,0
2025-05-05 23:00:00,422,"Burke Av (2,5)",Bronx,40.871357,-73.867165,5.0,34.2836,1,10.0,1,23,0,0
2025-05-05 23:00:00,423,"Allerton Av (2,5)",Bronx,40.865463,-73.867355,12.0,54.4255,1,9.0,1,23,0,0
2025-05-05 23:00:00,424,"Pelham Pkwy (2,5)",Bronx,40.857193,-73.867615,31.0,83.0291,1,10.0,1,23,0,0
2025-05-05 23:00:00,425,"Bronx Park East (2,5)",Bronx,40.848827,-73.868454,4.0,27.5882,1,10.0,1,23,0,0
2025-05-05 23:00:00,426,"E 180 St (2,5)",Bronx,40.841892,-73.87349,54.0,127.4064,1,14.0,1,23,0,0
2025-05-05 23:00:00,427,"West Farms Sq-E Tremont Av (2,5)",Bronx,40.840294,-73.88005,21.0,78.7338,1,10.0,1,23,0,0
2025-05-05 23:00:00,428,"174 St (2,5)",Bronx,40.837288,-73.88773,23.0,86.2688,1,10.0,1,23,0,0
2025-05-05 23:00:00,429,"Freeman St (2,5)",Bronx,40.829994,-73.89187,14.0,78.1516,1,9.0,1,23,0,0
2025-05-05 23:00:00,430,"Simpson St (2,5)",Bronx,40.824074,-73.89307,44.0,118.4125,1,11.0,1,23,0,0
2025-05-05 23:00:00,431,"Intervale Av (2,5)",Bronx,40.82218,-73.896736,18.0,53.1126,1,11.0,1,23,0,0
2025-05-05 23:00:00,432,"Prospect Av (2,5)",Bronx,40.819584,-73.90177,38.0,105.3465,1,11.0,1,23,0,0
2025-05-05 23:00:00,433,"Jackson Av (2,5)",Bronx,40.81649,-73.90781,33.0,87.2485,1,11.0,1,23,0,0
2025-05-05 23:00:00,434,"3 Av-149 St (2,5)",Bronx,40.81611,-73.917755,113.0,256.8578,1,10.0,1,23,0,0
2025-05-05 23:00:00,436,Harlem-148 St (3),Manhattan,40.82388,-73.93647,13.0,51.4683,1,3.0,1,23,0,0
2025-05-05 23:00:00,437,145 St (3),Manhattan,40.82042,-73.93625,9.0,43.7321,1,8.0,1,23,0,0
2025-05-05 23:00:00,438,"135 St (2,3)",Manhattan,40.814228,-73.94077,98.0,149.9738,1,17.0,1,23,0,0
2025-05-05 23:00:00,439,"125 St (2,3)",Manhattan,40.807755,-73.945496,116.0,135.2742,1,17.0,1,23,0,0
2025-05-05 23:00:00,440,"116 St (2,3)",Manhattan,40.802097,-73.94962,64.0,115.9778,1,18.0,1,23,0,0
2025-05-05 23:00:00,441,"110 St-Malcolm X Plaza (2,3)",Manhattan,40.799076,-73.95182,56.0,83.63380000000001,1,17.0,1,23,0,0
2025-05-05 23:00:00,442,Eastchester-Dyre Av (5),Bronx,40.8883,-73.83083,10.0,36.2693,1,3.0,1,23,0,0
2025-05-05 23:00:00,443,Baychester Av (5),Bronx,40.878662,-73.83859,10.0,26.0972,1,8.0,1,23,0,0
2025-05-05 23:00:00,444,Gun Hill Rd (5),Bronx,40.869526,-73.84638,7.0,56.4886,1,8.0,1,23,0,0
2025-05-05 23:00:00,445,Pelham Pkwy (5),Bronx,40.858986,-73.85536,1.0,32.9762,1,9.0,1,23,0,0
2025-05-05 23:00:00,446,Morris Park (5),Bronx,40.854362,-73.8605,5.0,31.2948,1,9.0,1,23,0,0
2025-05-05 23:00:00,447,Flushing-Main St (7),Queens,40.7596,-73.83003,382.0,575.6544,1,9.0,1,23,0,0
2025-05-05 23:00:00,448,Mets-Willets Point (7),Queens,40.754623,-73.84563,21.0,25.9698,1,18.0,1,23,0,0
2025-05-05 23:00:00,449,111 St (7),Queens,40.75173,-73.85533,34.0,283.7241,1,19.0,1,23,0,0
2025-05-05 23:00:00,450,103 St-Corona Plaza (7),Queens,40.749866,-73.8627,69.0,550.7075,1,19.0,1,23,0,0
2025-05-05 23:00:00,451,Junction Blvd (7),Queens,40.749146,-73.86953,89.0,633.5068,1,18.0,1,23,0,0
2025-05-05 23:00:00,452,90 St-Elmhurst Av (7),Queens,40.74841,-73.87661,83.0,444.8016,1,18.0,1,23,0,0
2025-05-05 23:00:00,453,82 St-Jackson Hts (7),Queens,40.747658,-73.8837,80.0,243.1543,1,18.0,1,23,0,0
2025-05-05 23:00:00,455,69 St (7),Queens,40.746326,-73.8964,36.0,131.7614,1,18.0,1,23,0,0
2025-05-05 23:00:00,456,61 St-Woodside (7),Queens,40.74563,-73.902985,103.0,251.577,1,18.0,1,23,0,0
2025-05-05 23:00:00,457,52 St (7),Queens,40.74415,-73.91255,26.0,120.926,1,19.0,1,23,0,0
2025-05-05 23:00:00,458,46 St-Bliss St (7),Queens,40.743134,-73.918434,66.0,218.1545,1,19.0,1,23,0,0
2025-05-05 23:00:00,459,40 St-Lowery St (7),Queens,40.743782,-73.92402,43.0,143.1555,1,19.0,1,23,0,0
2025-05-05 23:00:00,460,33 St-Rawson St (7),Queens,40.744587,-73.931,71.0,34.6944,1,20.0,1,23,0,0
2025-05-05 23:00:00,461,"Queensboro Plaza (7,N,W)",Queens,40.750584,-73.9402,140.0,142.5829,1,18.0,1,23,0,0
2025-05-05 23:00:00,463,Hunters Point Av (7),Queens,40.742214,-73.94891,81.0,39.2921,1,18.0,1,23,0,0
2025-05-05 23:00:00,464,Vernon Blvd-Jackson Av (7),Queens,40.742626,-73.95358,99.0,127.6891,1,20.0,1,23,0,0
2025-05-05 23:00:00,471,34 St-Hudson Yards (7),Manhattan,40.755882,-74.00191,329.0,89.8504,1,9.0,1,23,0,0
2025-05-05 23:00:00,475,96 St (Q),Manhattan,40.784317,-73.94715,112.0,155.27949999999998,1,5.0,1,23,0,0
2025-05-05 23:00:00,476,86 St (Q),Manhattan,40.77789,-73.95179,150.0,140.2131,1,10.0,1,23,0,0
2025-05-05 23:00:00,477,72 St (Q),Manhattan,40.7688,-73.95843,236.0,116.0559,1,9.0,1,23,0,0
2025-05-05 23:00:00,501,St George (SIR),Staten Island,40.64375,-74.07365,40.0,,0,2.0,1,23,0,0
2025-05-05 23:00:00,502,Tompkinsville (SIR),Staten Island,40.636948,-74.07484,6.0,,0,4.0,1,23,0,0
2025-05-05 23:00:00,601,"14 St/6 Av (1,2,3,L,F,M)",Manhattan,40.737797,-73.997734,628.0,198.7602,1,48.0,1,23,0,0
2025-05-05 23:00:00,602,"14 St-Union Sq (4,5,6,L,N,Q,R,W)",Manhattan,40.735065,-73.99042,1358.0,378.364,1,47.0,1,23,0,0
2025-05-05 23:00:00,603,"149 St-Grand Concourse (2,4,5)",Bronx,40.818394,-73.92703,108.0,126.686,1,10.0,1,23,0,0
2025-05-05 23:00:00,604,"161 St-Yankee Stadium (4,B,D)",Bronx,40.82795,-73.92574,3086.0,311.6878,1,20.0,1,23,0,0
2025-05-05 23:00:00,605,"168 St-Washington Hts (1,A,C)",Manhattan,40.840637,-73.93985,183.0,234.2056,1,23.0,1,23,0,0
2025-05-05 23:00:00,606,"Court Sq-23 St (7,E,F,G)",Queens,40.747143,-73.94503,167.0,191.2907,1,33.0,1,23,0,0
2025-05-05 23:00:00,607,"34 St-Herald Sq (B,D,F,M,N,Q,R,W)",Manhattan,40.74964,-73.987885,1234.0,476.8049,1,46.0,1,23,0,0
2025-05-05 23:00:00,608,"4 Av-9 St (F,G,R)",Brooklyn,40.67056,-73.989044,86.0,93.819,1,41.0,1,23,0,0
2025-05-05 23:00:00,609,"42 St-Bryant Pk/5 Av (7,B,D,F,M)",Manhattan,40.75402,-73.98327,549.0,188.1561,1,38.0,1,23,0,0
2025-05-05 23:00:00,610,"Grand Central-42 St (4,5,6,7,S)",Manhattan,40.75199,-73.977356,1323.0,611.7424,1,54.0,1,23,0,0
2025-05-05 23:00:00,611,"Times Sq-42 St/Port Authority Bus Terminal (1,2,3,7,A,C,E,N,Q,R,W,S)",Manhattan,40.755745,-73.98758,2505.0,1231.9462,1,89.0,1,23,0,0
2025-05-05 23:00:00,612,"Lexington Av/51-53 Sts (6,E,F)",Manhattan,40.757328,-73.97049,520.0,215.3923,1,25.0,1,23,0,0
2025-05-05 23:00:00,613,"Lexington Av/59 St (4,5,6,N,R,W)",Manhattan,40.762592,-73.96761,658.0,166.8383,1,39.0,1,23,0,0
2025-05-05 23:00:00,614,"59 St-Columbus Circle (1,A,C,B,D)",Manhattan,40.768272,-73.981834,1210.0,306.3754,1,34.0,1,23,0,0
2025-05-05 23:00:00,615,"62 St/New Utrecht Av (D,N)",Brooklyn,40.625656,-73.99663,21.0,42.7206,1,17.0,1,23,0,0
2025-05-05 23:00:00,616,"Jackson Hts-Roosevelt Av/74 St-Broadway (7,E,F,M,R)",Queens,40.746746,-73.891365,502.0,953.9567,1,43.0,1,23,0,0
2025-05-05 23:00:00,617,"Atlantic Av-Barclays Ctr (2,3,4,5,B,D,N,Q,R)",Brooklyn,40.684162,-73.97779,346.0,247.3783,1,53.0,1,23,0,0
2025-05-05 23:00:00,618,"14 St/8 Av (A,C,E,L)",Manhattan,40.740334,-74.00214,704.0,206.6432,1,30.0,1,23,0,0
2025-05-05 23:00:00,619,"Broadway-Lafayette St/Bleecker St (6,B,D,F,M)",Manhattan,40.725605,-73.99543,503.0,154.0859,1,36.0,1,23,0,0
2025-05-05 23:00:00,620,"Borough Hall/Court St (2,3,4,5,R)",Brooklyn,40.69324,-73.99064,141.0,98.6323,1,32.0,1,23,0,0
2025-05-05 23:00:00,621,"Broadway Junction (A,C,J,Z,L)",Brooklyn,40.678898,-73.90436,61.0,111.9576,1,12.0,1,23,0,0
2025-05-05 23:00:00,622,"Brooklyn Bridge-City Hall/Chambers St (4,5,6,J,Z)",Manhattan,40.713154,-74.00377,209.0,80.8429,1,25.0,1,23,0,0
2025-05-05 23:00:00,623,"Canal St (6,J,Z,N,Q,R,W)",Manhattan,40.7187,-74.00058,306.0,140.26409999999998,1,33.0,1,23,0,0
2025-05-05 23:00:00,624,"Chambers St/WTC/Park Place/Cortlandt St (2,3,A,C,E,R,W)",Manhattan,40.712605,-74.00955,326.0,225.1803,1,36.0,1,23,0,0
2025-05-05 23:00:00,625,"Delancey St-Essex St (F,M,J,Z)",Manhattan,40.718464,-73.98778,515.0,211.2688,1,22.0,1,23,0,0
2025-05-05 23:00:00,626,"Franklin Av-Medgar Evers College/Botanic Garden (2,3,4,5,S)",Brooklyn,40.670513,-73.95869,88.0,168.3626,1,26.0,1,23,0,0
2025-05-05 23:00:00,627,"Franklin Av (C,S)",Brooklyn,40.68099,-73.95634,46.0,52.3634,1,13.0,1,23,0,0
2025-05-05 23:00:00,628,"Fulton St (2,3,4,5,A,C,J,Z)",Manhattan,40.71009,-74.007835,651.0,421.7314,1,30.0,1,23,0,0
2025-05-05 23:00:00,629,"Metropolitan Av/Lorimer St (G,L)",Brooklyn,40.71343,-73.95084,291.0,192.2482,1,21.0,1,23,0,0
2025-05-05 23:00:00,630,"Myrtle-Wyckoff Avs (M,L)",Brooklyn,40.699623,-73.91199,126.0,376.9873,1,15.0,1,23,0,0
2025-05-05 23:00:00,635,"Whitehall St-South Ferry (1,R,W)",Manhattan,40.702576,-74.01333,118.0,171.427,1,18.0,1,23,0,0
2025-05-05 23:00:00,636,"Jay St-MetroTech (A,C,F,R)",Brooklyn,40.69226,-73.98664,239.0,167.71,1,33.0,1,23,0,0
