timestamp,station_complex_id,station_complex,passenger_exits
2025-05-05 00:00:00,1,"Astoria-Ditmars Blvd (N,W)",78.2032
2025-05-05 00:00:00,2,"Astoria Blvd (N,W)",68.173
2025-05-05 00:00:00,3,"30 Av (N,W)",88.2251
2025-05-05 00:00:00,4,"Broadway (N,W)",75.4862
2025-05-05 00:00:00,5,"36 Av (N,W)",39.2564
2025-05-05 00:00:00,6,"39 Av-Dutch Kills (N,W)",18.4358
2025-05-05 00:00:00,8,"5 Av/59 St (N,R,W)",11.3343
2025-05-05 00:00:00,9,"57 St-7 Av (N,Q,R,W)",55.2102
2025-05-05 00:00:00,10,"49 St (N,R,W)",67.9983
2025-05-05 00:00:00,13,"28 St (R,W)",46.5706
2025-05-05 00:00:00,14,"23 St (R,W)",29.8246
2025-05-05 00:00:00,16,"8 St-NYU (R,W)",39.902
2025-05-05 00:00:00,17,"Prince St (R,W)",20.4571
2025-05-05 00:00:00,20,"City Hall (R,W)",3.9834
2025-05-05 00:00:00,22,"Rector St (R,W)",13.009
2025-05-05 00:00:00,26,"DeKalb Av (B,Q,R)",77.0926
2025-05-05 00:00:00,28,Union St (R),21.0477
2025-05-05 00:00:00,30,Prospect Av (R),30.2658
2025-05-05 00:00:00,31,25 St (R),26.2015
2025-05-05 00:00:00,32,"36 St (D,N,R)",77.2993
2025-05-05 00:00:00,33,45 St (R),64.7975
2025-05-05 00:00:00,34,53 St (R),74.1272
2025-05-05 00:00:00,35,"59 St (N,R)",97.7346
2025-05-05 00:00:00,36,Bay Ridge Av (R),43.5777
2025-05-05 00:00:00,37,77 St (R),31.9759
2025-05-05 00:00:00,38,86 St (R),40.5542
2025-05-05 00:00:00,39,Bay Ridge-95 St (R),20.6129
2025-05-05 00:00:00,41,"7 Av (B,Q)",33.8984
2025-05-05 00:00:00,42,"Prospect Park (B,Q,S)",77.9047
2025-05-05 00:00:00,43,Parkside Av (Q),52.3341
2025-05-05 00:00:00,44,"Church Av (B,Q)",98.5018
2025-05-05 00:00:00,45,Beverley Rd (Q),30.0238
2025-05-05 00:00:00,46,Cortelyou Rd (Q),48.5907
2025-05-05 00:00:00,47,"Newkirk Plaza (B,Q)",67.7133
2025-05-05 00:00:00,48,Avenue H (Q),19.4049
2025-05-05 00:00:00,49,Avenue J (Q),26.7396
2025-05-05 00:00:00,50,Avenue M (Q),25.9776
2025-05-05 00:00:00,51,"Kings Hwy (B,Q)",82.3196
2025-05-05 00:00:00,52,Avenue U (Q),26.5779
2025-05-05 00:00:00,53,Neck Rd (Q),19.3452
2025-05-05 00:00:00,54,"Sheepshead Bay (B,Q)",44.6281
2025-05-05 00:00:00,55,"Brighton Beach (B,Q)",53.3494
2025-05-05 00:00:00,56,Ocean Pkwy (Q),8.9708
2025-05-05 00:00:00,57,"W 8 St-NY Aquarium (F,Q)",8.3743
2025-05-05 00:00:00,58,"Coney Island-Stillwell Av (D,F,N,Q)",69.0661
2025-05-05 00:00:00,59,9 Av (D),57.5188
2025-05-05 00:00:00,60,Fort Hamilton Pkwy (D),31.439
2025-05-05 00:00:00,61,50 St (D),11.5221
2025-05-05 00:00:00,62,55 St (D),8.9202
2025-05-05 00:00:00,64,71 St (D),32.3561
2025-05-05 00:00:00,65,79 St (D),42.9311
2025-05-05 00:00:00,66,18 Av (D),27.9623
2025-05-05 00:00:00,67,20 Av (D),33.4568
2025-05-05 00:00:00,68,Bay Pkwy (D),36.817
2025-05-05 00:00:00,69,25 Av (D),15.8101
2025-05-05 00:00:00,70,Bay 50 St (D),14.0787
2025-05-05 00:00:00,71,8 Av (N),35.951
2025-05-05 00:00:00,72,Fort Hamilton Pkwy (N),38.0024
2025-05-05 00:00:00,74,18 Av (N),22.6769
2025-05-05 00:00:00,75,20 Av (N),21.1883
2025-05-05 00:00:00,76,Bay Pkwy (N),38.0842
2025-05-05 00:00:00,77,Kings Hwy (N),32.5363
2025-05-05 00:00:00,78,Avenue U (N),14.4608
2025-05-05 00:00:00,79,86 St (N),14.939
2025-05-05 00:00:00,80,"121 St (J,Z)",16.1756
2025-05-05 00:00:00,81,111 St (J),15.5178
2025-05-05 00:00:00,82,"104 St (J,Z)",17.3061
2025-05-05 00:00:00,83,"Woodhaven Blvd (J,Z)",29.7753
2025-05-05 00:00:00,84,85 St-Forest Pkwy (J),13.1893
2025-05-05 00:00:00,85,"75 St-Elderts Ln (J,Z)",30.7287
2025-05-05 00:00:00,86,Cypress Hills (J),2.66
2025-05-05 00:00:00,87,"Crescent St (J,Z)",30.7845
2025-05-05 00:00:00,88,"Norwood Av (J,Z)",18.5165
2025-05-05 00:00:00,89,Cleveland St (J),8.7143
2025-05-05 00:00:00,90,"Van Siclen Av (J,Z)",21.771
2025-05-05 00:00:00,91,Alabama Av (J),12.0422
2025-05-05 00:00:00,93,"Chauncey St (J,Z)",19.286
2025-05-05 00:00:00,94,Halsey St (J),58.2188
2025-05-05 00:00:00,95,"Gates Av (J,Z)",54.1817
2025-05-05 00:00:00,96,Kosciuszko St (J),47.9204
2025-05-05 00:00:00,97,"Myrtle Av (M,J,Z)",86.4952
2025-05-05 00:00:00,98,"Flushing Av (M,J)",35.0204
2025-05-05 00:00:00,99,"Lorimer St (M,J)",21.1126
2025-05-05 00:00:00,100,"Hewes St (M,J)",15.1128
2025-05-05 00:00:00,101,"Marcy Av (M,J,Z)",41.4168
2025-05-05 00:00:00,103,"Bowery (J,Z)",13.1944
2025-05-05 00:00:00,107,"Broad St (J,Z)",12.8176
2025-05-05 00:00:00,108,Middle Village-Metropolitan Av (M),15.2416
2025-05-05 00:00:00,109,Fresh Pond Rd (M),28.3688
2025-05-05 00:00:00,110,Forest Av (M),27.1509
2025-05-05 00:00:00,111,Seneca Av (M),19.7902
2025-05-05 00:00:00,113,Knickerbocker Av (M),24.139
2025-05-05 00:00:00,114,Central Av (M),29.0123
2025-05-05 00:00:00,118,3 Av (L),19.3886
2025-05-05 00:00:00,119,1 Av (L),109.4538
2025-05-05 00:00:00,120,Bedford Av (L),150.2846
2025-05-05 00:00:00,122,Graham Av (L),56.481
2025-05-05 00:00:00,123,Grand St (L),40.7119
2025-05-05 00:00:00,124,Montrose Av (L),56.8824
2025-05-05 00:00:00,125,Morgan Av (L),71.6447
2025-05-05 00:00:00,126,Jefferson St (L),79.4428
2025-05-05 00:00:00,127,DeKalb Av (L),121.0219
2025-05-05 00:00:00,129,Halsey St (L),82.4138
2025-05-05 00:00:00,130,Wilson Av (L),57.3422
2025-05-05 00:00:00,131,Bushwick Av-Aberdeen St (L),33.6343
2025-05-05 00:00:00,133,Atlantic Av (L),18.0865
2025-05-05 00:00:00,134,Sutter Av (L),32.817
2025-05-05 00:00:00,135,Livonia Av (L),21.3156
2025-05-05 00:00:00,136,New Lots Av (L),30.3813
2025-05-05 00:00:00,137,East 105 St (L),22.8139
2025-05-05 00:00:00,138,Canarsie-Rockaway Pkwy (L),81.6755
2025-05-05 00:00:00,141,Park Pl (S),6.2742
2025-05-05 00:00:00,143,Inwood-207 St (A),50.5126
2025-05-05 00:00:00,144,Dyckman St (A),42.5299
2025-05-05 00:00:00,145,190 St (A),21.514
2025-05-05 00:00:00,146,181 St (A),76.7771
2025-05-05 00:00:00,147,175 St (A),61.8275
2025-05-05 00:00:00,149,163 St-Amsterdam Av (C),46.1933
2025-05-05 00:00:00,150,155 St (C),23.703300000000002
2025-05-05 00:00:00,151,"145 St (A,C,B,D)",202.3389
2025-05-05 00:00:00,152,"135 St (C,B)",30.7714
2025-05-05 00:00:00,153,"125 St (A,C,B,D)",161.7287
2025-05-05 00:00:00,154,"116 St (C,B)",42.462
2025-05-05 00:00:00,155,"Cathedral Pkwy (110 St) (C,B)",58.6241
2025-05-05 00:00:00,156,"103 St (C,B)",42.1511
2025-05-05 00:00:00,157,"96 St (C,B)",21.5492
2025-05-05 00:00:00,158,"86 St (C,B)",35.2349
2025-05-05 00:00:00,159,"81 St-Museum of Natural History (C,B)",29.9744
2025-05-05 00:00:00,160,"72 St (C,B)",24.961199999999998
2025-05-05 00:00:00,162,"50 St (C,E)",91.6685
2025-05-05 00:00:00,164,"34 St-Penn Station (A,C,E)",210.1682
2025-05-05 00:00:00,165,"23 St (C,E)",52.7393
2025-05-05 00:00:00,167,"W 4 St-Wash Sq (A,C,E,B,D,F,M)",117.8129
2025-05-05 00:00:00,168,"Spring St (C,E)",17.1782
2025-05-05 00:00:00,169,"Canal St (A,C,E)",33.642
2025-05-05 00:00:00,173,"High St (A,C)",22.3694
2025-05-05 00:00:00,175,"Hoyt-Schermerhorn Sts (A,C,G)",42.9018
2025-05-05 00:00:00,176,Lafayette Av (C),22.2345
2025-05-05 00:00:00,177,Clinton-Washington Avs (C),28.6661
2025-05-05 00:00:00,179,"Nostrand Av (A,C)",132.0533
2025-05-05 00:00:00,180,Kingston-Throop Avs (C),66.76689999999999
2025-05-05 00:00:00,181,"Utica Av (A,C)",130.0308
2025-05-05 00:00:00,182,Ralph Av (C),42.0587
2025-05-05 00:00:00,183,Rockaway Av (C),58.3574
2025-05-05 00:00:00,185,Liberty Av (C),14.8946
2025-05-05 00:00:00,186,Van Siclen Av (C),22.8222
2025-05-05 00:00:00,187,Shepherd Av (C),20.541
2025-05-05 00:00:00,188,"Euclid Av (A,C)",84.7116
2025-05-05 00:00:00,189,Grant Av (A),54.9739
2025-05-05 00:00:00,190,80 St (A),58.6802
2025-05-05 00:00:00,191,88 St (A),27.0459
2025-05-05 00:00:00,192,Rockaway Blvd (A),40.4904
2025-05-05 00:00:00,193,104 St (A),16.1518
2025-05-05 00:00:00,194,111 St (A),10.8632
2025-05-05 00:00:00,195,Ozone Park-Lefferts Blvd (A),33.3283
2025-05-05 00:00:00,196,Aqueduct Racetrack (A),5.0081
2025-05-05 00:00:00,197,Aqueduct-N Conduit Av (A),3.5923
2025-05-05 00:00:00,198,Howard Beach-JFK Airport (A),47.496
2025-05-05 00:00:00,199,"Broad Channel (A,S)",1.3397999999999999
2025-05-05 00:00:00,200,"Beach 90 St (A,S)",1.6989999999999998
2025-05-05 00:00:00,201,"Beach 98 St (A,S)",1.2066000000000001
2025-05-05 00:00:00,203,"Rockaway Park-Beach 116 St (A,S)",1.2235
2025-05-05 00:00:00,204,Beach 67 St (A),9.6663
2025-05-05 00:00:00,205,Beach 60 St (A),7.0517
2025-05-05 00:00:00,206,Beach 44 St (A),2.8742
2025-05-05 00:00:00,207,Beach 36 St (A),1.634
2025-05-05 00:00:00,208,Beach 25 St (A),4.8401000000000005
2025-05-05 00:00:00,209,Far Rockaway-Mott Av (A),17.1221
2025-05-05 00:00:00,210,Norwood-205 St (D),60.9432
2025-05-05 00:00:00,211,"Bedford Park Blvd (B,D)",41.3345
2025-05-05 00:00:00,212,"Kingsbridge Rd (B,D)",59.1314
2025-05-05 00:00:00,213,"Fordham Rd (B,D)",88.6411
2025-05-05 00:00:00,214,"182-183 Sts (B,D)",53.9658
2025-05-05 00:00:00,215,"Tremont Av (B,D)",71.9757
2025-05-05 00:00:00,216,"174-175 Sts (B,D)",34.6035
2025-05-05 00:00:00,217,"170 St (B,D)",60.0106
2025-05-05 00:00:00,218,"167 St (B,D)",85.524
2025-05-05 00:00:00,220,"155 St (B,D)",11.7373
2025-05-05 00:00:00,221,21 St-Queensbridge (F),102.0581
2025-05-05 00:00:00,222,Roosevelt Island (F),52.0179
2025-05-05 00:00:00,223,"Lexington Av/63 St (F,Q)",45.4118
2025-05-05 00:00:00,224,57 St (F),35.603300000000004
2025-05-05 00:00:00,225,"47-50 Sts-Rockefeller Ctr (B,D,F,M)",59.9529
2025-05-05 00:00:00,228,"23 St (F,M)",33.3806
2025-05-05 00:00:00,231,"Grand St (B,D)",59.5235
2025-05-05 00:00:00,232,2 Av (F),55.4083
2025-05-05 00:00:00,234,East Broadway (F),60.5585
2025-05-05 00:00:00,235,York St (F),36.6058
2025-05-05 00:00:00,236,"Bergen St (F,G)",21.9722
2025-05-05 00:00:00,237,"Carroll St (F,G)",21.1788
2025-05-05 00:00:00,238,"Smith-9 Sts (F,G)",14.0385
2025-05-05 00:00:00,240,"7 Av (F,G)",25.982
2025-05-05 00:00:00,241,"15 St-Prospect Park (F,G)",11.1735
2025-05-05 00:00:00,242,"Fort Hamilton Pkwy (F,G)",16.1917
2025-05-05 00:00:00,243,"Church Av (F,G)",60.9384
2025-05-05 00:00:00,244,Ditmas Av (F),24.5807
2025-05-05 00:00:00,245,18 Av (F),13.7596
2025-05-05 00:00:00,246,Avenue I (F),3.6048
2025-05-05 00:00:00,247,Bay Pkwy (F),6.3697
2025-05-05 00:00:00,248,Avenue N (F),13.0257
2025-05-05 00:00:00,249,Avenue P (F),9.1722
2025-05-05 00:00:00,250,Kings Hwy (F),9.5538
2025-05-05 00:00:00,251,Avenue U (F),3.6982
2025-05-05 00:00:00,252,Avenue X (F),10.2367
2025-05-05 00:00:00,253,Neptune Av (F),4.9527
2025-05-05 00:00:00,254,Jamaica-179 St (F),119.6797
2025-05-05 00:00:00,255,169 St (F),71.1814
2025-05-05 00:00:00,256,Parsons Blvd (F),66.3618
2025-05-05 00:00:00,257,Sutphin Blvd (F),43.9011
2025-05-05 00:00:00,258,"Briarwood (E,F)",23.1847
2025-05-05 00:00:00,259,"Kew Gardens-Union Tpke (E,F)",120.8569
2025-05-05 00:00:00,260,"75 Av (E,F)",11.5211
2025-05-05 00:00:00,261,"Forest Hills-71 Av (E,F,M,R)",94.5708
2025-05-05 00:00:00,262,"67 Av (M,R)",30.0814
2025-05-05 00:00:00,263,"63 Dr-Rego Park (M,R)",65.101
2025-05-05 00:00:00,264,"Woodhaven Blvd (M,R)",103.1515
2025-05-05 00:00:00,265,"Grand Av-Newtown (M,R)",128.6245
2025-05-05 00:00:00,266,"Elmhurst Av (M,R)",112.8355
2025-05-05 00:00:00,268,"65 St (M,R)",29.566
2025-05-05 00:00:00,269,"Northern Blvd (M,R)",38.390100000000004
2025-05-05 00:00:00,270,"46 St (M,R)",47.367399999999996
2025-05-05 00:00:00,271,"Steinway St (M,R)",60.6334
2025-05-05 00:00:00,272,"36 St (M,R)",17.3152
2025-05-05 00:00:00,273,"Queens Plaza (E,M,R)",80.8453
2025-05-05 00:00:00,276,"5 Av/53 St (E,M)",12.2729
2025-05-05 00:00:00,277,"7 Av (E,B,D)",54.9132
2025-05-05 00:00:00,278,"Jamaica Center-Parsons/Archer (E,J,Z)",169.7848
2025-05-05 00:00:00,279,"Sutphin Blvd-Archer Av-JFK Airport (E,J,Z)",153.0169
2025-05-05 00:00:00,280,Jamaica-Van Wyck (E),30.9526
2025-05-05 00:00:00,282,21 St (G),9.7518
2025-05-05 00:00:00,283,Greenpoint Av (G),47.35
2025-05-05 00:00:00,284,Nassau Av (G),35.1788
2025-05-05 00:00:00,286,Broadway (G),19.581
2025-05-05 00:00:00,287,Flushing Av (G),14.9761
2025-05-05 00:00:00,288,Myrtle-Willoughby Avs (G),46.6763
2025-05-05 00:00:00,289,Bedford-Nostrand Avs (G),66.32639999999999
2025-05-05 00:00:00,290,Classon Av (G),27.6056
2025-05-05 00:00:00,291,Clinton-Washington Avs (G),21.229
2025-05-05 00:00:00,292,Fulton St (G),11.4296
2025-05-05 00:00:00,293,Van Cortlandt Park-242 St (1),31.1972
2025-05-05 00:00:00,294,238 St (1),31.1493
2025-05-05 00:00:00,295,231 St (1),46.4253
2025-05-05 00:00:00,296,Marble Hill-225 St (1),30.663899999999998
2025-05-05 00:00:00,297,215 St (1),7.2189000000000005
2025-05-05 00:00:00,298,207 St (1),40.5953
2025-05-05 00:00:00,299,Dyckman St (1),51.2827
2025-05-05 00:00:00,300,191 St (1),65.5097
2025-05-05 00:00:00,301,181 St (1),90.0116
2025-05-05 00:00:00,303,157 St (1),96.3061
2025-05-05 00:00:00,304,145 St (1),106.6819
2025-05-05 00:00:00,305,137 St-City College (1),119.1306
2025-05-05 00:00:00,306,125 St (1),60.126
2025-05-05 00:00:00,307,116 St-Columbia University (1),56.3542
2025-05-05 00:00:00,308,Cathedral Pkwy (110 St) (1),66.9225
2025-05-05 00:00:00,309,103 St (1),85.8298
2025-05-05 00:00:00,310,"96 St (1,2,3)",148.2454
2025-05-05 00:00:00,311,86 St (1),53.4424
2025-05-05 00:00:00,312,79 St (1),41.3891
2025-05-05 00:00:00,313,"72 St (1,2,3)",124.0186
2025-05-05 00:00:00,314,66 St-Lincoln Center (1),32.3184
2025-05-05 00:00:00,316,50 St (1),68.0463
2025-05-05 00:00:00,318,"34 St-Penn Station (1,2,3)",157.789
2025-05-05 00:00:00,319,28 St (1),38.725500000000004
2025-05-05 00:00:00,320,23 St (1),50.1468
2025-05-05 00:00:00,321,18 St (1),14.650500000000001
2025-05-05 00:00:00,323,Christopher St-Sheridan Sq (1),39.278999999999996
2025-05-05 00:00:00,324,Houston St (1),20.9496
2025-05-05 00:00:00,325,Canal St (1),11.3535
2025-05-05 00:00:00,326,Franklin St (1),10.8892
2025-05-05 00:00:00,327,"Chambers St (1,2,3)",22.702
2025-05-05 00:00:00,328,WTC Cortlandt (1),51.3625
2025-05-05 00:00:00,329,Rector St (1),26.3576
2025-05-05 00:00:00,333,"Wall St (2,3)",45.870400000000004
2025-05-05 00:00:00,334,"Clark St (2,3)",16.8688
2025-05-05 00:00:00,336,"Hoyt St (2,3)",24.2691
2025-05-05 00:00:00,337,"Nevins St (2,3,4,5)",33.138
2025-05-05 00:00:00,339,"Bergen St (2,3)",16.8631
2025-05-05 00:00:00,340,"Grand Army Plaza (2,3)",21.7455
2025-05-05 00:00:00,341,"Eastern Pkwy-Brooklyn Museum (2,3)",20.3076
2025-05-05 00:00:00,343,Nostrand Av (3),21.4148
2025-05-05 00:00:00,344,Kingston Av (3),27.4714
2025-05-05 00:00:00,345,"Crown Hts-Utica Av (3,4)",174.1712
2025-05-05 00:00:00,346,Sutter Av-Rutland Rd (3),47.3341
2025-05-05 00:00:00,347,Saratoga Av (3),38.1526
2025-05-05 00:00:00,348,Rockaway Av (3),28.7194
2025-05-05 00:00:00,349,Junius St (3),18.9295
2025-05-05 00:00:00,350,Pennsylvania Av (3),19.916
2025-05-05 00:00:00,351,Van Siclen Av (3),21.2539
2025-05-05 00:00:00,352,New Lots Av (3),33.6109
2025-05-05 00:00:00,353,"President St-Medgar Evers College (2,5)",23.5687
2025-05-05 00:00:00,354,"Sterling St (2,5)",36.0983
2025-05-05 00:00:00,355,"Winthrop St (2,5)",37.8014
2025-05-05 00:00:00,356,"Church Av (2,5)",66.8669
2025-05-05 00:00:00,357,"Beverly Rd (2,5)",41.6201
2025-05-05 00:00:00,358,"Newkirk Av-Little Haiti (2,5)",62.3711
2025-05-05 00:00:00,359,"Flatbush Av-Brooklyn College (2,5)",130.7637
2025-05-05 00:00:00,360,Pelham Bay Park (6),23.8587
2025-05-05 00:00:00,361,Buhre Av (6),22.4556
2025-05-05 00:00:00,362,Middletown Rd (6),10.4851
2025-05-05 00:00:00,363,Westchester Sq-E Tremont Av (6),25.8234
2025-05-05 00:00:00,364,Zerega Av (6),20.7832
2025-05-05 00:00:00,365,Castle Hill Av (6),67.2618
2025-05-05 00:00:00,366,Parkchester (6),95.2584
2025-05-05 00:00:00,367,St Lawrence Av (6),47.2109
2025-05-05 00:00:00,368,Morrison Av-Soundview (6),51.0826
2025-05-05 00:00:00,369,Elder Av (6),69.2365
2025-05-05 00:00:00,370,Whitlock Av (6),12.6798
2025-05-05 00:00:00,371,Hunts Point Av (6),68.8879
2025-05-05 00:00:00,372,Longwood Av (6),21.529
2025-05-05 00:00:00,373,E 149 St (6),46.5067
2025-05-05 00:00:00,374,E 143 St-St Mary's St (6),27.0211
2025-05-05 00:00:00,375,Cypress Av (6),19.1186
2025-05-05 00:00:00,376,Brook Av (6),42.0044
2025-05-05 00:00:00,377,3 Av-138 St (6),64.0685
2025-05-05 00:00:00,378,Woodlawn (4),32.9338
2025-05-05 00:00:00,379,Mosholu Pkwy (4),38.8451
2025-05-05 00:00:00,380,Bedford Park Blvd-Lehman College (4),31.7802
2025-05-05 00:00:00,381,Kingsbridge Rd (4),62.6226
2025-05-05 00:00:00,382,Fordham Rd (4),73.3967
2025-05-05 00:00:00,383,183 St (4),55.159
2025-05-05 00:00:00,384,Burnside Av (4),82.4682
2025-05-05 00:00:00,385,176 St (4),47.7052
2025-05-05 00:00:00,386,Mt Eden Av (4),34.5574
2025-05-05 00:00:00,387,170 St (4),57.077
2025-05-05 00:00:00,388,167 St (4),75.2774
2025-05-05 00:00:00,391,"138 St-Grand Concourse (4,5)",23.7271
2025-05-05 00:00:00,392,"125 St (4,5,6)",110.0894
2025-05-05 00:00:00,393,116 St (6),90.2562
2025-05-05 00:00:00,394,110 St (6),69.4642
2025-05-05 00:00:00,395,103 St (6),66.0291
2025-05-05 00:00:00,396,96 St (6),39.815599999999996
2025-05-05 00:00:00,397,"86 St (4,5,6)",83.5116
2025-05-05 00:00:00,398,77 St (6),43.5952
2025-05-05 00:00:00,399,68 St-Hunter College (6),21.6752
2025-05-05 00:00:00,403,33 St (6),54.003499999999995
2025-05-05 00:00:00,404,28 St (6),35.223
2025-05-05 00:00:00,405,23 St (6),40.1613
2025-05-05 00:00:00,407,Astor Pl (6),37.3089
2025-05-05 00:00:00,409,Spring St (6),19.5823
2025-05-05 00:00:00,413,"Wall St (4,5)",33.9433
2025-05-05 00:00:00,414,"Bowling Green (4,5)",61.3442
2025-05-05 00:00:00,416,Wakefield-241 St (2),36.8631
2025-05-05 00:00:00,417,"Nereid Av (2,5)",10.7671
2025-05-05 00:00:00,418,"233 St (2,5)",28.8677
2025-05-05 00:00:00,419,"225 St (2,5)",27.601
2025-05-05 00:00:00,420,"219 St (2,5)",25.2609
2025-05-05 00:00:00,421,"Gun Hill Rd (2,5)",45.2684
2025-05-05 00:00:00,422,"Burke Av (2,5)",16.0029
2025-05-05 00:00:00,423,"Allerton Av (2,5)",33.306
2025-05-05 00:00:00,424,"Pelham Pkwy (2,5)",49.2152
2025-05-05 00:00:00,425,"Bronx Park East (2,5)",17.7768
2025-05-05 00:00:00,426,"E 180 St (2,5)",73.7753
2025-05-05 00:00:00,427,"West Farms Sq-E Tremont Av (2,5)",41.8759
2025-05-05 00:00:00,428,"174 St (2,5)",44.417
2025-05-05 00:00:00,429,"Freeman St (2,5)",49.2973
2025-05-05 00:00:00,430,"Simpson St (2,5)",70.4971
2025-05-05 00:00:00,431,"Intervale Av (2,5)",33.9928
2025-05-05 00:00:00,432,"Prospect Av (2,5)",53.048
2025-05-05 00:00:00,433,"Jackson Av (2,5)",44.5992
2025-05-05 00:00:00,434,"3 Av-149 St (2,5)",147.0117
2025-05-05 00:00:00,436,Harlem-148 St (3),22.577099999999998
2025-05-05 00:00:00,437,145 St (3),22.5098
2025-05-05 00:00:00,438,"135 St (2,3)",96.4013
2025-05-05 00:00:00,439,"125 St (2,3)",67.908
2025-05-05 00:00:00,440,"116 St (2,3)",61.7753
2025-05-05 00:00:00,441,"Central Park North (110 St) (2,3)",46.066
2025-05-05 00:00:00,442,Eastchester-Dyre Av (5),19.8165
2025-05-05 00:00:00,443,Baychester Av (5),20.6149
2025-05-05 00:00:00,444,Gun Hill Rd (5),34.2273
2025-05-05 00:00:00,445,Pelham Pkwy (5),10.1839
2025-05-05 00:00:00,446,Morris Park (5),12.9574
2025-05-05 00:00:00,447,Flushing-Main St (7),285.4506
2025-05-05 00:00:00,448,Mets-Willets Point (7),17.8309
2025-05-05 00:00:00,449,111 St (7),162.8782
2025-05-05 00:00:00,450,103 St-Corona Plaza (7),286.4756
2025-05-05 00:00:00,451,Junction Blvd (7),317.9064
2025-05-05 00:00:00,452,90 St-Elmhurst Av (7),231.3843
2025-05-05 00:00:00,453,82 St-Jackson Hts (7),122.8311
2025-05-05 00:00:00,455,69 St (7),53.8168
2025-05-05 00:00:00,456,61 St-Woodside (7),115.6126
2025-05-05 00:00:00,457,52 St (7),57.7973
2025-05-05 00:00:00,458,46 St-Bliss St (7),112.5079
2025-05-05 00:00:00,459,40 St-Lowery St (7),74.7405
2025-05-05 00:00:00,460,33 St-Rawson St (7),21.8928
2025-05-05 00:00:00,461,"Queensboro Plaza (7,N,W)",78.7006
2025-05-05 00:00:00,463,Hunters Point Av (7),18.9488
2025-05-05 00:00:00,464,Vernon Blvd-Jackson Av (7),71.4332
2025-05-05 00:00:00,471,34 St-Hudson Yards (7),49.4532
2025-05-05 00:00:00,475,96 St (Q),79.6059
2025-05-05 00:00:00,476,86 St (Q),90.8345
2025-05-05 00:00:00,477,72 St (Q),65.8644
2025-05-05 00:00:00,601,"14 St (F,M,1,2,3)/6 Av (L)",116.3041
2025-05-05 00:00:00,602,"14 St-Union Sq (L,N,Q,R,W,4,5,6)",172.8409
2025-05-05 00:00:00,603,"149 St-Grand Concourse (2,4,5)",56.1804
2025-05-05 00:00:00,604,"161 St-Yankee Stadium (B,D,4)",167.5814
2025-05-05 00:00:00,605,"168 St (A,C,1)",123.68299999999999
2025-05-05 00:00:00,606,"Court Sq (E,G,M,7)",101.2204
2025-05-05 00:00:00,607,"34 St-Herald Sq (B,D,F,M,N,Q,R,W)",240.1279
2025-05-05 00:00:00,608,"4 Av (F,G)/9 St (R)",40.3512
2025-05-05 00:00:00,609,"Bryant Pk (B,D,F,M)/5 Av (7)",94.4251
2025-05-05 00:00:00,610,"Grand Central-42 St (S,4,5,6,7)",283.0739
2025-05-05 00:00:00,611,"Times Sq-42 St (N,Q,R,W,S,1,2,3,7)/42 St (A,C,E)",567.8954
2025-05-05 00:00:00,612,"Lexington Av-53 St (E,M)/51 St (6)",119.328
2025-05-05 00:00:00,613,"Lexington Av (N,R,W)/59 St (4,5,6)",82.6673
2025-05-05 00:00:00,614,"59 St-Columbus Circle (A,B,C,D,1)",163.1983
2025-05-05 00:00:00,615,New Utrecht Av (N)/62 St (D),27.635
2025-05-05 00:00:00,616,"74-Broadway (7)/Jackson Hts-Roosevelt Av (E,F,M,R)",461.175
2025-05-05 00:00:00,617,"Atlantic Av-Barclays Ctr (B,D,N,Q,R,2,3,4,5)",140.0696
2025-05-05 00:00:00,618,"14 St (A,C,E)/8 Av (L)",121.1905
2025-05-05 00:00:00,619,"Broadway-Lafayette St (B,D,F,M)/Bleecker St (6)",88.8658
2025-05-05 00:00:00,620,"Court St (R)/Borough Hall (2,3,4,5)",43.3565
2025-05-05 00:00:00,621,"Broadway Junction (A,C,J,L,Z)",65.4199
2025-05-05 00:00:00,622,"Brooklyn Bridge-City Hall (4,5,6)/Chambers St (J,Z)",48.3266
2025-05-05 00:00:00,623,"Canal St (J,N,Q,R,W,Z,6)",81.2679
2025-05-05 00:00:00,624,"Chambers St (A,C)/WTC (E)/Park Pl (2,3)/Cortlandt (R,W)",112.637
2025-05-05 00:00:00,625,"Delancey St (F)/Essex St (J,M,Z)",110.5637
2025-05-05 00:00:00,626,"Franklin Av (2,3,4,5)/Botanic Garden (S)",93.5693
2025-05-05 00:00:00,627,"Franklin Av (C,S)",37.8307
2025-05-05 00:00:00,628,"Fulton St (A,C,J,Z,2,3,4,5)",218.6156
2025-05-05 00:00:00,629,Lorimer St (L)/Metropolitan Av (G),94.6915
2025-05-05 00:00:00,630,"Myrtle-Wyckoff Avs (L,M)",191.6943
2025-05-05 00:00:00,635,"South Ferry (1)/Whitehall St (R,W)",81.8473
2025-05-05 00:00:00,636,"Jay St-MetroTech (A,C,F,R)",103.0728
2025-05-05 01:00:00,1,"Astoria-Ditmars Blvd (N,W)",35.4273
2025-05-05 01:00:00,2,"Astoria Blvd (N,W)",35.3049
2025-05-05 01:00:00,3,"30 Av (N,W)",34.808
2025-05-05 01:00:00,4,"Broadway (N,W)",28.6965
2025-05-05 01:00:00,5,"36 Av (N,W)",12.5181
2025-05-05 01:00:00,6,"39 Av-Dutch Kills (N,W)",8.7189
2025-05-05 01:00:00,8,"5 Av/59 St (N,R,W)",5.7239
2025-05-05 01:00:00,9,"57 St-7 Av (N,Q,R,W)",26.9038
2025-05-05 01:00:00,10,"49 St (N,R,W)",32.7155
2025-05-05 01:00:00,13,"28 St (R,W)",15.3696
2025-05-05 01:00:00,14,"23 St (R,W)",13.6636
2025-05-05 01:00:00,16,"8 St-NYU (R,W)",15.094199999999999
2025-05-05 01:00:00,17,"Prince St (R,W)",8.3887
2025-05-05 01:00:00,20,"City Hall (R,W)",4.412
2025-05-05 01:00:00,22,"Rector St (R,W)",3.8398
2025-05-05 01:00:00,26,"DeKalb Av (B,Q,R)",28.8896
2025-05-05 01:00:00,28,Union St (R),12.8248
2025-05-05 01:00:00,30,Prospect Av (R),8.1488
2025-05-05 01:00:00,31,25 St (R),6.8457
2025-05-05 01:00:00,32,"36 St (D,N,R)",37.8595
2025-05-05 01:00:00,33,45 St (R),30.1189
2025-05-05 01:00:00,34,53 St (R),34.9396
2025-05-05 01:00:00,35,"59 St (N,R)",39.188900000000004
2025-05-05 01:00:00,36,Bay Ridge Av (R),32.5093
2025-05-05 01:00:00,37,77 St (R),14.2005
2025-05-05 01:00:00,38,86 St (R),19.3034
2025-05-05 01:00:00,39,Bay Ridge-95 St (R),16.1857
2025-05-05 01:00:00,41,"7 Av (B,Q)",9.7638
2025-05-05 01:00:00,42,"Prospect Park (B,Q,S)",25.7973
2025-05-05 01:00:00,43,Parkside Av (Q),27.633699999999997
2025-05-05 01:00:00,44,"Church Av (B,Q)",40.1962
2025-05-05 01:00:00,45,Beverley Rd (Q),10.5651
2025-05-05 01:00:00,46,Cortelyou Rd (Q),17.6778
2025-05-05 01:00:00,47,"Newkirk Plaza (B,Q)",29.4259
2025-05-05 01:00:00,48,Avenue H (Q),6.4378
2025-05-05 01:00:00,49,Avenue J (Q),8.3863
2025-05-05 01:00:00,50,Avenue M (Q),11.2603
2025-05-05 01:00:00,51,"Kings Hwy (B,Q)",34.323
2025-05-05 01:00:00,52,Avenue U (Q),13.219999999999999
2025-05-05 01:00:00,53,Neck Rd (Q),6.4671
2025-05-05 01:00:00,54,"Sheepshead Bay (B,Q)",18.3141
2025-05-05 01:00:00,55,"Brighton Beach (B,Q)",16.4312
2025-05-05 01:00:00,56,Ocean Pkwy (Q),2.3658
2025-05-05 01:00:00,57,"W 8 St-NY Aquarium (F,Q)",2.9898
2025-05-05 01:00:00,58,"Coney Island-Stillwell Av (D,F,N,Q)",42.1831
2025-05-05 01:00:00,59,9 Av (D),21.4645
2025-05-05 01:00:00,60,Fort Hamilton Pkwy (D),14.423
2025-05-05 01:00:00,61,50 St (D),5.6346
2025-05-05 01:00:00,62,55 St (D),1.5048
2025-05-05 01:00:00,64,71 St (D),7.6748
2025-05-05 01:00:00,65,79 St (D),15.583
2025-05-05 01:00:00,66,18 Av (D),15.4462
2025-05-05 01:00:00,67,20 Av (D),11.6129
2025-05-05 01:00:00,68,Bay Pkwy (D),13.7075
2025-05-05 01:00:00,69,25 Av (D),8.7314
2025-05-05 01:00:00,70,Bay 50 St (D),6.3659
2025-05-05 01:00:00,71,8 Av (N),11.866900000000001
2025-05-05 01:00:00,72,Fort Hamilton Pkwy (N),15.7719
2025-05-05 01:00:00,74,18 Av (N),8.0437
2025-05-05 01:00:00,75,20 Av (N),10.0819
2025-05-05 01:00:00,76,Bay Pkwy (N),13.659
2025-05-05 01:00:00,77,Kings Hwy (N),16.0645
2025-05-05 01:00:00,78,Avenue U (N),7.4258
2025-05-05 01:00:00,79,86 St (N),8.5219
2025-05-05 01:00:00,80,"121 St (J,Z)",10.5291
2025-05-05 01:00:00,81,111 St (J),10.1389
2025-05-05 01:00:00,82,"104 St (J,Z)",7.6549
2025-05-05 01:00:00,83,"Woodhaven Blvd (J,Z)",18.5937
2025-05-05 01:00:00,84,85 St-Forest Pkwy (J),5.6208
2025-05-05 01:00:00,85,"75 St-Elderts Ln (J,Z)",7.8722
2025-05-05 01:00:00,86,Cypress Hills (J),1.9250000000000003
2025-05-05 01:00:00,87,"Crescent St (J,Z)",13.5042
2025-05-05 01:00:00,88,"Norwood Av (J,Z)",5.8282
2025-05-05 01:00:00,89,Cleveland St (J),7.606199999999999
2025-05-05 01:00:00,90,"Van Siclen Av (J,Z)",14.0333
2025-05-05 01:00:00,91,Alabama Av (J),4.9589
2025-05-05 01:00:00,93,"Chauncey St (J,Z)",7.9851
2025-05-05 01:00:00,94,Halsey St (J),22.4714
2025-05-05 01:00:00,95,"Gates Av (J,Z)",17.8066
2025-05-05 01:00:00,96,Kosciuszko St (J),20.045
2025-05-05 01:00:00,97,"Myrtle Av (M,J,Z)",48.8027
2025-05-05 01:00:00,98,"Flushing Av (M,J)",18.3827
2025-05-05 01:00:00,99,"Lorimer St (M,J)",5.5637
2025-05-05 01:00:00,100,"Hewes St (M,J)",4.4118
2025-05-05 01:00:00,101,"Marcy Av (M,J,Z)",20.658
2025-05-05 01:00:00,103,"Bowery (J,Z)",7.1499
2025-05-05 01:00:00,107,"Broad St (J,Z)",6.7251
2025-05-05 01:00:00,108,Middle Village-Metropolitan Av (M),6.4167
2025-05-05 01:00:00,109,Fresh Pond Rd (M),16.9498
2025-05-05 01:00:00,110,Forest Av (M),8.2135
2025-05-05 01:00:00,111,Seneca Av (M),12.0039
2025-05-05 01:00:00,113,Knickerbocker Av (M),9.3679
2025-05-05 01:00:00,114,Central Av (M),15.020199999999999
2025-05-05 01:00:00,118,3 Av (L),7.4843
2025-05-05 01:00:00,119,1 Av (L),48.4916
2025-05-05 01:00:00,120,Bedford Av (L),58.4681
2025-05-05 01:00:00,122,Graham Av (L),23.5056
2025-05-05 01:00:00,123,Grand St (L),21.1613
2025-05-05 01:00:00,124,Montrose Av (L),26.2366
2025-05-05 01:00:00,125,Morgan Av (L),34.7934
2025-05-05 01:00:00,126,Jefferson St (L),38.4827
2025-05-05 01:00:00,127,DeKalb Av (L),61.303399999999996
2025-05-05 01:00:00,129,Halsey St (L),44.917
2025-05-05 01:00:00,130,Wilson Av (L),25.7
2025-05-05 01:00:00,131,Bushwick Av-Aberdeen St (L),13.0375
2025-05-05 01:00:00,133,Atlantic Av (L),9.8701
2025-05-05 01:00:00,134,Sutter Av (L),7.1624
2025-05-05 01:00:00,135,Livonia Av (L),10.9209
2025-05-05 01:00:00,136,New Lots Av (L),9.4215
2025-05-05 01:00:00,137,East 105 St (L),13.6844
2025-05-05 01:00:00,138,Canarsie-Rockaway Pkwy (L),27.4947
2025-05-05 01:00:00,141,Park Pl (S),4.0684
2025-05-05 01:00:00,143,Inwood-207 St (A),27.8252
2025-05-05 01:00:00,144,Dyckman St (A),18.8647
2025-05-05 01:00:00,145,190 St (A),11.1934
2025-05-05 01:00:00,146,181 St (A),30.8175
2025-05-05 01:00:00,147,175 St (A),30.8412
2025-05-05 01:00:00,149,163 St-Amsterdam Av (C),16.5672
2025-05-05 01:00:00,150,155 St (C),13.0833
2025-05-05 01:00:00,151,"145 St (A,C,B,D)",92.9633
2025-05-05 01:00:00,152,"135 St (C,B)",17.6539
2025-05-05 01:00:00,153,"125 St (A,C,B,D)",72.7515
2025-05-05 01:00:00,154,"116 St (C,B)",19.0886
2025-05-05 01:00:00,155,"Cathedral Pkwy (110 St) (C,B)",28.4737
2025-05-05 01:00:00,156,"103 St (C,B)",16.8454
2025-05-05 01:00:00,157,"96 St (C,B)",12.7789
2025-05-05 01:00:00,158,"86 St (C,B)",9.201
2025-05-05 01:00:00,159,"81 St-Museum of Natural History (C,B)",11.8654
2025-05-05 01:00:00,160,"72 St (C,B)",9.1289
2025-05-05 01:00:00,162,"50 St (C,E)",47.7895
2025-05-05 01:00:00,164,"34 St-Penn Station (A,C,E)",72.1781
2025-05-05 01:00:00,165,"23 St (C,E)",22.5058
2025-05-05 01:00:00,167,"W 4 St-Wash Sq (A,C,E,B,D,F,M)",52.4445
2025-05-05 01:00:00,168,"Spring St (C,E)",8.8379
2025-05-05 01:00:00,169,"Canal St (A,C,E)",19.4514
2025-05-05 01:00:00,173,"High St (A,C)",11.207799999999999
2025-05-05 01:00:00,175,"Hoyt-Schermerhorn Sts (A,C,G)",15.3277
2025-05-05 01:00:00,176,Lafayette Av (C),8.6815
2025-05-05 01:00:00,177,Clinton-Washington Avs (C),12.7723
2025-05-05 01:00:00,179,"Nostrand Av (A,C)",58.0497
2025-05-05 01:00:00,180,Kingston-Throop Avs (C),29.9927
2025-05-05 01:00:00,181,"Utica Av (A,C)",61.958600000000004
2025-05-05 01:00:00,182,Ralph Av (C),22.698700000000002
2025-05-05 01:00:00,183,Rockaway Av (C),23.1759
2025-05-05 01:00:00,185,Liberty Av (C),7.9949
2025-05-05 01:00:00,186,Van Siclen Av (C),10.9852
2025-05-05 01:00:00,187,Shepherd Av (C),9.8089
2025-05-05 01:00:00,188,"Euclid Av (A,C)",41.3427
2025-05-05 01:00:00,189,Grant Av (A),22.5879
2025-05-05 01:00:00,190,80 St (A),29.6472
2025-05-05 01:00:00,191,88 St (A),10.8168
2025-05-05 01:00:00,192,Rockaway Blvd (A),15.616
2025-05-05 01:00:00,193,104 St (A),3.7233
2025-05-05 01:00:00,194,111 St (A),3.7932
2025-05-05 01:00:00,195,Ozone Park-Lefferts Blvd (A),14.4626
2025-05-05 01:00:00,196,Aqueduct Racetrack (A),3.883
2025-05-05 01:00:00,197,Aqueduct-N Conduit Av (A),1.9495
2025-05-05 01:00:00,198,Howard Beach-JFK Airport (A),29.6848
2025-05-05 01:00:00,199,"Broad Channel (A,S)",0.9643999999999999
2025-05-05 01:00:00,200,"Beach 90 St (A,S)",0.8708
2025-05-05 01:00:00,201,"Beach 98 St (A,S)",0.3125
2025-05-05 01:00:00,203,"Rockaway Park-Beach 116 St (A,S)",1.3252
2025-05-05 01:00:00,204,Beach 67 St (A),3.8537
2025-05-05 01:00:00,205,Beach 60 St (A),3.4385000000000003
2025-05-05 01:00:00,206,Beach 44 St (A),0.6997
2025-05-05 01:00:00,207,Beach 36 St (A),0.8943
2025-05-05 01:00:00,208,Beach 25 St (A),1.9404
2025-05-05 01:00:00,209,Far Rockaway-Mott Av (A),14.6277
2025-05-05 01:00:00,210,Norwood-205 St (D),19.729
2025-05-05 01:00:00,211,"Bedford Park Blvd (B,D)",13.8351
2025-05-05 01:00:00,212,"Kingsbridge Rd (B,D)",26.622700000000002
2025-05-05 01:00:00,213,"Fordham Rd (B,D)",33.5482
2025-05-05 01:00:00,214,"182-183 Sts (B,D)",19.6685
2025-05-05 01:00:00,215,"Tremont Av (B,D)",28.4432
2025-05-05 01:00:00,216,"174-175 Sts (B,D)",14.9619
2025-05-05 01:00:00,217,"170 St (B,D)",21.7217
2025-05-05 01:00:00,218,"167 St (B,D)",32.1671
2025-05-05 01:00:00,220,"155 St (B,D)",8.0727
2025-05-05 01:00:00,221,21 St-Queensbridge (F),41.3297
2025-05-05 01:00:00,222,Roosevelt Island (F),21.0628
2025-05-05 01:00:00,223,"Lexington Av/63 St (F,Q)",21.9301
2025-05-05 01:00:00,224,57 St (F),12.6825
2025-05-05 01:00:00,225,"47-50 Sts-Rockefeller Ctr (B,D,F,M)",28.1859
2025-05-05 01:00:00,228,"23 St (F,M)",19.0609
2025-05-05 01:00:00,231,"Grand St (B,D)",25.5678
2025-05-05 01:00:00,232,2 Av (F),24.9293
2025-05-05 01:00:00,234,East Broadway (F),18.6489
2025-05-05 01:00:00,235,York St (F),19.2429
2025-05-05 01:00:00,236,"Bergen St (F,G)",7.974200000000001
2025-05-05 01:00:00,237,"Carroll St (F,G)",10.823
2025-05-05 01:00:00,238,"Smith-9 Sts (F,G)",7.541
2025-05-05 01:00:00,240,"7 Av (F,G)",13.1429
2025-05-05 01:00:00,241,"15 St-Prospect Park (F,G)",10.4538
2025-05-05 01:00:00,242,"Fort Hamilton Pkwy (F,G)",7.5881
2025-05-05 01:00:00,243,"Church Av (F,G)",26.8643
2025-05-05 01:00:00,244,Ditmas Av (F),11.8238
2025-05-05 01:00:00,245,18 Av (F),6.4339
2025-05-05 01:00:00,246,Avenue I (F),2.5249
2025-05-05 01:00:00,247,Bay Pkwy (F),2.7986
2025-05-05 01:00:00,248,Avenue N (F),5.3795
2025-05-05 01:00:00,249,Avenue P (F),5.0141
2025-05-05 01:00:00,250,Kings Hwy (F),7.6201
2025-05-05 01:00:00,251,Avenue U (F),2.9497
2025-05-05 01:00:00,252,Avenue X (F),9.2134
2025-05-05 01:00:00,253,Neptune Av (F),0.9446
2025-05-05 01:00:00,254,Jamaica-179 St (F),48.24
2025-05-05 01:00:00,255,169 St (F),36.9382
2025-05-05 01:00:00,256,Parsons Blvd (F),21.7306
2025-05-05 01:00:00,257,Sutphin Blvd (F),18.1272
2025-05-05 01:00:00,258,"Briarwood (E,F)",17.2861
2025-05-05 01:00:00,259,"Kew Gardens-Union Tpke (E,F)",35.0144
2025-05-05 01:00:00,260,"75 Av (E,F)",4.577
2025-05-05 01:00:00,261,"Forest Hills-71 Av (E,F,M,R)",32.6295
2025-05-05 01:00:00,262,"67 Av (M,R)",9.6833
2025-05-05 01:00:00,263,"63 Dr-Rego Park (M,R)",29.4605
2025-05-05 01:00:00,264,"Woodhaven Blvd (M,R)",42.3148
2025-05-05 01:00:00,265,"Grand Av-Newtown (M,R)",50.5523
2025-05-05 01:00:00,266,"Elmhurst Av (M,R)",48.1086
2025-05-05 01:00:00,268,"65 St (M,R)",15.5279
2025-05-05 01:00:00,269,"Northern Blvd (M,R)",17.1461
2025-05-05 01:00:00,270,"46 St (M,R)",21.4086
2025-05-05 01:00:00,271,"Steinway St (M,R)",32.715
2025-05-05 01:00:00,272,"36 St (M,R)",7.8726
2025-05-05 01:00:00,273,"Queens Plaza (E,M,R)",29.229499999999998
2025-05-05 01:00:00,276,"5 Av/53 St (E,M)",5.1926000000000005
2025-05-05 01:00:00,277,"7 Av (E,B,D)",22.8669
2025-05-05 01:00:00,278,"Jamaica Center-Parsons/Archer (E,J,Z)",69.985
2025-05-05 01:00:00,279,"Sutphin Blvd-Archer Av-JFK Airport (E,J,Z)",71.3442
2025-05-05 01:00:00,280,Jamaica-Van Wyck (E),11.4717
2025-05-05 01:00:00,282,21 St (G),4.6344
2025-05-05 01:00:00,283,Greenpoint Av (G),15.5698
2025-05-05 01:00:00,284,Nassau Av (G),18.6484
2025-05-05 01:00:00,286,Broadway (G),11.7319
2025-05-05 01:00:00,287,Flushing Av (G),9.1054
2025-05-05 01:00:00,288,Myrtle-Willoughby Avs (G),17.317
2025-05-05 01:00:00,289,Bedford-Nostrand Avs (G),32.2447
2025-05-05 01:00:00,290,Classon Av (G),11.4543
2025-05-05 01:00:00,291,Clinton-Washington Avs (G),7.5493
2025-05-05 01:00:00,292,Fulton St (G),5.9776
2025-05-05 01:00:00,293,Van Cortlandt Park-242 St (1),14.082
2025-05-05 01:00:00,294,238 St (1),8.869299999999999
2025-05-05 01:00:00,295,231 St (1),15.3451
2025-05-05 01:00:00,296,Marble Hill-225 St (1),11.8285
2025-05-05 01:00:00,297,215 St (1),3.1406
2025-05-05 01:00:00,298,207 St (1),16.6964
2025-05-05 01:00:00,299,Dyckman St (1),17.4784
2025-05-05 01:00:00,300,191 St (1),28.5194
2025-05-05 01:00:00,301,181 St (1),35.473600000000005
2025-05-05 01:00:00,303,157 St (1),38.9504
2025-05-05 01:00:00,304,145 St (1),46.7601
2025-05-05 01:00:00,305,137 St-City College (1),51.6701
2025-05-05 01:00:00,306,125 St (1),21.4543
2025-05-05 01:00:00,307,116 St-Columbia University (1),20.9233
2025-05-05 01:00:00,308,Cathedral Pkwy (110 St) (1),33.6896
2025-05-05 01:00:00,309,103 St (1),42.4566
2025-05-05 01:00:00,310,"96 St (1,2,3)",67.1369
2025-05-05 01:00:00,311,86 St (1),27.304
2025-05-05 01:00:00,312,79 St (1),14.6163
2025-05-05 01:00:00,313,"72 St (1,2,3)",42.586600000000004
2025-05-05 01:00:00,314,66 St-Lincoln Center (1),15.3531
2025-05-05 01:00:00,316,50 St (1),31.7535
2025-05-05 01:00:00,318,"34 St-Penn Station (1,2,3)",62.257
2025-05-05 01:00:00,319,28 St (1),23.3283
2025-05-05 01:00:00,320,23 St (1),17.357
2025-05-05 01:00:00,321,18 St (1),6.3654
2025-05-05 01:00:00,323,Christopher St-Sheridan Sq (1),12.3547
2025-05-05 01:00:00,324,Houston St (1),8.3153
2025-05-05 01:00:00,325,Canal St (1),5.555499999999999
2025-05-05 01:00:00,326,Franklin St (1),4.5247
2025-05-05 01:00:00,327,"Chambers St (1,2,3)",9.6529
2025-05-05 01:00:00,328,WTC Cortlandt (1),19.2822
2025-05-05 01:00:00,329,Rector St (1),11.7714
2025-05-05 01:00:00,333,"Wall St (2,3)",18.8074
2025-05-05 01:00:00,334,"Clark St (2,3)",9.0554
2025-05-05 01:00:00,336,"Hoyt St (2,3)",11.7772
2025-05-05 01:00:00,337,"Nevins St (2,3,4,5)",11.7225
2025-05-05 01:00:00,339,"Bergen St (2,3)",7.918
2025-05-05 01:00:00,340,"Grand Army Plaza (2,3)",11.9416
2025-05-05 01:00:00,341,"Eastern Pkwy-Brooklyn Museum (2,3)",5.5527
2025-05-05 01:00:00,343,Nostrand Av (3),7.2974
2025-05-05 01:00:00,344,Kingston Av (3),8.8753
2025-05-05 01:00:00,345,"Crown Hts-Utica Av (3,4)",67.7948
2025-05-05 01:00:00,346,Sutter Av-Rutland Rd (3),18.51
2025-05-05 01:00:00,347,Saratoga Av (3),16.5735
2025-05-05 01:00:00,348,Rockaway Av (3),10.0842
2025-05-05 01:00:00,349,Junius St (3),7.1188
2025-05-05 01:00:00,350,Pennsylvania Av (3),11.4465
2025-05-05 01:00:00,351,Van Siclen Av (3),8.898299999999999
2025-05-05 01:00:00,352,New Lots Av (3),14.8729
2025-05-05 01:00:00,353,"President St-Medgar Evers College (2,5)",10.5876
2025-05-05 01:00:00,354,"Sterling St (2,5)",14.8092
2025-05-05 01:00:00,355,"Winthrop St (2,5)",15.2615
2025-05-05 01:00:00,356,"Church Av (2,5)",30.529600000000002
2025-05-05 01:00:00,357,"Beverly Rd (2,5)",13.3966
2025-05-05 01:00:00,358,"Newkirk Av-Little Haiti (2,5)",29.0626
2025-05-05 01:00:00,359,"Flatbush Av-Brooklyn College (2,5)",47.685
2025-05-05 01:00:00,360,Pelham Bay Park (6),8.2321
2025-05-05 01:00:00,361,Buhre Av (6),6.8477
2025-05-05 01:00:00,362,Middletown Rd (6),3.834
2025-05-05 01:00:00,363,Westchester Sq-E Tremont Av (6),9.4238
2025-05-05 01:00:00,364,Zerega Av (6),10.7252
2025-05-05 01:00:00,365,Castle Hill Av (6),24.5247
2025-05-05 01:00:00,366,Parkchester (6),41.4111
2025-05-05 01:00:00,367,St Lawrence Av (6),19.1587
2025-05-05 01:00:00,368,Morrison Av-Soundview (6),23.0043
2025-05-05 01:00:00,369,Elder Av (6),36.268
2025-05-05 01:00:00,370,Whitlock Av (6),4.6159
2025-05-05 01:00:00,371,Hunts Point Av (6),28.745
2025-05-05 01:00:00,372,Longwood Av (6),10.6075
2025-05-05 01:00:00,373,E 149 St (6),12.615
2025-05-05 01:00:00,374,E 143 St-St Mary's St (6),6.8836
2025-05-05 01:00:00,375,Cypress Av (6),8.4162
2025-05-05 01:00:00,376,Brook Av (6),18.4998
2025-05-05 01:00:00,377,3 Av-138 St (6),29.5869
2025-05-05 01:00:00,378,Woodlawn (4),13.7821
2025-05-05 01:00:00,379,Mosholu Pkwy (4),16.5931
2025-05-05 01:00:00,380,Bedford Park Blvd-Lehman College (4),9.9918
2025-05-05 01:00:00,381,Kingsbridge Rd (4),18.5725
2025-05-05 01:00:00,382,Fordham Rd (4),33.1316
2025-05-05 01:00:00,383,183 St (4),16.798000000000002
2025-05-05 01:00:00,384,Burnside Av (4),24.4405
2025-05-05 01:00:00,385,176 St (4),19.5731
2025-05-05 01:00:00,386,Mt Eden Av (4),14.4316
2025-05-05 01:00:00,387,170 St (4),21.0583
2025-05-05 01:00:00,388,167 St (4),33.2894
2025-05-05 01:00:00,391,"138 St-Grand Concourse (4,5)",10.7187
2025-05-05 01:00:00,392,"125 St (4,5,6)",62.7239
2025-05-05 01:00:00,393,116 St (6),43.8911
2025-05-05 01:00:00,394,110 St (6),26.8883
2025-05-05 01:00:00,395,103 St (6),33.1805
2025-05-05 01:00:00,396,96 St (6),15.5142
2025-05-05 01:00:00,397,"86 St (4,5,6)",33.3728
2025-05-05 01:00:00,398,77 St (6),17.8943
2025-05-05 01:00:00,399,68 St-Hunter College (6),7.197699999999999
2025-05-05 01:00:00,403,33 St (6),25.6641
2025-05-05 01:00:00,404,28 St (6),15.975
2025-05-05 01:00:00,405,23 St (6),13.9829
2025-05-05 01:00:00,407,Astor Pl (6),14.8094
2025-05-05 01:00:00,409,Spring St (6),9.3427
2025-05-05 01:00:00,413,"Wall St (4,5)",17.6063
2025-05-05 01:00:00,414,"Bowling Green (4,5)",22.9263
2025-05-05 01:00:00,416,Wakefield-241 St (2),10.7769
2025-05-05 01:00:00,417,"Nereid Av (2,5)",5.9676
2025-05-05 01:00:00,418,"233 St (2,5)",8.4474
2025-05-05 01:00:00,419,"225 St (2,5)",5.2216
2025-05-05 01:00:00,420,"219 St (2,5)",8.4757
2025-05-05 01:00:00,421,"Gun Hill Rd (2,5)",22.5087
2025-05-05 01:00:00,422,"Burke Av (2,5)",5.5504
2025-05-05 01:00:00,423,"Allerton Av (2,5)",12.9391
2025-05-05 01:00:00,424,"Pelham Pkwy (2,5)",20.5827
2025-05-05 01:00:00,425,"Bronx Park East (2,5)",11.5089
2025-05-05 01:00:00,426,"E 180 St (2,5)",34.0234
2025-05-05 01:00:00,427,"West Farms Sq-E Tremont Av (2,5)",17.9254
2025-05-05 01:00:00,428,"174 St (2,5)",19.9114
2025-05-05 01:00:00,429,"Freeman St (2,5)",16.1762
2025-05-05 01:00:00,430,"Simpson St (2,5)",32.8387
2025-05-05 01:00:00,431,"Intervale Av (2,5)",12.0766
2025-05-05 01:00:00,432,"Prospect Av (2,5)",25.8002
2025-05-05 01:00:00,433,"Jackson Av (2,5)",19.8236
2025-05-05 01:00:00,434,"3 Av-149 St (2,5)",76.2888
2025-05-05 01:00:00,436,Harlem-148 St (3),13.6181
2025-05-05 01:00:00,437,145 St (3),8.6643
2025-05-05 01:00:00,438,"135 St (2,3)",37.4891
2025-05-05 01:00:00,439,"125 St (2,3)",34.8274
2025-05-05 01:00:00,440,"116 St (2,3)",31.444399999999998
2025-05-05 01:00:00,441,"Central Park North (110 St) (2,3)",25.2134
2025-05-05 01:00:00,442,Eastchester-Dyre Av (5),10.2026
2025-05-05 01:00:00,443,Baychester Av (5),6.8654
2025-05-05 01:00:00,444,Gun Hill Rd (5),11.1703
2025-05-05 01:00:00,445,Pelham Pkwy (5),5.3482
2025-05-05 01:00:00,446,Morris Park (5),4.2889
2025-05-05 01:00:00,447,Flushing-Main St (7),118.405
2025-05-05 01:00:00,448,Mets-Willets Point (7),10.215399999999999
2025-05-05 01:00:00,449,111 St (7),80.5377
2025-05-05 01:00:00,450,103 St-Corona Plaza (7),123.959
2025-05-05 01:00:00,451,Junction Blvd (7),159.5079
2025-05-05 01:00:00,452,90 St-Elmhurst Av (7),101.5808
2025-05-05 01:00:00,453,82 St-Jackson Hts (7),48.260600000000004
2025-05-05 01:00:00,455,69 St (7),20.9397
2025-05-05 01:00:00,456,61 St-Woodside (7),50.4121
2025-05-05 01:00:00,457,52 St (7),21.2252
2025-05-05 01:00:00,458,46 St-Bliss St (7),49.4204
2025-05-05 01:00:00,459,40 St-Lowery St (7),33.0167
2025-05-05 01:00:00,460,33 St-Rawson St (7),11.7455
2025-05-05 01:00:00,461,"Queensboro Plaza (7,N,W)",31.5738
2025-05-05 01:00:00,463,Hunters Point Av (7),16.7503
2025-05-05 01:00:00,464,Vernon Blvd-Jackson Av (7),27.5704
2025-05-05 01:00:00,471,34 St-Hudson Yards (7),26.1168
2025-05-05 01:00:00,475,96 St (Q),31.1767
2025-05-05 01:00:00,476,86 St (Q),33.9896
2025-05-05 01:00:00,477,72 St (Q),27.1799
2025-05-05 01:00:00,601,"14 St (F,M,1,2,3)/6 Av (L)",49.4281
2025-05-05 01:00:00,602,"14 St-Union Sq (L,N,Q,R,W,4,5,6)",89.7493
2025-05-05 01:00:00,603,"149 St-Grand Concourse (2,4,5)",22.8899
2025-05-05 01:00:00,604,"161 St-Yankee Stadium (B,D,4)",65.1002
2025-05-05 01:00:00,605,"168 St (A,C,1)",58.4807
2025-05-05 01:00:00,606,"Court Sq (E,G,M,7)",41.4724
2025-05-05 01:00:00,607,"34 St-Herald Sq (B,D,F,M,N,Q,R,W)",106.7815
2025-05-05 01:00:00,608,"4 Av (F,G)/9 St (R)",20.6616
2025-05-05 01:00:00,609,"Bryant Pk (B,D,F,M)/5 Av (7)",44.7785
2025-05-05 01:00:00,610,"Grand Central-42 St (S,4,5,6,7)",112.2979
2025-05-05 01:00:00,611,"Times Sq-42 St (N,Q,R,W,S,1,2,3,7)/42 St (A,C,E)",257.4653
2025-05-05 01:00:00,612,"Lexington Av-53 St (E,M)/51 St (6)",51.1862
2025-05-05 01:00:00,613,"Lexington Av (N,R,W)/59 St (4,5,6)",51.4616
2025-05-05 01:00:00,614,"59 St-Columbus Circle (A,B,C,D,1)",72.3928
2025-05-05 01:00:00,615,New Utrecht Av (N)/62 St (D),13.0725
2025-05-05 01:00:00,616,"74-Broadway (7)/Jackson Hts-Roosevelt Av (E,F,M,R)",208.9514
2025-05-05 01:00:00,617,"Atlantic Av-Barclays Ctr (B,D,N,Q,R,2,3,4,5)",65.64489999999999
2025-05-05 01:00:00,618,"14 St (A,C,E)/8 Av (L)",57.634499999999996
2025-05-05 01:00:00,619,"Broadway-Lafayette St (B,D,F,M)/Bleecker St (6)",33.3781
2025-05-05 01:00:00,620,"Court St (R)/Borough Hall (2,3,4,5)",24.7152
2025-05-05 01:00:00,621,"Broadway Junction (A,C,J,L,Z)",31.5142
2025-05-05 01:00:00,622,"Brooklyn Bridge-City Hall (4,5,6)/Chambers St (J,Z)",19.5133
2025-05-05 01:00:00,623,"Canal St (J,N,Q,R,W,Z,6)",36.8512
2025-05-05 01:00:00,624,"Chambers St (A,C)/WTC (E)/Park Pl (2,3)/Cortlandt (R,W)",54.7924
2025-05-05 01:00:00,625,"Delancey St (F)/Essex St (J,M,Z)",49.692
2025-05-05 01:00:00,626,"Franklin Av (2,3,4,5)/Botanic Garden (S)",40.6499
2025-05-05 01:00:00,627,"Franklin Av (C,S)",18.623
2025-05-05 01:00:00,628,"Fulton St (A,C,J,Z,2,3,4,5)",100.4083
2025-05-05 01:00:00,629,Lorimer St (L)/Metropolitan Av (G),43.783
2025-05-05 01:00:00,630,"Myrtle-Wyckoff Avs (L,M)",83.6901
2025-05-05 01:00:00,635,"South Ferry (1)/Whitehall St (R,W)",40.2732
2025-05-05 01:00:00,636,"Jay St-MetroTech (A,C,F,R)",52.5223
2025-05-05 02:00:00,1,"Astoria-Ditmars Blvd (N,W)",20.5755
2025-05-05 02:00:00,2,"Astoria Blvd (N,W)",17.0609
2025-05-05 02:00:00,3,"30 Av (N,W)",21.788
2025-05-05 02:00:00,4,"Broadway (N,W)",14.2109
2025-05-05 02:00:00,5,"36 Av (N,W)",9.097100000000001
2025-05-05 02:00:00,6,"39 Av-Dutch Kills (N,W)",8.1841
2025-05-05 02:00:00,8,"5 Av/59 St (N,R,W)",9.2056
2025-05-05 02:00:00,9,"57 St-7 Av (N,Q,R,W)",28.1887
2025-05-05 02:00:00,10,"49 St (N,R,W)",16.842399999999998
2025-05-05 02:00:00,13,"28 St (R,W)",9.7297
2025-05-05 02:00:00,14,"23 St (R,W)",9.5435
2025-05-05 02:00:00,16,"8 St-NYU (R,W)",11.7091
2025-05-05 02:00:00,17,"Prince St (R,W)",5.6654
2025-05-05 02:00:00,20,"City Hall (R,W)",2.9575
2025-05-05 02:00:00,22,"Rector St (R,W)",2.3722
2025-05-05 02:00:00,26,"DeKalb Av (B,Q,R)",15.3433
2025-05-05 02:00:00,28,Union St (R),3.5341
2025-05-05 02:00:00,30,Prospect Av (R),7.3527
2025-05-05 02:00:00,31,25 St (R),7.510400000000001
2025-05-05 02:00:00,32,"36 St (D,N,R)",30.0596
2025-05-05 02:00:00,33,45 St (R),17.4379
2025-05-05 02:00:00,34,53 St (R),17.8619
2025-05-05 02:00:00,35,"59 St (N,R)",19.0942
2025-05-05 02:00:00,36,Bay Ridge Av (R),14.8607
2025-05-05 02:00:00,37,77 St (R),7.3916
2025-05-05 02:00:00,38,86 St (R),10.5622
2025-05-05 02:00:00,39,Bay Ridge-95 St (R),6.1196
2025-05-05 02:00:00,41,"7 Av (B,Q)",4.679
2025-05-05 02:00:00,42,"Prospect Park (B,Q,S)",15.6427
2025-05-05 02:00:00,43,Parkside Av (Q),12.6633
2025-05-05 02:00:00,44,"Church Av (B,Q)",16.1941
2025-05-05 02:00:00,45,Beverley Rd (Q),4.6022
2025-05-05 02:00:00,46,Cortelyou Rd (Q),8.5619
2025-05-05 02:00:00,47,"Newkirk Plaza (B,Q)",18.0484
2025-05-05 02:00:00,48,Avenue H (Q),4.0604
2025-05-05 02:00:00,49,Avenue J (Q),4.4218
2025-05-05 02:00:00,50,Avenue M (Q),8.706
2025-05-05 02:00:00,51,"Kings Hwy (B,Q)",19.3611
2025-05-05 02:00:00,52,Avenue U (Q),6.8658
2025-05-05 02:00:00,53,Neck Rd (Q),3.1068
2025-05-05 02:00:00,54,"Sheepshead Bay (B,Q)",10.832600000000001
2025-05-05 02:00:00,55,"Brighton Beach (B,Q)",7.9696
2025-05-05 02:00:00,56,Ocean Pkwy (Q),2.2027
2025-05-05 02:00:00,57,"W 8 St-NY Aquarium (F,Q)",2.5216
2025-05-05 02:00:00,58,"Coney Island-Stillwell Av (D,F,N,Q)",24.5001
2025-05-05 02:00:00,59,9 Av (D),11.5806
2025-05-05 02:00:00,60,Fort Hamilton Pkwy (D),5.9914000000000005
2025-05-05 02:00:00,61,50 St (D),2.943
2025-05-05 02:00:00,62,55 St (D),1.7136
2025-05-05 02:00:00,64,71 St (D),5.5527
2025-05-05 02:00:00,65,79 St (D),8.7063
2025-05-05 02:00:00,66,18 Av (D),6.8307
2025-05-05 02:00:00,67,20 Av (D),6.8948
2025-05-05 02:00:00,68,Bay Pkwy (D),7.468
2025-05-05 02:00:00,69,25 Av (D),4.3962
2025-05-05 02:00:00,70,Bay 50 St (D),5.0771
2025-05-05 02:00:00,71,8 Av (N),3.63
2025-05-05 02:00:00,72,Fort Hamilton Pkwy (N),4.7689
2025-05-05 02:00:00,74,18 Av (N),6.8828
2025-05-05 02:00:00,75,20 Av (N),4.6878
2025-05-05 02:00:00,76,Bay Pkwy (N),7.5857
2025-05-05 02:00:00,77,Kings Hwy (N),5.6456
2025-05-05 02:00:00,78,Avenue U (N),4.0331
2025-05-05 02:00:00,79,86 St (N),1.5187
2025-05-05 02:00:00,80,"121 St (J,Z)",8.4434
2025-05-05 02:00:00,81,111 St (J),4.7055
2025-05-05 02:00:00,82,"104 St (J,Z)",4.398700000000001
2025-05-05 02:00:00,83,"Woodhaven Blvd (J,Z)",5.2744
2025-05-05 02:00:00,84,85 St-Forest Pkwy (J),3.8000000000000003
2025-05-05 02:00:00,85,"75 St-Elderts Ln (J,Z)",10.5608
2025-05-05 02:00:00,86,Cypress Hills (J),1.6785
2025-05-05 02:00:00,87,"Crescent St (J,Z)",9.7833
2025-05-05 02:00:00,88,"Norwood Av (J,Z)",6.3706000000000005
2025-05-05 02:00:00,89,Cleveland St (J),2.9522
2025-05-05 02:00:00,90,"Van Siclen Av (J,Z)",7.7388
2025-05-05 02:00:00,91,Alabama Av (J),4.1518
2025-05-05 02:00:00,93,"Chauncey St (J,Z)",4.8999
2025-05-05 02:00:00,94,Halsey St (J),8.7461
2025-05-05 02:00:00,95,"Gates Av (J,Z)",9.133000000000001
2025-05-05 02:00:00,96,Kosciuszko St (J),11.360899999999999
2025-05-05 02:00:00,97,"Myrtle Av (M,J,Z)",19.8881
2025-05-05 02:00:00,98,"Flushing Av (M,J)",11.1979
2025-05-05 02:00:00,99,"Lorimer St (M,J)",3.1137
2025-05-05 02:00:00,100,"Hewes St (M,J)",4.1128
2025-05-05 02:00:00,101,"Marcy Av (M,J,Z)",13.6433
2025-05-05 02:00:00,103,"Bowery (J,Z)",3.5031
2025-05-05 02:00:00,107,"Broad St (J,Z)",4.6129
2025-05-05 02:00:00,108,Middle Village-Metropolitan Av (M),4.7843
2025-05-05 02:00:00,109,Fresh Pond Rd (M),5.8965
2025-05-05 02:00:00,110,Forest Av (M),7.7666
2025-05-05 02:00:00,111,Seneca Av (M),4.3749
2025-05-05 02:00:00,113,Knickerbocker Av (M),7.102
2025-05-05 02:00:00,114,Central Av (M),4.6632
2025-05-05 02:00:00,118,3 Av (L),4.2349
2025-05-05 02:00:00,119,1 Av (L),28.8257
2025-05-05 02:00:00,120,Bedford Av (L),26.1222
2025-05-05 02:00:00,122,Graham Av (L),15.3276
2025-05-05 02:00:00,123,Grand St (L),16.5575
2025-05-05 02:00:00,124,Montrose Av (L),11.3862
2025-05-05 02:00:00,125,Morgan Av (L),12.8113
2025-05-05 02:00:00,126,Jefferson St (L),16.7149
2025-05-05 02:00:00,127,DeKalb Av (L),30.424
2025-05-05 02:00:00,129,Halsey St (L),20.474
2025-05-05 02:00:00,130,Wilson Av (L),17.1588
2025-05-05 02:00:00,131,Bushwick Av-Aberdeen St (L),8.6975
2025-05-05 02:00:00,133,Atlantic Av (L),2.7311
2025-05-05 02:00:00,134,Sutter Av (L),5.4355
2025-05-05 02:00:00,135,Livonia Av (L),5.1713
2025-05-05 02:00:00,136,New Lots Av (L),8.3677
2025-05-05 02:00:00,137,East 105 St (L),8.4749
2025-05-05 02:00:00,138,Canarsie-Rockaway Pkwy (L),19.1689
2025-05-05 02:00:00,141,Park Pl (S),2.7188
2025-05-05 02:00:00,143,Inwood-207 St (A),12.988
2025-05-05 02:00:00,144,Dyckman St (A),7.3238
2025-05-05 02:00:00,145,190 St (A),3.7681
2025-05-05 02:00:00,146,181 St (A),10.1396
2025-05-05 02:00:00,147,175 St (A),12.749
2025-05-05 02:00:00,149,163 St-Amsterdam Av (C),7.2085
2025-05-05 02:00:00,150,155 St (C),5.1406
2025-05-05 02:00:00,151,"145 St (A,C,B,D)",59.2705
2025-05-05 02:00:00,152,"135 St (C,B)",8.9961
2025-05-05 02:00:00,153,"125 St (A,C,B,D)",50.5617
2025-05-05 02:00:00,154,"116 St (C,B)",11.9232
2025-05-05 02:00:00,155,"Cathedral Pkwy (110 St) (C,B)",7.8905
2025-05-05 02:00:00,156,"103 St (C,B)",6.242900000000001
2025-05-05 02:00:00,157,"96 St (C,B)",13.3208
2025-05-05 02:00:00,158,"86 St (C,B)",2.9273
2025-05-05 02:00:00,159,"81 St-Museum of Natural History (C,B)",7.0011
2025-05-05 02:00:00,160,"72 St (C,B)",3.6867
2025-05-05 02:00:00,162,"50 St (C,E)",29.5108
2025-05-05 02:00:00,164,"34 St-Penn Station (A,C,E)",66.8995
2025-05-05 02:00:00,165,"23 St (C,E)",15.5852
2025-05-05 02:00:00,167,"W 4 St-Wash Sq (A,C,E,B,D,F,M)",34.7878
2025-05-05 02:00:00,168,"Spring St (C,E)",7.3805000000000005
2025-05-05 02:00:00,169,"Canal St (A,C,E)",13.5435
2025-05-05 02:00:00,173,"High St (A,C)",5.1373
2025-05-05 02:00:00,175,"Hoyt-Schermerhorn Sts (A,C,G)",9.2304
2025-05-05 02:00:00,176,Lafayette Av (C),4.7215
2025-05-05 02:00:00,177,Clinton-Washington Avs (C),8.9005
2025-05-05 02:00:00,179,"Nostrand Av (A,C)",32.2438
2025-05-05 02:00:00,180,Kingston-Throop Avs (C),15.5733
2025-05-05 02:00:00,181,"Utica Av (A,C)",28.8249
2025-05-05 02:00:00,182,Ralph Av (C),11.5252
2025-05-05 02:00:00,183,Rockaway Av (C),8.1414
2025-05-05 02:00:00,185,Liberty Av (C),4.3967
2025-05-05 02:00:00,186,Van Siclen Av (C),6.3476
2025-05-05 02:00:00,187,Shepherd Av (C),3.8681
2025-05-05 02:00:00,188,"Euclid Av (A,C)",19.6428
2025-05-05 02:00:00,189,Grant Av (A),21.8653
2025-05-05 02:00:00,190,80 St (A),18.5828
2025-05-05 02:00:00,191,88 St (A),7.9124
2025-05-05 02:00:00,192,Rockaway Blvd (A),10.9172
2025-05-05 02:00:00,193,104 St (A),3.8515
2025-05-05 02:00:00,194,111 St (A),3.4169
2025-05-05 02:00:00,195,Ozone Park-Lefferts Blvd (A),10.8897
2025-05-05 02:00:00,196,Aqueduct Racetrack (A),2.2831
2025-05-05 02:00:00,197,Aqueduct-N Conduit Av (A),4.7255
2025-05-05 02:00:00,198,Howard Beach-JFK Airport (A),33.6302
2025-05-05 02:00:00,199,"Broad Channel (A,S)",0.6032
2025-05-05 02:00:00,200,"Beach 90 St (A,S)",1.7037
2025-05-05 02:00:00,201,"Beach 98 St (A,S)",0.3655
2025-05-05 02:00:00,203,"Rockaway Park-Beach 116 St (A,S)",2.4556
2025-05-05 02:00:00,204,Beach 67 St (A),4.5
2025-05-05 02:00:00,205,Beach 60 St (A),2.2655
2025-05-05 02:00:00,206,Beach 44 St (A),0.6147
2025-05-05 02:00:00,207,Beach 36 St (A),0.9067
2025-05-05 02:00:00,208,Beach 25 St (A),0.8654999999999999
2025-05-05 02:00:00,209,Far Rockaway-Mott Av (A),7.699
2025-05-05 02:00:00,210,Norwood-205 St (D),8.5899
2025-05-05 02:00:00,211,"Bedford Park Blvd (B,D)",8.6983
2025-05-05 02:00:00,212,"Kingsbridge Rd (B,D)",14.639
2025-05-05 02:00:00,213,"Fordham Rd (B,D)",18.22
2025-05-05 02:00:00,214,"182-183 Sts (B,D)",14.4744
2025-05-05 02:00:00,215,"Tremont Av (B,D)",17.478
2025-05-05 02:00:00,216,"174-175 Sts (B,D)",8.1676
2025-05-05 02:00:00,217,"170 St (B,D)",14.3632
2025-05-05 02:00:00,218,"167 St (B,D)",18.9876
2025-05-05 02:00:00,220,"155 St (B,D)",5.143
2025-05-05 02:00:00,221,21 St-Queensbridge (F),20.7838
2025-05-05 02:00:00,222,Roosevelt Island (F),7.5207
2025-05-05 02:00:00,223,"Lexington Av/63 St (F,Q)",16.4407
2025-05-05 02:00:00,224,57 St (F),13.406500000000001
2025-05-05 02:00:00,225,"47-50 Sts-Rockefeller Ctr (B,D,F,M)",42.0793
2025-05-05 02:00:00,228,"23 St (F,M)",16.7397
2025-05-05 02:00:00,231,"Grand St (B,D)",17.3627
2025-05-05 02:00:00,232,2 Av (F),17.5921
2025-05-05 02:00:00,234,East Broadway (F),10.295
2025-05-05 02:00:00,235,York St (F),9.9962
2025-05-05 02:00:00,236,"Bergen St (F,G)",5.4747
2025-05-05 02:00:00,237,"Carroll St (F,G)",4.8585
2025-05-05 02:00:00,238,"Smith-9 Sts (F,G)",5.9757
2025-05-05 02:00:00,240,"7 Av (F,G)",5.5296
2025-05-05 02:00:00,241,"15 St-Prospect Park (F,G)",5.7207
2025-05-05 02:00:00,242,"Fort Hamilton Pkwy (F,G)",3.1977
2025-05-05 02:00:00,243,"Church Av (F,G)",18.9513
2025-05-05 02:00:00,244,Ditmas Av (F),3.2761
2025-05-05 02:00:00,245,18 Av (F),2.9153000000000002
2025-05-05 02:00:00,246,Avenue I (F),1.2005
2025-05-05 02:00:00,247,Bay Pkwy (F),0.3125
2025-05-05 02:00:00,248,Avenue N (F),2.0286999999999997
2025-05-05 02:00:00,249,Avenue P (F),2.2959
2025-05-05 02:00:00,250,Kings Hwy (F),3.2213
2025-05-05 02:00:00,251,Avenue U (F),3.0316
2025-05-05 02:00:00,252,Avenue X (F),3.5021
2025-05-05 02:00:00,253,Neptune Av (F),2.289
2025-05-05 02:00:00,254,Jamaica-179 St (F),35.4075
2025-05-05 02:00:00,255,169 St (F),13.0235
2025-05-05 02:00:00,256,Parsons Blvd (F),11.8956
2025-05-05 02:00:00,257,Sutphin Blvd (F),10.9321
2025-05-05 02:00:00,258,"Briarwood (E,F)",11.4823
2025-05-05 02:00:00,259,"Kew Gardens-Union Tpke (E,F)",35.0155
2025-05-05 02:00:00,260,"75 Av (E,F)",1.803
2025-05-05 02:00:00,261,"Forest Hills-71 Av (E,F,M,R)",23.4577
2025-05-05 02:00:00,262,"67 Av (M,R)",3.2541
2025-05-05 02:00:00,263,"63 Dr-Rego Park (M,R)",22.962899999999998
2025-05-05 02:00:00,264,"Woodhaven Blvd (M,R)",29.6275
2025-05-05 02:00:00,265,"Grand Av-Newtown (M,R)",29.0465
2025-05-05 02:00:00,266,"Elmhurst Av (M,R)",26.7244
2025-05-05 02:00:00,268,"65 St (M,R)",10.3484
2025-05-05 02:00:00,269,"Northern Blvd (M,R)",9.6317
2025-05-05 02:00:00,270,"46 St (M,R)",12.8796
2025-05-05 02:00:00,271,"Steinway St (M,R)",18.3704
2025-05-05 02:00:00,272,"36 St (M,R)",6.1013
2025-05-05 02:00:00,273,"Queens Plaza (E,M,R)",16.9303
2025-05-05 02:00:00,276,"5 Av/53 St (E,M)",2.5603000000000002
2025-05-05 02:00:00,277,"7 Av (E,B,D)",15.8723
2025-05-05 02:00:00,278,"Jamaica Center-Parsons/Archer (E,J,Z)",47.8476
2025-05-05 02:00:00,279,"Sutphin Blvd-Archer Av-JFK Airport (E,J,Z)",76.3248
2025-05-05 02:00:00,280,Jamaica-Van Wyck (E),7.6327
2025-05-05 02:00:00,282,21 St (G),4.8713
2025-05-05 02:00:00,283,Greenpoint Av (G),7.3845
2025-05-05 02:00:00,284,Nassau Av (G),7.8334
2025-05-05 02:00:00,286,Broadway (G),9.3593
2025-05-05 02:00:00,287,Flushing Av (G),28.4306
2025-05-05 02:00:00,288,Myrtle-Willoughby Avs (G),7.6858
2025-05-05 02:00:00,289,Bedford-Nostrand Avs (G),13.2813
2025-05-05 02:00:00,290,Classon Av (G),5.3804
2025-05-05 02:00:00,291,Clinton-Washington Avs (G),1.1811
2025-05-05 02:00:00,292,Fulton St (G),6.2285
2025-05-05 02:00:00,293,Van Cortlandt Park-242 St (1),9.197799999999999
2025-05-05 02:00:00,294,238 St (1),6.4995
2025-05-05 02:00:00,295,231 St (1),6.4793
2025-05-05 02:00:00,296,Marble Hill-225 St (1),5.7778
2025-05-05 02:00:00,297,215 St (1),3.5953999999999997
2025-05-05 02:00:00,298,207 St (1),9.1369
2025-05-05 02:00:00,299,Dyckman St (1),7.352600000000001
2025-05-05 02:00:00,300,191 St (1),14.1203
2025-05-05 02:00:00,301,181 St (1),17.4162
2025-05-05 02:00:00,303,157 St (1),26.5713
2025-05-05 02:00:00,304,145 St (1),17.0738
2025-05-05 02:00:00,305,137 St-City College (1),23.6114
2025-05-05 02:00:00,306,125 St (1),18.8813
2025-05-05 02:00:00,307,116 St-Columbia University (1),7.8985
2025-05-05 02:00:00,308,Cathedral Pkwy (110 St) (1),13.164200000000001
2025-05-05 02:00:00,309,103 St (1),11.9956
2025-05-05 02:00:00,310,"96 St (1,2,3)",37.6073
2025-05-05 02:00:00,311,86 St (1),12.1374
2025-05-05 02:00:00,312,79 St (1),9.4696
2025-05-05 02:00:00,313,"72 St (1,2,3)",22.2091
2025-05-05 02:00:00,314,66 St-Lincoln Center (1),11.0409
2025-05-05 02:00:00,316,50 St (1),23.6737
2025-05-05 02:00:00,318,"34 St-Penn Station (1,2,3)",52.6976
2025-05-05 02:00:00,319,28 St (1),14.5479
2025-05-05 02:00:00,320,23 St (1),7.6505
2025-05-05 02:00:00,321,18 St (1),3.5681000000000003
2025-05-05 02:00:00,323,Christopher St-Sheridan Sq (1),10.8042
2025-05-05 02:00:00,324,Houston St (1),15.1613
2025-05-05 02:00:00,325,Canal St (1),4.0804
2025-05-05 02:00:00,326,Franklin St (1),2.9536
2025-05-05 02:00:00,327,"Chambers St (1,2,3)",8.0252
2025-05-05 02:00:00,328,WTC Cortlandt (1),8.0134
2025-05-05 02:00:00,329,Rector St (1),8.132
2025-05-05 02:00:00,333,"Wall St (2,3)",11.1357
2025-05-05 02:00:00,334,"Clark St (2,3)",2.6092
2025-05-05 02:00:00,336,"Hoyt St (2,3)",7.6017
2025-05-05 02:00:00,337,"Nevins St (2,3,4,5)",6.1514999999999995
2025-05-05 02:00:00,339,"Bergen St (2,3)",3.8494
2025-05-05 02:00:00,340,"Grand Army Plaza (2,3)",5.1939
2025-05-05 02:00:00,341,"Eastern Pkwy-Brooklyn Museum (2,3)",4.1615
2025-05-05 02:00:00,343,Nostrand Av (3),4.7627
2025-05-05 02:00:00,344,Kingston Av (3),3.9897
2025-05-05 02:00:00,345,"Crown Hts-Utica Av (3,4)",33.3625
2025-05-05 02:00:00,346,Sutter Av-Rutland Rd (3),11.5288
2025-05-05 02:00:00,347,Saratoga Av (3),8.2299
2025-05-05 02:00:00,348,Rockaway Av (3),4.8273
2025-05-05 02:00:00,349,Junius St (3),4.7013
2025-05-05 02:00:00,350,Pennsylvania Av (3),6.260199999999999
2025-05-05 02:00:00,351,Van Siclen Av (3),4.0884
2025-05-05 02:00:00,352,New Lots Av (3),14.1626
2025-05-05 02:00:00,353,"President St-Medgar Evers College (2,5)",4.1106
2025-05-05 02:00:00,354,"Sterling St (2,5)",4.0272
2025-05-05 02:00:00,355,"Winthrop St (2,5)",5.4488
2025-05-05 02:00:00,356,"Church Av (2,5)",11.5718
2025-05-05 02:00:00,357,"Beverly Rd (2,5)",13.9213
2025-05-05 02:00:00,358,"Newkirk Av-Little Haiti (2,5)",11.5547
2025-05-05 02:00:00,359,"Flatbush Av-Brooklyn College (2,5)",26.0474
2025-05-05 02:00:00,360,Pelham Bay Park (6),4.1655999999999995
2025-05-05 02:00:00,361,Buhre Av (6),3.9605
2025-05-05 02:00:00,362,Middletown Rd (6),2.4785000000000004
2025-05-05 02:00:00,363,Westchester Sq-E Tremont Av (6),6.0817
2025-05-05 02:00:00,364,Zerega Av (6),6.4235
2025-05-05 02:00:00,365,Castle Hill Av (6),10.7147
2025-05-05 02:00:00,366,Parkchester (6),21.4103
2025-05-05 02:00:00,367,St Lawrence Av (6),11.468399999999999
2025-05-05 02:00:00,368,Morrison Av-Soundview (6),12.1186
2025-05-05 02:00:00,369,Elder Av (6),15.4907
2025-05-05 02:00:00,370,Whitlock Av (6),2.1186
2025-05-05 02:00:00,371,Hunts Point Av (6),33.8113
2025-05-05 02:00:00,372,Longwood Av (6),7.6772
2025-05-05 02:00:00,373,E 149 St (6),9.1748
2025-05-05 02:00:00,374,E 143 St-St Mary's St (6),8.3494
2025-05-05 02:00:00,375,Cypress Av (6),10.0187
2025-05-05 02:00:00,376,Brook Av (6),13.6849
2025-05-05 02:00:00,377,3 Av-138 St (6),20.6813
2025-05-05 02:00:00,378,Woodlawn (4),7.3109
2025-05-05 02:00:00,379,Mosholu Pkwy (4),8.7461
2025-05-05 02:00:00,380,Bedford Park Blvd-Lehman College (4),6.599
2025-05-05 02:00:00,381,Kingsbridge Rd (4),14.4133
2025-05-05 02:00:00,382,Fordham Rd (4),15.3135
2025-05-05 02:00:00,383,183 St (4),14.4913
2025-05-05 02:00:00,384,Burnside Av (4),14.3887
2025-05-05 02:00:00,385,176 St (4),11.7745
2025-05-05 02:00:00,386,Mt Eden Av (4),10.647
2025-05-05 02:00:00,387,170 St (4),13.64
2025-05-05 02:00:00,388,167 St (4),16.3561
2025-05-05 02:00:00,391,"138 St-Grand Concourse (4,5)",7.8948
2025-05-05 02:00:00,392,"125 St (4,5,6)",54.7987
2025-05-05 02:00:00,393,116 St (6),26.6558
2025-05-05 02:00:00,394,110 St (6),15.6981
2025-05-05 02:00:00,395,103 St (6),11.8415
2025-05-05 02:00:00,396,96 St (6),9.7698
2025-05-05 02:00:00,397,"86 St (4,5,6)",28.2286
2025-05-05 02:00:00,398,77 St (6),12.6625
2025-05-05 02:00:00,399,68 St-Hunter College (6),8.352
2025-05-05 02:00:00,403,33 St (6),13.186
2025-05-05 02:00:00,404,28 St (6),19.3943
2025-05-05 02:00:00,405,23 St (6),10.2581
2025-05-05 02:00:00,407,Astor Pl (6),8.6807
2025-05-05 02:00:00,409,Spring St (6),10.784
2025-05-05 02:00:00,413,"Wall St (4,5)",15.6048
2025-05-05 02:00:00,414,"Bowling Green (4,5)",21.5044
2025-05-05 02:00:00,416,Wakefield-241 St (2),7.6952
2025-05-05 02:00:00,417,"Nereid Av (2,5)",3.2979
2025-05-05 02:00:00,418,"233 St (2,5)",6.4738
2025-05-05 02:00:00,419,"225 St (2,5)",4.6072
2025-05-05 02:00:00,420,"219 St (2,5)",7.0577000000000005
2025-05-05 02:00:00,421,"Gun Hill Rd (2,5)",16.3971
2025-05-05 02:00:00,422,"Burke Av (2,5)",5.9047
2025-05-05 02:00:00,423,"Allerton Av (2,5)",9.4788
2025-05-05 02:00:00,424,"Pelham Pkwy (2,5)",11.953999999999999
2025-05-05 02:00:00,425,"Bronx Park East (2,5)",8.3743
2025-05-05 02:00:00,426,"E 180 St (2,5)",20.5076
2025-05-05 02:00:00,427,"West Farms Sq-E Tremont Av (2,5)",11.0481
2025-05-05 02:00:00,428,"174 St (2,5)",12.9489
2025-05-05 02:00:00,429,"Freeman St (2,5)",5.1563
2025-05-05 02:00:00,430,"Simpson St (2,5)",21.8627
2025-05-05 02:00:00,431,"Intervale Av (2,5)",7.2684
2025-05-05 02:00:00,432,"Prospect Av (2,5)",12.7591
2025-05-05 02:00:00,433,"Jackson Av (2,5)",12.6652
2025-05-05 02:00:00,434,"3 Av-149 St (2,5)",42.3281
2025-05-05 02:00:00,436,Harlem-148 St (3),5.9019
2025-05-05 02:00:00,437,145 St (3),10.5005
2025-05-05 02:00:00,438,"135 St (2,3)",19.476
2025-05-05 02:00:00,439,"125 St (2,3)",25.2135
2025-05-05 02:00:00,440,"116 St (2,3)",11.3865
2025-05-05 02:00:00,441,"Central Park North (110 St) (2,3)",12.4662
2025-05-05 02:00:00,442,Eastchester-Dyre Av (5),6.4797
2025-05-05 02:00:00,443,Baychester Av (5),5.0608
2025-05-05 02:00:00,444,Gun Hill Rd (5),8.299
2025-05-05 02:00:00,445,Pelham Pkwy (5),5.4419
2025-05-05 02:00:00,446,Morris Park (5),1.9771999999999998
2025-05-05 02:00:00,447,Flushing-Main St (7),93.5742
2025-05-05 02:00:00,448,Mets-Willets Point (7),6.5947
2025-05-05 02:00:00,449,111 St (7),38.177
2025-05-05 02:00:00,450,103 St-Corona Plaza (7),77.3411
2025-05-05 02:00:00,451,Junction Blvd (7),85.8538
2025-05-05 02:00:00,452,90 St-Elmhurst Av (7),51.0844
2025-05-05 02:00:00,453,82 St-Jackson Hts (7),28.2262
2025-05-05 02:00:00,455,69 St (7),10.1474
2025-05-05 02:00:00,456,61 St-Woodside (7),29.9327
2025-05-05 02:00:00,457,52 St (7),15.874600000000001
2025-05-05 02:00:00,458,46 St-Bliss St (7),29.8781
2025-05-05 02:00:00,459,40 St-Lowery St (7),16.0044
2025-05-05 02:00:00,460,33 St-Rawson St (7),12.511099999999999
2025-05-05 02:00:00,461,"Queensboro Plaza (7,N,W)",20.5563
2025-05-05 02:00:00,463,Hunters Point Av (7),15.493599999999999
2025-05-05 02:00:00,464,Vernon Blvd-Jackson Av (7),13.7448
2025-05-05 02:00:00,471,34 St-Hudson Yards (7),16.0685
2025-05-05 02:00:00,475,96 St (Q),23.2399
2025-05-05 02:00:00,476,86 St (Q),19.7052
2025-05-05 02:00:00,477,72 St (Q),20.2724
2025-05-05 02:00:00,601,"14 St (F,M,1,2,3)/6 Av (L)",35.8255
2025-05-05 02:00:00,602,"14 St-Union Sq (L,N,Q,R,W,4,5,6)",54.6977
2025-05-05 02:00:00,603,"149 St-Grand Concourse (2,4,5)",14.3434
2025-05-05 02:00:00,604,"161 St-Yankee Stadium (B,D,4)",43.591499999999996
2025-05-05 02:00:00,605,"168 St (A,C,1)",40.6929
2025-05-05 02:00:00,606,"Court Sq (E,G,M,7)",28.327099999999998
2025-05-05 02:00:00,607,"34 St-Herald Sq (B,D,F,M,N,Q,R,W)",78.4593
2025-05-05 02:00:00,608,"4 Av (F,G)/9 St (R)",8.8558
2025-05-05 02:00:00,609,"Bryant Pk (B,D,F,M)/5 Av (7)",27.256
2025-05-05 02:00:00,610,"Grand Central-42 St (S,4,5,6,7)",89.1614
2025-05-05 02:00:00,611,"Times Sq-42 St (N,Q,R,W,S,1,2,3,7)/42 St (A,C,E)",193.7953
2025-05-05 02:00:00,612,"Lexington Av-53 St (E,M)/51 St (6)",34.8007
2025-05-05 02:00:00,613,"Lexington Av (N,R,W)/59 St (4,5,6)",40.4222
2025-05-05 02:00:00,614,"59 St-Columbus Circle (A,B,C,D,1)",52.7765
2025-05-05 02:00:00,615,New Utrecht Av (N)/62 St (D),3.9853
2025-05-05 02:00:00,616,"74-Broadway (7)/Jackson Hts-Roosevelt Av (E,F,M,R)",133.9585
2025-05-05 02:00:00,617,"Atlantic Av-Barclays Ctr (B,D,N,Q,R,2,3,4,5)",37.8781
2025-05-05 02:00:00,618,"14 St (A,C,E)/8 Av (L)",45.4698
2025-05-05 02:00:00,619,"Broadway-Lafayette St (B,D,F,M)/Bleecker St (6)",24.9996
2025-05-05 02:00:00,620,"Court St (R)/Borough Hall (2,3,4,5)",20.0752
2025-05-05 02:00:00,621,"Broadway Junction (A,C,J,L,Z)",13.0054
2025-05-05 02:00:00,622,"Brooklyn Bridge-City Hall (4,5,6)/Chambers St (J,Z)",14.6579
2025-05-05 02:00:00,623,"Canal St (J,N,Q,R,W,Z,6)",25.9089
2025-05-05 02:00:00,624,"Chambers St (A,C)/WTC (E)/Park Pl (2,3)/Cortlandt (R,W)",43.7489
2025-05-05 02:00:00,625,"Delancey St (F)/Essex St (J,M,Z)",21.564
2025-05-05 02:00:00,626,"Franklin Av (2,3,4,5)/Botanic Garden (S)",16.4269
2025-05-05 02:00:00,627,"Franklin Av (C,S)",7.1889
2025-05-05 02:00:00,628,"Fulton St (A,C,J,Z,2,3,4,5)",58.9465
2025-05-05 02:00:00,629,Lorimer St (L)/Metropolitan Av (G),20.789
2025-05-05 02:00:00,630,"Myrtle-Wyckoff Avs (L,M)",53.255700000000004
2025-05-05 02:00:00,635,"South Ferry (1)/Whitehall St (R,W)",22.1836
2025-05-05 02:00:00,636,"Jay St-MetroTech (A,C,F,R)",33.996900000000004
2025-05-05 03:00:00,1,"Astoria-Ditmars Blvd (N,W)",22.8678
2025-05-05 03:00:00,2,"Astoria Blvd (N,W)",15.8417
2025-05-05 03:00:00,3,"30 Av (N,W)",11.915
2025-05-05 03:00:00,4,"Broadway (N,W)",6.1018
2025-05-05 03:00:00,5,"36 Av (N,W)",12.4294
2025-05-05 03:00:00,6,"39 Av-Dutch Kills (N,W)",4.2509
2025-05-05 03:00:00,8,"5 Av/59 St (N,R,W)",14.0347
2025-05-05 03:00:00,9,"57 St-7 Av (N,Q,R,W)",48.1645
2025-05-05 03:00:00,10,"49 St (N,R,W)",27.5421
2025-05-05 03:00:00,13,"28 St (R,W)",12.332
2025-05-05 03:00:00,14,"23 St (R,W)",15.859399999999999
2025-05-05 03:00:00,16,"8 St-NYU (R,W)",12.2599
2025-05-05 03:00:00,17,"Prince St (R,W)",10.2279
2025-05-05 03:00:00,20,"City Hall (R,W)",6.2623999999999995
2025-05-05 03:00:00,22,"Rector St (R,W)",6.0491
2025-05-05 03:00:00,26,"DeKalb Av (B,Q,R)",13.5388
2025-05-05 03:00:00,28,Union St (R),4.3027
2025-05-05 03:00:00,30,Prospect Av (R),9.0569
2025-05-05 03:00:00,31,25 St (R),8.1613
2025-05-05 03:00:00,32,"36 St (D,N,R)",27.6286
2025-05-05 03:00:00,33,45 St (R),8.5137
2025-05-05 03:00:00,34,53 St (R),13.8478
2025-05-05 03:00:00,35,"59 St (N,R)",27.6171
2025-05-05 03:00:00,36,Bay Ridge Av (R),6.6572
2025-05-05 03:00:00,37,77 St (R),3.2213
2025-05-05 03:00:00,38,86 St (R),11.713000000000001
2025-05-05 03:00:00,39,Bay Ridge-95 St (R),8.8804
2025-05-05 03:00:00,41,"7 Av (B,Q)",3.7665
2025-05-05 03:00:00,42,"Prospect Park (B,Q,S)",11.1562
2025-05-05 03:00:00,43,Parkside Av (Q),6.4697
2025-05-05 03:00:00,44,"Church Av (B,Q)",11.8733
2025-05-05 03:00:00,45,Beverley Rd (Q),3.0336
2025-05-05 03:00:00,46,Cortelyou Rd (Q),2.9748
2025-05-05 03:00:00,47,"Newkirk Plaza (B,Q)",8.2666
2025-05-05 03:00:00,48,Avenue H (Q),1.7976
2025-05-05 03:00:00,49,Avenue J (Q),5.0962
2025-05-05 03:00:00,50,Avenue M (Q),5.3848
2025-05-05 03:00:00,51,"Kings Hwy (B,Q)",14.0168
2025-05-05 03:00:00,52,Avenue U (Q),3.5721
2025-05-05 03:00:00,53,Neck Rd (Q),2.175
2025-05-05 03:00:00,54,"Sheepshead Bay (B,Q)",9.3712
2025-05-05 03:00:00,55,"Brighton Beach (B,Q)",13.7706
2025-05-05 03:00:00,56,Ocean Pkwy (Q),2.794
2025-05-05 03:00:00,57,"W 8 St-NY Aquarium (F,Q)",2.7824
2025-05-05 03:00:00,58,"Coney Island-Stillwell Av (D,F,N,Q)",26.9776
2025-05-05 03:00:00,59,9 Av (D),9.200899999999999
2025-05-05 03:00:00,60,Fort Hamilton Pkwy (D),6.4954
2025-05-05 03:00:00,61,50 St (D),5.106
2025-05-05 03:00:00,62,55 St (D),2.6095
2025-05-05 03:00:00,64,71 St (D),2.7292
2025-05-05 03:00:00,65,79 St (D),6.9559
2025-05-05 03:00:00,66,18 Av (D),8.379
2025-05-05 03:00:00,67,20 Av (D),8.517
2025-05-05 03:00:00,68,Bay Pkwy (D),8.5912
2025-05-05 03:00:00,69,25 Av (D),11.1022
2025-05-05 03:00:00,70,Bay 50 St (D),7.8824
2025-05-05 03:00:00,71,8 Av (N),5.0293
2025-05-05 03:00:00,72,Fort Hamilton Pkwy (N),2.9975
2025-05-05 03:00:00,74,18 Av (N),4.009
2025-05-05 03:00:00,75,20 Av (N),5.2886999999999995
2025-05-05 03:00:00,76,Bay Pkwy (N),6.3709
2025-05-05 03:00:00,77,Kings Hwy (N),2.7994
2025-05-05 03:00:00,78,Avenue U (N),6.0639
2025-05-05 03:00:00,79,86 St (N),1.9385
2025-05-05 03:00:00,80,"121 St (J,Z)",5.3757
2025-05-05 03:00:00,81,111 St (J),3.6552
2025-05-05 03:00:00,82,"104 St (J,Z)",0.8025
2025-05-05 03:00:00,83,"Woodhaven Blvd (J,Z)",8.5732
2025-05-05 03:00:00,84,85 St-Forest Pkwy (J),2.5204999999999997
2025-05-05 03:00:00,85,"75 St-Elderts Ln (J,Z)",5.0643
2025-05-05 03:00:00,86,Cypress Hills (J),0.5
2025-05-05 03:00:00,87,"Crescent St (J,Z)",6.5541
2025-05-05 03:00:00,88,"Norwood Av (J,Z)",3.6314
2025-05-05 03:00:00,89,Cleveland St (J),0.25
2025-05-05 03:00:00,90,"Van Siclen Av (J,Z)",1.9667000000000001
2025-05-05 03:00:00,91,Alabama Av (J),2.1872
2025-05-05 03:00:00,93,"Chauncey St (J,Z)",2.0007
2025-05-05 03:00:00,94,Halsey St (J),7.2604999999999995
2025-05-05 03:00:00,95,"Gates Av (J,Z)",6.2491
2025-05-05 03:00:00,96,Kosciuszko St (J),5.2671
2025-05-05 03:00:00,97,"Myrtle Av (M,J,Z)",14.6334
2025-05-05 03:00:00,98,"Flushing Av (M,J)",17.427
2025-05-05 03:00:00,99,"Lorimer St (M,J)",2.053
2025-05-05 03:00:00,100,"Hewes St (M,J)",1.4934
2025-05-05 03:00:00,101,"Marcy Av (M,J,Z)",13.3718
2025-05-05 03:00:00,103,"Bowery (J,Z)",3.2082
2025-05-05 03:00:00,107,"Broad St (J,Z)",13.0696
2025-05-05 03:00:00,108,Middle Village-Metropolitan Av (M),9.6165
2025-05-05 03:00:00,109,Fresh Pond Rd (M),7.333600000000001
2025-05-05 03:00:00,110,Forest Av (M),5.6587000000000005
2025-05-05 03:00:00,111,Seneca Av (M),4.6807
2025-05-05 03:00:00,113,Knickerbocker Av (M),1.7822
2025-05-05 03:00:00,114,Central Av (M),5.0915
2025-05-05 03:00:00,118,3 Av (L),7.5255
2025-05-05 03:00:00,119,1 Av (L),23.5644
2025-05-05 03:00:00,120,Bedford Av (L),28.6425
2025-05-05 03:00:00,122,Graham Av (L),17.6863
2025-05-05 03:00:00,123,Grand St (L),22.1157
2025-05-05 03:00:00,124,Montrose Av (L),8.068
2025-05-05 03:00:00,125,Morgan Av (L),15.6855
2025-05-05 03:00:00,126,Jefferson St (L),12.0605
2025-05-05 03:00:00,127,DeKalb Av (L),18.8157
2025-05-05 03:00:00,129,Halsey St (L),12.8886
2025-05-05 03:00:00,130,Wilson Av (L),14.1706
2025-05-05 03:00:00,131,Bushwick Av-Aberdeen St (L),3.9652000000000003
2025-05-05 03:00:00,133,Atlantic Av (L),4.1085
2025-05-05 03:00:00,134,Sutter Av (L),4.2123
2025-05-05 03:00:00,135,Livonia Av (L),7.5181000000000004
2025-05-05 03:00:00,136,New Lots Av (L),6.698799999999999
2025-05-05 03:00:00,137,East 105 St (L),5.9057
2025-05-05 03:00:00,138,Canarsie-Rockaway Pkwy (L),18.2585
2025-05-05 03:00:00,141,Park Pl (S),0.8492
2025-05-05 03:00:00,143,Inwood-207 St (A),26.9022
2025-05-05 03:00:00,144,Dyckman St (A),4.6581
2025-05-05 03:00:00,145,190 St (A),4.43
2025-05-05 03:00:00,146,181 St (A),11.1087
2025-05-05 03:00:00,147,175 St (A),12.5301
2025-05-05 03:00:00,149,163 St-Amsterdam Av (C),7.6907
2025-05-05 03:00:00,150,155 St (C),2.146
2025-05-05 03:00:00,151,"145 St (A,C,B,D)",34.7325
2025-05-05 03:00:00,152,"135 St (C,B)",4.7364999999999995
2025-05-05 03:00:00,153,"125 St (A,C,B,D)",47.7587
2025-05-05 03:00:00,154,"116 St (C,B)",7.4572
2025-05-05 03:00:00,155,"Cathedral Pkwy (110 St) (C,B)",6.2916
2025-05-05 03:00:00,156,"103 St (C,B)",2.2809
2025-05-05 03:00:00,157,"96 St (C,B)",9.0559
2025-05-05 03:00:00,158,"86 St (C,B)",8.8134
2025-05-05 03:00:00,159,"81 St-Museum of Natural History (C,B)",9.2421
2025-05-05 03:00:00,160,"72 St (C,B)",5.0269
2025-05-05 03:00:00,162,"50 St (C,E)",25.4703
2025-05-05 03:00:00,164,"34 St-Penn Station (A,C,E)",105.044
2025-05-05 03:00:00,165,"23 St (C,E)",17.863
2025-05-05 03:00:00,167,"W 4 St-Wash Sq (A,C,E,B,D,F,M)",41.3357
2025-05-05 03:00:00,168,"Spring St (C,E)",17.6101
2025-05-05 03:00:00,169,"Canal St (A,C,E)",21.1857
2025-05-05 03:00:00,173,"High St (A,C)",6.8249
2025-05-05 03:00:00,175,"Hoyt-Schermerhorn Sts (A,C,G)",10.4069
2025-05-05 03:00:00,176,Lafayette Av (C),5.9133000000000004
2025-05-05 03:00:00,177,Clinton-Washington Avs (C),5.265
2025-05-05 03:00:00,179,"Nostrand Av (A,C)",21.4057
2025-05-05 03:00:00,180,Kingston-Throop Avs (C),6.4683
2025-05-05 03:00:00,181,"Utica Av (A,C)",18.2866
2025-05-05 03:00:00,182,Ralph Av (C),7.7363
2025-05-05 03:00:00,183,Rockaway Av (C),11.3349
2025-05-05 03:00:00,185,Liberty Av (C),3.5347
2025-05-05 03:00:00,186,Van Siclen Av (C),3.5228
2025-05-05 03:00:00,187,Shepherd Av (C),4.1128
2025-05-05 03:00:00,188,"Euclid Av (A,C)",19.1232
2025-05-05 03:00:00,189,Grant Av (A),14.1769
2025-05-05 03:00:00,190,80 St (A),10.6306
2025-05-05 03:00:00,191,88 St (A),1.5708
2025-05-05 03:00:00,192,Rockaway Blvd (A),12.5801
2025-05-05 03:00:00,193,104 St (A),1.5602
2025-05-05 03:00:00,194,111 St (A),0.2918
2025-05-05 03:00:00,195,Ozone Park-Lefferts Blvd (A),17.5444
2025-05-05 03:00:00,196,Aqueduct Racetrack (A),0.3927
2025-05-05 03:00:00,197,Aqueduct-N Conduit Av (A),1.8315000000000001
2025-05-05 03:00:00,198,Howard Beach-JFK Airport (A),41.8569
2025-05-05 03:00:00,200,"Beach 90 St (A,S)",0.8937999999999999
2025-05-05 03:00:00,201,"Beach 98 St (A,S)",0.358
2025-05-05 03:00:00,203,"Rockaway Park-Beach 116 St (A,S)",0.625
2025-05-05 03:00:00,204,Beach 67 St (A),6.7389
2025-05-05 03:00:00,205,Beach 60 St (A),0.9838
2025-05-05 03:00:00,208,Beach 25 St (A),0.3
2025-05-05 03:00:00,209,Far Rockaway-Mott Av (A),9.3811
2025-05-05 03:00:00,210,Norwood-205 St (D),5.7620000000000005
2025-05-05 03:00:00,211,"Bedford Park Blvd (B,D)",10.5751
2025-05-05 03:00:00,212,"Kingsbridge Rd (B,D)",8.9286
2025-05-05 03:00:00,213,"Fordham Rd (B,D)",15.1693
2025-05-05 03:00:00,214,"182-183 Sts (B,D)",9.5949
2025-05-05 03:00:00,215,"Tremont Av (B,D)",9.854800000000001
2025-05-05 03:00:00,216,"174-175 Sts (B,D)",7.6021
2025-05-05 03:00:00,217,"170 St (B,D)",8.2472
2025-05-05 03:00:00,218,"167 St (B,D)",15.1528
2025-05-05 03:00:00,220,"155 St (B,D)",3.8252
2025-05-05 03:00:00,221,21 St-Queensbridge (F),30.3041
2025-05-05 03:00:00,222,Roosevelt Island (F),6.7147
2025-05-05 03:00:00,223,"Lexington Av/63 St (F,Q)",31.6182
2025-05-05 03:00:00,224,57 St (F),27.5066
2025-05-05 03:00:00,225,"47-50 Sts-Rockefeller Ctr (B,D,F,M)",90.5851
2025-05-05 03:00:00,228,"23 St (F,M)",17.2591
2025-05-05 03:00:00,231,"Grand St (B,D)",20.4767
2025-05-05 03:00:00,232,2 Av (F),17.087699999999998
2025-05-05 03:00:00,234,East Broadway (F),11.4787
2025-05-05 03:00:00,235,York St (F),13.1564
2025-05-05 03:00:00,236,"Bergen St (F,G)",5.9737
2025-05-05 03:00:00,237,"Carroll St (F,G)",5.1914
2025-05-05 03:00:00,238,"Smith-9 Sts (F,G)",9.8638
2025-05-05 03:00:00,240,"7 Av (F,G)",8.7221
2025-05-05 03:00:00,241,"15 St-Prospect Park (F,G)",6.3053
2025-05-05 03:00:00,242,"Fort Hamilton Pkwy (F,G)",1.119
2025-05-05 03:00:00,243,"Church Av (F,G)",16.5481
2025-05-05 03:00:00,244,Ditmas Av (F),2.0930999999999997
2025-05-05 03:00:00,245,18 Av (F),2.6882
2025-05-05 03:00:00,246,Avenue I (F),2.0502000000000002
2025-05-05 03:00:00,247,Bay Pkwy (F),1.2269999999999999
2025-05-05 03:00:00,248,Avenue N (F),2.6729
2025-05-05 03:00:00,249,Avenue P (F),2.3953
2025-05-05 03:00:00,250,Kings Hwy (F),3.1946
2025-05-05 03:00:00,251,Avenue U (F),1.6164
2025-05-05 03:00:00,252,Avenue X (F),2.5420000000000003
2025-05-05 03:00:00,253,Neptune Av (F),0.9235
2025-05-05 03:00:00,254,Jamaica-179 St (F),30.6862
2025-05-05 03:00:00,255,169 St (F),17.5749
2025-05-05 03:00:00,256,Parsons Blvd (F),6.6155
2025-05-05 03:00:00,257,Sutphin Blvd (F),7.4359
2025-05-05 03:00:00,258,"Briarwood (E,F)",9.4921
2025-05-05 03:00:00,259,"Kew Gardens-Union Tpke (E,F)",39.237
2025-05-05 03:00:00,260,"75 Av (E,F)",0.7537
2025-05-05 03:00:00,261,"Forest Hills-71 Av (E,F,M,R)",21.3402
2025-05-05 03:00:00,262,"67 Av (M,R)",7.4979000000000005
2025-05-05 03:00:00,263,"63 Dr-Rego Park (M,R)",9.3146
2025-05-05 03:00:00,264,"Woodhaven Blvd (M,R)",25.2959
2025-05-05 03:00:00,265,"Grand Av-Newtown (M,R)",29.6188
2025-05-05 03:00:00,266,"Elmhurst Av (M,R)",13.5717
2025-05-05 03:00:00,268,"65 St (M,R)",9.9779
2025-05-05 03:00:00,269,"Northern Blvd (M,R)",8.1654
2025-05-05 03:00:00,270,"46 St (M,R)",10.2658
2025-05-05 03:00:00,271,"Steinway St (M,R)",13.0794
2025-05-05 03:00:00,272,"36 St (M,R)",5.857
2025-05-05 03:00:00,273,"Queens Plaza (E,M,R)",29.726300000000002
2025-05-05 03:00:00,276,"5 Av/53 St (E,M)",30.0509
2025-05-05 03:00:00,277,"7 Av (E,B,D)",26.4654
2025-05-05 03:00:00,278,"Jamaica Center-Parsons/Archer (E,J,Z)",63.2567
2025-05-05 03:00:00,279,"Sutphin Blvd-Archer Av-JFK Airport (E,J,Z)",113.41969999999999
2025-05-05 03:00:00,280,Jamaica-Van Wyck (E),10.895
2025-05-05 03:00:00,282,21 St (G),4.2036
2025-05-05 03:00:00,283,Greenpoint Av (G),13.601
2025-05-05 03:00:00,284,Nassau Av (G),12.8786
2025-05-05 03:00:00,286,Broadway (G),5.0074
2025-05-05 03:00:00,287,Flushing Av (G),26.375600000000002
2025-05-05 03:00:00,288,Myrtle-Willoughby Avs (G),3.7717
2025-05-05 03:00:00,289,Bedford-Nostrand Avs (G),7.7606
2025-05-05 03:00:00,290,Classon Av (G),4.8977
2025-05-05 03:00:00,291,Clinton-Washington Avs (G),1.8786
2025-05-05 03:00:00,292,Fulton St (G),6.5945
2025-05-05 03:00:00,293,Van Cortlandt Park-242 St (1),8.843399999999999
2025-05-05 03:00:00,294,238 St (1),3.3596
2025-05-05 03:00:00,295,231 St (1),8.2524
2025-05-05 03:00:00,296,Marble Hill-225 St (1),8.5222
2025-05-05 03:00:00,297,215 St (1),1.1757
2025-05-05 03:00:00,298,207 St (1),5.2377
2025-05-05 03:00:00,299,Dyckman St (1),7.3485000000000005
2025-05-05 03:00:00,300,191 St (1),6.429399999999999
2025-05-05 03:00:00,301,181 St (1),10.9893
2025-05-05 03:00:00,303,157 St (1),17.3924
2025-05-05 03:00:00,304,145 St (1),19.9913
2025-05-05 03:00:00,305,137 St-City College (1),15.821
2025-05-05 03:00:00,306,125 St (1),12.540099999999999
2025-05-05 03:00:00,307,116 St-Columbia University (1),14.1579
2025-05-05 03:00:00,308,Cathedral Pkwy (110 St) (1),13.805299999999999
2025-05-05 03:00:00,309,103 St (1),15.7151
2025-05-05 03:00:00,310,"96 St (1,2,3)",34.4956
2025-05-05 03:00:00,311,86 St (1),17.5296
2025-05-05 03:00:00,312,79 St (1),13.803899999999999
2025-05-05 03:00:00,313,"72 St (1,2,3)",27.4149
2025-05-05 03:00:00,314,66 St-Lincoln Center (1),12.5761
2025-05-05 03:00:00,316,50 St (1),24.2241
2025-05-05 03:00:00,318,"34 St-Penn Station (1,2,3)",93.468
2025-05-05 03:00:00,319,28 St (1),19.2924
2025-05-05 03:00:00,320,23 St (1),20.5201
2025-05-05 03:00:00,321,18 St (1),4.1147
2025-05-05 03:00:00,323,Christopher St-Sheridan Sq (1),11.0074
2025-05-05 03:00:00,324,Houston St (1),20.9977
2025-05-05 03:00:00,325,Canal St (1),5.6198999999999995
2025-05-05 03:00:00,326,Franklin St (1),3.0507999999999997
2025-05-05 03:00:00,327,"Chambers St (1,2,3)",22.3154
2025-05-05 03:00:00,328,WTC Cortlandt (1),12.656699999999999
2025-05-05 03:00:00,329,Rector St (1),7.1228
2025-05-05 03:00:00,333,"Wall St (2,3)",12.5456
2025-05-05 03:00:00,334,"Clark St (2,3)",3.0125
2025-05-05 03:00:00,336,"Hoyt St (2,3)",9.3162
2025-05-05 03:00:00,337,"Nevins St (2,3,4,5)",8.7685
2025-05-05 03:00:00,339,"Bergen St (2,3)",2.9088
2025-05-05 03:00:00,340,"Grand Army Plaza (2,3)",4.6931
2025-05-05 03:00:00,341,"Eastern Pkwy-Brooklyn Museum (2,3)",2.1512000000000002
2025-05-05 03:00:00,343,Nostrand Av (3),3.7848
2025-05-05 03:00:00,344,Kingston Av (3),2.3219
2025-05-05 03:00:00,345,"Crown Hts-Utica Av (3,4)",21.799500000000002
2025-05-05 03:00:00,346,Sutter Av-Rutland Rd (3),8.1358
2025-05-05 03:00:00,347,Saratoga Av (3),6.96
2025-05-05 03:00:00,348,Rockaway Av (3),8.793
2025-05-05 03:00:00,349,Junius St (3),3.6793
2025-05-05 03:00:00,350,Pennsylvania Av (3),7.0638
2025-05-05 03:00:00,351,Van Siclen Av (3),2.7314
2025-05-05 03:00:00,352,New Lots Av (3),14.622
2025-05-05 03:00:00,353,"President St-Medgar Evers College (2,5)",0.8183
2025-05-05 03:00:00,354,"Sterling St (2,5)",3.282
2025-05-05 03:00:00,355,"Winthrop St (2,5)",4.3949
2025-05-05 03:00:00,356,"Church Av (2,5)",5.6401
2025-05-05 03:00:00,357,"Beverly Rd (2,5)",6.695
2025-05-05 03:00:00,358,"Newkirk Av-Little Haiti (2,5)",11.6717
2025-05-05 03:00:00,359,"Flatbush Av-Brooklyn College (2,5)",25.1627
2025-05-05 03:00:00,360,Pelham Bay Park (6),9.1014
2025-05-05 03:00:00,361,Buhre Av (6),2.924
2025-05-05 03:00:00,362,Middletown Rd (6),3.8491999999999997
2025-05-05 03:00:00,363,Westchester Sq-E Tremont Av (6),4.5393
2025-05-05 03:00:00,364,Zerega Av (6),6.7142
2025-05-05 03:00:00,365,Castle Hill Av (6),9.6492
2025-05-05 03:00:00,366,Parkchester (6),18.4009
2025-05-05 03:00:00,367,St Lawrence Av (6),10.8339
2025-05-05 03:00:00,368,Morrison Av-Soundview (6),9.0636
2025-05-05 03:00:00,369,Elder Av (6),16.8571
2025-05-05 03:00:00,370,Whitlock Av (6),1.4755
2025-05-05 03:00:00,371,Hunts Point Av (6),38.5234
2025-05-05 03:00:00,372,Longwood Av (6),13.6211
2025-05-05 03:00:00,373,E 149 St (6),7.7633
2025-05-05 03:00:00,374,E 143 St-St Mary's St (6),6.8625
2025-05-05 03:00:00,375,Cypress Av (6),10.6577
2025-05-05 03:00:00,376,Brook Av (6),15.2369
2025-05-05 03:00:00,377,3 Av-138 St (6),25.7281
2025-05-05 03:00:00,378,Woodlawn (4),10.412
2025-05-05 03:00:00,379,Mosholu Pkwy (4),12.8881
2025-05-05 03:00:00,380,Bedford Park Blvd-Lehman College (4),5.0737
2025-05-05 03:00:00,381,Kingsbridge Rd (4),10.8518
2025-05-05 03:00:00,382,Fordham Rd (4),12.3232
2025-05-05 03:00:00,383,183 St (4),7.9633
2025-05-05 03:00:00,384,Burnside Av (4),14.1243
2025-05-05 03:00:00,385,176 St (4),9.9664
2025-05-05 03:00:00,386,Mt Eden Av (4),4.3286
2025-05-05 03:00:00,387,170 St (4),12.5511
2025-05-05 03:00:00,388,167 St (4),11.9865
2025-05-05 03:00:00,391,"138 St-Grand Concourse (4,5)",19.6805
2025-05-05 03:00:00,392,"125 St (4,5,6)",58.7624
2025-05-05 03:00:00,393,116 St (6),14.7576
2025-05-05 03:00:00,394,110 St (6),15.6552
2025-05-05 03:00:00,395,103 St (6),19.1032
2025-05-05 03:00:00,396,96 St (6),22.1717
2025-05-05 03:00:00,397,"86 St (4,5,6)",50.421
2025-05-05 03:00:00,398,77 St (6),37.6753
2025-05-05 03:00:00,399,68 St-Hunter College (6),29.2853
2025-05-05 03:00:00,403,33 St (6),43.126599999999996
2025-05-05 03:00:00,404,28 St (6),26.6058
2025-05-05 03:00:00,405,23 St (6),27.0446
2025-05-05 03:00:00,407,Astor Pl (6),12.9254
2025-05-05 03:00:00,409,Spring St (6),10.232
2025-05-05 03:00:00,413,"Wall St (4,5)",17.2193
2025-05-05 03:00:00,414,"Bowling Green (4,5)",29.9296
2025-05-05 03:00:00,416,Wakefield-241 St (2),11.9593
2025-05-05 03:00:00,417,"Nereid Av (2,5)",4.7023
2025-05-05 03:00:00,418,"233 St (2,5)",4.2466
2025-05-05 03:00:00,419,"225 St (2,5)",2.8071
2025-05-05 03:00:00,420,"219 St (2,5)",4.4277
2025-05-05 03:00:00,421,"Gun Hill Rd (2,5)",10.5366
2025-05-05 03:00:00,422,"Burke Av (2,5)",2.4144
2025-05-05 03:00:00,423,"Allerton Av (2,5)",4.8673
2025-05-05 03:00:00,424,"Pelham Pkwy (2,5)",9.7507
2025-05-05 03:00:00,425,"Bronx Park East (2,5)",4.8154
2025-05-05 03:00:00,426,"E 180 St (2,5)",22.2602
2025-05-05 03:00:00,427,"West Farms Sq-E Tremont Av (2,5)",6.4532
2025-05-05 03:00:00,428,"174 St (2,5)",7.7928
2025-05-05 03:00:00,429,"Freeman St (2,5)",6.3884
2025-05-05 03:00:00,430,"Simpson St (2,5)",18.0341
2025-05-05 03:00:00,431,"Intervale Av (2,5)",7.8846
2025-05-05 03:00:00,432,"Prospect Av (2,5)",9.3971
2025-05-05 03:00:00,433,"Jackson Av (2,5)",6.9622
2025-05-05 03:00:00,434,"3 Av-149 St (2,5)",24.7639
2025-05-05 03:00:00,436,Harlem-148 St (3),4.7259
2025-05-05 03:00:00,437,145 St (3),3.7001
2025-05-05 03:00:00,438,"135 St (2,3)",17.1493
2025-05-05 03:00:00,439,"125 St (2,3)",30.3706
2025-05-05 03:00:00,440,"116 St (2,3)",11.1423
2025-05-05 03:00:00,441,"Central Park North (110 St) (2,3)",7.4845
2025-05-05 03:00:00,442,Eastchester-Dyre Av (5),11.812100000000001
2025-05-05 03:00:00,443,Baychester Av (5),3.0711
2025-05-05 03:00:00,444,Gun Hill Rd (5),4.1895
2025-05-05 03:00:00,445,Pelham Pkwy (5),4.4696
2025-05-05 03:00:00,446,Morris Park (5),2.6254999999999997
2025-05-05 03:00:00,447,Flushing-Main St (7),90.6146
2025-05-05 03:00:00,448,Mets-Willets Point (7),12.5573
2025-05-05 03:00:00,449,111 St (7),24.7552
2025-05-05 03:00:00,450,103 St-Corona Plaza (7),52.451299999999996
2025-05-05 03:00:00,451,Junction Blvd (7),46.0644
2025-05-05 03:00:00,452,90 St-Elmhurst Av (7),41.1237
2025-05-05 03:00:00,453,82 St-Jackson Hts (7),23.5344
2025-05-05 03:00:00,455,69 St (7),11.1064
2025-05-05 03:00:00,456,61 St-Woodside (7),26.014599999999998
2025-05-05 03:00:00,457,52 St (7),7.0703
2025-05-05 03:00:00,458,46 St-Bliss St (7),26.5787
2025-05-05 03:00:00,459,40 St-Lowery St (7),10.5861
2025-05-05 03:00:00,460,33 St-Rawson St (7),33.1162
2025-05-05 03:00:00,461,"Queensboro Plaza (7,N,W)",28.2134
2025-05-05 03:00:00,463,Hunters Point Av (7),15.9893
2025-05-05 03:00:00,464,Vernon Blvd-Jackson Av (7),10.696200000000001
2025-05-05 03:00:00,471,34 St-Hudson Yards (7),41.4205
2025-05-05 03:00:00,475,96 St (Q),16.0634
2025-05-05 03:00:00,476,86 St (Q),20.3722
2025-05-05 03:00:00,477,72 St (Q),30.1553
2025-05-05 03:00:00,601,"14 St (F,M,1,2,3)/6 Av (L)",34.1871
2025-05-05 03:00:00,602,"14 St-Union Sq (L,N,Q,R,W,4,5,6)",78.2689
2025-05-05 03:00:00,603,"149 St-Grand Concourse (2,4,5)",24.5335
2025-05-05 03:00:00,604,"161 St-Yankee Stadium (B,D,4)",46.6987
2025-05-05 03:00:00,605,"168 St (A,C,1)",34.4221
2025-05-05 03:00:00,606,"Court Sq (E,G,M,7)",38.7163
2025-05-05 03:00:00,607,"34 St-Herald Sq (B,D,F,M,N,Q,R,W)",135.9004
2025-05-05 03:00:00,608,"4 Av (F,G)/9 St (R)",18.9821
2025-05-05 03:00:00,609,"Bryant Pk (B,D,F,M)/5 Av (7)",71.8715
2025-05-05 03:00:00,610,"Grand Central-42 St (S,4,5,6,7)",146.2022
2025-05-05 03:00:00,611,"Times Sq-42 St (N,Q,R,W,S,1,2,3,7)/42 St (A,C,E)",267.1804
2025-05-05 03:00:00,612,"Lexington Av-53 St (E,M)/51 St (6)",89.4162
2025-05-05 03:00:00,613,"Lexington Av (N,R,W)/59 St (4,5,6)",68.6725
2025-05-05 03:00:00,614,"59 St-Columbus Circle (A,B,C,D,1)",105.2191
2025-05-05 03:00:00,615,New Utrecht Av (N)/62 St (D),3.1648
2025-05-05 03:00:00,616,"74-Broadway (7)/Jackson Hts-Roosevelt Av (E,F,M,R)",129.9934
2025-05-05 03:00:00,617,"Atlantic Av-Barclays Ctr (B,D,N,Q,R,2,3,4,5)",57.1744
2025-05-05 03:00:00,618,"14 St (A,C,E)/8 Av (L)",44.9546
2025-05-05 03:00:00,619,"Broadway-Lafayette St (B,D,F,M)/Bleecker St (6)",37.626
2025-05-05 03:00:00,620,"Court St (R)/Borough Hall (2,3,4,5)",25.9874
2025-05-05 03:00:00,621,"Broadway Junction (A,C,J,L,Z)",19.0483
2025-05-05 03:00:00,622,"Brooklyn Bridge-City Hall (4,5,6)/Chambers St (J,Z)",36.4294
2025-05-05 03:00:00,623,"Canal St (J,N,Q,R,W,Z,6)",40.1034
2025-05-05 03:00:00,624,"Chambers St (A,C)/WTC (E)/Park Pl (2,3)/Cortlandt (R,W)",76.0153
2025-05-05 03:00:00,625,"Delancey St (F)/Essex St (J,M,Z)",25.2957
2025-05-05 03:00:00,626,"Franklin Av (2,3,4,5)/Botanic Garden (S)",13.3973
2025-05-05 03:00:00,627,"Franklin Av (C,S)",5.4332
2025-05-05 03:00:00,628,"Fulton St (A,C,J,Z,2,3,4,5)",89.4588
2025-05-05 03:00:00,629,Lorimer St (L)/Metropolitan Av (G),19.3118
2025-05-05 03:00:00,630,"Myrtle-Wyckoff Avs (L,M)",38.5244
2025-05-05 03:00:00,635,"South Ferry (1)/Whitehall St (R,W)",33.4473
2025-05-05 03:00:00,636,"Jay St-MetroTech (A,C,F,R)",34.2003
2025-05-05 04:00:00,1,"Astoria-Ditmars Blvd (N,W)",40.6582
2025-05-05 04:00:00,2,"Astoria Blvd (N,W)",28.7665
2025-05-05 04:00:00,3,"30 Av (N,W)",24.4577
2025-05-05 04:00:00,4,"Broadway (N,W)",19.8148
2025-05-05 04:00:00,5,"36 Av (N,W)",13.3263
2025-05-05 04:00:00,6,"39 Av-Dutch Kills (N,W)",14.1571
2025-05-05 04:00:00,8,"5 Av/59 St (N,R,W)",58.3926
2025-05-05 04:00:00,9,"57 St-7 Av (N,Q,R,W)",145.2559
2025-05-05 04:00:00,10,"49 St (N,R,W)",90.5757
2025-05-05 04:00:00,13,"28 St (R,W)",33.9999
2025-05-05 04:00:00,14,"23 St (R,W)",61.4199
2025-05-05 04:00:00,16,"8 St-NYU (R,W)",26.0855
2025-05-05 04:00:00,17,"Prince St (R,W)",16.2222
2025-05-05 04:00:00,20,"City Hall (R,W)",22.7427
2025-05-05 04:00:00,22,"Rector St (R,W)",16.3218
2025-05-05 04:00:00,26,"DeKalb Av (B,Q,R)",49.6474
2025-05-05 04:00:00,28,Union St (R),25.9949
2025-05-05 04:00:00,30,Prospect Av (R),18.477
2025-05-05 04:00:00,31,25 St (R),20.6214
2025-05-05 04:00:00,32,"36 St (D,N,R)",73.4584
2025-05-05 04:00:00,33,45 St (R),18.4221
2025-05-05 04:00:00,34,53 St (R),36.3017
2025-05-05 04:00:00,35,"59 St (N,R)",58.4842
2025-05-05 04:00:00,36,Bay Ridge Av (R),11.7453
2025-05-05 04:00:00,37,77 St (R),6.8021
2025-05-05 04:00:00,38,86 St (R),33.6178
2025-05-05 04:00:00,39,Bay Ridge-95 St (R),16.4242
2025-05-05 04:00:00,41,"7 Av (B,Q)",7.4295
2025-05-05 04:00:00,42,"Prospect Park (B,Q,S)",17.9505
2025-05-05 04:00:00,43,Parkside Av (Q),6.7275
2025-05-05 04:00:00,44,"Church Av (B,Q)",18.217
2025-05-05 04:00:00,45,Beverley Rd (Q),9.8211
2025-05-05 04:00:00,46,Cortelyou Rd (Q),7.272600000000001
2025-05-05 04:00:00,47,"Newkirk Plaza (B,Q)",12.3884
2025-05-05 04:00:00,48,Avenue H (Q),4.0152
2025-05-05 04:00:00,49,Avenue J (Q),10.2605
2025-05-05 04:00:00,50,Avenue M (Q),6.2482
2025-05-05 04:00:00,51,"Kings Hwy (B,Q)",42.7573
2025-05-05 04:00:00,52,Avenue U (Q),11.4018
2025-05-05 04:00:00,53,Neck Rd (Q),4.479
2025-05-05 04:00:00,54,"Sheepshead Bay (B,Q)",34.0407
2025-05-05 04:00:00,55,"Brighton Beach (B,Q)",24.567
2025-05-05 04:00:00,56,Ocean Pkwy (Q),4.1175999999999995
2025-05-05 04:00:00,57,"W 8 St-NY Aquarium (F,Q)",6.384
2025-05-05 04:00:00,58,"Coney Island-Stillwell Av (D,F,N,Q)",65.1995
2025-05-05 04:00:00,59,9 Av (D),9.5074
2025-05-05 04:00:00,60,Fort Hamilton Pkwy (D),18.6146
2025-05-05 04:00:00,61,50 St (D),11.5718
2025-05-05 04:00:00,62,55 St (D),5.3293
2025-05-05 04:00:00,64,71 St (D),4.7835
2025-05-05 04:00:00,65,79 St (D),7.4635
2025-05-05 04:00:00,66,18 Av (D),8.076
2025-05-05 04:00:00,67,20 Av (D),7.3289
2025-05-05 04:00:00,68,Bay Pkwy (D),9.7053
2025-05-05 04:00:00,69,25 Av (D),16.2727
2025-05-05 04:00:00,70,Bay 50 St (D),8.2879
2025-05-05 04:00:00,71,8 Av (N),18.2917
2025-05-05 04:00:00,72,Fort Hamilton Pkwy (N),7.1936
2025-05-05 04:00:00,74,18 Av (N),4.5654
2025-05-05 04:00:00,75,20 Av (N),3.7225
2025-05-05 04:00:00,76,Bay Pkwy (N),6.4601999999999995
2025-05-05 04:00:00,77,Kings Hwy (N),11.7841
2025-05-05 04:00:00,78,Avenue U (N),6.6243
2025-05-05 04:00:00,79,86 St (N),9.312
2025-05-05 04:00:00,80,"121 St (J,Z)",12.9957
2025-05-05 04:00:00,81,111 St (J),5.5565
2025-05-05 04:00:00,82,"104 St (J,Z)",5.3275
2025-05-05 04:00:00,83,"Woodhaven Blvd (J,Z)",17.2347
2025-05-05 04:00:00,84,85 St-Forest Pkwy (J),5.3136
2025-05-05 04:00:00,85,"75 St-Elderts Ln (J,Z)",7.5136
2025-05-05 04:00:00,86,Cypress Hills (J),1.1157
2025-05-05 04:00:00,87,"Crescent St (J,Z)",8.7034
2025-05-05 04:00:00,88,"Norwood Av (J,Z)",8.9833
2025-05-05 04:00:00,89,Cleveland St (J),3.56
2025-05-05 04:00:00,90,"Van Siclen Av (J,Z)",6.0228
2025-05-05 04:00:00,91,Alabama Av (J),14.2346
2025-05-05 04:00:00,93,"Chauncey St (J,Z)",3.13
2025-05-05 04:00:00,94,Halsey St (J),10.0315
2025-05-05 04:00:00,95,"Gates Av (J,Z)",17.9304
2025-05-05 04:00:00,96,Kosciuszko St (J),7.1513
2025-05-05 04:00:00,97,"Myrtle Av (M,J,Z)",24.3947
2025-05-05 04:00:00,98,"Flushing Av (M,J)",22.753
2025-05-05 04:00:00,99,"Lorimer St (M,J)",7.1662
2025-05-05 04:00:00,100,"Hewes St (M,J)",2.5288
2025-05-05 04:00:00,101,"Marcy Av (M,J,Z)",35.6298
2025-05-05 04:00:00,103,"Bowery (J,Z)",11.5516
2025-05-05 04:00:00,107,"Broad St (J,Z)",38.070100000000004
2025-05-05 04:00:00,108,Middle Village-Metropolitan Av (M),17.1055
2025-05-05 04:00:00,109,Fresh Pond Rd (M),9.7911
2025-05-05 04:00:00,110,Forest Av (M),6.0378
2025-05-05 04:00:00,111,Seneca Av (M),0.28
2025-05-05 04:00:00,113,Knickerbocker Av (M),5.9684
2025-05-05 04:00:00,114,Central Av (M),4.8012999999999995
2025-05-05 04:00:00,118,3 Av (L),19.4338
2025-05-05 04:00:00,119,1 Av (L),69.5616
2025-05-05 04:00:00,120,Bedford Av (L),52.6092
2025-05-05 04:00:00,122,Graham Av (L),27.9482
2025-05-05 04:00:00,123,Grand St (L),56.9808
2025-05-05 04:00:00,124,Montrose Av (L),20.0829
2025-05-05 04:00:00,125,Morgan Av (L),36.8832
2025-05-05 04:00:00,126,Jefferson St (L),35.9687
2025-05-05 04:00:00,127,DeKalb Av (L),24.6199
2025-05-05 04:00:00,129,Halsey St (L),17.5862
2025-05-05 04:00:00,130,Wilson Av (L),14.1823
2025-05-05 04:00:00,131,Bushwick Av-Aberdeen St (L),11.0483
2025-05-05 04:00:00,133,Atlantic Av (L),30.9486
2025-05-05 04:00:00,134,Sutter Av (L),14.63
2025-05-05 04:00:00,135,Livonia Av (L),11.2269
2025-05-05 04:00:00,136,New Lots Av (L),16.1883
2025-05-05 04:00:00,137,East 105 St (L),16.6564
2025-05-05 04:00:00,138,Canarsie-Rockaway Pkwy (L),39.1203
2025-05-05 04:00:00,141,Park Pl (S),3.4785
2025-05-05 04:00:00,143,Inwood-207 St (A),39.8012
2025-05-05 04:00:00,144,Dyckman St (A),11.3054
2025-05-05 04:00:00,145,190 St (A),5.2014
2025-05-05 04:00:00,146,181 St (A),9.371
2025-05-05 04:00:00,147,175 St (A),31.3626
2025-05-05 04:00:00,149,163 St-Amsterdam Av (C),8.6098
2025-05-05 04:00:00,150,155 St (C),3.7146999999999997
2025-05-05 04:00:00,151,"145 St (A,C,B,D)",45.3071
2025-05-05 04:00:00,152,"135 St (C,B)",10.2121
2025-05-05 04:00:00,153,"125 St (A,C,B,D)",87.7693
2025-05-05 04:00:00,154,"116 St (C,B)",13.9279
2025-05-05 04:00:00,155,"Cathedral Pkwy (110 St) (C,B)",12.823
2025-05-05 04:00:00,156,"103 St (C,B)",7.2447
2025-05-05 04:00:00,157,"96 St (C,B)",27.3082
2025-05-05 04:00:00,158,"86 St (C,B)",20.4594
2025-05-05 04:00:00,159,"81 St-Museum of Natural History (C,B)",29.4958
2025-05-05 04:00:00,160,"72 St (C,B)",18.2001
2025-05-05 04:00:00,162,"50 St (C,E)",80.16890000000001
2025-05-05 04:00:00,164,"34 St-Penn Station (A,C,E)",334.0971
2025-05-05 04:00:00,165,"23 St (C,E)",57.8011
2025-05-05 04:00:00,167,"W 4 St-Wash Sq (A,C,E,B,D,F,M)",133.5764
2025-05-05 04:00:00,168,"Spring St (C,E)",55.0355
2025-05-05 04:00:00,169,"Canal St (A,C,E)",77.5684
2025-05-05 04:00:00,173,"High St (A,C)",27.6137
2025-05-05 04:00:00,175,"Hoyt-Schermerhorn Sts (A,C,G)",33.8976
2025-05-05 04:00:00,176,Lafayette Av (C),12.2698
2025-05-05 04:00:00,177,Clinton-Washington Avs (C),12.968399999999999
2025-05-05 04:00:00,179,"Nostrand Av (A,C)",26.8368
2025-05-05 04:00:00,180,Kingston-Throop Avs (C),11.4305
2025-05-05 04:00:00,181,"Utica Av (A,C)",30.2925
2025-05-05 04:00:00,182,Ralph Av (C),11.129
2025-05-05 04:00:00,183,Rockaway Av (C),11.5749
2025-05-05 04:00:00,185,Liberty Av (C),18.3775
2025-05-05 04:00:00,186,Van Siclen Av (C),8.3759
2025-05-05 04:00:00,187,Shepherd Av (C),3.6343
2025-05-05 04:00:00,188,"Euclid Av (A,C)",35.7276
2025-05-05 04:00:00,189,Grant Av (A),16.875799999999998
2025-05-05 04:00:00,190,80 St (A),9.9331
2025-05-05 04:00:00,191,88 St (A),3.0845000000000002
2025-05-05 04:00:00,192,Rockaway Blvd (A),38.724000000000004
2025-05-05 04:00:00,193,104 St (A),2.5042
2025-05-05 04:00:00,194,111 St (A),4.8065999999999995
2025-05-05 04:00:00,195,Ozone Park-Lefferts Blvd (A),31.8967
2025-05-05 04:00:00,196,Aqueduct Racetrack (A),2.009
2025-05-05 04:00:00,197,Aqueduct-N Conduit Av (A),12.7424
2025-05-05 04:00:00,198,Howard Beach-JFK Airport (A),93.99680000000001
2025-05-05 04:00:00,199,"Broad Channel (A,S)",0.8724000000000001
2025-05-05 04:00:00,200,"Beach 90 St (A,S)",1.7404000000000002
2025-05-05 04:00:00,202,"Beach 105 St (A,S)",0.2615
2025-05-05 04:00:00,203,"Rockaway Park-Beach 116 St (A,S)",5.0361
2025-05-05 04:00:00,204,Beach 67 St (A),6.815
2025-05-05 04:00:00,205,Beach 60 St (A),3.2430000000000003
2025-05-05 04:00:00,206,Beach 44 St (A),1.1583
2025-05-05 04:00:00,207,Beach 36 St (A),0.877
2025-05-05 04:00:00,208,Beach 25 St (A),2.9356
2025-05-05 04:00:00,209,Far Rockaway-Mott Av (A),24.2163
2025-05-05 04:00:00,210,Norwood-205 St (D),31.3474
2025-05-05 04:00:00,211,"Bedford Park Blvd (B,D)",18.8991
2025-05-05 04:00:00,212,"Kingsbridge Rd (B,D)",19.4638
2025-05-05 04:00:00,213,"Fordham Rd (B,D)",28.643
2025-05-05 04:00:00,214,"182-183 Sts (B,D)",9.5853
2025-05-05 04:00:00,215,"Tremont Av (B,D)",19.2766
2025-05-05 04:00:00,216,"174-175 Sts (B,D)",10.9624
2025-05-05 04:00:00,217,"170 St (B,D)",12.4476
2025-05-05 04:00:00,218,"167 St (B,D)",22.7446
2025-05-05 04:00:00,220,"155 St (B,D)",9.171
2025-05-05 04:00:00,221,21 St-Queensbridge (F),52.018
2025-05-05 04:00:00,222,Roosevelt Island (F),20.6403
2025-05-05 04:00:00,223,"Lexington Av/63 St (F,Q)",94.6878
2025-05-05 04:00:00,224,57 St (F),95.851
2025-05-05 04:00:00,225,"47-50 Sts-Rockefeller Ctr (B,D,F,M)",314.0672
2025-05-05 04:00:00,228,"23 St (F,M)",89.9191
2025-05-05 04:00:00,231,"Grand St (B,D)",61.6339
2025-05-05 04:00:00,232,2 Av (F),38.7529
2025-05-05 04:00:00,234,East Broadway (F),24.323
2025-05-05 04:00:00,235,York St (F),56.9235
2025-05-05 04:00:00,236,"Bergen St (F,G)",18.9419
2025-05-05 04:00:00,237,"Carroll St (F,G)",24.6668
2025-05-05 04:00:00,238,"Smith-9 Sts (F,G)",32.8888
2025-05-05 04:00:00,240,"7 Av (F,G)",25.7428
2025-05-05 04:00:00,241,"15 St-Prospect Park (F,G)",10.9391
2025-05-05 04:00:00,242,"Fort Hamilton Pkwy (F,G)",3.7862999999999998
2025-05-05 04:00:00,243,"Church Av (F,G)",23.4196
2025-05-05 04:00:00,244,Ditmas Av (F),11.142199999999999
2025-05-05 04:00:00,245,18 Av (F),9.1819
2025-05-05 04:00:00,246,Avenue I (F),7.8938
2025-05-05 04:00:00,247,Bay Pkwy (F),3.1271
2025-05-05 04:00:00,248,Avenue N (F),4.7243
2025-05-05 04:00:00,249,Avenue P (F),3.2911
2025-05-05 04:00:00,250,Kings Hwy (F),8.5012
2025-05-05 04:00:00,251,Avenue U (F),7.8965
2025-05-05 04:00:00,252,Avenue X (F),10.5388
2025-05-05 04:00:00,253,Neptune Av (F),7.7176
2025-05-05 04:00:00,254,Jamaica-179 St (F),67.3246
2025-05-05 04:00:00,255,169 St (F),32.2711
2025-05-05 04:00:00,256,Parsons Blvd (F),21.038899999999998
2025-05-05 04:00:00,257,Sutphin Blvd (F),14.2485
2025-05-05 04:00:00,258,"Briarwood (E,F)",7.9114
2025-05-05 04:00:00,259,"Kew Gardens-Union Tpke (E,F)",81.7771
2025-05-05 04:00:00,260,"75 Av (E,F)",5.9940999999999995
2025-05-05 04:00:00,261,"Forest Hills-71 Av (E,F,M,R)",62.2209
2025-05-05 04:00:00,262,"67 Av (M,R)",9.4018
2025-05-05 04:00:00,263,"63 Dr-Rego Park (M,R)",20.6646
2025-05-05 04:00:00,264,"Woodhaven Blvd (M,R)",52.3052
2025-05-05 04:00:00,265,"Grand Av-Newtown (M,R)",27.7682
2025-05-05 04:00:00,266,"Elmhurst Av (M,R)",18.4536
2025-05-05 04:00:00,268,"65 St (M,R)",9.7697
2025-05-05 04:00:00,269,"Northern Blvd (M,R)",22.227
2025-05-05 04:00:00,270,"46 St (M,R)",19.4311
2025-05-05 04:00:00,271,"Steinway St (M,R)",29.7987
2025-05-05 04:00:00,272,"36 St (M,R)",9.9095
2025-05-05 04:00:00,273,"Queens Plaza (E,M,R)",68.7007
2025-05-05 04:00:00,276,"5 Av/53 St (E,M)",102.287
2025-05-05 04:00:00,277,"7 Av (E,B,D)",85.1895
2025-05-05 04:00:00,278,"Jamaica Center-Parsons/Archer (E,J,Z)",155.4359
2025-05-05 04:00:00,279,"Sutphin Blvd-Archer Av-JFK Airport (E,J,Z)",221.1464
2025-05-05 04:00:00,280,Jamaica-Van Wyck (E),26.9179
2025-05-05 04:00:00,282,21 St (G),11.0342
2025-05-05 04:00:00,283,Greenpoint Av (G),35.8185
2025-05-05 04:00:00,284,Nassau Av (G),52.3436
2025-05-05 04:00:00,286,Broadway (G),16.762
2025-05-05 04:00:00,287,Flushing Av (G),22.5893
2025-05-05 04:00:00,288,Myrtle-Willoughby Avs (G),8.085099999999999
2025-05-05 04:00:00,289,Bedford-Nostrand Avs (G),11.4134
2025-05-05 04:00:00,290,Classon Av (G),10.5132
2025-05-05 04:00:00,291,Clinton-Washington Avs (G),8.8887
2025-05-05 04:00:00,292,Fulton St (G),18.4678
2025-05-05 04:00:00,293,Van Cortlandt Park-242 St (1),24.4117
2025-05-05 04:00:00,294,238 St (1),9.9366
2025-05-05 04:00:00,295,231 St (1),23.6037
2025-05-05 04:00:00,296,Marble Hill-225 St (1),10.0023
2025-05-05 04:00:00,297,215 St (1),12.6164
2025-05-05 04:00:00,298,207 St (1),25.9294
2025-05-05 04:00:00,299,Dyckman St (1),9.7526
2025-05-05 04:00:00,300,191 St (1),13.6336
2025-05-05 04:00:00,301,181 St (1),18.3654
2025-05-05 04:00:00,303,157 St (1),23.7183
2025-05-05 04:00:00,304,145 St (1),18.3654
2025-05-05 04:00:00,305,137 St-City College (1),16.6513
2025-05-05 04:00:00,306,125 St (1),21.6189
2025-05-05 04:00:00,307,116 St-Columbia University (1),44.6691
2025-05-05 04:00:00,308,Cathedral Pkwy (110 St) (1),27.9796
2025-05-05 04:00:00,309,103 St (1),19.4571
2025-05-05 04:00:00,310,"96 St (1,2,3)",87.1992
2025-05-05 04:00:00,311,86 St (1),43.7344
2025-05-05 04:00:00,312,79 St (1),26.584
2025-05-05 04:00:00,313,"72 St (1,2,3)",108.4723
2025-05-05 04:00:00,314,66 St-Lincoln Center (1),54.8304
2025-05-05 04:00:00,316,50 St (1),81.8936
2025-05-05 04:00:00,318,"34 St-Penn Station (1,2,3)",223.7665
2025-05-05 04:00:00,319,28 St (1),53.046
2025-05-05 04:00:00,320,23 St (1),43.1519
2025-05-05 04:00:00,321,18 St (1),15.0774
2025-05-05 04:00:00,323,Christopher St-Sheridan Sq (1),26.3309
2025-05-05 04:00:00,324,Houston St (1),72.372
2025-05-05 04:00:00,325,Canal St (1),15.1273
2025-05-05 04:00:00,326,Franklin St (1),14.7266
2025-05-05 04:00:00,327,"Chambers St (1,2,3)",60.7478
2025-05-05 04:00:00,328,WTC Cortlandt (1),50.8754
2025-05-05 04:00:00,329,Rector St (1),16.4724
2025-05-05 04:00:00,333,"Wall St (2,3)",52.456
2025-05-05 04:00:00,334,"Clark St (2,3)",11.6425
2025-05-05 04:00:00,336,"Hoyt St (2,3)",15.099400000000001
2025-05-05 04:00:00,337,"Nevins St (2,3,4,5)",36.4651
2025-05-05 04:00:00,339,"Bergen St (2,3)",7.2478
2025-05-05 04:00:00,340,"Grand Army Plaza (2,3)",10.6891
2025-05-05 04:00:00,341,"Eastern Pkwy-Brooklyn Museum (2,3)",5.1793000000000005
2025-05-05 04:00:00,343,Nostrand Av (3),5.6818
2025-05-05 04:00:00,344,Kingston Av (3),5.138199999999999
2025-05-05 04:00:00,345,"Crown Hts-Utica Av (3,4)",60.272
2025-05-05 04:00:00,346,Sutter Av-Rutland Rd (3),14.3063
2025-05-05 04:00:00,347,Saratoga Av (3),8.703
2025-05-05 04:00:00,348,Rockaway Av (3),23.4935
2025-05-05 04:00:00,349,Junius St (3),8.3817
2025-05-05 04:00:00,350,Pennsylvania Av (3),12.5765
2025-05-05 04:00:00,351,Van Siclen Av (3),5.2781
2025-05-05 04:00:00,352,New Lots Av (3),26.875
2025-05-05 04:00:00,353,"President St-Medgar Evers College (2,5)",5.0259
2025-05-05 04:00:00,354,"Sterling St (2,5)",13.1181
2025-05-05 04:00:00,355,"Winthrop St (2,5)",18.588
2025-05-05 04:00:00,356,"Church Av (2,5)",17.5069
2025-05-05 04:00:00,357,"Beverly Rd (2,5)",14.9124
2025-05-05 04:00:00,358,"Newkirk Av-Little Haiti (2,5)",15.7415
2025-05-05 04:00:00,359,"Flatbush Av-Brooklyn College (2,5)",54.8101
2025-05-05 04:00:00,360,Pelham Bay Park (6),25.4283
2025-05-05 04:00:00,361,Buhre Av (6),3.7043
2025-05-05 04:00:00,362,Middletown Rd (6),4.936
2025-05-05 04:00:00,363,Westchester Sq-E Tremont Av (6),33.7836
2025-05-05 04:00:00,364,Zerega Av (6),14.762
2025-05-05 04:00:00,365,Castle Hill Av (6),17.1684
2025-05-05 04:00:00,366,Parkchester (6),39.9294
2025-05-05 04:00:00,367,St Lawrence Av (6),12.1636
2025-05-05 04:00:00,368,Morrison Av-Soundview (6),16.0019
2025-05-05 04:00:00,369,Elder Av (6),13.8696
2025-05-05 04:00:00,370,Whitlock Av (6),4.4097
2025-05-05 04:00:00,371,Hunts Point Av (6),66.478
2025-05-05 04:00:00,372,Longwood Av (6),24.1722
2025-05-05 04:00:00,373,E 149 St (6),17.0809
2025-05-05 04:00:00,374,E 143 St-St Mary's St (6),22.5916
2025-05-05 04:00:00,375,Cypress Av (6),22.2981
2025-05-05 04:00:00,376,Brook Av (6),24.9813
2025-05-05 04:00:00,377,3 Av-138 St (6),27.9218
2025-05-05 04:00:00,378,Woodlawn (4),38.1202
2025-05-05 04:00:00,379,Mosholu Pkwy (4),20.6065
2025-05-05 04:00:00,380,Bedford Park Blvd-Lehman College (4),19.1359
2025-05-05 04:00:00,381,Kingsbridge Rd (4),22.549599999999998
2025-05-05 04:00:00,382,Fordham Rd (4),30.2797
2025-05-05 04:00:00,383,183 St (4),10.6149
2025-05-05 04:00:00,384,Burnside Av (4),17.1727
2025-05-05 04:00:00,385,176 St (4),17.5211
2025-05-05 04:00:00,386,Mt Eden Av (4),15.4903
2025-05-05 04:00:00,387,170 St (4),25.679199999999998
2025-05-05 04:00:00,388,167 St (4),28.0277
2025-05-05 04:00:00,391,"138 St-Grand Concourse (4,5)",37.9807
2025-05-05 04:00:00,392,"125 St (4,5,6)",135.7529
2025-05-05 04:00:00,393,116 St (6),34.2799
2025-05-05 04:00:00,394,110 St (6),21.273699999999998
2025-05-05 04:00:00,395,103 St (6),48.7712
2025-05-05 04:00:00,396,96 St (6),67.4692
2025-05-05 04:00:00,397,"86 St (4,5,6)",164.1634
2025-05-05 04:00:00,398,77 St (6),112.2096
2025-05-05 04:00:00,399,68 St-Hunter College (6),105.35
2025-05-05 04:00:00,403,33 St (6),118.8285
2025-05-05 04:00:00,404,28 St (6),115.1452
2025-05-05 04:00:00,405,23 St (6),97.0534
2025-05-05 04:00:00,407,Astor Pl (6),38.2055
2025-05-05 04:00:00,409,Spring St (6),26.7048
2025-05-05 04:00:00,413,"Wall St (4,5)",63.0964
2025-05-05 04:00:00,414,"Bowling Green (4,5)",125.8669
2025-05-05 04:00:00,416,Wakefield-241 St (2),30.6287
2025-05-05 04:00:00,417,"Nereid Av (2,5)",8.0047
2025-05-05 04:00:00,418,"233 St (2,5)",15.3315
2025-05-05 04:00:00,419,"225 St (2,5)",5.5998
2025-05-05 04:00:00,420,"219 St (2,5)",5.212
2025-05-05 04:00:00,421,"Gun Hill Rd (2,5)",33.8107
2025-05-05 04:00:00,422,"Burke Av (2,5)",7.6521
2025-05-05 04:00:00,423,"Allerton Av (2,5)",12.7458
2025-05-05 04:00:00,424,"Pelham Pkwy (2,5)",17.9871
2025-05-05 04:00:00,425,"Bronx Park East (2,5)",8.9479
2025-05-05 04:00:00,426,"E 180 St (2,5)",40.1798
2025-05-05 04:00:00,427,"West Farms Sq-E Tremont Av (2,5)",18.6947
2025-05-05 04:00:00,428,"174 St (2,5)",14.6739
2025-05-05 04:00:00,429,"Freeman St (2,5)",12.576600000000001
2025-05-05 04:00:00,430,"Simpson St (2,5)",27.2126
2025-05-05 04:00:00,431,"Intervale Av (2,5)",13.4279
2025-05-05 04:00:00,432,"Prospect Av (2,5)",18.1718
2025-05-05 04:00:00,433,"Jackson Av (2,5)",8.8891
2025-05-05 04:00:00,434,"3 Av-149 St (2,5)",50.2952
2025-05-05 04:00:00,436,Harlem-148 St (3),6.416
2025-05-05 04:00:00,437,145 St (3),5.4294
2025-05-05 04:00:00,438,"135 St (2,3)",30.7053
2025-05-05 04:00:00,439,"125 St (2,3)",43.4171
2025-05-05 04:00:00,440,"116 St (2,3)",18.0219
2025-05-05 04:00:00,441,"Central Park North (110 St) (2,3)",17.4207
2025-05-05 04:00:00,442,Eastchester-Dyre Av (5),40.626400000000004
2025-05-05 04:00:00,443,Baychester Av (5),11.4948
2025-05-05 04:00:00,444,Gun Hill Rd (5),12.4129
2025-05-05 04:00:00,445,Pelham Pkwy (5),4.7496
2025-05-05 04:00:00,446,Morris Park (5),3.9614
2025-05-05 04:00:00,447,Flushing-Main St (7),232.72979999999998
2025-05-05 04:00:00,448,Mets-Willets Point (7),49.2722
2025-05-05 04:00:00,449,111 St (7),39.0678
2025-05-05 04:00:00,450,103 St-Corona Plaza (7),58.0068
2025-05-05 04:00:00,451,Junction Blvd (7),59.6615
2025-05-05 04:00:00,452,90 St-Elmhurst Av (7),49.3417
2025-05-05 04:00:00,453,82 St-Jackson Hts (7),29.7121
2025-05-05 04:00:00,455,69 St (7),19.3422
2025-05-05 04:00:00,456,61 St-Woodside (7),42.5689
2025-05-05 04:00:00,457,52 St (7),16.7338
2025-05-05 04:00:00,458,46 St-Bliss St (7),49.4231
2025-05-05 04:00:00,459,40 St-Lowery St (7),27.5718
2025-05-05 04:00:00,460,33 St-Rawson St (7),71.3125
2025-05-05 04:00:00,461,"Queensboro Plaza (7,N,W)",51.9178
2025-05-05 04:00:00,463,Hunters Point Av (7),63.731500000000004
2025-05-05 04:00:00,464,Vernon Blvd-Jackson Av (7),27.9629
2025-05-05 04:00:00,471,34 St-Hudson Yards (7),205.5229
2025-05-05 04:00:00,475,96 St (Q),56.9423
2025-05-05 04:00:00,476,86 St (Q),61.5194
2025-05-05 04:00:00,477,72 St (Q),154.3922
2025-05-05 04:00:00,601,"14 St (F,M,1,2,3)/6 Av (L)",122.8128
2025-05-05 04:00:00,602,"14 St-Union Sq (L,N,Q,R,W,4,5,6)",259.7867
2025-05-05 04:00:00,603,"149 St-Grand Concourse (2,4,5)",36.7908
2025-05-05 04:00:00,604,"161 St-Yankee Stadium (B,D,4)",99.9118
2025-05-05 04:00:00,605,"168 St (A,C,1)",72.7521
2025-05-05 04:00:00,606,"Court Sq (E,G,M,7)",116.6682
2025-05-05 04:00:00,607,"34 St-Herald Sq (B,D,F,M,N,Q,R,W)",400.5752
2025-05-05 04:00:00,608,"4 Av (F,G)/9 St (R)",38.0462
2025-05-05 04:00:00,609,"Bryant Pk (B,D,F,M)/5 Av (7)",231.6525
2025-05-05 04:00:00,610,"Grand Central-42 St (S,4,5,6,7)",661.9189
2025-05-05 04:00:00,611,"Times Sq-42 St (N,Q,R,W,S,1,2,3,7)/42 St (A,C,E)",688.3954
2025-05-05 04:00:00,612,"Lexington Av-53 St (E,M)/51 St (6)",301.9453
2025-05-05 04:00:00,613,"Lexington Av (N,R,W)/59 St (4,5,6)",241.8881
2025-05-05 04:00:00,614,"59 St-Columbus Circle (A,B,C,D,1)",278.3463
2025-05-05 04:00:00,615,New Utrecht Av (N)/62 St (D),10.0312
2025-05-05 04:00:00,616,"74-Broadway (7)/Jackson Hts-Roosevelt Av (E,F,M,R)",178.1397
2025-05-05 04:00:00,617,"Atlantic Av-Barclays Ctr (B,D,N,Q,R,2,3,4,5)",135.8533
2025-05-05 04:00:00,618,"14 St (A,C,E)/8 Av (L)",189.9015
2025-05-05 04:00:00,619,"Broadway-Lafayette St (B,D,F,M)/Bleecker St (6)",91.684
2025-05-05 04:00:00,620,"Court St (R)/Borough Hall (2,3,4,5)",83.3966
2025-05-05 04:00:00,621,"Broadway Junction (A,C,J,L,Z)",49.2112
2025-05-05 04:00:00,622,"Brooklyn Bridge-City Hall (4,5,6)/Chambers St (J,Z)",115.4944
2025-05-05 04:00:00,623,"Canal St (J,N,Q,R,W,Z,6)",87.0938
2025-05-05 04:00:00,624,"Chambers St (A,C)/WTC (E)/Park Pl (2,3)/Cortlandt (R,W)",276.8777
2025-05-05 04:00:00,625,"Delancey St (F)/Essex St (J,M,Z)",58.1096
2025-05-05 04:00:00,626,"Franklin Av (2,3,4,5)/Botanic Garden (S)",31.9728
2025-05-05 04:00:00,627,"Franklin Av (C,S)",15.549
2025-05-05 04:00:00,628,"Fulton St (A,C,J,Z,2,3,4,5)",328.4415
2025-05-05 04:00:00,629,Lorimer St (L)/Metropolitan Av (G),35.1958
2025-05-05 04:00:00,630,"Myrtle-Wyckoff Avs (L,M)",44.7969
2025-05-05 04:00:00,635,"South Ferry (1)/Whitehall St (R,W)",115.3788
2025-05-05 04:00:00,636,"Jay St-MetroTech (A,C,F,R)",119.8614
2025-05-05 05:00:00,1,"Astoria-Ditmars Blvd (N,W)",92.8657
2025-05-05 05:00:00,2,"Astoria Blvd (N,W)",85.5293
2025-05-05 05:00:00,3,"30 Av (N,W)",93.2576
2025-05-05 05:00:00,4,"Broadway (N,W)",48.0272
2025-05-05 05:00:00,5,"36 Av (N,W)",35.4574
2025-05-05 05:00:00,6,"39 Av-Dutch Kills (N,W)",57.5623
2025-05-05 05:00:00,8,"5 Av/59 St (N,R,W)",257.1747
2025-05-05 05:00:00,9,"57 St-7 Av (N,Q,R,W)",562.5673
2025-05-05 05:00:00,10,"49 St (N,R,W)",316.9163
2025-05-05 05:00:00,13,"28 St (R,W)",135.9769
2025-05-05 05:00:00,14,"23 St (R,W)",210.9673
2025-05-05 05:00:00,16,"8 St-NYU (R,W)",101.898
2025-05-05 05:00:00,17,"Prince St (R,W)",68.9859
2025-05-05 05:00:00,20,"City Hall (R,W)",75.5113
2025-05-05 05:00:00,22,"Rector St (R,W)",61.0648
2025-05-05 05:00:00,26,"DeKalb Av (B,Q,R)",282.3734
2025-05-05 05:00:00,28,Union St (R),190.1912
2025-05-05 05:00:00,30,Prospect Av (R),74.5381
2025-05-05 05:00:00,31,25 St (R),94.035
2025-05-05 05:00:00,32,"36 St (D,N,R)",225.4979
2025-05-05 05:00:00,33,45 St (R),55.916399999999996
2025-05-05 05:00:00,34,53 St (R),134.4655
2025-05-05 05:00:00,35,"59 St (N,R)",140.2347
2025-05-05 05:00:00,36,Bay Ridge Av (R),30.930500000000002
2025-05-05 05:00:00,37,77 St (R),13.7534
2025-05-05 05:00:00,38,86 St (R),109.2643
2025-05-05 05:00:00,39,Bay Ridge-95 St (R),49.5253
2025-05-05 05:00:00,41,"7 Av (B,Q)",41.4384
2025-05-05 05:00:00,42,"Prospect Park (B,Q,S)",60.3108
2025-05-05 05:00:00,43,Parkside Av (Q),18.9204
2025-05-05 05:00:00,44,"Church Av (B,Q)",51.344699999999996
2025-05-05 05:00:00,45,Beverley Rd (Q),16.8012
2025-05-05 05:00:00,46,Cortelyou Rd (Q),22.6369
2025-05-05 05:00:00,47,"Newkirk Plaza (B,Q)",30.8428
2025-05-05 05:00:00,48,Avenue H (Q),9.4095
2025-05-05 05:00:00,49,Avenue J (Q),47.3776
2025-05-05 05:00:00,50,Avenue M (Q),46.4746
2025-05-05 05:00:00,51,"Kings Hwy (B,Q)",118.3208
2025-05-05 05:00:00,52,Avenue U (Q),40.5963
2025-05-05 05:00:00,53,Neck Rd (Q),11.0079
2025-05-05 05:00:00,54,"Sheepshead Bay (B,Q)",95.8893
2025-05-05 05:00:00,55,"Brighton Beach (B,Q)",60.5382
2025-05-05 05:00:00,56,Ocean Pkwy (Q),15.4488
2025-05-05 05:00:00,57,"W 8 St-NY Aquarium (F,Q)",23.7335
2025-05-05 05:00:00,58,"Coney Island-Stillwell Av (D,F,N,Q)",141.4702
2025-05-05 05:00:00,59,9 Av (D),27.07
2025-05-05 05:00:00,60,Fort Hamilton Pkwy (D),67.0972
2025-05-05 05:00:00,61,50 St (D),49.5329
2025-05-05 05:00:00,62,55 St (D),34.0166
2025-05-05 05:00:00,64,71 St (D),9.4995
2025-05-05 05:00:00,65,79 St (D),11.857199999999999
2025-05-05 05:00:00,66,18 Av (D),38.232
2025-05-05 05:00:00,67,20 Av (D),18.9131
2025-05-05 05:00:00,68,Bay Pkwy (D),35.8802
2025-05-05 05:00:00,69,25 Av (D),25.769000000000002
2025-05-05 05:00:00,70,Bay 50 St (D),27.2001
2025-05-05 05:00:00,71,8 Av (N),64.6739
2025-05-05 05:00:00,72,Fort Hamilton Pkwy (N),25.2728
2025-05-05 05:00:00,74,18 Av (N),23.3243
2025-05-05 05:00:00,75,20 Av (N),19.1262
2025-05-05 05:00:00,76,Bay Pkwy (N),29.4881
2025-05-05 05:00:00,77,Kings Hwy (N),15.6893
2025-05-05 05:00:00,78,Avenue U (N),22.7054
2025-05-05 05:00:00,79,86 St (N),21.1208
2025-05-05 05:00:00,80,"121 St (J,Z)",25.605
2025-05-05 05:00:00,81,111 St (J),15.684899999999999
2025-05-05 05:00:00,82,"104 St (J,Z)",7.2777
2025-05-05 05:00:00,83,"Woodhaven Blvd (J,Z)",50.881099999999996
2025-05-05 05:00:00,84,85 St-Forest Pkwy (J),8.8494
2025-05-05 05:00:00,85,"75 St-Elderts Ln (J,Z)",17.352
2025-05-05 05:00:00,86,Cypress Hills (J),5.4967
2025-05-05 05:00:00,87,"Crescent St (J,Z)",25.3275
2025-05-05 05:00:00,88,"Norwood Av (J,Z)",20.9093
2025-05-05 05:00:00,89,Cleveland St (J),12.1891
2025-05-05 05:00:00,90,"Van Siclen Av (J,Z)",10.8688
2025-05-05 05:00:00,91,Alabama Av (J),44.8622
2025-05-05 05:00:00,93,"Chauncey St (J,Z)",11.954
2025-05-05 05:00:00,94,Halsey St (J),18.1794
2025-05-05 05:00:00,95,"Gates Av (J,Z)",54.046
2025-05-05 05:00:00,96,Kosciuszko St (J),26.6123
2025-05-05 05:00:00,97,"Myrtle Av (M,J,Z)",84.6596
2025-05-05 05:00:00,98,"Flushing Av (M,J)",99.0444
2025-05-05 05:00:00,99,"Lorimer St (M,J)",34.8018
2025-05-05 05:00:00,100,"Hewes St (M,J)",16.2516
2025-05-05 05:00:00,101,"Marcy Av (M,J,Z)",214.1609
2025-05-05 05:00:00,103,"Bowery (J,Z)",42.3308
2025-05-05 05:00:00,107,"Broad St (J,Z)",151.0574
2025-05-05 05:00:00,108,Middle Village-Metropolitan Av (M),60.5683
2025-05-05 05:00:00,109,Fresh Pond Rd (M),21.8599
2025-05-05 05:00:00,110,Forest Av (M),16.8787
2025-05-05 05:00:00,111,Seneca Av (M),6.7806
2025-05-05 05:00:00,113,Knickerbocker Av (M),14.1425
2025-05-05 05:00:00,114,Central Av (M),14.4262
2025-05-05 05:00:00,118,3 Av (L),73.3933
2025-05-05 05:00:00,119,1 Av (L),264.7998
2025-05-05 05:00:00,120,Bedford Av (L),238.6647
2025-05-05 05:00:00,122,Graham Av (L),108.4472
2025-05-05 05:00:00,123,Grand St (L),113.3033
2025-05-05 05:00:00,124,Montrose Av (L),64.64150000000001
2025-05-05 05:00:00,125,Morgan Av (L),79.97409999999999
2025-05-05 05:00:00,126,Jefferson St (L),83.8114
2025-05-05 05:00:00,127,DeKalb Av (L),80.3159
2025-05-05 05:00:00,129,Halsey St (L),41.5074
2025-05-05 05:00:00,130,Wilson Av (L),32.7136
2025-05-05 05:00:00,131,Bushwick Av-Aberdeen St (L),22.8232
2025-05-05 05:00:00,133,Atlantic Av (L),81.4958
2025-05-05 05:00:00,134,Sutter Av (L),54.0996
2025-05-05 05:00:00,135,Livonia Av (L),43.0329
2025-05-05 05:00:00,136,New Lots Av (L),36.3034
2025-05-05 05:00:00,137,East 105 St (L),47.2847
2025-05-05 05:00:00,138,Canarsie-Rockaway Pkwy (L),92.3588
2025-05-05 05:00:00,141,Park Pl (S),28.4974
2025-05-05 05:00:00,143,Inwood-207 St (A),85.5808
2025-05-05 05:00:00,144,Dyckman St (A),33.4776
2025-05-05 05:00:00,145,190 St (A),14.7253
2025-05-05 05:00:00,146,181 St (A),27.2224
2025-05-05 05:00:00,147,175 St (A),75.6124
2025-05-05 05:00:00,149,163 St-Amsterdam Av (C),17.9169
2025-05-05 05:00:00,150,155 St (C),16.387999999999998
2025-05-05 05:00:00,151,"145 St (A,C,B,D)",116.4771
2025-05-05 05:00:00,152,"135 St (C,B)",37.6671
2025-05-05 05:00:00,153,"125 St (A,C,B,D)",276.9169
2025-05-05 05:00:00,154,"116 St (C,B)",28.2104
2025-05-05 05:00:00,155,"Cathedral Pkwy (110 St) (C,B)",52.1813
2025-05-05 05:00:00,156,"103 St (C,B)",27.8973
2025-05-05 05:00:00,157,"96 St (C,B)",152.7368
2025-05-05 05:00:00,158,"86 St (C,B)",90.4891
2025-05-05 05:00:00,159,"81 St-Museum of Natural History (C,B)",139.8651
2025-05-05 05:00:00,160,"72 St (C,B)",66.9085
2025-05-05 05:00:00,162,"50 St (C,E)",249.5652
2025-05-05 05:00:00,164,"34 St-Penn Station (A,C,E)",847.1756
2025-05-05 05:00:00,165,"23 St (C,E)",253.5821
2025-05-05 05:00:00,167,"W 4 St-Wash Sq (A,C,E,B,D,F,M)",504.8011
2025-05-05 05:00:00,168,"Spring St (C,E)",185.3928
2025-05-05 05:00:00,169,"Canal St (A,C,E)",262.731
2025-05-05 05:00:00,173,"High St (A,C)",79.5979
2025-05-05 05:00:00,175,"Hoyt-Schermerhorn Sts (A,C,G)",144.2625
2025-05-05 05:00:00,176,Lafayette Av (C),34.6673
2025-05-05 05:00:00,177,Clinton-Washington Avs (C),52.9693
2025-05-05 05:00:00,179,"Nostrand Av (A,C)",177.5537
2025-05-05 05:00:00,180,Kingston-Throop Avs (C),32.1452
2025-05-05 05:00:00,181,"Utica Av (A,C)",105.8513
2025-05-05 05:00:00,182,Ralph Av (C),32.3556
2025-05-05 05:00:00,183,Rockaway Av (C),31.3372
2025-05-05 05:00:00,185,Liberty Av (C),35.4889
2025-05-05 05:00:00,186,Van Siclen Av (C),11.459299999999999
2025-05-05 05:00:00,187,Shepherd Av (C),17.0872
2025-05-05 05:00:00,188,"Euclid Av (A,C)",74.4324
2025-05-05 05:00:00,189,Grant Av (A),40.8064
2025-05-05 05:00:00,190,80 St (A),13.123899999999999
2025-05-05 05:00:00,191,88 St (A),12.6591
2025-05-05 05:00:00,192,Rockaway Blvd (A),93.0337
2025-05-05 05:00:00,193,104 St (A),6.6116
2025-05-05 05:00:00,194,111 St (A),11.0388
2025-05-05 05:00:00,195,Ozone Park-Lefferts Blvd (A),45.8983
2025-05-05 05:00:00,196,Aqueduct Racetrack (A),5.1203
2025-05-05 05:00:00,197,Aqueduct-N Conduit Av (A),12.5448
2025-05-05 05:00:00,198,Howard Beach-JFK Airport (A),136.9421
2025-05-05 05:00:00,199,"Broad Channel (A,S)",1.8014000000000001
2025-05-05 05:00:00,200,"Beach 90 St (A,S)",3.5617
2025-05-05 05:00:00,201,"Beach 98 St (A,S)",1.2354
2025-05-05 05:00:00,202,"Beach 105 St (A,S)",0.5914999999999999
2025-05-05 05:00:00,203,"Rockaway Park-Beach 116 St (A,S)",8.0641
2025-05-05 05:00:00,204,Beach 67 St (A),11.6171
2025-05-05 05:00:00,205,Beach 60 St (A),10.4607
2025-05-05 05:00:00,206,Beach 44 St (A),3.5529
2025-05-05 05:00:00,207,Beach 36 St (A),2.7215
2025-05-05 05:00:00,208,Beach 25 St (A),6.3603000000000005
2025-05-05 05:00:00,209,Far Rockaway-Mott Av (A),56.5921
2025-05-05 05:00:00,210,Norwood-205 St (D),58.6253
2025-05-05 05:00:00,211,"Bedford Park Blvd (B,D)",42.6114
2025-05-05 05:00:00,212,"Kingsbridge Rd (B,D)",37.2045
2025-05-05 05:00:00,213,"Fordham Rd (B,D)",73.3931
2025-05-05 05:00:00,214,"182-183 Sts (B,D)",27.1987
2025-05-05 05:00:00,215,"Tremont Av (B,D)",65.6813
2025-05-05 05:00:00,216,"174-175 Sts (B,D)",52.9799
2025-05-05 05:00:00,217,"170 St (B,D)",44.1064
2025-05-05 05:00:00,218,"167 St (B,D)",55.9619
2025-05-05 05:00:00,220,"155 St (B,D)",18.0289
2025-05-05 05:00:00,221,21 St-Queensbridge (F),154.3669
2025-05-05 05:00:00,222,Roosevelt Island (F),58.9853
2025-05-05 05:00:00,223,"Lexington Av/63 St (F,Q)",377.0727
2025-05-05 05:00:00,224,57 St (F),313.4873
2025-05-05 05:00:00,225,"47-50 Sts-Rockefeller Ctr (B,D,F,M)",1031.1108
2025-05-05 05:00:00,228,"23 St (F,M)",284.2919
2025-05-05 05:00:00,231,"Grand St (B,D)",186.7306
2025-05-05 05:00:00,232,2 Av (F),168.9669
2025-05-05 05:00:00,234,East Broadway (F),117.9384
2025-05-05 05:00:00,235,York St (F),146.7713
2025-05-05 05:00:00,236,"Bergen St (F,G)",83.4542
2025-05-05 05:00:00,237,"Carroll St (F,G)",205.5259
2025-05-05 05:00:00,238,"Smith-9 Sts (F,G)",100.7427
2025-05-05 05:00:00,240,"7 Av (F,G)",132.6106
2025-05-05 05:00:00,241,"15 St-Prospect Park (F,G)",26.6186
2025-05-05 05:00:00,242,"Fort Hamilton Pkwy (F,G)",16.4255
2025-05-05 05:00:00,243,"Church Av (F,G)",64.8616
2025-05-05 05:00:00,244,Ditmas Av (F),37.483
2025-05-05 05:00:00,245,18 Av (F),40.5857
2025-05-05 05:00:00,246,Avenue I (F),25.7696
2025-05-05 05:00:00,247,Bay Pkwy (F),12.6206
2025-05-05 05:00:00,248,Avenue N (F),26.8761
2025-05-05 05:00:00,249,Avenue P (F),13.393799999999999
2025-05-05 05:00:00,250,Kings Hwy (F),37.7574
2025-05-05 05:00:00,251,Avenue U (F),30.2492
2025-05-05 05:00:00,252,Avenue X (F),45.061
2025-05-05 05:00:00,253,Neptune Av (F),30.1678
2025-05-05 05:00:00,254,Jamaica-179 St (F),163.0677
2025-05-05 05:00:00,255,169 St (F),70.944
2025-05-05 05:00:00,256,Parsons Blvd (F),44.4258
2025-05-05 05:00:00,257,Sutphin Blvd (F),26.8093
2025-05-05 05:00:00,258,"Briarwood (E,F)",17.5011
2025-05-05 05:00:00,259,"Kew Gardens-Union Tpke (E,F)",182.6227
2025-05-05 05:00:00,260,"75 Av (E,F)",13.3538
2025-05-05 05:00:00,261,"Forest Hills-71 Av (E,F,M,R)",160.9547
2025-05-05 05:00:00,262,"67 Av (M,R)",35.0567
2025-05-05 05:00:00,263,"63 Dr-Rego Park (M,R)",59.748200000000004
2025-05-05 05:00:00,264,"Woodhaven Blvd (M,R)",141.5444
2025-05-05 05:00:00,265,"Grand Av-Newtown (M,R)",72.5072
2025-05-05 05:00:00,266,"Elmhurst Av (M,R)",33.7436
2025-05-05 05:00:00,268,"65 St (M,R)",26.9483
2025-05-05 05:00:00,269,"Northern Blvd (M,R)",66.47710000000001
2025-05-05 05:00:00,270,"46 St (M,R)",43.817
2025-05-05 05:00:00,271,"Steinway St (M,R)",85.4288
2025-05-05 05:00:00,272,"36 St (M,R)",45.6318
2025-05-05 05:00:00,273,"Queens Plaza (E,M,R)",293.5833
2025-05-05 05:00:00,276,"5 Av/53 St (E,M)",442.8449
2025-05-05 05:00:00,277,"7 Av (E,B,D)",308.5926
2025-05-05 05:00:00,278,"Jamaica Center-Parsons/Archer (E,J,Z)",396.9952
2025-05-05 05:00:00,279,"Sutphin Blvd-Archer Av-JFK Airport (E,J,Z)",448.2487
2025-05-05 05:00:00,280,Jamaica-Van Wyck (E),68.7472
2025-05-05 05:00:00,282,21 St (G),43.0151
2025-05-05 05:00:00,283,Greenpoint Av (G),224.9731
2025-05-05 05:00:00,284,Nassau Av (G),131.9667
2025-05-05 05:00:00,286,Broadway (G),64.2337
2025-05-05 05:00:00,287,Flushing Av (G),74.7458
2025-05-05 05:00:00,288,Myrtle-Willoughby Avs (G),54.5894
2025-05-05 05:00:00,289,Bedford-Nostrand Avs (G),49.303
2025-05-05 05:00:00,290,Classon Av (G),31.5394
2025-05-05 05:00:00,291,Clinton-Washington Avs (G),46.6602
2025-05-05 05:00:00,292,Fulton St (G),79.7915
2025-05-05 05:00:00,293,Van Cortlandt Park-242 St (1),62.2797
2025-05-05 05:00:00,294,238 St (1),31.352
2025-05-05 05:00:00,295,231 St (1),72.0696
2025-05-05 05:00:00,296,Marble Hill-225 St (1),46.8639
2025-05-05 05:00:00,297,215 St (1),31.0684
2025-05-05 05:00:00,298,207 St (1),66.8341
2025-05-05 05:00:00,299,Dyckman St (1),26.4317
2025-05-05 05:00:00,300,191 St (1),28.5588
2025-05-05 05:00:00,301,181 St (1),52.7932
2025-05-05 05:00:00,303,157 St (1),65.9733
2025-05-05 05:00:00,304,145 St (1),38.1336
2025-05-05 05:00:00,305,137 St-City College (1),48.9277
2025-05-05 05:00:00,306,125 St (1),80.5172
2025-05-05 05:00:00,307,116 St-Columbia University (1),218.0772
2025-05-05 05:00:00,308,Cathedral Pkwy (110 St) (1),132.38
2025-05-05 05:00:00,309,103 St (1),66.3573
2025-05-05 05:00:00,310,"96 St (1,2,3)",329.4727
2025-05-05 05:00:00,311,86 St (1),227.5368
2025-05-05 05:00:00,312,79 St (1),119.6608
2025-05-05 05:00:00,313,"72 St (1,2,3)",328.5229
2025-05-05 05:00:00,314,66 St-Lincoln Center (1),265.6402
2025-05-05 05:00:00,316,50 St (1),281.8511
2025-05-05 05:00:00,318,"34 St-Penn Station (1,2,3)",666.6016
2025-05-05 05:00:00,319,28 St (1),147.3383
2025-05-05 05:00:00,320,23 St (1),122.4683
2025-05-05 05:00:00,321,18 St (1),60.6315
2025-05-05 05:00:00,323,Christopher St-Sheridan Sq (1),89.7941
2025-05-05 05:00:00,324,Houston St (1),341.1463
2025-05-05 05:00:00,325,Canal St (1),61.0544
2025-05-05 05:00:00,326,Franklin St (1),49.6135
2025-05-05 05:00:00,327,"Chambers St (1,2,3)",207.2937
2025-05-05 05:00:00,328,WTC Cortlandt (1),156.3322
2025-05-05 05:00:00,329,Rector St (1),65.6881
2025-05-05 05:00:00,333,"Wall St (2,3)",246.9144
2025-05-05 05:00:00,334,"Clark St (2,3)",30.8203
2025-05-05 05:00:00,336,"Hoyt St (2,3)",74.2789
2025-05-05 05:00:00,337,"Nevins St (2,3,4,5)",173.8216
2025-05-05 05:00:00,339,"Bergen St (2,3)",20.2962
2025-05-05 05:00:00,340,"Grand Army Plaza (2,3)",43.4362
2025-05-05 05:00:00,341,"Eastern Pkwy-Brooklyn Museum (2,3)",18.7483
2025-05-05 05:00:00,343,Nostrand Av (3),15.0971
2025-05-05 05:00:00,344,Kingston Av (3),26.211100000000002
2025-05-05 05:00:00,345,"Crown Hts-Utica Av (3,4)",198.4455
2025-05-05 05:00:00,346,Sutter Av-Rutland Rd (3),44.5142
2025-05-05 05:00:00,347,Saratoga Av (3),39.456
2025-05-05 05:00:00,348,Rockaway Av (3),95.216
2025-05-05 05:00:00,349,Junius St (3),63.8224
2025-05-05 05:00:00,350,Pennsylvania Av (3),29.101499999999998
2025-05-05 05:00:00,351,Van Siclen Av (3),19.8073
2025-05-05 05:00:00,352,New Lots Av (3),54.5939
2025-05-05 05:00:00,353,"President St-Medgar Evers College (2,5)",19.474800000000002
2025-05-05 05:00:00,354,"Sterling St (2,5)",51.0171
2025-05-05 05:00:00,355,"Winthrop St (2,5)",124.6392
2025-05-05 05:00:00,356,"Church Av (2,5)",48.3724
2025-05-05 05:00:00,357,"Beverly Rd (2,5)",106.1507
2025-05-05 05:00:00,358,"Newkirk Av-Little Haiti (2,5)",43.5692
2025-05-05 05:00:00,359,"Flatbush Av-Brooklyn College (2,5)",137.359
2025-05-05 05:00:00,360,Pelham Bay Park (6),70.0642
2025-05-05 05:00:00,361,Buhre Av (6),23.537
2025-05-05 05:00:00,362,Middletown Rd (6),24.262
2025-05-05 05:00:00,363,Westchester Sq-E Tremont Av (6),85.2273
2025-05-05 05:00:00,364,Zerega Av (6),40.1627
2025-05-05 05:00:00,365,Castle Hill Av (6),38.9706
2025-05-05 05:00:00,366,Parkchester (6),80.4755
2025-05-05 05:00:00,367,St Lawrence Av (6),22.6827
2025-05-05 05:00:00,368,Morrison Av-Soundview (6),36.5575
2025-05-05 05:00:00,369,Elder Av (6),31.5977
2025-05-05 05:00:00,370,Whitlock Av (6),13.3565
2025-05-05 05:00:00,371,Hunts Point Av (6),130.3939
2025-05-05 05:00:00,372,Longwood Av (6),95.3703
2025-05-05 05:00:00,373,E 149 St (6),47.7024
2025-05-05 05:00:00,374,E 143 St-St Mary's St (6),58.1089
2025-05-05 05:00:00,375,Cypress Av (6),80.3691
2025-05-05 05:00:00,376,Brook Av (6),43.3154
2025-05-05 05:00:00,377,3 Av-138 St (6),56.6112
2025-05-05 05:00:00,378,Woodlawn (4),101.651
2025-05-05 05:00:00,379,Mosholu Pkwy (4),80.7592
2025-05-05 05:00:00,380,Bedford Park Blvd-Lehman College (4),43.2891
2025-05-05 05:00:00,381,Kingsbridge Rd (4),72.2172
2025-05-05 05:00:00,382,Fordham Rd (4),63.0478
2025-05-05 05:00:00,383,183 St (4),33.6833
2025-05-05 05:00:00,384,Burnside Av (4),66.941
2025-05-05 05:00:00,385,176 St (4),68.7912
2025-05-05 05:00:00,386,Mt Eden Av (4),55.3028
2025-05-05 05:00:00,387,170 St (4),85.1781
2025-05-05 05:00:00,388,167 St (4),64.2652
2025-05-05 05:00:00,391,"138 St-Grand Concourse (4,5)",161.5763
2025-05-05 05:00:00,392,"125 St (4,5,6)",419.746
2025-05-05 05:00:00,393,116 St (6),109.1244
2025-05-05 05:00:00,394,110 St (6),138.1161
2025-05-05 05:00:00,395,103 St (6),176.3481
2025-05-05 05:00:00,396,96 St (6),324.0271
2025-05-05 05:00:00,397,"86 St (4,5,6)",680.0643
2025-05-05 05:00:00,398,77 St (6),638.9042000000001
2025-05-05 05:00:00,399,68 St-Hunter College (6),383.3611
2025-05-05 05:00:00,403,33 St (6),416.9894
2025-05-05 05:00:00,404,28 St (6),358.4824
2025-05-05 05:00:00,405,23 St (6),332.8161
2025-05-05 05:00:00,407,Astor Pl (6),122.331
2025-05-05 05:00:00,409,Spring St (6),101.004
2025-05-05 05:00:00,413,"Wall St (4,5)",233.1134
2025-05-05 05:00:00,414,"Bowling Green (4,5)",421.2205
2025-05-05 05:00:00,416,Wakefield-241 St (2),90.44030000000001
2025-05-05 05:00:00,417,"Nereid Av (2,5)",27.9241
2025-05-05 05:00:00,418,"233 St (2,5)",40.5981
2025-05-05 05:00:00,419,"225 St (2,5)",19.0486
2025-05-05 05:00:00,420,"219 St (2,5)",15.091099999999999
2025-05-05 05:00:00,421,"Gun Hill Rd (2,5)",74.7062
2025-05-05 05:00:00,422,"Burke Av (2,5)",22.9972
2025-05-05 05:00:00,423,"Allerton Av (2,5)",31.3976
2025-05-05 05:00:00,424,"Pelham Pkwy (2,5)",58.9327
2025-05-05 05:00:00,425,"Bronx Park East (2,5)",13.3008
2025-05-05 05:00:00,426,"E 180 St (2,5)",76.639
2025-05-05 05:00:00,427,"West Farms Sq-E Tremont Av (2,5)",50.4814
2025-05-05 05:00:00,428,"174 St (2,5)",56.1507
2025-05-05 05:00:00,429,"Freeman St (2,5)",36.3043
2025-05-05 05:00:00,430,"Simpson St (2,5)",70.872
2025-05-05 05:00:00,431,"Intervale Av (2,5)",27.2198
2025-05-05 05:00:00,432,"Prospect Av (2,5)",55.649
2025-05-05 05:00:00,433,"Jackson Av (2,5)",45.9483
2025-05-05 05:00:00,434,"3 Av-149 St (2,5)",161.9204
2025-05-05 05:00:00,436,Harlem-148 St (3),16.3484
2025-05-05 05:00:00,437,145 St (3),27.1179
2025-05-05 05:00:00,438,"135 St (2,3)",148.89860000000002
2025-05-05 05:00:00,439,"125 St (2,3)",109.3803
2025-05-05 05:00:00,440,"116 St (2,3)",43.4557
2025-05-05 05:00:00,441,"Central Park North (110 St) (2,3)",61.3966
2025-05-05 05:00:00,442,Eastchester-Dyre Av (5),75.3927
2025-05-05 05:00:00,443,Baychester Av (5),45.6767
2025-05-05 05:00:00,444,Gun Hill Rd (5),30.099800000000002
2025-05-05 05:00:00,445,Pelham Pkwy (5),27.8252
2025-05-05 05:00:00,446,Morris Park (5),10.5156
2025-05-05 05:00:00,447,Flushing-Main St (7),600.7222
2025-05-05 05:00:00,448,Mets-Willets Point (7),217.9905
2025-05-05 05:00:00,449,111 St (7),83.8928
2025-05-05 05:00:00,450,103 St-Corona Plaza (7),108.7966
2025-05-05 05:00:00,451,Junction Blvd (7),154.4492
2025-05-05 05:00:00,452,90 St-Elmhurst Av (7),80.2481
2025-05-05 05:00:00,453,82 St-Jackson Hts (7),69.5137
2025-05-05 05:00:00,455,69 St (7),60.0883
2025-05-05 05:00:00,456,61 St-Woodside (7),124.348
2025-05-05 05:00:00,457,52 St (7),57.9258
2025-05-05 05:00:00,458,46 St-Bliss St (7),137.3614
2025-05-05 05:00:00,459,40 St-Lowery St (7),74.4124
2025-05-05 05:00:00,460,33 St-Rawson St (7),248.9977
2025-05-05 05:00:00,461,"Queensboro Plaza (7,N,W)",243.3235
2025-05-05 05:00:00,463,Hunters Point Av (7),261.8206
2025-05-05 05:00:00,464,Vernon Blvd-Jackson Av (7),157.4283
2025-05-05 05:00:00,471,34 St-Hudson Yards (7),653.1608
2025-05-05 05:00:00,475,96 St (Q),204.2304
2025-05-05 05:00:00,476,86 St (Q),235.0845
2025-05-05 05:00:00,477,72 St (Q),715.6122
2025-05-05 05:00:00,601,"14 St (F,M,1,2,3)/6 Av (L)",452.9323
2025-05-05 05:00:00,602,"14 St-Union Sq (L,N,Q,R,W,4,5,6)",956.5643
2025-05-05 05:00:00,603,"149 St-Grand Concourse (2,4,5)",160.7805
2025-05-05 05:00:00,604,"161 St-Yankee Stadium (B,D,4)",205.3844
2025-05-05 05:00:00,605,"168 St (A,C,1)",335.9724
2025-05-05 05:00:00,606,"Court Sq (E,G,M,7)",396.6598
2025-05-05 05:00:00,607,"34 St-Herald Sq (B,D,F,M,N,Q,R,W)",1176.5955
2025-05-05 05:00:00,608,"4 Av (F,G)/9 St (R)",153.2626
2025-05-05 05:00:00,609,"Bryant Pk (B,D,F,M)/5 Av (7)",779.8718
2025-05-05 05:00:00,610,"Grand Central-42 St (S,4,5,6,7)",2090.3955
2025-05-05 05:00:00,611,"Times Sq-42 St (N,Q,R,W,S,1,2,3,7)/42 St (A,C,E)",1897.5464
2025-05-05 05:00:00,612,"Lexington Av-53 St (E,M)/51 St (6)",1115.3536
2025-05-05 05:00:00,613,"Lexington Av (N,R,W)/59 St (4,5,6)",859.4729
2025-05-05 05:00:00,614,"59 St-Columbus Circle (A,B,C,D,1)",922.8319
2025-05-05 05:00:00,615,New Utrecht Av (N)/62 St (D),52.1836
2025-05-05 05:00:00,616,"74-Broadway (7)/Jackson Hts-Roosevelt Av (E,F,M,R)",381.2389
2025-05-05 05:00:00,617,"Atlantic Av-Barclays Ctr (B,D,N,Q,R,2,3,4,5)",481.2041
2025-05-05 05:00:00,618,"14 St (A,C,E)/8 Av (L)",622.9103
2025-05-05 05:00:00,619,"Broadway-Lafayette St (B,D,F,M)/Bleecker St (6)",376.101
2025-05-05 05:00:00,620,"Court St (R)/Borough Hall (2,3,4,5)",397.2421
2025-05-05 05:00:00,621,"Broadway Junction (A,C,J,L,Z)",125.4778
2025-05-05 05:00:00,622,"Brooklyn Bridge-City Hall (4,5,6)/Chambers St (J,Z)",449.8618
2025-05-05 05:00:00,623,"Canal St (J,N,Q,R,W,Z,6)",310.2324
2025-05-05 05:00:00,624,"Chambers St (A,C)/WTC (E)/Park Pl (2,3)/Cortlandt (R,W)",883.9571
2025-05-05 05:00:00,625,"Delancey St (F)/Essex St (J,M,Z)",237.5266
2025-05-05 05:00:00,626,"Franklin Av (2,3,4,5)/Botanic Garden (S)",128.4985
2025-05-05 05:00:00,627,"Franklin Av (C,S)",61.2325
2025-05-05 05:00:00,628,"Fulton St (A,C,J,Z,2,3,4,5)",1214.4573
2025-05-05 05:00:00,629,Lorimer St (L)/Metropolitan Av (G),117.4643
2025-05-05 05:00:00,630,"Myrtle-Wyckoff Avs (L,M)",108.0593
2025-05-05 05:00:00,635,"South Ferry (1)/Whitehall St (R,W)",329.5834
2025-05-05 05:00:00,636,"Jay St-MetroTech (A,C,F,R)",464.8281
2025-05-05 06:00:00,1,"Astoria-Ditmars Blvd (N,W)",183.0011
2025-05-05 06:00:00,2,"Astoria Blvd (N,W)",162.4649
2025-05-05 06:00:00,3,"30 Av (N,W)",207.7631
2025-05-05 06:00:00,4,"Broadway (N,W)",132.8554
2025-05-05 06:00:00,5,"36 Av (N,W)",130.952
2025-05-05 06:00:00,6,"39 Av-Dutch Kills (N,W)",139.3888
2025-05-05 06:00:00,8,"5 Av/59 St (N,R,W)",521.793
2025-05-05 06:00:00,9,"57 St-7 Av (N,Q,R,W)",1143.5143
2025-05-05 06:00:00,10,"49 St (N,R,W)",838.5049
2025-05-05 06:00:00,13,"28 St (R,W)",292.7366
2025-05-05 06:00:00,14,"23 St (R,W)",501.1152
2025-05-05 06:00:00,16,"8 St-NYU (R,W)",232.05
2025-05-05 06:00:00,17,"Prince St (R,W)",182.2325
2025-05-05 06:00:00,20,"City Hall (R,W)",185.8569
2025-05-05 06:00:00,22,"Rector St (R,W)",125.9858
2025-05-05 06:00:00,26,"DeKalb Av (B,Q,R)",664.8836
2025-05-05 06:00:00,28,Union St (R),261.9562
2025-05-05 06:00:00,30,Prospect Av (R),151.6959
2025-05-05 06:00:00,31,25 St (R),147.4399
2025-05-05 06:00:00,32,"36 St (D,N,R)",477.4847
2025-05-05 06:00:00,33,45 St (R),138.4472
2025-05-05 06:00:00,34,53 St (R),183.5216
2025-05-05 06:00:00,35,"59 St (N,R)",325.964
2025-05-05 06:00:00,36,Bay Ridge Av (R),114.8063
2025-05-05 06:00:00,37,77 St (R),69.3175
2025-05-05 06:00:00,38,86 St (R),262.8724
2025-05-05 06:00:00,39,Bay Ridge-95 St (R),99.8725
2025-05-05 06:00:00,41,"7 Av (B,Q)",167.5941
2025-05-05 06:00:00,42,"Prospect Park (B,Q,S)",127.2442
2025-05-05 06:00:00,43,Parkside Av (Q),62.1562
2025-05-05 06:00:00,44,"Church Av (B,Q)",150.5078
2025-05-05 06:00:00,45,Beverley Rd (Q),44.013999999999996
2025-05-05 06:00:00,46,Cortelyou Rd (Q),75.3092
2025-05-05 06:00:00,47,"Newkirk Plaza (B,Q)",126.1051
2025-05-05 06:00:00,48,Avenue H (Q),65.946
2025-05-05 06:00:00,49,Avenue J (Q),151.3358
2025-05-05 06:00:00,50,Avenue M (Q),178.8702
2025-05-05 06:00:00,51,"Kings Hwy (B,Q)",410.2762
2025-05-05 06:00:00,52,Avenue U (Q),113.3677
2025-05-05 06:00:00,53,Neck Rd (Q),65.5258
2025-05-05 06:00:00,54,"Sheepshead Bay (B,Q)",212.1224
2025-05-05 06:00:00,55,"Brighton Beach (B,Q)",187.9351
2025-05-05 06:00:00,56,Ocean Pkwy (Q),55.4325
2025-05-05 06:00:00,57,"W 8 St-NY Aquarium (F,Q)",45.214999999999996
2025-05-05 06:00:00,58,"Coney Island-Stillwell Av (D,F,N,Q)",318.3724
2025-05-05 06:00:00,59,9 Av (D),92.7358
2025-05-05 06:00:00,60,Fort Hamilton Pkwy (D),160.3379
2025-05-05 06:00:00,61,50 St (D),136.1027
2025-05-05 06:00:00,62,55 St (D),95.524
2025-05-05 06:00:00,64,71 St (D),42.3108
2025-05-05 06:00:00,65,79 St (D),63.6795
2025-05-05 06:00:00,66,18 Av (D),75.0557
2025-05-05 06:00:00,67,20 Av (D),47.7852
2025-05-05 06:00:00,68,Bay Pkwy (D),85.5226
2025-05-05 06:00:00,69,25 Av (D),55.2292
2025-05-05 06:00:00,70,Bay 50 St (D),62.672599999999996
2025-05-05 06:00:00,71,8 Av (N),187.6889
2025-05-05 06:00:00,72,Fort Hamilton Pkwy (N),112.6891
2025-05-05 06:00:00,74,18 Av (N),80.2685
2025-05-05 06:00:00,75,20 Av (N),122.5065
2025-05-05 06:00:00,76,Bay Pkwy (N),91.202
2025-05-05 06:00:00,77,Kings Hwy (N),60.0395
2025-05-05 06:00:00,78,Avenue U (N),67.1598
2025-05-05 06:00:00,79,86 St (N),63.6474
2025-05-05 06:00:00,80,"121 St (J,Z)",52.1267
2025-05-05 06:00:00,81,111 St (J),38.7256
2025-05-05 06:00:00,82,"104 St (J,Z)",34.4857
2025-05-05 06:00:00,83,"Woodhaven Blvd (J,Z)",123.8006
2025-05-05 06:00:00,84,85 St-Forest Pkwy (J),21.6249
2025-05-05 06:00:00,85,"75 St-Elderts Ln (J,Z)",60.2272
2025-05-05 06:00:00,86,Cypress Hills (J),12.2943
2025-05-05 06:00:00,87,"Crescent St (J,Z)",57.4977
2025-05-05 06:00:00,88,"Norwood Av (J,Z)",38.7808
2025-05-05 06:00:00,89,Cleveland St (J),45.0784
2025-05-05 06:00:00,90,"Van Siclen Av (J,Z)",50.6904
2025-05-05 06:00:00,91,Alabama Av (J),87.158
2025-05-05 06:00:00,93,"Chauncey St (J,Z)",35.7929
2025-05-05 06:00:00,94,Halsey St (J),57.245
2025-05-05 06:00:00,95,"Gates Av (J,Z)",139.1659
2025-05-05 06:00:00,96,Kosciuszko St (J),87.3717
2025-05-05 06:00:00,97,"Myrtle Av (M,J,Z)",219.0419
2025-05-05 06:00:00,98,"Flushing Av (M,J)",298.2427
2025-05-05 06:00:00,99,"Lorimer St (M,J)",135.3021
2025-05-05 06:00:00,100,"Hewes St (M,J)",55.1001
2025-05-05 06:00:00,101,"Marcy Av (M,J,Z)",427.742
2025-05-05 06:00:00,103,"Bowery (J,Z)",81.7662
2025-05-05 06:00:00,107,"Broad St (J,Z)",264.6573
2025-05-05 06:00:00,108,Middle Village-Metropolitan Av (M),141.6432
2025-05-05 06:00:00,109,Fresh Pond Rd (M),58.7184
2025-05-05 06:00:00,110,Forest Av (M),32.5392
2025-05-05 06:00:00,111,Seneca Av (M),16.130300000000002
2025-05-05 06:00:00,113,Knickerbocker Av (M),65.9779
2025-05-05 06:00:00,114,Central Av (M),32.6248
2025-05-05 06:00:00,118,3 Av (L),185.8361
2025-05-05 06:00:00,119,1 Av (L),663.3937999999999
2025-05-05 06:00:00,120,Bedford Av (L),562.3783
2025-05-05 06:00:00,122,Graham Av (L),218.982
2025-05-05 06:00:00,123,Grand St (L),252.4076
2025-05-05 06:00:00,124,Montrose Av (L),126.4213
2025-05-05 06:00:00,125,Morgan Av (L),149.2835
2025-05-05 06:00:00,126,Jefferson St (L),177.9929
2025-05-05 06:00:00,127,DeKalb Av (L),185.6227
2025-05-05 06:00:00,129,Halsey St (L),91.3409
2025-05-05 06:00:00,130,Wilson Av (L),65.3781
2025-05-05 06:00:00,131,Bushwick Av-Aberdeen St (L),28.097
2025-05-05 06:00:00,133,Atlantic Av (L),110.1041
2025-05-05 06:00:00,134,Sutter Av (L),85.2431
2025-05-05 06:00:00,135,Livonia Av (L),77.9459
2025-05-05 06:00:00,136,New Lots Av (L),73.6653
2025-05-05 06:00:00,137,East 105 St (L),62.9905
2025-05-05 06:00:00,138,Canarsie-Rockaway Pkwy (L),204.5232
2025-05-05 06:00:00,141,Park Pl (S),67.8052
2025-05-05 06:00:00,143,Inwood-207 St (A),136.9265
2025-05-05 06:00:00,144,Dyckman St (A),88.6411
2025-05-05 06:00:00,145,190 St (A),72.6989
2025-05-05 06:00:00,146,181 St (A),124.33239999999999
2025-05-05 06:00:00,147,175 St (A),173.8162
2025-05-05 06:00:00,149,163 St-Amsterdam Av (C),62.201299999999996
2025-05-05 06:00:00,150,155 St (C),43.5553
2025-05-05 06:00:00,151,"145 St (A,C,B,D)",414.1388
2025-05-05 06:00:00,152,"135 St (C,B)",153.5514
2025-05-05 06:00:00,153,"125 St (A,C,B,D)",707.5925
2025-05-05 06:00:00,154,"116 St (C,B)",112.034
2025-05-05 06:00:00,155,"Cathedral Pkwy (110 St) (C,B)",165.3322
2025-05-05 06:00:00,156,"103 St (C,B)",86.0311
2025-05-05 06:00:00,157,"96 St (C,B)",328.0272
2025-05-05 06:00:00,158,"86 St (C,B)",359.4157
2025-05-05 06:00:00,159,"81 St-Museum of Natural History (C,B)",311.0559
2025-05-05 06:00:00,160,"72 St (C,B)",223.0087
2025-05-05 06:00:00,162,"50 St (C,E)",682.0393
2025-05-05 06:00:00,164,"34 St-Penn Station (A,C,E)",1679.3318
2025-05-05 06:00:00,165,"23 St (C,E)",568.2505
2025-05-05 06:00:00,167,"W 4 St-Wash Sq (A,C,E,B,D,F,M)",1143.4242
2025-05-05 06:00:00,168,"Spring St (C,E)",376.572
2025-05-05 06:00:00,169,"Canal St (A,C,E)",652.7715
2025-05-05 06:00:00,173,"High St (A,C)",210.8669
2025-05-05 06:00:00,175,"Hoyt-Schermerhorn Sts (A,C,G)",331.3767
2025-05-05 06:00:00,176,Lafayette Av (C),119.0951
2025-05-05 06:00:00,177,Clinton-Washington Avs (C),141.397
2025-05-05 06:00:00,179,"Nostrand Av (A,C)",344.1164
2025-05-05 06:00:00,180,Kingston-Throop Avs (C),99.7353
2025-05-05 06:00:00,181,"Utica Av (A,C)",258.7292
2025-05-05 06:00:00,182,Ralph Av (C),68.7094
2025-05-05 06:00:00,183,Rockaway Av (C),78.5221
2025-05-05 06:00:00,185,Liberty Av (C),50.949
2025-05-05 06:00:00,186,Van Siclen Av (C),34.0269
2025-05-05 06:00:00,187,Shepherd Av (C),40.8876
2025-05-05 06:00:00,188,"Euclid Av (A,C)",150.9031
2025-05-05 06:00:00,189,Grant Av (A),82.681
2025-05-05 06:00:00,190,80 St (A),38.0469
2025-05-05 06:00:00,191,88 St (A),22.5209
2025-05-05 06:00:00,192,Rockaway Blvd (A),167.8323
2025-05-05 06:00:00,193,104 St (A),19.0497
2025-05-05 06:00:00,194,111 St (A),24.0691
2025-05-05 06:00:00,195,Ozone Park-Lefferts Blvd (A),85.4277
2025-05-05 06:00:00,196,Aqueduct Racetrack (A),8.5306
2025-05-05 06:00:00,197,Aqueduct-N Conduit Av (A),14.6537
2025-05-05 06:00:00,198,Howard Beach-JFK Airport (A),170.477
2025-05-05 06:00:00,199,"Broad Channel (A,S)",2.3973
2025-05-05 06:00:00,200,"Beach 90 St (A,S)",3.8998999999999997
2025-05-05 06:00:00,201,"Beach 98 St (A,S)",5.8907
2025-05-05 06:00:00,202,"Beach 105 St (A,S)",2.1189999999999998
2025-05-05 06:00:00,203,"Rockaway Park-Beach 116 St (A,S)",6.3743
2025-05-05 06:00:00,204,Beach 67 St (A),18.4042
2025-05-05 06:00:00,205,Beach 60 St (A),12.0286
2025-05-05 06:00:00,206,Beach 44 St (A),2.7744
2025-05-05 06:00:00,207,Beach 36 St (A),6.6096
2025-05-05 06:00:00,208,Beach 25 St (A),10.257299999999999
2025-05-05 06:00:00,209,Far Rockaway-Mott Av (A),65.3551
2025-05-05 06:00:00,210,Norwood-205 St (D),102.4594
2025-05-05 06:00:00,211,"Bedford Park Blvd (B,D)",110.7757
2025-05-05 06:00:00,212,"Kingsbridge Rd (B,D)",76.3701
2025-05-05 06:00:00,213,"Fordham Rd (B,D)",141.305
2025-05-05 06:00:00,214,"182-183 Sts (B,D)",65.368
2025-05-05 06:00:00,215,"Tremont Av (B,D)",124.2642
2025-05-05 06:00:00,216,"174-175 Sts (B,D)",98.0468
2025-05-05 06:00:00,217,"170 St (B,D)",85.18469999999999
2025-05-05 06:00:00,218,"167 St (B,D)",133.4652
2025-05-05 06:00:00,220,"155 St (B,D)",48.839
2025-05-05 06:00:00,221,21 St-Queensbridge (F),455.3524
2025-05-05 06:00:00,222,Roosevelt Island (F),166.3533
2025-05-05 06:00:00,223,"Lexington Av/63 St (F,Q)",852.1859
2025-05-05 06:00:00,224,57 St (F),555.3276
2025-05-05 06:00:00,225,"47-50 Sts-Rockefeller Ctr (B,D,F,M)",1954.0887
2025-05-05 06:00:00,228,"23 St (F,M)",640.2178
2025-05-05 06:00:00,231,"Grand St (B,D)",607.9147
2025-05-05 06:00:00,232,2 Av (F),381.6927
2025-05-05 06:00:00,234,East Broadway (F),378.2781
2025-05-05 06:00:00,235,York St (F),297.7127
2025-05-05 06:00:00,236,"Bergen St (F,G)",262.6613
2025-05-05 06:00:00,237,"Carroll St (F,G)",359.3812
2025-05-05 06:00:00,238,"Smith-9 Sts (F,G)",173.2512
2025-05-05 06:00:00,240,"7 Av (F,G)",396.8779
2025-05-05 06:00:00,241,"15 St-Prospect Park (F,G)",103.7684
2025-05-05 06:00:00,242,"Fort Hamilton Pkwy (F,G)",52.1438
2025-05-05 06:00:00,243,"Church Av (F,G)",164.2406
2025-05-05 06:00:00,244,Ditmas Av (F),97.885
2025-05-05 06:00:00,245,18 Av (F),116.6885
2025-05-05 06:00:00,246,Avenue I (F),72.7084
2025-05-05 06:00:00,247,Bay Pkwy (F),30.749100000000002
2025-05-05 06:00:00,248,Avenue N (F),60.4368
2025-05-05 06:00:00,249,Avenue P (F),43.6991
2025-05-05 06:00:00,250,Kings Hwy (F),97.841
2025-05-05 06:00:00,251,Avenue U (F),53.4885
2025-05-05 06:00:00,252,Avenue X (F),72.7215
2025-05-05 06:00:00,253,Neptune Av (F),43.772
2025-05-05 06:00:00,254,Jamaica-179 St (F),305.0877
2025-05-05 06:00:00,255,169 St (F),139.1503
2025-05-05 06:00:00,256,Parsons Blvd (F),145.5002
2025-05-05 06:00:00,257,Sutphin Blvd (F),61.8028
2025-05-05 06:00:00,258,"Briarwood (E,F)",92.2377
2025-05-05 06:00:00,259,"Kew Gardens-Union Tpke (E,F)",404.5777
2025-05-05 06:00:00,260,"75 Av (E,F)",50.6871
2025-05-05 06:00:00,261,"Forest Hills-71 Av (E,F,M,R)",500.6984
2025-05-05 06:00:00,262,"67 Av (M,R)",163.8302
2025-05-05 06:00:00,263,"63 Dr-Rego Park (M,R)",221.6841
2025-05-05 06:00:00,264,"Woodhaven Blvd (M,R)",311.7415
2025-05-05 06:00:00,265,"Grand Av-Newtown (M,R)",232.8718
2025-05-05 06:00:00,266,"Elmhurst Av (M,R)",130.8295
2025-05-05 06:00:00,268,"65 St (M,R)",56.869
2025-05-05 06:00:00,269,"Northern Blvd (M,R)",152.6009
2025-05-05 06:00:00,270,"46 St (M,R)",123.3955
2025-05-05 06:00:00,271,"Steinway St (M,R)",225.3983
2025-05-05 06:00:00,272,"36 St (M,R)",113.6417
2025-05-05 06:00:00,273,"Queens Plaza (E,M,R)",662.1265
2025-05-05 06:00:00,276,"5 Av/53 St (E,M)",772.8172999999999
2025-05-05 06:00:00,277,"7 Av (E,B,D)",648.3145
2025-05-05 06:00:00,278,"Jamaica Center-Parsons/Archer (E,J,Z)",772.4276
2025-05-05 06:00:00,279,"Sutphin Blvd-Archer Av-JFK Airport (E,J,Z)",679.1658
2025-05-05 06:00:00,280,Jamaica-Van Wyck (E),176.9214
2025-05-05 06:00:00,282,21 St (G),79.9866
2025-05-05 06:00:00,283,Greenpoint Av (G),338.3414
2025-05-05 06:00:00,284,Nassau Av (G),275.6121
2025-05-05 06:00:00,286,Broadway (G),184.9655
2025-05-05 06:00:00,287,Flushing Av (G),169.0938
2025-05-05 06:00:00,288,Myrtle-Willoughby Avs (G),154.98
2025-05-05 06:00:00,289,Bedford-Nostrand Avs (G),173.9587
2025-05-05 06:00:00,290,Classon Av (G),97.6581
2025-05-05 06:00:00,291,Clinton-Washington Avs (G),136.6072
2025-05-05 06:00:00,292,Fulton St (G),311.21070000000003
2025-05-05 06:00:00,293,Van Cortlandt Park-242 St (1),121.1276
2025-05-05 06:00:00,294,238 St (1),52.1808
2025-05-05 06:00:00,295,231 St (1),163.2735
2025-05-05 06:00:00,296,Marble Hill-225 St (1),99.6732
2025-05-05 06:00:00,297,215 St (1),84.748
2025-05-05 06:00:00,298,207 St (1),133.6534
2025-05-05 06:00:00,299,Dyckman St (1),89.597
2025-05-05 06:00:00,300,191 St (1),114.3947
2025-05-05 06:00:00,301,181 St (1),140.5997
2025-05-05 06:00:00,303,157 St (1),138.9976
2025-05-05 06:00:00,304,145 St (1),113.1229
2025-05-05 06:00:00,305,137 St-City College (1),173.003
2025-05-05 06:00:00,306,125 St (1),190.2245
2025-05-05 06:00:00,307,116 St-Columbia University (1),384.5952
2025-05-05 06:00:00,308,Cathedral Pkwy (110 St) (1),297.328
2025-05-05 06:00:00,309,103 St (1),189.9452
2025-05-05 06:00:00,310,"96 St (1,2,3)",929.2968999999999
2025-05-05 06:00:00,311,86 St (1),496.8696
2025-05-05 06:00:00,312,79 St (1),382.5806
2025-05-05 06:00:00,313,"72 St (1,2,3)",1008.7565
2025-05-05 06:00:00,314,66 St-Lincoln Center (1),783.9116
2025-05-05 06:00:00,316,50 St (1),665.0783
2025-05-05 06:00:00,318,"34 St-Penn Station (1,2,3)",1288.5422
2025-05-05 06:00:00,319,28 St (1),288.3072
2025-05-05 06:00:00,320,23 St (1),274.606
2025-05-05 06:00:00,321,18 St (1),170.19
2025-05-05 06:00:00,323,Christopher St-Sheridan Sq (1),198.18789999999998
2025-05-05 06:00:00,324,Houston St (1),589.2169
2025-05-05 06:00:00,325,Canal St (1),116.5982
2025-05-05 06:00:00,326,Franklin St (1),169.5622
2025-05-05 06:00:00,327,"Chambers St (1,2,3)",914.8498
2025-05-05 06:00:00,328,WTC Cortlandt (1),328.4986
2025-05-05 06:00:00,329,Rector St (1),169.9476
2025-05-05 06:00:00,333,"Wall St (2,3)",661.2053
2025-05-05 06:00:00,334,"Clark St (2,3)",135.6109
2025-05-05 06:00:00,336,"Hoyt St (2,3)",213.678
2025-05-05 06:00:00,337,"Nevins St (2,3,4,5)",337.827
2025-05-05 06:00:00,339,"Bergen St (2,3)",78.3543
2025-05-05 06:00:00,340,"Grand Army Plaza (2,3)",153.9202
2025-05-05 06:00:00,341,"Eastern Pkwy-Brooklyn Museum (2,3)",65.0022
2025-05-05 06:00:00,343,Nostrand Av (3),59.1506
2025-05-05 06:00:00,344,Kingston Av (3),115.4563
2025-05-05 06:00:00,345,"Crown Hts-Utica Av (3,4)",433.4352
2025-05-05 06:00:00,346,Sutter Av-Rutland Rd (3),105.0069
2025-05-05 06:00:00,347,Saratoga Av (3),78.1292
2025-05-05 06:00:00,348,Rockaway Av (3),96.7891
2025-05-05 06:00:00,349,Junius St (3),85.2318
2025-05-05 06:00:00,350,Pennsylvania Av (3),85.7236
2025-05-05 06:00:00,351,Van Siclen Av (3),41.7618
2025-05-05 06:00:00,352,New Lots Av (3),98.2098
2025-05-05 06:00:00,353,"President St-Medgar Evers College (2,5)",82.6592
2025-05-05 06:00:00,354,"Sterling St (2,5)",73.88119999999999
2025-05-05 06:00:00,355,"Winthrop St (2,5)",234.5127
2025-05-05 06:00:00,356,"Church Av (2,5)",124.4978
2025-05-05 06:00:00,357,"Beverly Rd (2,5)",89.7221
2025-05-05 06:00:00,358,"Newkirk Av-Little Haiti (2,5)",99.3015
2025-05-05 06:00:00,359,"Flatbush Av-Brooklyn College (2,5)",390.1478
2025-05-05 06:00:00,360,Pelham Bay Park (6),121.2916
2025-05-05 06:00:00,361,Buhre Av (6),39.8965
2025-05-05 06:00:00,362,Middletown Rd (6),34.6916
2025-05-05 06:00:00,363,Westchester Sq-E Tremont Av (6),127.2542
2025-05-05 06:00:00,364,Zerega Av (6),43.2329
2025-05-05 06:00:00,365,Castle Hill Av (6),85.3931
2025-05-05 06:00:00,366,Parkchester (6),153.346
2025-05-05 06:00:00,367,St Lawrence Av (6),47.6134
2025-05-05 06:00:00,368,Morrison Av-Soundview (6),68.1966
2025-05-05 06:00:00,369,Elder Av (6),78.0825
2025-05-05 06:00:00,370,Whitlock Av (6),29.6175
2025-05-05 06:00:00,371,Hunts Point Av (6),229.844
2025-05-05 06:00:00,372,Longwood Av (6),129.2173
2025-05-05 06:00:00,373,E 149 St (6),91.4503
2025-05-05 06:00:00,374,E 143 St-St Mary's St (6),95.2334
2025-05-05 06:00:00,375,Cypress Av (6),121.9926
2025-05-05 06:00:00,376,Brook Av (6),156.3556
2025-05-05 06:00:00,377,3 Av-138 St (6),196.6695
2025-05-05 06:00:00,378,Woodlawn (4),179.8433
2025-05-05 06:00:00,379,Mosholu Pkwy (4),203.6428
2025-05-05 06:00:00,380,Bedford Park Blvd-Lehman College (4),216.6176
2025-05-05 06:00:00,381,Kingsbridge Rd (4),191.9047
2025-05-05 06:00:00,382,Fordham Rd (4),146.8836
2025-05-05 06:00:00,383,183 St (4),72.5044
2025-05-05 06:00:00,384,Burnside Av (4),141.8255
2025-05-05 06:00:00,385,176 St (4),103.06099999999999
2025-05-05 06:00:00,386,Mt Eden Av (4),105.3077
2025-05-05 06:00:00,387,170 St (4),165.6835
2025-05-05 06:00:00,388,167 St (4),133.8618
2025-05-05 06:00:00,391,"138 St-Grand Concourse (4,5)",212.7593
2025-05-05 06:00:00,392,"125 St (4,5,6)",956.2586
2025-05-05 06:00:00,393,116 St (6),387.9786
2025-05-05 06:00:00,394,110 St (6),355.451
2025-05-05 06:00:00,395,103 St (6),492.9382
2025-05-05 06:00:00,396,96 St (6),874.9926
2025-05-05 06:00:00,397,"86 St (4,5,6)",1675.7137
2025-05-05 06:00:00,398,77 St (6),1405.3529
2025-05-05 06:00:00,399,68 St-Hunter College (6),992.9731
2025-05-05 06:00:00,403,33 St (6),849.8421
2025-05-05 06:00:00,404,28 St (6),699.2487
2025-05-05 06:00:00,405,23 St (6),898.672
2025-05-05 06:00:00,407,Astor Pl (6),333.3723
2025-05-05 06:00:00,409,Spring St (6),218.1294
2025-05-05 06:00:00,413,"Wall St (4,5)",486.2722
2025-05-05 06:00:00,414,"Bowling Green (4,5)",874.6291
2025-05-05 06:00:00,416,Wakefield-241 St (2),109.1502
2025-05-05 06:00:00,417,"Nereid Av (2,5)",54.4218
2025-05-05 06:00:00,418,"233 St (2,5)",70.3685
2025-05-05 06:00:00,419,"225 St (2,5)",49.4713
2025-05-05 06:00:00,420,"219 St (2,5)",42.9136
2025-05-05 06:00:00,421,"Gun Hill Rd (2,5)",135.7111
2025-05-05 06:00:00,422,"Burke Av (2,5)",44.254
2025-05-05 06:00:00,423,"Allerton Av (2,5)",69.4149
2025-05-05 06:00:00,424,"Pelham Pkwy (2,5)",151.0816
2025-05-05 06:00:00,425,"Bronx Park East (2,5)",59.7067
2025-05-05 06:00:00,426,"E 180 St (2,5)",141.4519
2025-05-05 06:00:00,427,"West Farms Sq-E Tremont Av (2,5)",134.461
2025-05-05 06:00:00,428,"174 St (2,5)",157.4115
2025-05-05 06:00:00,429,"Freeman St (2,5)",104.6777
2025-05-05 06:00:00,430,"Simpson St (2,5)",203.805
2025-05-05 06:00:00,431,"Intervale Av (2,5)",83.0552
2025-05-05 06:00:00,432,"Prospect Av (2,5)",148.0133
2025-05-05 06:00:00,433,"Jackson Av (2,5)",156.3111
2025-05-05 06:00:00,434,"3 Av-149 St (2,5)",529.5456
2025-05-05 06:00:00,436,Harlem-148 St (3),57.4052
2025-05-05 06:00:00,437,145 St (3),96.4522
2025-05-05 06:00:00,438,"135 St (2,3)",395.4102
2025-05-05 06:00:00,439,"125 St (2,3)",346.5761
2025-05-05 06:00:00,440,"116 St (2,3)",168.51330000000002
2025-05-05 06:00:00,441,"Central Park North (110 St) (2,3)",173.9313
2025-05-05 06:00:00,442,Eastchester-Dyre Av (5),114.6556
2025-05-05 06:00:00,443,Baychester Av (5),83.0781
2025-05-05 06:00:00,444,Gun Hill Rd (5),76.0953
2025-05-05 06:00:00,445,Pelham Pkwy (5),71.9252
2025-05-05 06:00:00,446,Morris Park (5),32.5385
2025-05-05 06:00:00,447,Flushing-Main St (7),1394.1471
2025-05-05 06:00:00,448,Mets-Willets Point (7),237.8556
2025-05-05 06:00:00,449,111 St (7),176.297
2025-05-05 06:00:00,450,103 St-Corona Plaza (7),234.084
2025-05-05 06:00:00,451,Junction Blvd (7),306.8873
2025-05-05 06:00:00,452,90 St-Elmhurst Av (7),174.2903
2025-05-05 06:00:00,453,82 St-Jackson Hts (7),193.9231
2025-05-05 06:00:00,455,69 St (7),114.1882
2025-05-05 06:00:00,456,61 St-Woodside (7),252.9583
2025-05-05 06:00:00,457,52 St (7),90.12859999999999
2025-05-05 06:00:00,458,46 St-Bliss St (7),278.4949
2025-05-05 06:00:00,459,40 St-Lowery St (7),234.3618
2025-05-05 06:00:00,460,33 St-Rawson St (7),591.7307
2025-05-05 06:00:00,461,"Queensboro Plaza (7,N,W)",505.1875
2025-05-05 06:00:00,463,Hunters Point Av (7),313.8068
2025-05-05 06:00:00,464,Vernon Blvd-Jackson Av (7),364.3899
2025-05-05 06:00:00,471,34 St-Hudson Yards (7),1117.6203
2025-05-05 06:00:00,475,96 St (Q),630.2570000000001
2025-05-05 06:00:00,476,86 St (Q),665.753
2025-05-05 06:00:00,477,72 St (Q),1722.4663
2025-05-05 06:00:00,601,"14 St (F,M,1,2,3)/6 Av (L)",1076.5055
2025-05-05 06:00:00,602,"14 St-Union Sq (L,N,Q,R,W,4,5,6)",2447.9903
2025-05-05 06:00:00,603,"149 St-Grand Concourse (2,4,5)",416.3088
2025-05-05 06:00:00,604,"161 St-Yankee Stadium (B,D,4)",460.6759
2025-05-05 06:00:00,605,"168 St (A,C,1)",845.4065
2025-05-05 06:00:00,606,"Court Sq (E,G,M,7)",915.5272
2025-05-05 06:00:00,607,"34 St-Herald Sq (B,D,F,M,N,Q,R,W)",2272.6889
2025-05-05 06:00:00,608,"4 Av (F,G)/9 St (R)",339.0528
2025-05-05 06:00:00,609,"Bryant Pk (B,D,F,M)/5 Av (7)",1568.3487
2025-05-05 06:00:00,610,"Grand Central-42 St (S,4,5,6,7)",4095.419
2025-05-05 06:00:00,611,"Times Sq-42 St (N,Q,R,W,S,1,2,3,7)/42 St (A,C,E)",3848.7427000000002
2025-05-05 06:00:00,612,"Lexington Av-53 St (E,M)/51 St (6)",2080.3806
2025-05-05 06:00:00,613,"Lexington Av (N,R,W)/59 St (4,5,6)",1971.7068
2025-05-05 06:00:00,614,"59 St-Columbus Circle (A,B,C,D,1)",2329.7904
2025-05-05 06:00:00,615,New Utrecht Av (N)/62 St (D),121.1685
2025-05-05 06:00:00,616,"74-Broadway (7)/Jackson Hts-Roosevelt Av (E,F,M,R)",865.8162
2025-05-05 06:00:00,617,"Atlantic Av-Barclays Ctr (B,D,N,Q,R,2,3,4,5)",1162.4251
2025-05-05 06:00:00,618,"14 St (A,C,E)/8 Av (L)",1268.1634
2025-05-05 06:00:00,619,"Broadway-Lafayette St (B,D,F,M)/Bleecker St (6)",811.9269
2025-05-05 06:00:00,620,"Court St (R)/Borough Hall (2,3,4,5)",1014.2398
2025-05-05 06:00:00,621,"Broadway Junction (A,C,J,L,Z)",209.4308
2025-05-05 06:00:00,622,"Brooklyn Bridge-City Hall (4,5,6)/Chambers St (J,Z)",1114.3794
2025-05-05 06:00:00,623,"Canal St (J,N,Q,R,W,Z,6)",826.4651
2025-05-05 06:00:00,624,"Chambers St (A,C)/WTC (E)/Park Pl (2,3)/Cortlandt (R,W)",1998.6913
2025-05-05 06:00:00,625,"Delancey St (F)/Essex St (J,M,Z)",710.3744
2025-05-05 06:00:00,626,"Franklin Av (2,3,4,5)/Botanic Garden (S)",258.83050000000003
2025-05-05 06:00:00,627,"Franklin Av (C,S)",109.8368
2025-05-05 06:00:00,628,"Fulton St (A,C,J,Z,2,3,4,5)",2475.5495
2025-05-05 06:00:00,629,Lorimer St (L)/Metropolitan Av (G),264.8236
2025-05-05 06:00:00,630,"Myrtle-Wyckoff Avs (L,M)",273.8873
2025-05-05 06:00:00,635,"South Ferry (1)/Whitehall St (R,W)",640.0973
2025-05-05 06:00:00,636,"Jay St-MetroTech (A,C,F,R)",1200.3059
2025-05-05 07:00:00,1,"Astoria-Ditmars Blvd (N,W)",312.4549
2025-05-05 07:00:00,2,"Astoria Blvd (N,W)",176.1209
2025-05-05 07:00:00,3,"30 Av (N,W)",310.3765
2025-05-05 07:00:00,4,"Broadway (N,W)",261.4768
2025-05-05 07:00:00,5,"36 Av (N,W)",300.8361
2025-05-05 07:00:00,6,"39 Av-Dutch Kills (N,W)",197.7009
2025-05-05 07:00:00,8,"5 Av/59 St (N,R,W)",1033.1659
2025-05-05 07:00:00,9,"57 St-7 Av (N,Q,R,W)",2189.5744
2025-05-05 07:00:00,10,"49 St (N,R,W)",1578.3537000000001
2025-05-05 07:00:00,13,"28 St (R,W)",577.7351
2025-05-05 07:00:00,14,"23 St (R,W)",965.3298
2025-05-05 07:00:00,16,"8 St-NYU (R,W)",527.1071
2025-05-05 07:00:00,17,"Prince St (R,W)",344.7723
2025-05-05 07:00:00,20,"City Hall (R,W)",426.7171
2025-05-05 07:00:00,22,"Rector St (R,W)",328.5402
2025-05-05 07:00:00,26,"DeKalb Av (B,Q,R)",1395.6236
2025-05-05 07:00:00,28,Union St (R),315.5273
2025-05-05 07:00:00,30,Prospect Av (R),345.7274
2025-05-05 07:00:00,31,25 St (R),146.417
2025-05-05 07:00:00,32,"36 St (D,N,R)",995.3435
2025-05-05 07:00:00,33,45 St (R),263.8893
2025-05-05 07:00:00,34,53 St (R),287.8802
2025-05-05 07:00:00,35,"59 St (N,R)",587.4216
2025-05-05 07:00:00,36,Bay Ridge Av (R),296.9491
2025-05-05 07:00:00,37,77 St (R),129.2836
2025-05-05 07:00:00,38,86 St (R),408.1478
2025-05-05 07:00:00,39,Bay Ridge-95 St (R),162.0465
2025-05-05 07:00:00,41,"7 Av (B,Q)",454.0288
2025-05-05 07:00:00,42,"Prospect Park (B,Q,S)",220.1964
2025-05-05 07:00:00,43,Parkside Av (Q),129.8949
2025-05-05 07:00:00,44,"Church Av (B,Q)",315.1887
2025-05-05 07:00:00,45,Beverley Rd (Q),90.439
2025-05-05 07:00:00,46,Cortelyou Rd (Q),130.624
2025-05-05 07:00:00,47,"Newkirk Plaza (B,Q)",230.5628
2025-05-05 07:00:00,48,Avenue H (Q),130.2482
2025-05-05 07:00:00,49,Avenue J (Q),315.2217
2025-05-05 07:00:00,50,Avenue M (Q),525.9774
2025-05-05 07:00:00,51,"Kings Hwy (B,Q)",795.5896
2025-05-05 07:00:00,52,Avenue U (Q),220.462
2025-05-05 07:00:00,53,Neck Rd (Q),105.3072
2025-05-05 07:00:00,54,"Sheepshead Bay (B,Q)",426.6853
2025-05-05 07:00:00,55,"Brighton Beach (B,Q)",462.0173
2025-05-05 07:00:00,56,Ocean Pkwy (Q),146.6688
2025-05-05 07:00:00,57,"W 8 St-NY Aquarium (F,Q)",122.7139
2025-05-05 07:00:00,58,"Coney Island-Stillwell Av (D,F,N,Q)",490.956
2025-05-05 07:00:00,59,9 Av (D),162.9213
2025-05-05 07:00:00,60,Fort Hamilton Pkwy (D),269.8718
2025-05-05 07:00:00,61,50 St (D),284.5885
2025-05-05 07:00:00,62,55 St (D),171.3234
2025-05-05 07:00:00,64,71 St (D),74.5231
2025-05-05 07:00:00,65,79 St (D),244.9685
2025-05-05 07:00:00,66,18 Av (D),144.0489
2025-05-05 07:00:00,67,20 Av (D),106.2527
2025-05-05 07:00:00,68,Bay Pkwy (D),181.6175
2025-05-05 07:00:00,69,25 Av (D),127.6666
2025-05-05 07:00:00,70,Bay 50 St (D),239.4295
2025-05-05 07:00:00,71,8 Av (N),407.2427
2025-05-05 07:00:00,72,Fort Hamilton Pkwy (N),240.5502
2025-05-05 07:00:00,74,18 Av (N),179.9726
2025-05-05 07:00:00,75,20 Av (N),346.0878
2025-05-05 07:00:00,76,Bay Pkwy (N),192.4578
2025-05-05 07:00:00,77,Kings Hwy (N),152.528
2025-05-05 07:00:00,78,Avenue U (N),141.8021
2025-05-05 07:00:00,79,86 St (N),120.3103
2025-05-05 07:00:00,80,"121 St (J,Z)",81.9256
2025-05-05 07:00:00,81,111 St (J),99.3591
2025-05-05 07:00:00,82,"104 St (J,Z)",75.121
2025-05-05 07:00:00,83,"Woodhaven Blvd (J,Z)",164.9926
2025-05-05 07:00:00,84,85 St-Forest Pkwy (J),34.6705
2025-05-05 07:00:00,85,"75 St-Elderts Ln (J,Z)",173.9641
2025-05-05 07:00:00,86,Cypress Hills (J),16.4985
2025-05-05 07:00:00,87,"Crescent St (J,Z)",100.8139
2025-05-05 07:00:00,88,"Norwood Av (J,Z)",64.8096
2025-05-05 07:00:00,89,Cleveland St (J),81.917
2025-05-05 07:00:00,90,"Van Siclen Av (J,Z)",76.0245
2025-05-05 07:00:00,91,Alabama Av (J),109.2355
2025-05-05 07:00:00,93,"Chauncey St (J,Z)",82.248
2025-05-05 07:00:00,94,Halsey St (J),114.7512
2025-05-05 07:00:00,95,"Gates Av (J,Z)",197.6479
2025-05-05 07:00:00,96,Kosciuszko St (J),173.7071
2025-05-05 07:00:00,97,"Myrtle Av (M,J,Z)",362.2539
2025-05-05 07:00:00,98,"Flushing Av (M,J)",572.6814
2025-05-05 07:00:00,99,"Lorimer St (M,J)",280.3568
2025-05-05 07:00:00,100,"Hewes St (M,J)",122.441
2025-05-05 07:00:00,101,"Marcy Av (M,J,Z)",632.5303
2025-05-05 07:00:00,103,"Bowery (J,Z)",147.0868
2025-05-05 07:00:00,107,"Broad St (J,Z)",558.3822
2025-05-05 07:00:00,108,Middle Village-Metropolitan Av (M),190.6921
2025-05-05 07:00:00,109,Fresh Pond Rd (M),78.5929
2025-05-05 07:00:00,110,Forest Av (M),67.0147
2025-05-05 07:00:00,111,Seneca Av (M),28.7234
2025-05-05 07:00:00,113,Knickerbocker Av (M),136.6847
2025-05-05 07:00:00,114,Central Av (M),83.5581
2025-05-05 07:00:00,118,3 Av (L),352.49240000000003
2025-05-05 07:00:00,119,1 Av (L),1549.7477
2025-05-05 07:00:00,120,Bedford Av (L),963.8446
2025-05-05 07:00:00,122,Graham Av (L),294.2586
2025-05-05 07:00:00,123,Grand St (L),378.2192
2025-05-05 07:00:00,124,Montrose Av (L),226.0641
2025-05-05 07:00:00,125,Morgan Av (L),257.6204
2025-05-05 07:00:00,126,Jefferson St (L),235.1213
2025-05-05 07:00:00,127,DeKalb Av (L),279.5098
2025-05-05 07:00:00,129,Halsey St (L),163.7976
2025-05-05 07:00:00,130,Wilson Av (L),121.1276
2025-05-05 07:00:00,131,Bushwick Av-Aberdeen St (L),47.4415
2025-05-05 07:00:00,133,Atlantic Av (L),114.0443
2025-05-05 07:00:00,134,Sutter Av (L),111.3851
2025-05-05 07:00:00,135,Livonia Av (L),133.557
2025-05-05 07:00:00,136,New Lots Av (L),127.305
2025-05-05 07:00:00,137,East 105 St (L),113.9213
2025-05-05 07:00:00,138,Canarsie-Rockaway Pkwy (L),321.8648
2025-05-05 07:00:00,141,Park Pl (S),80.6063
2025-05-05 07:00:00,143,Inwood-207 St (A),234.3871
2025-05-05 07:00:00,144,Dyckman St (A),143.9552
2025-05-05 07:00:00,145,190 St (A),122.69709999999999
2025-05-05 07:00:00,146,181 St (A),189.0571
2025-05-05 07:00:00,147,175 St (A),271.7357
2025-05-05 07:00:00,149,163 St-Amsterdam Av (C),114.6422
2025-05-05 07:00:00,150,155 St (C),76.8279
2025-05-05 07:00:00,151,"145 St (A,C,B,D)",828.3877
2025-05-05 07:00:00,152,"135 St (C,B)",312.8327
2025-05-05 07:00:00,153,"125 St (A,C,B,D)",1284.0379
2025-05-05 07:00:00,154,"116 St (C,B)",254.036
2025-05-05 07:00:00,155,"Cathedral Pkwy (110 St) (C,B)",285.0627
2025-05-05 07:00:00,156,"103 St (C,B)",185.2284
2025-05-05 07:00:00,157,"96 St (C,B)",760.9352
2025-05-05 07:00:00,158,"86 St (C,B)",884.6468
2025-05-05 07:00:00,159,"81 St-Museum of Natural History (C,B)",642.5644
2025-05-05 07:00:00,160,"72 St (C,B)",518.0226
2025-05-05 07:00:00,162,"50 St (C,E)",1474.0705
2025-05-05 07:00:00,164,"34 St-Penn Station (A,C,E)",2965.1154
2025-05-05 07:00:00,165,"23 St (C,E)",1105.7942
2025-05-05 07:00:00,167,"W 4 St-Wash Sq (A,C,E,B,D,F,M)",1893.0079
2025-05-05 07:00:00,168,"Spring St (C,E)",763.5855
2025-05-05 07:00:00,169,"Canal St (A,C,E)",1305.5691
2025-05-05 07:00:00,173,"High St (A,C)",449.7586
2025-05-05 07:00:00,175,"Hoyt-Schermerhorn Sts (A,C,G)",594.2684
2025-05-05 07:00:00,176,Lafayette Av (C),276.8063
2025-05-05 07:00:00,177,Clinton-Washington Avs (C),305.0275
2025-05-05 07:00:00,179,"Nostrand Av (A,C)",524.094
2025-05-05 07:00:00,180,Kingston-Throop Avs (C),200.8643
2025-05-05 07:00:00,181,"Utica Av (A,C)",412.1692
2025-05-05 07:00:00,182,Ralph Av (C),132.6525
2025-05-05 07:00:00,183,Rockaway Av (C),152.0366
2025-05-05 07:00:00,185,Liberty Av (C),114.5644
2025-05-05 07:00:00,186,Van Siclen Av (C),73.8019
2025-05-05 07:00:00,187,Shepherd Av (C),71.8873
2025-05-05 07:00:00,188,"Euclid Av (A,C)",257.8924
2025-05-05 07:00:00,189,Grant Av (A),98.39659999999999
2025-05-05 07:00:00,190,80 St (A),59.8596
2025-05-05 07:00:00,191,88 St (A),31.3503
2025-05-05 07:00:00,192,Rockaway Blvd (A),245.1434
2025-05-05 07:00:00,193,104 St (A),53.9969
2025-05-05 07:00:00,194,111 St (A),30.5113
2025-05-05 07:00:00,195,Ozone Park-Lefferts Blvd (A),107.3788
2025-05-05 07:00:00,196,Aqueduct Racetrack (A),16.5472
2025-05-05 07:00:00,197,Aqueduct-N Conduit Av (A),16.678
2025-05-05 07:00:00,198,Howard Beach-JFK Airport (A),172.7327
2025-05-05 07:00:00,199,"Broad Channel (A,S)",3.7042
2025-05-05 07:00:00,200,"Beach 90 St (A,S)",8.485
2025-05-05 07:00:00,201,"Beach 98 St (A,S)",8.5869
2025-05-05 07:00:00,202,"Beach 105 St (A,S)",4.6005
2025-05-05 07:00:00,203,"Rockaway Park-Beach 116 St (A,S)",5.9058
2025-05-05 07:00:00,204,Beach 67 St (A),27.9323
2025-05-05 07:00:00,205,Beach 60 St (A),18.1272
2025-05-05 07:00:00,206,Beach 44 St (A),6.0551
2025-05-05 07:00:00,207,Beach 36 St (A),10.9961
2025-05-05 07:00:00,208,Beach 25 St (A),19.2036
2025-05-05 07:00:00,209,Far Rockaway-Mott Av (A),80.8463
2025-05-05 07:00:00,210,Norwood-205 St (D),191.4022
2025-05-05 07:00:00,211,"Bedford Park Blvd (B,D)",201.3545
2025-05-05 07:00:00,212,"Kingsbridge Rd (B,D)",152.4487
2025-05-05 07:00:00,213,"Fordham Rd (B,D)",284.0187
2025-05-05 07:00:00,214,"182-183 Sts (B,D)",102.799
2025-05-05 07:00:00,215,"Tremont Av (B,D)",192.6883
2025-05-05 07:00:00,216,"174-175 Sts (B,D)",136.4846
2025-05-05 07:00:00,217,"170 St (B,D)",194.541
2025-05-05 07:00:00,218,"167 St (B,D)",199.1473
2025-05-05 07:00:00,220,"155 St (B,D)",91.8687
2025-05-05 07:00:00,221,21 St-Queensbridge (F),640.5406
2025-05-05 07:00:00,222,Roosevelt Island (F),234.9318
2025-05-05 07:00:00,223,"Lexington Av/63 St (F,Q)",1443.0551
2025-05-05 07:00:00,224,57 St (F),1079.9771
2025-05-05 07:00:00,225,"47-50 Sts-Rockefeller Ctr (B,D,F,M)",4229.5643
2025-05-05 07:00:00,228,"23 St (F,M)",1309.8938
2025-05-05 07:00:00,231,"Grand St (B,D)",1548.1958
2025-05-05 07:00:00,232,2 Av (F),662.9593
2025-05-05 07:00:00,234,East Broadway (F),934.9004
2025-05-05 07:00:00,235,York St (F),572.9897
2025-05-05 07:00:00,236,"Bergen St (F,G)",680.7181
2025-05-05 07:00:00,237,"Carroll St (F,G)",677.7517
2025-05-05 07:00:00,238,"Smith-9 Sts (F,G)",269.9027
2025-05-05 07:00:00,240,"7 Av (F,G)",834.1474000000001
2025-05-05 07:00:00,241,"15 St-Prospect Park (F,G)",244.2334
2025-05-05 07:00:00,242,"Fort Hamilton Pkwy (F,G)",125.58840000000001
2025-05-05 07:00:00,243,"Church Av (F,G)",285.5499
2025-05-05 07:00:00,244,Ditmas Av (F),135.5157
2025-05-05 07:00:00,245,18 Av (F),176.039
2025-05-05 07:00:00,246,Avenue I (F),130.4703
2025-05-05 07:00:00,247,Bay Pkwy (F),53.5363
2025-05-05 07:00:00,248,Avenue N (F),111.9809
2025-05-05 07:00:00,249,Avenue P (F),86.5628
2025-05-05 07:00:00,250,Kings Hwy (F),153.0109
2025-05-05 07:00:00,251,Avenue U (F),102.7307
2025-05-05 07:00:00,252,Avenue X (F),88.8472
2025-05-05 07:00:00,253,Neptune Av (F),96.0197
2025-05-05 07:00:00,254,Jamaica-179 St (F),406.32280000000003
2025-05-05 07:00:00,255,169 St (F),268.1857
2025-05-05 07:00:00,256,Parsons Blvd (F),301.3357
2025-05-05 07:00:00,257,Sutphin Blvd (F),116.9211
2025-05-05 07:00:00,258,"Briarwood (E,F)",181.7717
2025-05-05 07:00:00,259,"Kew Gardens-Union Tpke (E,F)",696.2279
2025-05-05 07:00:00,260,"75 Av (E,F)",78.3091
2025-05-05 07:00:00,261,"Forest Hills-71 Av (E,F,M,R)",775.8465
2025-05-05 07:00:00,262,"67 Av (M,R)",257.2173
2025-05-05 07:00:00,263,"63 Dr-Rego Park (M,R)",394.9258
2025-05-05 07:00:00,264,"Woodhaven Blvd (M,R)",449.9935
2025-05-05 07:00:00,265,"Grand Av-Newtown (M,R)",481.2729
2025-05-05 07:00:00,266,"Elmhurst Av (M,R)",282.5104
2025-05-05 07:00:00,268,"65 St (M,R)",71.1363
2025-05-05 07:00:00,269,"Northern Blvd (M,R)",232.1063
2025-05-05 07:00:00,270,"46 St (M,R)",249.4248
2025-05-05 07:00:00,271,"Steinway St (M,R)",468.1369
2025-05-05 07:00:00,272,"36 St (M,R)",284.0384
2025-05-05 07:00:00,273,"Queens Plaza (E,M,R)",1248.7661
2025-05-05 07:00:00,276,"5 Av/53 St (E,M)",1676.6914
2025-05-05 07:00:00,277,"7 Av (E,B,D)",1205.2881
2025-05-05 07:00:00,278,"Jamaica Center-Parsons/Archer (E,J,Z)",1118.8027
2025-05-05 07:00:00,279,"Sutphin Blvd-Archer Av-JFK Airport (E,J,Z)",917.0883
2025-05-05 07:00:00,280,Jamaica-Van Wyck (E),219.4198
2025-05-05 07:00:00,282,21 St (G),117.4371
2025-05-05 07:00:00,283,Greenpoint Av (G),369.3104
2025-05-05 07:00:00,284,Nassau Av (G),412.2728
2025-05-05 07:00:00,286,Broadway (G),337.0543
2025-05-05 07:00:00,287,Flushing Av (G),286.2585
2025-05-05 07:00:00,288,Myrtle-Willoughby Avs (G),200.5311
2025-05-05 07:00:00,289,Bedford-Nostrand Avs (G),220.4682
2025-05-05 07:00:00,290,Classon Av (G),194.6318
2025-05-05 07:00:00,291,Clinton-Washington Avs (G),247.4379
2025-05-05 07:00:00,292,Fulton St (G),553.1272
2025-05-05 07:00:00,293,Van Cortlandt Park-242 St (1),190.7119
2025-05-05 07:00:00,294,238 St (1),114.4001
2025-05-05 07:00:00,295,231 St (1),287.4834
2025-05-05 07:00:00,296,Marble Hill-225 St (1),176.7728
2025-05-05 07:00:00,297,215 St (1),145.1024
2025-05-05 07:00:00,298,207 St (1),238.1234
2025-05-05 07:00:00,299,Dyckman St (1),221.7395
2025-05-05 07:00:00,300,191 St (1),270.3248
2025-05-05 07:00:00,301,181 St (1),347.8118
2025-05-05 07:00:00,303,157 St (1),246.4512
2025-05-05 07:00:00,304,145 St (1),190.2515
2025-05-05 07:00:00,305,137 St-City College (1),426.8034
2025-05-05 07:00:00,306,125 St (1),294.7808
2025-05-05 07:00:00,307,116 St-Columbia University (1),572.7189
2025-05-05 07:00:00,308,Cathedral Pkwy (110 St) (1),545.3319
2025-05-05 07:00:00,309,103 St (1),418.9817
2025-05-05 07:00:00,310,"96 St (1,2,3)",1916.0529
2025-05-05 07:00:00,311,86 St (1),932.3916
2025-05-05 07:00:00,312,79 St (1),751.3391
2025-05-05 07:00:00,313,"72 St (1,2,3)",2094.8926
2025-05-05 07:00:00,314,66 St-Lincoln Center (1),1698.6751
2025-05-05 07:00:00,316,50 St (1),1546.4431
2025-05-05 07:00:00,318,"34 St-Penn Station (1,2,3)",2164.4765
2025-05-05 07:00:00,319,28 St (1),615.4811
2025-05-05 07:00:00,320,23 St (1),575.5674
2025-05-05 07:00:00,321,18 St (1),444.5007
2025-05-05 07:00:00,323,Christopher St-Sheridan Sq (1),382.8227
2025-05-05 07:00:00,324,Houston St (1),942.161
2025-05-05 07:00:00,325,Canal St (1),239.4914
2025-05-05 07:00:00,326,Franklin St (1),449.9279
2025-05-05 07:00:00,327,"Chambers St (1,2,3)",2293.5246
2025-05-05 07:00:00,328,WTC Cortlandt (1),791.631
2025-05-05 07:00:00,329,Rector St (1),377.3764
2025-05-05 07:00:00,333,"Wall St (2,3)",1474.2742
2025-05-05 07:00:00,334,"Clark St (2,3)",269.5135
2025-05-05 07:00:00,336,"Hoyt St (2,3)",486.7107
2025-05-05 07:00:00,337,"Nevins St (2,3,4,5)",541.8072999999999
2025-05-05 07:00:00,339,"Bergen St (2,3)",173.6642
2025-05-05 07:00:00,340,"Grand Army Plaza (2,3)",381.20570000000004
2025-05-05 07:00:00,341,"Eastern Pkwy-Brooklyn Museum (2,3)",134.8401
2025-05-05 07:00:00,343,Nostrand Av (3),168.5714
2025-05-05 07:00:00,344,Kingston Av (3),184.413
2025-05-05 07:00:00,345,"Crown Hts-Utica Av (3,4)",670.5159
2025-05-05 07:00:00,346,Sutter Av-Rutland Rd (3),209.1382
2025-05-05 07:00:00,347,Saratoga Av (3),130.5487
2025-05-05 07:00:00,348,Rockaway Av (3),147.7879
2025-05-05 07:00:00,349,Junius St (3),138.1332
2025-05-05 07:00:00,350,Pennsylvania Av (3),166.4114
2025-05-05 07:00:00,351,Van Siclen Av (3),66.6391
2025-05-05 07:00:00,352,New Lots Av (3),137.005
2025-05-05 07:00:00,353,"President St-Medgar Evers College (2,5)",181.8423
2025-05-05 07:00:00,354,"Sterling St (2,5)",143.6234
2025-05-05 07:00:00,355,"Winthrop St (2,5)",441.2079
2025-05-05 07:00:00,356,"Church Av (2,5)",203.84029999999998
2025-05-05 07:00:00,357,"Beverly Rd (2,5)",81.0201
2025-05-05 07:00:00,358,"Newkirk Av-Little Haiti (2,5)",190.8639
2025-05-05 07:00:00,359,"Flatbush Av-Brooklyn College (2,5)",608.636
2025-05-05 07:00:00,360,Pelham Bay Park (6),162.1181
2025-05-05 07:00:00,361,Buhre Av (6),78.7184
2025-05-05 07:00:00,362,Middletown Rd (6),60.7626
2025-05-05 07:00:00,363,Westchester Sq-E Tremont Av (6),270.3953
2025-05-05 07:00:00,364,Zerega Av (6),97.4267
2025-05-05 07:00:00,365,Castle Hill Av (6),147.2368
2025-05-05 07:00:00,366,Parkchester (6),257.7201
2025-05-05 07:00:00,367,St Lawrence Av (6),79.2112
2025-05-05 07:00:00,368,Morrison Av-Soundview (6),133.7366
2025-05-05 07:00:00,369,Elder Av (6),149.594
2025-05-05 07:00:00,370,Whitlock Av (6),57.8326
2025-05-05 07:00:00,371,Hunts Point Av (6),423.5241
2025-05-05 07:00:00,372,Longwood Av (6),174.1966
2025-05-05 07:00:00,373,E 149 St (6),204.1366
2025-05-05 07:00:00,374,E 143 St-St Mary's St (6),169.5738
2025-05-05 07:00:00,375,Cypress Av (6),127.6836
2025-05-05 07:00:00,376,Brook Av (6),261.3787
2025-05-05 07:00:00,377,3 Av-138 St (6),335.4891
2025-05-05 07:00:00,378,Woodlawn (4),189.8459
2025-05-05 07:00:00,379,Mosholu Pkwy (4),367.5154
2025-05-05 07:00:00,380,Bedford Park Blvd-Lehman College (4),327.9865
2025-05-05 07:00:00,381,Kingsbridge Rd (4),378.9411
2025-05-05 07:00:00,382,Fordham Rd (4),291.3781
2025-05-05 07:00:00,383,183 St (4),135.5798
2025-05-05 07:00:00,384,Burnside Av (4),289.2418
2025-05-05 07:00:00,385,176 St (4),172.8
2025-05-05 07:00:00,386,Mt Eden Av (4),177.4161
2025-05-05 07:00:00,387,170 St (4),307.7487
2025-05-05 07:00:00,388,167 St (4),275.0497
2025-05-05 07:00:00,391,"138 St-Grand Concourse (4,5)",190.9901
2025-05-05 07:00:00,392,"125 St (4,5,6)",1435.6743
2025-05-05 07:00:00,393,116 St (6),1027.2824
2025-05-05 07:00:00,394,110 St (6),698.7605
2025-05-05 07:00:00,395,103 St (6),981.6873
2025-05-05 07:00:00,396,96 St (6),1682.0812
2025-05-05 07:00:00,397,"86 St (4,5,6)",3315.7821
2025-05-05 07:00:00,398,77 St (6),2428.9947
2025-05-05 07:00:00,399,68 St-Hunter College (6),2198.8736
2025-05-05 07:00:00,403,33 St (6),1550.1992
2025-05-05 07:00:00,404,28 St (6),1192.229
2025-05-05 07:00:00,405,23 St (6),1643.0939
2025-05-05 07:00:00,407,Astor Pl (6),645.5767
2025-05-05 07:00:00,409,Spring St (6),381.3615
2025-05-05 07:00:00,413,"Wall St (4,5)",1116.81
2025-05-05 07:00:00,414,"Bowling Green (4,5)",2003.0511
2025-05-05 07:00:00,416,Wakefield-241 St (2),123.40390000000001
2025-05-05 07:00:00,417,"Nereid Av (2,5)",93.8659
2025-05-05 07:00:00,418,"233 St (2,5)",125.3208
2025-05-05 07:00:00,419,"225 St (2,5)",80.8014
2025-05-05 07:00:00,420,"219 St (2,5)",82.3137
2025-05-05 07:00:00,421,"Gun Hill Rd (2,5)",219.0716
2025-05-05 07:00:00,422,"Burke Av (2,5)",47.781800000000004
2025-05-05 07:00:00,423,"Allerton Av (2,5)",132.4697
2025-05-05 07:00:00,424,"Pelham Pkwy (2,5)",279.3611
2025-05-05 07:00:00,425,"Bronx Park East (2,5)",67.334
2025-05-05 07:00:00,426,"E 180 St (2,5)",256.7589
2025-05-05 07:00:00,427,"West Farms Sq-E Tremont Av (2,5)",242.6385
2025-05-05 07:00:00,428,"174 St (2,5)",297.1203
2025-05-05 07:00:00,429,"Freeman St (2,5)",184.4496
2025-05-05 07:00:00,430,"Simpson St (2,5)",427.6557
2025-05-05 07:00:00,431,"Intervale Av (2,5)",151.7788
2025-05-05 07:00:00,432,"Prospect Av (2,5)",304.2241
2025-05-05 07:00:00,433,"Jackson Av (2,5)",311.0
2025-05-05 07:00:00,434,"3 Av-149 St (2,5)",846.2984
2025-05-05 07:00:00,436,Harlem-148 St (3),98.7536
2025-05-05 07:00:00,437,145 St (3),73.8374
2025-05-05 07:00:00,438,"135 St (2,3)",597.2714
2025-05-05 07:00:00,439,"125 St (2,3)",744.5101
2025-05-05 07:00:00,440,"116 St (2,3)",366.903
2025-05-05 07:00:00,441,"Central Park North (110 St) (2,3)",354.3789
2025-05-05 07:00:00,442,Eastchester-Dyre Av (5),127.6798
2025-05-05 07:00:00,443,Baychester Av (5),164.7699
2025-05-05 07:00:00,444,Gun Hill Rd (5),118.5012
2025-05-05 07:00:00,445,Pelham Pkwy (5),137.3981
2025-05-05 07:00:00,446,Morris Park (5),45.0382
2025-05-05 07:00:00,447,Flushing-Main St (7),2049.5848
2025-05-05 07:00:00,448,Mets-Willets Point (7),228.01659999999998
2025-05-05 07:00:00,449,111 St (7),195.8101
2025-05-05 07:00:00,450,103 St-Corona Plaza (7),364.5686
2025-05-05 07:00:00,451,Junction Blvd (7),504.8113
2025-05-05 07:00:00,452,90 St-Elmhurst Av (7),309.0865
2025-05-05 07:00:00,453,82 St-Jackson Hts (7),401.40840000000003
2025-05-05 07:00:00,455,69 St (7),152.2987
2025-05-05 07:00:00,456,61 St-Woodside (7),409.9181
2025-05-05 07:00:00,457,52 St (7),149.3553
2025-05-05 07:00:00,458,46 St-Bliss St (7),541.0328000000001
2025-05-05 07:00:00,459,40 St-Lowery St (7),570.035
2025-05-05 07:00:00,460,33 St-Rawson St (7),1631.1368
2025-05-05 07:00:00,461,"Queensboro Plaza (7,N,W)",844.2796
2025-05-05 07:00:00,463,Hunters Point Av (7),517.8569
2025-05-05 07:00:00,464,Vernon Blvd-Jackson Av (7),566.3488
2025-05-05 07:00:00,471,34 St-Hudson Yards (7),1959.6385
2025-05-05 07:00:00,475,96 St (Q),1112.8553
2025-05-05 07:00:00,476,86 St (Q),1126.4395
2025-05-05 07:00:00,477,72 St (Q),2541.9259
2025-05-05 07:00:00,601,"14 St (F,M,1,2,3)/6 Av (L)",2235.1827
2025-05-05 07:00:00,602,"14 St-Union Sq (L,N,Q,R,W,4,5,6)",5616.5098
2025-05-05 07:00:00,603,"149 St-Grand Concourse (2,4,5)",846.2799
2025-05-05 07:00:00,604,"161 St-Yankee Stadium (B,D,4)",910.5675
2025-05-05 07:00:00,605,"168 St (A,C,1)",1354.8183
2025-05-05 07:00:00,606,"Court Sq (E,G,M,7)",1463.7475
2025-05-05 07:00:00,607,"34 St-Herald Sq (B,D,F,M,N,Q,R,W)",4694.6747
2025-05-05 07:00:00,608,"4 Av (F,G)/9 St (R)",657.2922
2025-05-05 07:00:00,609,"Bryant Pk (B,D,F,M)/5 Av (7)",3389.1481
2025-05-05 07:00:00,610,"Grand Central-42 St (S,4,5,6,7)",8690.9653
2025-05-05 07:00:00,611,"Times Sq-42 St (N,Q,R,W,S,1,2,3,7)/42 St (A,C,E)",7232.443
2025-05-05 07:00:00,612,"Lexington Av-53 St (E,M)/51 St (6)",4377.4911
2025-05-05 07:00:00,613,"Lexington Av (N,R,W)/59 St (4,5,6)",3924.0849
2025-05-05 07:00:00,614,"59 St-Columbus Circle (A,B,C,D,1)",4582.2267
2025-05-05 07:00:00,615,New Utrecht Av (N)/62 St (D),279.1344
2025-05-05 07:00:00,616,"74-Broadway (7)/Jackson Hts-Roosevelt Av (E,F,M,R)",1405.8576
2025-05-05 07:00:00,617,"Atlantic Av-Barclays Ctr (B,D,N,Q,R,2,3,4,5)",2560.4653
2025-05-05 07:00:00,618,"14 St (A,C,E)/8 Av (L)",2604.7082
2025-05-05 07:00:00,619,"Broadway-Lafayette St (B,D,F,M)/Bleecker St (6)",1455.6275
2025-05-05 07:00:00,620,"Court St (R)/Borough Hall (2,3,4,5)",2381.0449
2025-05-05 07:00:00,621,"Broadway Junction (A,C,J,L,Z)",256.3553
2025-05-05 07:00:00,622,"Brooklyn Bridge-City Hall (4,5,6)/Chambers St (J,Z)",2499.6498
2025-05-05 07:00:00,623,"Canal St (J,N,Q,R,W,Z,6)",2059.4683999999997
2025-05-05 07:00:00,624,"Chambers St (A,C)/WTC (E)/Park Pl (2,3)/Cortlandt (R,W)",4432.7524
2025-05-05 07:00:00,625,"Delancey St (F)/Essex St (J,M,Z)",1653.5381
2025-05-05 07:00:00,626,"Franklin Av (2,3,4,5)/Botanic Garden (S)",521.2687
2025-05-05 07:00:00,627,"Franklin Av (C,S)",216.5143
2025-05-05 07:00:00,628,"Fulton St (A,C,J,Z,2,3,4,5)",5379.2135
2025-05-05 07:00:00,629,Lorimer St (L)/Metropolitan Av (G),469.2291
2025-05-05 07:00:00,630,"Myrtle-Wyckoff Avs (L,M)",556.7214
2025-05-05 07:00:00,635,"South Ferry (1)/Whitehall St (R,W)",1587.7135
2025-05-05 07:00:00,636,"Jay St-MetroTech (A,C,F,R)",3010.1299
2025-05-05 08:00:00,1,"Astoria-Ditmars Blvd (N,W)",250.7121
2025-05-05 08:00:00,2,"Astoria Blvd (N,W)",193.0553
2025-05-05 08:00:00,3,"30 Av (N,W)",266.9282
2025-05-05 08:00:00,4,"Broadway (N,W)",238.82229999999998
2025-05-05 08:00:00,5,"36 Av (N,W)",226.0879
2025-05-05 08:00:00,6,"39 Av-Dutch Kills (N,W)",181.8036
2025-05-05 08:00:00,8,"5 Av/59 St (N,R,W)",1565.652
2025-05-05 08:00:00,9,"57 St-7 Av (N,Q,R,W)",3119.4559
2025-05-05 08:00:00,10,"49 St (N,R,W)",1999.5325
2025-05-05 08:00:00,13,"28 St (R,W)",937.5945
2025-05-05 08:00:00,14,"23 St (R,W)",1663.9038
2025-05-05 08:00:00,16,"8 St-NYU (R,W)",886.3472
2025-05-05 08:00:00,17,"Prince St (R,W)",706.7387
2025-05-05 08:00:00,20,"City Hall (R,W)",531.5912
2025-05-05 08:00:00,22,"Rector St (R,W)",447.4993
2025-05-05 08:00:00,26,"DeKalb Av (B,Q,R)",1435.1362
2025-05-05 08:00:00,28,Union St (R),280.1162
2025-05-05 08:00:00,30,Prospect Av (R),230.6035
2025-05-05 08:00:00,31,25 St (R),153.1991
2025-05-05 08:00:00,32,"36 St (D,N,R)",1269.002
2025-05-05 08:00:00,33,45 St (R),248.07059999999998
2025-05-05 08:00:00,34,53 St (R),290.847
2025-05-05 08:00:00,35,"59 St (N,R)",484.2241
2025-05-05 08:00:00,36,Bay Ridge Av (R),212.2555
2025-05-05 08:00:00,37,77 St (R),132.1108
2025-05-05 08:00:00,38,86 St (R),336.2036
2025-05-05 08:00:00,39,Bay Ridge-95 St (R),157.0145
2025-05-05 08:00:00,41,"7 Av (B,Q)",347.3322
2025-05-05 08:00:00,42,"Prospect Park (B,Q,S)",248.8864
2025-05-05 08:00:00,43,Parkside Av (Q),164.61
2025-05-05 08:00:00,44,"Church Av (B,Q)",339.9257
2025-05-05 08:00:00,45,Beverley Rd (Q),85.3558
2025-05-05 08:00:00,46,Cortelyou Rd (Q),134.6909
2025-05-05 08:00:00,47,"Newkirk Plaza (B,Q)",228.4663
2025-05-05 08:00:00,48,Avenue H (Q),179.8967
2025-05-05 08:00:00,49,Avenue J (Q),277.9726
2025-05-05 08:00:00,50,Avenue M (Q),409.0795
2025-05-05 08:00:00,51,"Kings Hwy (B,Q)",801.1254
2025-05-05 08:00:00,52,Avenue U (Q),245.9495
2025-05-05 08:00:00,53,Neck Rd (Q),126.6633
2025-05-05 08:00:00,54,"Sheepshead Bay (B,Q)",466.3311
2025-05-05 08:00:00,55,"Brighton Beach (B,Q)",513.8835
2025-05-05 08:00:00,56,Ocean Pkwy (Q),181.5981
2025-05-05 08:00:00,57,"W 8 St-NY Aquarium (F,Q)",137.0904
2025-05-05 08:00:00,58,"Coney Island-Stillwell Av (D,F,N,Q)",549.532
2025-05-05 08:00:00,59,9 Av (D),182.8303
2025-05-05 08:00:00,60,Fort Hamilton Pkwy (D),288.7168
2025-05-05 08:00:00,61,50 St (D),274.8552
2025-05-05 08:00:00,62,55 St (D),207.407
2025-05-05 08:00:00,64,71 St (D),85.7641
2025-05-05 08:00:00,65,79 St (D),226.3611
2025-05-05 08:00:00,66,18 Av (D),152.4836
2025-05-05 08:00:00,67,20 Av (D),108.5081
2025-05-05 08:00:00,68,Bay Pkwy (D),241.0661
2025-05-05 08:00:00,69,25 Av (D),136.846
2025-05-05 08:00:00,70,Bay 50 St (D),124.5161
2025-05-05 08:00:00,71,8 Av (N),691.4103
2025-05-05 08:00:00,72,Fort Hamilton Pkwy (N),173.8389
2025-05-05 08:00:00,74,18 Av (N),189.0619
2025-05-05 08:00:00,75,20 Av (N),252.4212
2025-05-05 08:00:00,76,Bay Pkwy (N),189.6984
2025-05-05 08:00:00,77,Kings Hwy (N),161.0789
2025-05-05 08:00:00,78,Avenue U (N),131.1843
2025-05-05 08:00:00,79,86 St (N),124.1912
2025-05-05 08:00:00,80,"121 St (J,Z)",74.9074
2025-05-05 08:00:00,81,111 St (J),79.6604
2025-05-05 08:00:00,82,"104 St (J,Z)",58.7602
2025-05-05 08:00:00,83,"Woodhaven Blvd (J,Z)",131.4769
2025-05-05 08:00:00,84,85 St-Forest Pkwy (J),39.1968
2025-05-05 08:00:00,85,"75 St-Elderts Ln (J,Z)",148.5344
2025-05-05 08:00:00,86,Cypress Hills (J),12.5031
2025-05-05 08:00:00,87,"Crescent St (J,Z)",100.0066
2025-05-05 08:00:00,88,"Norwood Av (J,Z)",61.7022
2025-05-05 08:00:00,89,Cleveland St (J),50.0758
2025-05-05 08:00:00,90,"Van Siclen Av (J,Z)",58.8665
2025-05-05 08:00:00,91,Alabama Av (J),103.4143
2025-05-05 08:00:00,93,"Chauncey St (J,Z)",63.286500000000004
2025-05-05 08:00:00,94,Halsey St (J),102.6741
2025-05-05 08:00:00,95,"Gates Av (J,Z)",138.1523
2025-05-05 08:00:00,96,Kosciuszko St (J),131.1254
2025-05-05 08:00:00,97,"Myrtle Av (M,J,Z)",341.7512
2025-05-05 08:00:00,98,"Flushing Av (M,J)",553.3546
2025-05-05 08:00:00,99,"Lorimer St (M,J)",234.8135
2025-05-05 08:00:00,100,"Hewes St (M,J)",137.2862
2025-05-05 08:00:00,101,"Marcy Av (M,J,Z)",647.4208
2025-05-05 08:00:00,103,"Bowery (J,Z)",196.0118
2025-05-05 08:00:00,107,"Broad St (J,Z)",680.2024
2025-05-05 08:00:00,108,Middle Village-Metropolitan Av (M),89.9828
2025-05-05 08:00:00,109,Fresh Pond Rd (M),73.9001
2025-05-05 08:00:00,110,Forest Av (M),55.5659
2025-05-05 08:00:00,111,Seneca Av (M),29.896
2025-05-05 08:00:00,113,Knickerbocker Av (M),89.9421
2025-05-05 08:00:00,114,Central Av (M),61.2174
2025-05-05 08:00:00,118,3 Av (L),412.6603
2025-05-05 08:00:00,119,1 Av (L),1346.8779
2025-05-05 08:00:00,120,Bedford Av (L),1239.085
2025-05-05 08:00:00,122,Graham Av (L),281.1195
2025-05-05 08:00:00,123,Grand St (L),342.9752
2025-05-05 08:00:00,124,Montrose Av (L),241.8646
2025-05-05 08:00:00,125,Morgan Av (L),234.7011
2025-05-05 08:00:00,126,Jefferson St (L),239.86679999999998
2025-05-05 08:00:00,127,DeKalb Av (L),263.2482
2025-05-05 08:00:00,129,Halsey St (L),158.4812
2025-05-05 08:00:00,130,Wilson Av (L),80.50280000000001
2025-05-05 08:00:00,131,Bushwick Av-Aberdeen St (L),50.944
2025-05-05 08:00:00,133,Atlantic Av (L),87.929
2025-05-05 08:00:00,134,Sutter Av (L),98.7569
2025-05-05 08:00:00,135,Livonia Av (L),130.41
2025-05-05 08:00:00,136,New Lots Av (L),97.7602
2025-05-05 08:00:00,137,East 105 St (L),80.6692
2025-05-05 08:00:00,138,Canarsie-Rockaway Pkwy (L),264.652
2025-05-05 08:00:00,141,Park Pl (S),60.4191
2025-05-05 08:00:00,143,Inwood-207 St (A),190.2987
2025-05-05 08:00:00,144,Dyckman St (A),155.8005
2025-05-05 08:00:00,145,190 St (A),92.423
2025-05-05 08:00:00,146,181 St (A),180.4676
2025-05-05 08:00:00,147,175 St (A),255.2097
2025-05-05 08:00:00,149,163 St-Amsterdam Av (C),88.7076
2025-05-05 08:00:00,150,155 St (C),58.8387
2025-05-05 08:00:00,151,"145 St (A,C,B,D)",814.1898
2025-05-05 08:00:00,152,"135 St (C,B)",278.1715
2025-05-05 08:00:00,153,"125 St (A,C,B,D)",1217.6145999999999
2025-05-05 08:00:00,154,"116 St (C,B)",226.0934
2025-05-05 08:00:00,155,"Cathedral Pkwy (110 St) (C,B)",296.5979
2025-05-05 08:00:00,156,"103 St (C,B)",173.7148
2025-05-05 08:00:00,157,"96 St (C,B)",593.8198
2025-05-05 08:00:00,158,"86 St (C,B)",644.2839
2025-05-05 08:00:00,159,"81 St-Museum of Natural History (C,B)",740.9595
2025-05-05 08:00:00,160,"72 St (C,B)",563.3902
2025-05-05 08:00:00,162,"50 St (C,E)",1249.679
2025-05-05 08:00:00,164,"34 St-Penn Station (A,C,E)",4533.6178
2025-05-05 08:00:00,165,"23 St (C,E)",1455.4415999999999
2025-05-05 08:00:00,167,"W 4 St-Wash Sq (A,C,E,B,D,F,M)",2423.5826
2025-05-05 08:00:00,168,"Spring St (C,E)",1506.7897
2025-05-05 08:00:00,169,"Canal St (A,C,E)",1856.3853
2025-05-05 08:00:00,173,"High St (A,C)",619.0672
2025-05-05 08:00:00,175,"Hoyt-Schermerhorn Sts (A,C,G)",703.9232
2025-05-05 08:00:00,176,Lafayette Av (C),248.796
2025-05-05 08:00:00,177,Clinton-Washington Avs (C),264.6181
2025-05-05 08:00:00,179,"Nostrand Av (A,C)",527.3732
2025-05-05 08:00:00,180,Kingston-Throop Avs (C),184.7239
2025-05-05 08:00:00,181,"Utica Av (A,C)",366.0723
2025-05-05 08:00:00,182,Ralph Av (C),124.4075
2025-05-05 08:00:00,183,Rockaway Av (C),130.3159
2025-05-05 08:00:00,185,Liberty Av (C),85.3563
2025-05-05 08:00:00,186,Van Siclen Av (C),84.6887
2025-05-05 08:00:00,187,Shepherd Av (C),55.4281
2025-05-05 08:00:00,188,"Euclid Av (A,C)",257.1789
2025-05-05 08:00:00,189,Grant Av (A),100.18690000000001
2025-05-05 08:00:00,190,80 St (A),47.9113
2025-05-05 08:00:00,191,88 St (A),26.3565
2025-05-05 08:00:00,192,Rockaway Blvd (A),170.9293
2025-05-05 08:00:00,193,104 St (A),44.3853
2025-05-05 08:00:00,194,111 St (A),30.8912
2025-05-05 08:00:00,195,Ozone Park-Lefferts Blvd (A),123.1852
2025-05-05 08:00:00,196,Aqueduct Racetrack (A),22.3688
2025-05-05 08:00:00,197,Aqueduct-N Conduit Av (A),12.6119
2025-05-05 08:00:00,198,Howard Beach-JFK Airport (A),164.8437
2025-05-05 08:00:00,199,"Broad Channel (A,S)",1.4857
2025-05-05 08:00:00,200,"Beach 90 St (A,S)",13.1276
2025-05-05 08:00:00,201,"Beach 98 St (A,S)",8.1365
2025-05-05 08:00:00,202,"Beach 105 St (A,S)",4.3841
2025-05-05 08:00:00,203,"Rockaway Park-Beach 116 St (A,S)",7.3249
2025-05-05 08:00:00,204,Beach 67 St (A),29.6441
2025-05-05 08:00:00,205,Beach 60 St (A),13.6715
2025-05-05 08:00:00,206,Beach 44 St (A),4.3289
2025-05-05 08:00:00,207,Beach 36 St (A),5.3974
2025-05-05 08:00:00,208,Beach 25 St (A),13.2509
2025-05-05 08:00:00,209,Far Rockaway-Mott Av (A),66.1395
2025-05-05 08:00:00,210,Norwood-205 St (D),158.0865
2025-05-05 08:00:00,211,"Bedford Park Blvd (B,D)",173.3881
2025-05-05 08:00:00,212,"Kingsbridge Rd (B,D)",157.2405
2025-05-05 08:00:00,213,"Fordham Rd (B,D)",299.254
2025-05-05 08:00:00,214,"182-183 Sts (B,D)",110.0891
2025-05-05 08:00:00,215,"Tremont Av (B,D)",234.5272
2025-05-05 08:00:00,216,"174-175 Sts (B,D)",155.2654
2025-05-05 08:00:00,217,"170 St (B,D)",157.1332
2025-05-05 08:00:00,218,"167 St (B,D)",236.1741
2025-05-05 08:00:00,220,"155 St (B,D)",98.7655
2025-05-05 08:00:00,221,21 St-Queensbridge (F),480.728
2025-05-05 08:00:00,222,Roosevelt Island (F),250.346
2025-05-05 08:00:00,223,"Lexington Av/63 St (F,Q)",1494.9425
2025-05-05 08:00:00,224,57 St (F),1698.9279
2025-05-05 08:00:00,225,"47-50 Sts-Rockefeller Ctr (B,D,F,M)",7462.6704
2025-05-05 08:00:00,228,"23 St (F,M)",2091.2479
2025-05-05 08:00:00,231,"Grand St (B,D)",1820.1857
2025-05-05 08:00:00,232,2 Av (F),663.3743
2025-05-05 08:00:00,234,East Broadway (F),833.1537
2025-05-05 08:00:00,235,York St (F),964.7757
2025-05-05 08:00:00,236,"Bergen St (F,G)",603.4361
2025-05-05 08:00:00,237,"Carroll St (F,G)",584.1876
2025-05-05 08:00:00,238,"Smith-9 Sts (F,G)",220.1093
2025-05-05 08:00:00,240,"7 Av (F,G)",600.0679
2025-05-05 08:00:00,241,"15 St-Prospect Park (F,G)",187.2595
2025-05-05 08:00:00,242,"Fort Hamilton Pkwy (F,G)",169.8272
2025-05-05 08:00:00,243,"Church Av (F,G)",275.1064
2025-05-05 08:00:00,244,Ditmas Av (F),179.0268
2025-05-05 08:00:00,245,18 Av (F),188.5712
2025-05-05 08:00:00,246,Avenue I (F),130.2487
2025-05-05 08:00:00,247,Bay Pkwy (F),56.1263
2025-05-05 08:00:00,248,Avenue N (F),109.9468
2025-05-05 08:00:00,249,Avenue P (F),58.8031
2025-05-05 08:00:00,250,Kings Hwy (F),158.3335
2025-05-05 08:00:00,251,Avenue U (F),75.269
2025-05-05 08:00:00,252,Avenue X (F),96.5955
2025-05-05 08:00:00,253,Neptune Av (F),77.6985
2025-05-05 08:00:00,254,Jamaica-179 St (F),333.2144
2025-05-05 08:00:00,255,169 St (F),245.20329999999998
2025-05-05 08:00:00,256,Parsons Blvd (F),241.2446
2025-05-05 08:00:00,257,Sutphin Blvd (F),164.637
2025-05-05 08:00:00,258,"Briarwood (E,F)",90.098
2025-05-05 08:00:00,259,"Kew Gardens-Union Tpke (E,F)",951.1654
2025-05-05 08:00:00,260,"75 Av (E,F)",103.1467
2025-05-05 08:00:00,261,"Forest Hills-71 Av (E,F,M,R)",842.1294
2025-05-05 08:00:00,262,"67 Av (M,R)",229.9187
2025-05-05 08:00:00,263,"63 Dr-Rego Park (M,R)",418.7789
2025-05-05 08:00:00,264,"Woodhaven Blvd (M,R)",480.53180000000003
2025-05-05 08:00:00,265,"Grand Av-Newtown (M,R)",390.901
2025-05-05 08:00:00,266,"Elmhurst Av (M,R)",236.3079
2025-05-05 08:00:00,268,"65 St (M,R)",56.6239
2025-05-05 08:00:00,269,"Northern Blvd (M,R)",201.5789
2025-05-05 08:00:00,270,"46 St (M,R)",186.8698
2025-05-05 08:00:00,271,"Steinway St (M,R)",373.7501
2025-05-05 08:00:00,272,"36 St (M,R)",317.8338
2025-05-05 08:00:00,273,"Queens Plaza (E,M,R)",1179.5843
2025-05-05 08:00:00,276,"5 Av/53 St (E,M)",3163.4466
2025-05-05 08:00:00,277,"7 Av (E,B,D)",1665.6053
2025-05-05 08:00:00,278,"Jamaica Center-Parsons/Archer (E,J,Z)",1053.4817
2025-05-05 08:00:00,279,"Sutphin Blvd-Archer Av-JFK Airport (E,J,Z)",837.8855
2025-05-05 08:00:00,280,Jamaica-Van Wyck (E),211.0331
2025-05-05 08:00:00,282,21 St (G),115.7286
2025-05-05 08:00:00,283,Greenpoint Av (G),367.738
2025-05-05 08:00:00,284,Nassau Av (G),386.5364
2025-05-05 08:00:00,286,Broadway (G),320.3574
2025-05-05 08:00:00,287,Flushing Av (G),293.6282
2025-05-05 08:00:00,288,Myrtle-Willoughby Avs (G),152.5952
2025-05-05 08:00:00,289,Bedford-Nostrand Avs (G),214.6301
2025-05-05 08:00:00,290,Classon Av (G),151.3864
2025-05-05 08:00:00,291,Clinton-Washington Avs (G),254.9587
2025-05-05 08:00:00,292,Fulton St (G),467.4053
2025-05-05 08:00:00,293,Van Cortlandt Park-242 St (1),134.3838
2025-05-05 08:00:00,294,238 St (1),98.8703
2025-05-05 08:00:00,295,231 St (1),265.9219
2025-05-05 08:00:00,296,Marble Hill-225 St (1),165.2644
2025-05-05 08:00:00,297,215 St (1),96.6174
2025-05-05 08:00:00,298,207 St (1),224.0472
2025-05-05 08:00:00,299,Dyckman St (1),208.8187
2025-05-05 08:00:00,300,191 St (1),208.1754
2025-05-05 08:00:00,301,181 St (1),382.2108
2025-05-05 08:00:00,303,157 St (1),288.6587
2025-05-05 08:00:00,304,145 St (1),205.4119
2025-05-05 08:00:00,305,137 St-City College (1),480.1607
2025-05-05 08:00:00,306,125 St (1),431.8198
2025-05-05 08:00:00,307,116 St-Columbia University (1),931.2156
2025-05-05 08:00:00,308,Cathedral Pkwy (110 St) (1),511.1244
2025-05-05 08:00:00,309,103 St (1),461.8844
2025-05-05 08:00:00,310,"96 St (1,2,3)",1479.5872
2025-05-05 08:00:00,311,86 St (1),947.5383
2025-05-05 08:00:00,312,79 St (1),718.7868
2025-05-05 08:00:00,313,"72 St (1,2,3)",1907.4073
2025-05-05 08:00:00,314,66 St-Lincoln Center (1),1202.7172
2025-05-05 08:00:00,316,50 St (1),2206.5181
2025-05-05 08:00:00,318,"34 St-Penn Station (1,2,3)",3288.8732
2025-05-05 08:00:00,319,28 St (1),1157.8781
2025-05-05 08:00:00,320,23 St (1),891.0072
2025-05-05 08:00:00,321,18 St (1),663.1484
2025-05-05 08:00:00,323,Christopher St-Sheridan Sq (1),472.3702
2025-05-05 08:00:00,324,Houston St (1),1998.7076
2025-05-05 08:00:00,325,Canal St (1),471.00939999999997
2025-05-05 08:00:00,326,Franklin St (1),605.1942
2025-05-05 08:00:00,327,"Chambers St (1,2,3)",2081.6913
2025-05-05 08:00:00,328,WTC Cortlandt (1),1490.9965
2025-05-05 08:00:00,329,Rector St (1),515.4458999999999
2025-05-05 08:00:00,333,"Wall St (2,3)",2077.259
2025-05-05 08:00:00,334,"Clark St (2,3)",279.0727
2025-05-05 08:00:00,336,"Hoyt St (2,3)",541.4942
2025-05-05 08:00:00,337,"Nevins St (2,3,4,5)",539.2227
2025-05-05 08:00:00,339,"Bergen St (2,3)",153.6496
2025-05-05 08:00:00,340,"Grand Army Plaza (2,3)",317.05580000000003
2025-05-05 08:00:00,341,"Eastern Pkwy-Brooklyn Museum (2,3)",156.5522
2025-05-05 08:00:00,343,Nostrand Av (3),135.4271
2025-05-05 08:00:00,344,Kingston Av (3),193.2592
2025-05-05 08:00:00,345,"Crown Hts-Utica Av (3,4)",626.0926
2025-05-05 08:00:00,346,Sutter Av-Rutland Rd (3),165.12800000000001
2025-05-05 08:00:00,347,Saratoga Av (3),108.6016
2025-05-05 08:00:00,348,Rockaway Av (3),159.5585
2025-05-05 08:00:00,349,Junius St (3),131.3876
2025-05-05 08:00:00,350,Pennsylvania Av (3),153.9133
2025-05-05 08:00:00,351,Van Siclen Av (3),59.8278
2025-05-05 08:00:00,352,New Lots Av (3),146.0235
2025-05-05 08:00:00,353,"President St-Medgar Evers College (2,5)",130.9189
2025-05-05 08:00:00,354,"Sterling St (2,5)",146.6231
2025-05-05 08:00:00,355,"Winthrop St (2,5)",365.1426
2025-05-05 08:00:00,356,"Church Av (2,5)",227.8497
2025-05-05 08:00:00,357,"Beverly Rd (2,5)",87.2738
2025-05-05 08:00:00,358,"Newkirk Av-Little Haiti (2,5)",166.974
2025-05-05 08:00:00,359,"Flatbush Av-Brooklyn College (2,5)",649.2176
2025-05-05 08:00:00,360,Pelham Bay Park (6),179.228
2025-05-05 08:00:00,361,Buhre Av (6),69.8429
2025-05-05 08:00:00,362,Middletown Rd (6),52.3093
2025-05-05 08:00:00,363,Westchester Sq-E Tremont Av (6),251.3956
2025-05-05 08:00:00,364,Zerega Av (6),52.9008
2025-05-05 08:00:00,365,Castle Hill Av (6),126.925
2025-05-05 08:00:00,366,Parkchester (6),237.5761
2025-05-05 08:00:00,367,St Lawrence Av (6),63.9577
2025-05-05 08:00:00,368,Morrison Av-Soundview (6),125.3474
2025-05-05 08:00:00,369,Elder Av (6),142.7602
2025-05-05 08:00:00,370,Whitlock Av (6),66.9445
2025-05-05 08:00:00,371,Hunts Point Av (6),341.6848
2025-05-05 08:00:00,372,Longwood Av (6),138.299
2025-05-05 08:00:00,373,E 149 St (6),173.7814
2025-05-05 08:00:00,374,E 143 St-St Mary's St (6),167.1506
2025-05-05 08:00:00,375,Cypress Av (6),117.6423
2025-05-05 08:00:00,376,Brook Av (6),196.6814
2025-05-05 08:00:00,377,3 Av-138 St (6),265.9049
2025-05-05 08:00:00,378,Woodlawn (4),177.0475
2025-05-05 08:00:00,379,Mosholu Pkwy (4),337.7285
2025-05-05 08:00:00,380,Bedford Park Blvd-Lehman College (4),198.7914
2025-05-05 08:00:00,381,Kingsbridge Rd (4),314.7741
2025-05-05 08:00:00,382,Fordham Rd (4),308.3226
2025-05-05 08:00:00,383,183 St (4),127.9405
2025-05-05 08:00:00,384,Burnside Av (4),296.0203
2025-05-05 08:00:00,385,176 St (4),198.1378
2025-05-05 08:00:00,386,Mt Eden Av (4),137.8361
2025-05-05 08:00:00,387,170 St (4),242.1864
2025-05-05 08:00:00,388,167 St (4),258.9374
2025-05-05 08:00:00,391,"138 St-Grand Concourse (4,5)",154.1467
2025-05-05 08:00:00,392,"125 St (4,5,6)",1323.5361
2025-05-05 08:00:00,393,116 St (6),667.0973
2025-05-05 08:00:00,394,110 St (6),391.1685
2025-05-05 08:00:00,395,103 St (6),912.6271
2025-05-05 08:00:00,396,96 St (6),1382.637
2025-05-05 08:00:00,397,"86 St (4,5,6)",2922.8283
2025-05-05 08:00:00,398,77 St (6),2094.4867
2025-05-05 08:00:00,399,68 St-Hunter College (6),2439.1013
2025-05-05 08:00:00,403,33 St (6),2198.6305
2025-05-05 08:00:00,404,28 St (6),1483.0531
2025-05-05 08:00:00,405,23 St (6),2129.811
2025-05-05 08:00:00,407,Astor Pl (6),831.6254
2025-05-05 08:00:00,409,Spring St (6),670.0231
2025-05-05 08:00:00,413,"Wall St (4,5)",1732.1343
2025-05-05 08:00:00,414,"Bowling Green (4,5)",2376.0783
2025-05-05 08:00:00,416,Wakefield-241 St (2),130.606
2025-05-05 08:00:00,417,"Nereid Av (2,5)",87.4743
2025-05-05 08:00:00,418,"233 St (2,5)",126.2233
2025-05-05 08:00:00,419,"225 St (2,5)",80.3035
2025-05-05 08:00:00,420,"219 St (2,5)",66.26259999999999
2025-05-05 08:00:00,421,"Gun Hill Rd (2,5)",218.8099
2025-05-05 08:00:00,422,"Burke Av (2,5)",76.6461
2025-05-05 08:00:00,423,"Allerton Av (2,5)",125.272
2025-05-05 08:00:00,424,"Pelham Pkwy (2,5)",276.433
2025-05-05 08:00:00,425,"Bronx Park East (2,5)",61.5452
2025-05-05 08:00:00,426,"E 180 St (2,5)",213.7385
2025-05-05 08:00:00,427,"West Farms Sq-E Tremont Av (2,5)",216.6546
2025-05-05 08:00:00,428,"174 St (2,5)",308.6451
2025-05-05 08:00:00,429,"Freeman St (2,5)",128.8852
2025-05-05 08:00:00,430,"Simpson St (2,5)",377.3324
2025-05-05 08:00:00,431,"Intervale Av (2,5)",125.4424
2025-05-05 08:00:00,432,"Prospect Av (2,5)",251.0766
2025-05-05 08:00:00,433,"Jackson Av (2,5)",249.7527
2025-05-05 08:00:00,434,"3 Av-149 St (2,5)",939.1349
2025-05-05 08:00:00,436,Harlem-148 St (3),73.323
2025-05-05 08:00:00,437,145 St (3),64.2174
2025-05-05 08:00:00,438,"135 St (2,3)",497.30219999999997
2025-05-05 08:00:00,439,"125 St (2,3)",732.7513
2025-05-05 08:00:00,440,"116 St (2,3)",339.2198
2025-05-05 08:00:00,441,"Central Park North (110 St) (2,3)",277.2293
2025-05-05 08:00:00,442,Eastchester-Dyre Av (5),109.3922
2025-05-05 08:00:00,443,Baychester Av (5),78.7861
2025-05-05 08:00:00,444,Gun Hill Rd (5),123.9846
2025-05-05 08:00:00,445,Pelham Pkwy (5),111.3603
2025-05-05 08:00:00,446,Morris Park (5),46.9559
2025-05-05 08:00:00,447,Flushing-Main St (7),2190.6689
2025-05-05 08:00:00,448,Mets-Willets Point (7),276.6864
2025-05-05 08:00:00,449,111 St (7),160.4684
2025-05-05 08:00:00,450,103 St-Corona Plaza (7),328.46930000000003
2025-05-05 08:00:00,451,Junction Blvd (7),461.902
2025-05-05 08:00:00,452,90 St-Elmhurst Av (7),370.4688
2025-05-05 08:00:00,453,82 St-Jackson Hts (7),465.5027
2025-05-05 08:00:00,455,69 St (7),136.9154
2025-05-05 08:00:00,456,61 St-Woodside (7),368.0822
2025-05-05 08:00:00,457,52 St (7),173.4356
2025-05-05 08:00:00,458,46 St-Bliss St (7),343.99309999999997
2025-05-05 08:00:00,459,40 St-Lowery St (7),488.9314
2025-05-05 08:00:00,460,33 St-Rawson St (7),1481.6526
2025-05-05 08:00:00,461,"Queensboro Plaza (7,N,W)",729.7456
2025-05-05 08:00:00,463,Hunters Point Av (7),392.0298
2025-05-05 08:00:00,464,Vernon Blvd-Jackson Av (7),610.1859
2025-05-05 08:00:00,471,34 St-Hudson Yards (7),2926.5488
2025-05-05 08:00:00,475,96 St (Q),796.3384
2025-05-05 08:00:00,476,86 St (Q),922.4401
2025-05-05 08:00:00,477,72 St (Q),2310.7903
2025-05-05 08:00:00,601,"14 St (F,M,1,2,3)/6 Av (L)",2815.0793
2025-05-05 08:00:00,602,"14 St-Union Sq (L,N,Q,R,W,4,5,6)",7289.0118
2025-05-05 08:00:00,603,"149 St-Grand Concourse (2,4,5)",699.3765999999999
2025-05-05 08:00:00,604,"161 St-Yankee Stadium (B,D,4)",1160.0040999999999
2025-05-05 08:00:00,605,"168 St (A,C,1)",1633.825
2025-05-05 08:00:00,606,"Court Sq (E,G,M,7)",1717.4686
2025-05-05 08:00:00,607,"34 St-Herald Sq (B,D,F,M,N,Q,R,W)",8052.1676
2025-05-05 08:00:00,608,"4 Av (F,G)/9 St (R)",636.4056
2025-05-05 08:00:00,609,"Bryant Pk (B,D,F,M)/5 Av (7)",6336.2507
2025-05-05 08:00:00,610,"Grand Central-42 St (S,4,5,6,7)",13772.3179
2025-05-05 08:00:00,611,"Times Sq-42 St (N,Q,R,W,S,1,2,3,7)/42 St (A,C,E)",10470.0124
2025-05-05 08:00:00,612,"Lexington Av-53 St (E,M)/51 St (6)",6716.8346
2025-05-05 08:00:00,613,"Lexington Av (N,R,W)/59 St (4,5,6)",5053.9559
2025-05-05 08:00:00,614,"59 St-Columbus Circle (A,B,C,D,1)",5400.2674
2025-05-05 08:00:00,615,New Utrecht Av (N)/62 St (D),303.1813
2025-05-05 08:00:00,616,"74-Broadway (7)/Jackson Hts-Roosevelt Av (E,F,M,R)",1407.0537
2025-05-05 08:00:00,617,"Atlantic Av-Barclays Ctr (B,D,N,Q,R,2,3,4,5)",2262.5811
2025-05-05 08:00:00,618,"14 St (A,C,E)/8 Av (L)",3253.4721
2025-05-05 08:00:00,619,"Broadway-Lafayette St (B,D,F,M)/Bleecker St (6)",2559.3696
2025-05-05 08:00:00,620,"Court St (R)/Borough Hall (2,3,4,5)",2638.5269
2025-05-05 08:00:00,621,"Broadway Junction (A,C,J,L,Z)",244.5737
2025-05-05 08:00:00,622,"Brooklyn Bridge-City Hall (4,5,6)/Chambers St (J,Z)",3067.3523
2025-05-05 08:00:00,623,"Canal St (J,N,Q,R,W,Z,6)",3739.9991
2025-05-05 08:00:00,624,"Chambers St (A,C)/WTC (E)/Park Pl (2,3)/Cortlandt (R,W)",6260.8831
2025-05-05 08:00:00,625,"Delancey St (F)/Essex St (J,M,Z)",1531.703
2025-05-05 08:00:00,626,"Franklin Av (2,3,4,5)/Botanic Garden (S)",711.0319000000001
2025-05-05 08:00:00,627,"Franklin Av (C,S)",188.1314
2025-05-05 08:00:00,628,"Fulton St (A,C,J,Z,2,3,4,5)",8223.7865
2025-05-05 08:00:00,629,Lorimer St (L)/Metropolitan Av (G),508.0945
2025-05-05 08:00:00,630,"Myrtle-Wyckoff Avs (L,M)",515.5651
2025-05-05 08:00:00,635,"South Ferry (1)/Whitehall St (R,W)",2179.0694
2025-05-05 08:00:00,636,"Jay St-MetroTech (A,C,F,R)",3608.5798
2025-05-05 09:00:00,1,"Astoria-Ditmars Blvd (N,W)",217.5693
2025-05-05 09:00:00,2,"Astoria Blvd (N,W)",160.0668
2025-05-05 09:00:00,3,"30 Av (N,W)",226.4939
2025-05-05 09:00:00,4,"Broadway (N,W)",177.4786
2025-05-05 09:00:00,5,"36 Av (N,W)",144.6748
2025-05-05 09:00:00,6,"39 Av-Dutch Kills (N,W)",85.7254
2025-05-05 09:00:00,8,"5 Av/59 St (N,R,W)",999.8066
2025-05-05 09:00:00,9,"57 St-7 Av (N,Q,R,W)",2078.583
2025-05-05 09:00:00,10,"49 St (N,R,W)",1168.0745
2025-05-05 09:00:00,13,"28 St (R,W)",665.4752
2025-05-05 09:00:00,14,"23 St (R,W)",1286.9833
2025-05-05 09:00:00,16,"8 St-NYU (R,W)",832.6441
2025-05-05 09:00:00,17,"Prince St (R,W)",769.8983
2025-05-05 09:00:00,20,"City Hall (R,W)",331.8399
2025-05-05 09:00:00,22,"Rector St (R,W)",247.172
2025-05-05 09:00:00,26,"DeKalb Av (B,Q,R)",794.9257
2025-05-05 09:00:00,28,Union St (R),213.4418
2025-05-05 09:00:00,30,Prospect Av (R),123.4191
2025-05-05 09:00:00,31,25 St (R),88.6533
2025-05-05 09:00:00,32,"36 St (D,N,R)",611.0454
2025-05-05 09:00:00,33,45 St (R),152.3952
2025-05-05 09:00:00,34,53 St (R),180.5327
2025-05-05 09:00:00,35,"59 St (N,R)",268.4798
2025-05-05 09:00:00,36,Bay Ridge Av (R),134.403
2025-05-05 09:00:00,37,77 St (R),98.3395
2025-05-05 09:00:00,38,86 St (R),217.126
2025-05-05 09:00:00,39,Bay Ridge-95 St (R),94.3166
2025-05-05 09:00:00,41,"7 Av (B,Q)",237.3133
2025-05-05 09:00:00,42,"Prospect Park (B,Q,S)",230.252
2025-05-05 09:00:00,43,Parkside Av (Q),87.0448
2025-05-05 09:00:00,44,"Church Av (B,Q)",243.4743
2025-05-05 09:00:00,45,Beverley Rd (Q),60.1804
2025-05-05 09:00:00,46,Cortelyou Rd (Q),97.2841
2025-05-05 09:00:00,47,"Newkirk Plaza (B,Q)",156.9232
2025-05-05 09:00:00,48,Avenue H (Q),109.0852
2025-05-05 09:00:00,49,Avenue J (Q),169.6029
2025-05-05 09:00:00,50,Avenue M (Q),188.3881
2025-05-05 09:00:00,51,"Kings Hwy (B,Q)",457.7415
2025-05-05 09:00:00,52,Avenue U (Q),170.2988
2025-05-05 09:00:00,53,Neck Rd (Q),80.4157
2025-05-05 09:00:00,54,"Sheepshead Bay (B,Q)",309.2602
2025-05-05 09:00:00,55,"Brighton Beach (B,Q)",374.6774
2025-05-05 09:00:00,56,Ocean Pkwy (Q),116.3595
2025-05-05 09:00:00,57,"W 8 St-NY Aquarium (F,Q)",155.9834
2025-05-05 09:00:00,58,"Coney Island-Stillwell Av (D,F,N,Q)",487.7068
2025-05-05 09:00:00,59,9 Av (D),109.0898
2025-05-05 09:00:00,60,Fort Hamilton Pkwy (D),134.299
2025-05-05 09:00:00,61,50 St (D),147.2715
2025-05-05 09:00:00,62,55 St (D),80.4382
2025-05-05 09:00:00,64,71 St (D),58.6661
2025-05-05 09:00:00,65,79 St (D),111.1137
2025-05-05 09:00:00,66,18 Av (D),116.1949
2025-05-05 09:00:00,67,20 Av (D),97.6719
2025-05-05 09:00:00,68,Bay Pkwy (D),173.624
2025-05-05 09:00:00,69,25 Av (D),82.07939999999999
2025-05-05 09:00:00,70,Bay 50 St (D),80.4834
2025-05-05 09:00:00,71,8 Av (N),668.396
2025-05-05 09:00:00,72,Fort Hamilton Pkwy (N),133.1586
2025-05-05 09:00:00,74,18 Av (N),112.89
2025-05-05 09:00:00,75,20 Av (N),114.8932
2025-05-05 09:00:00,76,Bay Pkwy (N),138.4376
2025-05-05 09:00:00,77,Kings Hwy (N),84.5022
2025-05-05 09:00:00,78,Avenue U (N),88.586
2025-05-05 09:00:00,79,86 St (N),63.5493
2025-05-05 09:00:00,80,"121 St (J,Z)",52.8106
2025-05-05 09:00:00,81,111 St (J),49.3212
2025-05-05 09:00:00,82,"104 St (J,Z)",35.9331
2025-05-05 09:00:00,83,"Woodhaven Blvd (J,Z)",78.897
2025-05-05 09:00:00,84,85 St-Forest Pkwy (J),21.6134
2025-05-05 09:00:00,85,"75 St-Elderts Ln (J,Z)",61.3321
2025-05-05 09:00:00,86,Cypress Hills (J),9.280899999999999
2025-05-05 09:00:00,87,"Crescent St (J,Z)",70.4032
2025-05-05 09:00:00,88,"Norwood Av (J,Z)",43.0507
2025-05-05 09:00:00,89,Cleveland St (J),39.925
2025-05-05 09:00:00,90,"Van Siclen Av (J,Z)",39.8414
2025-05-05 09:00:00,91,Alabama Av (J),60.4409
2025-05-05 09:00:00,93,"Chauncey St (J,Z)",44.1088
2025-05-05 09:00:00,94,Halsey St (J),70.2921
2025-05-05 09:00:00,95,"Gates Av (J,Z)",91.9597
2025-05-05 09:00:00,96,Kosciuszko St (J),82.7425
2025-05-05 09:00:00,97,"Myrtle Av (M,J,Z)",192.6724
2025-05-05 09:00:00,98,"Flushing Av (M,J)",314.1163
2025-05-05 09:00:00,99,"Lorimer St (M,J)",123.068
2025-05-05 09:00:00,100,"Hewes St (M,J)",71.2458
2025-05-05 09:00:00,101,"Marcy Av (M,J,Z)",391.5718
2025-05-05 09:00:00,103,"Bowery (J,Z)",165.6596
2025-05-05 09:00:00,107,"Broad St (J,Z)",337.9985
2025-05-05 09:00:00,108,Middle Village-Metropolitan Av (M),59.7516
2025-05-05 09:00:00,109,Fresh Pond Rd (M),63.8983
2025-05-05 09:00:00,110,Forest Av (M),45.2572
2025-05-05 09:00:00,111,Seneca Av (M),30.7165
2025-05-05 09:00:00,113,Knickerbocker Av (M),68.1804
2025-05-05 09:00:00,114,Central Av (M),39.5488
2025-05-05 09:00:00,118,3 Av (L),336.8096
2025-05-05 09:00:00,119,1 Av (L),861.2981
2025-05-05 09:00:00,120,Bedford Av (L),1073.0253
2025-05-05 09:00:00,122,Graham Av (L),172.4485
2025-05-05 09:00:00,123,Grand St (L),179.2459
2025-05-05 09:00:00,124,Montrose Av (L),139.3092
2025-05-05 09:00:00,125,Morgan Av (L),191.4113
2025-05-05 09:00:00,126,Jefferson St (L),198.8359
2025-05-05 09:00:00,127,DeKalb Av (L),197.5457
2025-05-05 09:00:00,129,Halsey St (L),107.0112
2025-05-05 09:00:00,130,Wilson Av (L),68.1746
2025-05-05 09:00:00,131,Bushwick Av-Aberdeen St (L),38.7366
2025-05-05 09:00:00,133,Atlantic Av (L),48.3594
2025-05-05 09:00:00,134,Sutter Av (L),51.3433
2025-05-05 09:00:00,135,Livonia Av (L),72.3443
2025-05-05 09:00:00,136,New Lots Av (L),68.5155
2025-05-05 09:00:00,137,East 105 St (L),39.4839
2025-05-05 09:00:00,138,Canarsie-Rockaway Pkwy (L),159.3324
2025-05-05 09:00:00,141,Park Pl (S),34.8646
2025-05-05 09:00:00,143,Inwood-207 St (A),149.212
2025-05-05 09:00:00,144,Dyckman St (A),117.583
2025-05-05 09:00:00,145,190 St (A),64.4312
2025-05-05 09:00:00,146,181 St (A),141.9853
2025-05-05 09:00:00,147,175 St (A),172.2407
2025-05-05 09:00:00,149,163 St-Amsterdam Av (C),58.4641
2025-05-05 09:00:00,150,155 St (C),39.9736
2025-05-05 09:00:00,151,"145 St (A,C,B,D)",619.5763
2025-05-05 09:00:00,152,"135 St (C,B)",162.5448
2025-05-05 09:00:00,153,"125 St (A,C,B,D)",918.1338
2025-05-05 09:00:00,154,"116 St (C,B)",141.1976
2025-05-05 09:00:00,155,"Cathedral Pkwy (110 St) (C,B)",174.3953
2025-05-05 09:00:00,156,"103 St (C,B)",102.8822
2025-05-05 09:00:00,157,"96 St (C,B)",362.448
2025-05-05 09:00:00,158,"86 St (C,B)",449.2743
2025-05-05 09:00:00,159,"81 St-Museum of Natural History (C,B)",848.2122
2025-05-05 09:00:00,160,"72 St (C,B)",492.2645
2025-05-05 09:00:00,162,"50 St (C,E)",817.5532
2025-05-05 09:00:00,164,"34 St-Penn Station (A,C,E)",3165.0085
2025-05-05 09:00:00,165,"23 St (C,E)",1154.74
2025-05-05 09:00:00,167,"W 4 St-Wash Sq (A,C,E,B,D,F,M)",2001.9431
2025-05-05 09:00:00,168,"Spring St (C,E)",1107.6125
2025-05-05 09:00:00,169,"Canal St (A,C,E)",1206.3247
2025-05-05 09:00:00,173,"High St (A,C)",541.8748
2025-05-05 09:00:00,175,"Hoyt-Schermerhorn Sts (A,C,G)",481.7604
2025-05-05 09:00:00,176,Lafayette Av (C),171.3736
2025-05-05 09:00:00,177,Clinton-Washington Avs (C),184.9039
2025-05-05 09:00:00,179,"Nostrand Av (A,C)",355.9194
2025-05-05 09:00:00,180,Kingston-Throop Avs (C),121.8419
2025-05-05 09:00:00,181,"Utica Av (A,C)",255.3011
2025-05-05 09:00:00,182,Ralph Av (C),72.3469
2025-05-05 09:00:00,183,Rockaway Av (C),72.6187
2025-05-05 09:00:00,185,Liberty Av (C),64.6329
2025-05-05 09:00:00,186,Van Siclen Av (C),40.6302
2025-05-05 09:00:00,187,Shepherd Av (C),39.1023
2025-05-05 09:00:00,188,"Euclid Av (A,C)",154.7548
2025-05-05 09:00:00,189,Grant Av (A),62.3224
2025-05-05 09:00:00,190,80 St (A),37.4999
2025-05-05 09:00:00,191,88 St (A),24.6007
2025-05-05 09:00:00,192,Rockaway Blvd (A),115.9126
2025-05-05 09:00:00,193,104 St (A),21.1583
2025-05-05 09:00:00,194,111 St (A),26.1895
2025-05-05 09:00:00,195,Ozone Park-Lefferts Blvd (A),91.9639
2025-05-05 09:00:00,196,Aqueduct Racetrack (A),33.186
2025-05-05 09:00:00,197,Aqueduct-N Conduit Av (A),13.1458
2025-05-05 09:00:00,198,Howard Beach-JFK Airport (A),134.8957
2025-05-05 09:00:00,199,"Broad Channel (A,S)",3.3324
2025-05-05 09:00:00,200,"Beach 90 St (A,S)",19.8049
2025-05-05 09:00:00,201,"Beach 98 St (A,S)",6.4544999999999995
2025-05-05 09:00:00,202,"Beach 105 St (A,S)",3.007
2025-05-05 09:00:00,203,"Rockaway Park-Beach 116 St (A,S)",9.6785
2025-05-05 09:00:00,204,Beach 67 St (A),29.073
2025-05-05 09:00:00,205,Beach 60 St (A),14.043700000000001
2025-05-05 09:00:00,206,Beach 44 St (A),6.3904
2025-05-05 09:00:00,207,Beach 36 St (A),1.5769
2025-05-05 09:00:00,208,Beach 25 St (A),7.3762
2025-05-05 09:00:00,209,Far Rockaway-Mott Av (A),37.5992
2025-05-05 09:00:00,210,Norwood-205 St (D),100.4517
2025-05-05 09:00:00,211,"Bedford Park Blvd (B,D)",111.2458
2025-05-05 09:00:00,212,"Kingsbridge Rd (B,D)",97.2514
2025-05-05 09:00:00,213,"Fordham Rd (B,D)",179.4096
2025-05-05 09:00:00,214,"182-183 Sts (B,D)",63.5272
2025-05-05 09:00:00,215,"Tremont Av (B,D)",113.0047
2025-05-05 09:00:00,216,"174-175 Sts (B,D)",82.0701
2025-05-05 09:00:00,217,"170 St (B,D)",82.1747
2025-05-05 09:00:00,218,"167 St (B,D)",127.5235
2025-05-05 09:00:00,220,"155 St (B,D)",58.581
2025-05-05 09:00:00,221,21 St-Queensbridge (F),268.0736
2025-05-05 09:00:00,222,Roosevelt Island (F),226.2396
2025-05-05 09:00:00,223,"Lexington Av/63 St (F,Q)",1075.3228
2025-05-05 09:00:00,224,57 St (F),997.9004
2025-05-05 09:00:00,225,"47-50 Sts-Rockefeller Ctr (B,D,F,M)",4570.1264
2025-05-05 09:00:00,228,"23 St (F,M)",1404.2086
2025-05-05 09:00:00,231,"Grand St (B,D)",1622.2992
2025-05-05 09:00:00,232,2 Av (F),551.5409
2025-05-05 09:00:00,234,East Broadway (F),601.8263
2025-05-05 09:00:00,235,York St (F),826.3577
2025-05-05 09:00:00,236,"Bergen St (F,G)",339.1528
2025-05-05 09:00:00,237,"Carroll St (F,G)",286.6447
2025-05-05 09:00:00,238,"Smith-9 Sts (F,G)",129.3783
2025-05-05 09:00:00,240,"7 Av (F,G)",307.0637
2025-05-05 09:00:00,241,"15 St-Prospect Park (F,G)",116.5108
2025-05-05 09:00:00,242,"Fort Hamilton Pkwy (F,G)",91.2137
2025-05-05 09:00:00,243,"Church Av (F,G)",181.9077
2025-05-05 09:00:00,244,Ditmas Av (F),87.4262
2025-05-05 09:00:00,245,18 Av (F),89.1652
2025-05-05 09:00:00,246,Avenue I (F),52.1925
2025-05-05 09:00:00,247,Bay Pkwy (F),26.1869
2025-05-05 09:00:00,248,Avenue N (F),52.5753
2025-05-05 09:00:00,249,Avenue P (F),40.7944
2025-05-05 09:00:00,250,Kings Hwy (F),85.8759
2025-05-05 09:00:00,251,Avenue U (F),38.5936
2025-05-05 09:00:00,252,Avenue X (F),57.9228
2025-05-05 09:00:00,253,Neptune Av (F),39.4912
2025-05-05 09:00:00,254,Jamaica-179 St (F),205.2993
2025-05-05 09:00:00,255,169 St (F),151.8186
2025-05-05 09:00:00,256,Parsons Blvd (F),112.3018
2025-05-05 09:00:00,257,Sutphin Blvd (F),110.7354
2025-05-05 09:00:00,258,"Briarwood (E,F)",62.2652
2025-05-05 09:00:00,259,"Kew Gardens-Union Tpke (E,F)",611.5628
2025-05-05 09:00:00,260,"75 Av (E,F)",77.81139999999999
2025-05-05 09:00:00,261,"Forest Hills-71 Av (E,F,M,R)",602.9506
2025-05-05 09:00:00,262,"67 Av (M,R)",170.0674
2025-05-05 09:00:00,263,"63 Dr-Rego Park (M,R)",278.0814
2025-05-05 09:00:00,264,"Woodhaven Blvd (M,R)",354.9521
2025-05-05 09:00:00,265,"Grand Av-Newtown (M,R)",299.5703
2025-05-05 09:00:00,266,"Elmhurst Av (M,R)",198.7811
2025-05-05 09:00:00,268,"65 St (M,R)",46.9421
2025-05-05 09:00:00,269,"Northern Blvd (M,R)",116.5072
2025-05-05 09:00:00,270,"46 St (M,R)",133.1301
2025-05-05 09:00:00,271,"Steinway St (M,R)",355.6386
2025-05-05 09:00:00,272,"36 St (M,R)",156.3799
2025-05-05 09:00:00,273,"Queens Plaza (E,M,R)",626.7714
2025-05-05 09:00:00,276,"5 Av/53 St (E,M)",1565.077
2025-05-05 09:00:00,277,"7 Av (E,B,D)",1068.6247
2025-05-05 09:00:00,278,"Jamaica Center-Parsons/Archer (E,J,Z)",707.4604
2025-05-05 09:00:00,279,"Sutphin Blvd-Archer Av-JFK Airport (E,J,Z)",623.5493
2025-05-05 09:00:00,280,Jamaica-Van Wyck (E),109.3116
2025-05-05 09:00:00,282,21 St (G),72.0559
2025-05-05 09:00:00,283,Greenpoint Av (G),356.6174
2025-05-05 09:00:00,284,Nassau Av (G),311.3417
2025-05-05 09:00:00,286,Broadway (G),162.9965
2025-05-05 09:00:00,287,Flushing Av (G),149.959
2025-05-05 09:00:00,288,Myrtle-Willoughby Avs (G),89.0178
2025-05-05 09:00:00,289,Bedford-Nostrand Avs (G),160.9361
2025-05-05 09:00:00,290,Classon Av (G),95.8333
2025-05-05 09:00:00,291,Clinton-Washington Avs (G),143.70159999999998
2025-05-05 09:00:00,292,Fulton St (G),248.6085
2025-05-05 09:00:00,293,Van Cortlandt Park-242 St (1),90.4374
2025-05-05 09:00:00,294,238 St (1),68.9765
2025-05-05 09:00:00,295,231 St (1),176.1592
2025-05-05 09:00:00,296,Marble Hill-225 St (1),105.4976
2025-05-05 09:00:00,297,215 St (1),70.1
2025-05-05 09:00:00,298,207 St (1),143.0393
2025-05-05 09:00:00,299,Dyckman St (1),141.3478
2025-05-05 09:00:00,300,191 St (1),136.802
2025-05-05 09:00:00,301,181 St (1),260.5912
2025-05-05 09:00:00,303,157 St (1),178.7346
2025-05-05 09:00:00,304,145 St (1),179.9645
2025-05-05 09:00:00,305,137 St-City College (1),371.5809
2025-05-05 09:00:00,306,125 St (1),294.6211
2025-05-05 09:00:00,307,116 St-Columbia University (1),666.2128
2025-05-05 09:00:00,308,Cathedral Pkwy (110 St) (1),383.5788
2025-05-05 09:00:00,309,103 St (1),308.3065
2025-05-05 09:00:00,310,"96 St (1,2,3)",943.708
2025-05-05 09:00:00,311,86 St (1),615.653
2025-05-05 09:00:00,312,79 St (1),564.5683
2025-05-05 09:00:00,313,"72 St (1,2,3)",1608.4091
2025-05-05 09:00:00,314,66 St-Lincoln Center (1),863.0157
2025-05-05 09:00:00,316,50 St (1),1414.1582
2025-05-05 09:00:00,318,"34 St-Penn Station (1,2,3)",2374.6021
2025-05-05 09:00:00,319,28 St (1),722.5648
2025-05-05 09:00:00,320,23 St (1),774.8669
2025-05-05 09:00:00,321,18 St (1),422.44030000000004
2025-05-05 09:00:00,323,Christopher St-Sheridan Sq (1),404.80490000000003
2025-05-05 09:00:00,324,Houston St (1),1243.3435
2025-05-05 09:00:00,325,Canal St (1),324.8094
2025-05-05 09:00:00,326,Franklin St (1),381.2708
2025-05-05 09:00:00,327,"Chambers St (1,2,3)",1151.1774
2025-05-05 09:00:00,328,WTC Cortlandt (1),956.2275
2025-05-05 09:00:00,329,Rector St (1),353.9825
2025-05-05 09:00:00,333,"Wall St (2,3)",1135.35
2025-05-05 09:00:00,334,"Clark St (2,3)",241.2129
2025-05-05 09:00:00,336,"Hoyt St (2,3)",317.2281
2025-05-05 09:00:00,337,"Nevins St (2,3,4,5)",328.6579
2025-05-05 09:00:00,339,"Bergen St (2,3)",101.4698
2025-05-05 09:00:00,340,"Grand Army Plaza (2,3)",188.4648
2025-05-05 09:00:00,341,"Eastern Pkwy-Brooklyn Museum (2,3)",129.2646
2025-05-05 09:00:00,343,Nostrand Av (3),86.1984
2025-05-05 09:00:00,344,Kingston Av (3),135.76500000000001
2025-05-05 09:00:00,345,"Crown Hts-Utica Av (3,4)",405.1517
2025-05-05 09:00:00,346,Sutter Av-Rutland Rd (3),111.7417
2025-05-05 09:00:00,347,Saratoga Av (3),72.1626
2025-05-05 09:00:00,348,Rockaway Av (3),87.9694
2025-05-05 09:00:00,349,Junius St (3),64.7553
2025-05-05 09:00:00,350,Pennsylvania Av (3),75.37089999999999
2025-05-05 09:00:00,351,Van Siclen Av (3),38.7021
2025-05-05 09:00:00,352,New Lots Av (3),86.9415
2025-05-05 09:00:00,353,"President St-Medgar Evers College (2,5)",72.5707
2025-05-05 09:00:00,354,"Sterling St (2,5)",88.7965
2025-05-05 09:00:00,355,"Winthrop St (2,5)",204.9332
2025-05-05 09:00:00,356,"Church Av (2,5)",155.1148
2025-05-05 09:00:00,357,"Beverly Rd (2,5)",55.8095
2025-05-05 09:00:00,358,"Newkirk Av-Little Haiti (2,5)",97.6289
2025-05-05 09:00:00,359,"Flatbush Av-Brooklyn College (2,5)",457.0416
2025-05-05 09:00:00,360,Pelham Bay Park (6),124.4241
2025-05-05 09:00:00,361,Buhre Av (6),47.9593
2025-05-05 09:00:00,362,Middletown Rd (6),32.4068
2025-05-05 09:00:00,363,Westchester Sq-E Tremont Av (6),130.904
2025-05-05 09:00:00,364,Zerega Av (6),34.5547
2025-05-05 09:00:00,365,Castle Hill Av (6),109.6648
2025-05-05 09:00:00,366,Parkchester (6),161.2846
2025-05-05 09:00:00,367,St Lawrence Av (6),50.0504
2025-05-05 09:00:00,368,Morrison Av-Soundview (6),93.8561
2025-05-05 09:00:00,369,Elder Av (6),91.9013
2025-05-05 09:00:00,370,Whitlock Av (6),32.4034
2025-05-05 09:00:00,371,Hunts Point Av (6),200.2557
2025-05-05 09:00:00,372,Longwood Av (6),59.1944
2025-05-05 09:00:00,373,E 149 St (6),90.0755
2025-05-05 09:00:00,374,E 143 St-St Mary's St (6),53.0349
2025-05-05 09:00:00,375,Cypress Av (6),68.5627
2025-05-05 09:00:00,376,Brook Av (6),116.2281
2025-05-05 09:00:00,377,3 Av-138 St (6),154.2989
2025-05-05 09:00:00,378,Woodlawn (4),130.2739
2025-05-05 09:00:00,379,Mosholu Pkwy (4),147.9442
2025-05-05 09:00:00,380,Bedford Park Blvd-Lehman College (4),130.3913
2025-05-05 09:00:00,381,Kingsbridge Rd (4),169.3704
2025-05-05 09:00:00,382,Fordham Rd (4),204.93
2025-05-05 09:00:00,383,183 St (4),78.9101
2025-05-05 09:00:00,384,Burnside Av (4),193.6993
2025-05-05 09:00:00,385,176 St (4),91.48949999999999
2025-05-05 09:00:00,386,Mt Eden Av (4),79.1658
2025-05-05 09:00:00,387,170 St (4),143.6928
2025-05-05 09:00:00,388,167 St (4),161.3312
2025-05-05 09:00:00,391,"138 St-Grand Concourse (4,5)",93.7576
2025-05-05 09:00:00,392,"125 St (4,5,6)",702.6008
2025-05-05 09:00:00,393,116 St (6),432.2546
2025-05-05 09:00:00,394,110 St (6),229.5188
2025-05-05 09:00:00,395,103 St (6),441.7799
2025-05-05 09:00:00,396,96 St (6),708.5926
2025-05-05 09:00:00,397,"86 St (4,5,6)",2067.7122
2025-05-05 09:00:00,398,77 St (6),1361.057
2025-05-05 09:00:00,399,68 St-Hunter College (6),1768.1723
2025-05-05 09:00:00,403,33 St (6),1334.3114
2025-05-05 09:00:00,404,28 St (6),971.7087
2025-05-05 09:00:00,405,23 St (6),1754.2994
2025-05-05 09:00:00,407,Astor Pl (6),733.1974
2025-05-05 09:00:00,409,Spring St (6),666.1789
2025-05-05 09:00:00,413,"Wall St (4,5)",986.3447
2025-05-05 09:00:00,414,"Bowling Green (4,5)",1321.2289
2025-05-05 09:00:00,416,Wakefield-241 St (2),77.6146
2025-05-05 09:00:00,417,"Nereid Av (2,5)",48.815
2025-05-05 09:00:00,418,"233 St (2,5)",80.1429
2025-05-05 09:00:00,419,"225 St (2,5)",42.845
2025-05-05 09:00:00,420,"219 St (2,5)",37.7854
2025-05-05 09:00:00,421,"Gun Hill Rd (2,5)",124.7919
2025-05-05 09:00:00,422,"Burke Av (2,5)",49.2107
2025-05-05 09:00:00,423,"Allerton Av (2,5)",67.8697
2025-05-05 09:00:00,424,"Pelham Pkwy (2,5)",169.37199999999999
2025-05-05 09:00:00,425,"Bronx Park East (2,5)",29.7534
2025-05-05 09:00:00,426,"E 180 St (2,5)",157.9737
2025-05-05 09:00:00,427,"West Farms Sq-E Tremont Av (2,5)",157.9492
2025-05-05 09:00:00,428,"174 St (2,5)",128.0038
2025-05-05 09:00:00,429,"Freeman St (2,5)",82.3135
2025-05-05 09:00:00,430,"Simpson St (2,5)",200.1544
2025-05-05 09:00:00,431,"Intervale Av (2,5)",68.674
2025-05-05 09:00:00,432,"Prospect Av (2,5)",126.3347
2025-05-05 09:00:00,433,"Jackson Av (2,5)",117.169
2025-05-05 09:00:00,434,"3 Av-149 St (2,5)",550.7185
2025-05-05 09:00:00,436,Harlem-148 St (3),42.7855
2025-05-05 09:00:00,437,145 St (3),47.4034
2025-05-05 09:00:00,438,"135 St (2,3)",291.4038
2025-05-05 09:00:00,439,"125 St (2,3)",510.6437
2025-05-05 09:00:00,440,"116 St (2,3)",237.2809
2025-05-05 09:00:00,441,"Central Park North (110 St) (2,3)",183.8835
2025-05-05 09:00:00,442,Eastchester-Dyre Av (5),52.595
2025-05-05 09:00:00,443,Baychester Av (5),44.943
2025-05-05 09:00:00,444,Gun Hill Rd (5),79.1256
2025-05-05 09:00:00,445,Pelham Pkwy (5),51.0224
2025-05-05 09:00:00,446,Morris Park (5),28.0106
2025-05-05 09:00:00,447,Flushing-Main St (7),1758.709
2025-05-05 09:00:00,448,Mets-Willets Point (7),163.0805
2025-05-05 09:00:00,449,111 St (7),147.7984
2025-05-05 09:00:00,450,103 St-Corona Plaza (7),288.9173
2025-05-05 09:00:00,451,Junction Blvd (7),424.5366
2025-05-05 09:00:00,452,90 St-Elmhurst Av (7),370.7374
2025-05-05 09:00:00,453,82 St-Jackson Hts (7),456.9402
2025-05-05 09:00:00,455,69 St (7),99.9316
2025-05-05 09:00:00,456,61 St-Woodside (7),302.4834
2025-05-05 09:00:00,457,52 St (7),143.004
2025-05-05 09:00:00,458,46 St-Bliss St (7),237.8778
2025-05-05 09:00:00,459,40 St-Lowery St (7),238.5408
2025-05-05 09:00:00,460,33 St-Rawson St (7),727.0733
2025-05-05 09:00:00,461,"Queensboro Plaza (7,N,W)",413.2352
2025-05-05 09:00:00,463,Hunters Point Av (7),148.6243
2025-05-05 09:00:00,464,Vernon Blvd-Jackson Av (7),352.4878
2025-05-05 09:00:00,471,34 St-Hudson Yards (7),1803.9278
2025-05-05 09:00:00,475,96 St (Q),448.7761
2025-05-05 09:00:00,476,86 St (Q),696.3023
2025-05-05 09:00:00,477,72 St (Q),1425.5662
2025-05-05 09:00:00,601,"14 St (F,M,1,2,3)/6 Av (L)",2121.3528
2025-05-05 09:00:00,602,"14 St-Union Sq (L,N,Q,R,W,4,5,6)",5285.7887
2025-05-05 09:00:00,603,"149 St-Grand Concourse (2,4,5)",336.3768
2025-05-05 09:00:00,604,"161 St-Yankee Stadium (B,D,4)",622.462
2025-05-05 09:00:00,605,"168 St (A,C,1)",982.595
2025-05-05 09:00:00,606,"Court Sq (E,G,M,7)",1022.9563
2025-05-05 09:00:00,607,"34 St-Herald Sq (B,D,F,M,N,Q,R,W)",5235.7536
2025-05-05 09:00:00,608,"4 Av (F,G)/9 St (R)",375.3318
2025-05-05 09:00:00,609,"Bryant Pk (B,D,F,M)/5 Av (7)",3710.1831
2025-05-05 09:00:00,610,"Grand Central-42 St (S,4,5,6,7)",7434.0614000000005
2025-05-05 09:00:00,611,"Times Sq-42 St (N,Q,R,W,S,1,2,3,7)/42 St (A,C,E)",7299.6918
2025-05-05 09:00:00,612,"Lexington Av-53 St (E,M)/51 St (6)",3641.5152
2025-05-05 09:00:00,613,"Lexington Av (N,R,W)/59 St (4,5,6)",3331.4131
2025-05-05 09:00:00,614,"59 St-Columbus Circle (A,B,C,D,1)",3793.6423
2025-05-05 09:00:00,615,New Utrecht Av (N)/62 St (D),137.1667
2025-05-05 09:00:00,616,"74-Broadway (7)/Jackson Hts-Roosevelt Av (E,F,M,R)",1251.9087
2025-05-05 09:00:00,617,"Atlantic Av-Barclays Ctr (B,D,N,Q,R,2,3,4,5)",1399.8503
2025-05-05 09:00:00,618,"14 St (A,C,E)/8 Av (L)",2817.8543
2025-05-05 09:00:00,619,"Broadway-Lafayette St (B,D,F,M)/Bleecker St (6)",2542.6178
2025-05-05 09:00:00,620,"Court St (R)/Borough Hall (2,3,4,5)",1664.009
2025-05-05 09:00:00,621,"Broadway Junction (A,C,J,L,Z)",177.2517
2025-05-05 09:00:00,622,"Brooklyn Bridge-City Hall (4,5,6)/Chambers St (J,Z)",1775.4947
2025-05-05 09:00:00,623,"Canal St (J,N,Q,R,W,Z,6)",3337.1463
2025-05-05 09:00:00,624,"Chambers St (A,C)/WTC (E)/Park Pl (2,3)/Cortlandt (R,W)",3552.2744000000002
2025-05-05 09:00:00,625,"Delancey St (F)/Essex St (J,M,Z)",1054.2878
2025-05-05 09:00:00,626,"Franklin Av (2,3,4,5)/Botanic Garden (S)",358.853
2025-05-05 09:00:00,627,"Franklin Av (C,S)",136.8774
2025-05-05 09:00:00,628,"Fulton St (A,C,J,Z,2,3,4,5)",4749.033
2025-05-05 09:00:00,629,Lorimer St (L)/Metropolitan Av (G),403.2522
2025-05-05 09:00:00,630,"Myrtle-Wyckoff Avs (L,M)",399.4528
2025-05-05 09:00:00,635,"South Ferry (1)/Whitehall St (R,W)",1545.7032
2025-05-05 09:00:00,636,"Jay St-MetroTech (A,C,F,R)",2204.0414
2025-05-05 10:00:00,1,"Astoria-Ditmars Blvd (N,W)",225.4654
2025-05-05 10:00:00,2,"Astoria Blvd (N,W)",159.9746
2025-05-05 10:00:00,3,"30 Av (N,W)",221.6158
2025-05-05 10:00:00,4,"Broadway (N,W)",173.3587
2025-05-05 10:00:00,5,"36 Av (N,W)",144.3505
2025-05-05 10:00:00,6,"39 Av-Dutch Kills (N,W)",69.3876
2025-05-05 10:00:00,8,"5 Av/59 St (N,R,W)",586.6251
2025-05-05 10:00:00,9,"57 St-7 Av (N,Q,R,W)",1317.6761
2025-05-05 10:00:00,10,"49 St (N,R,W)",781.5411
2025-05-05 10:00:00,13,"28 St (R,W)",472.7003
2025-05-05 10:00:00,14,"23 St (R,W)",818.4188
2025-05-05 10:00:00,16,"8 St-NYU (R,W)",724.2363
2025-05-05 10:00:00,17,"Prince St (R,W)",686.6095
2025-05-05 10:00:00,20,"City Hall (R,W)",191.2469
2025-05-05 10:00:00,22,"Rector St (R,W)",166.0837
2025-05-05 10:00:00,26,"DeKalb Av (B,Q,R)",630.7204
2025-05-05 10:00:00,28,Union St (R),171.8251
2025-05-05 10:00:00,30,Prospect Av (R),113.104
2025-05-05 10:00:00,31,25 St (R),73.4932
2025-05-05 10:00:00,32,"36 St (D,N,R)",392.675
2025-05-05 10:00:00,33,45 St (R),146.1404
2025-05-05 10:00:00,34,53 St (R),159.1391
2025-05-05 10:00:00,35,"59 St (N,R)",239.56459999999998
2025-05-05 10:00:00,36,Bay Ridge Av (R),143.3137
2025-05-05 10:00:00,37,77 St (R),91.0481
2025-05-05 10:00:00,38,86 St (R),207.5324
2025-05-05 10:00:00,39,Bay Ridge-95 St (R),122.9885
2025-05-05 10:00:00,41,"7 Av (B,Q)",198.6901
2025-05-05 10:00:00,42,"Prospect Park (B,Q,S)",207.5717
2025-05-05 10:00:00,43,Parkside Av (Q),97.7307
2025-05-05 10:00:00,44,"Church Av (B,Q)",238.082
2025-05-05 10:00:00,45,Beverley Rd (Q),54.9801
2025-05-05 10:00:00,46,Cortelyou Rd (Q),102.8155
2025-05-05 10:00:00,47,"Newkirk Plaza (B,Q)",164.8852
2025-05-05 10:00:00,48,Avenue H (Q),91.1585
2025-05-05 10:00:00,49,Avenue J (Q),119.5602
2025-05-05 10:00:00,50,Avenue M (Q),121.0282
2025-05-05 10:00:00,51,"Kings Hwy (B,Q)",426.3163
2025-05-05 10:00:00,52,Avenue U (Q),150.0551
2025-05-05 10:00:00,53,Neck Rd (Q),69.5669
2025-05-05 10:00:00,54,"Sheepshead Bay (B,Q)",268.2499
2025-05-05 10:00:00,55,"Brighton Beach (B,Q)",356.2767
2025-05-05 10:00:00,56,Ocean Pkwy (Q),90.724
2025-05-05 10:00:00,57,"W 8 St-NY Aquarium (F,Q)",177.6689
2025-05-05 10:00:00,58,"Coney Island-Stillwell Av (D,F,N,Q)",515.7495
2025-05-05 10:00:00,59,9 Av (D),78.3368
2025-05-05 10:00:00,60,Fort Hamilton Pkwy (D),88.4051
2025-05-05 10:00:00,61,50 St (D),100.8118
2025-05-05 10:00:00,62,55 St (D),48.927099999999996
2025-05-05 10:00:00,64,71 St (D),52.9695
2025-05-05 10:00:00,65,79 St (D),83.7528
2025-05-05 10:00:00,66,18 Av (D),114.82090000000001
2025-05-05 10:00:00,67,20 Av (D),96.7786
2025-05-05 10:00:00,68,Bay Pkwy (D),151.4763
2025-05-05 10:00:00,69,25 Av (D),63.011
2025-05-05 10:00:00,70,Bay 50 St (D),67.906
2025-05-05 10:00:00,71,8 Av (N),547.4197
2025-05-05 10:00:00,72,Fort Hamilton Pkwy (N),102.6007
2025-05-05 10:00:00,74,18 Av (N),99.6782
2025-05-05 10:00:00,75,20 Av (N),78.7324
2025-05-05 10:00:00,76,Bay Pkwy (N),112.9862
2025-05-05 10:00:00,77,Kings Hwy (N),87.119
2025-05-05 10:00:00,78,Avenue U (N),71.8184
2025-05-05 10:00:00,79,86 St (N),67.2462
2025-05-05 10:00:00,80,"121 St (J,Z)",51.6819
2025-05-05 10:00:00,81,111 St (J),36.4502
2025-05-05 10:00:00,82,"104 St (J,Z)",32.9546
2025-05-05 10:00:00,83,"Woodhaven Blvd (J,Z)",88.2742
2025-05-05 10:00:00,84,85 St-Forest Pkwy (J),24.9817
2025-05-05 10:00:00,85,"75 St-Elderts Ln (J,Z)",48.4587
2025-05-05 10:00:00,86,Cypress Hills (J),10.1483
2025-05-05 10:00:00,87,"Crescent St (J,Z)",76.1611
2025-05-05 10:00:00,88,"Norwood Av (J,Z)",39.3312
2025-05-05 10:00:00,89,Cleveland St (J),36.547200000000004
2025-05-05 10:00:00,90,"Van Siclen Av (J,Z)",46.5469
2025-05-05 10:00:00,91,Alabama Av (J),36.4333
2025-05-05 10:00:00,93,"Chauncey St (J,Z)",47.3102
2025-05-05 10:00:00,94,Halsey St (J),77.6132
2025-05-05 10:00:00,95,"Gates Av (J,Z)",91.6887
2025-05-05 10:00:00,96,Kosciuszko St (J),63.8464
2025-05-05 10:00:00,97,"Myrtle Av (M,J,Z)",187.0782
2025-05-05 10:00:00,98,"Flushing Av (M,J)",226.7733
2025-05-05 10:00:00,99,"Lorimer St (M,J)",86.2869
2025-05-05 10:00:00,100,"Hewes St (M,J)",66.6523
2025-05-05 10:00:00,101,"Marcy Av (M,J,Z)",318.4373
2025-05-05 10:00:00,103,"Bowery (J,Z)",147.1184
2025-05-05 10:00:00,107,"Broad St (J,Z)",217.6947
2025-05-05 10:00:00,108,Middle Village-Metropolitan Av (M),57.7544
2025-05-05 10:00:00,109,Fresh Pond Rd (M),61.3562
2025-05-05 10:00:00,110,Forest Av (M),49.3993
2025-05-05 10:00:00,111,Seneca Av (M),29.3445
2025-05-05 10:00:00,113,Knickerbocker Av (M),60.0352
2025-05-05 10:00:00,114,Central Av (M),34.829100000000004
2025-05-05 10:00:00,118,3 Av (L),247.5456
2025-05-05 10:00:00,119,1 Av (L),685.2529
2025-05-05 10:00:00,120,Bedford Av (L),1059.8305
2025-05-05 10:00:00,122,Graham Av (L),179.3647
2025-05-05 10:00:00,123,Grand St (L),142.6259
2025-05-05 10:00:00,124,Montrose Av (L),127.0171
2025-05-05 10:00:00,125,Morgan Av (L),195.611
2025-05-05 10:00:00,126,Jefferson St (L),193.3567
2025-05-05 10:00:00,127,DeKalb Av (L),187.7071
2025-05-05 10:00:00,129,Halsey St (L),112.5479
2025-05-05 10:00:00,130,Wilson Av (L),67.2065
2025-05-05 10:00:00,131,Bushwick Av-Aberdeen St (L),39.205
2025-05-05 10:00:00,133,Atlantic Av (L),35.417899999999996
2025-05-05 10:00:00,134,Sutter Av (L),50.9264
2025-05-05 10:00:00,135,Livonia Av (L),52.3603
2025-05-05 10:00:00,136,New Lots Av (L),56.876799999999996
2025-05-05 10:00:00,137,East 105 St (L),30.69
2025-05-05 10:00:00,138,Canarsie-Rockaway Pkwy (L),125.2105
2025-05-05 10:00:00,141,Park Pl (S),27.6544
2025-05-05 10:00:00,143,Inwood-207 St (A),152.5539
2025-05-05 10:00:00,144,Dyckman St (A),163.283
2025-05-05 10:00:00,145,190 St (A),90.4136
2025-05-05 10:00:00,146,181 St (A),151.6432
2025-05-05 10:00:00,147,175 St (A),174.5902
2025-05-05 10:00:00,149,163 St-Amsterdam Av (C),54.2949
2025-05-05 10:00:00,150,155 St (C),34.4622
2025-05-05 10:00:00,151,"145 St (A,C,B,D)",514.0098
2025-05-05 10:00:00,152,"135 St (C,B)",128.6651
2025-05-05 10:00:00,153,"125 St (A,C,B,D)",739.1375
2025-05-05 10:00:00,154,"116 St (C,B)",140.6173
2025-05-05 10:00:00,155,"Cathedral Pkwy (110 St) (C,B)",166.9787
2025-05-05 10:00:00,156,"103 St (C,B)",97.6639
2025-05-05 10:00:00,157,"96 St (C,B)",311.9805
2025-05-05 10:00:00,158,"86 St (C,B)",373.5213
2025-05-05 10:00:00,159,"81 St-Museum of Natural History (C,B)",916.4145
2025-05-05 10:00:00,160,"72 St (C,B)",513.3196
2025-05-05 10:00:00,162,"50 St (C,E)",613.6153
2025-05-05 10:00:00,164,"34 St-Penn Station (A,C,E)",2212.158
2025-05-05 10:00:00,165,"23 St (C,E)",719.4641
2025-05-05 10:00:00,167,"W 4 St-Wash Sq (A,C,E,B,D,F,M)",1755.8247000000001
2025-05-05 10:00:00,168,"Spring St (C,E)",699.9396
2025-05-05 10:00:00,169,"Canal St (A,C,E)",748.2575
2025-05-05 10:00:00,173,"High St (A,C)",449.8015
2025-05-05 10:00:00,175,"Hoyt-Schermerhorn Sts (A,C,G)",377.1252
2025-05-05 10:00:00,176,Lafayette Av (C),158.0307
2025-05-05 10:00:00,177,Clinton-Washington Avs (C),131.9125
2025-05-05 10:00:00,179,"Nostrand Av (A,C)",314.9744
2025-05-05 10:00:00,180,Kingston-Throop Avs (C),108.0527
2025-05-05 10:00:00,181,"Utica Av (A,C)",215.9211
2025-05-05 10:00:00,182,Ralph Av (C),77.0406
2025-05-05 10:00:00,183,Rockaway Av (C),82.5992
2025-05-05 10:00:00,185,Liberty Av (C),45.2321
2025-05-05 10:00:00,186,Van Siclen Av (C),35.315799999999996
2025-05-05 10:00:00,187,Shepherd Av (C),40.8143
2025-05-05 10:00:00,188,"Euclid Av (A,C)",151.5618
2025-05-05 10:00:00,189,Grant Av (A),72.9835
2025-05-05 10:00:00,190,80 St (A),39.2307
2025-05-05 10:00:00,191,88 St (A),23.4634
2025-05-05 10:00:00,192,Rockaway Blvd (A),101.5628
2025-05-05 10:00:00,193,104 St (A),21.2853
2025-05-05 10:00:00,194,111 St (A),21.6168
2025-05-05 10:00:00,195,Ozone Park-Lefferts Blvd (A),86.4949
2025-05-05 10:00:00,196,Aqueduct Racetrack (A),37.1497
2025-05-05 10:00:00,197,Aqueduct-N Conduit Av (A),5.9581
2025-05-05 10:00:00,198,Howard Beach-JFK Airport (A),165.4258
2025-05-05 10:00:00,199,"Broad Channel (A,S)",1.9414
2025-05-05 10:00:00,200,"Beach 90 St (A,S)",30.2148
2025-05-05 10:00:00,201,"Beach 98 St (A,S)",12.6836
2025-05-05 10:00:00,202,"Beach 105 St (A,S)",8.6451
2025-05-05 10:00:00,203,"Rockaway Park-Beach 116 St (A,S)",9.1387
2025-05-05 10:00:00,204,Beach 67 St (A),34.6279
2025-05-05 10:00:00,205,Beach 60 St (A),9.474
2025-05-05 10:00:00,206,Beach 44 St (A),2.4753
2025-05-05 10:00:00,207,Beach 36 St (A),4.4881
2025-05-05 10:00:00,208,Beach 25 St (A),5.8053
2025-05-05 10:00:00,209,Far Rockaway-Mott Av (A),33.0521
2025-05-05 10:00:00,210,Norwood-205 St (D),76.1349
2025-05-05 10:00:00,211,"Bedford Park Blvd (B,D)",104.5807
2025-05-05 10:00:00,212,"Kingsbridge Rd (B,D)",75.8198
2025-05-05 10:00:00,213,"Fordham Rd (B,D)",150.2576
2025-05-05 10:00:00,214,"182-183 Sts (B,D)",60.2637
2025-05-05 10:00:00,215,"Tremont Av (B,D)",105.3046
2025-05-05 10:00:00,216,"174-175 Sts (B,D)",58.8478
2025-05-05 10:00:00,217,"170 St (B,D)",70.7766
2025-05-05 10:00:00,218,"167 St (B,D)",119.7589
2025-05-05 10:00:00,220,"155 St (B,D)",44.2478
2025-05-05 10:00:00,221,21 St-Queensbridge (F),207.8283
2025-05-05 10:00:00,222,Roosevelt Island (F),233.9046
2025-05-05 10:00:00,223,"Lexington Av/63 St (F,Q)",828.7739
2025-05-05 10:00:00,224,57 St (F),732.8284
2025-05-05 10:00:00,225,"47-50 Sts-Rockefeller Ctr (B,D,F,M)",2422.4054
2025-05-05 10:00:00,228,"23 St (F,M)",896.7596
2025-05-05 10:00:00,231,"Grand St (B,D)",1291.9134
2025-05-05 10:00:00,232,2 Av (F),504.1074
2025-05-05 10:00:00,234,East Broadway (F),490.5999
2025-05-05 10:00:00,235,York St (F),661.6695
2025-05-05 10:00:00,236,"Bergen St (F,G)",250.3525
2025-05-05 10:00:00,237,"Carroll St (F,G)",222.181
2025-05-05 10:00:00,238,"Smith-9 Sts (F,G)",102.087
2025-05-05 10:00:00,240,"7 Av (F,G)",259.6689
2025-05-05 10:00:00,241,"15 St-Prospect Park (F,G)",106.7483
2025-05-05 10:00:00,242,"Fort Hamilton Pkwy (F,G)",82.028
2025-05-05 10:00:00,243,"Church Av (F,G)",160.5889
2025-05-05 10:00:00,244,Ditmas Av (F),61.2688
2025-05-05 10:00:00,245,18 Av (F),64.5698
2025-05-05 10:00:00,246,Avenue I (F),37.9148
2025-05-05 10:00:00,247,Bay Pkwy (F),20.941
2025-05-05 10:00:00,248,Avenue N (F),54.8611
2025-05-05 10:00:00,249,Avenue P (F),33.1501
2025-05-05 10:00:00,250,Kings Hwy (F),53.0722
2025-05-05 10:00:00,251,Avenue U (F),28.8534
2025-05-05 10:00:00,252,Avenue X (F),46.8078
2025-05-05 10:00:00,253,Neptune Av (F),25.1614
2025-05-05 10:00:00,254,Jamaica-179 St (F),214.3912
2025-05-05 10:00:00,255,169 St (F),124.2055
2025-05-05 10:00:00,256,Parsons Blvd (F),109.7013
2025-05-05 10:00:00,257,Sutphin Blvd (F),76.9332
2025-05-05 10:00:00,258,"Briarwood (E,F)",62.3679
2025-05-05 10:00:00,259,"Kew Gardens-Union Tpke (E,F)",424.935
2025-05-05 10:00:00,260,"75 Av (E,F)",60.1624
2025-05-05 10:00:00,261,"Forest Hills-71 Av (E,F,M,R)",560.2352
2025-05-05 10:00:00,262,"67 Av (M,R)",127.7675
2025-05-05 10:00:00,263,"63 Dr-Rego Park (M,R)",290.2739
2025-05-05 10:00:00,264,"Woodhaven Blvd (M,R)",389.3526
2025-05-05 10:00:00,265,"Grand Av-Newtown (M,R)",288.8537
2025-05-05 10:00:00,266,"Elmhurst Av (M,R)",226.5579
2025-05-05 10:00:00,268,"65 St (M,R)",37.4637
2025-05-05 10:00:00,269,"Northern Blvd (M,R)",107.0882
2025-05-05 10:00:00,270,"46 St (M,R)",128.4624
2025-05-05 10:00:00,271,"Steinway St (M,R)",315.2209
2025-05-05 10:00:00,272,"36 St (M,R)",121.3826
2025-05-05 10:00:00,273,"Queens Plaza (E,M,R)",417.25260000000003
2025-05-05 10:00:00,276,"5 Av/53 St (E,M)",720.4241
2025-05-05 10:00:00,277,"7 Av (E,B,D)",700.245
2025-05-05 10:00:00,278,"Jamaica Center-Parsons/Archer (E,J,Z)",535.4744
2025-05-05 10:00:00,279,"Sutphin Blvd-Archer Av-JFK Airport (E,J,Z)",648.5005
2025-05-05 10:00:00,280,Jamaica-Van Wyck (E),90.7688
2025-05-05 10:00:00,282,21 St (G),51.7375
2025-05-05 10:00:00,283,Greenpoint Av (G),285.0051
2025-05-05 10:00:00,284,Nassau Av (G),269.4089
2025-05-05 10:00:00,286,Broadway (G),104.9041
2025-05-05 10:00:00,287,Flushing Av (G),86.4945
2025-05-05 10:00:00,288,Myrtle-Willoughby Avs (G),73.4375
2025-05-05 10:00:00,289,Bedford-Nostrand Avs (G),126.796
2025-05-05 10:00:00,290,Classon Av (G),82.1943
2025-05-05 10:00:00,291,Clinton-Washington Avs (G),144.0344
2025-05-05 10:00:00,292,Fulton St (G),181.2177
2025-05-05 10:00:00,293,Van Cortlandt Park-242 St (1),97.5297
2025-05-05 10:00:00,294,238 St (1),73.2927
2025-05-05 10:00:00,295,231 St (1),180.3838
2025-05-05 10:00:00,296,Marble Hill-225 St (1),96.1155
2025-05-05 10:00:00,297,215 St (1),51.2063
2025-05-05 10:00:00,298,207 St (1),121.7527
2025-05-05 10:00:00,299,Dyckman St (1),129.9617
2025-05-05 10:00:00,300,191 St (1),117.9951
2025-05-05 10:00:00,301,181 St (1),244.0392
2025-05-05 10:00:00,303,157 St (1),187.5181
2025-05-05 10:00:00,304,145 St (1),163.341
2025-05-05 10:00:00,305,137 St-City College (1),282.7932
2025-05-05 10:00:00,306,125 St (1),227.513
2025-05-05 10:00:00,307,116 St-Columbia University (1),501.5011
2025-05-05 10:00:00,308,Cathedral Pkwy (110 St) (1),354.2082
2025-05-05 10:00:00,309,103 St (1),290.5264
2025-05-05 10:00:00,310,"96 St (1,2,3)",895.7151
2025-05-05 10:00:00,311,86 St (1),494.7597
2025-05-05 10:00:00,312,79 St (1),498.8173
2025-05-05 10:00:00,313,"72 St (1,2,3)",1366.0976
2025-05-05 10:00:00,314,66 St-Lincoln Center (1),590.0185
2025-05-05 10:00:00,316,50 St (1),780.8037
2025-05-05 10:00:00,318,"34 St-Penn Station (1,2,3)",1848.4211
2025-05-05 10:00:00,319,28 St (1),506.5699
2025-05-05 10:00:00,320,23 St (1),516.3421
2025-05-05 10:00:00,321,18 St (1),277.1856
2025-05-05 10:00:00,323,Christopher St-Sheridan Sq (1),427.5511
2025-05-05 10:00:00,324,Houston St (1),526.2146
2025-05-05 10:00:00,325,Canal St (1),200.7423
2025-05-05 10:00:00,326,Franklin St (1),231.5203
2025-05-05 10:00:00,327,"Chambers St (1,2,3)",718.8439999999999
2025-05-05 10:00:00,328,WTC Cortlandt (1),656.2831
2025-05-05 10:00:00,329,Rector St (1),220.9426
2025-05-05 10:00:00,333,"Wall St (2,3)",579.917
2025-05-05 10:00:00,334,"Clark St (2,3)",203.3028
2025-05-05 10:00:00,336,"Hoyt St (2,3)",246.1288
2025-05-05 10:00:00,337,"Nevins St (2,3,4,5)",292.1186
2025-05-05 10:00:00,339,"Bergen St (2,3)",96.8925
2025-05-05 10:00:00,340,"Grand Army Plaza (2,3)",187.9095
2025-05-05 10:00:00,341,"Eastern Pkwy-Brooklyn Museum (2,3)",120.3527
2025-05-05 10:00:00,343,Nostrand Av (3),70.8265
2025-05-05 10:00:00,344,Kingston Av (3),86.3961
2025-05-05 10:00:00,345,"Crown Hts-Utica Av (3,4)",396.9315
2025-05-05 10:00:00,346,Sutter Av-Rutland Rd (3),98.1734
2025-05-05 10:00:00,347,Saratoga Av (3),73.5171
2025-05-05 10:00:00,348,Rockaway Av (3),79.0202
2025-05-05 10:00:00,349,Junius St (3),55.667
2025-05-05 10:00:00,350,Pennsylvania Av (3),73.381
2025-05-05 10:00:00,351,Van Siclen Av (3),35.940799999999996
2025-05-05 10:00:00,352,New Lots Av (3),77.9
2025-05-05 10:00:00,353,"President St-Medgar Evers College (2,5)",55.3648
2025-05-05 10:00:00,354,"Sterling St (2,5)",84.594
2025-05-05 10:00:00,355,"Winthrop St (2,5)",140.1642
2025-05-05 10:00:00,356,"Church Av (2,5)",142.6102
2025-05-05 10:00:00,357,"Beverly Rd (2,5)",60.5092
2025-05-05 10:00:00,358,"Newkirk Av-Little Haiti (2,5)",89.3808
2025-05-05 10:00:00,359,"Flatbush Av-Brooklyn College (2,5)",401.9355
2025-05-05 10:00:00,360,Pelham Bay Park (6),113.9213
2025-05-05 10:00:00,361,Buhre Av (6),44.8162
2025-05-05 10:00:00,362,Middletown Rd (6),29.3083
2025-05-05 10:00:00,363,Westchester Sq-E Tremont Av (6),100.5239
2025-05-05 10:00:00,364,Zerega Av (6),28.5108
2025-05-05 10:00:00,365,Castle Hill Av (6),85.4889
2025-05-05 10:00:00,366,Parkchester (6),170.5972
2025-05-05 10:00:00,367,St Lawrence Av (6),50.4334
2025-05-05 10:00:00,368,Morrison Av-Soundview (6),82.7787
2025-05-05 10:00:00,369,Elder Av (6),76.0131
2025-05-05 10:00:00,370,Whitlock Av (6),21.3035
2025-05-05 10:00:00,371,Hunts Point Av (6),147.9027
2025-05-05 10:00:00,372,Longwood Av (6),53.0798
2025-05-05 10:00:00,373,E 149 St (6),84.37349999999999
2025-05-05 10:00:00,374,E 143 St-St Mary's St (6),37.5221
2025-05-05 10:00:00,375,Cypress Av (6),48.1852
2025-05-05 10:00:00,376,Brook Av (6),78.2436
2025-05-05 10:00:00,377,3 Av-138 St (6),124.6544
2025-05-05 10:00:00,378,Woodlawn (4),125.5407
2025-05-05 10:00:00,379,Mosholu Pkwy (4),121.4961
2025-05-05 10:00:00,380,Bedford Park Blvd-Lehman College (4),115.90050000000001
2025-05-05 10:00:00,381,Kingsbridge Rd (4),164.9026
2025-05-05 10:00:00,382,Fordham Rd (4),189.7031
2025-05-05 10:00:00,383,183 St (4),83.404
2025-05-05 10:00:00,384,Burnside Av (4),140.3987
2025-05-05 10:00:00,385,176 St (4),76.0164
2025-05-05 10:00:00,386,Mt Eden Av (4),68.0399
2025-05-05 10:00:00,387,170 St (4),131.9529
2025-05-05 10:00:00,388,167 St (4),141.0968
2025-05-05 10:00:00,391,"138 St-Grand Concourse (4,5)",66.6061
2025-05-05 10:00:00,392,"125 St (4,5,6)",589.0084
2025-05-05 10:00:00,393,116 St (6),311.1844
2025-05-05 10:00:00,394,110 St (6),208.2354
2025-05-05 10:00:00,395,103 St (6),302.9095
2025-05-05 10:00:00,396,96 St (6),490.5101
2025-05-05 10:00:00,397,"86 St (4,5,6)",1615.4913
2025-05-05 10:00:00,398,77 St (6),1131.4537
2025-05-05 10:00:00,399,68 St-Hunter College (6),1341.7689
2025-05-05 10:00:00,403,33 St (6),866.0981
2025-05-05 10:00:00,404,28 St (6),636.2388
2025-05-05 10:00:00,405,23 St (6),1112.8935
2025-05-05 10:00:00,407,Astor Pl (6),620.1305
2025-05-05 10:00:00,409,Spring St (6),593.1171
2025-05-05 10:00:00,413,"Wall St (4,5)",565.1718
2025-05-05 10:00:00,414,"Bowling Green (4,5)",843.0726999999999
2025-05-05 10:00:00,416,Wakefield-241 St (2),59.9438
2025-05-05 10:00:00,417,"Nereid Av (2,5)",38.4751
2025-05-05 10:00:00,418,"233 St (2,5)",64.4207
2025-05-05 10:00:00,419,"225 St (2,5)",42.533699999999996
2025-05-05 10:00:00,420,"219 St (2,5)",35.4089
2025-05-05 10:00:00,421,"Gun Hill Rd (2,5)",101.53059999999999
2025-05-05 10:00:00,422,"Burke Av (2,5)",45.053
2025-05-05 10:00:00,423,"Allerton Av (2,5)",65.6101
2025-05-05 10:00:00,424,"Pelham Pkwy (2,5)",135.4994
2025-05-05 10:00:00,425,"Bronx Park East (2,5)",32.6477
2025-05-05 10:00:00,426,"E 180 St (2,5)",124.9445
2025-05-05 10:00:00,427,"West Farms Sq-E Tremont Av (2,5)",151.2006
2025-05-05 10:00:00,428,"174 St (2,5)",111.7493
2025-05-05 10:00:00,429,"Freeman St (2,5)",65.5591
2025-05-05 10:00:00,430,"Simpson St (2,5)",155.0581
2025-05-05 10:00:00,431,"Intervale Av (2,5)",57.0773
2025-05-05 10:00:00,432,"Prospect Av (2,5)",92.0154
2025-05-05 10:00:00,433,"Jackson Av (2,5)",91.7055
2025-05-05 10:00:00,434,"3 Av-149 St (2,5)",402.30219999999997
2025-05-05 10:00:00,436,Harlem-148 St (3),36.5651
2025-05-05 10:00:00,437,145 St (3),51.2906
2025-05-05 10:00:00,438,"135 St (2,3)",252.9347
2025-05-05 10:00:00,439,"125 St (2,3)",446.8993
2025-05-05 10:00:00,440,"116 St (2,3)",202.7384
2025-05-05 10:00:00,441,"Central Park North (110 St) (2,3)",155.0259
2025-05-05 10:00:00,442,Eastchester-Dyre Av (5),53.9247
2025-05-05 10:00:00,443,Baychester Av (5),30.5567
2025-05-05 10:00:00,444,Gun Hill Rd (5),59.2776
2025-05-05 10:00:00,445,Pelham Pkwy (5),37.0695
2025-05-05 10:00:00,446,Morris Park (5),29.6114
2025-05-05 10:00:00,447,Flushing-Main St (7),1666.84
2025-05-05 10:00:00,448,Mets-Willets Point (7),167.331
2025-05-05 10:00:00,449,111 St (7),165.9557
2025-05-05 10:00:00,450,103 St-Corona Plaza (7),324.2661
2025-05-05 10:00:00,451,Junction Blvd (7),448.3405
2025-05-05 10:00:00,452,90 St-Elmhurst Av (7),373.1394
2025-05-05 10:00:00,453,82 St-Jackson Hts (7),441.30400000000003
2025-05-05 10:00:00,455,69 St (7),118.7419
2025-05-05 10:00:00,456,61 St-Woodside (7),320.4
2025-05-05 10:00:00,457,52 St (7),113.0843
2025-05-05 10:00:00,458,46 St-Bliss St (7),224.5164
2025-05-05 10:00:00,459,40 St-Lowery St (7),187.3025
2025-05-05 10:00:00,460,33 St-Rawson St (7),474.5349
2025-05-05 10:00:00,461,"Queensboro Plaza (7,N,W)",328.4382
2025-05-05 10:00:00,463,Hunters Point Av (7),79.3312
2025-05-05 10:00:00,464,Vernon Blvd-Jackson Av (7),355.8924
2025-05-05 10:00:00,471,34 St-Hudson Yards (7),1110.5846
2025-05-05 10:00:00,475,96 St (Q),367.621
2025-05-05 10:00:00,476,86 St (Q),620.5206
2025-05-05 10:00:00,477,72 St (Q),1000.0069
2025-05-05 10:00:00,601,"14 St (F,M,1,2,3)/6 Av (L)",1640.1901
2025-05-05 10:00:00,602,"14 St-Union Sq (L,N,Q,R,W,4,5,6)",3891.0767
2025-05-05 10:00:00,603,"149 St-Grand Concourse (2,4,5)",287.4292
2025-05-05 10:00:00,604,"161 St-Yankee Stadium (B,D,4)",443.5906
2025-05-05 10:00:00,605,"168 St (A,C,1)",642.8994
2025-05-05 10:00:00,606,"Court Sq (E,G,M,7)",655.676
2025-05-05 10:00:00,607,"34 St-Herald Sq (B,D,F,M,N,Q,R,W)",3745.7429
2025-05-05 10:00:00,608,"4 Av (F,G)/9 St (R)",322.3538
2025-05-05 10:00:00,609,"Bryant Pk (B,D,F,M)/5 Av (7)",2175.1581
2025-05-05 10:00:00,610,"Grand Central-42 St (S,4,5,6,7)",4272.6424
2025-05-05 10:00:00,611,"Times Sq-42 St (N,Q,R,W,S,1,2,3,7)/42 St (A,C,E)",5176.6911
2025-05-05 10:00:00,612,"Lexington Av-53 St (E,M)/51 St (6)",1993.1734999999999
2025-05-05 10:00:00,613,"Lexington Av (N,R,W)/59 St (4,5,6)",2101.9898
2025-05-05 10:00:00,614,"59 St-Columbus Circle (A,B,C,D,1)",2907.2742
2025-05-05 10:00:00,615,New Utrecht Av (N)/62 St (D),105.4644
2025-05-05 10:00:00,616,"74-Broadway (7)/Jackson Hts-Roosevelt Av (E,F,M,R)",1362.9364
2025-05-05 10:00:00,617,"Atlantic Av-Barclays Ctr (B,D,N,Q,R,2,3,4,5)",1264.8769
2025-05-05 10:00:00,618,"14 St (A,C,E)/8 Av (L)",2127.6496
2025-05-05 10:00:00,619,"Broadway-Lafayette St (B,D,F,M)/Bleecker St (6)",1991.4579
2025-05-05 10:00:00,620,"Court St (R)/Borough Hall (2,3,4,5)",1021.468
2025-05-05 10:00:00,621,"Broadway Junction (A,C,J,L,Z)",147.03
2025-05-05 10:00:00,622,"Brooklyn Bridge-City Hall (4,5,6)/Chambers St (J,Z)",1070.415
2025-05-05 10:00:00,623,"Canal St (J,N,Q,R,W,Z,6)",2394.3729
2025-05-05 10:00:00,624,"Chambers St (A,C)/WTC (E)/Park Pl (2,3)/Cortlandt (R,W)",2164.1114000000002
2025-05-05 10:00:00,625,"Delancey St (F)/Essex St (J,M,Z)",881.4445
2025-05-05 10:00:00,626,"Franklin Av (2,3,4,5)/Botanic Garden (S)",251.2688
2025-05-05 10:00:00,627,"Franklin Av (C,S)",123.9709
2025-05-05 10:00:00,628,"Fulton St (A,C,J,Z,2,3,4,5)",2763.6657
2025-05-05 10:00:00,629,Lorimer St (L)/Metropolitan Av (G),370.6872
2025-05-05 10:00:00,630,"Myrtle-Wyckoff Avs (L,M)",359.508
2025-05-05 10:00:00,635,"South Ferry (1)/Whitehall St (R,W)",1244.2774
2025-05-05 10:00:00,636,"Jay St-MetroTech (A,C,F,R)",1453.4766
2025-05-05 11:00:00,1,"Astoria-Ditmars Blvd (N,W)",273.0225
2025-05-05 11:00:00,2,"Astoria Blvd (N,W)",195.327
2025-05-05 11:00:00,3,"30 Av (N,W)",252.2566
2025-05-05 11:00:00,4,"Broadway (N,W)",223.6407
2025-05-05 11:00:00,5,"36 Av (N,W)",127.492
2025-05-05 11:00:00,6,"39 Av-Dutch Kills (N,W)",78.6221
2025-05-05 11:00:00,8,"5 Av/59 St (N,R,W)",489.8431
2025-05-05 11:00:00,9,"57 St-7 Av (N,Q,R,W)",1084.3481
2025-05-05 11:00:00,10,"49 St (N,R,W)",697.5108
2025-05-05 11:00:00,13,"28 St (R,W)",404.3431
2025-05-05 11:00:00,14,"23 St (R,W)",812.7384
2025-05-05 11:00:00,16,"8 St-NYU (R,W)",677.777
2025-05-05 11:00:00,17,"Prince St (R,W)",709.9717
2025-05-05 11:00:00,20,"City Hall (R,W)",164.5348
2025-05-05 11:00:00,22,"Rector St (R,W)",154.8665
2025-05-05 11:00:00,26,"DeKalb Av (B,Q,R)",727.9906
2025-05-05 11:00:00,28,Union St (R),179.9086
2025-05-05 11:00:00,30,Prospect Av (R),123.289
2025-05-05 11:00:00,31,25 St (R),88.135
2025-05-05 11:00:00,32,"36 St (D,N,R)",396.8068
2025-05-05 11:00:00,33,45 St (R),141.5057
2025-05-05 11:00:00,34,53 St (R),176.2683
2025-05-05 11:00:00,35,"59 St (N,R)",259.2066
2025-05-05 11:00:00,36,Bay Ridge Av (R),161.1568
2025-05-05 11:00:00,37,77 St (R),78.7801
2025-05-05 11:00:00,38,86 St (R),224.2211
2025-05-05 11:00:00,39,Bay Ridge-95 St (R),103.8124
2025-05-05 11:00:00,41,"7 Av (B,Q)",232.9177
2025-05-05 11:00:00,42,"Prospect Park (B,Q,S)",240.407
2025-05-05 11:00:00,43,Parkside Av (Q),109.5592
2025-05-05 11:00:00,44,"Church Av (B,Q)",282.4046
2025-05-05 11:00:00,45,Beverley Rd (Q),70.8655
2025-05-05 11:00:00,46,Cortelyou Rd (Q),108.8426
2025-05-05 11:00:00,47,"Newkirk Plaza (B,Q)",218.3433
2025-05-05 11:00:00,48,Avenue H (Q),82.8106
2025-05-05 11:00:00,49,Avenue J (Q),133.056
2025-05-05 11:00:00,50,Avenue M (Q),131.0221
2025-05-05 11:00:00,51,"Kings Hwy (B,Q)",464.682
2025-05-05 11:00:00,52,Avenue U (Q),158.9436
2025-05-05 11:00:00,53,Neck Rd (Q),82.1178
2025-05-05 11:00:00,54,"Sheepshead Bay (B,Q)",289.5971
2025-05-05 11:00:00,55,"Brighton Beach (B,Q)",365.8409
2025-05-05 11:00:00,56,Ocean Pkwy (Q),105.2214
2025-05-05 11:00:00,57,"W 8 St-NY Aquarium (F,Q)",196.9617
2025-05-05 11:00:00,58,"Coney Island-Stillwell Av (D,F,N,Q)",642.6454
2025-05-05 11:00:00,59,9 Av (D),106.6809
2025-05-05 11:00:00,60,Fort Hamilton Pkwy (D),91.3359
2025-05-05 11:00:00,61,50 St (D),80.814
2025-05-05 11:00:00,62,55 St (D),50.3065
2025-05-05 11:00:00,64,71 St (D),81.9226
2025-05-05 11:00:00,65,79 St (D),109.8529
2025-05-05 11:00:00,66,18 Av (D),113.2833
2025-05-05 11:00:00,67,20 Av (D),100.3776
2025-05-05 11:00:00,68,Bay Pkwy (D),185.0494
2025-05-05 11:00:00,69,25 Av (D),83.8833
2025-05-05 11:00:00,70,Bay 50 St (D),59.7519
2025-05-05 11:00:00,71,8 Av (N),481.3282
2025-05-05 11:00:00,72,Fort Hamilton Pkwy (N),129.9809
2025-05-05 11:00:00,74,18 Av (N),115.4613
2025-05-05 11:00:00,75,20 Av (N),76.1669
2025-05-05 11:00:00,76,Bay Pkwy (N),136.84459999999999
2025-05-05 11:00:00,77,Kings Hwy (N),101.534
2025-05-05 11:00:00,78,Avenue U (N),83.7784
2025-05-05 11:00:00,79,86 St (N),83.07469999999999
2025-05-05 11:00:00,80,"121 St (J,Z)",44.780499999999996
2025-05-05 11:00:00,81,111 St (J),44.5893
2025-05-05 11:00:00,82,"104 St (J,Z)",40.9267
2025-05-05 11:00:00,83,"Woodhaven Blvd (J,Z)",104.0231
2025-05-05 11:00:00,84,85 St-Forest Pkwy (J),34.9556
2025-05-05 11:00:00,85,"75 St-Elderts Ln (J,Z)",63.9825
2025-05-05 11:00:00,86,Cypress Hills (J),6.1978
2025-05-05 11:00:00,87,"Crescent St (J,Z)",80.9456
2025-05-05 11:00:00,88,"Norwood Av (J,Z)",46.3693
2025-05-05 11:00:00,89,Cleveland St (J),35.5606
2025-05-05 11:00:00,90,"Van Siclen Av (J,Z)",46.6263
2025-05-05 11:00:00,91,Alabama Av (J),47.1516
2025-05-05 11:00:00,93,"Chauncey St (J,Z)",39.9056
2025-05-05 11:00:00,94,Halsey St (J),84.8634
2025-05-05 11:00:00,95,"Gates Av (J,Z)",101.0645
2025-05-05 11:00:00,96,Kosciuszko St (J),87.9739
2025-05-05 11:00:00,97,"Myrtle Av (M,J,Z)",188.3999
2025-05-05 11:00:00,98,"Flushing Av (M,J)",223.488
2025-05-05 11:00:00,99,"Lorimer St (M,J)",88.141
2025-05-05 11:00:00,100,"Hewes St (M,J)",48.6135
2025-05-05 11:00:00,101,"Marcy Av (M,J,Z)",314.4833
2025-05-05 11:00:00,103,"Bowery (J,Z)",142.619
2025-05-05 11:00:00,107,"Broad St (J,Z)",173.496
2025-05-05 11:00:00,108,Middle Village-Metropolitan Av (M),71.06269999999999
2025-05-05 11:00:00,109,Fresh Pond Rd (M),92.1633
2025-05-05 11:00:00,110,Forest Av (M),63.5126
2025-05-05 11:00:00,111,Seneca Av (M),43.8745
2025-05-05 11:00:00,113,Knickerbocker Av (M),73.2112
2025-05-05 11:00:00,114,Central Av (M),47.8746
2025-05-05 11:00:00,118,3 Av (L),225.8697
2025-05-05 11:00:00,119,1 Av (L),749.7938
2025-05-05 11:00:00,120,Bedford Av (L),1189.0238
2025-05-05 11:00:00,122,Graham Av (L),202.539
2025-05-05 11:00:00,123,Grand St (L),160.3
2025-05-05 11:00:00,124,Montrose Av (L),150.0288
2025-05-05 11:00:00,125,Morgan Av (L),213.2521
2025-05-05 11:00:00,126,Jefferson St (L),228.1171
2025-05-05 11:00:00,127,DeKalb Av (L),251.0027
2025-05-05 11:00:00,129,Halsey St (L),153.145
2025-05-05 11:00:00,130,Wilson Av (L),90.3522
2025-05-05 11:00:00,131,Bushwick Av-Aberdeen St (L),43.7382
2025-05-05 11:00:00,133,Atlantic Av (L),49.4712
2025-05-05 11:00:00,134,Sutter Av (L),55.0988
2025-05-05 11:00:00,135,Livonia Av (L),58.9261
2025-05-05 11:00:00,136,New Lots Av (L),65.4374
2025-05-05 11:00:00,137,East 105 St (L),39.6677
2025-05-05 11:00:00,138,Canarsie-Rockaway Pkwy (L),138.9318
2025-05-05 11:00:00,141,Park Pl (S),32.8743
2025-05-05 11:00:00,143,Inwood-207 St (A),169.8169
2025-05-05 11:00:00,144,Dyckman St (A),173.14939999999999
2025-05-05 11:00:00,145,190 St (A),112.9054
2025-05-05 11:00:00,146,181 St (A),191.4838
2025-05-05 11:00:00,147,175 St (A),195.8476
2025-05-05 11:00:00,149,163 St-Amsterdam Av (C),61.397800000000004
2025-05-05 11:00:00,150,155 St (C),48.4936
2025-05-05 11:00:00,151,"145 St (A,C,B,D)",556.3331
2025-05-05 11:00:00,152,"135 St (C,B)",143.7107
2025-05-05 11:00:00,153,"125 St (A,C,B,D)",721.5331
2025-05-05 11:00:00,154,"116 St (C,B)",156.2512
2025-05-05 11:00:00,155,"Cathedral Pkwy (110 St) (C,B)",207.3255
2025-05-05 11:00:00,156,"103 St (C,B)",111.3398
2025-05-05 11:00:00,157,"96 St (C,B)",305.3078
2025-05-05 11:00:00,158,"86 St (C,B)",389.0121
2025-05-05 11:00:00,159,"81 St-Museum of Natural History (C,B)",835.2226
2025-05-05 11:00:00,160,"72 St (C,B)",539.3758
2025-05-05 11:00:00,162,"50 St (C,E)",576.3592
2025-05-05 11:00:00,164,"34 St-Penn Station (A,C,E)",2147.6373
2025-05-05 11:00:00,165,"23 St (C,E)",666.515
2025-05-05 11:00:00,167,"W 4 St-Wash Sq (A,C,E,B,D,F,M)",1701.9508
2025-05-05 11:00:00,168,"Spring St (C,E)",583.3116
2025-05-05 11:00:00,169,"Canal St (A,C,E)",650.5983
2025-05-05 11:00:00,173,"High St (A,C)",473.70889999999997
2025-05-05 11:00:00,175,"Hoyt-Schermerhorn Sts (A,C,G)",370.4315
2025-05-05 11:00:00,176,Lafayette Av (C),190.9338
2025-05-05 11:00:00,177,Clinton-Washington Avs (C),160.1017
2025-05-05 11:00:00,179,"Nostrand Av (A,C)",352.289
2025-05-05 11:00:00,180,Kingston-Throop Avs (C),122.5423
2025-05-05 11:00:00,181,"Utica Av (A,C)",259.6402
2025-05-05 11:00:00,182,Ralph Av (C),83.2846
2025-05-05 11:00:00,183,Rockaway Av (C),90.78190000000001
2025-05-05 11:00:00,185,Liberty Av (C),51.8605
2025-05-05 11:00:00,186,Van Siclen Av (C),50.1966
2025-05-05 11:00:00,187,Shepherd Av (C),40.2783
2025-05-05 11:00:00,188,"Euclid Av (A,C)",167.3278
2025-05-05 11:00:00,189,Grant Av (A),82.7687
2025-05-05 11:00:00,190,80 St (A),64.5431
2025-05-05 11:00:00,191,88 St (A),44.695
2025-05-05 11:00:00,192,Rockaway Blvd (A),130.6706
2025-05-05 11:00:00,193,104 St (A),21.2624
2025-05-05 11:00:00,194,111 St (A),30.1849
2025-05-05 11:00:00,195,Ozone Park-Lefferts Blvd (A),116.5604
2025-05-05 11:00:00,196,Aqueduct Racetrack (A),45.0979
2025-05-05 11:00:00,197,Aqueduct-N Conduit Av (A),12.2925
2025-05-05 11:00:00,198,Howard Beach-JFK Airport (A),193.8143
2025-05-05 11:00:00,199,"Broad Channel (A,S)",5.1033
2025-05-05 11:00:00,200,"Beach 90 St (A,S)",27.3824
2025-05-05 11:00:00,201,"Beach 98 St (A,S)",11.1212
2025-05-05 11:00:00,202,"Beach 105 St (A,S)",17.1971
2025-05-05 11:00:00,203,"Rockaway Park-Beach 116 St (A,S)",11.1602
2025-05-05 11:00:00,204,Beach 67 St (A),37.9821
2025-05-05 11:00:00,205,Beach 60 St (A),18.2893
2025-05-05 11:00:00,206,Beach 44 St (A),6.0675
2025-05-05 11:00:00,207,Beach 36 St (A),6.6765
2025-05-05 11:00:00,208,Beach 25 St (A),8.9861
2025-05-05 11:00:00,209,Far Rockaway-Mott Av (A),40.528
2025-05-05 11:00:00,210,Norwood-205 St (D),108.1761
2025-05-05 11:00:00,211,"Bedford Park Blvd (B,D)",123.3037
2025-05-05 11:00:00,212,"Kingsbridge Rd (B,D)",96.5511
2025-05-05 11:00:00,213,"Fordham Rd (B,D)",171.2417
2025-05-05 11:00:00,214,"182-183 Sts (B,D)",59.7236
2025-05-05 11:00:00,215,"Tremont Av (B,D)",134.9236
2025-05-05 11:00:00,216,"174-175 Sts (B,D)",68.7262
2025-05-05 11:00:00,217,"170 St (B,D)",88.5894
2025-05-05 11:00:00,218,"167 St (B,D)",133.9082
2025-05-05 11:00:00,220,"155 St (B,D)",57.8775
2025-05-05 11:00:00,221,21 St-Queensbridge (F),233.6986
2025-05-05 11:00:00,222,Roosevelt Island (F),257.276
2025-05-05 11:00:00,223,"Lexington Av/63 St (F,Q)",696.8213
2025-05-05 11:00:00,224,57 St (F),597.6252
2025-05-05 11:00:00,225,"47-50 Sts-Rockefeller Ctr (B,D,F,M)",1818.8556
2025-05-05 11:00:00,228,"23 St (F,M)",801.3884
2025-05-05 11:00:00,231,"Grand St (B,D)",1086.1346
2025-05-05 11:00:00,232,2 Av (F),554.7383
2025-05-05 11:00:00,234,East Broadway (F),501.3603
2025-05-05 11:00:00,235,York St (F),660.1048
2025-05-05 11:00:00,236,"Bergen St (F,G)",258.7216
2025-05-05 11:00:00,237,"Carroll St (F,G)",217.0573
2025-05-05 11:00:00,238,"Smith-9 Sts (F,G)",97.9897
2025-05-05 11:00:00,240,"7 Av (F,G)",276.2701
2025-05-05 11:00:00,241,"15 St-Prospect Park (F,G)",146.0979
2025-05-05 11:00:00,242,"Fort Hamilton Pkwy (F,G)",104.8303
2025-05-05 11:00:00,243,"Church Av (F,G)",174.8277
2025-05-05 11:00:00,244,Ditmas Av (F),62.07
2025-05-05 11:00:00,245,18 Av (F),62.413
2025-05-05 11:00:00,246,Avenue I (F),36.0464
2025-05-05 11:00:00,247,Bay Pkwy (F),22.4813
2025-05-05 11:00:00,248,Avenue N (F),58.8479
2025-05-05 11:00:00,249,Avenue P (F),43.5422
2025-05-05 11:00:00,250,Kings Hwy (F),67.711
2025-05-05 11:00:00,251,Avenue U (F),35.7636
2025-05-05 11:00:00,252,Avenue X (F),47.05
2025-05-05 11:00:00,253,Neptune Av (F),28.8431
2025-05-05 11:00:00,254,Jamaica-179 St (F),257.92969999999997
2025-05-05 11:00:00,255,169 St (F),149.8612
2025-05-05 11:00:00,256,Parsons Blvd (F),108.4021
2025-05-05 11:00:00,257,Sutphin Blvd (F),84.4935
2025-05-05 11:00:00,258,"Briarwood (E,F)",70.565
2025-05-05 11:00:00,259,"Kew Gardens-Union Tpke (E,F)",435.9151
2025-05-05 11:00:00,260,"75 Av (E,F)",63.3881
2025-05-05 11:00:00,261,"Forest Hills-71 Av (E,F,M,R)",632.2202
2025-05-05 11:00:00,262,"67 Av (M,R)",144.0499
2025-05-05 11:00:00,263,"63 Dr-Rego Park (M,R)",315.9674
2025-05-05 11:00:00,264,"Woodhaven Blvd (M,R)",485.3306
2025-05-05 11:00:00,265,"Grand Av-Newtown (M,R)",335.7111
2025-05-05 11:00:00,266,"Elmhurst Av (M,R)",267.6249
2025-05-05 11:00:00,268,"65 St (M,R)",50.8173
2025-05-05 11:00:00,269,"Northern Blvd (M,R)",121.1861
2025-05-05 11:00:00,270,"46 St (M,R)",148.64079999999998
2025-05-05 11:00:00,271,"Steinway St (M,R)",288.1201
2025-05-05 11:00:00,272,"36 St (M,R)",103.8497
2025-05-05 11:00:00,273,"Queens Plaza (E,M,R)",380.2186
2025-05-05 11:00:00,276,"5 Av/53 St (E,M)",499.8519
2025-05-05 11:00:00,277,"7 Av (E,B,D)",571.0765
2025-05-05 11:00:00,278,"Jamaica Center-Parsons/Archer (E,J,Z)",577.4611
2025-05-05 11:00:00,279,"Sutphin Blvd-Archer Av-JFK Airport (E,J,Z)",744.5005
2025-05-05 11:00:00,280,Jamaica-Van Wyck (E),100.0064
2025-05-05 11:00:00,282,21 St (G),50.2779
2025-05-05 11:00:00,283,Greenpoint Av (G),288.0994
2025-05-05 11:00:00,284,Nassau Av (G),304.1849
2025-05-05 11:00:00,286,Broadway (G),104.2827
2025-05-05 11:00:00,287,Flushing Av (G),69.9155
2025-05-05 11:00:00,288,Myrtle-Willoughby Avs (G),95.9188
2025-05-05 11:00:00,289,Bedford-Nostrand Avs (G),147.7387
2025-05-05 11:00:00,290,Classon Av (G),84.51219999999999
2025-05-05 11:00:00,291,Clinton-Washington Avs (G),116.3188
2025-05-05 11:00:00,292,Fulton St (G),272.7027
2025-05-05 11:00:00,293,Van Cortlandt Park-242 St (1),111.4572
2025-05-05 11:00:00,294,238 St (1),71.31230000000001
2025-05-05 11:00:00,295,231 St (1),200.7092
2025-05-05 11:00:00,296,Marble Hill-225 St (1),94.2643
2025-05-05 11:00:00,297,215 St (1),57.7018
2025-05-05 11:00:00,298,207 St (1),119.9297
2025-05-05 11:00:00,299,Dyckman St (1),154.70499999999998
2025-05-05 11:00:00,300,191 St (1),134.2654
2025-05-05 11:00:00,301,181 St (1),260.846
2025-05-05 11:00:00,303,157 St (1),192.4264
2025-05-05 11:00:00,304,145 St (1),194.4669
2025-05-05 11:00:00,305,137 St-City College (1),300.112
2025-05-05 11:00:00,306,125 St (1),246.0878
2025-05-05 11:00:00,307,116 St-Columbia University (1),559.4096
2025-05-05 11:00:00,308,Cathedral Pkwy (110 St) (1),344.2693
2025-05-05 11:00:00,309,103 St (1),311.5186
2025-05-05 11:00:00,310,"96 St (1,2,3)",909.4129
2025-05-05 11:00:00,311,86 St (1),527.7935
2025-05-05 11:00:00,312,79 St (1),501.0935
2025-05-05 11:00:00,313,"72 St (1,2,3)",1405.352
2025-05-05 11:00:00,314,66 St-Lincoln Center (1),581.5837
2025-05-05 11:00:00,316,50 St (1),700.5015
2025-05-05 11:00:00,318,"34 St-Penn Station (1,2,3)",1834.6903
2025-05-05 11:00:00,319,28 St (1),484.0295
2025-05-05 11:00:00,320,23 St (1),485.7054
2025-05-05 11:00:00,321,18 St (1),275.5247
2025-05-05 11:00:00,323,Christopher St-Sheridan Sq (1),462.7717
2025-05-05 11:00:00,324,Houston St (1),459.4051
2025-05-05 11:00:00,325,Canal St (1),204.2825
2025-05-05 11:00:00,326,Franklin St (1),227.2479
2025-05-05 11:00:00,327,"Chambers St (1,2,3)",603.7078
2025-05-05 11:00:00,328,WTC Cortlandt (1),583.107
2025-05-05 11:00:00,329,Rector St (1),216.1082
2025-05-05 11:00:00,333,"Wall St (2,3)",503.8288
2025-05-05 11:00:00,334,"Clark St (2,3)",208.5899
2025-05-05 11:00:00,336,"Hoyt St (2,3)",238.8331
2025-05-05 11:00:00,337,"Nevins St (2,3,4,5)",286.8658
2025-05-05 11:00:00,339,"Bergen St (2,3)",96.8932
2025-05-05 11:00:00,340,"Grand Army Plaza (2,3)",195.0896
2025-05-05 11:00:00,341,"Eastern Pkwy-Brooklyn Museum (2,3)",133.7846
2025-05-05 11:00:00,343,Nostrand Av (3),75.9949
2025-05-05 11:00:00,344,Kingston Av (3),96.731
2025-05-05 11:00:00,345,"Crown Hts-Utica Av (3,4)",447.6415
2025-05-05 11:00:00,346,Sutter Av-Rutland Rd (3),103.0573
2025-05-05 11:00:00,347,Saratoga Av (3),95.5385
2025-05-05 11:00:00,348,Rockaway Av (3),86.2178
2025-05-05 11:00:00,349,Junius St (3),57.2312
2025-05-05 11:00:00,350,Pennsylvania Av (3),74.8347
2025-05-05 11:00:00,351,Van Siclen Av (3),36.913
2025-05-05 11:00:00,352,New Lots Av (3),111.3852
2025-05-05 11:00:00,353,"President St-Medgar Evers College (2,5)",59.993
2025-05-05 11:00:00,354,"Sterling St (2,5)",103.1005
2025-05-05 11:00:00,355,"Winthrop St (2,5)",136.5268
2025-05-05 11:00:00,356,"Church Av (2,5)",176.2749
2025-05-05 11:00:00,357,"Beverly Rd (2,5)",77.8814
2025-05-05 11:00:00,358,"Newkirk Av-Little Haiti (2,5)",124.8171
2025-05-05 11:00:00,359,"Flatbush Av-Brooklyn College (2,5)",414.85179999999997
2025-05-05 11:00:00,360,Pelham Bay Park (6),114.9907
2025-05-05 11:00:00,361,Buhre Av (6),52.2567
2025-05-05 11:00:00,362,Middletown Rd (6),36.269
2025-05-05 11:00:00,363,Westchester Sq-E Tremont Av (6),108.8733
2025-05-05 11:00:00,364,Zerega Av (6),41.666
2025-05-05 11:00:00,365,Castle Hill Av (6),102.78659999999999
2025-05-05 11:00:00,366,Parkchester (6),199.3037
2025-05-05 11:00:00,367,St Lawrence Av (6),64.464
2025-05-05 11:00:00,368,Morrison Av-Soundview (6),101.1026
2025-05-05 11:00:00,369,Elder Av (6),85.2068
2025-05-05 11:00:00,370,Whitlock Av (6),30.1831
2025-05-05 11:00:00,371,Hunts Point Av (6),169.657
2025-05-05 11:00:00,372,Longwood Av (6),55.478
2025-05-05 11:00:00,373,E 149 St (6),98.087
2025-05-05 11:00:00,374,E 143 St-St Mary's St (6),29.0428
2025-05-05 11:00:00,375,Cypress Av (6),51.3281
2025-05-05 11:00:00,376,Brook Av (6),87.522
2025-05-05 11:00:00,377,3 Av-138 St (6),142.9868
2025-05-05 11:00:00,378,Woodlawn (4),136.1898
2025-05-05 11:00:00,379,Mosholu Pkwy (4),120.2794
2025-05-05 11:00:00,380,Bedford Park Blvd-Lehman College (4),108.3413
2025-05-05 11:00:00,381,Kingsbridge Rd (4),164.9698
2025-05-05 11:00:00,382,Fordham Rd (4),188.5596
2025-05-05 11:00:00,383,183 St (4),96.34479999999999
2025-05-05 11:00:00,384,Burnside Av (4),181.2826
2025-05-05 11:00:00,385,176 St (4),91.5034
2025-05-05 11:00:00,386,Mt Eden Av (4),74.0283
2025-05-05 11:00:00,387,170 St (4),140.9924
2025-05-05 11:00:00,388,167 St (4),164.0126
2025-05-05 11:00:00,391,"138 St-Grand Concourse (4,5)",90.8024
2025-05-05 11:00:00,392,"125 St (4,5,6)",584.6918
2025-05-05 11:00:00,393,116 St (6),325.9992
2025-05-05 11:00:00,394,110 St (6),238.4386
2025-05-05 11:00:00,395,103 St (6),282.7718
2025-05-05 11:00:00,396,96 St (6),502.1246
2025-05-05 11:00:00,397,"86 St (4,5,6)",1620.201
2025-05-05 11:00:00,398,77 St (6),989.9501
2025-05-05 11:00:00,399,68 St-Hunter College (6),1078.3907
2025-05-05 11:00:00,403,33 St (6),807.9902
2025-05-05 11:00:00,404,28 St (6),536.5824
2025-05-05 11:00:00,405,23 St (6),1081.4066
2025-05-05 11:00:00,407,Astor Pl (6),589.9458
2025-05-05 11:00:00,409,Spring St (6),589.5472
2025-05-05 11:00:00,413,"Wall St (4,5)",520.9144
2025-05-05 11:00:00,414,"Bowling Green (4,5)",803.6702
2025-05-05 11:00:00,416,Wakefield-241 St (2),74.7699
2025-05-05 11:00:00,417,"Nereid Av (2,5)",48.7553
2025-05-05 11:00:00,418,"233 St (2,5)",69.2207
2025-05-05 11:00:00,419,"225 St (2,5)",43.1243
2025-05-05 11:00:00,420,"219 St (2,5)",38.383
2025-05-05 11:00:00,421,"Gun Hill Rd (2,5)",117.1441
2025-05-05 11:00:00,422,"Burke Av (2,5)",45.2516
2025-05-05 11:00:00,423,"Allerton Av (2,5)",79.5574
2025-05-05 11:00:00,424,"Pelham Pkwy (2,5)",153.5147
2025-05-05 11:00:00,425,"Bronx Park East (2,5)",36.54
2025-05-05 11:00:00,426,"E 180 St (2,5)",149.0241
2025-05-05 11:00:00,427,"West Farms Sq-E Tremont Av (2,5)",151.9986
2025-05-05 11:00:00,428,"174 St (2,5)",121.8472
2025-05-05 11:00:00,429,"Freeman St (2,5)",80.3213
2025-05-05 11:00:00,430,"Simpson St (2,5)",188.6896
2025-05-05 11:00:00,431,"Intervale Av (2,5)",52.0494
2025-05-05 11:00:00,432,"Prospect Av (2,5)",127.5981
2025-05-05 11:00:00,433,"Jackson Av (2,5)",89.8979
2025-05-05 11:00:00,434,"3 Av-149 St (2,5)",446.0423
2025-05-05 11:00:00,436,Harlem-148 St (3),54.9633
2025-05-05 11:00:00,437,145 St (3),53.208600000000004
2025-05-05 11:00:00,438,"135 St (2,3)",256.9088
2025-05-05 11:00:00,439,"125 St (2,3)",420.5774
2025-05-05 11:00:00,440,"116 St (2,3)",212.1206
2025-05-05 11:00:00,441,"Central Park North (110 St) (2,3)",177.373
2025-05-05 11:00:00,442,Eastchester-Dyre Av (5),68.6886
2025-05-05 11:00:00,443,Baychester Av (5),44.4015
2025-05-05 11:00:00,444,Gun Hill Rd (5),73.9526
2025-05-05 11:00:00,445,Pelham Pkwy (5),45.6581
2025-05-05 11:00:00,446,Morris Park (5),34.1192
2025-05-05 11:00:00,447,Flushing-Main St (7),1686.2049
2025-05-05 11:00:00,448,Mets-Willets Point (7),221.1952
2025-05-05 11:00:00,449,111 St (7),221.7149
2025-05-05 11:00:00,450,103 St-Corona Plaza (7),375.8263
2025-05-05 11:00:00,451,Junction Blvd (7),526.1657
2025-05-05 11:00:00,452,90 St-Elmhurst Av (7),418.41859999999997
2025-05-05 11:00:00,453,82 St-Jackson Hts (7),461.6845
2025-05-05 11:00:00,455,69 St (7),139.1451
2025-05-05 11:00:00,456,61 St-Woodside (7),331.5068
2025-05-05 11:00:00,457,52 St (7),140.9282
2025-05-05 11:00:00,458,46 St-Bliss St (7),265.7983
2025-05-05 11:00:00,459,40 St-Lowery St (7),191.5274
2025-05-05 11:00:00,460,33 St-Rawson St (7),345.0409
2025-05-05 11:00:00,461,"Queensboro Plaza (7,N,W)",301.2535
2025-05-05 11:00:00,463,Hunters Point Av (7),81.3494
2025-05-05 11:00:00,464,Vernon Blvd-Jackson Av (7),376.4286
2025-05-05 11:00:00,471,34 St-Hudson Yards (7),1019.3312
2025-05-05 11:00:00,475,96 St (Q),419.3616
2025-05-05 11:00:00,476,86 St (Q),603.1253
2025-05-05 11:00:00,477,72 St (Q),816.5957
2025-05-05 11:00:00,601,"14 St (F,M,1,2,3)/6 Av (L)",1729.5202
2025-05-05 11:00:00,602,"14 St-Union Sq (L,N,Q,R,W,4,5,6)",3712.4638999999997
2025-05-05 11:00:00,603,"149 St-Grand Concourse (2,4,5)",285.176
2025-05-05 11:00:00,604,"161 St-Yankee Stadium (B,D,4)",458.0929
2025-05-05 11:00:00,605,"168 St (A,C,1)",534.2078
2025-05-05 11:00:00,606,"Court Sq (E,G,M,7)",647.5633
2025-05-05 11:00:00,607,"34 St-Herald Sq (B,D,F,M,N,Q,R,W)",3515.6
2025-05-05 11:00:00,608,"4 Av (F,G)/9 St (R)",328.083
2025-05-05 11:00:00,609,"Bryant Pk (B,D,F,M)/5 Av (7)",1818.686
2025-05-05 11:00:00,610,"Grand Central-42 St (S,4,5,6,7)",3683.7111
2025-05-05 11:00:00,611,"Times Sq-42 St (N,Q,R,W,S,1,2,3,7)/42 St (A,C,E)",4793.1071
2025-05-05 11:00:00,612,"Lexington Av-53 St (E,M)/51 St (6)",1606.4177
2025-05-05 11:00:00,613,"Lexington Av (N,R,W)/59 St (4,5,6)",1768.4713
2025-05-05 11:00:00,614,"59 St-Columbus Circle (A,B,C,D,1)",2653.8532
2025-05-05 11:00:00,615,New Utrecht Av (N)/62 St (D),110.624
2025-05-05 11:00:00,616,"74-Broadway (7)/Jackson Hts-Roosevelt Av (E,F,M,R)",1544.4238
2025-05-05 11:00:00,617,"Atlantic Av-Barclays Ctr (B,D,N,Q,R,2,3,4,5)",1495.2871
2025-05-05 11:00:00,618,"14 St (A,C,E)/8 Av (L)",1920.5293
2025-05-05 11:00:00,619,"Broadway-Lafayette St (B,D,F,M)/Bleecker St (6)",1879.952
2025-05-05 11:00:00,620,"Court St (R)/Borough Hall (2,3,4,5)",931.4682
2025-05-05 11:00:00,621,"Broadway Junction (A,C,J,L,Z)",174.1881
2025-05-05 11:00:00,622,"Brooklyn Bridge-City Hall (4,5,6)/Chambers St (J,Z)",940.4623
2025-05-05 11:00:00,623,"Canal St (J,N,Q,R,W,Z,6)",2166.9465
2025-05-05 11:00:00,624,"Chambers St (A,C)/WTC (E)/Park Pl (2,3)/Cortlandt (R,W)",1864.801
2025-05-05 11:00:00,625,"Delancey St (F)/Essex St (J,M,Z)",879.4871
2025-05-05 11:00:00,626,"Franklin Av (2,3,4,5)/Botanic Garden (S)",310.1614
2025-05-05 11:00:00,627,"Franklin Av (C,S)",131.6898
2025-05-05 11:00:00,628,"Fulton St (A,C,J,Z,2,3,4,5)",2406.7098
2025-05-05 11:00:00,629,Lorimer St (L)/Metropolitan Av (G),402.2889
2025-05-05 11:00:00,630,"Myrtle-Wyckoff Avs (L,M)",413.0823
2025-05-05 11:00:00,635,"South Ferry (1)/Whitehall St (R,W)",1118.6646
2025-05-05 11:00:00,636,"Jay St-MetroTech (A,C,F,R)",1338.2966999999999
2025-05-05 12:00:00,1,"Astoria-Ditmars Blvd (N,W)",335.8033
2025-05-05 12:00:00,2,"Astoria Blvd (N,W)",251.137
2025-05-05 12:00:00,3,"30 Av (N,W)",309.3946
2025-05-05 12:00:00,4,"Broadway (N,W)",282.5997
2025-05-05 12:00:00,5,"36 Av (N,W)",161.1796
2025-05-05 12:00:00,6,"39 Av-Dutch Kills (N,W)",86.95139999999999
2025-05-05 12:00:00,8,"5 Av/59 St (N,R,W)",460.1517
2025-05-05 12:00:00,9,"57 St-7 Av (N,Q,R,W)",1175.6625
2025-05-05 12:00:00,10,"49 St (N,R,W)",721.3602
2025-05-05 12:00:00,13,"28 St (R,W)",435.4184
2025-05-05 12:00:00,14,"23 St (R,W)",797.503
2025-05-05 12:00:00,16,"8 St-NYU (R,W)",716.6304
2025-05-05 12:00:00,17,"Prince St (R,W)",774.8517
2025-05-05 12:00:00,20,"City Hall (R,W)",157.10999999999999
2025-05-05 12:00:00,22,"Rector St (R,W)",157.9478
2025-05-05 12:00:00,26,"DeKalb Av (B,Q,R)",732.4265
2025-05-05 12:00:00,28,Union St (R),215.8647
2025-05-05 12:00:00,30,Prospect Av (R),143.7741
2025-05-05 12:00:00,31,25 St (R),128.5543
2025-05-05 12:00:00,32,"36 St (D,N,R)",442.5954
2025-05-05 12:00:00,33,45 St (R),203.5248
2025-05-05 12:00:00,34,53 St (R),227.6384
2025-05-05 12:00:00,35,"59 St (N,R)",348.7375
2025-05-05 12:00:00,36,Bay Ridge Av (R),217.7513
2025-05-05 12:00:00,37,77 St (R),116.1912
2025-05-05 12:00:00,38,86 St (R),300.4836
2025-05-05 12:00:00,39,Bay Ridge-95 St (R),113.6944
2025-05-05 12:00:00,41,"7 Av (B,Q)",272.6082
2025-05-05 12:00:00,42,"Prospect Park (B,Q,S)",320.6691
2025-05-05 12:00:00,43,Parkside Av (Q),155.2203
2025-05-05 12:00:00,44,"Church Av (B,Q)",321.5534
2025-05-05 12:00:00,45,Beverley Rd (Q),87.7905
2025-05-05 12:00:00,46,Cortelyou Rd (Q),146.5581
2025-05-05 12:00:00,47,"Newkirk Plaza (B,Q)",241.9937
2025-05-05 12:00:00,48,Avenue H (Q),87.8215
2025-05-05 12:00:00,49,Avenue J (Q),168.5555
2025-05-05 12:00:00,50,Avenue M (Q),122.9234
2025-05-05 12:00:00,51,"Kings Hwy (B,Q)",506.8051
2025-05-05 12:00:00,52,Avenue U (Q),198.8126
2025-05-05 12:00:00,53,Neck Rd (Q),106.1288
2025-05-05 12:00:00,54,"Sheepshead Bay (B,Q)",332.0432
2025-05-05 12:00:00,55,"Brighton Beach (B,Q)",433.4804
2025-05-05 12:00:00,56,Ocean Pkwy (Q),106.9411
2025-05-05 12:00:00,57,"W 8 St-NY Aquarium (F,Q)",213.5751
2025-05-05 12:00:00,58,"Coney Island-Stillwell Av (D,F,N,Q)",702.2384
2025-05-05 12:00:00,59,9 Av (D),138.845
2025-05-05 12:00:00,60,Fort Hamilton Pkwy (D),129.8526
2025-05-05 12:00:00,61,50 St (D),99.3479
2025-05-05 12:00:00,62,55 St (D),45.329
2025-05-05 12:00:00,64,71 St (D),114.57939999999999
2025-05-05 12:00:00,65,79 St (D),138.6558
2025-05-05 12:00:00,66,18 Av (D),151.398
2025-05-05 12:00:00,67,20 Av (D),131.2612
2025-05-05 12:00:00,68,Bay Pkwy (D),213.82319999999999
2025-05-05 12:00:00,69,25 Av (D),104.5953
2025-05-05 12:00:00,70,Bay 50 St (D),86.2988
2025-05-05 12:00:00,71,8 Av (N),456.5351
2025-05-05 12:00:00,72,Fort Hamilton Pkwy (N),185.7127
2025-05-05 12:00:00,74,18 Av (N),138.74
2025-05-05 12:00:00,75,20 Av (N),83.795
2025-05-05 12:00:00,76,Bay Pkwy (N),178.7053
2025-05-05 12:00:00,77,Kings Hwy (N),149.1106
2025-05-05 12:00:00,78,Avenue U (N),92.04690000000001
2025-05-05 12:00:00,79,86 St (N),87.3623
2025-05-05 12:00:00,80,"121 St (J,Z)",51.8334
2025-05-05 12:00:00,81,111 St (J),55.4854
2025-05-05 12:00:00,82,"104 St (J,Z)",69.8235
2025-05-05 12:00:00,83,"Woodhaven Blvd (J,Z)",133.0567
2025-05-05 12:00:00,84,85 St-Forest Pkwy (J),40.7233
2025-05-05 12:00:00,85,"75 St-Elderts Ln (J,Z)",90.3098
2025-05-05 12:00:00,86,Cypress Hills (J),13.0217
2025-05-05 12:00:00,87,"Crescent St (J,Z)",103.8309
2025-05-05 12:00:00,88,"Norwood Av (J,Z)",44.717800000000004
2025-05-05 12:00:00,89,Cleveland St (J),50.0842
2025-05-05 12:00:00,90,"Van Siclen Av (J,Z)",61.7758
2025-05-05 12:00:00,91,Alabama Av (J),49.2955
2025-05-05 12:00:00,93,"Chauncey St (J,Z)",51.3765
2025-05-05 12:00:00,94,Halsey St (J),120.7144
2025-05-05 12:00:00,95,"Gates Av (J,Z)",131.97129999999999
2025-05-05 12:00:00,96,Kosciuszko St (J),107.5005
2025-05-05 12:00:00,97,"Myrtle Av (M,J,Z)",254.45839999999998
2025-05-05 12:00:00,98,"Flushing Av (M,J)",245.6163
2025-05-05 12:00:00,99,"Lorimer St (M,J)",100.1087
2025-05-05 12:00:00,100,"Hewes St (M,J)",55.9215
2025-05-05 12:00:00,101,"Marcy Av (M,J,Z)",341.5378
2025-05-05 12:00:00,103,"Bowery (J,Z)",122.431
2025-05-05 12:00:00,107,"Broad St (J,Z)",166.6154
2025-05-05 12:00:00,108,Middle Village-Metropolitan Av (M),85.3454
2025-05-05 12:00:00,109,Fresh Pond Rd (M),122.068
2025-05-05 12:00:00,110,Forest Av (M),95.03
2025-05-05 12:00:00,111,Seneca Av (M),52.3893
2025-05-05 12:00:00,113,Knickerbocker Av (M),81.0719
2025-05-05 12:00:00,114,Central Av (M),82.0661
2025-05-05 12:00:00,118,3 Av (L),255.9457
2025-05-05 12:00:00,119,1 Av (L),838.6837
2025-05-05 12:00:00,120,Bedford Av (L),1285.981
2025-05-05 12:00:00,122,Graham Av (L),225.2957
2025-05-05 12:00:00,123,Grand St (L),159.5383
2025-05-05 12:00:00,124,Montrose Av (L),160.8607
2025-05-05 12:00:00,125,Morgan Av (L),233.6146
2025-05-05 12:00:00,126,Jefferson St (L),241.5319
2025-05-05 12:00:00,127,DeKalb Av (L),282.9068
2025-05-05 12:00:00,129,Halsey St (L),194.2424
2025-05-05 12:00:00,130,Wilson Av (L),109.2521
2025-05-05 12:00:00,131,Bushwick Av-Aberdeen St (L),57.8687
2025-05-05 12:00:00,133,Atlantic Av (L),52.0179
2025-05-05 12:00:00,134,Sutter Av (L),65.7827
2025-05-05 12:00:00,135,Livonia Av (L),75.0719
2025-05-05 12:00:00,136,New Lots Av (L),82.0492
2025-05-05 12:00:00,137,East 105 St (L),48.8504
2025-05-05 12:00:00,138,Canarsie-Rockaway Pkwy (L),182.5134
2025-05-05 12:00:00,141,Park Pl (S),48.0055
2025-05-05 12:00:00,143,Inwood-207 St (A),194.4819
2025-05-05 12:00:00,144,Dyckman St (A),226.3143
2025-05-05 12:00:00,145,190 St (A),128.9562
2025-05-05 12:00:00,146,181 St (A),248.9844
2025-05-05 12:00:00,147,175 St (A),250.9247
2025-05-05 12:00:00,149,163 St-Amsterdam Av (C),95.4869
2025-05-05 12:00:00,150,155 St (C),60.2004
2025-05-05 12:00:00,151,"145 St (A,C,B,D)",592.925
2025-05-05 12:00:00,152,"135 St (C,B)",144.5302
2025-05-05 12:00:00,153,"125 St (A,C,B,D)",774.0204
2025-05-05 12:00:00,154,"116 St (C,B)",183.5508
2025-05-05 12:00:00,155,"Cathedral Pkwy (110 St) (C,B)",212.3345
2025-05-05 12:00:00,156,"103 St (C,B)",146.5316
2025-05-05 12:00:00,157,"96 St (C,B)",347.71229999999997
2025-05-05 12:00:00,158,"86 St (C,B)",413.1496
2025-05-05 12:00:00,159,"81 St-Museum of Natural History (C,B)",835.6821
2025-05-05 12:00:00,160,"72 St (C,B)",585.9791
2025-05-05 12:00:00,162,"50 St (C,E)",620.2037
2025-05-05 12:00:00,164,"34 St-Penn Station (A,C,E)",2201.6693
2025-05-05 12:00:00,165,"23 St (C,E)",675.4374
2025-05-05 12:00:00,167,"W 4 St-Wash Sq (A,C,E,B,D,F,M)",1764.9334
2025-05-05 12:00:00,168,"Spring St (C,E)",540.0332
2025-05-05 12:00:00,169,"Canal St (A,C,E)",547.0403
2025-05-05 12:00:00,173,"High St (A,C)",490.0942
2025-05-05 12:00:00,175,"Hoyt-Schermerhorn Sts (A,C,G)",397.316
2025-05-05 12:00:00,176,Lafayette Av (C),200.0388
2025-05-05 12:00:00,177,Clinton-Washington Avs (C),170.4369
2025-05-05 12:00:00,179,"Nostrand Av (A,C)",411.2332
2025-05-05 12:00:00,180,Kingston-Throop Avs (C),134.7577
2025-05-05 12:00:00,181,"Utica Av (A,C)",305.361
2025-05-05 12:00:00,182,Ralph Av (C),112.0023
2025-05-05 12:00:00,183,Rockaway Av (C),122.788
2025-05-05 12:00:00,185,Liberty Av (C),52.9244
2025-05-05 12:00:00,186,Van Siclen Av (C),51.1667
2025-05-05 12:00:00,187,Shepherd Av (C),56.7048
2025-05-05 12:00:00,188,"Euclid Av (A,C)",217.7027
2025-05-05 12:00:00,189,Grant Av (A),102.2041
2025-05-05 12:00:00,190,80 St (A),81.4315
2025-05-05 12:00:00,191,88 St (A),56.472899999999996
2025-05-05 12:00:00,192,Rockaway Blvd (A),177.739
2025-05-05 12:00:00,193,104 St (A),35.7032
2025-05-05 12:00:00,194,111 St (A),38.8285
2025-05-05 12:00:00,195,Ozone Park-Lefferts Blvd (A),146.4244
2025-05-05 12:00:00,196,Aqueduct Racetrack (A),44.9294
2025-05-05 12:00:00,197,Aqueduct-N Conduit Av (A),20.1931
2025-05-05 12:00:00,198,Howard Beach-JFK Airport (A),214.64
2025-05-05 12:00:00,199,"Broad Channel (A,S)",2.672
2025-05-05 12:00:00,200,"Beach 90 St (A,S)",27.0139
2025-05-05 12:00:00,201,"Beach 98 St (A,S)",11.06
2025-05-05 12:00:00,202,"Beach 105 St (A,S)",10.4102
2025-05-05 12:00:00,203,"Rockaway Park-Beach 116 St (A,S)",14.1548
2025-05-05 12:00:00,204,Beach 67 St (A),36.1681
2025-05-05 12:00:00,205,Beach 60 St (A),14.3187
2025-05-05 12:00:00,206,Beach 44 St (A),5.7434
2025-05-05 12:00:00,207,Beach 36 St (A),7.8628
2025-05-05 12:00:00,208,Beach 25 St (A),10.2768
2025-05-05 12:00:00,209,Far Rockaway-Mott Av (A),49.6742
2025-05-05 12:00:00,210,Norwood-205 St (D),136.8602
2025-05-05 12:00:00,211,"Bedford Park Blvd (B,D)",149.9092
2025-05-05 12:00:00,212,"Kingsbridge Rd (B,D)",118.7256
2025-05-05 12:00:00,213,"Fordham Rd (B,D)",218.7147
2025-05-05 12:00:00,214,"182-183 Sts (B,D)",93.113
2025-05-05 12:00:00,215,"Tremont Av (B,D)",146.5607
2025-05-05 12:00:00,216,"174-175 Sts (B,D)",82.691
2025-05-05 12:00:00,217,"170 St (B,D)",116.8849
2025-05-05 12:00:00,218,"167 St (B,D)",152.6479
2025-05-05 12:00:00,220,"155 St (B,D)",72.8995
2025-05-05 12:00:00,221,21 St-Queensbridge (F),277.728
2025-05-05 12:00:00,222,Roosevelt Island (F),309.8254
2025-05-05 12:00:00,223,"Lexington Av/63 St (F,Q)",730.1212
2025-05-05 12:00:00,224,57 St (F),663.4132
2025-05-05 12:00:00,225,"47-50 Sts-Rockefeller Ctr (B,D,F,M)",1693.8822
2025-05-05 12:00:00,228,"23 St (F,M)",754.9475
2025-05-05 12:00:00,231,"Grand St (B,D)",996.2195
2025-05-05 12:00:00,232,2 Av (F),639.1194
2025-05-05 12:00:00,234,East Broadway (F),531.2814999999999
2025-05-05 12:00:00,235,York St (F),633.7754
2025-05-05 12:00:00,236,"Bergen St (F,G)",264.5401
2025-05-05 12:00:00,237,"Carroll St (F,G)",243.0831
2025-05-05 12:00:00,238,"Smith-9 Sts (F,G)",100.389
2025-05-05 12:00:00,240,"7 Av (F,G)",317.8211
2025-05-05 12:00:00,241,"15 St-Prospect Park (F,G)",168.2871
2025-05-05 12:00:00,242,"Fort Hamilton Pkwy (F,G)",145.9922
2025-05-05 12:00:00,243,"Church Av (F,G)",237.6019
2025-05-05 12:00:00,244,Ditmas Av (F),80.5574
2025-05-05 12:00:00,245,18 Av (F),90.7388
2025-05-05 12:00:00,246,Avenue I (F),41.5085
2025-05-05 12:00:00,247,Bay Pkwy (F),24.1874
2025-05-05 12:00:00,248,Avenue N (F),63.7952
2025-05-05 12:00:00,249,Avenue P (F),49.4231
2025-05-05 12:00:00,250,Kings Hwy (F),99.1356
2025-05-05 12:00:00,251,Avenue U (F),47.2686
2025-05-05 12:00:00,252,Avenue X (F),70.07130000000001
2025-05-05 12:00:00,253,Neptune Av (F),35.0261
2025-05-05 12:00:00,254,Jamaica-179 St (F),344.19509999999997
2025-05-05 12:00:00,255,169 St (F),194.5648
2025-05-05 12:00:00,256,Parsons Blvd (F),150.58089999999999
2025-05-05 12:00:00,257,Sutphin Blvd (F),92.7028
2025-05-05 12:00:00,258,"Briarwood (E,F)",107.0462
2025-05-05 12:00:00,259,"Kew Gardens-Union Tpke (E,F)",570.6116
2025-05-05 12:00:00,260,"75 Av (E,F)",83.3063
2025-05-05 12:00:00,261,"Forest Hills-71 Av (E,F,M,R)",735.7388
2025-05-05 12:00:00,262,"67 Av (M,R)",159.6928
2025-05-05 12:00:00,263,"63 Dr-Rego Park (M,R)",383.2167
2025-05-05 12:00:00,264,"Woodhaven Blvd (M,R)",591.7423
2025-05-05 12:00:00,265,"Grand Av-Newtown (M,R)",451.1707
2025-05-05 12:00:00,266,"Elmhurst Av (M,R)",315.9689
2025-05-05 12:00:00,268,"65 St (M,R)",77.833
2025-05-05 12:00:00,269,"Northern Blvd (M,R)",148.8666
2025-05-05 12:00:00,270,"46 St (M,R)",175.4823
2025-05-05 12:00:00,271,"Steinway St (M,R)",316.7435
2025-05-05 12:00:00,272,"36 St (M,R)",100.2808
2025-05-05 12:00:00,273,"Queens Plaza (E,M,R)",409.0854
2025-05-05 12:00:00,276,"5 Av/53 St (E,M)",489.6457
2025-05-05 12:00:00,277,"7 Av (E,B,D)",612.7615
2025-05-05 12:00:00,278,"Jamaica Center-Parsons/Archer (E,J,Z)",689.0484
2025-05-05 12:00:00,279,"Sutphin Blvd-Archer Av-JFK Airport (E,J,Z)",892.2214
2025-05-05 12:00:00,280,Jamaica-Van Wyck (E),101.2377
2025-05-05 12:00:00,282,21 St (G),56.2911
2025-05-05 12:00:00,283,Greenpoint Av (G),302.9381
2025-05-05 12:00:00,284,Nassau Av (G),311.6103
2025-05-05 12:00:00,286,Broadway (G),102.1283
2025-05-05 12:00:00,287,Flushing Av (G),74.0252
2025-05-05 12:00:00,288,Myrtle-Willoughby Avs (G),111.0988
2025-05-05 12:00:00,289,Bedford-Nostrand Avs (G),164.0417
2025-05-05 12:00:00,290,Classon Av (G),120.3791
2025-05-05 12:00:00,291,Clinton-Washington Avs (G),156.1164
2025-05-05 12:00:00,292,Fulton St (G),219.0683
2025-05-05 12:00:00,293,Van Cortlandt Park-242 St (1),139.5607
2025-05-05 12:00:00,294,238 St (1),99.2529
2025-05-05 12:00:00,295,231 St (1),233.5542
2025-05-05 12:00:00,296,Marble Hill-225 St (1),131.1363
2025-05-05 12:00:00,297,215 St (1),62.886700000000005
2025-05-05 12:00:00,298,207 St (1),152.0487
2025-05-05 12:00:00,299,Dyckman St (1),186.1574
2025-05-05 12:00:00,300,191 St (1),162.0106
2025-05-05 12:00:00,301,181 St (1),284.6787
2025-05-05 12:00:00,303,157 St (1),243.1732
2025-05-05 12:00:00,304,145 St (1),234.6789
2025-05-05 12:00:00,305,137 St-City College (1),333.888
2025-05-05 12:00:00,306,125 St (1),252.8148
2025-05-05 12:00:00,307,116 St-Columbia University (1),510.3009
2025-05-05 12:00:00,308,Cathedral Pkwy (110 St) (1),391.3838
2025-05-05 12:00:00,309,103 St (1),391.3312
2025-05-05 12:00:00,310,"96 St (1,2,3)",1094.9504
2025-05-05 12:00:00,311,86 St (1),530.6745
2025-05-05 12:00:00,312,79 St (1),513.8668
2025-05-05 12:00:00,313,"72 St (1,2,3)",1491.2425
2025-05-05 12:00:00,314,66 St-Lincoln Center (1),624.9352
2025-05-05 12:00:00,316,50 St (1),752.0704
2025-05-05 12:00:00,318,"34 St-Penn Station (1,2,3)",2079.6227
2025-05-05 12:00:00,319,28 St (1),491.2731
2025-05-05 12:00:00,320,23 St (1),497.5446
2025-05-05 12:00:00,321,18 St (1),250.8564
2025-05-05 12:00:00,323,Christopher St-Sheridan Sq (1),492.2984
2025-05-05 12:00:00,324,Houston St (1),467.2331
2025-05-05 12:00:00,325,Canal St (1),182.0932
2025-05-05 12:00:00,326,Franklin St (1),206.8626
2025-05-05 12:00:00,327,"Chambers St (1,2,3)",580.9767
2025-05-05 12:00:00,328,WTC Cortlandt (1),582.5495
2025-05-05 12:00:00,329,Rector St (1),221.6567
2025-05-05 12:00:00,333,"Wall St (2,3)",502.7337
2025-05-05 12:00:00,334,"Clark St (2,3)",228.3077
2025-05-05 12:00:00,336,"Hoyt St (2,3)",247.5182
2025-05-05 12:00:00,337,"Nevins St (2,3,4,5)",303.0725
2025-05-05 12:00:00,339,"Bergen St (2,3)",115.336
2025-05-05 12:00:00,340,"Grand Army Plaza (2,3)",260.526
2025-05-05 12:00:00,341,"Eastern Pkwy-Brooklyn Museum (2,3)",168.61690000000002
2025-05-05 12:00:00,343,Nostrand Av (3),83.141
2025-05-05 12:00:00,344,Kingston Av (3),105.7351
2025-05-05 12:00:00,345,"Crown Hts-Utica Av (3,4)",516.9338
2025-05-05 12:00:00,346,Sutter Av-Rutland Rd (3),140.4101
2025-05-05 12:00:00,347,Saratoga Av (3),103.3325
2025-05-05 12:00:00,348,Rockaway Av (3),102.3483
2025-05-05 12:00:00,349,Junius St (3),85.5851
2025-05-05 12:00:00,350,Pennsylvania Av (3),93.0835
2025-05-05 12:00:00,351,Van Siclen Av (3),59.4293
2025-05-05 12:00:00,352,New Lots Av (3),128.7829
2025-05-05 12:00:00,353,"President St-Medgar Evers College (2,5)",75.3427
2025-05-05 12:00:00,354,"Sterling St (2,5)",123.1212
2025-05-05 12:00:00,355,"Winthrop St (2,5)",176.2401
2025-05-05 12:00:00,356,"Church Av (2,5)",192.9398
2025-05-05 12:00:00,357,"Beverly Rd (2,5)",80.3114
2025-05-05 12:00:00,358,"Newkirk Av-Little Haiti (2,5)",156.3235
2025-05-05 12:00:00,359,"Flatbush Av-Brooklyn College (2,5)",470.8075
2025-05-05 12:00:00,360,Pelham Bay Park (6),171.66219999999998
2025-05-05 12:00:00,361,Buhre Av (6),72.3993
2025-05-05 12:00:00,362,Middletown Rd (6),34.9335
2025-05-05 12:00:00,363,Westchester Sq-E Tremont Av (6),108.2968
2025-05-05 12:00:00,364,Zerega Av (6),49.6908
2025-05-05 12:00:00,365,Castle Hill Av (6),135.5158
2025-05-05 12:00:00,366,Parkchester (6),274.3398
2025-05-05 12:00:00,367,St Lawrence Av (6),86.8014
2025-05-05 12:00:00,368,Morrison Av-Soundview (6),123.8602
2025-05-05 12:00:00,369,Elder Av (6),118.4968
2025-05-05 12:00:00,370,Whitlock Av (6),34.7211
2025-05-05 12:00:00,371,Hunts Point Av (6),213.6131
2025-05-05 12:00:00,372,Longwood Av (6),70.2049
2025-05-05 12:00:00,373,E 149 St (6),114.8991
2025-05-05 12:00:00,374,E 143 St-St Mary's St (6),39.6371
2025-05-05 12:00:00,375,Cypress Av (6),62.8391
2025-05-05 12:00:00,376,Brook Av (6),107.8708
2025-05-05 12:00:00,377,3 Av-138 St (6),166.1027
2025-05-05 12:00:00,378,Woodlawn (4),167.627
2025-05-05 12:00:00,379,Mosholu Pkwy (4),153.1376
2025-05-05 12:00:00,380,Bedford Park Blvd-Lehman College (4),124.2607
2025-05-05 12:00:00,381,Kingsbridge Rd (4),174.9453
2025-05-05 12:00:00,382,Fordham Rd (4),224.1731
2025-05-05 12:00:00,383,183 St (4),123.2748
2025-05-05 12:00:00,384,Burnside Av (4),200.8276
2025-05-05 12:00:00,385,176 St (4),113.1761
2025-05-05 12:00:00,386,Mt Eden Av (4),97.4103
2025-05-05 12:00:00,387,170 St (4),177.8286
2025-05-05 12:00:00,388,167 St (4),212.9334
2025-05-05 12:00:00,391,"138 St-Grand Concourse (4,5)",88.8731
2025-05-05 12:00:00,392,"125 St (4,5,6)",629.7328
2025-05-05 12:00:00,393,116 St (6),417.37829999999997
2025-05-05 12:00:00,394,110 St (6),291.6724
2025-05-05 12:00:00,395,103 St (6),331.6513
2025-05-05 12:00:00,396,96 St (6),510.13349999999997
2025-05-05 12:00:00,397,"86 St (4,5,6)",1675.9205
2025-05-05 12:00:00,398,77 St (6),1046.2089
2025-05-05 12:00:00,399,68 St-Hunter College (6),1099.6271
2025-05-05 12:00:00,403,33 St (6),838.1621
2025-05-05 12:00:00,404,28 St (6),591.8774
2025-05-05 12:00:00,405,23 St (6),1036.5597
2025-05-05 12:00:00,407,Astor Pl (6),601.941
2025-05-05 12:00:00,409,Spring St (6),597.8343
2025-05-05 12:00:00,413,"Wall St (4,5)",457.826
2025-05-05 12:00:00,414,"Bowling Green (4,5)",797.2386
2025-05-05 12:00:00,416,Wakefield-241 St (2),109.5892
2025-05-05 12:00:00,417,"Nereid Av (2,5)",64.3761
2025-05-05 12:00:00,418,"233 St (2,5)",84.8762
2025-05-05 12:00:00,419,"225 St (2,5)",60.1208
2025-05-05 12:00:00,420,"219 St (2,5)",58.8986
2025-05-05 12:00:00,421,"Gun Hill Rd (2,5)",123.4297
2025-05-05 12:00:00,422,"Burke Av (2,5)",59.7768
2025-05-05 12:00:00,423,"Allerton Av (2,5)",95.1177
2025-05-05 12:00:00,424,"Pelham Pkwy (2,5)",189.3124
2025-05-05 12:00:00,425,"Bronx Park East (2,5)",44.3502
2025-05-05 12:00:00,426,"E 180 St (2,5)",193.9183
2025-05-05 12:00:00,427,"West Farms Sq-E Tremont Av (2,5)",160.4822
2025-05-05 12:00:00,428,"174 St (2,5)",153.5215
2025-05-05 12:00:00,429,"Freeman St (2,5)",107.9166
2025-05-05 12:00:00,430,"Simpson St (2,5)",203.8149
2025-05-05 12:00:00,431,"Intervale Av (2,5)",84.8679
2025-05-05 12:00:00,432,"Prospect Av (2,5)",150.9033
2025-05-05 12:00:00,433,"Jackson Av (2,5)",119.4465
2025-05-05 12:00:00,434,"3 Av-149 St (2,5)",500.1578
2025-05-05 12:00:00,436,Harlem-148 St (3),62.5526
2025-05-05 12:00:00,437,145 St (3),76.4996
2025-05-05 12:00:00,438,"135 St (2,3)",286.5798
2025-05-05 12:00:00,439,"125 St (2,3)",479.7262
2025-05-05 12:00:00,440,"116 St (2,3)",245.7937
2025-05-05 12:00:00,441,"Central Park North (110 St) (2,3)",224.602
2025-05-05 12:00:00,442,Eastchester-Dyre Av (5),93.4925
2025-05-05 12:00:00,443,Baychester Av (5),53.7926
2025-05-05 12:00:00,444,Gun Hill Rd (5),87.5705
2025-05-05 12:00:00,445,Pelham Pkwy (5),61.0404
2025-05-05 12:00:00,446,Morris Park (5),46.9622
2025-05-05 12:00:00,447,Flushing-Main St (7),1947.0972
2025-05-05 12:00:00,448,Mets-Willets Point (7),290.4703
2025-05-05 12:00:00,449,111 St (7),293.9811
2025-05-05 12:00:00,450,103 St-Corona Plaza (7),511.342
2025-05-05 12:00:00,451,Junction Blvd (7),694.9613
2025-05-05 12:00:00,452,90 St-Elmhurst Av (7),498.2817
2025-05-05 12:00:00,453,82 St-Jackson Hts (7),510.1423
2025-05-05 12:00:00,455,69 St (7),174.60150000000002
2025-05-05 12:00:00,456,61 St-Woodside (7),398.9041
2025-05-05 12:00:00,457,52 St (7),170.3826
2025-05-05 12:00:00,458,46 St-Bliss St (7),309.9347
2025-05-05 12:00:00,459,40 St-Lowery St (7),230.9325
2025-05-05 12:00:00,460,33 St-Rawson St (7),349.0198
2025-05-05 12:00:00,461,"Queensboro Plaza (7,N,W)",335.7163
2025-05-05 12:00:00,463,Hunters Point Av (7),103.25150000000001
2025-05-05 12:00:00,464,Vernon Blvd-Jackson Av (7),464.7002
2025-05-05 12:00:00,471,34 St-Hudson Yards (7),1020.9145
2025-05-05 12:00:00,475,96 St (Q),450.1749
2025-05-05 12:00:00,476,86 St (Q),647.4795
2025-05-05 12:00:00,477,72 St (Q),825.1825
2025-05-05 12:00:00,601,"14 St (F,M,1,2,3)/6 Av (L)",1695.1106
2025-05-05 12:00:00,602,"14 St-Union Sq (L,N,Q,R,W,4,5,6)",3810.4814
2025-05-05 12:00:00,603,"149 St-Grand Concourse (2,4,5)",267.5931
2025-05-05 12:00:00,604,"161 St-Yankee Stadium (B,D,4)",561.8255
2025-05-05 12:00:00,605,"168 St (A,C,1)",630.6417
2025-05-05 12:00:00,606,"Court Sq (E,G,M,7)",693.2078
2025-05-05 12:00:00,607,"34 St-Herald Sq (B,D,F,M,N,Q,R,W)",3551.2986
2025-05-05 12:00:00,608,"4 Av (F,G)/9 St (R)",351.132
2025-05-05 12:00:00,609,"Bryant Pk (B,D,F,M)/5 Av (7)",1793.6129
2025-05-05 12:00:00,610,"Grand Central-42 St (S,4,5,6,7)",3704.4563
2025-05-05 12:00:00,611,"Times Sq-42 St (N,Q,R,W,S,1,2,3,7)/42 St (A,C,E)",5166.1883
2025-05-05 12:00:00,612,"Lexington Av-53 St (E,M)/51 St (6)",1588.0405
2025-05-05 12:00:00,613,"Lexington Av (N,R,W)/59 St (4,5,6)",1670.5467
2025-05-05 12:00:00,614,"59 St-Columbus Circle (A,B,C,D,1)",2778.8748
2025-05-05 12:00:00,615,New Utrecht Av (N)/62 St (D),132.662
2025-05-05 12:00:00,616,"74-Broadway (7)/Jackson Hts-Roosevelt Av (E,F,M,R)",1792.6713
2025-05-05 12:00:00,617,"Atlantic Av-Barclays Ctr (B,D,N,Q,R,2,3,4,5)",1558.8177
2025-05-05 12:00:00,618,"14 St (A,C,E)/8 Av (L)",1855.3898
2025-05-05 12:00:00,619,"Broadway-Lafayette St (B,D,F,M)/Bleecker St (6)",1928.5676
2025-05-05 12:00:00,620,"Court St (R)/Borough Hall (2,3,4,5)",921.0266
2025-05-05 12:00:00,621,"Broadway Junction (A,C,J,L,Z)",196.53130000000002
2025-05-05 12:00:00,622,"Brooklyn Bridge-City Hall (4,5,6)/Chambers St (J,Z)",942.0746
2025-05-05 12:00:00,623,"Canal St (J,N,Q,R,W,Z,6)",2044.5609
2025-05-05 12:00:00,624,"Chambers St (A,C)/WTC (E)/Park Pl (2,3)/Cortlandt (R,W)",1849.3378
2025-05-05 12:00:00,625,"Delancey St (F)/Essex St (J,M,Z)",954.5846
2025-05-05 12:00:00,626,"Franklin Av (2,3,4,5)/Botanic Garden (S)",361.5185
2025-05-05 12:00:00,627,"Franklin Av (C,S)",155.8084
2025-05-05 12:00:00,628,"Fulton St (A,C,J,Z,2,3,4,5)",2523.7487
2025-05-05 12:00:00,629,Lorimer St (L)/Metropolitan Av (G),467.7536
2025-05-05 12:00:00,630,"Myrtle-Wyckoff Avs (L,M)",496.7235
2025-05-05 12:00:00,635,"South Ferry (1)/Whitehall St (R,W)",1089.6459
2025-05-05 12:00:00,636,"Jay St-MetroTech (A,C,F,R)",1281.2508
2025-05-05 13:00:00,1,"Astoria-Ditmars Blvd (N,W)",415.0123
2025-05-05 13:00:00,2,"Astoria Blvd (N,W)",287.2846
2025-05-05 13:00:00,3,"30 Av (N,W)",399.367
2025-05-05 13:00:00,4,"Broadway (N,W)",334.8404
2025-05-05 13:00:00,5,"36 Av (N,W)",185.7677
2025-05-05 13:00:00,6,"39 Av-Dutch Kills (N,W)",107.9304
2025-05-05 13:00:00,8,"5 Av/59 St (N,R,W)",444.132
2025-05-05 13:00:00,9,"57 St-7 Av (N,Q,R,W)",1287.0937
2025-05-05 13:00:00,10,"49 St (N,R,W)",848.806
2025-05-05 13:00:00,13,"28 St (R,W)",463.8867
2025-05-05 13:00:00,14,"23 St (R,W)",804.2626
2025-05-05 13:00:00,16,"8 St-NYU (R,W)",715.773
2025-05-05 13:00:00,17,"Prince St (R,W)",756.8438
2025-05-05 13:00:00,20,"City Hall (R,W)",199.4932
2025-05-05 13:00:00,22,"Rector St (R,W)",160.709
2025-05-05 13:00:00,26,"DeKalb Av (B,Q,R)",742.7224
2025-05-05 13:00:00,28,Union St (R),272.115
2025-05-05 13:00:00,30,Prospect Av (R),173.9315
2025-05-05 13:00:00,31,25 St (R),162.7462
2025-05-05 13:00:00,32,"36 St (D,N,R)",507.7048
2025-05-05 13:00:00,33,45 St (R),245.1093
2025-05-05 13:00:00,34,53 St (R),289.4392
2025-05-05 13:00:00,35,"59 St (N,R)",419.7128
2025-05-05 13:00:00,36,Bay Ridge Av (R),262.7144
2025-05-05 13:00:00,37,77 St (R),135.1198
2025-05-05 13:00:00,38,86 St (R),339.9692
2025-05-05 13:00:00,39,Bay Ridge-95 St (R),156.5795
2025-05-05 13:00:00,41,"7 Av (B,Q)",311.9557
2025-05-05 13:00:00,42,"Prospect Park (B,Q,S)",415.3539
2025-05-05 13:00:00,43,Parkside Av (Q),191.8301
2025-05-05 13:00:00,44,"Church Av (B,Q)",389.0277
2025-05-05 13:00:00,45,Beverley Rd (Q),106.2868
2025-05-05 13:00:00,46,Cortelyou Rd (Q),192.0148
2025-05-05 13:00:00,47,"Newkirk Plaza (B,Q)",289.3395
2025-05-05 13:00:00,48,Avenue H (Q),99.4177
2025-05-05 13:00:00,49,Avenue J (Q),187.5808
2025-05-05 13:00:00,50,Avenue M (Q),176.07739999999998
2025-05-05 13:00:00,51,"Kings Hwy (B,Q)",607.7962
2025-05-05 13:00:00,52,Avenue U (Q),219.7798
2025-05-05 13:00:00,53,Neck Rd (Q),117.5941
2025-05-05 13:00:00,54,"Sheepshead Bay (B,Q)",398.2901
2025-05-05 13:00:00,55,"Brighton Beach (B,Q)",416.8734
2025-05-05 13:00:00,56,Ocean Pkwy (Q),132.4667
2025-05-05 13:00:00,57,"W 8 St-NY Aquarium (F,Q)",182.2255
2025-05-05 13:00:00,58,"Coney Island-Stillwell Av (D,F,N,Q)",725.9679
2025-05-05 13:00:00,59,9 Av (D),175.0003
2025-05-05 13:00:00,60,Fort Hamilton Pkwy (D),136.1052
2025-05-05 13:00:00,61,50 St (D),133.3049
2025-05-05 13:00:00,62,55 St (D),67.8488
2025-05-05 13:00:00,64,71 St (D),156.3196
2025-05-05 13:00:00,65,79 St (D),152.1763
2025-05-05 13:00:00,66,18 Av (D),176.5396
2025-05-05 13:00:00,67,20 Av (D),157.7154
2025-05-05 13:00:00,68,Bay Pkwy (D),236.1586
2025-05-05 13:00:00,69,25 Av (D),114.5412
2025-05-05 13:00:00,70,Bay 50 St (D),96.9048
2025-05-05 13:00:00,71,8 Av (N),481.2576
2025-05-05 13:00:00,72,Fort Hamilton Pkwy (N),237.0773
2025-05-05 13:00:00,74,18 Av (N),176.0761
2025-05-05 13:00:00,75,20 Av (N),131.28810000000001
2025-05-05 13:00:00,76,Bay Pkwy (N),224.3178
2025-05-05 13:00:00,77,Kings Hwy (N),172.8415
2025-05-05 13:00:00,78,Avenue U (N),125.7622
2025-05-05 13:00:00,79,86 St (N),104.7904
2025-05-05 13:00:00,80,"121 St (J,Z)",78.2731
2025-05-05 13:00:00,81,111 St (J),79.9179
2025-05-05 13:00:00,82,"104 St (J,Z)",84.2151
2025-05-05 13:00:00,83,"Woodhaven Blvd (J,Z)",170.0401
2025-05-05 13:00:00,84,85 St-Forest Pkwy (J),67.6336
2025-05-05 13:00:00,85,"75 St-Elderts Ln (J,Z)",129.8946
2025-05-05 13:00:00,86,Cypress Hills (J),14.6548
2025-05-05 13:00:00,87,"Crescent St (J,Z)",144.6453
2025-05-05 13:00:00,88,"Norwood Av (J,Z)",82.8473
2025-05-05 13:00:00,89,Cleveland St (J),59.4745
2025-05-05 13:00:00,90,"Van Siclen Av (J,Z)",81.1007
2025-05-05 13:00:00,91,Alabama Av (J),61.0581
2025-05-05 13:00:00,93,"Chauncey St (J,Z)",66.9687
2025-05-05 13:00:00,94,Halsey St (J),142.7825
2025-05-05 13:00:00,95,"Gates Av (J,Z)",157.73
2025-05-05 13:00:00,96,Kosciuszko St (J),129.445
2025-05-05 13:00:00,97,"Myrtle Av (M,J,Z)",303.8681
2025-05-05 13:00:00,98,"Flushing Av (M,J)",283.9726
2025-05-05 13:00:00,99,"Lorimer St (M,J)",123.04509999999999
2025-05-05 13:00:00,100,"Hewes St (M,J)",75.4028
2025-05-05 13:00:00,101,"Marcy Av (M,J,Z)",383.4046
2025-05-05 13:00:00,103,"Bowery (J,Z)",146.1607
2025-05-05 13:00:00,107,"Broad St (J,Z)",178.5791
2025-05-05 13:00:00,108,Middle Village-Metropolitan Av (M),107.9696
2025-05-05 13:00:00,109,Fresh Pond Rd (M),165.0898
2025-05-05 13:00:00,110,Forest Av (M),117.5041
2025-05-05 13:00:00,111,Seneca Av (M),68.7991
2025-05-05 13:00:00,113,Knickerbocker Av (M),119.7935
2025-05-05 13:00:00,114,Central Av (M),94.0457
2025-05-05 13:00:00,118,3 Av (L),272.3182
2025-05-05 13:00:00,119,1 Av (L),952.2311
2025-05-05 13:00:00,120,Bedford Av (L),1398.7009
2025-05-05 13:00:00,122,Graham Av (L),278.1528
2025-05-05 13:00:00,123,Grand St (L),182.6077
2025-05-05 13:00:00,124,Montrose Av (L),189.1524
2025-05-05 13:00:00,125,Morgan Av (L),277.3298
2025-05-05 13:00:00,126,Jefferson St (L),321.8097
2025-05-05 13:00:00,127,DeKalb Av (L),370.4501
2025-05-05 13:00:00,129,Halsey St (L),218.1613
2025-05-05 13:00:00,130,Wilson Av (L),127.9752
2025-05-05 13:00:00,131,Bushwick Av-Aberdeen St (L),61.916199999999996
2025-05-05 13:00:00,133,Atlantic Av (L),68.6553
2025-05-05 13:00:00,134,Sutter Av (L),102.6016
2025-05-05 13:00:00,135,Livonia Av (L),100.5459
2025-05-05 13:00:00,136,New Lots Av (L),89.2615
2025-05-05 13:00:00,137,East 105 St (L),69.3335
2025-05-05 13:00:00,138,Canarsie-Rockaway Pkwy (L),226.0761
2025-05-05 13:00:00,141,Park Pl (S),54.906
2025-05-05 13:00:00,143,Inwood-207 St (A),251.359
2025-05-05 13:00:00,144,Dyckman St (A),250.2509
2025-05-05 13:00:00,145,190 St (A),157.536
2025-05-05 13:00:00,146,181 St (A),287.1096
2025-05-05 13:00:00,147,175 St (A),288.9258
2025-05-05 13:00:00,149,163 St-Amsterdam Av (C),117.9366
2025-05-05 13:00:00,150,155 St (C),67.7987
2025-05-05 13:00:00,151,"145 St (A,C,B,D)",683.6409
2025-05-05 13:00:00,152,"135 St (C,B)",154.2717
2025-05-05 13:00:00,153,"125 St (A,C,B,D)",909.2331
2025-05-05 13:00:00,154,"116 St (C,B)",224.8308
2025-05-05 13:00:00,155,"Cathedral Pkwy (110 St) (C,B)",285.6588
2025-05-05 13:00:00,156,"103 St (C,B)",194.8186
2025-05-05 13:00:00,157,"96 St (C,B)",424.543
2025-05-05 13:00:00,158,"86 St (C,B)",466.4469
2025-05-05 13:00:00,159,"81 St-Museum of Natural History (C,B)",822.0073
2025-05-05 13:00:00,160,"72 St (C,B)",635.1985
2025-05-05 13:00:00,162,"50 St (C,E)",709.6037
2025-05-05 13:00:00,164,"34 St-Penn Station (A,C,E)",2421.0670999999998
2025-05-05 13:00:00,165,"23 St (C,E)",693.4447
2025-05-05 13:00:00,167,"W 4 St-Wash Sq (A,C,E,B,D,F,M)",1911.5945
2025-05-05 13:00:00,168,"Spring St (C,E)",555.8046
2025-05-05 13:00:00,169,"Canal St (A,C,E)",610.0325
2025-05-05 13:00:00,173,"High St (A,C)",520.1001
2025-05-05 13:00:00,175,"Hoyt-Schermerhorn Sts (A,C,G)",434.70210000000003
2025-05-05 13:00:00,176,Lafayette Av (C),229.0505
2025-05-05 13:00:00,177,Clinton-Washington Avs (C),230.4248
2025-05-05 13:00:00,179,"Nostrand Av (A,C)",485.6234
2025-05-05 13:00:00,180,Kingston-Throop Avs (C),177.4995
2025-05-05 13:00:00,181,"Utica Av (A,C)",401.1585
2025-05-05 13:00:00,182,Ralph Av (C),136.6881
2025-05-05 13:00:00,183,Rockaway Av (C),140.5156
2025-05-05 13:00:00,185,Liberty Av (C),71.7492
2025-05-05 13:00:00,186,Van Siclen Av (C),86.9174
2025-05-05 13:00:00,187,Shepherd Av (C),64.8168
2025-05-05 13:00:00,188,"Euclid Av (A,C)",290.2477
2025-05-05 13:00:00,189,Grant Av (A),139.2794
2025-05-05 13:00:00,190,80 St (A),122.6669
2025-05-05 13:00:00,191,88 St (A),75.0866
2025-05-05 13:00:00,192,Rockaway Blvd (A),210.6591
2025-05-05 13:00:00,193,104 St (A),49.5678
2025-05-05 13:00:00,194,111 St (A),46.5687
2025-05-05 13:00:00,195,Ozone Park-Lefferts Blvd (A),170.5455
2025-05-05 13:00:00,196,Aqueduct Racetrack (A),50.7866
2025-05-05 13:00:00,197,Aqueduct-N Conduit Av (A),18.9653
2025-05-05 13:00:00,198,Howard Beach-JFK Airport (A),269.5197
2025-05-05 13:00:00,199,"Broad Channel (A,S)",1.937
2025-05-05 13:00:00,200,"Beach 90 St (A,S)",23.4123
2025-05-05 13:00:00,201,"Beach 98 St (A,S)",19.851
2025-05-05 13:00:00,202,"Beach 105 St (A,S)",9.3124
2025-05-05 13:00:00,203,"Rockaway Park-Beach 116 St (A,S)",15.8123
2025-05-05 13:00:00,204,Beach 67 St (A),41.2724
2025-05-05 13:00:00,205,Beach 60 St (A),23.6778
2025-05-05 13:00:00,206,Beach 44 St (A),9.3351
2025-05-05 13:00:00,207,Beach 36 St (A),7.3299
2025-05-05 13:00:00,208,Beach 25 St (A),17.424
2025-05-05 13:00:00,209,Far Rockaway-Mott Av (A),55.2648
2025-05-05 13:00:00,210,Norwood-205 St (D),183.1656
2025-05-05 13:00:00,211,"Bedford Park Blvd (B,D)",174.6994
2025-05-05 13:00:00,212,"Kingsbridge Rd (B,D)",158.9966
2025-05-05 13:00:00,213,"Fordham Rd (B,D)",238.4971
2025-05-05 13:00:00,214,"182-183 Sts (B,D)",120.1728
2025-05-05 13:00:00,215,"Tremont Av (B,D)",210.9648
2025-05-05 13:00:00,216,"174-175 Sts (B,D)",105.6963
2025-05-05 13:00:00,217,"170 St (B,D)",134.9013
2025-05-05 13:00:00,218,"167 St (B,D)",230.83249999999998
2025-05-05 13:00:00,220,"155 St (B,D)",81.744
2025-05-05 13:00:00,221,21 St-Queensbridge (F),336.944
2025-05-05 13:00:00,222,Roosevelt Island (F),343.4585
2025-05-05 13:00:00,223,"Lexington Av/63 St (F,Q)",742.5782
2025-05-05 13:00:00,224,57 St (F),691.5129
2025-05-05 13:00:00,225,"47-50 Sts-Rockefeller Ctr (B,D,F,M)",1699.388
2025-05-05 13:00:00,228,"23 St (F,M)",815.892
2025-05-05 13:00:00,231,"Grand St (B,D)",987.699
2025-05-05 13:00:00,232,2 Av (F),645.2381
2025-05-05 13:00:00,234,East Broadway (F),566.3234
2025-05-05 13:00:00,235,York St (F),621.7224
2025-05-05 13:00:00,236,"Bergen St (F,G)",305.928
2025-05-05 13:00:00,237,"Carroll St (F,G)",342.3716
2025-05-05 13:00:00,238,"Smith-9 Sts (F,G)",121.1916
2025-05-05 13:00:00,240,"7 Av (F,G)",369.2896
2025-05-05 13:00:00,241,"15 St-Prospect Park (F,G)",214.8201
2025-05-05 13:00:00,242,"Fort Hamilton Pkwy (F,G)",168.3322
2025-05-05 13:00:00,243,"Church Av (F,G)",272.2444
2025-05-05 13:00:00,244,Ditmas Av (F),104.0382
2025-05-05 13:00:00,245,18 Av (F),106.8115
2025-05-05 13:00:00,246,Avenue I (F),43.9979
2025-05-05 13:00:00,247,Bay Pkwy (F),27.1241
2025-05-05 13:00:00,248,Avenue N (F),82.3009
2025-05-05 13:00:00,249,Avenue P (F),61.4965
2025-05-05 13:00:00,250,Kings Hwy (F),115.3813
2025-05-05 13:00:00,251,Avenue U (F),54.8581
2025-05-05 13:00:00,252,Avenue X (F),81.43
2025-05-05 13:00:00,253,Neptune Av (F),50.3679
2025-05-05 13:00:00,254,Jamaica-179 St (F),488.4662
2025-05-05 13:00:00,255,169 St (F),220.8459
2025-05-05 13:00:00,256,Parsons Blvd (F),184.4432
2025-05-05 13:00:00,257,Sutphin Blvd (F),135.3365
2025-05-05 13:00:00,258,"Briarwood (E,F)",137.4393
2025-05-05 13:00:00,259,"Kew Gardens-Union Tpke (E,F)",662.8513
2025-05-05 13:00:00,260,"75 Av (E,F)",99.414
2025-05-05 13:00:00,261,"Forest Hills-71 Av (E,F,M,R)",818.114
2025-05-05 13:00:00,262,"67 Av (M,R)",214.1937
2025-05-05 13:00:00,263,"63 Dr-Rego Park (M,R)",418.3211
2025-05-05 13:00:00,264,"Woodhaven Blvd (M,R)",685.7746
2025-05-05 13:00:00,265,"Grand Av-Newtown (M,R)",591.1513
2025-05-05 13:00:00,266,"Elmhurst Av (M,R)",411.4157
2025-05-05 13:00:00,268,"65 St (M,R)",100.75750000000001
2025-05-05 13:00:00,269,"Northern Blvd (M,R)",211.0706
2025-05-05 13:00:00,270,"46 St (M,R)",242.9842
2025-05-05 13:00:00,271,"Steinway St (M,R)",387.635
2025-05-05 13:00:00,272,"36 St (M,R)",97.3365
2025-05-05 13:00:00,273,"Queens Plaza (E,M,R)",425.3828
2025-05-05 13:00:00,276,"5 Av/53 St (E,M)",473.8025
2025-05-05 13:00:00,277,"7 Av (E,B,D)",706.0375
2025-05-05 13:00:00,278,"Jamaica Center-Parsons/Archer (E,J,Z)",855.0268
2025-05-05 13:00:00,279,"Sutphin Blvd-Archer Av-JFK Airport (E,J,Z)",1012.9858
2025-05-05 13:00:00,280,Jamaica-Van Wyck (E),144.072
2025-05-05 13:00:00,282,21 St (G),63.926899999999996
2025-05-05 13:00:00,283,Greenpoint Av (G),332.1215
2025-05-05 13:00:00,284,Nassau Av (G),365.5398
2025-05-05 13:00:00,286,Broadway (G),123.2109
2025-05-05 13:00:00,287,Flushing Av (G),101.2851
2025-05-05 13:00:00,288,Myrtle-Willoughby Avs (G),147.3204
2025-05-05 13:00:00,289,Bedford-Nostrand Avs (G),226.6772
2025-05-05 13:00:00,290,Classon Av (G),137.2584
2025-05-05 13:00:00,291,Clinton-Washington Avs (G),185.9955
2025-05-05 13:00:00,292,Fulton St (G),196.2153
2025-05-05 13:00:00,293,Van Cortlandt Park-242 St (1),163.2792
2025-05-05 13:00:00,294,238 St (1),143.9087
2025-05-05 13:00:00,295,231 St (1),293.3292
2025-05-05 13:00:00,296,Marble Hill-225 St (1),142.6585
2025-05-05 13:00:00,297,215 St (1),67.7341
2025-05-05 13:00:00,298,207 St (1),186.2114
2025-05-05 13:00:00,299,Dyckman St (1),248.8378
2025-05-05 13:00:00,300,191 St (1),224.5961
2025-05-05 13:00:00,301,181 St (1),340.7558
2025-05-05 13:00:00,303,157 St (1),304.0468
2025-05-05 13:00:00,304,145 St (1),284.3603
2025-05-05 13:00:00,305,137 St-City College (1),377.1931
2025-05-05 13:00:00,306,125 St (1),290.5166
2025-05-05 13:00:00,307,116 St-Columbia University (1),507.94
2025-05-05 13:00:00,308,Cathedral Pkwy (110 St) (1),445.9443
2025-05-05 13:00:00,309,103 St (1),430.7335
2025-05-05 13:00:00,310,"96 St (1,2,3)",1250.8693
2025-05-05 13:00:00,311,86 St (1),617.7423
2025-05-05 13:00:00,312,79 St (1),582.8367
2025-05-05 13:00:00,313,"72 St (1,2,3)",1627.1613
2025-05-05 13:00:00,314,66 St-Lincoln Center (1),693.346
2025-05-05 13:00:00,316,50 St (1),791.4938
2025-05-05 13:00:00,318,"34 St-Penn Station (1,2,3)",2255.1446
2025-05-05 13:00:00,319,28 St (1),520.7568
2025-05-05 13:00:00,320,23 St (1),549.4177999999999
2025-05-05 13:00:00,321,18 St (1),294.1936
2025-05-05 13:00:00,323,Christopher St-Sheridan Sq (1),517.2803
2025-05-05 13:00:00,324,Houston St (1),472.0375
2025-05-05 13:00:00,325,Canal St (1),182.0598
2025-05-05 13:00:00,326,Franklin St (1),209.9204
2025-05-05 13:00:00,327,"Chambers St (1,2,3)",564.9849
2025-05-05 13:00:00,328,WTC Cortlandt (1),592.0132
2025-05-05 13:00:00,329,Rector St (1),252.0583
2025-05-05 13:00:00,333,"Wall St (2,3)",534.9398
2025-05-05 13:00:00,334,"Clark St (2,3)",259.9542
2025-05-05 13:00:00,336,"Hoyt St (2,3)",279.8181
2025-05-05 13:00:00,337,"Nevins St (2,3,4,5)",324.30740000000003
2025-05-05 13:00:00,339,"Bergen St (2,3)",143.8546
2025-05-05 13:00:00,340,"Grand Army Plaza (2,3)",301.895
2025-05-05 13:00:00,341,"Eastern Pkwy-Brooklyn Museum (2,3)",178.6326
2025-05-05 13:00:00,343,Nostrand Av (3),95.416
2025-05-05 13:00:00,344,Kingston Av (3),115.00189999999999
2025-05-05 13:00:00,345,"Crown Hts-Utica Av (3,4)",649.8865
2025-05-05 13:00:00,346,Sutter Av-Rutland Rd (3),202.3465
2025-05-05 13:00:00,347,Saratoga Av (3),131.943
2025-05-05 13:00:00,348,Rockaway Av (3),157.5664
2025-05-05 13:00:00,349,Junius St (3),89.7346
2025-05-05 13:00:00,350,Pennsylvania Av (3),118.0877
2025-05-05 13:00:00,351,Van Siclen Av (3),65.662
2025-05-05 13:00:00,352,New Lots Av (3),167.26579999999998
2025-05-05 13:00:00,353,"President St-Medgar Evers College (2,5)",87.6145
2025-05-05 13:00:00,354,"Sterling St (2,5)",145.5129
2025-05-05 13:00:00,355,"Winthrop St (2,5)",191.1014
2025-05-05 13:00:00,356,"Church Av (2,5)",259.366
2025-05-05 13:00:00,357,"Beverly Rd (2,5)",113.4051
2025-05-05 13:00:00,358,"Newkirk Av-Little Haiti (2,5)",200.336
2025-05-05 13:00:00,359,"Flatbush Av-Brooklyn College (2,5)",546.124
2025-05-05 13:00:00,360,Pelham Bay Park (6),186.6668
2025-05-05 13:00:00,361,Buhre Av (6),96.5389
2025-05-05 13:00:00,362,Middletown Rd (6),46.4583
2025-05-05 13:00:00,363,Westchester Sq-E Tremont Av (6),143.9511
2025-05-05 13:00:00,364,Zerega Av (6),59.9223
2025-05-05 13:00:00,365,Castle Hill Av (6),181.0422
2025-05-05 13:00:00,366,Parkchester (6),350.2762
2025-05-05 13:00:00,367,St Lawrence Av (6),111.1565
2025-05-05 13:00:00,368,Morrison Av-Soundview (6),164.3849
2025-05-05 13:00:00,369,Elder Av (6),183.8408
2025-05-05 13:00:00,370,Whitlock Av (6),47.5861
2025-05-05 13:00:00,371,Hunts Point Av (6),265.0134
2025-05-05 13:00:00,372,Longwood Av (6),68.7483
2025-05-05 13:00:00,373,E 149 St (6),139.2294
2025-05-05 13:00:00,374,E 143 St-St Mary's St (6),54.9807
2025-05-05 13:00:00,375,Cypress Av (6),75.3817
2025-05-05 13:00:00,376,Brook Av (6),144.4523
2025-05-05 13:00:00,377,3 Av-138 St (6),210.4702
2025-05-05 13:00:00,378,Woodlawn (4),195.86339999999998
2025-05-05 13:00:00,379,Mosholu Pkwy (4),193.3999
2025-05-05 13:00:00,380,Bedford Park Blvd-Lehman College (4),161.6895
2025-05-05 13:00:00,381,Kingsbridge Rd (4),243.5983
2025-05-05 13:00:00,382,Fordham Rd (4),288.066
2025-05-05 13:00:00,383,183 St (4),160.4726
2025-05-05 13:00:00,384,Burnside Av (4),244.4287
2025-05-05 13:00:00,385,176 St (4),160.0176
2025-05-05 13:00:00,386,Mt Eden Av (4),131.4225
2025-05-05 13:00:00,387,170 St (4),214.1457
2025-05-05 13:00:00,388,167 St (4),265.5406
2025-05-05 13:00:00,391,"138 St-Grand Concourse (4,5)",114.0119
2025-05-05 13:00:00,392,"125 St (4,5,6)",771.3388
2025-05-05 13:00:00,393,116 St (6),472.3448
2025-05-05 13:00:00,394,110 St (6),344.0636
2025-05-05 13:00:00,395,103 St (6),439.262
2025-05-05 13:00:00,396,96 St (6),615.3923
2025-05-05 13:00:00,397,"86 St (4,5,6)",1806.2735
2025-05-05 13:00:00,398,77 St (6),1093.6693
2025-05-05 13:00:00,399,68 St-Hunter College (6),956.7345
2025-05-05 13:00:00,403,33 St (6),877.3117
2025-05-05 13:00:00,404,28 St (6),639.3303
2025-05-05 13:00:00,405,23 St (6),1041.6461
2025-05-05 13:00:00,407,Astor Pl (6),605.1308
2025-05-05 13:00:00,409,Spring St (6),607.7945
2025-05-05 13:00:00,413,"Wall St (4,5)",484.8277
2025-05-05 13:00:00,414,"Bowling Green (4,5)",732.3668
2025-05-05 13:00:00,416,Wakefield-241 St (2),114.4268
2025-05-05 13:00:00,417,"Nereid Av (2,5)",71.5234
2025-05-05 13:00:00,418,"233 St (2,5)",116.55
2025-05-05 13:00:00,419,"225 St (2,5)",88.65090000000001
2025-05-05 13:00:00,420,"219 St (2,5)",56.8391
2025-05-05 13:00:00,421,"Gun Hill Rd (2,5)",167.1832
2025-05-05 13:00:00,422,"Burke Av (2,5)",75.7404
2025-05-05 13:00:00,423,"Allerton Av (2,5)",122.4544
2025-05-05 13:00:00,424,"Pelham Pkwy (2,5)",212.0898
2025-05-05 13:00:00,425,"Bronx Park East (2,5)",65.6007
2025-05-05 13:00:00,426,"E 180 St (2,5)",232.6942
2025-05-05 13:00:00,427,"West Farms Sq-E Tremont Av (2,5)",166.7666
2025-05-05 13:00:00,428,"174 St (2,5)",199.6652
2025-05-05 13:00:00,429,"Freeman St (2,5)",132.0602
2025-05-05 13:00:00,430,"Simpson St (2,5)",233.0513
2025-05-05 13:00:00,431,"Intervale Av (2,5)",87.45100000000001
2025-05-05 13:00:00,432,"Prospect Av (2,5)",175.0322
2025-05-05 13:00:00,433,"Jackson Av (2,5)",149.9861
2025-05-05 13:00:00,434,"3 Av-149 St (2,5)",575.5893
2025-05-05 13:00:00,436,Harlem-148 St (3),98.2656
2025-05-05 13:00:00,437,145 St (3),85.5614
2025-05-05 13:00:00,438,"135 St (2,3)",365.8293
2025-05-05 13:00:00,439,"125 St (2,3)",507.8194
2025-05-05 13:00:00,440,"116 St (2,3)",283.776
2025-05-05 13:00:00,441,"Central Park North (110 St) (2,3)",268.0672
2025-05-05 13:00:00,442,Eastchester-Dyre Av (5),103.1998
2025-05-05 13:00:00,443,Baychester Av (5),71.3625
2025-05-05 13:00:00,444,Gun Hill Rd (5),115.9589
2025-05-05 13:00:00,445,Pelham Pkwy (5),73.536
2025-05-05 13:00:00,446,Morris Park (5),63.4576
2025-05-05 13:00:00,447,Flushing-Main St (7),2032.5652
2025-05-05 13:00:00,448,Mets-Willets Point (7),552.0724
2025-05-05 13:00:00,449,111 St (7),426.4826
2025-05-05 13:00:00,450,103 St-Corona Plaza (7),640.9254999999999
2025-05-05 13:00:00,451,Junction Blvd (7),875.9381000000001
2025-05-05 13:00:00,452,90 St-Elmhurst Av (7),655.725
2025-05-05 13:00:00,453,82 St-Jackson Hts (7),647.981
2025-05-05 13:00:00,455,69 St (7),187.2395
2025-05-05 13:00:00,456,61 St-Woodside (7),497.3821
2025-05-05 13:00:00,457,52 St (7),225.2243
2025-05-05 13:00:00,458,46 St-Bliss St (7),390.7471
2025-05-05 13:00:00,459,40 St-Lowery St (7),320.544
2025-05-05 13:00:00,460,33 St-Rawson St (7),317.3078
2025-05-05 13:00:00,461,"Queensboro Plaza (7,N,W)",367.7602
2025-05-05 13:00:00,463,Hunters Point Av (7),142.10060000000001
2025-05-05 13:00:00,464,Vernon Blvd-Jackson Av (7),562.5293
2025-05-05 13:00:00,471,34 St-Hudson Yards (7),1061.4291
2025-05-05 13:00:00,475,96 St (Q),534.6728
2025-05-05 13:00:00,476,86 St (Q),745.1423
2025-05-05 13:00:00,477,72 St (Q),942.8412
2025-05-05 13:00:00,601,"14 St (F,M,1,2,3)/6 Av (L)",1691.0622
2025-05-05 13:00:00,602,"14 St-Union Sq (L,N,Q,R,W,4,5,6)",3972.5486
2025-05-05 13:00:00,603,"149 St-Grand Concourse (2,4,5)",354.7587
2025-05-05 13:00:00,604,"161 St-Yankee Stadium (B,D,4)",700.1616
2025-05-05 13:00:00,605,"168 St (A,C,1)",682.3909
2025-05-05 13:00:00,606,"Court Sq (E,G,M,7)",755.469
2025-05-05 13:00:00,607,"34 St-Herald Sq (B,D,F,M,N,Q,R,W)",3824.3002
2025-05-05 13:00:00,608,"4 Av (F,G)/9 St (R)",416.95889999999997
2025-05-05 13:00:00,609,"Bryant Pk (B,D,F,M)/5 Av (7)",1800.9803
2025-05-05 13:00:00,610,"Grand Central-42 St (S,4,5,6,7)",3964.2249
2025-05-05 13:00:00,611,"Times Sq-42 St (N,Q,R,W,S,1,2,3,7)/42 St (A,C,E)",5990.7296
2025-05-05 13:00:00,612,"Lexington Av-53 St (E,M)/51 St (6)",1629.6235
2025-05-05 13:00:00,613,"Lexington Av (N,R,W)/59 St (4,5,6)",1813.6238
2025-05-05 13:00:00,614,"59 St-Columbus Circle (A,B,C,D,1)",3086.4118
2025-05-05 13:00:00,615,New Utrecht Av (N)/62 St (D),146.2268
2025-05-05 13:00:00,616,"74-Broadway (7)/Jackson Hts-Roosevelt Av (E,F,M,R)",2084.4538000000002
2025-05-05 13:00:00,617,"Atlantic Av-Barclays Ctr (B,D,N,Q,R,2,3,4,5)",1620.204
2025-05-05 13:00:00,618,"14 St (A,C,E)/8 Av (L)",1899.2013
2025-05-05 13:00:00,619,"Broadway-Lafayette St (B,D,F,M)/Bleecker St (6)",1842.7159
2025-05-05 13:00:00,620,"Court St (R)/Borough Hall (2,3,4,5)",1025.3354
2025-05-05 13:00:00,621,"Broadway Junction (A,C,J,L,Z)",242.65449999999998
2025-05-05 13:00:00,622,"Brooklyn Bridge-City Hall (4,5,6)/Chambers St (J,Z)",922.4739
2025-05-05 13:00:00,623,"Canal St (J,N,Q,R,W,Z,6)",2080.2977
2025-05-05 13:00:00,624,"Chambers St (A,C)/WTC (E)/Park Pl (2,3)/Cortlandt (R,W)",1832.3753
2025-05-05 13:00:00,625,"Delancey St (F)/Essex St (J,M,Z)",1095.592
2025-05-05 13:00:00,626,"Franklin Av (2,3,4,5)/Botanic Garden (S)",422.0419
2025-05-05 13:00:00,627,"Franklin Av (C,S)",168.7525
2025-05-05 13:00:00,628,"Fulton St (A,C,J,Z,2,3,4,5)",2567.51
2025-05-05 13:00:00,629,Lorimer St (L)/Metropolitan Av (G),556.3797
2025-05-05 13:00:00,630,"Myrtle-Wyckoff Avs (L,M)",627.6701
2025-05-05 13:00:00,635,"South Ferry (1)/Whitehall St (R,W)",1026.1942999999999
2025-05-05 13:00:00,636,"Jay St-MetroTech (A,C,F,R)",1413.6176
2025-05-05 14:00:00,1,"Astoria-Ditmars Blvd (N,W)",581.5248
2025-05-05 14:00:00,2,"Astoria Blvd (N,W)",417.2097
2025-05-05 14:00:00,3,"30 Av (N,W)",502.7966
2025-05-05 14:00:00,4,"Broadway (N,W)",471.1742
2025-05-05 14:00:00,5,"36 Av (N,W)",260.0077
2025-05-05 14:00:00,6,"39 Av-Dutch Kills (N,W)",126.7341
2025-05-05 14:00:00,8,"5 Av/59 St (N,R,W)",506.8577
2025-05-05 14:00:00,9,"57 St-7 Av (N,Q,R,W)",1432.8101
2025-05-05 14:00:00,10,"49 St (N,R,W)",963.6443
2025-05-05 14:00:00,13,"28 St (R,W)",516.2207
2025-05-05 14:00:00,14,"23 St (R,W)",833.6086
2025-05-05 14:00:00,16,"8 St-NYU (R,W)",671.1806
2025-05-05 14:00:00,17,"Prince St (R,W)",758.19
2025-05-05 14:00:00,20,"City Hall (R,W)",193.9957
2025-05-05 14:00:00,22,"Rector St (R,W)",192.0658
2025-05-05 14:00:00,26,"DeKalb Av (B,Q,R)",849.2502
2025-05-05 14:00:00,28,Union St (R),328.6025
2025-05-05 14:00:00,30,Prospect Av (R),245.3995
2025-05-05 14:00:00,31,25 St (R),173.0369
2025-05-05 14:00:00,32,"36 St (D,N,R)",624.0732
2025-05-05 14:00:00,33,45 St (R),392.1946
2025-05-05 14:00:00,34,53 St (R),445.4133
2025-05-05 14:00:00,35,"59 St (N,R)",601.2501
2025-05-05 14:00:00,36,Bay Ridge Av (R),342.531
2025-05-05 14:00:00,37,77 St (R),222.2405
2025-05-05 14:00:00,38,86 St (R),489.0153
2025-05-05 14:00:00,39,Bay Ridge-95 St (R),216.8514
2025-05-05 14:00:00,41,"7 Av (B,Q)",367.1337
2025-05-05 14:00:00,42,"Prospect Park (B,Q,S)",478.0955
2025-05-05 14:00:00,43,Parkside Av (Q),249.5874
2025-05-05 14:00:00,44,"Church Av (B,Q)",552.6623
2025-05-05 14:00:00,45,Beverley Rd (Q),166.9952
2025-05-05 14:00:00,46,Cortelyou Rd (Q),270.6425
2025-05-05 14:00:00,47,"Newkirk Plaza (B,Q)",438.5441
2025-05-05 14:00:00,48,Avenue H (Q),140.7597
2025-05-05 14:00:00,49,Avenue J (Q),228.6654
2025-05-05 14:00:00,50,Avenue M (Q),234.5417
2025-05-05 14:00:00,51,"Kings Hwy (B,Q)",816.268
2025-05-05 14:00:00,52,Avenue U (Q),305.9085
2025-05-05 14:00:00,53,Neck Rd (Q),211.2638
2025-05-05 14:00:00,54,"Sheepshead Bay (B,Q)",532.5649
2025-05-05 14:00:00,55,"Brighton Beach (B,Q)",500.3444
2025-05-05 14:00:00,56,Ocean Pkwy (Q),162.1507
2025-05-05 14:00:00,57,"W 8 St-NY Aquarium (F,Q)",182.7653
2025-05-05 14:00:00,58,"Coney Island-Stillwell Av (D,F,N,Q)",811.9739
2025-05-05 14:00:00,59,9 Av (D),270.7452
2025-05-05 14:00:00,60,Fort Hamilton Pkwy (D),210.1494
2025-05-05 14:00:00,61,50 St (D),124.07130000000001
2025-05-05 14:00:00,62,55 St (D),71.8766
2025-05-05 14:00:00,64,71 St (D),216.3117
2025-05-05 14:00:00,65,79 St (D),262.8307
2025-05-05 14:00:00,66,18 Av (D),267.6859
2025-05-05 14:00:00,67,20 Av (D),217.1219
2025-05-05 14:00:00,68,Bay Pkwy (D),313.3014
2025-05-05 14:00:00,69,25 Av (D),153.9984
2025-05-05 14:00:00,70,Bay 50 St (D),136.5281
2025-05-05 14:00:00,71,8 Av (N),576.6089
2025-05-05 14:00:00,72,Fort Hamilton Pkwy (N),326.9172
2025-05-05 14:00:00,74,18 Av (N),239.9099
2025-05-05 14:00:00,75,20 Av (N),186.0423
2025-05-05 14:00:00,76,Bay Pkwy (N),335.8005
2025-05-05 14:00:00,77,Kings Hwy (N),258.4789
2025-05-05 14:00:00,78,Avenue U (N),180.6492
2025-05-05 14:00:00,79,86 St (N),126.8497
2025-05-05 14:00:00,80,"121 St (J,Z)",117.67269999999999
2025-05-05 14:00:00,81,111 St (J),105.9014
2025-05-05 14:00:00,82,"104 St (J,Z)",131.1814
2025-05-05 14:00:00,83,"Woodhaven Blvd (J,Z)",290.3691
2025-05-05 14:00:00,84,85 St-Forest Pkwy (J),98.4944
2025-05-05 14:00:00,85,"75 St-Elderts Ln (J,Z)",209.9754
2025-05-05 14:00:00,86,Cypress Hills (J),21.5586
2025-05-05 14:00:00,87,"Crescent St (J,Z)",240.2676
2025-05-05 14:00:00,88,"Norwood Av (J,Z)",142.8559
2025-05-05 14:00:00,89,Cleveland St (J),140.0591
2025-05-05 14:00:00,90,"Van Siclen Av (J,Z)",140.4948
2025-05-05 14:00:00,91,Alabama Av (J),79.4949
2025-05-05 14:00:00,93,"Chauncey St (J,Z)",111.4994
2025-05-05 14:00:00,94,Halsey St (J),215.422
2025-05-05 14:00:00,95,"Gates Av (J,Z)",241.5759
2025-05-05 14:00:00,96,Kosciuszko St (J),185.2269
2025-05-05 14:00:00,97,"Myrtle Av (M,J,Z)",433.7493
2025-05-05 14:00:00,98,"Flushing Av (M,J)",343.1162
2025-05-05 14:00:00,99,"Lorimer St (M,J)",165.2011
2025-05-05 14:00:00,100,"Hewes St (M,J)",102.3743
2025-05-05 14:00:00,101,"Marcy Av (M,J,Z)",496.1721
2025-05-05 14:00:00,103,"Bowery (J,Z)",167.7593
2025-05-05 14:00:00,107,"Broad St (J,Z)",195.6719
2025-05-05 14:00:00,108,Middle Village-Metropolitan Av (M),192.7571
2025-05-05 14:00:00,109,Fresh Pond Rd (M),265.2213
2025-05-05 14:00:00,110,Forest Av (M),207.4327
2025-05-05 14:00:00,111,Seneca Av (M),120.2573
2025-05-05 14:00:00,113,Knickerbocker Av (M),168.3076
2025-05-05 14:00:00,114,Central Av (M),143.4369
2025-05-05 14:00:00,118,3 Av (L),283.3068
2025-05-05 14:00:00,119,1 Av (L),1053.1805
2025-05-05 14:00:00,120,Bedford Av (L),1518.7223999999999
2025-05-05 14:00:00,122,Graham Av (L),355.1685
2025-05-05 14:00:00,123,Grand St (L),230.9973
2025-05-05 14:00:00,124,Montrose Av (L),219.3765
2025-05-05 14:00:00,125,Morgan Av (L),299.9044
2025-05-05 14:00:00,126,Jefferson St (L),358.00169999999997
2025-05-05 14:00:00,127,DeKalb Av (L),541.4229
2025-05-05 14:00:00,129,Halsey St (L),350.7772
2025-05-05 14:00:00,130,Wilson Av (L),183.2113
2025-05-05 14:00:00,131,Bushwick Av-Aberdeen St (L),107.0754
2025-05-05 14:00:00,133,Atlantic Av (L),120.4905
2025-05-05 14:00:00,134,Sutter Av (L),131.0448
2025-05-05 14:00:00,135,Livonia Av (L),140.4704
2025-05-05 14:00:00,136,New Lots Av (L),151.8753
2025-05-05 14:00:00,137,East 105 St (L),98.952
2025-05-05 14:00:00,138,Canarsie-Rockaway Pkwy (L),304.0175
2025-05-05 14:00:00,141,Park Pl (S),69.5059
2025-05-05 14:00:00,143,Inwood-207 St (A),360.1801
2025-05-05 14:00:00,144,Dyckman St (A),307.3587
2025-05-05 14:00:00,145,190 St (A),190.6179
2025-05-05 14:00:00,146,181 St (A),415.7695
2025-05-05 14:00:00,147,175 St (A),407.0792
2025-05-05 14:00:00,149,163 St-Amsterdam Av (C),163.8465
2025-05-05 14:00:00,150,155 St (C),106.3167
2025-05-05 14:00:00,151,"145 St (A,C,B,D)",878.7426
2025-05-05 14:00:00,152,"135 St (C,B)",190.6493
2025-05-05 14:00:00,153,"125 St (A,C,B,D)",1077.5688
2025-05-05 14:00:00,154,"116 St (C,B)",273.6808
2025-05-05 14:00:00,155,"Cathedral Pkwy (110 St) (C,B)",344.3492
2025-05-05 14:00:00,156,"103 St (C,B)",215.8628
2025-05-05 14:00:00,157,"96 St (C,B)",467.3925
2025-05-05 14:00:00,158,"86 St (C,B)",524.2029
2025-05-05 14:00:00,159,"81 St-Museum of Natural History (C,B)",783.9552
2025-05-05 14:00:00,160,"72 St (C,B)",626.1003
2025-05-05 14:00:00,162,"50 St (C,E)",871.1686
2025-05-05 14:00:00,164,"34 St-Penn Station (A,C,E)",2885.9620999999997
2025-05-05 14:00:00,165,"23 St (C,E)",840.6557
2025-05-05 14:00:00,167,"W 4 St-Wash Sq (A,C,E,B,D,F,M)",1975.5124
2025-05-05 14:00:00,168,"Spring St (C,E)",535.9358
2025-05-05 14:00:00,169,"Canal St (A,C,E)",628.3511
2025-05-05 14:00:00,173,"High St (A,C)",519.452
2025-05-05 14:00:00,175,"Hoyt-Schermerhorn Sts (A,C,G)",489.0968
2025-05-05 14:00:00,176,Lafayette Av (C),254.5881
2025-05-05 14:00:00,177,Clinton-Washington Avs (C),265.57959999999997
2025-05-05 14:00:00,179,"Nostrand Av (A,C)",601.6004
2025-05-05 14:00:00,180,Kingston-Throop Avs (C),233.5408
2025-05-05 14:00:00,181,"Utica Av (A,C)",550.6046
2025-05-05 14:00:00,182,Ralph Av (C),202.2827
2025-05-05 14:00:00,183,Rockaway Av (C),203.6013
2025-05-05 14:00:00,185,Liberty Av (C),110.921
2025-05-05 14:00:00,186,Van Siclen Av (C),144.1539
2025-05-05 14:00:00,187,Shepherd Av (C),119.6468
2025-05-05 14:00:00,188,"Euclid Av (A,C)",459.1433
2025-05-05 14:00:00,189,Grant Av (A),248.4056
2025-05-05 14:00:00,190,80 St (A),217.0364
2025-05-05 14:00:00,191,88 St (A),144.2117
2025-05-05 14:00:00,192,Rockaway Blvd (A),332.1735
2025-05-05 14:00:00,193,104 St (A),74.729
2025-05-05 14:00:00,194,111 St (A),87.426
2025-05-05 14:00:00,195,Ozone Park-Lefferts Blvd (A),246.5669
2025-05-05 14:00:00,196,Aqueduct Racetrack (A),41.8162
2025-05-05 14:00:00,197,Aqueduct-N Conduit Av (A),35.6331
2025-05-05 14:00:00,198,Howard Beach-JFK Airport (A),319.0096
2025-05-05 14:00:00,199,"Broad Channel (A,S)",6.5159
2025-05-05 14:00:00,200,"Beach 90 St (A,S)",19.1874
2025-05-05 14:00:00,201,"Beach 98 St (A,S)",8.0041
2025-05-05 14:00:00,202,"Beach 105 St (A,S)",6.9094
2025-05-05 14:00:00,203,"Rockaway Park-Beach 116 St (A,S)",10.8829
2025-05-05 14:00:00,204,Beach 67 St (A),46.4869
2025-05-05 14:00:00,205,Beach 60 St (A),30.9499
2025-05-05 14:00:00,206,Beach 44 St (A),18.0673
2025-05-05 14:00:00,207,Beach 36 St (A),12.700099999999999
2025-05-05 14:00:00,208,Beach 25 St (A),18.2917
2025-05-05 14:00:00,209,Far Rockaway-Mott Av (A),74.7823
2025-05-05 14:00:00,210,Norwood-205 St (D),261.3544
2025-05-05 14:00:00,211,"Bedford Park Blvd (B,D)",251.0222
2025-05-05 14:00:00,212,"Kingsbridge Rd (B,D)",273.0731
2025-05-05 14:00:00,213,"Fordham Rd (B,D)",361.0567
2025-05-05 14:00:00,214,"182-183 Sts (B,D)",206.4521
2025-05-05 14:00:00,215,"Tremont Av (B,D)",324.5278
2025-05-05 14:00:00,216,"174-175 Sts (B,D)",177.3455
2025-05-05 14:00:00,217,"170 St (B,D)",242.175
2025-05-05 14:00:00,218,"167 St (B,D)",347.8101
2025-05-05 14:00:00,220,"155 St (B,D)",134.2502
2025-05-05 14:00:00,221,21 St-Queensbridge (F),469.7774
2025-05-05 14:00:00,222,Roosevelt Island (F),454.8511
2025-05-05 14:00:00,223,"Lexington Av/63 St (F,Q)",819.1203
2025-05-05 14:00:00,224,57 St (F),753.4377
2025-05-05 14:00:00,225,"47-50 Sts-Rockefeller Ctr (B,D,F,M)",1770.883
2025-05-05 14:00:00,228,"23 St (F,M)",892.5969
2025-05-05 14:00:00,231,"Grand St (B,D)",993.1237
2025-05-05 14:00:00,232,2 Av (F),686.1927
2025-05-05 14:00:00,234,East Broadway (F),635.0716
2025-05-05 14:00:00,235,York St (F),668.0099
2025-05-05 14:00:00,236,"Bergen St (F,G)",428.4536
2025-05-05 14:00:00,237,"Carroll St (F,G)",461.5546
2025-05-05 14:00:00,238,"Smith-9 Sts (F,G)",158.1267
2025-05-05 14:00:00,240,"7 Av (F,G)",520.8373
2025-05-05 14:00:00,241,"15 St-Prospect Park (F,G)",267.0685
2025-05-05 14:00:00,242,"Fort Hamilton Pkwy (F,G)",272.6563
2025-05-05 14:00:00,243,"Church Av (F,G)",428.4546
2025-05-05 14:00:00,244,Ditmas Av (F),181.0943
2025-05-05 14:00:00,245,18 Av (F),145.3242
2025-05-05 14:00:00,246,Avenue I (F),73.4559
2025-05-05 14:00:00,247,Bay Pkwy (F),43.2692
2025-05-05 14:00:00,248,Avenue N (F),107.3231
2025-05-05 14:00:00,249,Avenue P (F),103.9295
2025-05-05 14:00:00,250,Kings Hwy (F),142.2365
2025-05-05 14:00:00,251,Avenue U (F),80.2631
2025-05-05 14:00:00,252,Avenue X (F),101.3335
2025-05-05 14:00:00,253,Neptune Av (F),60.1471
2025-05-05 14:00:00,254,Jamaica-179 St (F),761.7624
2025-05-05 14:00:00,255,169 St (F),337.5295
2025-05-05 14:00:00,256,Parsons Blvd (F),270.2094
2025-05-05 14:00:00,257,Sutphin Blvd (F),202.1705
2025-05-05 14:00:00,258,"Briarwood (E,F)",207.8247
2025-05-05 14:00:00,259,"Kew Gardens-Union Tpke (E,F)",913.3621
2025-05-05 14:00:00,260,"75 Av (E,F)",160.39
2025-05-05 14:00:00,261,"Forest Hills-71 Av (E,F,M,R)",1147.3759
2025-05-05 14:00:00,262,"67 Av (M,R)",296.6228
2025-05-05 14:00:00,263,"63 Dr-Rego Park (M,R)",591.3447
2025-05-05 14:00:00,264,"Woodhaven Blvd (M,R)",1028.5709
2025-05-05 14:00:00,265,"Grand Av-Newtown (M,R)",909.1634
2025-05-05 14:00:00,266,"Elmhurst Av (M,R)",598.3264
2025-05-05 14:00:00,268,"65 St (M,R)",156.9483
2025-05-05 14:00:00,269,"Northern Blvd (M,R)",335.6055
2025-05-05 14:00:00,270,"46 St (M,R)",300.0392
2025-05-05 14:00:00,271,"Steinway St (M,R)",513.2474
2025-05-05 14:00:00,272,"36 St (M,R)",129.6983
2025-05-05 14:00:00,273,"Queens Plaza (E,M,R)",527.3593
2025-05-05 14:00:00,276,"5 Av/53 St (E,M)",440.602
2025-05-05 14:00:00,277,"7 Av (E,B,D)",785.8018
2025-05-05 14:00:00,278,"Jamaica Center-Parsons/Archer (E,J,Z)",1155.8821
2025-05-05 14:00:00,279,"Sutphin Blvd-Archer Av-JFK Airport (E,J,Z)",1339.6619
2025-05-05 14:00:00,280,Jamaica-Van Wyck (E),218.3012
2025-05-05 14:00:00,282,21 St (G),66.4378
2025-05-05 14:00:00,283,Greenpoint Av (G),402.7354
2025-05-05 14:00:00,284,Nassau Av (G),424.0109
2025-05-05 14:00:00,286,Broadway (G),178.4683
2025-05-05 14:00:00,287,Flushing Av (G),106.2711
2025-05-05 14:00:00,288,Myrtle-Willoughby Avs (G),201.6365
2025-05-05 14:00:00,289,Bedford-Nostrand Avs (G),302.3117
2025-05-05 14:00:00,290,Classon Av (G),184.042
2025-05-05 14:00:00,291,Clinton-Washington Avs (G),208.4121
2025-05-05 14:00:00,292,Fulton St (G),217.2124
2025-05-05 14:00:00,293,Van Cortlandt Park-242 St (1),251.0218
2025-05-05 14:00:00,294,238 St (1),202.1649
2025-05-05 14:00:00,295,231 St (1),399.0338
2025-05-05 14:00:00,296,Marble Hill-225 St (1),231.163
2025-05-05 14:00:00,297,215 St (1),115.1062
2025-05-05 14:00:00,298,207 St (1),260.262
2025-05-05 14:00:00,299,Dyckman St (1),323.3501
2025-05-05 14:00:00,300,191 St (1),324.0772
2025-05-05 14:00:00,301,181 St (1),485.81870000000004
2025-05-05 14:00:00,303,157 St (1),454.1672
2025-05-05 14:00:00,304,145 St (1),408.3163
2025-05-05 14:00:00,305,137 St-City College (1),483.1549
2025-05-05 14:00:00,306,125 St (1),378.3183
2025-05-05 14:00:00,307,116 St-Columbia University (1),556.2995
2025-05-05 14:00:00,308,Cathedral Pkwy (110 St) (1),543.6144
2025-05-05 14:00:00,309,103 St (1),510.3608
2025-05-05 14:00:00,310,"96 St (1,2,3)",1504.4963
2025-05-05 14:00:00,311,86 St (1),759.9599
2025-05-05 14:00:00,312,79 St (1),624.6332
2025-05-05 14:00:00,313,"72 St (1,2,3)",1729.6536
2025-05-05 14:00:00,314,66 St-Lincoln Center (1),761.3681
2025-05-05 14:00:00,316,50 St (1),910.6642
2025-05-05 14:00:00,318,"34 St-Penn Station (1,2,3)",2819.3451
2025-05-05 14:00:00,319,28 St (1),548.1495
2025-05-05 14:00:00,320,23 St (1),590.3409
2025-05-05 14:00:00,321,18 St (1),298.4487
2025-05-05 14:00:00,323,Christopher St-Sheridan Sq (1),585.51
2025-05-05 14:00:00,324,Houston St (1),466.9304
2025-05-05 14:00:00,325,Canal St (1),201.8253
2025-05-05 14:00:00,326,Franklin St (1),218.0482
2025-05-05 14:00:00,327,"Chambers St (1,2,3)",579.4139
2025-05-05 14:00:00,328,WTC Cortlandt (1),631.6888
2025-05-05 14:00:00,329,Rector St (1),270.8623
2025-05-05 14:00:00,333,"Wall St (2,3)",581.7753
2025-05-05 14:00:00,334,"Clark St (2,3)",299.1352
2025-05-05 14:00:00,336,"Hoyt St (2,3)",300.4705
2025-05-05 14:00:00,337,"Nevins St (2,3,4,5)",382.8607
2025-05-05 14:00:00,339,"Bergen St (2,3)",180.6284
2025-05-05 14:00:00,340,"Grand Army Plaza (2,3)",330.7268
2025-05-05 14:00:00,341,"Eastern Pkwy-Brooklyn Museum (2,3)",213.7824
2025-05-05 14:00:00,343,Nostrand Av (3),126.9714
2025-05-05 14:00:00,344,Kingston Av (3),150.8865
2025-05-05 14:00:00,345,"Crown Hts-Utica Av (3,4)",947.3722
2025-05-05 14:00:00,346,Sutter Av-Rutland Rd (3),280.8323
2025-05-05 14:00:00,347,Saratoga Av (3),215.8517
2025-05-05 14:00:00,348,Rockaway Av (3),200.01670000000001
2025-05-05 14:00:00,349,Junius St (3),135.371
2025-05-05 14:00:00,350,Pennsylvania Av (3),164.5565
2025-05-05 14:00:00,351,Van Siclen Av (3),93.6755
2025-05-05 14:00:00,352,New Lots Av (3),241.6798
2025-05-05 14:00:00,353,"President St-Medgar Evers College (2,5)",117.21940000000001
2025-05-05 14:00:00,354,"Sterling St (2,5)",190.4552
2025-05-05 14:00:00,355,"Winthrop St (2,5)",257.8427
2025-05-05 14:00:00,356,"Church Av (2,5)",349.6177
2025-05-05 14:00:00,357,"Beverly Rd (2,5)",189.3948
2025-05-05 14:00:00,358,"Newkirk Av-Little Haiti (2,5)",300.3206
2025-05-05 14:00:00,359,"Flatbush Av-Brooklyn College (2,5)",722.0487
2025-05-05 14:00:00,360,Pelham Bay Park (6),256.3521
2025-05-05 14:00:00,361,Buhre Av (6),167.8726
2025-05-05 14:00:00,362,Middletown Rd (6),77.5747
2025-05-05 14:00:00,363,Westchester Sq-E Tremont Av (6),170.1829
2025-05-05 14:00:00,364,Zerega Av (6),111.5151
2025-05-05 14:00:00,365,Castle Hill Av (6),263.1857
2025-05-05 14:00:00,366,Parkchester (6),561.6659
2025-05-05 14:00:00,367,St Lawrence Av (6),173.1185
2025-05-05 14:00:00,368,Morrison Av-Soundview (6),264.9675
2025-05-05 14:00:00,369,Elder Av (6),260.6424
2025-05-05 14:00:00,370,Whitlock Av (6),81.173
2025-05-05 14:00:00,371,Hunts Point Av (6),371.3178
2025-05-05 14:00:00,372,Longwood Av (6),121.2528
2025-05-05 14:00:00,373,E 149 St (6),197.7214
2025-05-05 14:00:00,374,E 143 St-St Mary's St (6),56.4534
2025-05-05 14:00:00,375,Cypress Av (6),108.2752
2025-05-05 14:00:00,376,Brook Av (6),229.4398
2025-05-05 14:00:00,377,3 Av-138 St (6),308.0389
2025-05-05 14:00:00,378,Woodlawn (4),297.8654
2025-05-05 14:00:00,379,Mosholu Pkwy (4),283.7893
2025-05-05 14:00:00,380,Bedford Park Blvd-Lehman College (4),229.0922
2025-05-05 14:00:00,381,Kingsbridge Rd (4),371.0927
2025-05-05 14:00:00,382,Fordham Rd (4),405.4839
2025-05-05 14:00:00,383,183 St (4),254.281
2025-05-05 14:00:00,384,Burnside Av (4),375.1338
2025-05-05 14:00:00,385,176 St (4),227.3899
2025-05-05 14:00:00,386,Mt Eden Av (4),200.5415
2025-05-05 14:00:00,387,170 St (4),333.8822
2025-05-05 14:00:00,388,167 St (4),418.955
2025-05-05 14:00:00,391,"138 St-Grand Concourse (4,5)",162.8618
2025-05-05 14:00:00,392,"125 St (4,5,6)",962.9574
2025-05-05 14:00:00,393,116 St (6),571.8801
2025-05-05 14:00:00,394,110 St (6),444.00260000000003
2025-05-05 14:00:00,395,103 St (6),501.2831
2025-05-05 14:00:00,396,96 St (6),613.5112
2025-05-05 14:00:00,397,"86 St (4,5,6)",2050.8272
2025-05-05 14:00:00,398,77 St (6),1197.2694
2025-05-05 14:00:00,399,68 St-Hunter College (6),915.5523
2025-05-05 14:00:00,403,33 St (6),947.6807
2025-05-05 14:00:00,404,28 St (6),695.3463
2025-05-05 14:00:00,405,23 St (6),1116.6294
2025-05-05 14:00:00,407,Astor Pl (6),614.6724
2025-05-05 14:00:00,409,Spring St (6),589.9171
2025-05-05 14:00:00,413,"Wall St (4,5)",558.2006
2025-05-05 14:00:00,414,"Bowling Green (4,5)",768.6028
2025-05-05 14:00:00,416,Wakefield-241 St (2),151.1933
2025-05-05 14:00:00,417,"Nereid Av (2,5)",130.8473
2025-05-05 14:00:00,418,"233 St (2,5)",171.8953
2025-05-05 14:00:00,419,"225 St (2,5)",113.2895
2025-05-05 14:00:00,420,"219 St (2,5)",108.5005
2025-05-05 14:00:00,421,"Gun Hill Rd (2,5)",229.1161
2025-05-05 14:00:00,422,"Burke Av (2,5)",101.6821
2025-05-05 14:00:00,423,"Allerton Av (2,5)",188.8291
2025-05-05 14:00:00,424,"Pelham Pkwy (2,5)",318.3642
2025-05-05 14:00:00,425,"Bronx Park East (2,5)",114.5817
2025-05-05 14:00:00,426,"E 180 St (2,5)",350.4374
2025-05-05 14:00:00,427,"West Farms Sq-E Tremont Av (2,5)",226.9955
2025-05-05 14:00:00,428,"174 St (2,5)",265.9172
2025-05-05 14:00:00,429,"Freeman St (2,5)",204.1334
2025-05-05 14:00:00,430,"Simpson St (2,5)",342.8514
2025-05-05 14:00:00,431,"Intervale Av (2,5)",132.567
2025-05-05 14:00:00,432,"Prospect Av (2,5)",260.2575
2025-05-05 14:00:00,433,"Jackson Av (2,5)",220.5446
2025-05-05 14:00:00,434,"3 Av-149 St (2,5)",803.1778
2025-05-05 14:00:00,436,Harlem-148 St (3),115.3817
2025-05-05 14:00:00,437,145 St (3),117.847
2025-05-05 14:00:00,438,"135 St (2,3)",451.7821
2025-05-05 14:00:00,439,"125 St (2,3)",593.3905
2025-05-05 14:00:00,440,"116 St (2,3)",393.2756
2025-05-05 14:00:00,441,"Central Park North (110 St) (2,3)",363.6897
2025-05-05 14:00:00,442,Eastchester-Dyre Av (5),143.7253
2025-05-05 14:00:00,443,Baychester Av (5),99.3694
2025-05-05 14:00:00,444,Gun Hill Rd (5),179.5918
2025-05-05 14:00:00,445,Pelham Pkwy (5),108.9871
2025-05-05 14:00:00,446,Morris Park (5),127.6426
2025-05-05 14:00:00,447,Flushing-Main St (7),2533.4967
2025-05-05 14:00:00,448,Mets-Willets Point (7),861.5944
2025-05-05 14:00:00,449,111 St (7),718.5885
2025-05-05 14:00:00,450,103 St-Corona Plaza (7),1090.3265
2025-05-05 14:00:00,451,Junction Blvd (7),1260.6523
2025-05-05 14:00:00,452,90 St-Elmhurst Av (7),992.0899000000001
2025-05-05 14:00:00,453,82 St-Jackson Hts (7),838.9041
2025-05-05 14:00:00,455,69 St (7),331.0132
2025-05-05 14:00:00,456,61 St-Woodside (7),803.2618
2025-05-05 14:00:00,457,52 St (7),318.1096
2025-05-05 14:00:00,458,46 St-Bliss St (7),576.2095
2025-05-05 14:00:00,459,40 St-Lowery St (7),421.6971
2025-05-05 14:00:00,460,33 St-Rawson St (7),321.2284
2025-05-05 14:00:00,461,"Queensboro Plaza (7,N,W)",467.9448
2025-05-05 14:00:00,463,Hunters Point Av (7),154.4847
2025-05-05 14:00:00,464,Vernon Blvd-Jackson Av (7),700.0504
2025-05-05 14:00:00,471,34 St-Hudson Yards (7),1060.8088
2025-05-05 14:00:00,475,96 St (Q),669.1963
2025-05-05 14:00:00,476,86 St (Q),894.2395
2025-05-05 14:00:00,477,72 St (Q),1026.4404
2025-05-05 14:00:00,601,"14 St (F,M,1,2,3)/6 Av (L)",1902.5597
2025-05-05 14:00:00,602,"14 St-Union Sq (L,N,Q,R,W,4,5,6)",4133.516
2025-05-05 14:00:00,603,"149 St-Grand Concourse (2,4,5)",415.2126
2025-05-05 14:00:00,604,"161 St-Yankee Stadium (B,D,4)",936.7803
2025-05-05 14:00:00,605,"168 St (A,C,1)",812.1163
2025-05-05 14:00:00,606,"Court Sq (E,G,M,7)",909.8148
2025-05-05 14:00:00,607,"34 St-Herald Sq (B,D,F,M,N,Q,R,W)",4171.2037
2025-05-05 14:00:00,608,"4 Av (F,G)/9 St (R)",536.2083
2025-05-05 14:00:00,609,"Bryant Pk (B,D,F,M)/5 Av (7)",1930.184
2025-05-05 14:00:00,610,"Grand Central-42 St (S,4,5,6,7)",4768.861
2025-05-05 14:00:00,611,"Times Sq-42 St (N,Q,R,W,S,1,2,3,7)/42 St (A,C,E)",7465.1094
2025-05-05 14:00:00,612,"Lexington Av-53 St (E,M)/51 St (6)",1734.591
2025-05-05 14:00:00,613,"Lexington Av (N,R,W)/59 St (4,5,6)",1832.9005
2025-05-05 14:00:00,614,"59 St-Columbus Circle (A,B,C,D,1)",3215.7697
2025-05-05 14:00:00,615,New Utrecht Av (N)/62 St (D),219.965
2025-05-05 14:00:00,616,"74-Broadway (7)/Jackson Hts-Roosevelt Av (E,F,M,R)",2751.4801
2025-05-05 14:00:00,617,"Atlantic Av-Barclays Ctr (B,D,N,Q,R,2,3,4,5)",1922.5402
2025-05-05 14:00:00,618,"14 St (A,C,E)/8 Av (L)",2004.9784
2025-05-05 14:00:00,619,"Broadway-Lafayette St (B,D,F,M)/Bleecker St (6)",1924.4624999999999
2025-05-05 14:00:00,620,"Court St (R)/Borough Hall (2,3,4,5)",1072.6743
2025-05-05 14:00:00,621,"Broadway Junction (A,C,J,L,Z)",318.0439
2025-05-05 14:00:00,622,"Brooklyn Bridge-City Hall (4,5,6)/Chambers St (J,Z)",903.8719
2025-05-05 14:00:00,623,"Canal St (J,N,Q,R,W,Z,6)",2025.5228
2025-05-05 14:00:00,624,"Chambers St (A,C)/WTC (E)/Park Pl (2,3)/Cortlandt (R,W)",1848.1085
2025-05-05 14:00:00,625,"Delancey St (F)/Essex St (J,M,Z)",1266.6842
2025-05-05 14:00:00,626,"Franklin Av (2,3,4,5)/Botanic Garden (S)",545.1416
2025-05-05 14:00:00,627,"Franklin Av (C,S)",212.9172
2025-05-05 14:00:00,628,"Fulton St (A,C,J,Z,2,3,4,5)",2837.0004
2025-05-05 14:00:00,629,Lorimer St (L)/Metropolitan Av (G),678.945
2025-05-05 14:00:00,630,"Myrtle-Wyckoff Avs (L,M)",963.433
2025-05-05 14:00:00,635,"South Ferry (1)/Whitehall St (R,W)",1121.185
2025-05-05 14:00:00,636,"Jay St-MetroTech (A,C,F,R)",1390.0133
2025-05-05 15:00:00,1,"Astoria-Ditmars Blvd (N,W)",835.6392999999999
2025-05-05 15:00:00,2,"Astoria Blvd (N,W)",573.2109
2025-05-05 15:00:00,3,"30 Av (N,W)",667.4204
2025-05-05 15:00:00,4,"Broadway (N,W)",618.126
2025-05-05 15:00:00,5,"36 Av (N,W)",327.3613
2025-05-05 15:00:00,6,"39 Av-Dutch Kills (N,W)",150.0974
2025-05-05 15:00:00,8,"5 Av/59 St (N,R,W)",429.6126
2025-05-05 15:00:00,9,"57 St-7 Av (N,Q,R,W)",1343.7892
2025-05-05 15:00:00,10,"49 St (N,R,W)",1045.8768
2025-05-05 15:00:00,13,"28 St (R,W)",549.551
2025-05-05 15:00:00,14,"23 St (R,W)",851.7423
2025-05-05 15:00:00,16,"8 St-NYU (R,W)",691.0009
2025-05-05 15:00:00,17,"Prince St (R,W)",689.2323
2025-05-05 15:00:00,20,"City Hall (R,W)",190.7852
2025-05-05 15:00:00,22,"Rector St (R,W)",196.8021
2025-05-05 15:00:00,26,"DeKalb Av (B,Q,R)",1023.2333
2025-05-05 15:00:00,28,Union St (R),386.9751
2025-05-05 15:00:00,30,Prospect Av (R),322.2928
2025-05-05 15:00:00,31,25 St (R),188.61260000000001
2025-05-05 15:00:00,32,"36 St (D,N,R)",735.447
2025-05-05 15:00:00,33,45 St (R),561.2661
2025-05-05 15:00:00,34,53 St (R),606.3048
2025-05-05 15:00:00,35,"59 St (N,R)",846.9019
2025-05-05 15:00:00,36,Bay Ridge Av (R),507.5777
2025-05-05 15:00:00,37,77 St (R),360.0382
2025-05-05 15:00:00,38,86 St (R),737.2556
2025-05-05 15:00:00,39,Bay Ridge-95 St (R),315.6187
2025-05-05 15:00:00,41,"7 Av (B,Q)",479.9477
2025-05-05 15:00:00,42,"Prospect Park (B,Q,S)",593.1476
2025-05-05 15:00:00,43,Parkside Av (Q),334.353
2025-05-05 15:00:00,44,"Church Av (B,Q)",820.0104
2025-05-05 15:00:00,45,Beverley Rd (Q),249.9423
2025-05-05 15:00:00,46,Cortelyou Rd (Q),388.0792
2025-05-05 15:00:00,47,"Newkirk Plaza (B,Q)",616.7033
2025-05-05 15:00:00,48,Avenue H (Q),186.4727
2025-05-05 15:00:00,49,Avenue J (Q),318.5715
2025-05-05 15:00:00,50,Avenue M (Q),321.6031
2025-05-05 15:00:00,51,"Kings Hwy (B,Q)",1147.5522
2025-05-05 15:00:00,52,Avenue U (Q),427.8754
2025-05-05 15:00:00,53,Neck Rd (Q),266.8226
2025-05-05 15:00:00,54,"Sheepshead Bay (B,Q)",776.2678
2025-05-05 15:00:00,55,"Brighton Beach (B,Q)",578.5379
2025-05-05 15:00:00,56,Ocean Pkwy (Q),178.2277
2025-05-05 15:00:00,57,"W 8 St-NY Aquarium (F,Q)",168.9641
2025-05-05 15:00:00,58,"Coney Island-Stillwell Av (D,F,N,Q)",868.0929
2025-05-05 15:00:00,59,9 Av (D),417.3005
2025-05-05 15:00:00,60,Fort Hamilton Pkwy (D),248.434
2025-05-05 15:00:00,61,50 St (D),169.2288
2025-05-05 15:00:00,62,55 St (D),77.0509
2025-05-05 15:00:00,64,71 St (D),320.2962
2025-05-05 15:00:00,65,79 St (D),420.965
2025-05-05 15:00:00,66,18 Av (D),436.4233
2025-05-05 15:00:00,67,20 Av (D),346.6984
2025-05-05 15:00:00,68,Bay Pkwy (D),475.7092
2025-05-05 15:00:00,69,25 Av (D),291.7944
2025-05-05 15:00:00,70,Bay 50 St (D),162.0332
2025-05-05 15:00:00,71,8 Av (N),677.8275
2025-05-05 15:00:00,72,Fort Hamilton Pkwy (N),501.7578
2025-05-05 15:00:00,74,18 Av (N),315.0326
2025-05-05 15:00:00,75,20 Av (N),261.887
2025-05-05 15:00:00,76,Bay Pkwy (N),446.185
2025-05-05 15:00:00,77,Kings Hwy (N),390.5786
2025-05-05 15:00:00,78,Avenue U (N),241.0602
2025-05-05 15:00:00,79,86 St (N),165.8671
2025-05-05 15:00:00,80,"121 St (J,Z)",162.132
2025-05-05 15:00:00,81,111 St (J),151.8676
2025-05-05 15:00:00,82,"104 St (J,Z)",205.5032
2025-05-05 15:00:00,83,"Woodhaven Blvd (J,Z)",362.3196
2025-05-05 15:00:00,84,85 St-Forest Pkwy (J),134.6113
2025-05-05 15:00:00,85,"75 St-Elderts Ln (J,Z)",299.0461
2025-05-05 15:00:00,86,Cypress Hills (J),31.5777
2025-05-05 15:00:00,87,"Crescent St (J,Z)",310.6759
2025-05-05 15:00:00,88,"Norwood Av (J,Z)",181.9458
2025-05-05 15:00:00,89,Cleveland St (J),162.5258
2025-05-05 15:00:00,90,"Van Siclen Av (J,Z)",187.3817
2025-05-05 15:00:00,91,Alabama Av (J),86.53960000000001
2025-05-05 15:00:00,93,"Chauncey St (J,Z)",140.1279
2025-05-05 15:00:00,94,Halsey St (J),312.7447
2025-05-05 15:00:00,95,"Gates Av (J,Z)",302.1953
2025-05-05 15:00:00,96,Kosciuszko St (J),259.8742
2025-05-05 15:00:00,97,"Myrtle Av (M,J,Z)",581.5557
2025-05-05 15:00:00,98,"Flushing Av (M,J)",367.8487
2025-05-05 15:00:00,99,"Lorimer St (M,J)",215.0853
2025-05-05 15:00:00,100,"Hewes St (M,J)",106.2035
2025-05-05 15:00:00,101,"Marcy Av (M,J,Z)",571.4866
2025-05-05 15:00:00,103,"Bowery (J,Z)",192.7033
2025-05-05 15:00:00,107,"Broad St (J,Z)",220.3071
2025-05-05 15:00:00,108,Middle Village-Metropolitan Av (M),279.9976
2025-05-05 15:00:00,109,Fresh Pond Rd (M),411.5734
2025-05-05 15:00:00,110,Forest Av (M),280.7514
2025-05-05 15:00:00,111,Seneca Av (M),171.1532
2025-05-05 15:00:00,113,Knickerbocker Av (M),227.0964
2025-05-05 15:00:00,114,Central Av (M),190.8274
2025-05-05 15:00:00,118,3 Av (L),295.319
2025-05-05 15:00:00,119,1 Av (L),1135.485
2025-05-05 15:00:00,120,Bedford Av (L),1762.6283
2025-05-05 15:00:00,122,Graham Av (L),429.4061
2025-05-05 15:00:00,123,Grand St (L),319.9371
2025-05-05 15:00:00,124,Montrose Av (L),293.9005
2025-05-05 15:00:00,125,Morgan Av (L),359.4488
2025-05-05 15:00:00,126,Jefferson St (L),517.3627
2025-05-05 15:00:00,127,DeKalb Av (L),715.1358
2025-05-05 15:00:00,129,Halsey St (L),513.295
2025-05-05 15:00:00,130,Wilson Av (L),270.5914
2025-05-05 15:00:00,131,Bushwick Av-Aberdeen St (L),128.52009999999999
2025-05-05 15:00:00,133,Atlantic Av (L),171.2879
2025-05-05 15:00:00,134,Sutter Av (L),179.419
2025-05-05 15:00:00,135,Livonia Av (L),196.9224
2025-05-05 15:00:00,136,New Lots Av (L),221.3585
2025-05-05 15:00:00,137,East 105 St (L),175.9308
2025-05-05 15:00:00,138,Canarsie-Rockaway Pkwy (L),476.9918
2025-05-05 15:00:00,141,Park Pl (S),83.4516
2025-05-05 15:00:00,143,Inwood-207 St (A),485.4669
2025-05-05 15:00:00,144,Dyckman St (A),392.6809
2025-05-05 15:00:00,145,190 St (A),264.4436
2025-05-05 15:00:00,146,181 St (A),581.2243
2025-05-05 15:00:00,147,175 St (A),587.2372
2025-05-05 15:00:00,149,163 St-Amsterdam Av (C),256.541
2025-05-05 15:00:00,150,155 St (C),141.0974
2025-05-05 15:00:00,151,"145 St (A,C,B,D)",1231.8259
2025-05-05 15:00:00,152,"135 St (C,B)",249.1311
2025-05-05 15:00:00,153,"125 St (A,C,B,D)",1294.5348000000001
2025-05-05 15:00:00,154,"116 St (C,B)",349.1511
2025-05-05 15:00:00,155,"Cathedral Pkwy (110 St) (C,B)",410.7593
2025-05-05 15:00:00,156,"103 St (C,B)",254.4799
2025-05-05 15:00:00,157,"96 St (C,B)",491.248
2025-05-05 15:00:00,158,"86 St (C,B)",566.4563
2025-05-05 15:00:00,159,"81 St-Museum of Natural History (C,B)",638.7994
2025-05-05 15:00:00,160,"72 St (C,B)",636.1183
2025-05-05 15:00:00,162,"50 St (C,E)",972.156
2025-05-05 15:00:00,164,"34 St-Penn Station (A,C,E)",3672.3491
2025-05-05 15:00:00,165,"23 St (C,E)",857.3081
2025-05-05 15:00:00,167,"W 4 St-Wash Sq (A,C,E,B,D,F,M)",2097.0216
2025-05-05 15:00:00,168,"Spring St (C,E)",495.9028
2025-05-05 15:00:00,169,"Canal St (A,C,E)",616.5608
2025-05-05 15:00:00,173,"High St (A,C)",573.5651
2025-05-05 15:00:00,175,"Hoyt-Schermerhorn Sts (A,C,G)",517.8061
2025-05-05 15:00:00,176,Lafayette Av (C),283.2351
2025-05-05 15:00:00,177,Clinton-Washington Avs (C),320.6847
2025-05-05 15:00:00,179,"Nostrand Av (A,C)",853.1166000000001
2025-05-05 15:00:00,180,Kingston-Throop Avs (C),326.3539
2025-05-05 15:00:00,181,"Utica Av (A,C)",787.6334
2025-05-05 15:00:00,182,Ralph Av (C),263.678
2025-05-05 15:00:00,183,Rockaway Av (C),301.2222
2025-05-05 15:00:00,185,Liberty Av (C),145.9517
2025-05-05 15:00:00,186,Van Siclen Av (C),185.8835
2025-05-05 15:00:00,187,Shepherd Av (C),183.9603
2025-05-05 15:00:00,188,"Euclid Av (A,C)",652.8951
2025-05-05 15:00:00,189,Grant Av (A),331.6778
2025-05-05 15:00:00,190,80 St (A),284.3244
2025-05-05 15:00:00,191,88 St (A),190.5716
2025-05-05 15:00:00,192,Rockaway Blvd (A),483.5078
2025-05-05 15:00:00,193,104 St (A),117.90809999999999
2025-05-05 15:00:00,194,111 St (A),160.3361
2025-05-05 15:00:00,195,Ozone Park-Lefferts Blvd (A),430.4336
2025-05-05 15:00:00,196,Aqueduct Racetrack (A),43.4448
2025-05-05 15:00:00,197,Aqueduct-N Conduit Av (A),59.6108
2025-05-05 15:00:00,198,Howard Beach-JFK Airport (A),424.5149
2025-05-05 15:00:00,199,"Broad Channel (A,S)",6.8238
2025-05-05 15:00:00,200,"Beach 90 St (A,S)",18.5667
2025-05-05 15:00:00,201,"Beach 98 St (A,S)",12.9253
2025-05-05 15:00:00,202,"Beach 105 St (A,S)",7.9485
2025-05-05 15:00:00,203,"Rockaway Park-Beach 116 St (A,S)",14.4738
2025-05-05 15:00:00,204,Beach 67 St (A),52.5616
2025-05-05 15:00:00,205,Beach 60 St (A),41.4388
2025-05-05 15:00:00,206,Beach 44 St (A),16.7482
2025-05-05 15:00:00,207,Beach 36 St (A),15.823
2025-05-05 15:00:00,208,Beach 25 St (A),31.5676
2025-05-05 15:00:00,209,Far Rockaway-Mott Av (A),102.2717
2025-05-05 15:00:00,210,Norwood-205 St (D),402.5299
2025-05-05 15:00:00,211,"Bedford Park Blvd (B,D)",389.993
2025-05-05 15:00:00,212,"Kingsbridge Rd (B,D)",392.9619
2025-05-05 15:00:00,213,"Fordham Rd (B,D)",533.6913
2025-05-05 15:00:00,214,"182-183 Sts (B,D)",300.4344
2025-05-05 15:00:00,215,"Tremont Av (B,D)",544.7961
2025-05-05 15:00:00,216,"174-175 Sts (B,D)",245.7708
2025-05-05 15:00:00,217,"170 St (B,D)",334.4037
2025-05-05 15:00:00,218,"167 St (B,D)",469.9338
2025-05-05 15:00:00,220,"155 St (B,D)",166.2887
2025-05-05 15:00:00,221,21 St-Queensbridge (F),515.557
2025-05-05 15:00:00,222,Roosevelt Island (F),541.3509
2025-05-05 15:00:00,223,"Lexington Av/63 St (F,Q)",822.1259
2025-05-05 15:00:00,224,57 St (F),693.1118
2025-05-05 15:00:00,225,"47-50 Sts-Rockefeller Ctr (B,D,F,M)",1774.9722
2025-05-05 15:00:00,228,"23 St (F,M)",924.2835
2025-05-05 15:00:00,231,"Grand St (B,D)",1005.0293
2025-05-05 15:00:00,232,2 Av (F),749.2094
2025-05-05 15:00:00,234,East Broadway (F),702.1851
2025-05-05 15:00:00,235,York St (F),739.4971
2025-05-05 15:00:00,236,"Bergen St (F,G)",542.4293
2025-05-05 15:00:00,237,"Carroll St (F,G)",586.5767999999999
2025-05-05 15:00:00,238,"Smith-9 Sts (F,G)",174.1411
2025-05-05 15:00:00,240,"7 Av (F,G)",626.2016
2025-05-05 15:00:00,241,"15 St-Prospect Park (F,G)",369.4026
2025-05-05 15:00:00,242,"Fort Hamilton Pkwy (F,G)",421.7955
2025-05-05 15:00:00,243,"Church Av (F,G)",592.1493
2025-05-05 15:00:00,244,Ditmas Av (F),216.5237
2025-05-05 15:00:00,245,18 Av (F),204.2303
2025-05-05 15:00:00,246,Avenue I (F),74.4197
2025-05-05 15:00:00,247,Bay Pkwy (F),52.4194
2025-05-05 15:00:00,248,Avenue N (F),138.952
2025-05-05 15:00:00,249,Avenue P (F),141.4302
2025-05-05 15:00:00,250,Kings Hwy (F),216.9267
2025-05-05 15:00:00,251,Avenue U (F),111.5354
2025-05-05 15:00:00,252,Avenue X (F),154.1201
2025-05-05 15:00:00,253,Neptune Av (F),72.1529
2025-05-05 15:00:00,254,Jamaica-179 St (F),1221.9557
2025-05-05 15:00:00,255,169 St (F),448.7088
2025-05-05 15:00:00,256,Parsons Blvd (F),394.1791
2025-05-05 15:00:00,257,Sutphin Blvd (F),295.5692
2025-05-05 15:00:00,258,"Briarwood (E,F)",291.0525
2025-05-05 15:00:00,259,"Kew Gardens-Union Tpke (E,F)",1270.7941
2025-05-05 15:00:00,260,"75 Av (E,F)",182.17759999999998
2025-05-05 15:00:00,261,"Forest Hills-71 Av (E,F,M,R)",1515.9872
2025-05-05 15:00:00,262,"67 Av (M,R)",431.6018
2025-05-05 15:00:00,263,"63 Dr-Rego Park (M,R)",826.8959
2025-05-05 15:00:00,264,"Woodhaven Blvd (M,R)",1345.6147
2025-05-05 15:00:00,265,"Grand Av-Newtown (M,R)",1238.9068
2025-05-05 15:00:00,266,"Elmhurst Av (M,R)",866.4828
2025-05-05 15:00:00,268,"65 St (M,R)",252.254
2025-05-05 15:00:00,269,"Northern Blvd (M,R)",489.7982
2025-05-05 15:00:00,270,"46 St (M,R)",435.9535
2025-05-05 15:00:00,271,"Steinway St (M,R)",632.6665
2025-05-05 15:00:00,272,"36 St (M,R)",150.9306
2025-05-05 15:00:00,273,"Queens Plaza (E,M,R)",598.1172
2025-05-05 15:00:00,276,"5 Av/53 St (E,M)",370.1068
2025-05-05 15:00:00,277,"7 Av (E,B,D)",743.8834
2025-05-05 15:00:00,278,"Jamaica Center-Parsons/Archer (E,J,Z)",1797.6065
2025-05-05 15:00:00,279,"Sutphin Blvd-Archer Av-JFK Airport (E,J,Z)",1693.7266
2025-05-05 15:00:00,280,Jamaica-Van Wyck (E),273.0659
2025-05-05 15:00:00,282,21 St (G),76.0012
2025-05-05 15:00:00,283,Greenpoint Av (G),461.2886
2025-05-05 15:00:00,284,Nassau Av (G),476.9801
2025-05-05 15:00:00,286,Broadway (G),222.8839
2025-05-05 15:00:00,287,Flushing Av (G),144.1568
2025-05-05 15:00:00,288,Myrtle-Willoughby Avs (G),293.8929
2025-05-05 15:00:00,289,Bedford-Nostrand Avs (G),445.1947
2025-05-05 15:00:00,290,Classon Av (G),248.6795
2025-05-05 15:00:00,291,Clinton-Washington Avs (G),248.3969
2025-05-05 15:00:00,292,Fulton St (G),246.3288
2025-05-05 15:00:00,293,Van Cortlandt Park-242 St (1),420.2219
2025-05-05 15:00:00,294,238 St (1),304.8932
2025-05-05 15:00:00,295,231 St (1),583.86
2025-05-05 15:00:00,296,Marble Hill-225 St (1),312.0612
2025-05-05 15:00:00,297,215 St (1),157.9369
2025-05-05 15:00:00,298,207 St (1),339.6619
2025-05-05 15:00:00,299,Dyckman St (1),424.9886
2025-05-05 15:00:00,300,191 St (1),449.51
2025-05-05 15:00:00,301,181 St (1),637.9988
2025-05-05 15:00:00,303,157 St (1),614.2137
2025-05-05 15:00:00,304,145 St (1),515.1869
2025-05-05 15:00:00,305,137 St-City College (1),632.425
2025-05-05 15:00:00,306,125 St (1),411.0291
2025-05-05 15:00:00,307,116 St-Columbia University (1),647.2295
2025-05-05 15:00:00,308,Cathedral Pkwy (110 St) (1),615.1237
2025-05-05 15:00:00,309,103 St (1),595.5236
2025-05-05 15:00:00,310,"96 St (1,2,3)",1716.2137
2025-05-05 15:00:00,311,86 St (1),815.2956
2025-05-05 15:00:00,312,79 St (1),651.2336
2025-05-05 15:00:00,313,"72 St (1,2,3)",1899.4711
2025-05-05 15:00:00,314,66 St-Lincoln Center (1),801.3201
2025-05-05 15:00:00,316,50 St (1),931.2745
2025-05-05 15:00:00,318,"34 St-Penn Station (1,2,3)",3820.9872
2025-05-05 15:00:00,319,28 St (1),546.5003
2025-05-05 15:00:00,320,23 St (1),625.7868
2025-05-05 15:00:00,321,18 St (1),308.7002
2025-05-05 15:00:00,323,Christopher St-Sheridan Sq (1),587.1453
2025-05-05 15:00:00,324,Houston St (1),470.978
2025-05-05 15:00:00,325,Canal St (1),225.441
2025-05-05 15:00:00,326,Franklin St (1),225.6605
2025-05-05 15:00:00,327,"Chambers St (1,2,3)",669.836
2025-05-05 15:00:00,328,WTC Cortlandt (1),774.2476
2025-05-05 15:00:00,329,Rector St (1),315.4261
2025-05-05 15:00:00,333,"Wall St (2,3)",580.8489
2025-05-05 15:00:00,334,"Clark St (2,3)",323.9485
2025-05-05 15:00:00,336,"Hoyt St (2,3)",317.4842
2025-05-05 15:00:00,337,"Nevins St (2,3,4,5)",433.8547
2025-05-05 15:00:00,339,"Bergen St (2,3)",207.649
2025-05-05 15:00:00,340,"Grand Army Plaza (2,3)",419.7159
2025-05-05 15:00:00,341,"Eastern Pkwy-Brooklyn Museum (2,3)",239.6748
2025-05-05 15:00:00,343,Nostrand Av (3),161.6359
2025-05-05 15:00:00,344,Kingston Av (3),214.5524
2025-05-05 15:00:00,345,"Crown Hts-Utica Av (3,4)",1419.0249000000001
2025-05-05 15:00:00,346,Sutter Av-Rutland Rd (3),438.1716
2025-05-05 15:00:00,347,Saratoga Av (3),359.9679
2025-05-05 15:00:00,348,Rockaway Av (3),270.0201
2025-05-05 15:00:00,349,Junius St (3),157.8898
2025-05-05 15:00:00,350,Pennsylvania Av (3),238.4169
2025-05-05 15:00:00,351,Van Siclen Av (3),143.9577
2025-05-05 15:00:00,352,New Lots Av (3),360.2575
2025-05-05 15:00:00,353,"President St-Medgar Evers College (2,5)",165.6176
2025-05-05 15:00:00,354,"Sterling St (2,5)",284.0216
2025-05-05 15:00:00,355,"Winthrop St (2,5)",381.9488
2025-05-05 15:00:00,356,"Church Av (2,5)",577.9751
2025-05-05 15:00:00,357,"Beverly Rd (2,5)",284.9936
2025-05-05 15:00:00,358,"Newkirk Av-Little Haiti (2,5)",444.5153
2025-05-05 15:00:00,359,"Flatbush Av-Brooklyn College (2,5)",1070.2549
2025-05-05 15:00:00,360,Pelham Bay Park (6),426.0694
2025-05-05 15:00:00,361,Buhre Av (6),282.4867
2025-05-05 15:00:00,362,Middletown Rd (6),144.1278
2025-05-05 15:00:00,363,Westchester Sq-E Tremont Av (6),236.0237
2025-05-05 15:00:00,364,Zerega Av (6),166.5986
2025-05-05 15:00:00,365,Castle Hill Av (6),431.8122
2025-05-05 15:00:00,366,Parkchester (6),922.2348
2025-05-05 15:00:00,367,St Lawrence Av (6),297.6372
2025-05-05 15:00:00,368,Morrison Av-Soundview (6),458.8096
2025-05-05 15:00:00,369,Elder Av (6),405.365
2025-05-05 15:00:00,370,Whitlock Av (6),115.5688
2025-05-05 15:00:00,371,Hunts Point Av (6),596.3966
2025-05-05 15:00:00,372,Longwood Av (6),183.1334
2025-05-05 15:00:00,373,E 149 St (6),316.772
2025-05-05 15:00:00,374,E 143 St-St Mary's St (6),78.5217
2025-05-05 15:00:00,375,Cypress Av (6),157.0097
2025-05-05 15:00:00,376,Brook Av (6),308.7888
2025-05-05 15:00:00,377,3 Av-138 St (6),429.8788
2025-05-05 15:00:00,378,Woodlawn (4),482.4259
2025-05-05 15:00:00,379,Mosholu Pkwy (4),442.2537
2025-05-05 15:00:00,380,Bedford Park Blvd-Lehman College (4),318.746
2025-05-05 15:00:00,381,Kingsbridge Rd (4),559.987
2025-05-05 15:00:00,382,Fordham Rd (4),659.1827
2025-05-05 15:00:00,383,183 St (4),402.3399
2025-05-05 15:00:00,384,Burnside Av (4),557.0181
2025-05-05 15:00:00,385,176 St (4),342.1056
2025-05-05 15:00:00,386,Mt Eden Av (4),273.3771
2025-05-05 15:00:00,387,170 St (4),499.9017
2025-05-05 15:00:00,388,167 St (4),629.454
2025-05-05 15:00:00,391,"138 St-Grand Concourse (4,5)",210.0048
2025-05-05 15:00:00,392,"125 St (4,5,6)",1269.681
2025-05-05 15:00:00,393,116 St (6),711.9116
2025-05-05 15:00:00,394,110 St (6),554.9857
2025-05-05 15:00:00,395,103 St (6),558.3383
2025-05-05 15:00:00,396,96 St (6),656.0531
2025-05-05 15:00:00,397,"86 St (4,5,6)",2105.169
2025-05-05 15:00:00,398,77 St (6),1099.8955
2025-05-05 15:00:00,399,68 St-Hunter College (6),913.9728
2025-05-05 15:00:00,403,33 St (6),1033.5273
2025-05-05 15:00:00,404,28 St (6),703.8922
2025-05-05 15:00:00,405,23 St (6),1139.655
2025-05-05 15:00:00,407,Astor Pl (6),703.6319
2025-05-05 15:00:00,409,Spring St (6),581.1758
2025-05-05 15:00:00,413,"Wall St (4,5)",596.2765
2025-05-05 15:00:00,414,"Bowling Green (4,5)",938.7839
2025-05-05 15:00:00,416,Wakefield-241 St (2),239.6393
2025-05-05 15:00:00,417,"Nereid Av (2,5)",163.67
2025-05-05 15:00:00,418,"233 St (2,5)",249.3268
2025-05-05 15:00:00,419,"225 St (2,5)",196.7283
2025-05-05 15:00:00,420,"219 St (2,5)",137.087
2025-05-05 15:00:00,421,"Gun Hill Rd (2,5)",332.4039
2025-05-05 15:00:00,422,"Burke Av (2,5)",152.3552
2025-05-05 15:00:00,423,"Allerton Av (2,5)",264.8809
2025-05-05 15:00:00,424,"Pelham Pkwy (2,5)",441.3779
2025-05-05 15:00:00,425,"Bronx Park East (2,5)",169.3298
2025-05-05 15:00:00,426,"E 180 St (2,5)",583.3811
2025-05-05 15:00:00,427,"West Farms Sq-E Tremont Av (2,5)",341.5193
2025-05-05 15:00:00,428,"174 St (2,5)",400.8927
2025-05-05 15:00:00,429,"Freeman St (2,5)",302.7068
2025-05-05 15:00:00,430,"Simpson St (2,5)",500.4596
2025-05-05 15:00:00,431,"Intervale Av (2,5)",187.75469999999999
2025-05-05 15:00:00,432,"Prospect Av (2,5)",385.0619
2025-05-05 15:00:00,433,"Jackson Av (2,5)",289.2718
2025-05-05 15:00:00,434,"3 Av-149 St (2,5)",1145.0535
2025-05-05 15:00:00,436,Harlem-148 St (3),166.1584
2025-05-05 15:00:00,437,145 St (3),161.7974
2025-05-05 15:00:00,438,"135 St (2,3)",565.3502
2025-05-05 15:00:00,439,"125 St (2,3)",726.7077
2025-05-05 15:00:00,440,"116 St (2,3)",536.5336
2025-05-05 15:00:00,441,"Central Park North (110 St) (2,3)",401.45120000000003
2025-05-05 15:00:00,442,Eastchester-Dyre Av (5),269.9705
2025-05-05 15:00:00,443,Baychester Av (5),186.7271
2025-05-05 15:00:00,444,Gun Hill Rd (5),315.7549
2025-05-05 15:00:00,445,Pelham Pkwy (5),209.1454
2025-05-05 15:00:00,446,Morris Park (5),214.8553
2025-05-05 15:00:00,447,Flushing-Main St (7),3510.0257
2025-05-05 15:00:00,448,Mets-Willets Point (7),738.5186
2025-05-05 15:00:00,449,111 St (7),1112.0762
2025-05-05 15:00:00,450,103 St-Corona Plaza (7),1748.9912
2025-05-05 15:00:00,451,Junction Blvd (7),1994.5308
2025-05-05 15:00:00,452,90 St-Elmhurst Av (7),1378.6866
2025-05-05 15:00:00,453,82 St-Jackson Hts (7),1028.1542
2025-05-05 15:00:00,455,69 St (7),429.4934
2025-05-05 15:00:00,456,61 St-Woodside (7),1086.5733
2025-05-05 15:00:00,457,52 St (7),424.9552
2025-05-05 15:00:00,458,46 St-Bliss St (7),790.2289
2025-05-05 15:00:00,459,40 St-Lowery St (7),577.342
2025-05-05 15:00:00,460,33 St-Rawson St (7),326.4523
2025-05-05 15:00:00,461,"Queensboro Plaza (7,N,W)",559.9778
2025-05-05 15:00:00,463,Hunters Point Av (7),188.3352
2025-05-05 15:00:00,464,Vernon Blvd-Jackson Av (7),850.6265
2025-05-05 15:00:00,471,34 St-Hudson Yards (7),1038.8659
2025-05-05 15:00:00,475,96 St (Q),768.79
2025-05-05 15:00:00,476,86 St (Q),994.7201
2025-05-05 15:00:00,477,72 St (Q),1027.4941000000001
2025-05-05 15:00:00,601,"14 St (F,M,1,2,3)/6 Av (L)",1949.4107
2025-05-05 15:00:00,602,"14 St-Union Sq (L,N,Q,R,W,4,5,6)",4336.9469
2025-05-05 15:00:00,603,"149 St-Grand Concourse (2,4,5)",541.9584
2025-05-05 15:00:00,604,"161 St-Yankee Stadium (B,D,4)",1368.3395
2025-05-05 15:00:00,605,"168 St (A,C,1)",903.6379
2025-05-05 15:00:00,606,"Court Sq (E,G,M,7)",1025.3301
2025-05-05 15:00:00,607,"34 St-Herald Sq (B,D,F,M,N,Q,R,W)",4805.6138
2025-05-05 15:00:00,608,"4 Av (F,G)/9 St (R)",638.5382
2025-05-05 15:00:00,609,"Bryant Pk (B,D,F,M)/5 Av (7)",2049.5986
2025-05-05 15:00:00,610,"Grand Central-42 St (S,4,5,6,7)",6056.9045
2025-05-05 15:00:00,611,"Times Sq-42 St (N,Q,R,W,S,1,2,3,7)/42 St (A,C,E)",9795.7839
2025-05-05 15:00:00,612,"Lexington Av-53 St (E,M)/51 St (6)",1879.2188
2025-05-05 15:00:00,613,"Lexington Av (N,R,W)/59 St (4,5,6)",1847.5126
2025-05-05 15:00:00,614,"59 St-Columbus Circle (A,B,C,D,1)",3029.4563
2025-05-05 15:00:00,615,New Utrecht Av (N)/62 St (D),290.3731
2025-05-05 15:00:00,616,"74-Broadway (7)/Jackson Hts-Roosevelt Av (E,F,M,R)",3700.1999
2025-05-05 15:00:00,617,"Atlantic Av-Barclays Ctr (B,D,N,Q,R,2,3,4,5)",2381.4769
2025-05-05 15:00:00,618,"14 St (A,C,E)/8 Av (L)",1986.7712999999999
2025-05-05 15:00:00,619,"Broadway-Lafayette St (B,D,F,M)/Bleecker St (6)",1965.7094
2025-05-05 15:00:00,620,"Court St (R)/Borough Hall (2,3,4,5)",1118.407
2025-05-05 15:00:00,621,"Broadway Junction (A,C,J,L,Z)",463.0243
2025-05-05 15:00:00,622,"Brooklyn Bridge-City Hall (4,5,6)/Chambers St (J,Z)",956.6906
2025-05-05 15:00:00,623,"Canal St (J,N,Q,R,W,Z,6)",1951.7957
2025-05-05 15:00:00,624,"Chambers St (A,C)/WTC (E)/Park Pl (2,3)/Cortlandt (R,W)",2049.2298
2025-05-05 15:00:00,625,"Delancey St (F)/Essex St (J,M,Z)",1328.8864
2025-05-05 15:00:00,626,"Franklin Av (2,3,4,5)/Botanic Garden (S)",694.3302
2025-05-05 15:00:00,627,"Franklin Av (C,S)",263.4844
2025-05-05 15:00:00,628,"Fulton St (A,C,J,Z,2,3,4,5)",3072.3215
2025-05-05 15:00:00,629,Lorimer St (L)/Metropolitan Av (G),794.6199
2025-05-05 15:00:00,630,"Myrtle-Wyckoff Avs (L,M)",1393.1304
2025-05-05 15:00:00,635,"South Ferry (1)/Whitehall St (R,W)",1272.0575000000001
2025-05-05 15:00:00,636,"Jay St-MetroTech (A,C,F,R)",1413.3672
2025-05-05 16:00:00,1,"Astoria-Ditmars Blvd (N,W)",1118.4707
2025-05-05 16:00:00,2,"Astoria Blvd (N,W)",763.0945
2025-05-05 16:00:00,3,"30 Av (N,W)",906.2915
2025-05-05 16:00:00,4,"Broadway (N,W)",860.4725
2025-05-05 16:00:00,5,"36 Av (N,W)",373.1316
2025-05-05 16:00:00,6,"39 Av-Dutch Kills (N,W)",182.8999
2025-05-05 16:00:00,8,"5 Av/59 St (N,R,W)",377.2567
2025-05-05 16:00:00,9,"57 St-7 Av (N,Q,R,W)",1332.2934
2025-05-05 16:00:00,10,"49 St (N,R,W)",1005.1221
2025-05-05 16:00:00,13,"28 St (R,W)",581.8189
2025-05-05 16:00:00,14,"23 St (R,W)",840.2299
2025-05-05 16:00:00,16,"8 St-NYU (R,W)",773.0968
2025-05-05 16:00:00,17,"Prince St (R,W)",638.0741
2025-05-05 16:00:00,20,"City Hall (R,W)",157.6927
2025-05-05 16:00:00,22,"Rector St (R,W)",189.1796
2025-05-05 16:00:00,26,"DeKalb Av (B,Q,R)",1118.3677
2025-05-05 16:00:00,28,Union St (R),452.5148
2025-05-05 16:00:00,30,Prospect Av (R),375.5242
2025-05-05 16:00:00,31,25 St (R),218.9065
2025-05-05 16:00:00,32,"36 St (D,N,R)",801.548
2025-05-05 16:00:00,33,45 St (R),565.7949
2025-05-05 16:00:00,34,53 St (R),580.3836
2025-05-05 16:00:00,35,"59 St (N,R)",916.7532
2025-05-05 16:00:00,36,Bay Ridge Av (R),566.9012
2025-05-05 16:00:00,37,77 St (R),459.7238
2025-05-05 16:00:00,38,86 St (R),891.2916
2025-05-05 16:00:00,39,Bay Ridge-95 St (R),424.3145
2025-05-05 16:00:00,41,"7 Av (B,Q)",593.5523000000001
2025-05-05 16:00:00,42,"Prospect Park (B,Q,S)",667.7506
2025-05-05 16:00:00,43,Parkside Av (Q),403.7867
2025-05-05 16:00:00,44,"Church Av (B,Q)",956.5268
2025-05-05 16:00:00,45,Beverley Rd (Q),272.0986
2025-05-05 16:00:00,46,Cortelyou Rd (Q),458.2042
2025-05-05 16:00:00,47,"Newkirk Plaza (B,Q)",721.3823
2025-05-05 16:00:00,48,Avenue H (Q),198.7597
2025-05-05 16:00:00,49,Avenue J (Q),363.7366
2025-05-05 16:00:00,50,Avenue M (Q),363.1332
2025-05-05 16:00:00,51,"Kings Hwy (B,Q)",1431.0718
2025-05-05 16:00:00,52,Avenue U (Q),517.263
2025-05-05 16:00:00,53,Neck Rd (Q),352.3935
2025-05-05 16:00:00,54,"Sheepshead Bay (B,Q)",935.2067000000001
2025-05-05 16:00:00,55,"Brighton Beach (B,Q)",718.3243
2025-05-05 16:00:00,56,Ocean Pkwy (Q),186.4424
2025-05-05 16:00:00,57,"W 8 St-NY Aquarium (F,Q)",167.4185
2025-05-05 16:00:00,58,"Coney Island-Stillwell Av (D,F,N,Q)",870.7677
2025-05-05 16:00:00,59,9 Av (D),440.2843
2025-05-05 16:00:00,60,Fort Hamilton Pkwy (D),291.4902
2025-05-05 16:00:00,61,50 St (D),165.8295
2025-05-05 16:00:00,62,55 St (D),94.4785
2025-05-05 16:00:00,64,71 St (D),422.67220000000003
2025-05-05 16:00:00,65,79 St (D),542.209
2025-05-05 16:00:00,66,18 Av (D),565.0747
2025-05-05 16:00:00,67,20 Av (D),441.1454
2025-05-05 16:00:00,68,Bay Pkwy (D),575.4204
2025-05-05 16:00:00,69,25 Av (D),340.9884
2025-05-05 16:00:00,70,Bay 50 St (D),217.1046
2025-05-05 16:00:00,71,8 Av (N),671.4929
2025-05-05 16:00:00,72,Fort Hamilton Pkwy (N),494.8265
2025-05-05 16:00:00,74,18 Av (N),375.62330000000003
2025-05-05 16:00:00,75,20 Av (N),334.6075
2025-05-05 16:00:00,76,Bay Pkwy (N),551.7876
2025-05-05 16:00:00,77,Kings Hwy (N),471.3918
2025-05-05 16:00:00,78,Avenue U (N),258.2553
2025-05-05 16:00:00,79,86 St (N),177.91570000000002
2025-05-05 16:00:00,80,"121 St (J,Z)",187.8225
2025-05-05 16:00:00,81,111 St (J),193.2217
2025-05-05 16:00:00,82,"104 St (J,Z)",224.5799
2025-05-05 16:00:00,83,"Woodhaven Blvd (J,Z)",392.4665
2025-05-05 16:00:00,84,85 St-Forest Pkwy (J),156.1063
2025-05-05 16:00:00,85,"75 St-Elderts Ln (J,Z)",350.0553
2025-05-05 16:00:00,86,Cypress Hills (J),27.677
2025-05-05 16:00:00,87,"Crescent St (J,Z)",334.2454
2025-05-05 16:00:00,88,"Norwood Av (J,Z)",181.1421
2025-05-05 16:00:00,89,Cleveland St (J),177.1818
2025-05-05 16:00:00,90,"Van Siclen Av (J,Z)",210.4991
2025-05-05 16:00:00,91,Alabama Av (J),93.8504
2025-05-05 16:00:00,93,"Chauncey St (J,Z)",161.7517
2025-05-05 16:00:00,94,Halsey St (J),414.7463
2025-05-05 16:00:00,95,"Gates Av (J,Z)",395.5496
2025-05-05 16:00:00,96,Kosciuszko St (J),364.6768
2025-05-05 16:00:00,97,"Myrtle Av (M,J,Z)",697.5427
2025-05-05 16:00:00,98,"Flushing Av (M,J)",376.8232
2025-05-05 16:00:00,99,"Lorimer St (M,J)",232.736
2025-05-05 16:00:00,100,"Hewes St (M,J)",145.16660000000002
2025-05-05 16:00:00,101,"Marcy Av (M,J,Z)",678.7286
2025-05-05 16:00:00,103,"Bowery (J,Z)",170.0664
2025-05-05 16:00:00,107,"Broad St (J,Z)",183.7335
2025-05-05 16:00:00,108,Middle Village-Metropolitan Av (M),320.0752
2025-05-05 16:00:00,109,Fresh Pond Rd (M),584.2597
2025-05-05 16:00:00,110,Forest Av (M),373.1531
2025-05-05 16:00:00,111,Seneca Av (M),234.044
2025-05-05 16:00:00,113,Knickerbocker Av (M),287.5894
2025-05-05 16:00:00,114,Central Av (M),256.4756
2025-05-05 16:00:00,118,3 Av (L),316.2336
2025-05-05 16:00:00,119,1 Av (L),1313.9867
2025-05-05 16:00:00,120,Bedford Av (L),2096.0546
2025-05-05 16:00:00,122,Graham Av (L),575.3926
2025-05-05 16:00:00,123,Grand St (L),374.4233
2025-05-05 16:00:00,124,Montrose Av (L),377.6527
2025-05-05 16:00:00,125,Morgan Av (L),447.2056
2025-05-05 16:00:00,126,Jefferson St (L),591.8114
2025-05-05 16:00:00,127,DeKalb Av (L),975.5739
2025-05-05 16:00:00,129,Halsey St (L),726.8822
2025-05-05 16:00:00,130,Wilson Av (L),321.8706
2025-05-05 16:00:00,131,Bushwick Av-Aberdeen St (L),155.0
2025-05-05 16:00:00,133,Atlantic Av (L),166.2188
2025-05-05 16:00:00,134,Sutter Av (L),195.7939
2025-05-05 16:00:00,135,Livonia Av (L),210.7299
2025-05-05 16:00:00,136,New Lots Av (L),237.3214
2025-05-05 16:00:00,137,East 105 St (L),178.5083
2025-05-05 16:00:00,138,Canarsie-Rockaway Pkwy (L),543.6674
2025-05-05 16:00:00,141,Park Pl (S),95.2354
2025-05-05 16:00:00,143,Inwood-207 St (A),603.9207
2025-05-05 16:00:00,144,Dyckman St (A),424.9626
2025-05-05 16:00:00,145,190 St (A),297.9752
2025-05-05 16:00:00,146,181 St (A),735.9445
2025-05-05 16:00:00,147,175 St (A),727.7466
2025-05-05 16:00:00,149,163 St-Amsterdam Av (C),275.3822
2025-05-05 16:00:00,150,155 St (C),166.7862
2025-05-05 16:00:00,151,"145 St (A,C,B,D)",1299.9413
2025-05-05 16:00:00,152,"135 St (C,B)",292.0132
2025-05-05 16:00:00,153,"125 St (A,C,B,D)",1452.3398
2025-05-05 16:00:00,154,"116 St (C,B)",394.9815
2025-05-05 16:00:00,155,"Cathedral Pkwy (110 St) (C,B)",429.2839
2025-05-05 16:00:00,156,"103 St (C,B)",262.3173
2025-05-05 16:00:00,157,"96 St (C,B)",506.8993
2025-05-05 16:00:00,158,"86 St (C,B)",573.6409
2025-05-05 16:00:00,159,"81 St-Museum of Natural History (C,B)",551.2349
2025-05-05 16:00:00,160,"72 St (C,B)",583.4397
2025-05-05 16:00:00,162,"50 St (C,E)",945.1785
2025-05-05 16:00:00,164,"34 St-Penn Station (A,C,E)",4497.9794
2025-05-05 16:00:00,165,"23 St (C,E)",890.2205
2025-05-05 16:00:00,167,"W 4 St-Wash Sq (A,C,E,B,D,F,M)",2237.9804
2025-05-05 16:00:00,168,"Spring St (C,E)",505.0605
2025-05-05 16:00:00,169,"Canal St (A,C,E)",583.9886
2025-05-05 16:00:00,173,"High St (A,C)",618.3269
2025-05-05 16:00:00,175,"Hoyt-Schermerhorn Sts (A,C,G)",605.7451
2025-05-05 16:00:00,176,Lafayette Av (C),310.3562
2025-05-05 16:00:00,177,Clinton-Washington Avs (C),452.9663
2025-05-05 16:00:00,179,"Nostrand Av (A,C)",1077.5281
2025-05-05 16:00:00,180,Kingston-Throop Avs (C),394.3122
2025-05-05 16:00:00,181,"Utica Av (A,C)",985.6762
2025-05-05 16:00:00,182,Ralph Av (C),352.1711
2025-05-05 16:00:00,183,Rockaway Av (C),369.6198
2025-05-05 16:00:00,185,Liberty Av (C),144.2327
2025-05-05 16:00:00,186,Van Siclen Av (C),222.3339
2025-05-05 16:00:00,187,Shepherd Av (C),180.7733
2025-05-05 16:00:00,188,"Euclid Av (A,C)",701.8346
2025-05-05 16:00:00,189,Grant Av (A),382.8623
2025-05-05 16:00:00,190,80 St (A),321.2356
2025-05-05 16:00:00,191,88 St (A),239.5598
2025-05-05 16:00:00,192,Rockaway Blvd (A),583.0702
2025-05-05 16:00:00,193,104 St (A),152.9721
2025-05-05 16:00:00,194,111 St (A),190.6741
2025-05-05 16:00:00,195,Ozone Park-Lefferts Blvd (A),568.7327
2025-05-05 16:00:00,196,Aqueduct Racetrack (A),51.141999999999996
2025-05-05 16:00:00,197,Aqueduct-N Conduit Av (A),84.4078
2025-05-05 16:00:00,198,Howard Beach-JFK Airport (A),476.3874
2025-05-05 16:00:00,199,"Broad Channel (A,S)",7.6336
2025-05-05 16:00:00,200,"Beach 90 St (A,S)",22.1421
2025-05-05 16:00:00,201,"Beach 98 St (A,S)",7.458
2025-05-05 16:00:00,202,"Beach 105 St (A,S)",7.6954
2025-05-05 16:00:00,203,"Rockaway Park-Beach 116 St (A,S)",12.8494
2025-05-05 16:00:00,204,Beach 67 St (A),63.2819
2025-05-05 16:00:00,205,Beach 60 St (A),36.8312
2025-05-05 16:00:00,206,Beach 44 St (A),16.2471
2025-05-05 16:00:00,207,Beach 36 St (A),15.697
2025-05-05 16:00:00,208,Beach 25 St (A),38.9574
2025-05-05 16:00:00,209,Far Rockaway-Mott Av (A),111.0375
2025-05-05 16:00:00,210,Norwood-205 St (D),489.052
2025-05-05 16:00:00,211,"Bedford Park Blvd (B,D)",460.507
2025-05-05 16:00:00,212,"Kingsbridge Rd (B,D)",487.0326
2025-05-05 16:00:00,213,"Fordham Rd (B,D)",605.8078
2025-05-05 16:00:00,214,"182-183 Sts (B,D)",286.5811
2025-05-05 16:00:00,215,"Tremont Av (B,D)",608.0025
2025-05-05 16:00:00,216,"174-175 Sts (B,D)",216.8405
2025-05-05 16:00:00,217,"170 St (B,D)",361.4747
2025-05-05 16:00:00,218,"167 St (B,D)",519.8676
2025-05-05 16:00:00,220,"155 St (B,D)",166.7355
2025-05-05 16:00:00,221,21 St-Queensbridge (F),595.5091
2025-05-05 16:00:00,222,Roosevelt Island (F),558.2777
2025-05-05 16:00:00,223,"Lexington Av/63 St (F,Q)",788.7828
2025-05-05 16:00:00,224,57 St (F),566.994
2025-05-05 16:00:00,225,"47-50 Sts-Rockefeller Ctr (B,D,F,M)",1584.7717
2025-05-05 16:00:00,228,"23 St (F,M)",1071.3726
2025-05-05 16:00:00,231,"Grand St (B,D)",1052.2304
2025-05-05 16:00:00,232,2 Av (F),810.7366
2025-05-05 16:00:00,234,East Broadway (F),766.4538
2025-05-05 16:00:00,235,York St (F),774.995
2025-05-05 16:00:00,236,"Bergen St (F,G)",611.85
2025-05-05 16:00:00,237,"Carroll St (F,G)",709.8057
2025-05-05 16:00:00,238,"Smith-9 Sts (F,G)",200.7961
2025-05-05 16:00:00,240,"7 Av (F,G)",698.9301
2025-05-05 16:00:00,241,"15 St-Prospect Park (F,G)",451.1358
2025-05-05 16:00:00,242,"Fort Hamilton Pkwy (F,G)",509.9955
2025-05-05 16:00:00,243,"Church Av (F,G)",656.9176
2025-05-05 16:00:00,244,Ditmas Av (F),278.2739
2025-05-05 16:00:00,245,18 Av (F),258.4015
2025-05-05 16:00:00,246,Avenue I (F),94.1879
2025-05-05 16:00:00,247,Bay Pkwy (F),79.871
2025-05-05 16:00:00,248,Avenue N (F),182.4875
2025-05-05 16:00:00,249,Avenue P (F),171.0338
2025-05-05 16:00:00,250,Kings Hwy (F),251.2343
2025-05-05 16:00:00,251,Avenue U (F),139.6662
2025-05-05 16:00:00,252,Avenue X (F),178.1292
2025-05-05 16:00:00,253,Neptune Av (F),94.9275
2025-05-05 16:00:00,254,Jamaica-179 St (F),1597.5921
2025-05-05 16:00:00,255,169 St (F),566.1477
2025-05-05 16:00:00,256,Parsons Blvd (F),474.7736
2025-05-05 16:00:00,257,Sutphin Blvd (F),333.3137
2025-05-05 16:00:00,258,"Briarwood (E,F)",383.2327
2025-05-05 16:00:00,259,"Kew Gardens-Union Tpke (E,F)",1600.2311
2025-05-05 16:00:00,260,"75 Av (E,F)",231.8574
2025-05-05 16:00:00,261,"Forest Hills-71 Av (E,F,M,R)",1890.7837
2025-05-05 16:00:00,262,"67 Av (M,R)",574.8486
2025-05-05 16:00:00,263,"63 Dr-Rego Park (M,R)",997.3014
2025-05-05 16:00:00,264,"Woodhaven Blvd (M,R)",1480.061
2025-05-05 16:00:00,265,"Grand Av-Newtown (M,R)",1515.1308999999999
2025-05-05 16:00:00,266,"Elmhurst Av (M,R)",1025.0849
2025-05-05 16:00:00,268,"65 St (M,R)",257.1947
2025-05-05 16:00:00,269,"Northern Blvd (M,R)",574.3608
2025-05-05 16:00:00,270,"46 St (M,R)",537.0745000000001
2025-05-05 16:00:00,271,"Steinway St (M,R)",798.4356
2025-05-05 16:00:00,272,"36 St (M,R)",130.883
2025-05-05 16:00:00,273,"Queens Plaza (E,M,R)",718.2584
2025-05-05 16:00:00,276,"5 Av/53 St (E,M)",323.9366
2025-05-05 16:00:00,277,"7 Av (E,B,D)",690.1262
2025-05-05 16:00:00,278,"Jamaica Center-Parsons/Archer (E,J,Z)",2146.4586
2025-05-05 16:00:00,279,"Sutphin Blvd-Archer Av-JFK Airport (E,J,Z)",1893.6637
2025-05-05 16:00:00,280,Jamaica-Van Wyck (E),346.719
2025-05-05 16:00:00,282,21 St (G),75.1767
2025-05-05 16:00:00,283,Greenpoint Av (G),574.2927
2025-05-05 16:00:00,284,Nassau Av (G),611.6382
2025-05-05 16:00:00,286,Broadway (G),251.1399
2025-05-05 16:00:00,287,Flushing Av (G),148.9335
2025-05-05 16:00:00,288,Myrtle-Willoughby Avs (G),325.165
2025-05-05 16:00:00,289,Bedford-Nostrand Avs (G),564.8819
2025-05-05 16:00:00,290,Classon Av (G),323.0588
2025-05-05 16:00:00,291,Clinton-Washington Avs (G),308.2905
2025-05-05 16:00:00,292,Fulton St (G),272.472
2025-05-05 16:00:00,293,Van Cortlandt Park-242 St (1),543.7147
2025-05-05 16:00:00,294,238 St (1),381.7504
2025-05-05 16:00:00,295,231 St (1),674.994
2025-05-05 16:00:00,296,Marble Hill-225 St (1),356.0211
2025-05-05 16:00:00,297,215 St (1),129.1586
2025-05-05 16:00:00,298,207 St (1),365.21139999999997
2025-05-05 16:00:00,299,Dyckman St (1),460.6916
2025-05-05 16:00:00,300,191 St (1),489.503
2025-05-05 16:00:00,301,181 St (1),635.9583
2025-05-05 16:00:00,303,157 St (1),639.0125
2025-05-05 16:00:00,304,145 St (1),539.3501
2025-05-05 16:00:00,305,137 St-City College (1),677.4975000000001
2025-05-05 16:00:00,306,125 St (1),440.0092
2025-05-05 16:00:00,307,116 St-Columbia University (1),521.1511
2025-05-05 16:00:00,308,Cathedral Pkwy (110 St) (1),649.352
2025-05-05 16:00:00,309,103 St (1),716.6650999999999
2025-05-05 16:00:00,310,"96 St (1,2,3)",1860.2115
2025-05-05 16:00:00,311,86 St (1),841.0232
2025-05-05 16:00:00,312,79 St (1),715.5752
2025-05-05 16:00:00,313,"72 St (1,2,3)",1992.8211
2025-05-05 16:00:00,314,66 St-Lincoln Center (1),890.6445
2025-05-05 16:00:00,316,50 St (1),962.1029
2025-05-05 16:00:00,318,"34 St-Penn Station (1,2,3)",4993.7479
2025-05-05 16:00:00,319,28 St (1),564.6576
2025-05-05 16:00:00,320,23 St (1),674.6165
2025-05-05 16:00:00,321,18 St (1),344.3658
2025-05-05 16:00:00,323,Christopher St-Sheridan Sq (1),609.8036
2025-05-05 16:00:00,324,Houston St (1),416.7307
2025-05-05 16:00:00,325,Canal St (1),201.278
2025-05-05 16:00:00,326,Franklin St (1),235.8988
2025-05-05 16:00:00,327,"Chambers St (1,2,3)",669.0071
2025-05-05 16:00:00,328,WTC Cortlandt (1),819.6722
2025-05-05 16:00:00,329,Rector St (1),336.4514
2025-05-05 16:00:00,333,"Wall St (2,3)",655.0995
2025-05-05 16:00:00,334,"Clark St (2,3)",363.1365
2025-05-05 16:00:00,336,"Hoyt St (2,3)",352.4015
2025-05-05 16:00:00,337,"Nevins St (2,3,4,5)",457.9718
2025-05-05 16:00:00,339,"Bergen St (2,3)",291.2609
2025-05-05 16:00:00,340,"Grand Army Plaza (2,3)",457.6595
2025-05-05 16:00:00,341,"Eastern Pkwy-Brooklyn Museum (2,3)",264.6334
2025-05-05 16:00:00,343,Nostrand Av (3),203.7161
2025-05-05 16:00:00,344,Kingston Av (3),240.5704
2025-05-05 16:00:00,345,"Crown Hts-Utica Av (3,4)",1635.5603
2025-05-05 16:00:00,346,Sutter Av-Rutland Rd (3),446.3716
2025-05-05 16:00:00,347,Saratoga Av (3),369.1067
2025-05-05 16:00:00,348,Rockaway Av (3),272.9886
2025-05-05 16:00:00,349,Junius St (3),166.6599
2025-05-05 16:00:00,350,Pennsylvania Av (3),255.4267
2025-05-05 16:00:00,351,Van Siclen Av (3),170.8517
2025-05-05 16:00:00,352,New Lots Av (3),369.7342
2025-05-05 16:00:00,353,"President St-Medgar Evers College (2,5)",221.7099
2025-05-05 16:00:00,354,"Sterling St (2,5)",358.7441
2025-05-05 16:00:00,355,"Winthrop St (2,5)",411.1607
2025-05-05 16:00:00,356,"Church Av (2,5)",623.956
2025-05-05 16:00:00,357,"Beverly Rd (2,5)",317.394
2025-05-05 16:00:00,358,"Newkirk Av-Little Haiti (2,5)",555.9861
2025-05-05 16:00:00,359,"Flatbush Av-Brooklyn College (2,5)",1298.6526
2025-05-05 16:00:00,360,Pelham Bay Park (6),463.3961
2025-05-05 16:00:00,361,Buhre Av (6),330.2432
2025-05-05 16:00:00,362,Middletown Rd (6),159.2868
2025-05-05 16:00:00,363,Westchester Sq-E Tremont Av (6),261.9165
2025-05-05 16:00:00,364,Zerega Av (6),177.1825
2025-05-05 16:00:00,365,Castle Hill Av (6),461.7061
2025-05-05 16:00:00,366,Parkchester (6),979.4970000000001
2025-05-05 16:00:00,367,St Lawrence Av (6),326.9316
2025-05-05 16:00:00,368,Morrison Av-Soundview (6),471.3161
2025-05-05 16:00:00,369,Elder Av (6),483.8599
2025-05-05 16:00:00,370,Whitlock Av (6),132.1376
2025-05-05 16:00:00,371,Hunts Point Av (6),687.1256
2025-05-05 16:00:00,372,Longwood Av (6),203.0523
2025-05-05 16:00:00,373,E 149 St (6),335.9265
2025-05-05 16:00:00,374,E 143 St-St Mary's St (6),85.6641
2025-05-05 16:00:00,375,Cypress Av (6),141.9053
2025-05-05 16:00:00,376,Brook Av (6),299.0423
2025-05-05 16:00:00,377,3 Av-138 St (6),453.2384
2025-05-05 16:00:00,378,Woodlawn (4),475.8188
2025-05-05 16:00:00,379,Mosholu Pkwy (4),431.4014
2025-05-05 16:00:00,380,Bedford Park Blvd-Lehman College (4),342.7969
2025-05-05 16:00:00,381,Kingsbridge Rd (4),548.3863
2025-05-05 16:00:00,382,Fordham Rd (4),620.8037
2025-05-05 16:00:00,383,183 St (4),363.7983
2025-05-05 16:00:00,384,Burnside Av (4),529.1183
2025-05-05 16:00:00,385,176 St (4),362.9252
2025-05-05 16:00:00,386,Mt Eden Av (4),266.0628
2025-05-05 16:00:00,387,170 St (4),483.5656
2025-05-05 16:00:00,388,167 St (4),625.1842
2025-05-05 16:00:00,391,"138 St-Grand Concourse (4,5)",180.05
2025-05-05 16:00:00,392,"125 St (4,5,6)",1304.7886
2025-05-05 16:00:00,393,116 St (6),765.3299
2025-05-05 16:00:00,394,110 St (6),608.3516
2025-05-05 16:00:00,395,103 St (6),579.4258
2025-05-05 16:00:00,396,96 St (6),675.6156
2025-05-05 16:00:00,397,"86 St (4,5,6)",2108.6923
2025-05-05 16:00:00,398,77 St (6),1075.5563
2025-05-05 16:00:00,399,68 St-Hunter College (6),841.2649
2025-05-05 16:00:00,403,33 St (6),1060.9253
2025-05-05 16:00:00,404,28 St (6),763.98
2025-05-05 16:00:00,405,23 St (6),1112.07
2025-05-05 16:00:00,407,Astor Pl (6),771.1134
2025-05-05 16:00:00,409,Spring St (6),576.8077
2025-05-05 16:00:00,413,"Wall St (4,5)",603.1114
2025-05-05 16:00:00,414,"Bowling Green (4,5)",998.9908
2025-05-05 16:00:00,416,Wakefield-241 St (2),275.1066
2025-05-05 16:00:00,417,"Nereid Av (2,5)",218.4512
2025-05-05 16:00:00,418,"233 St (2,5)",247.8022
2025-05-05 16:00:00,419,"225 St (2,5)",201.1542
2025-05-05 16:00:00,420,"219 St (2,5)",186.4036
2025-05-05 16:00:00,421,"Gun Hill Rd (2,5)",372.4633
2025-05-05 16:00:00,422,"Burke Av (2,5)",166.5011
2025-05-05 16:00:00,423,"Allerton Av (2,5)",289.7641
2025-05-05 16:00:00,424,"Pelham Pkwy (2,5)",507.81
2025-05-05 16:00:00,425,"Bronx Park East (2,5)",163.54919999999998
2025-05-05 16:00:00,426,"E 180 St (2,5)",662.6249
2025-05-05 16:00:00,427,"West Farms Sq-E Tremont Av (2,5)",314.6387
2025-05-05 16:00:00,428,"174 St (2,5)",384.0579
2025-05-05 16:00:00,429,"Freeman St (2,5)",289.8199
2025-05-05 16:00:00,430,"Simpson St (2,5)",467.3721
2025-05-05 16:00:00,431,"Intervale Av (2,5)",199.6206
2025-05-05 16:00:00,432,"Prospect Av (2,5)",363.0385
2025-05-05 16:00:00,433,"Jackson Av (2,5)",321.5001
2025-05-05 16:00:00,434,"3 Av-149 St (2,5)",1143.8077
2025-05-05 16:00:00,436,Harlem-148 St (3),190.2888
2025-05-05 16:00:00,437,145 St (3),199.6251
2025-05-05 16:00:00,438,"135 St (2,3)",582.5633
2025-05-05 16:00:00,439,"125 St (2,3)",731.3604
2025-05-05 16:00:00,440,"116 St (2,3)",598.3237
2025-05-05 16:00:00,441,"Central Park North (110 St) (2,3)",462.803
2025-05-05 16:00:00,442,Eastchester-Dyre Av (5),314.6861
2025-05-05 16:00:00,443,Baychester Av (5),189.6625
2025-05-05 16:00:00,444,Gun Hill Rd (5),324.1558
2025-05-05 16:00:00,445,Pelham Pkwy (5),239.686
2025-05-05 16:00:00,446,Morris Park (5),242.4902
2025-05-05 16:00:00,447,Flushing-Main St (7),4139.0766
2025-05-05 16:00:00,448,Mets-Willets Point (7),430.6999
2025-05-05 16:00:00,449,111 St (7),1275.704
2025-05-05 16:00:00,450,103 St-Corona Plaza (7),2118.8309
2025-05-05 16:00:00,451,Junction Blvd (7),2419.2052
2025-05-05 16:00:00,452,90 St-Elmhurst Av (7),1634.2705
2025-05-05 16:00:00,453,82 St-Jackson Hts (7),1062.4974
2025-05-05 16:00:00,455,69 St (7),492.1308
2025-05-05 16:00:00,456,61 St-Woodside (7),1263.7701
2025-05-05 16:00:00,457,52 St (7),511.7909
2025-05-05 16:00:00,458,46 St-Bliss St (7),901.9854
2025-05-05 16:00:00,459,40 St-Lowery St (7),659.4729
2025-05-05 16:00:00,460,33 St-Rawson St (7),333.3395
2025-05-05 16:00:00,461,"Queensboro Plaza (7,N,W)",664.7658
2025-05-05 16:00:00,463,Hunters Point Av (7),211.6606
2025-05-05 16:00:00,464,Vernon Blvd-Jackson Av (7),1115.5931
2025-05-05 16:00:00,471,34 St-Hudson Yards (7),987.9806
2025-05-05 16:00:00,475,96 St (Q),919.059
2025-05-05 16:00:00,476,86 St (Q),1311.4202
2025-05-05 16:00:00,477,72 St (Q),1088.7361
2025-05-05 16:00:00,601,"14 St (F,M,1,2,3)/6 Av (L)",2073.5101
2025-05-05 16:00:00,602,"14 St-Union Sq (L,N,Q,R,W,4,5,6)",4328.2855
2025-05-05 16:00:00,603,"149 St-Grand Concourse (2,4,5)",559.0419
2025-05-05 16:00:00,604,"161 St-Yankee Stadium (B,D,4)",1496.626
2025-05-05 16:00:00,605,"168 St (A,C,1)",952.2778
2025-05-05 16:00:00,606,"Court Sq (E,G,M,7)",1269.2776000000001
2025-05-05 16:00:00,607,"34 St-Herald Sq (B,D,F,M,N,Q,R,W)",5155.2938
2025-05-05 16:00:00,608,"4 Av (F,G)/9 St (R)",719.1212
2025-05-05 16:00:00,609,"Bryant Pk (B,D,F,M)/5 Av (7)",1952.4818
2025-05-05 16:00:00,610,"Grand Central-42 St (S,4,5,6,7)",7524.0047
2025-05-05 16:00:00,611,"Times Sq-42 St (N,Q,R,W,S,1,2,3,7)/42 St (A,C,E)",11118.9701
2025-05-05 16:00:00,612,"Lexington Av-53 St (E,M)/51 St (6)",1870.6266
2025-05-05 16:00:00,613,"Lexington Av (N,R,W)/59 St (4,5,6)",1782.8178
2025-05-05 16:00:00,614,"59 St-Columbus Circle (A,B,C,D,1)",3038.5338
2025-05-05 16:00:00,615,New Utrecht Av (N)/62 St (D),367.3588
2025-05-05 16:00:00,616,"74-Broadway (7)/Jackson Hts-Roosevelt Av (E,F,M,R)",4081.935
2025-05-05 16:00:00,617,"Atlantic Av-Barclays Ctr (B,D,N,Q,R,2,3,4,5)",2684.611
2025-05-05 16:00:00,618,"14 St (A,C,E)/8 Av (L)",1965.956
2025-05-05 16:00:00,619,"Broadway-Lafayette St (B,D,F,M)/Bleecker St (6)",1999.7259999999999
2025-05-05 16:00:00,620,"Court St (R)/Borough Hall (2,3,4,5)",1174.0533
2025-05-05 16:00:00,621,"Broadway Junction (A,C,J,L,Z)",482.8603
2025-05-05 16:00:00,622,"Brooklyn Bridge-City Hall (4,5,6)/Chambers St (J,Z)",924.8469
2025-05-05 16:00:00,623,"Canal St (J,N,Q,R,W,Z,6)",1863.568
2025-05-05 16:00:00,624,"Chambers St (A,C)/WTC (E)/Park Pl (2,3)/Cortlandt (R,W)",2208.3268
2025-05-05 16:00:00,625,"Delancey St (F)/Essex St (J,M,Z)",1542.3844
2025-05-05 16:00:00,626,"Franklin Av (2,3,4,5)/Botanic Garden (S)",871.0825
2025-05-05 16:00:00,627,"Franklin Av (C,S)",319.6449
2025-05-05 16:00:00,628,"Fulton St (A,C,J,Z,2,3,4,5)",3555.7468
2025-05-05 16:00:00,629,Lorimer St (L)/Metropolitan Av (G),1011.9525
2025-05-05 16:00:00,630,"Myrtle-Wyckoff Avs (L,M)",1691.8207
2025-05-05 16:00:00,635,"South Ferry (1)/Whitehall St (R,W)",1421.0314
2025-05-05 16:00:00,636,"Jay St-MetroTech (A,C,F,R)",1430.4822
2025-05-05 17:00:00,1,"Astoria-Ditmars Blvd (N,W)",1418.9913
2025-05-05 17:00:00,2,"Astoria Blvd (N,W)",1034.4484
2025-05-05 17:00:00,3,"30 Av (N,W)",1321.828
2025-05-05 17:00:00,4,"Broadway (N,W)",1161.0928000000001
2025-05-05 17:00:00,5,"36 Av (N,W)",520.4889
2025-05-05 17:00:00,6,"39 Av-Dutch Kills (N,W)",276.3645
2025-05-05 17:00:00,8,"5 Av/59 St (N,R,W)",390.5933
2025-05-05 17:00:00,9,"57 St-7 Av (N,Q,R,W)",1550.9741
2025-05-05 17:00:00,10,"49 St (N,R,W)",1122.7468
2025-05-05 17:00:00,13,"28 St (R,W)",679.3118
2025-05-05 17:00:00,14,"23 St (R,W)",1012.6687
2025-05-05 17:00:00,16,"8 St-NYU (R,W)",1060.5937
2025-05-05 17:00:00,17,"Prince St (R,W)",646.1965
2025-05-05 17:00:00,20,"City Hall (R,W)",179.6585
2025-05-05 17:00:00,22,"Rector St (R,W)",262.1277
2025-05-05 17:00:00,26,"DeKalb Av (B,Q,R)",1612.006
2025-05-05 17:00:00,28,Union St (R),625.7081000000001
2025-05-05 17:00:00,30,Prospect Av (R),514.6037
2025-05-05 17:00:00,31,25 St (R),252.8282
2025-05-05 17:00:00,32,"36 St (D,N,R)",858.4686
2025-05-05 17:00:00,33,45 St (R),626.2255
2025-05-05 17:00:00,34,53 St (R),652.8409
2025-05-05 17:00:00,35,"59 St (N,R)",1011.9501
2025-05-05 17:00:00,36,Bay Ridge Av (R),648.7941
2025-05-05 17:00:00,37,77 St (R),518.5365
2025-05-05 17:00:00,38,86 St (R),937.6285
2025-05-05 17:00:00,39,Bay Ridge-95 St (R),495.3985
2025-05-05 17:00:00,41,"7 Av (B,Q)",931.7832999999999
2025-05-05 17:00:00,42,"Prospect Park (B,Q,S)",861.5164
2025-05-05 17:00:00,43,Parkside Av (Q),519.6149
2025-05-05 17:00:00,44,"Church Av (B,Q)",1137.2767
2025-05-05 17:00:00,45,Beverley Rd (Q),324.2423
2025-05-05 17:00:00,46,Cortelyou Rd (Q),540.9994
2025-05-05 17:00:00,47,"Newkirk Plaza (B,Q)",905.7359
2025-05-05 17:00:00,48,Avenue H (Q),254.8248
2025-05-05 17:00:00,49,Avenue J (Q),458.5995
2025-05-05 17:00:00,50,Avenue M (Q),439.7484
2025-05-05 17:00:00,51,"Kings Hwy (B,Q)",1712.9813
2025-05-05 17:00:00,52,Avenue U (Q),581.6817
2025-05-05 17:00:00,53,Neck Rd (Q),439.84929999999997
2025-05-05 17:00:00,54,"Sheepshead Bay (B,Q)",1118.5215
2025-05-05 17:00:00,55,"Brighton Beach (B,Q)",752.6304
2025-05-05 17:00:00,56,Ocean Pkwy (Q),198.3417
2025-05-05 17:00:00,57,"W 8 St-NY Aquarium (F,Q)",157.8692
2025-05-05 17:00:00,58,"Coney Island-Stillwell Av (D,F,N,Q)",858.144
2025-05-05 17:00:00,59,9 Av (D),478.0339
2025-05-05 17:00:00,60,Fort Hamilton Pkwy (D),278.8761
2025-05-05 17:00:00,61,50 St (D),177.3766
2025-05-05 17:00:00,62,55 St (D),105.081
2025-05-05 17:00:00,64,71 St (D),498.0297
2025-05-05 17:00:00,65,79 St (D),645.5155
2025-05-05 17:00:00,66,18 Av (D),615.1481
2025-05-05 17:00:00,67,20 Av (D),515.9374
2025-05-05 17:00:00,68,Bay Pkwy (D),641.3859
2025-05-05 17:00:00,69,25 Av (D),391.417
2025-05-05 17:00:00,70,Bay 50 St (D),226.9397
2025-05-05 17:00:00,71,8 Av (N),678.9004
2025-05-05 17:00:00,72,Fort Hamilton Pkwy (N),609.5909
2025-05-05 17:00:00,74,18 Av (N),457.2357
2025-05-05 17:00:00,75,20 Av (N),411.8013
2025-05-05 17:00:00,76,Bay Pkwy (N),672.1237
2025-05-05 17:00:00,77,Kings Hwy (N),578.0853
2025-05-05 17:00:00,78,Avenue U (N),360.1023
2025-05-05 17:00:00,79,86 St (N),206.1072
2025-05-05 17:00:00,80,"121 St (J,Z)",182.974
2025-05-05 17:00:00,81,111 St (J),200.1726
2025-05-05 17:00:00,82,"104 St (J,Z)",227.4451
2025-05-05 17:00:00,83,"Woodhaven Blvd (J,Z)",409.3692
2025-05-05 17:00:00,84,85 St-Forest Pkwy (J),155.4781
2025-05-05 17:00:00,85,"75 St-Elderts Ln (J,Z)",353.858
2025-05-05 17:00:00,86,Cypress Hills (J),34.245400000000004
2025-05-05 17:00:00,87,"Crescent St (J,Z)",334.0926
2025-05-05 17:00:00,88,"Norwood Av (J,Z)",190.5384
2025-05-05 17:00:00,89,Cleveland St (J),170.5247
2025-05-05 17:00:00,90,"Van Siclen Av (J,Z)",220.6464
2025-05-05 17:00:00,91,Alabama Av (J),94.54599999999999
2025-05-05 17:00:00,93,"Chauncey St (J,Z)",211.8864
2025-05-05 17:00:00,94,Halsey St (J),506.3902
2025-05-05 17:00:00,95,"Gates Av (J,Z)",563.7912
2025-05-05 17:00:00,96,Kosciuszko St (J),456.715
2025-05-05 17:00:00,97,"Myrtle Av (M,J,Z)",941.9495000000001
2025-05-05 17:00:00,98,"Flushing Av (M,J)",410.0235
2025-05-05 17:00:00,99,"Lorimer St (M,J)",310.0421
2025-05-05 17:00:00,100,"Hewes St (M,J)",191.9188
2025-05-05 17:00:00,101,"Marcy Av (M,J,Z)",923.2332
2025-05-05 17:00:00,103,"Bowery (J,Z)",209.5549
2025-05-05 17:00:00,107,"Broad St (J,Z)",196.7392
2025-05-05 17:00:00,108,Middle Village-Metropolitan Av (M),313.8944
2025-05-05 17:00:00,109,Fresh Pond Rd (M),563.2402
2025-05-05 17:00:00,110,Forest Av (M),435.6602
2025-05-05 17:00:00,111,Seneca Av (M),271.2711
2025-05-05 17:00:00,113,Knickerbocker Av (M),353.9752
2025-05-05 17:00:00,114,Central Av (M),352.4009
2025-05-05 17:00:00,118,3 Av (L),440.8565
2025-05-05 17:00:00,119,1 Av (L),1959.0812
2025-05-05 17:00:00,120,Bedford Av (L),3070.9241
2025-05-05 17:00:00,122,Graham Av (L),861.6936000000001
2025-05-05 17:00:00,123,Grand St (L),470.35699999999997
2025-05-05 17:00:00,124,Montrose Av (L),558.4376
2025-05-05 17:00:00,125,Morgan Av (L),572.6328
2025-05-05 17:00:00,126,Jefferson St (L),716.1796
2025-05-05 17:00:00,127,DeKalb Av (L),1139.985
2025-05-05 17:00:00,129,Halsey St (L),774.5186
2025-05-05 17:00:00,130,Wilson Av (L),397.2015
2025-05-05 17:00:00,131,Bushwick Av-Aberdeen St (L),211.8174
2025-05-05 17:00:00,133,Atlantic Av (L),142.4058
2025-05-05 17:00:00,134,Sutter Av (L),179.4855
2025-05-05 17:00:00,135,Livonia Av (L),211.5537
2025-05-05 17:00:00,136,New Lots Av (L),240.5852
2025-05-05 17:00:00,137,East 105 St (L),200.7759
2025-05-05 17:00:00,138,Canarsie-Rockaway Pkwy (L),565.8687
2025-05-05 17:00:00,141,Park Pl (S),133.5704
2025-05-05 17:00:00,143,Inwood-207 St (A),660.2252
2025-05-05 17:00:00,144,Dyckman St (A),466.8505
2025-05-05 17:00:00,145,190 St (A),385.1991
2025-05-05 17:00:00,146,181 St (A),857.7923000000001
2025-05-05 17:00:00,147,175 St (A),889.121
2025-05-05 17:00:00,149,163 St-Amsterdam Av (C),283.4121
2025-05-05 17:00:00,150,155 St (C),155.9877
2025-05-05 17:00:00,151,"145 St (A,C,B,D)",1470.1098
2025-05-05 17:00:00,152,"135 St (C,B)",334.9919
2025-05-05 17:00:00,153,"125 St (A,C,B,D)",1632.6242
2025-05-05 17:00:00,154,"116 St (C,B)",504.0787
2025-05-05 17:00:00,155,"Cathedral Pkwy (110 St) (C,B)",557.0972
2025-05-05 17:00:00,156,"103 St (C,B)",361.4563
2025-05-05 17:00:00,157,"96 St (C,B)",663.8004
2025-05-05 17:00:00,158,"86 St (C,B)",732.914
2025-05-05 17:00:00,159,"81 St-Museum of Natural History (C,B)",646.4581000000001
2025-05-05 17:00:00,160,"72 St (C,B)",664.221
2025-05-05 17:00:00,162,"50 St (C,E)",1171.3481
2025-05-05 17:00:00,164,"34 St-Penn Station (A,C,E)",5018.0022
2025-05-05 17:00:00,165,"23 St (C,E)",1247.6471
2025-05-05 17:00:00,167,"W 4 St-Wash Sq (A,C,E,B,D,F,M)",3041.6863
2025-05-05 17:00:00,168,"Spring St (C,E)",690.1469999999999
2025-05-05 17:00:00,169,"Canal St (A,C,E)",728.0581
2025-05-05 17:00:00,173,"High St (A,C)",811.8837
2025-05-05 17:00:00,175,"Hoyt-Schermerhorn Sts (A,C,G)",755.0956
2025-05-05 17:00:00,176,Lafayette Av (C),366.9018
2025-05-05 17:00:00,177,Clinton-Washington Avs (C),671.7570000000001
2025-05-05 17:00:00,179,"Nostrand Av (A,C)",1398.3652
2025-05-05 17:00:00,180,Kingston-Throop Avs (C),490.8374
2025-05-05 17:00:00,181,"Utica Av (A,C)",1127.8108
2025-05-05 17:00:00,182,Ralph Av (C),400.0767
2025-05-05 17:00:00,183,Rockaway Av (C),408.6331
2025-05-05 17:00:00,185,Liberty Av (C),151.1505
2025-05-05 17:00:00,186,Van Siclen Av (C),246.5463
2025-05-05 17:00:00,187,Shepherd Av (C),193.5396
2025-05-05 17:00:00,188,"Euclid Av (A,C)",745.0177
2025-05-05 17:00:00,189,Grant Av (A),408.7462
2025-05-05 17:00:00,190,80 St (A),361.1066
2025-05-05 17:00:00,191,88 St (A),259.7864
2025-05-05 17:00:00,192,Rockaway Blvd (A),595.2687
2025-05-05 17:00:00,193,104 St (A),179.3111
2025-05-05 17:00:00,194,111 St (A),240.4994
2025-05-05 17:00:00,195,Ozone Park-Lefferts Blvd (A),620.403
2025-05-05 17:00:00,196,Aqueduct Racetrack (A),49.7266
2025-05-05 17:00:00,197,Aqueduct-N Conduit Av (A),76.0707
2025-05-05 17:00:00,198,Howard Beach-JFK Airport (A),455.4588
2025-05-05 17:00:00,199,"Broad Channel (A,S)",8.6687
2025-05-05 17:00:00,200,"Beach 90 St (A,S)",16.4938
2025-05-05 17:00:00,201,"Beach 98 St (A,S)",5.7338000000000005
2025-05-05 17:00:00,202,"Beach 105 St (A,S)",5.2520999999999995
2025-05-05 17:00:00,203,"Rockaway Park-Beach 116 St (A,S)",14.3567
2025-05-05 17:00:00,204,Beach 67 St (A),50.3909
2025-05-05 17:00:00,205,Beach 60 St (A),42.7424
2025-05-05 17:00:00,206,Beach 44 St (A),16.5898
2025-05-05 17:00:00,207,Beach 36 St (A),15.5315
2025-05-05 17:00:00,208,Beach 25 St (A),30.8794
2025-05-05 17:00:00,209,Far Rockaway-Mott Av (A),109.9281
2025-05-05 17:00:00,210,Norwood-205 St (D),448.4603
2025-05-05 17:00:00,211,"Bedford Park Blvd (B,D)",470.2367
2025-05-05 17:00:00,212,"Kingsbridge Rd (B,D)",444.0279
2025-05-05 17:00:00,213,"Fordham Rd (B,D)",555.5393
2025-05-05 17:00:00,214,"182-183 Sts (B,D)",259.218
2025-05-05 17:00:00,215,"Tremont Av (B,D)",608.183
2025-05-05 17:00:00,216,"174-175 Sts (B,D)",234.40370000000001
2025-05-05 17:00:00,217,"170 St (B,D)",349.5867
2025-05-05 17:00:00,218,"167 St (B,D)",475.8381
2025-05-05 17:00:00,220,"155 St (B,D)",160.4822
2025-05-05 17:00:00,221,21 St-Queensbridge (F),682.1254
2025-05-05 17:00:00,222,Roosevelt Island (F),740.9124
2025-05-05 17:00:00,223,"Lexington Av/63 St (F,Q)",992.9176
2025-05-05 17:00:00,224,57 St (F),572.2175
2025-05-05 17:00:00,225,"47-50 Sts-Rockefeller Ctr (B,D,F,M)",1412.2855
2025-05-05 17:00:00,228,"23 St (F,M)",1687.7215
2025-05-05 17:00:00,231,"Grand St (B,D)",1241.7185
2025-05-05 17:00:00,232,2 Av (F),1209.5783999999999
2025-05-05 17:00:00,234,East Broadway (F),942.9075
2025-05-05 17:00:00,235,York St (F),927.6315
2025-05-05 17:00:00,236,"Bergen St (F,G)",821.1061
2025-05-05 17:00:00,237,"Carroll St (F,G)",967.8447
2025-05-05 17:00:00,238,"Smith-9 Sts (F,G)",228.8466
2025-05-05 17:00:00,240,"7 Av (F,G)",973.5818
2025-05-05 17:00:00,241,"15 St-Prospect Park (F,G)",559.5009
2025-05-05 17:00:00,242,"Fort Hamilton Pkwy (F,G)",579.2364
2025-05-05 17:00:00,243,"Church Av (F,G)",688.2274
2025-05-05 17:00:00,244,Ditmas Av (F),299.433
2025-05-05 17:00:00,245,18 Av (F),236.3939
2025-05-05 17:00:00,246,Avenue I (F),97.6943
2025-05-05 17:00:00,247,Bay Pkwy (F),85.4655
2025-05-05 17:00:00,248,Avenue N (F),232.9356
2025-05-05 17:00:00,249,Avenue P (F),228.0778
2025-05-05 17:00:00,250,Kings Hwy (F),274.2442
2025-05-05 17:00:00,251,Avenue U (F),157.3896
2025-05-05 17:00:00,252,Avenue X (F),190.1171
2025-05-05 17:00:00,253,Neptune Av (F),114.0887
2025-05-05 17:00:00,254,Jamaica-179 St (F),1746.3895
2025-05-05 17:00:00,255,169 St (F),586.1775
2025-05-05 17:00:00,256,Parsons Blvd (F),530.5402
2025-05-05 17:00:00,257,Sutphin Blvd (F),314.9911
2025-05-05 17:00:00,258,"Briarwood (E,F)",450.8247
2025-05-05 17:00:00,259,"Kew Gardens-Union Tpke (E,F)",1896.2442
2025-05-05 17:00:00,260,"75 Av (E,F)",325.9089
2025-05-05 17:00:00,261,"Forest Hills-71 Av (E,F,M,R)",2303.9758
2025-05-05 17:00:00,262,"67 Av (M,R)",792.3954
2025-05-05 17:00:00,263,"63 Dr-Rego Park (M,R)",1260.727
2025-05-05 17:00:00,264,"Woodhaven Blvd (M,R)",1448.4386
2025-05-05 17:00:00,265,"Grand Av-Newtown (M,R)",1718.8134
2025-05-05 17:00:00,266,"Elmhurst Av (M,R)",1170.2274
2025-05-05 17:00:00,268,"65 St (M,R)",284.9721
2025-05-05 17:00:00,269,"Northern Blvd (M,R)",576.8434
2025-05-05 17:00:00,270,"46 St (M,R)",658.1892
2025-05-05 17:00:00,271,"Steinway St (M,R)",977.4153
2025-05-05 17:00:00,272,"36 St (M,R)",190.5978
2025-05-05 17:00:00,273,"Queens Plaza (E,M,R)",1073.2884999999999
2025-05-05 17:00:00,276,"5 Av/53 St (E,M)",349.1465
2025-05-05 17:00:00,277,"7 Av (E,B,D)",734.4305
2025-05-05 17:00:00,278,"Jamaica Center-Parsons/Archer (E,J,Z)",2076.6255
2025-05-05 17:00:00,279,"Sutphin Blvd-Archer Av-JFK Airport (E,J,Z)",1808.4712
2025-05-05 17:00:00,280,Jamaica-Van Wyck (E),330.9157
2025-05-05 17:00:00,282,21 St (G),121.24419999999999
2025-05-05 17:00:00,283,Greenpoint Av (G),813.823
2025-05-05 17:00:00,284,Nassau Av (G),815.3221
2025-05-05 17:00:00,286,Broadway (G),294.774
2025-05-05 17:00:00,287,Flushing Av (G),146.0626
2025-05-05 17:00:00,288,Myrtle-Willoughby Avs (G),397.7554
2025-05-05 17:00:00,289,Bedford-Nostrand Avs (G),740.8602
2025-05-05 17:00:00,290,Classon Av (G),432.6513
2025-05-05 17:00:00,291,Clinton-Washington Avs (G),432.262
2025-05-05 17:00:00,292,Fulton St (G),318.7144
2025-05-05 17:00:00,293,Van Cortlandt Park-242 St (1),491.0326
2025-05-05 17:00:00,294,238 St (1),369.3053
2025-05-05 17:00:00,295,231 St (1),693.812
2025-05-05 17:00:00,296,Marble Hill-225 St (1),338.6329
2025-05-05 17:00:00,297,215 St (1),140.801
2025-05-05 17:00:00,298,207 St (1),321.6716
2025-05-05 17:00:00,299,Dyckman St (1),466.908
2025-05-05 17:00:00,300,191 St (1),531.2717
2025-05-05 17:00:00,301,181 St (1),639.4731
2025-05-05 17:00:00,303,157 St (1),690.547
2025-05-05 17:00:00,304,145 St (1),620.4793
2025-05-05 17:00:00,305,137 St-City College (1),745.7595
2025-05-05 17:00:00,306,125 St (1),486.855
2025-05-05 17:00:00,307,116 St-Columbia University (1),611.0804
2025-05-05 17:00:00,308,Cathedral Pkwy (110 St) (1),796.377
2025-05-05 17:00:00,309,103 St (1),877.8581
2025-05-05 17:00:00,310,"96 St (1,2,3)",2572.5769999999998
2025-05-05 17:00:00,311,86 St (1),1197.9637
2025-05-05 17:00:00,312,79 St (1),931.4661
2025-05-05 17:00:00,313,"72 St (1,2,3)",2888.9161
2025-05-05 17:00:00,314,66 St-Lincoln Center (1),1159.6455
2025-05-05 17:00:00,316,50 St (1),1028.4652
2025-05-05 17:00:00,318,"34 St-Penn Station (1,2,3)",5401.4152
2025-05-05 17:00:00,319,28 St (1),754.1048
2025-05-05 17:00:00,320,23 St (1),819.4876
2025-05-05 17:00:00,321,18 St (1),429.8701
2025-05-05 17:00:00,323,Christopher St-Sheridan Sq (1),893.614
2025-05-05 17:00:00,324,Houston St (1),585.1043
2025-05-05 17:00:00,325,Canal St (1),246.3268
2025-05-05 17:00:00,326,Franklin St (1),277.6374
2025-05-05 17:00:00,327,"Chambers St (1,2,3)",794.5091
2025-05-05 17:00:00,328,WTC Cortlandt (1),1009.1912
2025-05-05 17:00:00,329,Rector St (1),425.4597
2025-05-05 17:00:00,333,"Wall St (2,3)",885.7837
2025-05-05 17:00:00,334,"Clark St (2,3)",530.3782
2025-05-05 17:00:00,336,"Hoyt St (2,3)",419.9916
2025-05-05 17:00:00,337,"Nevins St (2,3,4,5)",631.1032
2025-05-05 17:00:00,339,"Bergen St (2,3)",425.6305
2025-05-05 17:00:00,340,"Grand Army Plaza (2,3)",645.6969
2025-05-05 17:00:00,341,"Eastern Pkwy-Brooklyn Museum (2,3)",357.1404
2025-05-05 17:00:00,343,Nostrand Av (3),259.3212
2025-05-05 17:00:00,344,Kingston Av (3),338.9059
2025-05-05 17:00:00,345,"Crown Hts-Utica Av (3,4)",1893.7488
2025-05-05 17:00:00,346,Sutter Av-Rutland Rd (3),441.9268
2025-05-05 17:00:00,347,Saratoga Av (3),372.4616
2025-05-05 17:00:00,348,Rockaway Av (3),266.3456
2025-05-05 17:00:00,349,Junius St (3),145.1175
2025-05-05 17:00:00,350,Pennsylvania Av (3),231.5648
2025-05-05 17:00:00,351,Van Siclen Av (3),170.5613
2025-05-05 17:00:00,352,New Lots Av (3),339.8102
2025-05-05 17:00:00,353,"President St-Medgar Evers College (2,5)",278.2558
2025-05-05 17:00:00,354,"Sterling St (2,5)",470.6924
2025-05-05 17:00:00,355,"Winthrop St (2,5)",501.03589999999997
2025-05-05 17:00:00,356,"Church Av (2,5)",711.3622
2025-05-05 17:00:00,357,"Beverly Rd (2,5)",369.3841
2025-05-05 17:00:00,358,"Newkirk Av-Little Haiti (2,5)",590.3855
2025-05-05 17:00:00,359,"Flatbush Av-Brooklyn College (2,5)",1464.3043
2025-05-05 17:00:00,360,Pelham Bay Park (6),397.315
2025-05-05 17:00:00,361,Buhre Av (6),333.4031
2025-05-05 17:00:00,362,Middletown Rd (6),177.1201
2025-05-05 17:00:00,363,Westchester Sq-E Tremont Av (6),239.4849
2025-05-05 17:00:00,364,Zerega Av (6),167.7412
2025-05-05 17:00:00,365,Castle Hill Av (6),469.8752
2025-05-05 17:00:00,366,Parkchester (6),1002.6787
2025-05-05 17:00:00,367,St Lawrence Av (6),330.1983
2025-05-05 17:00:00,368,Morrison Av-Soundview (6),462.4712
2025-05-05 17:00:00,369,Elder Av (6),429.0793
2025-05-05 17:00:00,370,Whitlock Av (6),123.0422
2025-05-05 17:00:00,371,Hunts Point Av (6),626.3206
2025-05-05 17:00:00,372,Longwood Av (6),155.22299999999998
2025-05-05 17:00:00,373,E 149 St (6),304.3735
2025-05-05 17:00:00,374,E 143 St-St Mary's St (6),79.0393
2025-05-05 17:00:00,375,Cypress Av (6),152.3983
2025-05-05 17:00:00,376,Brook Av (6),287.8915
2025-05-05 17:00:00,377,3 Av-138 St (6),481.5255
2025-05-05 17:00:00,378,Woodlawn (4),428.7525
2025-05-05 17:00:00,379,Mosholu Pkwy (4),393.664
2025-05-05 17:00:00,380,Bedford Park Blvd-Lehman College (4),303.3067
2025-05-05 17:00:00,381,Kingsbridge Rd (4),541.1498
2025-05-05 17:00:00,382,Fordham Rd (4),529.9604
2025-05-05 17:00:00,383,183 St (4),334.4796
2025-05-05 17:00:00,384,Burnside Av (4),503.5655
2025-05-05 17:00:00,385,176 St (4),345.2131
2025-05-05 17:00:00,386,Mt Eden Av (4),274.2584
2025-05-05 17:00:00,387,170 St (4),450.7907
2025-05-05 17:00:00,388,167 St (4),609.0344
2025-05-05 17:00:00,391,"138 St-Grand Concourse (4,5)",207.9179
2025-05-05 17:00:00,392,"125 St (4,5,6)",1260.3445
2025-05-05 17:00:00,393,116 St (6),791.7944
2025-05-05 17:00:00,394,110 St (6),681.7056
2025-05-05 17:00:00,395,103 St (6),667.2111
2025-05-05 17:00:00,396,96 St (6),905.5482
2025-05-05 17:00:00,397,"86 St (4,5,6)",2787.3507
2025-05-05 17:00:00,398,77 St (6),1481.9215
2025-05-05 17:00:00,399,68 St-Hunter College (6),966.0562
2025-05-05 17:00:00,403,33 St (6),1424.6131
2025-05-05 17:00:00,404,28 St (6),1001.2157
2025-05-05 17:00:00,405,23 St (6),1493.9411
2025-05-05 17:00:00,407,Astor Pl (6),1139.715
2025-05-05 17:00:00,409,Spring St (6),679.3195
2025-05-05 17:00:00,413,"Wall St (4,5)",801.489
2025-05-05 17:00:00,414,"Bowling Green (4,5)",955.1189
2025-05-05 17:00:00,416,Wakefield-241 St (2),228.1008
2025-05-05 17:00:00,417,"Nereid Av (2,5)",210.31799999999998
2025-05-05 17:00:00,418,"233 St (2,5)",239.5742
2025-05-05 17:00:00,419,"225 St (2,5)",198.0247
2025-05-05 17:00:00,420,"219 St (2,5)",168.6571
2025-05-05 17:00:00,421,"Gun Hill Rd (2,5)",328.582
2025-05-05 17:00:00,422,"Burke Av (2,5)",183.9729
2025-05-05 17:00:00,423,"Allerton Av (2,5)",318.2493
2025-05-05 17:00:00,424,"Pelham Pkwy (2,5)",514.8886
2025-05-05 17:00:00,425,"Bronx Park East (2,5)",174.4557
2025-05-05 17:00:00,426,"E 180 St (2,5)",615.004
2025-05-05 17:00:00,427,"West Farms Sq-E Tremont Av (2,5)",292.1955
2025-05-05 17:00:00,428,"174 St (2,5)",361.3006
2025-05-05 17:00:00,429,"Freeman St (2,5)",277.037
2025-05-05 17:00:00,430,"Simpson St (2,5)",456.59590000000003
2025-05-05 17:00:00,431,"Intervale Av (2,5)",162.5556
2025-05-05 17:00:00,432,"Prospect Av (2,5)",361.7047
2025-05-05 17:00:00,433,"Jackson Av (2,5)",299.7223
2025-05-05 17:00:00,434,"3 Av-149 St (2,5)",1018.6558
2025-05-05 17:00:00,436,Harlem-148 St (3),224.2716
2025-05-05 17:00:00,437,145 St (3),208.3238
2025-05-05 17:00:00,438,"135 St (2,3)",695.3502
2025-05-05 17:00:00,439,"125 St (2,3)",763.6434
2025-05-05 17:00:00,440,"116 St (2,3)",650.668
2025-05-05 17:00:00,441,"Central Park North (110 St) (2,3)",499.2987
2025-05-05 17:00:00,442,Eastchester-Dyre Av (5),296.6179
2025-05-05 17:00:00,443,Baychester Av (5),200.6244
2025-05-05 17:00:00,444,Gun Hill Rd (5),362.9363
2025-05-05 17:00:00,445,Pelham Pkwy (5),221.772
2025-05-05 17:00:00,446,Morris Park (5),250.7761
2025-05-05 17:00:00,447,Flushing-Main St (7),4630.7739
2025-05-05 17:00:00,448,Mets-Willets Point (7),864.7488
2025-05-05 17:00:00,449,111 St (7),1141.2402
2025-05-05 17:00:00,450,103 St-Corona Plaza (7),1869.7982
2025-05-05 17:00:00,451,Junction Blvd (7),2225.9021
2025-05-05 17:00:00,452,90 St-Elmhurst Av (7),1533.5629999999999
2025-05-05 17:00:00,453,82 St-Jackson Hts (7),1086.5616
2025-05-05 17:00:00,455,69 St (7),537.6923
2025-05-05 17:00:00,456,61 St-Woodside (7),1262.2192
2025-05-05 17:00:00,457,52 St (7),654.2900999999999
2025-05-05 17:00:00,458,46 St-Bliss St (7),1082.9794
2025-05-05 17:00:00,459,40 St-Lowery St (7),840.513
2025-05-05 17:00:00,460,33 St-Rawson St (7),467.045
2025-05-05 17:00:00,461,"Queensboro Plaza (7,N,W)",954.7214
2025-05-05 17:00:00,463,Hunters Point Av (7),215.42610000000002
2025-05-05 17:00:00,464,Vernon Blvd-Jackson Av (7),1822.8876
2025-05-05 17:00:00,471,34 St-Hudson Yards (7),1166.5797
2025-05-05 17:00:00,475,96 St (Q),1328.2663
2025-05-05 17:00:00,476,86 St (Q),2214.2215
2025-05-05 17:00:00,477,72 St (Q),1737.699
2025-05-05 17:00:00,601,"14 St (F,M,1,2,3)/6 Av (L)",2670.2201
2025-05-05 17:00:00,602,"14 St-Union Sq (L,N,Q,R,W,4,5,6)",5357.7768
2025-05-05 17:00:00,603,"149 St-Grand Concourse (2,4,5)",526.7757
2025-05-05 17:00:00,604,"161 St-Yankee Stadium (B,D,4)",1912.7913
2025-05-05 17:00:00,605,"168 St (A,C,1)",1087.6356
2025-05-05 17:00:00,606,"Court Sq (E,G,M,7)",1913.6374
2025-05-05 17:00:00,607,"34 St-Herald Sq (B,D,F,M,N,Q,R,W)",6093.3709
2025-05-05 17:00:00,608,"4 Av (F,G)/9 St (R)",996.1885
2025-05-05 17:00:00,609,"Bryant Pk (B,D,F,M)/5 Av (7)",1860.5966
2025-05-05 17:00:00,610,"Grand Central-42 St (S,4,5,6,7)",8635.4555
2025-05-05 17:00:00,611,"Times Sq-42 St (N,Q,R,W,S,1,2,3,7)/42 St (A,C,E)",12232.4639
2025-05-05 17:00:00,612,"Lexington Av-53 St (E,M)/51 St (6)",2163.0214
2025-05-05 17:00:00,613,"Lexington Av (N,R,W)/59 St (4,5,6)",2001.3938
2025-05-05 17:00:00,614,"59 St-Columbus Circle (A,B,C,D,1)",3546.8367
2025-05-05 17:00:00,615,New Utrecht Av (N)/62 St (D),374.3914
2025-05-05 17:00:00,616,"74-Broadway (7)/Jackson Hts-Roosevelt Av (E,F,M,R)",4273.9617
2025-05-05 17:00:00,617,"Atlantic Av-Barclays Ctr (B,D,N,Q,R,2,3,4,5)",3108.1128
2025-05-05 17:00:00,618,"14 St (A,C,E)/8 Av (L)",2392.3771
2025-05-05 17:00:00,619,"Broadway-Lafayette St (B,D,F,M)/Bleecker St (6)",2460.706
2025-05-05 17:00:00,620,"Court St (R)/Borough Hall (2,3,4,5)",1641.6549
2025-05-05 17:00:00,621,"Broadway Junction (A,C,J,L,Z)",478.5018
2025-05-05 17:00:00,622,"Brooklyn Bridge-City Hall (4,5,6)/Chambers St (J,Z)",1106.1038
2025-05-05 17:00:00,623,"Canal St (J,N,Q,R,W,Z,6)",1979.0055
2025-05-05 17:00:00,624,"Chambers St (A,C)/WTC (E)/Park Pl (2,3)/Cortlandt (R,W)",2527.2755
2025-05-05 17:00:00,625,"Delancey St (F)/Essex St (J,M,Z)",2140.5306
2025-05-05 17:00:00,626,"Franklin Av (2,3,4,5)/Botanic Garden (S)",1240.5125
2025-05-05 17:00:00,627,"Franklin Av (C,S)",396.4549
2025-05-05 17:00:00,628,"Fulton St (A,C,J,Z,2,3,4,5)",4254.4711
2025-05-05 17:00:00,629,Lorimer St (L)/Metropolitan Av (G),1474.1104
2025-05-05 17:00:00,630,"Myrtle-Wyckoff Avs (L,M)",1819.5749
2025-05-05 17:00:00,635,"South Ferry (1)/Whitehall St (R,W)",1412.973
2025-05-05 17:00:00,636,"Jay St-MetroTech (A,C,F,R)",1725.0786
2025-05-05 18:00:00,1,"Astoria-Ditmars Blvd (N,W)",988.7278
2025-05-05 18:00:00,2,"Astoria Blvd (N,W)",745.7368
2025-05-05 18:00:00,3,"30 Av (N,W)",963.0293
2025-05-05 18:00:00,4,"Broadway (N,W)",905.2662
2025-05-05 18:00:00,5,"36 Av (N,W)",416.3155
2025-05-05 18:00:00,6,"39 Av-Dutch Kills (N,W)",231.9355
2025-05-05 18:00:00,8,"5 Av/59 St (N,R,W)",285.3681
2025-05-05 18:00:00,9,"57 St-7 Av (N,Q,R,W)",1283.9607
2025-05-05 18:00:00,10,"49 St (N,R,W)",1069.1455
2025-05-05 18:00:00,13,"28 St (R,W)",571.1895
2025-05-05 18:00:00,14,"23 St (R,W)",748.7786
2025-05-05 18:00:00,16,"8 St-NYU (R,W)",902.9599
2025-05-05 18:00:00,17,"Prince St (R,W)",458.4321
2025-05-05 18:00:00,20,"City Hall (R,W)",148.393
2025-05-05 18:00:00,22,"Rector St (R,W)",208.0807
2025-05-05 18:00:00,26,"DeKalb Av (B,Q,R)",1308.4342
2025-05-05 18:00:00,28,Union St (R),450.5671
2025-05-05 18:00:00,30,Prospect Av (R),385.2768
2025-05-05 18:00:00,31,25 St (R),192.0448
2025-05-05 18:00:00,32,"36 St (D,N,R)",646.514
2025-05-05 18:00:00,33,45 St (R),440.4208
2025-05-05 18:00:00,34,53 St (R),479.0294
2025-05-05 18:00:00,35,"59 St (N,R)",687.519
2025-05-05 18:00:00,36,Bay Ridge Av (R),477.4578
2025-05-05 18:00:00,37,77 St (R),332.7756
2025-05-05 18:00:00,38,86 St (R),644.351
2025-05-05 18:00:00,39,Bay Ridge-95 St (R),346.8159
2025-05-05 18:00:00,41,"7 Av (B,Q)",736.4396
2025-05-05 18:00:00,42,"Prospect Park (B,Q,S)",674.1576
2025-05-05 18:00:00,43,Parkside Av (Q),443.4733
2025-05-05 18:00:00,44,"Church Av (B,Q)",923.8851
2025-05-05 18:00:00,45,Beverley Rd (Q),260.1335
2025-05-05 18:00:00,46,Cortelyou Rd (Q),411.0006
2025-05-05 18:00:00,47,"Newkirk Plaza (B,Q)",631.7312000000001
2025-05-05 18:00:00,48,Avenue H (Q),192.6295
2025-05-05 18:00:00,49,Avenue J (Q),339.2829
2025-05-05 18:00:00,50,Avenue M (Q),365.375
2025-05-05 18:00:00,51,"Kings Hwy (B,Q)",1295.0508
2025-05-05 18:00:00,52,Avenue U (Q),448.4573
2025-05-05 18:00:00,53,Neck Rd (Q),296.78679999999997
2025-05-05 18:00:00,54,"Sheepshead Bay (B,Q)",758.2025
2025-05-05 18:00:00,55,"Brighton Beach (B,Q)",540.6687000000001
2025-05-05 18:00:00,56,Ocean Pkwy (Q),138.9605
2025-05-05 18:00:00,57,"W 8 St-NY Aquarium (F,Q)",111.5868
2025-05-05 18:00:00,58,"Coney Island-Stillwell Av (D,F,N,Q)",629.473
2025-05-05 18:00:00,59,9 Av (D),353.7398
2025-05-05 18:00:00,60,Fort Hamilton Pkwy (D),224.6563
2025-05-05 18:00:00,61,50 St (D),138.3127
2025-05-05 18:00:00,62,55 St (D),83.4334
2025-05-05 18:00:00,64,71 St (D),310.1136
2025-05-05 18:00:00,65,79 St (D),402.0559
2025-05-05 18:00:00,66,18 Av (D),389.70459999999997
2025-05-05 18:00:00,67,20 Av (D),312.6749
2025-05-05 18:00:00,68,Bay Pkwy (D),424.7882
2025-05-05 18:00:00,69,25 Av (D),265.4433
2025-05-05 18:00:00,70,Bay 50 St (D),170.6233
2025-05-05 18:00:00,71,8 Av (N),433.7629
2025-05-05 18:00:00,72,Fort Hamilton Pkwy (N),402.7544
2025-05-05 18:00:00,74,18 Av (N),312.0653
2025-05-05 18:00:00,75,20 Av (N),255.3502
2025-05-05 18:00:00,76,Bay Pkwy (N),432.0638
2025-05-05 18:00:00,77,Kings Hwy (N),378.5261
2025-05-05 18:00:00,78,Avenue U (N),244.2125
2025-05-05 18:00:00,79,86 St (N),149.0592
2025-05-05 18:00:00,80,"121 St (J,Z)",118.6002
2025-05-05 18:00:00,81,111 St (J),130.7092
2025-05-05 18:00:00,82,"104 St (J,Z)",163.48420000000002
2025-05-05 18:00:00,83,"Woodhaven Blvd (J,Z)",271.1379
2025-05-05 18:00:00,84,85 St-Forest Pkwy (J),112.1054
2025-05-05 18:00:00,85,"75 St-Elderts Ln (J,Z)",228.0776
2025-05-05 18:00:00,86,Cypress Hills (J),20.4633
2025-05-05 18:00:00,87,"Crescent St (J,Z)",229.8519
2025-05-05 18:00:00,88,"Norwood Av (J,Z)",141.8946
2025-05-05 18:00:00,89,Cleveland St (J),127.2359
2025-05-05 18:00:00,90,"Van Siclen Av (J,Z)",160.14
2025-05-05 18:00:00,91,Alabama Av (J),77.9412
2025-05-05 18:00:00,93,"Chauncey St (J,Z)",169.2023
2025-05-05 18:00:00,94,Halsey St (J),394.9997
2025-05-05 18:00:00,95,"Gates Av (J,Z)",438.3718
2025-05-05 18:00:00,96,Kosciuszko St (J),398.7364
2025-05-05 18:00:00,97,"Myrtle Av (M,J,Z)",769.3051
2025-05-05 18:00:00,98,"Flushing Av (M,J)",337.5463
2025-05-05 18:00:00,99,"Lorimer St (M,J)",254.1885
2025-05-05 18:00:00,100,"Hewes St (M,J)",169.7088
2025-05-05 18:00:00,101,"Marcy Av (M,J,Z)",751.2069
2025-05-05 18:00:00,103,"Bowery (J,Z)",177.2277
2025-05-05 18:00:00,107,"Broad St (J,Z)",131.7882
2025-05-05 18:00:00,108,Middle Village-Metropolitan Av (M),194.2426
2025-05-05 18:00:00,109,Fresh Pond Rd (M),360.3923
2025-05-05 18:00:00,110,Forest Av (M),321.0847
2025-05-05 18:00:00,111,Seneca Av (M),199.3025
2025-05-05 18:00:00,113,Knickerbocker Av (M),255.8443
2025-05-05 18:00:00,114,Central Av (M),321.1998
2025-05-05 18:00:00,118,3 Av (L),440.0857
2025-05-05 18:00:00,119,1 Av (L),1745.6343
2025-05-05 18:00:00,120,Bedford Av (L),2809.8
2025-05-05 18:00:00,122,Graham Av (L),731.8353
2025-05-05 18:00:00,123,Grand St (L),386.8388
2025-05-05 18:00:00,124,Montrose Av (L),505.589
2025-05-05 18:00:00,125,Morgan Av (L),506.0072
2025-05-05 18:00:00,126,Jefferson St (L),637.6719
2025-05-05 18:00:00,127,DeKalb Av (L),923.0758
2025-05-05 18:00:00,129,Halsey St (L),573.1119
2025-05-05 18:00:00,130,Wilson Av (L),320.8284
2025-05-05 18:00:00,131,Bushwick Av-Aberdeen St (L),150.20839999999998
2025-05-05 18:00:00,133,Atlantic Av (L),98.1944
2025-05-05 18:00:00,134,Sutter Av (L),132.5475
2025-05-05 18:00:00,135,Livonia Av (L),144.7823
2025-05-05 18:00:00,136,New Lots Av (L),193.795
2025-05-05 18:00:00,137,East 105 St (L),126.5247
2025-05-05 18:00:00,138,Canarsie-Rockaway Pkwy (L),402.7648
2025-05-05 18:00:00,141,Park Pl (S),104.80030000000001
2025-05-05 18:00:00,143,Inwood-207 St (A),492.4868
2025-05-05 18:00:00,144,Dyckman St (A),367.994
2025-05-05 18:00:00,145,190 St (A),297.0434
2025-05-05 18:00:00,146,181 St (A),682.1709999999999
2025-05-05 18:00:00,147,175 St (A),589.7559
2025-05-05 18:00:00,149,163 St-Amsterdam Av (C),241.2699
2025-05-05 18:00:00,150,155 St (C),121.5087
2025-05-05 18:00:00,151,"145 St (A,C,B,D)",1147.5677
2025-05-05 18:00:00,152,"135 St (C,B)",253.2934
2025-05-05 18:00:00,153,"125 St (A,C,B,D)",1190.149
2025-05-05 18:00:00,154,"116 St (C,B)",382.77139999999997
2025-05-05 18:00:00,155,"Cathedral Pkwy (110 St) (C,B)",469.4412
2025-05-05 18:00:00,156,"103 St (C,B)",277.8841
2025-05-05 18:00:00,157,"96 St (C,B)",499.9318
2025-05-05 18:00:00,158,"86 St (C,B)",589.8098
2025-05-05 18:00:00,159,"81 St-Museum of Natural History (C,B)",507.8766
2025-05-05 18:00:00,160,"72 St (C,B)",534.4599
2025-05-05 18:00:00,162,"50 St (C,E)",1055.7431
2025-05-05 18:00:00,164,"34 St-Penn Station (A,C,E)",3443.5862
2025-05-05 18:00:00,165,"23 St (C,E)",1001.1619000000001
2025-05-05 18:00:00,167,"W 4 St-Wash Sq (A,C,E,B,D,F,M)",2658.3179
2025-05-05 18:00:00,168,"Spring St (C,E)",547.6708
2025-05-05 18:00:00,169,"Canal St (A,C,E)",609.0295
2025-05-05 18:00:00,173,"High St (A,C)",681.8727
2025-05-05 18:00:00,175,"Hoyt-Schermerhorn Sts (A,C,G)",619.9306
2025-05-05 18:00:00,176,Lafayette Av (C),348.7905
2025-05-05 18:00:00,177,Clinton-Washington Avs (C),530.7652
2025-05-05 18:00:00,179,"Nostrand Av (A,C)",1157.0839
2025-05-05 18:00:00,180,Kingston-Throop Avs (C),432.4862
2025-05-05 18:00:00,181,"Utica Av (A,C)",933.9792
2025-05-05 18:00:00,182,Ralph Av (C),299.8314
2025-05-05 18:00:00,183,Rockaway Av (C),315.6677
2025-05-05 18:00:00,185,Liberty Av (C),105.5552
2025-05-05 18:00:00,186,Van Siclen Av (C),160.141
2025-05-05 18:00:00,187,Shepherd Av (C),125.9444
2025-05-05 18:00:00,188,"Euclid Av (A,C)",499.2998
2025-05-05 18:00:00,189,Grant Av (A),260.0786
2025-05-05 18:00:00,190,80 St (A),262.4558
2025-05-05 18:00:00,191,88 St (A),173.1258
2025-05-05 18:00:00,192,Rockaway Blvd (A),395.8718
2025-05-05 18:00:00,193,104 St (A),121.4186
2025-05-05 18:00:00,194,111 St (A),151.98930000000001
2025-05-05 18:00:00,195,Ozone Park-Lefferts Blvd (A),400.041
2025-05-05 18:00:00,196,Aqueduct Racetrack (A),33.8073
2025-05-05 18:00:00,197,Aqueduct-N Conduit Av (A),36.2338
2025-05-05 18:00:00,198,Howard Beach-JFK Airport (A),291.1601
2025-05-05 18:00:00,199,"Broad Channel (A,S)",4.0241
2025-05-05 18:00:00,200,"Beach 90 St (A,S)",8.250399999999999
2025-05-05 18:00:00,201,"Beach 98 St (A,S)",3.8162
2025-05-05 18:00:00,202,"Beach 105 St (A,S)",1.8682999999999998
2025-05-05 18:00:00,203,"Rockaway Park-Beach 116 St (A,S)",9.603
2025-05-05 18:00:00,204,Beach 67 St (A),40.9453
2025-05-05 18:00:00,205,Beach 60 St (A),27.4989
2025-05-05 18:00:00,206,Beach 44 St (A),14.8997
2025-05-05 18:00:00,207,Beach 36 St (A),14.3458
2025-05-05 18:00:00,208,Beach 25 St (A),28.0705
2025-05-05 18:00:00,209,Far Rockaway-Mott Av (A),74.3738
2025-05-05 18:00:00,210,Norwood-205 St (D),312.046
2025-05-05 18:00:00,211,"Bedford Park Blvd (B,D)",297.0772
2025-05-05 18:00:00,212,"Kingsbridge Rd (B,D)",293.0889
2025-05-05 18:00:00,213,"Fordham Rd (B,D)",358.3937
2025-05-05 18:00:00,214,"182-183 Sts (B,D)",179.8511
2025-05-05 18:00:00,215,"Tremont Av (B,D)",377.9343
2025-05-05 18:00:00,216,"174-175 Sts (B,D)",177.4905
2025-05-05 18:00:00,217,"170 St (B,D)",244.422
2025-05-05 18:00:00,218,"167 St (B,D)",344.9388
2025-05-05 18:00:00,220,"155 St (B,D)",115.0608
2025-05-05 18:00:00,221,21 St-Queensbridge (F),547.0848
2025-05-05 18:00:00,222,Roosevelt Island (F),621.2388
2025-05-05 18:00:00,223,"Lexington Av/63 St (F,Q)",732.6283999999999
2025-05-05 18:00:00,224,57 St (F),477.3595
2025-05-05 18:00:00,225,"47-50 Sts-Rockefeller Ctr (B,D,F,M)",1077.3085
2025-05-05 18:00:00,228,"23 St (F,M)",1247.8623
2025-05-05 18:00:00,231,"Grand St (B,D)",993.3376
2025-05-05 18:00:00,232,2 Av (F),1025.3247
2025-05-05 18:00:00,234,East Broadway (F),774.6874
2025-05-05 18:00:00,235,York St (F),792.4989
2025-05-05 18:00:00,236,"Bergen St (F,G)",639.8485
2025-05-05 18:00:00,237,"Carroll St (F,G)",730.8367
2025-05-05 18:00:00,238,"Smith-9 Sts (F,G)",174.2432
2025-05-05 18:00:00,240,"7 Av (F,G)",732.2377
2025-05-05 18:00:00,241,"15 St-Prospect Park (F,G)",417.0084
2025-05-05 18:00:00,242,"Fort Hamilton Pkwy (F,G)",423.1755
2025-05-05 18:00:00,243,"Church Av (F,G)",520.908
2025-05-05 18:00:00,244,Ditmas Av (F),216.8679
2025-05-05 18:00:00,245,18 Av (F),172.6294
2025-05-05 18:00:00,246,Avenue I (F),81.9002
2025-05-05 18:00:00,247,Bay Pkwy (F),50.2921
2025-05-05 18:00:00,248,Avenue N (F),168.3601
2025-05-05 18:00:00,249,Avenue P (F),143.34449999999998
2025-05-05 18:00:00,250,Kings Hwy (F),211.3417
2025-05-05 18:00:00,251,Avenue U (F),112.11449999999999
2025-05-05 18:00:00,252,Avenue X (F),127.5204
2025-05-05 18:00:00,253,Neptune Av (F),69.7675
2025-05-05 18:00:00,254,Jamaica-179 St (F),1101.0375
2025-05-05 18:00:00,255,169 St (F),422.1526
2025-05-05 18:00:00,256,Parsons Blvd (F),352.1122
2025-05-05 18:00:00,257,Sutphin Blvd (F),195.4059
2025-05-05 18:00:00,258,"Briarwood (E,F)",304.2525
2025-05-05 18:00:00,259,"Kew Gardens-Union Tpke (E,F)",1332.5755
2025-05-05 18:00:00,260,"75 Av (E,F)",231.9257
2025-05-05 18:00:00,261,"Forest Hills-71 Av (E,F,M,R)",1658.8094
2025-05-05 18:00:00,262,"67 Av (M,R)",567.4612
2025-05-05 18:00:00,263,"63 Dr-Rego Park (M,R)",939.0251
2025-05-05 18:00:00,264,"Woodhaven Blvd (M,R)",1058.9434
2025-05-05 18:00:00,265,"Grand Av-Newtown (M,R)",1385.2426
2025-05-05 18:00:00,266,"Elmhurst Av (M,R)",950.6202
2025-05-05 18:00:00,268,"65 St (M,R)",201.2379
2025-05-05 18:00:00,269,"Northern Blvd (M,R)",429.0066
2025-05-05 18:00:00,270,"46 St (M,R)",511.93080000000003
2025-05-05 18:00:00,271,"Steinway St (M,R)",732.2328
2025-05-05 18:00:00,272,"36 St (M,R)",155.5069
2025-05-05 18:00:00,273,"Queens Plaza (E,M,R)",932.6018
2025-05-05 18:00:00,276,"5 Av/53 St (E,M)",248.3203
2025-05-05 18:00:00,277,"7 Av (E,B,D)",619.9181
2025-05-05 18:00:00,278,"Jamaica Center-Parsons/Archer (E,J,Z)",1320.5561
2025-05-05 18:00:00,279,"Sutphin Blvd-Archer Av-JFK Airport (E,J,Z)",1279.661
2025-05-05 18:00:00,280,Jamaica-Van Wyck (E),229.3524
2025-05-05 18:00:00,282,21 St (G),77.6667
2025-05-05 18:00:00,283,Greenpoint Av (G),719.3846
2025-05-05 18:00:00,284,Nassau Av (G),669.2452
2025-05-05 18:00:00,286,Broadway (G),230.9909
2025-05-05 18:00:00,287,Flushing Av (G),112.2645
2025-05-05 18:00:00,288,Myrtle-Willoughby Avs (G),349.0328
2025-05-05 18:00:00,289,Bedford-Nostrand Avs (G),650.9766
2025-05-05 18:00:00,290,Classon Av (G),363.1453
2025-05-05 18:00:00,291,Clinton-Washington Avs (G),341.7934
2025-05-05 18:00:00,292,Fulton St (G),282.3573
2025-05-05 18:00:00,293,Van Cortlandt Park-242 St (1),323.123
2025-05-05 18:00:00,294,238 St (1),256.7672
2025-05-05 18:00:00,295,231 St (1),469.1202
2025-05-05 18:00:00,296,Marble Hill-225 St (1),228.2976
2025-05-05 18:00:00,297,215 St (1),99.6215
2025-05-05 18:00:00,298,207 St (1),243.4423
2025-05-05 18:00:00,299,Dyckman St (1),324.9799
2025-05-05 18:00:00,300,191 St (1),383.6295
2025-05-05 18:00:00,301,181 St (1),475.0242
2025-05-05 18:00:00,303,157 St (1),556.4281
2025-05-05 18:00:00,304,145 St (1),483.4547
2025-05-05 18:00:00,305,137 St-City College (1),588.3329
2025-05-05 18:00:00,306,125 St (1),395.8109
2025-05-05 18:00:00,307,116 St-Columbia University (1),489.8585
2025-05-05 18:00:00,308,Cathedral Pkwy (110 St) (1),672.5041
2025-05-05 18:00:00,309,103 St (1),743.1558
2025-05-05 18:00:00,310,"96 St (1,2,3)",2108.6902
2025-05-05 18:00:00,311,86 St (1),971.6643
2025-05-05 18:00:00,312,79 St (1),791.1401
2025-05-05 18:00:00,313,"72 St (1,2,3)",2355.7068
2025-05-05 18:00:00,314,66 St-Lincoln Center (1),1104.7264
2025-05-05 18:00:00,316,50 St (1),953.5721
2025-05-05 18:00:00,318,"34 St-Penn Station (1,2,3)",3370.6129
2025-05-05 18:00:00,319,28 St (1),567.4854
2025-05-05 18:00:00,320,23 St (1),653.0972
2025-05-05 18:00:00,321,18 St (1),341.1913
2025-05-05 18:00:00,323,Christopher St-Sheridan Sq (1),817.4289
2025-05-05 18:00:00,324,Houston St (1),484.8098
2025-05-05 18:00:00,325,Canal St (1),191.8067
2025-05-05 18:00:00,326,Franklin St (1),250.7785
2025-05-05 18:00:00,327,"Chambers St (1,2,3)",620.3188
2025-05-05 18:00:00,328,WTC Cortlandt (1),657.4341
2025-05-05 18:00:00,329,Rector St (1),334.0065
2025-05-05 18:00:00,333,"Wall St (2,3)",682.8216
2025-05-05 18:00:00,334,"Clark St (2,3)",451.3495
2025-05-05 18:00:00,336,"Hoyt St (2,3)",302.9956
2025-05-05 18:00:00,337,"Nevins St (2,3,4,5)",466.1436
2025-05-05 18:00:00,339,"Bergen St (2,3)",361.9592
2025-05-05 18:00:00,340,"Grand Army Plaza (2,3)",515.5556
2025-05-05 18:00:00,341,"Eastern Pkwy-Brooklyn Museum (2,3)",267.8068
2025-05-05 18:00:00,343,Nostrand Av (3),212.6346
2025-05-05 18:00:00,344,Kingston Av (3),258.6454
2025-05-05 18:00:00,345,"Crown Hts-Utica Av (3,4)",1514.0277
2025-05-05 18:00:00,346,Sutter Av-Rutland Rd (3),331.6537
2025-05-05 18:00:00,347,Saratoga Av (3),323.0906
2025-05-05 18:00:00,348,Rockaway Av (3),204.0769
2025-05-05 18:00:00,349,Junius St (3),110.2219
2025-05-05 18:00:00,350,Pennsylvania Av (3),162.7006
2025-05-05 18:00:00,351,Van Siclen Av (3),117.3088
2025-05-05 18:00:00,352,New Lots Av (3),272.2342
2025-05-05 18:00:00,353,"President St-Medgar Evers College (2,5)",214.7336
2025-05-05 18:00:00,354,"Sterling St (2,5)",378.59590000000003
2025-05-05 18:00:00,355,"Winthrop St (2,5)",423.8933
2025-05-05 18:00:00,356,"Church Av (2,5)",596.7257999999999
2025-05-05 18:00:00,357,"Beverly Rd (2,5)",294.6379
2025-05-05 18:00:00,358,"Newkirk Av-Little Haiti (2,5)",394.1204
2025-05-05 18:00:00,359,"Flatbush Av-Brooklyn College (2,5)",944.6011
2025-05-05 18:00:00,360,Pelham Bay Park (6),244.092
2025-05-05 18:00:00,361,Buhre Av (6),174.0179
2025-05-05 18:00:00,362,Middletown Rd (6),111.5267
2025-05-05 18:00:00,363,Westchester Sq-E Tremont Av (6),156.4792
2025-05-05 18:00:00,364,Zerega Av (6),106.7001
2025-05-05 18:00:00,365,Castle Hill Av (6),322.2844
2025-05-05 18:00:00,366,Parkchester (6),660.7789
2025-05-05 18:00:00,367,St Lawrence Av (6),199.5964
2025-05-05 18:00:00,368,Morrison Av-Soundview (6),271.4811
2025-05-05 18:00:00,369,Elder Av (6),299.1975
2025-05-05 18:00:00,370,Whitlock Av (6),73.6979
2025-05-05 18:00:00,371,Hunts Point Av (6),393.3806
2025-05-05 18:00:00,372,Longwood Av (6),110.5056
2025-05-05 18:00:00,373,E 149 St (6),205.1436
2025-05-05 18:00:00,374,E 143 St-St Mary's St (6),70.6924
2025-05-05 18:00:00,375,Cypress Av (6),102.4635
2025-05-05 18:00:00,376,Brook Av (6),230.7364
2025-05-05 18:00:00,377,3 Av-138 St (6),340.6992
2025-05-05 18:00:00,378,Woodlawn (4),273.8168
2025-05-05 18:00:00,379,Mosholu Pkwy (4),252.6881
2025-05-05 18:00:00,380,Bedford Park Blvd-Lehman College (4),212.2807
2025-05-05 18:00:00,381,Kingsbridge Rd (4),355.0441
2025-05-05 18:00:00,382,Fordham Rd (4),364.1632
2025-05-05 18:00:00,383,183 St (4),217.7967
2025-05-05 18:00:00,384,Burnside Av (4),331.4512
2025-05-05 18:00:00,385,176 St (4),214.8085
2025-05-05 18:00:00,386,Mt Eden Av (4),196.0065
2025-05-05 18:00:00,387,170 St (4),322.8698
2025-05-05 18:00:00,388,167 St (4),401.9999
2025-05-05 18:00:00,391,"138 St-Grand Concourse (4,5)",195.9578
2025-05-05 18:00:00,392,"125 St (4,5,6)",902.8659
2025-05-05 18:00:00,393,116 St (6),557.4576
2025-05-05 18:00:00,394,110 St (6),486.7587
2025-05-05 18:00:00,395,103 St (6),484.0437
2025-05-05 18:00:00,396,96 St (6),763.719
2025-05-05 18:00:00,397,"86 St (4,5,6)",2168.4663
2025-05-05 18:00:00,398,77 St (6),1163.1794
2025-05-05 18:00:00,399,68 St-Hunter College (6),764.9917
2025-05-05 18:00:00,403,33 St (6),1169.1772
2025-05-05 18:00:00,404,28 St (6),841.7718
2025-05-05 18:00:00,405,23 St (6),1046.1025
2025-05-05 18:00:00,407,Astor Pl (6),1011.3245000000001
2025-05-05 18:00:00,409,Spring St (6),542.1072
2025-05-05 18:00:00,413,"Wall St (4,5)",669.1585
2025-05-05 18:00:00,414,"Bowling Green (4,5)",627.2038
2025-05-05 18:00:00,416,Wakefield-241 St (2),171.4123
2025-05-05 18:00:00,417,"Nereid Av (2,5)",126.96000000000001
2025-05-05 18:00:00,418,"233 St (2,5)",162.4385
2025-05-05 18:00:00,419,"225 St (2,5)",150.3855
2025-05-05 18:00:00,420,"219 St (2,5)",120.8655
2025-05-05 18:00:00,421,"Gun Hill Rd (2,5)",240.5522
2025-05-05 18:00:00,422,"Burke Av (2,5)",121.31400000000001
2025-05-05 18:00:00,423,"Allerton Av (2,5)",197.0616
2025-05-05 18:00:00,424,"Pelham Pkwy (2,5)",331.7559
2025-05-05 18:00:00,425,"Bronx Park East (2,5)",110.1744
2025-05-05 18:00:00,426,"E 180 St (2,5)",397.2785
2025-05-05 18:00:00,427,"West Farms Sq-E Tremont Av (2,5)",209.5443
2025-05-05 18:00:00,428,"174 St (2,5)",247.9736
2025-05-05 18:00:00,429,"Freeman St (2,5)",193.3318
2025-05-05 18:00:00,430,"Simpson St (2,5)",285.5274
2025-05-05 18:00:00,431,"Intervale Av (2,5)",115.2368
2025-05-05 18:00:00,432,"Prospect Av (2,5)",231.66649999999998
2025-05-05 18:00:00,433,"Jackson Av (2,5)",220.0177
2025-05-05 18:00:00,434,"3 Av-149 St (2,5)",715.7126
2025-05-05 18:00:00,436,Harlem-148 St (3),149.4221
2025-05-05 18:00:00,437,145 St (3),141.7848
2025-05-05 18:00:00,438,"135 St (2,3)",533.6708
2025-05-05 18:00:00,439,"125 St (2,3)",612.8323
2025-05-05 18:00:00,440,"116 St (2,3)",461.6353
2025-05-05 18:00:00,441,"Central Park North (110 St) (2,3)",389.8281
2025-05-05 18:00:00,442,Eastchester-Dyre Av (5),190.7631
2025-05-05 18:00:00,443,Baychester Av (5),143.8682
2025-05-05 18:00:00,444,Gun Hill Rd (5),243.9904
2025-05-05 18:00:00,445,Pelham Pkwy (5),142.6171
2025-05-05 18:00:00,446,Morris Park (5),145.2704
2025-05-05 18:00:00,447,Flushing-Main St (7),3303.5769
2025-05-05 18:00:00,448,Mets-Willets Point (7),771.6949
2025-05-05 18:00:00,449,111 St (7),733.2158000000001
2025-05-05 18:00:00,450,103 St-Corona Plaza (7),1160.2978
2025-05-05 18:00:00,451,Junction Blvd (7),1470.3743
2025-05-05 18:00:00,452,90 St-Elmhurst Av (7),1129.2917
2025-05-05 18:00:00,453,82 St-Jackson Hts (7),790.4633
2025-05-05 18:00:00,455,69 St (7),438.01189999999997
2025-05-05 18:00:00,456,61 St-Woodside (7),976.2323
2025-05-05 18:00:00,457,52 St (7),506.15070000000003
2025-05-05 18:00:00,458,46 St-Bliss St (7),828.7032
2025-05-05 18:00:00,459,40 St-Lowery St (7),623.8817
2025-05-05 18:00:00,460,33 St-Rawson St (7),221.8558
2025-05-05 18:00:00,461,"Queensboro Plaza (7,N,W)",831.1741999999999
2025-05-05 18:00:00,463,Hunters Point Av (7),150.1762
2025-05-05 18:00:00,464,Vernon Blvd-Jackson Av (7),1458.6958
2025-05-05 18:00:00,471,34 St-Hudson Yards (7),911.413
2025-05-05 18:00:00,475,96 St (Q),987.7622
2025-05-05 18:00:00,476,86 St (Q),1705.0615
2025-05-05 18:00:00,477,72 St (Q),1470.6967
2025-05-05 18:00:00,601,"14 St (F,M,1,2,3)/6 Av (L)",2380.0137
2025-05-05 18:00:00,602,"14 St-Union Sq (L,N,Q,R,W,4,5,6)",4426.1331
2025-05-05 18:00:00,603,"149 St-Grand Concourse (2,4,5)",385.1504
2025-05-05 18:00:00,604,"161 St-Yankee Stadium (B,D,4)",1640.7576
2025-05-05 18:00:00,605,"168 St (A,C,1)",932.9839
2025-05-05 18:00:00,606,"Court Sq (E,G,M,7)",1507.8539
2025-05-05 18:00:00,607,"34 St-Herald Sq (B,D,F,M,N,Q,R,W)",4500.0376
2025-05-05 18:00:00,608,"4 Av (F,G)/9 St (R)",732.2724
2025-05-05 18:00:00,609,"Bryant Pk (B,D,F,M)/5 Av (7)",1368.5288
2025-05-05 18:00:00,610,"Grand Central-42 St (S,4,5,6,7)",5061.5483
2025-05-05 18:00:00,611,"Times Sq-42 St (N,Q,R,W,S,1,2,3,7)/42 St (A,C,E)",8690.1717
2025-05-05 18:00:00,612,"Lexington Av-53 St (E,M)/51 St (6)",1602.5135
2025-05-05 18:00:00,613,"Lexington Av (N,R,W)/59 St (4,5,6)",1434.5687
2025-05-05 18:00:00,614,"59 St-Columbus Circle (A,B,C,D,1)",2852.7023
2025-05-05 18:00:00,615,New Utrecht Av (N)/62 St (D),256.7426
2025-05-05 18:00:00,616,"74-Broadway (7)/Jackson Hts-Roosevelt Av (E,F,M,R)",3441.7637
2025-05-05 18:00:00,617,"Atlantic Av-Barclays Ctr (B,D,N,Q,R,2,3,4,5)",2340.2663
2025-05-05 18:00:00,618,"14 St (A,C,E)/8 Av (L)",2119.2557
2025-05-05 18:00:00,619,"Broadway-Lafayette St (B,D,F,M)/Bleecker St (6)",2004.2364
2025-05-05 18:00:00,620,"Court St (R)/Borough Hall (2,3,4,5)",1207.5417
2025-05-05 18:00:00,621,"Broadway Junction (A,C,J,L,Z)",328.7009
2025-05-05 18:00:00,622,"Brooklyn Bridge-City Hall (4,5,6)/Chambers St (J,Z)",863.9528
2025-05-05 18:00:00,623,"Canal St (J,N,Q,R,W,Z,6)",1658.3174
2025-05-05 18:00:00,624,"Chambers St (A,C)/WTC (E)/Park Pl (2,3)/Cortlandt (R,W)",1846.1845
2025-05-05 18:00:00,625,"Delancey St (F)/Essex St (J,M,Z)",1768.8484
2025-05-05 18:00:00,626,"Franklin Av (2,3,4,5)/Botanic Garden (S)",973.6045
2025-05-05 18:00:00,627,"Franklin Av (C,S)",331.043
2025-05-05 18:00:00,628,"Fulton St (A,C,J,Z,2,3,4,5)",3154.9898
2025-05-05 18:00:00,629,Lorimer St (L)/Metropolitan Av (G),1338.7687
2025-05-05 18:00:00,630,"Myrtle-Wyckoff Avs (L,M)",1366.5195
2025-05-05 18:00:00,635,"South Ferry (1)/Whitehall St (R,W)",944.5374
2025-05-05 18:00:00,636,"Jay St-MetroTech (A,C,F,R)",1183.8689
2025-05-05 19:00:00,1,"Astoria-Ditmars Blvd (N,W)",643.5514000000001
2025-05-05 19:00:00,2,"Astoria Blvd (N,W)",491.5503
2025-05-05 19:00:00,3,"30 Av (N,W)",668.6616
2025-05-05 19:00:00,4,"Broadway (N,W)",618.8588
2025-05-05 19:00:00,5,"36 Av (N,W)",277.0908
2025-05-05 19:00:00,6,"39 Av-Dutch Kills (N,W)",193.2396
2025-05-05 19:00:00,8,"5 Av/59 St (N,R,W)",179.852
2025-05-05 19:00:00,9,"57 St-7 Av (N,Q,R,W)",775.2777
2025-05-05 19:00:00,10,"49 St (N,R,W)",718.29
2025-05-05 19:00:00,13,"28 St (R,W)",386.9727
2025-05-05 19:00:00,14,"23 St (R,W)",450.2749
2025-05-05 19:00:00,16,"8 St-NYU (R,W)",539.9630999999999
2025-05-05 19:00:00,17,"Prince St (R,W)",257.8794
2025-05-05 19:00:00,20,"City Hall (R,W)",87.1507
2025-05-05 19:00:00,22,"Rector St (R,W)",127.4957
2025-05-05 19:00:00,26,"DeKalb Av (B,Q,R)",854.9722
2025-05-05 19:00:00,28,Union St (R),289.2623
2025-05-05 19:00:00,30,Prospect Av (R),235.31289999999998
2025-05-05 19:00:00,31,25 St (R),134.2048
2025-05-05 19:00:00,32,"36 St (D,N,R)",468.6718
2025-05-05 19:00:00,33,45 St (R),309.099
2025-05-05 19:00:00,34,53 St (R),333.4223
2025-05-05 19:00:00,35,"59 St (N,R)",490.1499
2025-05-05 19:00:00,36,Bay Ridge Av (R),338.6349
2025-05-05 19:00:00,37,77 St (R),215.7705
2025-05-05 19:00:00,38,86 St (R),439.2502
2025-05-05 19:00:00,39,Bay Ridge-95 St (R),210.3547
2025-05-05 19:00:00,41,"7 Av (B,Q)",451.41949999999997
2025-05-05 19:00:00,42,"Prospect Park (B,Q,S)",475.824
2025-05-05 19:00:00,43,Parkside Av (Q),296.4935
2025-05-05 19:00:00,44,"Church Av (B,Q)",677.313
2025-05-05 19:00:00,45,Beverley Rd (Q),176.2736
2025-05-05 19:00:00,46,Cortelyou Rd (Q),319.8032
2025-05-05 19:00:00,47,"Newkirk Plaza (B,Q)",515.2549
2025-05-05 19:00:00,48,Avenue H (Q),140.9518
2025-05-05 19:00:00,49,Avenue J (Q),245.55089999999998
2025-05-05 19:00:00,50,Avenue M (Q),259.1023
2025-05-05 19:00:00,51,"Kings Hwy (B,Q)",871.8418
2025-05-05 19:00:00,52,Avenue U (Q),279.861
2025-05-05 19:00:00,53,Neck Rd (Q),191.36339999999998
2025-05-05 19:00:00,54,"Sheepshead Bay (B,Q)",512.9848
2025-05-05 19:00:00,55,"Brighton Beach (B,Q)",413.8758
2025-05-05 19:00:00,56,Ocean Pkwy (Q),115.9516
2025-05-05 19:00:00,57,"W 8 St-NY Aquarium (F,Q)",86.5699
2025-05-05 19:00:00,58,"Coney Island-Stillwell Av (D,F,N,Q)",407.2013
2025-05-05 19:00:00,59,9 Av (D),244.4538
2025-05-05 19:00:00,60,Fort Hamilton Pkwy (D),149.0407
2025-05-05 19:00:00,61,50 St (D),110.5697
2025-05-05 19:00:00,62,55 St (D),52.6836
2025-05-05 19:00:00,64,71 St (D),225.5484
2025-05-05 19:00:00,65,79 St (D),285.7845
2025-05-05 19:00:00,66,18 Av (D),261.1252
2025-05-05 19:00:00,67,20 Av (D),225.742
2025-05-05 19:00:00,68,Bay Pkwy (D),283.9244
2025-05-05 19:00:00,69,25 Av (D),173.2518
2025-05-05 19:00:00,70,Bay 50 St (D),106.6647
2025-05-05 19:00:00,71,8 Av (N),346.3345
2025-05-05 19:00:00,72,Fort Hamilton Pkwy (N),270.5272
2025-05-05 19:00:00,74,18 Av (N),228.4666
2025-05-05 19:00:00,75,20 Av (N),170.681
2025-05-05 19:00:00,76,Bay Pkwy (N),321.2953
2025-05-05 19:00:00,77,Kings Hwy (N),255.87030000000001
2025-05-05 19:00:00,78,Avenue U (N),184.5774
2025-05-05 19:00:00,79,86 St (N),98.9037
2025-05-05 19:00:00,80,"121 St (J,Z)",93.2487
2025-05-05 19:00:00,81,111 St (J),94.4181
2025-05-05 19:00:00,82,"104 St (J,Z)",113.4669
2025-05-05 19:00:00,83,"Woodhaven Blvd (J,Z)",181.1473
2025-05-05 19:00:00,84,85 St-Forest Pkwy (J),70.235
2025-05-05 19:00:00,85,"75 St-Elderts Ln (J,Z)",167.184
2025-05-05 19:00:00,86,Cypress Hills (J),15.9601
2025-05-05 19:00:00,87,"Crescent St (J,Z)",162.0935
2025-05-05 19:00:00,88,"Norwood Av (J,Z)",90.0098
2025-05-05 19:00:00,89,Cleveland St (J),71.4845
2025-05-05 19:00:00,90,"Van Siclen Av (J,Z)",123.638
2025-05-05 19:00:00,91,Alabama Av (J),50.781
2025-05-05 19:00:00,93,"Chauncey St (J,Z)",141.7315
2025-05-05 19:00:00,94,Halsey St (J),310.675
2025-05-05 19:00:00,95,"Gates Av (J,Z)",316.2618
2025-05-05 19:00:00,96,Kosciuszko St (J),298.9467
2025-05-05 19:00:00,97,"Myrtle Av (M,J,Z)",590.0965
2025-05-05 19:00:00,98,"Flushing Av (M,J)",266.0513
2025-05-05 19:00:00,99,"Lorimer St (M,J)",171.7565
2025-05-05 19:00:00,100,"Hewes St (M,J)",124.5418
2025-05-05 19:00:00,101,"Marcy Av (M,J,Z)",509.7832
2025-05-05 19:00:00,103,"Bowery (J,Z)",126.5015
2025-05-05 19:00:00,107,"Broad St (J,Z)",103.9774
2025-05-05 19:00:00,108,Middle Village-Metropolitan Av (M),115.4921
2025-05-05 19:00:00,109,Fresh Pond Rd (M),255.6355
2025-05-05 19:00:00,110,Forest Av (M),207.035
2025-05-05 19:00:00,111,Seneca Av (M),138.7012
2025-05-05 19:00:00,113,Knickerbocker Av (M),194.17
2025-05-05 19:00:00,114,Central Av (M),229.4522
2025-05-05 19:00:00,118,3 Av (L),261.8317
2025-05-05 19:00:00,119,1 Av (L),1182.7607
2025-05-05 19:00:00,120,Bedford Av (L),1803.4961
2025-05-05 19:00:00,122,Graham Av (L),501.5069
2025-05-05 19:00:00,123,Grand St (L),265.151
2025-05-05 19:00:00,124,Montrose Av (L),378.75939999999997
2025-05-05 19:00:00,125,Morgan Av (L),377.4325
2025-05-05 19:00:00,126,Jefferson St (L),441.5158
2025-05-05 19:00:00,127,DeKalb Av (L),645.1419
2025-05-05 19:00:00,129,Halsey St (L),422.7627
2025-05-05 19:00:00,130,Wilson Av (L),234.6369
2025-05-05 19:00:00,131,Bushwick Av-Aberdeen St (L),136.3501
2025-05-05 19:00:00,133,Atlantic Av (L),84.2266
2025-05-05 19:00:00,134,Sutter Av (L),87.5839
2025-05-05 19:00:00,135,Livonia Av (L),117.3396
2025-05-05 19:00:00,136,New Lots Av (L),133.7625
2025-05-05 19:00:00,137,East 105 St (L),88.1753
2025-05-05 19:00:00,138,Canarsie-Rockaway Pkwy (L),298.4267
2025-05-05 19:00:00,141,Park Pl (S),70.0896
2025-05-05 19:00:00,143,Inwood-207 St (A),299.8833
2025-05-05 19:00:00,144,Dyckman St (A),298.7698
2025-05-05 19:00:00,145,190 St (A),210.0745
2025-05-05 19:00:00,146,181 St (A),472.91610000000003
2025-05-05 19:00:00,147,175 St (A),437.6592
2025-05-05 19:00:00,149,163 St-Amsterdam Av (C),172.8461
2025-05-05 19:00:00,150,155 St (C),107.4699
2025-05-05 19:00:00,151,"145 St (A,C,B,D)",904.359
2025-05-05 19:00:00,152,"135 St (C,B)",191.4661
2025-05-05 19:00:00,153,"125 St (A,C,B,D)",914.2569
2025-05-05 19:00:00,154,"116 St (C,B)",266.7752
2025-05-05 19:00:00,155,"Cathedral Pkwy (110 St) (C,B)",354.5403
2025-05-05 19:00:00,156,"103 St (C,B)",194.0348
2025-05-05 19:00:00,157,"96 St (C,B)",312.4227
2025-05-05 19:00:00,158,"86 St (C,B)",353.6916
2025-05-05 19:00:00,159,"81 St-Museum of Natural History (C,B)",310.4608
2025-05-05 19:00:00,160,"72 St (C,B)",332.45889999999997
2025-05-05 19:00:00,162,"50 St (C,E)",713.5067
2025-05-05 19:00:00,164,"34 St-Penn Station (A,C,E)",2034.6943999999999
2025-05-05 19:00:00,165,"23 St (C,E)",630.2394
2025-05-05 19:00:00,167,"W 4 St-Wash Sq (A,C,E,B,D,F,M)",1660.6002
2025-05-05 19:00:00,168,"Spring St (C,E)",299.8234
2025-05-05 19:00:00,169,"Canal St (A,C,E)",332.4691
2025-05-05 19:00:00,173,"High St (A,C)",406.4462
2025-05-05 19:00:00,175,"Hoyt-Schermerhorn Sts (A,C,G)",401.3402
2025-05-05 19:00:00,176,Lafayette Av (C),242.2346
2025-05-05 19:00:00,177,Clinton-Washington Avs (C),334.9491
2025-05-05 19:00:00,179,"Nostrand Av (A,C)",821.9008
2025-05-05 19:00:00,180,Kingston-Throop Avs (C),317.6639
2025-05-05 19:00:00,181,"Utica Av (A,C)",662.9975
2025-05-05 19:00:00,182,Ralph Av (C),197.474
2025-05-05 19:00:00,183,Rockaway Av (C),230.8063
2025-05-05 19:00:00,185,Liberty Av (C),68.04429999999999
2025-05-05 19:00:00,186,Van Siclen Av (C),113.6726
2025-05-05 19:00:00,187,Shepherd Av (C),122.76350000000001
2025-05-05 19:00:00,188,"Euclid Av (A,C)",389.2549
2025-05-05 19:00:00,189,Grant Av (A),209.4012
2025-05-05 19:00:00,190,80 St (A),182.1646
2025-05-05 19:00:00,191,88 St (A),132.143
2025-05-05 19:00:00,192,Rockaway Blvd (A),257.2328
2025-05-05 19:00:00,193,104 St (A),75.1065
2025-05-05 19:00:00,194,111 St (A),84.4778
2025-05-05 19:00:00,195,Ozone Park-Lefferts Blvd (A),227.4709
2025-05-05 19:00:00,196,Aqueduct Racetrack (A),25.1732
2025-05-05 19:00:00,197,Aqueduct-N Conduit Av (A),27.1116
2025-05-05 19:00:00,198,Howard Beach-JFK Airport (A),210.5226
2025-05-05 19:00:00,199,"Broad Channel (A,S)",1.608
2025-05-05 19:00:00,200,"Beach 90 St (A,S)",10.3503
2025-05-05 19:00:00,201,"Beach 98 St (A,S)",5.2383
2025-05-05 19:00:00,202,"Beach 105 St (A,S)",0.9747999999999999
2025-05-05 19:00:00,203,"Rockaway Park-Beach 116 St (A,S)",8.1574
2025-05-05 19:00:00,204,Beach 67 St (A),32.4441
2025-05-05 19:00:00,205,Beach 60 St (A),21.4563
2025-05-05 19:00:00,206,Beach 44 St (A),10.2936
2025-05-05 19:00:00,207,Beach 36 St (A),15.1684
2025-05-05 19:00:00,208,Beach 25 St (A),18.217200000000002
2025-05-05 19:00:00,209,Far Rockaway-Mott Av (A),59.1564
2025-05-05 19:00:00,210,Norwood-205 St (D),208.0884
2025-05-05 19:00:00,211,"Bedford Park Blvd (B,D)",199.4491
2025-05-05 19:00:00,212,"Kingsbridge Rd (B,D)",230.6204
2025-05-05 19:00:00,213,"Fordham Rd (B,D)",231.1116
2025-05-05 19:00:00,214,"182-183 Sts (B,D)",138.1481
2025-05-05 19:00:00,215,"Tremont Av (B,D)",269.408
2025-05-05 19:00:00,216,"174-175 Sts (B,D)",123.4429
2025-05-05 19:00:00,217,"170 St (B,D)",173.3289
2025-05-05 19:00:00,218,"167 St (B,D)",272.4321
2025-05-05 19:00:00,220,"155 St (B,D)",88.5374
2025-05-05 19:00:00,221,21 St-Queensbridge (F),472.2434
2025-05-05 19:00:00,222,Roosevelt Island (F),452.85679999999996
2025-05-05 19:00:00,223,"Lexington Av/63 St (F,Q)",470.3197
2025-05-05 19:00:00,224,57 St (F),326.9772
2025-05-05 19:00:00,225,"47-50 Sts-Rockefeller Ctr (B,D,F,M)",714.2424
2025-05-05 19:00:00,228,"23 St (F,M)",663.3684
2025-05-05 19:00:00,231,"Grand St (B,D)",615.1878
2025-05-05 19:00:00,232,2 Av (F),684.3351
2025-05-05 19:00:00,234,East Broadway (F),552.2131
2025-05-05 19:00:00,235,York St (F),514.8197
2025-05-05 19:00:00,236,"Bergen St (F,G)",396.0041
2025-05-05 19:00:00,237,"Carroll St (F,G)",434.96479999999997
2025-05-05 19:00:00,238,"Smith-9 Sts (F,G)",103.2144
2025-05-05 19:00:00,240,"7 Av (F,G)",426.9729
2025-05-05 19:00:00,241,"15 St-Prospect Park (F,G)",248.3778
2025-05-05 19:00:00,242,"Fort Hamilton Pkwy (F,G)",255.4001
2025-05-05 19:00:00,243,"Church Av (F,G)",377.186
2025-05-05 19:00:00,244,Ditmas Av (F),158.4271
2025-05-05 19:00:00,245,18 Av (F),123.1331
2025-05-05 19:00:00,246,Avenue I (F),53.1484
2025-05-05 19:00:00,247,Bay Pkwy (F),44.4865
2025-05-05 19:00:00,248,Avenue N (F),101.5938
2025-05-05 19:00:00,249,Avenue P (F),103.296
2025-05-05 19:00:00,250,Kings Hwy (F),145.1035
2025-05-05 19:00:00,251,Avenue U (F),81.2449
2025-05-05 19:00:00,252,Avenue X (F),96.5771
2025-05-05 19:00:00,253,Neptune Av (F),52.7055
2025-05-05 19:00:00,254,Jamaica-179 St (F),743.3742
2025-05-05 19:00:00,255,169 St (F),301.5374
2025-05-05 19:00:00,256,Parsons Blvd (F),265.3404
2025-05-05 19:00:00,257,Sutphin Blvd (F),163.4783
2025-05-05 19:00:00,258,"Briarwood (E,F)",238.3088
2025-05-05 19:00:00,259,"Kew Gardens-Union Tpke (E,F)",876.3106
2025-05-05 19:00:00,260,"75 Av (E,F)",159.6027
2025-05-05 19:00:00,261,"Forest Hills-71 Av (E,F,M,R)",1049.4391
2025-05-05 19:00:00,262,"67 Av (M,R)",339.5454
2025-05-05 19:00:00,263,"63 Dr-Rego Park (M,R)",614.3374
2025-05-05 19:00:00,264,"Woodhaven Blvd (M,R)",751.19
2025-05-05 19:00:00,265,"Grand Av-Newtown (M,R)",991.0181
2025-05-05 19:00:00,266,"Elmhurst Av (M,R)",703.0675
2025-05-05 19:00:00,268,"65 St (M,R)",147.7883
2025-05-05 19:00:00,269,"Northern Blvd (M,R)",275.5186
2025-05-05 19:00:00,270,"46 St (M,R)",374.5559
2025-05-05 19:00:00,271,"Steinway St (M,R)",517.517
2025-05-05 19:00:00,272,"36 St (M,R)",107.0531
2025-05-05 19:00:00,273,"Queens Plaza (E,M,R)",689.6377
2025-05-05 19:00:00,276,"5 Av/53 St (E,M)",168.086
2025-05-05 19:00:00,277,"7 Av (E,B,D)",396.9763
2025-05-05 19:00:00,278,"Jamaica Center-Parsons/Archer (E,J,Z)",953.5763
2025-05-05 19:00:00,279,"Sutphin Blvd-Archer Av-JFK Airport (E,J,Z)",914.9029
2025-05-05 19:00:00,280,Jamaica-Van Wyck (E),140.7284
2025-05-05 19:00:00,282,21 St (G),48.3352
2025-05-05 19:00:00,283,Greenpoint Av (G),422.03950000000003
2025-05-05 19:00:00,284,Nassau Av (G),397.9485
2025-05-05 19:00:00,286,Broadway (G),160.4856
2025-05-05 19:00:00,287,Flushing Av (G),87.5534
2025-05-05 19:00:00,288,Myrtle-Willoughby Avs (G),245.1086
2025-05-05 19:00:00,289,Bedford-Nostrand Avs (G),437.5305
2025-05-05 19:00:00,290,Classon Av (G),264.5622
2025-05-05 19:00:00,291,Clinton-Washington Avs (G),225.7603
2025-05-05 19:00:00,292,Fulton St (G),138.9614
2025-05-05 19:00:00,293,Van Cortlandt Park-242 St (1),218.9885
2025-05-05 19:00:00,294,238 St (1),170.149
2025-05-05 19:00:00,295,231 St (1),326.2802
2025-05-05 19:00:00,296,Marble Hill-225 St (1),163.0218
2025-05-05 19:00:00,297,215 St (1),70.417
2025-05-05 19:00:00,298,207 St (1),175.8365
2025-05-05 19:00:00,299,Dyckman St (1),232.4683
2025-05-05 19:00:00,300,191 St (1),273.8945
2025-05-05 19:00:00,301,181 St (1),357.8249
2025-05-05 19:00:00,303,157 St (1),439.1085
2025-05-05 19:00:00,304,145 St (1),409.7485
2025-05-05 19:00:00,305,137 St-City College (1),449.4029
2025-05-05 19:00:00,306,125 St (1),298.7012
2025-05-05 19:00:00,307,116 St-Columbia University (1),373.4425
2025-05-05 19:00:00,308,Cathedral Pkwy (110 St) (1),496.1673
2025-05-05 19:00:00,309,103 St (1),521.3179
2025-05-05 19:00:00,310,"96 St (1,2,3)",1403.9703
2025-05-05 19:00:00,311,86 St (1),654.3779
2025-05-05 19:00:00,312,79 St (1),527.3673
2025-05-05 19:00:00,313,"72 St (1,2,3)",1485.4838
2025-05-05 19:00:00,314,66 St-Lincoln Center (1),698.6608
2025-05-05 19:00:00,316,50 St (1),628.8301
2025-05-05 19:00:00,318,"34 St-Penn Station (1,2,3)",1864.1474
2025-05-05 19:00:00,319,28 St (1),373.6027
2025-05-05 19:00:00,320,23 St (1),413.4774
2025-05-05 19:00:00,321,18 St (1),218.5729
2025-05-05 19:00:00,323,Christopher St-Sheridan Sq (1),522.9837
2025-05-05 19:00:00,324,Houston St (1),328.7493
2025-05-05 19:00:00,325,Canal St (1),105.6761
2025-05-05 19:00:00,326,Franklin St (1),158.1474
2025-05-05 19:00:00,327,"Chambers St (1,2,3)",358.8813
2025-05-05 19:00:00,328,WTC Cortlandt (1),420.17810000000003
2025-05-05 19:00:00,329,Rector St (1),233.8762
2025-05-05 19:00:00,333,"Wall St (2,3)",423.2271
2025-05-05 19:00:00,334,"Clark St (2,3)",284.7727
2025-05-05 19:00:00,336,"Hoyt St (2,3)",196.4556
2025-05-05 19:00:00,337,"Nevins St (2,3,4,5)",302.0596
2025-05-05 19:00:00,339,"Bergen St (2,3)",212.9211
2025-05-05 19:00:00,340,"Grand Army Plaza (2,3)",279.7125
2025-05-05 19:00:00,341,"Eastern Pkwy-Brooklyn Museum (2,3)",195.6263
2025-05-05 19:00:00,343,Nostrand Av (3),143.7157
2025-05-05 19:00:00,344,Kingston Av (3),165.4709
2025-05-05 19:00:00,345,"Crown Hts-Utica Av (3,4)",1031.3711
2025-05-05 19:00:00,346,Sutter Av-Rutland Rd (3),218.4032
2025-05-05 19:00:00,347,Saratoga Av (3),213.1583
2025-05-05 19:00:00,348,Rockaway Av (3),145.9933
2025-05-05 19:00:00,349,Junius St (3),66.5477
2025-05-05 19:00:00,350,Pennsylvania Av (3),115.9816
2025-05-05 19:00:00,351,Van Siclen Av (3),92.9363
2025-05-05 19:00:00,352,New Lots Av (3),182.7717
2025-05-05 19:00:00,353,"President St-Medgar Evers College (2,5)",154.4269
2025-05-05 19:00:00,354,"Sterling St (2,5)",229.75130000000001
2025-05-05 19:00:00,355,"Winthrop St (2,5)",303.549
2025-05-05 19:00:00,356,"Church Av (2,5)",418.0176
2025-05-05 19:00:00,357,"Beverly Rd (2,5)",208.8685
2025-05-05 19:00:00,358,"Newkirk Av-Little Haiti (2,5)",297.861
2025-05-05 19:00:00,359,"Flatbush Av-Brooklyn College (2,5)",660.6766
2025-05-05 19:00:00,360,Pelham Bay Park (6),158.6756
2025-05-05 19:00:00,361,Buhre Av (6),119.81779999999999
2025-05-05 19:00:00,362,Middletown Rd (6),66.3874
2025-05-05 19:00:00,363,Westchester Sq-E Tremont Av (6),126.0668
2025-05-05 19:00:00,364,Zerega Av (6),74.9859
2025-05-05 19:00:00,365,Castle Hill Av (6),197.2073
2025-05-05 19:00:00,366,Parkchester (6),462.32
2025-05-05 19:00:00,367,St Lawrence Av (6),150.30180000000001
2025-05-05 19:00:00,368,Morrison Av-Soundview (6),205.4656
2025-05-05 19:00:00,369,Elder Av (6),210.4175
2025-05-05 19:00:00,370,Whitlock Av (6),55.6856
2025-05-05 19:00:00,371,Hunts Point Av (6),320.3618
2025-05-05 19:00:00,372,Longwood Av (6),90.0801
2025-05-05 19:00:00,373,E 149 St (6),149.8921
2025-05-05 19:00:00,374,E 143 St-St Mary's St (6),67.538
2025-05-05 19:00:00,375,Cypress Av (6),75.3943
2025-05-05 19:00:00,376,Brook Av (6),174.998
2025-05-05 19:00:00,377,3 Av-138 St (6),245.1876
2025-05-05 19:00:00,378,Woodlawn (4),181.8036
2025-05-05 19:00:00,379,Mosholu Pkwy (4),192.6737
2025-05-05 19:00:00,380,Bedford Park Blvd-Lehman College (4),151.0779
2025-05-05 19:00:00,381,Kingsbridge Rd (4),244.2009
2025-05-05 19:00:00,382,Fordham Rd (4),271.4908
2025-05-05 19:00:00,383,183 St (4),184.458
2025-05-05 19:00:00,384,Burnside Av (4),263.3999
2025-05-05 19:00:00,385,176 St (4),160.2046
2025-05-05 19:00:00,386,Mt Eden Av (4),146.5164
2025-05-05 19:00:00,387,170 St (4),224.0282
2025-05-05 19:00:00,388,167 St (4),316.8062
2025-05-05 19:00:00,391,"138 St-Grand Concourse (4,5)",138.0303
2025-05-05 19:00:00,392,"125 St (4,5,6)",652.6985
2025-05-05 19:00:00,393,116 St (6),432.0935
2025-05-05 19:00:00,394,110 St (6),327.549
2025-05-05 19:00:00,395,103 St (6),334.4016
2025-05-05 19:00:00,396,96 St (6),426.5645
2025-05-05 19:00:00,397,"86 St (4,5,6)",1256.9163
2025-05-05 19:00:00,398,77 St (6),677.3698
2025-05-05 19:00:00,399,68 St-Hunter College (6),365.56170000000003
2025-05-05 19:00:00,403,33 St (6),728.7821
2025-05-05 19:00:00,404,28 St (6),533.3165
2025-05-05 19:00:00,405,23 St (6),630.6375
2025-05-05 19:00:00,407,Astor Pl (6),598.8049
2025-05-05 19:00:00,409,Spring St (6),366.1232
2025-05-05 19:00:00,413,"Wall St (4,5)",425.6909
2025-05-05 19:00:00,414,"Bowling Green (4,5)",414.4873
2025-05-05 19:00:00,416,Wakefield-241 St (2),107.6692
2025-05-05 19:00:00,417,"Nereid Av (2,5)",82.7236
2025-05-05 19:00:00,418,"233 St (2,5)",114.6889
2025-05-05 19:00:00,419,"225 St (2,5)",114.4773
2025-05-05 19:00:00,420,"219 St (2,5)",76.2199
2025-05-05 19:00:00,421,"Gun Hill Rd (2,5)",170.2307
2025-05-05 19:00:00,422,"Burke Av (2,5)",79.7887
2025-05-05 19:00:00,423,"Allerton Av (2,5)",154.2093
2025-05-05 19:00:00,424,"Pelham Pkwy (2,5)",220.5798
2025-05-05 19:00:00,425,"Bronx Park East (2,5)",80.2614
2025-05-05 19:00:00,426,"E 180 St (2,5)",291.8009
2025-05-05 19:00:00,427,"West Farms Sq-E Tremont Av (2,5)",159.3614
2025-05-05 19:00:00,428,"174 St (2,5)",183.6373
2025-05-05 19:00:00,429,"Freeman St (2,5)",139.5821
2025-05-05 19:00:00,430,"Simpson St (2,5)",229.2794
2025-05-05 19:00:00,431,"Intervale Av (2,5)",105.6259
2025-05-05 19:00:00,432,"Prospect Av (2,5)",174.0913
2025-05-05 19:00:00,433,"Jackson Av (2,5)",164.6234
2025-05-05 19:00:00,434,"3 Av-149 St (2,5)",541.797
2025-05-05 19:00:00,436,Harlem-148 St (3),110.7297
2025-05-05 19:00:00,437,145 St (3),93.5528
2025-05-05 19:00:00,438,"135 St (2,3)",413.2014
2025-05-05 19:00:00,439,"125 St (2,3)",415.0044
2025-05-05 19:00:00,440,"116 St (2,3)",327.6925
2025-05-05 19:00:00,441,"Central Park North (110 St) (2,3)",261.8821
2025-05-05 19:00:00,442,Eastchester-Dyre Av (5),122.2332
2025-05-05 19:00:00,443,Baychester Av (5),96.80539999999999
2025-05-05 19:00:00,444,Gun Hill Rd (5),168.4451
2025-05-05 19:00:00,445,Pelham Pkwy (5),103.0012
2025-05-05 19:00:00,446,Morris Park (5),95.6649
2025-05-05 19:00:00,447,Flushing-Main St (7),2583.459
2025-05-05 19:00:00,448,Mets-Willets Point (7),177.7044
2025-05-05 19:00:00,449,111 St (7),533.401
2025-05-05 19:00:00,450,103 St-Corona Plaza (7),860.7543000000001
2025-05-05 19:00:00,451,Junction Blvd (7),1074.3571
2025-05-05 19:00:00,452,90 St-Elmhurst Av (7),826.6106
2025-05-05 19:00:00,453,82 St-Jackson Hts (7),581.9876
2025-05-05 19:00:00,455,69 St (7),335.0375
2025-05-05 19:00:00,456,61 St-Woodside (7),730.1581
2025-05-05 19:00:00,457,52 St (7),353.8739
2025-05-05 19:00:00,458,46 St-Bliss St (7),611.871
2025-05-05 19:00:00,459,40 St-Lowery St (7),472.4123
2025-05-05 19:00:00,460,33 St-Rawson St (7),133.2848
2025-05-05 19:00:00,461,"Queensboro Plaza (7,N,W)",609.3785
2025-05-05 19:00:00,463,Hunters Point Av (7),108.3808
2025-05-05 19:00:00,464,Vernon Blvd-Jackson Av (7),908.9592
2025-05-05 19:00:00,471,34 St-Hudson Yards (7),611.2194
2025-05-05 19:00:00,475,96 St (Q),665.9343
2025-05-05 19:00:00,476,86 St (Q),1027.0255
2025-05-05 19:00:00,477,72 St (Q),830.9843
2025-05-05 19:00:00,601,"14 St (F,M,1,2,3)/6 Av (L)",1406.2805
2025-05-05 19:00:00,602,"14 St-Union Sq (L,N,Q,R,W,4,5,6)",2602.7938
2025-05-05 19:00:00,603,"149 St-Grand Concourse (2,4,5)",242.7479
2025-05-05 19:00:00,604,"161 St-Yankee Stadium (B,D,4)",815.2112
2025-05-05 19:00:00,605,"168 St (A,C,1)",632.2834
2025-05-05 19:00:00,606,"Court Sq (E,G,M,7)",1037.0127
2025-05-05 19:00:00,607,"34 St-Herald Sq (B,D,F,M,N,Q,R,W)",2718.8929
2025-05-05 19:00:00,608,"4 Av (F,G)/9 St (R)",441.3558
2025-05-05 19:00:00,609,"Bryant Pk (B,D,F,M)/5 Av (7)",866.032
2025-05-05 19:00:00,610,"Grand Central-42 St (S,4,5,6,7)",3065.5714000000003
2025-05-05 19:00:00,611,"Times Sq-42 St (N,Q,R,W,S,1,2,3,7)/42 St (A,C,E)",5701.8511
2025-05-05 19:00:00,612,"Lexington Av-53 St (E,M)/51 St (6)",1104.5474
2025-05-05 19:00:00,613,"Lexington Av (N,R,W)/59 St (4,5,6)",921.3916
2025-05-05 19:00:00,614,"59 St-Columbus Circle (A,B,C,D,1)",1646.0586
2025-05-05 19:00:00,615,New Utrecht Av (N)/62 St (D),185.0357
2025-05-05 19:00:00,616,"74-Broadway (7)/Jackson Hts-Roosevelt Av (E,F,M,R)",2591.2415
2025-05-05 19:00:00,617,"Atlantic Av-Barclays Ctr (B,D,N,Q,R,2,3,4,5)",1547.2515
2025-05-05 19:00:00,618,"14 St (A,C,E)/8 Av (L)",1293.1432
2025-05-05 19:00:00,619,"Broadway-Lafayette St (B,D,F,M)/Bleecker St (6)",1090.8968
2025-05-05 19:00:00,620,"Court St (R)/Borough Hall (2,3,4,5)",671.8276999999999
2025-05-05 19:00:00,621,"Broadway Junction (A,C,J,L,Z)",258.5071
2025-05-05 19:00:00,622,"Brooklyn Bridge-City Hall (4,5,6)/Chambers St (J,Z)",584.4985
2025-05-05 19:00:00,623,"Canal St (J,N,Q,R,W,Z,6)",1003.1796
2025-05-05 19:00:00,624,"Chambers St (A,C)/WTC (E)/Park Pl (2,3)/Cortlandt (R,W)",1123.2962
2025-05-05 19:00:00,625,"Delancey St (F)/Essex St (J,M,Z)",1163.2992
2025-05-05 19:00:00,626,"Franklin Av (2,3,4,5)/Botanic Garden (S)",684.5
2025-05-05 19:00:00,627,"Franklin Av (C,S)",256.0527
2025-05-05 19:00:00,628,"Fulton St (A,C,J,Z,2,3,4,5)",2080.6308
2025-05-05 19:00:00,629,Lorimer St (L)/Metropolitan Av (G),926.7541
2025-05-05 19:00:00,630,"Myrtle-Wyckoff Avs (L,M)",1015.3074
2025-05-05 19:00:00,635,"South Ferry (1)/Whitehall St (R,W)",605.1165
2025-05-05 19:00:00,636,"Jay St-MetroTech (A,C,F,R)",796.1474
2025-05-05 20:00:00,1,"Astoria-Ditmars Blvd (N,W)",492.9428
2025-05-05 20:00:00,2,"Astoria Blvd (N,W)",394.915
2025-05-05 20:00:00,3,"30 Av (N,W)",517.0043
2025-05-05 20:00:00,4,"Broadway (N,W)",483.4012
2025-05-05 20:00:00,5,"36 Av (N,W)",249.6099
2025-05-05 20:00:00,6,"39 Av-Dutch Kills (N,W)",171.9837
2025-05-05 20:00:00,8,"5 Av/59 St (N,R,W)",139.852
2025-05-05 20:00:00,9,"57 St-7 Av (N,Q,R,W)",571.8345
2025-05-05 20:00:00,10,"49 St (N,R,W)",605.2741
2025-05-05 20:00:00,13,"28 St (R,W)",276.7753
2025-05-05 20:00:00,14,"23 St (R,W)",297.9737
2025-05-05 20:00:00,16,"8 St-NYU (R,W)",363.8189
2025-05-05 20:00:00,17,"Prince St (R,W)",153.596
2025-05-05 20:00:00,20,"City Hall (R,W)",57.7048
2025-05-05 20:00:00,22,"Rector St (R,W)",99.2223
2025-05-05 20:00:00,26,"DeKalb Av (B,Q,R)",587.4729
2025-05-05 20:00:00,28,Union St (R),203.575
2025-05-05 20:00:00,30,Prospect Av (R),178.5887
2025-05-05 20:00:00,31,25 St (R),112.7865
2025-05-05 20:00:00,32,"36 St (D,N,R)",369.0243
2025-05-05 20:00:00,33,45 St (R),243.2615
2025-05-05 20:00:00,34,53 St (R),297.6598
2025-05-05 20:00:00,35,"59 St (N,R)",421.5692
2025-05-05 20:00:00,36,Bay Ridge Av (R),286.6062
2025-05-05 20:00:00,37,77 St (R),171.2124
2025-05-05 20:00:00,38,86 St (R),342.8427
2025-05-05 20:00:00,39,Bay Ridge-95 St (R),169.3053
2025-05-05 20:00:00,41,"7 Av (B,Q)",318.9511
2025-05-05 20:00:00,42,"Prospect Park (B,Q,S)",394.447
2025-05-05 20:00:00,43,Parkside Av (Q),268.8598
2025-05-05 20:00:00,44,"Church Av (B,Q)",552.919
2025-05-05 20:00:00,45,Beverley Rd (Q),165.4984
2025-05-05 20:00:00,46,Cortelyou Rd (Q),274.8986
2025-05-05 20:00:00,47,"Newkirk Plaza (B,Q)",370.7641
2025-05-05 20:00:00,48,Avenue H (Q),112.9259
2025-05-05 20:00:00,49,Avenue J (Q),175.4445
2025-05-05 20:00:00,50,Avenue M (Q),177.3605
2025-05-05 20:00:00,51,"Kings Hwy (B,Q)",647.7589
2025-05-05 20:00:00,52,Avenue U (Q),220.6082
2025-05-05 20:00:00,53,Neck Rd (Q),163.9523
2025-05-05 20:00:00,54,"Sheepshead Bay (B,Q)",384.3854
2025-05-05 20:00:00,55,"Brighton Beach (B,Q)",354.4618
2025-05-05 20:00:00,56,Ocean Pkwy (Q),86.4633
2025-05-05 20:00:00,57,"W 8 St-NY Aquarium (F,Q)",53.7572
2025-05-05 20:00:00,58,"Coney Island-Stillwell Av (D,F,N,Q)",340.249
2025-05-05 20:00:00,59,9 Av (D),229.5056
2025-05-05 20:00:00,60,Fort Hamilton Pkwy (D),132.1566
2025-05-05 20:00:00,61,50 St (D),71.2967
2025-05-05 20:00:00,62,55 St (D),33.0453
2025-05-05 20:00:00,64,71 St (D),161.0007
2025-05-05 20:00:00,65,79 St (D),227.5276
2025-05-05 20:00:00,66,18 Av (D),193.5529
2025-05-05 20:00:00,67,20 Av (D),181.668
2025-05-05 20:00:00,68,Bay Pkwy (D),221.6851
2025-05-05 20:00:00,69,25 Av (D),121.0634
2025-05-05 20:00:00,70,Bay 50 St (D),95.3252
2025-05-05 20:00:00,71,8 Av (N),367.1641
2025-05-05 20:00:00,72,Fort Hamilton Pkwy (N),273.09680000000003
2025-05-05 20:00:00,74,18 Av (N),179.8757
2025-05-05 20:00:00,75,20 Av (N),122.5223
2025-05-05 20:00:00,76,Bay Pkwy (N),230.5508
2025-05-05 20:00:00,77,Kings Hwy (N),211.2415
2025-05-05 20:00:00,78,Avenue U (N),137.2852
2025-05-05 20:00:00,79,86 St (N),69.4499
2025-05-05 20:00:00,80,"121 St (J,Z)",75.5312
2025-05-05 20:00:00,81,111 St (J),75.04939999999999
2025-05-05 20:00:00,82,"104 St (J,Z)",101.11
2025-05-05 20:00:00,83,"Woodhaven Blvd (J,Z)",150.8777
2025-05-05 20:00:00,84,85 St-Forest Pkwy (J),65.0509
2025-05-05 20:00:00,85,"75 St-Elderts Ln (J,Z)",125.726
2025-05-05 20:00:00,86,Cypress Hills (J),10.1786
2025-05-05 20:00:00,87,"Crescent St (J,Z)",134.1623
2025-05-05 20:00:00,88,"Norwood Av (J,Z)",87.4337
2025-05-05 20:00:00,89,Cleveland St (J),73.7567
2025-05-05 20:00:00,90,"Van Siclen Av (J,Z)",100.8143
2025-05-05 20:00:00,91,Alabama Av (J),50.7021
2025-05-05 20:00:00,93,"Chauncey St (J,Z)",103.5084
2025-05-05 20:00:00,94,Halsey St (J),251.4535
2025-05-05 20:00:00,95,"Gates Av (J,Z)",274.73199999999997
2025-05-05 20:00:00,96,Kosciuszko St (J),236.6712
2025-05-05 20:00:00,97,"Myrtle Av (M,J,Z)",473.3651
2025-05-05 20:00:00,98,"Flushing Av (M,J)",205.6248
2025-05-05 20:00:00,99,"Lorimer St (M,J)",143.0984
2025-05-05 20:00:00,100,"Hewes St (M,J)",92.9827
2025-05-05 20:00:00,101,"Marcy Av (M,J,Z)",386.0311
2025-05-05 20:00:00,103,"Bowery (J,Z)",79.7386
2025-05-05 20:00:00,107,"Broad St (J,Z)",81.17830000000001
2025-05-05 20:00:00,108,Middle Village-Metropolitan Av (M),85.5217
2025-05-05 20:00:00,109,Fresh Pond Rd (M),190.1379
2025-05-05 20:00:00,110,Forest Av (M),159.9278
2025-05-05 20:00:00,111,Seneca Av (M),109.7499
2025-05-05 20:00:00,113,Knickerbocker Av (M),148.0106
2025-05-05 20:00:00,114,Central Av (M),182.9935
2025-05-05 20:00:00,118,3 Av (L),157.9822
2025-05-05 20:00:00,119,1 Av (L),810.5286
2025-05-05 20:00:00,120,Bedford Av (L),1209.3097
2025-05-05 20:00:00,122,Graham Av (L),360.5219
2025-05-05 20:00:00,123,Grand St (L),204.5941
2025-05-05 20:00:00,124,Montrose Av (L),309.2446
2025-05-05 20:00:00,125,Morgan Av (L),325.2233
2025-05-05 20:00:00,126,Jefferson St (L),351.3751
2025-05-05 20:00:00,127,DeKalb Av (L),552.1019
2025-05-05 20:00:00,129,Halsey St (L),360.0458
2025-05-05 20:00:00,130,Wilson Av (L),217.2822
2025-05-05 20:00:00,131,Bushwick Av-Aberdeen St (L),108.3001
2025-05-05 20:00:00,133,Atlantic Av (L),49.8062
2025-05-05 20:00:00,134,Sutter Av (L),83.1814
2025-05-05 20:00:00,135,Livonia Av (L),83.8216
2025-05-05 20:00:00,136,New Lots Av (L),107.0914
2025-05-05 20:00:00,137,East 105 St (L),73.1415
2025-05-05 20:00:00,138,Canarsie-Rockaway Pkwy (L),254.045
2025-05-05 20:00:00,141,Park Pl (S),59.1048
2025-05-05 20:00:00,143,Inwood-207 St (A),282.5656
2025-05-05 20:00:00,144,Dyckman St (A),210.9484
2025-05-05 20:00:00,145,190 St (A),173.5337
2025-05-05 20:00:00,146,181 St (A),395.7377
2025-05-05 20:00:00,147,175 St (A),340.4712
2025-05-05 20:00:00,149,163 St-Amsterdam Av (C),143.60999999999999
2025-05-05 20:00:00,150,155 St (C),98.8299
2025-05-05 20:00:00,151,"145 St (A,C,B,D)",820.9565
2025-05-05 20:00:00,152,"135 St (C,B)",155.1586
2025-05-05 20:00:00,153,"125 St (A,C,B,D)",773.5491
2025-05-05 20:00:00,154,"116 St (C,B)",236.82750000000001
2025-05-05 20:00:00,155,"Cathedral Pkwy (110 St) (C,B)",317.8451
2025-05-05 20:00:00,156,"103 St (C,B)",179.3314
2025-05-05 20:00:00,157,"96 St (C,B)",237.04070000000002
2025-05-05 20:00:00,158,"86 St (C,B)",267.555
2025-05-05 20:00:00,159,"81 St-Museum of Natural History (C,B)",239.2643
2025-05-05 20:00:00,160,"72 St (C,B)",225.4861
2025-05-05 20:00:00,162,"50 St (C,E)",610.2916
2025-05-05 20:00:00,164,"34 St-Penn Station (A,C,E)",1511.8146
2025-05-05 20:00:00,165,"23 St (C,E)",440.8313
2025-05-05 20:00:00,167,"W 4 St-Wash Sq (A,C,E,B,D,F,M)",1098.0646
2025-05-05 20:00:00,168,"Spring St (C,E)",202.0686
2025-05-05 20:00:00,169,"Canal St (A,C,E)",255.6886
2025-05-05 20:00:00,173,"High St (A,C)",255.8654
2025-05-05 20:00:00,175,"Hoyt-Schermerhorn Sts (A,C,G)",298.8943
2025-05-05 20:00:00,176,Lafayette Av (C),173.1895
2025-05-05 20:00:00,177,Clinton-Washington Avs (C),269.8539
2025-05-05 20:00:00,179,"Nostrand Av (A,C)",690.804
2025-05-05 20:00:00,180,Kingston-Throop Avs (C),268.1065
2025-05-05 20:00:00,181,"Utica Av (A,C)",563.8392
2025-05-05 20:00:00,182,Ralph Av (C),184.6019
2025-05-05 20:00:00,183,Rockaway Av (C),200.797
2025-05-05 20:00:00,185,Liberty Av (C),62.064099999999996
2025-05-05 20:00:00,186,Van Siclen Av (C),98.8282
2025-05-05 20:00:00,187,Shepherd Av (C),91.1396
2025-05-05 20:00:00,188,"Euclid Av (A,C)",345.9377
2025-05-05 20:00:00,189,Grant Av (A),178.9627
2025-05-05 20:00:00,190,80 St (A),145.1747
2025-05-05 20:00:00,191,88 St (A),102.265
2025-05-05 20:00:00,192,Rockaway Blvd (A),220.5585
2025-05-05 20:00:00,193,104 St (A),52.9068
2025-05-05 20:00:00,194,111 St (A),66.5552
2025-05-05 20:00:00,195,Ozone Park-Lefferts Blvd (A),179.8911
2025-05-05 20:00:00,196,Aqueduct Racetrack (A),16.2655
2025-05-05 20:00:00,197,Aqueduct-N Conduit Av (A),20.9235
2025-05-05 20:00:00,198,Howard Beach-JFK Airport (A),179.6824
2025-05-05 20:00:00,199,"Broad Channel (A,S)",0.8888
2025-05-05 20:00:00,200,"Beach 90 St (A,S)",7.1471
2025-05-05 20:00:00,201,"Beach 98 St (A,S)",4.7010000000000005
2025-05-05 20:00:00,202,"Beach 105 St (A,S)",0.3223
2025-05-05 20:00:00,203,"Rockaway Park-Beach 116 St (A,S)",4.3374999999999995
2025-05-05 20:00:00,204,Beach 67 St (A),26.3801
2025-05-05 20:00:00,205,Beach 60 St (A),23.8614
2025-05-05 20:00:00,206,Beach 44 St (A),13.4552
2025-05-05 20:00:00,207,Beach 36 St (A),8.4125
2025-05-05 20:00:00,208,Beach 25 St (A),20.5659
2025-05-05 20:00:00,209,Far Rockaway-Mott Av (A),51.9127
2025-05-05 20:00:00,210,Norwood-205 St (D),182.2617
2025-05-05 20:00:00,211,"Bedford Park Blvd (B,D)",188.4364
2025-05-05 20:00:00,212,"Kingsbridge Rd (B,D)",175.7911
2025-05-05 20:00:00,213,"Fordham Rd (B,D)",215.32
2025-05-05 20:00:00,214,"182-183 Sts (B,D)",121.6125
2025-05-05 20:00:00,215,"Tremont Av (B,D)",248.3648
2025-05-05 20:00:00,216,"174-175 Sts (B,D)",112.3845
2025-05-05 20:00:00,217,"170 St (B,D)",167.6609
2025-05-05 20:00:00,218,"167 St (B,D)",252.6027
2025-05-05 20:00:00,220,"155 St (B,D)",75.5967
2025-05-05 20:00:00,221,21 St-Queensbridge (F),375.6904
2025-05-05 20:00:00,222,Roosevelt Island (F),358.6603
2025-05-05 20:00:00,223,"Lexington Av/63 St (F,Q)",316.163
2025-05-05 20:00:00,224,57 St (F),219.3129
2025-05-05 20:00:00,225,"47-50 Sts-Rockefeller Ctr (B,D,F,M)",559.0478
2025-05-05 20:00:00,228,"23 St (F,M)",410.847
2025-05-05 20:00:00,231,"Grand St (B,D)",456.3426
2025-05-05 20:00:00,232,2 Av (F),462.5572
2025-05-05 20:00:00,234,East Broadway (F),376.93399999999997
2025-05-05 20:00:00,235,York St (F),292.608
2025-05-05 20:00:00,236,"Bergen St (F,G)",290.3699
2025-05-05 20:00:00,237,"Carroll St (F,G)",301.2554
2025-05-05 20:00:00,238,"Smith-9 Sts (F,G)",79.5515
2025-05-05 20:00:00,240,"7 Av (F,G)",312.3155
2025-05-05 20:00:00,241,"15 St-Prospect Park (F,G)",178.9617
2025-05-05 20:00:00,242,"Fort Hamilton Pkwy (F,G)",211.3042
2025-05-05 20:00:00,243,"Church Av (F,G)",302.191
2025-05-05 20:00:00,244,Ditmas Av (F),116.5998
2025-05-05 20:00:00,245,18 Av (F),103.5796
2025-05-05 20:00:00,246,Avenue I (F),44.7426
2025-05-05 20:00:00,247,Bay Pkwy (F),32.3371
2025-05-05 20:00:00,248,Avenue N (F),84.4394
2025-05-05 20:00:00,249,Avenue P (F),80.9475
2025-05-05 20:00:00,250,Kings Hwy (F),103.8464
2025-05-05 20:00:00,251,Avenue U (F),52.3045
2025-05-05 20:00:00,252,Avenue X (F),77.6639
2025-05-05 20:00:00,253,Neptune Av (F),31.5877
2025-05-05 20:00:00,254,Jamaica-179 St (F),563.0419
2025-05-05 20:00:00,255,169 St (F),255.7499
2025-05-05 20:00:00,256,Parsons Blvd (F),230.5325
2025-05-05 20:00:00,257,Sutphin Blvd (F),137.9151
2025-05-05 20:00:00,258,"Briarwood (E,F)",187.3026
2025-05-05 20:00:00,259,"Kew Gardens-Union Tpke (E,F)",671.6175
2025-05-05 20:00:00,260,"75 Av (E,F)",103.43690000000001
2025-05-05 20:00:00,261,"Forest Hills-71 Av (E,F,M,R)",721.0792
2025-05-05 20:00:00,262,"67 Av (M,R)",259.3435
2025-05-05 20:00:00,263,"63 Dr-Rego Park (M,R)",417.8053
2025-05-05 20:00:00,264,"Woodhaven Blvd (M,R)",587.6835
2025-05-05 20:00:00,265,"Grand Av-Newtown (M,R)",765.8201
2025-05-05 20:00:00,266,"Elmhurst Av (M,R)",609.4097
2025-05-05 20:00:00,268,"65 St (M,R)",149.358
2025-05-05 20:00:00,269,"Northern Blvd (M,R)",209.57750000000001
2025-05-05 20:00:00,270,"46 St (M,R)",300.7903
2025-05-05 20:00:00,271,"Steinway St (M,R)",386.13620000000003
2025-05-05 20:00:00,272,"36 St (M,R)",90.1825
2025-05-05 20:00:00,273,"Queens Plaza (E,M,R)",551.3291
2025-05-05 20:00:00,276,"5 Av/53 St (E,M)",109.8529
2025-05-05 20:00:00,277,"7 Av (E,B,D)",356.3458
2025-05-05 20:00:00,278,"Jamaica Center-Parsons/Archer (E,J,Z)",804.5633
2025-05-05 20:00:00,279,"Sutphin Blvd-Archer Av-JFK Airport (E,J,Z)",786.463
2025-05-05 20:00:00,280,Jamaica-Van Wyck (E),108.9738
2025-05-05 20:00:00,282,21 St (G),38.728699999999996
2025-05-05 20:00:00,283,Greenpoint Av (G),310.2442
2025-05-05 20:00:00,284,Nassau Av (G),263.5542
2025-05-05 20:00:00,286,Broadway (G),123.1343
2025-05-05 20:00:00,287,Flushing Av (G),78.2384
2025-05-05 20:00:00,288,Myrtle-Willoughby Avs (G),211.203
2025-05-05 20:00:00,289,Bedford-Nostrand Avs (G),366.9425
2025-05-05 20:00:00,290,Classon Av (G),201.42090000000002
2025-05-05 20:00:00,291,Clinton-Washington Avs (G),155.8394
2025-05-05 20:00:00,292,Fulton St (G),114.0351
2025-05-05 20:00:00,293,Van Cortlandt Park-242 St (1),159.0685
2025-05-05 20:00:00,294,238 St (1),137.0033
2025-05-05 20:00:00,295,231 St (1),217.6655
2025-05-05 20:00:00,296,Marble Hill-225 St (1),137.5673
2025-05-05 20:00:00,297,215 St (1),66.3985
2025-05-05 20:00:00,298,207 St (1),150.4156
2025-05-05 20:00:00,299,Dyckman St (1),202.4763
2025-05-05 20:00:00,300,191 St (1),256.9306
2025-05-05 20:00:00,301,181 St (1),302.8072
2025-05-05 20:00:00,303,157 St (1),404.2325
2025-05-05 20:00:00,304,145 St (1),369.4139
2025-05-05 20:00:00,305,137 St-City College (1),438.1905
2025-05-05 20:00:00,306,125 St (1),285.3209
2025-05-05 20:00:00,307,116 St-Columbia University (1),357.1015
2025-05-05 20:00:00,308,Cathedral Pkwy (110 St) (1),445.3288
2025-05-05 20:00:00,309,103 St (1),439.58320000000003
2025-05-05 20:00:00,310,"96 St (1,2,3)",1118.6124
2025-05-05 20:00:00,311,86 St (1),451.5091
2025-05-05 20:00:00,312,79 St (1),374.2098
2025-05-05 20:00:00,313,"72 St (1,2,3)",1031.3461
2025-05-05 20:00:00,314,66 St-Lincoln Center (1),374.06370000000004
2025-05-05 20:00:00,316,50 St (1),547.8183
2025-05-05 20:00:00,318,"34 St-Penn Station (1,2,3)",1229.6573
2025-05-05 20:00:00,319,28 St (1),286.9266
2025-05-05 20:00:00,320,23 St (1),269.826
2025-05-05 20:00:00,321,18 St (1),123.4435
2025-05-05 20:00:00,323,Christopher St-Sheridan Sq (1),363.3268
2025-05-05 20:00:00,324,Houston St (1),201.8924
2025-05-05 20:00:00,325,Canal St (1),75.4393
2025-05-05 20:00:00,326,Franklin St (1),96.5533
2025-05-05 20:00:00,327,"Chambers St (1,2,3)",211.1057
2025-05-05 20:00:00,328,WTC Cortlandt (1),323.9533
2025-05-05 20:00:00,329,Rector St (1),194.0702
2025-05-05 20:00:00,333,"Wall St (2,3)",333.1194
2025-05-05 20:00:00,334,"Clark St (2,3)",183.114
2025-05-05 20:00:00,336,"Hoyt St (2,3)",146.4126
2025-05-05 20:00:00,337,"Nevins St (2,3,4,5)",217.8136
2025-05-05 20:00:00,339,"Bergen St (2,3)",144.9273
2025-05-05 20:00:00,340,"Grand Army Plaza (2,3)",191.2315
2025-05-05 20:00:00,341,"Eastern Pkwy-Brooklyn Museum (2,3)",148.8302
2025-05-05 20:00:00,343,Nostrand Av (3),128.866
2025-05-05 20:00:00,344,Kingston Av (3),152.6964
2025-05-05 20:00:00,345,"Crown Hts-Utica Av (3,4)",814.8759
2025-05-05 20:00:00,346,Sutter Av-Rutland Rd (3),205.4461
2025-05-05 20:00:00,347,Saratoga Av (3),172.7412
2025-05-05 20:00:00,348,Rockaway Av (3),122.3993
2025-05-05 20:00:00,349,Junius St (3),60.864
2025-05-05 20:00:00,350,Pennsylvania Av (3),107.6584
2025-05-05 20:00:00,351,Van Siclen Av (3),76.9294
2025-05-05 20:00:00,352,New Lots Av (3),167.5801
2025-05-05 20:00:00,353,"President St-Medgar Evers College (2,5)",131.5337
2025-05-05 20:00:00,354,"Sterling St (2,5)",217.7757
2025-05-05 20:00:00,355,"Winthrop St (2,5)",223.3374
2025-05-05 20:00:00,356,"Church Av (2,5)",324.0056
2025-05-05 20:00:00,357,"Beverly Rd (2,5)",156.7339
2025-05-05 20:00:00,358,"Newkirk Av-Little Haiti (2,5)",223.627
2025-05-05 20:00:00,359,"Flatbush Av-Brooklyn College (2,5)",516.8102
2025-05-05 20:00:00,360,Pelham Bay Park (6),120.5216
2025-05-05 20:00:00,361,Buhre Av (6),96.0838
2025-05-05 20:00:00,362,Middletown Rd (6),45.8731
2025-05-05 20:00:00,363,Westchester Sq-E Tremont Av (6),107.0238
2025-05-05 20:00:00,364,Zerega Av (6),62.3067
2025-05-05 20:00:00,365,Castle Hill Av (6),176.9261
2025-05-05 20:00:00,366,Parkchester (6),374.3882
2025-05-05 20:00:00,367,St Lawrence Av (6),140.6043
2025-05-05 20:00:00,368,Morrison Av-Soundview (6),187.4757
2025-05-05 20:00:00,369,Elder Av (6),172.5057
2025-05-05 20:00:00,370,Whitlock Av (6),42.2953
2025-05-05 20:00:00,371,Hunts Point Av (6),258.6463
2025-05-05 20:00:00,372,Longwood Av (6),75.7275
2025-05-05 20:00:00,373,E 149 St (6),145.8607
2025-05-05 20:00:00,374,E 143 St-St Mary's St (6),59.4262
2025-05-05 20:00:00,375,Cypress Av (6),80.6879
2025-05-05 20:00:00,376,Brook Av (6),148.5909
2025-05-05 20:00:00,377,3 Av-138 St (6),183.7404
2025-05-05 20:00:00,378,Woodlawn (4),147.4261
2025-05-05 20:00:00,379,Mosholu Pkwy (4),161.065
2025-05-05 20:00:00,380,Bedford Park Blvd-Lehman College (4),110.0724
2025-05-05 20:00:00,381,Kingsbridge Rd (4),213.8122
2025-05-05 20:00:00,382,Fordham Rd (4),225.4879
2025-05-05 20:00:00,383,183 St (4),163.4606
2025-05-05 20:00:00,384,Burnside Av (4),226.8269
2025-05-05 20:00:00,385,176 St (4),147.8925
2025-05-05 20:00:00,386,Mt Eden Av (4),125.5231
2025-05-05 20:00:00,387,170 St (4),213.6192
2025-05-05 20:00:00,388,167 St (4),294.2342
2025-05-05 20:00:00,391,"138 St-Grand Concourse (4,5)",107.4861
2025-05-05 20:00:00,392,"125 St (4,5,6)",535.7478
2025-05-05 20:00:00,393,116 St (6),362.724
2025-05-05 20:00:00,394,110 St (6),308.8769
2025-05-05 20:00:00,395,103 St (6),264.3757
2025-05-05 20:00:00,396,96 St (6),351.3427
2025-05-05 20:00:00,397,"86 St (4,5,6)",862.1691000000001
2025-05-05 20:00:00,398,77 St (6),443.1486
2025-05-05 20:00:00,399,68 St-Hunter College (6),246.2037
2025-05-05 20:00:00,403,33 St (6),509.99649999999997
2025-05-05 20:00:00,404,28 St (6),353.4367
2025-05-05 20:00:00,405,23 St (6),392.6659
2025-05-05 20:00:00,407,Astor Pl (6),384.3319
2025-05-05 20:00:00,409,Spring St (6),232.4415
2025-05-05 20:00:00,413,"Wall St (4,5)",325.5827
2025-05-05 20:00:00,414,"Bowling Green (4,5)",326.2168
2025-05-05 20:00:00,416,Wakefield-241 St (2),102.7832
2025-05-05 20:00:00,417,"Nereid Av (2,5)",68.8224
2025-05-05 20:00:00,418,"233 St (2,5)",90.3169
2025-05-05 20:00:00,419,"225 St (2,5)",90.8499
2025-05-05 20:00:00,420,"219 St (2,5)",74.3144
2025-05-05 20:00:00,421,"Gun Hill Rd (2,5)",146.7005
2025-05-05 20:00:00,422,"Burke Av (2,5)",70.4921
2025-05-05 20:00:00,423,"Allerton Av (2,5)",102.36749999999999
2025-05-05 20:00:00,424,"Pelham Pkwy (2,5)",194.4906
2025-05-05 20:00:00,425,"Bronx Park East (2,5)",63.9221
2025-05-05 20:00:00,426,"E 180 St (2,5)",243.8114
2025-05-05 20:00:00,427,"West Farms Sq-E Tremont Av (2,5)",140.0606
2025-05-05 20:00:00,428,"174 St (2,5)",166.8483
2025-05-05 20:00:00,429,"Freeman St (2,5)",133.0271
2025-05-05 20:00:00,430,"Simpson St (2,5)",204.84550000000002
2025-05-05 20:00:00,431,"Intervale Av (2,5)",90.1068
2025-05-05 20:00:00,432,"Prospect Av (2,5)",177.3079
2025-05-05 20:00:00,433,"Jackson Av (2,5)",144.7502
2025-05-05 20:00:00,434,"3 Av-149 St (2,5)",463.415
2025-05-05 20:00:00,436,Harlem-148 St (3),92.1894
2025-05-05 20:00:00,437,145 St (3),76.3215
2025-05-05 20:00:00,438,"135 St (2,3)",347.5449
2025-05-05 20:00:00,439,"125 St (2,3)",358.7375
2025-05-05 20:00:00,440,"116 St (2,3)",289.0552
2025-05-05 20:00:00,441,"Central Park North (110 St) (2,3)",221.95080000000002
2025-05-05 20:00:00,442,Eastchester-Dyre Av (5),89.6679
2025-05-05 20:00:00,443,Baychester Av (5),74.8105
2025-05-05 20:00:00,444,Gun Hill Rd (5),123.7189
2025-05-05 20:00:00,445,Pelham Pkwy (5),74.4502
2025-05-05 20:00:00,446,Morris Park (5),86.8003
2025-05-05 20:00:00,447,Flushing-Main St (7),2036.4618
2025-05-05 20:00:00,448,Mets-Willets Point (7),85.5902
2025-05-05 20:00:00,449,111 St (7),488.3112
2025-05-05 20:00:00,450,103 St-Corona Plaza (7),770.4503
2025-05-05 20:00:00,451,Junction Blvd (7),876.9619
2025-05-05 20:00:00,452,90 St-Elmhurst Av (7),741.1438
2025-05-05 20:00:00,453,82 St-Jackson Hts (7),470.6436
2025-05-05 20:00:00,455,69 St (7),258.3527
2025-05-05 20:00:00,456,61 St-Woodside (7),604.4959
2025-05-05 20:00:00,457,52 St (7),300.60179999999997
2025-05-05 20:00:00,458,46 St-Bliss St (7),519.3356
2025-05-05 20:00:00,459,40 St-Lowery St (7),353.322
2025-05-05 20:00:00,460,33 St-Rawson St (7),100.4267
2025-05-05 20:00:00,461,"Queensboro Plaza (7,N,W)",510.0615
2025-05-05 20:00:00,463,Hunters Point Av (7),88.1057
2025-05-05 20:00:00,464,Vernon Blvd-Jackson Av (7),610.7667
2025-05-05 20:00:00,471,34 St-Hudson Yards (7),434.1437
2025-05-05 20:00:00,475,96 St (Q),500.8047
2025-05-05 20:00:00,476,86 St (Q),722.0756
2025-05-05 20:00:00,477,72 St (Q),612.6476
2025-05-05 20:00:00,601,"14 St (F,M,1,2,3)/6 Av (L)",887.5072
2025-05-05 20:00:00,602,"14 St-Union Sq (L,N,Q,R,W,4,5,6)",1636.042
2025-05-05 20:00:00,603,"149 St-Grand Concourse (2,4,5)",224.8129
2025-05-05 20:00:00,604,"161 St-Yankee Stadium (B,D,4)",574.3477
2025-05-05 20:00:00,605,"168 St (A,C,1)",592.7686
2025-05-05 20:00:00,606,"Court Sq (E,G,M,7)",760.7175
2025-05-05 20:00:00,607,"34 St-Herald Sq (B,D,F,M,N,Q,R,W)",1844.6321
2025-05-05 20:00:00,608,"4 Av (F,G)/9 St (R)",331.4821
2025-05-05 20:00:00,609,"Bryant Pk (B,D,F,M)/5 Av (7)",672.9303
2025-05-05 20:00:00,610,"Grand Central-42 St (S,4,5,6,7)",2302.6677
2025-05-05 20:00:00,611,"Times Sq-42 St (N,Q,R,W,S,1,2,3,7)/42 St (A,C,E)",4331.5392
2025-05-05 20:00:00,612,"Lexington Av-53 St (E,M)/51 St (6)",847.9322
2025-05-05 20:00:00,613,"Lexington Av (N,R,W)/59 St (4,5,6)",657.0948
2025-05-05 20:00:00,614,"59 St-Columbus Circle (A,B,C,D,1)",1178.3237
2025-05-05 20:00:00,615,New Utrecht Av (N)/62 St (D),148.8958
2025-05-05 20:00:00,616,"74-Broadway (7)/Jackson Hts-Roosevelt Av (E,F,M,R)",2013.2322
2025-05-05 20:00:00,617,"Atlantic Av-Barclays Ctr (B,D,N,Q,R,2,3,4,5)",964.2093
2025-05-05 20:00:00,618,"14 St (A,C,E)/8 Av (L)",874.9284
2025-05-05 20:00:00,619,"Broadway-Lafayette St (B,D,F,M)/Bleecker St (6)",683.9059
2025-05-05 20:00:00,620,"Court St (R)/Borough Hall (2,3,4,5)",457.5521
2025-05-05 20:00:00,621,"Broadway Junction (A,C,J,L,Z)",230.1958
2025-05-05 20:00:00,622,"Brooklyn Bridge-City Hall (4,5,6)/Chambers St (J,Z)",366.1653
2025-05-05 20:00:00,623,"Canal St (J,N,Q,R,W,Z,6)",650.0941
2025-05-05 20:00:00,624,"Chambers St (A,C)/WTC (E)/Park Pl (2,3)/Cortlandt (R,W)",836.6902
2025-05-05 20:00:00,625,"Delancey St (F)/Essex St (J,M,Z)",839.0059
2025-05-05 20:00:00,626,"Franklin Av (2,3,4,5)/Botanic Garden (S)",523.9956999999999
2025-05-05 20:00:00,627,"Franklin Av (C,S)",221.4633
2025-05-05 20:00:00,628,"Fulton St (A,C,J,Z,2,3,4,5)",1497.2185
2025-05-05 20:00:00,629,Lorimer St (L)/Metropolitan Av (G),696.3124
2025-05-05 20:00:00,630,"Myrtle-Wyckoff Avs (L,M)",830.3123
2025-05-05 20:00:00,635,"South Ferry (1)/Whitehall St (R,W)",486.34610000000004
2025-05-05 20:00:00,636,"Jay St-MetroTech (A,C,F,R)",594.349
2025-05-05 21:00:00,1,"Astoria-Ditmars Blvd (N,W)",378.451
2025-05-05 21:00:00,2,"Astoria Blvd (N,W)",310.9119
2025-05-05 21:00:00,3,"30 Av (N,W)",407.2994
2025-05-05 21:00:00,4,"Broadway (N,W)",389.9233
2025-05-05 21:00:00,5,"36 Av (N,W)",180.7543
2025-05-05 21:00:00,6,"39 Av-Dutch Kills (N,W)",138.0804
2025-05-05 21:00:00,8,"5 Av/59 St (N,R,W)",119.3316
2025-05-05 21:00:00,9,"57 St-7 Av (N,Q,R,W)",452.48969999999997
2025-05-05 21:00:00,10,"49 St (N,R,W)",536.3193
2025-05-05 21:00:00,13,"28 St (R,W)",225.8459
2025-05-05 21:00:00,14,"23 St (R,W)",217.5728
2025-05-05 21:00:00,16,"8 St-NYU (R,W)",258.1907
2025-05-05 21:00:00,17,"Prince St (R,W)",114.9139
2025-05-05 21:00:00,20,"City Hall (R,W)",42.9297
2025-05-05 21:00:00,22,"Rector St (R,W)",87.4355
2025-05-05 21:00:00,26,"DeKalb Av (B,Q,R)",425.36129999999997
2025-05-05 21:00:00,28,Union St (R),159.6804
2025-05-05 21:00:00,30,Prospect Av (R),161.9542
2025-05-05 21:00:00,31,25 St (R),93.8118
2025-05-05 21:00:00,32,"36 St (D,N,R)",300.6145
2025-05-05 21:00:00,33,45 St (R),203.5576
2025-05-05 21:00:00,34,53 St (R),249.7793
2025-05-05 21:00:00,35,"59 St (N,R)",381.8946
2025-05-05 21:00:00,36,Bay Ridge Av (R),199.7432
2025-05-05 21:00:00,37,77 St (R),133.0963
2025-05-05 21:00:00,38,86 St (R),226.6444
2025-05-05 21:00:00,39,Bay Ridge-95 St (R),125.8483
2025-05-05 21:00:00,41,"7 Av (B,Q)",262.5292
2025-05-05 21:00:00,42,"Prospect Park (B,Q,S)",304.0181
2025-05-05 21:00:00,43,Parkside Av (Q),212.5112
2025-05-05 21:00:00,44,"Church Av (B,Q)",408.1133
2025-05-05 21:00:00,45,Beverley Rd (Q),119.71260000000001
2025-05-05 21:00:00,46,Cortelyou Rd (Q),197.1402
2025-05-05 21:00:00,47,"Newkirk Plaza (B,Q)",268.308
2025-05-05 21:00:00,48,Avenue H (Q),74.4119
2025-05-05 21:00:00,49,Avenue J (Q),120.1587
2025-05-05 21:00:00,50,Avenue M (Q),135.1671
2025-05-05 21:00:00,51,"Kings Hwy (B,Q)",393.6548
2025-05-05 21:00:00,52,Avenue U (Q),156.96269999999998
2025-05-05 21:00:00,53,Neck Rd (Q),102.7229
2025-05-05 21:00:00,54,"Sheepshead Bay (B,Q)",213.7225
2025-05-05 21:00:00,55,"Brighton Beach (B,Q)",199.08769999999998
2025-05-05 21:00:00,56,Ocean Pkwy (Q),41.4074
2025-05-05 21:00:00,57,"W 8 St-NY Aquarium (F,Q)",26.1069
2025-05-05 21:00:00,58,"Coney Island-Stillwell Av (D,F,N,Q)",239.69989999999999
2025-05-05 21:00:00,59,9 Av (D),179.4719
2025-05-05 21:00:00,60,Fort Hamilton Pkwy (D),109.8372
2025-05-05 21:00:00,61,50 St (D),64.9899
2025-05-05 21:00:00,62,55 St (D),28.366799999999998
2025-05-05 21:00:00,64,71 St (D),140.9202
2025-05-05 21:00:00,65,79 St (D),189.0006
2025-05-05 21:00:00,66,18 Av (D),141.3713
2025-05-05 21:00:00,67,20 Av (D),125.2638
2025-05-05 21:00:00,68,Bay Pkwy (D),162.5635
2025-05-05 21:00:00,69,25 Av (D),94.6735
2025-05-05 21:00:00,70,Bay 50 St (D),65.50880000000001
2025-05-05 21:00:00,71,8 Av (N),284.47429999999997
2025-05-05 21:00:00,72,Fort Hamilton Pkwy (N),201.6897
2025-05-05 21:00:00,74,18 Av (N),128.7294
2025-05-05 21:00:00,75,20 Av (N),115.7967
2025-05-05 21:00:00,76,Bay Pkwy (N),189.5683
2025-05-05 21:00:00,77,Kings Hwy (N),149.222
2025-05-05 21:00:00,78,Avenue U (N),90.8266
2025-05-05 21:00:00,79,86 St (N),58.2775
2025-05-05 21:00:00,80,"121 St (J,Z)",49.7739
2025-05-05 21:00:00,81,111 St (J),47.8153
2025-05-05 21:00:00,82,"104 St (J,Z)",70.0392
2025-05-05 21:00:00,83,"Woodhaven Blvd (J,Z)",110.6695
2025-05-05 21:00:00,84,85 St-Forest Pkwy (J),51.9042
2025-05-05 21:00:00,85,"75 St-Elderts Ln (J,Z)",107.2086
2025-05-05 21:00:00,86,Cypress Hills (J),9.3133
2025-05-05 21:00:00,87,"Crescent St (J,Z)",102.2708
2025-05-05 21:00:00,88,"Norwood Av (J,Z)",52.934200000000004
2025-05-05 21:00:00,89,Cleveland St (J),45.3486
2025-05-05 21:00:00,90,"Van Siclen Av (J,Z)",64.2997
2025-05-05 21:00:00,91,Alabama Av (J),28.166900000000002
2025-05-05 21:00:00,93,"Chauncey St (J,Z)",110.6093
2025-05-05 21:00:00,94,Halsey St (J),211.222
2025-05-05 21:00:00,95,"Gates Av (J,Z)",227.716
2025-05-05 21:00:00,96,Kosciuszko St (J),199.9503
2025-05-05 21:00:00,97,"Myrtle Av (M,J,Z)",390.9891
2025-05-05 21:00:00,98,"Flushing Av (M,J)",166.08
2025-05-05 21:00:00,99,"Lorimer St (M,J)",118.2533
2025-05-05 21:00:00,100,"Hewes St (M,J)",82.2635
2025-05-05 21:00:00,101,"Marcy Av (M,J,Z)",245.7681
2025-05-05 21:00:00,103,"Bowery (J,Z)",65.1378
2025-05-05 21:00:00,107,"Broad St (J,Z)",70.0469
2025-05-05 21:00:00,108,Middle Village-Metropolitan Av (M),56.6939
2025-05-05 21:00:00,109,Fresh Pond Rd (M),148.8338
2025-05-05 21:00:00,110,Forest Av (M),118.6358
2025-05-05 21:00:00,111,Seneca Av (M),97.76180000000001
2025-05-05 21:00:00,113,Knickerbocker Av (M),119.4826
2025-05-05 21:00:00,114,Central Av (M),131.1416
2025-05-05 21:00:00,118,3 Av (L),128.3469
2025-05-05 21:00:00,119,1 Av (L),635.9313
2025-05-05 21:00:00,120,Bedford Av (L),888.574
2025-05-05 21:00:00,122,Graham Av (L),296.7815
2025-05-05 21:00:00,123,Grand St (L),165.3273
2025-05-05 21:00:00,124,Montrose Av (L),253.2764
2025-05-05 21:00:00,125,Morgan Av (L),251.6129
2025-05-05 21:00:00,126,Jefferson St (L),297.057
2025-05-05 21:00:00,127,DeKalb Av (L),436.3228
2025-05-05 21:00:00,129,Halsey St (L),281.5448
2025-05-05 21:00:00,130,Wilson Av (L),190.3084
2025-05-05 21:00:00,131,Bushwick Av-Aberdeen St (L),93.0693
2025-05-05 21:00:00,133,Atlantic Av (L),52.4322
2025-05-05 21:00:00,134,Sutter Av (L),58.388
2025-05-05 21:00:00,135,Livonia Av (L),61.2419
2025-05-05 21:00:00,136,New Lots Av (L),75.0984
2025-05-05 21:00:00,137,East 105 St (L),46.5815
2025-05-05 21:00:00,138,Canarsie-Rockaway Pkwy (L),181.8031
2025-05-05 21:00:00,141,Park Pl (S),36.7583
2025-05-05 21:00:00,143,Inwood-207 St (A),212.7633
2025-05-05 21:00:00,144,Dyckman St (A),191.7862
2025-05-05 21:00:00,145,190 St (A),145.1891
2025-05-05 21:00:00,146,181 St (A),347.0957
2025-05-05 21:00:00,147,175 St (A),270.8038
2025-05-05 21:00:00,149,163 St-Amsterdam Av (C),129.1027
2025-05-05 21:00:00,150,155 St (C),85.9246
2025-05-05 21:00:00,151,"145 St (A,C,B,D)",659.1393
2025-05-05 21:00:00,152,"135 St (C,B)",128.1068
2025-05-05 21:00:00,153,"125 St (A,C,B,D)",625.9585
2025-05-05 21:00:00,154,"116 St (C,B)",182.4614
2025-05-05 21:00:00,155,"Cathedral Pkwy (110 St) (C,B)",254.3085
2025-05-05 21:00:00,156,"103 St (C,B)",156.8718
2025-05-05 21:00:00,157,"96 St (C,B)",189.8135
2025-05-05 21:00:00,158,"86 St (C,B)",208.3275
2025-05-05 21:00:00,159,"81 St-Museum of Natural History (C,B)",206.8689
2025-05-05 21:00:00,160,"72 St (C,B)",187.5938
2025-05-05 21:00:00,162,"50 St (C,E)",495.6136
2025-05-05 21:00:00,164,"34 St-Penn Station (A,C,E)",1160.9811
2025-05-05 21:00:00,165,"23 St (C,E)",333.6952
2025-05-05 21:00:00,167,"W 4 St-Wash Sq (A,C,E,B,D,F,M)",810.3281000000001
2025-05-05 21:00:00,168,"Spring St (C,E)",134.6471
2025-05-05 21:00:00,169,"Canal St (A,C,E)",190.1738
2025-05-05 21:00:00,173,"High St (A,C)",181.13920000000002
2025-05-05 21:00:00,175,"Hoyt-Schermerhorn Sts (A,C,G)",211.8308
2025-05-05 21:00:00,176,Lafayette Av (C),113.3556
2025-05-05 21:00:00,177,Clinton-Washington Avs (C),220.3661
2025-05-05 21:00:00,179,"Nostrand Av (A,C)",570.137
2025-05-05 21:00:00,180,Kingston-Throop Avs (C),225.8469
2025-05-05 21:00:00,181,"Utica Av (A,C)",445.7159
2025-05-05 21:00:00,182,Ralph Av (C),143.5473
2025-05-05 21:00:00,183,Rockaway Av (C),160.4285
2025-05-05 21:00:00,185,Liberty Av (C),43.6164
2025-05-05 21:00:00,186,Van Siclen Av (C),59.7733
2025-05-05 21:00:00,187,Shepherd Av (C),61.8462
2025-05-05 21:00:00,188,"Euclid Av (A,C)",248.6335
2025-05-05 21:00:00,189,Grant Av (A),137.794
2025-05-05 21:00:00,190,80 St (A),101.2343
2025-05-05 21:00:00,191,88 St (A),78.3733
2025-05-05 21:00:00,192,Rockaway Blvd (A),160.5288
2025-05-05 21:00:00,193,104 St (A),34.2063
2025-05-05 21:00:00,194,111 St (A),37.7819
2025-05-05 21:00:00,195,Ozone Park-Lefferts Blvd (A),116.431
2025-05-05 21:00:00,196,Aqueduct Racetrack (A),10.4429
2025-05-05 21:00:00,197,Aqueduct-N Conduit Av (A),13.7439
2025-05-05 21:00:00,198,Howard Beach-JFK Airport (A),126.2955
2025-05-05 21:00:00,199,"Broad Channel (A,S)",2.3613
2025-05-05 21:00:00,200,"Beach 90 St (A,S)",6.3419
2025-05-05 21:00:00,201,"Beach 98 St (A,S)",3.129
2025-05-05 21:00:00,202,"Beach 105 St (A,S)",0.25
2025-05-05 21:00:00,203,"Rockaway Park-Beach 116 St (A,S)",7.0127999999999995
2025-05-05 21:00:00,204,Beach 67 St (A),18.0702
2025-05-05 21:00:00,205,Beach 60 St (A),14.412799999999999
2025-05-05 21:00:00,206,Beach 44 St (A),8.3606
2025-05-05 21:00:00,207,Beach 36 St (A),7.2095
2025-05-05 21:00:00,208,Beach 25 St (A),13.657
2025-05-05 21:00:00,209,Far Rockaway-Mott Av (A),35.5754
2025-05-05 21:00:00,210,Norwood-205 St (D),144.8169
2025-05-05 21:00:00,211,"Bedford Park Blvd (B,D)",157.2235
2025-05-05 21:00:00,212,"Kingsbridge Rd (B,D)",141.1983
2025-05-05 21:00:00,213,"Fordham Rd (B,D)",173.6848
2025-05-05 21:00:00,214,"182-183 Sts (B,D)",98.4803
2025-05-05 21:00:00,215,"Tremont Av (B,D)",176.8679
2025-05-05 21:00:00,216,"174-175 Sts (B,D)",108.0508
2025-05-05 21:00:00,217,"170 St (B,D)",129.6322
2025-05-05 21:00:00,218,"167 St (B,D)",181.6985
2025-05-05 21:00:00,220,"155 St (B,D)",59.8935
2025-05-05 21:00:00,221,21 St-Queensbridge (F),368.7723
2025-05-05 21:00:00,222,Roosevelt Island (F),253.3734
2025-05-05 21:00:00,223,"Lexington Av/63 St (F,Q)",269.2771
2025-05-05 21:00:00,224,57 St (F),205.7307
2025-05-05 21:00:00,225,"47-50 Sts-Rockefeller Ctr (B,D,F,M)",496.1905
2025-05-05 21:00:00,228,"23 St (F,M)",300.6103
2025-05-05 21:00:00,231,"Grand St (B,D)",334.4283
2025-05-05 21:00:00,232,2 Av (F),345.6633
2025-05-05 21:00:00,234,East Broadway (F),320.8908
2025-05-05 21:00:00,235,York St (F),216.6661
2025-05-05 21:00:00,236,"Bergen St (F,G)",213.493
2025-05-05 21:00:00,237,"Carroll St (F,G)",215.3934
2025-05-05 21:00:00,238,"Smith-9 Sts (F,G)",61.5247
2025-05-05 21:00:00,240,"7 Av (F,G)",245.1094
2025-05-05 21:00:00,241,"15 St-Prospect Park (F,G)",145.9011
2025-05-05 21:00:00,242,"Fort Hamilton Pkwy (F,G)",137.3327
2025-05-05 21:00:00,243,"Church Av (F,G)",219.5617
2025-05-05 21:00:00,244,Ditmas Av (F),98.9057
2025-05-05 21:00:00,245,18 Av (F),68.4611
2025-05-05 21:00:00,246,Avenue I (F),26.2745
2025-05-05 21:00:00,247,Bay Pkwy (F),14.432500000000001
2025-05-05 21:00:00,248,Avenue N (F),52.3034
2025-05-05 21:00:00,249,Avenue P (F),53.9577
2025-05-05 21:00:00,250,Kings Hwy (F),62.825
2025-05-05 21:00:00,251,Avenue U (F),26.7711
2025-05-05 21:00:00,252,Avenue X (F),52.521499999999996
2025-05-05 21:00:00,253,Neptune Av (F),17.2213
2025-05-05 21:00:00,254,Jamaica-179 St (F),381.986
2025-05-05 21:00:00,255,169 St (F),194.5019
2025-05-05 21:00:00,256,Parsons Blvd (F),169.1394
2025-05-05 21:00:00,257,Sutphin Blvd (F),84.2002
2025-05-05 21:00:00,258,"Briarwood (E,F)",122.7389
2025-05-05 21:00:00,259,"Kew Gardens-Union Tpke (E,F)",458.8916
2025-05-05 21:00:00,260,"75 Av (E,F)",70.5348
2025-05-05 21:00:00,261,"Forest Hills-71 Av (E,F,M,R)",460.6896
2025-05-05 21:00:00,262,"67 Av (M,R)",174.8437
2025-05-05 21:00:00,263,"63 Dr-Rego Park (M,R)",276.2024
2025-05-05 21:00:00,264,"Woodhaven Blvd (M,R)",415.1491
2025-05-05 21:00:00,265,"Grand Av-Newtown (M,R)",578.097
2025-05-05 21:00:00,266,"Elmhurst Av (M,R)",486.8734
2025-05-05 21:00:00,268,"65 St (M,R)",91.2614
2025-05-05 21:00:00,269,"Northern Blvd (M,R)",187.1597
2025-05-05 21:00:00,270,"46 St (M,R)",230.3033
2025-05-05 21:00:00,271,"Steinway St (M,R)",335.7487
2025-05-05 21:00:00,272,"36 St (M,R)",57.1086
2025-05-05 21:00:00,273,"Queens Plaza (E,M,R)",445.6187
2025-05-05 21:00:00,276,"5 Av/53 St (E,M)",93.702
2025-05-05 21:00:00,277,"7 Av (E,B,D)",315.9407
2025-05-05 21:00:00,278,"Jamaica Center-Parsons/Archer (E,J,Z)",526.0381
2025-05-05 21:00:00,279,"Sutphin Blvd-Archer Av-JFK Airport (E,J,Z)",556.8806
2025-05-05 21:00:00,280,Jamaica-Van Wyck (E),95.5108
2025-05-05 21:00:00,282,21 St (G),33.6564
2025-05-05 21:00:00,283,Greenpoint Av (G),232.0512
2025-05-05 21:00:00,284,Nassau Av (G),201.9847
2025-05-05 21:00:00,286,Broadway (G),100.9804
2025-05-05 21:00:00,287,Flushing Av (G),55.2696
2025-05-05 21:00:00,288,Myrtle-Willoughby Avs (G),154.008
2025-05-05 21:00:00,289,Bedford-Nostrand Avs (G),287.8067
2025-05-05 21:00:00,290,Classon Av (G),159.0775
2025-05-05 21:00:00,291,Clinton-Washington Avs (G),144.4334
2025-05-05 21:00:00,292,Fulton St (G),77.8742
2025-05-05 21:00:00,293,Van Cortlandt Park-242 St (1),108.7044
2025-05-05 21:00:00,294,238 St (1),89.7024
2025-05-05 21:00:00,295,231 St (1),175.6133
2025-05-05 21:00:00,296,Marble Hill-225 St (1),102.8242
2025-05-05 21:00:00,297,215 St (1),41.8981
2025-05-05 21:00:00,298,207 St (1),122.4147
2025-05-05 21:00:00,299,Dyckman St (1),163.6422
2025-05-05 21:00:00,300,191 St (1),202.4289
2025-05-05 21:00:00,301,181 St (1),250.7499
2025-05-05 21:00:00,303,157 St (1),332.6227
2025-05-05 21:00:00,304,145 St (1),331.3235
2025-05-05 21:00:00,305,137 St-City College (1),370.4486
2025-05-05 21:00:00,306,125 St (1),248.1553
2025-05-05 21:00:00,307,116 St-Columbia University (1),341.8515
2025-05-05 21:00:00,308,Cathedral Pkwy (110 St) (1),387.8445
2025-05-05 21:00:00,309,103 St (1),404.00440000000003
2025-05-05 21:00:00,310,"96 St (1,2,3)",849.2369
2025-05-05 21:00:00,311,86 St (1),351.2751
2025-05-05 21:00:00,312,79 St (1),320.6027
2025-05-05 21:00:00,313,"72 St (1,2,3)",764.1274
2025-05-05 21:00:00,314,66 St-Lincoln Center (1),296.5609
2025-05-05 21:00:00,316,50 St (1),429.898
2025-05-05 21:00:00,318,"34 St-Penn Station (1,2,3)",959.7145
2025-05-05 21:00:00,319,28 St (1),252.0855
2025-05-05 21:00:00,320,23 St (1),222.1263
2025-05-05 21:00:00,321,18 St (1),99.6098
2025-05-05 21:00:00,323,Christopher St-Sheridan Sq (1),257.9951
2025-05-05 21:00:00,324,Houston St (1),150.4709
2025-05-05 21:00:00,325,Canal St (1),57.5342
2025-05-05 21:00:00,326,Franklin St (1),64.6031
2025-05-05 21:00:00,327,"Chambers St (1,2,3)",173.8089
2025-05-05 21:00:00,328,WTC Cortlandt (1),282.9854
2025-05-05 21:00:00,329,Rector St (1),164.4586
2025-05-05 21:00:00,333,"Wall St (2,3)",272.7497
2025-05-05 21:00:00,334,"Clark St (2,3)",149.4262
2025-05-05 21:00:00,336,"Hoyt St (2,3)",111.3574
2025-05-05 21:00:00,337,"Nevins St (2,3,4,5)",166.8036
2025-05-05 21:00:00,339,"Bergen St (2,3)",115.2624
2025-05-05 21:00:00,340,"Grand Army Plaza (2,3)",159.3476
2025-05-05 21:00:00,341,"Eastern Pkwy-Brooklyn Museum (2,3)",118.9765
2025-05-05 21:00:00,343,Nostrand Av (3),105.069
2025-05-05 21:00:00,344,Kingston Av (3),125.3602
2025-05-05 21:00:00,345,"Crown Hts-Utica Av (3,4)",566.745
2025-05-05 21:00:00,346,Sutter Av-Rutland Rd (3),129.2957
2025-05-05 21:00:00,347,Saratoga Av (3),108.2475
2025-05-05 21:00:00,348,Rockaway Av (3),94.39659999999999
2025-05-05 21:00:00,349,Junius St (3),44.3754
2025-05-05 21:00:00,350,Pennsylvania Av (3),73.6971
2025-05-05 21:00:00,351,Van Siclen Av (3),54.7573
2025-05-05 21:00:00,352,New Lots Av (3),109.0669
2025-05-05 21:00:00,353,"President St-Medgar Evers College (2,5)",100.6685
2025-05-05 21:00:00,354,"Sterling St (2,5)",163.3804
2025-05-05 21:00:00,355,"Winthrop St (2,5)",196.6975
2025-05-05 21:00:00,356,"Church Av (2,5)",238.919
2025-05-05 21:00:00,357,"Beverly Rd (2,5)",113.60249999999999
2025-05-05 21:00:00,358,"Newkirk Av-Little Haiti (2,5)",165.8001
2025-05-05 21:00:00,359,"Flatbush Av-Brooklyn College (2,5)",364.9616
2025-05-05 21:00:00,360,Pelham Bay Park (6),64.2544
2025-05-05 21:00:00,361,Buhre Av (6),62.4273
2025-05-05 21:00:00,362,Middletown Rd (6),37.0143
2025-05-05 21:00:00,363,Westchester Sq-E Tremont Av (6),66.3889
2025-05-05 21:00:00,364,Zerega Av (6),44.418
2025-05-05 21:00:00,365,Castle Hill Av (6),137.1552
2025-05-05 21:00:00,366,Parkchester (6),277.5595
2025-05-05 21:00:00,367,St Lawrence Av (6),107.76480000000001
2025-05-05 21:00:00,368,Morrison Av-Soundview (6),139.3941
2025-05-05 21:00:00,369,Elder Av (6),162.4985
2025-05-05 21:00:00,370,Whitlock Av (6),31.1089
2025-05-05 21:00:00,371,Hunts Point Av (6),186.3556
2025-05-05 21:00:00,372,Longwood Av (6),58.632
2025-05-05 21:00:00,373,E 149 St (6),118.2752
2025-05-05 21:00:00,374,E 143 St-St Mary's St (6),56.2333
2025-05-05 21:00:00,375,Cypress Av (6),56.8688
2025-05-05 21:00:00,376,Brook Av (6),104.0655
2025-05-05 21:00:00,377,3 Av-138 St (6),151.6848
2025-05-05 21:00:00,378,Woodlawn (4),106.07469999999999
2025-05-05 21:00:00,379,Mosholu Pkwy (4),120.7075
2025-05-05 21:00:00,380,Bedford Park Blvd-Lehman College (4),97.8939
2025-05-05 21:00:00,381,Kingsbridge Rd (4),168.2365
2025-05-05 21:00:00,382,Fordham Rd (4),187.536
2025-05-05 21:00:00,383,183 St (4),121.7079
2025-05-05 21:00:00,384,Burnside Av (4),179.0357
2025-05-05 21:00:00,385,176 St (4),122.0766
2025-05-05 21:00:00,386,Mt Eden Av (4),91.8547
2025-05-05 21:00:00,387,170 St (4),161.9144
2025-05-05 21:00:00,388,167 St (4),204.4211
2025-05-05 21:00:00,391,"138 St-Grand Concourse (4,5)",76.0148
2025-05-05 21:00:00,392,"125 St (4,5,6)",421.2802
2025-05-05 21:00:00,393,116 St (6),301.7976
2025-05-05 21:00:00,394,110 St (6),230.2363
2025-05-05 21:00:00,395,103 St (6),239.1375
2025-05-05 21:00:00,396,96 St (6),252.748
2025-05-05 21:00:00,397,"86 St (4,5,6)",636.3691
2025-05-05 21:00:00,398,77 St (6),355.5927
2025-05-05 21:00:00,399,68 St-Hunter College (6),204.9637
2025-05-05 21:00:00,403,33 St (6),405.19689999999997
2025-05-05 21:00:00,404,28 St (6),312.01550000000003
2025-05-05 21:00:00,405,23 St (6),311.6766
2025-05-05 21:00:00,407,Astor Pl (6),287.8381
2025-05-05 21:00:00,409,Spring St (6),165.6922
2025-05-05 21:00:00,413,"Wall St (4,5)",223.0854
2025-05-05 21:00:00,414,"Bowling Green (4,5)",277.4114
2025-05-05 21:00:00,416,Wakefield-241 St (2),63.14
2025-05-05 21:00:00,417,"Nereid Av (2,5)",45.1777
2025-05-05 21:00:00,418,"233 St (2,5)",66.105
2025-05-05 21:00:00,419,"225 St (2,5)",60.3249
2025-05-05 21:00:00,420,"219 St (2,5)",52.3194
2025-05-05 21:00:00,421,"Gun Hill Rd (2,5)",98.815
2025-05-05 21:00:00,422,"Burke Av (2,5)",51.6758
2025-05-05 21:00:00,423,"Allerton Av (2,5)",85.6654
2025-05-05 21:00:00,424,"Pelham Pkwy (2,5)",132.60660000000001
2025-05-05 21:00:00,425,"Bronx Park East (2,5)",42.3731
2025-05-05 21:00:00,426,"E 180 St (2,5)",175.319
2025-05-05 21:00:00,427,"West Farms Sq-E Tremont Av (2,5)",111.9726
2025-05-05 21:00:00,428,"174 St (2,5)",122.2092
2025-05-05 21:00:00,429,"Freeman St (2,5)",99.7444
2025-05-05 21:00:00,430,"Simpson St (2,5)",151.67170000000002
2025-05-05 21:00:00,431,"Intervale Av (2,5)",62.392
2025-05-05 21:00:00,432,"Prospect Av (2,5)",144.3971
2025-05-05 21:00:00,433,"Jackson Av (2,5)",109.7747
2025-05-05 21:00:00,434,"3 Av-149 St (2,5)",363.4896
2025-05-05 21:00:00,436,Harlem-148 St (3),76.7901
2025-05-05 21:00:00,437,145 St (3),66.9021
2025-05-05 21:00:00,438,"135 St (2,3)",255.1067
2025-05-05 21:00:00,439,"125 St (2,3)",259.2744
2025-05-05 21:00:00,440,"116 St (2,3)",226.9458
2025-05-05 21:00:00,441,"Central Park North (110 St) (2,3)",202.4555
2025-05-05 21:00:00,442,Eastchester-Dyre Av (5),59.5187
2025-05-05 21:00:00,443,Baychester Av (5),44.9256
2025-05-05 21:00:00,444,Gun Hill Rd (5),85.6212
2025-05-05 21:00:00,445,Pelham Pkwy (5),44.7602
2025-05-05 21:00:00,446,Morris Park (5),52.5494
2025-05-05 21:00:00,447,Flushing-Main St (7),1531.8503
2025-05-05 21:00:00,448,Mets-Willets Point (7),69.2501
2025-05-05 21:00:00,449,111 St (7),454.0268
2025-05-05 21:00:00,450,103 St-Corona Plaza (7),598.8768
2025-05-05 21:00:00,451,Junction Blvd (7),770.574
2025-05-05 21:00:00,452,90 St-Elmhurst Av (7),579.4234
2025-05-05 21:00:00,453,82 St-Jackson Hts (7),390.7296
2025-05-05 21:00:00,455,69 St (7),211.5472
2025-05-05 21:00:00,456,61 St-Woodside (7),429.42
2025-05-05 21:00:00,457,52 St (7),213.6643
2025-05-05 21:00:00,458,46 St-Bliss St (7),385.7312
2025-05-05 21:00:00,459,40 St-Lowery St (7),285.2852
2025-05-05 21:00:00,460,33 St-Rawson St (7),75.0911
2025-05-05 21:00:00,461,"Queensboro Plaza (7,N,W)",432.4972
2025-05-05 21:00:00,463,Hunters Point Av (7),84.8357
2025-05-05 21:00:00,464,Vernon Blvd-Jackson Av (7),475.4378
2025-05-05 21:00:00,471,34 St-Hudson Yards (7),355.4565
2025-05-05 21:00:00,475,96 St (Q),384.9955
2025-05-05 21:00:00,476,86 St (Q),566.5741
2025-05-05 21:00:00,477,72 St (Q),455.6734
2025-05-05 21:00:00,601,"14 St (F,M,1,2,3)/6 Av (L)",661.1808
2025-05-05 21:00:00,602,"14 St-Union Sq (L,N,Q,R,W,4,5,6)",1124.99
2025-05-05 21:00:00,603,"149 St-Grand Concourse (2,4,5)",185.6825
2025-05-05 21:00:00,604,"161 St-Yankee Stadium (B,D,4)",425.411
2025-05-05 21:00:00,605,"168 St (A,C,1)",513.6563
2025-05-05 21:00:00,606,"Court Sq (E,G,M,7)",601.6212
2025-05-05 21:00:00,607,"34 St-Herald Sq (B,D,F,M,N,Q,R,W)",1401.9304
2025-05-05 21:00:00,608,"4 Av (F,G)/9 St (R)",293.654
2025-05-05 21:00:00,609,"Bryant Pk (B,D,F,M)/5 Av (7)",557.1749
2025-05-05 21:00:00,610,"Grand Central-42 St (S,4,5,6,7)",1837.2612
2025-05-05 21:00:00,611,"Times Sq-42 St (N,Q,R,W,S,1,2,3,7)/42 St (A,C,E)",3344.6065
2025-05-05 21:00:00,612,"Lexington Av-53 St (E,M)/51 St (6)",703.0213
2025-05-05 21:00:00,613,"Lexington Av (N,R,W)/59 St (4,5,6)",552.4350000000001
2025-05-05 21:00:00,614,"59 St-Columbus Circle (A,B,C,D,1)",1033.898
2025-05-05 21:00:00,615,New Utrecht Av (N)/62 St (D),113.3352
2025-05-05 21:00:00,616,"74-Broadway (7)/Jackson Hts-Roosevelt Av (E,F,M,R)",1576.1636
2025-05-05 21:00:00,617,"Atlantic Av-Barclays Ctr (B,D,N,Q,R,2,3,4,5)",672.33
2025-05-05 21:00:00,618,"14 St (A,C,E)/8 Av (L)",699.8131
2025-05-05 21:00:00,619,"Broadway-Lafayette St (B,D,F,M)/Bleecker St (6)",500.7891
2025-05-05 21:00:00,620,"Court St (R)/Borough Hall (2,3,4,5)",348.8841
2025-05-05 21:00:00,621,"Broadway Junction (A,C,J,L,Z)",167.1798
2025-05-05 21:00:00,622,"Brooklyn Bridge-City Hall (4,5,6)/Chambers St (J,Z)",278.233
2025-05-05 21:00:00,623,"Canal St (J,N,Q,R,W,Z,6)",458.4687
2025-05-05 21:00:00,624,"Chambers St (A,C)/WTC (E)/Park Pl (2,3)/Cortlandt (R,W)",655.4615
2025-05-05 21:00:00,625,"Delancey St (F)/Essex St (J,M,Z)",582.1025
2025-05-05 21:00:00,626,"Franklin Av (2,3,4,5)/Botanic Garden (S)",449.6368
2025-05-05 21:00:00,627,"Franklin Av (C,S)",167.8304
2025-05-05 21:00:00,628,"Fulton St (A,C,J,Z,2,3,4,5)",1220.4812
2025-05-05 21:00:00,629,Lorimer St (L)/Metropolitan Av (G),528.1965
2025-05-05 21:00:00,630,"Myrtle-Wyckoff Avs (L,M)",644.5001
2025-05-05 21:00:00,635,"South Ferry (1)/Whitehall St (R,W)",385.0829
2025-05-05 21:00:00,636,"Jay St-MetroTech (A,C,F,R)",495.7296
2025-05-05 22:00:00,1,"Astoria-Ditmars Blvd (N,W)",351.1436
2025-05-05 22:00:00,2,"Astoria Blvd (N,W)",278.4583
2025-05-05 22:00:00,3,"30 Av (N,W)",337.26
2025-05-05 22:00:00,4,"Broadway (N,W)",289.2055
2025-05-05 22:00:00,5,"36 Av (N,W)",150.3519
2025-05-05 22:00:00,6,"39 Av-Dutch Kills (N,W)",113.9458
2025-05-05 22:00:00,8,"5 Av/59 St (N,R,W)",87.1842
2025-05-05 22:00:00,9,"57 St-7 Av (N,Q,R,W)",329.664
2025-05-05 22:00:00,10,"49 St (N,R,W)",334.13100000000003
2025-05-05 22:00:00,13,"28 St (R,W)",140.678
2025-05-05 22:00:00,14,"23 St (R,W)",148.6474
2025-05-05 22:00:00,16,"8 St-NYU (R,W)",164.019
2025-05-05 22:00:00,17,"Prince St (R,W)",67.4154
2025-05-05 22:00:00,20,"City Hall (R,W)",33.0097
2025-05-05 22:00:00,22,"Rector St (R,W)",55.9902
2025-05-05 22:00:00,26,"DeKalb Av (B,Q,R)",288.4314
2025-05-05 22:00:00,28,Union St (R),111.4244
2025-05-05 22:00:00,30,Prospect Av (R),102.7267
2025-05-05 22:00:00,31,25 St (R),77.0344
2025-05-05 22:00:00,32,"36 St (D,N,R)",255.9196
2025-05-05 22:00:00,33,45 St (R),206.7035
2025-05-05 22:00:00,34,53 St (R),234.7978
2025-05-05 22:00:00,35,"59 St (N,R)",316.5385
2025-05-05 22:00:00,36,Bay Ridge Av (R),142.1017
2025-05-05 22:00:00,37,77 St (R),88.7883
2025-05-05 22:00:00,38,86 St (R),170.2519
2025-05-05 22:00:00,39,Bay Ridge-95 St (R),89.3323
2025-05-05 22:00:00,41,"7 Av (B,Q)",161.0437
2025-05-05 22:00:00,42,"Prospect Park (B,Q,S)",237.3304
2025-05-05 22:00:00,43,Parkside Av (Q),155.451
2025-05-05 22:00:00,44,"Church Av (B,Q)",323.1048
2025-05-05 22:00:00,45,Beverley Rd (Q),102.989
2025-05-05 22:00:00,46,Cortelyou Rd (Q),158.8633
2025-05-05 22:00:00,47,"Newkirk Plaza (B,Q)",212.2583
2025-05-05 22:00:00,48,Avenue H (Q),54.1721
2025-05-05 22:00:00,49,Avenue J (Q),78.8675
2025-05-05 22:00:00,50,Avenue M (Q),81.2051
2025-05-05 22:00:00,51,"Kings Hwy (B,Q)",272.22090000000003
2025-05-05 22:00:00,52,Avenue U (Q),110.7235
2025-05-05 22:00:00,53,Neck Rd (Q),76.404
2025-05-05 22:00:00,54,"Sheepshead Bay (B,Q)",170.6978
2025-05-05 22:00:00,55,"Brighton Beach (B,Q)",147.2387
2025-05-05 22:00:00,56,Ocean Pkwy (Q),30.1124
2025-05-05 22:00:00,57,"W 8 St-NY Aquarium (F,Q)",17.8859
2025-05-05 22:00:00,58,"Coney Island-Stillwell Av (D,F,N,Q)",175.4039
2025-05-05 22:00:00,59,9 Av (D),181.3967
2025-05-05 22:00:00,60,Fort Hamilton Pkwy (D),88.6988
2025-05-05 22:00:00,61,50 St (D),46.7374
2025-05-05 22:00:00,62,55 St (D),18.590799999999998
2025-05-05 22:00:00,64,71 St (D),102.99759999999999
2025-05-05 22:00:00,65,79 St (D),141.52
2025-05-05 22:00:00,66,18 Av (D),105.4147
2025-05-05 22:00:00,67,20 Av (D),89.0833
2025-05-05 22:00:00,68,Bay Pkwy (D),116.2117
2025-05-05 22:00:00,69,25 Av (D),56.8558
2025-05-05 22:00:00,70,Bay 50 St (D),52.1334
2025-05-05 22:00:00,71,8 Av (N),202.2516
2025-05-05 22:00:00,72,Fort Hamilton Pkwy (N),149.2977
2025-05-05 22:00:00,74,18 Av (N),111.4711
2025-05-05 22:00:00,75,20 Av (N),76.25619999999999
2025-05-05 22:00:00,76,Bay Pkwy (N),122.88719999999999
2025-05-05 22:00:00,77,Kings Hwy (N),113.5827
2025-05-05 22:00:00,78,Avenue U (N),59.6406
2025-05-05 22:00:00,79,86 St (N),33.8058
2025-05-05 22:00:00,80,"121 St (J,Z)",43.2807
2025-05-05 22:00:00,81,111 St (J),37.5279
2025-05-05 22:00:00,82,"104 St (J,Z)",58.8379
2025-05-05 22:00:00,83,"Woodhaven Blvd (J,Z)",96.2054
2025-05-05 22:00:00,84,85 St-Forest Pkwy (J),36.7983
2025-05-05 22:00:00,85,"75 St-Elderts Ln (J,Z)",97.528
2025-05-05 22:00:00,86,Cypress Hills (J),8.0662
2025-05-05 22:00:00,87,"Crescent St (J,Z)",88.9012
2025-05-05 22:00:00,88,"Norwood Av (J,Z)",53.3814
2025-05-05 22:00:00,89,Cleveland St (J),38.4354
2025-05-05 22:00:00,90,"Van Siclen Av (J,Z)",58.8118
2025-05-05 22:00:00,91,Alabama Av (J),30.1777
2025-05-05 22:00:00,93,"Chauncey St (J,Z)",79.3435
2025-05-05 22:00:00,94,Halsey St (J),165.1441
2025-05-05 22:00:00,95,"Gates Av (J,Z)",173.0852
2025-05-05 22:00:00,96,Kosciuszko St (J),168.51
2025-05-05 22:00:00,97,"Myrtle Av (M,J,Z)",334.7236
2025-05-05 22:00:00,98,"Flushing Av (M,J)",129.1232
2025-05-05 22:00:00,99,"Lorimer St (M,J)",71.5017
2025-05-05 22:00:00,100,"Hewes St (M,J)",60.0258
2025-05-05 22:00:00,101,"Marcy Av (M,J,Z)",173.2429
2025-05-05 22:00:00,103,"Bowery (J,Z)",46.4066
2025-05-05 22:00:00,107,"Broad St (J,Z)",48.8002
2025-05-05 22:00:00,108,Middle Village-Metropolitan Av (M),54.1307
2025-05-05 22:00:00,109,Fresh Pond Rd (M),124.3964
2025-05-05 22:00:00,110,Forest Av (M),93.0679
2025-05-05 22:00:00,111,Seneca Av (M),74.1848
2025-05-05 22:00:00,113,Knickerbocker Av (M),104.5481
2025-05-05 22:00:00,114,Central Av (M),116.4282
2025-05-05 22:00:00,118,3 Av (L),73.9919
2025-05-05 22:00:00,119,1 Av (L),444.4489
2025-05-05 22:00:00,120,Bedford Av (L),639.0869
2025-05-05 22:00:00,122,Graham Av (L),225.2418
2025-05-05 22:00:00,123,Grand St (L),134.2789
2025-05-05 22:00:00,124,Montrose Av (L),207.1116
2025-05-05 22:00:00,125,Morgan Av (L),188.9373
2025-05-05 22:00:00,126,Jefferson St (L),220.3102
2025-05-05 22:00:00,127,DeKalb Av (L),369.4341
2025-05-05 22:00:00,129,Halsey St (L),243.9124
2025-05-05 22:00:00,130,Wilson Av (L),150.5302
2025-05-05 22:00:00,131,Bushwick Av-Aberdeen St (L),80.6178
2025-05-05 22:00:00,133,Atlantic Av (L),45.5801
2025-05-05 22:00:00,134,Sutter Av (L),43.7274
2025-05-05 22:00:00,135,Livonia Av (L),46.9647
2025-05-05 22:00:00,136,New Lots Av (L),71.6537
2025-05-05 22:00:00,137,East 105 St (L),47.82
2025-05-05 22:00:00,138,Canarsie-Rockaway Pkwy (L),142.9352
2025-05-05 22:00:00,141,Park Pl (S),31.8635
2025-05-05 22:00:00,143,Inwood-207 St (A),183.7929
2025-05-05 22:00:00,144,Dyckman St (A),145.4136
2025-05-05 22:00:00,145,190 St (A),101.8474
2025-05-05 22:00:00,146,181 St (A),255.8593
2025-05-05 22:00:00,147,175 St (A),213.3877
2025-05-05 22:00:00,149,163 St-Amsterdam Av (C),120.6076
2025-05-05 22:00:00,150,155 St (C),71.9604
2025-05-05 22:00:00,151,"145 St (A,C,B,D)",580.587
2025-05-05 22:00:00,152,"135 St (C,B)",107.6452
2025-05-05 22:00:00,153,"125 St (A,C,B,D)",494.3856
2025-05-05 22:00:00,154,"116 St (C,B)",150.1224
2025-05-05 22:00:00,155,"Cathedral Pkwy (110 St) (C,B)",196.0363
2025-05-05 22:00:00,156,"103 St (C,B)",115.8576
2025-05-05 22:00:00,157,"96 St (C,B)",130.3086
2025-05-05 22:00:00,158,"86 St (C,B)",139.0832
2025-05-05 22:00:00,159,"81 St-Museum of Natural History (C,B)",134.1463
2025-05-05 22:00:00,160,"72 St (C,B)",132.0731
2025-05-05 22:00:00,162,"50 St (C,E)",334.4457
2025-05-05 22:00:00,164,"34 St-Penn Station (A,C,E)",803.2909
2025-05-05 22:00:00,165,"23 St (C,E)",210.1194
2025-05-05 22:00:00,167,"W 4 St-Wash Sq (A,C,E,B,D,F,M)",482.4557
2025-05-05 22:00:00,168,"Spring St (C,E)",92.9894
2025-05-05 22:00:00,169,"Canal St (A,C,E)",139.3417
2025-05-05 22:00:00,173,"High St (A,C)",136.8732
2025-05-05 22:00:00,175,"Hoyt-Schermerhorn Sts (A,C,G)",140.8569
2025-05-05 22:00:00,176,Lafayette Av (C),83.0985
2025-05-05 22:00:00,177,Clinton-Washington Avs (C),159.2379
2025-05-05 22:00:00,179,"Nostrand Av (A,C)",427.5224
2025-05-05 22:00:00,180,Kingston-Throop Avs (C),170.8411
2025-05-05 22:00:00,181,"Utica Av (A,C)",356.4663
2025-05-05 22:00:00,182,Ralph Av (C),111.9933
2025-05-05 22:00:00,183,Rockaway Av (C),132.2031
2025-05-05 22:00:00,185,Liberty Av (C),45.1913
2025-05-05 22:00:00,186,Van Siclen Av (C),55.426
2025-05-05 22:00:00,187,Shepherd Av (C),51.6308
2025-05-05 22:00:00,188,"Euclid Av (A,C)",193.2583
2025-05-05 22:00:00,189,Grant Av (A),131.255
2025-05-05 22:00:00,190,80 St (A),105.6479
2025-05-05 22:00:00,191,88 St (A),68.6358
2025-05-05 22:00:00,192,Rockaway Blvd (A),132.0322
2025-05-05 22:00:00,193,104 St (A),24.5171
2025-05-05 22:00:00,194,111 St (A),29.0763
2025-05-05 22:00:00,195,Ozone Park-Lefferts Blvd (A),79.3068
2025-05-05 22:00:00,196,Aqueduct Racetrack (A),9.7208
2025-05-05 22:00:00,197,Aqueduct-N Conduit Av (A),11.9855
2025-05-05 22:00:00,198,Howard Beach-JFK Airport (A),89.7063
2025-05-05 22:00:00,199,"Broad Channel (A,S)",1.2597
2025-05-05 22:00:00,200,"Beach 90 St (A,S)",4.6350999999999996
2025-05-05 22:00:00,201,"Beach 98 St (A,S)",1.5829
2025-05-05 22:00:00,202,"Beach 105 St (A,S)",0.375
2025-05-05 22:00:00,203,"Rockaway Park-Beach 116 St (A,S)",4.6715
2025-05-05 22:00:00,204,Beach 67 St (A),14.902199999999999
2025-05-05 22:00:00,205,Beach 60 St (A),12.6553
2025-05-05 22:00:00,206,Beach 44 St (A),7.5127
2025-05-05 22:00:00,207,Beach 36 St (A),4.7325
2025-05-05 22:00:00,208,Beach 25 St (A),12.4433
2025-05-05 22:00:00,209,Far Rockaway-Mott Av (A),32.4698
2025-05-05 22:00:00,210,Norwood-205 St (D),145.371
2025-05-05 22:00:00,211,"Bedford Park Blvd (B,D)",144.2043
2025-05-05 22:00:00,212,"Kingsbridge Rd (B,D)",149.4009
2025-05-05 22:00:00,213,"Fordham Rd (B,D)",160.1129
2025-05-05 22:00:00,214,"182-183 Sts (B,D)",122.77159999999999
2025-05-05 22:00:00,215,"Tremont Av (B,D)",154.3673
2025-05-05 22:00:00,216,"174-175 Sts (B,D)",88.7085
2025-05-05 22:00:00,217,"170 St (B,D)",114.5632
2025-05-05 22:00:00,218,"167 St (B,D)",194.79319999999998
2025-05-05 22:00:00,220,"155 St (B,D)",53.3593
2025-05-05 22:00:00,221,21 St-Queensbridge (F),275.4185
2025-05-05 22:00:00,222,Roosevelt Island (F),177.0925
2025-05-05 22:00:00,223,"Lexington Av/63 St (F,Q)",180.5698
2025-05-05 22:00:00,224,57 St (F),157.3157
2025-05-05 22:00:00,225,"47-50 Sts-Rockefeller Ctr (B,D,F,M)",350.4722
2025-05-05 22:00:00,228,"23 St (F,M)",206.8987
2025-05-05 22:00:00,231,"Grand St (B,D)",236.6743
2025-05-05 22:00:00,232,2 Av (F),221.2176
2025-05-05 22:00:00,234,East Broadway (F),221.2421
2025-05-05 22:00:00,235,York St (F),152.4858
2025-05-05 22:00:00,236,"Bergen St (F,G)",139.92329999999998
2025-05-05 22:00:00,237,"Carroll St (F,G)",145.1932
2025-05-05 22:00:00,238,"Smith-9 Sts (F,G)",44.4123
2025-05-05 22:00:00,240,"7 Av (F,G)",161.2882
2025-05-05 22:00:00,241,"15 St-Prospect Park (F,G)",82.8421
2025-05-05 22:00:00,242,"Fort Hamilton Pkwy (F,G)",97.8449
2025-05-05 22:00:00,243,"Church Av (F,G)",181.5013
2025-05-05 22:00:00,244,Ditmas Av (F),68.3529
2025-05-05 22:00:00,245,18 Av (F),50.9012
2025-05-05 22:00:00,246,Avenue I (F),21.7533
2025-05-05 22:00:00,247,Bay Pkwy (F),15.5999
2025-05-05 22:00:00,248,Avenue N (F),35.4968
2025-05-05 22:00:00,249,Avenue P (F),36.9776
2025-05-05 22:00:00,250,Kings Hwy (F),46.5526
2025-05-05 22:00:00,251,Avenue U (F),22.127
2025-05-05 22:00:00,252,Avenue X (F),34.8273
2025-05-05 22:00:00,253,Neptune Av (F),13.3535
2025-05-05 22:00:00,254,Jamaica-179 St (F),289.2204
2025-05-05 22:00:00,255,169 St (F),152.42839999999998
2025-05-05 22:00:00,256,Parsons Blvd (F),143.8732
2025-05-05 22:00:00,257,Sutphin Blvd (F),86.9535
2025-05-05 22:00:00,258,"Briarwood (E,F)",108.64450000000001
2025-05-05 22:00:00,259,"Kew Gardens-Union Tpke (E,F)",357.3846
2025-05-05 22:00:00,260,"75 Av (E,F)",46.5355
2025-05-05 22:00:00,261,"Forest Hills-71 Av (E,F,M,R)",325.2989
2025-05-05 22:00:00,262,"67 Av (M,R)",125.6799
2025-05-05 22:00:00,263,"63 Dr-Rego Park (M,R)",203.9247
2025-05-05 22:00:00,264,"Woodhaven Blvd (M,R)",354.8187
2025-05-05 22:00:00,265,"Grand Av-Newtown (M,R)",518.2576
2025-05-05 22:00:00,266,"Elmhurst Av (M,R)",484.90409999999997
2025-05-05 22:00:00,268,"65 St (M,R)",104.88419999999999
2025-05-05 22:00:00,269,"Northern Blvd (M,R)",174.3705
2025-05-05 22:00:00,270,"46 St (M,R)",188.6313
2025-05-05 22:00:00,271,"Steinway St (M,R)",248.3981
2025-05-05 22:00:00,272,"36 St (M,R)",66.3192
2025-05-05 22:00:00,273,"Queens Plaza (E,M,R)",317.3099
2025-05-05 22:00:00,276,"5 Av/53 St (E,M)",74.6198
2025-05-05 22:00:00,277,"7 Av (E,B,D)",219.8444
2025-05-05 22:00:00,278,"Jamaica Center-Parsons/Archer (E,J,Z)",411.3184
2025-05-05 22:00:00,279,"Sutphin Blvd-Archer Av-JFK Airport (E,J,Z)",425.4668
2025-05-05 22:00:00,280,Jamaica-Van Wyck (E),76.0748
2025-05-05 22:00:00,282,21 St (G),22.4029
2025-05-05 22:00:00,283,Greenpoint Av (G),157.90709999999999
2025-05-05 22:00:00,284,Nassau Av (G),132.3134
2025-05-05 22:00:00,286,Broadway (G),75.2324
2025-05-05 22:00:00,287,Flushing Av (G),44.0831
2025-05-05 22:00:00,288,Myrtle-Willoughby Avs (G),131.5059
2025-05-05 22:00:00,289,Bedford-Nostrand Avs (G),212.1703
2025-05-05 22:00:00,290,Classon Av (G),111.3285
2025-05-05 22:00:00,291,Clinton-Washington Avs (G),91.5975
2025-05-05 22:00:00,292,Fulton St (G),52.3779
2025-05-05 22:00:00,293,Van Cortlandt Park-242 St (1),90.2525
2025-05-05 22:00:00,294,238 St (1),81.3348
2025-05-05 22:00:00,295,231 St (1),151.1295
2025-05-05 22:00:00,296,Marble Hill-225 St (1),66.4928
2025-05-05 22:00:00,297,215 St (1),34.1489
2025-05-05 22:00:00,298,207 St (1),107.4551
2025-05-05 22:00:00,299,Dyckman St (1),124.9687
2025-05-05 22:00:00,300,191 St (1),170.77609999999999
2025-05-05 22:00:00,301,181 St (1),220.3525
2025-05-05 22:00:00,303,157 St (1),294.5309
2025-05-05 22:00:00,304,145 St (1),277.5943
2025-05-05 22:00:00,305,137 St-City College (1),306.2575
2025-05-05 22:00:00,306,125 St (1),202.4396
2025-05-05 22:00:00,307,116 St-Columbia University (1),257.8876
2025-05-05 22:00:00,308,Cathedral Pkwy (110 St) (1),301.0002
2025-05-05 22:00:00,309,103 St (1),318.1954
2025-05-05 22:00:00,310,"96 St (1,2,3)",635.7221
2025-05-05 22:00:00,311,86 St (1),262.54359999999997
2025-05-05 22:00:00,312,79 St (1),204.5821
2025-05-05 22:00:00,313,"72 St (1,2,3)",527.5774
2025-05-05 22:00:00,314,66 St-Lincoln Center (1),210.7555
2025-05-05 22:00:00,316,50 St (1),275.8586
2025-05-05 22:00:00,318,"34 St-Penn Station (1,2,3)",628.9615
2025-05-05 22:00:00,319,28 St (1),169.7785
2025-05-05 22:00:00,320,23 St (1),138.9174
2025-05-05 22:00:00,321,18 St (1),65.2855
2025-05-05 22:00:00,323,Christopher St-Sheridan Sq (1),146.091
2025-05-05 22:00:00,324,Houston St (1),122.3466
2025-05-05 22:00:00,325,Canal St (1),43.1463
2025-05-05 22:00:00,326,Franklin St (1),41.92
2025-05-05 22:00:00,327,"Chambers St (1,2,3)",115.0578
2025-05-05 22:00:00,328,WTC Cortlandt (1),189.9279
2025-05-05 22:00:00,329,Rector St (1),106.1329
2025-05-05 22:00:00,333,"Wall St (2,3)",190.1421
2025-05-05 22:00:00,334,"Clark St (2,3)",94.9616
2025-05-05 22:00:00,336,"Hoyt St (2,3)",90.2414
2025-05-05 22:00:00,337,"Nevins St (2,3,4,5)",129.6737
2025-05-05 22:00:00,339,"Bergen St (2,3)",79.0183
2025-05-05 22:00:00,340,"Grand Army Plaza (2,3)",104.844
2025-05-05 22:00:00,341,"Eastern Pkwy-Brooklyn Museum (2,3)",80.9973
2025-05-05 22:00:00,343,Nostrand Av (3),70.7812
2025-05-05 22:00:00,344,Kingston Av (3),74.9253
2025-05-05 22:00:00,345,"Crown Hts-Utica Av (3,4)",443.7168
2025-05-05 22:00:00,346,Sutter Av-Rutland Rd (3),107.1379
2025-05-05 22:00:00,347,Saratoga Av (3),85.9016
2025-05-05 22:00:00,348,Rockaway Av (3),81.5652
2025-05-05 22:00:00,349,Junius St (3),39.403
2025-05-05 22:00:00,350,Pennsylvania Av (3),53.2249
2025-05-05 22:00:00,351,Van Siclen Av (3),45.6644
2025-05-05 22:00:00,352,New Lots Av (3),75.2867
2025-05-05 22:00:00,353,"President St-Medgar Evers College (2,5)",66.6785
2025-05-05 22:00:00,354,"Sterling St (2,5)",122.1069
2025-05-05 22:00:00,355,"Winthrop St (2,5)",135.4676
2025-05-05 22:00:00,356,"Church Av (2,5)",181.63049999999998
2025-05-05 22:00:00,357,"Beverly Rd (2,5)",79.4414
2025-05-05 22:00:00,358,"Newkirk Av-Little Haiti (2,5)",132.7884
2025-05-05 22:00:00,359,"Flatbush Av-Brooklyn College (2,5)",276.7342
2025-05-05 22:00:00,360,Pelham Bay Park (6),56.8189
2025-05-05 22:00:00,361,Buhre Av (6),65.6626
2025-05-05 22:00:00,362,Middletown Rd (6),17.8173
2025-05-05 22:00:00,363,Westchester Sq-E Tremont Av (6),64.781
2025-05-05 22:00:00,364,Zerega Av (6),40.2572
2025-05-05 22:00:00,365,Castle Hill Av (6),122.9998
2025-05-05 22:00:00,366,Parkchester (6),253.6933
2025-05-05 22:00:00,367,St Lawrence Av (6),121.1407
2025-05-05 22:00:00,368,Morrison Av-Soundview (6),123.4353
2025-05-05 22:00:00,369,Elder Av (6),169.5748
2025-05-05 22:00:00,370,Whitlock Av (6),28.1814
2025-05-05 22:00:00,371,Hunts Point Av (6),168.5279
2025-05-05 22:00:00,372,Longwood Av (6),56.9366
2025-05-05 22:00:00,373,E 149 St (6),83.5688
2025-05-05 22:00:00,374,E 143 St-St Mary's St (6),47.0443
2025-05-05 22:00:00,375,Cypress Av (6),41.8698
2025-05-05 22:00:00,376,Brook Av (6),81.1932
2025-05-05 22:00:00,377,3 Av-138 St (6),151.7096
2025-05-05 22:00:00,378,Woodlawn (4),89.7397
2025-05-05 22:00:00,379,Mosholu Pkwy (4),112.4341
2025-05-05 22:00:00,380,Bedford Park Blvd-Lehman College (4),80.5225
2025-05-05 22:00:00,381,Kingsbridge Rd (4),175.7653
2025-05-05 22:00:00,382,Fordham Rd (4),172.832
2025-05-05 22:00:00,383,183 St (4),125.9741
2025-05-05 22:00:00,384,Burnside Av (4),147.4419
2025-05-05 22:00:00,385,176 St (4),101.9109
2025-05-05 22:00:00,386,Mt Eden Av (4),81.9386
2025-05-05 22:00:00,387,170 St (4),140.8727
2025-05-05 22:00:00,388,167 St (4),181.441
2025-05-05 22:00:00,391,"138 St-Grand Concourse (4,5)",70.6172
2025-05-05 22:00:00,392,"125 St (4,5,6)",356.5849
2025-05-05 22:00:00,393,116 St (6),260.7316
2025-05-05 22:00:00,394,110 St (6),192.716
2025-05-05 22:00:00,395,103 St (6),211.1732
2025-05-05 22:00:00,396,96 St (6),195.6882
2025-05-05 22:00:00,397,"86 St (4,5,6)",470.5623
2025-05-05 22:00:00,398,77 St (6),262.9845
2025-05-05 22:00:00,399,68 St-Hunter College (6),145.61090000000002
2025-05-05 22:00:00,403,33 St (6),272.4252
2025-05-05 22:00:00,404,28 St (6),226.9676
2025-05-05 22:00:00,405,23 St (6),190.5186
2025-05-05 22:00:00,407,Astor Pl (6),174.30610000000001
2025-05-05 22:00:00,409,Spring St (6),105.242
2025-05-05 22:00:00,413,"Wall St (4,5)",168.0741
2025-05-05 22:00:00,414,"Bowling Green (4,5)",193.5882
2025-05-05 22:00:00,416,Wakefield-241 St (2),55.9349
2025-05-05 22:00:00,417,"Nereid Av (2,5)",36.9907
2025-05-05 22:00:00,418,"233 St (2,5)",56.8317
2025-05-05 22:00:00,419,"225 St (2,5)",56.6235
2025-05-05 22:00:00,420,"219 St (2,5)",42.4189
2025-05-05 22:00:00,421,"Gun Hill Rd (2,5)",89.8582
2025-05-05 22:00:00,422,"Burke Av (2,5)",39.7553
2025-05-05 22:00:00,423,"Allerton Av (2,5)",61.598
2025-05-05 22:00:00,424,"Pelham Pkwy (2,5)",110.9642
2025-05-05 22:00:00,425,"Bronx Park East (2,5)",43.9143
2025-05-05 22:00:00,426,"E 180 St (2,5)",154.9589
2025-05-05 22:00:00,427,"West Farms Sq-E Tremont Av (2,5)",83.9604
2025-05-05 22:00:00,428,"174 St (2,5)",106.0467
2025-05-05 22:00:00,429,"Freeman St (2,5)",102.4045
2025-05-05 22:00:00,430,"Simpson St (2,5)",141.12030000000001
2025-05-05 22:00:00,431,"Intervale Av (2,5)",61.0143
2025-05-05 22:00:00,432,"Prospect Av (2,5)",110.1878
2025-05-05 22:00:00,433,"Jackson Av (2,5)",90.3964
2025-05-05 22:00:00,434,"3 Av-149 St (2,5)",329.6986
2025-05-05 22:00:00,436,Harlem-148 St (3),50.568
2025-05-05 22:00:00,437,145 St (3),60.6809
2025-05-05 22:00:00,438,"135 St (2,3)",232.3067
2025-05-05 22:00:00,439,"125 St (2,3)",211.9398
2025-05-05 22:00:00,440,"116 St (2,3)",191.4044
2025-05-05 22:00:00,441,"Central Park North (110 St) (2,3)",166.7874
2025-05-05 22:00:00,442,Eastchester-Dyre Av (5),38.657
2025-05-05 22:00:00,443,Baychester Av (5),32.58
2025-05-05 22:00:00,444,Gun Hill Rd (5),70.64880000000001
2025-05-05 22:00:00,445,Pelham Pkwy (5),36.5847
2025-05-05 22:00:00,446,Morris Park (5),48.9262
2025-05-05 22:00:00,447,Flushing-Main St (7),1074.3118
2025-05-05 22:00:00,448,Mets-Willets Point (7),61.7763
2025-05-05 22:00:00,449,111 St (7),483.2349
2025-05-05 22:00:00,450,103 St-Corona Plaza (7),726.5006999999999
2025-05-05 22:00:00,451,Junction Blvd (7),853.5419
2025-05-05 22:00:00,452,90 St-Elmhurst Av (7),617.7337
2025-05-05 22:00:00,453,82 St-Jackson Hts (7),355.606
2025-05-05 22:00:00,455,69 St (7),192.1196
2025-05-05 22:00:00,456,61 St-Woodside (7),386.4835
2025-05-05 22:00:00,457,52 St (7),193.6425
2025-05-05 22:00:00,458,46 St-Bliss St (7),353.6533
2025-05-05 22:00:00,459,40 St-Lowery St (7),218.1286
2025-05-05 22:00:00,460,33 St-Rawson St (7),66.8812
2025-05-05 22:00:00,461,"Queensboro Plaza (7,N,W)",303.6475
2025-05-05 22:00:00,463,Hunters Point Av (7),57.5312
2025-05-05 22:00:00,464,Vernon Blvd-Jackson Av (7),341.2867
2025-05-05 22:00:00,471,34 St-Hudson Yards (7),198.40800000000002
2025-05-05 22:00:00,475,96 St (Q),305.0768
2025-05-05 22:00:00,476,86 St (Q),387.89230000000003
2025-05-05 22:00:00,477,72 St (Q),345.209
2025-05-05 22:00:00,601,"14 St (F,M,1,2,3)/6 Av (L)",464.33320000000003
2025-05-05 22:00:00,602,"14 St-Union Sq (L,N,Q,R,W,4,5,6)",747.5589
2025-05-05 22:00:00,603,"149 St-Grand Concourse (2,4,5)",151.1443
2025-05-05 22:00:00,604,"161 St-Yankee Stadium (B,D,4)",368.1385
2025-05-05 22:00:00,605,"168 St (A,C,1)",405.0683
2025-05-05 22:00:00,606,"Court Sq (E,G,M,7)",404.1977
2025-05-05 22:00:00,607,"34 St-Herald Sq (B,D,F,M,N,Q,R,W)",947.8293
2025-05-05 22:00:00,608,"4 Av (F,G)/9 St (R)",200.06300000000002
2025-05-05 22:00:00,609,"Bryant Pk (B,D,F,M)/5 Av (7)",363.8882
2025-05-05 22:00:00,610,"Grand Central-42 St (S,4,5,6,7)",1299.1638
2025-05-05 22:00:00,611,"Times Sq-42 St (N,Q,R,W,S,1,2,3,7)/42 St (A,C,E)",2275.154
2025-05-05 22:00:00,612,"Lexington Av-53 St (E,M)/51 St (6)",500.63710000000003
2025-05-05 22:00:00,613,"Lexington Av (N,R,W)/59 St (4,5,6)",406.8584
2025-05-05 22:00:00,614,"59 St-Columbus Circle (A,B,C,D,1)",708.922
2025-05-05 22:00:00,615,New Utrecht Av (N)/62 St (D),80.5253
2025-05-05 22:00:00,616,"74-Broadway (7)/Jackson Hts-Roosevelt Av (E,F,M,R)",1519.4284
2025-05-05 22:00:00,617,"Atlantic Av-Barclays Ctr (B,D,N,Q,R,2,3,4,5)",431.6413
2025-05-05 22:00:00,618,"14 St (A,C,E)/8 Av (L)",481.92560000000003
2025-05-05 22:00:00,619,"Broadway-Lafayette St (B,D,F,M)/Bleecker St (6)",323.2846
2025-05-05 22:00:00,620,"Court St (R)/Borough Hall (2,3,4,5)",258.0481
2025-05-05 22:00:00,621,"Broadway Junction (A,C,J,L,Z)",131.3257
2025-05-05 22:00:00,622,"Brooklyn Bridge-City Hall (4,5,6)/Chambers St (J,Z)",207.5396
2025-05-05 22:00:00,623,"Canal St (J,N,Q,R,W,Z,6)",297.5519
2025-05-05 22:00:00,624,"Chambers St (A,C)/WTC (E)/Park Pl (2,3)/Cortlandt (R,W)",480.7022
2025-05-05 22:00:00,625,"Delancey St (F)/Essex St (J,M,Z)",428.58140000000003
2025-05-05 22:00:00,626,"Franklin Av (2,3,4,5)/Botanic Garden (S)",307.4318
2025-05-05 22:00:00,627,"Franklin Av (C,S)",116.007
2025-05-05 22:00:00,628,"Fulton St (A,C,J,Z,2,3,4,5)",870.8799
2025-05-05 22:00:00,629,Lorimer St (L)/Metropolitan Av (G),385.3176
2025-05-05 22:00:00,630,"Myrtle-Wyckoff Avs (L,M)",581.7509
2025-05-05 22:00:00,635,"South Ferry (1)/Whitehall St (R,W)",287.622
2025-05-05 22:00:00,636,"Jay St-MetroTech (A,C,F,R)",341.1965
2025-05-05 23:00:00,1,"Astoria-Ditmars Blvd (N,W)",207.9127
2025-05-05 23:00:00,2,"Astoria Blvd (N,W)",161.5594
2025-05-05 23:00:00,3,"30 Av (N,W)",194.6995
2025-05-05 23:00:00,4,"Broadway (N,W)",170.6747
2025-05-05 23:00:00,5,"36 Av (N,W)",80.2968
2025-05-05 23:00:00,6,"39 Av-Dutch Kills (N,W)",57.196600000000004
2025-05-05 23:00:00,8,"5 Av/59 St (N,R,W)",32.4737
2025-05-05 23:00:00,9,"57 St-7 Av (N,Q,R,W)",139.2846
2025-05-05 23:00:00,10,"49 St (N,R,W)",148.2286
2025-05-05 23:00:00,13,"28 St (R,W)",71.04
2025-05-05 23:00:00,14,"23 St (R,W)",66.8829
2025-05-05 23:00:00,16,"8 St-NYU (R,W)",79.1463
2025-05-05 23:00:00,17,"Prince St (R,W)",30.5061
2025-05-05 23:00:00,20,"City Hall (R,W)",11.9056
2025-05-05 23:00:00,22,"Rector St (R,W)",21.8006
2025-05-05 23:00:00,26,"DeKalb Av (B,Q,R)",150.1655
2025-05-05 23:00:00,28,Union St (R),49.8405
2025-05-05 23:00:00,30,Prospect Av (R),57.9966
2025-05-05 23:00:00,31,25 St (R),39.6475
2025-05-05 23:00:00,32,"36 St (D,N,R)",163.209
2025-05-05 23:00:00,33,45 St (R),122.5757
2025-05-05 23:00:00,34,53 St (R),140.6716
2025-05-05 23:00:00,35,"59 St (N,R)",177.3008
2025-05-05 23:00:00,36,Bay Ridge Av (R),88.0551
2025-05-05 23:00:00,37,77 St (R),57.9691
2025-05-05 23:00:00,38,86 St (R),100.8012
2025-05-05 23:00:00,39,Bay Ridge-95 St (R),48.1614
2025-05-05 23:00:00,41,"7 Av (B,Q)",63.504
2025-05-05 23:00:00,42,"Prospect Park (B,Q,S)",143.6584
2025-05-05 23:00:00,43,Parkside Av (Q),104.1571
2025-05-05 23:00:00,44,"Church Av (B,Q)",244.6757
2025-05-05 23:00:00,45,Beverley Rd (Q),52.9179
2025-05-05 23:00:00,46,Cortelyou Rd (Q),100.6465
2025-05-05 23:00:00,47,"Newkirk Plaza (B,Q)",137.2732
2025-05-05 23:00:00,48,Avenue H (Q),37.3276
2025-05-05 23:00:00,49,Avenue J (Q),58.6095
2025-05-05 23:00:00,50,Avenue M (Q),51.501400000000004
2025-05-05 23:00:00,51,"Kings Hwy (B,Q)",159.6875
2025-05-05 23:00:00,52,Avenue U (Q),60.4485
2025-05-05 23:00:00,53,Neck Rd (Q),41.6575
2025-05-05 23:00:00,54,"Sheepshead Bay (B,Q)",100.4016
2025-05-05 23:00:00,55,"Brighton Beach (B,Q)",83.8232
2025-05-05 23:00:00,56,Ocean Pkwy (Q),20.5052
2025-05-05 23:00:00,57,"W 8 St-NY Aquarium (F,Q)",14.8497
2025-05-05 23:00:00,58,"Coney Island-Stillwell Av (D,F,N,Q)",127.7757
2025-05-05 23:00:00,59,9 Av (D),104.8739
2025-05-05 23:00:00,60,Fort Hamilton Pkwy (D),55.8695
2025-05-05 23:00:00,61,50 St (D),30.7296
2025-05-05 23:00:00,62,55 St (D),12.5268
2025-05-05 23:00:00,64,71 St (D),60.6975
2025-05-05 23:00:00,65,79 St (D),74.0193
2025-05-05 23:00:00,66,18 Av (D),66.1418
2025-05-05 23:00:00,67,20 Av (D),57.4266
2025-05-05 23:00:00,68,Bay Pkwy (D),77.496
2025-05-05 23:00:00,69,25 Av (D),36.4555
2025-05-05 23:00:00,70,Bay 50 St (D),30.0856
2025-05-05 23:00:00,71,8 Av (N),75.351
2025-05-05 23:00:00,72,Fort Hamilton Pkwy (N),65.5159
2025-05-05 23:00:00,74,18 Av (N),57.6999
2025-05-05 23:00:00,75,20 Av (N),46.6693
2025-05-05 23:00:00,76,Bay Pkwy (N),79.23
2025-05-05 23:00:00,77,Kings Hwy (N),52.9705
2025-05-05 23:00:00,78,Avenue U (N),34.9805
2025-05-05 23:00:00,79,86 St (N),24.2409
2025-05-05 23:00:00,80,"121 St (J,Z)",41.6749
2025-05-05 23:00:00,81,111 St (J),40.6156
2025-05-05 23:00:00,82,"104 St (J,Z)",32.854
2025-05-05 23:00:00,83,"Woodhaven Blvd (J,Z)",62.2942
2025-05-05 23:00:00,84,85 St-Forest Pkwy (J),33.3367
2025-05-05 23:00:00,85,"75 St-Elderts Ln (J,Z)",88.117
2025-05-05 23:00:00,86,Cypress Hills (J),5.5802000000000005
2025-05-05 23:00:00,87,"Crescent St (J,Z)",63.564
2025-05-05 23:00:00,88,"Norwood Av (J,Z)",29.3021
2025-05-05 23:00:00,89,Cleveland St (J),30.4622
2025-05-05 23:00:00,90,"Van Siclen Av (J,Z)",43.4919
2025-05-05 23:00:00,91,Alabama Av (J),22.2177
2025-05-05 23:00:00,93,"Chauncey St (J,Z)",56.8051
2025-05-05 23:00:00,94,Halsey St (J),112.1874
2025-05-05 23:00:00,95,"Gates Av (J,Z)",112.672
2025-05-05 23:00:00,96,Kosciuszko St (J),113.4634
2025-05-05 23:00:00,97,"Myrtle Av (M,J,Z)",190.5132
2025-05-05 23:00:00,98,"Flushing Av (M,J)",77.8424
2025-05-05 23:00:00,99,"Lorimer St (M,J)",36.1475
2025-05-05 23:00:00,100,"Hewes St (M,J)",30.2683
2025-05-05 23:00:00,101,"Marcy Av (M,J,Z)",95.2618
2025-05-05 23:00:00,103,"Bowery (J,Z)",26.884700000000002
2025-05-05 23:00:00,107,"Broad St (J,Z)",22.3331
2025-05-05 23:00:00,108,Middle Village-Metropolitan Av (M),41.0145
2025-05-05 23:00:00,109,Fresh Pond Rd (M),93.1621
2025-05-05 23:00:00,110,Forest Av (M),65.8899
2025-05-05 23:00:00,111,Seneca Av (M),44.7279
2025-05-05 23:00:00,113,Knickerbocker Av (M),55.5242
2025-05-05 23:00:00,114,Central Av (M),74.7813
2025-05-05 23:00:00,118,3 Av (L),32.3485
2025-05-05 23:00:00,119,1 Av (L),204.42000000000002
2025-05-05 23:00:00,120,Bedford Av (L),254.6477
2025-05-05 23:00:00,122,Graham Av (L),111.9092
2025-05-05 23:00:00,123,Grand St (L),83.5167
2025-05-05 23:00:00,124,Montrose Av (L),107.25970000000001
2025-05-05 23:00:00,125,Morgan Av (L),121.2431
2025-05-05 23:00:00,126,Jefferson St (L),140.0958
2025-05-05 23:00:00,127,DeKalb Av (L),234.4943
2025-05-05 23:00:00,129,Halsey St (L),160.34720000000002
2025-05-05 23:00:00,130,Wilson Av (L),100.0728
2025-05-05 23:00:00,131,Bushwick Av-Aberdeen St (L),51.8122
2025-05-05 23:00:00,133,Atlantic Av (L),29.8309
2025-05-05 23:00:00,134,Sutter Av (L),38.8658
2025-05-05 23:00:00,135,Livonia Av (L),32.6201
2025-05-05 23:00:00,136,New Lots Av (L),53.3156
2025-05-05 23:00:00,137,East 105 St (L),42.8848
2025-05-05 23:00:00,138,Canarsie-Rockaway Pkwy (L),141.229
2025-05-05 23:00:00,141,Park Pl (S),17.483999999999998
2025-05-05 23:00:00,143,Inwood-207 St (A),114.755
2025-05-05 23:00:00,144,Dyckman St (A),93.4537
2025-05-05 23:00:00,145,190 St (A),50.3994
2025-05-05 23:00:00,146,181 St (A),141.6701
2025-05-05 23:00:00,147,175 St (A),147.4748
2025-05-05 23:00:00,149,163 St-Amsterdam Av (C),88.5696
2025-05-05 23:00:00,150,155 St (C),49.3966
2025-05-05 23:00:00,151,"145 St (A,C,B,D)",383.1462
2025-05-05 23:00:00,152,"135 St (C,B)",65.2071
2025-05-05 23:00:00,153,"125 St (A,C,B,D)",313.89820000000003
2025-05-05 23:00:00,154,"116 St (C,B)",79.1102
2025-05-05 23:00:00,155,"Cathedral Pkwy (110 St) (C,B)",87.9093
2025-05-05 23:00:00,156,"103 St (C,B)",66.9621
2025-05-05 23:00:00,157,"96 St (C,B)",61.7555
2025-05-05 23:00:00,158,"86 St (C,B)",56.9013
2025-05-05 23:00:00,159,"81 St-Museum of Natural History (C,B)",52.8683
2025-05-05 23:00:00,160,"72 St (C,B)",49.313
2025-05-05 23:00:00,162,"50 St (C,E)",161.0153
2025-05-05 23:00:00,164,"34 St-Penn Station (A,C,E)",419.1796
2025-05-05 23:00:00,165,"23 St (C,E)",101.9993
2025-05-05 23:00:00,167,"W 4 St-Wash Sq (A,C,E,B,D,F,M)",208.4217
2025-05-05 23:00:00,168,"Spring St (C,E)",41.469300000000004
2025-05-05 23:00:00,169,"Canal St (A,C,E)",66.5297
2025-05-05 23:00:00,173,"High St (A,C)",58.3357
2025-05-05 23:00:00,175,"Hoyt-Schermerhorn Sts (A,C,G)",80.9868
2025-05-05 23:00:00,176,Lafayette Av (C),38.5613
2025-05-05 23:00:00,177,Clinton-Washington Avs (C),62.17
2025-05-05 23:00:00,179,"Nostrand Av (A,C)",240.2653
2025-05-05 23:00:00,180,Kingston-Throop Avs (C),103.8405
2025-05-05 23:00:00,181,"Utica Av (A,C)",233.1447
2025-05-05 23:00:00,182,Ralph Av (C),95.5853
2025-05-05 23:00:00,183,Rockaway Av (C),108.8292
2025-05-05 23:00:00,185,Liberty Av (C),38.8078
2025-05-05 23:00:00,186,Van Siclen Av (C),46.0271
2025-05-05 23:00:00,187,Shepherd Av (C),47.4714
2025-05-05 23:00:00,188,"Euclid Av (A,C)",156.1356
2025-05-05 23:00:00,189,Grant Av (A),84.8565
2025-05-05 23:00:00,190,80 St (A),86.394
2025-05-05 23:00:00,191,88 St (A),48.1178
2025-05-05 23:00:00,192,Rockaway Blvd (A),93.2126
2025-05-05 23:00:00,193,104 St (A),22.549599999999998
2025-05-05 23:00:00,194,111 St (A),27.3533
2025-05-05 23:00:00,195,Ozone Park-Lefferts Blvd (A),68.3311
2025-05-05 23:00:00,196,Aqueduct Racetrack (A),5.1368
2025-05-05 23:00:00,197,Aqueduct-N Conduit Av (A),8.6227
2025-05-05 23:00:00,198,Howard Beach-JFK Airport (A),71.2257
2025-05-05 23:00:00,199,"Broad Channel (A,S)",0.6097
2025-05-05 23:00:00,200,"Beach 90 St (A,S)",4.9526
2025-05-05 23:00:00,201,"Beach 98 St (A,S)",3.5735
2025-05-05 23:00:00,202,"Beach 105 St (A,S)",0.5612999999999999
2025-05-05 23:00:00,203,"Rockaway Park-Beach 116 St (A,S)",2.1991
2025-05-05 23:00:00,204,Beach 67 St (A),8.345600000000001
2025-05-05 23:00:00,205,Beach 60 St (A),7.1255
2025-05-05 23:00:00,206,Beach 44 St (A),4.1306
2025-05-05 23:00:00,207,Beach 36 St (A),2.0143999999999997
2025-05-05 23:00:00,208,Beach 25 St (A),9.072799999999999
2025-05-05 23:00:00,209,Far Rockaway-Mott Av (A),27.7981
2025-05-05 23:00:00,210,Norwood-205 St (D),111.4256
2025-05-05 23:00:00,211,"Bedford Park Blvd (B,D)",107.84740000000001
2025-05-05 23:00:00,212,"Kingsbridge Rd (B,D)",106.6844
2025-05-05 23:00:00,213,"Fordham Rd (B,D)",134.4402
2025-05-05 23:00:00,214,"182-183 Sts (B,D)",93.4628
2025-05-05 23:00:00,215,"Tremont Av (B,D)",137.4434
2025-05-05 23:00:00,216,"174-175 Sts (B,D)",72.3658
2025-05-05 23:00:00,217,"170 St (B,D)",95.3209
2025-05-05 23:00:00,218,"167 St (B,D)",135.9132
2025-05-05 23:00:00,220,"155 St (B,D)",36.8237
2025-05-05 23:00:00,221,21 St-Queensbridge (F),149.5959
2025-05-05 23:00:00,222,Roosevelt Island (F),86.5311
2025-05-05 23:00:00,223,"Lexington Av/63 St (F,Q)",93.2852
2025-05-05 23:00:00,224,57 St (F),53.6152
2025-05-05 23:00:00,225,"47-50 Sts-Rockefeller Ctr (B,D,F,M)",164.9842
2025-05-05 23:00:00,228,"23 St (F,M)",78.8725
2025-05-05 23:00:00,231,"Grand St (B,D)",106.4048
2025-05-05 23:00:00,232,2 Av (F),117.9163
2025-05-05 23:00:00,234,East Broadway (F),93.7486
2025-05-05 23:00:00,235,York St (F),75.4581
2025-05-05 23:00:00,236,"Bergen St (F,G)",61.071
2025-05-05 23:00:00,237,"Carroll St (F,G)",79.3008
2025-05-05 23:00:00,238,"Smith-9 Sts (F,G)",30.4713
2025-05-05 23:00:00,240,"7 Av (F,G)",64.8604
2025-05-05 23:00:00,241,"15 St-Prospect Park (F,G)",43.7947
2025-05-05 23:00:00,242,"Fort Hamilton Pkwy (F,G)",47.8078
2025-05-05 23:00:00,243,"Church Av (F,G)",117.6491
2025-05-05 23:00:00,244,Ditmas Av (F),34.584
2025-05-05 23:00:00,245,18 Av (F),28.6941
2025-05-05 23:00:00,246,Avenue I (F),11.7079
2025-05-05 23:00:00,247,Bay Pkwy (F),7.9465
2025-05-05 23:00:00,248,Avenue N (F),26.1024
2025-05-05 23:00:00,249,Avenue P (F),20.2746
2025-05-05 23:00:00,250,Kings Hwy (F),24.7942
2025-05-05 23:00:00,251,Avenue U (F),11.8559
2025-05-05 23:00:00,252,Avenue X (F),22.9176
2025-05-05 23:00:00,253,Neptune Av (F),9.0671
2025-05-05 23:00:00,254,Jamaica-179 St (F),236.0845
2025-05-05 23:00:00,255,169 St (F),112.8325
2025-05-05 23:00:00,256,Parsons Blvd (F),101.4334
2025-05-05 23:00:00,257,Sutphin Blvd (F),64.9395
2025-05-05 23:00:00,258,"Briarwood (E,F)",63.2274
2025-05-05 23:00:00,259,"Kew Gardens-Union Tpke (E,F)",232.0085
2025-05-05 23:00:00,260,"75 Av (E,F)",24.0268
2025-05-05 23:00:00,261,"Forest Hills-71 Av (E,F,M,R)",190.40619999999998
2025-05-05 23:00:00,262,"67 Av (M,R)",73.0697
2025-05-05 23:00:00,263,"63 Dr-Rego Park (M,R)",128.1678
2025-05-05 23:00:00,264,"Woodhaven Blvd (M,R)",261.2795
2025-05-05 23:00:00,265,"Grand Av-Newtown (M,R)",316.232
2025-05-05 23:00:00,266,"Elmhurst Av (M,R)",264.2145
2025-05-05 23:00:00,268,"65 St (M,R)",68.1407
2025-05-05 23:00:00,269,"Northern Blvd (M,R)",111.1073
2025-05-05 23:00:00,270,"46 St (M,R)",125.9368
2025-05-05 23:00:00,271,"Steinway St (M,R)",152.82489999999999
2025-05-05 23:00:00,272,"36 St (M,R)",29.2333
2025-05-05 23:00:00,273,"Queens Plaza (E,M,R)",135.5886
2025-05-05 23:00:00,276,"5 Av/53 St (E,M)",22.1779
2025-05-05 23:00:00,277,"7 Av (E,B,D)",101.2397
2025-05-05 23:00:00,278,"Jamaica Center-Parsons/Archer (E,J,Z)",371.9192
2025-05-05 23:00:00,279,"Sutphin Blvd-Archer Av-JFK Airport (E,J,Z)",272.2119
2025-05-05 23:00:00,280,Jamaica-Van Wyck (E),58.5512
2025-05-05 23:00:00,282,21 St (G),13.592
2025-05-05 23:00:00,283,Greenpoint Av (G),76.3425
2025-05-05 23:00:00,284,Nassau Av (G),66.6163
2025-05-05 23:00:00,286,Broadway (G),41.7929
2025-05-05 23:00:00,287,Flushing Av (G),27.433
2025-05-05 23:00:00,288,Myrtle-Willoughby Avs (G),69.0242
2025-05-05 23:00:00,289,Bedford-Nostrand Avs (G),112.5127
2025-05-05 23:00:00,290,Classon Av (G),60.2235
2025-05-05 23:00:00,291,Clinton-Washington Avs (G),50.4252
2025-05-05 23:00:00,292,Fulton St (G),28.3716
2025-05-05 23:00:00,293,Van Cortlandt Park-242 St (1),60.7613
2025-05-05 23:00:00,294,238 St (1),53.6429
2025-05-05 23:00:00,295,231 St (1),104.769
2025-05-05 23:00:00,296,Marble Hill-225 St (1),58.2351
2025-05-05 23:00:00,297,215 St (1),19.317899999999998
2025-05-05 23:00:00,298,207 St (1),84.0638
2025-05-05 23:00:00,299,Dyckman St (1),99.0511
2025-05-05 23:00:00,300,191 St (1),127.3502
2025-05-05 23:00:00,301,181 St (1),169.2906
2025-05-05 23:00:00,303,157 St (1),178.8007
2025-05-05 23:00:00,304,145 St (1),196.4993
2025-05-05 23:00:00,305,137 St-City College (1),214.5828
2025-05-05 23:00:00,306,125 St (1),116.53490000000001
2025-05-05 23:00:00,307,116 St-Columbia University (1),110.2097
2025-05-05 23:00:00,308,Cathedral Pkwy (110 St) (1),133.4237
2025-05-05 23:00:00,309,103 St (1),148.164
2025-05-05 23:00:00,310,"96 St (1,2,3)",316.8303
2025-05-05 23:00:00,311,86 St (1),97.5987
2025-05-05 23:00:00,312,79 St (1),86.2805
2025-05-05 23:00:00,313,"72 St (1,2,3)",203.4928
2025-05-05 23:00:00,314,66 St-Lincoln Center (1),78.0797
2025-05-05 23:00:00,316,50 St (1),126.275
2025-05-05 23:00:00,318,"34 St-Penn Station (1,2,3)",384.1262
2025-05-05 23:00:00,319,28 St (1),74.7983
2025-05-05 23:00:00,320,23 St (1),66.7514
2025-05-05 23:00:00,321,18 St (1),29.1203
2025-05-05 23:00:00,323,Christopher St-Sheridan Sq (1),58.9561
2025-05-05 23:00:00,324,Houston St (1),38.6812
2025-05-05 23:00:00,325,Canal St (1),23.8544
2025-05-05 23:00:00,326,Franklin St (1),18.4929
2025-05-05 23:00:00,327,"Chambers St (1,2,3)",43.1423
2025-05-05 23:00:00,328,WTC Cortlandt (1),99.4656
2025-05-05 23:00:00,329,Rector St (1),46.1396
2025-05-05 23:00:00,333,"Wall St (2,3)",66.6771
2025-05-05 23:00:00,334,"Clark St (2,3)",36.0079
2025-05-05 23:00:00,336,"Hoyt St (2,3)",45.9064
2025-05-05 23:00:00,337,"Nevins St (2,3,4,5)",53.3899
2025-05-05 23:00:00,339,"Bergen St (2,3)",29.477
2025-05-05 23:00:00,340,"Grand Army Plaza (2,3)",43.2966
2025-05-05 23:00:00,341,"Eastern Pkwy-Brooklyn Museum (2,3)",30.4132
2025-05-05 23:00:00,343,Nostrand Av (3),43.8802
2025-05-05 23:00:00,344,Kingston Av (3),52.1812
2025-05-05 23:00:00,345,"Crown Hts-Utica Av (3,4)",377.4353
2025-05-05 23:00:00,346,Sutter Av-Rutland Rd (3),105.3937
2025-05-05 23:00:00,347,Saratoga Av (3),85.5286
2025-05-05 23:00:00,348,Rockaway Av (3),66.138
2025-05-05 23:00:00,349,Junius St (3),21.2577
2025-05-05 23:00:00,350,Pennsylvania Av (3),50.4416
2025-05-05 23:00:00,351,Van Siclen Av (3),36.6838
2025-05-05 23:00:00,352,New Lots Av (3),83.7161
2025-05-05 23:00:00,353,"President St-Medgar Evers College (2,5)",45.8093
2025-05-05 23:00:00,354,"Sterling St (2,5)",86.1373
2025-05-05 23:00:00,355,"Winthrop St (2,5)",82.7609
2025-05-05 23:00:00,356,"Church Av (2,5)",178.5247
2025-05-05 23:00:00,357,"Beverly Rd (2,5)",88.77420000000001
2025-05-05 23:00:00,358,"Newkirk Av-Little Haiti (2,5)",131.6214
2025-05-05 23:00:00,359,"Flatbush Av-Brooklyn College (2,5)",247.5799
2025-05-05 23:00:00,360,Pelham Bay Park (6),49.6093
2025-05-05 23:00:00,361,Buhre Av (6),41.5901
2025-05-05 23:00:00,362,Middletown Rd (6),21.1516
2025-05-05 23:00:00,363,Westchester Sq-E Tremont Av (6),48.4324
2025-05-05 23:00:00,364,Zerega Av (6),29.683
2025-05-05 23:00:00,365,Castle Hill Av (6),103.4981
2025-05-05 23:00:00,366,Parkchester (6),226.0885
2025-05-05 23:00:00,367,St Lawrence Av (6),106.4543
2025-05-05 23:00:00,368,Morrison Av-Soundview (6),124.89670000000001
2025-05-05 23:00:00,369,Elder Av (6),143.2176
2025-05-05 23:00:00,370,Whitlock Av (6),28.267
2025-05-05 23:00:00,371,Hunts Point Av (6),122.3251
2025-05-05 23:00:00,372,Longwood Av (6),42.642
2025-05-05 23:00:00,373,E 149 St (6),72.00450000000001
2025-05-05 23:00:00,374,E 143 St-St Mary's St (6),31.661
2025-05-05 23:00:00,375,Cypress Av (6),30.471
2025-05-05 23:00:00,376,Brook Av (6),73.2183
2025-05-05 23:00:00,377,3 Av-138 St (6),122.0881
2025-05-05 23:00:00,378,Woodlawn (4),76.004
2025-05-05 23:00:00,379,Mosholu Pkwy (4),92.0446
2025-05-05 23:00:00,380,Bedford Park Blvd-Lehman College (4),71.14320000000001
2025-05-05 23:00:00,381,Kingsbridge Rd (4),133.70929999999998
2025-05-05 23:00:00,382,Fordham Rd (4),150.71529999999998
2025-05-05 23:00:00,383,183 St (4),115.3313
2025-05-05 23:00:00,384,Burnside Av (4),141.92499999999998
2025-05-05 23:00:00,385,176 St (4),84.5899
2025-05-05 23:00:00,386,Mt Eden Av (4),73.2111
2025-05-05 23:00:00,387,170 St (4),119.8606
2025-05-05 23:00:00,388,167 St (4),157.4045
2025-05-05 23:00:00,391,"138 St-Grand Concourse (4,5)",52.6784
2025-05-05 23:00:00,392,"125 St (4,5,6)",217.9545
2025-05-05 23:00:00,393,116 St (6),171.5593
2025-05-05 23:00:00,394,110 St (6),116.0672
2025-05-05 23:00:00,395,103 St (6),115.0732
2025-05-05 23:00:00,396,96 St (6),83.9549
2025-05-05 23:00:00,397,"86 St (4,5,6)",179.383
2025-05-05 23:00:00,398,77 St (6),91.6636
2025-05-05 23:00:00,399,68 St-Hunter College (6),46.658
2025-05-05 23:00:00,403,33 St (6),109.8838
2025-05-05 23:00:00,404,28 St (6),88.9155
2025-05-05 23:00:00,405,23 St (6),93.1854
2025-05-05 23:00:00,407,Astor Pl (6),69.4807
2025-05-05 23:00:00,409,Spring St (6),56.457499999999996
2025-05-05 23:00:00,413,"Wall St (4,5)",67.8103
2025-05-05 23:00:00,414,"Bowling Green (4,5)",104.66929999999999
2025-05-05 23:00:00,416,Wakefield-241 St (2),51.5983
2025-05-05 23:00:00,417,"Nereid Av (2,5)",25.7591
2025-05-05 23:00:00,418,"233 St (2,5)",49.8323
2025-05-05 23:00:00,419,"225 St (2,5)",46.9127
2025-05-05 23:00:00,420,"219 St (2,5)",40.1857
2025-05-05 23:00:00,421,"Gun Hill Rd (2,5)",87.6163
2025-05-05 23:00:00,422,"Burke Av (2,5)",34.2836
2025-05-05 23:00:00,423,"Allerton Av (2,5)",54.4255
2025-05-05 23:00:00,424,"Pelham Pkwy (2,5)",83.0291
2025-05-05 23:00:00,425,"Bronx Park East (2,5)",27.5882
2025-05-05 23:00:00,426,"E 180 St (2,5)",127.4064
2025-05-05 23:00:00,427,"West Farms Sq-E Tremont Av (2,5)",78.7338
2025-05-05 23:00:00,428,"174 St (2,5)",86.2688
2025-05-05 23:00:00,429,"Freeman St (2,5)",78.1516
2025-05-05 23:00:00,430,"Simpson St (2,5)",118.41250000000001
2025-05-05 23:00:00,431,"Intervale Av (2,5)",53.1126
2025-05-05 23:00:00,432,"Prospect Av (2,5)",105.3465
2025-05-05 23:00:00,433,"Jackson Av (2,5)",87.2485
2025-05-05 23:00:00,434,"3 Av-149 St (2,5)",256.8578
2025-05-05 23:00:00,436,Harlem-148 St (3),51.4683
2025-05-05 23:00:00,437,145 St (3),43.7321
2025-05-05 23:00:00,438,"135 St (2,3)",149.9738
2025-05-05 23:00:00,439,"125 St (2,3)",135.2742
2025-05-05 23:00:00,440,"116 St (2,3)",115.9778
2025-05-05 23:00:00,441,"Central Park North (110 St) (2,3)",83.63380000000001
2025-05-05 23:00:00,442,Eastchester-Dyre Av (5),36.2693
2025-05-05 23:00:00,443,Baychester Av (5),26.0972
2025-05-05 23:00:00,444,Gun Hill Rd (5),56.4886
2025-05-05 23:00:00,445,Pelham Pkwy (5),32.9762
2025-05-05 23:00:00,446,Morris Park (5),31.2948
2025-05-05 23:00:00,447,Flushing-Main St (7),575.6544
2025-05-05 23:00:00,448,Mets-Willets Point (7),25.9698
2025-05-05 23:00:00,449,111 St (7),283.7241
2025-05-05 23:00:00,450,103 St-Corona Plaza (7),550.7075
2025-05-05 23:00:00,451,Junction Blvd (7),633.5068
2025-05-05 23:00:00,452,90 St-Elmhurst Av (7),444.8016
2025-05-05 23:00:00,453,82 St-Jackson Hts (7),243.1543
2025-05-05 23:00:00,455,69 St (7),131.7614
2025-05-05 23:00:00,456,61 St-Woodside (7),251.577
2025-05-05 23:00:00,457,52 St (7),120.926
2025-05-05 23:00:00,458,46 St-Bliss St (7),218.1545
2025-05-05 23:00:00,459,40 St-Lowery St (7),143.1555
2025-05-05 23:00:00,460,33 St-Rawson St (7),34.6944
2025-05-05 23:00:00,461,"Queensboro Plaza (7,N,W)",142.5829
2025-05-05 23:00:00,463,Hunters Point Av (7),39.2921
2025-05-05 23:00:00,464,Vernon Blvd-Jackson Av (7),127.6891
2025-05-05 23:00:00,471,34 St-Hudson Yards (7),89.8504
2025-05-05 23:00:00,475,96 St (Q),155.27949999999998
2025-05-05 23:00:00,476,86 St (Q),140.2131
2025-05-05 23:00:00,477,72 St (Q),116.0559
2025-05-05 23:00:00,601,"14 St (F,M,1,2,3)/6 Av (L)",198.7602
2025-05-05 23:00:00,602,"14 St-Union Sq (L,N,Q,R,W,4,5,6)",378.364
2025-05-05 23:00:00,603,"149 St-Grand Concourse (2,4,5)",126.686
2025-05-05 23:00:00,604,"161 St-Yankee Stadium (B,D,4)",311.6878
2025-05-05 23:00:00,605,"168 St (A,C,1)",234.2056
2025-05-05 23:00:00,606,"Court Sq (E,G,M,7)",191.2907
2025-05-05 23:00:00,607,"34 St-Herald Sq (B,D,F,M,N,Q,R,W)",476.8049
2025-05-05 23:00:00,608,"4 Av (F,G)/9 St (R)",93.819
2025-05-05 23:00:00,609,"Bryant Pk (B,D,F,M)/5 Av (7)",188.1561
2025-05-05 23:00:00,610,"Grand Central-42 St (S,4,5,6,7)",611.7424
2025-05-05 23:00:00,611,"Times Sq-42 St (N,Q,R,W,S,1,2,3,7)/42 St (A,C,E)",1231.9462
2025-05-05 23:00:00,612,"Lexington Av-53 St (E,M)/51 St (6)",215.3923
2025-05-05 23:00:00,613,"Lexington Av (N,R,W)/59 St (4,5,6)",166.8383
2025-05-05 23:00:00,614,"59 St-Columbus Circle (A,B,C,D,1)",306.3754
2025-05-05 23:00:00,615,New Utrecht Av (N)/62 St (D),42.7206
2025-05-05 23:00:00,616,"74-Broadway (7)/Jackson Hts-Roosevelt Av (E,F,M,R)",953.9567
2025-05-05 23:00:00,617,"Atlantic Av-Barclays Ctr (B,D,N,Q,R,2,3,4,5)",247.3783
2025-05-05 23:00:00,618,"14 St (A,C,E)/8 Av (L)",206.6432
2025-05-05 23:00:00,619,"Broadway-Lafayette St (B,D,F,M)/Bleecker St (6)",154.0859
2025-05-05 23:00:00,620,"Court St (R)/Borough Hall (2,3,4,5)",98.6323
2025-05-05 23:00:00,621,"Broadway Junction (A,C,J,L,Z)",111.9576
2025-05-05 23:00:00,622,"Brooklyn Bridge-City Hall (4,5,6)/Chambers St (J,Z)",80.8429
2025-05-05 23:00:00,623,"Canal St (J,N,Q,R,W,Z,6)",140.26409999999998
2025-05-05 23:00:00,624,"Chambers St (A,C)/WTC (E)/Park Pl (2,3)/Cortlandt (R,W)",225.1803
2025-05-05 23:00:00,625,"Delancey St (F)/Essex St (J,M,Z)",211.2688
2025-05-05 23:00:00,626,"Franklin Av (2,3,4,5)/Botanic Garden (S)",168.3626
2025-05-05 23:00:00,627,"Franklin Av (C,S)",52.3634
2025-05-05 23:00:00,628,"Fulton St (A,C,J,Z,2,3,4,5)",421.7314
2025-05-05 23:00:00,629,Lorimer St (L)/Metropolitan Av (G),192.2482
2025-05-05 23:00:00,630,"Myrtle-Wyckoff Avs (L,M)",376.9873
2025-05-05 23:00:00,635,"South Ferry (1)/Whitehall St (R,W)",171.427
2025-05-05 23:00:00,636,"Jay St-MetroTech (A,C,F,R)",167.71
