transit_timestamp,station_complex_id,scheduled_trains,station_name,borough
2025-05-05 00:00:00,1,3,Astoria-Ditmars Blvd,Q
2025-05-05 00:00:00,2,3,Astoria Blvd,Q
2025-05-05 00:00:00,3,3,30 Av,Q
2025-05-05 00:00:00,4,3,Broadway,Q
2025-05-05 00:00:00,5,3,36 Av,Q
2025-05-05 00:00:00,6,3,39 Av-Dutch Kills,Q
2025-05-05 00:00:00,8,2,5 Av/59 St,M
2025-05-05 00:00:00,9,5,57 St-7 Av,M
2025-05-05 00:00:00,10,5,49 St,M
2025-05-05 00:00:00,13,5,28 St,M
2025-05-05 00:00:00,14,4,23 St,M
2025-05-05 00:00:00,16,4,8 St-NYU,M
2025-05-05 00:00:00,17,4,Prince St,M
2025-05-05 00:00:00,20,1,City Hall,M
2025-05-05 00:00:00,22,1,Rector St,M
2025-05-05 00:00:00,26,5,DeKalb Av,B
2025-05-05 00:00:00,32,2,36 St,B
2025-05-05 00:00:00,33,1,45 St,B
2025-05-05 00:00:00,34,1,53 St,B
2025-05-05 00:00:00,35,1,59 St,B
2025-05-05 00:00:00,36,1,Bay Ridge Av,B
2025-05-05 00:00:00,37,1,77 St,B
2025-05-05 00:00:00,38,1,86 St,B
2025-05-05 00:00:00,41,1,7 Av,B
2025-05-05 00:00:00,42,4,Prospect Park,B
2025-05-05 00:00:00,43,1,Parkside Av,B
2025-05-05 00:00:00,44,1,Church Av,B
2025-05-05 00:00:00,45,1,Beverley Rd,B
2025-05-05 00:00:00,46,1,Cortelyou Rd,B
2025-05-05 00:00:00,47,1,Newkirk Plaza,B
2025-05-05 00:00:00,48,1,Avenue H,B
2025-05-05 00:00:00,80,3,121 St,Q
2025-05-05 00:00:00,81,3,111 St,Q
2025-05-05 00:00:00,82,3,104 St,Q
2025-05-05 00:00:00,83,3,Woodhaven Blvd,Q
2025-05-05 00:00:00,84,2,85 St-Forest Pkwy,Q
2025-05-05 00:00:00,85,2,75 St-Elderts Ln,Q
2025-05-05 00:00:00,86,2,Cypress Hills,B
2025-05-05 00:00:00,87,2,Crescent St,B
2025-05-05 00:00:00,88,2,Norwood Av,B
2025-05-05 00:00:00,89,2,Cleveland St,B
2025-05-05 00:00:00,90,2,Van Siclen Av,B
2025-05-05 00:00:00,91,2,Alabama Av,B
2025-05-05 00:00:00,93,2,Chauncey St,B
2025-05-05 00:00:00,94,2,Halsey St,B
2025-05-05 00:00:00,95,2,Gates Av,B
2025-05-05 00:00:00,96,1,Kosciuszko St,B
2025-05-05 00:00:00,97,5,Myrtle Av,B
2025-05-05 00:00:00,98,1,Flushing Av,B
2025-05-05 00:00:00,99,1,Lorimer St,B
2025-05-05 00:00:00,108,2,Middle Village-Metropolitan Av,Q
2025-05-05 00:00:00,109,6,Fresh Pond Rd,Q
2025-05-05 00:00:00,110,6,Forest Av,Q
2025-05-05 00:00:00,111,6,Seneca Av,Q
2025-05-05 00:00:00,113,6,Knickerbocker Av,B
2025-05-05 00:00:00,114,6,Central Av,B
2025-05-05 00:00:00,118,3,3 Av,M
2025-05-05 00:00:00,119,3,1 Av,M
2025-05-05 00:00:00,120,3,Bedford Av,B
2025-05-05 00:00:00,122,3,Graham Av,B
2025-05-05 00:00:00,123,3,Grand St,B
2025-05-05 00:00:00,124,3,Montrose Av,B
2025-05-05 00:00:00,125,3,Morgan Av,B
2025-05-05 00:00:00,126,3,Jefferson St,B
2025-05-05 00:00:00,127,3,DeKalb Av,B
2025-05-05 00:00:00,129,4,Halsey St,B
2025-05-05 00:00:00,130,4,Wilson Av,B
2025-05-05 00:00:00,131,4,Bushwick Av-Aberdeen St,B
2025-05-05 00:00:00,133,4,Atlantic Av,B
2025-05-05 00:00:00,134,4,Sutter Av,B
2025-05-05 00:00:00,135,4,Livonia Av,B
2025-05-05 00:00:00,136,4,New Lots Av,B
2025-05-05 00:00:00,137,4,East 105 St,B
2025-05-05 00:00:00,138,4,Canarsie-Rockaway Pkwy,B
2025-05-05 00:00:00,141,6,Park Pl,B
2025-05-05 00:00:00,143,3,Inwood-207 St,M
2025-05-05 00:00:00,144,3,Dyckman St,M
2025-05-05 00:00:00,145,3,190 St,M
2025-05-05 00:00:00,146,3,181 St,M
2025-05-05 00:00:00,147,3,175 St,M
2025-05-05 00:00:00,149,3,163 St-Amsterdam Av,M
2025-05-05 00:00:00,150,2,155 St,M
2025-05-05 00:00:00,152,2,135 St,M
2025-05-05 00:00:00,153,4,125 St,M
2025-05-05 00:00:00,154,2,116 St,M
2025-05-05 00:00:00,155,2,Cathedral Pkwy (110 St),M
2025-05-05 00:00:00,156,2,103 St,M
2025-05-05 00:00:00,157,2,96 St,M
2025-05-05 00:00:00,158,2,86 St,M
2025-05-05 00:00:00,159,2,81 St-Museum of Natural History,M
2025-05-05 00:00:00,160,2,72 St,M
2025-05-05 00:00:00,162,1,50 St,M
2025-05-05 00:00:00,164,1,34 St-Penn Station,M
2025-05-05 00:00:00,165,1,23 St,M
2025-05-05 00:00:00,168,1,Spring St,M
2025-05-05 00:00:00,169,1,Canal St,M
2025-05-05 00:00:00,173,1,High St,B
2025-05-05 00:00:00,175,3,Hoyt-Schermerhorn Sts,B
2025-05-05 00:00:00,189,1,Grant Av,B
2025-05-05 00:00:00,190,1,80 St,Q
2025-05-05 00:00:00,191,1,88 St,Q
2025-05-05 00:00:00,192,1,Rockaway Blvd,Q
2025-05-05 00:00:00,193,2,104 St,Q
2025-05-05 00:00:00,194,1,111 St,Q
2025-05-05 00:00:00,195,1,Ozone Park-Lefferts Blvd,Q
2025-05-05 00:00:00,200,3,Beach 90 St,Q
2025-05-05 00:00:00,201,3,Beach 98 St,Q
2025-05-05 00:00:00,202,3,Beach 105 St,Q
2025-05-05 00:00:00,203,1,Rockaway Park-Beach 116 St,Q
2025-05-05 00:00:00,204,3,Beach 67 St,Q
2025-05-05 00:00:00,205,3,Beach 60 St,Q
2025-05-05 00:00:00,206,2,Beach 44 St,Q
2025-05-05 00:00:00,207,2,Beach 36 St,Q
2025-05-05 00:00:00,208,3,Beach 25 St,Q
2025-05-05 00:00:00,209,3,Far Rockaway-Mott Av,Q
2025-05-05 00:00:00,210,3,Norwood-205 St,Bx
2025-05-05 00:00:00,211,3,Bedford Park Blvd,Bx
2025-05-05 00:00:00,212,3,Kingsbridge Rd,Bx
2025-05-05 00:00:00,213,3,Fordham Rd,Bx
2025-05-05 00:00:00,214,3,182-183 Sts,Bx
2025-05-05 00:00:00,215,3,Tremont Av,Bx
2025-05-05 00:00:00,216,3,174-175 Sts,Bx
2025-05-05 00:00:00,217,3,170 St,Bx
2025-05-05 00:00:00,218,2,167 St,Bx
2025-05-05 00:00:00,220,2,155 St,M
2025-05-05 00:00:00,221,2,21 St-Queensbridge,Q
2025-05-05 00:00:00,222,2,Roosevelt Island,M
2025-05-05 00:00:00,223,5,Lexington Av/63 St,M
2025-05-05 00:00:00,224,1,57 St,M
2025-05-05 00:00:00,225,3,47-50 Sts-Rockefeller Ctr,M
2025-05-05 00:00:00,228,1,23 St,M
2025-05-05 00:00:00,231,1,Grand St,M
2025-05-05 00:00:00,232,1,2 Av,M
2025-05-05 00:00:00,234,1,East Broadway,M
2025-05-05 00:00:00,235,1,York St,B
2025-05-05 00:00:00,250,1,Kings Hwy,B
2025-05-05 00:00:00,254,3,Jamaica-179 St,Q
2025-05-05 00:00:00,255,4,169 St,Q
2025-05-05 00:00:00,256,3,Parsons Blvd,Q
2025-05-05 00:00:00,257,3,Sutphin Blvd,Q
2025-05-05 00:00:00,258,6,Briarwood,Q
2025-05-05 00:00:00,259,5,Kew Gardens-Union Tpke,Q
2025-05-05 00:00:00,260,5,75 Av,Q
2025-05-05 00:00:00,261,5,Forest Hills-71 Av,Q
2025-05-05 00:00:00,262,5,67 Av,Q
2025-05-05 00:00:00,263,5,63 Dr-Rego Park,Q
2025-05-05 00:00:00,264,5,Woodhaven Blvd,Q
2025-05-05 00:00:00,265,4,Grand Av-Newtown,Q
2025-05-05 00:00:00,266,4,Elmhurst Av,Q
2025-05-05 00:00:00,268,4,65 St,Q
2025-05-05 00:00:00,269,4,Northern Blvd,Q
2025-05-05 00:00:00,270,4,46 St,Q
2025-05-05 00:00:00,271,4,Steinway St,Q
2025-05-05 00:00:00,272,3,36 St,Q
2025-05-05 00:00:00,273,1,Queens Plaza,Q
2025-05-05 00:00:00,276,1,5 Av/53 St,M
2025-05-05 00:00:00,277,2,7 Av,M
2025-05-05 00:00:00,278,6,Jamaica Center-Parsons/Archer,Q
2025-05-05 00:00:00,279,6,Sutphin Blvd-Archer Av-JFK Airport,Q
2025-05-05 00:00:00,280,3,Jamaica-Van Wyck,Q
2025-05-05 00:00:00,282,4,21 St,Q
2025-05-05 00:00:00,283,4,Greenpoint Av,B
2025-05-05 00:00:00,284,4,Nassau Av,B
2025-05-05 00:00:00,286,3,Broadway,B
2025-05-05 00:00:00,287,3,Flushing Av,B
2025-05-05 00:00:00,288,3,Myrtle-Willoughby Avs,B
2025-05-05 00:00:00,289,4,Bedford-Nostrand Avs,B
2025-05-05 00:00:00,290,5,Classon Av,B
2025-05-05 00:00:00,291,5,Clinton-Washington Avs,B
2025-05-05 00:00:00,292,5,Fulton St,B
2025-05-05 00:00:00,293,3,Van Cortlandt Park-242 St,Bx
2025-05-05 00:00:00,294,3,238 St,Bx
2025-05-05 00:00:00,295,3,231 St,Bx
2025-05-05 00:00:00,296,3,Marble Hill-225 St,M
2025-05-05 00:00:00,297,3,215 St,M
2025-05-05 00:00:00,298,3,207 St,M
2025-05-05 00:00:00,299,3,Dyckman St,M
2025-05-05 00:00:00,300,3,191 St,M
2025-05-05 00:00:00,301,3,181 St,M
2025-05-05 00:00:00,303,2,157 St,M
2025-05-05 00:00:00,304,2,145 St,M
2025-05-05 00:00:00,305,2,137 St-City College,M
2025-05-05 00:00:00,306,2,125 St,M
2025-05-05 00:00:00,307,2,116 St-Columbia University,M
2025-05-05 00:00:00,308,2,Cathedral Pkwy (110 St),M
2025-05-05 00:00:00,309,2,103 St,M
2025-05-05 00:00:00,310,7,96 St,M
2025-05-05 00:00:00,311,3,86 St,M
2025-05-05 00:00:00,312,3,79 St,M
2025-05-05 00:00:00,313,6,72 St,M
2025-05-05 00:00:00,314,3,66 St-Lincoln Center,M
2025-05-05 00:00:00,316,2,50 St,M
2025-05-05 00:00:00,318,3,34 St-Penn Station,M
2025-05-05 00:00:00,319,2,28 St,M
2025-05-05 00:00:00,320,2,23 St,M
2025-05-05 00:00:00,321,2,18 St,M
2025-05-05 00:00:00,323,1,Christopher St-Stonewall,M
2025-05-05 00:00:00,324,1,Houston St,M
2025-05-05 00:00:00,325,1,Canal St,M
2025-05-05 00:00:00,326,1,Franklin St,M
2025-05-05 00:00:00,327,1,Chambers St,M
2025-05-05 00:00:00,337,1,Nevins St,B
2025-05-05 00:00:00,345,1,Crown Hts-Utica Av,B
2025-05-05 00:00:00,356,1,Church Av,B
2025-05-05 00:00:00,360,4,Pelham Bay Park,Bx
2025-05-05 00:00:00,361,3,Buhre Av,Bx
2025-05-05 00:00:00,362,3,Middletown Rd,Bx
2025-05-05 00:00:00,363,3,Westchester Sq-E Tremont Av,Bx
2025-05-05 00:00:00,364,3,Zerega Av,Bx
2025-05-05 00:00:00,365,3,Castle Hill Av,Bx
2025-05-05 00:00:00,366,3,Parkchester,Bx
2025-05-05 00:00:00,371,3,Hunts Point Av,Bx
2025-05-05 00:00:00,372,3,Longwood Av,Bx
2025-05-05 00:00:00,373,2,E 149 St,Bx
2025-05-05 00:00:00,374,2,E 143 St-St Mary's St,Bx
2025-05-05 00:00:00,375,2,Cypress Av,Bx
2025-05-05 00:00:00,376,2,Brook Av,Bx
2025-05-05 00:00:00,377,2,3 Av-138 St,Bx
2025-05-05 00:00:00,378,4,Woodlawn,Bx
2025-05-05 00:00:00,379,4,Mosholu Pkwy,Bx
2025-05-05 00:00:00,380,4,Bedford Park Blvd-Lehman College,Bx
2025-05-05 00:00:00,381,3,Kingsbridge Rd,Bx
2025-05-05 00:00:00,382,3,Fordham Rd,Bx
2025-05-05 00:00:00,383,3,183 St,Bx
2025-05-05 00:00:00,384,4,Burnside Av,Bx
2025-05-05 00:00:00,385,3,176 St,Bx
2025-05-05 00:00:00,386,3,Mt Eden Av,Bx
2025-05-05 00:00:00,387,3,170 St,Bx
2025-05-05 00:00:00,388,3,167 St,Bx
2025-05-05 00:00:00,391,3,138 St-Grand Concourse,Bx
2025-05-05 00:00:00,392,5,125 St,M
2025-05-05 00:00:00,393,3,116 St,M
2025-05-05 00:00:00,394,3,110 St,M
2025-05-05 00:00:00,395,3,103 St,M
2025-05-05 00:00:00,396,3,96 St,M
2025-05-05 00:00:00,397,4,86 St,M
2025-05-05 00:00:00,398,2,77 St,M
2025-05-05 00:00:00,399,2,68 St-Hunter College,M
2025-05-05 00:00:00,403,2,33 St,M
2025-05-05 00:00:00,404,2,28 St,M
2025-05-05 00:00:00,405,2,23 St-Baruch College,M
2025-05-05 00:00:00,407,1,Astor Pl,M
2025-05-05 00:00:00,413,1,Wall St,M
2025-05-05 00:00:00,414,1,Bowling Green,M
2025-05-05 00:00:00,416,3,Wakefield-241 St,Bx
2025-05-05 00:00:00,417,4,Nereid Av,Bx
2025-05-05 00:00:00,418,3,233 St,Bx
2025-05-05 00:00:00,419,3,225 St,Bx
2025-05-05 00:00:00,420,3,219 St,Bx
2025-05-05 00:00:00,421,3,Gun Hill Rd,Bx
2025-05-05 00:00:00,422,3,Burke Av,Bx
2025-05-05 00:00:00,423,3,Allerton Av,Bx
2025-05-05 00:00:00,424,3,Pelham Pkwy,Bx
2025-05-05 00:00:00,425,3,Bronx Park East,Bx
2025-05-05 00:00:00,426,5,E 180 St,Bx
2025-05-05 00:00:00,427,3,West Farms Sq-E Tremont Av,Bx
2025-05-05 00:00:00,428,3,174 St,Bx
2025-05-05 00:00:00,429,2,Freeman St,Bx
2025-05-05 00:00:00,430,2,Simpson St,Bx
2025-05-05 00:00:00,431,2,Intervale Av,Bx
2025-05-05 00:00:00,432,2,Prospect Av,Bx
2025-05-05 00:00:00,433,2,Jackson Av,Bx
2025-05-05 00:00:00,434,2,3 Av-149 St,Bx
2025-05-05 00:00:00,436,3,Harlem-148 St,M
2025-05-05 00:00:00,437,3,145 St,M
2025-05-05 00:00:00,438,5,135 St,M
2025-05-05 00:00:00,439,5,125 St,M
2025-05-05 00:00:00,440,5,116 St,M
2025-05-05 00:00:00,441,5,110 St-Malcolm X Plaza,M
2025-05-05 00:00:00,442,3,Eastchester-Dyre Av,Bx
2025-05-05 00:00:00,443,5,Baychester Av,Bx
2025-05-05 00:00:00,444,5,Gun Hill Rd,Bx
2025-05-05 00:00:00,445,5,Pelham Pkwy,Bx
2025-05-05 00:00:00,446,5,Morris Park,Bx
2025-05-05 00:00:00,447,3,Flushing-Main St,Q
2025-05-05 00:00:00,448,3,Mets-Willets Point,Q
2025-05-05 00:00:00,449,3,111 St,Q
2025-05-05 00:00:00,450,3,103 St-Corona Plaza,Q
2025-05-05 00:00:00,451,3,Junction Blvd,Q
2025-05-05 00:00:00,452,3,90 St-Elmhurst Av,Q
2025-05-05 00:00:00,453,3,82 St-Jackson Hts,Q
2025-05-05 00:00:00,455,3,69 St,Q
2025-05-05 00:00:00,456,3,61 St-Woodside,Q
2025-05-05 00:00:00,457,3,61 St-Woodside,Q
2025-05-05 00:00:00,458,3,61 St-Woodside,Q
2025-05-05 00:00:00,459,3,61 St-Woodside,Q
2025-05-05 00:00:00,460,3,61 St-Woodside,Q
2025-05-05 00:00:00,461,3,61 St-Woodside,Q
2025-05-05 00:00:00,463,2,Hunters Point Av,Q
2025-05-05 00:00:00,464,2,Vernon Blvd-Jackson Av,Q
2025-05-05 00:00:00,475,3,96 St,M
2025-05-05 00:00:00,476,3,86 St,M
2025-05-05 00:00:00,477,3,72 St,M
2025-05-05 00:00:00,501,2,St George,SI
2025-05-05 00:00:00,502,2,Tompkinsville,SI
2025-05-05 00:00:00,503,2,Stapleton,SI
2025-05-05 00:00:00,504,2,Clifton,SI
2025-05-05 00:00:00,505,2,Grasmere,SI
2025-05-05 00:00:00,506,2,Old Town,SI
2025-05-05 00:00:00,507,2,Dongan Hills,SI
2025-05-05 00:00:00,508,2,Jefferson Av,SI
2025-05-05 00:00:00,509,2,Grant City,SI
2025-05-05 00:00:00,510,2,New Dorp,SI
2025-05-05 00:00:00,511,2,Oakwood Heights,SI
2025-05-05 00:00:00,512,2,Bay Terrace,SI
2025-05-05 00:00:00,513,1,Great Kills,SI
2025-05-05 00:00:00,514,1,Eltingville,SI
2025-05-05 00:00:00,515,1,Annadale,SI
2025-05-05 00:00:00,516,1,Huguenot,SI
2025-05-05 00:00:00,517,1,Prince's Bay,SI
2025-05-05 00:00:00,518,1,Pleasant Plains,SI
2025-05-05 00:00:00,519,1,Richmond Valley,SI
2025-05-05 00:00:00,523,1,Arthur Kill,SI
2025-05-05 00:00:00,601,6,14 St/6 Av,M
2025-05-05 00:00:00,602,7,34 St-Herald Sq,M
2025-05-05 00:00:00,603,3,149 St-Grand Concourse,Bx
2025-05-05 00:00:00,604,5,161 St-Yankee Stadium,Bx
2025-05-05 00:00:00,605,5,168 St-Washington Hts,M
2025-05-05 00:00:00,606,6,Court Sq-23 St,Q
2025-05-05 00:00:00,607,8,34 St-Herald Sq,M
2025-05-05 00:00:00,609,5,42 St-Bryant Pk/5 Av,M
2025-05-05 00:00:00,610,5,Grand Central-42 St,M
2025-05-05 00:00:00,611,11,Times Sq-42 St/Port Authority Bus Terminal,M
2025-05-05 00:00:00,612,3,Lexington Av/51-53 Sts,M
2025-05-05 00:00:00,613,5,Lexington Av/59 St,M
2025-05-05 00:00:00,614,6,59 St-Columbus Circle,M
2025-05-05 00:00:00,616,7,Jackson Hts-Roosevelt Av/74 St-Broadway,Q
2025-05-05 00:00:00,617,3,Atlantic Av-Barclays Ctr,B
2025-05-05 00:00:00,618,2,14 St/8 Av,M
2025-05-05 00:00:00,619,2,Broadway-Lafayette St/Bleecker St,M
2025-05-05 00:00:00,620,5,Borough Hall/Court St,B
2025-05-05 00:00:00,622,1,Brooklyn Bridge-City Hall/Chambers St,M
2025-05-05 00:00:00,623,1,Canal St,M
2025-05-05 00:00:00,624,2,Chambers St/WTC/Park Place/Cortlandt St,M
2025-05-05 00:00:00,625,1,Delancey St-Essex St,M
2025-05-05 00:00:00,626,6,Franklin Av-Medgar Evers College/Botanic Garden,B
2025-05-05 00:00:00,627,3,Franklin Av,B
2025-05-05 00:00:00,628,1,Fulton St,M
2025-05-05 00:00:00,629,7,Metropolitan Av/Lorimer St,B
2025-05-05 00:00:00,630,4,Myrtle-Wyckoff Avs,Q
2025-05-05 00:00:00,635,4,Whitehall St-South Ferry,M
2025-05-05 00:00:00,636,3,Jay St-MetroTech,B
2025-05-05 01:00:00,1,3,Astoria-Ditmars Blvd,Q
2025-05-05 01:00:00,2,3,Astoria Blvd,Q
2025-05-05 01:00:00,3,3,30 Av,Q
2025-05-05 01:00:00,4,3,Broadway,Q
2025-05-05 01:00:00,5,3,36 Av,Q
2025-05-05 01:00:00,6,3,39 Av-Dutch Kills,Q
2025-05-05 01:00:00,8,3,5 Av/59 St,M
2025-05-05 01:00:00,9,6,57 St-7 Av,M
2025-05-05 01:00:00,10,6,49 St,M
2025-05-05 01:00:00,13,6,28 St,M
2025-05-05 01:00:00,14,6,23 St,M
2025-05-05 01:00:00,16,6,8 St-NYU,M
2025-05-05 01:00:00,17,6,Prince St,M
2025-05-05 01:00:00,20,3,City Hall,M
2025-05-05 01:00:00,22,3,Rector St,M
2025-05-05 01:00:00,26,14,DeKalb Av,B
2025-05-05 01:00:00,28,2,Union St,B
2025-05-05 01:00:00,30,2,Prospect Av,B
2025-05-05 01:00:00,31,2,25 St,B
2025-05-05 01:00:00,32,11,36 St,B
2025-05-05 01:00:00,33,9,45 St,B
2025-05-05 01:00:00,34,9,53 St,B
2025-05-05 01:00:00,35,9,59 St,B
2025-05-05 01:00:00,36,6,Bay Ridge Av,B
2025-05-05 01:00:00,37,6,77 St,B
2025-05-05 01:00:00,38,6,86 St,B
2025-05-05 01:00:00,39,3,Bay Ridge-95 St,B
2025-05-05 01:00:00,41,3,7 Av,B
2025-05-05 01:00:00,42,6,Prospect Park,B
2025-05-05 01:00:00,43,3,Parkside Av,B
2025-05-05 01:00:00,44,3,Church Av,B
2025-05-05 01:00:00,45,3,Beverley Rd,B
2025-05-05 01:00:00,46,3,Cortelyou Rd,B
2025-05-05 01:00:00,47,4,Newkirk Plaza,B
2025-05-05 01:00:00,48,4,Avenue H,B
2025-05-05 01:00:00,49,5,Avenue J,B
2025-05-05 01:00:00,50,5,Avenue M,B
2025-05-05 01:00:00,51,5,Kings Hwy,B
2025-05-05 01:00:00,52,5,Avenue U,B
2025-05-05 01:00:00,53,5,Neck Rd,B
2025-05-05 01:00:00,54,4,Sheepshead Bay,B
2025-05-05 01:00:00,55,4,Brighton Beach,B
2025-05-05 01:00:00,56,4,Ocean Pkwy,B
2025-05-05 01:00:00,57,5,W 8 St-NY Aquarium,B
2025-05-05 01:00:00,58,2,Coney Island-Stillwell Av,B
2025-05-05 01:00:00,59,3,9 Av,B
2025-05-05 01:00:00,60,2,Fort Hamilton Pkwy,B
2025-05-05 01:00:00,61,2,50 St,B
2025-05-05 01:00:00,62,2,55 St,B
2025-05-05 01:00:00,64,2,71 St,B
2025-05-05 01:00:00,65,2,79 St,B
2025-05-05 01:00:00,66,2,18 Av,B
2025-05-05 01:00:00,67,2,20 Av,B
2025-05-05 01:00:00,68,2,Bay Pkwy,B
2025-05-05 01:00:00,69,2,25 Av,B
2025-05-05 01:00:00,70,1,Bay 50 St,B
2025-05-05 01:00:00,71,2,8 Av,B
2025-05-05 01:00:00,72,2,Fort Hamilton Pkwy,B
2025-05-05 01:00:00,74,2,18 Av,B
2025-05-05 01:00:00,75,2,20 Av,B
2025-05-05 01:00:00,76,2,Bay Pkwy,B
2025-05-05 01:00:00,77,3,Kings Hwy,B
2025-05-05 01:00:00,78,3,Avenue U,B
2025-05-05 01:00:00,79,3,86 St,B
2025-05-05 01:00:00,80,4,121 St,Q
2025-05-05 01:00:00,81,4,111 St,Q
2025-05-05 01:00:00,82,4,104 St,Q
2025-05-05 01:00:00,83,5,Woodhaven Blvd,Q
2025-05-05 01:00:00,84,5,85 St-Forest Pkwy,Q
2025-05-05 01:00:00,85,5,75 St-Elderts Ln,Q
2025-05-05 01:00:00,86,5,Cypress Hills,B
2025-05-05 01:00:00,87,5,Crescent St,B
2025-05-05 01:00:00,88,5,Norwood Av,B
2025-05-05 01:00:00,89,5,Cleveland St,B
2025-05-05 01:00:00,90,5,Van Siclen Av,B
2025-05-05 01:00:00,91,5,Alabama Av,B
2025-05-05 01:00:00,93,5,Chauncey St,B
2025-05-05 01:00:00,94,5,Halsey St,B
2025-05-05 01:00:00,95,6,Gates Av,B
2025-05-05 01:00:00,96,6,Kosciuszko St,B
2025-05-05 01:00:00,97,9,Myrtle Av,B
2025-05-05 01:00:00,98,6,Flushing Av,B
2025-05-05 01:00:00,99,6,Lorimer St,B
2025-05-05 01:00:00,100,3,Hewes St,B
2025-05-05 01:00:00,108,3,Middle Village-Metropolitan Av,Q
2025-05-05 01:00:00,109,6,Fresh Pond Rd,Q
2025-05-05 01:00:00,110,6,Forest Av,Q
2025-05-05 01:00:00,111,6,Seneca Av,Q
2025-05-05 01:00:00,113,6,Knickerbocker Av,B
2025-05-05 01:00:00,114,6,Central Av,B
2025-05-05 01:00:00,118,8,3 Av,M
2025-05-05 01:00:00,119,8,1 Av,M
2025-05-05 01:00:00,120,7,Bedford Av,B
2025-05-05 01:00:00,122,7,Graham Av,B
2025-05-05 01:00:00,123,7,Grand St,B
2025-05-05 01:00:00,124,7,Montrose Av,B
2025-05-05 01:00:00,125,7,Morgan Av,B
2025-05-05 01:00:00,126,7,Jefferson St,B
2025-05-05 01:00:00,127,7,DeKalb Av,B
2025-05-05 01:00:00,129,7,Halsey St,B
2025-05-05 01:00:00,130,7,Wilson Av,B
2025-05-05 01:00:00,131,6,Bushwick Av-Aberdeen St,B
2025-05-05 01:00:00,133,6,Atlantic Av,B
2025-05-05 01:00:00,134,6,Sutter Av,B
2025-05-05 01:00:00,135,6,Livonia Av,B
2025-05-05 01:00:00,136,6,New Lots Av,B
2025-05-05 01:00:00,137,6,East 105 St,B
2025-05-05 01:00:00,138,3,Canarsie-Rockaway Pkwy,B
2025-05-05 01:00:00,141,6,Park Pl,B
2025-05-05 01:00:00,143,3,Inwood-207 St,M
2025-05-05 01:00:00,144,3,Dyckman St,M
2025-05-05 01:00:00,145,3,190 St,M
2025-05-05 01:00:00,146,3,181 St,M
2025-05-05 01:00:00,147,3,175 St,M
2025-05-05 01:00:00,149,3,163 St-Amsterdam Av,M
2025-05-05 01:00:00,150,3,155 St,M
2025-05-05 01:00:00,152,3,135 St,M
2025-05-05 01:00:00,153,6,125 St,M
2025-05-05 01:00:00,154,3,116 St,M
2025-05-05 01:00:00,155,3,Cathedral Pkwy (110 St),M
2025-05-05 01:00:00,156,3,103 St,M
2025-05-05 01:00:00,157,3,96 St,M
2025-05-05 01:00:00,158,3,86 St,M
2025-05-05 01:00:00,159,3,81 St-Museum of Natural History,M
2025-05-05 01:00:00,160,3,72 St,M
2025-05-05 01:00:00,162,3,50 St,M
2025-05-05 01:00:00,164,3,34 St-Penn Station,M
2025-05-05 01:00:00,165,3,23 St,M
2025-05-05 01:00:00,168,3,Spring St,M
2025-05-05 01:00:00,169,3,Canal St,M
2025-05-05 01:00:00,173,3,High St,B
2025-05-05 01:00:00,175,6,Hoyt-Schermerhorn Sts,B
2025-05-05 01:00:00,176,3,Lafayette Av,B
2025-05-05 01:00:00,177,3,Clinton-Washington Avs,B
2025-05-05 01:00:00,179,3,Nostrand Av,B
2025-05-05 01:00:00,180,3,Kingston-Throop Avs,B
2025-05-05 01:00:00,181,3,Utica Av,B
2025-05-05 01:00:00,182,3,Ralph Av,B
2025-05-05 01:00:00,183,3,Rockaway Av,B
2025-05-05 01:00:00,185,3,Liberty Av,B
2025-05-05 01:00:00,186,2,Van Siclen Av,B
2025-05-05 01:00:00,187,2,Shepherd Av,B
2025-05-05 01:00:00,188,5,Euclid Av,B
2025-05-05 01:00:00,189,8,Grant Av,B
2025-05-05 01:00:00,190,8,80 St,Q
2025-05-05 01:00:00,191,8,88 St,Q
2025-05-05 01:00:00,192,8,Rockaway Blvd,Q
2025-05-05 01:00:00,193,6,104 St,Q
2025-05-05 01:00:00,194,6,111 St,Q
2025-05-05 01:00:00,195,3,Ozone Park-Lefferts Blvd,Q
2025-05-05 01:00:00,197,1,Aqueduct-N Conduit Av,Q
2025-05-05 01:00:00,200,6,Beach 90 St,Q
2025-05-05 01:00:00,201,6,Beach 98 St,Q
2025-05-05 01:00:00,202,6,Beach 105 St,Q
2025-05-05 01:00:00,203,3,Rockaway Park-Beach 116 St,Q
2025-05-05 01:00:00,204,6,Beach 67 St,Q
2025-05-05 01:00:00,205,6,Beach 60 St,Q
2025-05-05 01:00:00,206,6,Beach 44 St,Q
2025-05-05 01:00:00,207,6,Beach 36 St,Q
2025-05-05 01:00:00,208,6,Beach 25 St,Q
2025-05-05 01:00:00,209,3,Far Rockaway-Mott Av,Q
2025-05-05 01:00:00,210,3,Norwood-205 St,Bx
2025-05-05 01:00:00,211,3,Bedford Park Blvd,Bx
2025-05-05 01:00:00,212,3,Kingsbridge Rd,Bx
2025-05-05 01:00:00,213,3,Fordham Rd,Bx
2025-05-05 01:00:00,214,3,182-183 Sts,Bx
2025-05-05 01:00:00,215,3,Tremont Av,Bx
2025-05-05 01:00:00,216,3,174-175 Sts,Bx
2025-05-05 01:00:00,217,3,170 St,Bx
2025-05-05 01:00:00,218,3,167 St,Bx
2025-05-05 01:00:00,220,3,155 St,M
2025-05-05 01:00:00,221,4,21 St-Queensbridge,Q
2025-05-05 01:00:00,222,4,Roosevelt Island,M
2025-05-05 01:00:00,223,7,Lexington Av/63 St,M
2025-05-05 01:00:00,224,4,57 St,M
2025-05-05 01:00:00,225,10,47-50 Sts-Rockefeller Ctr,M
2025-05-05 01:00:00,228,8,23 St,M
2025-05-05 01:00:00,231,3,Grand St,M
2025-05-05 01:00:00,232,5,2 Av,M
2025-05-05 01:00:00,234,3,East Broadway,M
2025-05-05 01:00:00,235,3,York St,B
2025-05-05 01:00:00,236,3,Bergen St,B
2025-05-05 01:00:00,237,3,Carroll St,B
2025-05-05 01:00:00,238,3,Smith-9 Sts,B
2025-05-05 01:00:00,240,3,7 Av,B
2025-05-05 01:00:00,241,3,15 St-Prospect Park,B
2025-05-05 01:00:00,242,3,Fort Hamilton Pkwy,B
2025-05-05 01:00:00,243,3,Church Av,B
2025-05-05 01:00:00,244,3,Ditmas Av,B
2025-05-05 01:00:00,245,3,18 Av,B
2025-05-05 01:00:00,246,2,Avenue I,B
2025-05-05 01:00:00,247,2,Bay Pkwy,B
2025-05-05 01:00:00,248,2,Avenue N,B
2025-05-05 01:00:00,249,2,Avenue P,B
2025-05-05 01:00:00,250,2,Kings Hwy,B
2025-05-05 01:00:00,251,2,Avenue U,B
2025-05-05 01:00:00,252,1,Avenue X,B
2025-05-05 01:00:00,253,1,Neptune Av,B
2025-05-05 01:00:00,254,3,Jamaica-179 St,Q
2025-05-05 01:00:00,255,3,169 St,Q
2025-05-05 01:00:00,256,3,Parsons Blvd,Q
2025-05-05 01:00:00,257,3,Sutphin Blvd,Q
2025-05-05 01:00:00,258,6,Briarwood,Q
2025-05-05 01:00:00,259,6,Kew Gardens-Union Tpke,Q
2025-05-05 01:00:00,260,6,75 Av,Q
2025-05-05 01:00:00,261,6,Forest Hills-71 Av,Q
2025-05-05 01:00:00,262,6,67 Av,Q
2025-05-05 01:00:00,263,6,63 Dr-Rego Park,Q
2025-05-05 01:00:00,264,6,Woodhaven Blvd,Q
2025-05-05 01:00:00,265,6,Grand Av-Newtown,Q
2025-05-05 01:00:00,266,6,Elmhurst Av,Q
2025-05-05 01:00:00,268,6,65 St,Q
2025-05-05 01:00:00,269,7,Northern Blvd,Q
2025-05-05 01:00:00,270,7,46 St,Q
2025-05-05 01:00:00,271,7,Steinway St,Q
2025-05-05 01:00:00,272,7,36 St,Q
2025-05-05 01:00:00,273,3,Queens Plaza,Q
2025-05-05 01:00:00,276,3,5 Av/53 St,M
2025-05-05 01:00:00,277,3,7 Av,M
2025-05-05 01:00:00,278,6,Jamaica Center-Parsons/Archer,Q
2025-05-05 01:00:00,279,7,Sutphin Blvd-Archer Av-JFK Airport,Q
2025-05-05 01:00:00,280,3,Jamaica-Van Wyck,Q
2025-05-05 01:00:00,282,6,21 St,Q
2025-05-05 01:00:00,283,6,Greenpoint Av,B
2025-05-05 01:00:00,284,6,Nassau Av,B
2025-05-05 01:00:00,286,6,Broadway,B
2025-05-05 01:00:00,287,6,Flushing Av,B
2025-05-05 01:00:00,288,6,Myrtle-Willoughby Avs,B
2025-05-05 01:00:00,289,6,Bedford-Nostrand Avs,B
2025-05-05 01:00:00,290,6,Classon Av,B
2025-05-05 01:00:00,291,6,Clinton-Washington Avs,B
2025-05-05 01:00:00,292,6,Fulton St,B
2025-05-05 01:00:00,293,3,Van Cortlandt Park-242 St,Bx
2025-05-05 01:00:00,294,3,238 St,Bx
2025-05-05 01:00:00,295,3,231 St,Bx
2025-05-05 01:00:00,296,3,Marble Hill-225 St,M
2025-05-05 01:00:00,297,3,215 St,M
2025-05-05 01:00:00,298,3,207 St,M
2025-05-05 01:00:00,299,4,Dyckman St,M
2025-05-05 01:00:00,300,4,191 St,M
2025-05-05 01:00:00,301,4,181 St,M
2025-05-05 01:00:00,303,4,157 St,M
2025-05-05 01:00:00,304,4,145 St,M
2025-05-05 01:00:00,305,4,137 St-City College,M
2025-05-05 01:00:00,306,4,125 St,M
2025-05-05 01:00:00,307,4,116 St-Columbia University,M
2025-05-05 01:00:00,308,4,Cathedral Pkwy (110 St),M
2025-05-05 01:00:00,309,4,103 St,M
2025-05-05 01:00:00,310,13,96 St,M
2025-05-05 01:00:00,311,7,86 St,M
2025-05-05 01:00:00,312,8,79 St,M
2025-05-05 01:00:00,313,14,72 St,M
2025-05-05 01:00:00,314,8,66 St-Lincoln Center,M
2025-05-05 01:00:00,316,8,50 St,M
2025-05-05 01:00:00,318,11,34 St-Penn Station,M
2025-05-05 01:00:00,319,8,28 St,M
2025-05-05 01:00:00,320,8,23 St,M
2025-05-05 01:00:00,321,8,18 St,M
2025-05-05 01:00:00,323,8,Christopher St-Stonewall,M
2025-05-05 01:00:00,324,8,Houston St,M
2025-05-05 01:00:00,325,8,Canal St,M
2025-05-05 01:00:00,326,8,Franklin St,M
2025-05-05 01:00:00,327,9,Chambers St,M
2025-05-05 01:00:00,328,7,WTC Cortlandt,M
2025-05-05 01:00:00,329,6,Rector St,M
2025-05-05 01:00:00,333,3,Wall St,M
2025-05-05 01:00:00,334,3,Clark St,B
2025-05-05 01:00:00,336,3,Hoyt St,B
2025-05-05 01:00:00,337,5,Nevins St,B
2025-05-05 01:00:00,339,5,Bergen St,B
2025-05-05 01:00:00,340,5,Grand Army Plaza,B
2025-05-05 01:00:00,341,5,Eastern Pkwy-Brooklyn Museum,B
2025-05-05 01:00:00,343,3,Nostrand Av,B
2025-05-05 01:00:00,344,3,Kingston Av,B
2025-05-05 01:00:00,345,3,Crown Hts-Utica Av,B
2025-05-05 01:00:00,346,3,Sutter Av-Rutland Rd,B
2025-05-05 01:00:00,347,3,Saratoga Av,B
2025-05-05 01:00:00,348,3,Rockaway Av,B
2025-05-05 01:00:00,349,3,Junius St,B
2025-05-05 01:00:00,350,3,Pennsylvania Av,B
2025-05-05 01:00:00,351,3,Van Siclen Av,B
2025-05-05 01:00:00,352,1,New Lots Av,B
2025-05-05 01:00:00,353,2,President St-Medgar Evers College,B
2025-05-05 01:00:00,354,2,Sterling St,B
2025-05-05 01:00:00,355,2,Winthrop St,B
2025-05-05 01:00:00,356,1,Church Av,B
2025-05-05 01:00:00,357,1,Beverly Rd,B
2025-05-05 01:00:00,358,1,Newkirk Av-Little Haiti,B
2025-05-05 01:00:00,360,3,Pelham Bay Park,Bx
2025-05-05 01:00:00,361,3,Buhre Av,Bx
2025-05-05 01:00:00,362,3,Middletown Rd,Bx
2025-05-05 01:00:00,363,3,Westchester Sq-E Tremont Av,Bx
2025-05-05 01:00:00,364,3,Zerega Av,Bx
2025-05-05 01:00:00,365,3,Castle Hill Av,Bx
2025-05-05 01:00:00,366,3,Parkchester,Bx
2025-05-05 01:00:00,371,3,Hunts Point Av,Bx
2025-05-05 01:00:00,372,3,Longwood Av,Bx
2025-05-05 01:00:00,373,3,E 149 St,Bx
2025-05-05 01:00:00,374,4,E 143 St-St Mary's St,Bx
2025-05-05 01:00:00,375,4,Cypress Av,Bx
2025-05-05 01:00:00,376,4,Brook Av,Bx
2025-05-05 01:00:00,377,4,3 Av-138 St,Bx
2025-05-05 01:00:00,378,3,Woodlawn,Bx
2025-05-05 01:00:00,379,3,Mosholu Pkwy,Bx
2025-05-05 01:00:00,380,3,Bedford Park Blvd-Lehman College,Bx
2025-05-05 01:00:00,381,3,Kingsbridge Rd,Bx
2025-05-05 01:00:00,382,3,Fordham Rd,Bx
2025-05-05 01:00:00,383,3,183 St,Bx
2025-05-05 01:00:00,384,3,Burnside Av,Bx
2025-05-05 01:00:00,385,3,176 St,Bx
2025-05-05 01:00:00,386,3,Mt Eden Av,Bx
2025-05-05 01:00:00,387,3,170 St,Bx
2025-05-05 01:00:00,388,3,167 St,Bx
2025-05-05 01:00:00,391,3,138 St-Grand Concourse,Bx
2025-05-05 01:00:00,392,7,125 St,M
2025-05-05 01:00:00,393,7,116 St,M
2025-05-05 01:00:00,394,7,110 St,M
2025-05-05 01:00:00,395,7,103 St,M
2025-05-05 01:00:00,396,8,96 St,M
2025-05-05 01:00:00,397,8,86 St,M
2025-05-05 01:00:00,398,9,77 St,M
2025-05-05 01:00:00,399,8,68 St-Hunter College,M
2025-05-05 01:00:00,403,8,33 St,M
2025-05-05 01:00:00,404,8,28 St,M
2025-05-05 01:00:00,405,8,23 St-Baruch College,M
2025-05-05 01:00:00,407,9,Astor Pl,M
2025-05-05 01:00:00,409,10,Spring St,M
2025-05-05 01:00:00,413,3,Wall St,M
2025-05-05 01:00:00,414,3,Bowling Green,M
2025-05-05 01:00:00,416,3,Wakefield-241 St,Bx
2025-05-05 01:00:00,417,3,Nereid Av,Bx
2025-05-05 01:00:00,418,3,233 St,Bx
2025-05-05 01:00:00,419,3,225 St,Bx
2025-05-05 01:00:00,420,3,219 St,Bx
2025-05-05 01:00:00,421,3,Gun Hill Rd,Bx
2025-05-05 01:00:00,422,3,Burke Av,Bx
2025-05-05 01:00:00,423,3,Allerton Av,Bx
2025-05-05 01:00:00,424,3,Pelham Pkwy,Bx
2025-05-05 01:00:00,425,3,Bronx Park East,Bx
2025-05-05 01:00:00,426,6,E 180 St,Bx
2025-05-05 01:00:00,427,3,West Farms Sq-E Tremont Av,Bx
2025-05-05 01:00:00,428,3,174 St,Bx
2025-05-05 01:00:00,429,3,Freeman St,Bx
2025-05-05 01:00:00,430,3,Simpson St,Bx
2025-05-05 01:00:00,431,3,Intervale Av,Bx
2025-05-05 01:00:00,432,3,Prospect Av,Bx
2025-05-05 01:00:00,433,3,Jackson Av,Bx
2025-05-05 01:00:00,434,3,3 Av-149 St,Bx
2025-05-05 01:00:00,436,3,Harlem-148 St,M
2025-05-05 01:00:00,437,6,145 St,M
2025-05-05 01:00:00,438,9,135 St,M
2025-05-05 01:00:00,439,9,125 St,M
2025-05-05 01:00:00,440,9,116 St,M
2025-05-05 01:00:00,441,9,110 St-Malcolm X Plaza,M
2025-05-05 01:00:00,442,3,Eastchester-Dyre Av,Bx
2025-05-05 01:00:00,443,6,Baychester Av,Bx
2025-05-05 01:00:00,444,6,Gun Hill Rd,Bx
2025-05-05 01:00:00,445,6,Pelham Pkwy,Bx
2025-05-05 01:00:00,446,6,Morris Park,Bx
2025-05-05 01:00:00,447,3,Flushing-Main St,Q
2025-05-05 01:00:00,448,5,Mets-Willets Point,Q
2025-05-05 01:00:00,449,3,111 St,Q
2025-05-05 01:00:00,450,3,103 St-Corona Plaza,Q
2025-05-05 01:00:00,451,6,Junction Blvd,Q
2025-05-05 01:00:00,452,3,90 St-Elmhurst Av,Q
2025-05-05 01:00:00,453,3,82 St-Jackson Hts,Q
2025-05-05 01:00:00,455,6,69 St,Q
2025-05-05 01:00:00,456,6,61 St-Woodside,Q
2025-05-05 01:00:00,457,6,61 St-Woodside,Q
2025-05-05 01:00:00,458,6,61 St-Woodside,Q
2025-05-05 01:00:00,459,6,61 St-Woodside,Q
2025-05-05 01:00:00,460,6,61 St-Woodside,Q
2025-05-05 01:00:00,461,6,61 St-Woodside,Q
2025-05-05 01:00:00,463,6,Hunters Point Av,Q
2025-05-05 01:00:00,464,7,Vernon Blvd-Jackson Av,Q
2025-05-05 01:00:00,471,4,34 St-Hudson Yards,M
2025-05-05 01:00:00,475,3,96 St,M
2025-05-05 01:00:00,476,3,86 St,M
2025-05-05 01:00:00,477,3,72 St,M
2025-05-05 01:00:00,501,2,St George,SI
2025-05-05 01:00:00,502,3,Tompkinsville,SI
2025-05-05 01:00:00,503,3,Stapleton,SI
2025-05-05 01:00:00,504,3,Clifton,SI
2025-05-05 01:00:00,505,3,Grasmere,SI
2025-05-05 01:00:00,506,3,Old Town,SI
2025-05-05 01:00:00,507,4,Dongan Hills,SI
2025-05-05 01:00:00,508,4,Jefferson Av,SI
2025-05-05 01:00:00,509,4,Grant City,SI
2025-05-05 01:00:00,510,4,New Dorp,SI
2025-05-05 01:00:00,511,4,Oakwood Heights,SI
2025-05-05 01:00:00,512,4,Bay Terrace,SI
2025-05-05 01:00:00,513,4,Great Kills,SI
2025-05-05 01:00:00,514,4,Eltingville,SI
2025-05-05 01:00:00,515,4,Annadale,SI
2025-05-05 01:00:00,516,4,Huguenot,SI
2025-05-05 01:00:00,517,4,Prince's Bay,SI
2025-05-05 01:00:00,518,4,Pleasant Plains,SI
2025-05-05 01:00:00,519,4,Richmond Valley,SI
2025-05-05 01:00:00,522,2,Tottenville,SI
2025-05-05 01:00:00,523,4,Arthur Kill,SI
2025-05-05 01:00:00,601,23,14 St/6 Av,M
2025-05-05 01:00:00,602,15,34 St-Herald Sq,M
2025-05-05 01:00:00,603,3,149 St-Grand Concourse,Bx
2025-05-05 01:00:00,604,6,161 St-Yankee Stadium,Bx
2025-05-05 01:00:00,605,7,168 St-Washington Hts,M
2025-05-05 01:00:00,606,12,Court Sq-23 St,Q
2025-05-05 01:00:00,607,18,34 St-Herald Sq,M
2025-05-05 01:00:00,608,5,4 Av-9 St,B
2025-05-05 01:00:00,609,17,42 St-Bryant Pk/5 Av,M
2025-05-05 01:00:00,610,15,Grand Central-42 St,M
2025-05-05 01:00:00,611,23,Times Sq-42 St/Port Authority Bus Terminal,M
2025-05-05 01:00:00,612,11,Lexington Av/51-53 Sts,M
2025-05-05 01:00:00,613,11,Lexington Av/59 St,M
2025-05-05 01:00:00,614,14,59 St-Columbus Circle,M
2025-05-05 01:00:00,615,4,62 St/New Utrecht Av,B
2025-05-05 01:00:00,616,12,Jackson Hts-Roosevelt Av/74 St-Broadway,Q
2025-05-05 01:00:00,617,20,Atlantic Av-Barclays Ctr,B
2025-05-05 01:00:00,618,7,14 St/8 Av,M
2025-05-05 01:00:00,619,21,Broadway-Lafayette St/Bleecker St,M
2025-05-05 01:00:00,620,13,Borough Hall/Court St,B
2025-05-05 01:00:00,621,3,Broadway Junction,B
2025-05-05 01:00:00,622,6,Brooklyn Bridge-City Hall/Chambers St,M
2025-05-05 01:00:00,623,12,Canal St,M
2025-05-05 01:00:00,624,9,Chambers St/WTC/Park Place/Cortlandt St,M
2025-05-05 01:00:00,625,3,Delancey St-Essex St,M
2025-05-05 01:00:00,626,11,Franklin Av-Medgar Evers College/Botanic Garden,B
2025-05-05 01:00:00,627,6,Franklin Av,B
2025-05-05 01:00:00,628,6,Fulton St,M
2025-05-05 01:00:00,629,13,Metropolitan Av/Lorimer St,B
2025-05-05 01:00:00,630,6,Myrtle-Wyckoff Avs,Q
2025-05-05 01:00:00,635,9,Whitehall St-South Ferry,M
2025-05-05 01:00:00,636,14,Jay St-MetroTech,B
2025-05-05 02:00:00,1,3,Astoria-Ditmars Blvd,Q
2025-05-05 02:00:00,2,3,Astoria Blvd,Q
2025-05-05 02:00:00,3,3,30 Av,Q
2025-05-05 02:00:00,4,3,Broadway,Q
2025-05-05 02:00:00,5,3,36 Av,Q
2025-05-05 02:00:00,6,3,39 Av-Dutch Kills,Q
2025-05-05 02:00:00,8,3,5 Av/59 St,M
2025-05-05 02:00:00,9,8,57 St-7 Av,M
2025-05-05 02:00:00,10,8,49 St,M
2025-05-05 02:00:00,13,9,28 St,M
2025-05-05 02:00:00,14,9,23 St,M
2025-05-05 02:00:00,16,9,8 St-NYU,M
2025-05-05 02:00:00,17,9,Prince St,M
2025-05-05 02:00:00,20,4,City Hall,M
2025-05-05 02:00:00,22,4,Rector St,M
2025-05-05 02:00:00,26,21,DeKalb Av,B
2025-05-05 02:00:00,28,6,Union St,B
2025-05-05 02:00:00,30,7,Prospect Av,B
2025-05-05 02:00:00,31,7,25 St,B
2025-05-05 02:00:00,32,17,36 St,B
2025-05-05 02:00:00,33,12,45 St,B
2025-05-05 02:00:00,34,12,53 St,B
2025-05-05 02:00:00,35,12,59 St,B
2025-05-05 02:00:00,36,6,Bay Ridge Av,B
2025-05-05 02:00:00,37,6,77 St,B
2025-05-05 02:00:00,38,6,86 St,B
2025-05-05 02:00:00,39,3,Bay Ridge-95 St,B
2025-05-05 02:00:00,41,6,7 Av,B
2025-05-05 02:00:00,42,9,Prospect Park,B
2025-05-05 02:00:00,43,6,Parkside Av,B
2025-05-05 02:00:00,44,6,Church Av,B
2025-05-05 02:00:00,45,6,Beverley Rd,B
2025-05-05 02:00:00,46,6,Cortelyou Rd,B
2025-05-05 02:00:00,47,6,Newkirk Plaza,B
2025-05-05 02:00:00,48,6,Avenue H,B
2025-05-05 02:00:00,49,6,Avenue J,B
2025-05-05 02:00:00,50,6,Avenue M,B
2025-05-05 02:00:00,51,6,Kings Hwy,B
2025-05-05 02:00:00,52,6,Avenue U,B
2025-05-05 02:00:00,53,6,Neck Rd,B
2025-05-05 02:00:00,54,6,Sheepshead Bay,B
2025-05-05 02:00:00,55,6,Brighton Beach,B
2025-05-05 02:00:00,56,6,Ocean Pkwy,B
2025-05-05 02:00:00,57,11,W 8 St-NY Aquarium,B
2025-05-05 02:00:00,58,11,Coney Island-Stillwell Av,B
2025-05-05 02:00:00,59,5,9 Av,B
2025-05-05 02:00:00,60,5,Fort Hamilton Pkwy,B
2025-05-05 02:00:00,61,5,50 St,B
2025-05-05 02:00:00,62,5,55 St,B
2025-05-05 02:00:00,64,5,71 St,B
2025-05-05 02:00:00,65,5,79 St,B
2025-05-05 02:00:00,66,5,18 Av,B
2025-05-05 02:00:00,67,5,20 Av,B
2025-05-05 02:00:00,68,5,Bay Pkwy,B
2025-05-05 02:00:00,69,6,25 Av,B
2025-05-05 02:00:00,70,6,Bay 50 St,B
2025-05-05 02:00:00,71,6,8 Av,B
2025-05-05 02:00:00,72,6,Fort Hamilton Pkwy,B
2025-05-05 02:00:00,74,6,18 Av,B
2025-05-05 02:00:00,75,6,20 Av,B
2025-05-05 02:00:00,76,6,Bay Pkwy,B
2025-05-05 02:00:00,77,6,Kings Hwy,B
2025-05-05 02:00:00,78,6,Avenue U,B
2025-05-05 02:00:00,79,6,86 St,B
2025-05-05 02:00:00,80,6,121 St,Q
2025-05-05 02:00:00,81,6,111 St,Q
2025-05-05 02:00:00,82,6,104 St,Q
2025-05-05 02:00:00,83,6,Woodhaven Blvd,Q
2025-05-05 02:00:00,84,6,85 St-Forest Pkwy,Q
2025-05-05 02:00:00,85,6,75 St-Elderts Ln,Q
2025-05-05 02:00:00,86,6,Cypress Hills,B
2025-05-05 02:00:00,87,6,Crescent St,B
2025-05-05 02:00:00,88,6,Norwood Av,B
2025-05-05 02:00:00,89,6,Cleveland St,B
2025-05-05 02:00:00,90,6,Van Siclen Av,B
2025-05-05 02:00:00,91,6,Alabama Av,B
2025-05-05 02:00:00,93,6,Chauncey St,B
2025-05-05 02:00:00,94,6,Halsey St,B
2025-05-05 02:00:00,95,6,Gates Av,B
2025-05-05 02:00:00,96,6,Kosciuszko St,B
2025-05-05 02:00:00,97,9,Myrtle Av,B
2025-05-05 02:00:00,98,6,Flushing Av,B
2025-05-05 02:00:00,99,6,Lorimer St,B
2025-05-05 02:00:00,100,3,Hewes St,B
2025-05-05 02:00:00,108,3,Middle Village-Metropolitan Av,Q
2025-05-05 02:00:00,109,6,Fresh Pond Rd,Q
2025-05-05 02:00:00,110,6,Forest Av,Q
2025-05-05 02:00:00,111,6,Seneca Av,Q
2025-05-05 02:00:00,113,6,Knickerbocker Av,B
2025-05-05 02:00:00,114,6,Central Av,B
2025-05-05 02:00:00,118,6,3 Av,M
2025-05-05 02:00:00,119,6,1 Av,M
2025-05-05 02:00:00,120,6,Bedford Av,B
2025-05-05 02:00:00,122,6,Graham Av,B
2025-05-05 02:00:00,123,6,Grand St,B
2025-05-05 02:00:00,124,6,Montrose Av,B
2025-05-05 02:00:00,125,6,Morgan Av,B
2025-05-05 02:00:00,126,6,Jefferson St,B
2025-05-05 02:00:00,127,6,DeKalb Av,B
2025-05-05 02:00:00,129,6,Halsey St,B
2025-05-05 02:00:00,130,6,Wilson Av,B
2025-05-05 02:00:00,131,6,Bushwick Av-Aberdeen St,B
2025-05-05 02:00:00,133,6,Atlantic Av,B
2025-05-05 02:00:00,134,6,Sutter Av,B
2025-05-05 02:00:00,135,6,Livonia Av,B
2025-05-05 02:00:00,136,6,New Lots Av,B
2025-05-05 02:00:00,137,6,East 105 St,B
2025-05-05 02:00:00,138,3,Canarsie-Rockaway Pkwy,B
2025-05-05 02:00:00,141,6,Park Pl,B
2025-05-05 02:00:00,143,3,Inwood-207 St,M
2025-05-05 02:00:00,144,3,Dyckman St,M
2025-05-05 02:00:00,145,3,190 St,M
2025-05-05 02:00:00,146,3,181 St,M
2025-05-05 02:00:00,147,3,175 St,M
2025-05-05 02:00:00,149,3,163 St-Amsterdam Av,M
2025-05-05 02:00:00,150,3,155 St,M
2025-05-05 02:00:00,152,3,135 St,M
2025-05-05 02:00:00,153,6,125 St,M
2025-05-05 02:00:00,154,3,116 St,M
2025-05-05 02:00:00,155,3,Cathedral Pkwy (110 St),M
2025-05-05 02:00:00,156,3,103 St,M
2025-05-05 02:00:00,157,3,96 St,M
2025-05-05 02:00:00,158,3,86 St,M
2025-05-05 02:00:00,159,3,81 St-Museum of Natural History,M
2025-05-05 02:00:00,160,4,72 St,M
2025-05-05 02:00:00,162,4,50 St,M
2025-05-05 02:00:00,164,4,34 St-Penn Station,M
2025-05-05 02:00:00,165,4,23 St,M
2025-05-05 02:00:00,168,4,Spring St,M
2025-05-05 02:00:00,169,4,Canal St,M
2025-05-05 02:00:00,173,5,High St,B
2025-05-05 02:00:00,175,8,Hoyt-Schermerhorn Sts,B
2025-05-05 02:00:00,176,5,Lafayette Av,B
2025-05-05 02:00:00,177,5,Clinton-Washington Avs,B
2025-05-05 02:00:00,179,5,Nostrand Av,B
2025-05-05 02:00:00,180,5,Kingston-Throop Avs,B
2025-05-05 02:00:00,181,5,Utica Av,B
2025-05-05 02:00:00,182,5,Ralph Av,B
2025-05-05 02:00:00,183,5,Rockaway Av,B
2025-05-05 02:00:00,185,6,Liberty Av,B
2025-05-05 02:00:00,186,6,Van Siclen Av,B
2025-05-05 02:00:00,187,6,Shepherd Av,B
2025-05-05 02:00:00,188,9,Euclid Av,B
2025-05-05 02:00:00,189,12,Grant Av,B
2025-05-05 02:00:00,190,12,80 St,Q
2025-05-05 02:00:00,191,12,88 St,Q
2025-05-05 02:00:00,192,12,Rockaway Blvd,Q
2025-05-05 02:00:00,193,6,104 St,Q
2025-05-05 02:00:00,194,6,111 St,Q
2025-05-05 02:00:00,195,3,Ozone Park-Lefferts Blvd,Q
2025-05-05 02:00:00,196,3,Aqueduct Racetrack,Q
2025-05-05 02:00:00,197,6,Aqueduct-N Conduit Av,Q
2025-05-05 02:00:00,198,3,Howard Beach-JFK Airport,Q
2025-05-05 02:00:00,200,6,Beach 90 St,Q
2025-05-05 02:00:00,201,6,Beach 98 St,Q
2025-05-05 02:00:00,202,6,Beach 105 St,Q
2025-05-05 02:00:00,203,3,Rockaway Park-Beach 116 St,Q
2025-05-05 02:00:00,204,6,Beach 67 St,Q
2025-05-05 02:00:00,205,6,Beach 60 St,Q
2025-05-05 02:00:00,206,6,Beach 44 St,Q
2025-05-05 02:00:00,207,6,Beach 36 St,Q
2025-05-05 02:00:00,208,6,Beach 25 St,Q
2025-05-05 02:00:00,209,3,Far Rockaway-Mott Av,Q
2025-05-05 02:00:00,210,3,Norwood-205 St,Bx
2025-05-05 02:00:00,211,3,Bedford Park Blvd,Bx
2025-05-05 02:00:00,212,3,Kingsbridge Rd,Bx
2025-05-05 02:00:00,213,3,Fordham Rd,Bx
2025-05-05 02:00:00,214,3,182-183 Sts,Bx
2025-05-05 02:00:00,215,3,Tremont Av,Bx
2025-05-05 02:00:00,216,3,174-175 Sts,Bx
2025-05-05 02:00:00,217,3,170 St,Bx
2025-05-05 02:00:00,218,3,167 St,Bx
2025-05-05 02:00:00,220,3,155 St,M
2025-05-05 02:00:00,221,6,21 St-Queensbridge,Q
2025-05-05 02:00:00,222,6,Roosevelt Island,M
2025-05-05 02:00:00,223,11,Lexington Av/63 St,M
2025-05-05 02:00:00,224,6,57 St,M
2025-05-05 02:00:00,225,12,47-50 Sts-Rockefeller Ctr,M
2025-05-05 02:00:00,228,9,23 St,M
2025-05-05 02:00:00,231,3,Grand St,M
2025-05-05 02:00:00,232,6,2 Av,M
2025-05-05 02:00:00,234,4,East Broadway,M
2025-05-05 02:00:00,235,4,York St,B
2025-05-05 02:00:00,236,4,Bergen St,B
2025-05-05 02:00:00,237,4,Carroll St,B
2025-05-05 02:00:00,238,4,Smith-9 Sts,B
2025-05-05 02:00:00,240,4,7 Av,B
2025-05-05 02:00:00,241,4,15 St-Prospect Park,B
2025-05-05 02:00:00,242,4,Fort Hamilton Pkwy,B
2025-05-05 02:00:00,243,4,Church Av,B
2025-05-05 02:00:00,244,5,Ditmas Av,B
2025-05-05 02:00:00,245,5,18 Av,B
2025-05-05 02:00:00,246,5,Avenue I,B
2025-05-05 02:00:00,247,5,Bay Pkwy,B
2025-05-05 02:00:00,248,5,Avenue N,B
2025-05-05 02:00:00,249,5,Avenue P,B
2025-05-05 02:00:00,250,5,Kings Hwy,B
2025-05-05 02:00:00,251,5,Avenue U,B
2025-05-05 02:00:00,252,5,Avenue X,B
2025-05-05 02:00:00,253,5,Neptune Av,B
2025-05-05 02:00:00,254,3,Jamaica-179 St,Q
2025-05-05 02:00:00,255,3,169 St,Q
2025-05-05 02:00:00,256,3,Parsons Blvd,Q
2025-05-05 02:00:00,257,3,Sutphin Blvd,Q
2025-05-05 02:00:00,258,8,Briarwood,Q
2025-05-05 02:00:00,259,9,Kew Gardens-Union Tpke,Q
2025-05-05 02:00:00,260,9,75 Av,Q
2025-05-05 02:00:00,261,9,Forest Hills-71 Av,Q
2025-05-05 02:00:00,262,9,67 Av,Q
2025-05-05 02:00:00,263,9,63 Dr-Rego Park,Q
2025-05-05 02:00:00,264,9,Woodhaven Blvd,Q
2025-05-05 02:00:00,265,9,Grand Av-Newtown,Q
2025-05-05 02:00:00,266,9,Elmhurst Av,Q
2025-05-05 02:00:00,268,9,65 St,Q
2025-05-05 02:00:00,269,9,Northern Blvd,Q
2025-05-05 02:00:00,270,9,46 St,Q
2025-05-05 02:00:00,271,9,Steinway St,Q
2025-05-05 02:00:00,272,9,36 St,Q
2025-05-05 02:00:00,273,3,Queens Plaza,Q
2025-05-05 02:00:00,276,3,5 Av/53 St,M
2025-05-05 02:00:00,277,3,7 Av,M
2025-05-05 02:00:00,278,6,Jamaica Center-Parsons/Archer,Q
2025-05-05 02:00:00,279,11,Sutphin Blvd-Archer Av-JFK Airport,Q
2025-05-05 02:00:00,280,5,Jamaica-Van Wyck,Q
2025-05-05 02:00:00,282,6,21 St,Q
2025-05-05 02:00:00,283,6,Greenpoint Av,B
2025-05-05 02:00:00,284,6,Nassau Av,B
2025-05-05 02:00:00,286,6,Broadway,B
2025-05-05 02:00:00,287,6,Flushing Av,B
2025-05-05 02:00:00,288,6,Myrtle-Willoughby Avs,B
2025-05-05 02:00:00,289,6,Bedford-Nostrand Avs,B
2025-05-05 02:00:00,290,6,Classon Av,B
2025-05-05 02:00:00,291,6,Clinton-Washington Avs,B
2025-05-05 02:00:00,292,6,Fulton St,B
2025-05-05 02:00:00,293,3,Van Cortlandt Park-242 St,Bx
2025-05-05 02:00:00,294,6,238 St,Bx
2025-05-05 02:00:00,295,6,231 St,Bx
2025-05-05 02:00:00,296,6,Marble Hill-225 St,M
2025-05-05 02:00:00,297,6,215 St,M
2025-05-05 02:00:00,298,6,207 St,M
2025-05-05 02:00:00,299,6,Dyckman St,M
2025-05-05 02:00:00,300,6,191 St,M
2025-05-05 02:00:00,301,6,181 St,M
2025-05-05 02:00:00,303,6,157 St,M
2025-05-05 02:00:00,304,6,145 St,M
2025-05-05 02:00:00,305,6,137 St-City College,M
2025-05-05 02:00:00,306,6,125 St,M
2025-05-05 02:00:00,307,6,116 St-Columbia University,M
2025-05-05 02:00:00,308,6,Cathedral Pkwy (110 St),M
2025-05-05 02:00:00,309,6,103 St,M
2025-05-05 02:00:00,310,15,96 St,M
2025-05-05 02:00:00,311,9,86 St,M
2025-05-05 02:00:00,312,9,79 St,M
2025-05-05 02:00:00,313,15,72 St,M
2025-05-05 02:00:00,314,9,66 St-Lincoln Center,M
2025-05-05 02:00:00,316,9,50 St,M
2025-05-05 02:00:00,318,13,34 St-Penn Station,M
2025-05-05 02:00:00,319,10,28 St,M
2025-05-05 02:00:00,320,10,23 St,M
2025-05-05 02:00:00,321,10,18 St,M
2025-05-05 02:00:00,323,10,Christopher St-Stonewall,M
2025-05-05 02:00:00,324,10,Houston St,M
2025-05-05 02:00:00,325,10,Canal St,M
2025-05-05 02:00:00,326,10,Franklin St,M
2025-05-05 02:00:00,327,10,Chambers St,M
2025-05-05 02:00:00,328,6,WTC Cortlandt,M
2025-05-05 02:00:00,329,6,Rector St,M
2025-05-05 02:00:00,333,4,Wall St,M
2025-05-05 02:00:00,334,5,Clark St,B
2025-05-05 02:00:00,336,5,Hoyt St,B
2025-05-05 02:00:00,337,11,Nevins St,B
2025-05-05 02:00:00,339,11,Bergen St,B
2025-05-05 02:00:00,340,11,Grand Army Plaza,B
2025-05-05 02:00:00,341,11,Eastern Pkwy-Brooklyn Museum,B
2025-05-05 02:00:00,343,6,Nostrand Av,B
2025-05-05 02:00:00,344,6,Kingston Av,B
2025-05-05 02:00:00,345,6,Crown Hts-Utica Av,B
2025-05-05 02:00:00,346,6,Sutter Av-Rutland Rd,B
2025-05-05 02:00:00,347,6,Saratoga Av,B
2025-05-05 02:00:00,348,6,Rockaway Av,B
2025-05-05 02:00:00,349,6,Junius St,B
2025-05-05 02:00:00,350,6,Pennsylvania Av,B
2025-05-05 02:00:00,351,6,Van Siclen Av,B
2025-05-05 02:00:00,352,3,New Lots Av,B
2025-05-05 02:00:00,353,5,President St-Medgar Evers College,B
2025-05-05 02:00:00,354,5,Sterling St,B
2025-05-05 02:00:00,355,5,Winthrop St,B
2025-05-05 02:00:00,356,6,Church Av,B
2025-05-05 02:00:00,357,6,Beverly Rd,B
2025-05-05 02:00:00,358,6,Newkirk Av-Little Haiti,B
2025-05-05 02:00:00,359,3,Flatbush Av-Brooklyn College,B
2025-05-05 02:00:00,360,3,Pelham Bay Park,Bx
2025-05-05 02:00:00,361,6,Buhre Av,Bx
2025-05-05 02:00:00,362,6,Middletown Rd,Bx
2025-05-05 02:00:00,363,6,Westchester Sq-E Tremont Av,Bx
2025-05-05 02:00:00,364,6,Zerega Av,Bx
2025-05-05 02:00:00,365,6,Castle Hill Av,Bx
2025-05-05 02:00:00,366,6,Parkchester,Bx
2025-05-05 02:00:00,367,3,St Lawrence Av,Bx
2025-05-05 02:00:00,368,3,Morrison Av-Soundview,Bx
2025-05-05 02:00:00,369,3,Elder Av,Bx
2025-05-05 02:00:00,370,3,Whitlock Av,Bx
2025-05-05 02:00:00,371,6,Hunts Point Av,Bx
2025-05-05 02:00:00,372,7,Longwood Av,Bx
2025-05-05 02:00:00,373,7,E 149 St,Bx
2025-05-05 02:00:00,374,6,E 143 St-St Mary's St,Bx
2025-05-05 02:00:00,375,6,Cypress Av,Bx
2025-05-05 02:00:00,376,6,Brook Av,Bx
2025-05-05 02:00:00,377,6,3 Av-138 St,Bx
2025-05-05 02:00:00,378,3,Woodlawn,Bx
2025-05-05 02:00:00,379,3,Mosholu Pkwy,Bx
2025-05-05 02:00:00,380,3,Bedford Park Blvd-Lehman College,Bx
2025-05-05 02:00:00,381,3,Kingsbridge Rd,Bx
2025-05-05 02:00:00,382,3,Fordham Rd,Bx
2025-05-05 02:00:00,383,3,183 St,Bx
2025-05-05 02:00:00,384,3,Burnside Av,Bx
2025-05-05 02:00:00,385,3,176 St,Bx
2025-05-05 02:00:00,386,3,Mt Eden Av,Bx
2025-05-05 02:00:00,387,3,170 St,Bx
2025-05-05 02:00:00,388,3,167 St,Bx
2025-05-05 02:00:00,391,4,138 St-Grand Concourse,Bx
2025-05-05 02:00:00,392,10,125 St,M
2025-05-05 02:00:00,393,10,116 St,M
2025-05-05 02:00:00,394,10,110 St,M
2025-05-05 02:00:00,395,11,103 St,M
2025-05-05 02:00:00,396,10,96 St,M
2025-05-05 02:00:00,397,10,86 St,M
2025-05-05 02:00:00,398,10,77 St,M
2025-05-05 02:00:00,399,10,68 St-Hunter College,M
2025-05-05 02:00:00,403,11,33 St,M
2025-05-05 02:00:00,404,11,28 St,M
2025-05-05 02:00:00,405,11,23 St-Baruch College,M
2025-05-05 02:00:00,407,11,Astor Pl,M
2025-05-05 02:00:00,409,11,Spring St,M
2025-05-05 02:00:00,413,5,Wall St,M
2025-05-05 02:00:00,414,5,Bowling Green,M
2025-05-05 02:00:00,416,3,Wakefield-241 St,Bx
2025-05-05 02:00:00,417,3,Nereid Av,Bx
2025-05-05 02:00:00,418,3,233 St,Bx
2025-05-05 02:00:00,419,3,225 St,Bx
2025-05-05 02:00:00,420,3,219 St,Bx
2025-05-05 02:00:00,421,3,Gun Hill Rd,Bx
2025-05-05 02:00:00,422,3,Burke Av,Bx
2025-05-05 02:00:00,423,3,Allerton Av,Bx
2025-05-05 02:00:00,424,3,Pelham Pkwy,Bx
2025-05-05 02:00:00,425,3,Bronx Park East,Bx
2025-05-05 02:00:00,426,6,E 180 St,Bx
2025-05-05 02:00:00,427,3,West Farms Sq-E Tremont Av,Bx
2025-05-05 02:00:00,428,3,174 St,Bx
2025-05-05 02:00:00,429,3,Freeman St,Bx
2025-05-05 02:00:00,430,3,Simpson St,Bx
2025-05-05 02:00:00,431,3,Intervale Av,Bx
2025-05-05 02:00:00,432,3,Prospect Av,Bx
2025-05-05 02:00:00,433,3,Jackson Av,Bx
2025-05-05 02:00:00,434,3,3 Av-149 St,Bx
2025-05-05 02:00:00,436,3,Harlem-148 St,M
2025-05-05 02:00:00,437,6,145 St,M
2025-05-05 02:00:00,438,9,135 St,M
2025-05-05 02:00:00,439,9,125 St,M
2025-05-05 02:00:00,440,9,116 St,M
2025-05-05 02:00:00,441,9,110 St-Malcolm X Plaza,M
2025-05-05 02:00:00,442,3,Eastchester-Dyre Av,Bx
2025-05-05 02:00:00,443,6,Baychester Av,Bx
2025-05-05 02:00:00,444,6,Gun Hill Rd,Bx
2025-05-05 02:00:00,445,6,Pelham Pkwy,Bx
2025-05-05 02:00:00,446,6,Morris Park,Bx
2025-05-05 02:00:00,447,3,Flushing-Main St,Q
2025-05-05 02:00:00,448,6,Mets-Willets Point,Q
2025-05-05 02:00:00,449,3,111 St,Q
2025-05-05 02:00:00,450,3,103 St-Corona Plaza,Q
2025-05-05 02:00:00,451,6,Junction Blvd,Q
2025-05-05 02:00:00,452,3,90 St-Elmhurst Av,Q
2025-05-05 02:00:00,453,3,82 St-Jackson Hts,Q
2025-05-05 02:00:00,455,6,69 St,Q
2025-05-05 02:00:00,456,6,61 St-Woodside,Q
2025-05-05 02:00:00,457,6,61 St-Woodside,Q
2025-05-05 02:00:00,458,6,61 St-Woodside,Q
2025-05-05 02:00:00,459,6,61 St-Woodside,Q
2025-05-05 02:00:00,460,6,61 St-Woodside,Q
2025-05-05 02:00:00,461,6,61 St-Woodside,Q
2025-05-05 02:00:00,463,6,Hunters Point Av,Q
2025-05-05 02:00:00,464,6,Vernon Blvd-Jackson Av,Q
2025-05-05 02:00:00,471,3,34 St-Hudson Yards,M
2025-05-05 02:00:00,475,3,96 St,M
2025-05-05 02:00:00,476,4,86 St,M
2025-05-05 02:00:00,477,4,72 St,M
2025-05-05 02:00:00,501,2,St George,SI
2025-05-05 02:00:00,502,4,Tompkinsville,SI
2025-05-05 02:00:00,503,4,Stapleton,SI
2025-05-05 02:00:00,504,4,Clifton,SI
2025-05-05 02:00:00,505,4,Grasmere,SI
2025-05-05 02:00:00,506,4,Old Town,SI
2025-05-05 02:00:00,507,4,Dongan Hills,SI
2025-05-05 02:00:00,508,4,Jefferson Av,SI
2025-05-05 02:00:00,509,4,Grant City,SI
2025-05-05 02:00:00,510,4,New Dorp,SI
2025-05-05 02:00:00,511,4,Oakwood Heights,SI
2025-05-05 02:00:00,512,4,Bay Terrace,SI
2025-05-05 02:00:00,513,4,Great Kills,SI
2025-05-05 02:00:00,514,4,Eltingville,SI
2025-05-05 02:00:00,515,4,Annadale,SI
2025-05-05 02:00:00,516,4,Huguenot,SI
2025-05-05 02:00:00,517,4,Prince's Bay,SI
2025-05-05 02:00:00,518,4,Pleasant Plains,SI
2025-05-05 02:00:00,519,4,Richmond Valley,SI
2025-05-05 02:00:00,522,2,Tottenville,SI
2025-05-05 02:00:00,523,4,Arthur Kill,SI
2025-05-05 02:00:00,601,25,14 St/6 Av,M
2025-05-05 02:00:00,602,21,34 St-Herald Sq,M
2025-05-05 02:00:00,603,4,149 St-Grand Concourse,Bx
2025-05-05 02:00:00,604,6,161 St-Yankee Stadium,Bx
2025-05-05 02:00:00,605,9,168 St-Washington Hts,M
2025-05-05 02:00:00,606,12,Court Sq-23 St,Q
2025-05-05 02:00:00,607,22,34 St-Herald Sq,M
2025-05-05 02:00:00,608,10,4 Av-9 St,B
2025-05-05 02:00:00,609,18,42 St-Bryant Pk/5 Av,M
2025-05-05 02:00:00,610,17,Grand Central-42 St,M
2025-05-05 02:00:00,611,28,Times Sq-42 St/Port Authority Bus Terminal,M
2025-05-05 02:00:00,612,13,Lexington Av/51-53 Sts,M
2025-05-05 02:00:00,613,13,Lexington Av/59 St,M
2025-05-05 02:00:00,614,16,59 St-Columbus Circle,M
2025-05-05 02:00:00,615,11,62 St/New Utrecht Av,B
2025-05-05 02:00:00,616,15,Jackson Hts-Roosevelt Av/74 St-Broadway,Q
2025-05-05 02:00:00,617,32,Atlantic Av-Barclays Ctr,B
2025-05-05 02:00:00,618,7,14 St/8 Av,M
2025-05-05 02:00:00,619,23,Broadway-Lafayette St/Bleecker St,M
2025-05-05 02:00:00,620,22,Borough Hall/Court St,B
2025-05-05 02:00:00,621,6,Broadway Junction,B
2025-05-05 02:00:00,622,8,Brooklyn Bridge-City Hall/Chambers St,M
2025-05-05 02:00:00,623,15,Canal St,M
2025-05-05 02:00:00,624,12,Chambers St/WTC/Park Place/Cortlandt St,M
2025-05-05 02:00:00,625,4,Delancey St-Essex St,M
2025-05-05 02:00:00,626,17,Franklin Av-Medgar Evers College/Botanic Garden,B
2025-05-05 02:00:00,627,8,Franklin Av,B
2025-05-05 02:00:00,628,9,Fulton St,M
2025-05-05 02:00:00,629,12,Metropolitan Av/Lorimer St,B
2025-05-05 02:00:00,630,6,Myrtle-Wyckoff Avs,Q
2025-05-05 02:00:00,635,10,Whitehall St-South Ferry,M
2025-05-05 02:00:00,636,20,Jay St-MetroTech,B
2025-05-05 03:00:00,1,3,Astoria-Ditmars Blvd,Q
2025-05-05 03:00:00,2,5,Astoria Blvd,Q
2025-05-05 03:00:00,3,5,30 Av,Q
2025-05-05 03:00:00,4,6,Broadway,Q
2025-05-05 03:00:00,5,6,36 Av,Q
2025-05-05 03:00:00,6,6,39 Av-Dutch Kills,Q
2025-05-05 03:00:00,8,6,5 Av/59 St,M
2025-05-05 03:00:00,9,12,57 St-7 Av,M
2025-05-05 03:00:00,10,12,49 St,M
2025-05-05 03:00:00,13,12,28 St,M
2025-05-05 03:00:00,14,12,23 St,M
2025-05-05 03:00:00,16,12,8 St-NYU,M
2025-05-05 03:00:00,17,12,Prince St,M
2025-05-05 03:00:00,20,6,City Hall,M
2025-05-05 03:00:00,22,6,Rector St,M
2025-05-05 03:00:00,26,24,DeKalb Av,B
2025-05-05 03:00:00,28,9,Union St,B
2025-05-05 03:00:00,30,9,Prospect Av,B
2025-05-05 03:00:00,31,9,25 St,B
2025-05-05 03:00:00,32,18,36 St,B
2025-05-05 03:00:00,33,12,45 St,B
2025-05-05 03:00:00,34,12,53 St,B
2025-05-05 03:00:00,35,12,59 St,B
2025-05-05 03:00:00,36,6,Bay Ridge Av,B
2025-05-05 03:00:00,37,6,77 St,B
2025-05-05 03:00:00,38,6,86 St,B
2025-05-05 03:00:00,39,3,Bay Ridge-95 St,B
2025-05-05 03:00:00,41,6,7 Av,B
2025-05-05 03:00:00,42,9,Prospect Park,B
2025-05-05 03:00:00,43,6,Parkside Av,B
2025-05-05 03:00:00,44,6,Church Av,B
2025-05-05 03:00:00,45,6,Beverley Rd,B
2025-05-05 03:00:00,46,6,Cortelyou Rd,B
2025-05-05 03:00:00,47,6,Newkirk Plaza,B
2025-05-05 03:00:00,48,6,Avenue H,B
2025-05-05 03:00:00,49,6,Avenue J,B
2025-05-05 03:00:00,50,6,Avenue M,B
2025-05-05 03:00:00,51,6,Kings Hwy,B
2025-05-05 03:00:00,52,6,Avenue U,B
2025-05-05 03:00:00,53,6,Neck Rd,B
2025-05-05 03:00:00,54,6,Sheepshead Bay,B
2025-05-05 03:00:00,55,6,Brighton Beach,B
2025-05-05 03:00:00,56,6,Ocean Pkwy,B
2025-05-05 03:00:00,57,12,W 8 St-NY Aquarium,B
2025-05-05 03:00:00,58,12,Coney Island-Stillwell Av,B
2025-05-05 03:00:00,59,6,9 Av,B
2025-05-05 03:00:00,60,6,Fort Hamilton Pkwy,B
2025-05-05 03:00:00,61,6,50 St,B
2025-05-05 03:00:00,62,6,55 St,B
2025-05-05 03:00:00,64,6,71 St,B
2025-05-05 03:00:00,65,6,79 St,B
2025-05-05 03:00:00,66,6,18 Av,B
2025-05-05 03:00:00,67,6,20 Av,B
2025-05-05 03:00:00,68,6,Bay Pkwy,B
2025-05-05 03:00:00,69,6,25 Av,B
2025-05-05 03:00:00,70,6,Bay 50 St,B
2025-05-05 03:00:00,71,6,8 Av,B
2025-05-05 03:00:00,72,6,Fort Hamilton Pkwy,B
2025-05-05 03:00:00,74,6,18 Av,B
2025-05-05 03:00:00,75,6,20 Av,B
2025-05-05 03:00:00,76,6,Bay Pkwy,B
2025-05-05 03:00:00,77,6,Kings Hwy,B
2025-05-05 03:00:00,78,6,Avenue U,B
2025-05-05 03:00:00,79,6,86 St,B
2025-05-05 03:00:00,80,6,121 St,Q
2025-05-05 03:00:00,81,6,111 St,Q
2025-05-05 03:00:00,82,6,104 St,Q
2025-05-05 03:00:00,83,6,Woodhaven Blvd,Q
2025-05-05 03:00:00,84,6,85 St-Forest Pkwy,Q
2025-05-05 03:00:00,85,6,75 St-Elderts Ln,Q
2025-05-05 03:00:00,86,6,Cypress Hills,B
2025-05-05 03:00:00,87,6,Crescent St,B
2025-05-05 03:00:00,88,6,Norwood Av,B
2025-05-05 03:00:00,89,6,Cleveland St,B
2025-05-05 03:00:00,90,6,Van Siclen Av,B
2025-05-05 03:00:00,91,6,Alabama Av,B
2025-05-05 03:00:00,93,6,Chauncey St,B
2025-05-05 03:00:00,94,6,Halsey St,B
2025-05-05 03:00:00,95,6,Gates Av,B
2025-05-05 03:00:00,96,6,Kosciuszko St,B
2025-05-05 03:00:00,97,9,Myrtle Av,B
2025-05-05 03:00:00,98,6,Flushing Av,B
2025-05-05 03:00:00,99,6,Lorimer St,B
2025-05-05 03:00:00,100,3,Hewes St,B
2025-05-05 03:00:00,108,3,Middle Village-Metropolitan Av,Q
2025-05-05 03:00:00,109,6,Fresh Pond Rd,Q
2025-05-05 03:00:00,110,6,Forest Av,Q
2025-05-05 03:00:00,111,6,Seneca Av,Q
2025-05-05 03:00:00,113,6,Knickerbocker Av,B
2025-05-05 03:00:00,114,6,Central Av,B
2025-05-05 03:00:00,118,6,3 Av,M
2025-05-05 03:00:00,119,6,1 Av,M
2025-05-05 03:00:00,120,6,Bedford Av,B
2025-05-05 03:00:00,122,6,Graham Av,B
2025-05-05 03:00:00,123,6,Grand St,B
2025-05-05 03:00:00,124,6,Montrose Av,B
2025-05-05 03:00:00,125,6,Morgan Av,B
2025-05-05 03:00:00,126,6,Jefferson St,B
2025-05-05 03:00:00,127,6,DeKalb Av,B
2025-05-05 03:00:00,129,6,Halsey St,B
2025-05-05 03:00:00,130,6,Wilson Av,B
2025-05-05 03:00:00,131,6,Bushwick Av-Aberdeen St,B
2025-05-05 03:00:00,133,6,Atlantic Av,B
2025-05-05 03:00:00,134,6,Sutter Av,B
2025-05-05 03:00:00,135,6,Livonia Av,B
2025-05-05 03:00:00,136,6,New Lots Av,B
2025-05-05 03:00:00,137,6,East 105 St,B
2025-05-05 03:00:00,138,3,Canarsie-Rockaway Pkwy,B
2025-05-05 03:00:00,141,6,Park Pl,B
2025-05-05 03:00:00,143,3,Inwood-207 St,M
2025-05-05 03:00:00,144,5,Dyckman St,M
2025-05-05 03:00:00,145,5,190 St,M
2025-05-05 03:00:00,146,5,181 St,M
2025-05-05 03:00:00,147,5,175 St,M
2025-05-05 03:00:00,149,6,163 St-Amsterdam Av,M
2025-05-05 03:00:00,150,6,155 St,M
2025-05-05 03:00:00,152,6,135 St,M
2025-05-05 03:00:00,153,11,125 St,M
2025-05-05 03:00:00,154,6,116 St,M
2025-05-05 03:00:00,155,6,Cathedral Pkwy (110 St),M
2025-05-05 03:00:00,156,6,103 St,M
2025-05-05 03:00:00,157,6,96 St,M
2025-05-05 03:00:00,158,6,86 St,M
2025-05-05 03:00:00,159,6,81 St-Museum of Natural History,M
2025-05-05 03:00:00,160,6,72 St,M
2025-05-05 03:00:00,162,6,50 St,M
2025-05-05 03:00:00,164,6,34 St-Penn Station,M
2025-05-05 03:00:00,165,6,23 St,M
2025-05-05 03:00:00,168,6,Spring St,M
2025-05-05 03:00:00,169,6,Canal St,M
2025-05-05 03:00:00,173,6,High St,B
2025-05-05 03:00:00,175,9,Hoyt-Schermerhorn Sts,B
2025-05-05 03:00:00,176,6,Lafayette Av,B
2025-05-05 03:00:00,177,6,Clinton-Washington Avs,B
2025-05-05 03:00:00,179,6,Nostrand Av,B
2025-05-05 03:00:00,180,6,Kingston-Throop Avs,B
2025-05-05 03:00:00,181,6,Utica Av,B
2025-05-05 03:00:00,182,6,Ralph Av,B
2025-05-05 03:00:00,183,6,Rockaway Av,B
2025-05-05 03:00:00,185,6,Liberty Av,B
2025-05-05 03:00:00,186,6,Van Siclen Av,B
2025-05-05 03:00:00,187,6,Shepherd Av,B
2025-05-05 03:00:00,188,9,Euclid Av,B
2025-05-05 03:00:00,189,12,Grant Av,B
2025-05-05 03:00:00,190,12,80 St,Q
2025-05-05 03:00:00,191,12,88 St,Q
2025-05-05 03:00:00,192,12,Rockaway Blvd,Q
2025-05-05 03:00:00,193,6,104 St,Q
2025-05-05 03:00:00,194,6,111 St,Q
2025-05-05 03:00:00,195,3,Ozone Park-Lefferts Blvd,Q
2025-05-05 03:00:00,196,3,Aqueduct Racetrack,Q
2025-05-05 03:00:00,197,6,Aqueduct-N Conduit Av,Q
2025-05-05 03:00:00,198,3,Howard Beach-JFK Airport,Q
2025-05-05 03:00:00,200,6,Beach 90 St,Q
2025-05-05 03:00:00,201,6,Beach 98 St,Q
2025-05-05 03:00:00,202,6,Beach 105 St,Q
2025-05-05 03:00:00,203,3,Rockaway Park-Beach 116 St,Q
2025-05-05 03:00:00,204,6,Beach 67 St,Q
2025-05-05 03:00:00,205,6,Beach 60 St,Q
2025-05-05 03:00:00,206,6,Beach 44 St,Q
2025-05-05 03:00:00,207,6,Beach 36 St,Q
2025-05-05 03:00:00,208,6,Beach 25 St,Q
2025-05-05 03:00:00,209,3,Far Rockaway-Mott Av,Q
2025-05-05 03:00:00,210,3,Norwood-205 St,Bx
2025-05-05 03:00:00,211,4,Bedford Park Blvd,Bx
2025-05-05 03:00:00,212,4,Kingsbridge Rd,Bx
2025-05-05 03:00:00,213,4,Fordham Rd,Bx
2025-05-05 03:00:00,214,4,182-183 Sts,Bx
2025-05-05 03:00:00,215,4,Tremont Av,Bx
2025-05-05 03:00:00,216,5,174-175 Sts,Bx
2025-05-05 03:00:00,217,5,170 St,Bx
2025-05-05 03:00:00,218,5,167 St,Bx
2025-05-05 03:00:00,220,5,155 St,M
2025-05-05 03:00:00,221,8,21 St-Queensbridge,Q
2025-05-05 03:00:00,222,9,Roosevelt Island,M
2025-05-05 03:00:00,223,15,Lexington Av/63 St,M
2025-05-05 03:00:00,224,9,57 St,M
2025-05-05 03:00:00,225,18,47-50 Sts-Rockefeller Ctr,M
2025-05-05 03:00:00,228,12,23 St,M
2025-05-05 03:00:00,231,6,Grand St,M
2025-05-05 03:00:00,232,9,2 Av,M
2025-05-05 03:00:00,234,6,East Broadway,M
2025-05-05 03:00:00,235,6,York St,B
2025-05-05 03:00:00,236,6,Bergen St,B
2025-05-05 03:00:00,237,6,Carroll St,B
2025-05-05 03:00:00,238,6,Smith-9 Sts,B
2025-05-05 03:00:00,240,6,7 Av,B
2025-05-05 03:00:00,241,6,15 St-Prospect Park,B
2025-05-05 03:00:00,242,6,Fort Hamilton Pkwy,B
2025-05-05 03:00:00,243,6,Church Av,B
2025-05-05 03:00:00,244,6,Ditmas Av,B
2025-05-05 03:00:00,245,6,18 Av,B
2025-05-05 03:00:00,246,6,Avenue I,B
2025-05-05 03:00:00,247,6,Bay Pkwy,B
2025-05-05 03:00:00,248,6,Avenue N,B
2025-05-05 03:00:00,249,6,Avenue P,B
2025-05-05 03:00:00,250,6,Kings Hwy,B
2025-05-05 03:00:00,251,6,Avenue U,B
2025-05-05 03:00:00,252,6,Avenue X,B
2025-05-05 03:00:00,253,6,Neptune Av,B
2025-05-05 03:00:00,254,3,Jamaica-179 St,Q
2025-05-05 03:00:00,255,3,169 St,Q
2025-05-05 03:00:00,256,4,Parsons Blvd,Q
2025-05-05 03:00:00,257,4,Sutphin Blvd,Q
2025-05-05 03:00:00,258,10,Briarwood,Q
2025-05-05 03:00:00,259,10,Kew Gardens-Union Tpke,Q
2025-05-05 03:00:00,260,10,75 Av,Q
2025-05-05 03:00:00,261,10,Forest Hills-71 Av,Q
2025-05-05 03:00:00,262,10,67 Av,Q
2025-05-05 03:00:00,263,11,63 Dr-Rego Park,Q
2025-05-05 03:00:00,264,11,Woodhaven Blvd,Q
2025-05-05 03:00:00,265,11,Grand Av-Newtown,Q
2025-05-05 03:00:00,266,11,Elmhurst Av,Q
2025-05-05 03:00:00,268,11,65 St,Q
2025-05-05 03:00:00,269,11,Northern Blvd,Q
2025-05-05 03:00:00,270,11,46 St,Q
2025-05-05 03:00:00,271,11,Steinway St,Q
2025-05-05 03:00:00,272,11,36 St,Q
2025-05-05 03:00:00,273,3,Queens Plaza,Q
2025-05-05 03:00:00,276,3,5 Av/53 St,M
2025-05-05 03:00:00,277,6,7 Av,M
2025-05-05 03:00:00,278,6,Jamaica Center-Parsons/Archer,Q
2025-05-05 03:00:00,279,12,Sutphin Blvd-Archer Av-JFK Airport,Q
2025-05-05 03:00:00,280,6,Jamaica-Van Wyck,Q
2025-05-05 03:00:00,282,6,21 St,Q
2025-05-05 03:00:00,283,6,Greenpoint Av,B
2025-05-05 03:00:00,284,6,Nassau Av,B
2025-05-05 03:00:00,286,6,Broadway,B
2025-05-05 03:00:00,287,6,Flushing Av,B
2025-05-05 03:00:00,288,6,Myrtle-Willoughby Avs,B
2025-05-05 03:00:00,289,6,Bedford-Nostrand Avs,B
2025-05-05 03:00:00,290,6,Classon Av,B
2025-05-05 03:00:00,291,6,Clinton-Washington Avs,B
2025-05-05 03:00:00,292,6,Fulton St,B
2025-05-05 03:00:00,293,3,Van Cortlandt Park-242 St,Bx
2025-05-05 03:00:00,294,6,238 St,Bx
2025-05-05 03:00:00,295,6,231 St,Bx
2025-05-05 03:00:00,296,6,Marble Hill-225 St,M
2025-05-05 03:00:00,297,6,215 St,M
2025-05-05 03:00:00,298,6,207 St,M
2025-05-05 03:00:00,299,6,Dyckman St,M
2025-05-05 03:00:00,300,6,191 St,M
2025-05-05 03:00:00,301,6,181 St,M
2025-05-05 03:00:00,303,6,157 St,M
2025-05-05 03:00:00,304,6,145 St,M
2025-05-05 03:00:00,305,6,137 St-City College,M
2025-05-05 03:00:00,306,6,125 St,M
2025-05-05 03:00:00,307,6,116 St-Columbia University,M
2025-05-05 03:00:00,308,6,Cathedral Pkwy (110 St),M
2025-05-05 03:00:00,309,6,103 St,M
2025-05-05 03:00:00,310,18,96 St,M
2025-05-05 03:00:00,311,12,86 St,M
2025-05-05 03:00:00,312,12,79 St,M
2025-05-05 03:00:00,313,18,72 St,M
2025-05-05 03:00:00,314,12,66 St-Lincoln Center,M
2025-05-05 03:00:00,316,12,50 St,M
2025-05-05 03:00:00,318,15,34 St-Penn Station,M
2025-05-05 03:00:00,319,12,28 St,M
2025-05-05 03:00:00,320,12,23 St,M
2025-05-05 03:00:00,321,12,18 St,M
2025-05-05 03:00:00,323,12,Christopher St-Stonewall,M
2025-05-05 03:00:00,324,12,Houston St,M
2025-05-05 03:00:00,325,12,Canal St,M
2025-05-05 03:00:00,326,12,Franklin St,M
2025-05-05 03:00:00,327,12,Chambers St,M
2025-05-05 03:00:00,328,6,WTC Cortlandt,M
2025-05-05 03:00:00,329,6,Rector St,M
2025-05-05 03:00:00,333,6,Wall St,M
2025-05-05 03:00:00,334,6,Clark St,B
2025-05-05 03:00:00,336,6,Hoyt St,B
2025-05-05 03:00:00,337,12,Nevins St,B
2025-05-05 03:00:00,339,12,Bergen St,B
2025-05-05 03:00:00,340,12,Grand Army Plaza,B
2025-05-05 03:00:00,341,12,Eastern Pkwy-Brooklyn Museum,B
2025-05-05 03:00:00,343,6,Nostrand Av,B
2025-05-05 03:00:00,344,6,Kingston Av,B
2025-05-05 03:00:00,345,6,Crown Hts-Utica Av,B
2025-05-05 03:00:00,346,6,Sutter Av-Rutland Rd,B
2025-05-05 03:00:00,347,6,Saratoga Av,B
2025-05-05 03:00:00,348,6,Rockaway Av,B
2025-05-05 03:00:00,349,6,Junius St,B
2025-05-05 03:00:00,350,6,Pennsylvania Av,B
2025-05-05 03:00:00,351,6,Van Siclen Av,B
2025-05-05 03:00:00,352,3,New Lots Av,B
2025-05-05 03:00:00,353,6,President St-Medgar Evers College,B
2025-05-05 03:00:00,354,6,Sterling St,B
2025-05-05 03:00:00,355,6,Winthrop St,B
2025-05-05 03:00:00,356,6,Church Av,B
2025-05-05 03:00:00,357,6,Beverly Rd,B
2025-05-05 03:00:00,358,6,Newkirk Av-Little Haiti,B
2025-05-05 03:00:00,359,3,Flatbush Av-Brooklyn College,B
2025-05-05 03:00:00,360,3,Pelham Bay Park,Bx
2025-05-05 03:00:00,361,6,Buhre Av,Bx
2025-05-05 03:00:00,362,6,Middletown Rd,Bx
2025-05-05 03:00:00,363,6,Westchester Sq-E Tremont Av,Bx
2025-05-05 03:00:00,364,6,Zerega Av,Bx
2025-05-05 03:00:00,365,6,Castle Hill Av,Bx
2025-05-05 03:00:00,366,6,Parkchester,Bx
2025-05-05 03:00:00,367,3,St Lawrence Av,Bx
2025-05-05 03:00:00,368,3,Morrison Av-Soundview,Bx
2025-05-05 03:00:00,369,3,Elder Av,Bx
2025-05-05 03:00:00,370,3,Whitlock Av,Bx
2025-05-05 03:00:00,371,6,Hunts Point Av,Bx
2025-05-05 03:00:00,372,6,Longwood Av,Bx
2025-05-05 03:00:00,373,6,E 149 St,Bx
2025-05-05 03:00:00,374,6,E 143 St-St Mary's St,Bx
2025-05-05 03:00:00,375,6,Cypress Av,Bx
2025-05-05 03:00:00,376,6,Brook Av,Bx
2025-05-05 03:00:00,377,6,3 Av-138 St,Bx
2025-05-05 03:00:00,378,3,Woodlawn,Bx
2025-05-05 03:00:00,379,5,Mosholu Pkwy,Bx
2025-05-05 03:00:00,380,5,Bedford Park Blvd-Lehman College,Bx
2025-05-05 03:00:00,381,5,Kingsbridge Rd,Bx
2025-05-05 03:00:00,382,6,Fordham Rd,Bx
2025-05-05 03:00:00,383,6,183 St,Bx
2025-05-05 03:00:00,384,6,Burnside Av,Bx
2025-05-05 03:00:00,385,6,176 St,Bx
2025-05-05 03:00:00,386,6,Mt Eden Av,Bx
2025-05-05 03:00:00,387,6,170 St,Bx
2025-05-05 03:00:00,388,6,167 St,Bx
2025-05-05 03:00:00,391,6,138 St-Grand Concourse,Bx
2025-05-05 03:00:00,392,12,125 St,M
2025-05-05 03:00:00,393,12,116 St,M
2025-05-05 03:00:00,394,12,110 St,M
2025-05-05 03:00:00,395,12,103 St,M
2025-05-05 03:00:00,396,12,96 St,M
2025-05-05 03:00:00,397,12,86 St,M
2025-05-05 03:00:00,398,12,77 St,M
2025-05-05 03:00:00,399,12,68 St-Hunter College,M
2025-05-05 03:00:00,403,12,33 St,M
2025-05-05 03:00:00,404,12,28 St,M
2025-05-05 03:00:00,405,12,23 St-Baruch College,M
2025-05-05 03:00:00,407,12,Astor Pl,M
2025-05-05 03:00:00,409,12,Spring St,M
2025-05-05 03:00:00,413,6,Wall St,M
2025-05-05 03:00:00,414,6,Bowling Green,M
2025-05-05 03:00:00,416,3,Wakefield-241 St,Bx
2025-05-05 03:00:00,417,5,Nereid Av,Bx
2025-05-05 03:00:00,418,5,233 St,Bx
2025-05-05 03:00:00,419,5,225 St,Bx
2025-05-05 03:00:00,420,5,219 St,Bx
2025-05-05 03:00:00,421,4,Gun Hill Rd,Bx
2025-05-05 03:00:00,422,4,Burke Av,Bx
2025-05-05 03:00:00,423,4,Allerton Av,Bx
2025-05-05 03:00:00,424,4,Pelham Pkwy,Bx
2025-05-05 03:00:00,425,4,Bronx Park East,Bx
2025-05-05 03:00:00,426,8,E 180 St,Bx
2025-05-05 03:00:00,427,5,West Farms Sq-E Tremont Av,Bx
2025-05-05 03:00:00,428,5,174 St,Bx
2025-05-05 03:00:00,429,5,Freeman St,Bx
2025-05-05 03:00:00,430,5,Simpson St,Bx
2025-05-05 03:00:00,431,5,Intervale Av,Bx
2025-05-05 03:00:00,432,5,Prospect Av,Bx
2025-05-05 03:00:00,433,5,Jackson Av,Bx
2025-05-05 03:00:00,434,5,3 Av-149 St,Bx
2025-05-05 03:00:00,436,3,Harlem-148 St,M
2025-05-05 03:00:00,437,6,145 St,M
2025-05-05 03:00:00,438,12,135 St,M
2025-05-05 03:00:00,439,12,125 St,M
2025-05-05 03:00:00,440,12,116 St,M
2025-05-05 03:00:00,441,12,110 St-Malcolm X Plaza,M
2025-05-05 03:00:00,442,3,Eastchester-Dyre Av,Bx
2025-05-05 03:00:00,443,6,Baychester Av,Bx
2025-05-05 03:00:00,444,6,Gun Hill Rd,Bx
2025-05-05 03:00:00,445,6,Pelham Pkwy,Bx
2025-05-05 03:00:00,446,6,Morris Park,Bx
2025-05-05 03:00:00,447,3,Flushing-Main St,Q
2025-05-05 03:00:00,448,6,Mets-Willets Point,Q
2025-05-05 03:00:00,449,6,111 St,Q
2025-05-05 03:00:00,450,6,103 St-Corona Plaza,Q
2025-05-05 03:00:00,451,6,Junction Blvd,Q
2025-05-05 03:00:00,452,6,90 St-Elmhurst Av,Q
2025-05-05 03:00:00,453,6,82 St-Jackson Hts,Q
2025-05-05 03:00:00,455,6,69 St,Q
2025-05-05 03:00:00,456,6,61 St-Woodside,Q
2025-05-05 03:00:00,457,6,61 St-Woodside,Q
2025-05-05 03:00:00,458,6,61 St-Woodside,Q
2025-05-05 03:00:00,459,6,61 St-Woodside,Q
2025-05-05 03:00:00,460,6,61 St-Woodside,Q
2025-05-05 03:00:00,461,6,61 St-Woodside,Q
2025-05-05 03:00:00,463,6,Hunters Point Av,Q
2025-05-05 03:00:00,464,6,Vernon Blvd-Jackson Av,Q
2025-05-05 03:00:00,471,3,34 St-Hudson Yards,M
2025-05-05 03:00:00,475,3,96 St,M
2025-05-05 03:00:00,476,6,86 St,M
2025-05-05 03:00:00,477,6,72 St,M
2025-05-05 03:00:00,501,2,St George,SI
2025-05-05 03:00:00,502,4,Tompkinsville,SI
2025-05-05 03:00:00,503,4,Stapleton,SI
2025-05-05 03:00:00,504,4,Clifton,SI
2025-05-05 03:00:00,505,4,Grasmere,SI
2025-05-05 03:00:00,506,4,Old Town,SI
2025-05-05 03:00:00,507,4,Dongan Hills,SI
2025-05-05 03:00:00,508,4,Jefferson Av,SI
2025-05-05 03:00:00,509,4,Grant City,SI
2025-05-05 03:00:00,510,4,New Dorp,SI
2025-05-05 03:00:00,511,4,Oakwood Heights,SI
2025-05-05 03:00:00,512,4,Bay Terrace,SI
2025-05-05 03:00:00,513,4,Great Kills,SI
2025-05-05 03:00:00,514,4,Eltingville,SI
2025-05-05 03:00:00,515,4,Annadale,SI
2025-05-05 03:00:00,516,4,Huguenot,SI
2025-05-05 03:00:00,517,4,Prince's Bay,SI
2025-05-05 03:00:00,518,4,Pleasant Plains,SI
2025-05-05 03:00:00,519,4,Richmond Valley,SI
2025-05-05 03:00:00,522,2,Tottenville,SI
2025-05-05 03:00:00,523,4,Arthur Kill,SI
2025-05-05 03:00:00,601,30,14 St/6 Av,M
2025-05-05 03:00:00,602,25,34 St-Herald Sq,M
2025-05-05 03:00:00,603,6,149 St-Grand Concourse,Bx
2025-05-05 03:00:00,604,11,161 St-Yankee Stadium,Bx
2025-05-05 03:00:00,605,12,168 St-Washington Hts,M
2025-05-05 03:00:00,606,12,Court Sq-23 St,Q
2025-05-05 03:00:00,607,31,34 St-Herald Sq,M
2025-05-05 03:00:00,608,15,4 Av-9 St,B
2025-05-05 03:00:00,609,24,42 St-Bryant Pk/5 Av,M
2025-05-05 03:00:00,610,18,Grand Central-42 St,M
2025-05-05 03:00:00,611,36,Times Sq-42 St/Port Authority Bus Terminal,M
2025-05-05 03:00:00,612,15,Lexington Av/51-53 Sts,M
2025-05-05 03:00:00,613,18,Lexington Av/59 St,M
2025-05-05 03:00:00,614,24,59 St-Columbus Circle,M
2025-05-05 03:00:00,615,12,62 St/New Utrecht Av,B
2025-05-05 03:00:00,616,17,Jackson Hts-Roosevelt Av/74 St-Broadway,Q
2025-05-05 03:00:00,617,36,Atlantic Av-Barclays Ctr,B
2025-05-05 03:00:00,618,9,14 St/8 Av,M
2025-05-05 03:00:00,619,30,Broadway-Lafayette St/Bleecker St,M
2025-05-05 03:00:00,620,24,Borough Hall/Court St,B
2025-05-05 03:00:00,621,6,Broadway Junction,B
2025-05-05 03:00:00,622,9,Brooklyn Bridge-City Hall/Chambers St,M
2025-05-05 03:00:00,623,18,Canal St,M
2025-05-05 03:00:00,624,18,Chambers St/WTC/Park Place/Cortlandt St,M
2025-05-05 03:00:00,625,6,Delancey St-Essex St,M
2025-05-05 03:00:00,626,18,Franklin Av-Medgar Evers College/Botanic Garden,B
2025-05-05 03:00:00,627,9,Franklin Av,B
2025-05-05 03:00:00,628,12,Fulton St,M
2025-05-05 03:00:00,629,12,Metropolitan Av/Lorimer St,B
2025-05-05 03:00:00,630,6,Myrtle-Wyckoff Avs,Q
2025-05-05 03:00:00,635,12,Whitehall St-South Ferry,M
2025-05-05 03:00:00,636,24,Jay St-MetroTech,B
2025-05-05 04:00:00,1,3,Astoria-Ditmars Blvd,Q
2025-05-05 04:00:00,2,6,Astoria Blvd,Q
2025-05-05 04:00:00,3,6,30 Av,Q
2025-05-05 04:00:00,4,6,Broadway,Q
2025-05-05 04:00:00,5,6,36 Av,Q
2025-05-05 04:00:00,6,6,39 Av-Dutch Kills,Q
2025-05-05 04:00:00,8,6,5 Av/59 St,M
2025-05-05 04:00:00,9,12,57 St-7 Av,M
2025-05-05 04:00:00,10,12,49 St,M
2025-05-05 04:00:00,13,12,28 St,M
2025-05-05 04:00:00,14,12,23 St,M
2025-05-05 04:00:00,16,12,8 St-NYU,M
2025-05-05 04:00:00,17,12,Prince St,M
2025-05-05 04:00:00,20,6,City Hall,M
2025-05-05 04:00:00,22,6,Rector St,M
2025-05-05 04:00:00,26,24,DeKalb Av,B
2025-05-05 04:00:00,28,9,Union St,B
2025-05-05 04:00:00,30,8,Prospect Av,B
2025-05-05 04:00:00,31,8,25 St,B
2025-05-05 04:00:00,32,17,36 St,B
2025-05-05 04:00:00,33,12,45 St,B
2025-05-05 04:00:00,34,12,53 St,B
2025-05-05 04:00:00,35,12,59 St,B
2025-05-05 04:00:00,36,6,Bay Ridge Av,B
2025-05-05 04:00:00,37,6,77 St,B
2025-05-05 04:00:00,38,6,86 St,B
2025-05-05 04:00:00,39,3,Bay Ridge-95 St,B
2025-05-05 04:00:00,41,6,7 Av,B
2025-05-05 04:00:00,42,9,Prospect Park,B
2025-05-05 04:00:00,43,6,Parkside Av,B
2025-05-05 04:00:00,44,6,Church Av,B
2025-05-05 04:00:00,45,6,Beverley Rd,B
2025-05-05 04:00:00,46,6,Cortelyou Rd,B
2025-05-05 04:00:00,47,6,Newkirk Plaza,B
2025-05-05 04:00:00,48,6,Avenue H,B
2025-05-05 04:00:00,49,6,Avenue J,B
2025-05-05 04:00:00,50,6,Avenue M,B
2025-05-05 04:00:00,51,6,Kings Hwy,B
2025-05-05 04:00:00,52,6,Avenue U,B
2025-05-05 04:00:00,53,6,Neck Rd,B
2025-05-05 04:00:00,54,6,Sheepshead Bay,B
2025-05-05 04:00:00,55,6,Brighton Beach,B
2025-05-05 04:00:00,56,7,Ocean Pkwy,B
2025-05-05 04:00:00,57,14,W 8 St-NY Aquarium,B
2025-05-05 04:00:00,58,14,Coney Island-Stillwell Av,B
2025-05-05 04:00:00,59,6,9 Av,B
2025-05-05 04:00:00,60,6,Fort Hamilton Pkwy,B
2025-05-05 04:00:00,61,6,50 St,B
2025-05-05 04:00:00,62,6,55 St,B
2025-05-05 04:00:00,64,6,71 St,B
2025-05-05 04:00:00,65,6,79 St,B
2025-05-05 04:00:00,66,6,18 Av,B
2025-05-05 04:00:00,67,6,20 Av,B
2025-05-05 04:00:00,68,6,Bay Pkwy,B
2025-05-05 04:00:00,69,5,25 Av,B
2025-05-05 04:00:00,70,5,Bay 50 St,B
2025-05-05 04:00:00,71,6,8 Av,B
2025-05-05 04:00:00,72,6,Fort Hamilton Pkwy,B
2025-05-05 04:00:00,74,6,18 Av,B
2025-05-05 04:00:00,75,6,20 Av,B
2025-05-05 04:00:00,76,6,Bay Pkwy,B
2025-05-05 04:00:00,77,5,Kings Hwy,B
2025-05-05 04:00:00,78,5,Avenue U,B
2025-05-05 04:00:00,79,5,86 St,B
2025-05-05 04:00:00,80,6,121 St,Q
2025-05-05 04:00:00,81,6,111 St,Q
2025-05-05 04:00:00,82,6,104 St,Q
2025-05-05 04:00:00,83,6,Woodhaven Blvd,Q
2025-05-05 04:00:00,84,6,85 St-Forest Pkwy,Q
2025-05-05 04:00:00,85,6,75 St-Elderts Ln,Q
2025-05-05 04:00:00,86,6,Cypress Hills,B
2025-05-05 04:00:00,87,6,Crescent St,B
2025-05-05 04:00:00,88,6,Norwood Av,B
2025-05-05 04:00:00,89,6,Cleveland St,B
2025-05-05 04:00:00,90,6,Van Siclen Av,B
2025-05-05 04:00:00,91,6,Alabama Av,B
2025-05-05 04:00:00,93,6,Chauncey St,B
2025-05-05 04:00:00,94,6,Halsey St,B
2025-05-05 04:00:00,95,6,Gates Av,B
2025-05-05 04:00:00,96,6,Kosciuszko St,B
2025-05-05 04:00:00,97,9,Myrtle Av,B
2025-05-05 04:00:00,98,6,Flushing Av,B
2025-05-05 04:00:00,99,6,Lorimer St,B
2025-05-05 04:00:00,100,3,Hewes St,B
2025-05-05 04:00:00,108,3,Middle Village-Metropolitan Av,Q
2025-05-05 04:00:00,109,6,Fresh Pond Rd,Q
2025-05-05 04:00:00,110,6,Forest Av,Q
2025-05-05 04:00:00,111,6,Seneca Av,Q
2025-05-05 04:00:00,113,6,Knickerbocker Av,B
2025-05-05 04:00:00,114,6,Central Av,B
2025-05-05 04:00:00,118,6,3 Av,M
2025-05-05 04:00:00,119,6,1 Av,M
2025-05-05 04:00:00,120,6,Bedford Av,B
2025-05-05 04:00:00,122,6,Graham Av,B
2025-05-05 04:00:00,123,6,Grand St,B
2025-05-05 04:00:00,124,6,Montrose Av,B
2025-05-05 04:00:00,125,6,Morgan Av,B
2025-05-05 04:00:00,126,6,Jefferson St,B
2025-05-05 04:00:00,127,6,DeKalb Av,B
2025-05-05 04:00:00,129,6,Halsey St,B
2025-05-05 04:00:00,130,6,Wilson Av,B
2025-05-05 04:00:00,131,6,Bushwick Av-Aberdeen St,B
2025-05-05 04:00:00,133,6,Atlantic Av,B
2025-05-05 04:00:00,134,6,Sutter Av,B
2025-05-05 04:00:00,135,6,Livonia Av,B
2025-05-05 04:00:00,136,6,New Lots Av,B
2025-05-05 04:00:00,137,6,East 105 St,B
2025-05-05 04:00:00,138,3,Canarsie-Rockaway Pkwy,B
2025-05-05 04:00:00,141,6,Park Pl,B
2025-05-05 04:00:00,143,3,Inwood-207 St,M
2025-05-05 04:00:00,144,6,Dyckman St,M
2025-05-05 04:00:00,145,6,190 St,M
2025-05-05 04:00:00,146,6,181 St,M
2025-05-05 04:00:00,147,6,175 St,M
2025-05-05 04:00:00,149,6,163 St-Amsterdam Av,M
2025-05-05 04:00:00,150,6,155 St,M
2025-05-05 04:00:00,152,6,135 St,M
2025-05-05 04:00:00,153,12,125 St,M
2025-05-05 04:00:00,154,6,116 St,M
2025-05-05 04:00:00,155,6,Cathedral Pkwy (110 St),M
2025-05-05 04:00:00,156,6,103 St,M
2025-05-05 04:00:00,157,6,96 St,M
2025-05-05 04:00:00,158,6,86 St,M
2025-05-05 04:00:00,159,6,81 St-Museum of Natural History,M
2025-05-05 04:00:00,160,6,72 St,M
2025-05-05 04:00:00,162,6,50 St,M
2025-05-05 04:00:00,164,6,34 St-Penn Station,M
2025-05-05 04:00:00,165,6,23 St,M
2025-05-05 04:00:00,168,7,Spring St,M
2025-05-05 04:00:00,169,7,Canal St,M
2025-05-05 04:00:00,173,6,High St,B
2025-05-05 04:00:00,175,8,Hoyt-Schermerhorn Sts,B
2025-05-05 04:00:00,176,6,Lafayette Av,B
2025-05-05 04:00:00,177,6,Clinton-Washington Avs,B
2025-05-05 04:00:00,179,6,Nostrand Av,B
2025-05-05 04:00:00,180,6,Kingston-Throop Avs,B
2025-05-05 04:00:00,181,6,Utica Av,B
2025-05-05 04:00:00,182,6,Ralph Av,B
2025-05-05 04:00:00,183,6,Rockaway Av,B
2025-05-05 04:00:00,185,6,Liberty Av,B
2025-05-05 04:00:00,186,6,Van Siclen Av,B
2025-05-05 04:00:00,187,6,Shepherd Av,B
2025-05-05 04:00:00,188,9,Euclid Av,B
2025-05-05 04:00:00,189,12,Grant Av,B
2025-05-05 04:00:00,190,12,80 St,Q
2025-05-05 04:00:00,191,12,88 St,Q
2025-05-05 04:00:00,192,12,Rockaway Blvd,Q
2025-05-05 04:00:00,193,6,104 St,Q
2025-05-05 04:00:00,194,6,111 St,Q
2025-05-05 04:00:00,195,3,Ozone Park-Lefferts Blvd,Q
2025-05-05 04:00:00,196,4,Aqueduct Racetrack,Q
2025-05-05 04:00:00,197,8,Aqueduct-N Conduit Av,Q
2025-05-05 04:00:00,198,4,Howard Beach-JFK Airport,Q
2025-05-05 04:00:00,200,6,Beach 90 St,Q
2025-05-05 04:00:00,201,6,Beach 98 St,Q
2025-05-05 04:00:00,202,6,Beach 105 St,Q
2025-05-05 04:00:00,203,3,Rockaway Park-Beach 116 St,Q
2025-05-05 04:00:00,204,6,Beach 67 St,Q
2025-05-05 04:00:00,205,6,Beach 60 St,Q
2025-05-05 04:00:00,206,6,Beach 44 St,Q
2025-05-05 04:00:00,207,6,Beach 36 St,Q
2025-05-05 04:00:00,208,6,Beach 25 St,Q
2025-05-05 04:00:00,209,3,Far Rockaway-Mott Av,Q
2025-05-05 04:00:00,210,3,Norwood-205 St,Bx
2025-05-05 04:00:00,211,6,Bedford Park Blvd,Bx
2025-05-05 04:00:00,212,6,Kingsbridge Rd,Bx
2025-05-05 04:00:00,213,6,Fordham Rd,Bx
2025-05-05 04:00:00,214,6,182-183 Sts,Bx
2025-05-05 04:00:00,215,6,Tremont Av,Bx
2025-05-05 04:00:00,216,6,174-175 Sts,Bx
2025-05-05 04:00:00,217,6,170 St,Bx
2025-05-05 04:00:00,218,6,167 St,Bx
2025-05-05 04:00:00,220,6,155 St,M
2025-05-05 04:00:00,221,9,21 St-Queensbridge,Q
2025-05-05 04:00:00,222,9,Roosevelt Island,M
2025-05-05 04:00:00,223,15,Lexington Av/63 St,M
2025-05-05 04:00:00,224,9,57 St,M
2025-05-05 04:00:00,225,18,47-50 Sts-Rockefeller Ctr,M
2025-05-05 04:00:00,228,12,23 St,M
2025-05-05 04:00:00,231,6,Grand St,M
2025-05-05 04:00:00,232,9,2 Av,M
2025-05-05 04:00:00,234,6,East Broadway,M
2025-05-05 04:00:00,235,6,York St,B
2025-05-05 04:00:00,236,6,Bergen St,B
2025-05-05 04:00:00,237,6,Carroll St,B
2025-05-05 04:00:00,238,6,Smith-9 Sts,B
2025-05-05 04:00:00,240,6,7 Av,B
2025-05-05 04:00:00,241,6,15 St-Prospect Park,B
2025-05-05 04:00:00,242,7,Fort Hamilton Pkwy,B
2025-05-05 04:00:00,243,7,Church Av,B
2025-05-05 04:00:00,244,6,Ditmas Av,B
2025-05-05 04:00:00,245,6,18 Av,B
2025-05-05 04:00:00,246,6,Avenue I,B
2025-05-05 04:00:00,247,6,Bay Pkwy,B
2025-05-05 04:00:00,248,6,Avenue N,B
2025-05-05 04:00:00,249,6,Avenue P,B
2025-05-05 04:00:00,250,6,Kings Hwy,B
2025-05-05 04:00:00,251,6,Avenue U,B
2025-05-05 04:00:00,252,7,Avenue X,B
2025-05-05 04:00:00,253,7,Neptune Av,B
2025-05-05 04:00:00,254,3,Jamaica-179 St,Q
2025-05-05 04:00:00,255,6,169 St,Q
2025-05-05 04:00:00,256,6,Parsons Blvd,Q
2025-05-05 04:00:00,257,6,Sutphin Blvd,Q
2025-05-05 04:00:00,258,12,Briarwood,Q
2025-05-05 04:00:00,259,13,Kew Gardens-Union Tpke,Q
2025-05-05 04:00:00,260,12,75 Av,Q
2025-05-05 04:00:00,261,12,Forest Hills-71 Av,Q
2025-05-05 04:00:00,262,12,67 Av,Q
2025-05-05 04:00:00,263,12,63 Dr-Rego Park,Q
2025-05-05 04:00:00,264,12,Woodhaven Blvd,Q
2025-05-05 04:00:00,265,12,Grand Av-Newtown,Q
2025-05-05 04:00:00,266,12,Elmhurst Av,Q
2025-05-05 04:00:00,268,12,65 St,Q
2025-05-05 04:00:00,269,12,Northern Blvd,Q
2025-05-05 04:00:00,270,12,46 St,Q
2025-05-05 04:00:00,271,12,Steinway St,Q
2025-05-05 04:00:00,272,12,36 St,Q
2025-05-05 04:00:00,273,3,Queens Plaza,Q
2025-05-05 04:00:00,276,3,5 Av/53 St,M
2025-05-05 04:00:00,277,6,7 Av,M
2025-05-05 04:00:00,278,6,Jamaica Center-Parsons/Archer,Q
2025-05-05 04:00:00,279,12,Sutphin Blvd-Archer Av-JFK Airport,Q
2025-05-05 04:00:00,280,6,Jamaica-Van Wyck,Q
2025-05-05 04:00:00,282,6,21 St,Q
2025-05-05 04:00:00,283,6,Greenpoint Av,B
2025-05-05 04:00:00,284,6,Nassau Av,B
2025-05-05 04:00:00,286,6,Broadway,B
2025-05-05 04:00:00,287,6,Flushing Av,B
2025-05-05 04:00:00,288,6,Myrtle-Willoughby Avs,B
2025-05-05 04:00:00,289,5,Bedford-Nostrand Avs,B
2025-05-05 04:00:00,290,5,Classon Av,B
2025-05-05 04:00:00,291,5,Clinton-Washington Avs,B
2025-05-05 04:00:00,292,5,Fulton St,B
2025-05-05 04:00:00,293,4,Van Cortlandt Park-242 St,Bx
2025-05-05 04:00:00,294,7,238 St,Bx
2025-05-05 04:00:00,295,6,231 St,Bx
2025-05-05 04:00:00,296,6,Marble Hill-225 St,M
2025-05-05 04:00:00,297,6,215 St,M
2025-05-05 04:00:00,298,6,207 St,M
2025-05-05 04:00:00,299,6,Dyckman St,M
2025-05-05 04:00:00,300,6,191 St,M
2025-05-05 04:00:00,301,6,181 St,M
2025-05-05 04:00:00,303,7,157 St,M
2025-05-05 04:00:00,304,6,145 St,M
2025-05-05 04:00:00,305,6,137 St-City College,M
2025-05-05 04:00:00,306,6,125 St,M
2025-05-05 04:00:00,307,6,116 St-Columbia University,M
2025-05-05 04:00:00,308,6,Cathedral Pkwy (110 St),M
2025-05-05 04:00:00,309,6,103 St,M
2025-05-05 04:00:00,310,19,96 St,M
2025-05-05 04:00:00,311,13,86 St,M
2025-05-05 04:00:00,312,13,79 St,M
2025-05-05 04:00:00,313,19,72 St,M
2025-05-05 04:00:00,314,13,66 St-Lincoln Center,M
2025-05-05 04:00:00,316,12,50 St,M
2025-05-05 04:00:00,318,15,34 St-Penn Station,M
2025-05-05 04:00:00,319,12,28 St,M
2025-05-05 04:00:00,320,12,23 St,M
2025-05-05 04:00:00,321,12,18 St,M
2025-05-05 04:00:00,323,13,Christopher St-Stonewall,M
2025-05-05 04:00:00,324,13,Houston St,M
2025-05-05 04:00:00,325,13,Canal St,M
2025-05-05 04:00:00,326,12,Franklin St,M
2025-05-05 04:00:00,327,12,Chambers St,M
2025-05-05 04:00:00,328,6,WTC Cortlandt,M
2025-05-05 04:00:00,329,6,Rector St,M
2025-05-05 04:00:00,333,6,Wall St,M
2025-05-05 04:00:00,334,6,Clark St,B
2025-05-05 04:00:00,336,6,Hoyt St,B
2025-05-05 04:00:00,337,12,Nevins St,B
2025-05-05 04:00:00,339,12,Bergen St,B
2025-05-05 04:00:00,340,12,Grand Army Plaza,B
2025-05-05 04:00:00,341,12,Eastern Pkwy-Brooklyn Museum,B
2025-05-05 04:00:00,343,6,Nostrand Av,B
2025-05-05 04:00:00,344,7,Kingston Av,B
2025-05-05 04:00:00,345,7,Crown Hts-Utica Av,B
2025-05-05 04:00:00,346,6,Sutter Av-Rutland Rd,B
2025-05-05 04:00:00,347,6,Saratoga Av,B
2025-05-05 04:00:00,348,6,Rockaway Av,B
2025-05-05 04:00:00,349,6,Junius St,B
2025-05-05 04:00:00,350,6,Pennsylvania Av,B
2025-05-05 04:00:00,351,6,Van Siclen Av,B
2025-05-05 04:00:00,352,3,New Lots Av,B
2025-05-05 04:00:00,353,6,President St-Medgar Evers College,B
2025-05-05 04:00:00,354,6,Sterling St,B
2025-05-05 04:00:00,355,6,Winthrop St,B
2025-05-05 04:00:00,356,6,Church Av,B
2025-05-05 04:00:00,357,6,Beverly Rd,B
2025-05-05 04:00:00,358,6,Newkirk Av-Little Haiti,B
2025-05-05 04:00:00,359,3,Flatbush Av-Brooklyn College,B
2025-05-05 04:00:00,360,4,Pelham Bay Park,Bx
2025-05-05 04:00:00,361,8,Buhre Av,Bx
2025-05-05 04:00:00,362,8,Middletown Rd,Bx
2025-05-05 04:00:00,363,8,Westchester Sq-E Tremont Av,Bx
2025-05-05 04:00:00,364,7,Zerega Av,Bx
2025-05-05 04:00:00,365,7,Castle Hill Av,Bx
2025-05-05 04:00:00,366,7,Parkchester,Bx
2025-05-05 04:00:00,367,3,St Lawrence Av,Bx
2025-05-05 04:00:00,368,3,Morrison Av-Soundview,Bx
2025-05-05 04:00:00,369,3,Elder Av,Bx
2025-05-05 04:00:00,370,3,Whitlock Av,Bx
2025-05-05 04:00:00,371,7,Hunts Point Av,Bx
2025-05-05 04:00:00,372,6,Longwood Av,Bx
2025-05-05 04:00:00,373,7,E 149 St,Bx
2025-05-05 04:00:00,374,7,E 143 St-St Mary's St,Bx
2025-05-05 04:00:00,375,7,Cypress Av,Bx
2025-05-05 04:00:00,376,7,Brook Av,Bx
2025-05-05 04:00:00,377,7,3 Av-138 St,Bx
2025-05-05 04:00:00,378,5,Woodlawn,Bx
2025-05-05 04:00:00,379,7,Mosholu Pkwy,Bx
2025-05-05 04:00:00,380,7,Bedford Park Blvd-Lehman College,Bx
2025-05-05 04:00:00,381,8,Kingsbridge Rd,Bx
2025-05-05 04:00:00,382,8,Fordham Rd,Bx
2025-05-05 04:00:00,383,8,183 St,Bx
2025-05-05 04:00:00,384,8,Burnside Av,Bx
2025-05-05 04:00:00,385,8,176 St,Bx
2025-05-05 04:00:00,386,7,Mt Eden Av,Bx
2025-05-05 04:00:00,387,7,170 St,Bx
2025-05-05 04:00:00,388,7,167 St,Bx
2025-05-05 04:00:00,391,6,138 St-Grand Concourse,Bx
2025-05-05 04:00:00,392,13,125 St,M
2025-05-05 04:00:00,393,13,116 St,M
2025-05-05 04:00:00,394,13,110 St,M
2025-05-05 04:00:00,395,13,103 St,M
2025-05-05 04:00:00,396,13,96 St,M
2025-05-05 04:00:00,397,13,86 St,M
2025-05-05 04:00:00,398,13,77 St,M
2025-05-05 04:00:00,399,14,68 St-Hunter College,M
2025-05-05 04:00:00,403,12,33 St,M
2025-05-05 04:00:00,404,12,28 St,M
2025-05-05 04:00:00,405,12,23 St-Baruch College,M
2025-05-05 04:00:00,407,13,Astor Pl,M
2025-05-05 04:00:00,409,13,Spring St,M
2025-05-05 04:00:00,413,6,Wall St,M
2025-05-05 04:00:00,414,6,Bowling Green,M
2025-05-05 04:00:00,416,4,Wakefield-241 St,Bx
2025-05-05 04:00:00,417,7,Nereid Av,Bx
2025-05-05 04:00:00,418,7,233 St,Bx
2025-05-05 04:00:00,419,7,225 St,Bx
2025-05-05 04:00:00,420,7,219 St,Bx
2025-05-05 04:00:00,421,7,Gun Hill Rd,Bx
2025-05-05 04:00:00,422,7,Burke Av,Bx
2025-05-05 04:00:00,423,7,Allerton Av,Bx
2025-05-05 04:00:00,424,7,Pelham Pkwy,Bx
2025-05-05 04:00:00,425,7,Bronx Park East,Bx
2025-05-05 04:00:00,426,10,E 180 St,Bx
2025-05-05 04:00:00,427,7,West Farms Sq-E Tremont Av,Bx
2025-05-05 04:00:00,428,7,174 St,Bx
2025-05-05 04:00:00,429,7,Freeman St,Bx
2025-05-05 04:00:00,430,7,Simpson St,Bx
2025-05-05 04:00:00,431,7,Intervale Av,Bx
2025-05-05 04:00:00,432,7,Prospect Av,Bx
2025-05-05 04:00:00,433,7,Jackson Av,Bx
2025-05-05 04:00:00,434,7,3 Av-149 St,Bx
2025-05-05 04:00:00,436,3,Harlem-148 St,M
2025-05-05 04:00:00,437,6,145 St,M
2025-05-05 04:00:00,438,12,135 St,M
2025-05-05 04:00:00,439,12,125 St,M
2025-05-05 04:00:00,440,12,116 St,M
2025-05-05 04:00:00,441,12,110 St-Malcolm X Plaza,M
2025-05-05 04:00:00,442,4,Eastchester-Dyre Av,Bx
2025-05-05 04:00:00,443,6,Baychester Av,Bx
2025-05-05 04:00:00,444,6,Gun Hill Rd,Bx
2025-05-05 04:00:00,445,6,Pelham Pkwy,Bx
2025-05-05 04:00:00,446,6,Morris Park,Bx
2025-05-05 04:00:00,447,5,Flushing-Main St,Q
2025-05-05 04:00:00,448,7,Mets-Willets Point,Q
2025-05-05 04:00:00,449,7,111 St,Q
2025-05-05 04:00:00,450,7,103 St-Corona Plaza,Q
2025-05-05 04:00:00,451,7,Junction Blvd,Q
2025-05-05 04:00:00,452,7,90 St-Elmhurst Av,Q
2025-05-05 04:00:00,453,7,82 St-Jackson Hts,Q
2025-05-05 04:00:00,455,7,69 St,Q
2025-05-05 04:00:00,456,7,61 St-Woodside,Q
2025-05-05 04:00:00,457,7,61 St-Woodside,Q
2025-05-05 04:00:00,458,7,61 St-Woodside,Q
2025-05-05 04:00:00,459,7,61 St-Woodside,Q
2025-05-05 04:00:00,460,7,61 St-Woodside,Q
2025-05-05 04:00:00,461,7,61 St-Woodside,Q
2025-05-05 04:00:00,463,6,Hunters Point Av,Q
2025-05-05 04:00:00,464,6,Vernon Blvd-Jackson Av,Q
2025-05-05 04:00:00,471,3,34 St-Hudson Yards,M
2025-05-05 04:00:00,475,3,96 St,M
2025-05-05 04:00:00,476,6,86 St,M
2025-05-05 04:00:00,477,6,72 St,M
2025-05-05 04:00:00,501,2,St George,SI
2025-05-05 04:00:00,502,4,Tompkinsville,SI
2025-05-05 04:00:00,503,4,Stapleton,SI
2025-05-05 04:00:00,504,4,Clifton,SI
2025-05-05 04:00:00,505,4,Grasmere,SI
2025-05-05 04:00:00,506,4,Old Town,SI
2025-05-05 04:00:00,507,4,Dongan Hills,SI
2025-05-05 04:00:00,508,4,Jefferson Av,SI
2025-05-05 04:00:00,509,4,Grant City,SI
2025-05-05 04:00:00,510,4,New Dorp,SI
2025-05-05 04:00:00,511,4,Oakwood Heights,SI
2025-05-05 04:00:00,512,4,Bay Terrace,SI
2025-05-05 04:00:00,513,4,Great Kills,SI
2025-05-05 04:00:00,514,4,Eltingville,SI
2025-05-05 04:00:00,515,4,Annadale,SI
2025-05-05 04:00:00,516,4,Huguenot,SI
2025-05-05 04:00:00,517,4,Prince's Bay,SI
2025-05-05 04:00:00,518,4,Pleasant Plains,SI
2025-05-05 04:00:00,519,4,Richmond Valley,SI
2025-05-05 04:00:00,522,2,Tottenville,SI
2025-05-05 04:00:00,523,4,Arthur Kill,SI
2025-05-05 04:00:00,601,30,14 St/6 Av,M
2025-05-05 04:00:00,602,26,34 St-Herald Sq,M
2025-05-05 04:00:00,603,7,149 St-Grand Concourse,Bx
2025-05-05 04:00:00,604,13,161 St-Yankee Stadium,Bx
2025-05-05 04:00:00,605,13,168 St-Washington Hts,M
2025-05-05 04:00:00,606,12,Court Sq-23 St,Q
2025-05-05 04:00:00,607,31,34 St-Herald Sq,M
2025-05-05 04:00:00,608,15,4 Av-9 St,B
2025-05-05 04:00:00,609,24,42 St-Bryant Pk/5 Av,M
2025-05-05 04:00:00,610,18,Grand Central-42 St,M
2025-05-05 04:00:00,611,36,Times Sq-42 St/Port Authority Bus Terminal,M
2025-05-05 04:00:00,612,16,Lexington Av/51-53 Sts,M
2025-05-05 04:00:00,613,20,Lexington Av/59 St,M
2025-05-05 04:00:00,614,24,59 St-Columbus Circle,M
2025-05-05 04:00:00,615,12,62 St/New Utrecht Av,B
2025-05-05 04:00:00,616,19,Jackson Hts-Roosevelt Av/74 St-Broadway,Q
2025-05-05 04:00:00,617,36,Atlantic Av-Barclays Ctr,B
2025-05-05 04:00:00,618,9,14 St/8 Av,M
2025-05-05 04:00:00,619,30,Broadway-Lafayette St/Bleecker St,M
2025-05-05 04:00:00,620,24,Borough Hall/Court St,B
2025-05-05 04:00:00,621,5,Broadway Junction,B
2025-05-05 04:00:00,622,9,Brooklyn Bridge-City Hall/Chambers St,M
2025-05-05 04:00:00,623,18,Canal St,M
2025-05-05 04:00:00,624,18,Chambers St/WTC/Park Place/Cortlandt St,M
2025-05-05 04:00:00,625,6,Delancey St-Essex St,M
2025-05-05 04:00:00,626,18,Franklin Av-Medgar Evers College/Botanic Garden,B
2025-05-05 04:00:00,627,9,Franklin Av,B
2025-05-05 04:00:00,628,12,Fulton St,M
2025-05-05 04:00:00,629,12,Metropolitan Av/Lorimer St,B
2025-05-05 04:00:00,630,6,Myrtle-Wyckoff Avs,Q
2025-05-05 04:00:00,635,12,Whitehall St-South Ferry,M
2025-05-05 04:00:00,636,24,Jay St-MetroTech,B
2025-05-05 05:00:00,1,4,Astoria-Ditmars Blvd,Q
2025-05-05 05:00:00,2,8,Astoria Blvd,Q
2025-05-05 05:00:00,3,8,30 Av,Q
2025-05-05 05:00:00,4,6,Broadway,Q
2025-05-05 05:00:00,5,6,36 Av,Q
2025-05-05 05:00:00,6,6,39 Av-Dutch Kills,Q
2025-05-05 05:00:00,8,8,5 Av/59 St,M
2025-05-05 05:00:00,9,14,57 St-7 Av,M
2025-05-05 05:00:00,10,12,49 St,M
2025-05-05 05:00:00,13,12,28 St,M
2025-05-05 05:00:00,14,13,23 St,M
2025-05-05 05:00:00,16,12,8 St-NYU,M
2025-05-05 05:00:00,17,13,Prince St,M
2025-05-05 05:00:00,20,7,City Hall,M
2025-05-05 05:00:00,22,7,Rector St,M
2025-05-05 05:00:00,26,27,DeKalb Av,B
2025-05-05 05:00:00,28,21,Union St,B
2025-05-05 05:00:00,30,21,Prospect Av,B
2025-05-05 05:00:00,31,22,25 St,B
2025-05-05 05:00:00,32,23,36 St,B
2025-05-05 05:00:00,33,16,45 St,B
2025-05-05 05:00:00,34,16,53 St,B
2025-05-05 05:00:00,35,15,59 St,B
2025-05-05 05:00:00,36,8,Bay Ridge Av,B
2025-05-05 05:00:00,37,8,77 St,B
2025-05-05 05:00:00,38,9,86 St,B
2025-05-05 05:00:00,39,5,Bay Ridge-95 St,B
2025-05-05 05:00:00,41,8,7 Av,B
2025-05-05 05:00:00,42,12,Prospect Park,B
2025-05-05 05:00:00,43,8,Parkside Av,B
2025-05-05 05:00:00,44,8,Church Av,B
2025-05-05 05:00:00,45,8,Beverley Rd,B
2025-05-05 05:00:00,46,8,Cortelyou Rd,B
2025-05-05 05:00:00,47,7,Newkirk Plaza,B
2025-05-05 05:00:00,48,7,Avenue H,B
2025-05-05 05:00:00,49,8,Avenue J,B
2025-05-05 05:00:00,50,8,Avenue M,B
2025-05-05 05:00:00,51,8,Kings Hwy,B
2025-05-05 05:00:00,52,8,Avenue U,B
2025-05-05 05:00:00,53,8,Neck Rd,B
2025-05-05 05:00:00,54,10,Sheepshead Bay,B
2025-05-05 05:00:00,55,10,Brighton Beach,B
2025-05-05 05:00:00,56,8,Ocean Pkwy,B
2025-05-05 05:00:00,57,16,W 8 St-NY Aquarium,B
2025-05-05 05:00:00,58,18,Coney Island-Stillwell Av,B
2025-05-05 05:00:00,59,7,9 Av,B
2025-05-05 05:00:00,60,8,Fort Hamilton Pkwy,B
2025-05-05 05:00:00,61,8,50 St,B
2025-05-05 05:00:00,62,7,55 St,B
2025-05-05 05:00:00,64,7,71 St,B
2025-05-05 05:00:00,65,7,79 St,B
2025-05-05 05:00:00,66,8,18 Av,B
2025-05-05 05:00:00,67,8,20 Av,B
2025-05-05 05:00:00,68,8,Bay Pkwy,B
2025-05-05 05:00:00,69,8,25 Av,B
2025-05-05 05:00:00,70,8,Bay 50 St,B
2025-05-05 05:00:00,71,8,8 Av,B
2025-05-05 05:00:00,72,7,Fort Hamilton Pkwy,B
2025-05-05 05:00:00,74,7,18 Av,B
2025-05-05 05:00:00,75,8,20 Av,B
2025-05-05 05:00:00,76,8,Bay Pkwy,B
2025-05-05 05:00:00,77,8,Kings Hwy,B
2025-05-05 05:00:00,78,8,Avenue U,B
2025-05-05 05:00:00,79,8,86 St,B
2025-05-05 05:00:00,80,8,121 St,Q
2025-05-05 05:00:00,81,8,111 St,Q
2025-05-05 05:00:00,82,8,104 St,Q
2025-05-05 05:00:00,83,6,Woodhaven Blvd,Q
2025-05-05 05:00:00,84,7,85 St-Forest Pkwy,Q
2025-05-05 05:00:00,85,7,75 St-Elderts Ln,Q
2025-05-05 05:00:00,86,7,Cypress Hills,B
2025-05-05 05:00:00,87,8,Crescent St,B
2025-05-05 05:00:00,88,8,Norwood Av,B
2025-05-05 05:00:00,89,8,Cleveland St,B
2025-05-05 05:00:00,90,7,Van Siclen Av,B
2025-05-05 05:00:00,91,7,Alabama Av,B
2025-05-05 05:00:00,93,7,Chauncey St,B
2025-05-05 05:00:00,94,7,Halsey St,B
2025-05-05 05:00:00,95,7,Gates Av,B
2025-05-05 05:00:00,96,8,Kosciuszko St,B
2025-05-05 05:00:00,97,14,Myrtle Av,B
2025-05-05 05:00:00,98,11,Flushing Av,B
2025-05-05 05:00:00,99,10,Lorimer St,B
2025-05-05 05:00:00,100,10,Hewes St,B
2025-05-05 05:00:00,101,9,Marcy Av,B
2025-05-05 05:00:00,103,6,Bowery,M
2025-05-05 05:00:00,107,4,Broad St,M
2025-05-05 05:00:00,108,7,Middle Village-Metropolitan Av,Q
2025-05-05 05:00:00,109,10,Fresh Pond Rd,Q
2025-05-05 05:00:00,110,10,Forest Av,Q
2025-05-05 05:00:00,111,10,Seneca Av,Q
2025-05-05 05:00:00,113,10,Knickerbocker Av,B
2025-05-05 05:00:00,114,9,Central Av,B
2025-05-05 05:00:00,118,9,3 Av,M
2025-05-05 05:00:00,119,9,1 Av,M
2025-05-05 05:00:00,120,10,Bedford Av,B
2025-05-05 05:00:00,122,10,Graham Av,B
2025-05-05 05:00:00,123,11,Grand St,B
2025-05-05 05:00:00,124,11,Montrose Av,B
2025-05-05 05:00:00,125,11,Morgan Av,B
2025-05-05 05:00:00,126,10,Jefferson St,B
2025-05-05 05:00:00,127,11,DeKalb Av,B
2025-05-05 05:00:00,129,10,Halsey St,B
2025-05-05 05:00:00,130,10,Wilson Av,B
2025-05-05 05:00:00,131,12,Bushwick Av-Aberdeen St,B
2025-05-05 05:00:00,133,12,Atlantic Av,B
2025-05-05 05:00:00,134,11,Sutter Av,B
2025-05-05 05:00:00,135,11,Livonia Av,B
2025-05-05 05:00:00,136,12,New Lots Av,B
2025-05-05 05:00:00,137,12,East 105 St,B
2025-05-05 05:00:00,138,5,Canarsie-Rockaway Pkwy,B
2025-05-05 05:00:00,141,6,Park Pl,B
2025-05-05 05:00:00,143,4,Inwood-207 St,M
2025-05-05 05:00:00,144,7,Dyckman St,M
2025-05-05 05:00:00,145,7,190 St,M
2025-05-05 05:00:00,146,7,181 St,M
2025-05-05 05:00:00,147,6,175 St,M
2025-05-05 05:00:00,149,6,163 St-Amsterdam Av,M
2025-05-05 05:00:00,150,7,155 St,M
2025-05-05 05:00:00,152,9,135 St,M
2025-05-05 05:00:00,153,18,125 St,M
2025-05-05 05:00:00,154,9,116 St,M
2025-05-05 05:00:00,155,9,Cathedral Pkwy (110 St),M
2025-05-05 05:00:00,156,8,103 St,M
2025-05-05 05:00:00,157,8,96 St,M
2025-05-05 05:00:00,158,8,86 St,M
2025-05-05 05:00:00,159,8,81 St-Museum of Natural History,M
2025-05-05 05:00:00,160,7,72 St,M
2025-05-05 05:00:00,162,14,50 St,M
2025-05-05 05:00:00,164,16,34 St-Penn Station,M
2025-05-05 05:00:00,165,14,23 St,M
2025-05-05 05:00:00,168,15,Spring St,M
2025-05-05 05:00:00,169,16,Canal St,M
2025-05-05 05:00:00,173,8,High St,B
2025-05-05 05:00:00,175,19,Hoyt-Schermerhorn Sts,B
2025-05-05 05:00:00,176,8,Lafayette Av,B
2025-05-05 05:00:00,177,8,Clinton-Washington Avs,B
2025-05-05 05:00:00,179,9,Nostrand Av,B
2025-05-05 05:00:00,180,8,Kingston-Throop Avs,B
2025-05-05 05:00:00,181,9,Utica Av,B
2025-05-05 05:00:00,182,8,Ralph Av,B
2025-05-05 05:00:00,183,8,Rockaway Av,B
2025-05-05 05:00:00,185,8,Liberty Av,B
2025-05-05 05:00:00,186,8,Van Siclen Av,B
2025-05-05 05:00:00,187,8,Shepherd Av,B
2025-05-05 05:00:00,188,13,Euclid Av,B
2025-05-05 05:00:00,189,12,Grant Av,B
2025-05-05 05:00:00,190,12,80 St,Q
2025-05-05 05:00:00,191,12,88 St,Q
2025-05-05 05:00:00,192,12,Rockaway Blvd,Q
2025-05-05 05:00:00,193,6,104 St,Q
2025-05-05 05:00:00,194,6,111 St,Q
2025-05-05 05:00:00,195,3,Ozone Park-Lefferts Blvd,Q
2025-05-05 05:00:00,196,3,Aqueduct Racetrack,Q
2025-05-05 05:00:00,197,6,Aqueduct-N Conduit Av,Q
2025-05-05 05:00:00,198,3,Howard Beach-JFK Airport,Q
2025-05-05 05:00:00,200,6,Beach 90 St,Q
2025-05-05 05:00:00,201,6,Beach 98 St,Q
2025-05-05 05:00:00,202,6,Beach 105 St,Q
2025-05-05 05:00:00,203,3,Rockaway Park-Beach 116 St,Q
2025-05-05 05:00:00,204,6,Beach 67 St,Q
2025-05-05 05:00:00,205,6,Beach 60 St,Q
2025-05-05 05:00:00,206,6,Beach 44 St,Q
2025-05-05 05:00:00,207,6,Beach 36 St,Q
2025-05-05 05:00:00,208,6,Beach 25 St,Q
2025-05-05 05:00:00,209,3,Far Rockaway-Mott Av,Q
2025-05-05 05:00:00,210,4,Norwood-205 St,Bx
2025-05-05 05:00:00,211,11,Bedford Park Blvd,Bx
2025-05-05 05:00:00,212,11,Kingsbridge Rd,Bx
2025-05-05 05:00:00,213,11,Fordham Rd,Bx
2025-05-05 05:00:00,214,10,182-183 Sts,Bx
2025-05-05 05:00:00,215,10,Tremont Av,Bx
2025-05-05 05:00:00,216,9,174-175 Sts,Bx
2025-05-05 05:00:00,217,9,170 St,Bx
2025-05-05 05:00:00,218,10,167 St,Bx
2025-05-05 05:00:00,220,9,155 St,M
2025-05-05 05:00:00,221,9,21 St-Queensbridge,Q
2025-05-05 05:00:00,222,8,Roosevelt Island,M
2025-05-05 05:00:00,223,15,Lexington Av/63 St,M
2025-05-05 05:00:00,224,8,57 St,M
2025-05-05 05:00:00,225,17,47-50 Sts-Rockefeller Ctr,M
2025-05-05 05:00:00,228,11,23 St,M
2025-05-05 05:00:00,231,7,Grand St,M
2025-05-05 05:00:00,232,7,2 Av,M
2025-05-05 05:00:00,234,7,East Broadway,M
2025-05-05 05:00:00,235,7,York St,B
2025-05-05 05:00:00,236,18,Bergen St,B
2025-05-05 05:00:00,237,18,Carroll St,B
2025-05-05 05:00:00,238,18,Smith-9 Sts,B
2025-05-05 05:00:00,240,18,7 Av,B
2025-05-05 05:00:00,241,18,15 St-Prospect Park,B
2025-05-05 05:00:00,242,17,Fort Hamilton Pkwy,B
2025-05-05 05:00:00,243,13,Church Av,B
2025-05-05 05:00:00,244,8,Ditmas Av,B
2025-05-05 05:00:00,245,8,18 Av,B
2025-05-05 05:00:00,246,8,Avenue I,B
2025-05-05 05:00:00,247,8,Bay Pkwy,B
2025-05-05 05:00:00,248,8,Avenue N,B
2025-05-05 05:00:00,249,8,Avenue P,B
2025-05-05 05:00:00,250,8,Kings Hwy,B
2025-05-05 05:00:00,251,9,Avenue U,B
2025-05-05 05:00:00,252,8,Avenue X,B
2025-05-05 05:00:00,253,8,Neptune Av,B
2025-05-05 05:00:00,254,6,Jamaica-179 St,Q
2025-05-05 05:00:00,255,10,169 St,Q
2025-05-05 05:00:00,256,9,Parsons Blvd,Q
2025-05-05 05:00:00,257,9,Sutphin Blvd,Q
2025-05-05 05:00:00,258,17,Briarwood,Q
2025-05-05 05:00:00,259,15,Kew Gardens-Union Tpke,Q
2025-05-05 05:00:00,260,16,75 Av,Q
2025-05-05 05:00:00,261,23,Forest Hills-71 Av,Q
2025-05-05 05:00:00,262,16,67 Av,Q
2025-05-05 05:00:00,263,16,63 Dr-Rego Park,Q
2025-05-05 05:00:00,264,16,Woodhaven Blvd,Q
2025-05-05 05:00:00,265,18,Grand Av-Newtown,Q
2025-05-05 05:00:00,266,17,Elmhurst Av,Q
2025-05-05 05:00:00,268,16,65 St,Q
2025-05-05 05:00:00,269,15,Northern Blvd,Q
2025-05-05 05:00:00,270,15,46 St,Q
2025-05-05 05:00:00,271,15,Steinway St,Q
2025-05-05 05:00:00,272,15,36 St,Q
2025-05-05 05:00:00,273,11,Queens Plaza,Q
2025-05-05 05:00:00,276,10,5 Av/53 St,M
2025-05-05 05:00:00,277,13,7 Av,M
2025-05-05 05:00:00,278,10,Jamaica Center-Parsons/Archer,Q
2025-05-05 05:00:00,279,17,Sutphin Blvd-Archer Av-JFK Airport,Q
2025-05-05 05:00:00,280,9,Jamaica-Van Wyck,Q
2025-05-05 05:00:00,282,8,21 St,Q
2025-05-05 05:00:00,283,9,Greenpoint Av,B
2025-05-05 05:00:00,284,9,Nassau Av,B
2025-05-05 05:00:00,286,10,Broadway,B
2025-05-05 05:00:00,287,10,Flushing Av,B
2025-05-05 05:00:00,288,9,Myrtle-Willoughby Avs,B
2025-05-05 05:00:00,289,10,Bedford-Nostrand Avs,B
2025-05-05 05:00:00,290,10,Classon Av,B
2025-05-05 05:00:00,291,10,Clinton-Washington Avs,B
2025-05-05 05:00:00,292,10,Fulton St,B
2025-05-05 05:00:00,293,7,Van Cortlandt Park-242 St,Bx
2025-05-05 05:00:00,294,10,238 St,Bx
2025-05-05 05:00:00,295,10,231 St,Bx
2025-05-05 05:00:00,296,10,Marble Hill-225 St,M
2025-05-05 05:00:00,297,10,215 St,M
2025-05-05 05:00:00,298,10,207 St,M
2025-05-05 05:00:00,299,10,Dyckman St,M
2025-05-05 05:00:00,300,10,191 St,M
2025-05-05 05:00:00,301,9,181 St,M
2025-05-05 05:00:00,303,9,157 St,M
2025-05-05 05:00:00,304,10,145 St,M
2025-05-05 05:00:00,305,9,137 St-City College,M
2025-05-05 05:00:00,306,9,125 St,M
2025-05-05 05:00:00,307,9,116 St-Columbia University,M
2025-05-05 05:00:00,308,9,Cathedral Pkwy (110 St),M
2025-05-05 05:00:00,309,9,103 St,M
2025-05-05 05:00:00,310,23,96 St,M
2025-05-05 05:00:00,311,12,86 St,M
2025-05-05 05:00:00,312,12,79 St,M
2025-05-05 05:00:00,313,23,72 St,M
2025-05-05 05:00:00,314,13,66 St-Lincoln Center,M
2025-05-05 05:00:00,316,14,50 St,M
2025-05-05 05:00:00,318,21,34 St-Penn Station,M
2025-05-05 05:00:00,319,13,28 St,M
2025-05-05 05:00:00,320,13,23 St,M
2025-05-05 05:00:00,321,13,18 St,M
2025-05-05 05:00:00,323,13,Christopher St-Stonewall,M
2025-05-05 05:00:00,324,13,Houston St,M
2025-05-05 05:00:00,325,13,Canal St,M
2025-05-05 05:00:00,326,14,Franklin St,M
2025-05-05 05:00:00,327,18,Chambers St,M
2025-05-05 05:00:00,328,6,WTC Cortlandt,M
2025-05-05 05:00:00,329,7,Rector St,M
2025-05-05 05:00:00,333,11,Wall St,M
2025-05-05 05:00:00,334,9,Clark St,B
2025-05-05 05:00:00,336,10,Hoyt St,B
2025-05-05 05:00:00,337,20,Nevins St,B
2025-05-05 05:00:00,339,20,Bergen St,B
2025-05-05 05:00:00,340,21,Grand Army Plaza,B
2025-05-05 05:00:00,341,21,Eastern Pkwy-Brooklyn Museum,B
2025-05-05 05:00:00,343,13,Nostrand Av,B
2025-05-05 05:00:00,344,12,Kingston Av,B
2025-05-05 05:00:00,345,13,Crown Hts-Utica Av,B
2025-05-05 05:00:00,346,13,Sutter Av-Rutland Rd,B
2025-05-05 05:00:00,347,13,Saratoga Av,B
2025-05-05 05:00:00,348,13,Rockaway Av,B
2025-05-05 05:00:00,349,13,Junius St,B
2025-05-05 05:00:00,350,13,Pennsylvania Av,B
2025-05-05 05:00:00,351,13,Van Siclen Av,B
2025-05-05 05:00:00,352,9,New Lots Av,B
2025-05-05 05:00:00,353,9,President St-Medgar Evers College,B
2025-05-05 05:00:00,354,9,Sterling St,B
2025-05-05 05:00:00,355,9,Winthrop St,B
2025-05-05 05:00:00,356,8,Church Av,B
2025-05-05 05:00:00,357,8,Beverly Rd,B
2025-05-05 05:00:00,358,8,Newkirk Av-Little Haiti,B
2025-05-05 05:00:00,359,4,Flatbush Av-Brooklyn College,B
2025-05-05 05:00:00,360,8,Pelham Bay Park,Bx
2025-05-05 05:00:00,361,11,Buhre Av,Bx
2025-05-05 05:00:00,362,10,Middletown Rd,Bx
2025-05-05 05:00:00,363,10,Westchester Sq-E Tremont Av,Bx
2025-05-05 05:00:00,364,11,Zerega Av,Bx
2025-05-05 05:00:00,365,11,Castle Hill Av,Bx
2025-05-05 05:00:00,366,12,Parkchester,Bx
2025-05-05 05:00:00,367,12,St Lawrence Av,Bx
2025-05-05 05:00:00,368,11,Morrison Av-Soundview,Bx
2025-05-05 05:00:00,369,11,Elder Av,Bx
2025-05-05 05:00:00,370,11,Whitlock Av,Bx
2025-05-05 05:00:00,371,11,Hunts Point Av,Bx
2025-05-05 05:00:00,372,11,Longwood Av,Bx
2025-05-05 05:00:00,373,10,E 149 St,Bx
2025-05-05 05:00:00,374,10,E 143 St-St Mary's St,Bx
2025-05-05 05:00:00,375,10,Cypress Av,Bx
2025-05-05 05:00:00,376,11,Brook Av,Bx
2025-05-05 05:00:00,377,11,3 Av-138 St,Bx
2025-05-05 05:00:00,378,8,Woodlawn,Bx
2025-05-05 05:00:00,379,12,Mosholu Pkwy,Bx
2025-05-05 05:00:00,380,12,Bedford Park Blvd-Lehman College,Bx
2025-05-05 05:00:00,381,11,Kingsbridge Rd,Bx
2025-05-05 05:00:00,382,10,Fordham Rd,Bx
2025-05-05 05:00:00,383,10,183 St,Bx
2025-05-05 05:00:00,384,10,Burnside Av,Bx
2025-05-05 05:00:00,385,10,176 St,Bx
2025-05-05 05:00:00,386,11,Mt Eden Av,Bx
2025-05-05 05:00:00,387,11,170 St,Bx
2025-05-05 05:00:00,388,10,167 St,Bx
2025-05-05 05:00:00,391,14,138 St-Grand Concourse,Bx
2025-05-05 05:00:00,392,24,125 St,M
2025-05-05 05:00:00,393,14,116 St,M
2025-05-05 05:00:00,394,14,110 St,M
2025-05-05 05:00:00,395,13,103 St,M
2025-05-05 05:00:00,396,12,96 St,M
2025-05-05 05:00:00,397,23,86 St,M
2025-05-05 05:00:00,398,13,77 St,M
2025-05-05 05:00:00,399,13,68 St-Hunter College,M
2025-05-05 05:00:00,403,13,33 St,M
2025-05-05 05:00:00,404,12,28 St,M
2025-05-05 05:00:00,405,13,23 St-Baruch College,M
2025-05-05 05:00:00,407,12,Astor Pl,M
2025-05-05 05:00:00,409,12,Spring St,M
2025-05-05 05:00:00,413,13,Wall St,M
2025-05-05 05:00:00,414,12,Bowling Green,M
2025-05-05 05:00:00,416,5,Wakefield-241 St,Bx
2025-05-05 05:00:00,417,8,Nereid Av,Bx
2025-05-05 05:00:00,418,8,233 St,Bx
2025-05-05 05:00:00,419,8,225 St,Bx
2025-05-05 05:00:00,420,8,219 St,Bx
2025-05-05 05:00:00,421,9,Gun Hill Rd,Bx
2025-05-05 05:00:00,422,8,Burke Av,Bx
2025-05-05 05:00:00,423,8,Allerton Av,Bx
2025-05-05 05:00:00,424,8,Pelham Pkwy,Bx
2025-05-05 05:00:00,425,8,Bronx Park East,Bx
2025-05-05 05:00:00,426,16,E 180 St,Bx
2025-05-05 05:00:00,427,13,West Farms Sq-E Tremont Av,Bx
2025-05-05 05:00:00,428,12,174 St,Bx
2025-05-05 05:00:00,429,13,Freeman St,Bx
2025-05-05 05:00:00,430,12,Simpson St,Bx
2025-05-05 05:00:00,431,12,Intervale Av,Bx
2025-05-05 05:00:00,432,12,Prospect Av,Bx
2025-05-05 05:00:00,433,12,Jackson Av,Bx
2025-05-05 05:00:00,434,11,3 Av-149 St,Bx
2025-05-05 05:00:00,436,6,Harlem-148 St,M
2025-05-05 05:00:00,437,8,145 St,M
2025-05-05 05:00:00,438,16,135 St,M
2025-05-05 05:00:00,439,16,125 St,M
2025-05-05 05:00:00,440,16,116 St,M
2025-05-05 05:00:00,441,15,110 St-Malcolm X Plaza,M
2025-05-05 05:00:00,442,5,Eastchester-Dyre Av,Bx
2025-05-05 05:00:00,443,9,Baychester Av,Bx
2025-05-05 05:00:00,444,9,Gun Hill Rd,Bx
2025-05-05 05:00:00,445,9,Pelham Pkwy,Bx
2025-05-05 05:00:00,446,9,Morris Park,Bx
2025-05-05 05:00:00,447,9,Flushing-Main St,Q
2025-05-05 05:00:00,448,13,Mets-Willets Point,Q
2025-05-05 05:00:00,449,12,111 St,Q
2025-05-05 05:00:00,450,12,103 St-Corona Plaza,Q
2025-05-05 05:00:00,451,11,Junction Blvd,Q
2025-05-05 05:00:00,452,11,90 St-Elmhurst Av,Q
2025-05-05 05:00:00,453,11,82 St-Jackson Hts,Q
2025-05-05 05:00:00,455,11,69 St,Q
2025-05-05 05:00:00,456,11,61 St-Woodside,Q
2025-05-05 05:00:00,457,12,61 St-Woodside,Q
2025-05-05 05:00:00,458,12,61 St-Woodside,Q
2025-05-05 05:00:00,459,12,61 St-Woodside,Q
2025-05-05 05:00:00,460,12,61 St-Woodside,Q
2025-05-05 05:00:00,461,11,61 St-Woodside,Q
2025-05-05 05:00:00,463,12,Hunters Point Av,Q
2025-05-05 05:00:00,464,11,Vernon Blvd-Jackson Av,Q
2025-05-05 05:00:00,471,5,34 St-Hudson Yards,M
2025-05-05 05:00:00,475,4,96 St,M
2025-05-05 05:00:00,476,8,86 St,M
2025-05-05 05:00:00,477,8,72 St,M
2025-05-05 05:00:00,501,4,St George,SI
2025-05-05 05:00:00,502,4,Tompkinsville,SI
2025-05-05 05:00:00,503,4,Stapleton,SI
2025-05-05 05:00:00,504,4,Clifton,SI
2025-05-05 05:00:00,505,5,Grasmere,SI
2025-05-05 05:00:00,506,5,Old Town,SI
2025-05-05 05:00:00,507,4,Dongan Hills,SI
2025-05-05 05:00:00,508,4,Jefferson Av,SI
2025-05-05 05:00:00,509,4,Grant City,SI
2025-05-05 05:00:00,510,4,New Dorp,SI
2025-05-05 05:00:00,511,4,Oakwood Heights,SI
2025-05-05 05:00:00,512,4,Bay Terrace,SI
2025-05-05 05:00:00,513,5,Great Kills,SI
2025-05-05 05:00:00,514,5,Eltingville,SI
2025-05-05 05:00:00,515,5,Annadale,SI
2025-05-05 05:00:00,516,5,Huguenot,SI
2025-05-05 05:00:00,517,5,Prince's Bay,SI
2025-05-05 05:00:00,518,5,Pleasant Plains,SI
2025-05-05 05:00:00,519,5,Richmond Valley,SI
2025-05-05 05:00:00,522,3,Tottenville,SI
2025-05-05 05:00:00,523,5,Arthur Kill,SI
2025-05-05 05:00:00,601,41,14 St/6 Av,M
2025-05-05 05:00:00,602,37,34 St-Herald Sq,M
2025-05-05 05:00:00,603,10,149 St-Grand Concourse,Bx
2025-05-05 05:00:00,604,20,161 St-Yankee Stadium,Bx
2025-05-05 05:00:00,605,18,168 St-Washington Hts,M
2025-05-05 05:00:00,606,26,Court Sq-23 St,Q
2025-05-05 05:00:00,607,31,34 St-Herald Sq,M
2025-05-05 05:00:00,608,39,4 Av-9 St,B
2025-05-05 05:00:00,609,29,42 St-Bryant Pk/5 Av,M
2025-05-05 05:00:00,610,36,Grand Central-42 St,M
2025-05-05 05:00:00,611,57,Times Sq-42 St/Port Authority Bus Terminal,M
2025-05-05 05:00:00,612,23,Lexington Av/51-53 Sts,M
2025-05-05 05:00:00,613,31,Lexington Av/59 St,M
2025-05-05 05:00:00,614,30,59 St-Columbus Circle,M
2025-05-05 05:00:00,615,14,62 St/New Utrecht Av,B
2025-05-05 05:00:00,616,32,Jackson Hts-Roosevelt Av/74 St-Broadway,Q
2025-05-05 05:00:00,617,49,Atlantic Av-Barclays Ctr,B
2025-05-05 05:00:00,618,19,14 St/8 Av,M
2025-05-05 05:00:00,619,27,Broadway-Lafayette St/Bleecker St,M
2025-05-05 05:00:00,620,31,Borough Hall/Court St,B
2025-05-05 05:00:00,621,9,Broadway Junction,B
2025-05-05 05:00:00,622,24,Brooklyn Bridge-City Hall/Chambers St,M
2025-05-05 05:00:00,623,26,Canal St,M
2025-05-05 05:00:00,624,30,Chambers St/WTC/Park Place/Cortlandt St,M
2025-05-05 05:00:00,625,15,Delancey St-Essex St,M
2025-05-05 05:00:00,626,28,Franklin Av-Medgar Evers College/Botanic Garden,B
2025-05-05 05:00:00,627,11,Franklin Av,B
2025-05-05 05:00:00,628,31,Fulton St,M
2025-05-05 05:00:00,629,20,Metropolitan Av/Lorimer St,B
2025-05-05 05:00:00,630,11,Myrtle-Wyckoff Avs,Q
2025-05-05 05:00:00,635,13,Whitehall St-South Ferry,M
2025-05-05 05:00:00,636,28,Jay St-MetroTech,B
2025-05-05 06:00:00,1,10,Astoria-Ditmars Blvd,Q
2025-05-05 06:00:00,2,15,Astoria Blvd,Q
2025-05-05 06:00:00,3,15,30 Av,Q
2025-05-05 06:00:00,4,15,Broadway,Q
2025-05-05 06:00:00,5,15,36 Av,Q
2025-05-05 06:00:00,6,14,39 Av-Dutch Kills,Q
2025-05-05 06:00:00,8,26,5 Av/59 St,M
2025-05-05 06:00:00,9,38,57 St-7 Av,M
2025-05-05 06:00:00,10,28,49 St,M
2025-05-05 06:00:00,13,13,28 St,M
2025-05-05 06:00:00,14,13,23 St,M
2025-05-05 06:00:00,16,14,8 St-NYU,M
2025-05-05 06:00:00,17,12,Prince St,M
2025-05-05 06:00:00,20,11,City Hall,M
2025-05-05 06:00:00,22,12,Rector St,M
2025-05-05 06:00:00,26,44,DeKalb Av,B
2025-05-05 06:00:00,28,22,Union St,B
2025-05-05 06:00:00,30,22,Prospect Av,B
2025-05-05 06:00:00,31,21,25 St,B
2025-05-05 06:00:00,32,32,36 St,B
2025-05-05 06:00:00,33,15,45 St,B
2025-05-05 06:00:00,34,15,53 St,B
2025-05-05 06:00:00,35,23,59 St,B
2025-05-05 06:00:00,36,12,Bay Ridge Av,B
2025-05-05 06:00:00,37,12,77 St,B
2025-05-05 06:00:00,38,11,86 St,B
2025-05-05 06:00:00,39,7,Bay Ridge-95 St,B
2025-05-05 06:00:00,41,21,7 Av,B
2025-05-05 06:00:00,42,26,Prospect Park,B
2025-05-05 06:00:00,43,12,Parkside Av,B
2025-05-05 06:00:00,44,21,Church Av,B
2025-05-05 06:00:00,45,12,Beverley Rd,B
2025-05-05 06:00:00,46,12,Cortelyou Rd,B
2025-05-05 06:00:00,47,21,Newkirk Plaza,B
2025-05-05 06:00:00,48,12,Avenue H,B
2025-05-05 06:00:00,49,11,Avenue J,B
2025-05-05 06:00:00,50,12,Avenue M,B
2025-05-05 06:00:00,51,21,Kings Hwy,B
2025-05-05 06:00:00,52,11,Avenue U,B
2025-05-05 06:00:00,53,11,Neck Rd,B
2025-05-05 06:00:00,54,20,Sheepshead Bay,B
2025-05-05 06:00:00,55,18,Brighton Beach,B
2025-05-05 06:00:00,56,11,Ocean Pkwy,B
2025-05-05 06:00:00,57,22,W 8 St-NY Aquarium,B
2025-05-05 06:00:00,58,25,Coney Island-Stillwell Av,B
2025-05-05 06:00:00,59,10,9 Av,B
2025-05-05 06:00:00,60,9,Fort Hamilton Pkwy,B
2025-05-05 06:00:00,61,9,50 St,B
2025-05-05 06:00:00,62,10,55 St,B
2025-05-05 06:00:00,64,11,71 St,B
2025-05-05 06:00:00,65,11,79 St,B
2025-05-05 06:00:00,66,9,18 Av,B
2025-05-05 06:00:00,67,9,20 Av,B
2025-05-05 06:00:00,68,10,Bay Pkwy,B
2025-05-05 06:00:00,69,10,25 Av,B
2025-05-05 06:00:00,70,11,Bay 50 St,B
2025-05-05 06:00:00,71,11,8 Av,B
2025-05-05 06:00:00,72,12,Fort Hamilton Pkwy,B
2025-05-05 06:00:00,74,11,18 Av,B
2025-05-05 06:00:00,75,10,20 Av,B
2025-05-05 06:00:00,76,11,Bay Pkwy,B
2025-05-05 06:00:00,77,11,Kings Hwy,B
2025-05-05 06:00:00,78,11,Avenue U,B
2025-05-05 06:00:00,79,11,86 St,B
2025-05-05 06:00:00,80,10,121 St,Q
2025-05-05 06:00:00,81,10,111 St,Q
2025-05-05 06:00:00,82,11,104 St,Q
2025-05-05 06:00:00,83,11,Woodhaven Blvd,Q
2025-05-05 06:00:00,84,11,85 St-Forest Pkwy,Q
2025-05-05 06:00:00,85,11,75 St-Elderts Ln,Q
2025-05-05 06:00:00,86,11,Cypress Hills,B
2025-05-05 06:00:00,87,11,Crescent St,B
2025-05-05 06:00:00,88,10,Norwood Av,B
2025-05-05 06:00:00,89,10,Cleveland St,B
2025-05-05 06:00:00,90,11,Van Siclen Av,B
2025-05-05 06:00:00,91,11,Alabama Av,B
2025-05-05 06:00:00,93,10,Chauncey St,B
2025-05-05 06:00:00,94,9,Halsey St,B
2025-05-05 06:00:00,95,8,Gates Av,B
2025-05-05 06:00:00,96,8,Kosciuszko St,B
2025-05-05 06:00:00,97,20,Myrtle Av,B
2025-05-05 06:00:00,98,19,Flushing Av,B
2025-05-05 06:00:00,99,19,Lorimer St,B
2025-05-05 06:00:00,100,20,Hewes St,B
2025-05-05 06:00:00,101,20,Marcy Av,B
2025-05-05 06:00:00,103,9,Bowery,M
2025-05-05 06:00:00,107,4,Broad St,M
2025-05-05 06:00:00,108,6,Middle Village-Metropolitan Av,Q
2025-05-05 06:00:00,109,11,Fresh Pond Rd,Q
2025-05-05 06:00:00,110,11,Forest Av,Q
2025-05-05 06:00:00,111,10,Seneca Av,Q
2025-05-05 06:00:00,113,10,Knickerbocker Av,B
2025-05-05 06:00:00,114,11,Central Av,B
2025-05-05 06:00:00,118,19,3 Av,M
2025-05-05 06:00:00,119,19,1 Av,M
2025-05-05 06:00:00,120,20,Bedford Av,B
2025-05-05 06:00:00,122,19,Graham Av,B
2025-05-05 06:00:00,123,19,Grand St,B
2025-05-05 06:00:00,124,19,Montrose Av,B
2025-05-05 06:00:00,125,19,Morgan Av,B
2025-05-05 06:00:00,126,20,Jefferson St,B
2025-05-05 06:00:00,127,19,DeKalb Av,B
2025-05-05 06:00:00,129,20,Halsey St,B
2025-05-05 06:00:00,130,19,Wilson Av,B
2025-05-05 06:00:00,131,18,Bushwick Av-Aberdeen St,B
2025-05-05 06:00:00,133,19,Atlantic Av,B
2025-05-05 06:00:00,134,19,Sutter Av,B
2025-05-05 06:00:00,135,19,Livonia Av,B
2025-05-05 06:00:00,136,19,New Lots Av,B
2025-05-05 06:00:00,137,19,East 105 St,B
2025-05-05 06:00:00,138,8,Canarsie-Rockaway Pkwy,B
2025-05-05 06:00:00,141,10,Park Pl,B
2025-05-05 06:00:00,143,8,Inwood-207 St,M
2025-05-05 06:00:00,144,13,Dyckman St,M
2025-05-05 06:00:00,145,13,190 St,M
2025-05-05 06:00:00,146,13,181 St,M
2025-05-05 06:00:00,147,14,175 St,M
2025-05-05 06:00:00,149,11,163 St-Amsterdam Av,M
2025-05-05 06:00:00,150,11,155 St,M
2025-05-05 06:00:00,152,17,135 St,M
2025-05-05 06:00:00,153,38,125 St,M
2025-05-05 06:00:00,154,16,116 St,M
2025-05-05 06:00:00,155,17,Cathedral Pkwy (110 St),M
2025-05-05 06:00:00,156,18,103 St,M
2025-05-05 06:00:00,157,18,96 St,M
2025-05-05 06:00:00,158,18,86 St,M
2025-05-05 06:00:00,159,18,81 St-Museum of Natural History,M
2025-05-05 06:00:00,160,18,72 St,M
2025-05-05 06:00:00,162,23,50 St,M
2025-05-05 06:00:00,164,32,34 St-Penn Station,M
2025-05-05 06:00:00,165,23,23 St,M
2025-05-05 06:00:00,168,24,Spring St,M
2025-05-05 06:00:00,169,35,Canal St,M
2025-05-05 06:00:00,173,21,High St,B
2025-05-05 06:00:00,175,33,Hoyt-Schermerhorn Sts,B
2025-05-05 06:00:00,176,10,Lafayette Av,B
2025-05-05 06:00:00,177,10,Clinton-Washington Avs,B
2025-05-05 06:00:00,179,22,Nostrand Av,B
2025-05-05 06:00:00,180,11,Kingston-Throop Avs,B
2025-05-05 06:00:00,181,22,Utica Av,B
2025-05-05 06:00:00,182,11,Ralph Av,B
2025-05-05 06:00:00,183,11,Rockaway Av,B
2025-05-05 06:00:00,185,10,Liberty Av,B
2025-05-05 06:00:00,186,11,Van Siclen Av,B
2025-05-05 06:00:00,187,11,Shepherd Av,B
2025-05-05 06:00:00,188,22,Euclid Av,B
2025-05-05 06:00:00,189,16,Grant Av,B
2025-05-05 06:00:00,190,17,80 St,Q
2025-05-05 06:00:00,191,16,88 St,Q
2025-05-05 06:00:00,192,16,Rockaway Blvd,Q
2025-05-05 06:00:00,193,8,104 St,Q
2025-05-05 06:00:00,194,8,111 St,Q
2025-05-05 06:00:00,195,5,Ozone Park-Lefferts Blvd,Q
2025-05-05 06:00:00,196,4,Aqueduct Racetrack,Q
2025-05-05 06:00:00,197,8,Aqueduct-N Conduit Av,Q
2025-05-05 06:00:00,198,4,Howard Beach-JFK Airport,Q
2025-05-05 06:00:00,200,6,Beach 90 St,Q
2025-05-05 06:00:00,201,6,Beach 98 St,Q
2025-05-05 06:00:00,202,6,Beach 105 St,Q
2025-05-05 06:00:00,203,3,Rockaway Park-Beach 116 St,Q
2025-05-05 06:00:00,204,6,Beach 67 St,Q
2025-05-05 06:00:00,205,6,Beach 60 St,Q
2025-05-05 06:00:00,206,6,Beach 44 St,Q
2025-05-05 06:00:00,207,6,Beach 36 St,Q
2025-05-05 06:00:00,208,6,Beach 25 St,Q
2025-05-05 06:00:00,209,3,Far Rockaway-Mott Av,Q
2025-05-05 06:00:00,210,7,Norwood-205 St,Bx
2025-05-05 06:00:00,211,16,Bedford Park Blvd,Bx
2025-05-05 06:00:00,212,16,Kingsbridge Rd,Bx
2025-05-05 06:00:00,213,16,Fordham Rd,Bx
2025-05-05 06:00:00,214,11,182-183 Sts,Bx
2025-05-05 06:00:00,215,15,Tremont Av,Bx
2025-05-05 06:00:00,216,12,174-175 Sts,Bx
2025-05-05 06:00:00,217,12,170 St,Bx
2025-05-05 06:00:00,218,12,167 St,Bx
2025-05-05 06:00:00,220,12,155 St,M
2025-05-05 06:00:00,221,14,21 St-Queensbridge,Q
2025-05-05 06:00:00,222,13,Roosevelt Island,M
2025-05-05 06:00:00,223,25,Lexington Av/63 St,M
2025-05-05 06:00:00,224,14,57 St,M
2025-05-05 06:00:00,225,43,47-50 Sts-Rockefeller Ctr,M
2025-05-05 06:00:00,228,24,23 St,M
2025-05-05 06:00:00,231,19,Grand St,M
2025-05-05 06:00:00,232,13,2 Av,M
2025-05-05 06:00:00,234,13,East Broadway,M
2025-05-05 06:00:00,235,12,York St,B
2025-05-05 06:00:00,236,26,Bergen St,B
2025-05-05 06:00:00,237,25,Carroll St,B
2025-05-05 06:00:00,238,25,Smith-9 Sts,B
2025-05-05 06:00:00,240,26,7 Av,B
2025-05-05 06:00:00,241,25,15 St-Prospect Park,B
2025-05-05 06:00:00,242,26,Fort Hamilton Pkwy,B
2025-05-05 06:00:00,243,20,Church Av,B
2025-05-05 06:00:00,244,11,Ditmas Av,B
2025-05-05 06:00:00,245,12,18 Av,B
2025-05-05 06:00:00,246,13,Avenue I,B
2025-05-05 06:00:00,247,13,Bay Pkwy,B
2025-05-05 06:00:00,248,13,Avenue N,B
2025-05-05 06:00:00,249,14,Avenue P,B
2025-05-05 06:00:00,250,13,Kings Hwy,B
2025-05-05 06:00:00,251,12,Avenue U,B
2025-05-05 06:00:00,252,14,Avenue X,B
2025-05-05 06:00:00,253,10,Neptune Av,B
2025-05-05 06:00:00,254,11,Jamaica-179 St,Q
2025-05-05 06:00:00,255,15,169 St,Q
2025-05-05 06:00:00,256,15,Parsons Blvd,Q
2025-05-05 06:00:00,257,15,Sutphin Blvd,Q
2025-05-05 06:00:00,258,21,Briarwood,Q
2025-05-05 06:00:00,259,30,Kew Gardens-Union Tpke,Q
2025-05-05 06:00:00,260,23,75 Av,Q
2025-05-05 06:00:00,261,46,Forest Hills-71 Av,Q
2025-05-05 06:00:00,262,24,67 Av,Q
2025-05-05 06:00:00,263,23,63 Dr-Rego Park,Q
2025-05-05 06:00:00,264,22,Woodhaven Blvd,Q
2025-05-05 06:00:00,265,21,Grand Av-Newtown,Q
2025-05-05 06:00:00,266,23,Elmhurst Av,Q
2025-05-05 06:00:00,268,24,65 St,Q
2025-05-05 06:00:00,269,23,Northern Blvd,Q
2025-05-05 06:00:00,270,23,46 St,Q
2025-05-05 06:00:00,271,23,Steinway St,Q
2025-05-05 06:00:00,272,24,36 St,Q
2025-05-05 06:00:00,273,36,Queens Plaza,Q
2025-05-05 06:00:00,276,23,5 Av/53 St,M
2025-05-05 06:00:00,277,31,7 Av,M
2025-05-05 06:00:00,278,17,Jamaica Center-Parsons/Archer,Q
2025-05-05 06:00:00,279,25,Sutphin Blvd-Archer Av-JFK Airport,Q
2025-05-05 06:00:00,280,15,Jamaica-Van Wyck,Q
2025-05-05 06:00:00,282,13,21 St,Q
2025-05-05 06:00:00,283,13,Greenpoint Av,B
2025-05-05 06:00:00,284,13,Nassau Av,B
2025-05-05 06:00:00,286,12,Broadway,B
2025-05-05 06:00:00,287,12,Flushing Av,B
2025-05-05 06:00:00,288,14,Myrtle-Willoughby Avs,B
2025-05-05 06:00:00,289,13,Bedford-Nostrand Avs,B
2025-05-05 06:00:00,290,12,Classon Av,B
2025-05-05 06:00:00,291,12,Clinton-Washington Avs,B
2025-05-05 06:00:00,292,12,Fulton St,B
2025-05-05 06:00:00,293,7,Van Cortlandt Park-242 St,Bx
2025-05-05 06:00:00,294,13,238 St,Bx
2025-05-05 06:00:00,295,14,231 St,Bx
2025-05-05 06:00:00,296,13,Marble Hill-225 St,M
2025-05-05 06:00:00,297,14,215 St,M
2025-05-05 06:00:00,298,14,207 St,M
2025-05-05 06:00:00,299,13,Dyckman St,M
2025-05-05 06:00:00,300,12,191 St,M
2025-05-05 06:00:00,301,13,181 St,M
2025-05-05 06:00:00,303,13,157 St,M
2025-05-05 06:00:00,304,13,145 St,M
2025-05-05 06:00:00,305,14,137 St-City College,M
2025-05-05 06:00:00,306,13,125 St,M
2025-05-05 06:00:00,307,13,116 St-Columbia University,M
2025-05-05 06:00:00,308,13,Cathedral Pkwy (110 St),M
2025-05-05 06:00:00,309,13,103 St,M
2025-05-05 06:00:00,310,34,96 St,M
2025-05-05 06:00:00,311,15,86 St,M
2025-05-05 06:00:00,312,14,79 St,M
2025-05-05 06:00:00,313,35,72 St,M
2025-05-05 06:00:00,314,12,66 St-Lincoln Center,M
2025-05-05 06:00:00,316,14,50 St,M
2025-05-05 06:00:00,318,34,34 St-Penn Station,M
2025-05-05 06:00:00,319,13,28 St,M
2025-05-05 06:00:00,320,13,23 St,M
2025-05-05 06:00:00,321,14,18 St,M
2025-05-05 06:00:00,323,14,Christopher St-Stonewall,M
2025-05-05 06:00:00,324,14,Houston St,M
2025-05-05 06:00:00,325,13,Canal St,M
2025-05-05 06:00:00,326,13,Franklin St,M
2025-05-05 06:00:00,327,34,Chambers St,M
2025-05-05 06:00:00,328,15,WTC Cortlandt,M
2025-05-05 06:00:00,329,15,Rector St,M
2025-05-05 06:00:00,333,19,Wall St,M
2025-05-05 06:00:00,334,19,Clark St,B
2025-05-05 06:00:00,336,19,Hoyt St,B
2025-05-05 06:00:00,337,42,Nevins St,B
2025-05-05 06:00:00,339,21,Bergen St,B
2025-05-05 06:00:00,340,20,Grand Army Plaza,B
2025-05-05 06:00:00,341,20,Eastern Pkwy-Brooklyn Museum,B
2025-05-05 06:00:00,343,12,Nostrand Av,B
2025-05-05 06:00:00,344,12,Kingston Av,B
2025-05-05 06:00:00,345,14,Crown Hts-Utica Av,B
2025-05-05 06:00:00,346,13,Sutter Av-Rutland Rd,B
2025-05-05 06:00:00,347,13,Saratoga Av,B
2025-05-05 06:00:00,348,13,Rockaway Av,B
2025-05-05 06:00:00,349,14,Junius St,B
2025-05-05 06:00:00,350,13,Pennsylvania Av,B
2025-05-05 06:00:00,351,13,Van Siclen Av,B
2025-05-05 06:00:00,352,7,New Lots Av,B
2025-05-05 06:00:00,353,20,President St-Medgar Evers College,B
2025-05-05 06:00:00,354,20,Sterling St,B
2025-05-05 06:00:00,355,20,Winthrop St,B
2025-05-05 06:00:00,356,20,Church Av,B
2025-05-05 06:00:00,357,21,Beverly Rd,B
2025-05-05 06:00:00,358,20,Newkirk Av-Little Haiti,B
2025-05-05 06:00:00,359,11,Flatbush Av-Brooklyn College,B
2025-05-05 06:00:00,360,7,Pelham Bay Park,Bx
2025-05-05 06:00:00,361,12,Buhre Av,Bx
2025-05-05 06:00:00,362,12,Middletown Rd,Bx
2025-05-05 06:00:00,363,12,Westchester Sq-E Tremont Av,Bx
2025-05-05 06:00:00,364,12,Zerega Av,Bx
2025-05-05 06:00:00,365,12,Castle Hill Av,Bx
2025-05-05 06:00:00,366,17,Parkchester,Bx
2025-05-05 06:00:00,367,12,St Lawrence Av,Bx
2025-05-05 06:00:00,368,13,Morrison Av-Soundview,Bx
2025-05-05 06:00:00,369,13,Elder Av,Bx
2025-05-05 06:00:00,370,13,Whitlock Av,Bx
2025-05-05 06:00:00,371,18,Hunts Point Av,Bx
2025-05-05 06:00:00,372,13,Longwood Av,Bx
2025-05-05 06:00:00,373,14,E 149 St,Bx
2025-05-05 06:00:00,374,14,E 143 St-St Mary's St,Bx
2025-05-05 06:00:00,375,14,Cypress Av,Bx
2025-05-05 06:00:00,376,13,Brook Av,Bx
2025-05-05 06:00:00,377,17,3 Av-138 St,Bx
2025-05-05 06:00:00,378,10,Woodlawn,Bx
2025-05-05 06:00:00,379,17,Mosholu Pkwy,Bx
2025-05-05 06:00:00,380,17,Bedford Park Blvd-Lehman College,Bx
2025-05-05 06:00:00,381,18,Kingsbridge Rd,Bx
2025-05-05 06:00:00,382,18,Fordham Rd,Bx
2025-05-05 06:00:00,383,18,183 St,Bx
2025-05-05 06:00:00,384,18,Burnside Av,Bx
2025-05-05 06:00:00,385,17,176 St,Bx
2025-05-05 06:00:00,386,18,Mt Eden Av,Bx
2025-05-05 06:00:00,387,18,170 St,Bx
2025-05-05 06:00:00,388,19,167 St,Bx
2025-05-05 06:00:00,391,26,138 St-Grand Concourse,Bx
2025-05-05 06:00:00,392,44,125 St,M
2025-05-05 06:00:00,393,17,116 St,M
2025-05-05 06:00:00,394,17,110 St,M
2025-05-05 06:00:00,395,17,103 St,M
2025-05-05 06:00:00,396,18,96 St,M
2025-05-05 06:00:00,397,43,86 St,M
2025-05-05 06:00:00,398,16,77 St,M
2025-05-05 06:00:00,399,16,68 St-Hunter College,M
2025-05-05 06:00:00,403,16,33 St,M
2025-05-05 06:00:00,404,17,28 St,M
2025-05-05 06:00:00,405,17,23 St-Baruch College,M
2025-05-05 06:00:00,407,16,Astor Pl,M
2025-05-05 06:00:00,409,16,Spring St,M
2025-05-05 06:00:00,413,25,Wall St,M
2025-05-05 06:00:00,414,25,Bowling Green,M
2025-05-05 06:00:00,416,9,Wakefield-241 St,Bx
2025-05-05 06:00:00,417,20,Nereid Av,Bx
2025-05-05 06:00:00,418,20,233 St,Bx
2025-05-05 06:00:00,419,19,225 St,Bx
2025-05-05 06:00:00,420,19,219 St,Bx
2025-05-05 06:00:00,421,19,Gun Hill Rd,Bx
2025-05-05 06:00:00,422,20,Burke Av,Bx
2025-05-05 06:00:00,423,20,Allerton Av,Bx
2025-05-05 06:00:00,424,19,Pelham Pkwy,Bx
2025-05-05 06:00:00,425,18,Bronx Park East,Bx
2025-05-05 06:00:00,426,25,E 180 St,Bx
2025-05-05 06:00:00,427,14,West Farms Sq-E Tremont Av,Bx
2025-05-05 06:00:00,428,16,174 St,Bx
2025-05-05 06:00:00,429,16,Freeman St,Bx
2025-05-05 06:00:00,430,17,Simpson St,Bx
2025-05-05 06:00:00,431,17,Intervale Av,Bx
2025-05-05 06:00:00,432,16,Prospect Av,Bx
2025-05-05 06:00:00,433,16,Jackson Av,Bx
2025-05-05 06:00:00,434,22,3 Av-149 St,Bx
2025-05-05 06:00:00,436,5,Harlem-148 St,M
2025-05-05 06:00:00,437,10,145 St,M
2025-05-05 06:00:00,438,22,135 St,M
2025-05-05 06:00:00,439,22,125 St,M
2025-05-05 06:00:00,440,21,116 St,M
2025-05-05 06:00:00,441,22,110 St-Malcolm X Plaza,M
2025-05-05 06:00:00,442,7,Eastchester-Dyre Av,Bx
2025-05-05 06:00:00,443,9,Baychester Av,Bx
2025-05-05 06:00:00,444,9,Gun Hill Rd,Bx
2025-05-05 06:00:00,445,9,Pelham Pkwy,Bx
2025-05-05 06:00:00,446,9,Morris Park,Bx
2025-05-05 06:00:00,447,18,Flushing-Main St,Q
2025-05-05 06:00:00,448,27,Mets-Willets Point,Q
2025-05-05 06:00:00,449,24,111 St,Q
2025-05-05 06:00:00,450,23,103 St-Corona Plaza,Q
2025-05-05 06:00:00,451,31,Junction Blvd,Q
2025-05-05 06:00:00,452,25,90 St-Elmhurst Av,Q
2025-05-05 06:00:00,453,24,82 St-Jackson Hts,Q
2025-05-05 06:00:00,455,31,69 St,Q
2025-05-05 06:00:00,456,32,61 St-Woodside,Q
2025-05-05 06:00:00,457,32,61 St-Woodside,Q
2025-05-05 06:00:00,458,32,61 St-Woodside,Q
2025-05-05 06:00:00,459,34,61 St-Woodside,Q
2025-05-05 06:00:00,460,34,61 St-Woodside,Q
2025-05-05 06:00:00,461,32,61 St-Woodside,Q
2025-05-05 06:00:00,463,32,Hunters Point Av,Q
2025-05-05 06:00:00,464,32,Vernon Blvd-Jackson Av,Q
2025-05-05 06:00:00,471,18,34 St-Hudson Yards,M
2025-05-05 06:00:00,475,7,96 St,M
2025-05-05 06:00:00,476,11,86 St,M
2025-05-05 06:00:00,477,12,72 St,M
2025-05-05 06:00:00,501,7,St George,SI
2025-05-05 06:00:00,502,6,Tompkinsville,SI
2025-05-05 06:00:00,503,6,Stapleton,SI
2025-05-05 06:00:00,504,6,Clifton,SI
2025-05-05 06:00:00,505,5,Grasmere,SI
2025-05-05 06:00:00,506,5,Old Town,SI
2025-05-05 06:00:00,507,5,Dongan Hills,SI
2025-05-05 06:00:00,508,5,Jefferson Av,SI
2025-05-05 06:00:00,509,6,Grant City,SI
2025-05-05 06:00:00,510,8,New Dorp,SI
2025-05-05 06:00:00,511,8,Oakwood Heights,SI
2025-05-05 06:00:00,512,8,Bay Terrace,SI
2025-05-05 06:00:00,513,8,Great Kills,SI
2025-05-05 06:00:00,514,8,Eltingville,SI
2025-05-05 06:00:00,515,8,Annadale,SI
2025-05-05 06:00:00,516,8,Huguenot,SI
2025-05-05 06:00:00,517,6,Prince's Bay,SI
2025-05-05 06:00:00,518,6,Pleasant Plains,SI
2025-05-05 06:00:00,519,6,Richmond Valley,SI
2025-05-05 06:00:00,522,4,Tottenville,SI
2025-05-05 06:00:00,523,6,Arthur Kill,SI
2025-05-05 06:00:00,601,76,14 St/6 Av,M
2025-05-05 06:00:00,602,79,34 St-Herald Sq,M
2025-05-05 06:00:00,603,18,149 St-Grand Concourse,Bx
2025-05-05 06:00:00,604,30,161 St-Yankee Stadium,Bx
2025-05-05 06:00:00,605,32,168 St-Washington Hts,M
2025-05-05 06:00:00,606,62,Court Sq-23 St,Q
2025-05-05 06:00:00,607,80,34 St-Herald Sq,M
2025-05-05 06:00:00,608,47,4 Av-9 St,B
2025-05-05 06:00:00,609,74,42 St-Bryant Pk/5 Av,M
2025-05-05 06:00:00,610,87,Grand Central-42 St,M
2025-05-05 06:00:00,611,116,Times Sq-42 St/Port Authority Bus Terminal,M
2025-05-05 06:00:00,612,39,Lexington Av/51-53 Sts,M
2025-05-05 06:00:00,613,69,Lexington Av/59 St,M
2025-05-05 06:00:00,614,52,59 St-Columbus Circle,M
2025-05-05 06:00:00,615,23,62 St/New Utrecht Av,B
2025-05-05 06:00:00,616,84,Jackson Hts-Roosevelt Av/74 St-Broadway,Q
2025-05-05 06:00:00,617,96,Atlantic Av-Barclays Ctr,B
2025-05-05 06:00:00,618,44,14 St/8 Av,M
2025-05-05 06:00:00,619,59,Broadway-Lafayette St/Bleecker St,M
2025-05-05 06:00:00,620,53,Borough Hall/Court St,B
2025-05-05 06:00:00,621,22,Broadway Junction,B
2025-05-05 06:00:00,622,42,Brooklyn Bridge-City Hall/Chambers St,M
2025-05-05 06:00:00,623,39,Canal St,M
2025-05-05 06:00:00,624,58,Chambers St/WTC/Park Place/Cortlandt St,M
2025-05-05 06:00:00,625,33,Delancey St-Essex St,M
2025-05-05 06:00:00,626,51,Franklin Av-Medgar Evers College/Botanic Garden,B
2025-05-05 06:00:00,627,16,Franklin Av,B
2025-05-05 06:00:00,628,53,Fulton St,M
2025-05-05 06:00:00,629,31,Metropolitan Av/Lorimer St,B
2025-05-05 06:00:00,630,19,Myrtle-Wyckoff Avs,Q
2025-05-05 06:00:00,635,18,Whitehall St-South Ferry,M
2025-05-05 06:00:00,636,45,Jay St-MetroTech,B
2025-05-05 07:00:00,1,12,Astoria-Ditmars Blvd,Q
2025-05-05 07:00:00,2,19,Astoria Blvd,Q
2025-05-05 07:00:00,3,19,30 Av,Q
2025-05-05 07:00:00,4,20,Broadway,Q
2025-05-05 07:00:00,5,20,36 Av,Q
2025-05-05 07:00:00,6,21,39 Av-Dutch Kills,Q
2025-05-05 07:00:00,8,36,5 Av/59 St,M
2025-05-05 07:00:00,9,52,57 St-7 Av,M
2025-05-05 07:00:00,10,37,49 St,M
2025-05-05 07:00:00,13,26,28 St,M
2025-05-05 07:00:00,14,25,23 St,M
2025-05-05 07:00:00,16,26,8 St-NYU,M
2025-05-05 07:00:00,17,27,Prince St,M
2025-05-05 07:00:00,20,29,City Hall,M
2025-05-05 07:00:00,22,27,Rector St,M
2025-05-05 07:00:00,26,47,DeKalb Av,B
2025-05-05 07:00:00,28,19,Union St,B
2025-05-05 07:00:00,30,20,Prospect Av,B
2025-05-05 07:00:00,31,20,25 St,B
2025-05-05 07:00:00,32,47,36 St,B
2025-05-05 07:00:00,33,20,45 St,B
2025-05-05 07:00:00,34,20,53 St,B
2025-05-05 07:00:00,35,33,59 St,B
2025-05-05 07:00:00,36,17,Bay Ridge Av,B
2025-05-05 07:00:00,37,17,77 St,B
2025-05-05 07:00:00,38,17,86 St,B
2025-05-05 07:00:00,39,9,Bay Ridge-95 St,B
2025-05-05 07:00:00,41,30,7 Av,B
2025-05-05 07:00:00,42,35,Prospect Park,B
2025-05-05 07:00:00,43,16,Parkside Av,B
2025-05-05 07:00:00,44,29,Church Av,B
2025-05-05 07:00:00,45,15,Beverley Rd,B
2025-05-05 07:00:00,46,15,Cortelyou Rd,B
2025-05-05 07:00:00,47,31,Newkirk Plaza,B
2025-05-05 07:00:00,48,16,Avenue H,B
2025-05-05 07:00:00,49,15,Avenue J,B
2025-05-05 07:00:00,50,14,Avenue M,B
2025-05-05 07:00:00,51,30,Kings Hwy,B
2025-05-05 07:00:00,52,15,Avenue U,B
2025-05-05 07:00:00,53,15,Neck Rd,B
2025-05-05 07:00:00,54,30,Sheepshead Bay,B
2025-05-05 07:00:00,55,25,Brighton Beach,B
2025-05-05 07:00:00,56,17,Ocean Pkwy,B
2025-05-05 07:00:00,57,31,W 8 St-NY Aquarium,B
2025-05-05 07:00:00,58,29,Coney Island-Stillwell Av,B
2025-05-05 07:00:00,59,15,9 Av,B
2025-05-05 07:00:00,60,16,Fort Hamilton Pkwy,B
2025-05-05 07:00:00,61,16,50 St,B
2025-05-05 07:00:00,62,16,55 St,B
2025-05-05 07:00:00,64,15,71 St,B
2025-05-05 07:00:00,65,16,79 St,B
2025-05-05 07:00:00,66,17,18 Av,B
2025-05-05 07:00:00,67,17,20 Av,B
2025-05-05 07:00:00,68,15,Bay Pkwy,B
2025-05-05 07:00:00,69,16,25 Av,B
2025-05-05 07:00:00,70,11,Bay 50 St,B
2025-05-05 07:00:00,71,15,8 Av,B
2025-05-05 07:00:00,72,16,Fort Hamilton Pkwy,B
2025-05-05 07:00:00,74,18,18 Av,B
2025-05-05 07:00:00,75,18,20 Av,B
2025-05-05 07:00:00,76,17,Bay Pkwy,B
2025-05-05 07:00:00,77,16,Kings Hwy,B
2025-05-05 07:00:00,78,17,Avenue U,B
2025-05-05 07:00:00,79,17,86 St,B
2025-05-05 07:00:00,80,17,121 St,Q
2025-05-05 07:00:00,81,17,111 St,Q
2025-05-05 07:00:00,82,16,104 St,Q
2025-05-05 07:00:00,83,17,Woodhaven Blvd,Q
2025-05-05 07:00:00,84,17,85 St-Forest Pkwy,Q
2025-05-05 07:00:00,85,16,75 St-Elderts Ln,Q
2025-05-05 07:00:00,86,16,Cypress Hills,B
2025-05-05 07:00:00,87,15,Crescent St,B
2025-05-05 07:00:00,88,14,Norwood Av,B
2025-05-05 07:00:00,89,14,Cleveland St,B
2025-05-05 07:00:00,90,13,Van Siclen Av,B
2025-05-05 07:00:00,91,16,Alabama Av,B
2025-05-05 07:00:00,93,11,Chauncey St,B
2025-05-05 07:00:00,94,13,Halsey St,B
2025-05-05 07:00:00,95,13,Gates Av,B
2025-05-05 07:00:00,96,13,Kosciuszko St,B
2025-05-05 07:00:00,97,25,Myrtle Av,B
2025-05-05 07:00:00,98,18,Flushing Av,B
2025-05-05 07:00:00,99,19,Lorimer St,B
2025-05-05 07:00:00,100,18,Hewes St,B
2025-05-05 07:00:00,101,24,Marcy Av,B
2025-05-05 07:00:00,103,14,Bowery,M
2025-05-05 07:00:00,107,6,Broad St,M
2025-05-05 07:00:00,108,7,Middle Village-Metropolitan Av,Q
2025-05-05 07:00:00,109,12,Fresh Pond Rd,Q
2025-05-05 07:00:00,110,12,Forest Av,Q
2025-05-05 07:00:00,111,13,Seneca Av,Q
2025-05-05 07:00:00,113,13,Knickerbocker Av,B
2025-05-05 07:00:00,114,13,Central Av,B
2025-05-05 07:00:00,118,27,3 Av,M
2025-05-05 07:00:00,119,27,1 Av,M
2025-05-05 07:00:00,120,26,Bedford Av,B
2025-05-05 07:00:00,122,27,Graham Av,B
2025-05-05 07:00:00,123,26,Grand St,B
2025-05-05 07:00:00,124,27,Montrose Av,B
2025-05-05 07:00:00,125,26,Morgan Av,B
2025-05-05 07:00:00,126,27,Jefferson St,B
2025-05-05 07:00:00,127,27,DeKalb Av,B
2025-05-05 07:00:00,129,25,Halsey St,B
2025-05-05 07:00:00,130,26,Wilson Av,B
2025-05-05 07:00:00,131,27,Bushwick Av-Aberdeen St,B
2025-05-05 07:00:00,133,26,Atlantic Av,B
2025-05-05 07:00:00,134,27,Sutter Av,B
2025-05-05 07:00:00,135,27,Livonia Av,B
2025-05-05 07:00:00,136,26,New Lots Av,B
2025-05-05 07:00:00,137,27,East 105 St,B
2025-05-05 07:00:00,138,10,Canarsie-Rockaway Pkwy,B
2025-05-05 07:00:00,141,12,Park Pl,B
2025-05-05 07:00:00,143,8,Inwood-207 St,M
2025-05-05 07:00:00,144,16,Dyckman St,M
2025-05-05 07:00:00,145,16,190 St,M
2025-05-05 07:00:00,146,16,181 St,M
2025-05-05 07:00:00,147,17,175 St,M
2025-05-05 07:00:00,149,12,163 St-Amsterdam Av,M
2025-05-05 07:00:00,150,12,155 St,M
2025-05-05 07:00:00,152,24,135 St,M
2025-05-05 07:00:00,153,55,125 St,M
2025-05-05 07:00:00,154,27,116 St,M
2025-05-05 07:00:00,155,26,Cathedral Pkwy (110 St),M
2025-05-05 07:00:00,156,25,103 St,M
2025-05-05 07:00:00,157,25,96 St,M
2025-05-05 07:00:00,158,26,86 St,M
2025-05-05 07:00:00,159,25,81 St-Museum of Natural History,M
2025-05-05 07:00:00,160,25,72 St,M
2025-05-05 07:00:00,162,34,50 St,M
2025-05-05 07:00:00,164,51,34 St-Penn Station,M
2025-05-05 07:00:00,165,33,23 St,M
2025-05-05 07:00:00,168,32,Spring St,M
2025-05-05 07:00:00,169,51,Canal St,M
2025-05-05 07:00:00,173,31,High St,B
2025-05-05 07:00:00,175,48,Hoyt-Schermerhorn Sts,B
2025-05-05 07:00:00,176,12,Lafayette Av,B
2025-05-05 07:00:00,177,12,Clinton-Washington Avs,B
2025-05-05 07:00:00,179,32,Nostrand Av,B
2025-05-05 07:00:00,180,12,Kingston-Throop Avs,B
2025-05-05 07:00:00,181,32,Utica Av,B
2025-05-05 07:00:00,182,11,Ralph Av,B
2025-05-05 07:00:00,183,11,Rockaway Av,B
2025-05-05 07:00:00,185,11,Liberty Av,B
2025-05-05 07:00:00,186,11,Van Siclen Av,B
2025-05-05 07:00:00,187,11,Shepherd Av,B
2025-05-05 07:00:00,188,27,Euclid Av,B
2025-05-05 07:00:00,189,19,Grant Av,B
2025-05-05 07:00:00,190,19,80 St,Q
2025-05-05 07:00:00,191,21,88 St,Q
2025-05-05 07:00:00,192,20,Rockaway Blvd,Q
2025-05-05 07:00:00,193,8,104 St,Q
2025-05-05 07:00:00,194,8,111 St,Q
2025-05-05 07:00:00,195,5,Ozone Park-Lefferts Blvd,Q
2025-05-05 07:00:00,196,6,Aqueduct Racetrack,Q
2025-05-05 07:00:00,197,11,Aqueduct-N Conduit Av,Q
2025-05-05 07:00:00,198,6,Howard Beach-JFK Airport,Q
2025-05-05 07:00:00,200,8,Beach 90 St,Q
2025-05-05 07:00:00,201,8,Beach 98 St,Q
2025-05-05 07:00:00,202,8,Beach 105 St,Q
2025-05-05 07:00:00,203,4,Rockaway Park-Beach 116 St,Q
2025-05-05 07:00:00,204,7,Beach 67 St,Q
2025-05-05 07:00:00,205,7,Beach 60 St,Q
2025-05-05 07:00:00,206,8,Beach 44 St,Q
2025-05-05 07:00:00,207,8,Beach 36 St,Q
2025-05-05 07:00:00,208,8,Beach 25 St,Q
2025-05-05 07:00:00,209,4,Far Rockaway-Mott Av,Q
2025-05-05 07:00:00,210,7,Norwood-205 St,Bx
2025-05-05 07:00:00,211,18,Bedford Park Blvd,Bx
2025-05-05 07:00:00,212,24,Kingsbridge Rd,Bx
2025-05-05 07:00:00,213,24,Fordham Rd,Bx
2025-05-05 07:00:00,214,18,182-183 Sts,Bx
2025-05-05 07:00:00,215,25,Tremont Av,Bx
2025-05-05 07:00:00,216,18,174-175 Sts,Bx
2025-05-05 07:00:00,217,18,170 St,Bx
2025-05-05 07:00:00,218,18,167 St,Bx
2025-05-05 07:00:00,220,20,155 St,M
2025-05-05 07:00:00,221,19,21 St-Queensbridge,Q
2025-05-05 07:00:00,222,20,Roosevelt Island,M
2025-05-05 07:00:00,223,35,Lexington Av/63 St,M
2025-05-05 07:00:00,224,20,57 St,M
2025-05-05 07:00:00,225,61,47-50 Sts-Rockefeller Ctr,M
2025-05-05 07:00:00,228,33,23 St,M
2025-05-05 07:00:00,231,28,Grand St,M
2025-05-05 07:00:00,232,21,2 Av,M
2025-05-05 07:00:00,234,20,East Broadway,M
2025-05-05 07:00:00,235,20,York St,B
2025-05-05 07:00:00,236,35,Bergen St,B
2025-05-05 07:00:00,237,35,Carroll St,B
2025-05-05 07:00:00,238,36,Smith-9 Sts,B
2025-05-05 07:00:00,240,34,7 Av,B
2025-05-05 07:00:00,241,34,15 St-Prospect Park,B
2025-05-05 07:00:00,242,35,Fort Hamilton Pkwy,B
2025-05-05 07:00:00,243,27,Church Av,B
2025-05-05 07:00:00,244,19,Ditmas Av,B
2025-05-05 07:00:00,245,17,18 Av,B
2025-05-05 07:00:00,246,18,Avenue I,B
2025-05-05 07:00:00,247,18,Bay Pkwy,B
2025-05-05 07:00:00,248,17,Avenue N,B
2025-05-05 07:00:00,249,16,Avenue P,B
2025-05-05 07:00:00,250,18,Kings Hwy,B
2025-05-05 07:00:00,251,18,Avenue U,B
2025-05-05 07:00:00,252,16,Avenue X,B
2025-05-05 07:00:00,253,16,Neptune Av,B
2025-05-05 07:00:00,254,12,Jamaica-179 St,Q
2025-05-05 07:00:00,255,19,169 St,Q
2025-05-05 07:00:00,256,19,Parsons Blvd,Q
2025-05-05 07:00:00,257,19,Sutphin Blvd,Q
2025-05-05 07:00:00,258,23,Briarwood,Q
2025-05-05 07:00:00,259,40,Kew Gardens-Union Tpke,Q
2025-05-05 07:00:00,260,23,75 Av,Q
2025-05-05 07:00:00,261,56,Forest Hills-71 Av,Q
2025-05-05 07:00:00,262,29,67 Av,Q
2025-05-05 07:00:00,263,28,63 Dr-Rego Park,Q
2025-05-05 07:00:00,264,30,Woodhaven Blvd,Q
2025-05-05 07:00:00,265,29,Grand Av-Newtown,Q
2025-05-05 07:00:00,266,28,Elmhurst Av,Q
2025-05-05 07:00:00,268,28,65 St,Q
2025-05-05 07:00:00,269,28,Northern Blvd,Q
2025-05-05 07:00:00,270,28,46 St,Q
2025-05-05 07:00:00,271,28,Steinway St,Q
2025-05-05 07:00:00,272,28,36 St,Q
2025-05-05 07:00:00,273,48,Queens Plaza,Q
2025-05-05 07:00:00,276,33,5 Av/53 St,M
2025-05-05 07:00:00,277,47,7 Av,M
2025-05-05 07:00:00,278,22,Jamaica Center-Parsons/Archer,Q
2025-05-05 07:00:00,279,37,Sutphin Blvd-Archer Av-JFK Airport,Q
2025-05-05 07:00:00,280,19,Jamaica-Van Wyck,Q
2025-05-05 07:00:00,282,16,21 St,Q
2025-05-05 07:00:00,283,16,Greenpoint Av,B
2025-05-05 07:00:00,284,16,Nassau Av,B
2025-05-05 07:00:00,286,16,Broadway,B
2025-05-05 07:00:00,287,17,Flushing Av,B
2025-05-05 07:00:00,288,16,Myrtle-Willoughby Avs,B
2025-05-05 07:00:00,289,16,Bedford-Nostrand Avs,B
2025-05-05 07:00:00,290,16,Classon Av,B
2025-05-05 07:00:00,291,16,Clinton-Washington Avs,B
2025-05-05 07:00:00,292,17,Fulton St,B
2025-05-05 07:00:00,293,10,Van Cortlandt Park-242 St,Bx
2025-05-05 07:00:00,294,22,238 St,Bx
2025-05-05 07:00:00,295,22,231 St,Bx
2025-05-05 07:00:00,296,22,Marble Hill-225 St,M
2025-05-05 07:00:00,297,21,215 St,M
2025-05-05 07:00:00,298,22,207 St,M
2025-05-05 07:00:00,299,21,Dyckman St,M
2025-05-05 07:00:00,300,22,191 St,M
2025-05-05 07:00:00,301,22,181 St,M
2025-05-05 07:00:00,303,21,157 St,M
2025-05-05 07:00:00,304,21,145 St,M
2025-05-05 07:00:00,305,21,137 St-City College,M
2025-05-05 07:00:00,306,22,125 St,M
2025-05-05 07:00:00,307,22,116 St-Columbia University,M
2025-05-05 07:00:00,308,22,Cathedral Pkwy (110 St),M
2025-05-05 07:00:00,309,22,103 St,M
2025-05-05 07:00:00,310,53,96 St,M
2025-05-05 07:00:00,311,21,86 St,M
2025-05-05 07:00:00,312,21,79 St,M
2025-05-05 07:00:00,313,50,72 St,M
2025-05-05 07:00:00,314,21,66 St-Lincoln Center,M
2025-05-05 07:00:00,316,20,50 St,M
2025-05-05 07:00:00,318,50,34 St-Penn Station,M
2025-05-05 07:00:00,319,20,28 St,M
2025-05-05 07:00:00,320,20,23 St,M
2025-05-05 07:00:00,321,19,18 St,M
2025-05-05 07:00:00,323,18,Christopher St-Stonewall,M
2025-05-05 07:00:00,324,19,Houston St,M
2025-05-05 07:00:00,325,20,Canal St,M
2025-05-05 07:00:00,326,19,Franklin St,M
2025-05-05 07:00:00,327,50,Chambers St,M
2025-05-05 07:00:00,328,19,WTC Cortlandt,M
2025-05-05 07:00:00,329,18,Rector St,M
2025-05-05 07:00:00,333,31,Wall St,M
2025-05-05 07:00:00,334,31,Clark St,B
2025-05-05 07:00:00,336,31,Hoyt St,B
2025-05-05 07:00:00,337,68,Nevins St,B
2025-05-05 07:00:00,339,30,Bergen St,B
2025-05-05 07:00:00,340,31,Grand Army Plaza,B
2025-05-05 07:00:00,341,30,Eastern Pkwy-Brooklyn Museum,B
2025-05-05 07:00:00,343,15,Nostrand Av,B
2025-05-05 07:00:00,344,15,Kingston Av,B
2025-05-05 07:00:00,345,29,Crown Hts-Utica Av,B
2025-05-05 07:00:00,346,17,Sutter Av-Rutland Rd,B
2025-05-05 07:00:00,347,16,Saratoga Av,B
2025-05-05 07:00:00,348,17,Rockaway Av,B
2025-05-05 07:00:00,349,16,Junius St,B
2025-05-05 07:00:00,350,17,Pennsylvania Av,B
2025-05-05 07:00:00,351,17,Van Siclen Av,B
2025-05-05 07:00:00,352,10,New Lots Av,B
2025-05-05 07:00:00,353,30,President St-Medgar Evers College,B
2025-05-05 07:00:00,354,31,Sterling St,B
2025-05-05 07:00:00,355,30,Winthrop St,B
2025-05-05 07:00:00,356,32,Church Av,B
2025-05-05 07:00:00,357,30,Beverly Rd,B
2025-05-05 07:00:00,358,30,Newkirk Av-Little Haiti,B
2025-05-05 07:00:00,359,15,Flatbush Av-Brooklyn College,B
2025-05-05 07:00:00,360,11,Pelham Bay Park,Bx
2025-05-05 07:00:00,361,18,Buhre Av,Bx
2025-05-05 07:00:00,362,20,Middletown Rd,Bx
2025-05-05 07:00:00,363,19,Westchester Sq-E Tremont Av,Bx
2025-05-05 07:00:00,364,19,Zerega Av,Bx
2025-05-05 07:00:00,365,19,Castle Hill Av,Bx
2025-05-05 07:00:00,366,27,Parkchester,Bx
2025-05-05 07:00:00,367,17,St Lawrence Av,Bx
2025-05-05 07:00:00,368,18,Morrison Av-Soundview,Bx
2025-05-05 07:00:00,369,17,Elder Av,Bx
2025-05-05 07:00:00,370,17,Whitlock Av,Bx
2025-05-05 07:00:00,371,28,Hunts Point Av,Bx
2025-05-05 07:00:00,372,18,Longwood Av,Bx
2025-05-05 07:00:00,373,17,E 149 St,Bx
2025-05-05 07:00:00,374,18,E 143 St-St Mary's St,Bx
2025-05-05 07:00:00,375,18,Cypress Av,Bx
2025-05-05 07:00:00,376,18,Brook Av,Bx
2025-05-05 07:00:00,377,28,3 Av-138 St,Bx
2025-05-05 07:00:00,378,11,Woodlawn,Bx
2025-05-05 07:00:00,379,18,Mosholu Pkwy,Bx
2025-05-05 07:00:00,380,21,Bedford Park Blvd-Lehman College,Bx
2025-05-05 07:00:00,381,21,Kingsbridge Rd,Bx
2025-05-05 07:00:00,382,21,Fordham Rd,Bx
2025-05-05 07:00:00,383,21,183 St,Bx
2025-05-05 07:00:00,384,21,Burnside Av,Bx
2025-05-05 07:00:00,385,22,176 St,Bx
2025-05-05 07:00:00,386,21,Mt Eden Av,Bx
2025-05-05 07:00:00,387,21,170 St,Bx
2025-05-05 07:00:00,388,20,167 St,Bx
2025-05-05 07:00:00,391,25,138 St-Grand Concourse,Bx
2025-05-05 07:00:00,392,66,125 St,M
2025-05-05 07:00:00,393,29,116 St,M
2025-05-05 07:00:00,394,28,110 St,M
2025-05-05 07:00:00,395,28,103 St,M
2025-05-05 07:00:00,396,28,96 St,M
2025-05-05 07:00:00,397,66,86 St,M
2025-05-05 07:00:00,398,28,77 St,M
2025-05-05 07:00:00,399,28,68 St-Hunter College,M
2025-05-05 07:00:00,403,30,33 St,M
2025-05-05 07:00:00,404,30,28 St,M
2025-05-05 07:00:00,405,28,23 St-Baruch College,M
2025-05-05 07:00:00,407,29,Astor Pl,M
2025-05-05 07:00:00,409,29,Spring St,M
2025-05-05 07:00:00,413,37,Wall St,M
2025-05-05 07:00:00,414,37,Bowling Green,M
2025-05-05 07:00:00,416,10,Wakefield-241 St,Bx
2025-05-05 07:00:00,417,22,Nereid Av,Bx
2025-05-05 07:00:00,418,22,233 St,Bx
2025-05-05 07:00:00,419,22,225 St,Bx
2025-05-05 07:00:00,420,22,219 St,Bx
2025-05-05 07:00:00,421,22,Gun Hill Rd,Bx
2025-05-05 07:00:00,422,22,Burke Av,Bx
2025-05-05 07:00:00,423,22,Allerton Av,Bx
2025-05-05 07:00:00,424,22,Pelham Pkwy,Bx
2025-05-05 07:00:00,425,23,Bronx Park East,Bx
2025-05-05 07:00:00,426,36,E 180 St,Bx
2025-05-05 07:00:00,427,22,West Farms Sq-E Tremont Av,Bx
2025-05-05 07:00:00,428,22,174 St,Bx
2025-05-05 07:00:00,429,21,Freeman St,Bx
2025-05-05 07:00:00,430,21,Simpson St,Bx
2025-05-05 07:00:00,431,20,Intervale Av,Bx
2025-05-05 07:00:00,432,21,Prospect Av,Bx
2025-05-05 07:00:00,433,21,Jackson Av,Bx
2025-05-05 07:00:00,434,36,3 Av-149 St,Bx
2025-05-05 07:00:00,436,7,Harlem-148 St,M
2025-05-05 07:00:00,437,13,145 St,M
2025-05-05 07:00:00,438,30,135 St,M
2025-05-05 07:00:00,439,29,125 St,M
2025-05-05 07:00:00,440,30,116 St,M
2025-05-05 07:00:00,441,30,110 St-Malcolm X Plaza,M
2025-05-05 07:00:00,442,6,Eastchester-Dyre Av,Bx
2025-05-05 07:00:00,443,12,Baychester Av,Bx
2025-05-05 07:00:00,444,12,Gun Hill Rd,Bx
2025-05-05 07:00:00,445,12,Pelham Pkwy,Bx
2025-05-05 07:00:00,446,12,Morris Park,Bx
2025-05-05 07:00:00,447,20,Flushing-Main St,Q
2025-05-05 07:00:00,448,42,Mets-Willets Point,Q
2025-05-05 07:00:00,449,36,111 St,Q
2025-05-05 07:00:00,450,36,103 St-Corona Plaza,Q
2025-05-05 07:00:00,451,50,Junction Blvd,Q
2025-05-05 07:00:00,452,37,90 St-Elmhurst Av,Q
2025-05-05 07:00:00,453,37,82 St-Jackson Hts,Q
2025-05-05 07:00:00,455,50,69 St,Q
2025-05-05 07:00:00,456,49,61 St-Woodside,Q
2025-05-05 07:00:00,457,51,61 St-Woodside,Q
2025-05-05 07:00:00,458,52,61 St-Woodside,Q
2025-05-05 07:00:00,459,53,61 St-Woodside,Q
2025-05-05 07:00:00,460,54,61 St-Woodside,Q
2025-05-05 07:00:00,461,49,61 St-Woodside,Q
2025-05-05 07:00:00,463,49,Hunters Point Av,Q
2025-05-05 07:00:00,464,49,Vernon Blvd-Jackson Av,Q
2025-05-05 07:00:00,471,25,34 St-Hudson Yards,M
2025-05-05 07:00:00,475,7,96 St,M
2025-05-05 07:00:00,476,15,86 St,M
2025-05-05 07:00:00,477,15,72 St,M
2025-05-05 07:00:00,501,8,St George,SI
2025-05-05 07:00:00,502,8,Tompkinsville,SI
2025-05-05 07:00:00,503,8,Stapleton,SI
2025-05-05 07:00:00,504,8,Clifton,SI
2025-05-05 07:00:00,505,8,Grasmere,SI
2025-05-05 07:00:00,506,7,Old Town,SI
2025-05-05 07:00:00,507,7,Dongan Hills,SI
2025-05-05 07:00:00,508,7,Jefferson Av,SI
2025-05-05 07:00:00,509,7,Grant City,SI
2025-05-05 07:00:00,510,11,New Dorp,SI
2025-05-05 07:00:00,511,11,Oakwood Heights,SI
2025-05-05 07:00:00,512,11,Bay Terrace,SI
2025-05-05 07:00:00,513,11,Great Kills,SI
2025-05-05 07:00:00,514,9,Eltingville,SI
2025-05-05 07:00:00,515,10,Annadale,SI
2025-05-05 07:00:00,516,10,Huguenot,SI
2025-05-05 07:00:00,517,8,Prince's Bay,SI
2025-05-05 07:00:00,518,8,Pleasant Plains,SI
2025-05-05 07:00:00,519,7,Richmond Valley,SI
2025-05-05 07:00:00,522,4,Tottenville,SI
2025-05-05 07:00:00,523,7,Arthur Kill,SI
2025-05-05 07:00:00,601,108,14 St/6 Av,M
2025-05-05 07:00:00,602,125,34 St-Herald Sq,M
2025-05-05 07:00:00,603,20,149 St-Grand Concourse,Bx
2025-05-05 07:00:00,604,40,161 St-Yankee Stadium,Bx
2025-05-05 07:00:00,605,43,168 St-Washington Hts,M
2025-05-05 07:00:00,606,91,Court Sq-23 St,Q
2025-05-05 07:00:00,607,118,34 St-Herald Sq,M
2025-05-05 07:00:00,608,55,4 Av-9 St,B
2025-05-05 07:00:00,609,110,42 St-Bryant Pk/5 Av,M
2025-05-05 07:00:00,610,131,Grand Central-42 St,M
2025-05-05 07:00:00,611,167,Times Sq-42 St/Port Authority Bus Terminal,M
2025-05-05 07:00:00,612,62,Lexington Av/51-53 Sts,M
2025-05-05 07:00:00,613,100,Lexington Av/59 St,M
2025-05-05 07:00:00,614,77,59 St-Columbus Circle,M
2025-05-05 07:00:00,615,31,62 St/New Utrecht Av,B
2025-05-05 07:00:00,616,116,Jackson Hts-Roosevelt Av/74 St-Broadway,Q
2025-05-05 07:00:00,617,143,Atlantic Av-Barclays Ctr,B
2025-05-05 07:00:00,618,63,14 St/8 Av,M
2025-05-05 07:00:00,619,92,Broadway-Lafayette St/Bleecker St,M
2025-05-05 07:00:00,620,87,Borough Hall/Court St,B
2025-05-05 07:00:00,621,32,Broadway Junction,B
2025-05-05 07:00:00,622,66,Brooklyn Bridge-City Hall/Chambers St,M
2025-05-05 07:00:00,623,70,Canal St,M
2025-05-05 07:00:00,624,99,Chambers St/WTC/Park Place/Cortlandt St,M
2025-05-05 07:00:00,625,45,Delancey St-Essex St,M
2025-05-05 07:00:00,626,80,Franklin Av-Medgar Evers College/Botanic Garden,B
2025-05-05 07:00:00,627,17,Franklin Av,B
2025-05-05 07:00:00,628,81,Fulton St,M
2025-05-05 07:00:00,629,43,Metropolitan Av/Lorimer St,B
2025-05-05 07:00:00,630,26,Myrtle-Wyckoff Avs,Q
2025-05-05 07:00:00,635,30,Whitehall St-South Ferry,M
2025-05-05 07:00:00,636,68,Jay St-MetroTech,B
2025-05-05 08:00:00,1,15,Astoria-Ditmars Blvd,Q
2025-05-05 08:00:00,2,29,Astoria Blvd,Q
2025-05-05 08:00:00,3,29,30 Av,Q
2025-05-05 08:00:00,4,30,Broadway,Q
2025-05-05 08:00:00,5,31,36 Av,Q
2025-05-05 08:00:00,6,30,39 Av-Dutch Kills,Q
2025-05-05 08:00:00,8,47,5 Av/59 St,M
2025-05-05 08:00:00,9,66,57 St-7 Av,M
2025-05-05 08:00:00,10,48,49 St,M
2025-05-05 08:00:00,13,30,28 St,M
2025-05-05 08:00:00,14,31,23 St,M
2025-05-05 08:00:00,16,31,8 St-NYU,M
2025-05-05 08:00:00,17,30,Prince St,M
2025-05-05 08:00:00,20,30,City Hall,M
2025-05-05 08:00:00,22,31,Rector St,M
2025-05-05 08:00:00,26,52,DeKalb Av,B
2025-05-05 08:00:00,28,18,Union St,B
2025-05-05 08:00:00,30,16,Prospect Av,B
2025-05-05 08:00:00,31,17,25 St,B
2025-05-05 08:00:00,32,50,36 St,B
2025-05-05 08:00:00,33,16,45 St,B
2025-05-05 08:00:00,34,16,53 St,B
2025-05-05 08:00:00,35,30,59 St,B
2025-05-05 08:00:00,36,17,Bay Ridge Av,B
2025-05-05 08:00:00,37,16,77 St,B
2025-05-05 08:00:00,38,16,86 St,B
2025-05-05 08:00:00,39,9,Bay Ridge-95 St,B
2025-05-05 08:00:00,41,31,7 Av,B
2025-05-05 08:00:00,42,38,Prospect Park,B
2025-05-05 08:00:00,43,16,Parkside Av,B
2025-05-05 08:00:00,44,32,Church Av,B
2025-05-05 08:00:00,45,17,Beverley Rd,B
2025-05-05 08:00:00,46,17,Cortelyou Rd,B
2025-05-05 08:00:00,47,30,Newkirk Plaza,B
2025-05-05 08:00:00,48,16,Avenue H,B
2025-05-05 08:00:00,49,17,Avenue J,B
2025-05-05 08:00:00,50,17,Avenue M,B
2025-05-05 08:00:00,51,31,Kings Hwy,B
2025-05-05 08:00:00,52,17,Avenue U,B
2025-05-05 08:00:00,53,17,Neck Rd,B
2025-05-05 08:00:00,54,32,Sheepshead Bay,B
2025-05-05 08:00:00,55,24,Brighton Beach,B
2025-05-05 08:00:00,56,15,Ocean Pkwy,B
2025-05-05 08:00:00,57,26,W 8 St-NY Aquarium,B
2025-05-05 08:00:00,58,30,Coney Island-Stillwell Av,B
2025-05-05 08:00:00,59,15,9 Av,B
2025-05-05 08:00:00,60,15,Fort Hamilton Pkwy,B
2025-05-05 08:00:00,61,15,50 St,B
2025-05-05 08:00:00,62,15,55 St,B
2025-05-05 08:00:00,64,15,71 St,B
2025-05-05 08:00:00,65,15,79 St,B
2025-05-05 08:00:00,66,14,18 Av,B
2025-05-05 08:00:00,67,14,20 Av,B
2025-05-05 08:00:00,68,15,Bay Pkwy,B
2025-05-05 08:00:00,69,14,25 Av,B
2025-05-05 08:00:00,70,15,Bay 50 St,B
2025-05-05 08:00:00,71,15,8 Av,B
2025-05-05 08:00:00,72,14,Fort Hamilton Pkwy,B
2025-05-05 08:00:00,74,14,18 Av,B
2025-05-05 08:00:00,75,13,20 Av,B
2025-05-05 08:00:00,76,13,Bay Pkwy,B
2025-05-05 08:00:00,77,15,Kings Hwy,B
2025-05-05 08:00:00,78,14,Avenue U,B
2025-05-05 08:00:00,79,14,86 St,B
2025-05-05 08:00:00,80,17,121 St,Q
2025-05-05 08:00:00,81,16,111 St,Q
2025-05-05 08:00:00,82,16,104 St,Q
2025-05-05 08:00:00,83,17,Woodhaven Blvd,Q
2025-05-05 08:00:00,84,17,85 St-Forest Pkwy,Q
2025-05-05 08:00:00,85,18,75 St-Elderts Ln,Q
2025-05-05 08:00:00,86,17,Cypress Hills,B
2025-05-05 08:00:00,87,18,Crescent St,B
2025-05-05 08:00:00,88,13,Norwood Av,B
2025-05-05 08:00:00,89,14,Cleveland St,B
2025-05-05 08:00:00,90,15,Van Siclen Av,B
2025-05-05 08:00:00,91,18,Alabama Av,B
2025-05-05 08:00:00,93,15,Chauncey St,B
2025-05-05 08:00:00,94,15,Halsey St,B
2025-05-05 08:00:00,95,14,Gates Av,B
2025-05-05 08:00:00,96,15,Kosciuszko St,B
2025-05-05 08:00:00,97,37,Myrtle Av,B
2025-05-05 08:00:00,98,26,Flushing Av,B
2025-05-05 08:00:00,99,27,Lorimer St,B
2025-05-05 08:00:00,100,26,Hewes St,B
2025-05-05 08:00:00,101,39,Marcy Av,B
2025-05-05 08:00:00,103,21,Bowery,M
2025-05-05 08:00:00,107,12,Broad St,M
2025-05-05 08:00:00,108,9,Middle Village-Metropolitan Av,Q
2025-05-05 08:00:00,109,17,Fresh Pond Rd,Q
2025-05-05 08:00:00,110,16,Forest Av,Q
2025-05-05 08:00:00,111,16,Seneca Av,Q
2025-05-05 08:00:00,113,17,Knickerbocker Av,B
2025-05-05 08:00:00,114,16,Central Av,B
2025-05-05 08:00:00,118,38,3 Av,M
2025-05-05 08:00:00,119,39,1 Av,M
2025-05-05 08:00:00,120,39,Bedford Av,B
2025-05-05 08:00:00,122,38,Graham Av,B
2025-05-05 08:00:00,123,39,Grand St,B
2025-05-05 08:00:00,124,37,Montrose Av,B
2025-05-05 08:00:00,125,39,Morgan Av,B
2025-05-05 08:00:00,126,37,Jefferson St,B
2025-05-05 08:00:00,127,38,DeKalb Av,B
2025-05-05 08:00:00,129,27,Halsey St,B
2025-05-05 08:00:00,130,26,Wilson Av,B
2025-05-05 08:00:00,131,25,Bushwick Av-Aberdeen St,B
2025-05-05 08:00:00,133,25,Atlantic Av,B
2025-05-05 08:00:00,134,26,Sutter Av,B
2025-05-05 08:00:00,135,26,Livonia Av,B
2025-05-05 08:00:00,136,26,New Lots Av,B
2025-05-05 08:00:00,137,24,East 105 St,B
2025-05-05 08:00:00,138,11,Canarsie-Rockaway Pkwy,B
2025-05-05 08:00:00,141,12,Park Pl,B
2025-05-05 08:00:00,143,10,Inwood-207 St,M
2025-05-05 08:00:00,144,20,Dyckman St,M
2025-05-05 08:00:00,145,21,190 St,M
2025-05-05 08:00:00,146,22,181 St,M
2025-05-05 08:00:00,147,20,175 St,M
2025-05-05 08:00:00,149,11,163 St-Amsterdam Av,M
2025-05-05 08:00:00,150,11,155 St,M
2025-05-05 08:00:00,152,28,135 St,M
2025-05-05 08:00:00,153,68,125 St,M
2025-05-05 08:00:00,154,26,116 St,M
2025-05-05 08:00:00,155,26,Cathedral Pkwy (110 St),M
2025-05-05 08:00:00,156,28,103 St,M
2025-05-05 08:00:00,157,28,96 St,M
2025-05-05 08:00:00,158,27,86 St,M
2025-05-05 08:00:00,159,28,81 St-Museum of Natural History,M
2025-05-05 08:00:00,160,27,72 St,M
2025-05-05 08:00:00,162,33,50 St,M
2025-05-05 08:00:00,164,59,34 St-Penn Station,M
2025-05-05 08:00:00,165,34,23 St,M
2025-05-05 08:00:00,168,35,Spring St,M
2025-05-05 08:00:00,169,59,Canal St,M
2025-05-05 08:00:00,173,37,High St,B
2025-05-05 08:00:00,175,52,Hoyt-Schermerhorn Sts,B
2025-05-05 08:00:00,176,13,Lafayette Av,B
2025-05-05 08:00:00,177,13,Clinton-Washington Avs,B
2025-05-05 08:00:00,179,36,Nostrand Av,B
2025-05-05 08:00:00,180,13,Kingston-Throop Avs,B
2025-05-05 08:00:00,181,35,Utica Av,B
2025-05-05 08:00:00,182,13,Ralph Av,B
2025-05-05 08:00:00,183,13,Rockaway Av,B
2025-05-05 08:00:00,185,13,Liberty Av,B
2025-05-05 08:00:00,186,13,Van Siclen Av,B
2025-05-05 08:00:00,187,13,Shepherd Av,B
2025-05-05 08:00:00,188,29,Euclid Av,B
2025-05-05 08:00:00,189,21,Grant Av,B
2025-05-05 08:00:00,190,21,80 St,Q
2025-05-05 08:00:00,191,19,88 St,Q
2025-05-05 08:00:00,192,20,Rockaway Blvd,Q
2025-05-05 08:00:00,193,10,104 St,Q
2025-05-05 08:00:00,194,11,111 St,Q
2025-05-05 08:00:00,195,7,Ozone Park-Lefferts Blvd,Q
2025-05-05 08:00:00,196,6,Aqueduct Racetrack,Q
2025-05-05 08:00:00,197,9,Aqueduct-N Conduit Av,Q
2025-05-05 08:00:00,198,6,Howard Beach-JFK Airport,Q
2025-05-05 08:00:00,200,8,Beach 90 St,Q
2025-05-05 08:00:00,201,8,Beach 98 St,Q
2025-05-05 08:00:00,202,8,Beach 105 St,Q
2025-05-05 08:00:00,203,4,Rockaway Park-Beach 116 St,Q
2025-05-05 08:00:00,204,8,Beach 67 St,Q
2025-05-05 08:00:00,205,8,Beach 60 St,Q
2025-05-05 08:00:00,206,8,Beach 44 St,Q
2025-05-05 08:00:00,207,8,Beach 36 St,Q
2025-05-05 08:00:00,208,8,Beach 25 St,Q
2025-05-05 08:00:00,209,4,Far Rockaway-Mott Av,Q
2025-05-05 08:00:00,210,7,Norwood-205 St,Bx
2025-05-05 08:00:00,211,23,Bedford Park Blvd,Bx
2025-05-05 08:00:00,212,31,Kingsbridge Rd,Bx
2025-05-05 08:00:00,213,31,Fordham Rd,Bx
2025-05-05 08:00:00,214,23,182-183 Sts,Bx
2025-05-05 08:00:00,215,32,Tremont Av,Bx
2025-05-05 08:00:00,216,23,174-175 Sts,Bx
2025-05-05 08:00:00,217,23,170 St,Bx
2025-05-05 08:00:00,218,24,167 St,Bx
2025-05-05 08:00:00,220,24,155 St,M
2025-05-05 08:00:00,221,22,21 St-Queensbridge,Q
2025-05-05 08:00:00,222,22,Roosevelt Island,M
2025-05-05 08:00:00,223,43,Lexington Av/63 St,M
2025-05-05 08:00:00,224,22,57 St,M
2025-05-05 08:00:00,225,72,47-50 Sts-Rockefeller Ctr,M
2025-05-05 08:00:00,228,38,23 St,M
2025-05-05 08:00:00,231,32,Grand St,M
2025-05-05 08:00:00,232,22,2 Av,M
2025-05-05 08:00:00,234,21,East Broadway,M
2025-05-05 08:00:00,235,23,York St,B
2025-05-05 08:00:00,236,38,Bergen St,B
2025-05-05 08:00:00,237,39,Carroll St,B
2025-05-05 08:00:00,238,36,Smith-9 Sts,B
2025-05-05 08:00:00,240,39,7 Av,B
2025-05-05 08:00:00,241,40,15 St-Prospect Park,B
2025-05-05 08:00:00,242,38,Fort Hamilton Pkwy,B
2025-05-05 08:00:00,243,31,Church Av,B
2025-05-05 08:00:00,244,21,Ditmas Av,B
2025-05-05 08:00:00,245,22,18 Av,B
2025-05-05 08:00:00,246,21,Avenue I,B
2025-05-05 08:00:00,247,22,Bay Pkwy,B
2025-05-05 08:00:00,248,22,Avenue N,B
2025-05-05 08:00:00,249,22,Avenue P,B
2025-05-05 08:00:00,250,16,Kings Hwy,B
2025-05-05 08:00:00,251,11,Avenue U,B
2025-05-05 08:00:00,252,12,Avenue X,B
2025-05-05 08:00:00,253,11,Neptune Av,B
2025-05-05 08:00:00,254,12,Jamaica-179 St,Q
2025-05-05 08:00:00,255,21,169 St,Q
2025-05-05 08:00:00,256,21,Parsons Blvd,Q
2025-05-05 08:00:00,257,21,Sutphin Blvd,Q
2025-05-05 08:00:00,258,22,Briarwood,Q
2025-05-05 08:00:00,259,43,Kew Gardens-Union Tpke,Q
2025-05-05 08:00:00,260,22,75 Av,Q
2025-05-05 08:00:00,261,62,Forest Hills-71 Av,Q
2025-05-05 08:00:00,262,28,67 Av,Q
2025-05-05 08:00:00,263,30,63 Dr-Rego Park,Q
2025-05-05 08:00:00,264,28,Woodhaven Blvd,Q
2025-05-05 08:00:00,265,30,Grand Av-Newtown,Q
2025-05-05 08:00:00,266,29,Elmhurst Av,Q
2025-05-05 08:00:00,268,30,65 St,Q
2025-05-05 08:00:00,269,31,Northern Blvd,Q
2025-05-05 08:00:00,270,31,46 St,Q
2025-05-05 08:00:00,271,31,Steinway St,Q
2025-05-05 08:00:00,272,31,36 St,Q
2025-05-05 08:00:00,273,54,Queens Plaza,Q
2025-05-05 08:00:00,276,39,5 Av/53 St,M
2025-05-05 08:00:00,277,58,7 Av,M
2025-05-05 08:00:00,278,20,Jamaica Center-Parsons/Archer,Q
2025-05-05 08:00:00,279,37,Sutphin Blvd-Archer Av-JFK Airport,Q
2025-05-05 08:00:00,280,22,Jamaica-Van Wyck,Q
2025-05-05 08:00:00,282,16,21 St,Q
2025-05-05 08:00:00,283,15,Greenpoint Av,B
2025-05-05 08:00:00,284,15,Nassau Av,B
2025-05-05 08:00:00,286,16,Broadway,B
2025-05-05 08:00:00,287,15,Flushing Av,B
2025-05-05 08:00:00,288,15,Myrtle-Willoughby Avs,B
2025-05-05 08:00:00,289,17,Bedford-Nostrand Avs,B
2025-05-05 08:00:00,290,17,Classon Av,B
2025-05-05 08:00:00,291,16,Clinton-Washington Avs,B
2025-05-05 08:00:00,292,15,Fulton St,B
2025-05-05 08:00:00,293,10,Van Cortlandt Park-242 St,Bx
2025-05-05 08:00:00,294,20,238 St,Bx
2025-05-05 08:00:00,295,19,231 St,Bx
2025-05-05 08:00:00,296,20,Marble Hill-225 St,M
2025-05-05 08:00:00,297,20,215 St,M
2025-05-05 08:00:00,298,20,207 St,M
2025-05-05 08:00:00,299,21,Dyckman St,M
2025-05-05 08:00:00,300,21,191 St,M
2025-05-05 08:00:00,301,21,181 St,M
2025-05-05 08:00:00,303,22,157 St,M
2025-05-05 08:00:00,304,21,145 St,M
2025-05-05 08:00:00,305,28,137 St-City College,M
2025-05-05 08:00:00,306,31,125 St,M
2025-05-05 08:00:00,307,31,116 St-Columbia University,M
2025-05-05 08:00:00,308,31,Cathedral Pkwy (110 St),M
2025-05-05 08:00:00,309,31,103 St,M
2025-05-05 08:00:00,310,68,96 St,M
2025-05-05 08:00:00,311,30,86 St,M
2025-05-05 08:00:00,312,30,79 St,M
2025-05-05 08:00:00,313,69,72 St,M
2025-05-05 08:00:00,314,30,66 St-Lincoln Center,M
2025-05-05 08:00:00,316,31,50 St,M
2025-05-05 08:00:00,318,70,34 St-Penn Station,M
2025-05-05 08:00:00,319,31,28 St,M
2025-05-05 08:00:00,320,32,23 St,M
2025-05-05 08:00:00,321,31,18 St,M
2025-05-05 08:00:00,323,33,Christopher St-Stonewall,M
2025-05-05 08:00:00,324,32,Houston St,M
2025-05-05 08:00:00,325,32,Canal St,M
2025-05-05 08:00:00,326,32,Franklin St,M
2025-05-05 08:00:00,327,69,Chambers St,M
2025-05-05 08:00:00,328,31,WTC Cortlandt,M
2025-05-05 08:00:00,329,32,Rector St,M
2025-05-05 08:00:00,333,38,Wall St,M
2025-05-05 08:00:00,334,39,Clark St,B
2025-05-05 08:00:00,336,37,Hoyt St,B
2025-05-05 08:00:00,337,84,Nevins St,B
2025-05-05 08:00:00,339,38,Bergen St,B
2025-05-05 08:00:00,340,37,Grand Army Plaza,B
2025-05-05 08:00:00,341,38,Eastern Pkwy-Brooklyn Museum,B
2025-05-05 08:00:00,343,18,Nostrand Av,B
2025-05-05 08:00:00,344,18,Kingston Av,B
2025-05-05 08:00:00,345,30,Crown Hts-Utica Av,B
2025-05-05 08:00:00,346,18,Sutter Av-Rutland Rd,B
2025-05-05 08:00:00,347,18,Saratoga Av,B
2025-05-05 08:00:00,348,17,Rockaway Av,B
2025-05-05 08:00:00,349,17,Junius St,B
2025-05-05 08:00:00,350,18,Pennsylvania Av,B
2025-05-05 08:00:00,351,18,Van Siclen Av,B
2025-05-05 08:00:00,352,8,New Lots Av,B
2025-05-05 08:00:00,353,36,President St-Medgar Evers College,B
2025-05-05 08:00:00,354,36,Sterling St,B
2025-05-05 08:00:00,355,37,Winthrop St,B
2025-05-05 08:00:00,356,34,Church Av,B
2025-05-05 08:00:00,357,36,Beverly Rd,B
2025-05-05 08:00:00,358,37,Newkirk Av-Little Haiti,B
2025-05-05 08:00:00,359,19,Flatbush Av-Brooklyn College,B
2025-05-05 08:00:00,360,8,Pelham Bay Park,Bx
2025-05-05 08:00:00,361,16,Buhre Av,Bx
2025-05-05 08:00:00,362,15,Middletown Rd,Bx
2025-05-05 08:00:00,363,15,Westchester Sq-E Tremont Av,Bx
2025-05-05 08:00:00,364,15,Zerega Av,Bx
2025-05-05 08:00:00,365,15,Castle Hill Av,Bx
2025-05-05 08:00:00,366,23,Parkchester,Bx
2025-05-05 08:00:00,367,22,St Lawrence Av,Bx
2025-05-05 08:00:00,368,21,Morrison Av-Soundview,Bx
2025-05-05 08:00:00,369,21,Elder Av,Bx
2025-05-05 08:00:00,370,21,Whitlock Av,Bx
2025-05-05 08:00:00,371,29,Hunts Point Av,Bx
2025-05-05 08:00:00,372,21,Longwood Av,Bx
2025-05-05 08:00:00,373,22,E 149 St,Bx
2025-05-05 08:00:00,374,22,E 143 St-St Mary's St,Bx
2025-05-05 08:00:00,375,22,Cypress Av,Bx
2025-05-05 08:00:00,376,23,Brook Av,Bx
2025-05-05 08:00:00,377,34,3 Av-138 St,Bx
2025-05-05 08:00:00,378,11,Woodlawn,Bx
2025-05-05 08:00:00,379,21,Mosholu Pkwy,Bx
2025-05-05 08:00:00,380,21,Bedford Park Blvd-Lehman College,Bx
2025-05-05 08:00:00,381,22,Kingsbridge Rd,Bx
2025-05-05 08:00:00,382,22,Fordham Rd,Bx
2025-05-05 08:00:00,383,22,183 St,Bx
2025-05-05 08:00:00,384,22,Burnside Av,Bx
2025-05-05 08:00:00,385,21,176 St,Bx
2025-05-05 08:00:00,386,21,Mt Eden Av,Bx
2025-05-05 08:00:00,387,21,170 St,Bx
2025-05-05 08:00:00,388,26,167 St,Bx
2025-05-05 08:00:00,391,33,138 St-Grand Concourse,Bx
2025-05-05 08:00:00,392,82,125 St,M
2025-05-05 08:00:00,393,35,116 St,M
2025-05-05 08:00:00,394,36,110 St,M
2025-05-05 08:00:00,395,36,103 St,M
2025-05-05 08:00:00,396,36,96 St,M
2025-05-05 08:00:00,397,86,86 St,M
2025-05-05 08:00:00,398,37,77 St,M
2025-05-05 08:00:00,399,37,68 St-Hunter College,M
2025-05-05 08:00:00,403,36,33 St,M
2025-05-05 08:00:00,404,35,28 St,M
2025-05-05 08:00:00,405,37,23 St-Baruch College,M
2025-05-05 08:00:00,407,38,Astor Pl,M
2025-05-05 08:00:00,409,38,Spring St,M
2025-05-05 08:00:00,413,50,Wall St,M
2025-05-05 08:00:00,414,46,Bowling Green,M
2025-05-05 08:00:00,416,9,Wakefield-241 St,Bx
2025-05-05 08:00:00,417,17,Nereid Av,Bx
2025-05-05 08:00:00,418,17,233 St,Bx
2025-05-05 08:00:00,419,19,225 St,Bx
2025-05-05 08:00:00,420,18,219 St,Bx
2025-05-05 08:00:00,421,18,Gun Hill Rd,Bx
2025-05-05 08:00:00,422,18,Burke Av,Bx
2025-05-05 08:00:00,423,19,Allerton Av,Bx
2025-05-05 08:00:00,424,19,Pelham Pkwy,Bx
2025-05-05 08:00:00,425,19,Bronx Park East,Bx
2025-05-05 08:00:00,426,35,E 180 St,Bx
2025-05-05 08:00:00,427,26,West Farms Sq-E Tremont Av,Bx
2025-05-05 08:00:00,428,24,174 St,Bx
2025-05-05 08:00:00,429,26,Freeman St,Bx
2025-05-05 08:00:00,430,25,Simpson St,Bx
2025-05-05 08:00:00,431,26,Intervale Av,Bx
2025-05-05 08:00:00,432,27,Prospect Av,Bx
2025-05-05 08:00:00,433,28,Jackson Av,Bx
2025-05-05 08:00:00,434,38,3 Av-149 St,Bx
2025-05-05 08:00:00,436,7,Harlem-148 St,M
2025-05-05 08:00:00,437,17,145 St,M
2025-05-05 08:00:00,438,35,135 St,M
2025-05-05 08:00:00,439,37,125 St,M
2025-05-05 08:00:00,440,37,116 St,M
2025-05-05 08:00:00,441,37,110 St-Malcolm X Plaza,M
2025-05-05 08:00:00,442,8,Eastchester-Dyre Av,Bx
2025-05-05 08:00:00,443,13,Baychester Av,Bx
2025-05-05 08:00:00,444,13,Gun Hill Rd,Bx
2025-05-05 08:00:00,445,13,Pelham Pkwy,Bx
2025-05-05 08:00:00,446,13,Morris Park,Bx
2025-05-05 08:00:00,447,20,Flushing-Main St,Q
2025-05-05 08:00:00,448,43,Mets-Willets Point,Q
2025-05-05 08:00:00,449,37,111 St,Q
2025-05-05 08:00:00,450,39,103 St-Corona Plaza,Q
2025-05-05 08:00:00,451,52,Junction Blvd,Q
2025-05-05 08:00:00,452,38,90 St-Elmhurst Av,Q
2025-05-05 08:00:00,453,39,82 St-Jackson Hts,Q
2025-05-05 08:00:00,455,53,69 St,Q
2025-05-05 08:00:00,456,52,61 St-Woodside,Q
2025-05-05 08:00:00,457,54,61 St-Woodside,Q
2025-05-05 08:00:00,458,55,61 St-Woodside,Q
2025-05-05 08:00:00,459,56,61 St-Woodside,Q
2025-05-05 08:00:00,460,58,61 St-Woodside,Q
2025-05-05 08:00:00,461,52,61 St-Woodside,Q
2025-05-05 08:00:00,463,55,Hunters Point Av,Q
2025-05-05 08:00:00,464,55,Vernon Blvd-Jackson Av,Q
2025-05-05 08:00:00,471,28,34 St-Hudson Yards,M
2025-05-05 08:00:00,475,11,96 St,M
2025-05-05 08:00:00,476,22,86 St,M
2025-05-05 08:00:00,477,21,72 St,M
2025-05-05 08:00:00,501,5,St George,SI
2025-05-05 08:00:00,502,7,Tompkinsville,SI
2025-05-05 08:00:00,503,7,Stapleton,SI
2025-05-05 08:00:00,504,7,Clifton,SI
2025-05-05 08:00:00,505,7,Grasmere,SI
2025-05-05 08:00:00,506,8,Old Town,SI
2025-05-05 08:00:00,507,8,Dongan Hills,SI
2025-05-05 08:00:00,508,8,Jefferson Av,SI
2025-05-05 08:00:00,509,7,Grant City,SI
2025-05-05 08:00:00,510,10,New Dorp,SI
2025-05-05 08:00:00,511,10,Oakwood Heights,SI
2025-05-05 08:00:00,512,10,Bay Terrace,SI
2025-05-05 08:00:00,513,11,Great Kills,SI
2025-05-05 08:00:00,514,9,Eltingville,SI
2025-05-05 08:00:00,515,7,Annadale,SI
2025-05-05 08:00:00,516,7,Huguenot,SI
2025-05-05 08:00:00,517,7,Prince's Bay,SI
2025-05-05 08:00:00,518,7,Pleasant Plains,SI
2025-05-05 08:00:00,519,8,Richmond Valley,SI
2025-05-05 08:00:00,522,3,Tottenville,SI
2025-05-05 08:00:00,523,8,Arthur Kill,SI
2025-05-05 08:00:00,601,146,14 St/6 Av,M
2025-05-05 08:00:00,602,153,34 St-Herald Sq,M
2025-05-05 08:00:00,603,25,149 St-Grand Concourse,Bx
2025-05-05 08:00:00,604,49,161 St-Yankee Stadium,Bx
2025-05-05 08:00:00,605,50,168 St-Washington Hts,M
2025-05-05 08:00:00,606,102,Court Sq-23 St,Q
2025-05-05 08:00:00,607,142,34 St-Herald Sq,M
2025-05-05 08:00:00,608,55,4 Av-9 St,B
2025-05-05 08:00:00,609,127,42 St-Bryant Pk/5 Av,M
2025-05-05 08:00:00,610,157,Grand Central-42 St,M
2025-05-05 08:00:00,611,215,Times Sq-42 St/Port Authority Bus Terminal,M
2025-05-05 08:00:00,612,75,Lexington Av/51-53 Sts,M
2025-05-05 08:00:00,613,133,Lexington Av/59 St,M
2025-05-05 08:00:00,614,97,59 St-Columbus Circle,M
2025-05-05 08:00:00,615,30,62 St/New Utrecht Av,B
2025-05-05 08:00:00,616,126,Jackson Hts-Roosevelt Av/74 St-Broadway,Q
2025-05-05 08:00:00,617,168,Atlantic Av-Barclays Ctr,B
2025-05-05 08:00:00,618,80,14 St/8 Av,M
2025-05-05 08:00:00,619,107,Broadway-Lafayette St/Bleecker St,M
2025-05-05 08:00:00,620,102,Borough Hall/Court St,B
2025-05-05 08:00:00,621,36,Broadway Junction,B
2025-05-05 08:00:00,622,88,Brooklyn Bridge-City Hall/Chambers St,M
2025-05-05 08:00:00,623,87,Canal St,M
2025-05-05 08:00:00,624,120,Chambers St/WTC/Park Place/Cortlandt St,M
2025-05-05 08:00:00,625,62,Delancey St-Essex St,M
2025-05-05 08:00:00,626,94,Franklin Av-Medgar Evers College/Botanic Garden,B
2025-05-05 08:00:00,627,19,Franklin Av,B
2025-05-05 08:00:00,628,110,Fulton St,M
2025-05-05 08:00:00,629,54,Metropolitan Av/Lorimer St,B
2025-05-05 08:00:00,630,32,Myrtle-Wyckoff Avs,Q
2025-05-05 08:00:00,635,41,Whitehall St-South Ferry,M
2025-05-05 08:00:00,636,78,Jay St-MetroTech,B
2025-05-05 09:00:00,1,14,Astoria-Ditmars Blvd,Q
2025-05-05 09:00:00,2,29,Astoria Blvd,Q
2025-05-05 09:00:00,3,29,30 Av,Q
2025-05-05 09:00:00,4,28,Broadway,Q
2025-05-05 09:00:00,5,27,36 Av,Q
2025-05-05 09:00:00,6,28,39 Av-Dutch Kills,Q
2025-05-05 09:00:00,8,44,5 Av/59 St,M
2025-05-05 09:00:00,9,65,57 St-7 Av,M
2025-05-05 09:00:00,10,42,49 St,M
2025-05-05 09:00:00,13,32,28 St,M
2025-05-05 09:00:00,14,31,23 St,M
2025-05-05 09:00:00,16,29,8 St-NYU,M
2025-05-05 09:00:00,17,31,Prince St,M
2025-05-05 09:00:00,20,30,City Hall,M
2025-05-05 09:00:00,22,29,Rector St,M
2025-05-05 09:00:00,26,47,DeKalb Av,B
2025-05-05 09:00:00,28,17,Union St,B
2025-05-05 09:00:00,30,18,Prospect Av,B
2025-05-05 09:00:00,31,17,25 St,B
2025-05-05 09:00:00,32,47,36 St,B
2025-05-05 09:00:00,33,19,45 St,B
2025-05-05 09:00:00,34,18,53 St,B
2025-05-05 09:00:00,35,33,59 St,B
2025-05-05 09:00:00,36,15,Bay Ridge Av,B
2025-05-05 09:00:00,37,17,77 St,B
2025-05-05 09:00:00,38,17,86 St,B
2025-05-05 09:00:00,39,7,Bay Ridge-95 St,B
2025-05-05 09:00:00,41,33,7 Av,B
2025-05-05 09:00:00,42,38,Prospect Park,B
2025-05-05 09:00:00,43,18,Parkside Av,B
2025-05-05 09:00:00,44,32,Church Av,B
2025-05-05 09:00:00,45,17,Beverley Rd,B
2025-05-05 09:00:00,46,17,Cortelyou Rd,B
2025-05-05 09:00:00,47,32,Newkirk Plaza,B
2025-05-05 09:00:00,48,18,Avenue H,B
2025-05-05 09:00:00,49,18,Avenue J,B
2025-05-05 09:00:00,50,18,Avenue M,B
2025-05-05 09:00:00,51,30,Kings Hwy,B
2025-05-05 09:00:00,52,18,Avenue U,B
2025-05-05 09:00:00,53,18,Neck Rd,B
2025-05-05 09:00:00,54,30,Sheepshead Bay,B
2025-05-05 09:00:00,55,24,Brighton Beach,B
2025-05-05 09:00:00,56,17,Ocean Pkwy,B
2025-05-05 09:00:00,57,32,W 8 St-NY Aquarium,B
2025-05-05 09:00:00,58,28,Coney Island-Stillwell Av,B
2025-05-05 09:00:00,59,15,9 Av,B
2025-05-05 09:00:00,60,16,Fort Hamilton Pkwy,B
2025-05-05 09:00:00,61,16,50 St,B
2025-05-05 09:00:00,62,16,55 St,B
2025-05-05 09:00:00,64,17,71 St,B
2025-05-05 09:00:00,65,15,79 St,B
2025-05-05 09:00:00,66,16,18 Av,B
2025-05-05 09:00:00,67,16,20 Av,B
2025-05-05 09:00:00,68,16,Bay Pkwy,B
2025-05-05 09:00:00,69,16,25 Av,B
2025-05-05 09:00:00,70,16,Bay 50 St,B
2025-05-05 09:00:00,71,16,8 Av,B
2025-05-05 09:00:00,72,16,Fort Hamilton Pkwy,B
2025-05-05 09:00:00,74,16,18 Av,B
2025-05-05 09:00:00,75,17,20 Av,B
2025-05-05 09:00:00,76,17,Bay Pkwy,B
2025-05-05 09:00:00,77,15,Kings Hwy,B
2025-05-05 09:00:00,78,15,Avenue U,B
2025-05-05 09:00:00,79,15,86 St,B
2025-05-05 09:00:00,80,17,121 St,Q
2025-05-05 09:00:00,81,18,111 St,Q
2025-05-05 09:00:00,82,17,104 St,Q
2025-05-05 09:00:00,83,17,Woodhaven Blvd,Q
2025-05-05 09:00:00,84,17,85 St-Forest Pkwy,Q
2025-05-05 09:00:00,85,17,75 St-Elderts Ln,Q
2025-05-05 09:00:00,86,18,Cypress Hills,B
2025-05-05 09:00:00,87,16,Crescent St,B
2025-05-05 09:00:00,88,17,Norwood Av,B
2025-05-05 09:00:00,89,17,Cleveland St,B
2025-05-05 09:00:00,90,16,Van Siclen Av,B
2025-05-05 09:00:00,91,17,Alabama Av,B
2025-05-05 09:00:00,93,18,Chauncey St,B
2025-05-05 09:00:00,94,18,Halsey St,B
2025-05-05 09:00:00,95,17,Gates Av,B
2025-05-05 09:00:00,96,17,Kosciuszko St,B
2025-05-05 09:00:00,97,34,Myrtle Av,B
2025-05-05 09:00:00,98,25,Flushing Av,B
2025-05-05 09:00:00,99,24,Lorimer St,B
2025-05-05 09:00:00,100,25,Hewes St,B
2025-05-05 09:00:00,101,32,Marcy Av,B
2025-05-05 09:00:00,103,16,Bowery,M
2025-05-05 09:00:00,107,7,Broad St,M
2025-05-05 09:00:00,108,8,Middle Village-Metropolitan Av,Q
2025-05-05 09:00:00,109,15,Fresh Pond Rd,Q
2025-05-05 09:00:00,110,16,Forest Av,Q
2025-05-05 09:00:00,111,16,Seneca Av,Q
2025-05-05 09:00:00,113,15,Knickerbocker Av,B
2025-05-05 09:00:00,114,16,Central Av,B
2025-05-05 09:00:00,118,35,3 Av,M
2025-05-05 09:00:00,119,35,1 Av,M
2025-05-05 09:00:00,120,35,Bedford Av,B
2025-05-05 09:00:00,122,36,Graham Av,B
2025-05-05 09:00:00,123,34,Grand St,B
2025-05-05 09:00:00,124,35,Montrose Av,B
2025-05-05 09:00:00,125,35,Morgan Av,B
2025-05-05 09:00:00,126,35,Jefferson St,B
2025-05-05 09:00:00,127,35,DeKalb Av,B
2025-05-05 09:00:00,129,29,Halsey St,B
2025-05-05 09:00:00,130,29,Wilson Av,B
2025-05-05 09:00:00,131,29,Bushwick Av-Aberdeen St,B
2025-05-05 09:00:00,133,28,Atlantic Av,B
2025-05-05 09:00:00,134,28,Sutter Av,B
2025-05-05 09:00:00,135,28,Livonia Av,B
2025-05-05 09:00:00,136,28,New Lots Av,B
2025-05-05 09:00:00,137,28,East 105 St,B
2025-05-05 09:00:00,138,14,Canarsie-Rockaway Pkwy,B
2025-05-05 09:00:00,141,12,Park Pl,B
2025-05-05 09:00:00,143,10,Inwood-207 St,M
2025-05-05 09:00:00,144,20,Dyckman St,M
2025-05-05 09:00:00,145,24,190 St,M
2025-05-05 09:00:00,146,23,181 St,M
2025-05-05 09:00:00,147,24,175 St,M
2025-05-05 09:00:00,149,15,163 St-Amsterdam Av,M
2025-05-05 09:00:00,150,15,155 St,M
2025-05-05 09:00:00,152,29,135 St,M
2025-05-05 09:00:00,153,69,125 St,M
2025-05-05 09:00:00,154,30,116 St,M
2025-05-05 09:00:00,155,30,Cathedral Pkwy (110 St),M
2025-05-05 09:00:00,156,28,103 St,M
2025-05-05 09:00:00,157,29,96 St,M
2025-05-05 09:00:00,158,29,86 St,M
2025-05-05 09:00:00,159,29,81 St-Museum of Natural History,M
2025-05-05 09:00:00,160,30,72 St,M
2025-05-05 09:00:00,162,38,50 St,M
2025-05-05 09:00:00,164,62,34 St-Penn Station,M
2025-05-05 09:00:00,165,38,23 St,M
2025-05-05 09:00:00,168,37,Spring St,M
2025-05-05 09:00:00,169,58,Canal St,M
2025-05-05 09:00:00,173,34,High St,B
2025-05-05 09:00:00,175,48,Hoyt-Schermerhorn Sts,B
2025-05-05 09:00:00,176,13,Lafayette Av,B
2025-05-05 09:00:00,177,13,Clinton-Washington Avs,B
2025-05-05 09:00:00,179,33,Nostrand Av,B
2025-05-05 09:00:00,180,12,Kingston-Throop Avs,B
2025-05-05 09:00:00,181,34,Utica Av,B
2025-05-05 09:00:00,182,13,Ralph Av,B
2025-05-05 09:00:00,183,13,Rockaway Av,B
2025-05-05 09:00:00,185,13,Liberty Av,B
2025-05-05 09:00:00,186,13,Van Siclen Av,B
2025-05-05 09:00:00,187,13,Shepherd Av,B
2025-05-05 09:00:00,188,26,Euclid Av,B
2025-05-05 09:00:00,189,19,Grant Av,B
2025-05-05 09:00:00,190,18,80 St,Q
2025-05-05 09:00:00,191,18,88 St,Q
2025-05-05 09:00:00,192,18,Rockaway Blvd,Q
2025-05-05 09:00:00,193,12,104 St,Q
2025-05-05 09:00:00,194,11,111 St,Q
2025-05-05 09:00:00,195,5,Ozone Park-Lefferts Blvd,Q
2025-05-05 09:00:00,196,3,Aqueduct Racetrack,Q
2025-05-05 09:00:00,197,7,Aqueduct-N Conduit Av,Q
2025-05-05 09:00:00,198,3,Howard Beach-JFK Airport,Q
2025-05-05 09:00:00,200,8,Beach 90 St,Q
2025-05-05 09:00:00,201,8,Beach 98 St,Q
2025-05-05 09:00:00,202,8,Beach 105 St,Q
2025-05-05 09:00:00,203,4,Rockaway Park-Beach 116 St,Q
2025-05-05 09:00:00,204,8,Beach 67 St,Q
2025-05-05 09:00:00,205,8,Beach 60 St,Q
2025-05-05 09:00:00,206,8,Beach 44 St,Q
2025-05-05 09:00:00,207,8,Beach 36 St,Q
2025-05-05 09:00:00,208,8,Beach 25 St,Q
2025-05-05 09:00:00,209,4,Far Rockaway-Mott Av,Q
2025-05-05 09:00:00,210,8,Norwood-205 St,Bx
2025-05-05 09:00:00,211,22,Bedford Park Blvd,Bx
2025-05-05 09:00:00,212,26,Kingsbridge Rd,Bx
2025-05-05 09:00:00,213,29,Fordham Rd,Bx
2025-05-05 09:00:00,214,25,182-183 Sts,Bx
2025-05-05 09:00:00,215,29,Tremont Av,Bx
2025-05-05 09:00:00,216,26,174-175 Sts,Bx
2025-05-05 09:00:00,217,27,170 St,Bx
2025-05-05 09:00:00,218,26,167 St,Bx
2025-05-05 09:00:00,220,24,155 St,M
2025-05-05 09:00:00,221,22,21 St-Queensbridge,Q
2025-05-05 09:00:00,222,23,Roosevelt Island,M
2025-05-05 09:00:00,223,42,Lexington Av/63 St,M
2025-05-05 09:00:00,224,22,57 St,M
2025-05-05 09:00:00,225,67,47-50 Sts-Rockefeller Ctr,M
2025-05-05 09:00:00,228,38,23 St,M
2025-05-05 09:00:00,231,30,Grand St,M
2025-05-05 09:00:00,232,23,2 Av,M
2025-05-05 09:00:00,234,23,East Broadway,M
2025-05-05 09:00:00,235,23,York St,B
2025-05-05 09:00:00,236,38,Bergen St,B
2025-05-05 09:00:00,237,38,Carroll St,B
2025-05-05 09:00:00,238,39,Smith-9 Sts,B
2025-05-05 09:00:00,240,37,7 Av,B
2025-05-05 09:00:00,241,36,15 St-Prospect Park,B
2025-05-05 09:00:00,242,37,Fort Hamilton Pkwy,B
2025-05-05 09:00:00,243,29,Church Av,B
2025-05-05 09:00:00,244,22,Ditmas Av,B
2025-05-05 09:00:00,245,22,18 Av,B
2025-05-05 09:00:00,246,22,Avenue I,B
2025-05-05 09:00:00,247,20,Bay Pkwy,B
2025-05-05 09:00:00,248,22,Avenue N,B
2025-05-05 09:00:00,249,22,Avenue P,B
2025-05-05 09:00:00,250,16,Kings Hwy,B
2025-05-05 09:00:00,251,13,Avenue U,B
2025-05-05 09:00:00,252,14,Avenue X,B
2025-05-05 09:00:00,253,14,Neptune Av,B
2025-05-05 09:00:00,254,10,Jamaica-179 St,Q
2025-05-05 09:00:00,255,21,169 St,Q
2025-05-05 09:00:00,256,21,Parsons Blvd,Q
2025-05-05 09:00:00,257,21,Sutphin Blvd,Q
2025-05-05 09:00:00,258,21,Briarwood,Q
2025-05-05 09:00:00,259,42,Kew Gardens-Union Tpke,Q
2025-05-05 09:00:00,260,20,75 Av,Q
2025-05-05 09:00:00,261,57,Forest Hills-71 Av,Q
2025-05-05 09:00:00,262,34,67 Av,Q
2025-05-05 09:00:00,263,33,63 Dr-Rego Park,Q
2025-05-05 09:00:00,264,33,Woodhaven Blvd,Q
2025-05-05 09:00:00,265,33,Grand Av-Newtown,Q
2025-05-05 09:00:00,266,33,Elmhurst Av,Q
2025-05-05 09:00:00,268,34,65 St,Q
2025-05-05 09:00:00,269,33,Northern Blvd,Q
2025-05-05 09:00:00,270,34,46 St,Q
2025-05-05 09:00:00,271,33,Steinway St,Q
2025-05-05 09:00:00,272,33,36 St,Q
2025-05-05 09:00:00,273,57,Queens Plaza,Q
2025-05-05 09:00:00,276,39,5 Av/53 St,M
2025-05-05 09:00:00,277,52,7 Av,M
2025-05-05 09:00:00,278,18,Jamaica Center-Parsons/Archer,Q
2025-05-05 09:00:00,279,38,Sutphin Blvd-Archer Av-JFK Airport,Q
2025-05-05 09:00:00,280,21,Jamaica-Van Wyck,Q
2025-05-05 09:00:00,282,16,21 St,Q
2025-05-05 09:00:00,283,16,Greenpoint Av,B
2025-05-05 09:00:00,284,17,Nassau Av,B
2025-05-05 09:00:00,286,16,Broadway,B
2025-05-05 09:00:00,287,16,Flushing Av,B
2025-05-05 09:00:00,288,16,Myrtle-Willoughby Avs,B
2025-05-05 09:00:00,289,16,Bedford-Nostrand Avs,B
2025-05-05 09:00:00,290,15,Classon Av,B
2025-05-05 09:00:00,291,16,Clinton-Washington Avs,B
2025-05-05 09:00:00,292,16,Fulton St,B
2025-05-05 09:00:00,293,11,Van Cortlandt Park-242 St,Bx
2025-05-05 09:00:00,294,23,238 St,Bx
2025-05-05 09:00:00,295,24,231 St,Bx
2025-05-05 09:00:00,296,25,Marble Hill-225 St,M
2025-05-05 09:00:00,297,24,215 St,M
2025-05-05 09:00:00,298,25,207 St,M
2025-05-05 09:00:00,299,26,Dyckman St,M
2025-05-05 09:00:00,300,26,191 St,M
2025-05-05 09:00:00,301,25,181 St,M
2025-05-05 09:00:00,303,26,157 St,M
2025-05-05 09:00:00,304,27,145 St,M
2025-05-05 09:00:00,305,28,137 St-City College,M
2025-05-05 09:00:00,306,30,125 St,M
2025-05-05 09:00:00,307,30,116 St-Columbia University,M
2025-05-05 09:00:00,308,30,Cathedral Pkwy (110 St),M
2025-05-05 09:00:00,309,30,103 St,M
2025-05-05 09:00:00,310,65,96 St,M
2025-05-05 09:00:00,311,30,86 St,M
2025-05-05 09:00:00,312,30,79 St,M
2025-05-05 09:00:00,313,67,72 St,M
2025-05-05 09:00:00,314,31,66 St-Lincoln Center,M
2025-05-05 09:00:00,316,30,50 St,M
2025-05-05 09:00:00,318,67,34 St-Penn Station,M
2025-05-05 09:00:00,319,32,28 St,M
2025-05-05 09:00:00,320,31,23 St,M
2025-05-05 09:00:00,321,32,18 St,M
2025-05-05 09:00:00,323,31,Christopher St-Stonewall,M
2025-05-05 09:00:00,324,32,Houston St,M
2025-05-05 09:00:00,325,31,Canal St,M
2025-05-05 09:00:00,326,32,Franklin St,M
2025-05-05 09:00:00,327,69,Chambers St,M
2025-05-05 09:00:00,328,33,WTC Cortlandt,M
2025-05-05 09:00:00,329,32,Rector St,M
2025-05-05 09:00:00,333,38,Wall St,M
2025-05-05 09:00:00,334,37,Clark St,B
2025-05-05 09:00:00,336,39,Hoyt St,B
2025-05-05 09:00:00,337,78,Nevins St,B
2025-05-05 09:00:00,339,38,Bergen St,B
2025-05-05 09:00:00,340,39,Grand Army Plaza,B
2025-05-05 09:00:00,341,38,Eastern Pkwy-Brooklyn Museum,B
2025-05-05 09:00:00,343,22,Nostrand Av,B
2025-05-05 09:00:00,344,22,Kingston Av,B
2025-05-05 09:00:00,345,34,Crown Hts-Utica Av,B
2025-05-05 09:00:00,346,22,Sutter Av-Rutland Rd,B
2025-05-05 09:00:00,347,22,Saratoga Av,B
2025-05-05 09:00:00,348,22,Rockaway Av,B
2025-05-05 09:00:00,349,22,Junius St,B
2025-05-05 09:00:00,350,21,Pennsylvania Av,B
2025-05-05 09:00:00,351,20,Van Siclen Av,B
2025-05-05 09:00:00,352,9,New Lots Av,B
2025-05-05 09:00:00,353,32,President St-Medgar Evers College,B
2025-05-05 09:00:00,354,31,Sterling St,B
2025-05-05 09:00:00,355,32,Winthrop St,B
2025-05-05 09:00:00,356,34,Church Av,B
2025-05-05 09:00:00,357,33,Beverly Rd,B
2025-05-05 09:00:00,358,32,Newkirk Av-Little Haiti,B
2025-05-05 09:00:00,359,16,Flatbush Av-Brooklyn College,B
2025-05-05 09:00:00,360,7,Pelham Bay Park,Bx
2025-05-05 09:00:00,361,16,Buhre Av,Bx
2025-05-05 09:00:00,362,16,Middletown Rd,Bx
2025-05-05 09:00:00,363,17,Westchester Sq-E Tremont Av,Bx
2025-05-05 09:00:00,364,16,Zerega Av,Bx
2025-05-05 09:00:00,365,16,Castle Hill Av,Bx
2025-05-05 09:00:00,366,24,Parkchester,Bx
2025-05-05 09:00:00,367,23,St Lawrence Av,Bx
2025-05-05 09:00:00,368,22,Morrison Av-Soundview,Bx
2025-05-05 09:00:00,369,23,Elder Av,Bx
2025-05-05 09:00:00,370,24,Whitlock Av,Bx
2025-05-05 09:00:00,371,31,Hunts Point Av,Bx
2025-05-05 09:00:00,372,24,Longwood Av,Bx
2025-05-05 09:00:00,373,24,E 149 St,Bx
2025-05-05 09:00:00,374,23,E 143 St-St Mary's St,Bx
2025-05-05 09:00:00,375,24,Cypress Av,Bx
2025-05-05 09:00:00,376,23,Brook Av,Bx
2025-05-05 09:00:00,377,32,3 Av-138 St,Bx
2025-05-05 09:00:00,378,8,Woodlawn,Bx
2025-05-05 09:00:00,379,15,Mosholu Pkwy,Bx
2025-05-05 09:00:00,380,15,Bedford Park Blvd-Lehman College,Bx
2025-05-05 09:00:00,381,15,Kingsbridge Rd,Bx
2025-05-05 09:00:00,382,16,Fordham Rd,Bx
2025-05-05 09:00:00,383,16,183 St,Bx
2025-05-05 09:00:00,384,16,Burnside Av,Bx
2025-05-05 09:00:00,385,17,176 St,Bx
2025-05-05 09:00:00,386,17,Mt Eden Av,Bx
2025-05-05 09:00:00,387,17,170 St,Bx
2025-05-05 09:00:00,388,19,167 St,Bx
2025-05-05 09:00:00,391,44,138 St-Grand Concourse,Bx
2025-05-05 09:00:00,392,79,125 St,M
2025-05-05 09:00:00,393,35,116 St,M
2025-05-05 09:00:00,394,35,110 St,M
2025-05-05 09:00:00,395,34,103 St,M
2025-05-05 09:00:00,396,35,96 St,M
2025-05-05 09:00:00,397,79,86 St,M
2025-05-05 09:00:00,398,35,77 St,M
2025-05-05 09:00:00,399,36,68 St-Hunter College,M
2025-05-05 09:00:00,403,36,33 St,M
2025-05-05 09:00:00,404,36,28 St,M
2025-05-05 09:00:00,405,35,23 St-Baruch College,M
2025-05-05 09:00:00,407,34,Astor Pl,M
2025-05-05 09:00:00,409,35,Spring St,M
2025-05-05 09:00:00,413,46,Wall St,M
2025-05-05 09:00:00,414,44,Bowling Green,M
2025-05-05 09:00:00,416,8,Wakefield-241 St,Bx
2025-05-05 09:00:00,417,17,Nereid Av,Bx
2025-05-05 09:00:00,418,17,233 St,Bx
2025-05-05 09:00:00,419,16,225 St,Bx
2025-05-05 09:00:00,420,17,219 St,Bx
2025-05-05 09:00:00,421,17,Gun Hill Rd,Bx
2025-05-05 09:00:00,422,18,Burke Av,Bx
2025-05-05 09:00:00,423,17,Allerton Av,Bx
2025-05-05 09:00:00,424,17,Pelham Pkwy,Bx
2025-05-05 09:00:00,425,18,Bronx Park East,Bx
2025-05-05 09:00:00,426,34,E 180 St,Bx
2025-05-05 09:00:00,427,34,West Farms Sq-E Tremont Av,Bx
2025-05-05 09:00:00,428,35,174 St,Bx
2025-05-05 09:00:00,429,33,Freeman St,Bx
2025-05-05 09:00:00,430,35,Simpson St,Bx
2025-05-05 09:00:00,431,35,Intervale Av,Bx
2025-05-05 09:00:00,432,34,Prospect Av,Bx
2025-05-05 09:00:00,433,33,Jackson Av,Bx
2025-05-05 09:00:00,434,41,3 Av-149 St,Bx
2025-05-05 09:00:00,436,9,Harlem-148 St,M
2025-05-05 09:00:00,437,15,145 St,M
2025-05-05 09:00:00,438,35,135 St,M
2025-05-05 09:00:00,439,34,125 St,M
2025-05-05 09:00:00,440,35,116 St,M
2025-05-05 09:00:00,441,35,110 St-Malcolm X Plaza,M
2025-05-05 09:00:00,442,7,Eastchester-Dyre Av,Bx
2025-05-05 09:00:00,443,14,Baychester Av,Bx
2025-05-05 09:00:00,444,14,Gun Hill Rd,Bx
2025-05-05 09:00:00,445,15,Pelham Pkwy,Bx
2025-05-05 09:00:00,446,15,Morris Park,Bx
2025-05-05 09:00:00,447,15,Flushing-Main St,Q
2025-05-05 09:00:00,448,31,Mets-Willets Point,Q
2025-05-05 09:00:00,449,32,111 St,Q
2025-05-05 09:00:00,450,32,103 St-Corona Plaza,Q
2025-05-05 09:00:00,451,40,Junction Blvd,Q
2025-05-05 09:00:00,452,30,90 St-Elmhurst Av,Q
2025-05-05 09:00:00,453,31,82 St-Jackson Hts,Q
2025-05-05 09:00:00,455,38,69 St,Q
2025-05-05 09:00:00,456,40,61 St-Woodside,Q
2025-05-05 09:00:00,457,40,61 St-Woodside,Q
2025-05-05 09:00:00,458,41,61 St-Woodside,Q
2025-05-05 09:00:00,459,42,61 St-Woodside,Q
2025-05-05 09:00:00,460,43,61 St-Woodside,Q
2025-05-05 09:00:00,461,40,61 St-Woodside,Q
2025-05-05 09:00:00,463,38,Hunters Point Av,Q
2025-05-05 09:00:00,464,38,Vernon Blvd-Jackson Av,Q
2025-05-05 09:00:00,471,16,34 St-Hudson Yards,M
2025-05-05 09:00:00,475,9,96 St,M
2025-05-05 09:00:00,476,19,86 St,M
2025-05-05 09:00:00,477,18,72 St,M
2025-05-05 09:00:00,501,2,St George,SI
2025-05-05 09:00:00,502,4,Tompkinsville,SI
2025-05-05 09:00:00,503,4,Stapleton,SI
2025-05-05 09:00:00,504,4,Clifton,SI
2025-05-05 09:00:00,505,4,Grasmere,SI
2025-05-05 09:00:00,506,4,Old Town,SI
2025-05-05 09:00:00,507,5,Dongan Hills,SI
2025-05-05 09:00:00,508,5,Jefferson Av,SI
2025-05-05 09:00:00,509,5,Grant City,SI
2025-05-05 09:00:00,510,5,New Dorp,SI
2025-05-05 09:00:00,511,5,Oakwood Heights,SI
2025-05-05 09:00:00,512,5,Bay Terrace,SI
2025-05-05 09:00:00,513,4,Great Kills,SI
2025-05-05 09:00:00,514,4,Eltingville,SI
2025-05-05 09:00:00,515,5,Annadale,SI
2025-05-05 09:00:00,516,5,Huguenot,SI
2025-05-05 09:00:00,517,5,Prince's Bay,SI
2025-05-05 09:00:00,518,5,Pleasant Plains,SI
2025-05-05 09:00:00,519,5,Richmond Valley,SI
2025-05-05 09:00:00,522,2,Tottenville,SI
2025-05-05 09:00:00,523,5,Arthur Kill,SI
2025-05-05 09:00:00,601,144,14 St/6 Av,M
2025-05-05 09:00:00,602,152,34 St-Herald Sq,M
2025-05-05 09:00:00,603,20,149 St-Grand Concourse,Bx
2025-05-05 09:00:00,604,45,161 St-Yankee Stadium,Bx
2025-05-05 09:00:00,605,56,168 St-Washington Hts,M
2025-05-05 09:00:00,606,83,Court Sq-23 St,Q
2025-05-05 09:00:00,607,135,34 St-Herald Sq,M
2025-05-05 09:00:00,608,54,4 Av-9 St,B
2025-05-05 09:00:00,609,105,42 St-Bryant Pk/5 Av,M
2025-05-05 09:00:00,610,134,Grand Central-42 St,M
2025-05-05 09:00:00,611,206,Times Sq-42 St/Port Authority Bus Terminal,M
2025-05-05 09:00:00,612,76,Lexington Av/51-53 Sts,M
2025-05-05 09:00:00,613,123,Lexington Av/59 St,M
2025-05-05 09:00:00,614,101,59 St-Columbus Circle,M
2025-05-05 09:00:00,615,32,62 St/New Utrecht Av,B
2025-05-05 09:00:00,616,116,Jackson Hts-Roosevelt Av/74 St-Broadway,Q
2025-05-05 09:00:00,617,158,Atlantic Av-Barclays Ctr,B
2025-05-05 09:00:00,618,76,14 St/8 Av,M
2025-05-05 09:00:00,619,105,Broadway-Lafayette St/Bleecker St,M
2025-05-05 09:00:00,620,93,Borough Hall/Court St,B
2025-05-05 09:00:00,621,31,Broadway Junction,B
2025-05-05 09:00:00,622,82,Brooklyn Bridge-City Hall/Chambers St,M
2025-05-05 09:00:00,623,84,Canal St,M
2025-05-05 09:00:00,624,110,Chambers St/WTC/Park Place/Cortlandt St,M
2025-05-05 09:00:00,625,53,Delancey St-Essex St,M
2025-05-05 09:00:00,626,93,Franklin Av-Medgar Evers College/Botanic Garden,B
2025-05-05 09:00:00,627,20,Franklin Av,B
2025-05-05 09:00:00,628,102,Fulton St,M
2025-05-05 09:00:00,629,51,Metropolitan Av/Lorimer St,B
2025-05-05 09:00:00,630,32,Myrtle-Wyckoff Avs,Q
2025-05-05 09:00:00,635,39,Whitehall St-South Ferry,M
2025-05-05 09:00:00,636,72,Jay St-MetroTech,B
2025-05-05 10:00:00,1,12,Astoria-Ditmars Blvd,Q
2025-05-05 10:00:00,2,25,Astoria Blvd,Q
2025-05-05 10:00:00,3,25,30 Av,Q
2025-05-05 10:00:00,4,25,Broadway,Q
2025-05-05 10:00:00,5,25,36 Av,Q
2025-05-05 10:00:00,6,25,39 Av-Dutch Kills,Q
2025-05-05 10:00:00,8,40,5 Av/59 St,M
2025-05-05 10:00:00,9,55,57 St-7 Av,M
2025-05-05 10:00:00,10,42,49 St,M
2025-05-05 10:00:00,13,26,28 St,M
2025-05-05 10:00:00,14,28,23 St,M
2025-05-05 10:00:00,16,28,8 St-NYU,M
2025-05-05 10:00:00,17,27,Prince St,M
2025-05-05 10:00:00,20,28,City Hall,M
2025-05-05 10:00:00,22,28,Rector St,M
2025-05-05 10:00:00,26,46,DeKalb Av,B
2025-05-05 10:00:00,28,17,Union St,B
2025-05-05 10:00:00,30,16,Prospect Av,B
2025-05-05 10:00:00,31,17,25 St,B
2025-05-05 10:00:00,32,46,36 St,B
2025-05-05 10:00:00,33,15,45 St,B
2025-05-05 10:00:00,34,16,53 St,B
2025-05-05 10:00:00,35,32,59 St,B
2025-05-05 10:00:00,36,15,Bay Ridge Av,B
2025-05-05 10:00:00,37,14,77 St,B
2025-05-05 10:00:00,38,14,86 St,B
2025-05-05 10:00:00,39,8,Bay Ridge-95 St,B
2025-05-05 10:00:00,41,29,7 Av,B
2025-05-05 10:00:00,42,35,Prospect Park,B
2025-05-05 10:00:00,43,14,Parkside Av,B
2025-05-05 10:00:00,44,29,Church Av,B
2025-05-05 10:00:00,45,16,Beverley Rd,B
2025-05-05 10:00:00,46,16,Cortelyou Rd,B
2025-05-05 10:00:00,47,30,Newkirk Plaza,B
2025-05-05 10:00:00,48,14,Avenue H,B
2025-05-05 10:00:00,49,14,Avenue J,B
2025-05-05 10:00:00,50,14,Avenue M,B
2025-05-05 10:00:00,51,31,Kings Hwy,B
2025-05-05 10:00:00,52,14,Avenue U,B
2025-05-05 10:00:00,53,15,Neck Rd,B
2025-05-05 10:00:00,54,30,Sheepshead Bay,B
2025-05-05 10:00:00,55,23,Brighton Beach,B
2025-05-05 10:00:00,56,15,Ocean Pkwy,B
2025-05-05 10:00:00,57,31,W 8 St-NY Aquarium,B
2025-05-05 10:00:00,58,31,Coney Island-Stillwell Av,B
2025-05-05 10:00:00,59,16,9 Av,B
2025-05-05 10:00:00,60,14,Fort Hamilton Pkwy,B
2025-05-05 10:00:00,61,15,50 St,B
2025-05-05 10:00:00,62,15,55 St,B
2025-05-05 10:00:00,64,14,71 St,B
2025-05-05 10:00:00,65,15,79 St,B
2025-05-05 10:00:00,66,15,18 Av,B
2025-05-05 10:00:00,67,15,20 Av,B
2025-05-05 10:00:00,68,15,Bay Pkwy,B
2025-05-05 10:00:00,69,15,25 Av,B
2025-05-05 10:00:00,70,14,Bay 50 St,B
2025-05-05 10:00:00,71,18,8 Av,B
2025-05-05 10:00:00,72,18,Fort Hamilton Pkwy,B
2025-05-05 10:00:00,74,16,18 Av,B
2025-05-05 10:00:00,75,16,20 Av,B
2025-05-05 10:00:00,76,16,Bay Pkwy,B
2025-05-05 10:00:00,77,18,Kings Hwy,B
2025-05-05 10:00:00,78,17,Avenue U,B
2025-05-05 10:00:00,79,15,86 St,B
2025-05-05 10:00:00,80,14,121 St,Q
2025-05-05 10:00:00,81,14,111 St,Q
2025-05-05 10:00:00,82,15,104 St,Q
2025-05-05 10:00:00,83,15,Woodhaven Blvd,Q
2025-05-05 10:00:00,84,14,85 St-Forest Pkwy,Q
2025-05-05 10:00:00,85,14,75 St-Elderts Ln,Q
2025-05-05 10:00:00,86,14,Cypress Hills,B
2025-05-05 10:00:00,87,15,Crescent St,B
2025-05-05 10:00:00,88,15,Norwood Av,B
2025-05-05 10:00:00,89,14,Cleveland St,B
2025-05-05 10:00:00,90,14,Van Siclen Av,B
2025-05-05 10:00:00,91,14,Alabama Av,B
2025-05-05 10:00:00,93,14,Chauncey St,B
2025-05-05 10:00:00,94,14,Halsey St,B
2025-05-05 10:00:00,95,15,Gates Av,B
2025-05-05 10:00:00,96,16,Kosciuszko St,B
2025-05-05 10:00:00,97,29,Myrtle Av,B
2025-05-05 10:00:00,98,23,Flushing Av,B
2025-05-05 10:00:00,99,23,Lorimer St,B
2025-05-05 10:00:00,100,23,Hewes St,B
2025-05-05 10:00:00,101,31,Marcy Av,B
2025-05-05 10:00:00,103,16,Bowery,M
2025-05-05 10:00:00,107,7,Broad St,M
2025-05-05 10:00:00,108,7,Middle Village-Metropolitan Av,Q
2025-05-05 10:00:00,109,16,Fresh Pond Rd,Q
2025-05-05 10:00:00,110,15,Forest Av,Q
2025-05-05 10:00:00,111,15,Seneca Av,Q
2025-05-05 10:00:00,113,16,Knickerbocker Av,B
2025-05-05 10:00:00,114,15,Central Av,B
2025-05-05 10:00:00,118,32,3 Av,M
2025-05-05 10:00:00,119,31,1 Av,M
2025-05-05 10:00:00,120,31,Bedford Av,B
2025-05-05 10:00:00,122,31,Graham Av,B
2025-05-05 10:00:00,123,32,Grand St,B
2025-05-05 10:00:00,124,32,Montrose Av,B
2025-05-05 10:00:00,125,31,Morgan Av,B
2025-05-05 10:00:00,126,32,Jefferson St,B
2025-05-05 10:00:00,127,31,DeKalb Av,B
2025-05-05 10:00:00,129,30,Halsey St,B
2025-05-05 10:00:00,130,31,Wilson Av,B
2025-05-05 10:00:00,131,31,Bushwick Av-Aberdeen St,B
2025-05-05 10:00:00,133,31,Atlantic Av,B
2025-05-05 10:00:00,134,31,Sutter Av,B
2025-05-05 10:00:00,135,31,Livonia Av,B
2025-05-05 10:00:00,136,30,New Lots Av,B
2025-05-05 10:00:00,137,31,East 105 St,B
2025-05-05 10:00:00,138,15,Canarsie-Rockaway Pkwy,B
2025-05-05 10:00:00,141,12,Park Pl,B
2025-05-05 10:00:00,143,7,Inwood-207 St,M
2025-05-05 10:00:00,144,17,Dyckman St,M
2025-05-05 10:00:00,145,16,190 St,M
2025-05-05 10:00:00,146,16,181 St,M
2025-05-05 10:00:00,147,16,175 St,M
2025-05-05 10:00:00,149,14,163 St-Amsterdam Av,M
2025-05-05 10:00:00,150,14,155 St,M
2025-05-05 10:00:00,152,30,135 St,M
2025-05-05 10:00:00,153,60,125 St,M
2025-05-05 10:00:00,154,29,116 St,M
2025-05-05 10:00:00,155,29,Cathedral Pkwy (110 St),M
2025-05-05 10:00:00,156,30,103 St,M
2025-05-05 10:00:00,157,29,96 St,M
2025-05-05 10:00:00,158,28,86 St,M
2025-05-05 10:00:00,159,28,81 St-Museum of Natural History,M
2025-05-05 10:00:00,160,29,72 St,M
2025-05-05 10:00:00,162,34,50 St,M
2025-05-05 10:00:00,164,50,34 St-Penn Station,M
2025-05-05 10:00:00,165,34,23 St,M
2025-05-05 10:00:00,168,34,Spring St,M
2025-05-05 10:00:00,169,51,Canal St,M
2025-05-05 10:00:00,173,31,High St,B
2025-05-05 10:00:00,175,48,Hoyt-Schermerhorn Sts,B
2025-05-05 10:00:00,176,15,Lafayette Av,B
2025-05-05 10:00:00,177,15,Clinton-Washington Avs,B
2025-05-05 10:00:00,179,32,Nostrand Av,B
2025-05-05 10:00:00,180,15,Kingston-Throop Avs,B
2025-05-05 10:00:00,181,31,Utica Av,B
2025-05-05 10:00:00,182,14,Ralph Av,B
2025-05-05 10:00:00,183,14,Rockaway Av,B
2025-05-05 10:00:00,185,15,Liberty Av,B
2025-05-05 10:00:00,186,15,Van Siclen Av,B
2025-05-05 10:00:00,187,14,Shepherd Av,B
2025-05-05 10:00:00,188,24,Euclid Av,B
2025-05-05 10:00:00,189,17,Grant Av,B
2025-05-05 10:00:00,190,16,80 St,Q
2025-05-05 10:00:00,191,17,88 St,Q
2025-05-05 10:00:00,192,17,Rockaway Blvd,Q
2025-05-05 10:00:00,193,8,104 St,Q
2025-05-05 10:00:00,194,8,111 St,Q
2025-05-05 10:00:00,195,4,Ozone Park-Lefferts Blvd,Q
2025-05-05 10:00:00,196,4,Aqueduct Racetrack,Q
2025-05-05 10:00:00,197,9,Aqueduct-N Conduit Av,Q
2025-05-05 10:00:00,198,4,Howard Beach-JFK Airport,Q
2025-05-05 10:00:00,200,8,Beach 90 St,Q
2025-05-05 10:00:00,201,8,Beach 98 St,Q
2025-05-05 10:00:00,202,8,Beach 105 St,Q
2025-05-05 10:00:00,203,4,Rockaway Park-Beach 116 St,Q
2025-05-05 10:00:00,204,8,Beach 67 St,Q
2025-05-05 10:00:00,205,8,Beach 60 St,Q
2025-05-05 10:00:00,206,8,Beach 44 St,Q
2025-05-05 10:00:00,207,8,Beach 36 St,Q
2025-05-05 10:00:00,208,8,Beach 25 St,Q
2025-05-05 10:00:00,209,4,Far Rockaway-Mott Av,Q
2025-05-05 10:00:00,210,7,Norwood-205 St,Bx
2025-05-05 10:00:00,211,18,Bedford Park Blvd,Bx
2025-05-05 10:00:00,212,22,Kingsbridge Rd,Bx
2025-05-05 10:00:00,213,21,Fordham Rd,Bx
2025-05-05 10:00:00,214,21,182-183 Sts,Bx
2025-05-05 10:00:00,215,22,Tremont Av,Bx
2025-05-05 10:00:00,216,24,174-175 Sts,Bx
2025-05-05 10:00:00,217,23,170 St,Bx
2025-05-05 10:00:00,218,22,167 St,Bx
2025-05-05 10:00:00,220,23,155 St,M
2025-05-05 10:00:00,221,20,21 St-Queensbridge,Q
2025-05-05 10:00:00,222,20,Roosevelt Island,M
2025-05-05 10:00:00,223,34,Lexington Av/63 St,M
2025-05-05 10:00:00,224,21,57 St,M
2025-05-05 10:00:00,225,67,47-50 Sts-Rockefeller Ctr,M
2025-05-05 10:00:00,228,36,23 St,M
2025-05-05 10:00:00,231,30,Grand St,M
2025-05-05 10:00:00,232,19,2 Av,M
2025-05-05 10:00:00,234,21,East Broadway,M
2025-05-05 10:00:00,235,19,York St,B
2025-05-05 10:00:00,236,35,Bergen St,B
2025-05-05 10:00:00,237,35,Carroll St,B
2025-05-05 10:00:00,238,35,Smith-9 Sts,B
2025-05-05 10:00:00,240,36,7 Av,B
2025-05-05 10:00:00,241,37,15 St-Prospect Park,B
2025-05-05 10:00:00,242,36,Fort Hamilton Pkwy,B
2025-05-05 10:00:00,243,28,Church Av,B
2025-05-05 10:00:00,244,21,Ditmas Av,B
2025-05-05 10:00:00,245,20,18 Av,B
2025-05-05 10:00:00,246,20,Avenue I,B
2025-05-05 10:00:00,247,21,Bay Pkwy,B
2025-05-05 10:00:00,248,20,Avenue N,B
2025-05-05 10:00:00,249,20,Avenue P,B
2025-05-05 10:00:00,250,17,Kings Hwy,B
2025-05-05 10:00:00,251,16,Avenue U,B
2025-05-05 10:00:00,252,15,Avenue X,B
2025-05-05 10:00:00,253,16,Neptune Av,B
2025-05-05 10:00:00,254,10,Jamaica-179 St,Q
2025-05-05 10:00:00,255,20,169 St,Q
2025-05-05 10:00:00,256,21,Parsons Blvd,Q
2025-05-05 10:00:00,257,22,Sutphin Blvd,Q
2025-05-05 10:00:00,258,21,Briarwood,Q
2025-05-05 10:00:00,259,43,Kew Gardens-Union Tpke,Q
2025-05-05 10:00:00,260,21,75 Av,Q
2025-05-05 10:00:00,261,57,Forest Hills-71 Av,Q
2025-05-05 10:00:00,262,30,67 Av,Q
2025-05-05 10:00:00,263,31,63 Dr-Rego Park,Q
2025-05-05 10:00:00,264,31,Woodhaven Blvd,Q
2025-05-05 10:00:00,265,31,Grand Av-Newtown,Q
2025-05-05 10:00:00,266,32,Elmhurst Av,Q
2025-05-05 10:00:00,268,30,65 St,Q
2025-05-05 10:00:00,269,30,Northern Blvd,Q
2025-05-05 10:00:00,270,30,46 St,Q
2025-05-05 10:00:00,271,31,Steinway St,Q
2025-05-05 10:00:00,272,31,36 St,Q
2025-05-05 10:00:00,273,51,Queens Plaza,Q
2025-05-05 10:00:00,276,37,5 Av/53 St,M
2025-05-05 10:00:00,277,51,7 Av,M
2025-05-05 10:00:00,278,18,Jamaica Center-Parsons/Archer,Q
2025-05-05 10:00:00,279,36,Sutphin Blvd-Archer Av-JFK Airport,Q
2025-05-05 10:00:00,280,22,Jamaica-Van Wyck,Q
2025-05-05 10:00:00,282,16,21 St,Q
2025-05-05 10:00:00,283,15,Greenpoint Av,B
2025-05-05 10:00:00,284,14,Nassau Av,B
2025-05-05 10:00:00,286,16,Broadway,B
2025-05-05 10:00:00,287,16,Flushing Av,B
2025-05-05 10:00:00,288,15,Myrtle-Willoughby Avs,B
2025-05-05 10:00:00,289,14,Bedford-Nostrand Avs,B
2025-05-05 10:00:00,290,15,Classon Av,B
2025-05-05 10:00:00,291,15,Clinton-Washington Avs,B
2025-05-05 10:00:00,292,16,Fulton St,B
2025-05-05 10:00:00,293,11,Van Cortlandt Park-242 St,Bx
2025-05-05 10:00:00,294,24,238 St,Bx
2025-05-05 10:00:00,295,25,231 St,Bx
2025-05-05 10:00:00,296,24,Marble Hill-225 St,M
2025-05-05 10:00:00,297,24,215 St,M
2025-05-05 10:00:00,298,27,207 St,M
2025-05-05 10:00:00,299,26,Dyckman St,M
2025-05-05 10:00:00,300,25,191 St,M
2025-05-05 10:00:00,301,27,181 St,M
2025-05-05 10:00:00,303,25,157 St,M
2025-05-05 10:00:00,304,26,145 St,M
2025-05-05 10:00:00,305,26,137 St-City College,M
2025-05-05 10:00:00,306,24,125 St,M
2025-05-05 10:00:00,307,25,116 St-Columbia University,M
2025-05-05 10:00:00,308,25,Cathedral Pkwy (110 St),M
2025-05-05 10:00:00,309,25,103 St,M
2025-05-05 10:00:00,310,56,96 St,M
2025-05-05 10:00:00,311,25,86 St,M
2025-05-05 10:00:00,312,25,79 St,M
2025-05-05 10:00:00,313,54,72 St,M
2025-05-05 10:00:00,314,24,66 St-Lincoln Center,M
2025-05-05 10:00:00,316,24,50 St,M
2025-05-05 10:00:00,318,55,34 St-Penn Station,M
2025-05-05 10:00:00,319,24,28 St,M
2025-05-05 10:00:00,320,23,23 St,M
2025-05-05 10:00:00,321,24,18 St,M
2025-05-05 10:00:00,323,24,Christopher St-Stonewall,M
2025-05-05 10:00:00,324,22,Houston St,M
2025-05-05 10:00:00,325,24,Canal St,M
2025-05-05 10:00:00,326,24,Franklin St,M
2025-05-05 10:00:00,327,54,Chambers St,M
2025-05-05 10:00:00,328,22,WTC Cortlandt,M
2025-05-05 10:00:00,329,24,Rector St,M
2025-05-05 10:00:00,333,31,Wall St,M
2025-05-05 10:00:00,334,32,Clark St,B
2025-05-05 10:00:00,336,31,Hoyt St,B
2025-05-05 10:00:00,337,67,Nevins St,B
2025-05-05 10:00:00,339,32,Bergen St,B
2025-05-05 10:00:00,340,31,Grand Army Plaza,B
2025-05-05 10:00:00,341,32,Eastern Pkwy-Brooklyn Museum,B
2025-05-05 10:00:00,343,17,Nostrand Av,B
2025-05-05 10:00:00,344,17,Kingston Av,B
2025-05-05 10:00:00,345,26,Crown Hts-Utica Av,B
2025-05-05 10:00:00,346,16,Sutter Av-Rutland Rd,B
2025-05-05 10:00:00,347,17,Saratoga Av,B
2025-05-05 10:00:00,348,17,Rockaway Av,B
2025-05-05 10:00:00,349,18,Junius St,B
2025-05-05 10:00:00,350,18,Pennsylvania Av,B
2025-05-05 10:00:00,351,19,Van Siclen Av,B
2025-05-05 10:00:00,352,7,New Lots Av,B
2025-05-05 10:00:00,353,32,President St-Medgar Evers College,B
2025-05-05 10:00:00,354,32,Sterling St,B
2025-05-05 10:00:00,355,31,Winthrop St,B
2025-05-05 10:00:00,356,30,Church Av,B
2025-05-05 10:00:00,357,30,Beverly Rd,B
2025-05-05 10:00:00,358,31,Newkirk Av-Little Haiti,B
2025-05-05 10:00:00,359,15,Flatbush Av-Brooklyn College,B
2025-05-05 10:00:00,360,8,Pelham Bay Park,Bx
2025-05-05 10:00:00,361,15,Buhre Av,Bx
2025-05-05 10:00:00,362,16,Middletown Rd,Bx
2025-05-05 10:00:00,363,16,Westchester Sq-E Tremont Av,Bx
2025-05-05 10:00:00,364,17,Zerega Av,Bx
2025-05-05 10:00:00,365,17,Castle Hill Av,Bx
2025-05-05 10:00:00,366,22,Parkchester,Bx
2025-05-05 10:00:00,367,23,St Lawrence Av,Bx
2025-05-05 10:00:00,368,25,Morrison Av-Soundview,Bx
2025-05-05 10:00:00,369,25,Elder Av,Bx
2025-05-05 10:00:00,370,24,Whitlock Av,Bx
2025-05-05 10:00:00,371,33,Hunts Point Av,Bx
2025-05-05 10:00:00,372,24,Longwood Av,Bx
2025-05-05 10:00:00,373,24,E 149 St,Bx
2025-05-05 10:00:00,374,25,E 143 St-St Mary's St,Bx
2025-05-05 10:00:00,375,24,Cypress Av,Bx
2025-05-05 10:00:00,376,24,Brook Av,Bx
2025-05-05 10:00:00,377,32,3 Av-138 St,Bx
2025-05-05 10:00:00,378,7,Woodlawn,Bx
2025-05-05 10:00:00,379,15,Mosholu Pkwy,Bx
2025-05-05 10:00:00,380,16,Bedford Park Blvd-Lehman College,Bx
2025-05-05 10:00:00,381,16,Kingsbridge Rd,Bx
2025-05-05 10:00:00,382,15,Fordham Rd,Bx
2025-05-05 10:00:00,383,14,183 St,Bx
2025-05-05 10:00:00,384,15,Burnside Av,Bx
2025-05-05 10:00:00,385,15,176 St,Bx
2025-05-05 10:00:00,386,15,Mt Eden Av,Bx
2025-05-05 10:00:00,387,15,170 St,Bx
2025-05-05 10:00:00,388,19,167 St,Bx
2025-05-05 10:00:00,391,35,138 St-Grand Concourse,Bx
2025-05-05 10:00:00,392,67,125 St,M
2025-05-05 10:00:00,393,32,116 St,M
2025-05-05 10:00:00,394,32,110 St,M
2025-05-05 10:00:00,395,33,103 St,M
2025-05-05 10:00:00,396,32,96 St,M
2025-05-05 10:00:00,397,65,86 St,M
2025-05-05 10:00:00,398,32,77 St,M
2025-05-05 10:00:00,399,31,68 St-Hunter College,M
2025-05-05 10:00:00,403,31,33 St,M
2025-05-05 10:00:00,404,31,28 St,M
2025-05-05 10:00:00,405,32,23 St-Baruch College,M
2025-05-05 10:00:00,407,31,Astor Pl,M
2025-05-05 10:00:00,409,31,Spring St,M
2025-05-05 10:00:00,413,36,Wall St,M
2025-05-05 10:00:00,414,36,Bowling Green,M
2025-05-05 10:00:00,416,7,Wakefield-241 St,Bx
2025-05-05 10:00:00,417,16,Nereid Av,Bx
2025-05-05 10:00:00,418,17,233 St,Bx
2025-05-05 10:00:00,419,17,225 St,Bx
2025-05-05 10:00:00,420,18,219 St,Bx
2025-05-05 10:00:00,421,17,Gun Hill Rd,Bx
2025-05-05 10:00:00,422,16,Burke Av,Bx
2025-05-05 10:00:00,423,16,Allerton Av,Bx
2025-05-05 10:00:00,424,18,Pelham Pkwy,Bx
2025-05-05 10:00:00,425,17,Bronx Park East,Bx
2025-05-05 10:00:00,426,35,E 180 St,Bx
2025-05-05 10:00:00,427,32,West Farms Sq-E Tremont Av,Bx
2025-05-05 10:00:00,428,32,174 St,Bx
2025-05-05 10:00:00,429,33,Freeman St,Bx
2025-05-05 10:00:00,430,32,Simpson St,Bx
2025-05-05 10:00:00,431,32,Intervale Av,Bx
2025-05-05 10:00:00,432,32,Prospect Av,Bx
2025-05-05 10:00:00,433,32,Jackson Av,Bx
2025-05-05 10:00:00,434,33,3 Av-149 St,Bx
2025-05-05 10:00:00,436,7,Harlem-148 St,M
2025-05-05 10:00:00,437,17,145 St,M
2025-05-05 10:00:00,438,33,135 St,M
2025-05-05 10:00:00,439,34,125 St,M
2025-05-05 10:00:00,440,32,116 St,M
2025-05-05 10:00:00,441,32,110 St-Malcolm X Plaza,M
2025-05-05 10:00:00,442,7,Eastchester-Dyre Av,Bx
2025-05-05 10:00:00,443,16,Baychester Av,Bx
2025-05-05 10:00:00,444,17,Gun Hill Rd,Bx
2025-05-05 10:00:00,445,15,Pelham Pkwy,Bx
2025-05-05 10:00:00,446,15,Morris Park,Bx
2025-05-05 10:00:00,447,12,Flushing-Main St,Q
2025-05-05 10:00:00,448,25,Mets-Willets Point,Q
2025-05-05 10:00:00,449,26,111 St,Q
2025-05-05 10:00:00,450,25,103 St-Corona Plaza,Q
2025-05-05 10:00:00,451,25,Junction Blvd,Q
2025-05-05 10:00:00,452,27,90 St-Elmhurst Av,Q
2025-05-05 10:00:00,453,25,82 St-Jackson Hts,Q
2025-05-05 10:00:00,455,26,69 St,Q
2025-05-05 10:00:00,456,25,61 St-Woodside,Q
2025-05-05 10:00:00,457,25,61 St-Woodside,Q
2025-05-05 10:00:00,458,26,61 St-Woodside,Q
2025-05-05 10:00:00,459,27,61 St-Woodside,Q
2025-05-05 10:00:00,460,27,61 St-Woodside,Q
2025-05-05 10:00:00,461,25,61 St-Woodside,Q
2025-05-05 10:00:00,463,24,Hunters Point Av,Q
2025-05-05 10:00:00,464,24,Vernon Blvd-Jackson Av,Q
2025-05-05 10:00:00,471,12,34 St-Hudson Yards,M
2025-05-05 10:00:00,475,7,96 St,M
2025-05-05 10:00:00,476,14,86 St,M
2025-05-05 10:00:00,477,16,72 St,M
2025-05-05 10:00:00,501,2,St George,SI
2025-05-05 10:00:00,502,4,Tompkinsville,SI
2025-05-05 10:00:00,503,4,Stapleton,SI
2025-05-05 10:00:00,504,4,Clifton,SI
2025-05-05 10:00:00,505,4,Grasmere,SI
2025-05-05 10:00:00,506,4,Old Town,SI
2025-05-05 10:00:00,507,4,Dongan Hills,SI
2025-05-05 10:00:00,508,4,Jefferson Av,SI
2025-05-05 10:00:00,509,4,Grant City,SI
2025-05-05 10:00:00,510,4,New Dorp,SI
2025-05-05 10:00:00,511,4,Oakwood Heights,SI
2025-05-05 10:00:00,512,4,Bay Terrace,SI
2025-05-05 10:00:00,513,4,Great Kills,SI
2025-05-05 10:00:00,514,4,Eltingville,SI
2025-05-05 10:00:00,515,4,Annadale,SI
2025-05-05 10:00:00,516,4,Huguenot,SI
2025-05-05 10:00:00,517,4,Prince's Bay,SI
2025-05-05 10:00:00,518,4,Pleasant Plains,SI
2025-05-05 10:00:00,519,4,Richmond Valley,SI
2025-05-05 10:00:00,522,2,Tottenville,SI
2025-05-05 10:00:00,523,4,Arthur Kill,SI
2025-05-05 10:00:00,601,119,14 St/6 Av,M
2025-05-05 10:00:00,602,124,34 St-Herald Sq,M
2025-05-05 10:00:00,603,20,149 St-Grand Concourse,Bx
2025-05-05 10:00:00,604,42,161 St-Yankee Stadium,Bx
2025-05-05 10:00:00,605,50,168 St-Washington Hts,M
2025-05-05 10:00:00,606,70,Court Sq-23 St,Q
2025-05-05 10:00:00,607,126,34 St-Herald Sq,M
2025-05-05 10:00:00,608,52,4 Av-9 St,B
2025-05-05 10:00:00,609,90,42 St-Bryant Pk/5 Av,M
2025-05-05 10:00:00,610,106,Grand Central-42 St,M
2025-05-05 10:00:00,611,174,Times Sq-42 St/Port Authority Bus Terminal,M
2025-05-05 10:00:00,612,67,Lexington Av/51-53 Sts,M
2025-05-05 10:00:00,613,109,Lexington Av/59 St,M
2025-05-05 10:00:00,614,83,59 St-Columbus Circle,M
2025-05-05 10:00:00,615,31,62 St/New Utrecht Av,B
2025-05-05 10:00:00,616,99,Jackson Hts-Roosevelt Av/74 St-Broadway,Q
2025-05-05 10:00:00,617,142,Atlantic Av-Barclays Ctr,B
2025-05-05 10:00:00,618,68,14 St/8 Av,M
2025-05-05 10:00:00,619,95,Broadway-Lafayette St/Bleecker St,M
2025-05-05 10:00:00,620,82,Borough Hall/Court St,B
2025-05-05 10:00:00,621,34,Broadway Junction,B
2025-05-05 10:00:00,622,64,Brooklyn Bridge-City Hall/Chambers St,M
2025-05-05 10:00:00,623,69,Canal St,M
2025-05-05 10:00:00,624,102,Chambers St/WTC/Park Place/Cortlandt St,M
2025-05-05 10:00:00,625,50,Delancey St-Essex St,M
2025-05-05 10:00:00,626,77,Franklin Av-Medgar Evers College/Botanic Garden,B
2025-05-05 10:00:00,627,19,Franklin Av,B
2025-05-05 10:00:00,628,80,Fulton St,M
2025-05-05 10:00:00,629,47,Metropolitan Av/Lorimer St,B
2025-05-05 10:00:00,630,31,Myrtle-Wyckoff Avs,Q
2025-05-05 10:00:00,635,34,Whitehall St-South Ferry,M
2025-05-05 10:00:00,636,68,Jay St-MetroTech,B
2025-05-05 11:00:00,1,13,Astoria-Ditmars Blvd,Q
2025-05-05 11:00:00,2,26,Astoria Blvd,Q
2025-05-05 11:00:00,3,26,30 Av,Q
2025-05-05 11:00:00,4,27,Broadway,Q
2025-05-05 11:00:00,5,26,36 Av,Q
2025-05-05 11:00:00,6,27,39 Av-Dutch Kills,Q
2025-05-05 11:00:00,8,43,5 Av/59 St,M
2025-05-05 11:00:00,9,56,57 St-7 Av,M
2025-05-05 11:00:00,10,39,49 St,M
2025-05-05 11:00:00,13,28,28 St,M
2025-05-05 11:00:00,14,27,23 St,M
2025-05-05 11:00:00,16,26,8 St-NYU,M
2025-05-05 11:00:00,17,27,Prince St,M
2025-05-05 11:00:00,20,26,City Hall,M
2025-05-05 11:00:00,22,27,Rector St,M
2025-05-05 11:00:00,26,45,DeKalb Av,B
2025-05-05 11:00:00,28,14,Union St,B
2025-05-05 11:00:00,30,16,Prospect Av,B
2025-05-05 11:00:00,31,15,25 St,B
2025-05-05 11:00:00,32,44,36 St,B
2025-05-05 11:00:00,33,16,45 St,B
2025-05-05 11:00:00,34,16,53 St,B
2025-05-05 11:00:00,35,29,59 St,B
2025-05-05 11:00:00,36,15,Bay Ridge Av,B
2025-05-05 11:00:00,37,16,77 St,B
2025-05-05 11:00:00,38,16,86 St,B
2025-05-05 11:00:00,39,7,Bay Ridge-95 St,B
2025-05-05 11:00:00,41,29,7 Av,B
2025-05-05 11:00:00,42,35,Prospect Park,B
2025-05-05 11:00:00,43,16,Parkside Av,B
2025-05-05 11:00:00,44,31,Church Av,B
2025-05-05 11:00:00,45,14,Beverley Rd,B
2025-05-05 11:00:00,46,14,Cortelyou Rd,B
2025-05-05 11:00:00,47,30,Newkirk Plaza,B
2025-05-05 11:00:00,48,15,Avenue H,B
2025-05-05 11:00:00,49,16,Avenue J,B
2025-05-05 11:00:00,50,15,Avenue M,B
2025-05-05 11:00:00,51,29,Kings Hwy,B
2025-05-05 11:00:00,52,16,Avenue U,B
2025-05-05 11:00:00,53,15,Neck Rd,B
2025-05-05 11:00:00,54,30,Sheepshead Bay,B
2025-05-05 11:00:00,55,23,Brighton Beach,B
2025-05-05 11:00:00,56,16,Ocean Pkwy,B
2025-05-05 11:00:00,57,34,W 8 St-NY Aquarium,B
2025-05-05 11:00:00,58,31,Coney Island-Stillwell Av,B
2025-05-05 11:00:00,59,14,9 Av,B
2025-05-05 11:00:00,60,16,Fort Hamilton Pkwy,B
2025-05-05 11:00:00,61,15,50 St,B
2025-05-05 11:00:00,62,15,55 St,B
2025-05-05 11:00:00,64,14,71 St,B
2025-05-05 11:00:00,65,15,79 St,B
2025-05-05 11:00:00,66,15,18 Av,B
2025-05-05 11:00:00,67,15,20 Av,B
2025-05-05 11:00:00,68,14,Bay Pkwy,B
2025-05-05 11:00:00,69,15,25 Av,B
2025-05-05 11:00:00,70,15,Bay 50 St,B
2025-05-05 11:00:00,71,13,8 Av,B
2025-05-05 11:00:00,72,13,Fort Hamilton Pkwy,B
2025-05-05 11:00:00,74,15,18 Av,B
2025-05-05 11:00:00,75,15,20 Av,B
2025-05-05 11:00:00,76,15,Bay Pkwy,B
2025-05-05 11:00:00,77,13,Kings Hwy,B
2025-05-05 11:00:00,78,15,Avenue U,B
2025-05-05 11:00:00,79,15,86 St,B
2025-05-05 11:00:00,80,15,121 St,Q
2025-05-05 11:00:00,81,16,111 St,Q
2025-05-05 11:00:00,82,15,104 St,Q
2025-05-05 11:00:00,83,14,Woodhaven Blvd,Q
2025-05-05 11:00:00,84,15,85 St-Forest Pkwy,Q
2025-05-05 11:00:00,85,16,75 St-Elderts Ln,Q
2025-05-05 11:00:00,86,16,Cypress Hills,B
2025-05-05 11:00:00,87,15,Crescent St,B
2025-05-05 11:00:00,88,14,Norwood Av,B
2025-05-05 11:00:00,89,15,Cleveland St,B
2025-05-05 11:00:00,90,16,Van Siclen Av,B
2025-05-05 11:00:00,91,16,Alabama Av,B
2025-05-05 11:00:00,93,16,Chauncey St,B
2025-05-05 11:00:00,94,16,Halsey St,B
2025-05-05 11:00:00,95,15,Gates Av,B
2025-05-05 11:00:00,96,14,Kosciuszko St,B
2025-05-05 11:00:00,97,31,Myrtle Av,B
2025-05-05 11:00:00,98,22,Flushing Av,B
2025-05-05 11:00:00,99,22,Lorimer St,B
2025-05-05 11:00:00,100,22,Hewes St,B
2025-05-05 11:00:00,101,29,Marcy Av,B
2025-05-05 11:00:00,103,14,Bowery,M
2025-05-05 11:00:00,107,8,Broad St,M
2025-05-05 11:00:00,108,8,Middle Village-Metropolitan Av,Q
2025-05-05 11:00:00,109,14,Fresh Pond Rd,Q
2025-05-05 11:00:00,110,16,Forest Av,Q
2025-05-05 11:00:00,111,16,Seneca Av,Q
2025-05-05 11:00:00,113,14,Knickerbocker Av,B
2025-05-05 11:00:00,114,16,Central Av,B
2025-05-05 11:00:00,118,30,3 Av,M
2025-05-05 11:00:00,119,30,1 Av,M
2025-05-05 11:00:00,120,30,Bedford Av,B
2025-05-05 11:00:00,122,30,Graham Av,B
2025-05-05 11:00:00,123,30,Grand St,B
2025-05-05 11:00:00,124,29,Montrose Av,B
2025-05-05 11:00:00,125,29,Morgan Av,B
2025-05-05 11:00:00,126,30,Jefferson St,B
2025-05-05 11:00:00,127,29,DeKalb Av,B
2025-05-05 11:00:00,129,29,Halsey St,B
2025-05-05 11:00:00,130,29,Wilson Av,B
2025-05-05 11:00:00,131,29,Bushwick Av-Aberdeen St,B
2025-05-05 11:00:00,133,30,Atlantic Av,B
2025-05-05 11:00:00,134,28,Sutter Av,B
2025-05-05 11:00:00,135,29,Livonia Av,B
2025-05-05 11:00:00,136,30,New Lots Av,B
2025-05-05 11:00:00,137,29,East 105 St,B
2025-05-05 11:00:00,138,14,Canarsie-Rockaway Pkwy,B
2025-05-05 11:00:00,141,12,Park Pl,B
2025-05-05 11:00:00,143,6,Inwood-207 St,M
2025-05-05 11:00:00,144,13,Dyckman St,M
2025-05-05 11:00:00,145,14,190 St,M
2025-05-05 11:00:00,146,13,181 St,M
2025-05-05 11:00:00,147,13,175 St,M
2025-05-05 11:00:00,149,15,163 St-Amsterdam Av,M
2025-05-05 11:00:00,150,15,155 St,M
2025-05-05 11:00:00,152,30,135 St,M
2025-05-05 11:00:00,153,60,125 St,M
2025-05-05 11:00:00,154,30,116 St,M
2025-05-05 11:00:00,155,30,Cathedral Pkwy (110 St),M
2025-05-05 11:00:00,156,30,103 St,M
2025-05-05 11:00:00,157,30,96 St,M
2025-05-05 11:00:00,158,30,86 St,M
2025-05-05 11:00:00,159,31,81 St-Museum of Natural History,M
2025-05-05 11:00:00,160,30,72 St,M
2025-05-05 11:00:00,162,36,50 St,M
2025-05-05 11:00:00,164,49,34 St-Penn Station,M
2025-05-05 11:00:00,165,36,23 St,M
2025-05-05 11:00:00,168,36,Spring St,M
2025-05-05 11:00:00,169,50,Canal St,M
2025-05-05 11:00:00,173,30,High St,B
2025-05-05 11:00:00,175,44,Hoyt-Schermerhorn Sts,B
2025-05-05 11:00:00,176,15,Lafayette Av,B
2025-05-05 11:00:00,177,15,Clinton-Washington Avs,B
2025-05-05 11:00:00,179,28,Nostrand Av,B
2025-05-05 11:00:00,180,14,Kingston-Throop Avs,B
2025-05-05 11:00:00,181,31,Utica Av,B
2025-05-05 11:00:00,182,16,Ralph Av,B
2025-05-05 11:00:00,183,16,Rockaway Av,B
2025-05-05 11:00:00,185,14,Liberty Av,B
2025-05-05 11:00:00,186,14,Van Siclen Av,B
2025-05-05 11:00:00,187,16,Shepherd Av,B
2025-05-05 11:00:00,188,22,Euclid Av,B
2025-05-05 11:00:00,189,14,Grant Av,B
2025-05-05 11:00:00,190,15,80 St,Q
2025-05-05 11:00:00,191,15,88 St,Q
2025-05-05 11:00:00,192,15,Rockaway Blvd,Q
2025-05-05 11:00:00,193,7,104 St,Q
2025-05-05 11:00:00,194,7,111 St,Q
2025-05-05 11:00:00,195,3,Ozone Park-Lefferts Blvd,Q
2025-05-05 11:00:00,196,4,Aqueduct Racetrack,Q
2025-05-05 11:00:00,197,8,Aqueduct-N Conduit Av,Q
2025-05-05 11:00:00,198,4,Howard Beach-JFK Airport,Q
2025-05-05 11:00:00,200,8,Beach 90 St,Q
2025-05-05 11:00:00,201,8,Beach 98 St,Q
2025-05-05 11:00:00,202,8,Beach 105 St,Q
2025-05-05 11:00:00,203,4,Rockaway Park-Beach 116 St,Q
2025-05-05 11:00:00,204,8,Beach 67 St,Q
2025-05-05 11:00:00,205,8,Beach 60 St,Q
2025-05-05 11:00:00,206,8,Beach 44 St,Q
2025-05-05 11:00:00,207,8,Beach 36 St,Q
2025-05-05 11:00:00,208,8,Beach 25 St,Q
2025-05-05 11:00:00,209,4,Far Rockaway-Mott Av,Q
2025-05-05 11:00:00,210,8,Norwood-205 St,Bx
2025-05-05 11:00:00,211,19,Bedford Park Blvd,Bx
2025-05-05 11:00:00,212,22,Kingsbridge Rd,Bx
2025-05-05 11:00:00,213,24,Fordham Rd,Bx
2025-05-05 11:00:00,214,24,182-183 Sts,Bx
2025-05-05 11:00:00,215,22,Tremont Av,Bx
2025-05-05 11:00:00,216,21,174-175 Sts,Bx
2025-05-05 11:00:00,217,22,170 St,Bx
2025-05-05 11:00:00,218,23,167 St,Bx
2025-05-05 11:00:00,220,22,155 St,M
2025-05-05 11:00:00,221,18,21 St-Queensbridge,Q
2025-05-05 11:00:00,222,18,Roosevelt Island,M
2025-05-05 11:00:00,223,33,Lexington Av/63 St,M
2025-05-05 11:00:00,224,17,57 St,M
2025-05-05 11:00:00,225,63,47-50 Sts-Rockefeller Ctr,M
2025-05-05 11:00:00,228,33,23 St,M
2025-05-05 11:00:00,231,30,Grand St,M
2025-05-05 11:00:00,232,18,2 Av,M
2025-05-05 11:00:00,234,17,East Broadway,M
2025-05-05 11:00:00,235,18,York St,B
2025-05-05 11:00:00,236,34,Bergen St,B
2025-05-05 11:00:00,237,33,Carroll St,B
2025-05-05 11:00:00,238,34,Smith-9 Sts,B
2025-05-05 11:00:00,240,33,7 Av,B
2025-05-05 11:00:00,241,33,15 St-Prospect Park,B
2025-05-05 11:00:00,242,32,Fort Hamilton Pkwy,B
2025-05-05 11:00:00,243,25,Church Av,B
2025-05-05 11:00:00,244,18,Ditmas Av,B
2025-05-05 11:00:00,245,19,18 Av,B
2025-05-05 11:00:00,246,18,Avenue I,B
2025-05-05 11:00:00,247,19,Bay Pkwy,B
2025-05-05 11:00:00,248,19,Avenue N,B
2025-05-05 11:00:00,249,18,Avenue P,B
2025-05-05 11:00:00,250,17,Kings Hwy,B
2025-05-05 11:00:00,251,19,Avenue U,B
2025-05-05 11:00:00,252,18,Avenue X,B
2025-05-05 11:00:00,253,17,Neptune Av,B
2025-05-05 11:00:00,254,8,Jamaica-179 St,Q
2025-05-05 11:00:00,255,17,169 St,Q
2025-05-05 11:00:00,256,17,Parsons Blvd,Q
2025-05-05 11:00:00,257,16,Sutphin Blvd,Q
2025-05-05 11:00:00,258,18,Briarwood,Q
2025-05-05 11:00:00,259,38,Kew Gardens-Union Tpke,Q
2025-05-05 11:00:00,260,17,75 Av,Q
2025-05-05 11:00:00,261,53,Forest Hills-71 Av,Q
2025-05-05 11:00:00,262,30,67 Av,Q
2025-05-05 11:00:00,263,30,63 Dr-Rego Park,Q
2025-05-05 11:00:00,264,31,Woodhaven Blvd,Q
2025-05-05 11:00:00,265,30,Grand Av-Newtown,Q
2025-05-05 11:00:00,266,29,Elmhurst Av,Q
2025-05-05 11:00:00,268,30,65 St,Q
2025-05-05 11:00:00,269,31,Northern Blvd,Q
2025-05-05 11:00:00,270,30,46 St,Q
2025-05-05 11:00:00,271,29,Steinway St,Q
2025-05-05 11:00:00,272,30,36 St,Q
2025-05-05 11:00:00,273,51,Queens Plaza,Q
2025-05-05 11:00:00,276,36,5 Av/53 St,M
2025-05-05 11:00:00,277,50,7 Av,M
2025-05-05 11:00:00,278,17,Jamaica Center-Parsons/Archer,Q
2025-05-05 11:00:00,279,34,Sutphin Blvd-Archer Av-JFK Airport,Q
2025-05-05 11:00:00,280,19,Jamaica-Van Wyck,Q
2025-05-05 11:00:00,282,14,21 St,Q
2025-05-05 11:00:00,283,15,Greenpoint Av,B
2025-05-05 11:00:00,284,16,Nassau Av,B
2025-05-05 11:00:00,286,14,Broadway,B
2025-05-05 11:00:00,287,14,Flushing Av,B
2025-05-05 11:00:00,288,16,Myrtle-Willoughby Avs,B
2025-05-05 11:00:00,289,16,Bedford-Nostrand Avs,B
2025-05-05 11:00:00,290,15,Classon Av,B
2025-05-05 11:00:00,291,15,Clinton-Washington Avs,B
2025-05-05 11:00:00,292,14,Fulton St,B
2025-05-05 11:00:00,293,10,Van Cortlandt Park-242 St,Bx
2025-05-05 11:00:00,294,22,238 St,Bx
2025-05-05 11:00:00,295,21,231 St,Bx
2025-05-05 11:00:00,296,22,Marble Hill-225 St,M
2025-05-05 11:00:00,297,22,215 St,M
2025-05-05 11:00:00,298,21,207 St,M
2025-05-05 11:00:00,299,22,Dyckman St,M
2025-05-05 11:00:00,300,22,191 St,M
2025-05-05 11:00:00,301,21,181 St,M
2025-05-05 11:00:00,303,22,157 St,M
2025-05-05 11:00:00,304,21,145 St,M
2025-05-05 11:00:00,305,22,137 St-City College,M
2025-05-05 11:00:00,306,22,125 St,M
2025-05-05 11:00:00,307,21,116 St-Columbia University,M
2025-05-05 11:00:00,308,22,Cathedral Pkwy (110 St),M
2025-05-05 11:00:00,309,22,103 St,M
2025-05-05 11:00:00,310,52,96 St,M
2025-05-05 11:00:00,311,21,86 St,M
2025-05-05 11:00:00,312,22,79 St,M
2025-05-05 11:00:00,313,54,72 St,M
2025-05-05 11:00:00,314,22,66 St-Lincoln Center,M
2025-05-05 11:00:00,316,23,50 St,M
2025-05-05 11:00:00,318,53,34 St-Penn Station,M
2025-05-05 11:00:00,319,22,28 St,M
2025-05-05 11:00:00,320,23,23 St,M
2025-05-05 11:00:00,321,22,18 St,M
2025-05-05 11:00:00,323,22,Christopher St-Stonewall,M
2025-05-05 11:00:00,324,23,Houston St,M
2025-05-05 11:00:00,325,22,Canal St,M
2025-05-05 11:00:00,326,22,Franklin St,M
2025-05-05 11:00:00,327,52,Chambers St,M
2025-05-05 11:00:00,328,23,WTC Cortlandt,M
2025-05-05 11:00:00,329,22,Rector St,M
2025-05-05 11:00:00,333,30,Wall St,M
2025-05-05 11:00:00,334,30,Clark St,B
2025-05-05 11:00:00,336,30,Hoyt St,B
2025-05-05 11:00:00,337,59,Nevins St,B
2025-05-05 11:00:00,339,30,Bergen St,B
2025-05-05 11:00:00,340,31,Grand Army Plaza,B
2025-05-05 11:00:00,341,30,Eastern Pkwy-Brooklyn Museum,B
2025-05-05 11:00:00,343,15,Nostrand Av,B
2025-05-05 11:00:00,344,15,Kingston Av,B
2025-05-05 11:00:00,345,21,Crown Hts-Utica Av,B
2025-05-05 11:00:00,346,15,Sutter Av-Rutland Rd,B
2025-05-05 11:00:00,347,16,Saratoga Av,B
2025-05-05 11:00:00,348,16,Rockaway Av,B
2025-05-05 11:00:00,349,15,Junius St,B
2025-05-05 11:00:00,350,14,Pennsylvania Av,B
2025-05-05 11:00:00,351,14,Van Siclen Av,B
2025-05-05 11:00:00,352,8,New Lots Av,B
2025-05-05 11:00:00,353,30,President St-Medgar Evers College,B
2025-05-05 11:00:00,354,31,Sterling St,B
2025-05-05 11:00:00,355,30,Winthrop St,B
2025-05-05 11:00:00,356,30,Church Av,B
2025-05-05 11:00:00,357,30,Beverly Rd,B
2025-05-05 11:00:00,358,31,Newkirk Av-Little Haiti,B
2025-05-05 11:00:00,359,16,Flatbush Av-Brooklyn College,B
2025-05-05 11:00:00,360,7,Pelham Bay Park,Bx
2025-05-05 11:00:00,361,16,Buhre Av,Bx
2025-05-05 11:00:00,362,15,Middletown Rd,Bx
2025-05-05 11:00:00,363,15,Westchester Sq-E Tremont Av,Bx
2025-05-05 11:00:00,364,15,Zerega Av,Bx
2025-05-05 11:00:00,365,15,Castle Hill Av,Bx
2025-05-05 11:00:00,366,24,Parkchester,Bx
2025-05-05 11:00:00,367,23,St Lawrence Av,Bx
2025-05-05 11:00:00,368,23,Morrison Av-Soundview,Bx
2025-05-05 11:00:00,369,22,Elder Av,Bx
2025-05-05 11:00:00,370,22,Whitlock Av,Bx
2025-05-05 11:00:00,371,29,Hunts Point Av,Bx
2025-05-05 11:00:00,372,23,Longwood Av,Bx
2025-05-05 11:00:00,373,23,E 149 St,Bx
2025-05-05 11:00:00,374,22,E 143 St-St Mary's St,Bx
2025-05-05 11:00:00,375,22,Cypress Av,Bx
2025-05-05 11:00:00,376,22,Brook Av,Bx
2025-05-05 11:00:00,377,30,3 Av-138 St,Bx
2025-05-05 11:00:00,378,8,Woodlawn,Bx
2025-05-05 11:00:00,379,16,Mosholu Pkwy,Bx
2025-05-05 11:00:00,380,14,Bedford Park Blvd-Lehman College,Bx
2025-05-05 11:00:00,381,14,Kingsbridge Rd,Bx
2025-05-05 11:00:00,382,14,Fordham Rd,Bx
2025-05-05 11:00:00,383,16,183 St,Bx
2025-05-05 11:00:00,384,15,Burnside Av,Bx
2025-05-05 11:00:00,385,15,176 St,Bx
2025-05-05 11:00:00,386,15,Mt Eden Av,Bx
2025-05-05 11:00:00,387,15,170 St,Bx
2025-05-05 11:00:00,388,16,167 St,Bx
2025-05-05 11:00:00,391,32,138 St-Grand Concourse,Bx
2025-05-05 11:00:00,392,62,125 St,M
2025-05-05 11:00:00,393,30,116 St,M
2025-05-05 11:00:00,394,30,110 St,M
2025-05-05 11:00:00,395,30,103 St,M
2025-05-05 11:00:00,396,30,96 St,M
2025-05-05 11:00:00,397,61,86 St,M
2025-05-05 11:00:00,398,30,77 St,M
2025-05-05 11:00:00,399,30,68 St-Hunter College,M
2025-05-05 11:00:00,403,30,33 St,M
2025-05-05 11:00:00,404,30,28 St,M
2025-05-05 11:00:00,405,30,23 St-Baruch College,M
2025-05-05 11:00:00,407,30,Astor Pl,M
2025-05-05 11:00:00,409,30,Spring St,M
2025-05-05 11:00:00,413,30,Wall St,M
2025-05-05 11:00:00,414,29,Bowling Green,M
2025-05-05 11:00:00,416,8,Wakefield-241 St,Bx
2025-05-05 11:00:00,417,16,Nereid Av,Bx
2025-05-05 11:00:00,418,16,233 St,Bx
2025-05-05 11:00:00,419,15,225 St,Bx
2025-05-05 11:00:00,420,14,219 St,Bx
2025-05-05 11:00:00,421,15,Gun Hill Rd,Bx
2025-05-05 11:00:00,422,16,Burke Av,Bx
2025-05-05 11:00:00,423,16,Allerton Av,Bx
2025-05-05 11:00:00,424,14,Pelham Pkwy,Bx
2025-05-05 11:00:00,425,15,Bronx Park East,Bx
2025-05-05 11:00:00,426,31,E 180 St,Bx
2025-05-05 11:00:00,427,31,West Farms Sq-E Tremont Av,Bx
2025-05-05 11:00:00,428,30,174 St,Bx
2025-05-05 11:00:00,429,30,Freeman St,Bx
2025-05-05 11:00:00,430,30,Simpson St,Bx
2025-05-05 11:00:00,431,31,Intervale Av,Bx
2025-05-05 11:00:00,432,30,Prospect Av,Bx
2025-05-05 11:00:00,433,30,Jackson Av,Bx
2025-05-05 11:00:00,434,31,3 Av-149 St,Bx
2025-05-05 11:00:00,436,8,Harlem-148 St,M
2025-05-05 11:00:00,437,16,145 St,M
2025-05-05 11:00:00,438,29,135 St,M
2025-05-05 11:00:00,439,29,125 St,M
2025-05-05 11:00:00,440,30,116 St,M
2025-05-05 11:00:00,441,30,110 St-Malcolm X Plaza,M
2025-05-05 11:00:00,442,8,Eastchester-Dyre Av,Bx
2025-05-05 11:00:00,443,17,Baychester Av,Bx
2025-05-05 11:00:00,444,15,Gun Hill Rd,Bx
2025-05-05 11:00:00,445,16,Pelham Pkwy,Bx
2025-05-05 11:00:00,446,16,Morris Park,Bx
2025-05-05 11:00:00,447,12,Flushing-Main St,Q
2025-05-05 11:00:00,448,23,Mets-Willets Point,Q
2025-05-05 11:00:00,449,24,111 St,Q
2025-05-05 11:00:00,450,24,103 St-Corona Plaza,Q
2025-05-05 11:00:00,451,24,Junction Blvd,Q
2025-05-05 11:00:00,452,24,90 St-Elmhurst Av,Q
2025-05-05 11:00:00,453,24,82 St-Jackson Hts,Q
2025-05-05 11:00:00,455,24,69 St,Q
2025-05-05 11:00:00,456,24,61 St-Woodside,Q
2025-05-05 11:00:00,457,24,61 St-Woodside,Q
2025-05-05 11:00:00,458,24,61 St-Woodside,Q
2025-05-05 11:00:00,459,25,61 St-Woodside,Q
2025-05-05 11:00:00,460,26,61 St-Woodside,Q
2025-05-05 11:00:00,461,24,61 St-Woodside,Q
2025-05-05 11:00:00,463,24,Hunters Point Av,Q
2025-05-05 11:00:00,464,24,Vernon Blvd-Jackson Av,Q
2025-05-05 11:00:00,471,12,34 St-Hudson Yards,M
2025-05-05 11:00:00,475,8,96 St,M
2025-05-05 11:00:00,476,15,86 St,M
2025-05-05 11:00:00,477,14,72 St,M
2025-05-05 11:00:00,501,2,St George,SI
2025-05-05 11:00:00,502,4,Tompkinsville,SI
2025-05-05 11:00:00,503,4,Stapleton,SI
2025-05-05 11:00:00,504,4,Clifton,SI
2025-05-05 11:00:00,505,4,Grasmere,SI
2025-05-05 11:00:00,506,4,Old Town,SI
2025-05-05 11:00:00,507,4,Dongan Hills,SI
2025-05-05 11:00:00,508,4,Jefferson Av,SI
2025-05-05 11:00:00,509,4,Grant City,SI
2025-05-05 11:00:00,510,4,New Dorp,SI
2025-05-05 11:00:00,511,4,Oakwood Heights,SI
2025-05-05 11:00:00,512,4,Bay Terrace,SI
2025-05-05 11:00:00,513,4,Great Kills,SI
2025-05-05 11:00:00,514,4,Eltingville,SI
2025-05-05 11:00:00,515,4,Annadale,SI
2025-05-05 11:00:00,516,4,Huguenot,SI
2025-05-05 11:00:00,517,4,Prince's Bay,SI
2025-05-05 11:00:00,518,4,Pleasant Plains,SI
2025-05-05 11:00:00,519,4,Richmond Valley,SI
2025-05-05 11:00:00,522,2,Tottenville,SI
2025-05-05 11:00:00,523,4,Arthur Kill,SI
2025-05-05 11:00:00,601,116,14 St/6 Av,M
2025-05-05 11:00:00,602,120,34 St-Herald Sq,M
2025-05-05 11:00:00,603,15,149 St-Grand Concourse,Bx
2025-05-05 11:00:00,604,38,161 St-Yankee Stadium,Bx
2025-05-05 11:00:00,605,44,168 St-Washington Hts,M
2025-05-05 11:00:00,606,67,Court Sq-23 St,Q
2025-05-05 11:00:00,607,120,34 St-Herald Sq,M
2025-05-05 11:00:00,608,50,4 Av-9 St,B
2025-05-05 11:00:00,609,87,42 St-Bryant Pk/5 Av,M
2025-05-05 11:00:00,610,97,Grand Central-42 St,M
2025-05-05 11:00:00,611,172,Times Sq-42 St/Port Authority Bus Terminal,M
2025-05-05 11:00:00,612,66,Lexington Av/51-53 Sts,M
2025-05-05 11:00:00,613,102,Lexington Av/59 St,M
2025-05-05 11:00:00,614,82,59 St-Columbus Circle,M
2025-05-05 11:00:00,615,28,62 St/New Utrecht Av,B
2025-05-05 11:00:00,616,91,Jackson Hts-Roosevelt Av/74 St-Broadway,Q
2025-05-05 11:00:00,617,133,Atlantic Av-Barclays Ctr,B
2025-05-05 11:00:00,618,64,14 St/8 Av,M
2025-05-05 11:00:00,619,93,Broadway-Lafayette St/Bleecker St,M
2025-05-05 11:00:00,620,76,Borough Hall/Court St,B
2025-05-05 11:00:00,621,28,Broadway Junction,B
2025-05-05 11:00:00,622,61,Brooklyn Bridge-City Hall/Chambers St,M
2025-05-05 11:00:00,623,73,Canal St,M
2025-05-05 11:00:00,624,95,Chambers St/WTC/Park Place/Cortlandt St,M
2025-05-05 11:00:00,625,50,Delancey St-Essex St,M
2025-05-05 11:00:00,626,71,Franklin Av-Medgar Evers College/Botanic Garden,B
2025-05-05 11:00:00,627,22,Franklin Av,B
2025-05-05 11:00:00,628,75,Fulton St,M
2025-05-05 11:00:00,629,44,Metropolitan Av/Lorimer St,B
2025-05-05 11:00:00,630,29,Myrtle-Wyckoff Avs,Q
2025-05-05 11:00:00,635,33,Whitehall St-South Ferry,M
2025-05-05 11:00:00,636,64,Jay St-MetroTech,B
2025-05-05 12:00:00,1,14,Astoria-Ditmars Blvd,Q
2025-05-05 12:00:00,2,27,Astoria Blvd,Q
2025-05-05 12:00:00,3,27,30 Av,Q
2025-05-05 12:00:00,4,27,Broadway,Q
2025-05-05 12:00:00,5,28,36 Av,Q
2025-05-05 12:00:00,6,26,39 Av-Dutch Kills,Q
2025-05-05 12:00:00,8,41,5 Av/59 St,M
2025-05-05 12:00:00,9,58,57 St-7 Av,M
2025-05-05 12:00:00,10,44,49 St,M
2025-05-05 12:00:00,13,26,28 St,M
2025-05-05 12:00:00,14,26,23 St,M
2025-05-05 12:00:00,16,28,8 St-NYU,M
2025-05-05 12:00:00,17,26,Prince St,M
2025-05-05 12:00:00,20,27,City Hall,M
2025-05-05 12:00:00,22,26,Rector St,M
2025-05-05 12:00:00,26,45,DeKalb Av,B
2025-05-05 12:00:00,28,15,Union St,B
2025-05-05 12:00:00,30,14,Prospect Av,B
2025-05-05 12:00:00,31,15,25 St,B
2025-05-05 12:00:00,32,45,36 St,B
2025-05-05 12:00:00,33,14,45 St,B
2025-05-05 12:00:00,34,14,53 St,B
2025-05-05 12:00:00,35,30,59 St,B
2025-05-05 12:00:00,36,16,Bay Ridge Av,B
2025-05-05 12:00:00,37,15,77 St,B
2025-05-05 12:00:00,38,14,86 St,B
2025-05-05 12:00:00,39,8,Bay Ridge-95 St,B
2025-05-05 12:00:00,41,30,7 Av,B
2025-05-05 12:00:00,42,38,Prospect Park,B
2025-05-05 12:00:00,43,16,Parkside Av,B
2025-05-05 12:00:00,44,30,Church Av,B
2025-05-05 12:00:00,45,16,Beverley Rd,B
2025-05-05 12:00:00,46,16,Cortelyou Rd,B
2025-05-05 12:00:00,47,30,Newkirk Plaza,B
2025-05-05 12:00:00,48,16,Avenue H,B
2025-05-05 12:00:00,49,15,Avenue J,B
2025-05-05 12:00:00,50,16,Avenue M,B
2025-05-05 12:00:00,51,30,Kings Hwy,B
2025-05-05 12:00:00,52,14,Avenue U,B
2025-05-05 12:00:00,53,15,Neck Rd,B
2025-05-05 12:00:00,54,30,Sheepshead Bay,B
2025-05-05 12:00:00,55,22,Brighton Beach,B
2025-05-05 12:00:00,56,14,Ocean Pkwy,B
2025-05-05 12:00:00,57,33,W 8 St-NY Aquarium,B
2025-05-05 12:00:00,58,32,Coney Island-Stillwell Av,B
2025-05-05 12:00:00,59,16,9 Av,B
2025-05-05 12:00:00,60,14,Fort Hamilton Pkwy,B
2025-05-05 12:00:00,61,15,50 St,B
2025-05-05 12:00:00,62,15,55 St,B
2025-05-05 12:00:00,64,16,71 St,B
2025-05-05 12:00:00,65,15,79 St,B
2025-05-05 12:00:00,66,15,18 Av,B
2025-05-05 12:00:00,67,15,20 Av,B
2025-05-05 12:00:00,68,16,Bay Pkwy,B
2025-05-05 12:00:00,69,15,25 Av,B
2025-05-05 12:00:00,70,15,Bay 50 St,B
2025-05-05 12:00:00,71,16,8 Av,B
2025-05-05 12:00:00,72,15,Fort Hamilton Pkwy,B
2025-05-05 12:00:00,74,14,18 Av,B
2025-05-05 12:00:00,75,14,20 Av,B
2025-05-05 12:00:00,76,14,Bay Pkwy,B
2025-05-05 12:00:00,77,16,Kings Hwy,B
2025-05-05 12:00:00,78,14,Avenue U,B
2025-05-05 12:00:00,79,14,86 St,B
2025-05-05 12:00:00,80,15,121 St,Q
2025-05-05 12:00:00,81,14,111 St,Q
2025-05-05 12:00:00,82,16,104 St,Q
2025-05-05 12:00:00,83,16,Woodhaven Blvd,Q
2025-05-05 12:00:00,84,15,85 St-Forest Pkwy,Q
2025-05-05 12:00:00,85,14,75 St-Elderts Ln,Q
2025-05-05 12:00:00,86,14,Cypress Hills,B
2025-05-05 12:00:00,87,16,Crescent St,B
2025-05-05 12:00:00,88,16,Norwood Av,B
2025-05-05 12:00:00,89,15,Cleveland St,B
2025-05-05 12:00:00,90,14,Van Siclen Av,B
2025-05-05 12:00:00,91,14,Alabama Av,B
2025-05-05 12:00:00,93,14,Chauncey St,B
2025-05-05 12:00:00,94,14,Halsey St,B
2025-05-05 12:00:00,95,15,Gates Av,B
2025-05-05 12:00:00,96,16,Kosciuszko St,B
2025-05-05 12:00:00,97,29,Myrtle Av,B
2025-05-05 12:00:00,98,22,Flushing Av,B
2025-05-05 12:00:00,99,23,Lorimer St,B
2025-05-05 12:00:00,100,23,Hewes St,B
2025-05-05 12:00:00,101,31,Marcy Av,B
2025-05-05 12:00:00,103,16,Bowery,M
2025-05-05 12:00:00,107,7,Broad St,M
2025-05-05 12:00:00,108,7,Middle Village-Metropolitan Av,Q
2025-05-05 12:00:00,109,16,Fresh Pond Rd,Q
2025-05-05 12:00:00,110,14,Forest Av,Q
2025-05-05 12:00:00,111,14,Seneca Av,Q
2025-05-05 12:00:00,113,16,Knickerbocker Av,B
2025-05-05 12:00:00,114,14,Central Av,B
2025-05-05 12:00:00,118,24,3 Av,M
2025-05-05 12:00:00,119,24,1 Av,M
2025-05-05 12:00:00,120,24,Bedford Av,B
2025-05-05 12:00:00,122,25,Graham Av,B
2025-05-05 12:00:00,123,24,Grand St,B
2025-05-05 12:00:00,124,25,Montrose Av,B
2025-05-05 12:00:00,125,25,Morgan Av,B
2025-05-05 12:00:00,126,25,Jefferson St,B
2025-05-05 12:00:00,127,25,DeKalb Av,B
2025-05-05 12:00:00,129,26,Halsey St,B
2025-05-05 12:00:00,130,25,Wilson Av,B
2025-05-05 12:00:00,131,26,Bushwick Av-Aberdeen St,B
2025-05-05 12:00:00,133,25,Atlantic Av,B
2025-05-05 12:00:00,134,26,Sutter Av,B
2025-05-05 12:00:00,135,26,Livonia Av,B
2025-05-05 12:00:00,136,25,New Lots Av,B
2025-05-05 12:00:00,137,26,East 105 St,B
2025-05-05 12:00:00,138,12,Canarsie-Rockaway Pkwy,B
2025-05-05 12:00:00,141,12,Park Pl,B
2025-05-05 12:00:00,143,7,Inwood-207 St,M
2025-05-05 12:00:00,144,13,Dyckman St,M
2025-05-05 12:00:00,145,13,190 St,M
2025-05-05 12:00:00,146,15,181 St,M
2025-05-05 12:00:00,147,15,175 St,M
2025-05-05 12:00:00,149,14,163 St-Amsterdam Av,M
2025-05-05 12:00:00,150,14,155 St,M
2025-05-05 12:00:00,152,30,135 St,M
2025-05-05 12:00:00,153,57,125 St,M
2025-05-05 12:00:00,154,30,116 St,M
2025-05-05 12:00:00,155,30,Cathedral Pkwy (110 St),M
2025-05-05 12:00:00,156,30,103 St,M
2025-05-05 12:00:00,157,30,96 St,M
2025-05-05 12:00:00,158,30,86 St,M
2025-05-05 12:00:00,159,30,81 St-Museum of Natural History,M
2025-05-05 12:00:00,160,30,72 St,M
2025-05-05 12:00:00,162,32,50 St,M
2025-05-05 12:00:00,164,46,34 St-Penn Station,M
2025-05-05 12:00:00,165,33,23 St,M
2025-05-05 12:00:00,168,33,Spring St,M
2025-05-05 12:00:00,169,46,Canal St,M
2025-05-05 12:00:00,173,27,High St,B
2025-05-05 12:00:00,175,43,Hoyt-Schermerhorn Sts,B
2025-05-05 12:00:00,176,14,Lafayette Av,B
2025-05-05 12:00:00,177,14,Clinton-Washington Avs,B
2025-05-05 12:00:00,179,28,Nostrand Av,B
2025-05-05 12:00:00,180,16,Kingston-Throop Avs,B
2025-05-05 12:00:00,181,27,Utica Av,B
2025-05-05 12:00:00,182,15,Ralph Av,B
2025-05-05 12:00:00,183,14,Rockaway Av,B
2025-05-05 12:00:00,185,16,Liberty Av,B
2025-05-05 12:00:00,186,15,Van Siclen Av,B
2025-05-05 12:00:00,187,14,Shepherd Av,B
2025-05-05 12:00:00,188,20,Euclid Av,B
2025-05-05 12:00:00,189,13,Grant Av,B
2025-05-05 12:00:00,190,12,80 St,Q
2025-05-05 12:00:00,191,12,88 St,Q
2025-05-05 12:00:00,192,12,Rockaway Blvd,Q
2025-05-05 12:00:00,193,6,104 St,Q
2025-05-05 12:00:00,194,6,111 St,Q
2025-05-05 12:00:00,195,3,Ozone Park-Lefferts Blvd,Q
2025-05-05 12:00:00,196,3,Aqueduct Racetrack,Q
2025-05-05 12:00:00,197,6,Aqueduct-N Conduit Av,Q
2025-05-05 12:00:00,198,3,Howard Beach-JFK Airport,Q
2025-05-05 12:00:00,200,8,Beach 90 St,Q
2025-05-05 12:00:00,201,8,Beach 98 St,Q
2025-05-05 12:00:00,202,8,Beach 105 St,Q
2025-05-05 12:00:00,203,4,Rockaway Park-Beach 116 St,Q
2025-05-05 12:00:00,204,8,Beach 67 St,Q
2025-05-05 12:00:00,205,8,Beach 60 St,Q
2025-05-05 12:00:00,206,8,Beach 44 St,Q
2025-05-05 12:00:00,207,8,Beach 36 St,Q
2025-05-05 12:00:00,208,8,Beach 25 St,Q
2025-05-05 12:00:00,209,4,Far Rockaway-Mott Av,Q
2025-05-05 12:00:00,210,7,Norwood-205 St,Bx
2025-05-05 12:00:00,211,19,Bedford Park Blvd,Bx
2025-05-05 12:00:00,212,24,Kingsbridge Rd,Bx
2025-05-05 12:00:00,213,22,Fordham Rd,Bx
2025-05-05 12:00:00,214,22,182-183 Sts,Bx
2025-05-05 12:00:00,215,23,Tremont Av,Bx
2025-05-05 12:00:00,216,23,174-175 Sts,Bx
2025-05-05 12:00:00,217,22,170 St,Bx
2025-05-05 12:00:00,218,21,167 St,Bx
2025-05-05 12:00:00,220,23,155 St,M
2025-05-05 12:00:00,221,17,21 St-Queensbridge,Q
2025-05-05 12:00:00,222,16,Roosevelt Island,M
2025-05-05 12:00:00,223,32,Lexington Av/63 St,M
2025-05-05 12:00:00,224,17,57 St,M
2025-05-05 12:00:00,225,61,47-50 Sts-Rockefeller Ctr,M
2025-05-05 12:00:00,228,31,23 St,M
2025-05-05 12:00:00,231,30,Grand St,M
2025-05-05 12:00:00,232,18,2 Av,M
2025-05-05 12:00:00,234,18,East Broadway,M
2025-05-05 12:00:00,235,18,York St,B
2025-05-05 12:00:00,236,32,Bergen St,B
2025-05-05 12:00:00,237,34,Carroll St,B
2025-05-05 12:00:00,238,33,Smith-9 Sts,B
2025-05-05 12:00:00,240,33,7 Av,B
2025-05-05 12:00:00,241,34,15 St-Prospect Park,B
2025-05-05 12:00:00,242,34,Fort Hamilton Pkwy,B
2025-05-05 12:00:00,243,26,Church Av,B
2025-05-05 12:00:00,244,19,Ditmas Av,B
2025-05-05 12:00:00,245,18,18 Av,B
2025-05-05 12:00:00,246,19,Avenue I,B
2025-05-05 12:00:00,247,18,Bay Pkwy,B
2025-05-05 12:00:00,248,18,Avenue N,B
2025-05-05 12:00:00,249,20,Avenue P,B
2025-05-05 12:00:00,250,20,Kings Hwy,B
2025-05-05 12:00:00,251,19,Avenue U,B
2025-05-05 12:00:00,252,20,Avenue X,B
2025-05-05 12:00:00,253,19,Neptune Av,B
2025-05-05 12:00:00,254,8,Jamaica-179 St,Q
2025-05-05 12:00:00,255,16,169 St,Q
2025-05-05 12:00:00,256,16,Parsons Blvd,Q
2025-05-05 12:00:00,257,17,Sutphin Blvd,Q
2025-05-05 12:00:00,258,16,Briarwood,Q
2025-05-05 12:00:00,259,34,Kew Gardens-Union Tpke,Q
2025-05-05 12:00:00,260,16,75 Av,Q
2025-05-05 12:00:00,261,49,Forest Hills-71 Av,Q
2025-05-05 12:00:00,262,31,67 Av,Q
2025-05-05 12:00:00,263,30,63 Dr-Rego Park,Q
2025-05-05 12:00:00,264,29,Woodhaven Blvd,Q
2025-05-05 12:00:00,265,30,Grand Av-Newtown,Q
2025-05-05 12:00:00,266,32,Elmhurst Av,Q
2025-05-05 12:00:00,268,30,65 St,Q
2025-05-05 12:00:00,269,30,Northern Blvd,Q
2025-05-05 12:00:00,270,30,46 St,Q
2025-05-05 12:00:00,271,31,Steinway St,Q
2025-05-05 12:00:00,272,30,36 St,Q
2025-05-05 12:00:00,273,47,Queens Plaza,Q
2025-05-05 12:00:00,276,32,5 Av/53 St,M
2025-05-05 12:00:00,277,48,7 Av,M
2025-05-05 12:00:00,278,16,Jamaica Center-Parsons/Archer,Q
2025-05-05 12:00:00,279,34,Sutphin Blvd-Archer Av-JFK Airport,Q
2025-05-05 12:00:00,280,19,Jamaica-Van Wyck,Q
2025-05-05 12:00:00,282,16,21 St,Q
2025-05-05 12:00:00,283,15,Greenpoint Av,B
2025-05-05 12:00:00,284,14,Nassau Av,B
2025-05-05 12:00:00,286,16,Broadway,B
2025-05-05 12:00:00,287,15,Flushing Av,B
2025-05-05 12:00:00,288,14,Myrtle-Willoughby Avs,B
2025-05-05 12:00:00,289,14,Bedford-Nostrand Avs,B
2025-05-05 12:00:00,290,15,Classon Av,B
2025-05-05 12:00:00,291,15,Clinton-Washington Avs,B
2025-05-05 12:00:00,292,15,Fulton St,B
2025-05-05 12:00:00,293,10,Van Cortlandt Park-242 St,Bx
2025-05-05 12:00:00,294,20,238 St,Bx
2025-05-05 12:00:00,295,21,231 St,Bx
2025-05-05 12:00:00,296,21,Marble Hill-225 St,M
2025-05-05 12:00:00,297,21,215 St,M
2025-05-05 12:00:00,298,21,207 St,M
2025-05-05 12:00:00,299,20,Dyckman St,M
2025-05-05 12:00:00,300,22,191 St,M
2025-05-05 12:00:00,301,21,181 St,M
2025-05-05 12:00:00,303,21,157 St,M
2025-05-05 12:00:00,304,21,145 St,M
2025-05-05 12:00:00,305,20,137 St-City College,M
2025-05-05 12:00:00,306,21,125 St,M
2025-05-05 12:00:00,307,21,116 St-Columbia University,M
2025-05-05 12:00:00,308,20,Cathedral Pkwy (110 St),M
2025-05-05 12:00:00,309,20,103 St,M
2025-05-05 12:00:00,310,50,96 St,M
2025-05-05 12:00:00,311,21,86 St,M
2025-05-05 12:00:00,312,20,79 St,M
2025-05-05 12:00:00,313,50,72 St,M
2025-05-05 12:00:00,314,20,66 St-Lincoln Center,M
2025-05-05 12:00:00,316,20,50 St,M
2025-05-05 12:00:00,318,50,34 St-Penn Station,M
2025-05-05 12:00:00,319,20,28 St,M
2025-05-05 12:00:00,320,20,23 St,M
2025-05-05 12:00:00,321,20,18 St,M
2025-05-05 12:00:00,323,20,Christopher St-Stonewall,M
2025-05-05 12:00:00,324,20,Houston St,M
2025-05-05 12:00:00,325,20,Canal St,M
2025-05-05 12:00:00,326,20,Franklin St,M
2025-05-05 12:00:00,327,50,Chambers St,M
2025-05-05 12:00:00,328,20,WTC Cortlandt,M
2025-05-05 12:00:00,329,20,Rector St,M
2025-05-05 12:00:00,333,30,Wall St,M
2025-05-05 12:00:00,334,30,Clark St,B
2025-05-05 12:00:00,336,30,Hoyt St,B
2025-05-05 12:00:00,337,59,Nevins St,B
2025-05-05 12:00:00,339,30,Bergen St,B
2025-05-05 12:00:00,340,29,Grand Army Plaza,B
2025-05-05 12:00:00,341,30,Eastern Pkwy-Brooklyn Museum,B
2025-05-05 12:00:00,343,15,Nostrand Av,B
2025-05-05 12:00:00,344,15,Kingston Av,B
2025-05-05 12:00:00,345,24,Crown Hts-Utica Av,B
2025-05-05 12:00:00,346,16,Sutter Av-Rutland Rd,B
2025-05-05 12:00:00,347,14,Saratoga Av,B
2025-05-05 12:00:00,348,14,Rockaway Av,B
2025-05-05 12:00:00,349,15,Junius St,B
2025-05-05 12:00:00,350,16,Pennsylvania Av,B
2025-05-05 12:00:00,351,16,Van Siclen Av,B
2025-05-05 12:00:00,352,7,New Lots Av,B
2025-05-05 12:00:00,353,30,President St-Medgar Evers College,B
2025-05-05 12:00:00,354,29,Sterling St,B
2025-05-05 12:00:00,355,30,Winthrop St,B
2025-05-05 12:00:00,356,30,Church Av,B
2025-05-05 12:00:00,357,31,Beverly Rd,B
2025-05-05 12:00:00,358,29,Newkirk Av-Little Haiti,B
2025-05-05 12:00:00,359,14,Flatbush Av-Brooklyn College,B
2025-05-05 12:00:00,360,8,Pelham Bay Park,Bx
2025-05-05 12:00:00,361,16,Buhre Av,Bx
2025-05-05 12:00:00,362,16,Middletown Rd,Bx
2025-05-05 12:00:00,363,16,Westchester Sq-E Tremont Av,Bx
2025-05-05 12:00:00,364,15,Zerega Av,Bx
2025-05-05 12:00:00,365,15,Castle Hill Av,Bx
2025-05-05 12:00:00,366,23,Parkchester,Bx
2025-05-05 12:00:00,367,27,St Lawrence Av,Bx
2025-05-05 12:00:00,368,27,Morrison Av-Soundview,Bx
2025-05-05 12:00:00,369,27,Elder Av,Bx
2025-05-05 12:00:00,370,27,Whitlock Av,Bx
2025-05-05 12:00:00,371,31,Hunts Point Av,Bx
2025-05-05 12:00:00,372,26,Longwood Av,Bx
2025-05-05 12:00:00,373,26,E 149 St,Bx
2025-05-05 12:00:00,374,26,E 143 St-St Mary's St,Bx
2025-05-05 12:00:00,375,26,Cypress Av,Bx
2025-05-05 12:00:00,376,26,Brook Av,Bx
2025-05-05 12:00:00,377,30,3 Av-138 St,Bx
2025-05-05 12:00:00,378,7,Woodlawn,Bx
2025-05-05 12:00:00,379,14,Mosholu Pkwy,Bx
2025-05-05 12:00:00,380,15,Bedford Park Blvd-Lehman College,Bx
2025-05-05 12:00:00,381,16,Kingsbridge Rd,Bx
2025-05-05 12:00:00,382,16,Fordham Rd,Bx
2025-05-05 12:00:00,383,14,183 St,Bx
2025-05-05 12:00:00,384,14,Burnside Av,Bx
2025-05-05 12:00:00,385,15,176 St,Bx
2025-05-05 12:00:00,386,15,Mt Eden Av,Bx
2025-05-05 12:00:00,387,15,170 St,Bx
2025-05-05 12:00:00,388,14,167 St,Bx
2025-05-05 12:00:00,391,30,138 St-Grand Concourse,Bx
2025-05-05 12:00:00,392,60,125 St,M
2025-05-05 12:00:00,393,30,116 St,M
2025-05-05 12:00:00,394,30,110 St,M
2025-05-05 12:00:00,395,30,103 St,M
2025-05-05 12:00:00,396,30,96 St,M
2025-05-05 12:00:00,397,60,86 St,M
2025-05-05 12:00:00,398,30,77 St,M
2025-05-05 12:00:00,399,30,68 St-Hunter College,M
2025-05-05 12:00:00,403,30,33 St,M
2025-05-05 12:00:00,404,30,28 St,M
2025-05-05 12:00:00,405,30,23 St-Baruch College,M
2025-05-05 12:00:00,407,30,Astor Pl,M
2025-05-05 12:00:00,409,30,Spring St,M
2025-05-05 12:00:00,413,29,Wall St,M
2025-05-05 12:00:00,414,30,Bowling Green,M
2025-05-05 12:00:00,416,7,Wakefield-241 St,Bx
2025-05-05 12:00:00,417,15,Nereid Av,Bx
2025-05-05 12:00:00,418,14,233 St,Bx
2025-05-05 12:00:00,419,16,225 St,Bx
2025-05-05 12:00:00,420,16,219 St,Bx
2025-05-05 12:00:00,421,15,Gun Hill Rd,Bx
2025-05-05 12:00:00,422,14,Burke Av,Bx
2025-05-05 12:00:00,423,14,Allerton Av,Bx
2025-05-05 12:00:00,424,16,Pelham Pkwy,Bx
2025-05-05 12:00:00,425,15,Bronx Park East,Bx
2025-05-05 12:00:00,426,29,E 180 St,Bx
2025-05-05 12:00:00,427,30,West Farms Sq-E Tremont Av,Bx
2025-05-05 12:00:00,428,31,174 St,Bx
2025-05-05 12:00:00,429,30,Freeman St,Bx
2025-05-05 12:00:00,430,30,Simpson St,Bx
2025-05-05 12:00:00,431,30,Intervale Av,Bx
2025-05-05 12:00:00,432,30,Prospect Av,Bx
2025-05-05 12:00:00,433,31,Jackson Av,Bx
2025-05-05 12:00:00,434,30,3 Av-149 St,Bx
2025-05-05 12:00:00,436,8,Harlem-148 St,M
2025-05-05 12:00:00,437,15,145 St,M
2025-05-05 12:00:00,438,31,135 St,M
2025-05-05 12:00:00,439,30,125 St,M
2025-05-05 12:00:00,440,30,116 St,M
2025-05-05 12:00:00,441,30,110 St-Malcolm X Plaza,M
2025-05-05 12:00:00,442,7,Eastchester-Dyre Av,Bx
2025-05-05 12:00:00,443,14,Baychester Av,Bx
2025-05-05 12:00:00,444,16,Gun Hill Rd,Bx
2025-05-05 12:00:00,445,15,Pelham Pkwy,Bx
2025-05-05 12:00:00,446,15,Morris Park,Bx
2025-05-05 12:00:00,447,12,Flushing-Main St,Q
2025-05-05 12:00:00,448,24,Mets-Willets Point,Q
2025-05-05 12:00:00,449,24,111 St,Q
2025-05-05 12:00:00,450,24,103 St-Corona Plaza,Q
2025-05-05 12:00:00,451,24,Junction Blvd,Q
2025-05-05 12:00:00,452,24,90 St-Elmhurst Av,Q
2025-05-05 12:00:00,453,24,82 St-Jackson Hts,Q
2025-05-05 12:00:00,455,24,69 St,Q
2025-05-05 12:00:00,456,24,61 St-Woodside,Q
2025-05-05 12:00:00,457,24,61 St-Woodside,Q
2025-05-05 12:00:00,458,24,61 St-Woodside,Q
2025-05-05 12:00:00,459,25,61 St-Woodside,Q
2025-05-05 12:00:00,460,26,61 St-Woodside,Q
2025-05-05 12:00:00,461,24,61 St-Woodside,Q
2025-05-05 12:00:00,463,24,Hunters Point Av,Q
2025-05-05 12:00:00,464,24,Vernon Blvd-Jackson Av,Q
2025-05-05 12:00:00,471,12,34 St-Hudson Yards,M
2025-05-05 12:00:00,475,7,96 St,M
2025-05-05 12:00:00,476,16,86 St,M
2025-05-05 12:00:00,477,16,72 St,M
2025-05-05 12:00:00,501,2,St George,SI
2025-05-05 12:00:00,502,4,Tompkinsville,SI
2025-05-05 12:00:00,503,4,Stapleton,SI
2025-05-05 12:00:00,504,4,Clifton,SI
2025-05-05 12:00:00,505,4,Grasmere,SI
2025-05-05 12:00:00,506,4,Old Town,SI
2025-05-05 12:00:00,507,4,Dongan Hills,SI
2025-05-05 12:00:00,508,4,Jefferson Av,SI
2025-05-05 12:00:00,509,4,Grant City,SI
2025-05-05 12:00:00,510,4,New Dorp,SI
2025-05-05 12:00:00,511,4,Oakwood Heights,SI
2025-05-05 12:00:00,512,4,Bay Terrace,SI
2025-05-05 12:00:00,513,4,Great Kills,SI
2025-05-05 12:00:00,514,4,Eltingville,SI
2025-05-05 12:00:00,515,4,Annadale,SI
2025-05-05 12:00:00,516,4,Huguenot,SI
2025-05-05 12:00:00,517,4,Prince's Bay,SI
2025-05-05 12:00:00,518,4,Pleasant Plains,SI
2025-05-05 12:00:00,519,4,Richmond Valley,SI
2025-05-05 12:00:00,522,2,Tottenville,SI
2025-05-05 12:00:00,523,4,Arthur Kill,SI
2025-05-05 12:00:00,601,108,14 St/6 Av,M
2025-05-05 12:00:00,602,121,34 St-Herald Sq,M
2025-05-05 12:00:00,603,15,149 St-Grand Concourse,Bx
2025-05-05 12:00:00,604,36,161 St-Yankee Stadium,Bx
2025-05-05 12:00:00,605,40,168 St-Washington Hts,M
2025-05-05 12:00:00,606,65,Court Sq-23 St,Q
2025-05-05 12:00:00,607,123,34 St-Herald Sq,M
2025-05-05 12:00:00,608,47,4 Av-9 St,B
2025-05-05 12:00:00,609,86,42 St-Bryant Pk/5 Av,M
2025-05-05 12:00:00,610,96,Grand Central-42 St,M
2025-05-05 12:00:00,611,164,Times Sq-42 St/Port Authority Bus Terminal,M
2025-05-05 12:00:00,612,63,Lexington Av/51-53 Sts,M
2025-05-05 12:00:00,613,102,Lexington Av/59 St,M
2025-05-05 12:00:00,614,77,59 St-Columbus Circle,M
2025-05-05 12:00:00,615,31,62 St/New Utrecht Av,B
2025-05-05 12:00:00,616,89,Jackson Hts-Roosevelt Av/74 St-Broadway,Q
2025-05-05 12:00:00,617,135,Atlantic Av-Barclays Ctr,B
2025-05-05 12:00:00,618,59,14 St/8 Av,M
2025-05-05 12:00:00,619,92,Broadway-Lafayette St/Bleecker St,M
2025-05-05 12:00:00,620,75,Borough Hall/Court St,B
2025-05-05 12:00:00,621,27,Broadway Junction,B
2025-05-05 12:00:00,622,59,Brooklyn Bridge-City Hall/Chambers St,M
2025-05-05 12:00:00,623,72,Canal St,M
2025-05-05 12:00:00,624,94,Chambers St/WTC/Park Place/Cortlandt St,M
2025-05-05 12:00:00,625,46,Delancey St-Essex St,M
2025-05-05 12:00:00,626,73,Franklin Av-Medgar Evers College/Botanic Garden,B
2025-05-05 12:00:00,627,20,Franklin Av,B
2025-05-05 12:00:00,628,74,Fulton St,M
2025-05-05 12:00:00,629,40,Metropolitan Av/Lorimer St,B
2025-05-05 12:00:00,630,25,Myrtle-Wyckoff Avs,Q
2025-05-05 12:00:00,635,30,Whitehall St-South Ferry,M
2025-05-05 12:00:00,636,60,Jay St-MetroTech,B
2025-05-05 13:00:00,1,13,Astoria-Ditmars Blvd,Q
2025-05-05 13:00:00,2,27,Astoria Blvd,Q
2025-05-05 13:00:00,3,27,30 Av,Q
2025-05-05 13:00:00,4,27,Broadway,Q
2025-05-05 13:00:00,5,27,36 Av,Q
2025-05-05 13:00:00,6,28,39 Av-Dutch Kills,Q
2025-05-05 13:00:00,8,43,5 Av/59 St,M
2025-05-05 13:00:00,9,56,57 St-7 Av,M
2025-05-05 13:00:00,10,41,49 St,M
2025-05-05 13:00:00,13,28,28 St,M
2025-05-05 13:00:00,14,28,23 St,M
2025-05-05 13:00:00,16,26,8 St-NYU,M
2025-05-05 13:00:00,17,28,Prince St,M
2025-05-05 13:00:00,20,27,City Hall,M
2025-05-05 13:00:00,22,28,Rector St,M
2025-05-05 13:00:00,26,46,DeKalb Av,B
2025-05-05 13:00:00,28,15,Union St,B
2025-05-05 13:00:00,30,15,Prospect Av,B
2025-05-05 13:00:00,31,14,25 St,B
2025-05-05 13:00:00,32,45,36 St,B
2025-05-05 13:00:00,33,16,45 St,B
2025-05-05 13:00:00,34,16,53 St,B
2025-05-05 13:00:00,35,30,59 St,B
2025-05-05 13:00:00,36,14,Bay Ridge Av,B
2025-05-05 13:00:00,37,15,77 St,B
2025-05-05 13:00:00,38,16,86 St,B
2025-05-05 13:00:00,39,7,Bay Ridge-95 St,B
2025-05-05 13:00:00,41,31,7 Av,B
2025-05-05 13:00:00,42,35,Prospect Park,B
2025-05-05 13:00:00,43,14,Parkside Av,B
2025-05-05 13:00:00,44,30,Church Av,B
2025-05-05 13:00:00,45,14,Beverley Rd,B
2025-05-05 13:00:00,46,14,Cortelyou Rd,B
2025-05-05 13:00:00,47,31,Newkirk Plaza,B
2025-05-05 13:00:00,48,15,Avenue H,B
2025-05-05 13:00:00,49,15,Avenue J,B
2025-05-05 13:00:00,50,15,Avenue M,B
2025-05-05 13:00:00,51,30,Kings Hwy,B
2025-05-05 13:00:00,52,16,Avenue U,B
2025-05-05 13:00:00,53,15,Neck Rd,B
2025-05-05 13:00:00,54,31,Sheepshead Bay,B
2025-05-05 13:00:00,55,23,Brighton Beach,B
2025-05-05 13:00:00,56,16,Ocean Pkwy,B
2025-05-05 13:00:00,57,32,W 8 St-NY Aquarium,B
2025-05-05 13:00:00,58,30,Coney Island-Stillwell Av,B
2025-05-05 13:00:00,59,14,9 Av,B
2025-05-05 13:00:00,60,16,Fort Hamilton Pkwy,B
2025-05-05 13:00:00,61,15,50 St,B
2025-05-05 13:00:00,62,14,55 St,B
2025-05-05 13:00:00,64,15,71 St,B
2025-05-05 13:00:00,65,15,79 St,B
2025-05-05 13:00:00,66,14,18 Av,B
2025-05-05 13:00:00,67,14,20 Av,B
2025-05-05 13:00:00,68,14,Bay Pkwy,B
2025-05-05 13:00:00,69,15,25 Av,B
2025-05-05 13:00:00,70,15,Bay 50 St,B
2025-05-05 13:00:00,71,14,8 Av,B
2025-05-05 13:00:00,72,15,Fort Hamilton Pkwy,B
2025-05-05 13:00:00,74,15,18 Av,B
2025-05-05 13:00:00,75,15,20 Av,B
2025-05-05 13:00:00,76,15,Bay Pkwy,B
2025-05-05 13:00:00,77,14,Kings Hwy,B
2025-05-05 13:00:00,78,15,Avenue U,B
2025-05-05 13:00:00,79,15,86 St,B
2025-05-05 13:00:00,80,16,121 St,Q
2025-05-05 13:00:00,81,15,111 St,Q
2025-05-05 13:00:00,82,14,104 St,Q
2025-05-05 13:00:00,83,15,Woodhaven Blvd,Q
2025-05-05 13:00:00,84,16,85 St-Forest Pkwy,Q
2025-05-05 13:00:00,85,16,75 St-Elderts Ln,Q
2025-05-05 13:00:00,86,15,Cypress Hills,B
2025-05-05 13:00:00,87,14,Crescent St,B
2025-05-05 13:00:00,88,15,Norwood Av,B
2025-05-05 13:00:00,89,16,Cleveland St,B
2025-05-05 13:00:00,90,16,Van Siclen Av,B
2025-05-05 13:00:00,91,15,Alabama Av,B
2025-05-05 13:00:00,93,16,Chauncey St,B
2025-05-05 13:00:00,94,16,Halsey St,B
2025-05-05 13:00:00,95,15,Gates Av,B
2025-05-05 13:00:00,96,14,Kosciuszko St,B
2025-05-05 13:00:00,97,31,Myrtle Av,B
2025-05-05 13:00:00,98,26,Flushing Av,B
2025-05-05 13:00:00,99,25,Lorimer St,B
2025-05-05 13:00:00,100,25,Hewes St,B
2025-05-05 13:00:00,101,30,Marcy Av,B
2025-05-05 13:00:00,103,14,Bowery,M
2025-05-05 13:00:00,107,8,Broad St,M
2025-05-05 13:00:00,108,7,Middle Village-Metropolitan Av,Q
2025-05-05 13:00:00,109,15,Fresh Pond Rd,Q
2025-05-05 13:00:00,110,16,Forest Av,Q
2025-05-05 13:00:00,111,16,Seneca Av,Q
2025-05-05 13:00:00,113,15,Knickerbocker Av,B
2025-05-05 13:00:00,114,16,Central Av,B
2025-05-05 13:00:00,118,24,3 Av,M
2025-05-05 13:00:00,119,24,1 Av,M
2025-05-05 13:00:00,120,24,Bedford Av,B
2025-05-05 13:00:00,122,24,Graham Av,B
2025-05-05 13:00:00,123,24,Grand St,B
2025-05-05 13:00:00,124,24,Montrose Av,B
2025-05-05 13:00:00,125,24,Morgan Av,B
2025-05-05 13:00:00,126,24,Jefferson St,B
2025-05-05 13:00:00,127,24,DeKalb Av,B
2025-05-05 13:00:00,129,24,Halsey St,B
2025-05-05 13:00:00,130,24,Wilson Av,B
2025-05-05 13:00:00,131,24,Bushwick Av-Aberdeen St,B
2025-05-05 13:00:00,133,24,Atlantic Av,B
2025-05-05 13:00:00,134,24,Sutter Av,B
2025-05-05 13:00:00,135,24,Livonia Av,B
2025-05-05 13:00:00,136,24,New Lots Av,B
2025-05-05 13:00:00,137,24,East 105 St,B
2025-05-05 13:00:00,138,12,Canarsie-Rockaway Pkwy,B
2025-05-05 13:00:00,141,12,Park Pl,B
2025-05-05 13:00:00,143,8,Inwood-207 St,M
2025-05-05 13:00:00,144,15,Dyckman St,M
2025-05-05 13:00:00,145,15,190 St,M
2025-05-05 13:00:00,146,14,181 St,M
2025-05-05 13:00:00,147,13,175 St,M
2025-05-05 13:00:00,149,16,163 St-Amsterdam Av,M
2025-05-05 13:00:00,150,15,155 St,M
2025-05-05 13:00:00,152,31,135 St,M
2025-05-05 13:00:00,153,60,125 St,M
2025-05-05 13:00:00,154,30,116 St,M
2025-05-05 13:00:00,155,29,Cathedral Pkwy (110 St),M
2025-05-05 13:00:00,156,29,103 St,M
2025-05-05 13:00:00,157,30,96 St,M
2025-05-05 13:00:00,158,31,86 St,M
2025-05-05 13:00:00,159,30,81 St-Museum of Natural History,M
2025-05-05 13:00:00,160,29,72 St,M
2025-05-05 13:00:00,162,32,50 St,M
2025-05-05 13:00:00,164,46,34 St-Penn Station,M
2025-05-05 13:00:00,165,30,23 St,M
2025-05-05 13:00:00,168,32,Spring St,M
2025-05-05 13:00:00,169,45,Canal St,M
2025-05-05 13:00:00,173,30,High St,B
2025-05-05 13:00:00,175,44,Hoyt-Schermerhorn Sts,B
2025-05-05 13:00:00,176,15,Lafayette Av,B
2025-05-05 13:00:00,177,15,Clinton-Washington Avs,B
2025-05-05 13:00:00,179,30,Nostrand Av,B
2025-05-05 13:00:00,180,14,Kingston-Throop Avs,B
2025-05-05 13:00:00,181,27,Utica Av,B
2025-05-05 13:00:00,182,15,Ralph Av,B
2025-05-05 13:00:00,183,16,Rockaway Av,B
2025-05-05 13:00:00,185,14,Liberty Av,B
2025-05-05 13:00:00,186,16,Van Siclen Av,B
2025-05-05 13:00:00,187,16,Shepherd Av,B
2025-05-05 13:00:00,188,22,Euclid Av,B
2025-05-05 13:00:00,189,14,Grant Av,B
2025-05-05 13:00:00,190,14,80 St,Q
2025-05-05 13:00:00,191,14,88 St,Q
2025-05-05 13:00:00,192,14,Rockaway Blvd,Q
2025-05-05 13:00:00,193,8,104 St,Q
2025-05-05 13:00:00,194,7,111 St,Q
2025-05-05 13:00:00,195,4,Ozone Park-Lefferts Blvd,Q
2025-05-05 13:00:00,196,4,Aqueduct Racetrack,Q
2025-05-05 13:00:00,197,7,Aqueduct-N Conduit Av,Q
2025-05-05 13:00:00,198,4,Howard Beach-JFK Airport,Q
2025-05-05 13:00:00,200,8,Beach 90 St,Q
2025-05-05 13:00:00,201,8,Beach 98 St,Q
2025-05-05 13:00:00,202,8,Beach 105 St,Q
2025-05-05 13:00:00,203,4,Rockaway Park-Beach 116 St,Q
2025-05-05 13:00:00,204,8,Beach 67 St,Q
2025-05-05 13:00:00,205,8,Beach 60 St,Q
2025-05-05 13:00:00,206,8,Beach 44 St,Q
2025-05-05 13:00:00,207,8,Beach 36 St,Q
2025-05-05 13:00:00,208,8,Beach 25 St,Q
2025-05-05 13:00:00,209,4,Far Rockaway-Mott Av,Q
2025-05-05 13:00:00,210,8,Norwood-205 St,Bx
2025-05-05 13:00:00,211,19,Bedford Park Blvd,Bx
2025-05-05 13:00:00,212,22,Kingsbridge Rd,Bx
2025-05-05 13:00:00,213,23,Fordham Rd,Bx
2025-05-05 13:00:00,214,23,182-183 Sts,Bx
2025-05-05 13:00:00,215,23,Tremont Av,Bx
2025-05-05 13:00:00,216,22,174-175 Sts,Bx
2025-05-05 13:00:00,217,23,170 St,Bx
2025-05-05 13:00:00,218,24,167 St,Bx
2025-05-05 13:00:00,220,22,155 St,M
2025-05-05 13:00:00,221,17,21 St-Queensbridge,Q
2025-05-05 13:00:00,222,18,Roosevelt Island,M
2025-05-05 13:00:00,223,32,Lexington Av/63 St,M
2025-05-05 13:00:00,224,17,57 St,M
2025-05-05 13:00:00,225,62,47-50 Sts-Rockefeller Ctr,M
2025-05-05 13:00:00,228,34,23 St,M
2025-05-05 13:00:00,231,30,Grand St,M
2025-05-05 13:00:00,232,17,2 Av,M
2025-05-05 13:00:00,234,17,East Broadway,M
2025-05-05 13:00:00,235,17,York St,B
2025-05-05 13:00:00,236,33,Bergen St,B
2025-05-05 13:00:00,237,32,Carroll St,B
2025-05-05 13:00:00,238,32,Smith-9 Sts,B
2025-05-05 13:00:00,240,33,7 Av,B
2025-05-05 13:00:00,241,32,15 St-Prospect Park,B
2025-05-05 13:00:00,242,32,Fort Hamilton Pkwy,B
2025-05-05 13:00:00,243,25,Church Av,B
2025-05-05 13:00:00,244,17,Ditmas Av,B
2025-05-05 13:00:00,245,17,18 Av,B
2025-05-05 13:00:00,246,17,Avenue I,B
2025-05-05 13:00:00,247,17,Bay Pkwy,B
2025-05-05 13:00:00,248,17,Avenue N,B
2025-05-05 13:00:00,249,16,Avenue P,B
2025-05-05 13:00:00,250,17,Kings Hwy,B
2025-05-05 13:00:00,251,17,Avenue U,B
2025-05-05 13:00:00,252,16,Avenue X,B
2025-05-05 13:00:00,253,17,Neptune Av,B
2025-05-05 13:00:00,254,10,Jamaica-179 St,Q
2025-05-05 13:00:00,255,18,169 St,Q
2025-05-05 13:00:00,256,18,Parsons Blvd,Q
2025-05-05 13:00:00,257,18,Sutphin Blvd,Q
2025-05-05 13:00:00,258,18,Briarwood,Q
2025-05-05 13:00:00,259,35,Kew Gardens-Union Tpke,Q
2025-05-05 13:00:00,260,19,75 Av,Q
2025-05-05 13:00:00,261,51,Forest Hills-71 Av,Q
2025-05-05 13:00:00,262,29,67 Av,Q
2025-05-05 13:00:00,263,29,63 Dr-Rego Park,Q
2025-05-05 13:00:00,264,30,Woodhaven Blvd,Q
2025-05-05 13:00:00,265,29,Grand Av-Newtown,Q
2025-05-05 13:00:00,266,28,Elmhurst Av,Q
2025-05-05 13:00:00,268,30,65 St,Q
2025-05-05 13:00:00,269,30,Northern Blvd,Q
2025-05-05 13:00:00,270,30,46 St,Q
2025-05-05 13:00:00,271,29,Steinway St,Q
2025-05-05 13:00:00,272,30,36 St,Q
2025-05-05 13:00:00,273,47,Queens Plaza,Q
2025-05-05 13:00:00,276,31,5 Av/53 St,M
2025-05-05 13:00:00,277,46,7 Av,M
2025-05-05 13:00:00,278,16,Jamaica Center-Parsons/Archer,Q
2025-05-05 13:00:00,279,33,Sutphin Blvd-Archer Av-JFK Airport,Q
2025-05-05 13:00:00,280,17,Jamaica-Van Wyck,Q
2025-05-05 13:00:00,282,14,21 St,Q
2025-05-05 13:00:00,283,15,Greenpoint Av,B
2025-05-05 13:00:00,284,16,Nassau Av,B
2025-05-05 13:00:00,286,14,Broadway,B
2025-05-05 13:00:00,287,15,Flushing Av,B
2025-05-05 13:00:00,288,16,Myrtle-Willoughby Avs,B
2025-05-05 13:00:00,289,16,Bedford-Nostrand Avs,B
2025-05-05 13:00:00,290,16,Classon Av,B
2025-05-05 13:00:00,291,15,Clinton-Washington Avs,B
2025-05-05 13:00:00,292,15,Fulton St,B
2025-05-05 13:00:00,293,10,Van Cortlandt Park-242 St,Bx
2025-05-05 13:00:00,294,20,238 St,Bx
2025-05-05 13:00:00,295,20,231 St,Bx
2025-05-05 13:00:00,296,20,Marble Hill-225 St,M
2025-05-05 13:00:00,297,20,215 St,M
2025-05-05 13:00:00,298,20,207 St,M
2025-05-05 13:00:00,299,20,Dyckman St,M
2025-05-05 13:00:00,300,20,191 St,M
2025-05-05 13:00:00,301,20,181 St,M
2025-05-05 13:00:00,303,21,157 St,M
2025-05-05 13:00:00,304,20,145 St,M
2025-05-05 13:00:00,305,20,137 St-City College,M
2025-05-05 13:00:00,306,20,125 St,M
2025-05-05 13:00:00,307,20,116 St-Columbia University,M
2025-05-05 13:00:00,308,20,Cathedral Pkwy (110 St),M
2025-05-05 13:00:00,309,20,103 St,M
2025-05-05 13:00:00,310,50,96 St,M
2025-05-05 13:00:00,311,20,86 St,M
2025-05-05 13:00:00,312,20,79 St,M
2025-05-05 13:00:00,313,50,72 St,M
2025-05-05 13:00:00,314,20,66 St-Lincoln Center,M
2025-05-05 13:00:00,316,20,50 St,M
2025-05-05 13:00:00,318,50,34 St-Penn Station,M
2025-05-05 13:00:00,319,20,28 St,M
2025-05-05 13:00:00,320,20,23 St,M
2025-05-05 13:00:00,321,20,18 St,M
2025-05-05 13:00:00,323,20,Christopher St-Stonewall,M
2025-05-05 13:00:00,324,20,Houston St,M
2025-05-05 13:00:00,325,20,Canal St,M
2025-05-05 13:00:00,326,20,Franklin St,M
2025-05-05 13:00:00,327,51,Chambers St,M
2025-05-05 13:00:00,328,20,WTC Cortlandt,M
2025-05-05 13:00:00,329,20,Rector St,M
2025-05-05 13:00:00,333,30,Wall St,M
2025-05-05 13:00:00,334,30,Clark St,B
2025-05-05 13:00:00,336,30,Hoyt St,B
2025-05-05 13:00:00,337,61,Nevins St,B
2025-05-05 13:00:00,339,30,Bergen St,B
2025-05-05 13:00:00,340,31,Grand Army Plaza,B
2025-05-05 13:00:00,341,30,Eastern Pkwy-Brooklyn Museum,B
2025-05-05 13:00:00,343,15,Nostrand Av,B
2025-05-05 13:00:00,344,15,Kingston Av,B
2025-05-05 13:00:00,345,21,Crown Hts-Utica Av,B
2025-05-05 13:00:00,346,14,Sutter Av-Rutland Rd,B
2025-05-05 13:00:00,347,16,Saratoga Av,B
2025-05-05 13:00:00,348,16,Rockaway Av,B
2025-05-05 13:00:00,349,15,Junius St,B
2025-05-05 13:00:00,350,14,Pennsylvania Av,B
2025-05-05 13:00:00,351,14,Van Siclen Av,B
2025-05-05 13:00:00,352,8,New Lots Av,B
2025-05-05 13:00:00,353,30,President St-Medgar Evers College,B
2025-05-05 13:00:00,354,30,Sterling St,B
2025-05-05 13:00:00,355,30,Winthrop St,B
2025-05-05 13:00:00,356,30,Church Av,B
2025-05-05 13:00:00,357,30,Beverly Rd,B
2025-05-05 13:00:00,358,31,Newkirk Av-Little Haiti,B
2025-05-05 13:00:00,359,16,Flatbush Av-Brooklyn College,B
2025-05-05 13:00:00,360,8,Pelham Bay Park,Bx
2025-05-05 13:00:00,361,14,Buhre Av,Bx
2025-05-05 13:00:00,362,15,Middletown Rd,Bx
2025-05-05 13:00:00,363,15,Westchester Sq-E Tremont Av,Bx
2025-05-05 13:00:00,364,16,Zerega Av,Bx
2025-05-05 13:00:00,365,16,Castle Hill Av,Bx
2025-05-05 13:00:00,366,22,Parkchester,Bx
2025-05-05 13:00:00,367,25,St Lawrence Av,Bx
2025-05-05 13:00:00,368,24,Morrison Av-Soundview,Bx
2025-05-05 13:00:00,369,24,Elder Av,Bx
2025-05-05 13:00:00,370,24,Whitlock Av,Bx
2025-05-05 13:00:00,371,31,Hunts Point Av,Bx
2025-05-05 13:00:00,372,23,Longwood Av,Bx
2025-05-05 13:00:00,373,23,E 149 St,Bx
2025-05-05 13:00:00,374,23,E 143 St-St Mary's St,Bx
2025-05-05 13:00:00,375,23,Cypress Av,Bx
2025-05-05 13:00:00,376,23,Brook Av,Bx
2025-05-05 13:00:00,377,30,3 Av-138 St,Bx
2025-05-05 13:00:00,378,8,Woodlawn,Bx
2025-05-05 13:00:00,379,16,Mosholu Pkwy,Bx
2025-05-05 13:00:00,380,16,Bedford Park Blvd-Lehman College,Bx
2025-05-05 13:00:00,381,15,Kingsbridge Rd,Bx
2025-05-05 13:00:00,382,15,Fordham Rd,Bx
2025-05-05 13:00:00,383,17,183 St,Bx
2025-05-05 13:00:00,384,16,Burnside Av,Bx
2025-05-05 13:00:00,385,14,176 St,Bx
2025-05-05 13:00:00,386,15,Mt Eden Av,Bx
2025-05-05 13:00:00,387,15,170 St,Bx
2025-05-05 13:00:00,388,16,167 St,Bx
2025-05-05 13:00:00,391,30,138 St-Grand Concourse,Bx
2025-05-05 13:00:00,392,60,125 St,M
2025-05-05 13:00:00,393,30,116 St,M
2025-05-05 13:00:00,394,30,110 St,M
2025-05-05 13:00:00,395,30,103 St,M
2025-05-05 13:00:00,396,30,96 St,M
2025-05-05 13:00:00,397,60,86 St,M
2025-05-05 13:00:00,398,30,77 St,M
2025-05-05 13:00:00,399,30,68 St-Hunter College,M
2025-05-05 13:00:00,403,30,33 St,M
2025-05-05 13:00:00,404,30,28 St,M
2025-05-05 13:00:00,405,30,23 St-Baruch College,M
2025-05-05 13:00:00,407,30,Astor Pl,M
2025-05-05 13:00:00,409,30,Spring St,M
2025-05-05 13:00:00,413,31,Wall St,M
2025-05-05 13:00:00,414,30,Bowling Green,M
2025-05-05 13:00:00,416,8,Wakefield-241 St,Bx
2025-05-05 13:00:00,417,15,Nereid Av,Bx
2025-05-05 13:00:00,418,16,233 St,Bx
2025-05-05 13:00:00,419,14,225 St,Bx
2025-05-05 13:00:00,420,14,219 St,Bx
2025-05-05 13:00:00,421,15,Gun Hill Rd,Bx
2025-05-05 13:00:00,422,16,Burke Av,Bx
2025-05-05 13:00:00,423,16,Allerton Av,Bx
2025-05-05 13:00:00,424,14,Pelham Pkwy,Bx
2025-05-05 13:00:00,425,14,Bronx Park East,Bx
2025-05-05 13:00:00,426,31,E 180 St,Bx
2025-05-05 13:00:00,427,30,West Farms Sq-E Tremont Av,Bx
2025-05-05 13:00:00,428,29,174 St,Bx
2025-05-05 13:00:00,429,30,Freeman St,Bx
2025-05-05 13:00:00,430,31,Simpson St,Bx
2025-05-05 13:00:00,431,30,Intervale Av,Bx
2025-05-05 13:00:00,432,30,Prospect Av,Bx
2025-05-05 13:00:00,433,29,Jackson Av,Bx
2025-05-05 13:00:00,434,30,3 Av-149 St,Bx
2025-05-05 13:00:00,436,7,Harlem-148 St,M
2025-05-05 13:00:00,437,15,145 St,M
2025-05-05 13:00:00,438,30,135 St,M
2025-05-05 13:00:00,439,30,125 St,M
2025-05-05 13:00:00,440,30,116 St,M
2025-05-05 13:00:00,441,30,110 St-Malcolm X Plaza,M
2025-05-05 13:00:00,442,8,Eastchester-Dyre Av,Bx
2025-05-05 13:00:00,443,15,Baychester Av,Bx
2025-05-05 13:00:00,444,14,Gun Hill Rd,Bx
2025-05-05 13:00:00,445,15,Pelham Pkwy,Bx
2025-05-05 13:00:00,446,16,Morris Park,Bx
2025-05-05 13:00:00,447,12,Flushing-Main St,Q
2025-05-05 13:00:00,448,24,Mets-Willets Point,Q
2025-05-05 13:00:00,449,24,111 St,Q
2025-05-05 13:00:00,450,24,103 St-Corona Plaza,Q
2025-05-05 13:00:00,451,24,Junction Blvd,Q
2025-05-05 13:00:00,452,24,90 St-Elmhurst Av,Q
2025-05-05 13:00:00,453,24,82 St-Jackson Hts,Q
2025-05-05 13:00:00,455,24,69 St,Q
2025-05-05 13:00:00,456,24,61 St-Woodside,Q
2025-05-05 13:00:00,457,24,61 St-Woodside,Q
2025-05-05 13:00:00,458,24,61 St-Woodside,Q
2025-05-05 13:00:00,459,25,61 St-Woodside,Q
2025-05-05 13:00:00,460,26,61 St-Woodside,Q
2025-05-05 13:00:00,461,24,61 St-Woodside,Q
2025-05-05 13:00:00,463,24,Hunters Point Av,Q
2025-05-05 13:00:00,464,24,Vernon Blvd-Jackson Av,Q
2025-05-05 13:00:00,471,12,34 St-Hudson Yards,M
2025-05-05 13:00:00,475,8,96 St,M
2025-05-05 13:00:00,476,15,86 St,M
2025-05-05 13:00:00,477,14,72 St,M
2025-05-05 13:00:00,501,2,St George,SI
2025-05-05 13:00:00,502,4,Tompkinsville,SI
2025-05-05 13:00:00,503,4,Stapleton,SI
2025-05-05 13:00:00,504,4,Clifton,SI
2025-05-05 13:00:00,505,4,Grasmere,SI
2025-05-05 13:00:00,506,4,Old Town,SI
2025-05-05 13:00:00,507,4,Dongan Hills,SI
2025-05-05 13:00:00,508,4,Jefferson Av,SI
2025-05-05 13:00:00,509,4,Grant City,SI
2025-05-05 13:00:00,510,4,New Dorp,SI
2025-05-05 13:00:00,511,4,Oakwood Heights,SI
2025-05-05 13:00:00,512,4,Bay Terrace,SI
2025-05-05 13:00:00,513,4,Great Kills,SI
2025-05-05 13:00:00,514,4,Eltingville,SI
2025-05-05 13:00:00,515,4,Annadale,SI
2025-05-05 13:00:00,516,4,Huguenot,SI
2025-05-05 13:00:00,517,4,Prince's Bay,SI
2025-05-05 13:00:00,518,4,Pleasant Plains,SI
2025-05-05 13:00:00,519,4,Richmond Valley,SI
2025-05-05 13:00:00,522,2,Tottenville,SI
2025-05-05 13:00:00,523,4,Arthur Kill,SI
2025-05-05 13:00:00,601,106,14 St/6 Av,M
2025-05-05 13:00:00,602,121,34 St-Herald Sq,M
2025-05-05 13:00:00,603,15,149 St-Grand Concourse,Bx
2025-05-05 13:00:00,604,39,161 St-Yankee Stadium,Bx
2025-05-05 13:00:00,605,42,168 St-Washington Hts,M
2025-05-05 13:00:00,606,62,Court Sq-23 St,Q
2025-05-05 13:00:00,607,123,34 St-Herald Sq,M
2025-05-05 13:00:00,608,48,4 Av-9 St,B
2025-05-05 13:00:00,609,86,42 St-Bryant Pk/5 Av,M
2025-05-05 13:00:00,610,96,Grand Central-42 St,M
2025-05-05 13:00:00,611,164,Times Sq-42 St/Port Authority Bus Terminal,M
2025-05-05 13:00:00,612,61,Lexington Av/51-53 Sts,M
2025-05-05 13:00:00,613,102,Lexington Av/59 St,M
2025-05-05 13:00:00,614,79,59 St-Columbus Circle,M
2025-05-05 13:00:00,615,29,62 St/New Utrecht Av,B
2025-05-05 13:00:00,616,89,Jackson Hts-Roosevelt Av/74 St-Broadway,Q
2025-05-05 13:00:00,617,134,Atlantic Av-Barclays Ctr,B
2025-05-05 13:00:00,618,56,14 St/8 Av,M
2025-05-05 13:00:00,619,93,Broadway-Lafayette St/Bleecker St,M
2025-05-05 13:00:00,620,75,Borough Hall/Court St,B
2025-05-05 13:00:00,621,29,Broadway Junction,B
2025-05-05 13:00:00,622,61,Brooklyn Bridge-City Hall/Chambers St,M
2025-05-05 13:00:00,623,72,Canal St,M
2025-05-05 13:00:00,624,94,Chambers St/WTC/Park Place/Cortlandt St,M
2025-05-05 13:00:00,625,47,Delancey St-Essex St,M
2025-05-05 13:00:00,626,71,Franklin Av-Medgar Evers College/Botanic Garden,B
2025-05-05 13:00:00,627,22,Franklin Av,B
2025-05-05 13:00:00,628,76,Fulton St,M
2025-05-05 13:00:00,629,39,Metropolitan Av/Lorimer St,B
2025-05-05 13:00:00,630,24,Myrtle-Wyckoff Avs,Q
2025-05-05 13:00:00,635,32,Whitehall St-South Ferry,M
2025-05-05 13:00:00,636,61,Jay St-MetroTech,B
2025-05-05 14:00:00,1,14,Astoria-Ditmars Blvd,Q
2025-05-05 14:00:00,2,27,Astoria Blvd,Q
2025-05-05 14:00:00,3,27,30 Av,Q
2025-05-05 14:00:00,4,27,Broadway,Q
2025-05-05 14:00:00,5,27,36 Av,Q
2025-05-05 14:00:00,6,27,39 Av-Dutch Kills,Q
2025-05-05 14:00:00,8,40,5 Av/59 St,M
2025-05-05 14:00:00,9,57,57 St-7 Av,M
2025-05-05 14:00:00,10,43,49 St,M
2025-05-05 14:00:00,13,26,28 St,M
2025-05-05 14:00:00,14,26,23 St,M
2025-05-05 14:00:00,16,28,8 St-NYU,M
2025-05-05 14:00:00,17,26,Prince St,M
2025-05-05 14:00:00,20,27,City Hall,M
2025-05-05 14:00:00,22,26,Rector St,M
2025-05-05 14:00:00,26,44,DeKalb Av,B
2025-05-05 14:00:00,28,15,Union St,B
2025-05-05 14:00:00,30,15,Prospect Av,B
2025-05-05 14:00:00,31,16,25 St,B
2025-05-05 14:00:00,32,45,36 St,B
2025-05-05 14:00:00,33,14,45 St,B
2025-05-05 14:00:00,34,14,53 St,B
2025-05-05 14:00:00,35,30,59 St,B
2025-05-05 14:00:00,36,16,Bay Ridge Av,B
2025-05-05 14:00:00,37,15,77 St,B
2025-05-05 14:00:00,38,14,86 St,B
2025-05-05 14:00:00,39,8,Bay Ridge-95 St,B
2025-05-05 14:00:00,41,30,7 Av,B
2025-05-05 14:00:00,42,37,Prospect Park,B
2025-05-05 14:00:00,43,16,Parkside Av,B
2025-05-05 14:00:00,44,30,Church Av,B
2025-05-05 14:00:00,45,16,Beverley Rd,B
2025-05-05 14:00:00,46,16,Cortelyou Rd,B
2025-05-05 14:00:00,47,29,Newkirk Plaza,B
2025-05-05 14:00:00,48,15,Avenue H,B
2025-05-05 14:00:00,49,15,Avenue J,B
2025-05-05 14:00:00,50,15,Avenue M,B
2025-05-05 14:00:00,51,30,Kings Hwy,B
2025-05-05 14:00:00,52,14,Avenue U,B
2025-05-05 14:00:00,53,15,Neck Rd,B
2025-05-05 14:00:00,54,29,Sheepshead Bay,B
2025-05-05 14:00:00,55,22,Brighton Beach,B
2025-05-05 14:00:00,56,15,Ocean Pkwy,B
2025-05-05 14:00:00,57,32,W 8 St-NY Aquarium,B
2025-05-05 14:00:00,58,31,Coney Island-Stillwell Av,B
2025-05-05 14:00:00,59,16,9 Av,B
2025-05-05 14:00:00,60,14,Fort Hamilton Pkwy,B
2025-05-05 14:00:00,61,14,50 St,B
2025-05-05 14:00:00,62,15,55 St,B
2025-05-05 14:00:00,64,15,71 St,B
2025-05-05 14:00:00,65,15,79 St,B
2025-05-05 14:00:00,66,16,18 Av,B
2025-05-05 14:00:00,67,16,20 Av,B
2025-05-05 14:00:00,68,16,Bay Pkwy,B
2025-05-05 14:00:00,69,15,25 Av,B
2025-05-05 14:00:00,70,15,Bay 50 St,B
2025-05-05 14:00:00,71,15,8 Av,B
2025-05-05 14:00:00,72,14,Fort Hamilton Pkwy,B
2025-05-05 14:00:00,74,15,18 Av,B
2025-05-05 14:00:00,75,15,20 Av,B
2025-05-05 14:00:00,76,15,Bay Pkwy,B
2025-05-05 14:00:00,77,15,Kings Hwy,B
2025-05-05 14:00:00,78,15,Avenue U,B
2025-05-05 14:00:00,79,14,86 St,B
2025-05-05 14:00:00,80,14,121 St,Q
2025-05-05 14:00:00,81,16,111 St,Q
2025-05-05 14:00:00,82,16,104 St,Q
2025-05-05 14:00:00,83,14,Woodhaven Blvd,Q
2025-05-05 14:00:00,84,14,85 St-Forest Pkwy,Q
2025-05-05 14:00:00,85,14,75 St-Elderts Ln,Q
2025-05-05 14:00:00,86,16,Cypress Hills,B
2025-05-05 14:00:00,87,15,Crescent St,B
2025-05-05 14:00:00,88,14,Norwood Av,B
2025-05-05 14:00:00,89,14,Cleveland St,B
2025-05-05 14:00:00,90,14,Van Siclen Av,B
2025-05-05 14:00:00,91,16,Alabama Av,B
2025-05-05 14:00:00,93,14,Chauncey St,B
2025-05-05 14:00:00,94,14,Halsey St,B
2025-05-05 14:00:00,95,16,Gates Av,B
2025-05-05 14:00:00,96,16,Kosciuszko St,B
2025-05-05 14:00:00,97,29,Myrtle Av,B
2025-05-05 14:00:00,98,22,Flushing Av,B
2025-05-05 14:00:00,99,22,Lorimer St,B
2025-05-05 14:00:00,100,23,Hewes St,B
2025-05-05 14:00:00,101,30,Marcy Av,B
2025-05-05 14:00:00,103,16,Bowery,M
2025-05-05 14:00:00,107,7,Broad St,M
2025-05-05 14:00:00,108,8,Middle Village-Metropolitan Av,Q
2025-05-05 14:00:00,109,15,Fresh Pond Rd,Q
2025-05-05 14:00:00,110,14,Forest Av,Q
2025-05-05 14:00:00,111,14,Seneca Av,Q
2025-05-05 14:00:00,113,15,Knickerbocker Av,B
2025-05-05 14:00:00,114,14,Central Av,B
2025-05-05 14:00:00,118,24,3 Av,M
2025-05-05 14:00:00,119,24,1 Av,M
2025-05-05 14:00:00,120,24,Bedford Av,B
2025-05-05 14:00:00,122,24,Graham Av,B
2025-05-05 14:00:00,123,24,Grand St,B
2025-05-05 14:00:00,124,24,Montrose Av,B
2025-05-05 14:00:00,125,24,Morgan Av,B
2025-05-05 14:00:00,126,24,Jefferson St,B
2025-05-05 14:00:00,127,24,DeKalb Av,B
2025-05-05 14:00:00,129,24,Halsey St,B
2025-05-05 14:00:00,130,24,Wilson Av,B
2025-05-05 14:00:00,131,24,Bushwick Av-Aberdeen St,B
2025-05-05 14:00:00,133,24,Atlantic Av,B
2025-05-05 14:00:00,134,25,Sutter Av,B
2025-05-05 14:00:00,135,24,Livonia Av,B
2025-05-05 14:00:00,136,24,New Lots Av,B
2025-05-05 14:00:00,137,25,East 105 St,B
2025-05-05 14:00:00,138,12,Canarsie-Rockaway Pkwy,B
2025-05-05 14:00:00,141,12,Park Pl,B
2025-05-05 14:00:00,143,8,Inwood-207 St,M
2025-05-05 14:00:00,144,16,Dyckman St,M
2025-05-05 14:00:00,145,15,190 St,M
2025-05-05 14:00:00,146,15,181 St,M
2025-05-05 14:00:00,147,16,175 St,M
2025-05-05 14:00:00,149,13,163 St-Amsterdam Av,M
2025-05-05 14:00:00,150,14,155 St,M
2025-05-05 14:00:00,152,27,135 St,M
2025-05-05 14:00:00,153,59,125 St,M
2025-05-05 14:00:00,154,29,116 St,M
2025-05-05 14:00:00,155,30,Cathedral Pkwy (110 St),M
2025-05-05 14:00:00,156,30,103 St,M
2025-05-05 14:00:00,157,29,96 St,M
2025-05-05 14:00:00,158,28,86 St,M
2025-05-05 14:00:00,159,29,81 St-Museum of Natural History,M
2025-05-05 14:00:00,160,31,72 St,M
2025-05-05 14:00:00,162,33,50 St,M
2025-05-05 14:00:00,164,48,34 St-Penn Station,M
2025-05-05 14:00:00,165,33,23 St,M
2025-05-05 14:00:00,168,33,Spring St,M
2025-05-05 14:00:00,169,50,Canal St,M
2025-05-05 14:00:00,173,30,High St,B
2025-05-05 14:00:00,175,47,Hoyt-Schermerhorn Sts,B
2025-05-05 14:00:00,176,15,Lafayette Av,B
2025-05-05 14:00:00,177,15,Clinton-Washington Avs,B
2025-05-05 14:00:00,179,31,Nostrand Av,B
2025-05-05 14:00:00,180,16,Kingston-Throop Avs,B
2025-05-05 14:00:00,181,32,Utica Av,B
2025-05-05 14:00:00,182,14,Ralph Av,B
2025-05-05 14:00:00,183,14,Rockaway Av,B
2025-05-05 14:00:00,185,15,Liberty Av,B
2025-05-05 14:00:00,186,14,Van Siclen Av,B
2025-05-05 14:00:00,187,14,Shepherd Av,B
2025-05-05 14:00:00,188,24,Euclid Av,B
2025-05-05 14:00:00,189,16,Grant Av,B
2025-05-05 14:00:00,190,16,80 St,Q
2025-05-05 14:00:00,191,16,88 St,Q
2025-05-05 14:00:00,192,16,Rockaway Blvd,Q
2025-05-05 14:00:00,193,7,104 St,Q
2025-05-05 14:00:00,194,8,111 St,Q
2025-05-05 14:00:00,195,4,Ozone Park-Lefferts Blvd,Q
2025-05-05 14:00:00,196,4,Aqueduct Racetrack,Q
2025-05-05 14:00:00,197,8,Aqueduct-N Conduit Av,Q
2025-05-05 14:00:00,198,4,Howard Beach-JFK Airport,Q
2025-05-05 14:00:00,200,8,Beach 90 St,Q
2025-05-05 14:00:00,201,8,Beach 98 St,Q
2025-05-05 14:00:00,202,8,Beach 105 St,Q
2025-05-05 14:00:00,203,4,Rockaway Park-Beach 116 St,Q
2025-05-05 14:00:00,204,8,Beach 67 St,Q
2025-05-05 14:00:00,205,8,Beach 60 St,Q
2025-05-05 14:00:00,206,8,Beach 44 St,Q
2025-05-05 14:00:00,207,8,Beach 36 St,Q
2025-05-05 14:00:00,208,8,Beach 25 St,Q
2025-05-05 14:00:00,209,4,Far Rockaway-Mott Av,Q
2025-05-05 14:00:00,210,8,Norwood-205 St,Bx
2025-05-05 14:00:00,211,20,Bedford Park Blvd,Bx
2025-05-05 14:00:00,212,23,Kingsbridge Rd,Bx
2025-05-05 14:00:00,213,22,Fordham Rd,Bx
2025-05-05 14:00:00,214,22,182-183 Sts,Bx
2025-05-05 14:00:00,215,22,Tremont Av,Bx
2025-05-05 14:00:00,216,24,174-175 Sts,Bx
2025-05-05 14:00:00,217,23,170 St,Bx
2025-05-05 14:00:00,218,23,167 St,Bx
2025-05-05 14:00:00,220,24,155 St,M
2025-05-05 14:00:00,221,18,21 St-Queensbridge,Q
2025-05-05 14:00:00,222,17,Roosevelt Island,M
2025-05-05 14:00:00,223,33,Lexington Av/63 St,M
2025-05-05 14:00:00,224,18,57 St,M
2025-05-05 14:00:00,225,63,47-50 Sts-Rockefeller Ctr,M
2025-05-05 14:00:00,228,31,23 St,M
2025-05-05 14:00:00,231,30,Grand St,M
2025-05-05 14:00:00,232,18,2 Av,M
2025-05-05 14:00:00,234,18,East Broadway,M
2025-05-05 14:00:00,235,18,York St,B
2025-05-05 14:00:00,236,33,Bergen St,B
2025-05-05 14:00:00,237,32,Carroll St,B
2025-05-05 14:00:00,238,34,Smith-9 Sts,B
2025-05-05 14:00:00,240,34,7 Av,B
2025-05-05 14:00:00,241,33,15 St-Prospect Park,B
2025-05-05 14:00:00,242,34,Fort Hamilton Pkwy,B
2025-05-05 14:00:00,243,26,Church Av,B
2025-05-05 14:00:00,244,17,Ditmas Av,B
2025-05-05 14:00:00,245,19,18 Av,B
2025-05-05 14:00:00,246,19,Avenue I,B
2025-05-05 14:00:00,247,19,Bay Pkwy,B
2025-05-05 14:00:00,248,18,Avenue N,B
2025-05-05 14:00:00,249,18,Avenue P,B
2025-05-05 14:00:00,250,17,Kings Hwy,B
2025-05-05 14:00:00,251,16,Avenue U,B
2025-05-05 14:00:00,252,16,Avenue X,B
2025-05-05 14:00:00,253,16,Neptune Av,B
2025-05-05 14:00:00,254,8,Jamaica-179 St,Q
2025-05-05 14:00:00,255,18,169 St,Q
2025-05-05 14:00:00,256,17,Parsons Blvd,Q
2025-05-05 14:00:00,257,17,Sutphin Blvd,Q
2025-05-05 14:00:00,258,17,Briarwood,Q
2025-05-05 14:00:00,259,36,Kew Gardens-Union Tpke,Q
2025-05-05 14:00:00,260,17,75 Av,Q
2025-05-05 14:00:00,261,49,Forest Hills-71 Av,Q
2025-05-05 14:00:00,262,31,67 Av,Q
2025-05-05 14:00:00,263,31,63 Dr-Rego Park,Q
2025-05-05 14:00:00,264,31,Woodhaven Blvd,Q
2025-05-05 14:00:00,265,31,Grand Av-Newtown,Q
2025-05-05 14:00:00,266,32,Elmhurst Av,Q
2025-05-05 14:00:00,268,31,65 St,Q
2025-05-05 14:00:00,269,31,Northern Blvd,Q
2025-05-05 14:00:00,270,30,46 St,Q
2025-05-05 14:00:00,271,31,Steinway St,Q
2025-05-05 14:00:00,272,30,36 St,Q
2025-05-05 14:00:00,273,49,Queens Plaza,Q
2025-05-05 14:00:00,276,33,5 Av/53 St,M
2025-05-05 14:00:00,277,48,7 Av,M
2025-05-05 14:00:00,278,17,Jamaica Center-Parsons/Archer,Q
2025-05-05 14:00:00,279,33,Sutphin Blvd-Archer Av-JFK Airport,Q
2025-05-05 14:00:00,280,19,Jamaica-Van Wyck,Q
2025-05-05 14:00:00,282,16,21 St,Q
2025-05-05 14:00:00,283,15,Greenpoint Av,B
2025-05-05 14:00:00,284,14,Nassau Av,B
2025-05-05 14:00:00,286,16,Broadway,B
2025-05-05 14:00:00,287,16,Flushing Av,B
2025-05-05 14:00:00,288,15,Myrtle-Willoughby Avs,B
2025-05-05 14:00:00,289,14,Bedford-Nostrand Avs,B
2025-05-05 14:00:00,290,14,Classon Av,B
2025-05-05 14:00:00,291,15,Clinton-Washington Avs,B
2025-05-05 14:00:00,292,16,Fulton St,B
2025-05-05 14:00:00,293,11,Van Cortlandt Park-242 St,Bx
2025-05-05 14:00:00,294,21,238 St,Bx
2025-05-05 14:00:00,295,20,231 St,Bx
2025-05-05 14:00:00,296,20,Marble Hill-225 St,M
2025-05-05 14:00:00,297,21,215 St,M
2025-05-05 14:00:00,298,20,207 St,M
2025-05-05 14:00:00,299,20,Dyckman St,M
2025-05-05 14:00:00,300,20,191 St,M
2025-05-05 14:00:00,301,20,181 St,M
2025-05-05 14:00:00,303,20,157 St,M
2025-05-05 14:00:00,304,20,145 St,M
2025-05-05 14:00:00,305,20,137 St-City College,M
2025-05-05 14:00:00,306,20,125 St,M
2025-05-05 14:00:00,307,20,116 St-Columbia University,M
2025-05-05 14:00:00,308,20,Cathedral Pkwy (110 St),M
2025-05-05 14:00:00,309,20,103 St,M
2025-05-05 14:00:00,310,50,96 St,M
2025-05-05 14:00:00,311,20,86 St,M
2025-05-05 14:00:00,312,20,79 St,M
2025-05-05 14:00:00,313,50,72 St,M
2025-05-05 14:00:00,314,20,66 St-Lincoln Center,M
2025-05-05 14:00:00,316,20,50 St,M
2025-05-05 14:00:00,318,50,34 St-Penn Station,M
2025-05-05 14:00:00,319,20,28 St,M
2025-05-05 14:00:00,320,20,23 St,M
2025-05-05 14:00:00,321,20,18 St,M
2025-05-05 14:00:00,323,20,Christopher St-Stonewall,M
2025-05-05 14:00:00,324,20,Houston St,M
2025-05-05 14:00:00,325,20,Canal St,M
2025-05-05 14:00:00,326,20,Franklin St,M
2025-05-05 14:00:00,327,50,Chambers St,M
2025-05-05 14:00:00,328,20,WTC Cortlandt,M
2025-05-05 14:00:00,329,20,Rector St,M
2025-05-05 14:00:00,333,30,Wall St,M
2025-05-05 14:00:00,334,30,Clark St,B
2025-05-05 14:00:00,336,30,Hoyt St,B
2025-05-05 14:00:00,337,60,Nevins St,B
2025-05-05 14:00:00,339,30,Bergen St,B
2025-05-05 14:00:00,340,28,Grand Army Plaza,B
2025-05-05 14:00:00,341,30,Eastern Pkwy-Brooklyn Museum,B
2025-05-05 14:00:00,343,15,Nostrand Av,B
2025-05-05 14:00:00,344,15,Kingston Av,B
2025-05-05 14:00:00,345,24,Crown Hts-Utica Av,B
2025-05-05 14:00:00,346,16,Sutter Av-Rutland Rd,B
2025-05-05 14:00:00,347,14,Saratoga Av,B
2025-05-05 14:00:00,348,15,Rockaway Av,B
2025-05-05 14:00:00,349,15,Junius St,B
2025-05-05 14:00:00,350,16,Pennsylvania Av,B
2025-05-05 14:00:00,351,16,Van Siclen Av,B
2025-05-05 14:00:00,352,7,New Lots Av,B
2025-05-05 14:00:00,353,30,President St-Medgar Evers College,B
2025-05-05 14:00:00,354,30,Sterling St,B
2025-05-05 14:00:00,355,30,Winthrop St,B
2025-05-05 14:00:00,356,30,Church Av,B
2025-05-05 14:00:00,357,30,Beverly Rd,B
2025-05-05 14:00:00,358,29,Newkirk Av-Little Haiti,B
2025-05-05 14:00:00,359,14,Flatbush Av-Brooklyn College,B
2025-05-05 14:00:00,360,7,Pelham Bay Park,Bx
2025-05-05 14:00:00,361,15,Buhre Av,Bx
2025-05-05 14:00:00,362,15,Middletown Rd,Bx
2025-05-05 14:00:00,363,15,Westchester Sq-E Tremont Av,Bx
2025-05-05 14:00:00,364,15,Zerega Av,Bx
2025-05-05 14:00:00,365,15,Castle Hill Av,Bx
2025-05-05 14:00:00,366,22,Parkchester,Bx
2025-05-05 14:00:00,367,21,St Lawrence Av,Bx
2025-05-05 14:00:00,368,22,Morrison Av-Soundview,Bx
2025-05-05 14:00:00,369,23,Elder Av,Bx
2025-05-05 14:00:00,370,22,Whitlock Av,Bx
2025-05-05 14:00:00,371,28,Hunts Point Av,Bx
2025-05-05 14:00:00,372,23,Longwood Av,Bx
2025-05-05 14:00:00,373,22,E 149 St,Bx
2025-05-05 14:00:00,374,22,E 143 St-St Mary's St,Bx
2025-05-05 14:00:00,375,22,Cypress Av,Bx
2025-05-05 14:00:00,376,21,Brook Av,Bx
2025-05-05 14:00:00,377,30,3 Av-138 St,Bx
2025-05-05 14:00:00,378,7,Woodlawn,Bx
2025-05-05 14:00:00,379,14,Mosholu Pkwy,Bx
2025-05-05 14:00:00,380,16,Bedford Park Blvd-Lehman College,Bx
2025-05-05 14:00:00,381,17,Kingsbridge Rd,Bx
2025-05-05 14:00:00,382,16,Fordham Rd,Bx
2025-05-05 14:00:00,383,15,183 St,Bx
2025-05-05 14:00:00,384,16,Burnside Av,Bx
2025-05-05 14:00:00,385,18,176 St,Bx
2025-05-05 14:00:00,386,17,Mt Eden Av,Bx
2025-05-05 14:00:00,387,16,170 St,Bx
2025-05-05 14:00:00,388,16,167 St,Bx
2025-05-05 14:00:00,391,32,138 St-Grand Concourse,Bx
2025-05-05 14:00:00,392,62,125 St,M
2025-05-05 14:00:00,393,30,116 St,M
2025-05-05 14:00:00,394,29,110 St,M
2025-05-05 14:00:00,395,30,103 St,M
2025-05-05 14:00:00,396,30,96 St,M
2025-05-05 14:00:00,397,62,86 St,M
2025-05-05 14:00:00,398,30,77 St,M
2025-05-05 14:00:00,399,29,68 St-Hunter College,M
2025-05-05 14:00:00,403,29,33 St,M
2025-05-05 14:00:00,404,30,28 St,M
2025-05-05 14:00:00,405,30,23 St-Baruch College,M
2025-05-05 14:00:00,407,30,Astor Pl,M
2025-05-05 14:00:00,409,29,Spring St,M
2025-05-05 14:00:00,413,31,Wall St,M
2025-05-05 14:00:00,414,31,Bowling Green,M
2025-05-05 14:00:00,416,7,Wakefield-241 St,Bx
2025-05-05 14:00:00,417,14,Nereid Av,Bx
2025-05-05 14:00:00,418,13,233 St,Bx
2025-05-05 14:00:00,419,15,225 St,Bx
2025-05-05 14:00:00,420,15,219 St,Bx
2025-05-05 14:00:00,421,15,Gun Hill Rd,Bx
2025-05-05 14:00:00,422,14,Burke Av,Bx
2025-05-05 14:00:00,423,13,Allerton Av,Bx
2025-05-05 14:00:00,424,15,Pelham Pkwy,Bx
2025-05-05 14:00:00,425,15,Bronx Park East,Bx
2025-05-05 14:00:00,426,31,E 180 St,Bx
2025-05-05 14:00:00,427,31,West Farms Sq-E Tremont Av,Bx
2025-05-05 14:00:00,428,32,174 St,Bx
2025-05-05 14:00:00,429,31,Freeman St,Bx
2025-05-05 14:00:00,430,29,Simpson St,Bx
2025-05-05 14:00:00,431,30,Intervale Av,Bx
2025-05-05 14:00:00,432,31,Prospect Av,Bx
2025-05-05 14:00:00,433,31,Jackson Av,Bx
2025-05-05 14:00:00,434,30,3 Av-149 St,Bx
2025-05-05 14:00:00,436,7,Harlem-148 St,M
2025-05-05 14:00:00,437,15,145 St,M
2025-05-05 14:00:00,438,30,135 St,M
2025-05-05 14:00:00,439,29,125 St,M
2025-05-05 14:00:00,440,30,116 St,M
2025-05-05 14:00:00,441,30,110 St-Malcolm X Plaza,M
2025-05-05 14:00:00,442,8,Eastchester-Dyre Av,Bx
2025-05-05 14:00:00,443,16,Baychester Av,Bx
2025-05-05 14:00:00,444,17,Gun Hill Rd,Bx
2025-05-05 14:00:00,445,16,Pelham Pkwy,Bx
2025-05-05 14:00:00,446,15,Morris Park,Bx
2025-05-05 14:00:00,447,12,Flushing-Main St,Q
2025-05-05 14:00:00,448,24,Mets-Willets Point,Q
2025-05-05 14:00:00,449,24,111 St,Q
2025-05-05 14:00:00,450,24,103 St-Corona Plaza,Q
2025-05-05 14:00:00,451,24,Junction Blvd,Q
2025-05-05 14:00:00,452,24,90 St-Elmhurst Av,Q
2025-05-05 14:00:00,453,24,82 St-Jackson Hts,Q
2025-05-05 14:00:00,455,24,69 St,Q
2025-05-05 14:00:00,456,24,61 St-Woodside,Q
2025-05-05 14:00:00,457,24,61 St-Woodside,Q
2025-05-05 14:00:00,458,24,61 St-Woodside,Q
2025-05-05 14:00:00,459,24,61 St-Woodside,Q
2025-05-05 14:00:00,460,26,61 St-Woodside,Q
2025-05-05 14:00:00,461,24,61 St-Woodside,Q
2025-05-05 14:00:00,463,25,Hunters Point Av,Q
2025-05-05 14:00:00,464,24,Vernon Blvd-Jackson Av,Q
2025-05-05 14:00:00,471,12,34 St-Hudson Yards,M
2025-05-05 14:00:00,475,7,96 St,M
2025-05-05 14:00:00,476,15,86 St,M
2025-05-05 14:00:00,477,16,72 St,M
2025-05-05 14:00:00,501,2,St George,SI
2025-05-05 14:00:00,502,4,Tompkinsville,SI
2025-05-05 14:00:00,503,4,Stapleton,SI
2025-05-05 14:00:00,504,4,Clifton,SI
2025-05-05 14:00:00,505,4,Grasmere,SI
2025-05-05 14:00:00,506,4,Old Town,SI
2025-05-05 14:00:00,507,4,Dongan Hills,SI
2025-05-05 14:00:00,508,4,Jefferson Av,SI
2025-05-05 14:00:00,509,4,Grant City,SI
2025-05-05 14:00:00,510,4,New Dorp,SI
2025-05-05 14:00:00,511,4,Oakwood Heights,SI
2025-05-05 14:00:00,512,4,Bay Terrace,SI
2025-05-05 14:00:00,513,4,Great Kills,SI
2025-05-05 14:00:00,514,4,Eltingville,SI
2025-05-05 14:00:00,515,4,Annadale,SI
2025-05-05 14:00:00,516,4,Huguenot,SI
2025-05-05 14:00:00,517,4,Prince's Bay,SI
2025-05-05 14:00:00,518,4,Pleasant Plains,SI
2025-05-05 14:00:00,519,4,Richmond Valley,SI
2025-05-05 14:00:00,522,3,Tottenville,SI
2025-05-05 14:00:00,523,4,Arthur Kill,SI
2025-05-05 14:00:00,601,107,14 St/6 Av,M
2025-05-05 14:00:00,602,122,34 St-Herald Sq,M
2025-05-05 14:00:00,603,16,149 St-Grand Concourse,Bx
2025-05-05 14:00:00,604,40,161 St-Yankee Stadium,Bx
2025-05-05 14:00:00,605,42,168 St-Washington Hts,M
2025-05-05 14:00:00,606,66,Court Sq-23 St,Q
2025-05-05 14:00:00,607,124,34 St-Herald Sq,M
2025-05-05 14:00:00,608,48,4 Av-9 St,B
2025-05-05 14:00:00,609,87,42 St-Bryant Pk/5 Av,M
2025-05-05 14:00:00,610,98,Grand Central-42 St,M
2025-05-05 14:00:00,611,168,Times Sq-42 St/Port Authority Bus Terminal,M
2025-05-05 14:00:00,612,62,Lexington Av/51-53 Sts,M
2025-05-05 14:00:00,613,104,Lexington Av/59 St,M
2025-05-05 14:00:00,614,80,59 St-Columbus Circle,M
2025-05-05 14:00:00,615,31,62 St/New Utrecht Av,B
2025-05-05 14:00:00,616,88,Jackson Hts-Roosevelt Av/74 St-Broadway,Q
2025-05-05 14:00:00,617,137,Atlantic Av-Barclays Ctr,B
2025-05-05 14:00:00,618,61,14 St/8 Av,M
2025-05-05 14:00:00,619,94,Broadway-Lafayette St/Bleecker St,M
2025-05-05 14:00:00,620,75,Borough Hall/Court St,B
2025-05-05 14:00:00,621,32,Broadway Junction,B
2025-05-05 14:00:00,622,60,Brooklyn Bridge-City Hall/Chambers St,M
2025-05-05 14:00:00,623,72,Canal St,M
2025-05-05 14:00:00,624,96,Chambers St/WTC/Park Place/Cortlandt St,M
2025-05-05 14:00:00,625,49,Delancey St-Essex St,M
2025-05-05 14:00:00,626,74,Franklin Av-Medgar Evers College/Botanic Garden,B
2025-05-05 14:00:00,627,20,Franklin Av,B
2025-05-05 14:00:00,628,75,Fulton St,M
2025-05-05 14:00:00,629,40,Metropolitan Av/Lorimer St,B
2025-05-05 14:00:00,630,24,Myrtle-Wyckoff Avs,Q
2025-05-05 14:00:00,635,30,Whitehall St-South Ferry,M
2025-05-05 14:00:00,636,63,Jay St-MetroTech,B
2025-05-05 15:00:00,1,13,Astoria-Ditmars Blvd,Q
2025-05-05 15:00:00,2,27,Astoria Blvd,Q
2025-05-05 15:00:00,3,27,30 Av,Q
2025-05-05 15:00:00,4,27,Broadway,Q
2025-05-05 15:00:00,5,26,36 Av,Q
2025-05-05 15:00:00,6,27,39 Av-Dutch Kills,Q
2025-05-05 15:00:00,8,42,5 Av/59 St,M
2025-05-05 15:00:00,9,57,57 St-7 Av,M
2025-05-05 15:00:00,10,40,49 St,M
2025-05-05 15:00:00,13,29,28 St,M
2025-05-05 15:00:00,14,28,23 St,M
2025-05-05 15:00:00,16,27,8 St-NYU,M
2025-05-05 15:00:00,17,28,Prince St,M
2025-05-05 15:00:00,20,28,City Hall,M
2025-05-05 15:00:00,22,29,Rector St,M
2025-05-05 15:00:00,26,47,DeKalb Av,B
2025-05-05 15:00:00,28,17,Union St,B
2025-05-05 15:00:00,30,18,Prospect Av,B
2025-05-05 15:00:00,31,17,25 St,B
2025-05-05 15:00:00,32,48,36 St,B
2025-05-05 15:00:00,33,16,45 St,B
2025-05-05 15:00:00,34,16,53 St,B
2025-05-05 15:00:00,35,30,59 St,B
2025-05-05 15:00:00,36,15,Bay Ridge Av,B
2025-05-05 15:00:00,37,14,77 St,B
2025-05-05 15:00:00,38,16,86 St,B
2025-05-05 15:00:00,39,7,Bay Ridge-95 St,B
2025-05-05 15:00:00,41,30,7 Av,B
2025-05-05 15:00:00,42,35,Prospect Park,B
2025-05-05 15:00:00,43,14,Parkside Av,B
2025-05-05 15:00:00,44,28,Church Av,B
2025-05-05 15:00:00,45,14,Beverley Rd,B
2025-05-05 15:00:00,46,14,Cortelyou Rd,B
2025-05-05 15:00:00,47,30,Newkirk Plaza,B
2025-05-05 15:00:00,48,15,Avenue H,B
2025-05-05 15:00:00,49,15,Avenue J,B
2025-05-05 15:00:00,50,15,Avenue M,B
2025-05-05 15:00:00,51,29,Kings Hwy,B
2025-05-05 15:00:00,52,16,Avenue U,B
2025-05-05 15:00:00,53,15,Neck Rd,B
2025-05-05 15:00:00,54,29,Sheepshead Bay,B
2025-05-05 15:00:00,55,22,Brighton Beach,B
2025-05-05 15:00:00,56,15,Ocean Pkwy,B
2025-05-05 15:00:00,57,31,W 8 St-NY Aquarium,B
2025-05-05 15:00:00,58,32,Coney Island-Stillwell Av,B
2025-05-05 15:00:00,59,16,9 Av,B
2025-05-05 15:00:00,60,17,Fort Hamilton Pkwy,B
2025-05-05 15:00:00,61,17,50 St,B
2025-05-05 15:00:00,62,16,55 St,B
2025-05-05 15:00:00,64,16,71 St,B
2025-05-05 15:00:00,65,16,79 St,B
2025-05-05 15:00:00,66,15,18 Av,B
2025-05-05 15:00:00,67,15,20 Av,B
2025-05-05 15:00:00,68,15,Bay Pkwy,B
2025-05-05 15:00:00,69,16,25 Av,B
2025-05-05 15:00:00,70,16,Bay 50 St,B
2025-05-05 15:00:00,71,15,8 Av,B
2025-05-05 15:00:00,72,16,Fort Hamilton Pkwy,B
2025-05-05 15:00:00,74,15,18 Av,B
2025-05-05 15:00:00,75,16,20 Av,B
2025-05-05 15:00:00,76,16,Bay Pkwy,B
2025-05-05 15:00:00,77,16,Kings Hwy,B
2025-05-05 15:00:00,78,17,Avenue U,B
2025-05-05 15:00:00,79,17,86 St,B
2025-05-05 15:00:00,80,16,121 St,Q
2025-05-05 15:00:00,81,15,111 St,Q
2025-05-05 15:00:00,82,14,104 St,Q
2025-05-05 15:00:00,83,16,Woodhaven Blvd,Q
2025-05-05 15:00:00,84,16,85 St-Forest Pkwy,Q
2025-05-05 15:00:00,85,16,75 St-Elderts Ln,Q
2025-05-05 15:00:00,86,14,Cypress Hills,B
2025-05-05 15:00:00,87,16,Crescent St,B
2025-05-05 15:00:00,88,16,Norwood Av,B
2025-05-05 15:00:00,89,16,Cleveland St,B
2025-05-05 15:00:00,90,16,Van Siclen Av,B
2025-05-05 15:00:00,91,14,Alabama Av,B
2025-05-05 15:00:00,93,16,Chauncey St,B
2025-05-05 15:00:00,94,15,Halsey St,B
2025-05-05 15:00:00,95,14,Gates Av,B
2025-05-05 15:00:00,96,14,Kosciuszko St,B
2025-05-05 15:00:00,97,31,Myrtle Av,B
2025-05-05 15:00:00,98,23,Flushing Av,B
2025-05-05 15:00:00,99,23,Lorimer St,B
2025-05-05 15:00:00,100,22,Hewes St,B
2025-05-05 15:00:00,101,30,Marcy Av,B
2025-05-05 15:00:00,103,14,Bowery,M
2025-05-05 15:00:00,107,8,Broad St,M
2025-05-05 15:00:00,108,7,Middle Village-Metropolitan Av,Q
2025-05-05 15:00:00,109,14,Fresh Pond Rd,Q
2025-05-05 15:00:00,110,16,Forest Av,Q
2025-05-05 15:00:00,111,16,Seneca Av,Q
2025-05-05 15:00:00,113,14,Knickerbocker Av,B
2025-05-05 15:00:00,114,16,Central Av,B
2025-05-05 15:00:00,118,24,3 Av,M
2025-05-05 15:00:00,119,24,1 Av,M
2025-05-05 15:00:00,120,24,Bedford Av,B
2025-05-05 15:00:00,122,24,Graham Av,B
2025-05-05 15:00:00,123,24,Grand St,B
2025-05-05 15:00:00,124,24,Montrose Av,B
2025-05-05 15:00:00,125,24,Morgan Av,B
2025-05-05 15:00:00,126,23,Jefferson St,B
2025-05-05 15:00:00,127,24,DeKalb Av,B
2025-05-05 15:00:00,129,23,Halsey St,B
2025-05-05 15:00:00,130,24,Wilson Av,B
2025-05-05 15:00:00,131,23,Bushwick Av-Aberdeen St,B
2025-05-05 15:00:00,133,24,Atlantic Av,B
2025-05-05 15:00:00,134,23,Sutter Av,B
2025-05-05 15:00:00,135,24,Livonia Av,B
2025-05-05 15:00:00,136,24,New Lots Av,B
2025-05-05 15:00:00,137,22,East 105 St,B
2025-05-05 15:00:00,138,12,Canarsie-Rockaway Pkwy,B
2025-05-05 15:00:00,141,12,Park Pl,B
2025-05-05 15:00:00,143,8,Inwood-207 St,M
2025-05-05 15:00:00,144,16,Dyckman St,M
2025-05-05 15:00:00,145,16,190 St,M
2025-05-05 15:00:00,146,16,181 St,M
2025-05-05 15:00:00,147,16,175 St,M
2025-05-05 15:00:00,149,14,163 St-Amsterdam Av,M
2025-05-05 15:00:00,150,14,155 St,M
2025-05-05 15:00:00,152,31,135 St,M
2025-05-05 15:00:00,153,62,125 St,M
2025-05-05 15:00:00,154,28,116 St,M
2025-05-05 15:00:00,155,28,Cathedral Pkwy (110 St),M
2025-05-05 15:00:00,156,29,103 St,M
2025-05-05 15:00:00,157,28,96 St,M
2025-05-05 15:00:00,158,28,86 St,M
2025-05-05 15:00:00,159,27,81 St-Museum of Natural History,M
2025-05-05 15:00:00,160,27,72 St,M
2025-05-05 15:00:00,162,33,50 St,M
2025-05-05 15:00:00,164,51,34 St-Penn Station,M
2025-05-05 15:00:00,165,34,23 St,M
2025-05-05 15:00:00,168,32,Spring St,M
2025-05-05 15:00:00,169,48,Canal St,M
2025-05-05 15:00:00,173,28,High St,B
2025-05-05 15:00:00,175,41,Hoyt-Schermerhorn Sts,B
2025-05-05 15:00:00,176,12,Lafayette Av,B
2025-05-05 15:00:00,177,12,Clinton-Washington Avs,B
2025-05-05 15:00:00,179,28,Nostrand Av,B
2025-05-05 15:00:00,180,12,Kingston-Throop Avs,B
2025-05-05 15:00:00,181,28,Utica Av,B
2025-05-05 15:00:00,182,12,Ralph Av,B
2025-05-05 15:00:00,183,13,Rockaway Av,B
2025-05-05 15:00:00,185,12,Liberty Av,B
2025-05-05 15:00:00,186,12,Van Siclen Av,B
2025-05-05 15:00:00,187,12,Shepherd Av,B
2025-05-05 15:00:00,188,20,Euclid Av,B
2025-05-05 15:00:00,189,16,Grant Av,B
2025-05-05 15:00:00,190,17,80 St,Q
2025-05-05 15:00:00,191,17,88 St,Q
2025-05-05 15:00:00,192,17,Rockaway Blvd,Q
2025-05-05 15:00:00,193,9,104 St,Q
2025-05-05 15:00:00,194,8,111 St,Q
2025-05-05 15:00:00,195,5,Ozone Park-Lefferts Blvd,Q
2025-05-05 15:00:00,196,4,Aqueduct Racetrack,Q
2025-05-05 15:00:00,197,8,Aqueduct-N Conduit Av,Q
2025-05-05 15:00:00,198,4,Howard Beach-JFK Airport,Q
2025-05-05 15:00:00,200,8,Beach 90 St,Q
2025-05-05 15:00:00,201,8,Beach 98 St,Q
2025-05-05 15:00:00,202,8,Beach 105 St,Q
2025-05-05 15:00:00,203,4,Rockaway Park-Beach 116 St,Q
2025-05-05 15:00:00,204,8,Beach 67 St,Q
2025-05-05 15:00:00,205,8,Beach 60 St,Q
2025-05-05 15:00:00,206,8,Beach 44 St,Q
2025-05-05 15:00:00,207,8,Beach 36 St,Q
2025-05-05 15:00:00,208,8,Beach 25 St,Q
2025-05-05 15:00:00,209,4,Far Rockaway-Mott Av,Q
2025-05-05 15:00:00,210,8,Norwood-205 St,Bx
2025-05-05 15:00:00,211,19,Bedford Park Blvd,Bx
2025-05-05 15:00:00,212,22,Kingsbridge Rd,Bx
2025-05-05 15:00:00,213,24,Fordham Rd,Bx
2025-05-05 15:00:00,214,24,182-183 Sts,Bx
2025-05-05 15:00:00,215,23,Tremont Av,Bx
2025-05-05 15:00:00,216,22,174-175 Sts,Bx
2025-05-05 15:00:00,217,22,170 St,Bx
2025-05-05 15:00:00,218,24,167 St,Bx
2025-05-05 15:00:00,220,23,155 St,M
2025-05-05 15:00:00,221,19,21 St-Queensbridge,Q
2025-05-05 15:00:00,222,18,Roosevelt Island,M
2025-05-05 15:00:00,223,35,Lexington Av/63 St,M
2025-05-05 15:00:00,224,19,57 St,M
2025-05-05 15:00:00,225,62,47-50 Sts-Rockefeller Ctr,M
2025-05-05 15:00:00,228,34,23 St,M
2025-05-05 15:00:00,231,31,Grand St,M
2025-05-05 15:00:00,232,18,2 Av,M
2025-05-05 15:00:00,234,19,East Broadway,M
2025-05-05 15:00:00,235,18,York St,B
2025-05-05 15:00:00,236,32,Bergen St,B
2025-05-05 15:00:00,237,33,Carroll St,B
2025-05-05 15:00:00,238,33,Smith-9 Sts,B
2025-05-05 15:00:00,240,33,7 Av,B
2025-05-05 15:00:00,241,33,15 St-Prospect Park,B
2025-05-05 15:00:00,242,34,Fort Hamilton Pkwy,B
2025-05-05 15:00:00,243,27,Church Av,B
2025-05-05 15:00:00,244,19,Ditmas Av,B
2025-05-05 15:00:00,245,18,18 Av,B
2025-05-05 15:00:00,246,19,Avenue I,B
2025-05-05 15:00:00,247,19,Bay Pkwy,B
2025-05-05 15:00:00,248,20,Avenue N,B
2025-05-05 15:00:00,249,19,Avenue P,B
2025-05-05 15:00:00,250,20,Kings Hwy,B
2025-05-05 15:00:00,251,16,Avenue U,B
2025-05-05 15:00:00,252,17,Avenue X,B
2025-05-05 15:00:00,253,17,Neptune Av,B
2025-05-05 15:00:00,254,9,Jamaica-179 St,Q
2025-05-05 15:00:00,255,19,169 St,Q
2025-05-05 15:00:00,256,20,Parsons Blvd,Q
2025-05-05 15:00:00,257,18,Sutphin Blvd,Q
2025-05-05 15:00:00,258,19,Briarwood,Q
2025-05-05 15:00:00,259,39,Kew Gardens-Union Tpke,Q
2025-05-05 15:00:00,260,18,75 Av,Q
2025-05-05 15:00:00,261,55,Forest Hills-71 Av,Q
2025-05-05 15:00:00,262,30,67 Av,Q
2025-05-05 15:00:00,263,30,63 Dr-Rego Park,Q
2025-05-05 15:00:00,264,29,Woodhaven Blvd,Q
2025-05-05 15:00:00,265,30,Grand Av-Newtown,Q
2025-05-05 15:00:00,266,30,Elmhurst Av,Q
2025-05-05 15:00:00,268,29,65 St,Q
2025-05-05 15:00:00,269,28,Northern Blvd,Q
2025-05-05 15:00:00,270,30,46 St,Q
2025-05-05 15:00:00,271,30,Steinway St,Q
2025-05-05 15:00:00,272,31,36 St,Q
2025-05-05 15:00:00,273,50,Queens Plaza,Q
2025-05-05 15:00:00,276,37,5 Av/53 St,M
2025-05-05 15:00:00,277,53,7 Av,M
2025-05-05 15:00:00,278,20,Jamaica Center-Parsons/Archer,Q
2025-05-05 15:00:00,279,36,Sutphin Blvd-Archer Av-JFK Airport,Q
2025-05-05 15:00:00,280,20,Jamaica-Van Wyck,Q
2025-05-05 15:00:00,282,14,21 St,Q
2025-05-05 15:00:00,283,16,Greenpoint Av,B
2025-05-05 15:00:00,284,16,Nassau Av,B
2025-05-05 15:00:00,286,14,Broadway,B
2025-05-05 15:00:00,287,14,Flushing Av,B
2025-05-05 15:00:00,288,15,Myrtle-Willoughby Avs,B
2025-05-05 15:00:00,289,16,Bedford-Nostrand Avs,B
2025-05-05 15:00:00,290,15,Classon Av,B
2025-05-05 15:00:00,291,15,Clinton-Washington Avs,B
2025-05-05 15:00:00,292,14,Fulton St,B
2025-05-05 15:00:00,293,11,Van Cortlandt Park-242 St,Bx
2025-05-05 15:00:00,294,23,238 St,Bx
2025-05-05 15:00:00,295,22,231 St,Bx
2025-05-05 15:00:00,296,22,Marble Hill-225 St,M
2025-05-05 15:00:00,297,22,215 St,M
2025-05-05 15:00:00,298,22,207 St,M
2025-05-05 15:00:00,299,22,Dyckman St,M
2025-05-05 15:00:00,300,22,191 St,M
2025-05-05 15:00:00,301,22,181 St,M
2025-05-05 15:00:00,303,22,157 St,M
2025-05-05 15:00:00,304,22,145 St,M
2025-05-05 15:00:00,305,22,137 St-City College,M
2025-05-05 15:00:00,306,22,125 St,M
2025-05-05 15:00:00,307,22,116 St-Columbia University,M
2025-05-05 15:00:00,308,22,Cathedral Pkwy (110 St),M
2025-05-05 15:00:00,309,22,103 St,M
2025-05-05 15:00:00,310,51,96 St,M
2025-05-05 15:00:00,311,22,86 St,M
2025-05-05 15:00:00,312,22,79 St,M
2025-05-05 15:00:00,313,51,72 St,M
2025-05-05 15:00:00,314,23,66 St-Lincoln Center,M
2025-05-05 15:00:00,316,22,50 St,M
2025-05-05 15:00:00,318,51,34 St-Penn Station,M
2025-05-05 15:00:00,319,22,28 St,M
2025-05-05 15:00:00,320,23,23 St,M
2025-05-05 15:00:00,321,22,18 St,M
2025-05-05 15:00:00,323,22,Christopher St-Stonewall,M
2025-05-05 15:00:00,324,23,Houston St,M
2025-05-05 15:00:00,325,22,Canal St,M
2025-05-05 15:00:00,326,22,Franklin St,M
2025-05-05 15:00:00,327,51,Chambers St,M
2025-05-05 15:00:00,328,22,WTC Cortlandt,M
2025-05-05 15:00:00,329,22,Rector St,M
2025-05-05 15:00:00,333,30,Wall St,M
2025-05-05 15:00:00,334,29,Clark St,B
2025-05-05 15:00:00,336,30,Hoyt St,B
2025-05-05 15:00:00,337,67,Nevins St,B
2025-05-05 15:00:00,339,30,Bergen St,B
2025-05-05 15:00:00,340,31,Grand Army Plaza,B
2025-05-05 15:00:00,341,30,Eastern Pkwy-Brooklyn Museum,B
2025-05-05 15:00:00,343,16,Nostrand Av,B
2025-05-05 15:00:00,344,16,Kingston Av,B
2025-05-05 15:00:00,345,28,Crown Hts-Utica Av,B
2025-05-05 15:00:00,346,16,Sutter Av-Rutland Rd,B
2025-05-05 15:00:00,347,17,Saratoga Av,B
2025-05-05 15:00:00,348,17,Rockaway Av,B
2025-05-05 15:00:00,349,17,Junius St,B
2025-05-05 15:00:00,350,16,Pennsylvania Av,B
2025-05-05 15:00:00,351,16,Van Siclen Av,B
2025-05-05 15:00:00,352,9,New Lots Av,B
2025-05-05 15:00:00,353,30,President St-Medgar Evers College,B
2025-05-05 15:00:00,354,30,Sterling St,B
2025-05-05 15:00:00,355,31,Winthrop St,B
2025-05-05 15:00:00,356,30,Church Av,B
2025-05-05 15:00:00,357,30,Beverly Rd,B
2025-05-05 15:00:00,358,31,Newkirk Av-Little Haiti,B
2025-05-05 15:00:00,359,16,Flatbush Av-Brooklyn College,B
2025-05-05 15:00:00,360,9,Pelham Bay Park,Bx
2025-05-05 15:00:00,361,18,Buhre Av,Bx
2025-05-05 15:00:00,362,17,Middletown Rd,Bx
2025-05-05 15:00:00,363,16,Westchester Sq-E Tremont Av,Bx
2025-05-05 15:00:00,364,17,Zerega Av,Bx
2025-05-05 15:00:00,365,16,Castle Hill Av,Bx
2025-05-05 15:00:00,366,26,Parkchester,Bx
2025-05-05 15:00:00,367,25,St Lawrence Av,Bx
2025-05-05 15:00:00,368,24,Morrison Av-Soundview,Bx
2025-05-05 15:00:00,369,23,Elder Av,Bx
2025-05-05 15:00:00,370,25,Whitlock Av,Bx
2025-05-05 15:00:00,371,32,Hunts Point Av,Bx
2025-05-05 15:00:00,372,23,Longwood Av,Bx
2025-05-05 15:00:00,373,23,E 149 St,Bx
2025-05-05 15:00:00,374,23,E 143 St-St Mary's St,Bx
2025-05-05 15:00:00,375,23,Cypress Av,Bx
2025-05-05 15:00:00,376,24,Brook Av,Bx
2025-05-05 15:00:00,377,30,3 Av-138 St,Bx
2025-05-05 15:00:00,378,8,Woodlawn,Bx
2025-05-05 15:00:00,379,16,Mosholu Pkwy,Bx
2025-05-05 15:00:00,380,19,Bedford Park Blvd-Lehman College,Bx
2025-05-05 15:00:00,381,18,Kingsbridge Rd,Bx
2025-05-05 15:00:00,382,19,Fordham Rd,Bx
2025-05-05 15:00:00,383,19,183 St,Bx
2025-05-05 15:00:00,384,18,Burnside Av,Bx
2025-05-05 15:00:00,385,18,176 St,Bx
2025-05-05 15:00:00,386,18,Mt Eden Av,Bx
2025-05-05 15:00:00,387,18,170 St,Bx
2025-05-05 15:00:00,388,18,167 St,Bx
2025-05-05 15:00:00,391,36,138 St-Grand Concourse,Bx
2025-05-05 15:00:00,392,65,125 St,M
2025-05-05 15:00:00,393,30,116 St,M
2025-05-05 15:00:00,394,30,110 St,M
2025-05-05 15:00:00,395,29,103 St,M
2025-05-05 15:00:00,396,30,96 St,M
2025-05-05 15:00:00,397,67,86 St,M
2025-05-05 15:00:00,398,29,77 St,M
2025-05-05 15:00:00,399,30,68 St-Hunter College,M
2025-05-05 15:00:00,403,30,33 St,M
2025-05-05 15:00:00,404,30,28 St,M
2025-05-05 15:00:00,405,29,23 St-Baruch College,M
2025-05-05 15:00:00,407,30,Astor Pl,M
2025-05-05 15:00:00,409,31,Spring St,M
2025-05-05 15:00:00,413,36,Wall St,M
2025-05-05 15:00:00,414,35,Bowling Green,M
2025-05-05 15:00:00,416,8,Wakefield-241 St,Bx
2025-05-05 15:00:00,417,17,Nereid Av,Bx
2025-05-05 15:00:00,418,17,233 St,Bx
2025-05-05 15:00:00,419,15,225 St,Bx
2025-05-05 15:00:00,420,15,219 St,Bx
2025-05-05 15:00:00,421,15,Gun Hill Rd,Bx
2025-05-05 15:00:00,422,16,Burke Av,Bx
2025-05-05 15:00:00,423,16,Allerton Av,Bx
2025-05-05 15:00:00,424,15,Pelham Pkwy,Bx
2025-05-05 15:00:00,425,15,Bronx Park East,Bx
2025-05-05 15:00:00,426,35,E 180 St,Bx
2025-05-05 15:00:00,427,34,West Farms Sq-E Tremont Av,Bx
2025-05-05 15:00:00,428,34,174 St,Bx
2025-05-05 15:00:00,429,35,Freeman St,Bx
2025-05-05 15:00:00,430,36,Simpson St,Bx
2025-05-05 15:00:00,431,34,Intervale Av,Bx
2025-05-05 15:00:00,432,33,Prospect Av,Bx
2025-05-05 15:00:00,433,32,Jackson Av,Bx
2025-05-05 15:00:00,434,33,3 Av-149 St,Bx
2025-05-05 15:00:00,436,7,Harlem-148 St,M
2025-05-05 15:00:00,437,14,145 St,M
2025-05-05 15:00:00,438,29,135 St,M
2025-05-05 15:00:00,439,29,125 St,M
2025-05-05 15:00:00,440,28,116 St,M
2025-05-05 15:00:00,441,29,110 St-Malcolm X Plaza,M
2025-05-05 15:00:00,442,10,Eastchester-Dyre Av,Bx
2025-05-05 15:00:00,443,17,Baychester Av,Bx
2025-05-05 15:00:00,444,16,Gun Hill Rd,Bx
2025-05-05 15:00:00,445,17,Pelham Pkwy,Bx
2025-05-05 15:00:00,446,18,Morris Park,Bx
2025-05-05 15:00:00,447,14,Flushing-Main St,Q
2025-05-05 15:00:00,448,27,Mets-Willets Point,Q
2025-05-05 15:00:00,449,23,111 St,Q
2025-05-05 15:00:00,450,22,103 St-Corona Plaza,Q
2025-05-05 15:00:00,451,28,Junction Blvd,Q
2025-05-05 15:00:00,452,21,90 St-Elmhurst Av,Q
2025-05-05 15:00:00,453,21,82 St-Jackson Hts,Q
2025-05-05 15:00:00,455,27,69 St,Q
2025-05-05 15:00:00,456,27,61 St-Woodside,Q
2025-05-05 15:00:00,457,27,61 St-Woodside,Q
2025-05-05 15:00:00,458,27,61 St-Woodside,Q
2025-05-05 15:00:00,459,28,61 St-Woodside,Q
2025-05-05 15:00:00,460,29,61 St-Woodside,Q
2025-05-05 15:00:00,461,27,61 St-Woodside,Q
2025-05-05 15:00:00,463,27,Hunters Point Av,Q
2025-05-05 15:00:00,464,28,Vernon Blvd-Jackson Av,Q
2025-05-05 15:00:00,471,15,34 St-Hudson Yards,M
2025-05-05 15:00:00,475,8,96 St,M
2025-05-05 15:00:00,476,15,86 St,M
2025-05-05 15:00:00,477,15,72 St,M
2025-05-05 15:00:00,501,3,St George,SI
2025-05-05 15:00:00,502,6,Tompkinsville,SI
2025-05-05 15:00:00,503,6,Stapleton,SI
2025-05-05 15:00:00,504,6,Clifton,SI
2025-05-05 15:00:00,505,6,Grasmere,SI
2025-05-05 15:00:00,506,6,Old Town,SI
2025-05-05 15:00:00,507,5,Dongan Hills,SI
2025-05-05 15:00:00,508,5,Jefferson Av,SI
2025-05-05 15:00:00,509,5,Grant City,SI
2025-05-05 15:00:00,510,5,New Dorp,SI
2025-05-05 15:00:00,511,5,Oakwood Heights,SI
2025-05-05 15:00:00,512,6,Bay Terrace,SI
2025-05-05 15:00:00,513,7,Great Kills,SI
2025-05-05 15:00:00,514,6,Eltingville,SI
2025-05-05 15:00:00,515,6,Annadale,SI
2025-05-05 15:00:00,516,6,Huguenot,SI
2025-05-05 15:00:00,517,6,Prince's Bay,SI
2025-05-05 15:00:00,518,6,Pleasant Plains,SI
2025-05-05 15:00:00,519,6,Richmond Valley,SI
2025-05-05 15:00:00,522,3,Tottenville,SI
2025-05-05 15:00:00,523,6,Arthur Kill,SI
2025-05-05 15:00:00,601,108,14 St/6 Av,M
2025-05-05 15:00:00,602,128,34 St-Herald Sq,M
2025-05-05 15:00:00,603,18,149 St-Grand Concourse,Bx
2025-05-05 15:00:00,604,40,161 St-Yankee Stadium,Bx
2025-05-05 15:00:00,605,46,168 St-Washington Hts,M
2025-05-05 15:00:00,606,70,Court Sq-23 St,Q
2025-05-05 15:00:00,607,127,34 St-Herald Sq,M
2025-05-05 15:00:00,608,52,4 Av-9 St,B
2025-05-05 15:00:00,609,92,42 St-Bryant Pk/5 Av,M
2025-05-05 15:00:00,610,108,Grand Central-42 St,M
2025-05-05 15:00:00,611,174,Times Sq-42 St/Port Authority Bus Terminal,M
2025-05-05 15:00:00,612,67,Lexington Av/51-53 Sts,M
2025-05-05 15:00:00,613,106,Lexington Av/59 St,M
2025-05-05 15:00:00,614,84,59 St-Columbus Circle,M
2025-05-05 15:00:00,615,32,62 St/New Utrecht Av,B
2025-05-05 15:00:00,616,98,Jackson Hts-Roosevelt Av/74 St-Broadway,Q
2025-05-05 15:00:00,617,143,Atlantic Av-Barclays Ctr,B
2025-05-05 15:00:00,618,61,14 St/8 Av,M
2025-05-05 15:00:00,619,92,Broadway-Lafayette St/Bleecker St,M
2025-05-05 15:00:00,620,81,Borough Hall/Court St,B
2025-05-05 15:00:00,621,28,Broadway Junction,B
2025-05-05 15:00:00,622,68,Brooklyn Bridge-City Hall/Chambers St,M
2025-05-05 15:00:00,623,73,Canal St,M
2025-05-05 15:00:00,624,97,Chambers St/WTC/Park Place/Cortlandt St,M
2025-05-05 15:00:00,625,48,Delancey St-Essex St,M
2025-05-05 15:00:00,626,80,Franklin Av-Medgar Evers College/Botanic Garden,B
2025-05-05 15:00:00,627,19,Franklin Av,B
2025-05-05 15:00:00,628,83,Fulton St,M
2025-05-05 15:00:00,629,38,Metropolitan Av/Lorimer St,B
2025-05-05 15:00:00,630,24,Myrtle-Wyckoff Avs,Q
2025-05-05 15:00:00,635,34,Whitehall St-South Ferry,M
2025-05-05 15:00:00,636,64,Jay St-MetroTech,B
2025-05-05 16:00:00,1,13,Astoria-Ditmars Blvd,Q
2025-05-05 16:00:00,2,24,Astoria Blvd,Q
2025-05-05 16:00:00,3,24,30 Av,Q
2025-05-05 16:00:00,4,24,Broadway,Q
2025-05-05 16:00:00,5,24,36 Av,Q
2025-05-05 16:00:00,6,24,39 Av-Dutch Kills,Q
2025-05-05 16:00:00,8,44,5 Av/59 St,M
2025-05-05 16:00:00,9,65,57 St-7 Av,M
2025-05-05 16:00:00,10,45,49 St,M
2025-05-05 16:00:00,13,29,28 St,M
2025-05-05 16:00:00,14,30,23 St,M
2025-05-05 16:00:00,16,30,8 St-NYU,M
2025-05-05 16:00:00,17,30,Prince St,M
2025-05-05 16:00:00,20,29,City Hall,M
2025-05-05 16:00:00,22,29,Rector St,M
2025-05-05 16:00:00,26,45,DeKalb Av,B
2025-05-05 16:00:00,28,17,Union St,B
2025-05-05 16:00:00,30,16,Prospect Av,B
2025-05-05 16:00:00,31,16,25 St,B
2025-05-05 16:00:00,32,51,36 St,B
2025-05-05 16:00:00,33,16,45 St,B
2025-05-05 16:00:00,34,16,53 St,B
2025-05-05 16:00:00,35,33,59 St,B
2025-05-05 16:00:00,36,15,Bay Ridge Av,B
2025-05-05 16:00:00,37,16,77 St,B
2025-05-05 16:00:00,38,15,86 St,B
2025-05-05 16:00:00,39,8,Bay Ridge-95 St,B
2025-05-05 16:00:00,41,28,7 Av,B
2025-05-05 16:00:00,42,34,Prospect Park,B
2025-05-05 16:00:00,43,14,Parkside Av,B
2025-05-05 16:00:00,44,30,Church Av,B
2025-05-05 16:00:00,45,16,Beverley Rd,B
2025-05-05 16:00:00,46,16,Cortelyou Rd,B
2025-05-05 16:00:00,47,30,Newkirk Plaza,B
2025-05-05 16:00:00,48,16,Avenue H,B
2025-05-05 16:00:00,49,15,Avenue J,B
2025-05-05 16:00:00,50,15,Avenue M,B
2025-05-05 16:00:00,51,30,Kings Hwy,B
2025-05-05 16:00:00,52,16,Avenue U,B
2025-05-05 16:00:00,53,16,Neck Rd,B
2025-05-05 16:00:00,54,31,Sheepshead Bay,B
2025-05-05 16:00:00,55,23,Brighton Beach,B
2025-05-05 16:00:00,56,16,Ocean Pkwy,B
2025-05-05 16:00:00,57,28,W 8 St-NY Aquarium,B
2025-05-05 16:00:00,58,31,Coney Island-Stillwell Av,B
2025-05-05 16:00:00,59,16,9 Av,B
2025-05-05 16:00:00,60,15,Fort Hamilton Pkwy,B
2025-05-05 16:00:00,61,15,50 St,B
2025-05-05 16:00:00,62,16,55 St,B
2025-05-05 16:00:00,64,16,71 St,B
2025-05-05 16:00:00,65,16,79 St,B
2025-05-05 16:00:00,66,17,18 Av,B
2025-05-05 16:00:00,67,17,20 Av,B
2025-05-05 16:00:00,68,17,Bay Pkwy,B
2025-05-05 16:00:00,69,16,25 Av,B
2025-05-05 16:00:00,70,17,Bay 50 St,B
2025-05-05 16:00:00,71,19,8 Av,B
2025-05-05 16:00:00,72,19,Fort Hamilton Pkwy,B
2025-05-05 16:00:00,74,18,18 Av,B
2025-05-05 16:00:00,75,17,20 Av,B
2025-05-05 16:00:00,76,17,Bay Pkwy,B
2025-05-05 16:00:00,77,16,Kings Hwy,B
2025-05-05 16:00:00,78,16,Avenue U,B
2025-05-05 16:00:00,79,17,86 St,B
2025-05-05 16:00:00,80,16,121 St,Q
2025-05-05 16:00:00,81,16,111 St,Q
2025-05-05 16:00:00,82,17,104 St,Q
2025-05-05 16:00:00,83,16,Woodhaven Blvd,Q
2025-05-05 16:00:00,84,15,85 St-Forest Pkwy,Q
2025-05-05 16:00:00,85,16,75 St-Elderts Ln,Q
2025-05-05 16:00:00,86,17,Cypress Hills,B
2025-05-05 16:00:00,87,16,Crescent St,B
2025-05-05 16:00:00,88,15,Norwood Av,B
2025-05-05 16:00:00,89,15,Cleveland St,B
2025-05-05 16:00:00,90,16,Van Siclen Av,B
2025-05-05 16:00:00,91,17,Alabama Av,B
2025-05-05 16:00:00,93,17,Chauncey St,B
2025-05-05 16:00:00,94,18,Halsey St,B
2025-05-05 16:00:00,95,18,Gates Av,B
2025-05-05 16:00:00,96,18,Kosciuszko St,B
2025-05-05 16:00:00,97,32,Myrtle Av,B
2025-05-05 16:00:00,98,24,Flushing Av,B
2025-05-05 16:00:00,99,24,Lorimer St,B
2025-05-05 16:00:00,100,24,Hewes St,B
2025-05-05 16:00:00,101,31,Marcy Av,B
2025-05-05 16:00:00,103,17,Bowery,M
2025-05-05 16:00:00,107,8,Broad St,M
2025-05-05 16:00:00,108,8,Middle Village-Metropolitan Av,Q
2025-05-05 16:00:00,109,16,Fresh Pond Rd,Q
2025-05-05 16:00:00,110,14,Forest Av,Q
2025-05-05 16:00:00,111,14,Seneca Av,Q
2025-05-05 16:00:00,113,16,Knickerbocker Av,B
2025-05-05 16:00:00,114,14,Central Av,B
2025-05-05 16:00:00,118,26,3 Av,M
2025-05-05 16:00:00,119,25,1 Av,M
2025-05-05 16:00:00,120,25,Bedford Av,B
2025-05-05 16:00:00,122,25,Graham Av,B
2025-05-05 16:00:00,123,25,Grand St,B
2025-05-05 16:00:00,124,26,Montrose Av,B
2025-05-05 16:00:00,125,26,Morgan Av,B
2025-05-05 16:00:00,126,26,Jefferson St,B
2025-05-05 16:00:00,127,26,DeKalb Av,B
2025-05-05 16:00:00,129,26,Halsey St,B
2025-05-05 16:00:00,130,26,Wilson Av,B
2025-05-05 16:00:00,131,26,Bushwick Av-Aberdeen St,B
2025-05-05 16:00:00,133,26,Atlantic Av,B
2025-05-05 16:00:00,134,26,Sutter Av,B
2025-05-05 16:00:00,135,26,Livonia Av,B
2025-05-05 16:00:00,136,26,New Lots Av,B
2025-05-05 16:00:00,137,28,East 105 St,B
2025-05-05 16:00:00,138,12,Canarsie-Rockaway Pkwy,B
2025-05-05 16:00:00,141,12,Park Pl,B
2025-05-05 16:00:00,143,8,Inwood-207 St,M
2025-05-05 16:00:00,144,20,Dyckman St,M
2025-05-05 16:00:00,145,20,190 St,M
2025-05-05 16:00:00,146,20,181 St,M
2025-05-05 16:00:00,147,20,175 St,M
2025-05-05 16:00:00,149,12,163 St-Amsterdam Av,M
2025-05-05 16:00:00,150,12,155 St,M
2025-05-05 16:00:00,152,27,135 St,M
2025-05-05 16:00:00,153,63,125 St,M
2025-05-05 16:00:00,154,27,116 St,M
2025-05-05 16:00:00,155,27,Cathedral Pkwy (110 St),M
2025-05-05 16:00:00,156,26,103 St,M
2025-05-05 16:00:00,157,25,96 St,M
2025-05-05 16:00:00,158,27,86 St,M
2025-05-05 16:00:00,159,27,81 St-Museum of Natural History,M
2025-05-05 16:00:00,160,26,72 St,M
2025-05-05 16:00:00,162,36,50 St,M
2025-05-05 16:00:00,164,54,34 St-Penn Station,M
2025-05-05 16:00:00,165,34,23 St,M
2025-05-05 16:00:00,168,36,Spring St,M
2025-05-05 16:00:00,169,56,Canal St,M
2025-05-05 16:00:00,173,32,High St,B
2025-05-05 16:00:00,175,48,Hoyt-Schermerhorn Sts,B
2025-05-05 16:00:00,176,12,Lafayette Av,B
2025-05-05 16:00:00,177,13,Clinton-Washington Avs,B
2025-05-05 16:00:00,179,31,Nostrand Av,B
2025-05-05 16:00:00,180,11,Kingston-Throop Avs,B
2025-05-05 16:00:00,181,31,Utica Av,B
2025-05-05 16:00:00,182,12,Ralph Av,B
2025-05-05 16:00:00,183,12,Rockaway Av,B
2025-05-05 16:00:00,185,12,Liberty Av,B
2025-05-05 16:00:00,186,12,Van Siclen Av,B
2025-05-05 16:00:00,187,12,Shepherd Av,B
2025-05-05 16:00:00,188,25,Euclid Av,B
2025-05-05 16:00:00,189,19,Grant Av,B
2025-05-05 16:00:00,190,19,80 St,Q
2025-05-05 16:00:00,191,19,88 St,Q
2025-05-05 16:00:00,192,19,Rockaway Blvd,Q
2025-05-05 16:00:00,193,10,104 St,Q
2025-05-05 16:00:00,194,11,111 St,Q
2025-05-05 16:00:00,195,5,Ozone Park-Lefferts Blvd,Q
2025-05-05 16:00:00,196,4,Aqueduct Racetrack,Q
2025-05-05 16:00:00,197,8,Aqueduct-N Conduit Av,Q
2025-05-05 16:00:00,198,4,Howard Beach-JFK Airport,Q
2025-05-05 16:00:00,200,8,Beach 90 St,Q
2025-05-05 16:00:00,201,8,Beach 98 St,Q
2025-05-05 16:00:00,202,8,Beach 105 St,Q
2025-05-05 16:00:00,203,4,Rockaway Park-Beach 116 St,Q
2025-05-05 16:00:00,204,8,Beach 67 St,Q
2025-05-05 16:00:00,205,8,Beach 60 St,Q
2025-05-05 16:00:00,206,8,Beach 44 St,Q
2025-05-05 16:00:00,207,8,Beach 36 St,Q
2025-05-05 16:00:00,208,8,Beach 25 St,Q
2025-05-05 16:00:00,209,4,Far Rockaway-Mott Av,Q
2025-05-05 16:00:00,210,10,Norwood-205 St,Bx
2025-05-05 16:00:00,211,27,Bedford Park Blvd,Bx
2025-05-05 16:00:00,212,35,Kingsbridge Rd,Bx
2025-05-05 16:00:00,213,33,Fordham Rd,Bx
2025-05-05 16:00:00,214,27,182-183 Sts,Bx
2025-05-05 16:00:00,215,32,Tremont Av,Bx
2025-05-05 16:00:00,216,27,174-175 Sts,Bx
2025-05-05 16:00:00,217,27,170 St,Bx
2025-05-05 16:00:00,218,25,167 St,Bx
2025-05-05 16:00:00,220,24,155 St,M
2025-05-05 16:00:00,221,22,21 St-Queensbridge,Q
2025-05-05 16:00:00,222,22,Roosevelt Island,M
2025-05-05 16:00:00,223,42,Lexington Av/63 St,M
2025-05-05 16:00:00,224,22,57 St,M
2025-05-05 16:00:00,225,69,47-50 Sts-Rockefeller Ctr,M
2025-05-05 16:00:00,228,37,23 St,M
2025-05-05 16:00:00,231,28,Grand St,M
2025-05-05 16:00:00,232,23,2 Av,M
2025-05-05 16:00:00,234,22,East Broadway,M
2025-05-05 16:00:00,235,22,York St,B
2025-05-05 16:00:00,236,37,Bergen St,B
2025-05-05 16:00:00,237,38,Carroll St,B
2025-05-05 16:00:00,238,38,Smith-9 Sts,B
2025-05-05 16:00:00,240,36,7 Av,B
2025-05-05 16:00:00,241,38,15 St-Prospect Park,B
2025-05-05 16:00:00,242,37,Fort Hamilton Pkwy,B
2025-05-05 16:00:00,243,28,Church Av,B
2025-05-05 16:00:00,244,22,Ditmas Av,B
2025-05-05 16:00:00,245,21,18 Av,B
2025-05-05 16:00:00,246,20,Avenue I,B
2025-05-05 16:00:00,247,21,Bay Pkwy,B
2025-05-05 16:00:00,248,21,Avenue N,B
2025-05-05 16:00:00,249,21,Avenue P,B
2025-05-05 16:00:00,250,18,Kings Hwy,B
2025-05-05 16:00:00,251,14,Avenue U,B
2025-05-05 16:00:00,252,14,Avenue X,B
2025-05-05 16:00:00,253,13,Neptune Av,B
2025-05-05 16:00:00,254,11,Jamaica-179 St,Q
2025-05-05 16:00:00,255,22,169 St,Q
2025-05-05 16:00:00,256,20,Parsons Blvd,Q
2025-05-05 16:00:00,257,22,Sutphin Blvd,Q
2025-05-05 16:00:00,258,21,Briarwood,Q
2025-05-05 16:00:00,259,44,Kew Gardens-Union Tpke,Q
2025-05-05 16:00:00,260,22,75 Av,Q
2025-05-05 16:00:00,261,60,Forest Hills-71 Av,Q
2025-05-05 16:00:00,262,33,67 Av,Q
2025-05-05 16:00:00,263,33,63 Dr-Rego Park,Q
2025-05-05 16:00:00,264,35,Woodhaven Blvd,Q
2025-05-05 16:00:00,265,34,Grand Av-Newtown,Q
2025-05-05 16:00:00,266,33,Elmhurst Av,Q
2025-05-05 16:00:00,268,34,65 St,Q
2025-05-05 16:00:00,269,36,Northern Blvd,Q
2025-05-05 16:00:00,270,34,46 St,Q
2025-05-05 16:00:00,271,33,Steinway St,Q
2025-05-05 16:00:00,272,32,36 St,Q
2025-05-05 16:00:00,273,57,Queens Plaza,Q
2025-05-05 16:00:00,276,36,5 Av/53 St,M
2025-05-05 16:00:00,277,52,7 Av,M
2025-05-05 16:00:00,278,20,Jamaica Center-Parsons/Archer,Q
2025-05-05 16:00:00,279,40,Sutphin Blvd-Archer Av-JFK Airport,Q
2025-05-05 16:00:00,280,23,Jamaica-Van Wyck,Q
2025-05-05 16:00:00,282,16,21 St,Q
2025-05-05 16:00:00,283,14,Greenpoint Av,B
2025-05-05 16:00:00,284,14,Nassau Av,B
2025-05-05 16:00:00,286,16,Broadway,B
2025-05-05 16:00:00,287,15,Flushing Av,B
2025-05-05 16:00:00,288,14,Myrtle-Willoughby Avs,B
2025-05-05 16:00:00,289,14,Bedford-Nostrand Avs,B
2025-05-05 16:00:00,290,15,Classon Av,B
2025-05-05 16:00:00,291,16,Clinton-Washington Avs,B
2025-05-05 16:00:00,292,16,Fulton St,B
2025-05-05 16:00:00,293,11,Van Cortlandt Park-242 St,Bx
2025-05-05 16:00:00,294,26,238 St,Bx
2025-05-05 16:00:00,295,27,231 St,Bx
2025-05-05 16:00:00,296,26,Marble Hill-225 St,M
2025-05-05 16:00:00,297,26,215 St,M
2025-05-05 16:00:00,298,26,207 St,M
2025-05-05 16:00:00,299,27,Dyckman St,M
2025-05-05 16:00:00,300,26,191 St,M
2025-05-05 16:00:00,301,26,181 St,M
2025-05-05 16:00:00,303,25,157 St,M
2025-05-05 16:00:00,304,27,145 St,M
2025-05-05 16:00:00,305,26,137 St-City College,M
2025-05-05 16:00:00,306,26,125 St,M
2025-05-05 16:00:00,307,26,116 St-Columbia University,M
2025-05-05 16:00:00,308,26,Cathedral Pkwy (110 St),M
2025-05-05 16:00:00,309,26,103 St,M
2025-05-05 16:00:00,310,57,96 St,M
2025-05-05 16:00:00,311,26,86 St,M
2025-05-05 16:00:00,312,26,79 St,M
2025-05-05 16:00:00,313,57,72 St,M
2025-05-05 16:00:00,314,26,66 St-Lincoln Center,M
2025-05-05 16:00:00,316,25,50 St,M
2025-05-05 16:00:00,318,57,34 St-Penn Station,M
2025-05-05 16:00:00,319,25,28 St,M
2025-05-05 16:00:00,320,24,23 St,M
2025-05-05 16:00:00,321,26,18 St,M
2025-05-05 16:00:00,323,25,Christopher St-Stonewall,M
2025-05-05 16:00:00,324,25,Houston St,M
2025-05-05 16:00:00,325,25,Canal St,M
2025-05-05 16:00:00,326,25,Franklin St,M
2025-05-05 16:00:00,327,56,Chambers St,M
2025-05-05 16:00:00,328,25,WTC Cortlandt,M
2025-05-05 16:00:00,329,24,Rector St,M
2025-05-05 16:00:00,333,30,Wall St,M
2025-05-05 16:00:00,334,31,Clark St,B
2025-05-05 16:00:00,336,31,Hoyt St,B
2025-05-05 16:00:00,337,74,Nevins St,B
2025-05-05 16:00:00,339,31,Bergen St,B
2025-05-05 16:00:00,340,32,Grand Army Plaza,B
2025-05-05 16:00:00,341,31,Eastern Pkwy-Brooklyn Museum,B
2025-05-05 16:00:00,343,17,Nostrand Av,B
2025-05-05 16:00:00,344,17,Kingston Av,B
2025-05-05 16:00:00,345,33,Crown Hts-Utica Av,B
2025-05-05 16:00:00,346,19,Sutter Av-Rutland Rd,B
2025-05-05 16:00:00,347,19,Saratoga Av,B
2025-05-05 16:00:00,348,19,Rockaway Av,B
2025-05-05 16:00:00,349,19,Junius St,B
2025-05-05 16:00:00,350,19,Pennsylvania Av,B
2025-05-05 16:00:00,351,19,Van Siclen Av,B
2025-05-05 16:00:00,352,13,New Lots Av,B
2025-05-05 16:00:00,353,30,President St-Medgar Evers College,B
2025-05-05 16:00:00,354,29,Sterling St,B
2025-05-05 16:00:00,355,28,Winthrop St,B
2025-05-05 16:00:00,356,31,Church Av,B
2025-05-05 16:00:00,357,30,Beverly Rd,B
2025-05-05 16:00:00,358,30,Newkirk Av-Little Haiti,B
2025-05-05 16:00:00,359,15,Flatbush Av-Brooklyn College,B
2025-05-05 16:00:00,360,11,Pelham Bay Park,Bx
2025-05-05 16:00:00,361,18,Buhre Av,Bx
2025-05-05 16:00:00,362,18,Middletown Rd,Bx
2025-05-05 16:00:00,363,19,Westchester Sq-E Tremont Av,Bx
2025-05-05 16:00:00,364,17,Zerega Av,Bx
2025-05-05 16:00:00,365,18,Castle Hill Av,Bx
2025-05-05 16:00:00,366,26,Parkchester,Bx
2025-05-05 16:00:00,367,27,St Lawrence Av,Bx
2025-05-05 16:00:00,368,27,Morrison Av-Soundview,Bx
2025-05-05 16:00:00,369,27,Elder Av,Bx
2025-05-05 16:00:00,370,26,Whitlock Av,Bx
2025-05-05 16:00:00,371,33,Hunts Point Av,Bx
2025-05-05 16:00:00,372,26,Longwood Av,Bx
2025-05-05 16:00:00,373,27,E 149 St,Bx
2025-05-05 16:00:00,374,27,E 143 St-St Mary's St,Bx
2025-05-05 16:00:00,375,26,Cypress Av,Bx
2025-05-05 16:00:00,376,26,Brook Av,Bx
2025-05-05 16:00:00,377,34,3 Av-138 St,Bx
2025-05-05 16:00:00,378,10,Woodlawn,Bx
2025-05-05 16:00:00,379,19,Mosholu Pkwy,Bx
2025-05-05 16:00:00,380,23,Bedford Park Blvd-Lehman College,Bx
2025-05-05 16:00:00,381,24,Kingsbridge Rd,Bx
2025-05-05 16:00:00,382,24,Fordham Rd,Bx
2025-05-05 16:00:00,383,25,183 St,Bx
2025-05-05 16:00:00,384,25,Burnside Av,Bx
2025-05-05 16:00:00,385,24,176 St,Bx
2025-05-05 16:00:00,386,24,Mt Eden Av,Bx
2025-05-05 16:00:00,387,26,170 St,Bx
2025-05-05 16:00:00,388,25,167 St,Bx
2025-05-05 16:00:00,391,43,138 St-Grand Concourse,Bx
2025-05-05 16:00:00,392,83,125 St,M
2025-05-05 16:00:00,393,34,116 St,M
2025-05-05 16:00:00,394,34,110 St,M
2025-05-05 16:00:00,395,35,103 St,M
2025-05-05 16:00:00,396,33,96 St,M
2025-05-05 16:00:00,397,82,86 St,M
2025-05-05 16:00:00,398,34,77 St,M
2025-05-05 16:00:00,399,35,68 St-Hunter College,M
2025-05-05 16:00:00,403,35,33 St,M
2025-05-05 16:00:00,404,34,28 St,M
2025-05-05 16:00:00,405,35,23 St-Baruch College,M
2025-05-05 16:00:00,407,35,Astor Pl,M
2025-05-05 16:00:00,409,34,Spring St,M
2025-05-05 16:00:00,413,45,Wall St,M
2025-05-05 16:00:00,414,46,Bowling Green,M
2025-05-05 16:00:00,416,10,Wakefield-241 St,Bx
2025-05-05 16:00:00,417,17,Nereid Av,Bx
2025-05-05 16:00:00,418,17,233 St,Bx
2025-05-05 16:00:00,419,18,225 St,Bx
2025-05-05 16:00:00,420,18,219 St,Bx
2025-05-05 16:00:00,421,18,Gun Hill Rd,Bx
2025-05-05 16:00:00,422,17,Burke Av,Bx
2025-05-05 16:00:00,423,18,Allerton Av,Bx
2025-05-05 16:00:00,424,18,Pelham Pkwy,Bx
2025-05-05 16:00:00,425,17,Bronx Park East,Bx
2025-05-05 16:00:00,426,36,E 180 St,Bx
2025-05-05 16:00:00,427,35,West Farms Sq-E Tremont Av,Bx
2025-05-05 16:00:00,428,34,174 St,Bx
2025-05-05 16:00:00,429,34,Freeman St,Bx
2025-05-05 16:00:00,430,33,Simpson St,Bx
2025-05-05 16:00:00,431,35,Intervale Av,Bx
2025-05-05 16:00:00,432,36,Prospect Av,Bx
2025-05-05 16:00:00,433,36,Jackson Av,Bx
2025-05-05 16:00:00,434,40,3 Av-149 St,Bx
2025-05-05 16:00:00,436,7,Harlem-148 St,M
2025-05-05 16:00:00,437,15,145 St,M
2025-05-05 16:00:00,438,31,135 St,M
2025-05-05 16:00:00,439,32,125 St,M
2025-05-05 16:00:00,440,32,116 St,M
2025-05-05 16:00:00,441,32,110 St-Malcolm X Plaza,M
2025-05-05 16:00:00,442,8,Eastchester-Dyre Av,Bx
2025-05-05 16:00:00,443,17,Baychester Av,Bx
2025-05-05 16:00:00,444,17,Gun Hill Rd,Bx
2025-05-05 16:00:00,445,17,Pelham Pkwy,Bx
2025-05-05 16:00:00,446,16,Morris Park,Bx
2025-05-05 16:00:00,447,16,Flushing-Main St,Q
2025-05-05 16:00:00,448,33,Mets-Willets Point,Q
2025-05-05 16:00:00,449,30,111 St,Q
2025-05-05 16:00:00,450,30,103 St-Corona Plaza,Q
2025-05-05 16:00:00,451,38,Junction Blvd,Q
2025-05-05 16:00:00,452,30,90 St-Elmhurst Av,Q
2025-05-05 16:00:00,453,30,82 St-Jackson Hts,Q
2025-05-05 16:00:00,455,38,69 St,Q
2025-05-05 16:00:00,456,38,61 St-Woodside,Q
2025-05-05 16:00:00,457,38,61 St-Woodside,Q
2025-05-05 16:00:00,458,39,61 St-Woodside,Q
2025-05-05 16:00:00,459,40,61 St-Woodside,Q
2025-05-05 16:00:00,460,41,61 St-Woodside,Q
2025-05-05 16:00:00,461,38,61 St-Woodside,Q
2025-05-05 16:00:00,463,36,Hunters Point Av,Q
2025-05-05 16:00:00,464,37,Vernon Blvd-Jackson Av,Q
2025-05-05 16:00:00,471,20,34 St-Hudson Yards,M
2025-05-05 16:00:00,475,11,96 St,M
2025-05-05 16:00:00,476,21,86 St,M
2025-05-05 16:00:00,477,21,72 St,M
2025-05-05 16:00:00,501,6,St George,SI
2025-05-05 16:00:00,502,6,Tompkinsville,SI
2025-05-05 16:00:00,503,6,Stapleton,SI
2025-05-05 16:00:00,504,5,Clifton,SI
2025-05-05 16:00:00,505,5,Grasmere,SI
2025-05-05 16:00:00,506,5,Old Town,SI
2025-05-05 16:00:00,507,5,Dongan Hills,SI
2025-05-05 16:00:00,508,5,Jefferson Av,SI
2025-05-05 16:00:00,509,5,Grant City,SI
2025-05-05 16:00:00,510,5,New Dorp,SI
2025-05-05 16:00:00,511,5,Oakwood Heights,SI
2025-05-05 16:00:00,512,5,Bay Terrace,SI
2025-05-05 16:00:00,513,7,Great Kills,SI
2025-05-05 16:00:00,514,7,Eltingville,SI
2025-05-05 16:00:00,515,7,Annadale,SI
2025-05-05 16:00:00,516,7,Huguenot,SI
2025-05-05 16:00:00,517,7,Prince's Bay,SI
2025-05-05 16:00:00,518,7,Pleasant Plains,SI
2025-05-05 16:00:00,519,8,Richmond Valley,SI
2025-05-05 16:00:00,522,3,Tottenville,SI
2025-05-05 16:00:00,523,7,Arthur Kill,SI
2025-05-05 16:00:00,601,118,14 St/6 Av,M
2025-05-05 16:00:00,602,145,34 St-Herald Sq,M
2025-05-05 16:00:00,603,25,149 St-Grand Concourse,Bx
2025-05-05 16:00:00,604,50,161 St-Yankee Stadium,Bx
2025-05-05 16:00:00,605,53,168 St-Washington Hts,M
2025-05-05 16:00:00,606,81,Court Sq-23 St,Q
2025-05-05 16:00:00,607,133,34 St-Herald Sq,M
2025-05-05 16:00:00,608,52,4 Av-9 St,B
2025-05-05 16:00:00,609,104,42 St-Bryant Pk/5 Av,M
2025-05-05 16:00:00,610,133,Grand Central-42 St,M
2025-05-05 16:00:00,611,194,Times Sq-42 St/Port Authority Bus Terminal,M
2025-05-05 16:00:00,612,72,Lexington Av/51-53 Sts,M
2025-05-05 16:00:00,613,125,Lexington Av/59 St,M
2025-05-05 16:00:00,614,88,59 St-Columbus Circle,M
2025-05-05 16:00:00,615,34,62 St/New Utrecht Av,B
2025-05-05 16:00:00,616,117,Jackson Hts-Roosevelt Av/74 St-Broadway,Q
2025-05-05 16:00:00,617,152,Atlantic Av-Barclays Ctr,B
2025-05-05 16:00:00,618,69,14 St/8 Av,M
2025-05-05 16:00:00,619,100,Broadway-Lafayette St/Bleecker St,M
2025-05-05 16:00:00,620,93,Borough Hall/Court St,B
2025-05-05 16:00:00,621,32,Broadway Junction,B
2025-05-05 16:00:00,622,78,Brooklyn Bridge-City Hall/Chambers St,M
2025-05-05 16:00:00,623,82,Canal St,M
2025-05-05 16:00:00,624,103,Chambers St/WTC/Park Place/Cortlandt St,M
2025-05-05 16:00:00,625,54,Delancey St-Essex St,M
2025-05-05 16:00:00,626,83,Franklin Av-Medgar Evers College/Botanic Garden,B
2025-05-05 16:00:00,627,18,Franklin Av,B
2025-05-05 16:00:00,628,90,Fulton St,M
2025-05-05 16:00:00,629,42,Metropolitan Av/Lorimer St,B
2025-05-05 16:00:00,630,26,Myrtle-Wyckoff Avs,Q
2025-05-05 16:00:00,635,37,Whitehall St-South Ferry,M
2025-05-05 16:00:00,636,69,Jay St-MetroTech,B
2025-05-05 17:00:00,1,13,Astoria-Ditmars Blvd,Q
2025-05-05 17:00:00,2,28,Astoria Blvd,Q
2025-05-05 17:00:00,3,28,30 Av,Q
2025-05-05 17:00:00,4,27,Broadway,Q
2025-05-05 17:00:00,5,28,36 Av,Q
2025-05-05 17:00:00,6,27,39 Av-Dutch Kills,Q
2025-05-05 17:00:00,8,45,5 Av/59 St,M
2025-05-05 17:00:00,9,64,57 St-7 Av,M
2025-05-05 17:00:00,10,45,49 St,M
2025-05-05 17:00:00,13,31,28 St,M
2025-05-05 17:00:00,14,31,23 St,M
2025-05-05 17:00:00,16,31,8 St-NYU,M
2025-05-05 17:00:00,17,31,Prince St,M
2025-05-05 17:00:00,20,31,City Hall,M
2025-05-05 17:00:00,22,31,Rector St,M
2025-05-05 17:00:00,26,51,DeKalb Av,B
2025-05-05 17:00:00,28,18,Union St,B
2025-05-05 17:00:00,30,19,Prospect Av,B
2025-05-05 17:00:00,31,19,25 St,B
2025-05-05 17:00:00,32,50,36 St,B
2025-05-05 17:00:00,33,19,45 St,B
2025-05-05 17:00:00,34,18,53 St,B
2025-05-05 17:00:00,35,34,59 St,B
2025-05-05 17:00:00,36,18,Bay Ridge Av,B
2025-05-05 17:00:00,37,18,77 St,B
2025-05-05 17:00:00,38,19,86 St,B
2025-05-05 17:00:00,39,9,Bay Ridge-95 St,B
2025-05-05 17:00:00,41,33,7 Av,B
2025-05-05 17:00:00,42,37,Prospect Park,B
2025-05-05 17:00:00,43,19,Parkside Av,B
2025-05-05 17:00:00,44,31,Church Av,B
2025-05-05 17:00:00,45,17,Beverley Rd,B
2025-05-05 17:00:00,46,17,Cortelyou Rd,B
2025-05-05 17:00:00,47,30,Newkirk Plaza,B
2025-05-05 17:00:00,48,17,Avenue H,B
2025-05-05 17:00:00,49,18,Avenue J,B
2025-05-05 17:00:00,50,18,Avenue M,B
2025-05-05 17:00:00,51,30,Kings Hwy,B
2025-05-05 17:00:00,52,17,Avenue U,B
2025-05-05 17:00:00,53,17,Neck Rd,B
2025-05-05 17:00:00,54,28,Sheepshead Bay,B
2025-05-05 17:00:00,55,23,Brighton Beach,B
2025-05-05 17:00:00,56,16,Ocean Pkwy,B
2025-05-05 17:00:00,57,30,W 8 St-NY Aquarium,B
2025-05-05 17:00:00,58,30,Coney Island-Stillwell Av,B
2025-05-05 17:00:00,59,16,9 Av,B
2025-05-05 17:00:00,60,18,Fort Hamilton Pkwy,B
2025-05-05 17:00:00,61,17,50 St,B
2025-05-05 17:00:00,62,17,55 St,B
2025-05-05 17:00:00,64,16,71 St,B
2025-05-05 17:00:00,65,15,79 St,B
2025-05-05 17:00:00,66,16,18 Av,B
2025-05-05 17:00:00,67,15,20 Av,B
2025-05-05 17:00:00,68,15,Bay Pkwy,B
2025-05-05 17:00:00,69,15,25 Av,B
2025-05-05 17:00:00,70,15,Bay 50 St,B
2025-05-05 17:00:00,71,14,8 Av,B
2025-05-05 17:00:00,72,15,Fort Hamilton Pkwy,B
2025-05-05 17:00:00,74,16,18 Av,B
2025-05-05 17:00:00,75,17,20 Av,B
2025-05-05 17:00:00,76,16,Bay Pkwy,B
2025-05-05 17:00:00,77,17,Kings Hwy,B
2025-05-05 17:00:00,78,15,Avenue U,B
2025-05-05 17:00:00,79,15,86 St,B
2025-05-05 17:00:00,80,16,121 St,Q
2025-05-05 17:00:00,81,16,111 St,Q
2025-05-05 17:00:00,82,17,104 St,Q
2025-05-05 17:00:00,83,17,Woodhaven Blvd,Q
2025-05-05 17:00:00,84,18,85 St-Forest Pkwy,Q
2025-05-05 17:00:00,85,17,75 St-Elderts Ln,Q
2025-05-05 17:00:00,86,17,Cypress Hills,B
2025-05-05 17:00:00,87,17,Crescent St,B
2025-05-05 17:00:00,88,16,Norwood Av,B
2025-05-05 17:00:00,89,15,Cleveland St,B
2025-05-05 17:00:00,90,15,Van Siclen Av,B
2025-05-05 17:00:00,91,18,Alabama Av,B
2025-05-05 17:00:00,93,15,Chauncey St,B
2025-05-05 17:00:00,94,15,Halsey St,B
2025-05-05 17:00:00,95,15,Gates Av,B
2025-05-05 17:00:00,96,15,Kosciuszko St,B
2025-05-05 17:00:00,97,34,Myrtle Av,B
2025-05-05 17:00:00,98,23,Flushing Av,B
2025-05-05 17:00:00,99,24,Lorimer St,B
2025-05-05 17:00:00,100,24,Hewes St,B
2025-05-05 17:00:00,101,36,Marcy Av,B
2025-05-05 17:00:00,103,21,Bowery,M
2025-05-05 17:00:00,107,11,Broad St,M
2025-05-05 17:00:00,108,7,Middle Village-Metropolitan Av,Q
2025-05-05 17:00:00,109,14,Fresh Pond Rd,Q
2025-05-05 17:00:00,110,16,Forest Av,Q
2025-05-05 17:00:00,111,16,Seneca Av,Q
2025-05-05 17:00:00,113,14,Knickerbocker Av,B
2025-05-05 17:00:00,114,15,Central Av,B
2025-05-05 17:00:00,118,32,3 Av,M
2025-05-05 17:00:00,119,33,1 Av,M
2025-05-05 17:00:00,120,33,Bedford Av,B
2025-05-05 17:00:00,122,32,Graham Av,B
2025-05-05 17:00:00,123,33,Grand St,B
2025-05-05 17:00:00,124,32,Montrose Av,B
2025-05-05 17:00:00,125,32,Morgan Av,B
2025-05-05 17:00:00,126,32,Jefferson St,B
2025-05-05 17:00:00,127,32,DeKalb Av,B
2025-05-05 17:00:00,129,32,Halsey St,B
2025-05-05 17:00:00,130,32,Wilson Av,B
2025-05-05 17:00:00,131,31,Bushwick Av-Aberdeen St,B
2025-05-05 17:00:00,133,32,Atlantic Av,B
2025-05-05 17:00:00,134,32,Sutter Av,B
2025-05-05 17:00:00,135,31,Livonia Av,B
2025-05-05 17:00:00,136,31,New Lots Av,B
2025-05-05 17:00:00,137,31,East 105 St,B
2025-05-05 17:00:00,138,14,Canarsie-Rockaway Pkwy,B
2025-05-05 17:00:00,141,12,Park Pl,B
2025-05-05 17:00:00,143,10,Inwood-207 St,M
2025-05-05 17:00:00,144,22,Dyckman St,M
2025-05-05 17:00:00,145,22,190 St,M
2025-05-05 17:00:00,146,21,181 St,M
2025-05-05 17:00:00,147,22,175 St,M
2025-05-05 17:00:00,149,12,163 St-Amsterdam Av,M
2025-05-05 17:00:00,150,12,155 St,M
2025-05-05 17:00:00,152,26,135 St,M
2025-05-05 17:00:00,153,66,125 St,M
2025-05-05 17:00:00,154,26,116 St,M
2025-05-05 17:00:00,155,26,Cathedral Pkwy (110 St),M
2025-05-05 17:00:00,156,26,103 St,M
2025-05-05 17:00:00,157,27,96 St,M
2025-05-05 17:00:00,158,26,86 St,M
2025-05-05 17:00:00,159,26,81 St-Museum of Natural History,M
2025-05-05 17:00:00,160,26,72 St,M
2025-05-05 17:00:00,162,35,50 St,M
2025-05-05 17:00:00,164,61,34 St-Penn Station,M
2025-05-05 17:00:00,165,38,23 St,M
2025-05-05 17:00:00,168,36,Spring St,M
2025-05-05 17:00:00,169,60,Canal St,M
2025-05-05 17:00:00,173,36,High St,B
2025-05-05 17:00:00,175,50,Hoyt-Schermerhorn Sts,B
2025-05-05 17:00:00,176,13,Lafayette Av,B
2025-05-05 17:00:00,177,12,Clinton-Washington Avs,B
2025-05-05 17:00:00,179,35,Nostrand Av,B
2025-05-05 17:00:00,180,13,Kingston-Throop Avs,B
2025-05-05 17:00:00,181,35,Utica Av,B
2025-05-05 17:00:00,182,12,Ralph Av,B
2025-05-05 17:00:00,183,12,Rockaway Av,B
2025-05-05 17:00:00,185,13,Liberty Av,B
2025-05-05 17:00:00,186,13,Van Siclen Av,B
2025-05-05 17:00:00,187,14,Shepherd Av,B
2025-05-05 17:00:00,188,28,Euclid Av,B
2025-05-05 17:00:00,189,21,Grant Av,B
2025-05-05 17:00:00,190,20,80 St,Q
2025-05-05 17:00:00,191,21,88 St,Q
2025-05-05 17:00:00,192,20,Rockaway Blvd,Q
2025-05-05 17:00:00,193,10,104 St,Q
2025-05-05 17:00:00,194,9,111 St,Q
2025-05-05 17:00:00,195,4,Ozone Park-Lefferts Blvd,Q
2025-05-05 17:00:00,196,4,Aqueduct Racetrack,Q
2025-05-05 17:00:00,197,11,Aqueduct-N Conduit Av,Q
2025-05-05 17:00:00,198,4,Howard Beach-JFK Airport,Q
2025-05-05 17:00:00,200,8,Beach 90 St,Q
2025-05-05 17:00:00,201,8,Beach 98 St,Q
2025-05-05 17:00:00,202,8,Beach 105 St,Q
2025-05-05 17:00:00,203,4,Rockaway Park-Beach 116 St,Q
2025-05-05 17:00:00,204,8,Beach 67 St,Q
2025-05-05 17:00:00,205,8,Beach 60 St,Q
2025-05-05 17:00:00,206,8,Beach 44 St,Q
2025-05-05 17:00:00,207,8,Beach 36 St,Q
2025-05-05 17:00:00,208,8,Beach 25 St,Q
2025-05-05 17:00:00,209,4,Far Rockaway-Mott Av,Q
2025-05-05 17:00:00,210,7,Norwood-205 St,Bx
2025-05-05 17:00:00,211,22,Bedford Park Blvd,Bx
2025-05-05 17:00:00,212,27,Kingsbridge Rd,Bx
2025-05-05 17:00:00,213,28,Fordham Rd,Bx
2025-05-05 17:00:00,214,20,182-183 Sts,Bx
2025-05-05 17:00:00,215,29,Tremont Av,Bx
2025-05-05 17:00:00,216,21,174-175 Sts,Bx
2025-05-05 17:00:00,217,21,170 St,Bx
2025-05-05 17:00:00,218,22,167 St,Bx
2025-05-05 17:00:00,220,22,155 St,M
2025-05-05 17:00:00,221,21,21 St-Queensbridge,Q
2025-05-05 17:00:00,222,23,Roosevelt Island,M
2025-05-05 17:00:00,223,42,Lexington Av/63 St,M
2025-05-05 17:00:00,224,23,57 St,M
2025-05-05 17:00:00,225,68,47-50 Sts-Rockefeller Ctr,M
2025-05-05 17:00:00,228,37,23 St,M
2025-05-05 17:00:00,231,34,Grand St,M
2025-05-05 17:00:00,232,22,2 Av,M
2025-05-05 17:00:00,234,22,East Broadway,M
2025-05-05 17:00:00,235,24,York St,B
2025-05-05 17:00:00,236,39,Bergen St,B
2025-05-05 17:00:00,237,37,Carroll St,B
2025-05-05 17:00:00,238,37,Smith-9 Sts,B
2025-05-05 17:00:00,240,37,7 Av,B
2025-05-05 17:00:00,241,36,15 St-Prospect Park,B
2025-05-05 17:00:00,242,37,Fort Hamilton Pkwy,B
2025-05-05 17:00:00,243,30,Church Av,B
2025-05-05 17:00:00,244,23,Ditmas Av,B
2025-05-05 17:00:00,245,23,18 Av,B
2025-05-05 17:00:00,246,24,Avenue I,B
2025-05-05 17:00:00,247,23,Bay Pkwy,B
2025-05-05 17:00:00,248,22,Avenue N,B
2025-05-05 17:00:00,249,24,Avenue P,B
2025-05-05 17:00:00,250,18,Kings Hwy,B
2025-05-05 17:00:00,251,12,Avenue U,B
2025-05-05 17:00:00,252,11,Avenue X,B
2025-05-05 17:00:00,253,12,Neptune Av,B
2025-05-05 17:00:00,254,11,Jamaica-179 St,Q
2025-05-05 17:00:00,255,22,169 St,Q
2025-05-05 17:00:00,256,23,Parsons Blvd,Q
2025-05-05 17:00:00,257,22,Sutphin Blvd,Q
2025-05-05 17:00:00,258,22,Briarwood,Q
2025-05-05 17:00:00,259,45,Kew Gardens-Union Tpke,Q
2025-05-05 17:00:00,260,22,75 Av,Q
2025-05-05 17:00:00,261,62,Forest Hills-71 Av,Q
2025-05-05 17:00:00,262,32,67 Av,Q
2025-05-05 17:00:00,263,32,63 Dr-Rego Park,Q
2025-05-05 17:00:00,264,31,Woodhaven Blvd,Q
2025-05-05 17:00:00,265,31,Grand Av-Newtown,Q
2025-05-05 17:00:00,266,31,Elmhurst Av,Q
2025-05-05 17:00:00,268,31,65 St,Q
2025-05-05 17:00:00,269,30,Northern Blvd,Q
2025-05-05 17:00:00,270,31,46 St,Q
2025-05-05 17:00:00,271,33,Steinway St,Q
2025-05-05 17:00:00,272,32,36 St,Q
2025-05-05 17:00:00,273,55,Queens Plaza,Q
2025-05-05 17:00:00,276,39,5 Av/53 St,M
2025-05-05 17:00:00,277,56,7 Av,M
2025-05-05 17:00:00,278,19,Jamaica Center-Parsons/Archer,Q
2025-05-05 17:00:00,279,39,Sutphin Blvd-Archer Av-JFK Airport,Q
2025-05-05 17:00:00,280,22,Jamaica-Van Wyck,Q
2025-05-05 17:00:00,282,14,21 St,Q
2025-05-05 17:00:00,283,15,Greenpoint Av,B
2025-05-05 17:00:00,284,16,Nassau Av,B
2025-05-05 17:00:00,286,14,Broadway,B
2025-05-05 17:00:00,287,15,Flushing Av,B
2025-05-05 17:00:00,288,15,Myrtle-Willoughby Avs,B
2025-05-05 17:00:00,289,15,Bedford-Nostrand Avs,B
2025-05-05 17:00:00,290,16,Classon Av,B
2025-05-05 17:00:00,291,14,Clinton-Washington Avs,B
2025-05-05 17:00:00,292,14,Fulton St,B
2025-05-05 17:00:00,293,14,Van Cortlandt Park-242 St,Bx
2025-05-05 17:00:00,294,28,238 St,Bx
2025-05-05 17:00:00,295,27,231 St,Bx
2025-05-05 17:00:00,296,28,Marble Hill-225 St,M
2025-05-05 17:00:00,297,28,215 St,M
2025-05-05 17:00:00,298,28,207 St,M
2025-05-05 17:00:00,299,28,Dyckman St,M
2025-05-05 17:00:00,300,28,191 St,M
2025-05-05 17:00:00,301,29,181 St,M
2025-05-05 17:00:00,303,29,157 St,M
2025-05-05 17:00:00,304,28,145 St,M
2025-05-05 17:00:00,305,28,137 St-City College,M
2025-05-05 17:00:00,306,29,125 St,M
2025-05-05 17:00:00,307,28,116 St-Columbia University,M
2025-05-05 17:00:00,308,29,Cathedral Pkwy (110 St),M
2025-05-05 17:00:00,309,29,103 St,M
2025-05-05 17:00:00,310,66,96 St,M
2025-05-05 17:00:00,311,29,86 St,M
2025-05-05 17:00:00,312,29,79 St,M
2025-05-05 17:00:00,313,66,72 St,M
2025-05-05 17:00:00,314,29,66 St-Lincoln Center,M
2025-05-05 17:00:00,316,30,50 St,M
2025-05-05 17:00:00,318,67,34 St-Penn Station,M
2025-05-05 17:00:00,319,30,28 St,M
2025-05-05 17:00:00,320,30,23 St,M
2025-05-05 17:00:00,321,29,18 St,M
2025-05-05 17:00:00,323,30,Christopher St-Stonewall,M
2025-05-05 17:00:00,324,29,Houston St,M
2025-05-05 17:00:00,325,30,Canal St,M
2025-05-05 17:00:00,326,30,Franklin St,M
2025-05-05 17:00:00,327,68,Chambers St,M
2025-05-05 17:00:00,328,30,WTC Cortlandt,M
2025-05-05 17:00:00,329,30,Rector St,M
2025-05-05 17:00:00,333,38,Wall St,M
2025-05-05 17:00:00,334,37,Clark St,B
2025-05-05 17:00:00,336,36,Hoyt St,B
2025-05-05 17:00:00,337,81,Nevins St,B
2025-05-05 17:00:00,339,36,Bergen St,B
2025-05-05 17:00:00,340,35,Grand Army Plaza,B
2025-05-05 17:00:00,341,37,Eastern Pkwy-Brooklyn Museum,B
2025-05-05 17:00:00,343,19,Nostrand Av,B
2025-05-05 17:00:00,344,19,Kingston Av,B
2025-05-05 17:00:00,345,33,Crown Hts-Utica Av,B
2025-05-05 17:00:00,346,17,Sutter Av-Rutland Rd,B
2025-05-05 17:00:00,347,17,Saratoga Av,B
2025-05-05 17:00:00,348,16,Rockaway Av,B
2025-05-05 17:00:00,349,16,Junius St,B
2025-05-05 17:00:00,350,17,Pennsylvania Av,B
2025-05-05 17:00:00,351,17,Van Siclen Av,B
2025-05-05 17:00:00,352,9,New Lots Av,B
2025-05-05 17:00:00,353,33,President St-Medgar Evers College,B
2025-05-05 17:00:00,354,35,Sterling St,B
2025-05-05 17:00:00,355,36,Winthrop St,B
2025-05-05 17:00:00,356,34,Church Av,B
2025-05-05 17:00:00,357,34,Beverly Rd,B
2025-05-05 17:00:00,358,33,Newkirk Av-Little Haiti,B
2025-05-05 17:00:00,359,17,Flatbush Av-Brooklyn College,B
2025-05-05 17:00:00,360,8,Pelham Bay Park,Bx
2025-05-05 17:00:00,361,16,Buhre Av,Bx
2025-05-05 17:00:00,362,17,Middletown Rd,Bx
2025-05-05 17:00:00,363,17,Westchester Sq-E Tremont Av,Bx
2025-05-05 17:00:00,364,18,Zerega Av,Bx
2025-05-05 17:00:00,365,18,Castle Hill Av,Bx
2025-05-05 17:00:00,366,25,Parkchester,Bx
2025-05-05 17:00:00,367,24,St Lawrence Av,Bx
2025-05-05 17:00:00,368,24,Morrison Av-Soundview,Bx
2025-05-05 17:00:00,369,25,Elder Av,Bx
2025-05-05 17:00:00,370,24,Whitlock Av,Bx
2025-05-05 17:00:00,371,34,Hunts Point Av,Bx
2025-05-05 17:00:00,372,25,Longwood Av,Bx
2025-05-05 17:00:00,373,24,E 149 St,Bx
2025-05-05 17:00:00,374,24,E 143 St-St Mary's St,Bx
2025-05-05 17:00:00,375,24,Cypress Av,Bx
2025-05-05 17:00:00,376,24,Brook Av,Bx
2025-05-05 17:00:00,377,35,3 Av-138 St,Bx
2025-05-05 17:00:00,378,9,Woodlawn,Bx
2025-05-05 17:00:00,379,19,Mosholu Pkwy,Bx
2025-05-05 17:00:00,380,20,Bedford Park Blvd-Lehman College,Bx
2025-05-05 17:00:00,381,19,Kingsbridge Rd,Bx
2025-05-05 17:00:00,382,20,Fordham Rd,Bx
2025-05-05 17:00:00,383,19,183 St,Bx
2025-05-05 17:00:00,384,20,Burnside Av,Bx
2025-05-05 17:00:00,385,21,176 St,Bx
2025-05-05 17:00:00,386,21,Mt Eden Av,Bx
2025-05-05 17:00:00,387,20,170 St,Bx
2025-05-05 17:00:00,388,20,167 St,Bx
2025-05-05 17:00:00,391,30,138 St-Grand Concourse,Bx
2025-05-05 17:00:00,392,76,125 St,M
2025-05-05 17:00:00,393,35,116 St,M
2025-05-05 17:00:00,394,36,110 St,M
2025-05-05 17:00:00,395,35,103 St,M
2025-05-05 17:00:00,396,37,96 St,M
2025-05-05 17:00:00,397,78,86 St,M
2025-05-05 17:00:00,398,36,77 St,M
2025-05-05 17:00:00,399,36,68 St-Hunter College,M
2025-05-05 17:00:00,403,36,33 St,M
2025-05-05 17:00:00,404,36,28 St,M
2025-05-05 17:00:00,405,35,23 St-Baruch College,M
2025-05-05 17:00:00,407,35,Astor Pl,M
2025-05-05 17:00:00,409,35,Spring St,M
2025-05-05 17:00:00,413,50,Wall St,M
2025-05-05 17:00:00,414,47,Bowling Green,M
2025-05-05 17:00:00,416,9,Wakefield-241 St,Bx
2025-05-05 17:00:00,417,17,Nereid Av,Bx
2025-05-05 17:00:00,418,20,233 St,Bx
2025-05-05 17:00:00,419,21,225 St,Bx
2025-05-05 17:00:00,420,21,219 St,Bx
2025-05-05 17:00:00,421,20,Gun Hill Rd,Bx
2025-05-05 17:00:00,422,20,Burke Av,Bx
2025-05-05 17:00:00,423,20,Allerton Av,Bx
2025-05-05 17:00:00,424,21,Pelham Pkwy,Bx
2025-05-05 17:00:00,425,22,Bronx Park East,Bx
2025-05-05 17:00:00,426,36,E 180 St,Bx
2025-05-05 17:00:00,427,24,West Farms Sq-E Tremont Av,Bx
2025-05-05 17:00:00,428,24,174 St,Bx
2025-05-05 17:00:00,429,25,Freeman St,Bx
2025-05-05 17:00:00,430,25,Simpson St,Bx
2025-05-05 17:00:00,431,24,Intervale Av,Bx
2025-05-05 17:00:00,432,23,Prospect Av,Bx
2025-05-05 17:00:00,433,25,Jackson Av,Bx
2025-05-05 17:00:00,434,39,3 Av-149 St,Bx
2025-05-05 17:00:00,436,7,Harlem-148 St,M
2025-05-05 17:00:00,437,16,145 St,M
2025-05-05 17:00:00,438,36,135 St,M
2025-05-05 17:00:00,439,36,125 St,M
2025-05-05 17:00:00,440,36,116 St,M
2025-05-05 17:00:00,441,35,110 St-Malcolm X Plaza,M
2025-05-05 17:00:00,442,7,Eastchester-Dyre Av,Bx
2025-05-05 17:00:00,443,13,Baychester Av,Bx
2025-05-05 17:00:00,444,14,Gun Hill Rd,Bx
2025-05-05 17:00:00,445,14,Pelham Pkwy,Bx
2025-05-05 17:00:00,446,14,Morris Park,Bx
2025-05-05 17:00:00,447,20,Flushing-Main St,Q
2025-05-05 17:00:00,448,39,Mets-Willets Point,Q
2025-05-05 17:00:00,449,33,111 St,Q
2025-05-05 17:00:00,450,34,103 St-Corona Plaza,Q
2025-05-05 17:00:00,451,45,Junction Blvd,Q
2025-05-05 17:00:00,452,34,90 St-Elmhurst Av,Q
2025-05-05 17:00:00,453,35,82 St-Jackson Hts,Q
2025-05-05 17:00:00,455,47,69 St,Q
2025-05-05 17:00:00,456,47,61 St-Woodside,Q
2025-05-05 17:00:00,457,49,61 St-Woodside,Q
2025-05-05 17:00:00,458,49,61 St-Woodside,Q
2025-05-05 17:00:00,459,51,61 St-Woodside,Q
2025-05-05 17:00:00,460,51,61 St-Woodside,Q
2025-05-05 17:00:00,461,47,61 St-Woodside,Q
2025-05-05 17:00:00,463,51,Hunters Point Av,Q
2025-05-05 17:00:00,464,50,Vernon Blvd-Jackson Av,Q
2025-05-05 17:00:00,471,26,34 St-Hudson Yards,M
2025-05-05 17:00:00,475,10,96 St,M
2025-05-05 17:00:00,476,20,86 St,M
2025-05-05 17:00:00,477,19,72 St,M
2025-05-05 17:00:00,501,6,St George,SI
2025-05-05 17:00:00,502,6,Tompkinsville,SI
2025-05-05 17:00:00,503,6,Stapleton,SI
2025-05-05 17:00:00,504,8,Clifton,SI
2025-05-05 17:00:00,505,8,Grasmere,SI
2025-05-05 17:00:00,506,7,Old Town,SI
2025-05-05 17:00:00,507,7,Dongan Hills,SI
2025-05-05 17:00:00,508,7,Jefferson Av,SI
2025-05-05 17:00:00,509,7,Grant City,SI
2025-05-05 17:00:00,510,7,New Dorp,SI
2025-05-05 17:00:00,511,7,Oakwood Heights,SI
2025-05-05 17:00:00,512,7,Bay Terrace,SI
2025-05-05 17:00:00,513,9,Great Kills,SI
2025-05-05 17:00:00,514,8,Eltingville,SI
2025-05-05 17:00:00,515,8,Annadale,SI
2025-05-05 17:00:00,516,8,Huguenot,SI
2025-05-05 17:00:00,517,8,Prince's Bay,SI
2025-05-05 17:00:00,518,8,Pleasant Plains,SI
2025-05-05 17:00:00,519,8,Richmond Valley,SI
2025-05-05 17:00:00,522,4,Tottenville,SI
2025-05-05 17:00:00,523,8,Arthur Kill,SI
2025-05-05 17:00:00,601,137,14 St/6 Av,M
2025-05-05 17:00:00,602,150,34 St-Herald Sq,M
2025-05-05 17:00:00,603,20,149 St-Grand Concourse,Bx
2025-05-05 17:00:00,604,42,161 St-Yankee Stadium,Bx
2025-05-05 17:00:00,605,57,168 St-Washington Hts,M
2025-05-05 17:00:00,606,96,Court Sq-23 St,Q
2025-05-05 17:00:00,607,135,34 St-Herald Sq,M
2025-05-05 17:00:00,608,55,4 Av-9 St,B
2025-05-05 17:00:00,609,119,42 St-Bryant Pk/5 Av,M
2025-05-05 17:00:00,610,152,Grand Central-42 St,M
2025-05-05 17:00:00,611,208,Times Sq-42 St/Port Authority Bus Terminal,M
2025-05-05 17:00:00,612,74,Lexington Av/51-53 Sts,M
2025-05-05 17:00:00,613,127,Lexington Av/59 St,M
2025-05-05 17:00:00,614,95,59 St-Columbus Circle,M
2025-05-05 17:00:00,615,31,62 St/New Utrecht Av,B
2025-05-05 17:00:00,616,122,Jackson Hts-Roosevelt Av/74 St-Broadway,Q
2025-05-05 17:00:00,617,168,Atlantic Av-Barclays Ctr,B
2025-05-05 17:00:00,618,76,14 St/8 Av,M
2025-05-05 17:00:00,619,107,Broadway-Lafayette St/Bleecker St,M
2025-05-05 17:00:00,620,101,Borough Hall/Court St,B
2025-05-05 17:00:00,621,33,Broadway Junction,B
2025-05-05 17:00:00,622,88,Brooklyn Bridge-City Hall/Chambers St,M
2025-05-05 17:00:00,623,88,Canal St,M
2025-05-05 17:00:00,624,118,Chambers St/WTC/Park Place/Cortlandt St,M
2025-05-05 17:00:00,625,58,Delancey St-Essex St,M
2025-05-05 17:00:00,626,97,Franklin Av-Medgar Evers College/Botanic Garden,B
2025-05-05 17:00:00,627,18,Franklin Av,B
2025-05-05 17:00:00,628,108,Fulton St,M
2025-05-05 17:00:00,629,46,Metropolitan Av/Lorimer St,B
2025-05-05 17:00:00,630,32,Myrtle-Wyckoff Avs,Q
2025-05-05 17:00:00,635,39,Whitehall St-South Ferry,M
2025-05-05 17:00:00,636,78,Jay St-MetroTech,B
2025-05-05 18:00:00,1,14,Astoria-Ditmars Blvd,Q
2025-05-05 18:00:00,2,27,Astoria Blvd,Q
2025-05-05 18:00:00,3,26,30 Av,Q
2025-05-05 18:00:00,4,27,Broadway,Q
2025-05-05 18:00:00,5,28,36 Av,Q
2025-05-05 18:00:00,6,27,39 Av-Dutch Kills,Q
2025-05-05 18:00:00,8,44,5 Av/59 St,M
2025-05-05 18:00:00,9,61,57 St-7 Av,M
2025-05-05 18:00:00,10,43,49 St,M
2025-05-05 18:00:00,13,28,28 St,M
2025-05-05 18:00:00,14,27,23 St,M
2025-05-05 18:00:00,16,28,8 St-NYU,M
2025-05-05 18:00:00,17,28,Prince St,M
2025-05-05 18:00:00,20,29,City Hall,M
2025-05-05 18:00:00,22,28,Rector St,M
2025-05-05 18:00:00,26,49,DeKalb Av,B
2025-05-05 18:00:00,28,18,Union St,B
2025-05-05 18:00:00,30,17,Prospect Av,B
2025-05-05 18:00:00,31,18,25 St,B
2025-05-05 18:00:00,32,49,36 St,B
2025-05-05 18:00:00,33,18,45 St,B
2025-05-05 18:00:00,34,19,53 St,B
2025-05-05 18:00:00,35,33,59 St,B
2025-05-05 18:00:00,36,17,Bay Ridge Av,B
2025-05-05 18:00:00,37,18,77 St,B
2025-05-05 18:00:00,38,17,86 St,B
2025-05-05 18:00:00,39,8,Bay Ridge-95 St,B
2025-05-05 18:00:00,41,33,7 Av,B
2025-05-05 18:00:00,42,41,Prospect Park,B
2025-05-05 18:00:00,43,19,Parkside Av,B
2025-05-05 18:00:00,44,34,Church Av,B
2025-05-05 18:00:00,45,20,Beverley Rd,B
2025-05-05 18:00:00,46,20,Cortelyou Rd,B
2025-05-05 18:00:00,47,34,Newkirk Plaza,B
2025-05-05 18:00:00,48,18,Avenue H,B
2025-05-05 18:00:00,49,19,Avenue J,B
2025-05-05 18:00:00,50,19,Avenue M,B
2025-05-05 18:00:00,51,35,Kings Hwy,B
2025-05-05 18:00:00,52,18,Avenue U,B
2025-05-05 18:00:00,53,19,Neck Rd,B
2025-05-05 18:00:00,54,35,Sheepshead Bay,B
2025-05-05 18:00:00,55,24,Brighton Beach,B
2025-05-05 18:00:00,56,18,Ocean Pkwy,B
2025-05-05 18:00:00,57,30,W 8 St-NY Aquarium,B
2025-05-05 18:00:00,58,31,Coney Island-Stillwell Av,B
2025-05-05 18:00:00,59,17,9 Av,B
2025-05-05 18:00:00,60,16,Fort Hamilton Pkwy,B
2025-05-05 18:00:00,61,17,50 St,B
2025-05-05 18:00:00,62,17,55 St,B
2025-05-05 18:00:00,64,17,71 St,B
2025-05-05 18:00:00,65,18,79 St,B
2025-05-05 18:00:00,66,18,18 Av,B
2025-05-05 18:00:00,67,19,20 Av,B
2025-05-05 18:00:00,68,18,Bay Pkwy,B
2025-05-05 18:00:00,69,18,25 Av,B
2025-05-05 18:00:00,70,17,Bay 50 St,B
2025-05-05 18:00:00,71,17,8 Av,B
2025-05-05 18:00:00,72,16,Fort Hamilton Pkwy,B
2025-05-05 18:00:00,74,16,18 Av,B
2025-05-05 18:00:00,75,14,20 Av,B
2025-05-05 18:00:00,76,15,Bay Pkwy,B
2025-05-05 18:00:00,77,14,Kings Hwy,B
2025-05-05 18:00:00,78,16,Avenue U,B
2025-05-05 18:00:00,79,16,86 St,B
2025-05-05 18:00:00,80,16,121 St,Q
2025-05-05 18:00:00,81,16,111 St,Q
2025-05-05 18:00:00,82,15,104 St,Q
2025-05-05 18:00:00,83,15,Woodhaven Blvd,Q
2025-05-05 18:00:00,84,15,85 St-Forest Pkwy,Q
2025-05-05 18:00:00,85,14,75 St-Elderts Ln,Q
2025-05-05 18:00:00,86,15,Cypress Hills,B
2025-05-05 18:00:00,87,15,Crescent St,B
2025-05-05 18:00:00,88,12,Norwood Av,B
2025-05-05 18:00:00,89,12,Cleveland St,B
2025-05-05 18:00:00,90,13,Van Siclen Av,B
2025-05-05 18:00:00,91,14,Alabama Av,B
2025-05-05 18:00:00,93,13,Chauncey St,B
2025-05-05 18:00:00,94,13,Halsey St,B
2025-05-05 18:00:00,95,14,Gates Av,B
2025-05-05 18:00:00,96,13,Kosciuszko St,B
2025-05-05 18:00:00,97,30,Myrtle Av,B
2025-05-05 18:00:00,98,22,Flushing Av,B
2025-05-05 18:00:00,99,22,Lorimer St,B
2025-05-05 18:00:00,100,22,Hewes St,B
2025-05-05 18:00:00,101,30,Marcy Av,B
2025-05-05 18:00:00,103,14,Bowery,M
2025-05-05 18:00:00,107,7,Broad St,M
2025-05-05 18:00:00,108,8,Middle Village-Metropolitan Av,Q
2025-05-05 18:00:00,109,15,Fresh Pond Rd,Q
2025-05-05 18:00:00,110,14,Forest Av,Q
2025-05-05 18:00:00,111,14,Seneca Av,Q
2025-05-05 18:00:00,113,16,Knickerbocker Av,B
2025-05-05 18:00:00,114,15,Central Av,B
2025-05-05 18:00:00,118,35,3 Av,M
2025-05-05 18:00:00,119,34,1 Av,M
2025-05-05 18:00:00,120,34,Bedford Av,B
2025-05-05 18:00:00,122,35,Graham Av,B
2025-05-05 18:00:00,123,34,Grand St,B
2025-05-05 18:00:00,124,34,Montrose Av,B
2025-05-05 18:00:00,125,35,Morgan Av,B
2025-05-05 18:00:00,126,34,Jefferson St,B
2025-05-05 18:00:00,127,35,DeKalb Av,B
2025-05-05 18:00:00,129,35,Halsey St,B
2025-05-05 18:00:00,130,34,Wilson Av,B
2025-05-05 18:00:00,131,36,Bushwick Av-Aberdeen St,B
2025-05-05 18:00:00,133,35,Atlantic Av,B
2025-05-05 18:00:00,134,34,Sutter Av,B
2025-05-05 18:00:00,135,34,Livonia Av,B
2025-05-05 18:00:00,136,36,New Lots Av,B
2025-05-05 18:00:00,137,34,East 105 St,B
2025-05-05 18:00:00,138,16,Canarsie-Rockaway Pkwy,B
2025-05-05 18:00:00,141,12,Park Pl,B
2025-05-05 18:00:00,143,11,Inwood-207 St,M
2025-05-05 18:00:00,144,18,Dyckman St,M
2025-05-05 18:00:00,145,18,190 St,M
2025-05-05 18:00:00,146,20,181 St,M
2025-05-05 18:00:00,147,18,175 St,M
2025-05-05 18:00:00,149,13,163 St-Amsterdam Av,M
2025-05-05 18:00:00,150,13,155 St,M
2025-05-05 18:00:00,152,28,135 St,M
2025-05-05 18:00:00,153,60,125 St,M
2025-05-05 18:00:00,154,25,116 St,M
2025-05-05 18:00:00,155,26,Cathedral Pkwy (110 St),M
2025-05-05 18:00:00,156,26,103 St,M
2025-05-05 18:00:00,157,28,96 St,M
2025-05-05 18:00:00,158,28,86 St,M
2025-05-05 18:00:00,159,27,81 St-Museum of Natural History,M
2025-05-05 18:00:00,160,26,72 St,M
2025-05-05 18:00:00,162,38,50 St,M
2025-05-05 18:00:00,164,56,34 St-Penn Station,M
2025-05-05 18:00:00,165,36,23 St,M
2025-05-05 18:00:00,168,37,Spring St,M
2025-05-05 18:00:00,169,58,Canal St,M
2025-05-05 18:00:00,173,32,High St,B
2025-05-05 18:00:00,175,48,Hoyt-Schermerhorn Sts,B
2025-05-05 18:00:00,176,13,Lafayette Av,B
2025-05-05 18:00:00,177,12,Clinton-Washington Avs,B
2025-05-05 18:00:00,179,34,Nostrand Av,B
2025-05-05 18:00:00,180,13,Kingston-Throop Avs,B
2025-05-05 18:00:00,181,34,Utica Av,B
2025-05-05 18:00:00,182,13,Ralph Av,B
2025-05-05 18:00:00,183,12,Rockaway Av,B
2025-05-05 18:00:00,185,13,Liberty Av,B
2025-05-05 18:00:00,186,12,Van Siclen Av,B
2025-05-05 18:00:00,187,11,Shepherd Av,B
2025-05-05 18:00:00,188,28,Euclid Av,B
2025-05-05 18:00:00,189,20,Grant Av,B
2025-05-05 18:00:00,190,20,80 St,Q
2025-05-05 18:00:00,191,19,88 St,Q
2025-05-05 18:00:00,192,20,Rockaway Blvd,Q
2025-05-05 18:00:00,193,9,104 St,Q
2025-05-05 18:00:00,194,10,111 St,Q
2025-05-05 18:00:00,195,4,Ozone Park-Lefferts Blvd,Q
2025-05-05 18:00:00,196,5,Aqueduct Racetrack,Q
2025-05-05 18:00:00,197,12,Aqueduct-N Conduit Av,Q
2025-05-05 18:00:00,198,5,Howard Beach-JFK Airport,Q
2025-05-05 18:00:00,200,8,Beach 90 St,Q
2025-05-05 18:00:00,201,8,Beach 98 St,Q
2025-05-05 18:00:00,202,8,Beach 105 St,Q
2025-05-05 18:00:00,203,4,Rockaway Park-Beach 116 St,Q
2025-05-05 18:00:00,204,8,Beach 67 St,Q
2025-05-05 18:00:00,205,8,Beach 60 St,Q
2025-05-05 18:00:00,206,8,Beach 44 St,Q
2025-05-05 18:00:00,207,8,Beach 36 St,Q
2025-05-05 18:00:00,208,8,Beach 25 St,Q
2025-05-05 18:00:00,209,4,Far Rockaway-Mott Av,Q
2025-05-05 18:00:00,210,6,Norwood-205 St,Bx
2025-05-05 18:00:00,211,19,Bedford Park Blvd,Bx
2025-05-05 18:00:00,212,25,Kingsbridge Rd,Bx
2025-05-05 18:00:00,213,25,Fordham Rd,Bx
2025-05-05 18:00:00,214,19,182-183 Sts,Bx
2025-05-05 18:00:00,215,25,Tremont Av,Bx
2025-05-05 18:00:00,216,19,174-175 Sts,Bx
2025-05-05 18:00:00,217,19,170 St,Bx
2025-05-05 18:00:00,218,19,167 St,Bx
2025-05-05 18:00:00,220,20,155 St,M
2025-05-05 18:00:00,221,25,21 St-Queensbridge,Q
2025-05-05 18:00:00,222,24,Roosevelt Island,M
2025-05-05 18:00:00,223,42,Lexington Av/63 St,M
2025-05-05 18:00:00,224,23,57 St,M
2025-05-05 18:00:00,225,68,47-50 Sts-Rockefeller Ctr,M
2025-05-05 18:00:00,228,40,23 St,M
2025-05-05 18:00:00,231,28,Grand St,M
2025-05-05 18:00:00,232,23,2 Av,M
2025-05-05 18:00:00,234,23,East Broadway,M
2025-05-05 18:00:00,235,21,York St,B
2025-05-05 18:00:00,236,36,Bergen St,B
2025-05-05 18:00:00,237,37,Carroll St,B
2025-05-05 18:00:00,238,36,Smith-9 Sts,B
2025-05-05 18:00:00,240,37,7 Av,B
2025-05-05 18:00:00,241,37,15 St-Prospect Park,B
2025-05-05 18:00:00,242,36,Fort Hamilton Pkwy,B
2025-05-05 18:00:00,243,29,Church Av,B
2025-05-05 18:00:00,244,21,Ditmas Av,B
2025-05-05 18:00:00,245,22,18 Av,B
2025-05-05 18:00:00,246,21,Avenue I,B
2025-05-05 18:00:00,247,21,Bay Pkwy,B
2025-05-05 18:00:00,248,21,Avenue N,B
2025-05-05 18:00:00,249,21,Avenue P,B
2025-05-05 18:00:00,250,16,Kings Hwy,B
2025-05-05 18:00:00,251,12,Avenue U,B
2025-05-05 18:00:00,252,12,Avenue X,B
2025-05-05 18:00:00,253,12,Neptune Av,B
2025-05-05 18:00:00,254,12,Jamaica-179 St,Q
2025-05-05 18:00:00,255,24,169 St,Q
2025-05-05 18:00:00,256,25,Parsons Blvd,Q
2025-05-05 18:00:00,257,25,Sutphin Blvd,Q
2025-05-05 18:00:00,258,36,Briarwood,Q
2025-05-05 18:00:00,259,50,Kew Gardens-Union Tpke,Q
2025-05-05 18:00:00,260,35,75 Av,Q
2025-05-05 18:00:00,261,65,Forest Hills-71 Av,Q
2025-05-05 18:00:00,262,31,67 Av,Q
2025-05-05 18:00:00,263,32,63 Dr-Rego Park,Q
2025-05-05 18:00:00,264,31,Woodhaven Blvd,Q
2025-05-05 18:00:00,265,30,Grand Av-Newtown,Q
2025-05-05 18:00:00,266,31,Elmhurst Av,Q
2025-05-05 18:00:00,268,31,65 St,Q
2025-05-05 18:00:00,269,32,Northern Blvd,Q
2025-05-05 18:00:00,270,32,46 St,Q
2025-05-05 18:00:00,271,31,Steinway St,Q
2025-05-05 18:00:00,272,33,36 St,Q
2025-05-05 18:00:00,273,56,Queens Plaza,Q
2025-05-05 18:00:00,276,41,5 Av/53 St,M
2025-05-05 18:00:00,277,52,7 Av,M
2025-05-05 18:00:00,278,18,Jamaica Center-Parsons/Archer,Q
2025-05-05 18:00:00,279,40,Sutphin Blvd-Archer Av-JFK Airport,Q
2025-05-05 18:00:00,280,25,Jamaica-Van Wyck,Q
2025-05-05 18:00:00,282,15,21 St,Q
2025-05-05 18:00:00,283,15,Greenpoint Av,B
2025-05-05 18:00:00,284,14,Nassau Av,B
2025-05-05 18:00:00,286,16,Broadway,B
2025-05-05 18:00:00,287,16,Flushing Av,B
2025-05-05 18:00:00,288,15,Myrtle-Willoughby Avs,B
2025-05-05 18:00:00,289,15,Bedford-Nostrand Avs,B
2025-05-05 18:00:00,290,14,Classon Av,B
2025-05-05 18:00:00,291,15,Clinton-Washington Avs,B
2025-05-05 18:00:00,292,16,Fulton St,B
2025-05-05 18:00:00,293,15,Van Cortlandt Park-242 St,Bx
2025-05-05 18:00:00,294,30,238 St,Bx
2025-05-05 18:00:00,295,30,231 St,Bx
2025-05-05 18:00:00,296,30,Marble Hill-225 St,M
2025-05-05 18:00:00,297,30,215 St,M
2025-05-05 18:00:00,298,30,207 St,M
2025-05-05 18:00:00,299,30,Dyckman St,M
2025-05-05 18:00:00,300,30,191 St,M
2025-05-05 18:00:00,301,30,181 St,M
2025-05-05 18:00:00,303,30,157 St,M
2025-05-05 18:00:00,304,30,145 St,M
2025-05-05 18:00:00,305,30,137 St-City College,M
2025-05-05 18:00:00,306,30,125 St,M
2025-05-05 18:00:00,307,30,116 St-Columbia University,M
2025-05-05 18:00:00,308,30,Cathedral Pkwy (110 St),M
2025-05-05 18:00:00,309,30,103 St,M
2025-05-05 18:00:00,310,64,96 St,M
2025-05-05 18:00:00,311,30,86 St,M
2025-05-05 18:00:00,312,30,79 St,M
2025-05-05 18:00:00,313,65,72 St,M
2025-05-05 18:00:00,314,30,66 St-Lincoln Center,M
2025-05-05 18:00:00,316,30,50 St,M
2025-05-05 18:00:00,318,63,34 St-Penn Station,M
2025-05-05 18:00:00,319,30,28 St,M
2025-05-05 18:00:00,320,30,23 St,M
2025-05-05 18:00:00,321,31,18 St,M
2025-05-05 18:00:00,323,30,Christopher St-Stonewall,M
2025-05-05 18:00:00,324,31,Houston St,M
2025-05-05 18:00:00,325,30,Canal St,M
2025-05-05 18:00:00,326,30,Franklin St,M
2025-05-05 18:00:00,327,64,Chambers St,M
2025-05-05 18:00:00,328,30,WTC Cortlandt,M
2025-05-05 18:00:00,329,30,Rector St,M
2025-05-05 18:00:00,333,34,Wall St,M
2025-05-05 18:00:00,334,35,Clark St,B
2025-05-05 18:00:00,336,35,Hoyt St,B
2025-05-05 18:00:00,337,73,Nevins St,B
2025-05-05 18:00:00,339,35,Bergen St,B
2025-05-05 18:00:00,340,35,Grand Army Plaza,B
2025-05-05 18:00:00,341,34,Eastern Pkwy-Brooklyn Museum,B
2025-05-05 18:00:00,343,14,Nostrand Av,B
2025-05-05 18:00:00,344,15,Kingston Av,B
2025-05-05 18:00:00,345,27,Crown Hts-Utica Av,B
2025-05-05 18:00:00,346,16,Sutter Av-Rutland Rd,B
2025-05-05 18:00:00,347,17,Saratoga Av,B
2025-05-05 18:00:00,348,17,Rockaway Av,B
2025-05-05 18:00:00,349,16,Junius St,B
2025-05-05 18:00:00,350,16,Pennsylvania Av,B
2025-05-05 18:00:00,351,16,Van Siclen Av,B
2025-05-05 18:00:00,352,7,New Lots Av,B
2025-05-05 18:00:00,353,33,President St-Medgar Evers College,B
2025-05-05 18:00:00,354,32,Sterling St,B
2025-05-05 18:00:00,355,31,Winthrop St,B
2025-05-05 18:00:00,356,33,Church Av,B
2025-05-05 18:00:00,357,33,Beverly Rd,B
2025-05-05 18:00:00,358,33,Newkirk Av-Little Haiti,B
2025-05-05 18:00:00,359,15,Flatbush Av-Brooklyn College,B
2025-05-05 18:00:00,360,8,Pelham Bay Park,Bx
2025-05-05 18:00:00,361,19,Buhre Av,Bx
2025-05-05 18:00:00,362,17,Middletown Rd,Bx
2025-05-05 18:00:00,363,17,Westchester Sq-E Tremont Av,Bx
2025-05-05 18:00:00,364,17,Zerega Av,Bx
2025-05-05 18:00:00,365,18,Castle Hill Av,Bx
2025-05-05 18:00:00,366,25,Parkchester,Bx
2025-05-05 18:00:00,367,21,St Lawrence Av,Bx
2025-05-05 18:00:00,368,22,Morrison Av-Soundview,Bx
2025-05-05 18:00:00,369,22,Elder Av,Bx
2025-05-05 18:00:00,370,23,Whitlock Av,Bx
2025-05-05 18:00:00,371,33,Hunts Point Av,Bx
2025-05-05 18:00:00,372,22,Longwood Av,Bx
2025-05-05 18:00:00,373,23,E 149 St,Bx
2025-05-05 18:00:00,374,23,E 143 St-St Mary's St,Bx
2025-05-05 18:00:00,375,23,Cypress Av,Bx
2025-05-05 18:00:00,376,23,Brook Av,Bx
2025-05-05 18:00:00,377,32,3 Av-138 St,Bx
2025-05-05 18:00:00,378,10,Woodlawn,Bx
2025-05-05 18:00:00,379,19,Mosholu Pkwy,Bx
2025-05-05 18:00:00,380,18,Bedford Park Blvd-Lehman College,Bx
2025-05-05 18:00:00,381,23,Kingsbridge Rd,Bx
2025-05-05 18:00:00,382,23,Fordham Rd,Bx
2025-05-05 18:00:00,383,22,183 St,Bx
2025-05-05 18:00:00,384,22,Burnside Av,Bx
2025-05-05 18:00:00,385,22,176 St,Bx
2025-05-05 18:00:00,386,22,Mt Eden Av,Bx
2025-05-05 18:00:00,387,21,170 St,Bx
2025-05-05 18:00:00,388,23,167 St,Bx
2025-05-05 18:00:00,391,36,138 St-Grand Concourse,Bx
2025-05-05 18:00:00,392,73,125 St,M
2025-05-05 18:00:00,393,32,116 St,M
2025-05-05 18:00:00,394,33,110 St,M
2025-05-05 18:00:00,395,32,103 St,M
2025-05-05 18:00:00,396,32,96 St,M
2025-05-05 18:00:00,397,72,86 St,M
2025-05-05 18:00:00,398,32,77 St,M
2025-05-05 18:00:00,399,31,68 St-Hunter College,M
2025-05-05 18:00:00,403,31,33 St,M
2025-05-05 18:00:00,404,32,28 St,M
2025-05-05 18:00:00,405,32,23 St-Baruch College,M
2025-05-05 18:00:00,407,32,Astor Pl,M
2025-05-05 18:00:00,409,32,Spring St,M
2025-05-05 18:00:00,413,37,Wall St,M
2025-05-05 18:00:00,414,37,Bowling Green,M
2025-05-05 18:00:00,416,8,Wakefield-241 St,Bx
2025-05-05 18:00:00,417,18,Nereid Av,Bx
2025-05-05 18:00:00,418,25,233 St,Bx
2025-05-05 18:00:00,419,24,225 St,Bx
2025-05-05 18:00:00,420,25,219 St,Bx
2025-05-05 18:00:00,421,26,Gun Hill Rd,Bx
2025-05-05 18:00:00,422,26,Burke Av,Bx
2025-05-05 18:00:00,423,26,Allerton Av,Bx
2025-05-05 18:00:00,424,25,Pelham Pkwy,Bx
2025-05-05 18:00:00,425,26,Bronx Park East,Bx
2025-05-05 18:00:00,426,39,E 180 St,Bx
2025-05-05 18:00:00,427,26,West Farms Sq-E Tremont Av,Bx
2025-05-05 18:00:00,428,26,174 St,Bx
2025-05-05 18:00:00,429,25,Freeman St,Bx
2025-05-05 18:00:00,430,26,Simpson St,Bx
2025-05-05 18:00:00,431,26,Intervale Av,Bx
2025-05-05 18:00:00,432,27,Prospect Av,Bx
2025-05-05 18:00:00,433,25,Jackson Av,Bx
2025-05-05 18:00:00,434,38,3 Av-149 St,Bx
2025-05-05 18:00:00,436,8,Harlem-148 St,M
2025-05-05 18:00:00,437,17,145 St,M
2025-05-05 18:00:00,438,35,135 St,M
2025-05-05 18:00:00,439,35,125 St,M
2025-05-05 18:00:00,440,36,116 St,M
2025-05-05 18:00:00,441,36,110 St-Malcolm X Plaza,M
2025-05-05 18:00:00,442,7,Eastchester-Dyre Av,Bx
2025-05-05 18:00:00,443,15,Baychester Av,Bx
2025-05-05 18:00:00,444,14,Gun Hill Rd,Bx
2025-05-05 18:00:00,445,14,Pelham Pkwy,Bx
2025-05-05 18:00:00,446,14,Morris Park,Bx
2025-05-05 18:00:00,447,19,Flushing-Main St,Q
2025-05-05 18:00:00,448,40,Mets-Willets Point,Q
2025-05-05 18:00:00,449,33,111 St,Q
2025-05-05 18:00:00,450,32,103 St-Corona Plaza,Q
2025-05-05 18:00:00,451,45,Junction Blvd,Q
2025-05-05 18:00:00,452,32,90 St-Elmhurst Av,Q
2025-05-05 18:00:00,453,32,82 St-Jackson Hts,Q
2025-05-05 18:00:00,455,43,69 St,Q
2025-05-05 18:00:00,456,43,61 St-Woodside,Q
2025-05-05 18:00:00,457,44,61 St-Woodside,Q
2025-05-05 18:00:00,458,45,61 St-Woodside,Q
2025-05-05 18:00:00,459,45,61 St-Woodside,Q
2025-05-05 18:00:00,460,46,61 St-Woodside,Q
2025-05-05 18:00:00,461,43,61 St-Woodside,Q
2025-05-05 18:00:00,463,42,Hunters Point Av,Q
2025-05-05 18:00:00,464,41,Vernon Blvd-Jackson Av,Q
2025-05-05 18:00:00,471,19,34 St-Hudson Yards,M
2025-05-05 18:00:00,475,9,96 St,M
2025-05-05 18:00:00,476,18,86 St,M
2025-05-05 18:00:00,477,18,72 St,M
2025-05-05 18:00:00,501,8,St George,SI
2025-05-05 18:00:00,502,8,Tompkinsville,SI
2025-05-05 18:00:00,503,8,Stapleton,SI
2025-05-05 18:00:00,504,8,Clifton,SI
2025-05-05 18:00:00,505,8,Grasmere,SI
2025-05-05 18:00:00,506,8,Old Town,SI
2025-05-05 18:00:00,507,8,Dongan Hills,SI
2025-05-05 18:00:00,508,8,Jefferson Av,SI
2025-05-05 18:00:00,509,8,Grant City,SI
2025-05-05 18:00:00,510,8,New Dorp,SI
2025-05-05 18:00:00,511,8,Oakwood Heights,SI
2025-05-05 18:00:00,512,7,Bay Terrace,SI
2025-05-05 18:00:00,513,12,Great Kills,SI
2025-05-05 18:00:00,514,8,Eltingville,SI
2025-05-05 18:00:00,515,8,Annadale,SI
2025-05-05 18:00:00,516,8,Huguenot,SI
2025-05-05 18:00:00,517,8,Prince's Bay,SI
2025-05-05 18:00:00,518,8,Pleasant Plains,SI
2025-05-05 18:00:00,519,7,Richmond Valley,SI
2025-05-05 18:00:00,522,4,Tottenville,SI
2025-05-05 18:00:00,523,8,Arthur Kill,SI
2025-05-05 18:00:00,601,138,14 St/6 Av,M
2025-05-05 18:00:00,602,136,34 St-Herald Sq,M
2025-05-05 18:00:00,603,22,149 St-Grand Concourse,Bx
2025-05-05 18:00:00,604,43,161 St-Yankee Stadium,Bx
2025-05-05 18:00:00,605,56,168 St-Washington Hts,M
2025-05-05 18:00:00,606,90,Court Sq-23 St,Q
2025-05-05 18:00:00,607,135,34 St-Herald Sq,M
2025-05-05 18:00:00,608,53,4 Av-9 St,B
2025-05-05 18:00:00,609,109,42 St-Bryant Pk/5 Av,M
2025-05-05 18:00:00,610,127,Grand Central-42 St,M
2025-05-05 18:00:00,611,201,Times Sq-42 St/Port Authority Bus Terminal,M
2025-05-05 18:00:00,612,72,Lexington Av/51-53 Sts,M
2025-05-05 18:00:00,613,113,Lexington Av/59 St,M
2025-05-05 18:00:00,614,90,59 St-Columbus Circle,M
2025-05-05 18:00:00,615,34,62 St/New Utrecht Av,B
2025-05-05 18:00:00,616,124,Jackson Hts-Roosevelt Av/74 St-Broadway,Q
2025-05-05 18:00:00,617,152,Atlantic Av-Barclays Ctr,B
2025-05-05 18:00:00,618,74,14 St/8 Av,M
2025-05-05 18:00:00,619,99,Broadway-Lafayette St/Bleecker St,M
2025-05-05 18:00:00,620,88,Borough Hall/Court St,B
2025-05-05 18:00:00,621,34,Broadway Junction,B
2025-05-05 18:00:00,622,67,Brooklyn Bridge-City Hall/Chambers St,M
2025-05-05 18:00:00,623,75,Canal St,M
2025-05-05 18:00:00,624,108,Chambers St/WTC/Park Place/Cortlandt St,M
2025-05-05 18:00:00,625,52,Delancey St-Essex St,M
2025-05-05 18:00:00,626,81,Franklin Av-Medgar Evers College/Botanic Garden,B
2025-05-05 18:00:00,627,19,Franklin Av,B
2025-05-05 18:00:00,628,88,Fulton St,M
2025-05-05 18:00:00,629,49,Metropolitan Av/Lorimer St,B
2025-05-05 18:00:00,630,34,Myrtle-Wyckoff Avs,Q
2025-05-05 18:00:00,635,37,Whitehall St-South Ferry,M
2025-05-05 18:00:00,636,72,Jay St-MetroTech,B
2025-05-05 19:00:00,1,13,Astoria-Ditmars Blvd,Q
2025-05-05 19:00:00,2,26,Astoria Blvd,Q
2025-05-05 19:00:00,3,27,30 Av,Q
2025-05-05 19:00:00,4,26,Broadway,Q
2025-05-05 19:00:00,5,25,36 Av,Q
2025-05-05 19:00:00,6,25,39 Av-Dutch Kills,Q
2025-05-05 19:00:00,8,39,5 Av/59 St,M
2025-05-05 19:00:00,9,59,57 St-7 Av,M
2025-05-05 19:00:00,10,39,49 St,M
2025-05-05 19:00:00,13,27,28 St,M
2025-05-05 19:00:00,14,28,23 St,M
2025-05-05 19:00:00,16,27,8 St-NYU,M
2025-05-05 19:00:00,17,27,Prince St,M
2025-05-05 19:00:00,20,27,City Hall,M
2025-05-05 19:00:00,22,27,Rector St,M
2025-05-05 19:00:00,26,53,DeKalb Av,B
2025-05-05 19:00:00,28,24,Union St,B
2025-05-05 19:00:00,30,25,Prospect Av,B
2025-05-05 19:00:00,31,24,25 St,B
2025-05-05 19:00:00,32,40,36 St,B
2025-05-05 19:00:00,33,18,45 St,B
2025-05-05 19:00:00,34,18,53 St,B
2025-05-05 19:00:00,35,27,59 St,B
2025-05-05 19:00:00,36,14,Bay Ridge Av,B
2025-05-05 19:00:00,37,13,77 St,B
2025-05-05 19:00:00,38,13,86 St,B
2025-05-05 19:00:00,39,7,Bay Ridge-95 St,B
2025-05-05 19:00:00,41,30,7 Av,B
2025-05-05 19:00:00,42,36,Prospect Park,B
2025-05-05 19:00:00,43,17,Parkside Av,B
2025-05-05 19:00:00,44,30,Church Av,B
2025-05-05 19:00:00,45,17,Beverley Rd,B
2025-05-05 19:00:00,46,18,Cortelyou Rd,B
2025-05-05 19:00:00,47,30,Newkirk Plaza,B
2025-05-05 19:00:00,48,18,Avenue H,B
2025-05-05 19:00:00,49,17,Avenue J,B
2025-05-05 19:00:00,50,17,Avenue M,B
2025-05-05 19:00:00,51,32,Kings Hwy,B
2025-05-05 19:00:00,52,18,Avenue U,B
2025-05-05 19:00:00,53,17,Neck Rd,B
2025-05-05 19:00:00,54,30,Sheepshead Bay,B
2025-05-05 19:00:00,55,25,Brighton Beach,B
2025-05-05 19:00:00,56,19,Ocean Pkwy,B
2025-05-05 19:00:00,57,35,W 8 St-NY Aquarium,B
2025-05-05 19:00:00,58,28,Coney Island-Stillwell Av,B
2025-05-05 19:00:00,59,13,9 Av,B
2025-05-05 19:00:00,60,13,Fort Hamilton Pkwy,B
2025-05-05 19:00:00,61,13,50 St,B
2025-05-05 19:00:00,62,14,55 St,B
2025-05-05 19:00:00,64,14,71 St,B
2025-05-05 19:00:00,65,14,79 St,B
2025-05-05 19:00:00,66,12,18 Av,B
2025-05-05 19:00:00,67,12,20 Av,B
2025-05-05 19:00:00,68,13,Bay Pkwy,B
2025-05-05 19:00:00,69,13,25 Av,B
2025-05-05 19:00:00,70,14,Bay 50 St,B
2025-05-05 19:00:00,71,13,8 Av,B
2025-05-05 19:00:00,72,13,Fort Hamilton Pkwy,B
2025-05-05 19:00:00,74,12,18 Av,B
2025-05-05 19:00:00,75,13,20 Av,B
2025-05-05 19:00:00,76,13,Bay Pkwy,B
2025-05-05 19:00:00,77,15,Kings Hwy,B
2025-05-05 19:00:00,78,14,Avenue U,B
2025-05-05 19:00:00,79,13,86 St,B
2025-05-05 19:00:00,80,13,121 St,Q
2025-05-05 19:00:00,81,13,111 St,Q
2025-05-05 19:00:00,82,13,104 St,Q
2025-05-05 19:00:00,83,13,Woodhaven Blvd,Q
2025-05-05 19:00:00,84,13,85 St-Forest Pkwy,Q
2025-05-05 19:00:00,85,13,75 St-Elderts Ln,Q
2025-05-05 19:00:00,86,12,Cypress Hills,B
2025-05-05 19:00:00,87,13,Crescent St,B
2025-05-05 19:00:00,88,13,Norwood Av,B
2025-05-05 19:00:00,89,13,Cleveland St,B
2025-05-05 19:00:00,90,12,Van Siclen Av,B
2025-05-05 19:00:00,91,12,Alabama Av,B
2025-05-05 19:00:00,93,13,Chauncey St,B
2025-05-05 19:00:00,94,12,Halsey St,B
2025-05-05 19:00:00,95,12,Gates Av,B
2025-05-05 19:00:00,96,12,Kosciuszko St,B
2025-05-05 19:00:00,97,26,Myrtle Av,B
2025-05-05 19:00:00,98,20,Flushing Av,B
2025-05-05 19:00:00,99,20,Lorimer St,B
2025-05-05 19:00:00,100,21,Hewes St,B
2025-05-05 19:00:00,101,26,Marcy Av,B
2025-05-05 19:00:00,103,12,Bowery,M
2025-05-05 19:00:00,107,6,Broad St,M
2025-05-05 19:00:00,108,6,Middle Village-Metropolitan Av,Q
2025-05-05 19:00:00,109,14,Fresh Pond Rd,Q
2025-05-05 19:00:00,110,14,Forest Av,Q
2025-05-05 19:00:00,111,14,Seneca Av,Q
2025-05-05 19:00:00,113,14,Knickerbocker Av,B
2025-05-05 19:00:00,114,14,Central Av,B
2025-05-05 19:00:00,118,31,3 Av,M
2025-05-05 19:00:00,119,32,1 Av,M
2025-05-05 19:00:00,120,32,Bedford Av,B
2025-05-05 19:00:00,122,31,Graham Av,B
2025-05-05 19:00:00,123,32,Grand St,B
2025-05-05 19:00:00,124,32,Montrose Av,B
2025-05-05 19:00:00,125,31,Morgan Av,B
2025-05-05 19:00:00,126,32,Jefferson St,B
2025-05-05 19:00:00,127,31,DeKalb Av,B
2025-05-05 19:00:00,129,31,Halsey St,B
2025-05-05 19:00:00,130,32,Wilson Av,B
2025-05-05 19:00:00,131,30,Bushwick Av-Aberdeen St,B
2025-05-05 19:00:00,133,32,Atlantic Av,B
2025-05-05 19:00:00,134,33,Sutter Av,B
2025-05-05 19:00:00,135,32,Livonia Av,B
2025-05-05 19:00:00,136,32,New Lots Av,B
2025-05-05 19:00:00,137,32,East 105 St,B
2025-05-05 19:00:00,138,15,Canarsie-Rockaway Pkwy,B
2025-05-05 19:00:00,141,12,Park Pl,B
2025-05-05 19:00:00,143,9,Inwood-207 St,M
2025-05-05 19:00:00,144,20,Dyckman St,M
2025-05-05 19:00:00,145,20,190 St,M
2025-05-05 19:00:00,146,18,181 St,M
2025-05-05 19:00:00,147,19,175 St,M
2025-05-05 19:00:00,149,14,163 St-Amsterdam Av,M
2025-05-05 19:00:00,150,14,155 St,M
2025-05-05 19:00:00,152,25,135 St,M
2025-05-05 19:00:00,153,61,125 St,M
2025-05-05 19:00:00,154,27,116 St,M
2025-05-05 19:00:00,155,26,Cathedral Pkwy (110 St),M
2025-05-05 19:00:00,156,25,103 St,M
2025-05-05 19:00:00,157,25,96 St,M
2025-05-05 19:00:00,158,25,86 St,M
2025-05-05 19:00:00,159,26,81 St-Museum of Natural History,M
2025-05-05 19:00:00,160,28,72 St,M
2025-05-05 19:00:00,162,37,50 St,M
2025-05-05 19:00:00,164,56,34 St-Penn Station,M
2025-05-05 19:00:00,165,39,23 St,M
2025-05-05 19:00:00,168,38,Spring St,M
2025-05-05 19:00:00,169,56,Canal St,M
2025-05-05 19:00:00,173,34,High St,B
2025-05-05 19:00:00,175,49,Hoyt-Schermerhorn Sts,B
2025-05-05 19:00:00,176,14,Lafayette Av,B
2025-05-05 19:00:00,177,15,Clinton-Washington Avs,B
2025-05-05 19:00:00,179,32,Nostrand Av,B
2025-05-05 19:00:00,180,14,Kingston-Throop Avs,B
2025-05-05 19:00:00,181,34,Utica Av,B
2025-05-05 19:00:00,182,16,Ralph Av,B
2025-05-05 19:00:00,183,16,Rockaway Av,B
2025-05-05 19:00:00,185,14,Liberty Av,B
2025-05-05 19:00:00,186,14,Van Siclen Av,B
2025-05-05 19:00:00,187,15,Shepherd Av,B
2025-05-05 19:00:00,188,25,Euclid Av,B
2025-05-05 19:00:00,189,19,Grant Av,B
2025-05-05 19:00:00,190,19,80 St,Q
2025-05-05 19:00:00,191,19,88 St,Q
2025-05-05 19:00:00,192,19,Rockaway Blvd,Q
2025-05-05 19:00:00,193,9,104 St,Q
2025-05-05 19:00:00,194,9,111 St,Q
2025-05-05 19:00:00,195,4,Ozone Park-Lefferts Blvd,Q
2025-05-05 19:00:00,196,4,Aqueduct Racetrack,Q
2025-05-05 19:00:00,197,9,Aqueduct-N Conduit Av,Q
2025-05-05 19:00:00,198,4,Howard Beach-JFK Airport,Q
2025-05-05 19:00:00,200,8,Beach 90 St,Q
2025-05-05 19:00:00,201,8,Beach 98 St,Q
2025-05-05 19:00:00,202,8,Beach 105 St,Q
2025-05-05 19:00:00,203,4,Rockaway Park-Beach 116 St,Q
2025-05-05 19:00:00,204,8,Beach 67 St,Q
2025-05-05 19:00:00,205,8,Beach 60 St,Q
2025-05-05 19:00:00,206,8,Beach 44 St,Q
2025-05-05 19:00:00,207,8,Beach 36 St,Q
2025-05-05 19:00:00,208,8,Beach 25 St,Q
2025-05-05 19:00:00,209,4,Far Rockaway-Mott Av,Q
2025-05-05 19:00:00,210,7,Norwood-205 St,Bx
2025-05-05 19:00:00,211,15,Bedford Park Blvd,Bx
2025-05-05 19:00:00,212,15,Kingsbridge Rd,Bx
2025-05-05 19:00:00,213,15,Fordham Rd,Bx
2025-05-05 19:00:00,214,15,182-183 Sts,Bx
2025-05-05 19:00:00,215,17,Tremont Av,Bx
2025-05-05 19:00:00,216,15,174-175 Sts,Bx
2025-05-05 19:00:00,217,15,170 St,Bx
2025-05-05 19:00:00,218,14,167 St,Bx
2025-05-05 19:00:00,220,15,155 St,M
2025-05-05 19:00:00,221,22,21 St-Queensbridge,Q
2025-05-05 19:00:00,222,22,Roosevelt Island,M
2025-05-05 19:00:00,223,40,Lexington Av/63 St,M
2025-05-05 19:00:00,224,23,57 St,M
2025-05-05 19:00:00,225,63,47-50 Sts-Rockefeller Ctr,M
2025-05-05 19:00:00,228,36,23 St,M
2025-05-05 19:00:00,231,26,Grand St,M
2025-05-05 19:00:00,232,23,2 Av,M
2025-05-05 19:00:00,234,22,East Broadway,M
2025-05-05 19:00:00,235,23,York St,B
2025-05-05 19:00:00,236,38,Bergen St,B
2025-05-05 19:00:00,237,38,Carroll St,B
2025-05-05 19:00:00,238,37,Smith-9 Sts,B
2025-05-05 19:00:00,240,38,7 Av,B
2025-05-05 19:00:00,241,38,15 St-Prospect Park,B
2025-05-05 19:00:00,242,37,Fort Hamilton Pkwy,B
2025-05-05 19:00:00,243,30,Church Av,B
2025-05-05 19:00:00,244,22,Ditmas Av,B
2025-05-05 19:00:00,245,22,18 Av,B
2025-05-05 19:00:00,246,22,Avenue I,B
2025-05-05 19:00:00,247,22,Bay Pkwy,B
2025-05-05 19:00:00,248,23,Avenue N,B
2025-05-05 19:00:00,249,22,Avenue P,B
2025-05-05 19:00:00,250,21,Kings Hwy,B
2025-05-05 19:00:00,251,18,Avenue U,B
2025-05-05 19:00:00,252,18,Avenue X,B
2025-05-05 19:00:00,253,18,Neptune Av,B
2025-05-05 19:00:00,254,11,Jamaica-179 St,Q
2025-05-05 19:00:00,255,22,169 St,Q
2025-05-05 19:00:00,256,21,Parsons Blvd,Q
2025-05-05 19:00:00,257,22,Sutphin Blvd,Q
2025-05-05 19:00:00,258,36,Briarwood,Q
2025-05-05 19:00:00,259,46,Kew Gardens-Union Tpke,Q
2025-05-05 19:00:00,260,38,75 Av,Q
2025-05-05 19:00:00,261,59,Forest Hills-71 Av,Q
2025-05-05 19:00:00,262,28,67 Av,Q
2025-05-05 19:00:00,263,27,63 Dr-Rego Park,Q
2025-05-05 19:00:00,264,29,Woodhaven Blvd,Q
2025-05-05 19:00:00,265,30,Grand Av-Newtown,Q
2025-05-05 19:00:00,266,29,Elmhurst Av,Q
2025-05-05 19:00:00,268,28,65 St,Q
2025-05-05 19:00:00,269,28,Northern Blvd,Q
2025-05-05 19:00:00,270,28,46 St,Q
2025-05-05 19:00:00,271,28,Steinway St,Q
2025-05-05 19:00:00,272,27,36 St,Q
2025-05-05 19:00:00,273,51,Queens Plaza,Q
2025-05-05 19:00:00,276,37,5 Av/53 St,M
2025-05-05 19:00:00,277,50,7 Av,M
2025-05-05 19:00:00,278,17,Jamaica Center-Parsons/Archer,Q
2025-05-05 19:00:00,279,37,Sutphin Blvd-Archer Av-JFK Airport,Q
2025-05-05 19:00:00,280,25,Jamaica-Van Wyck,Q
2025-05-05 19:00:00,282,15,21 St,Q
2025-05-05 19:00:00,283,15,Greenpoint Av,B
2025-05-05 19:00:00,284,16,Nassau Av,B
2025-05-05 19:00:00,286,14,Broadway,B
2025-05-05 19:00:00,287,14,Flushing Av,B
2025-05-05 19:00:00,288,16,Myrtle-Willoughby Avs,B
2025-05-05 19:00:00,289,16,Bedford-Nostrand Avs,B
2025-05-05 19:00:00,290,16,Classon Av,B
2025-05-05 19:00:00,291,15,Clinton-Washington Avs,B
2025-05-05 19:00:00,292,14,Fulton St,B
2025-05-05 19:00:00,293,14,Van Cortlandt Park-242 St,Bx
2025-05-05 19:00:00,294,28,238 St,Bx
2025-05-05 19:00:00,295,30,231 St,Bx
2025-05-05 19:00:00,296,28,Marble Hill-225 St,M
2025-05-05 19:00:00,297,28,215 St,M
2025-05-05 19:00:00,298,30,207 St,M
2025-05-05 19:00:00,299,29,Dyckman St,M
2025-05-05 19:00:00,300,28,191 St,M
2025-05-05 19:00:00,301,29,181 St,M
2025-05-05 19:00:00,303,29,157 St,M
2025-05-05 19:00:00,304,29,145 St,M
2025-05-05 19:00:00,305,30,137 St-City College,M
2025-05-05 19:00:00,306,29,125 St,M
2025-05-05 19:00:00,307,31,116 St-Columbia University,M
2025-05-05 19:00:00,308,29,Cathedral Pkwy (110 St),M
2025-05-05 19:00:00,309,29,103 St,M
2025-05-05 19:00:00,310,65,96 St,M
2025-05-05 19:00:00,311,29,86 St,M
2025-05-05 19:00:00,312,30,79 St,M
2025-05-05 19:00:00,313,63,72 St,M
2025-05-05 19:00:00,314,29,66 St-Lincoln Center,M
2025-05-05 19:00:00,316,29,50 St,M
2025-05-05 19:00:00,318,64,34 St-Penn Station,M
2025-05-05 19:00:00,319,29,28 St,M
2025-05-05 19:00:00,320,30,23 St,M
2025-05-05 19:00:00,321,29,18 St,M
2025-05-05 19:00:00,323,30,Christopher St-Stonewall,M
2025-05-05 19:00:00,324,29,Houston St,M
2025-05-05 19:00:00,325,30,Canal St,M
2025-05-05 19:00:00,326,30,Franklin St,M
2025-05-05 19:00:00,327,63,Chambers St,M
2025-05-05 19:00:00,328,30,WTC Cortlandt,M
2025-05-05 19:00:00,329,31,Rector St,M
2025-05-05 19:00:00,333,32,Wall St,M
2025-05-05 19:00:00,334,33,Clark St,B
2025-05-05 19:00:00,336,32,Hoyt St,B
2025-05-05 19:00:00,337,65,Nevins St,B
2025-05-05 19:00:00,339,32,Bergen St,B
2025-05-05 19:00:00,340,33,Grand Army Plaza,B
2025-05-05 19:00:00,341,33,Eastern Pkwy-Brooklyn Museum,B
2025-05-05 19:00:00,343,16,Nostrand Av,B
2025-05-05 19:00:00,344,15,Kingston Av,B
2025-05-05 19:00:00,345,23,Crown Hts-Utica Av,B
2025-05-05 19:00:00,346,16,Sutter Av-Rutland Rd,B
2025-05-05 19:00:00,347,15,Saratoga Av,B
2025-05-05 19:00:00,348,14,Rockaway Av,B
2025-05-05 19:00:00,349,15,Junius St,B
2025-05-05 19:00:00,350,15,Pennsylvania Av,B
2025-05-05 19:00:00,351,15,Van Siclen Av,B
2025-05-05 19:00:00,352,7,New Lots Av,B
2025-05-05 19:00:00,353,30,President St-Medgar Evers College,B
2025-05-05 19:00:00,354,31,Sterling St,B
2025-05-05 19:00:00,355,31,Winthrop St,B
2025-05-05 19:00:00,356,29,Church Av,B
2025-05-05 19:00:00,357,30,Beverly Rd,B
2025-05-05 19:00:00,358,32,Newkirk Av-Little Haiti,B
2025-05-05 19:00:00,359,16,Flatbush Av-Brooklyn College,B
2025-05-05 19:00:00,360,10,Pelham Bay Park,Bx
2025-05-05 19:00:00,361,21,Buhre Av,Bx
2025-05-05 19:00:00,362,22,Middletown Rd,Bx
2025-05-05 19:00:00,363,21,Westchester Sq-E Tremont Av,Bx
2025-05-05 19:00:00,364,21,Zerega Av,Bx
2025-05-05 19:00:00,365,21,Castle Hill Av,Bx
2025-05-05 19:00:00,366,22,Parkchester,Bx
2025-05-05 19:00:00,367,21,St Lawrence Av,Bx
2025-05-05 19:00:00,368,20,Morrison Av-Soundview,Bx
2025-05-05 19:00:00,369,20,Elder Av,Bx
2025-05-05 19:00:00,370,20,Whitlock Av,Bx
2025-05-05 19:00:00,371,29,Hunts Point Av,Bx
2025-05-05 19:00:00,372,21,Longwood Av,Bx
2025-05-05 19:00:00,373,21,E 149 St,Bx
2025-05-05 19:00:00,374,21,E 143 St-St Mary's St,Bx
2025-05-05 19:00:00,375,22,Cypress Av,Bx
2025-05-05 19:00:00,376,22,Brook Av,Bx
2025-05-05 19:00:00,377,29,3 Av-138 St,Bx
2025-05-05 19:00:00,378,9,Woodlawn,Bx
2025-05-05 19:00:00,379,19,Mosholu Pkwy,Bx
2025-05-05 19:00:00,380,19,Bedford Park Blvd-Lehman College,Bx
2025-05-05 19:00:00,381,19,Kingsbridge Rd,Bx
2025-05-05 19:00:00,382,18,Fordham Rd,Bx
2025-05-05 19:00:00,383,19,183 St,Bx
2025-05-05 19:00:00,384,19,Burnside Av,Bx
2025-05-05 19:00:00,385,18,176 St,Bx
2025-05-05 19:00:00,386,17,Mt Eden Av,Bx
2025-05-05 19:00:00,387,19,170 St,Bx
2025-05-05 19:00:00,388,20,167 St,Bx
2025-05-05 19:00:00,391,33,138 St-Grand Concourse,Bx
2025-05-05 19:00:00,392,63,125 St,M
2025-05-05 19:00:00,393,29,116 St,M
2025-05-05 19:00:00,394,29,110 St,M
2025-05-05 19:00:00,395,29,103 St,M
2025-05-05 19:00:00,396,28,96 St,M
2025-05-05 19:00:00,397,64,86 St,M
2025-05-05 19:00:00,398,29,77 St,M
2025-05-05 19:00:00,399,30,68 St-Hunter College,M
2025-05-05 19:00:00,403,30,33 St,M
2025-05-05 19:00:00,404,30,28 St,M
2025-05-05 19:00:00,405,30,23 St-Baruch College,M
2025-05-05 19:00:00,407,30,Astor Pl,M
2025-05-05 19:00:00,409,30,Spring St,M
2025-05-05 19:00:00,413,34,Wall St,M
2025-05-05 19:00:00,414,34,Bowling Green,M
2025-05-05 19:00:00,416,8,Wakefield-241 St,Bx
2025-05-05 19:00:00,417,19,Nereid Av,Bx
2025-05-05 19:00:00,418,21,233 St,Bx
2025-05-05 19:00:00,419,21,225 St,Bx
2025-05-05 19:00:00,420,21,219 St,Bx
2025-05-05 19:00:00,421,20,Gun Hill Rd,Bx
2025-05-05 19:00:00,422,20,Burke Av,Bx
2025-05-05 19:00:00,423,21,Allerton Av,Bx
2025-05-05 19:00:00,424,20,Pelham Pkwy,Bx
2025-05-05 19:00:00,425,19,Bronx Park East,Bx
2025-05-05 19:00:00,426,36,E 180 St,Bx
2025-05-05 19:00:00,427,25,West Farms Sq-E Tremont Av,Bx
2025-05-05 19:00:00,428,25,174 St,Bx
2025-05-05 19:00:00,429,25,Freeman St,Bx
2025-05-05 19:00:00,430,26,Simpson St,Bx
2025-05-05 19:00:00,431,25,Intervale Av,Bx
2025-05-05 19:00:00,432,24,Prospect Av,Bx
2025-05-05 19:00:00,433,25,Jackson Av,Bx
2025-05-05 19:00:00,434,33,3 Av-149 St,Bx
2025-05-05 19:00:00,436,8,Harlem-148 St,M
2025-05-05 19:00:00,437,16,145 St,M
2025-05-05 19:00:00,438,34,135 St,M
2025-05-05 19:00:00,439,34,125 St,M
2025-05-05 19:00:00,440,33,116 St,M
2025-05-05 19:00:00,441,34,110 St-Malcolm X Plaza,M
2025-05-05 19:00:00,442,6,Eastchester-Dyre Av,Bx
2025-05-05 19:00:00,443,14,Baychester Av,Bx
2025-05-05 19:00:00,444,14,Gun Hill Rd,Bx
2025-05-05 19:00:00,445,14,Pelham Pkwy,Bx
2025-05-05 19:00:00,446,14,Morris Park,Bx
2025-05-05 19:00:00,447,17,Flushing-Main St,Q
2025-05-05 19:00:00,448,37,Mets-Willets Point,Q
2025-05-05 19:00:00,449,27,111 St,Q
2025-05-05 19:00:00,450,27,103 St-Corona Plaza,Q
2025-05-05 19:00:00,451,37,Junction Blvd,Q
2025-05-05 19:00:00,452,28,90 St-Elmhurst Av,Q
2025-05-05 19:00:00,453,27,82 St-Jackson Hts,Q
2025-05-05 19:00:00,455,38,69 St,Q
2025-05-05 19:00:00,456,38,61 St-Woodside,Q
2025-05-05 19:00:00,457,38,61 St-Woodside,Q
2025-05-05 19:00:00,458,40,61 St-Woodside,Q
2025-05-05 19:00:00,459,40,61 St-Woodside,Q
2025-05-05 19:00:00,460,41,61 St-Woodside,Q
2025-05-05 19:00:00,461,38,61 St-Woodside,Q
2025-05-05 19:00:00,463,39,Hunters Point Av,Q
2025-05-05 19:00:00,464,39,Vernon Blvd-Jackson Av,Q
2025-05-05 19:00:00,471,19,34 St-Hudson Yards,M
2025-05-05 19:00:00,475,9,96 St,M
2025-05-05 19:00:00,476,17,86 St,M
2025-05-05 19:00:00,477,18,72 St,M
2025-05-05 19:00:00,501,8,St George,SI
2025-05-05 19:00:00,502,8,Tompkinsville,SI
2025-05-05 19:00:00,503,8,Stapleton,SI
2025-05-05 19:00:00,504,6,Clifton,SI
2025-05-05 19:00:00,505,7,Grasmere,SI
2025-05-05 19:00:00,506,8,Old Town,SI
2025-05-05 19:00:00,507,8,Dongan Hills,SI
2025-05-05 19:00:00,508,8,Jefferson Av,SI
2025-05-05 19:00:00,509,8,Grant City,SI
2025-05-05 19:00:00,510,8,New Dorp,SI
2025-05-05 19:00:00,511,8,Oakwood Heights,SI
2025-05-05 19:00:00,512,8,Bay Terrace,SI
2025-05-05 19:00:00,513,13,Great Kills,SI
2025-05-05 19:00:00,514,8,Eltingville,SI
2025-05-05 19:00:00,515,8,Annadale,SI
2025-05-05 19:00:00,516,8,Huguenot,SI
2025-05-05 19:00:00,517,8,Prince's Bay,SI
2025-05-05 19:00:00,518,8,Pleasant Plains,SI
2025-05-05 19:00:00,519,8,Richmond Valley,SI
2025-05-05 19:00:00,522,4,Tottenville,SI
2025-05-05 19:00:00,523,8,Arthur Kill,SI
2025-05-05 19:00:00,601,131,14 St/6 Av,M
2025-05-05 19:00:00,602,124,34 St-Herald Sq,M
2025-05-05 19:00:00,603,20,149 St-Grand Concourse,Bx
2025-05-05 19:00:00,604,34,161 St-Yankee Stadium,Bx
2025-05-05 19:00:00,605,56,168 St-Washington Hts,M
2025-05-05 19:00:00,606,84,Court Sq-23 St,Q
2025-05-05 19:00:00,607,122,34 St-Herald Sq,M
2025-05-05 19:00:00,608,64,4 Av-9 St,B
2025-05-05 19:00:00,609,102,42 St-Bryant Pk/5 Av,M
2025-05-05 19:00:00,610,116,Grand Central-42 St,M
2025-05-05 19:00:00,611,187,Times Sq-42 St/Port Authority Bus Terminal,M
2025-05-05 19:00:00,612,66,Lexington Av/51-53 Sts,M
2025-05-05 19:00:00,613,103,Lexington Av/59 St,M
2025-05-05 19:00:00,614,90,59 St-Columbus Circle,M
2025-05-05 19:00:00,615,26,62 St/New Utrecht Av,B
2025-05-05 19:00:00,616,113,Jackson Hts-Roosevelt Av/74 St-Broadway,Q
2025-05-05 19:00:00,617,134,Atlantic Av-Barclays Ctr,B
2025-05-05 19:00:00,618,73,14 St/8 Av,M
2025-05-05 19:00:00,619,91,Broadway-Lafayette St/Bleecker St,M
2025-05-05 19:00:00,620,79,Borough Hall/Court St,B
2025-05-05 19:00:00,621,34,Broadway Junction,B
2025-05-05 19:00:00,622,60,Brooklyn Bridge-City Hall/Chambers St,M
2025-05-05 19:00:00,623,67,Canal St,M
2025-05-05 19:00:00,624,103,Chambers St/WTC/Park Place/Cortlandt St,M
2025-05-05 19:00:00,625,48,Delancey St-Essex St,M
2025-05-05 19:00:00,626,78,Franklin Av-Medgar Evers College/Botanic Garden,B
2025-05-05 19:00:00,627,21,Franklin Av,B
2025-05-05 19:00:00,628,75,Fulton St,M
2025-05-05 19:00:00,629,47,Metropolitan Av/Lorimer St,B
2025-05-05 19:00:00,630,32,Myrtle-Wyckoff Avs,Q
2025-05-05 19:00:00,635,36,Whitehall St-South Ferry,M
2025-05-05 19:00:00,636,70,Jay St-MetroTech,B
2025-05-05 20:00:00,1,11,Astoria-Ditmars Blvd,Q
2025-05-05 20:00:00,2,21,Astoria Blvd,Q
2025-05-05 20:00:00,3,21,30 Av,Q
2025-05-05 20:00:00,4,21,Broadway,Q
2025-05-05 20:00:00,5,21,36 Av,Q
2025-05-05 20:00:00,6,22,39 Av-Dutch Kills,Q
2025-05-05 20:00:00,8,35,5 Av/59 St,M
2025-05-05 20:00:00,9,52,57 St-7 Av,M
2025-05-05 20:00:00,10,35,49 St,M
2025-05-05 20:00:00,13,24,28 St,M
2025-05-05 20:00:00,14,25,23 St,M
2025-05-05 20:00:00,16,25,8 St-NYU,M
2025-05-05 20:00:00,17,26,Prince St,M
2025-05-05 20:00:00,20,25,City Hall,M
2025-05-05 20:00:00,22,25,Rector St,M
2025-05-05 20:00:00,26,52,DeKalb Av,B
2025-05-05 20:00:00,28,25,Union St,B
2025-05-05 20:00:00,30,24,Prospect Av,B
2025-05-05 20:00:00,31,25,25 St,B
2025-05-05 20:00:00,32,38,36 St,B
2025-05-05 20:00:00,33,19,45 St,B
2025-05-05 20:00:00,34,20,53 St,B
2025-05-05 20:00:00,35,25,59 St,B
2025-05-05 20:00:00,36,14,Bay Ridge Av,B
2025-05-05 20:00:00,37,14,77 St,B
2025-05-05 20:00:00,38,14,86 St,B
2025-05-05 20:00:00,39,7,Bay Ridge-95 St,B
2025-05-05 20:00:00,41,27,7 Av,B
2025-05-05 20:00:00,42,33,Prospect Park,B
2025-05-05 20:00:00,43,17,Parkside Av,B
2025-05-05 20:00:00,44,29,Church Av,B
2025-05-05 20:00:00,45,16,Beverley Rd,B
2025-05-05 20:00:00,46,15,Cortelyou Rd,B
2025-05-05 20:00:00,47,28,Newkirk Plaza,B
2025-05-05 20:00:00,48,17,Avenue H,B
2025-05-05 20:00:00,49,17,Avenue J,B
2025-05-05 20:00:00,50,17,Avenue M,B
2025-05-05 20:00:00,51,26,Kings Hwy,B
2025-05-05 20:00:00,52,16,Avenue U,B
2025-05-05 20:00:00,53,16,Neck Rd,B
2025-05-05 20:00:00,54,28,Sheepshead Bay,B
2025-05-05 20:00:00,55,21,Brighton Beach,B
2025-05-05 20:00:00,56,16,Ocean Pkwy,B
2025-05-05 20:00:00,57,34,W 8 St-NY Aquarium,B
2025-05-05 20:00:00,58,27,Coney Island-Stillwell Av,B
2025-05-05 20:00:00,59,12,9 Av,B
2025-05-05 20:00:00,60,11,Fort Hamilton Pkwy,B
2025-05-05 20:00:00,61,11,50 St,B
2025-05-05 20:00:00,62,11,55 St,B
2025-05-05 20:00:00,64,11,71 St,B
2025-05-05 20:00:00,65,11,79 St,B
2025-05-05 20:00:00,66,11,18 Av,B
2025-05-05 20:00:00,67,11,20 Av,B
2025-05-05 20:00:00,68,10,Bay Pkwy,B
2025-05-05 20:00:00,69,10,25 Av,B
2025-05-05 20:00:00,70,9,Bay 50 St,B
2025-05-05 20:00:00,71,11,8 Av,B
2025-05-05 20:00:00,72,11,Fort Hamilton Pkwy,B
2025-05-05 20:00:00,74,12,18 Av,B
2025-05-05 20:00:00,75,12,20 Av,B
2025-05-05 20:00:00,76,12,Bay Pkwy,B
2025-05-05 20:00:00,77,11,Kings Hwy,B
2025-05-05 20:00:00,78,12,Avenue U,B
2025-05-05 20:00:00,79,12,86 St,B
2025-05-05 20:00:00,80,12,121 St,Q
2025-05-05 20:00:00,81,12,111 St,Q
2025-05-05 20:00:00,82,12,104 St,Q
2025-05-05 20:00:00,83,12,Woodhaven Blvd,Q
2025-05-05 20:00:00,84,12,85 St-Forest Pkwy,Q
2025-05-05 20:00:00,85,12,75 St-Elderts Ln,Q
2025-05-05 20:00:00,86,13,Cypress Hills,B
2025-05-05 20:00:00,87,12,Crescent St,B
2025-05-05 20:00:00,88,12,Norwood Av,B
2025-05-05 20:00:00,89,12,Cleveland St,B
2025-05-05 20:00:00,90,12,Van Siclen Av,B
2025-05-05 20:00:00,91,12,Alabama Av,B
2025-05-05 20:00:00,93,12,Chauncey St,B
2025-05-05 20:00:00,94,12,Halsey St,B
2025-05-05 20:00:00,95,12,Gates Av,B
2025-05-05 20:00:00,96,12,Kosciuszko St,B
2025-05-05 20:00:00,97,24,Myrtle Av,B
2025-05-05 20:00:00,98,24,Flushing Av,B
2025-05-05 20:00:00,99,24,Lorimer St,B
2025-05-05 20:00:00,100,23,Hewes St,B
2025-05-05 20:00:00,101,24,Marcy Av,B
2025-05-05 20:00:00,103,12,Bowery,M
2025-05-05 20:00:00,107,6,Broad St,M
2025-05-05 20:00:00,108,6,Middle Village-Metropolitan Av,Q
2025-05-05 20:00:00,109,12,Fresh Pond Rd,Q
2025-05-05 20:00:00,110,12,Forest Av,Q
2025-05-05 20:00:00,111,12,Seneca Av,Q
2025-05-05 20:00:00,113,12,Knickerbocker Av,B
2025-05-05 20:00:00,114,13,Central Av,B
2025-05-05 20:00:00,118,30,3 Av,M
2025-05-05 20:00:00,119,30,1 Av,M
2025-05-05 20:00:00,120,30,Bedford Av,B
2025-05-05 20:00:00,122,30,Graham Av,B
2025-05-05 20:00:00,123,30,Grand St,B
2025-05-05 20:00:00,124,30,Montrose Av,B
2025-05-05 20:00:00,125,30,Morgan Av,B
2025-05-05 20:00:00,126,30,Jefferson St,B
2025-05-05 20:00:00,127,30,DeKalb Av,B
2025-05-05 20:00:00,129,30,Halsey St,B
2025-05-05 20:00:00,130,30,Wilson Av,B
2025-05-05 20:00:00,131,30,Bushwick Av-Aberdeen St,B
2025-05-05 20:00:00,133,30,Atlantic Av,B
2025-05-05 20:00:00,134,30,Sutter Av,B
2025-05-05 20:00:00,135,30,Livonia Av,B
2025-05-05 20:00:00,136,30,New Lots Av,B
2025-05-05 20:00:00,137,30,East 105 St,B
2025-05-05 20:00:00,138,15,Canarsie-Rockaway Pkwy,B
2025-05-05 20:00:00,141,12,Park Pl,B
2025-05-05 20:00:00,143,7,Inwood-207 St,M
2025-05-05 20:00:00,144,14,Dyckman St,M
2025-05-05 20:00:00,145,14,190 St,M
2025-05-05 20:00:00,146,15,181 St,M
2025-05-05 20:00:00,147,15,175 St,M
2025-05-05 20:00:00,149,14,163 St-Amsterdam Av,M
2025-05-05 20:00:00,150,14,155 St,M
2025-05-05 20:00:00,152,26,135 St,M
2025-05-05 20:00:00,153,55,125 St,M
2025-05-05 20:00:00,154,26,116 St,M
2025-05-05 20:00:00,155,26,Cathedral Pkwy (110 St),M
2025-05-05 20:00:00,156,27,103 St,M
2025-05-05 20:00:00,157,27,96 St,M
2025-05-05 20:00:00,158,27,86 St,M
2025-05-05 20:00:00,159,26,81 St-Museum of Natural History,M
2025-05-05 20:00:00,160,25,72 St,M
2025-05-05 20:00:00,162,37,50 St,M
2025-05-05 20:00:00,164,53,34 St-Penn Station,M
2025-05-05 20:00:00,165,36,23 St,M
2025-05-05 20:00:00,168,36,Spring St,M
2025-05-05 20:00:00,169,51,Canal St,M
2025-05-05 20:00:00,173,31,High St,B
2025-05-05 20:00:00,175,46,Hoyt-Schermerhorn Sts,B
2025-05-05 20:00:00,176,14,Lafayette Av,B
2025-05-05 20:00:00,177,14,Clinton-Washington Avs,B
2025-05-05 20:00:00,179,32,Nostrand Av,B
2025-05-05 20:00:00,180,14,Kingston-Throop Avs,B
2025-05-05 20:00:00,181,30,Utica Av,B
2025-05-05 20:00:00,182,13,Ralph Av,B
2025-05-05 20:00:00,183,13,Rockaway Av,B
2025-05-05 20:00:00,185,14,Liberty Av,B
2025-05-05 20:00:00,186,15,Van Siclen Av,B
2025-05-05 20:00:00,187,14,Shepherd Av,B
2025-05-05 20:00:00,188,24,Euclid Av,B
2025-05-05 20:00:00,189,17,Grant Av,B
2025-05-05 20:00:00,190,17,80 St,Q
2025-05-05 20:00:00,191,18,88 St,Q
2025-05-05 20:00:00,192,18,Rockaway Blvd,Q
2025-05-05 20:00:00,193,9,104 St,Q
2025-05-05 20:00:00,194,9,111 St,Q
2025-05-05 20:00:00,195,4,Ozone Park-Lefferts Blvd,Q
2025-05-05 20:00:00,196,3,Aqueduct Racetrack,Q
2025-05-05 20:00:00,197,8,Aqueduct-N Conduit Av,Q
2025-05-05 20:00:00,198,3,Howard Beach-JFK Airport,Q
2025-05-05 20:00:00,200,8,Beach 90 St,Q
2025-05-05 20:00:00,201,8,Beach 98 St,Q
2025-05-05 20:00:00,202,8,Beach 105 St,Q
2025-05-05 20:00:00,203,4,Rockaway Park-Beach 116 St,Q
2025-05-05 20:00:00,204,8,Beach 67 St,Q
2025-05-05 20:00:00,205,8,Beach 60 St,Q
2025-05-05 20:00:00,206,8,Beach 44 St,Q
2025-05-05 20:00:00,207,8,Beach 36 St,Q
2025-05-05 20:00:00,208,8,Beach 25 St,Q
2025-05-05 20:00:00,209,4,Far Rockaway-Mott Av,Q
2025-05-05 20:00:00,210,7,Norwood-205 St,Bx
2025-05-05 20:00:00,211,14,Bedford Park Blvd,Bx
2025-05-05 20:00:00,212,15,Kingsbridge Rd,Bx
2025-05-05 20:00:00,213,15,Fordham Rd,Bx
2025-05-05 20:00:00,214,14,182-183 Sts,Bx
2025-05-05 20:00:00,215,13,Tremont Av,Bx
2025-05-05 20:00:00,216,15,174-175 Sts,Bx
2025-05-05 20:00:00,217,15,170 St,Bx
2025-05-05 20:00:00,218,16,167 St,Bx
2025-05-05 20:00:00,220,15,155 St,M
2025-05-05 20:00:00,221,20,21 St-Queensbridge,Q
2025-05-05 20:00:00,222,21,Roosevelt Island,M
2025-05-05 20:00:00,223,37,Lexington Av/63 St,M
2025-05-05 20:00:00,224,19,57 St,M
2025-05-05 20:00:00,225,60,47-50 Sts-Rockefeller Ctr,M
2025-05-05 20:00:00,228,32,23 St,M
2025-05-05 20:00:00,231,25,Grand St,M
2025-05-05 20:00:00,232,20,2 Av,M
2025-05-05 20:00:00,234,21,East Broadway,M
2025-05-05 20:00:00,235,21,York St,B
2025-05-05 20:00:00,236,37,Bergen St,B
2025-05-05 20:00:00,237,36,Carroll St,B
2025-05-05 20:00:00,238,38,Smith-9 Sts,B
2025-05-05 20:00:00,240,37,7 Av,B
2025-05-05 20:00:00,241,36,15 St-Prospect Park,B
2025-05-05 20:00:00,242,37,Fort Hamilton Pkwy,B
2025-05-05 20:00:00,243,28,Church Av,B
2025-05-05 20:00:00,244,21,Ditmas Av,B
2025-05-05 20:00:00,245,22,18 Av,B
2025-05-05 20:00:00,246,21,Avenue I,B
2025-05-05 20:00:00,247,21,Bay Pkwy,B
2025-05-05 20:00:00,248,21,Avenue N,B
2025-05-05 20:00:00,249,22,Avenue P,B
2025-05-05 20:00:00,250,18,Kings Hwy,B
2025-05-05 20:00:00,251,17,Avenue U,B
2025-05-05 20:00:00,252,18,Avenue X,B
2025-05-05 20:00:00,253,18,Neptune Av,B
2025-05-05 20:00:00,254,9,Jamaica-179 St,Q
2025-05-05 20:00:00,255,20,169 St,Q
2025-05-05 20:00:00,256,21,Parsons Blvd,Q
2025-05-05 20:00:00,257,21,Sutphin Blvd,Q
2025-05-05 20:00:00,258,41,Briarwood,Q
2025-05-05 20:00:00,259,39,Kew Gardens-Union Tpke,Q
2025-05-05 20:00:00,260,40,75 Av,Q
2025-05-05 20:00:00,261,50,Forest Hills-71 Av,Q
2025-05-05 20:00:00,262,22,67 Av,Q
2025-05-05 20:00:00,263,22,63 Dr-Rego Park,Q
2025-05-05 20:00:00,264,21,Woodhaven Blvd,Q
2025-05-05 20:00:00,265,22,Grand Av-Newtown,Q
2025-05-05 20:00:00,266,22,Elmhurst Av,Q
2025-05-05 20:00:00,268,24,65 St,Q
2025-05-05 20:00:00,269,23,Northern Blvd,Q
2025-05-05 20:00:00,270,23,46 St,Q
2025-05-05 20:00:00,271,24,Steinway St,Q
2025-05-05 20:00:00,272,24,36 St,Q
2025-05-05 20:00:00,273,45,Queens Plaza,Q
2025-05-05 20:00:00,276,33,5 Av/53 St,M
2025-05-05 20:00:00,277,48,7 Av,M
2025-05-05 20:00:00,278,15,Jamaica Center-Parsons/Archer,Q
2025-05-05 20:00:00,279,32,Sutphin Blvd-Archer Av-JFK Airport,Q
2025-05-05 20:00:00,280,20,Jamaica-Van Wyck,Q
2025-05-05 20:00:00,282,16,21 St,Q
2025-05-05 20:00:00,283,16,Greenpoint Av,B
2025-05-05 20:00:00,284,15,Nassau Av,B
2025-05-05 20:00:00,286,16,Broadway,B
2025-05-05 20:00:00,287,16,Flushing Av,B
2025-05-05 20:00:00,288,15,Myrtle-Willoughby Avs,B
2025-05-05 20:00:00,289,16,Bedford-Nostrand Avs,B
2025-05-05 20:00:00,290,16,Classon Av,B
2025-05-05 20:00:00,291,16,Clinton-Washington Avs,B
2025-05-05 20:00:00,292,16,Fulton St,B
2025-05-05 20:00:00,293,12,Van Cortlandt Park-242 St,Bx
2025-05-05 20:00:00,294,28,238 St,Bx
2025-05-05 20:00:00,295,27,231 St,Bx
2025-05-05 20:00:00,296,28,Marble Hill-225 St,M
2025-05-05 20:00:00,297,28,215 St,M
2025-05-05 20:00:00,298,27,207 St,M
2025-05-05 20:00:00,299,27,Dyckman St,M
2025-05-05 20:00:00,300,28,191 St,M
2025-05-05 20:00:00,301,27,181 St,M
2025-05-05 20:00:00,303,28,157 St,M
2025-05-05 20:00:00,304,27,145 St,M
2025-05-05 20:00:00,305,28,137 St-City College,M
2025-05-05 20:00:00,306,29,125 St,M
2025-05-05 20:00:00,307,27,116 St-Columbia University,M
2025-05-05 20:00:00,308,29,Cathedral Pkwy (110 St),M
2025-05-05 20:00:00,309,29,103 St,M
2025-05-05 20:00:00,310,58,96 St,M
2025-05-05 20:00:00,311,28,86 St,M
2025-05-05 20:00:00,312,27,79 St,M
2025-05-05 20:00:00,313,58,72 St,M
2025-05-05 20:00:00,314,27,66 St-Lincoln Center,M
2025-05-05 20:00:00,316,28,50 St,M
2025-05-05 20:00:00,318,59,34 St-Penn Station,M
2025-05-05 20:00:00,319,28,28 St,M
2025-05-05 20:00:00,320,27,23 St,M
2025-05-05 20:00:00,321,28,18 St,M
2025-05-05 20:00:00,323,27,Christopher St-Stonewall,M
2025-05-05 20:00:00,324,28,Houston St,M
2025-05-05 20:00:00,325,27,Canal St,M
2025-05-05 20:00:00,326,27,Franklin St,M
2025-05-05 20:00:00,327,59,Chambers St,M
2025-05-05 20:00:00,328,28,WTC Cortlandt,M
2025-05-05 20:00:00,329,27,Rector St,M
2025-05-05 20:00:00,333,33,Wall St,M
2025-05-05 20:00:00,334,31,Clark St,B
2025-05-05 20:00:00,336,33,Hoyt St,B
2025-05-05 20:00:00,337,63,Nevins St,B
2025-05-05 20:00:00,339,33,Bergen St,B
2025-05-05 20:00:00,340,32,Grand Army Plaza,B
2025-05-05 20:00:00,341,32,Eastern Pkwy-Brooklyn Museum,B
2025-05-05 20:00:00,343,15,Nostrand Av,B
2025-05-05 20:00:00,344,15,Kingston Av,B
2025-05-05 20:00:00,345,26,Crown Hts-Utica Av,B
2025-05-05 20:00:00,346,15,Sutter Av-Rutland Rd,B
2025-05-05 20:00:00,347,15,Saratoga Av,B
2025-05-05 20:00:00,348,17,Rockaway Av,B
2025-05-05 20:00:00,349,17,Junius St,B
2025-05-05 20:00:00,350,16,Pennsylvania Av,B
2025-05-05 20:00:00,351,16,Van Siclen Av,B
2025-05-05 20:00:00,352,8,New Lots Av,B
2025-05-05 20:00:00,353,28,President St-Medgar Evers College,B
2025-05-05 20:00:00,354,27,Sterling St,B
2025-05-05 20:00:00,355,27,Winthrop St,B
2025-05-05 20:00:00,356,28,Church Av,B
2025-05-05 20:00:00,357,27,Beverly Rd,B
2025-05-05 20:00:00,358,26,Newkirk Av-Little Haiti,B
2025-05-05 20:00:00,359,14,Flatbush Av-Brooklyn College,B
2025-05-05 20:00:00,360,11,Pelham Bay Park,Bx
2025-05-05 20:00:00,361,22,Buhre Av,Bx
2025-05-05 20:00:00,362,23,Middletown Rd,Bx
2025-05-05 20:00:00,363,23,Westchester Sq-E Tremont Av,Bx
2025-05-05 20:00:00,364,23,Zerega Av,Bx
2025-05-05 20:00:00,365,22,Castle Hill Av,Bx
2025-05-05 20:00:00,366,24,Parkchester,Bx
2025-05-05 20:00:00,367,19,St Lawrence Av,Bx
2025-05-05 20:00:00,368,20,Morrison Av-Soundview,Bx
2025-05-05 20:00:00,369,20,Elder Av,Bx
2025-05-05 20:00:00,370,20,Whitlock Av,Bx
2025-05-05 20:00:00,371,25,Hunts Point Av,Bx
2025-05-05 20:00:00,372,19,Longwood Av,Bx
2025-05-05 20:00:00,373,20,E 149 St,Bx
2025-05-05 20:00:00,374,20,E 143 St-St Mary's St,Bx
2025-05-05 20:00:00,375,19,Cypress Av,Bx
2025-05-05 20:00:00,376,19,Brook Av,Bx
2025-05-05 20:00:00,377,26,3 Av-138 St,Bx
2025-05-05 20:00:00,378,8,Woodlawn,Bx
2025-05-05 20:00:00,379,16,Mosholu Pkwy,Bx
2025-05-05 20:00:00,380,15,Bedford Park Blvd-Lehman College,Bx
2025-05-05 20:00:00,381,16,Kingsbridge Rd,Bx
2025-05-05 20:00:00,382,16,Fordham Rd,Bx
2025-05-05 20:00:00,383,16,183 St,Bx
2025-05-05 20:00:00,384,16,Burnside Av,Bx
2025-05-05 20:00:00,385,15,176 St,Bx
2025-05-05 20:00:00,386,17,Mt Eden Av,Bx
2025-05-05 20:00:00,387,16,170 St,Bx
2025-05-05 20:00:00,388,17,167 St,Bx
2025-05-05 20:00:00,391,31,138 St-Grand Concourse,Bx
2025-05-05 20:00:00,392,56,125 St,M
2025-05-05 20:00:00,393,26,116 St,M
2025-05-05 20:00:00,394,25,110 St,M
2025-05-05 20:00:00,395,26,103 St,M
2025-05-05 20:00:00,396,25,96 St,M
2025-05-05 20:00:00,397,55,86 St,M
2025-05-05 20:00:00,398,26,77 St,M
2025-05-05 20:00:00,399,25,68 St-Hunter College,M
2025-05-05 20:00:00,403,25,33 St,M
2025-05-05 20:00:00,404,25,28 St,M
2025-05-05 20:00:00,405,24,23 St-Baruch College,M
2025-05-05 20:00:00,407,25,Astor Pl,M
2025-05-05 20:00:00,409,25,Spring St,M
2025-05-05 20:00:00,413,31,Wall St,M
2025-05-05 20:00:00,414,29,Bowling Green,M
2025-05-05 20:00:00,416,6,Wakefield-241 St,Bx
2025-05-05 20:00:00,417,15,Nereid Av,Bx
2025-05-05 20:00:00,418,15,233 St,Bx
2025-05-05 20:00:00,419,14,225 St,Bx
2025-05-05 20:00:00,420,13,219 St,Bx
2025-05-05 20:00:00,421,14,Gun Hill Rd,Bx
2025-05-05 20:00:00,422,15,Burke Av,Bx
2025-05-05 20:00:00,423,15,Allerton Av,Bx
2025-05-05 20:00:00,424,16,Pelham Pkwy,Bx
2025-05-05 20:00:00,425,16,Bronx Park East,Bx
2025-05-05 20:00:00,426,26,E 180 St,Bx
2025-05-05 20:00:00,427,26,West Farms Sq-E Tremont Av,Bx
2025-05-05 20:00:00,428,27,174 St,Bx
2025-05-05 20:00:00,429,27,Freeman St,Bx
2025-05-05 20:00:00,430,26,Simpson St,Bx
2025-05-05 20:00:00,431,28,Intervale Av,Bx
2025-05-05 20:00:00,432,30,Prospect Av,Bx
2025-05-05 20:00:00,433,29,Jackson Av,Bx
2025-05-05 20:00:00,434,27,3 Av-149 St,Bx
2025-05-05 20:00:00,436,6,Harlem-148 St,M
2025-05-05 20:00:00,437,12,145 St,M
2025-05-05 20:00:00,438,29,135 St,M
2025-05-05 20:00:00,439,29,125 St,M
2025-05-05 20:00:00,440,29,116 St,M
2025-05-05 20:00:00,441,29,110 St-Malcolm X Plaza,M
2025-05-05 20:00:00,442,6,Eastchester-Dyre Av,Bx
2025-05-05 20:00:00,443,13,Baychester Av,Bx
2025-05-05 20:00:00,444,12,Gun Hill Rd,Bx
2025-05-05 20:00:00,445,12,Pelham Pkwy,Bx
2025-05-05 20:00:00,446,12,Morris Park,Bx
2025-05-05 20:00:00,447,17,Flushing-Main St,Q
2025-05-05 20:00:00,448,34,Mets-Willets Point,Q
2025-05-05 20:00:00,449,26,111 St,Q
2025-05-05 20:00:00,450,27,103 St-Corona Plaza,Q
2025-05-05 20:00:00,451,34,Junction Blvd,Q
2025-05-05 20:00:00,452,25,90 St-Elmhurst Av,Q
2025-05-05 20:00:00,453,26,82 St-Jackson Hts,Q
2025-05-05 20:00:00,455,34,69 St,Q
2025-05-05 20:00:00,456,34,61 St-Woodside,Q
2025-05-05 20:00:00,457,34,61 St-Woodside,Q
2025-05-05 20:00:00,458,34,61 St-Woodside,Q
2025-05-05 20:00:00,459,36,61 St-Woodside,Q
2025-05-05 20:00:00,460,36,61 St-Woodside,Q
2025-05-05 20:00:00,461,34,61 St-Woodside,Q
2025-05-05 20:00:00,463,32,Hunters Point Av,Q
2025-05-05 20:00:00,464,33,Vernon Blvd-Jackson Av,Q
2025-05-05 20:00:00,471,15,34 St-Hudson Yards,M
2025-05-05 20:00:00,475,8,96 St,M
2025-05-05 20:00:00,476,18,86 St,M
2025-05-05 20:00:00,477,18,72 St,M
2025-05-05 20:00:00,501,2,St George,SI
2025-05-05 20:00:00,502,6,Tompkinsville,SI
2025-05-05 20:00:00,503,6,Stapleton,SI
2025-05-05 20:00:00,504,7,Clifton,SI
2025-05-05 20:00:00,505,6,Grasmere,SI
2025-05-05 20:00:00,506,6,Old Town,SI
2025-05-05 20:00:00,507,7,Dongan Hills,SI
2025-05-05 20:00:00,508,7,Jefferson Av,SI
2025-05-05 20:00:00,509,7,Grant City,SI
2025-05-05 20:00:00,510,7,New Dorp,SI
2025-05-05 20:00:00,511,7,Oakwood Heights,SI
2025-05-05 20:00:00,512,7,Bay Terrace,SI
2025-05-05 20:00:00,513,6,Great Kills,SI
2025-05-05 20:00:00,514,7,Eltingville,SI
2025-05-05 20:00:00,515,7,Annadale,SI
2025-05-05 20:00:00,516,7,Huguenot,SI
2025-05-05 20:00:00,517,7,Prince's Bay,SI
2025-05-05 20:00:00,518,7,Pleasant Plains,SI
2025-05-05 20:00:00,519,7,Richmond Valley,SI
2025-05-05 20:00:00,522,2,Tottenville,SI
2025-05-05 20:00:00,523,7,Arthur Kill,SI
2025-05-05 20:00:00,601,121,14 St/6 Av,M
2025-05-05 20:00:00,602,110,34 St-Herald Sq,M
2025-05-05 20:00:00,603,18,149 St-Grand Concourse,Bx
2025-05-05 20:00:00,604,32,161 St-Yankee Stadium,Bx
2025-05-05 20:00:00,605,48,168 St-Washington Hts,M
2025-05-05 20:00:00,606,73,Court Sq-23 St,Q
2025-05-05 20:00:00,607,112,34 St-Herald Sq,M
2025-05-05 20:00:00,608,62,4 Av-9 St,B
2025-05-05 20:00:00,609,89,42 St-Bryant Pk/5 Av,M
2025-05-05 20:00:00,610,101,Grand Central-42 St,M
2025-05-05 20:00:00,611,179,Times Sq-42 St/Port Authority Bus Terminal,M
2025-05-05 20:00:00,612,59,Lexington Av/51-53 Sts,M
2025-05-05 20:00:00,613,91,Lexington Av/59 St,M
2025-05-05 20:00:00,614,84,59 St-Columbus Circle,M
2025-05-05 20:00:00,615,22,62 St/New Utrecht Av,B
2025-05-05 20:00:00,616,98,Jackson Hts-Roosevelt Av/74 St-Broadway,Q
2025-05-05 20:00:00,617,129,Atlantic Av-Barclays Ctr,B
2025-05-05 20:00:00,618,68,14 St/8 Av,M
2025-05-05 20:00:00,619,83,Broadway-Lafayette St/Bleecker St,M
2025-05-05 20:00:00,620,78,Borough Hall/Court St,B
2025-05-05 20:00:00,621,29,Broadway Junction,B
2025-05-05 20:00:00,622,56,Brooklyn Bridge-City Hall/Chambers St,M
2025-05-05 20:00:00,623,62,Canal St,M
2025-05-05 20:00:00,624,100,Chambers St/WTC/Park Place/Cortlandt St,M
2025-05-05 20:00:00,625,45,Delancey St-Essex St,M
2025-05-05 20:00:00,626,77,Franklin Av-Medgar Evers College/Botanic Garden,B
2025-05-05 20:00:00,627,19,Franklin Av,B
2025-05-05 20:00:00,628,77,Fulton St,M
2025-05-05 20:00:00,629,46,Metropolitan Av/Lorimer St,B
2025-05-05 20:00:00,630,30,Myrtle-Wyckoff Avs,Q
2025-05-05 20:00:00,635,32,Whitehall St-South Ferry,M
2025-05-05 20:00:00,636,66,Jay St-MetroTech,B
2025-05-05 21:00:00,1,7,Astoria-Ditmars Blvd,Q
2025-05-05 21:00:00,2,18,Astoria Blvd,Q
2025-05-05 21:00:00,3,19,30 Av,Q
2025-05-05 21:00:00,4,19,Broadway,Q
2025-05-05 21:00:00,5,20,36 Av,Q
2025-05-05 21:00:00,6,20,39 Av-Dutch Kills,Q
2025-05-05 21:00:00,8,32,5 Av/59 St,M
2025-05-05 21:00:00,9,48,57 St-7 Av,M
2025-05-05 21:00:00,10,34,49 St,M
2025-05-05 21:00:00,13,25,28 St,M
2025-05-05 21:00:00,14,24,23 St,M
2025-05-05 21:00:00,16,24,8 St-NYU,M
2025-05-05 21:00:00,17,24,Prince St,M
2025-05-05 21:00:00,20,24,City Hall,M
2025-05-05 21:00:00,22,24,Rector St,M
2025-05-05 21:00:00,26,48,DeKalb Av,B
2025-05-05 21:00:00,28,23,Union St,B
2025-05-05 21:00:00,30,24,Prospect Av,B
2025-05-05 21:00:00,31,23,25 St,B
2025-05-05 21:00:00,32,33,36 St,B
2025-05-05 21:00:00,33,18,45 St,B
2025-05-05 21:00:00,34,17,53 St,B
2025-05-05 21:00:00,35,22,59 St,B
2025-05-05 21:00:00,36,12,Bay Ridge Av,B
2025-05-05 21:00:00,37,11,77 St,B
2025-05-05 21:00:00,38,11,86 St,B
2025-05-05 21:00:00,39,4,Bay Ridge-95 St,B
2025-05-05 21:00:00,41,25,7 Av,B
2025-05-05 21:00:00,42,29,Prospect Park,B
2025-05-05 21:00:00,43,15,Parkside Av,B
2025-05-05 21:00:00,44,24,Church Av,B
2025-05-05 21:00:00,45,16,Beverley Rd,B
2025-05-05 21:00:00,46,15,Cortelyou Rd,B
2025-05-05 21:00:00,47,23,Newkirk Plaza,B
2025-05-05 21:00:00,48,14,Avenue H,B
2025-05-05 21:00:00,49,14,Avenue J,B
2025-05-05 21:00:00,50,15,Avenue M,B
2025-05-05 21:00:00,51,23,Kings Hwy,B
2025-05-05 21:00:00,52,15,Avenue U,B
2025-05-05 21:00:00,53,15,Neck Rd,B
2025-05-05 21:00:00,54,23,Sheepshead Bay,B
2025-05-05 21:00:00,55,15,Brighton Beach,B
2025-05-05 21:00:00,56,14,Ocean Pkwy,B
2025-05-05 21:00:00,57,31,W 8 St-NY Aquarium,B
2025-05-05 21:00:00,58,23,Coney Island-Stillwell Av,B
2025-05-05 21:00:00,59,12,9 Av,B
2025-05-05 21:00:00,60,13,Fort Hamilton Pkwy,B
2025-05-05 21:00:00,61,13,50 St,B
2025-05-05 21:00:00,62,12,55 St,B
2025-05-05 21:00:00,64,13,71 St,B
2025-05-05 21:00:00,65,12,79 St,B
2025-05-05 21:00:00,66,13,18 Av,B
2025-05-05 21:00:00,67,13,20 Av,B
2025-05-05 21:00:00,68,10,Bay Pkwy,B
2025-05-05 21:00:00,69,10,25 Av,B
2025-05-05 21:00:00,70,10,Bay 50 St,B
2025-05-05 21:00:00,71,11,8 Av,B
2025-05-05 21:00:00,72,11,Fort Hamilton Pkwy,B
2025-05-05 21:00:00,74,11,18 Av,B
2025-05-05 21:00:00,75,11,20 Av,B
2025-05-05 21:00:00,76,10,Bay Pkwy,B
2025-05-05 21:00:00,77,10,Kings Hwy,B
2025-05-05 21:00:00,78,9,Avenue U,B
2025-05-05 21:00:00,79,10,86 St,B
2025-05-05 21:00:00,80,11,121 St,Q
2025-05-05 21:00:00,81,11,111 St,Q
2025-05-05 21:00:00,82,11,104 St,Q
2025-05-05 21:00:00,83,11,Woodhaven Blvd,Q
2025-05-05 21:00:00,84,11,85 St-Forest Pkwy,Q
2025-05-05 21:00:00,85,12,75 St-Elderts Ln,Q
2025-05-05 21:00:00,86,12,Cypress Hills,B
2025-05-05 21:00:00,87,11,Crescent St,B
2025-05-05 21:00:00,88,11,Norwood Av,B
2025-05-05 21:00:00,89,11,Cleveland St,B
2025-05-05 21:00:00,90,11,Van Siclen Av,B
2025-05-05 21:00:00,91,12,Alabama Av,B
2025-05-05 21:00:00,93,12,Chauncey St,B
2025-05-05 21:00:00,94,12,Halsey St,B
2025-05-05 21:00:00,95,11,Gates Av,B
2025-05-05 21:00:00,96,11,Kosciuszko St,B
2025-05-05 21:00:00,97,23,Myrtle Av,B
2025-05-05 21:00:00,98,24,Flushing Av,B
2025-05-05 21:00:00,99,24,Lorimer St,B
2025-05-05 21:00:00,100,24,Hewes St,B
2025-05-05 21:00:00,101,24,Marcy Av,B
2025-05-05 21:00:00,103,12,Bowery,M
2025-05-05 21:00:00,107,6,Broad St,M
2025-05-05 21:00:00,108,6,Middle Village-Metropolitan Av,Q
2025-05-05 21:00:00,109,13,Fresh Pond Rd,Q
2025-05-05 21:00:00,110,12,Forest Av,Q
2025-05-05 21:00:00,111,12,Seneca Av,Q
2025-05-05 21:00:00,113,12,Knickerbocker Av,B
2025-05-05 21:00:00,114,12,Central Av,B
2025-05-05 21:00:00,118,30,3 Av,M
2025-05-05 21:00:00,119,30,1 Av,M
2025-05-05 21:00:00,120,30,Bedford Av,B
2025-05-05 21:00:00,122,30,Graham Av,B
2025-05-05 21:00:00,123,30,Grand St,B
2025-05-05 21:00:00,124,30,Montrose Av,B
2025-05-05 21:00:00,125,30,Morgan Av,B
2025-05-05 21:00:00,126,30,Jefferson St,B
2025-05-05 21:00:00,127,30,DeKalb Av,B
2025-05-05 21:00:00,129,29,Halsey St,B
2025-05-05 21:00:00,130,30,Wilson Av,B
2025-05-05 21:00:00,131,30,Bushwick Av-Aberdeen St,B
2025-05-05 21:00:00,133,29,Atlantic Av,B
2025-05-05 21:00:00,134,29,Sutter Av,B
2025-05-05 21:00:00,135,29,Livonia Av,B
2025-05-05 21:00:00,136,28,New Lots Av,B
2025-05-05 21:00:00,137,29,East 105 St,B
2025-05-05 21:00:00,138,14,Canarsie-Rockaway Pkwy,B
2025-05-05 21:00:00,141,10,Park Pl,B
2025-05-05 21:00:00,143,5,Inwood-207 St,M
2025-05-05 21:00:00,144,13,Dyckman St,M
2025-05-05 21:00:00,145,13,190 St,M
2025-05-05 21:00:00,146,12,181 St,M
2025-05-05 21:00:00,147,12,175 St,M
2025-05-05 21:00:00,149,13,163 St-Amsterdam Av,M
2025-05-05 21:00:00,150,13,155 St,M
2025-05-05 21:00:00,152,20,135 St,M
2025-05-05 21:00:00,153,46,125 St,M
2025-05-05 21:00:00,154,21,116 St,M
2025-05-05 21:00:00,155,21,Cathedral Pkwy (110 St),M
2025-05-05 21:00:00,156,21,103 St,M
2025-05-05 21:00:00,157,21,96 St,M
2025-05-05 21:00:00,158,21,86 St,M
2025-05-05 21:00:00,159,21,81 St-Museum of Natural History,M
2025-05-05 21:00:00,160,22,72 St,M
2025-05-05 21:00:00,162,29,50 St,M
2025-05-05 21:00:00,164,42,34 St-Penn Station,M
2025-05-05 21:00:00,165,29,23 St,M
2025-05-05 21:00:00,168,29,Spring St,M
2025-05-05 21:00:00,169,44,Canal St,M
2025-05-05 21:00:00,173,25,High St,B
2025-05-05 21:00:00,175,41,Hoyt-Schermerhorn Sts,B
2025-05-05 21:00:00,176,13,Lafayette Av,B
2025-05-05 21:00:00,177,13,Clinton-Washington Avs,B
2025-05-05 21:00:00,179,26,Nostrand Av,B
2025-05-05 21:00:00,180,13,Kingston-Throop Avs,B
2025-05-05 21:00:00,181,27,Utica Av,B
2025-05-05 21:00:00,182,13,Ralph Av,B
2025-05-05 21:00:00,183,12,Rockaway Av,B
2025-05-05 21:00:00,185,13,Liberty Av,B
2025-05-05 21:00:00,186,13,Van Siclen Av,B
2025-05-05 21:00:00,187,12,Shepherd Av,B
2025-05-05 21:00:00,188,20,Euclid Av,B
2025-05-05 21:00:00,189,14,Grant Av,B
2025-05-05 21:00:00,190,15,80 St,Q
2025-05-05 21:00:00,191,13,88 St,Q
2025-05-05 21:00:00,192,14,Rockaway Blvd,Q
2025-05-05 21:00:00,193,8,104 St,Q
2025-05-05 21:00:00,194,8,111 St,Q
2025-05-05 21:00:00,195,4,Ozone Park-Lefferts Blvd,Q
2025-05-05 21:00:00,196,3,Aqueduct Racetrack,Q
2025-05-05 21:00:00,197,7,Aqueduct-N Conduit Av,Q
2025-05-05 21:00:00,198,3,Howard Beach-JFK Airport,Q
2025-05-05 21:00:00,200,8,Beach 90 St,Q
2025-05-05 21:00:00,201,8,Beach 98 St,Q
2025-05-05 21:00:00,202,8,Beach 105 St,Q
2025-05-05 21:00:00,203,4,Rockaway Park-Beach 116 St,Q
2025-05-05 21:00:00,204,8,Beach 67 St,Q
2025-05-05 21:00:00,205,8,Beach 60 St,Q
2025-05-05 21:00:00,206,8,Beach 44 St,Q
2025-05-05 21:00:00,207,8,Beach 36 St,Q
2025-05-05 21:00:00,208,8,Beach 25 St,Q
2025-05-05 21:00:00,209,4,Far Rockaway-Mott Av,Q
2025-05-05 21:00:00,210,7,Norwood-205 St,Bx
2025-05-05 21:00:00,211,12,Bedford Park Blvd,Bx
2025-05-05 21:00:00,212,13,Kingsbridge Rd,Bx
2025-05-05 21:00:00,213,13,Fordham Rd,Bx
2025-05-05 21:00:00,214,14,182-183 Sts,Bx
2025-05-05 21:00:00,215,14,Tremont Av,Bx
2025-05-05 21:00:00,216,13,174-175 Sts,Bx
2025-05-05 21:00:00,217,14,170 St,Bx
2025-05-05 21:00:00,218,13,167 St,Bx
2025-05-05 21:00:00,220,13,155 St,M
2025-05-05 21:00:00,221,17,21 St-Queensbridge,Q
2025-05-05 21:00:00,222,16,Roosevelt Island,M
2025-05-05 21:00:00,223,32,Lexington Av/63 St,M
2025-05-05 21:00:00,224,18,57 St,M
2025-05-05 21:00:00,225,40,47-50 Sts-Rockefeller Ctr,M
2025-05-05 21:00:00,228,20,23 St,M
2025-05-05 21:00:00,231,21,Grand St,M
2025-05-05 21:00:00,232,17,2 Av,M
2025-05-05 21:00:00,234,17,East Broadway,M
2025-05-05 21:00:00,235,18,York St,B
2025-05-05 21:00:00,236,31,Bergen St,B
2025-05-05 21:00:00,237,32,Carroll St,B
2025-05-05 21:00:00,238,32,Smith-9 Sts,B
2025-05-05 21:00:00,240,31,7 Av,B
2025-05-05 21:00:00,241,32,15 St-Prospect Park,B
2025-05-05 21:00:00,242,33,Fort Hamilton Pkwy,B
2025-05-05 21:00:00,243,25,Church Av,B
2025-05-05 21:00:00,244,19,Ditmas Av,B
2025-05-05 21:00:00,245,18,18 Av,B
2025-05-05 21:00:00,246,19,Avenue I,B
2025-05-05 21:00:00,247,19,Bay Pkwy,B
2025-05-05 21:00:00,248,19,Avenue N,B
2025-05-05 21:00:00,249,18,Avenue P,B
2025-05-05 21:00:00,250,16,Kings Hwy,B
2025-05-05 21:00:00,251,17,Avenue U,B
2025-05-05 21:00:00,252,16,Avenue X,B
2025-05-05 21:00:00,253,16,Neptune Av,B
2025-05-05 21:00:00,254,6,Jamaica-179 St,Q
2025-05-05 21:00:00,255,16,169 St,Q
2025-05-05 21:00:00,256,16,Parsons Blvd,Q
2025-05-05 21:00:00,257,15,Sutphin Blvd,Q
2025-05-05 21:00:00,258,32,Briarwood,Q
2025-05-05 21:00:00,259,34,Kew Gardens-Union Tpke,Q
2025-05-05 21:00:00,260,34,75 Av,Q
2025-05-05 21:00:00,261,38,Forest Hills-71 Av,Q
2025-05-05 21:00:00,262,18,67 Av,Q
2025-05-05 21:00:00,263,19,63 Dr-Rego Park,Q
2025-05-05 21:00:00,264,19,Woodhaven Blvd,Q
2025-05-05 21:00:00,265,18,Grand Av-Newtown,Q
2025-05-05 21:00:00,266,18,Elmhurst Av,Q
2025-05-05 21:00:00,268,17,65 St,Q
2025-05-05 21:00:00,269,17,Northern Blvd,Q
2025-05-05 21:00:00,270,17,46 St,Q
2025-05-05 21:00:00,271,17,Steinway St,Q
2025-05-05 21:00:00,272,17,36 St,Q
2025-05-05 21:00:00,273,34,Queens Plaza,Q
2025-05-05 21:00:00,276,19,5 Av/53 St,M
2025-05-05 21:00:00,277,38,7 Av,M
2025-05-05 21:00:00,278,11,Jamaica Center-Parsons/Archer,Q
2025-05-05 21:00:00,279,28,Sutphin Blvd-Archer Av-JFK Airport,Q
2025-05-05 21:00:00,280,17,Jamaica-Van Wyck,Q
2025-05-05 21:00:00,282,15,21 St,Q
2025-05-05 21:00:00,283,14,Greenpoint Av,B
2025-05-05 21:00:00,284,14,Nassau Av,B
2025-05-05 21:00:00,286,15,Broadway,B
2025-05-05 21:00:00,287,15,Flushing Av,B
2025-05-05 21:00:00,288,14,Myrtle-Willoughby Avs,B
2025-05-05 21:00:00,289,13,Bedford-Nostrand Avs,B
2025-05-05 21:00:00,290,13,Classon Av,B
2025-05-05 21:00:00,291,14,Clinton-Washington Avs,B
2025-05-05 21:00:00,292,14,Fulton St,B
2025-05-05 21:00:00,293,9,Van Cortlandt Park-242 St,Bx
2025-05-05 21:00:00,294,21,238 St,Bx
2025-05-05 21:00:00,295,21,231 St,Bx
2025-05-05 21:00:00,296,21,Marble Hill-225 St,M
2025-05-05 21:00:00,297,21,215 St,M
2025-05-05 21:00:00,298,23,207 St,M
2025-05-05 21:00:00,299,24,Dyckman St,M
2025-05-05 21:00:00,300,24,191 St,M
2025-05-05 21:00:00,301,23,181 St,M
2025-05-05 21:00:00,303,23,157 St,M
2025-05-05 21:00:00,304,25,145 St,M
2025-05-05 21:00:00,305,23,137 St-City College,M
2025-05-05 21:00:00,306,23,125 St,M
2025-05-05 21:00:00,307,25,116 St-Columbia University,M
2025-05-05 21:00:00,308,24,Cathedral Pkwy (110 St),M
2025-05-05 21:00:00,309,24,103 St,M
2025-05-05 21:00:00,310,50,96 St,M
2025-05-05 21:00:00,311,24,86 St,M
2025-05-05 21:00:00,312,24,79 St,M
2025-05-05 21:00:00,313,50,72 St,M
2025-05-05 21:00:00,314,25,66 St-Lincoln Center,M
2025-05-05 21:00:00,316,24,50 St,M
2025-05-05 21:00:00,318,50,34 St-Penn Station,M
2025-05-05 21:00:00,319,24,28 St,M
2025-05-05 21:00:00,320,24,23 St,M
2025-05-05 21:00:00,321,23,18 St,M
2025-05-05 21:00:00,323,24,Christopher St-Stonewall,M
2025-05-05 21:00:00,324,23,Houston St,M
2025-05-05 21:00:00,325,24,Canal St,M
2025-05-05 21:00:00,326,24,Franklin St,M
2025-05-05 21:00:00,327,51,Chambers St,M
2025-05-05 21:00:00,328,23,WTC Cortlandt,M
2025-05-05 21:00:00,329,24,Rector St,M
2025-05-05 21:00:00,333,28,Wall St,M
2025-05-05 21:00:00,334,28,Clark St,B
2025-05-05 21:00:00,336,28,Hoyt St,B
2025-05-05 21:00:00,337,44,Nevins St,B
2025-05-05 21:00:00,339,30,Bergen St,B
2025-05-05 21:00:00,340,30,Grand Army Plaza,B
2025-05-05 21:00:00,341,31,Eastern Pkwy-Brooklyn Museum,B
2025-05-05 21:00:00,343,14,Nostrand Av,B
2025-05-05 21:00:00,344,15,Kingston Av,B
2025-05-05 21:00:00,345,21,Crown Hts-Utica Av,B
2025-05-05 21:00:00,346,14,Sutter Av-Rutland Rd,B
2025-05-05 21:00:00,347,13,Saratoga Av,B
2025-05-05 21:00:00,348,12,Rockaway Av,B
2025-05-05 21:00:00,349,12,Junius St,B
2025-05-05 21:00:00,350,14,Pennsylvania Av,B
2025-05-05 21:00:00,351,14,Van Siclen Av,B
2025-05-05 21:00:00,352,7,New Lots Av,B
2025-05-05 21:00:00,353,15,President St-Medgar Evers College,B
2025-05-05 21:00:00,354,15,Sterling St,B
2025-05-05 21:00:00,355,14,Winthrop St,B
2025-05-05 21:00:00,356,14,Church Av,B
2025-05-05 21:00:00,357,15,Beverly Rd,B
2025-05-05 21:00:00,358,15,Newkirk Av-Little Haiti,B
2025-05-05 21:00:00,359,7,Flatbush Av-Brooklyn College,B
2025-05-05 21:00:00,360,8,Pelham Bay Park,Bx
2025-05-05 21:00:00,361,18,Buhre Av,Bx
2025-05-05 21:00:00,362,17,Middletown Rd,Bx
2025-05-05 21:00:00,363,17,Westchester Sq-E Tremont Av,Bx
2025-05-05 21:00:00,364,18,Zerega Av,Bx
2025-05-05 21:00:00,365,18,Castle Hill Av,Bx
2025-05-05 21:00:00,366,17,Parkchester,Bx
2025-05-05 21:00:00,367,20,St Lawrence Av,Bx
2025-05-05 21:00:00,368,18,Morrison Av-Soundview,Bx
2025-05-05 21:00:00,369,19,Elder Av,Bx
2025-05-05 21:00:00,370,19,Whitlock Av,Bx
2025-05-05 21:00:00,371,20,Hunts Point Av,Bx
2025-05-05 21:00:00,372,21,Longwood Av,Bx
2025-05-05 21:00:00,373,19,E 149 St,Bx
2025-05-05 21:00:00,374,19,E 143 St-St Mary's St,Bx
2025-05-05 21:00:00,375,21,Cypress Av,Bx
2025-05-05 21:00:00,376,21,Brook Av,Bx
2025-05-05 21:00:00,377,20,3 Av-138 St,Bx
2025-05-05 21:00:00,378,7,Woodlawn,Bx
2025-05-05 21:00:00,379,17,Mosholu Pkwy,Bx
2025-05-05 21:00:00,380,18,Bedford Park Blvd-Lehman College,Bx
2025-05-05 21:00:00,381,17,Kingsbridge Rd,Bx
2025-05-05 21:00:00,382,17,Fordham Rd,Bx
2025-05-05 21:00:00,383,17,183 St,Bx
2025-05-05 21:00:00,384,17,Burnside Av,Bx
2025-05-05 21:00:00,385,18,176 St,Bx
2025-05-05 21:00:00,386,17,Mt Eden Av,Bx
2025-05-05 21:00:00,387,17,170 St,Bx
2025-05-05 21:00:00,388,17,167 St,Bx
2025-05-05 21:00:00,391,29,138 St-Grand Concourse,Bx
2025-05-05 21:00:00,392,49,125 St,M
2025-05-05 21:00:00,393,21,116 St,M
2025-05-05 21:00:00,394,21,110 St,M
2025-05-05 21:00:00,395,21,103 St,M
2025-05-05 21:00:00,396,22,96 St,M
2025-05-05 21:00:00,397,50,86 St,M
2025-05-05 21:00:00,398,21,77 St,M
2025-05-05 21:00:00,399,22,68 St-Hunter College,M
2025-05-05 21:00:00,403,22,33 St,M
2025-05-05 21:00:00,404,22,28 St,M
2025-05-05 21:00:00,405,23,23 St-Baruch College,M
2025-05-05 21:00:00,407,22,Astor Pl,M
2025-05-05 21:00:00,409,22,Spring St,M
2025-05-05 21:00:00,413,29,Wall St,M
2025-05-05 21:00:00,414,24,Bowling Green,M
2025-05-05 21:00:00,416,5,Wakefield-241 St,Bx
2025-05-05 21:00:00,417,14,Nereid Av,Bx
2025-05-05 21:00:00,418,14,233 St,Bx
2025-05-05 21:00:00,419,15,225 St,Bx
2025-05-05 21:00:00,420,15,219 St,Bx
2025-05-05 21:00:00,421,16,Gun Hill Rd,Bx
2025-05-05 21:00:00,422,15,Burke Av,Bx
2025-05-05 21:00:00,423,14,Allerton Av,Bx
2025-05-05 21:00:00,424,14,Pelham Pkwy,Bx
2025-05-05 21:00:00,425,14,Bronx Park East,Bx
2025-05-05 21:00:00,426,24,E 180 St,Bx
2025-05-05 21:00:00,427,25,West Farms Sq-E Tremont Av,Bx
2025-05-05 21:00:00,428,26,174 St,Bx
2025-05-05 21:00:00,429,26,Freeman St,Bx
2025-05-05 21:00:00,430,26,Simpson St,Bx
2025-05-05 21:00:00,431,25,Intervale Av,Bx
2025-05-05 21:00:00,432,24,Prospect Av,Bx
2025-05-05 21:00:00,433,26,Jackson Av,Bx
2025-05-05 21:00:00,434,27,3 Av-149 St,Bx
2025-05-05 21:00:00,436,5,Harlem-148 St,M
2025-05-05 21:00:00,437,11,145 St,M
2025-05-05 21:00:00,438,26,135 St,M
2025-05-05 21:00:00,439,27,125 St,M
2025-05-05 21:00:00,440,29,116 St,M
2025-05-05 21:00:00,441,28,110 St-Malcolm X Plaza,M
2025-05-05 21:00:00,442,5,Eastchester-Dyre Av,Bx
2025-05-05 21:00:00,443,12,Baychester Av,Bx
2025-05-05 21:00:00,444,13,Gun Hill Rd,Bx
2025-05-05 21:00:00,445,14,Pelham Pkwy,Bx
2025-05-05 21:00:00,446,14,Morris Park,Bx
2025-05-05 21:00:00,447,12,Flushing-Main St,Q
2025-05-05 21:00:00,448,28,Mets-Willets Point,Q
2025-05-05 21:00:00,449,21,111 St,Q
2025-05-05 21:00:00,450,20,103 St-Corona Plaza,Q
2025-05-05 21:00:00,451,28,Junction Blvd,Q
2025-05-05 21:00:00,452,21,90 St-Elmhurst Av,Q
2025-05-05 21:00:00,453,21,82 St-Jackson Hts,Q
2025-05-05 21:00:00,455,28,69 St,Q
2025-05-05 21:00:00,456,29,61 St-Woodside,Q
2025-05-05 21:00:00,457,29,61 St-Woodside,Q
2025-05-05 21:00:00,458,30,61 St-Woodside,Q
2025-05-05 21:00:00,459,31,61 St-Woodside,Q
2025-05-05 21:00:00,460,31,61 St-Woodside,Q
2025-05-05 21:00:00,461,29,61 St-Woodside,Q
2025-05-05 21:00:00,463,29,Hunters Point Av,Q
2025-05-05 21:00:00,464,28,Vernon Blvd-Jackson Av,Q
2025-05-05 21:00:00,471,15,34 St-Hudson Yards,M
2025-05-05 21:00:00,475,8,96 St,M
2025-05-05 21:00:00,476,14,86 St,M
2025-05-05 21:00:00,477,15,72 St,M
2025-05-05 21:00:00,501,2,St George,SI
2025-05-05 21:00:00,502,4,Tompkinsville,SI
2025-05-05 21:00:00,503,4,Stapleton,SI
2025-05-05 21:00:00,504,4,Clifton,SI
2025-05-05 21:00:00,505,4,Grasmere,SI
2025-05-05 21:00:00,506,4,Old Town,SI
2025-05-05 21:00:00,507,4,Dongan Hills,SI
2025-05-05 21:00:00,508,4,Jefferson Av,SI
2025-05-05 21:00:00,509,4,Grant City,SI
2025-05-05 21:00:00,510,4,New Dorp,SI
2025-05-05 21:00:00,511,4,Oakwood Heights,SI
2025-05-05 21:00:00,512,4,Bay Terrace,SI
2025-05-05 21:00:00,513,4,Great Kills,SI
2025-05-05 21:00:00,514,4,Eltingville,SI
2025-05-05 21:00:00,515,4,Annadale,SI
2025-05-05 21:00:00,516,4,Huguenot,SI
2025-05-05 21:00:00,517,4,Prince's Bay,SI
2025-05-05 21:00:00,518,4,Pleasant Plains,SI
2025-05-05 21:00:00,519,4,Richmond Valley,SI
2025-05-05 21:00:00,522,2,Tottenville,SI
2025-05-05 21:00:00,523,4,Arthur Kill,SI
2025-05-05 21:00:00,601,101,14 St/6 Av,M
2025-05-05 21:00:00,602,102,34 St-Herald Sq,M
2025-05-05 21:00:00,603,18,149 St-Grand Concourse,Bx
2025-05-05 21:00:00,604,30,161 St-Yankee Stadium,Bx
2025-05-05 21:00:00,605,43,168 St-Washington Hts,M
2025-05-05 21:00:00,606,57,Court Sq-23 St,Q
2025-05-05 21:00:00,607,93,34 St-Herald Sq,M
2025-05-05 21:00:00,608,56,4 Av-9 St,B
2025-05-05 21:00:00,609,72,42 St-Bryant Pk/5 Av,M
2025-05-05 21:00:00,610,92,Grand Central-42 St,M
2025-05-05 21:00:00,611,153,Times Sq-42 St/Port Authority Bus Terminal,M
2025-05-05 21:00:00,612,42,Lexington Av/51-53 Sts,M
2025-05-05 21:00:00,613,83,Lexington Av/59 St,M
2025-05-05 21:00:00,614,73,59 St-Columbus Circle,M
2025-05-05 21:00:00,615,23,62 St/New Utrecht Av,B
2025-05-05 21:00:00,616,78,Jackson Hts-Roosevelt Av/74 St-Broadway,Q
2025-05-05 21:00:00,617,104,Atlantic Av-Barclays Ctr,B
2025-05-05 21:00:00,618,56,14 St/8 Av,M
2025-05-05 21:00:00,619,66,Broadway-Lafayette St/Bleecker St,M
2025-05-05 21:00:00,620,55,Borough Hall/Court St,B
2025-05-05 21:00:00,621,28,Broadway Junction,B
2025-05-05 21:00:00,622,53,Brooklyn Bridge-City Hall/Chambers St,M
2025-05-05 21:00:00,623,59,Canal St,M
2025-05-05 21:00:00,624,86,Chambers St/WTC/Park Place/Cortlandt St,M
2025-05-05 21:00:00,625,36,Delancey St-Essex St,M
2025-05-05 21:00:00,626,52,Franklin Av-Medgar Evers College/Botanic Garden,B
2025-05-05 21:00:00,627,18,Franklin Av,B
2025-05-05 21:00:00,628,68,Fulton St,M
2025-05-05 21:00:00,629,45,Metropolitan Av/Lorimer St,B
2025-05-05 21:00:00,630,30,Myrtle-Wyckoff Avs,Q
2025-05-05 21:00:00,635,30,Whitehall St-South Ferry,M
2025-05-05 21:00:00,636,57,Jay St-MetroTech,B
2025-05-05 22:00:00,1,6,Astoria-Ditmars Blvd,Q
2025-05-05 22:00:00,2,16,Astoria Blvd,Q
2025-05-05 22:00:00,3,15,30 Av,Q
2025-05-05 22:00:00,4,16,Broadway,Q
2025-05-05 22:00:00,5,15,36 Av,Q
2025-05-05 22:00:00,6,15,39 Av-Dutch Kills,Q
2025-05-05 22:00:00,8,24,5 Av/59 St,M
2025-05-05 22:00:00,9,36,57 St-7 Av,M
2025-05-05 22:00:00,10,24,49 St,M
2025-05-05 22:00:00,13,14,28 St,M
2025-05-05 22:00:00,14,14,23 St,M
2025-05-05 22:00:00,16,14,8 St-NYU,M
2025-05-05 22:00:00,17,13,Prince St,M
2025-05-05 22:00:00,20,14,City Hall,M
2025-05-05 22:00:00,22,14,Rector St,M
2025-05-05 22:00:00,26,37,DeKalb Av,B
2025-05-05 22:00:00,28,21,Union St,B
2025-05-05 22:00:00,30,20,Prospect Av,B
2025-05-05 22:00:00,31,20,25 St,B
2025-05-05 22:00:00,32,32,36 St,B
2025-05-05 22:00:00,33,16,45 St,B
2025-05-05 22:00:00,34,16,53 St,B
2025-05-05 22:00:00,35,20,59 St,B
2025-05-05 22:00:00,36,10,Bay Ridge Av,B
2025-05-05 22:00:00,37,10,77 St,B
2025-05-05 22:00:00,38,11,86 St,B
2025-05-05 22:00:00,39,5,Bay Ridge-95 St,B
2025-05-05 22:00:00,41,13,7 Av,B
2025-05-05 22:00:00,42,18,Prospect Park,B
2025-05-05 22:00:00,43,12,Parkside Av,B
2025-05-05 22:00:00,44,13,Church Av,B
2025-05-05 22:00:00,45,12,Beverley Rd,B
2025-05-05 22:00:00,46,13,Cortelyou Rd,B
2025-05-05 22:00:00,47,14,Newkirk Plaza,B
2025-05-05 22:00:00,48,13,Avenue H,B
2025-05-05 22:00:00,49,13,Avenue J,B
2025-05-05 22:00:00,50,12,Avenue M,B
2025-05-05 22:00:00,51,15,Kings Hwy,B
2025-05-05 22:00:00,52,12,Avenue U,B
2025-05-05 22:00:00,53,13,Neck Rd,B
2025-05-05 22:00:00,54,15,Sheepshead Bay,B
2025-05-05 22:00:00,55,14,Brighton Beach,B
2025-05-05 22:00:00,56,13,Ocean Pkwy,B
2025-05-05 22:00:00,57,26,W 8 St-NY Aquarium,B
2025-05-05 22:00:00,58,20,Coney Island-Stillwell Av,B
2025-05-05 22:00:00,59,12,9 Av,B
2025-05-05 22:00:00,60,12,Fort Hamilton Pkwy,B
2025-05-05 22:00:00,61,12,50 St,B
2025-05-05 22:00:00,62,12,55 St,B
2025-05-05 22:00:00,64,10,71 St,B
2025-05-05 22:00:00,65,11,79 St,B
2025-05-05 22:00:00,66,11,18 Av,B
2025-05-05 22:00:00,67,12,20 Av,B
2025-05-05 22:00:00,68,12,Bay Pkwy,B
2025-05-05 22:00:00,69,12,25 Av,B
2025-05-05 22:00:00,70,12,Bay 50 St,B
2025-05-05 22:00:00,71,10,8 Av,B
2025-05-05 22:00:00,72,10,Fort Hamilton Pkwy,B
2025-05-05 22:00:00,74,9,18 Av,B
2025-05-05 22:00:00,75,9,20 Av,B
2025-05-05 22:00:00,76,10,Bay Pkwy,B
2025-05-05 22:00:00,77,10,Kings Hwy,B
2025-05-05 22:00:00,78,10,Avenue U,B
2025-05-05 22:00:00,79,9,86 St,B
2025-05-05 22:00:00,80,11,121 St,Q
2025-05-05 22:00:00,81,11,111 St,Q
2025-05-05 22:00:00,82,11,104 St,Q
2025-05-05 22:00:00,83,11,Woodhaven Blvd,Q
2025-05-05 22:00:00,84,10,85 St-Forest Pkwy,Q
2025-05-05 22:00:00,85,10,75 St-Elderts Ln,Q
2025-05-05 22:00:00,86,9,Cypress Hills,B
2025-05-05 22:00:00,87,11,Crescent St,B
2025-05-05 22:00:00,88,11,Norwood Av,B
2025-05-05 22:00:00,89,11,Cleveland St,B
2025-05-05 22:00:00,90,11,Van Siclen Av,B
2025-05-05 22:00:00,91,11,Alabama Av,B
2025-05-05 22:00:00,93,10,Chauncey St,B
2025-05-05 22:00:00,94,9,Halsey St,B
2025-05-05 22:00:00,95,11,Gates Av,B
2025-05-05 22:00:00,96,11,Kosciuszko St,B
2025-05-05 22:00:00,97,23,Myrtle Av,B
2025-05-05 22:00:00,98,23,Flushing Av,B
2025-05-05 22:00:00,99,22,Lorimer St,B
2025-05-05 22:00:00,100,22,Hewes St,B
2025-05-05 22:00:00,101,21,Marcy Av,B
2025-05-05 22:00:00,103,10,Bowery,M
2025-05-05 22:00:00,107,6,Broad St,M
2025-05-05 22:00:00,108,6,Middle Village-Metropolitan Av,Q
2025-05-05 22:00:00,109,11,Fresh Pond Rd,Q
2025-05-05 22:00:00,110,12,Forest Av,Q
2025-05-05 22:00:00,111,12,Seneca Av,Q
2025-05-05 22:00:00,113,12,Knickerbocker Av,B
2025-05-05 22:00:00,114,12,Central Av,B
2025-05-05 22:00:00,118,26,3 Av,M
2025-05-05 22:00:00,119,26,1 Av,M
2025-05-05 22:00:00,120,26,Bedford Av,B
2025-05-05 22:00:00,122,25,Graham Av,B
2025-05-05 22:00:00,123,25,Grand St,B
2025-05-05 22:00:00,124,25,Montrose Av,B
2025-05-05 22:00:00,125,24,Morgan Av,B
2025-05-05 22:00:00,126,24,Jefferson St,B
2025-05-05 22:00:00,127,25,DeKalb Av,B
2025-05-05 22:00:00,129,25,Halsey St,B
2025-05-05 22:00:00,130,24,Wilson Av,B
2025-05-05 22:00:00,131,24,Bushwick Av-Aberdeen St,B
2025-05-05 22:00:00,133,23,Atlantic Av,B
2025-05-05 22:00:00,134,24,Sutter Av,B
2025-05-05 22:00:00,135,24,Livonia Av,B
2025-05-05 22:00:00,136,24,New Lots Av,B
2025-05-05 22:00:00,137,24,East 105 St,B
2025-05-05 22:00:00,138,9,Canarsie-Rockaway Pkwy,B
2025-05-05 22:00:00,141,8,Park Pl,B
2025-05-05 22:00:00,143,7,Inwood-207 St,M
2025-05-05 22:00:00,144,14,Dyckman St,M
2025-05-05 22:00:00,145,14,190 St,M
2025-05-05 22:00:00,146,15,181 St,M
2025-05-05 22:00:00,147,15,175 St,M
2025-05-05 22:00:00,149,12,163 St-Amsterdam Av,M
2025-05-05 22:00:00,150,12,155 St,M
2025-05-05 22:00:00,152,15,135 St,M
2025-05-05 22:00:00,153,34,125 St,M
2025-05-05 22:00:00,154,13,116 St,M
2025-05-05 22:00:00,155,14,Cathedral Pkwy (110 St),M
2025-05-05 22:00:00,156,14,103 St,M
2025-05-05 22:00:00,157,13,96 St,M
2025-05-05 22:00:00,158,13,86 St,M
2025-05-05 22:00:00,159,14,81 St-Museum of Natural History,M
2025-05-05 22:00:00,160,12,72 St,M
2025-05-05 22:00:00,162,24,50 St,M
2025-05-05 22:00:00,164,33,34 St-Penn Station,M
2025-05-05 22:00:00,165,23,23 St,M
2025-05-05 22:00:00,168,24,Spring St,M
2025-05-05 22:00:00,169,33,Canal St,M
2025-05-05 22:00:00,173,21,High St,B
2025-05-05 22:00:00,175,32,Hoyt-Schermerhorn Sts,B
2025-05-05 22:00:00,176,10,Lafayette Av,B
2025-05-05 22:00:00,177,11,Clinton-Washington Avs,B
2025-05-05 22:00:00,179,20,Nostrand Av,B
2025-05-05 22:00:00,180,11,Kingston-Throop Avs,B
2025-05-05 22:00:00,181,20,Utica Av,B
2025-05-05 22:00:00,182,10,Ralph Av,B
2025-05-05 22:00:00,183,11,Rockaway Av,B
2025-05-05 22:00:00,185,11,Liberty Av,B
2025-05-05 22:00:00,186,11,Van Siclen Av,B
2025-05-05 22:00:00,187,11,Shepherd Av,B
2025-05-05 22:00:00,188,13,Euclid Av,B
2025-05-05 22:00:00,189,12,Grant Av,B
2025-05-05 22:00:00,190,12,80 St,Q
2025-05-05 22:00:00,191,13,88 St,Q
2025-05-05 22:00:00,192,11,Rockaway Blvd,Q
2025-05-05 22:00:00,193,5,104 St,Q
2025-05-05 22:00:00,194,5,111 St,Q
2025-05-05 22:00:00,195,3,Ozone Park-Lefferts Blvd,Q
2025-05-05 22:00:00,196,4,Aqueduct Racetrack,Q
2025-05-05 22:00:00,197,7,Aqueduct-N Conduit Av,Q
2025-05-05 22:00:00,198,4,Howard Beach-JFK Airport,Q
2025-05-05 22:00:00,200,6,Beach 90 St,Q
2025-05-05 22:00:00,201,6,Beach 98 St,Q
2025-05-05 22:00:00,202,6,Beach 105 St,Q
2025-05-05 22:00:00,203,3,Rockaway Park-Beach 116 St,Q
2025-05-05 22:00:00,204,7,Beach 67 St,Q
2025-05-05 22:00:00,205,7,Beach 60 St,Q
2025-05-05 22:00:00,206,6,Beach 44 St,Q
2025-05-05 22:00:00,207,6,Beach 36 St,Q
2025-05-05 22:00:00,208,6,Beach 25 St,Q
2025-05-05 22:00:00,209,3,Far Rockaway-Mott Av,Q
2025-05-05 22:00:00,210,5,Norwood-205 St,Bx
2025-05-05 22:00:00,211,11,Bedford Park Blvd,Bx
2025-05-05 22:00:00,212,10,Kingsbridge Rd,Bx
2025-05-05 22:00:00,213,10,Fordham Rd,Bx
2025-05-05 22:00:00,214,10,182-183 Sts,Bx
2025-05-05 22:00:00,215,10,Tremont Av,Bx
2025-05-05 22:00:00,216,11,174-175 Sts,Bx
2025-05-05 22:00:00,217,10,170 St,Bx
2025-05-05 22:00:00,218,9,167 St,Bx
2025-05-05 22:00:00,220,10,155 St,M
2025-05-05 22:00:00,221,14,21 St-Queensbridge,Q
2025-05-05 22:00:00,222,14,Roosevelt Island,M
2025-05-05 22:00:00,223,26,Lexington Av/63 St,M
2025-05-05 22:00:00,224,14,57 St,M
2025-05-05 22:00:00,225,26,47-50 Sts-Rockefeller Ctr,M
2025-05-05 22:00:00,228,14,23 St,M
2025-05-05 22:00:00,231,11,Grand St,M
2025-05-05 22:00:00,232,13,2 Av,M
2025-05-05 22:00:00,234,14,East Broadway,M
2025-05-05 22:00:00,235,13,York St,B
2025-05-05 22:00:00,236,25,Bergen St,B
2025-05-05 22:00:00,237,26,Carroll St,B
2025-05-05 22:00:00,238,24,Smith-9 Sts,B
2025-05-05 22:00:00,240,25,7 Av,B
2025-05-05 22:00:00,241,26,15 St-Prospect Park,B
2025-05-05 22:00:00,242,25,Fort Hamilton Pkwy,B
2025-05-05 22:00:00,243,18,Church Av,B
2025-05-05 22:00:00,244,13,Ditmas Av,B
2025-05-05 22:00:00,245,13,18 Av,B
2025-05-05 22:00:00,246,13,Avenue I,B
2025-05-05 22:00:00,247,13,Bay Pkwy,B
2025-05-05 22:00:00,248,12,Avenue N,B
2025-05-05 22:00:00,249,12,Avenue P,B
2025-05-05 22:00:00,250,14,Kings Hwy,B
2025-05-05 22:00:00,251,14,Avenue U,B
2025-05-05 22:00:00,252,14,Avenue X,B
2025-05-05 22:00:00,253,14,Neptune Av,B
2025-05-05 22:00:00,254,7,Jamaica-179 St,Q
2025-05-05 22:00:00,255,14,169 St,Q
2025-05-05 22:00:00,256,14,Parsons Blvd,Q
2025-05-05 22:00:00,257,14,Sutphin Blvd,Q
2025-05-05 22:00:00,258,29,Briarwood,Q
2025-05-05 22:00:00,259,28,Kew Gardens-Union Tpke,Q
2025-05-05 22:00:00,260,27,75 Av,Q
2025-05-05 22:00:00,261,30,Forest Hills-71 Av,Q
2025-05-05 22:00:00,262,22,67 Av,Q
2025-05-05 22:00:00,263,22,63 Dr-Rego Park,Q
2025-05-05 22:00:00,264,22,Woodhaven Blvd,Q
2025-05-05 22:00:00,265,22,Grand Av-Newtown,Q
2025-05-05 22:00:00,266,21,Elmhurst Av,Q
2025-05-05 22:00:00,268,22,65 St,Q
2025-05-05 22:00:00,269,23,Northern Blvd,Q
2025-05-05 22:00:00,270,22,46 St,Q
2025-05-05 22:00:00,271,21,Steinway St,Q
2025-05-05 22:00:00,272,20,36 St,Q
2025-05-05 22:00:00,273,17,Queens Plaza,Q
2025-05-05 22:00:00,276,13,5 Av/53 St,M
2025-05-05 22:00:00,277,24,7 Av,M
2025-05-05 22:00:00,278,11,Jamaica Center-Parsons/Archer,Q
2025-05-05 22:00:00,279,24,Sutphin Blvd-Archer Av-JFK Airport,Q
2025-05-05 22:00:00,280,14,Jamaica-Van Wyck,Q
2025-05-05 22:00:00,282,10,21 St,Q
2025-05-05 22:00:00,283,12,Greenpoint Av,B
2025-05-05 22:00:00,284,12,Nassau Av,B
2025-05-05 22:00:00,286,11,Broadway,B
2025-05-05 22:00:00,287,11,Flushing Av,B
2025-05-05 22:00:00,288,11,Myrtle-Willoughby Avs,B
2025-05-05 22:00:00,289,11,Bedford-Nostrand Avs,B
2025-05-05 22:00:00,290,11,Classon Av,B
2025-05-05 22:00:00,291,11,Clinton-Washington Avs,B
2025-05-05 22:00:00,292,12,Fulton St,B
2025-05-05 22:00:00,293,6,Van Cortlandt Park-242 St,Bx
2025-05-05 22:00:00,294,17,238 St,Bx
2025-05-05 22:00:00,295,18,231 St,Bx
2025-05-05 22:00:00,296,18,Marble Hill-225 St,M
2025-05-05 22:00:00,297,17,215 St,M
2025-05-05 22:00:00,298,18,207 St,M
2025-05-05 22:00:00,299,17,Dyckman St,M
2025-05-05 22:00:00,300,17,191 St,M
2025-05-05 22:00:00,301,18,181 St,M
2025-05-05 22:00:00,303,18,157 St,M
2025-05-05 22:00:00,304,16,145 St,M
2025-05-05 22:00:00,305,18,137 St-City College,M
2025-05-05 22:00:00,306,19,125 St,M
2025-05-05 22:00:00,307,18,116 St-Columbia University,M
2025-05-05 22:00:00,308,18,Cathedral Pkwy (110 St),M
2025-05-05 22:00:00,309,19,103 St,M
2025-05-05 22:00:00,310,41,96 St,M
2025-05-05 22:00:00,311,17,86 St,M
2025-05-05 22:00:00,312,17,79 St,M
2025-05-05 22:00:00,313,42,72 St,M
2025-05-05 22:00:00,314,18,66 St-Lincoln Center,M
2025-05-05 22:00:00,316,17,50 St,M
2025-05-05 22:00:00,318,39,34 St-Penn Station,M
2025-05-05 22:00:00,319,18,28 St,M
2025-05-05 22:00:00,320,18,23 St,M
2025-05-05 22:00:00,321,18,18 St,M
2025-05-05 22:00:00,323,18,Christopher St-Stonewall,M
2025-05-05 22:00:00,324,18,Houston St,M
2025-05-05 22:00:00,325,18,Canal St,M
2025-05-05 22:00:00,326,18,Franklin St,M
2025-05-05 22:00:00,327,40,Chambers St,M
2025-05-05 22:00:00,328,18,WTC Cortlandt,M
2025-05-05 22:00:00,329,18,Rector St,M
2025-05-05 22:00:00,333,21,Wall St,M
2025-05-05 22:00:00,334,22,Clark St,B
2025-05-05 22:00:00,336,22,Hoyt St,B
2025-05-05 22:00:00,337,35,Nevins St,B
2025-05-05 22:00:00,339,29,Bergen St,B
2025-05-05 22:00:00,340,30,Grand Army Plaza,B
2025-05-05 22:00:00,341,30,Eastern Pkwy-Brooklyn Museum,B
2025-05-05 22:00:00,343,20,Nostrand Av,B
2025-05-05 22:00:00,344,18,Kingston Av,B
2025-05-05 22:00:00,345,22,Crown Hts-Utica Av,B
2025-05-05 22:00:00,346,18,Sutter Av-Rutland Rd,B
2025-05-05 22:00:00,347,18,Saratoga Av,B
2025-05-05 22:00:00,348,17,Rockaway Av,B
2025-05-05 22:00:00,349,17,Junius St,B
2025-05-05 22:00:00,350,17,Pennsylvania Av,B
2025-05-05 22:00:00,351,17,Van Siclen Av,B
2025-05-05 22:00:00,352,7,New Lots Av,B
2025-05-05 22:00:00,353,12,President St-Medgar Evers College,B
2025-05-05 22:00:00,354,12,Sterling St,B
2025-05-05 22:00:00,355,12,Winthrop St,B
2025-05-05 22:00:00,356,12,Church Av,B
2025-05-05 22:00:00,357,11,Beverly Rd,B
2025-05-05 22:00:00,358,11,Newkirk Av-Little Haiti,B
2025-05-05 22:00:00,359,6,Flatbush Av-Brooklyn College,B
2025-05-05 22:00:00,360,6,Pelham Bay Park,Bx
2025-05-05 22:00:00,361,16,Buhre Av,Bx
2025-05-05 22:00:00,362,16,Middletown Rd,Bx
2025-05-05 22:00:00,363,17,Westchester Sq-E Tremont Av,Bx
2025-05-05 22:00:00,364,17,Zerega Av,Bx
2025-05-05 22:00:00,365,17,Castle Hill Av,Bx
2025-05-05 22:00:00,366,16,Parkchester,Bx
2025-05-05 22:00:00,367,17,St Lawrence Av,Bx
2025-05-05 22:00:00,368,18,Morrison Av-Soundview,Bx
2025-05-05 22:00:00,369,17,Elder Av,Bx
2025-05-05 22:00:00,370,18,Whitlock Av,Bx
2025-05-05 22:00:00,371,18,Hunts Point Av,Bx
2025-05-05 22:00:00,372,17,Longwood Av,Bx
2025-05-05 22:00:00,373,18,E 149 St,Bx
2025-05-05 22:00:00,374,18,E 143 St-St Mary's St,Bx
2025-05-05 22:00:00,375,17,Cypress Av,Bx
2025-05-05 22:00:00,376,17,Brook Av,Bx
2025-05-05 22:00:00,377,17,3 Av-138 St,Bx
2025-05-05 22:00:00,378,5,Woodlawn,Bx
2025-05-05 22:00:00,379,12,Mosholu Pkwy,Bx
2025-05-05 22:00:00,380,12,Bedford Park Blvd-Lehman College,Bx
2025-05-05 22:00:00,381,12,Kingsbridge Rd,Bx
2025-05-05 22:00:00,382,12,Fordham Rd,Bx
2025-05-05 22:00:00,383,12,183 St,Bx
2025-05-05 22:00:00,384,12,Burnside Av,Bx
2025-05-05 22:00:00,385,12,176 St,Bx
2025-05-05 22:00:00,386,12,Mt Eden Av,Bx
2025-05-05 22:00:00,387,12,170 St,Bx
2025-05-05 22:00:00,388,12,167 St,Bx
2025-05-05 22:00:00,391,16,138 St-Grand Concourse,Bx
2025-05-05 22:00:00,392,34,125 St,M
2025-05-05 22:00:00,393,17,116 St,M
2025-05-05 22:00:00,394,17,110 St,M
2025-05-05 22:00:00,395,17,103 St,M
2025-05-05 22:00:00,396,17,96 St,M
2025-05-05 22:00:00,397,33,86 St,M
2025-05-05 22:00:00,398,17,77 St,M
2025-05-05 22:00:00,399,17,68 St-Hunter College,M
2025-05-05 22:00:00,403,17,33 St,M
2025-05-05 22:00:00,404,17,28 St,M
2025-05-05 22:00:00,405,16,23 St-Baruch College,M
2025-05-05 22:00:00,407,16,Astor Pl,M
2025-05-05 22:00:00,409,17,Spring St,M
2025-05-05 22:00:00,413,14,Wall St,M
2025-05-05 22:00:00,414,14,Bowling Green,M
2025-05-05 22:00:00,416,5,Wakefield-241 St,Bx
2025-05-05 22:00:00,417,13,Nereid Av,Bx
2025-05-05 22:00:00,418,14,233 St,Bx
2025-05-05 22:00:00,419,14,225 St,Bx
2025-05-05 22:00:00,420,14,219 St,Bx
2025-05-05 22:00:00,421,13,Gun Hill Rd,Bx
2025-05-05 22:00:00,422,13,Burke Av,Bx
2025-05-05 22:00:00,423,14,Allerton Av,Bx
2025-05-05 22:00:00,424,13,Pelham Pkwy,Bx
2025-05-05 22:00:00,425,13,Bronx Park East,Bx
2025-05-05 22:00:00,426,21,E 180 St,Bx
2025-05-05 22:00:00,427,20,West Farms Sq-E Tremont Av,Bx
2025-05-05 22:00:00,428,19,174 St,Bx
2025-05-05 22:00:00,429,19,Freeman St,Bx
2025-05-05 22:00:00,430,18,Simpson St,Bx
2025-05-05 22:00:00,431,18,Intervale Av,Bx
2025-05-05 22:00:00,432,18,Prospect Av,Bx
2025-05-05 22:00:00,433,17,Jackson Av,Bx
2025-05-05 22:00:00,434,18,3 Av-149 St,Bx
2025-05-05 22:00:00,436,3,Harlem-148 St,M
2025-05-05 22:00:00,437,8,145 St,M
2025-05-05 22:00:00,438,21,135 St,M
2025-05-05 22:00:00,439,22,125 St,M
2025-05-05 22:00:00,440,20,116 St,M
2025-05-05 22:00:00,441,20,110 St-Malcolm X Plaza,M
2025-05-05 22:00:00,442,4,Eastchester-Dyre Av,Bx
2025-05-05 22:00:00,443,12,Baychester Av,Bx
2025-05-05 22:00:00,444,12,Gun Hill Rd,Bx
2025-05-05 22:00:00,445,10,Pelham Pkwy,Bx
2025-05-05 22:00:00,446,10,Morris Park,Bx
2025-05-05 22:00:00,447,11,Flushing-Main St,Q
2025-05-05 22:00:00,448,24,Mets-Willets Point,Q
2025-05-05 22:00:00,449,21,111 St,Q
2025-05-05 22:00:00,450,22,103 St-Corona Plaza,Q
2025-05-05 22:00:00,451,25,Junction Blvd,Q
2025-05-05 22:00:00,452,23,90 St-Elmhurst Av,Q
2025-05-05 22:00:00,453,23,82 St-Jackson Hts,Q
2025-05-05 22:00:00,455,25,69 St,Q
2025-05-05 22:00:00,456,24,61 St-Woodside,Q
2025-05-05 22:00:00,457,25,61 St-Woodside,Q
2025-05-05 22:00:00,458,26,61 St-Woodside,Q
2025-05-05 22:00:00,459,26,61 St-Woodside,Q
2025-05-05 22:00:00,460,26,61 St-Woodside,Q
2025-05-05 22:00:00,461,24,61 St-Woodside,Q
2025-05-05 22:00:00,463,24,Hunters Point Av,Q
2025-05-05 22:00:00,464,24,Vernon Blvd-Jackson Av,Q
2025-05-05 22:00:00,471,12,34 St-Hudson Yards,M
2025-05-05 22:00:00,475,5,96 St,M
2025-05-05 22:00:00,476,13,86 St,M
2025-05-05 22:00:00,477,12,72 St,M
2025-05-05 22:00:00,501,2,St George,SI
2025-05-05 22:00:00,502,4,Tompkinsville,SI
2025-05-05 22:00:00,503,4,Stapleton,SI
2025-05-05 22:00:00,504,4,Clifton,SI
2025-05-05 22:00:00,505,4,Grasmere,SI
2025-05-05 22:00:00,506,4,Old Town,SI
2025-05-05 22:00:00,507,4,Dongan Hills,SI
2025-05-05 22:00:00,508,4,Jefferson Av,SI
2025-05-05 22:00:00,509,4,Grant City,SI
2025-05-05 22:00:00,510,4,New Dorp,SI
2025-05-05 22:00:00,511,4,Oakwood Heights,SI
2025-05-05 22:00:00,512,4,Bay Terrace,SI
2025-05-05 22:00:00,513,4,Great Kills,SI
2025-05-05 22:00:00,514,4,Eltingville,SI
2025-05-05 22:00:00,515,4,Annadale,SI
2025-05-05 22:00:00,516,4,Huguenot,SI
2025-05-05 22:00:00,517,4,Prince's Bay,SI
2025-05-05 22:00:00,518,4,Pleasant Plains,SI
2025-05-05 22:00:00,519,4,Richmond Valley,SI
2025-05-05 22:00:00,522,2,Tottenville,SI
2025-05-05 22:00:00,523,4,Arthur Kill,SI
2025-05-05 22:00:00,601,78,14 St/6 Av,M
2025-05-05 22:00:00,602,71,34 St-Herald Sq,M
2025-05-05 22:00:00,603,11,149 St-Grand Concourse,Bx
2025-05-05 22:00:00,604,22,161 St-Yankee Stadium,Bx
2025-05-05 22:00:00,605,33,168 St-Washington Hts,M
2025-05-05 22:00:00,606,42,Court Sq-23 St,Q
2025-05-05 22:00:00,607,63,34 St-Herald Sq,M
2025-05-05 22:00:00,608,44,4 Av-9 St,B
2025-05-05 22:00:00,609,50,42 St-Bryant Pk/5 Av,M
2025-05-05 22:00:00,610,67,Grand Central-42 St,M
2025-05-05 22:00:00,611,120,Times Sq-42 St/Port Authority Bus Terminal,M
2025-05-05 22:00:00,612,29,Lexington Av/51-53 Sts,M
2025-05-05 22:00:00,613,55,Lexington Av/59 St,M
2025-05-05 22:00:00,614,48,59 St-Columbus Circle,M
2025-05-05 22:00:00,615,21,62 St/New Utrecht Av,B
2025-05-05 22:00:00,616,55,Jackson Hts-Roosevelt Av/74 St-Broadway,Q
2025-05-05 22:00:00,617,77,Atlantic Av-Barclays Ctr,B
2025-05-05 22:00:00,618,45,14 St/8 Av,M
2025-05-05 22:00:00,619,40,Broadway-Lafayette St/Bleecker St,M
2025-05-05 22:00:00,620,47,Borough Hall/Court St,B
2025-05-05 22:00:00,621,19,Broadway Junction,B
2025-05-05 22:00:00,622,32,Brooklyn Bridge-City Hall/Chambers St,M
2025-05-05 22:00:00,623,39,Canal St,M
2025-05-05 22:00:00,624,63,Chambers St/WTC/Park Place/Cortlandt St,M
2025-05-05 22:00:00,625,30,Delancey St-Essex St,M
2025-05-05 22:00:00,626,44,Franklin Av-Medgar Evers College/Botanic Garden,B
2025-05-05 22:00:00,627,15,Franklin Av,B
2025-05-05 22:00:00,628,45,Fulton St,M
2025-05-05 22:00:00,629,36,Metropolitan Av/Lorimer St,B
2025-05-05 22:00:00,630,24,Myrtle-Wyckoff Avs,Q
2025-05-05 22:00:00,635,23,Whitehall St-South Ferry,M
2025-05-05 22:00:00,636,44,Jay St-MetroTech,B
2025-05-05 23:00:00,1,4,Astoria-Ditmars Blvd,Q
2025-05-05 23:00:00,2,10,Astoria Blvd,Q
2025-05-05 23:00:00,3,10,30 Av,Q
2025-05-05 23:00:00,4,9,Broadway,Q
2025-05-05 23:00:00,5,9,36 Av,Q
2025-05-05 23:00:00,6,9,39 Av-Dutch Kills,Q
2025-05-05 23:00:00,8,16,5 Av/59 St,M
2025-05-05 23:00:00,9,26,57 St-7 Av,M
2025-05-05 23:00:00,10,16,49 St,M
2025-05-05 23:00:00,13,13,28 St,M
2025-05-05 23:00:00,14,13,23 St,M
2025-05-05 23:00:00,16,14,8 St-NYU,M
2025-05-05 23:00:00,17,14,Prince St,M
2025-05-05 23:00:00,20,11,City Hall,M
2025-05-05 23:00:00,22,12,Rector St,M
2025-05-05 23:00:00,26,29,DeKalb Av,B
2025-05-05 23:00:00,28,21,Union St,B
2025-05-05 23:00:00,30,20,Prospect Av,B
2025-05-05 23:00:00,31,20,25 St,B
2025-05-05 23:00:00,32,24,36 St,B
2025-05-05 23:00:00,33,15,45 St,B
2025-05-05 23:00:00,34,14,53 St,B
2025-05-05 23:00:00,35,14,59 St,B
2025-05-05 23:00:00,36,9,Bay Ridge Av,B
2025-05-05 23:00:00,37,10,77 St,B
2025-05-05 23:00:00,38,9,86 St,B
2025-05-05 23:00:00,39,3,Bay Ridge-95 St,B
2025-05-05 23:00:00,41,9,7 Av,B
2025-05-05 23:00:00,42,12,Prospect Park,B
2025-05-05 23:00:00,43,9,Parkside Av,B
2025-05-05 23:00:00,44,9,Church Av,B
2025-05-05 23:00:00,45,9,Beverley Rd,B
2025-05-05 23:00:00,46,9,Cortelyou Rd,B
2025-05-05 23:00:00,47,10,Newkirk Plaza,B
2025-05-05 23:00:00,48,10,Avenue H,B
2025-05-05 23:00:00,49,10,Avenue J,B
2025-05-05 23:00:00,50,9,Avenue M,B
2025-05-05 23:00:00,51,9,Kings Hwy,B
2025-05-05 23:00:00,52,10,Avenue U,B
2025-05-05 23:00:00,53,9,Neck Rd,B
2025-05-05 23:00:00,54,9,Sheepshead Bay,B
2025-05-05 23:00:00,55,9,Brighton Beach,B
2025-05-05 23:00:00,56,8,Ocean Pkwy,B
2025-05-05 23:00:00,57,20,W 8 St-NY Aquarium,B
2025-05-05 23:00:00,58,15,Coney Island-Stillwell Av,B
2025-05-05 23:00:00,59,9,9 Av,B
2025-05-05 23:00:00,60,9,Fort Hamilton Pkwy,B
2025-05-05 23:00:00,61,9,50 St,B
2025-05-05 23:00:00,62,8,55 St,B
2025-05-05 23:00:00,64,9,71 St,B
2025-05-05 23:00:00,65,10,79 St,B
2025-05-05 23:00:00,66,10,18 Av,B
2025-05-05 23:00:00,67,9,20 Av,B
2025-05-05 23:00:00,68,9,Bay Pkwy,B
2025-05-05 23:00:00,69,8,25 Av,B
2025-05-05 23:00:00,70,9,Bay 50 St,B
2025-05-05 23:00:00,71,8,8 Av,B
2025-05-05 23:00:00,72,8,Fort Hamilton Pkwy,B
2025-05-05 23:00:00,74,9,18 Av,B
2025-05-05 23:00:00,75,9,20 Av,B
2025-05-05 23:00:00,76,9,Bay Pkwy,B
2025-05-05 23:00:00,77,9,Kings Hwy,B
2025-05-05 23:00:00,78,9,Avenue U,B
2025-05-05 23:00:00,79,8,86 St,B
2025-05-05 23:00:00,80,9,121 St,Q
2025-05-05 23:00:00,81,9,111 St,Q
2025-05-05 23:00:00,82,9,104 St,Q
2025-05-05 23:00:00,83,8,Woodhaven Blvd,Q
2025-05-05 23:00:00,84,9,85 St-Forest Pkwy,Q
2025-05-05 23:00:00,85,9,75 St-Elderts Ln,Q
2025-05-05 23:00:00,86,9,Cypress Hills,B
2025-05-05 23:00:00,87,9,Crescent St,B
2025-05-05 23:00:00,88,9,Norwood Av,B
2025-05-05 23:00:00,89,9,Cleveland St,B
2025-05-05 23:00:00,90,9,Van Siclen Av,B
2025-05-05 23:00:00,91,9,Alabama Av,B
2025-05-05 23:00:00,93,9,Chauncey St,B
2025-05-05 23:00:00,94,9,Halsey St,B
2025-05-05 23:00:00,95,8,Gates Av,B
2025-05-05 23:00:00,96,9,Kosciuszko St,B
2025-05-05 23:00:00,97,17,Myrtle Av,B
2025-05-05 23:00:00,98,16,Flushing Av,B
2025-05-05 23:00:00,99,16,Lorimer St,B
2025-05-05 23:00:00,100,16,Hewes St,B
2025-05-05 23:00:00,101,16,Marcy Av,B
2025-05-05 23:00:00,103,9,Bowery,M
2025-05-05 23:00:00,107,4,Broad St,M
2025-05-05 23:00:00,108,4,Middle Village-Metropolitan Av,Q
2025-05-05 23:00:00,109,11,Fresh Pond Rd,Q
2025-05-05 23:00:00,110,11,Forest Av,Q
2025-05-05 23:00:00,111,11,Seneca Av,Q
2025-05-05 23:00:00,113,10,Knickerbocker Av,B
2025-05-05 23:00:00,114,9,Central Av,B
2025-05-05 23:00:00,118,13,3 Av,M
2025-05-05 23:00:00,119,13,1 Av,M
2025-05-05 23:00:00,120,13,Bedford Av,B
2025-05-05 23:00:00,122,14,Graham Av,B
2025-05-05 23:00:00,123,14,Grand St,B
2025-05-05 23:00:00,124,14,Montrose Av,B
2025-05-05 23:00:00,125,15,Morgan Av,B
2025-05-05 23:00:00,126,15,Jefferson St,B
2025-05-05 23:00:00,127,13,DeKalb Av,B
2025-05-05 23:00:00,129,15,Halsey St,B
2025-05-05 23:00:00,130,15,Wilson Av,B
2025-05-05 23:00:00,131,16,Bushwick Av-Aberdeen St,B
2025-05-05 23:00:00,133,15,Atlantic Av,B
2025-05-05 23:00:00,134,14,Sutter Av,B
2025-05-05 23:00:00,135,16,Livonia Av,B
2025-05-05 23:00:00,136,16,New Lots Av,B
2025-05-05 23:00:00,137,16,East 105 St,B
2025-05-05 23:00:00,138,6,Canarsie-Rockaway Pkwy,B
2025-05-05 23:00:00,141,6,Park Pl,B
2025-05-05 23:00:00,143,5,Inwood-207 St,M
2025-05-05 23:00:00,144,10,Dyckman St,M
2025-05-05 23:00:00,145,9,190 St,M
2025-05-05 23:00:00,146,9,181 St,M
2025-05-05 23:00:00,147,9,175 St,M
2025-05-05 23:00:00,149,10,163 St-Amsterdam Av,M
2025-05-05 23:00:00,150,10,155 St,M
2025-05-05 23:00:00,152,10,135 St,M
2025-05-05 23:00:00,153,21,125 St,M
2025-05-05 23:00:00,154,10,116 St,M
2025-05-05 23:00:00,155,10,Cathedral Pkwy (110 St),M
2025-05-05 23:00:00,156,10,103 St,M
2025-05-05 23:00:00,157,10,96 St,M
2025-05-05 23:00:00,158,10,86 St,M
2025-05-05 23:00:00,159,10,81 St-Museum of Natural History,M
2025-05-05 23:00:00,160,11,72 St,M
2025-05-05 23:00:00,162,22,50 St,M
2025-05-05 23:00:00,164,22,34 St-Penn Station,M
2025-05-05 23:00:00,165,23,23 St,M
2025-05-05 23:00:00,168,22,Spring St,M
2025-05-05 23:00:00,169,22,Canal St,M
2025-05-05 23:00:00,173,11,High St,B
2025-05-05 23:00:00,175,19,Hoyt-Schermerhorn Sts,B
2025-05-05 23:00:00,176,12,Lafayette Av,B
2025-05-05 23:00:00,177,10,Clinton-Washington Avs,B
2025-05-05 23:00:00,179,10,Nostrand Av,B
2025-05-05 23:00:00,180,10,Kingston-Throop Avs,B
2025-05-05 23:00:00,181,11,Utica Av,B
2025-05-05 23:00:00,182,12,Ralph Av,B
2025-05-05 23:00:00,183,12,Rockaway Av,B
2025-05-05 23:00:00,185,10,Liberty Av,B
2025-05-05 23:00:00,186,10,Van Siclen Av,B
2025-05-05 23:00:00,187,11,Shepherd Av,B
2025-05-05 23:00:00,188,10,Euclid Av,B
2025-05-05 23:00:00,189,10,Grant Av,B
2025-05-05 23:00:00,190,10,80 St,Q
2025-05-05 23:00:00,191,10,88 St,Q
2025-05-05 23:00:00,192,11,Rockaway Blvd,Q
2025-05-05 23:00:00,193,5,104 St,Q
2025-05-05 23:00:00,194,5,111 St,Q
2025-05-05 23:00:00,195,2,Ozone Park-Lefferts Blvd,Q
2025-05-05 23:00:00,196,2,Aqueduct Racetrack,Q
2025-05-05 23:00:00,197,4,Aqueduct-N Conduit Av,Q
2025-05-05 23:00:00,198,2,Howard Beach-JFK Airport,Q
2025-05-05 23:00:00,200,6,Beach 90 St,Q
2025-05-05 23:00:00,201,6,Beach 98 St,Q
2025-05-05 23:00:00,202,6,Beach 105 St,Q
2025-05-05 23:00:00,203,3,Rockaway Park-Beach 116 St,Q
2025-05-05 23:00:00,204,6,Beach 67 St,Q
2025-05-05 23:00:00,205,6,Beach 60 St,Q
2025-05-05 23:00:00,206,6,Beach 44 St,Q
2025-05-05 23:00:00,207,6,Beach 36 St,Q
2025-05-05 23:00:00,208,6,Beach 25 St,Q
2025-05-05 23:00:00,209,3,Far Rockaway-Mott Av,Q
2025-05-05 23:00:00,210,4,Norwood-205 St,Bx
2025-05-05 23:00:00,211,10,Bedford Park Blvd,Bx
2025-05-05 23:00:00,212,10,Kingsbridge Rd,Bx
2025-05-05 23:00:00,213,9,Fordham Rd,Bx
2025-05-05 23:00:00,214,9,182-183 Sts,Bx
2025-05-05 23:00:00,215,9,Tremont Av,Bx
2025-05-05 23:00:00,216,9,174-175 Sts,Bx
2025-05-05 23:00:00,217,9,170 St,Bx
2025-05-05 23:00:00,218,10,167 St,Bx
2025-05-05 23:00:00,220,10,155 St,M
2025-05-05 23:00:00,221,12,21 St-Queensbridge,Q
2025-05-05 23:00:00,222,12,Roosevelt Island,M
2025-05-05 23:00:00,223,21,Lexington Av/63 St,M
2025-05-05 23:00:00,224,11,57 St,M
2025-05-05 23:00:00,225,19,47-50 Sts-Rockefeller Ctr,M
2025-05-05 23:00:00,228,11,23 St,M
2025-05-05 23:00:00,231,10,Grand St,M
2025-05-05 23:00:00,232,12,2 Av,M
2025-05-05 23:00:00,234,11,East Broadway,M
2025-05-05 23:00:00,235,11,York St,B
2025-05-05 23:00:00,236,20,Bergen St,B
2025-05-05 23:00:00,237,19,Carroll St,B
2025-05-05 23:00:00,238,20,Smith-9 Sts,B
2025-05-05 23:00:00,240,20,7 Av,B
2025-05-05 23:00:00,241,18,15 St-Prospect Park,B
2025-05-05 23:00:00,242,17,Fort Hamilton Pkwy,B
2025-05-05 23:00:00,243,14,Church Av,B
2025-05-05 23:00:00,244,11,Ditmas Av,B
2025-05-05 23:00:00,245,11,18 Av,B
2025-05-05 23:00:00,246,10,Avenue I,B
2025-05-05 23:00:00,247,10,Bay Pkwy,B
2025-05-05 23:00:00,248,11,Avenue N,B
2025-05-05 23:00:00,249,11,Avenue P,B
2025-05-05 23:00:00,250,9,Kings Hwy,B
2025-05-05 23:00:00,251,9,Avenue U,B
2025-05-05 23:00:00,252,11,Avenue X,B
2025-05-05 23:00:00,253,11,Neptune Av,B
2025-05-05 23:00:00,254,4,Jamaica-179 St,Q
2025-05-05 23:00:00,255,12,169 St,Q
2025-05-05 23:00:00,256,12,Parsons Blvd,Q
2025-05-05 23:00:00,257,12,Sutphin Blvd,Q
2025-05-05 23:00:00,258,22,Briarwood,Q
2025-05-05 23:00:00,259,23,Kew Gardens-Union Tpke,Q
2025-05-05 23:00:00,260,22,75 Av,Q
2025-05-05 23:00:00,261,23,Forest Hills-71 Av,Q
2025-05-05 23:00:00,262,23,67 Av,Q
2025-05-05 23:00:00,263,23,63 Dr-Rego Park,Q
2025-05-05 23:00:00,264,23,Woodhaven Blvd,Q
2025-05-05 23:00:00,265,23,Grand Av-Newtown,Q
2025-05-05 23:00:00,266,24,Elmhurst Av,Q
2025-05-05 23:00:00,268,23,65 St,Q
2025-05-05 23:00:00,269,22,Northern Blvd,Q
2025-05-05 23:00:00,270,23,46 St,Q
2025-05-05 23:00:00,271,23,Steinway St,Q
2025-05-05 23:00:00,272,25,36 St,Q
2025-05-05 23:00:00,273,12,Queens Plaza,Q
2025-05-05 23:00:00,276,12,5 Av/53 St,M
2025-05-05 23:00:00,277,22,7 Av,M
2025-05-05 23:00:00,278,9,Jamaica Center-Parsons/Archer,Q
2025-05-05 23:00:00,279,20,Sutphin Blvd-Archer Av-JFK Airport,Q
2025-05-05 23:00:00,280,10,Jamaica-Van Wyck,Q
2025-05-05 23:00:00,282,10,21 St,Q
2025-05-05 23:00:00,283,8,Greenpoint Av,B
2025-05-05 23:00:00,284,8,Nassau Av,B
2025-05-05 23:00:00,286,8,Broadway,B
2025-05-05 23:00:00,287,8,Flushing Av,B
2025-05-05 23:00:00,288,9,Myrtle-Willoughby Avs,B
2025-05-05 23:00:00,289,9,Bedford-Nostrand Avs,B
2025-05-05 23:00:00,290,9,Classon Av,B
2025-05-05 23:00:00,291,9,Clinton-Washington Avs,B
2025-05-05 23:00:00,292,7,Fulton St,B
2025-05-05 23:00:00,293,5,Van Cortlandt Park-242 St,Bx
2025-05-05 23:00:00,294,14,238 St,Bx
2025-05-05 23:00:00,295,13,231 St,Bx
2025-05-05 23:00:00,296,14,Marble Hill-225 St,M
2025-05-05 23:00:00,297,15,215 St,M
2025-05-05 23:00:00,298,14,207 St,M
2025-05-05 23:00:00,299,13,Dyckman St,M
2025-05-05 23:00:00,300,13,191 St,M
2025-05-05 23:00:00,301,13,181 St,M
2025-05-05 23:00:00,303,13,157 St,M
2025-05-05 23:00:00,304,14,145 St,M
2025-05-05 23:00:00,305,13,137 St-City College,M
2025-05-05 23:00:00,306,13,125 St,M
2025-05-05 23:00:00,307,12,116 St-Columbia University,M
2025-05-05 23:00:00,308,13,Cathedral Pkwy (110 St),M
2025-05-05 23:00:00,309,12,103 St,M
2025-05-05 23:00:00,310,30,96 St,M
2025-05-05 23:00:00,311,13,86 St,M
2025-05-05 23:00:00,312,13,79 St,M
2025-05-05 23:00:00,313,29,72 St,M
2025-05-05 23:00:00,314,12,66 St-Lincoln Center,M
2025-05-05 23:00:00,316,13,50 St,M
2025-05-05 23:00:00,318,26,34 St-Penn Station,M
2025-05-05 23:00:00,319,12,28 St,M
2025-05-05 23:00:00,320,12,23 St,M
2025-05-05 23:00:00,321,12,18 St,M
2025-05-05 23:00:00,323,13,Christopher St-Stonewall,M
2025-05-05 23:00:00,324,12,Houston St,M
2025-05-05 23:00:00,325,12,Canal St,M
2025-05-05 23:00:00,326,12,Franklin St,M
2025-05-05 23:00:00,327,23,Chambers St,M
2025-05-05 23:00:00,328,12,WTC Cortlandt,M
2025-05-05 23:00:00,329,12,Rector St,M
2025-05-05 23:00:00,333,10,Wall St,M
2025-05-05 23:00:00,334,11,Clark St,B
2025-05-05 23:00:00,336,10,Hoyt St,B
2025-05-05 23:00:00,337,21,Nevins St,B
2025-05-05 23:00:00,339,20,Bergen St,B
2025-05-05 23:00:00,340,19,Grand Army Plaza,B
2025-05-05 23:00:00,341,19,Eastern Pkwy-Brooklyn Museum,B
2025-05-05 23:00:00,343,10,Nostrand Av,B
2025-05-05 23:00:00,344,11,Kingston Av,B
2025-05-05 23:00:00,345,9,Crown Hts-Utica Av,B
2025-05-05 23:00:00,346,9,Sutter Av-Rutland Rd,B
2025-05-05 23:00:00,347,10,Saratoga Av,B
2025-05-05 23:00:00,348,12,Rockaway Av,B
2025-05-05 23:00:00,349,12,Junius St,B
2025-05-05 23:00:00,350,11,Pennsylvania Av,B
2025-05-05 23:00:00,351,11,Van Siclen Av,B
2025-05-05 23:00:00,352,4,New Lots Av,B
2025-05-05 23:00:00,353,10,President St-Medgar Evers College,B
2025-05-05 23:00:00,354,10,Sterling St,B
2025-05-05 23:00:00,355,10,Winthrop St,B
2025-05-05 23:00:00,356,9,Church Av,B
2025-05-05 23:00:00,357,9,Beverly Rd,B
2025-05-05 23:00:00,358,9,Newkirk Av-Little Haiti,B
2025-05-05 23:00:00,359,4,Flatbush Av-Brooklyn College,B
2025-05-05 23:00:00,360,5,Pelham Bay Park,Bx
2025-05-05 23:00:00,361,13,Buhre Av,Bx
2025-05-05 23:00:00,362,13,Middletown Rd,Bx
2025-05-05 23:00:00,363,12,Westchester Sq-E Tremont Av,Bx
2025-05-05 23:00:00,364,11,Zerega Av,Bx
2025-05-05 23:00:00,365,11,Castle Hill Av,Bx
2025-05-05 23:00:00,366,13,Parkchester,Bx
2025-05-05 23:00:00,367,13,St Lawrence Av,Bx
2025-05-05 23:00:00,368,13,Morrison Av-Soundview,Bx
2025-05-05 23:00:00,369,13,Elder Av,Bx
2025-05-05 23:00:00,370,12,Whitlock Av,Bx
2025-05-05 23:00:00,371,13,Hunts Point Av,Bx
2025-05-05 23:00:00,372,12,Longwood Av,Bx
2025-05-05 23:00:00,373,12,E 149 St,Bx
2025-05-05 23:00:00,374,13,E 143 St-St Mary's St,Bx
2025-05-05 23:00:00,375,13,Cypress Av,Bx
2025-05-05 23:00:00,376,13,Brook Av,Bx
2025-05-05 23:00:00,377,13,3 Av-138 St,Bx
2025-05-05 23:00:00,378,4,Woodlawn,Bx
2025-05-05 23:00:00,379,9,Mosholu Pkwy,Bx
2025-05-05 23:00:00,380,9,Bedford Park Blvd-Lehman College,Bx
2025-05-05 23:00:00,381,10,Kingsbridge Rd,Bx
2025-05-05 23:00:00,382,10,Fordham Rd,Bx
2025-05-05 23:00:00,383,10,183 St,Bx
2025-05-05 23:00:00,384,10,Burnside Av,Bx
2025-05-05 23:00:00,385,11,176 St,Bx
2025-05-05 23:00:00,386,11,Mt Eden Av,Bx
2025-05-05 23:00:00,387,11,170 St,Bx
2025-05-05 23:00:00,388,10,167 St,Bx
2025-05-05 23:00:00,391,11,138 St-Grand Concourse,Bx
2025-05-05 23:00:00,392,24,125 St,M
2025-05-05 23:00:00,393,13,116 St,M
2025-05-05 23:00:00,394,12,110 St,M
2025-05-05 23:00:00,395,12,103 St,M
2025-05-05 23:00:00,396,12,96 St,M
2025-05-05 23:00:00,397,23,86 St,M
2025-05-05 23:00:00,398,13,77 St,M
2025-05-05 23:00:00,399,12,68 St-Hunter College,M
2025-05-05 23:00:00,403,12,33 St,M
2025-05-05 23:00:00,404,13,28 St,M
2025-05-05 23:00:00,405,14,23 St-Baruch College,M
2025-05-05 23:00:00,407,14,Astor Pl,M
2025-05-05 23:00:00,409,12,Spring St,M
2025-05-05 23:00:00,413,11,Wall St,M
2025-05-05 23:00:00,414,10,Bowling Green,M
2025-05-05 23:00:00,416,5,Wakefield-241 St,Bx
2025-05-05 23:00:00,417,10,Nereid Av,Bx
2025-05-05 23:00:00,418,10,233 St,Bx
2025-05-05 23:00:00,419,10,225 St,Bx
2025-05-05 23:00:00,420,10,219 St,Bx
2025-05-05 23:00:00,421,10,Gun Hill Rd,Bx
2025-05-05 23:00:00,422,10,Burke Av,Bx
2025-05-05 23:00:00,423,9,Allerton Av,Bx
2025-05-05 23:00:00,424,10,Pelham Pkwy,Bx
2025-05-05 23:00:00,425,10,Bronx Park East,Bx
2025-05-05 23:00:00,426,14,E 180 St,Bx
2025-05-05 23:00:00,427,10,West Farms Sq-E Tremont Av,Bx
2025-05-05 23:00:00,428,10,174 St,Bx
2025-05-05 23:00:00,429,9,Freeman St,Bx
2025-05-05 23:00:00,430,11,Simpson St,Bx
2025-05-05 23:00:00,431,11,Intervale Av,Bx
2025-05-05 23:00:00,432,11,Prospect Av,Bx
2025-05-05 23:00:00,433,11,Jackson Av,Bx
2025-05-05 23:00:00,434,10,3 Av-149 St,Bx
2025-05-05 23:00:00,436,3,Harlem-148 St,M
2025-05-05 23:00:00,437,8,145 St,M
2025-05-05 23:00:00,438,17,135 St,M
2025-05-05 23:00:00,439,17,125 St,M
2025-05-05 23:00:00,440,18,116 St,M
2025-05-05 23:00:00,441,17,110 St-Malcolm X Plaza,M
2025-05-05 23:00:00,442,3,Eastchester-Dyre Av,Bx
2025-05-05 23:00:00,443,8,Baychester Av,Bx
2025-05-05 23:00:00,444,8,Gun Hill Rd,Bx
2025-05-05 23:00:00,445,9,Pelham Pkwy,Bx
2025-05-05 23:00:00,446,9,Morris Park,Bx
2025-05-05 23:00:00,447,9,Flushing-Main St,Q
2025-05-05 23:00:00,448,18,Mets-Willets Point,Q
2025-05-05 23:00:00,449,19,111 St,Q
2025-05-05 23:00:00,450,19,103 St-Corona Plaza,Q
2025-05-05 23:00:00,451,18,Junction Blvd,Q
2025-05-05 23:00:00,452,18,90 St-Elmhurst Av,Q
2025-05-05 23:00:00,453,18,82 St-Jackson Hts,Q
2025-05-05 23:00:00,455,18,69 St,Q
2025-05-05 23:00:00,456,18,61 St-Woodside,Q
2025-05-05 23:00:00,457,19,61 St-Woodside,Q
2025-05-05 23:00:00,458,19,61 St-Woodside,Q
2025-05-05 23:00:00,459,19,61 St-Woodside,Q
2025-05-05 23:00:00,460,20,61 St-Woodside,Q
2025-05-05 23:00:00,461,18,61 St-Woodside,Q
2025-05-05 23:00:00,463,18,Hunters Point Av,Q
2025-05-05 23:00:00,464,20,Vernon Blvd-Jackson Av,Q
2025-05-05 23:00:00,471,9,34 St-Hudson Yards,M
2025-05-05 23:00:00,475,5,96 St,M
2025-05-05 23:00:00,476,10,86 St,M
2025-05-05 23:00:00,477,9,72 St,M
2025-05-05 23:00:00,501,2,St George,SI
2025-05-05 23:00:00,502,4,Tompkinsville,SI
2025-05-05 23:00:00,503,4,Stapleton,SI
2025-05-05 23:00:00,504,4,Clifton,SI
2025-05-05 23:00:00,505,4,Grasmere,SI
2025-05-05 23:00:00,506,4,Old Town,SI
2025-05-05 23:00:00,507,4,Dongan Hills,SI
2025-05-05 23:00:00,508,4,Jefferson Av,SI
2025-05-05 23:00:00,509,4,Grant City,SI
2025-05-05 23:00:00,510,4,New Dorp,SI
2025-05-05 23:00:00,511,4,Oakwood Heights,SI
2025-05-05 23:00:00,512,4,Bay Terrace,SI
2025-05-05 23:00:00,513,4,Great Kills,SI
2025-05-05 23:00:00,514,4,Eltingville,SI
2025-05-05 23:00:00,515,4,Annadale,SI
2025-05-05 23:00:00,516,4,Huguenot,SI
2025-05-05 23:00:00,517,4,Prince's Bay,SI
2025-05-05 23:00:00,518,4,Pleasant Plains,SI
2025-05-05 23:00:00,519,4,Richmond Valley,SI
2025-05-05 23:00:00,522,2,Tottenville,SI
2025-05-05 23:00:00,523,4,Arthur Kill,SI
2025-05-05 23:00:00,601,48,14 St/6 Av,M
2025-05-05 23:00:00,602,47,34 St-Herald Sq,M
2025-05-05 23:00:00,603,10,149 St-Grand Concourse,Bx
2025-05-05 23:00:00,604,20,161 St-Yankee Stadium,Bx
2025-05-05 23:00:00,605,23,168 St-Washington Hts,M
2025-05-05 23:00:00,606,33,Court Sq-23 St,Q
2025-05-05 23:00:00,607,46,34 St-Herald Sq,M
2025-05-05 23:00:00,608,41,4 Av-9 St,B
2025-05-05 23:00:00,609,38,42 St-Bryant Pk/5 Av,M
2025-05-05 23:00:00,610,54,Grand Central-42 St,M
2025-05-05 23:00:00,611,89,Times Sq-42 St/Port Authority Bus Terminal,M
2025-05-05 23:00:00,612,25,Lexington Av/51-53 Sts,M
2025-05-05 23:00:00,613,39,Lexington Av/59 St,M
2025-05-05 23:00:00,614,34,59 St-Columbus Circle,M
2025-05-05 23:00:00,615,17,62 St/New Utrecht Av,B
2025-05-05 23:00:00,616,43,Jackson Hts-Roosevelt Av/74 St-Broadway,Q
2025-05-05 23:00:00,617,53,Atlantic Av-Barclays Ctr,B
2025-05-05 23:00:00,618,30,14 St/8 Av,M
2025-05-05 23:00:00,619,36,Broadway-Lafayette St/Bleecker St,M
2025-05-05 23:00:00,620,32,Borough Hall/Court St,B
2025-05-05 23:00:00,621,12,Broadway Junction,B
2025-05-05 23:00:00,622,25,Brooklyn Bridge-City Hall/Chambers St,M
2025-05-05 23:00:00,623,33,Canal St,M
2025-05-05 23:00:00,624,36,Chambers St/WTC/Park Place/Cortlandt St,M
2025-05-05 23:00:00,625,22,Delancey St-Essex St,M
2025-05-05 23:00:00,626,26,Franklin Av-Medgar Evers College/Botanic Garden,B
2025-05-05 23:00:00,627,13,Franklin Av,B
2025-05-05 23:00:00,628,30,Fulton St,M
2025-05-05 23:00:00,629,21,Metropolitan Av/Lorimer St,B
2025-05-05 23:00:00,630,15,Myrtle-Wyckoff Avs,Q
2025-05-05 23:00:00,635,18,Whitehall St-South Ferry,M
2025-05-05 23:00:00,636,33,Jay St-MetroTech,B
2025-05-06 00:00:00,2,4,Astoria Blvd,Q
2025-05-06 00:00:00,3,4,30 Av,Q
2025-05-06 00:00:00,4,5,Broadway,Q
2025-05-06 00:00:00,5,5,36 Av,Q
2025-05-06 00:00:00,6,5,39 Av-Dutch Kills,Q
2025-05-06 00:00:00,8,5,5 Av/59 St,M
2025-05-06 00:00:00,9,7,57 St-7 Av,M
2025-05-06 00:00:00,10,6,49 St,M
2025-05-06 00:00:00,13,6,28 St,M
2025-05-06 00:00:00,14,6,23 St,M
2025-05-06 00:00:00,16,6,8 St-NYU,M
2025-05-06 00:00:00,17,6,Prince St,M
2025-05-06 00:00:00,26,15,DeKalb Av,B
2025-05-06 00:00:00,28,15,Union St,B
2025-05-06 00:00:00,30,16,Prospect Av,B
2025-05-06 00:00:00,31,16,25 St,B
2025-05-06 00:00:00,32,14,36 St,B
2025-05-06 00:00:00,33,7,45 St,B
2025-05-06 00:00:00,34,8,53 St,B
2025-05-06 00:00:00,35,8,59 St,B
2025-05-06 00:00:00,36,1,Bay Ridge Av,B
2025-05-06 00:00:00,37,1,77 St,B
2025-05-06 00:00:00,38,1,86 St,B
2025-05-06 00:00:00,39,1,Bay Ridge-95 St,B
2025-05-06 00:00:00,41,2,7 Av,B
2025-05-06 00:00:00,42,2,Prospect Park,B
2025-05-06 00:00:00,43,2,Parkside Av,B
2025-05-06 00:00:00,44,2,Church Av,B
2025-05-06 00:00:00,45,2,Beverley Rd,B
2025-05-06 00:00:00,46,2,Cortelyou Rd,B
2025-05-06 00:00:00,47,2,Newkirk Plaza,B
2025-05-06 00:00:00,48,2,Avenue H,B
2025-05-06 00:00:00,49,2,Avenue J,B
2025-05-06 00:00:00,50,3,Avenue M,B
2025-05-06 00:00:00,51,3,Kings Hwy,B
2025-05-06 00:00:00,52,3,Avenue U,B
2025-05-06 00:00:00,53,3,Neck Rd,B
2025-05-06 00:00:00,54,3,Sheepshead Bay,B
2025-05-06 00:00:00,55,3,Brighton Beach,B
2025-05-06 00:00:00,56,4,Ocean Pkwy,B
2025-05-06 00:00:00,57,12,W 8 St-NY Aquarium,B
2025-05-06 00:00:00,58,12,Coney Island-Stillwell Av,B
2025-05-06 00:00:00,59,8,9 Av,B
2025-05-06 00:00:00,60,8,Fort Hamilton Pkwy,B
2025-05-06 00:00:00,61,8,50 St,B
2025-05-06 00:00:00,62,9,55 St,B
2025-05-06 00:00:00,64,9,71 St,B
2025-05-06 00:00:00,65,7,79 St,B
2025-05-06 00:00:00,66,7,18 Av,B
2025-05-06 00:00:00,67,7,20 Av,B
2025-05-06 00:00:00,68,7,Bay Pkwy,B
2025-05-06 00:00:00,69,8,25 Av,B
2025-05-06 00:00:00,70,7,Bay 50 St,B
2025-05-06 00:00:00,71,8,8 Av,B
2025-05-06 00:00:00,72,8,Fort Hamilton Pkwy,B
2025-05-06 00:00:00,74,7,18 Av,B
2025-05-06 00:00:00,75,7,20 Av,B
2025-05-06 00:00:00,76,7,Bay Pkwy,B
2025-05-06 00:00:00,77,7,Kings Hwy,B
2025-05-06 00:00:00,78,7,Avenue U,B
2025-05-06 00:00:00,79,8,86 St,B
2025-05-06 00:00:00,80,4,121 St,Q
2025-05-06 00:00:00,81,4,111 St,Q
2025-05-06 00:00:00,82,4,104 St,Q
2025-05-06 00:00:00,83,5,Woodhaven Blvd,Q
2025-05-06 00:00:00,84,5,85 St-Forest Pkwy,Q
2025-05-06 00:00:00,85,5,75 St-Elderts Ln,Q
2025-05-06 00:00:00,86,5,Cypress Hills,B
2025-05-06 00:00:00,87,5,Crescent St,B
2025-05-06 00:00:00,88,5,Norwood Av,B
2025-05-06 00:00:00,89,5,Cleveland St,B
2025-05-06 00:00:00,90,5,Van Siclen Av,B
2025-05-06 00:00:00,91,5,Alabama Av,B
2025-05-06 00:00:00,93,5,Chauncey St,B
2025-05-06 00:00:00,94,6,Halsey St,B
2025-05-06 00:00:00,95,6,Gates Av,B
2025-05-06 00:00:00,96,6,Kosciuszko St,B
2025-05-06 00:00:00,97,6,Myrtle Av,B
2025-05-06 00:00:00,98,6,Flushing Av,B
2025-05-06 00:00:00,99,6,Lorimer St,B
2025-05-06 00:00:00,100,6,Hewes St,B
2025-05-06 00:00:00,101,6,Marcy Av,B
2025-05-06 00:00:00,103,6,Bowery,M
2025-05-06 00:00:00,107,4,Broad St,M
2025-05-06 00:00:00,108,1,Middle Village-Metropolitan Av,Q
2025-05-06 00:00:00,109,1,Fresh Pond Rd,Q
2025-05-06 00:00:00,110,1,Forest Av,Q
2025-05-06 00:00:00,111,1,Seneca Av,Q
2025-05-06 00:00:00,113,1,Knickerbocker Av,B
2025-05-06 00:00:00,114,2,Central Av,B
2025-05-06 00:00:00,118,8,3 Av,M
2025-05-06 00:00:00,119,8,1 Av,M
2025-05-06 00:00:00,120,8,Bedford Av,B
2025-05-06 00:00:00,122,8,Graham Av,B
2025-05-06 00:00:00,123,8,Grand St,B
2025-05-06 00:00:00,124,8,Montrose Av,B
2025-05-06 00:00:00,125,8,Morgan Av,B
2025-05-06 00:00:00,126,7,Jefferson St,B
2025-05-06 00:00:00,127,8,DeKalb Av,B
2025-05-06 00:00:00,129,7,Halsey St,B
2025-05-06 00:00:00,130,7,Wilson Av,B
2025-05-06 00:00:00,131,7,Bushwick Av-Aberdeen St,B
2025-05-06 00:00:00,133,7,Atlantic Av,B
2025-05-06 00:00:00,134,7,Sutter Av,B
2025-05-06 00:00:00,135,6,Livonia Av,B
2025-05-06 00:00:00,136,6,New Lots Av,B
2025-05-06 00:00:00,137,6,East 105 St,B
2025-05-06 00:00:00,144,4,Dyckman St,M
2025-05-06 00:00:00,145,6,190 St,M
2025-05-06 00:00:00,146,6,181 St,M
2025-05-06 00:00:00,147,6,175 St,M
2025-05-06 00:00:00,149,5,163 St-Amsterdam Av,M
2025-05-06 00:00:00,150,5,155 St,M
2025-05-06 00:00:00,152,6,135 St,M
2025-05-06 00:00:00,153,12,125 St,M
2025-05-06 00:00:00,154,7,116 St,M
2025-05-06 00:00:00,155,6,Cathedral Pkwy (110 St),M
2025-05-06 00:00:00,156,6,103 St,M
2025-05-06 00:00:00,157,6,96 St,M
2025-05-06 00:00:00,158,6,86 St,M
2025-05-06 00:00:00,159,6,81 St-Museum of Natural History,M
2025-05-06 00:00:00,160,6,72 St,M
2025-05-06 00:00:00,162,15,50 St,M
2025-05-06 00:00:00,164,16,34 St-Penn Station,M
2025-05-06 00:00:00,165,15,23 St,M
2025-05-06 00:00:00,168,16,Spring St,M
2025-05-06 00:00:00,169,16,Canal St,M
2025-05-06 00:00:00,173,8,High St,B
2025-05-06 00:00:00,175,13,Hoyt-Schermerhorn Sts,B
2025-05-06 00:00:00,176,8,Lafayette Av,B
2025-05-06 00:00:00,177,9,Clinton-Washington Avs,B
2025-05-06 00:00:00,179,9,Nostrand Av,B
2025-05-06 00:00:00,180,9,Kingston-Throop Avs,B
2025-05-06 00:00:00,181,8,Utica Av,B
2025-05-06 00:00:00,182,8,Ralph Av,B
2025-05-06 00:00:00,183,7,Rockaway Av,B
2025-05-06 00:00:00,185,9,Liberty Av,B
2025-05-06 00:00:00,186,9,Van Siclen Av,B
2025-05-06 00:00:00,187,9,Shepherd Av,B
2025-05-06 00:00:00,188,9,Euclid Av,B
2025-05-06 00:00:00,189,10,Grant Av,B
2025-05-06 00:00:00,190,10,80 St,Q
2025-05-06 00:00:00,191,10,88 St,Q
2025-05-06 00:00:00,192,9,Rockaway Blvd,Q
2025-05-06 00:00:00,193,4,104 St,Q
2025-05-06 00:00:00,194,5,111 St,Q
2025-05-06 00:00:00,195,2,Ozone Park-Lefferts Blvd,Q
2025-05-06 00:00:00,196,2,Aqueduct Racetrack,Q
2025-05-06 00:00:00,197,5,Aqueduct-N Conduit Av,Q
2025-05-06 00:00:00,198,2,Howard Beach-JFK Airport,Q
2025-05-06 00:00:00,200,3,Beach 90 St,Q
2025-05-06 00:00:00,201,3,Beach 98 St,Q
2025-05-06 00:00:00,202,3,Beach 105 St,Q
2025-05-06 00:00:00,203,2,Rockaway Park-Beach 116 St,Q
2025-05-06 00:00:00,204,3,Beach 67 St,Q
2025-05-06 00:00:00,205,3,Beach 60 St,Q
2025-05-06 00:00:00,206,4,Beach 44 St,Q
2025-05-06 00:00:00,207,4,Beach 36 St,Q
2025-05-06 00:00:00,208,3,Beach 25 St,Q
2025-05-06 00:00:00,211,4,Bedford Park Blvd,Bx
2025-05-06 00:00:00,212,4,Kingsbridge Rd,Bx
2025-05-06 00:00:00,213,6,Fordham Rd,Bx
2025-05-06 00:00:00,214,6,182-183 Sts,Bx
2025-05-06 00:00:00,215,6,Tremont Av,Bx
2025-05-06 00:00:00,216,5,174-175 Sts,Bx
2025-05-06 00:00:00,217,5,170 St,Bx
2025-05-06 00:00:00,218,5,167 St,Bx
2025-05-06 00:00:00,220,5,155 St,M
2025-05-06 00:00:00,221,7,21 St-Queensbridge,Q
2025-05-06 00:00:00,222,7,Roosevelt Island,M
2025-05-06 00:00:00,223,11,Lexington Av/63 St,M
2025-05-06 00:00:00,224,7,57 St,M
2025-05-06 00:00:00,225,16,47-50 Sts-Rockefeller Ctr,M
2025-05-06 00:00:00,228,8,23 St,M
2025-05-06 00:00:00,231,7,Grand St,M
2025-05-06 00:00:00,232,8,2 Av,M
2025-05-06 00:00:00,234,9,East Broadway,M
2025-05-06 00:00:00,235,9,York St,B
2025-05-06 00:00:00,236,14,Bergen St,B
2025-05-06 00:00:00,237,14,Carroll St,B
2025-05-06 00:00:00,238,14,Smith-9 Sts,B
2025-05-06 00:00:00,240,14,7 Av,B
2025-05-06 00:00:00,241,15,15 St-Prospect Park,B
2025-05-06 00:00:00,242,15,Fort Hamilton Pkwy,B
2025-05-06 00:00:00,243,11,Church Av,B
2025-05-06 00:00:00,244,9,Ditmas Av,B
2025-05-06 00:00:00,245,9,18 Av,B
2025-05-06 00:00:00,246,10,Avenue I,B
2025-05-06 00:00:00,247,10,Bay Pkwy,B
2025-05-06 00:00:00,248,10,Avenue N,B
2025-05-06 00:00:00,249,9,Avenue P,B
2025-05-06 00:00:00,250,9,Kings Hwy,B
2025-05-06 00:00:00,251,10,Avenue U,B
2025-05-06 00:00:00,252,9,Avenue X,B
2025-05-06 00:00:00,253,8,Neptune Av,B
2025-05-06 00:00:00,255,5,169 St,Q
2025-05-06 00:00:00,256,5,Parsons Blvd,Q
2025-05-06 00:00:00,257,6,Sutphin Blvd,Q
2025-05-06 00:00:00,258,12,Briarwood,Q
2025-05-06 00:00:00,259,11,Kew Gardens-Union Tpke,Q
2025-05-06 00:00:00,260,13,75 Av,Q
2025-05-06 00:00:00,261,13,Forest Hills-71 Av,Q
2025-05-06 00:00:00,262,13,67 Av,Q
2025-05-06 00:00:00,263,13,63 Dr-Rego Park,Q
2025-05-06 00:00:00,264,13,Woodhaven Blvd,Q
2025-05-06 00:00:00,265,13,Grand Av-Newtown,Q
2025-05-06 00:00:00,266,13,Elmhurst Av,Q
2025-05-06 00:00:00,268,14,65 St,Q
2025-05-06 00:00:00,269,14,Northern Blvd,Q
2025-05-06 00:00:00,270,14,46 St,Q
2025-05-06 00:00:00,271,15,Steinway St,Q
2025-05-06 00:00:00,272,14,36 St,Q
2025-05-06 00:00:00,273,7,Queens Plaza,Q
2025-05-06 00:00:00,276,8,5 Av/53 St,M
2025-05-06 00:00:00,277,14,7 Av,M
2025-05-06 00:00:00,279,10,Sutphin Blvd-Archer Av-JFK Airport,Q
2025-05-06 00:00:00,280,6,Jamaica-Van Wyck,Q
2025-05-06 00:00:00,282,3,21 St,Q
2025-05-06 00:00:00,283,4,Greenpoint Av,B
2025-05-06 00:00:00,284,4,Nassau Av,B
2025-05-06 00:00:00,286,4,Broadway,B
2025-05-06 00:00:00,287,4,Flushing Av,B
2025-05-06 00:00:00,288,4,Myrtle-Willoughby Avs,B
2025-05-06 00:00:00,289,4,Bedford-Nostrand Avs,B
2025-05-06 00:00:00,290,4,Classon Av,B
2025-05-06 00:00:00,291,4,Clinton-Washington Avs,B
2025-05-06 00:00:00,292,6,Fulton St,B
2025-05-06 00:00:00,294,6,238 St,Bx
2025-05-06 00:00:00,295,6,231 St,Bx
2025-05-06 00:00:00,296,6,Marble Hill-225 St,M
2025-05-06 00:00:00,297,6,215 St,M
2025-05-06 00:00:00,298,6,207 St,M
2025-05-06 00:00:00,299,7,Dyckman St,M
2025-05-06 00:00:00,300,7,191 St,M
2025-05-06 00:00:00,301,7,181 St,M
2025-05-06 00:00:00,303,7,157 St,M
2025-05-06 00:00:00,304,7,145 St,M
2025-05-06 00:00:00,305,7,137 St-City College,M
2025-05-06 00:00:00,306,7,125 St,M
2025-05-06 00:00:00,307,8,116 St-Columbia University,M
2025-05-06 00:00:00,308,7,Cathedral Pkwy (110 St),M
2025-05-06 00:00:00,309,7,103 St,M
2025-05-06 00:00:00,310,17,96 St,M
2025-05-06 00:00:00,311,9,86 St,M
2025-05-06 00:00:00,312,9,79 St,M
2025-05-06 00:00:00,313,17,72 St,M
2025-05-06 00:00:00,314,9,66 St-Lincoln Center,M
2025-05-06 00:00:00,316,9,50 St,M
2025-05-06 00:00:00,318,18,34 St-Penn Station,M
2025-05-06 00:00:00,319,11,28 St,M
2025-05-06 00:00:00,320,11,23 St,M
2025-05-06 00:00:00,321,11,18 St,M
2025-05-06 00:00:00,323,10,Christopher St-Stonewall,M
2025-05-06 00:00:00,324,11,Houston St,M
2025-05-06 00:00:00,325,11,Canal St,M
2025-05-06 00:00:00,326,11,Franklin St,M
2025-05-06 00:00:00,327,16,Chambers St,M
2025-05-06 00:00:00,328,9,WTC Cortlandt,M
2025-05-06 00:00:00,329,9,Rector St,M
2025-05-06 00:00:00,333,8,Wall St,M
2025-05-06 00:00:00,334,8,Clark St,B
2025-05-06 00:00:00,336,8,Hoyt St,B
2025-05-06 00:00:00,337,15,Nevins St,B
2025-05-06 00:00:00,339,16,Bergen St,B
2025-05-06 00:00:00,340,17,Grand Army Plaza,B
2025-05-06 00:00:00,341,16,Eastern Pkwy-Brooklyn Museum,B
2025-05-06 00:00:00,343,8,Nostrand Av,B
2025-05-06 00:00:00,344,8,Kingston Av,B
2025-05-06 00:00:00,345,8,Crown Hts-Utica Av,B
2025-05-06 00:00:00,346,9,Sutter Av-Rutland Rd,B
2025-05-06 00:00:00,347,9,Saratoga Av,B
2025-05-06 00:00:00,348,8,Rockaway Av,B
2025-05-06 00:00:00,349,8,Junius St,B
2025-05-06 00:00:00,350,8,Pennsylvania Av,B
2025-05-06 00:00:00,351,7,Van Siclen Av,B
2025-05-06 00:00:00,352,4,New Lots Av,B
2025-05-06 00:00:00,353,7,President St-Medgar Evers College,B
2025-05-06 00:00:00,354,7,Sterling St,B
2025-05-06 00:00:00,355,8,Winthrop St,B
2025-05-06 00:00:00,356,8,Church Av,B
2025-05-06 00:00:00,357,9,Beverly Rd,B
2025-05-06 00:00:00,358,9,Newkirk Av-Little Haiti,B
2025-05-06 00:00:00,359,4,Flatbush Av-Brooklyn College,B
2025-05-06 00:00:00,361,5,Buhre Av,Bx
2025-05-06 00:00:00,362,5,Middletown Rd,Bx
2025-05-06 00:00:00,363,6,Westchester Sq-E Tremont Av,Bx
2025-05-06 00:00:00,364,7,Zerega Av,Bx
2025-05-06 00:00:00,365,7,Castle Hill Av,Bx
2025-05-06 00:00:00,366,6,Parkchester,Bx
2025-05-06 00:00:00,367,6,St Lawrence Av,Bx
2025-05-06 00:00:00,368,6,Morrison Av-Soundview,Bx
2025-05-06 00:00:00,369,6,Elder Av,Bx
2025-05-06 00:00:00,370,6,Whitlock Av,Bx
2025-05-06 00:00:00,371,5,Hunts Point Av,Bx
2025-05-06 00:00:00,372,4,Longwood Av,Bx
2025-05-06 00:00:00,373,4,E 149 St,Bx
2025-05-06 00:00:00,374,3,E 143 St-St Mary's St,Bx
2025-05-06 00:00:00,375,3,Cypress Av,Bx
2025-05-06 00:00:00,376,3,Brook Av,Bx
2025-05-06 00:00:00,377,5,3 Av-138 St,Bx
2025-05-06 00:00:00,379,5,Mosholu Pkwy,Bx
2025-05-06 00:00:00,380,5,Bedford Park Blvd-Lehman College,Bx
2025-05-06 00:00:00,381,4,Kingsbridge Rd,Bx
2025-05-06 00:00:00,382,4,Fordham Rd,Bx
2025-05-06 00:00:00,383,4,183 St,Bx
2025-05-06 00:00:00,384,3,Burnside Av,Bx
2025-05-06 00:00:00,385,4,176 St,Bx
2025-05-06 00:00:00,386,4,Mt Eden Av,Bx
2025-05-06 00:00:00,387,4,170 St,Bx
2025-05-06 00:00:00,388,5,167 St,Bx
2025-05-06 00:00:00,391,4,138 St-Grand Concourse,Bx
2025-05-06 00:00:00,392,11,125 St,M
2025-05-06 00:00:00,393,9,116 St,M
2025-05-06 00:00:00,394,10,110 St,M
2025-05-06 00:00:00,395,11,103 St,M
2025-05-06 00:00:00,396,11,96 St,M
2025-05-06 00:00:00,397,11,86 St,M
2025-05-06 00:00:00,398,10,77 St,M
2025-05-06 00:00:00,399,10,68 St-Hunter College,M
2025-05-06 00:00:00,403,9,33 St,M
2025-05-06 00:00:00,404,8,28 St,M
2025-05-06 00:00:00,405,8,23 St-Baruch College,M
2025-05-06 00:00:00,407,8,Astor Pl,M
2025-05-06 00:00:00,409,9,Spring St,M
2025-05-06 00:00:00,413,7,Wall St,M
2025-05-06 00:00:00,414,7,Bowling Green,M
2025-05-06 00:00:00,426,1,E 180 St,Bx
2025-05-06 00:00:00,427,5,West Farms Sq-E Tremont Av,Bx
2025-05-06 00:00:00,428,5,174 St,Bx
2025-05-06 00:00:00,429,6,Freeman St,Bx
2025-05-06 00:00:00,430,5,Simpson St,Bx
2025-05-06 00:00:00,431,6,Intervale Av,Bx
2025-05-06 00:00:00,432,6,Prospect Av,Bx
2025-05-06 00:00:00,433,6,Jackson Av,Bx
2025-05-06 00:00:00,434,6,3 Av-149 St,Bx
2025-05-06 00:00:00,437,3,145 St,M
2025-05-06 00:00:00,438,10,135 St,M
2025-05-06 00:00:00,439,10,125 St,M
2025-05-06 00:00:00,440,9,116 St,M
2025-05-06 00:00:00,441,10,110 St-Malcolm X Plaza,M
2025-05-06 00:00:00,443,1,Baychester Av,Bx
2025-05-06 00:00:00,444,1,Gun Hill Rd,Bx
2025-05-06 00:00:00,445,1,Pelham Pkwy,Bx
2025-05-06 00:00:00,446,1,Morris Park,Bx
2025-05-06 00:00:00,448,9,Mets-Willets Point,Q
2025-05-06 00:00:00,449,9,111 St,Q
2025-05-06 00:00:00,450,9,103 St-Corona Plaza,Q
2025-05-06 00:00:00,451,9,Junction Blvd,Q
2025-05-06 00:00:00,452,9,90 St-Elmhurst Av,Q
2025-05-06 00:00:00,453,9,82 St-Jackson Hts,Q
2025-05-06 00:00:00,455,9,69 St,Q
2025-05-06 00:00:00,456,10,61 St-Woodside,Q
2025-05-06 00:00:00,457,10,61 St-Woodside,Q
2025-05-06 00:00:00,458,10,61 St-Woodside,Q
2025-05-06 00:00:00,459,10,61 St-Woodside,Q
2025-05-06 00:00:00,460,10,61 St-Woodside,Q
2025-05-06 00:00:00,461,10,61 St-Woodside,Q
2025-05-06 00:00:00,463,11,Hunters Point Av,Q
2025-05-06 00:00:00,464,10,Vernon Blvd-Jackson Av,Q
2025-05-06 00:00:00,471,6,34 St-Hudson Yards,M
2025-05-06 00:00:00,476,3,86 St,M
2025-05-06 00:00:00,477,4,72 St,M
2025-05-06 00:00:00,502,2,Tompkinsville,SI
2025-05-06 00:00:00,503,2,Stapleton,SI
2025-05-06 00:00:00,504,2,Clifton,SI
2025-05-06 00:00:00,505,2,Grasmere,SI
2025-05-06 00:00:00,506,2,Old Town,SI
2025-05-06 00:00:00,507,2,Dongan Hills,SI
2025-05-06 00:00:00,508,2,Jefferson Av,SI
2025-05-06 00:00:00,509,2,Grant City,SI
2025-05-06 00:00:00,510,2,New Dorp,SI
2025-05-06 00:00:00,511,2,Oakwood Heights,SI
2025-05-06 00:00:00,512,2,Bay Terrace,SI
2025-05-06 00:00:00,513,3,Great Kills,SI
2025-05-06 00:00:00,514,3,Eltingville,SI
2025-05-06 00:00:00,515,3,Annadale,SI
2025-05-06 00:00:00,516,3,Huguenot,SI
2025-05-06 00:00:00,517,3,Prince's Bay,SI
2025-05-06 00:00:00,518,3,Pleasant Plains,SI
2025-05-06 00:00:00,519,3,Richmond Valley,SI
2025-05-06 00:00:00,522,2,Tottenville,SI
2025-05-06 00:00:00,523,3,Arthur Kill,SI
2025-05-06 00:00:00,601,33,14 St/6 Av,M
2025-05-06 00:00:00,602,20,34 St-Herald Sq,M
2025-05-06 00:00:00,603,5,149 St-Grand Concourse,Bx
2025-05-06 00:00:00,604,10,161 St-Yankee Stadium,Bx
2025-05-06 00:00:00,605,12,168 St-Washington Hts,M
2025-05-06 00:00:00,606,19,Court Sq-23 St,Q
2025-05-06 00:00:00,607,23,34 St-Herald Sq,M
2025-05-06 00:00:00,608,29,4 Av-9 St,B
2025-05-06 00:00:00,609,26,42 St-Bryant Pk/5 Av,M
2025-05-06 00:00:00,610,23,Grand Central-42 St,M
2025-05-06 00:00:00,611,43,Times Sq-42 St/Port Authority Bus Terminal,M
2025-05-06 00:00:00,612,17,Lexington Av/51-53 Sts,M
2025-05-06 00:00:00,613,17,Lexington Av/59 St,M
2025-05-06 00:00:00,614,21,59 St-Columbus Circle,M
2025-05-06 00:00:00,615,17,62 St/New Utrecht Av,B
2025-05-06 00:00:00,616,23,Jackson Hts-Roosevelt Av/74 St-Broadway,Q
2025-05-06 00:00:00,617,30,Atlantic Av-Barclays Ctr,B
2025-05-06 00:00:00,618,20,14 St/8 Av,M
2025-05-06 00:00:00,619,22,Broadway-Lafayette St/Bleecker St,M
2025-05-06 00:00:00,620,15,Borough Hall/Court St,B
2025-05-06 00:00:00,621,9,Broadway Junction,B
2025-05-06 00:00:00,622,19,Brooklyn Bridge-City Hall/Chambers St,M
2025-05-06 00:00:00,623,16,Canal St,M
2025-05-06 00:00:00,624,21,Chambers St/WTC/Park Place/Cortlandt St,M
2025-05-06 00:00:00,625,16,Delancey St-Essex St,M
2025-05-06 00:00:00,626,15,Franklin Av-Medgar Evers College/Botanic Garden,B
2025-05-06 00:00:00,627,9,Franklin Av,B
2025-05-06 00:00:00,628,23,Fulton St,M
2025-05-06 00:00:00,629,12,Metropolitan Av/Lorimer St,B
2025-05-06 00:00:00,630,7,Myrtle-Wyckoff Avs,Q
2025-05-06 00:00:00,635,5,Whitehall St-South Ferry,M
2025-05-06 00:00:00,636,17,Jay St-MetroTech,B
2025-05-06 01:00:00,2,3,Astoria Blvd,Q
2025-05-06 01:00:00,3,3,30 Av,Q
2025-05-06 01:00:00,4,3,Broadway,Q
2025-05-06 01:00:00,5,3,36 Av,Q
2025-05-06 01:00:00,6,3,39 Av-Dutch Kills,Q
2025-05-06 01:00:00,8,3,5 Av/59 St,M
2025-05-06 01:00:00,9,3,57 St-7 Av,M
2025-05-06 01:00:00,10,3,49 St,M
2025-05-06 01:00:00,13,3,28 St,M
2025-05-06 01:00:00,14,3,23 St,M
2025-05-06 01:00:00,16,3,8 St-NYU,M
2025-05-06 01:00:00,17,3,Prince St,M
2025-05-06 01:00:00,26,6,DeKalb Av,B
2025-05-06 01:00:00,28,6,Union St,B
2025-05-06 01:00:00,30,6,Prospect Av,B
2025-05-06 01:00:00,31,6,25 St,B
2025-05-06 01:00:00,32,7,36 St,B
2025-05-06 01:00:00,33,3,45 St,B
2025-05-06 01:00:00,34,3,53 St,B
2025-05-06 01:00:00,35,3,59 St,B
2025-05-06 01:00:00,41,1,7 Av,B
2025-05-06 01:00:00,42,1,Prospect Park,B
2025-05-06 01:00:00,43,1,Parkside Av,B
2025-05-06 01:00:00,44,1,Church Av,B
2025-05-06 01:00:00,45,1,Beverley Rd,B
2025-05-06 01:00:00,46,1,Cortelyou Rd,B
2025-05-06 01:00:00,57,6,W 8 St-NY Aquarium,B
2025-05-06 01:00:00,58,8,Coney Island-Stillwell Av,B
2025-05-06 01:00:00,59,4,9 Av,B
2025-05-06 01:00:00,60,4,Fort Hamilton Pkwy,B
2025-05-06 01:00:00,61,4,50 St,B
2025-05-06 01:00:00,62,4,55 St,B
2025-05-06 01:00:00,64,4,71 St,B
2025-05-06 01:00:00,65,5,79 St,B
2025-05-06 01:00:00,66,5,18 Av,B
2025-05-06 01:00:00,67,5,20 Av,B
2025-05-06 01:00:00,68,5,Bay Pkwy,B
2025-05-06 01:00:00,69,5,25 Av,B
2025-05-06 01:00:00,70,6,Bay 50 St,B
2025-05-06 01:00:00,71,3,8 Av,B
2025-05-06 01:00:00,72,3,Fort Hamilton Pkwy,B
2025-05-06 01:00:00,74,4,18 Av,B
2025-05-06 01:00:00,75,4,20 Av,B
2025-05-06 01:00:00,76,4,Bay Pkwy,B
2025-05-06 01:00:00,77,4,Kings Hwy,B
2025-05-06 01:00:00,78,4,Avenue U,B
2025-05-06 01:00:00,79,4,86 St,B
2025-05-06 01:00:00,80,3,121 St,Q
2025-05-06 01:00:00,81,3,111 St,Q
2025-05-06 01:00:00,82,3,104 St,Q
2025-05-06 01:00:00,83,3,Woodhaven Blvd,Q
2025-05-06 01:00:00,84,3,85 St-Forest Pkwy,Q
2025-05-06 01:00:00,85,3,75 St-Elderts Ln,Q
2025-05-06 01:00:00,86,3,Cypress Hills,B
2025-05-06 01:00:00,87,2,Crescent St,B
2025-05-06 01:00:00,88,2,Norwood Av,B
2025-05-06 01:00:00,89,2,Cleveland St,B
2025-05-06 01:00:00,90,2,Van Siclen Av,B
2025-05-06 01:00:00,91,2,Alabama Av,B
2025-05-06 01:00:00,93,2,Chauncey St,B
2025-05-06 01:00:00,94,2,Halsey St,B
2025-05-06 01:00:00,95,2,Gates Av,B
2025-05-06 01:00:00,96,1,Kosciuszko St,B
2025-05-06 01:00:00,97,1,Myrtle Av,B
2025-05-06 01:00:00,98,1,Flushing Av,B
2025-05-06 01:00:00,99,1,Lorimer St,B
2025-05-06 01:00:00,100,1,Hewes St,B
2025-05-06 01:00:00,101,1,Marcy Av,B
2025-05-06 01:00:00,103,1,Bowery,M
2025-05-06 01:00:00,126,1,Jefferson St,B
2025-05-06 01:00:00,127,1,DeKalb Av,B
2025-05-06 01:00:00,129,1,Halsey St,B
2025-05-06 01:00:00,130,1,Wilson Av,B
2025-05-06 01:00:00,131,1,Bushwick Av-Aberdeen St,B
2025-05-06 01:00:00,133,2,Atlantic Av,B
2025-05-06 01:00:00,134,2,Sutter Av,B
2025-05-06 01:00:00,135,2,Livonia Av,B
2025-05-06 01:00:00,136,2,New Lots Av,B
2025-05-06 01:00:00,137,2,East 105 St,B
2025-05-06 01:00:00,144,4,Dyckman St,M
2025-05-06 01:00:00,145,3,190 St,M
2025-05-06 01:00:00,146,3,181 St,M
2025-05-06 01:00:00,147,4,175 St,M
2025-05-06 01:00:00,149,4,163 St-Amsterdam Av,M
2025-05-06 01:00:00,150,4,155 St,M
2025-05-06 01:00:00,152,3,135 St,M
2025-05-06 01:00:00,153,6,125 St,M
2025-05-06 01:00:00,154,3,116 St,M
2025-05-06 01:00:00,155,3,Cathedral Pkwy (110 St),M
2025-05-06 01:00:00,156,3,103 St,M
2025-05-06 01:00:00,157,3,96 St,M
2025-05-06 01:00:00,158,3,86 St,M
2025-05-06 01:00:00,159,4,81 St-Museum of Natural History,M
2025-05-06 01:00:00,160,4,72 St,M
2025-05-06 01:00:00,162,5,50 St,M
2025-05-06 01:00:00,164,5,34 St-Penn Station,M
2025-05-06 01:00:00,165,5,23 St,M
2025-05-06 01:00:00,168,4,Spring St,M
2025-05-06 01:00:00,169,4,Canal St,M
2025-05-06 01:00:00,173,3,High St,B
2025-05-06 01:00:00,175,3,Hoyt-Schermerhorn Sts,B
2025-05-06 01:00:00,176,3,Lafayette Av,B
2025-05-06 01:00:00,177,3,Clinton-Washington Avs,B
2025-05-06 01:00:00,179,3,Nostrand Av,B
2025-05-06 01:00:00,180,3,Kingston-Throop Avs,B
2025-05-06 01:00:00,181,3,Utica Av,B
2025-05-06 01:00:00,182,3,Ralph Av,B
2025-05-06 01:00:00,183,4,Rockaway Av,B
2025-05-06 01:00:00,185,4,Liberty Av,B
2025-05-06 01:00:00,186,4,Van Siclen Av,B
2025-05-06 01:00:00,187,4,Shepherd Av,B
2025-05-06 01:00:00,188,4,Euclid Av,B
2025-05-06 01:00:00,189,4,Grant Av,B
2025-05-06 01:00:00,190,4,80 St,Q
2025-05-06 01:00:00,191,4,88 St,Q
2025-05-06 01:00:00,192,5,Rockaway Blvd,Q
2025-05-06 01:00:00,193,1,104 St,Q
2025-05-06 01:00:00,194,1,111 St,Q
2025-05-06 01:00:00,196,3,Aqueduct Racetrack,Q
2025-05-06 01:00:00,197,4,Aqueduct-N Conduit Av,Q
2025-05-06 01:00:00,198,3,Howard Beach-JFK Airport,Q
2025-05-06 01:00:00,211,4,Bedford Park Blvd,Bx
2025-05-06 01:00:00,212,4,Kingsbridge Rd,Bx
2025-05-06 01:00:00,213,3,Fordham Rd,Bx
2025-05-06 01:00:00,214,3,182-183 Sts,Bx
2025-05-06 01:00:00,215,3,Tremont Av,Bx
2025-05-06 01:00:00,216,4,174-175 Sts,Bx
2025-05-06 01:00:00,217,4,170 St,Bx
2025-05-06 01:00:00,218,4,167 St,Bx
2025-05-06 01:00:00,220,4,155 St,M
2025-05-06 01:00:00,221,3,21 St-Queensbridge,Q
2025-05-06 01:00:00,222,4,Roosevelt Island,M
2025-05-06 01:00:00,223,4,Lexington Av/63 St,M
2025-05-06 01:00:00,224,4,57 St,M
2025-05-06 01:00:00,225,6,47-50 Sts-Rockefeller Ctr,M
2025-05-06 01:00:00,228,3,23 St,M
2025-05-06 01:00:00,231,3,Grand St,M
2025-05-06 01:00:00,232,3,2 Av,M
2025-05-06 01:00:00,234,3,East Broadway,M
2025-05-06 01:00:00,235,3,York St,B
2025-05-06 01:00:00,236,3,Bergen St,B
2025-05-06 01:00:00,237,3,Carroll St,B
2025-05-06 01:00:00,238,3,Smith-9 Sts,B
2025-05-06 01:00:00,240,3,7 Av,B
2025-05-06 01:00:00,241,3,15 St-Prospect Park,B
2025-05-06 01:00:00,242,4,Fort Hamilton Pkwy,B
2025-05-06 01:00:00,243,4,Church Av,B
2025-05-06 01:00:00,244,4,Ditmas Av,B
2025-05-06 01:00:00,245,4,18 Av,B
2025-05-06 01:00:00,246,4,Avenue I,B
2025-05-06 01:00:00,247,4,Bay Pkwy,B
2025-05-06 01:00:00,248,4,Avenue N,B
2025-05-06 01:00:00,249,5,Avenue P,B
2025-05-06 01:00:00,250,5,Kings Hwy,B
2025-05-06 01:00:00,251,5,Avenue U,B
2025-05-06 01:00:00,252,5,Avenue X,B
2025-05-06 01:00:00,253,6,Neptune Av,B
2025-05-06 01:00:00,255,4,169 St,Q
2025-05-06 01:00:00,256,5,Parsons Blvd,Q
2025-05-06 01:00:00,257,4,Sutphin Blvd,Q
2025-05-06 01:00:00,258,8,Briarwood,Q
2025-05-06 01:00:00,259,9,Kew Gardens-Union Tpke,Q
2025-05-06 01:00:00,260,8,75 Av,Q
2025-05-06 01:00:00,261,8,Forest Hills-71 Av,Q
2025-05-06 01:00:00,262,8,67 Av,Q
2025-05-06 01:00:00,263,8,63 Dr-Rego Park,Q
2025-05-06 01:00:00,264,8,Woodhaven Blvd,Q
2025-05-06 01:00:00,265,8,Grand Av-Newtown,Q
2025-05-06 01:00:00,266,8,Elmhurst Av,Q
2025-05-06 01:00:00,268,7,65 St,Q
2025-05-06 01:00:00,269,7,Northern Blvd,Q
2025-05-06 01:00:00,270,7,46 St,Q
2025-05-06 01:00:00,271,6,Steinway St,Q
2025-05-06 01:00:00,272,6,36 St,Q
2025-05-06 01:00:00,273,3,Queens Plaza,Q
2025-05-06 01:00:00,276,2,5 Av/53 St,M
2025-05-06 01:00:00,277,6,7 Av,M
2025-05-06 01:00:00,279,8,Sutphin Blvd-Archer Av-JFK Airport,Q
2025-05-06 01:00:00,280,4,Jamaica-Van Wyck,Q
2025-05-06 01:00:00,282,1,21 St,Q
2025-05-06 01:00:00,283,1,Greenpoint Av,B
2025-05-06 01:00:00,284,1,Nassau Av,B
2025-05-06 01:00:00,286,1,Broadway,B
2025-05-06 01:00:00,287,1,Flushing Av,B
2025-05-06 01:00:00,288,1,Myrtle-Willoughby Avs,B
2025-05-06 01:00:00,289,1,Bedford-Nostrand Avs,B
2025-05-06 01:00:00,290,1,Classon Av,B
2025-05-06 01:00:00,291,1,Clinton-Washington Avs,B
2025-05-06 01:00:00,294,5,238 St,Bx
2025-05-06 01:00:00,295,5,231 St,Bx
2025-05-06 01:00:00,296,4,Marble Hill-225 St,M
2025-05-06 01:00:00,297,4,215 St,M
2025-05-06 01:00:00,298,4,207 St,M
2025-05-06 01:00:00,299,4,Dyckman St,M
2025-05-06 01:00:00,300,4,191 St,M
2025-05-06 01:00:00,301,4,181 St,M
2025-05-06 01:00:00,303,3,157 St,M
2025-05-06 01:00:00,304,3,145 St,M
2025-05-06 01:00:00,305,3,137 St-City College,M
2025-05-06 01:00:00,306,3,125 St,M
2025-05-06 01:00:00,307,3,116 St-Columbia University,M
2025-05-06 01:00:00,308,3,Cathedral Pkwy (110 St),M
2025-05-06 01:00:00,309,3,103 St,M
2025-05-06 01:00:00,310,5,96 St,M
2025-05-06 01:00:00,311,5,86 St,M
2025-05-06 01:00:00,312,5,79 St,M
2025-05-06 01:00:00,313,5,72 St,M
2025-05-06 01:00:00,314,5,66 St-Lincoln Center,M
2025-05-06 01:00:00,316,5,50 St,M
2025-05-06 01:00:00,318,5,34 St-Penn Station,M
2025-05-06 01:00:00,319,4,28 St,M
2025-05-06 01:00:00,320,4,23 St,M
2025-05-06 01:00:00,321,4,18 St,M
2025-05-06 01:00:00,323,4,Christopher St-Stonewall,M
2025-05-06 01:00:00,324,4,Houston St,M
2025-05-06 01:00:00,325,4,Canal St,M
2025-05-06 01:00:00,326,4,Franklin St,M
2025-05-06 01:00:00,327,4,Chambers St,M
2025-05-06 01:00:00,328,1,WTC Cortlandt,M
2025-05-06 01:00:00,329,1,Rector St,M
2025-05-06 01:00:00,333,3,Wall St,M
2025-05-06 01:00:00,334,3,Clark St,B
2025-05-06 01:00:00,336,3,Hoyt St,B
2025-05-06 01:00:00,337,7,Nevins St,B
2025-05-06 01:00:00,339,8,Bergen St,B
2025-05-06 01:00:00,340,7,Grand Army Plaza,B
2025-05-06 01:00:00,341,7,Eastern Pkwy-Brooklyn Museum,B
2025-05-06 01:00:00,343,3,Nostrand Av,B
2025-05-06 01:00:00,344,3,Kingston Av,B
2025-05-06 01:00:00,345,3,Crown Hts-Utica Av,B
2025-05-06 01:00:00,346,3,Sutter Av-Rutland Rd,B
2025-05-06 01:00:00,347,3,Saratoga Av,B
2025-05-06 01:00:00,348,3,Rockaway Av,B
2025-05-06 01:00:00,349,3,Junius St,B
2025-05-06 01:00:00,350,3,Pennsylvania Av,B
2025-05-06 01:00:00,351,4,Van Siclen Av,B
2025-05-06 01:00:00,352,2,New Lots Av,B
2025-05-06 01:00:00,353,4,President St-Medgar Evers College,B
2025-05-06 01:00:00,354,4,Sterling St,B
2025-05-06 01:00:00,355,4,Winthrop St,B
2025-05-06 01:00:00,356,5,Church Av,B
2025-05-06 01:00:00,357,5,Beverly Rd,B
2025-05-06 01:00:00,358,5,Newkirk Av-Little Haiti,B
2025-05-06 01:00:00,359,3,Flatbush Av-Brooklyn College,B
2025-05-06 01:00:00,361,1,Buhre Av,Bx
2025-05-06 01:00:00,362,1,Middletown Rd,Bx
2025-05-06 01:00:00,363,1,Westchester Sq-E Tremont Av,Bx
2025-05-06 01:00:00,379,4,Mosholu Pkwy,Bx
2025-05-06 01:00:00,380,4,Bedford Park Blvd-Lehman College,Bx
2025-05-06 01:00:00,381,4,Kingsbridge Rd,Bx
2025-05-06 01:00:00,382,4,Fordham Rd,Bx
2025-05-06 01:00:00,383,4,183 St,Bx
2025-05-06 01:00:00,384,5,Burnside Av,Bx
2025-05-06 01:00:00,385,4,176 St,Bx
2025-05-06 01:00:00,386,4,Mt Eden Av,Bx
2025-05-06 01:00:00,387,4,170 St,Bx
2025-05-06 01:00:00,388,4,167 St,Bx
2025-05-06 01:00:00,391,5,138 St-Grand Concourse,Bx
2025-05-06 01:00:00,392,6,125 St,M
2025-05-06 01:00:00,393,5,116 St,M
2025-05-06 01:00:00,394,5,110 St,M
2025-05-06 01:00:00,395,4,103 St,M
2025-05-06 01:00:00,396,4,96 St,M
2025-05-06 01:00:00,397,4,86 St,M
2025-05-06 01:00:00,398,4,77 St,M
2025-05-06 01:00:00,399,4,68 St-Hunter College,M
2025-05-06 01:00:00,403,2,33 St,M
2025-05-06 01:00:00,404,2,28 St,M
2025-05-06 01:00:00,405,2,23 St-Baruch College,M
2025-05-06 01:00:00,407,2,Astor Pl,M
2025-05-06 01:00:00,409,2,Spring St,M
2025-05-06 01:00:00,413,3,Wall St,M
2025-05-06 01:00:00,414,3,Bowling Green,M
2025-05-06 01:00:00,427,3,West Farms Sq-E Tremont Av,Bx
2025-05-06 01:00:00,428,3,174 St,Bx
2025-05-06 01:00:00,429,4,Freeman St,Bx
2025-05-06 01:00:00,430,4,Simpson St,Bx
2025-05-06 01:00:00,431,3,Intervale Av,Bx
2025-05-06 01:00:00,432,3,Prospect Av,Bx
2025-05-06 01:00:00,433,3,Jackson Av,Bx
2025-05-06 01:00:00,434,3,3 Av-149 St,Bx
2025-05-06 01:00:00,438,2,135 St,M
2025-05-06 01:00:00,439,3,125 St,M
2025-05-06 01:00:00,440,3,116 St,M
2025-05-06 01:00:00,441,3,110 St-Malcolm X Plaza,M
2025-05-06 01:00:00,448,3,Mets-Willets Point,Q
2025-05-06 01:00:00,449,2,111 St,Q
2025-05-06 01:00:00,450,2,103 St-Corona Plaza,Q
2025-05-06 01:00:00,451,2,Junction Blvd,Q
2025-05-06 01:00:00,452,2,90 St-Elmhurst Av,Q
2025-05-06 01:00:00,453,2,82 St-Jackson Hts,Q
2025-05-06 01:00:00,455,2,69 St,Q
2025-05-06 01:00:00,456,1,61 St-Woodside,Q
2025-05-06 01:00:00,457,1,61 St-Woodside,Q
2025-05-06 01:00:00,458,1,61 St-Woodside,Q
2025-05-06 01:00:00,459,1,61 St-Woodside,Q
2025-05-06 01:00:00,460,1,61 St-Woodside,Q
2025-05-06 01:00:00,461,1,61 St-Woodside,Q
2025-05-06 01:00:00,502,1,Tompkinsville,SI
2025-05-06 01:00:00,503,1,Stapleton,SI
2025-05-06 01:00:00,504,1,Clifton,SI
2025-05-06 01:00:00,505,1,Grasmere,SI
2025-05-06 01:00:00,506,1,Old Town,SI
2025-05-06 01:00:00,601,7,14 St/6 Av,M
2025-05-06 01:00:00,602,7,34 St-Herald Sq,M
2025-05-06 01:00:00,603,5,149 St-Grand Concourse,Bx
2025-05-06 01:00:00,604,8,161 St-Yankee Stadium,Bx
2025-05-06 01:00:00,605,7,168 St-Washington Hts,M
2025-05-06 01:00:00,606,3,Court Sq-23 St,Q
2025-05-06 01:00:00,607,9,34 St-Herald Sq,M
2025-05-06 01:00:00,608,9,4 Av-9 St,B
2025-05-06 01:00:00,609,6,42 St-Bryant Pk/5 Av,M
2025-05-06 01:00:00,610,4,Grand Central-42 St,M
2025-05-06 01:00:00,611,13,Times Sq-42 St/Port Authority Bus Terminal,M
2025-05-06 01:00:00,612,6,Lexington Av/51-53 Sts,M
2025-05-06 01:00:00,613,7,Lexington Av/59 St,M
2025-05-06 01:00:00,614,13,59 St-Columbus Circle,M
2025-05-06 01:00:00,615,7,62 St/New Utrecht Av,B
2025-05-06 01:00:00,616,9,Jackson Hts-Roosevelt Av/74 St-Broadway,Q
2025-05-06 01:00:00,617,14,Atlantic Av-Barclays Ctr,B
2025-05-06 01:00:00,618,5,14 St/8 Av,M
2025-05-06 01:00:00,619,8,Broadway-Lafayette St/Bleecker St,M
2025-05-06 01:00:00,620,7,Borough Hall/Court St,B
2025-05-06 01:00:00,621,4,Broadway Junction,B
2025-05-06 01:00:00,622,3,Brooklyn Bridge-City Hall/Chambers St,M
2025-05-06 01:00:00,623,3,Canal St,M
2025-05-06 01:00:00,624,7,Chambers St/WTC/Park Place/Cortlandt St,M
2025-05-06 01:00:00,625,4,Delancey St-Essex St,M
2025-05-06 01:00:00,626,7,Franklin Av-Medgar Evers College/Botanic Garden,B
2025-05-06 01:00:00,627,3,Franklin Av,B
2025-05-06 01:00:00,628,6,Fulton St,M
2025-05-06 01:00:00,629,1,Metropolitan Av/Lorimer St,B
2025-05-06 01:00:00,630,1,Myrtle-Wyckoff Avs,Q
2025-05-06 01:00:00,636,6,Jay St-MetroTech,B
2025-05-06 02:00:00,2,3,Astoria Blvd,Q
2025-05-06 02:00:00,3,3,30 Av,Q
2025-05-06 02:00:00,4,3,Broadway,Q
2025-05-06 02:00:00,5,3,36 Av,Q
2025-05-06 02:00:00,6,3,39 Av-Dutch Kills,Q
2025-05-06 02:00:00,8,3,5 Av/59 St,M
2025-05-06 02:00:00,9,3,57 St-7 Av,M
2025-05-06 02:00:00,10,2,49 St,M
2025-05-06 02:00:00,13,2,28 St,M
2025-05-06 02:00:00,14,2,23 St,M
2025-05-06 02:00:00,16,2,8 St-NYU,M
2025-05-06 02:00:00,17,2,Prince St,M
2025-05-06 02:00:00,26,2,DeKalb Av,B
2025-05-06 02:00:00,28,2,Union St,B
2025-05-06 02:00:00,30,2,Prospect Av,B
2025-05-06 02:00:00,31,2,25 St,B
2025-05-06 02:00:00,32,2,36 St,B
2025-05-06 02:00:00,33,1,45 St,B
2025-05-06 02:00:00,34,1,53 St,B
2025-05-06 02:00:00,35,1,59 St,B
2025-05-06 02:00:00,57,1,W 8 St-NY Aquarium,B
2025-05-06 02:00:00,58,1,Coney Island-Stillwell Av,B
2025-05-06 02:00:00,144,3,Dyckman St,M
2025-05-06 02:00:00,145,3,190 St,M
2025-05-06 02:00:00,146,3,181 St,M
2025-05-06 02:00:00,147,3,175 St,M
2025-05-06 02:00:00,149,3,163 St-Amsterdam Av,M
2025-05-06 02:00:00,150,3,155 St,M
2025-05-06 02:00:00,152,3,135 St,M
2025-05-06 02:00:00,153,6,125 St,M
2025-05-06 02:00:00,154,3,116 St,M
2025-05-06 02:00:00,155,3,Cathedral Pkwy (110 St),M
2025-05-06 02:00:00,156,3,103 St,M
2025-05-06 02:00:00,157,3,96 St,M
2025-05-06 02:00:00,158,3,86 St,M
2025-05-06 02:00:00,159,2,81 St-Museum of Natural History,M
2025-05-06 02:00:00,160,2,72 St,M
2025-05-06 02:00:00,162,2,50 St,M
2025-05-06 02:00:00,164,2,34 St-Penn Station,M
2025-05-06 02:00:00,165,2,23 St,M
2025-05-06 02:00:00,168,2,Spring St,M
2025-05-06 02:00:00,169,2,Canal St,M
2025-05-06 02:00:00,173,1,High St,B
2025-05-06 02:00:00,175,1,Hoyt-Schermerhorn Sts,B
2025-05-06 02:00:00,176,1,Lafayette Av,B
2025-05-06 02:00:00,177,1,Clinton-Washington Avs,B
2025-05-06 02:00:00,179,1,Nostrand Av,B
2025-05-06 02:00:00,180,1,Kingston-Throop Avs,B
2025-05-06 02:00:00,181,1,Utica Av,B
2025-05-06 02:00:00,182,1,Ralph Av,B
2025-05-06 02:00:00,183,1,Rockaway Av,B
2025-05-06 02:00:00,211,3,Bedford Park Blvd,Bx
2025-05-06 02:00:00,212,3,Kingsbridge Rd,Bx
2025-05-06 02:00:00,213,3,Fordham Rd,Bx
2025-05-06 02:00:00,214,3,182-183 Sts,Bx
2025-05-06 02:00:00,215,3,Tremont Av,Bx
2025-05-06 02:00:00,216,3,174-175 Sts,Bx
2025-05-06 02:00:00,217,3,170 St,Bx
2025-05-06 02:00:00,218,3,167 St,Bx
2025-05-06 02:00:00,220,3,155 St,M
2025-05-06 02:00:00,221,3,21 St-Queensbridge,Q
2025-05-06 02:00:00,222,3,Roosevelt Island,M
2025-05-06 02:00:00,223,3,Lexington Av/63 St,M
2025-05-06 02:00:00,224,3,57 St,M
2025-05-06 02:00:00,225,5,47-50 Sts-Rockefeller Ctr,M
2025-05-06 02:00:00,228,3,23 St,M
2025-05-06 02:00:00,231,2,Grand St,M
2025-05-06 02:00:00,232,3,2 Av,M
2025-05-06 02:00:00,234,2,East Broadway,M
2025-05-06 02:00:00,235,2,York St,B
2025-05-06 02:00:00,236,2,Bergen St,B
2025-05-06 02:00:00,237,2,Carroll St,B
2025-05-06 02:00:00,238,2,Smith-9 Sts,B
2025-05-06 02:00:00,240,2,7 Av,B
2025-05-06 02:00:00,241,2,15 St-Prospect Park,B
2025-05-06 02:00:00,242,2,Fort Hamilton Pkwy,B
2025-05-06 02:00:00,243,2,Church Av,B
2025-05-06 02:00:00,244,1,Ditmas Av,B
2025-05-06 02:00:00,245,1,18 Av,B
2025-05-06 02:00:00,246,1,Avenue I,B
2025-05-06 02:00:00,247,1,Bay Pkwy,B
2025-05-06 02:00:00,248,1,Avenue N,B
2025-05-06 02:00:00,249,1,Avenue P,B
2025-05-06 02:00:00,250,1,Kings Hwy,B
2025-05-06 02:00:00,251,1,Avenue U,B
2025-05-06 02:00:00,252,1,Avenue X,B
2025-05-06 02:00:00,253,1,Neptune Av,B
2025-05-06 02:00:00,255,3,169 St,Q
2025-05-06 02:00:00,256,3,Parsons Blvd,Q
2025-05-06 02:00:00,257,3,Sutphin Blvd,Q
2025-05-06 02:00:00,258,4,Briarwood,Q
2025-05-06 02:00:00,259,3,Kew Gardens-Union Tpke,Q
2025-05-06 02:00:00,260,3,75 Av,Q
2025-05-06 02:00:00,261,3,Forest Hills-71 Av,Q
2025-05-06 02:00:00,262,3,67 Av,Q
2025-05-06 02:00:00,263,3,63 Dr-Rego Park,Q
2025-05-06 02:00:00,264,3,Woodhaven Blvd,Q
2025-05-06 02:00:00,265,3,Grand Av-Newtown,Q
2025-05-06 02:00:00,266,3,Elmhurst Av,Q
2025-05-06 02:00:00,268,3,65 St,Q
2025-05-06 02:00:00,269,3,Northern Blvd,Q
2025-05-06 02:00:00,270,3,46 St,Q
2025-05-06 02:00:00,271,3,Steinway St,Q
2025-05-06 02:00:00,272,3,36 St,Q
2025-05-06 02:00:00,277,2,7 Av,M
2025-05-06 02:00:00,279,1,Sutphin Blvd-Archer Av-JFK Airport,Q
2025-05-06 02:00:00,280,1,Jamaica-Van Wyck,Q
2025-05-06 02:00:00,310,3,96 St,M
2025-05-06 02:00:00,311,3,86 St,M
2025-05-06 02:00:00,312,3,79 St,M
2025-05-06 02:00:00,313,3,72 St,M
2025-05-06 02:00:00,314,3,66 St-Lincoln Center,M
2025-05-06 02:00:00,316,3,50 St,M
2025-05-06 02:00:00,318,2,34 St-Penn Station,M
2025-05-06 02:00:00,319,2,28 St,M
2025-05-06 02:00:00,320,2,23 St,M
2025-05-06 02:00:00,321,2,18 St,M
2025-05-06 02:00:00,323,2,Christopher St-Stonewall,M
2025-05-06 02:00:00,324,2,Houston St,M
2025-05-06 02:00:00,325,2,Canal St,M
2025-05-06 02:00:00,326,2,Franklin St,M
2025-05-06 02:00:00,327,2,Chambers St,M
2025-05-06 02:00:00,333,2,Wall St,M
2025-05-06 02:00:00,334,1,Clark St,B
2025-05-06 02:00:00,336,1,Hoyt St,B
2025-05-06 02:00:00,337,1,Nevins St,B
2025-05-06 02:00:00,339,1,Bergen St,B
2025-05-06 02:00:00,340,1,Grand Army Plaza,B
2025-05-06 02:00:00,341,1,Eastern Pkwy-Brooklyn Museum,B
2025-05-06 02:00:00,353,1,President St-Medgar Evers College,B
2025-05-06 02:00:00,354,1,Sterling St,B
2025-05-06 02:00:00,355,1,Winthrop St,B
2025-05-06 02:00:00,379,3,Mosholu Pkwy,Bx
2025-05-06 02:00:00,380,3,Bedford Park Blvd-Lehman College,Bx
2025-05-06 02:00:00,381,3,Kingsbridge Rd,Bx
2025-05-06 02:00:00,382,4,Fordham Rd,Bx
2025-05-06 02:00:00,383,4,183 St,Bx
2025-05-06 02:00:00,384,3,Burnside Av,Bx
2025-05-06 02:00:00,385,3,176 St,Bx
2025-05-06 02:00:00,386,3,Mt Eden Av,Bx
2025-05-06 02:00:00,387,3,170 St,Bx
2025-05-06 02:00:00,388,3,167 St,Bx
2025-05-06 02:00:00,391,2,138 St-Grand Concourse,Bx
2025-05-06 02:00:00,392,2,125 St,M
2025-05-06 02:00:00,393,2,116 St,M
2025-05-06 02:00:00,394,2,110 St,M
2025-05-06 02:00:00,395,2,103 St,M
2025-05-06 02:00:00,396,2,96 St,M
2025-05-06 02:00:00,397,2,86 St,M
2025-05-06 02:00:00,398,2,77 St,M
2025-05-06 02:00:00,399,2,68 St-Hunter College,M
2025-05-06 02:00:00,403,1,33 St,M
2025-05-06 02:00:00,404,1,28 St,M
2025-05-06 02:00:00,405,1,23 St-Baruch College,M
2025-05-06 02:00:00,407,1,Astor Pl,M
2025-05-06 02:00:00,409,1,Spring St,M
2025-05-06 02:00:00,413,1,Wall St,M
2025-05-06 02:00:00,414,1,Bowling Green,M
2025-05-06 02:00:00,427,3,West Farms Sq-E Tremont Av,Bx
2025-05-06 02:00:00,428,3,174 St,Bx
2025-05-06 02:00:00,429,3,Freeman St,Bx
2025-05-06 02:00:00,430,3,Simpson St,Bx
2025-05-06 02:00:00,431,3,Intervale Av,Bx
2025-05-06 02:00:00,432,3,Prospect Av,Bx
2025-05-06 02:00:00,433,3,Jackson Av,Bx
2025-05-06 02:00:00,434,3,3 Av-149 St,Bx
2025-05-06 02:00:00,438,3,135 St,M
2025-05-06 02:00:00,439,3,125 St,M
2025-05-06 02:00:00,440,3,116 St,M
2025-05-06 02:00:00,441,3,110 St-Malcolm X Plaza,M
2025-05-06 02:00:00,601,5,14 St/6 Av,M
2025-05-06 02:00:00,602,3,34 St-Herald Sq,M
2025-05-06 02:00:00,603,2,149 St-Grand Concourse,Bx
2025-05-06 02:00:00,604,6,161 St-Yankee Stadium,Bx
2025-05-06 02:00:00,605,3,168 St-Washington Hts,M
2025-05-06 02:00:00,607,7,34 St-Herald Sq,M
2025-05-06 02:00:00,608,4,4 Av-9 St,B
2025-05-06 02:00:00,609,5,42 St-Bryant Pk/5 Av,M
2025-05-06 02:00:00,610,1,Grand Central-42 St,M
2025-05-06 02:00:00,611,7,Times Sq-42 St/Port Authority Bus Terminal,M
2025-05-06 02:00:00,612,2,Lexington Av/51-53 Sts,M
2025-05-06 02:00:00,613,5,Lexington Av/59 St,M
2025-05-06 02:00:00,614,7,59 St-Columbus Circle,M
2025-05-06 02:00:00,616,3,Jackson Hts-Roosevelt Av/74 St-Broadway,Q
2025-05-06 02:00:00,617,3,Atlantic Av-Barclays Ctr,B
2025-05-06 02:00:00,618,2,14 St/8 Av,M
2025-05-06 02:00:00,619,6,Broadway-Lafayette St/Bleecker St,M
2025-05-06 02:00:00,620,1,Borough Hall/Court St,B
2025-05-06 02:00:00,622,1,Brooklyn Bridge-City Hall/Chambers St,M
2025-05-06 02:00:00,623,1,Canal St,M
2025-05-06 02:00:00,624,4,Chambers St/WTC/Park Place/Cortlandt St,M
2025-05-06 02:00:00,625,2,Delancey St-Essex St,M
2025-05-06 02:00:00,626,1,Franklin Av-Medgar Evers College/Botanic Garden,B
2025-05-06 02:00:00,627,1,Franklin Av,B
2025-05-06 02:00:00,628,3,Fulton St,M
2025-05-06 02:00:00,636,3,Jay St-MetroTech,B
2025-05-06 03:00:00,2,1,Astoria Blvd,Q
2025-05-06 03:00:00,3,1,30 Av,Q
2025-05-06 03:00:00,144,1,Dyckman St,M
2025-05-06 03:00:00,145,1,190 St,M
2025-05-06 03:00:00,146,1,181 St,M
2025-05-06 03:00:00,211,1,Bedford Park Blvd,Bx
2025-05-06 03:00:00,212,1,Kingsbridge Rd,Bx
2025-05-06 03:00:00,213,1,Fordham Rd,Bx
2025-05-06 03:00:00,214,1,182-183 Sts,Bx
2025-05-06 03:00:00,215,1,Tremont Av,Bx
2025-05-06 03:00:00,221,1,21 St-Queensbridge,Q
2025-05-06 03:00:00,255,3,169 St,Q
2025-05-06 03:00:00,256,2,Parsons Blvd,Q
2025-05-06 03:00:00,257,2,Sutphin Blvd,Q
2025-05-06 03:00:00,258,2,Briarwood,Q
2025-05-06 03:00:00,259,2,Kew Gardens-Union Tpke,Q
2025-05-06 03:00:00,260,2,75 Av,Q
2025-05-06 03:00:00,261,2,Forest Hills-71 Av,Q
2025-05-06 03:00:00,262,2,67 Av,Q
2025-05-06 03:00:00,263,1,63 Dr-Rego Park,Q
2025-05-06 03:00:00,264,1,Woodhaven Blvd,Q
2025-05-06 03:00:00,265,1,Grand Av-Newtown,Q
2025-05-06 03:00:00,266,1,Elmhurst Av,Q
2025-05-06 03:00:00,268,1,65 St,Q
2025-05-06 03:00:00,269,1,Northern Blvd,Q
2025-05-06 03:00:00,270,1,46 St,Q
2025-05-06 03:00:00,271,1,Steinway St,Q
2025-05-06 03:00:00,272,1,36 St,Q
2025-05-06 03:00:00,379,1,Mosholu Pkwy,Bx
2025-05-06 03:00:00,380,1,Bedford Park Blvd-Lehman College,Bx
2025-05-06 03:00:00,381,1,Kingsbridge Rd,Bx
2025-05-06 03:00:00,427,2,West Farms Sq-E Tremont Av,Bx
2025-05-06 03:00:00,428,2,174 St,Bx
2025-05-06 03:00:00,429,1,Freeman St,Bx
2025-05-06 03:00:00,430,1,Simpson St,Bx
2025-05-06 03:00:00,431,1,Intervale Av,Bx
2025-05-06 03:00:00,432,1,Prospect Av,Bx
2025-05-06 03:00:00,433,1,Jackson Av,Bx
2025-05-06 03:00:00,434,1,3 Av-149 St,Bx
2025-05-06 03:00:00,438,1,135 St,M
2025-05-06 03:00:00,616,1,Jackson Hts-Roosevelt Av/74 St-Broadway,Q
