shape_id,shape_pt_lat,shape_pt_lon,shape_pt_sequence,shape_dist_traveled
s105,13.036352,77.52551,0,0
s105,13.035942,77.52627,1,0.094
s105,13.035765,77.52662,2,0.136
s105,13.03562,77.526985,3,0.18
s105,13.035536,77.52725,4,0.21
s105,13.034861,77.529816,5,0.497
s105,13.034762,77.5301,6,0.53
s105,13.034527,77.530624,7,0.593
s105,13.034347,77.531,8,0.638
s105,13.031744,77.535446,9,1.2
s105,13.030946,77.53662,10,1.355
s105,13.030153,77.537865,11,1.516
s105,13.028788,77.540215,12,1.812
s105,13.027987,77.54164,13,1.991
s105,13.027549,77.54249,14,2.095
s105,13.027135,77.54322,15,2.187
s105,13.026839,77.54368,16,2.246
s105,13.025218,77.54649,17,2.601
s105,13.024755,77.54734,18,2.706
s105,13.022634,77.55102,19,3.168
s105,13.022433,77.55131,20,3.207
s105,13.022279,77.55149,21,3.234
s105,13.022034,77.55172,22,3.27
s105,13.021527,77.55204,23,3.336
s105,13.019498,77.55311,24,3.59
s105,13.019352,77.55318,25,3.608
s105,13.016834,77.55384,26,3.897
s105,13.016648,77.55388,27,3.918
s105,13.016007,77.55395,28,3.99
s105,13.013763,77.554085,29,4.24
s105,13.013473,77.55405,30,4.272
s105,13.013222,77.55393,31,4.303
s105,13.013025,77.5538,32,4.329
s105,13.012839,77.55363,33,4.357
s105,13.012707,77.553444,34,4.381
s105,13.012547,77.55315,35,4.418
s105,13.012195,77.55241,36,4.508
s105,13.011041,77.55033,37,4.767
s105,13.010919,77.55014,38,4.791
s105,13.010644,77.549805,39,4.838
s105,13.010184,77.54942,40,4.904
s105,13.009911,77.54926,41,4.939
s105,13.009604,77.54912,42,4.977
s105,13.009419,77.54906,43,4.999
s105,13.008865,77.54894,44,5.061
s105,13.007378,77.54872,45,5.229
s105,13.007027,77.548676,46,5.268
s105,13.006678,77.548676,47,5.307
s105,13.005671,77.54887,48,5.421
s105,13.002551,77.5494,49,5.772
s105,13.000536,77.5497,50,5.999
s105,12.998884,77.54999,51,6.185
s105,12.99854,77.55007,52,6.224
s105,12.998318,77.55018,53,6.251
s105,12.998136,77.55035,54,6.279
s105,12.998002,77.55053,55,6.304
s105,12.997906,77.55075,56,6.33
s105,12.997846,77.55098,57,6.356
s105,12.997844,77.55121,58,6.381
s105,12.997893,77.551506,59,6.413
s105,12.998056,77.55216,60,6.486
s105,12.99825,77.55306,61,6.587
s105,12.998695,77.55542,62,6.847
s105,12.998683,77.5559,63,6.898
s105,12.998635,77.55629,64,6.941
s105,12.998524,77.55688,65,7.006
s105,12.998412,77.557396,66,7.064
s105,12.998273,77.557884,67,7.119
s105,12.998025,77.55863,68,7.204
s105,12.997472,77.56012,69,7.377
s105,12.99692,77.56127,70,7.516
s105,12.996785,77.5616,71,7.555
s105,12.996728,77.561806,72,7.578
s105,12.996541,77.56331,73,7.742
s105,12.996338,77.56432,74,7.854
s105,12.996283,77.56474,75,7.9
s105,12.996287,77.56486,76,7.912
s105,12.996438,77.56571,77,8.007
s105,12.996453,77.565956,78,8.033
s105,12.99641,77.5663,79,8.07
s105,12.996321,77.5665,80,8.095
s105,12.996215,77.566666,81,8.116
s105,12.995968,77.566895,82,8.153
s105,12.993648,77.56854,83,8.467
s105,12.992799,77.569084,84,8.578
s105,12.990016,77.5711,85,8.957
s105,12.989627,77.571396,86,9.01
s105,12.989244,77.57165,87,9.061
s105,12.988872,77.57181,88,9.106
s105,12.988634,77.571884,89,9.134
s105,12.988335,77.571945,90,9.167
s105,12.987536,77.57199,91,9.256
s105,12.987276,77.572,92,9.285
s105,12.985722,77.57207,93,9.458
s105,12.981792,77.57195,94,9.895
s105,12.980429,77.572,95,10.047
s105,12.980159,77.572075,96,10.078
s105,12.979795,77.57228,97,10.125
s105,12.978832,77.57278,98,10.244
s105,12.978501,77.57285,99,10.282
s105,12.97796,77.57285,100,10.342
s105,12.976823,77.573074,101,10.471
s105,12.973318,77.573006,102,10.861
s105,12.969702,77.57461,103,11.298
s105,12.969299,77.5747,104,11.344
s105,12.967471,77.57459,105,11.548
s105,12.965682,77.57454,106,11.747
s105,12.965034,77.57461,107,11.82
s105,12.964528,77.57474,108,11.878
s105,12.964131,77.57485,109,11.923
s105,12.963897,77.57489,110,11.95
s105,12.963372,77.57493,111,12.008
s105,12.962302,77.57489,112,12.127
s105,12.96089,77.574684,113,12.286
s105,12.959669,77.574486,114,12.423
s105,12.958963,77.57423,115,12.507
s105,12.958635,77.574135,116,12.545
s105,12.957416,77.573685,117,12.688
s105,12.957201,77.57363,118,12.713
s105,12.956978,77.573616,119,12.738
s105,12.955944,77.57367,120,12.853
s105,12.949482,77.57372,121,13.572
s105,12.949205,77.57378,122,13.603
s105,12.948882,77.573944,123,13.643
s105,12.948781,77.57402,124,13.657
s105,12.948682,77.574135,125,13.673
s105,12.948604,77.57424,126,13.688
s105,12.948544,77.57436,127,13.703
s105,12.948476,77.574554,128,13.725
s105,12.948426,77.57483,129,13.755
s105,12.948328,77.57573,130,13.853
s105,12.948286,77.57636,131,13.923
s105,12.948307,77.57898,132,14.206
s105,12.948269,77.57917,133,14.227
s105,12.948189,77.579384,134,14.252
s105,12.948048,77.57961,135,14.281
s105,12.947897,77.57977,136,14.305
s105,12.94759,77.579956,137,14.345
s105,12.947317,77.58002,138,14.376
s105,12.946535,77.58004,139,14.463
s105,12.940163,77.580055,140,15.171
s105,12.939617,77.58007,141,15.232
s105,12.933122,77.58011,142,15.954
s105,12.929507,77.58016,143,16.356
s105,12.927145,77.58022,144,16.619
s105,12.924916,77.580246,145,16.867
s105,12.922131,77.580284,146,17.177
s105,12.91829,77.580315,147,17.604
s105,12.91808,77.580284,148,17.627
s105,12.917857,77.580215,149,17.653
s105,12.917764,77.58017,150,17.665
s105,12.917591,77.580055,151,17.688
s105,12.917381,77.579834,152,17.721
s105,12.917275,77.57965,153,17.744
s105,12.917196,77.57942,154,17.771
s105,12.917149,77.579,155,17.816
s105,12.917159,77.57851,156,17.87
s105,12.917191,77.57834,157,17.889
s105,12.917279,77.57802,158,17.925
s105,12.917508,77.57743,159,17.994
s105,12.917558,77.577255,160,18.013
s105,12.917587,77.57709,161,18.032
s105,12.917626,77.57493,162,18.266
s105,12.917606,77.57478,163,18.281
s105,12.917519,77.57449,164,18.314
s105,12.917387,77.574265,165,18.343
s105,12.917268,77.57412,166,18.364
s105,12.917085,77.573975,167,18.39
s105,12.916897,77.57388,168,18.413
s105,12.916724,77.57383,169,18.433
s105,12.915219,77.57362,170,18.602
s105,12.913949,77.573395,171,18.745
s105,12.913142,77.5732,172,18.837
s105,12.912677,77.573044,173,18.892
s105,12.912023,77.57293,174,18.965
s105,12.911675,77.57289,175,19.004
s105,12.911436,77.57288,176,19.031
s105,12.908955,77.57296,177,19.307
s105,12.908157,77.573044,178,19.396
s105,12.907481,77.57315,179,19.472
s105,12.906644,77.573235,180,19.566
s105,12.90622,77.573296,181,19.613
s105,12.905963,77.57332,182,19.642
s105,12.905773,77.57335,183,19.663
s105,12.905306,77.57337,184,19.715
s105,12.904904,77.57334,185,19.76
s105,12.903846,77.573235,186,19.878
s105,12.903628,77.57324,187,19.903
s105,12.902377,77.57344,188,20.043
s105,12.902068,77.57347,189,20.078
s105,12.901919,77.57348,190,20.094
s105,12.901497,77.573425,191,20.142
s105,12.901175,77.57336,192,20.178
s105,12.900277,77.5731,193,20.282
s105,12.899682,77.572914,194,20.351
s105,12.899605,77.57286,195,20.361
s105,12.898998,77.57255,196,20.437
s105,12.897252,77.57126,197,20.676
s105,12.896033,77.57014,198,20.858
s1200,12.861712,77.52998,0,0
s1200,12.862542,77.530495,1,0.108
s1200,12.862773,77.53081,2,0.15
s1200,12.863624,77.532074,3,0.317
s1200,12.863969,77.532486,4,0.376
s1200,12.864492,77.53302,5,0.458
s1200,12.866038,77.53424,6,0.675
s1200,12.867055,77.535,7,0.815
s1200,12.869117,77.53659,8,1.101
s1200,12.873148,77.539825,9,1.671
s1200,12.873435,77.54011,10,1.715
s1200,12.873674,77.54036,11,1.753
s1200,12.873954,77.5407,12,1.801
s1200,12.874312,77.54129,13,1.876
s1200,12.874797,77.54235,14,2.004
s1200,12.875054,77.54296,15,2.075
s1200,12.875315,77.54339,16,2.13
s1200,12.875536,77.543655,17,2.168
s1200,12.875821,77.54393,18,2.212
s1200,12.87614,77.54418,19,2.257
s1200,12.876628,77.544426,20,2.317
s1200,12.879415,77.5456,21,2.652
s1200,12.881678,77.54652,22,2.922
s1200,12.882395,77.54682,23,3.009
s1200,12.882748,77.54702,24,3.053
s1200,12.882898,77.54714,25,3.075
s1200,12.883022,77.54732,26,3.098
s1200,12.88325,77.54779,27,3.155
s1200,12.883902,77.55036,28,3.443
s1200,12.884665,77.552925,29,3.734
s1200,12.885286,77.554924,30,3.961
s1200,12.885637,77.55599,31,4.083
s1200,12.88589,77.55688,32,4.184
s1200,12.886199,77.55774,33,4.284
s1200,12.886261,77.55798,34,4.311
s1200,12.886667,77.55928,35,4.458
s1200,12.886917,77.559975,36,4.538
s1200,12.887135,77.56042,37,4.592
s1200,12.887721,77.56121,38,4.7
s1200,12.88793,77.56152,39,4.741
s1200,12.889624,77.56349,40,5.026
s1200,12.890088,77.563995,41,5.101
s1200,12.891276,77.565315,42,5.296
s1200,12.891989,77.56615,43,5.415
s1200,12.893221,77.567474,44,5.615
s1200,12.893946,77.568214,45,5.728
s1200,12.894993,77.56922,46,5.887
s1200,12.896036,77.57014,47,6.04
s1200,12.897252,77.57126,48,6.222
s1200,12.898998,77.57255,49,6.461
s1200,12.899605,77.57286,50,6.537
s1200,12.899682,77.572914,51,6.547
s1200,12.900277,77.5731,52,6.616
s1200,12.901175,77.57336,53,6.72
s1200,12.901497,77.573425,54,6.757
s1200,12.901919,77.57348,55,6.804
s1200,12.902068,77.57347,56,6.82
s1200,12.902377,77.57344,57,6.855
s1200,12.903628,77.57324,58,6.996
s1200,12.903846,77.573235,59,7.02
s1200,12.904904,77.57334,60,7.138
s1200,12.905306,77.57337,61,7.183
s1200,12.905773,77.57335,62,7.235
s1200,12.905963,77.57332,63,7.256
s1200,12.90622,77.573296,64,7.285
s1200,12.906644,77.573235,65,7.333
s1200,12.907481,77.57315,66,7.426
s1200,12.908157,77.573044,67,7.502
s1200,12.908955,77.57296,68,7.591
s1200,12.911436,77.57288,69,7.867
s1200,12.911675,77.57289,70,7.894
s1200,12.912023,77.57293,71,7.933
s1200,12.912677,77.573044,72,8.007
s1200,12.913142,77.5732,73,8.061
s1200,12.913949,77.573395,74,8.153
s1200,12.915219,77.57362,75,8.297
s1200,12.916724,77.57383,76,8.466
s1200,12.916897,77.57388,77,8.486
s1200,12.917085,77.573975,78,8.509
s1200,12.917268,77.57412,79,8.534
s1200,12.917387,77.574265,80,8.555
s1200,12.917519,77.57449,81,8.584
s1200,12.917606,77.57478,82,8.617
s1200,12.917626,77.57493,83,8.633
s1200,12.917626,77.575096,84,8.651
s1200,12.917587,77.57709,85,8.866
s1200,12.917558,77.577255,86,8.886
s1200,12.917508,77.57743,87,8.905
s1200,12.917279,77.57802,88,8.974
s1200,12.917191,77.57834,89,9.01
s1200,12.917159,77.57851,90,9.028
s1200,12.917149,77.579,91,9.082
s1200,12.917196,77.57942,92,9.128
s1200,12.917314,77.579735,93,9.164
s1200,12.917381,77.579834,94,9.177
s1200,12.917591,77.580055,95,9.211
s1200,12.917764,77.58017,96,9.234
s1200,12.917857,77.580215,97,9.245
s1200,12.91808,77.580284,98,9.271
s1200,12.91829,77.580315,99,9.295
s1200,12.920073,77.5803,100,9.493
s1200,12.920853,77.58029,101,9.58
s1200,12.922131,77.580284,102,9.722
s1200,12.924916,77.580246,103,10.031
s1200,12.927145,77.58022,104,10.279
s1200,12.929507,77.58016,105,10.542
s1200,12.933122,77.58011,106,10.944
s1200,12.939617,77.58007,107,11.666
s1200,12.940163,77.580055,108,11.727
s1200,12.946535,77.58004,109,12.436
s1200,12.947317,77.58002,110,12.523
s1200,12.94759,77.579956,111,12.554
s1200,12.947897,77.57977,112,12.593
s1200,12.948048,77.57961,113,12.617
s1200,12.948189,77.579384,114,12.646
s1200,12.948269,77.57917,115,12.671
s1200,12.948307,77.57898,116,12.693
s1200,12.948286,77.57636,117,12.976
s1200,12.948328,77.57573,118,13.045
s1200,12.948426,77.57483,119,13.143
s1200,12.948476,77.574554,120,13.173
s1200,12.948544,77.57436,121,13.196
s1200,12.948604,77.57424,122,13.21
s1200,12.948682,77.574135,123,13.225
s1200,12.948781,77.57402,124,13.241
s1200,12.948882,77.573944,125,13.255
s1200,12.949205,77.57378,126,13.295
s1200,12.949482,77.57372,127,13.327
s1200,12.955944,77.57367,128,14.045
s1200,12.956978,77.573616,129,14.16
s1200,12.957201,77.57363,130,14.185
s1200,12.957416,77.573685,131,14.21
s1200,12.958635,77.574135,132,14.354
s1200,12.958963,77.57423,133,14.392
s1200,12.959669,77.574486,134,14.475
s1200,12.96089,77.574684,135,14.612
s1200,12.962302,77.57489,136,14.771
s1200,12.963372,77.57493,137,14.89
s1200,12.963897,77.57489,138,14.949
s1200,12.964131,77.57485,139,14.975
s1200,12.964528,77.57474,140,15.021
s1200,12.965034,77.57461,141,15.079
s1200,12.965682,77.57454,142,15.151
s1200,12.967471,77.57459,143,15.35
s1200,12.969299,77.5747,144,15.554
s1200,12.969702,77.57461,145,15.6
s1200,12.973318,77.573006,146,16.038
s1200,12.976823,77.573074,147,16.427
s1200,12.97796,77.57285,148,16.556
s1200,12.978501,77.57285,149,16.616
s1200,12.978832,77.57278,150,16.654
s1200,12.979795,77.57228,151,16.774
s1200,12.980159,77.572075,152,16.82
s1200,12.980429,77.572,153,16.851
s1200,12.981792,77.57195,154,17.003
s1200,12.985722,77.57207,155,17.44
s1200,12.987276,77.572,156,17.613
s1200,12.987536,77.57199,157,17.642
s1200,12.988335,77.571945,158,17.731
s1200,12.988634,77.571884,159,17.765
s1200,12.988872,77.57181,160,17.792
s1200,12.989244,77.57165,161,17.837
s1200,12.989627,77.571396,162,17.888
s1200,12.990016,77.5711,163,17.942
s1200,12.992799,77.569084,164,18.32
s1200,12.993648,77.56854,165,18.432
s1200,12.995968,77.566895,166,18.745
s1200,12.996215,77.566666,167,18.782
s1200,12.996321,77.5665,168,18.804
s1200,12.99641,77.5663,169,18.828
s1200,12.996453,77.565956,170,18.865
s1200,12.996438,77.56571,171,18.891
s1200,12.996287,77.56486,172,18.986
s1200,12.996283,77.56474,173,18.998
s1200,12.996338,77.56432,174,19.044
s1200,12.996541,77.56331,175,19.156
s1200,12.996728,77.561806,176,19.321
s1200,12.996785,77.5616,177,19.344
s1200,12.99692,77.56127,178,19.382
s1200,12.997472,77.56012,179,19.521
s1200,12.998025,77.55863,180,19.694
s1200,12.998273,77.557884,181,19.78
s1200,12.998412,77.557396,182,19.835
s1200,12.998524,77.55688,183,19.892
s1200,12.998635,77.55629,184,19.957
s1200,12.998683,77.5559,185,20
s1200,12.998695,77.55542,186,20.051
s1200,12.99825,77.55306,187,20.311
s1200,12.998056,77.55216,188,20.412
s1200,12.997893,77.551506,189,20.485
s1200,12.997844,77.55121,190,20.517
s1200,12.997846,77.55098,191,20.542
s1200,12.997906,77.55075,192,20.568
s1200,12.998002,77.55053,193,20.595
s1200,12.998136,77.55035,194,20.619
s1200,12.998318,77.55018,195,20.647
s1200,12.99854,77.55007,196,20.674
s1200,12.998884,77.54999,197,20.713
s1200,13.000536,77.5497,198,20.9
s1200,13.002551,77.5494,199,21.126
s1200,13.005671,77.54887,200,21.478
s1200,13.006678,77.548676,201,21.592
s1200,13.007027,77.548676,202,21.63
s1200,13.007378,77.54872,203,21.67
s1200,13.008865,77.54894,204,21.837
s1200,13.009419,77.54906,205,21.9
s1200,13.009604,77.54912,206,21.921
s1200,13.009911,77.54926,207,21.959
s1200,13.010184,77.54942,208,21.994
s1200,13.010644,77.549805,209,22.06
s1200,13.010919,77.55014,210,22.107
s1200,13.011041,77.55033,211,22.132
s1200,13.012195,77.55241,212,22.391
s1200,13.012547,77.55315,213,22.48
s1200,13.012707,77.553444,214,22.517
s1200,13.012839,77.55363,215,22.542
s1200,13.013025,77.5538,216,22.569
s1200,13.013222,77.55393,217,22.595
s1200,13.013473,77.55405,218,22.626
s1200,13.013763,77.554085,219,22.659
s1200,13.016007,77.55395,220,22.909
s1200,13.016648,77.55388,221,22.98
s1200,13.016834,77.55384,222,23.001
s1200,13.019352,77.55318,223,23.291
s1200,13.019498,77.55311,224,23.308
s1200,13.021527,77.55204,225,23.562
s1200,13.022034,77.55172,226,23.628
s1200,13.022279,77.55149,227,23.665
s1200,13.02253,77.55118,228,23.709
s1200,13.022634,77.55102,229,23.73
s1200,13.023369,77.54975,230,23.89
s1200,13.024755,77.54734,231,24.193
s1200,13.025218,77.54649,232,24.298
s1200,13.026839,77.54368,233,24.652
s1200,13.027135,77.54322,234,24.712
s1200,13.027549,77.54249,235,24.803
s1200,13.027987,77.54164,236,24.907
s1200,13.028788,77.540215,237,25.086
s1200,13.030153,77.537865,238,25.382
s1200,13.030946,77.53662,239,25.543
s1200,13.031744,77.535446,240,25.698
s1200,13.034347,77.531,241,26.26
s1200,13.034527,77.530624,242,26.305
s1200,13.034762,77.5301,243,26.368
s1200,13.034861,77.529816,244,26.401
s1200,13.035536,77.52725,245,26.688
s1200,13.03562,77.526985,246,26.719
s1200,13.035765,77.52662,247,26.762
s1200,13.035942,77.52627,248,26.805
s1200,13.038883,77.520836,249,27.477
s1200,13.039444,77.51976,250,27.61
s1200,13.040104,77.51854,251,27.761
s1200,13.04019,77.51842,252,27.777
s1200,13.041907,77.51653,253,28.057
s1200,13.042052,77.51623,254,28.094
s1200,13.043296,77.512566,255,28.514
s1200,13.043714,77.511375,256,28.651
s1200,13.043908,77.51095,257,28.702
s1200,13.044987,77.50886,258,28.958
s1200,13.045265,77.508224,259,29.033
s1200,13.046161,77.50514,260,29.381
s1200,13.047375,77.50178,261,29.77
s1200,13.047978,77.500145,262,29.959
s1200,13.050227,77.49415,263,30.656
s1200,13.050531,77.493256,264,30.758
s1200,13.050752,77.49241,265,30.853
s1200,13.051701,77.48977,266,31.158
s1200,13.051926,77.4892,267,31.225
s1200,13.05479,77.48128,268,32.14
s1200,13.056353,77.477425,269,32.592
s1200,13.057436,77.47281,270,33.106
s1205,12.896033,77.57014,0,0
s1205,12.897252,77.57126,1,0.182
s1205,12.898998,77.57255,2,0.421
s1205,12.899605,77.57286,3,0.497
s1205,12.899682,77.572914,4,0.507
s1205,12.900277,77.5731,5,0.576
s1205,12.901175,77.57336,6,0.68
s1205,12.901497,77.573425,7,0.717
s1205,12.901919,77.57348,8,0.764
s1205,12.902068,77.57347,9,0.78
s1205,12.902377,77.57344,10,0.815
s1205,12.903628,77.57324,11,0.956
s1205,12.903846,77.573235,12,0.98
s1205,12.904904,77.57334,13,1.098
s1205,12.905306,77.57337,14,1.143
s1205,12.905773,77.57335,15,1.195
s1205,12.905963,77.57332,16,1.216
s1205,12.90622,77.573296,17,1.245
s1205,12.906644,77.573235,18,1.293
s1205,12.907481,77.57315,19,1.386
s1205,12.908157,77.573044,20,1.462
s1205,12.908955,77.57296,21,1.551
s1205,12.911436,77.57288,22,1.827
s1205,12.911675,77.57289,23,1.854
s1205,12.912023,77.57293,24,1.893
s1205,12.912677,77.573044,25,1.967
s1205,12.913142,77.5732,26,2.021
s1205,12.913949,77.573395,27,2.113
s1205,12.915219,77.57362,28,2.257
s1205,12.916724,77.57383,29,2.425
s1205,12.916897,77.57388,30,2.446
s1205,12.917085,77.573975,31,2.469
s1205,12.917268,77.57412,32,2.494
s1205,12.917387,77.574265,33,2.515
s1205,12.917519,77.57449,34,2.544
s1205,12.917606,77.57478,35,2.577
s1205,12.917626,77.57493,36,2.593
s1205,12.917587,77.57709,37,2.826
s1205,12.917558,77.577255,38,2.845
s1205,12.917508,77.57743,39,2.865
s1205,12.917279,77.57802,40,2.933
s1205,12.917191,77.57834,41,2.969
s1205,12.917159,77.57851,42,2.988
s1205,12.917149,77.579,43,3.042
s1205,12.917196,77.57942,44,3.087
s1205,12.917275,77.57965,45,3.114
s1205,12.917381,77.579834,46,3.137
s1205,12.917591,77.580055,47,3.171
s1205,12.917764,77.58017,48,3.194
s1205,12.917857,77.580215,49,3.205
s1205,12.91808,77.580284,50,3.231
s1205,12.91829,77.580315,51,3.255
s1205,12.922131,77.580284,52,3.682
s1205,12.924916,77.580246,53,3.991
s1205,12.927145,77.58022,54,4.239
s1205,12.929507,77.58016,55,4.502
s1205,12.933122,77.58011,56,4.904
s1205,12.939617,77.58007,57,5.626
s1205,12.940163,77.580055,58,5.687
s1205,12.946535,77.58004,59,6.395
s1205,12.947317,77.58002,60,6.482
s1205,12.94759,77.579956,61,6.514
s1205,12.947897,77.57977,62,6.553
s1205,12.948048,77.57961,63,6.577
s1205,12.948189,77.579384,64,6.606
s1205,12.948269,77.57917,65,6.631
s1205,12.948307,77.57898,66,6.653
s1205,12.948286,77.57636,67,6.936
s1205,12.948328,77.57573,68,7.005
s1205,12.948426,77.57483,69,7.103
s1205,12.948476,77.574554,70,7.133
s1205,12.948544,77.57436,71,7.156
s1205,12.948604,77.57424,72,7.17
s1205,12.948682,77.574135,73,7.185
s1205,12.948781,77.57402,74,7.201
s1205,12.948882,77.573944,75,7.215
s1205,12.949205,77.57378,76,7.255
s1205,12.949482,77.57372,77,7.287
s1205,12.955944,77.57367,78,8.005
s1205,12.956978,77.573616,79,8.12
s1205,12.957201,77.57363,80,8.145
s1205,12.957416,77.573685,81,8.17
s1205,12.958635,77.574135,82,8.314
s1205,12.958963,77.57423,83,8.352
s1205,12.959669,77.574486,84,8.435
s1205,12.96089,77.574684,85,8.572
s1205,12.962302,77.57489,86,8.731
s1205,12.963372,77.57493,87,8.85
s1205,12.963897,77.57489,88,8.908
s1205,12.964131,77.57485,89,8.935
s1205,12.964528,77.57474,90,8.981
s1205,12.965034,77.57461,91,9.039
s1205,12.965682,77.57454,92,9.111
s1205,12.967471,77.57459,93,9.31
s1205,12.969299,77.5747,94,9.514
s1205,12.969702,77.57461,95,9.56
s1205,12.973318,77.573006,96,9.998
s1205,12.976823,77.573074,97,10.387
s1205,12.97796,77.57285,98,10.516
s1205,12.978501,77.57285,99,10.576
s1205,12.978832,77.57278,100,10.614
s1205,12.979795,77.57228,101,10.733
s1205,12.980159,77.572075,102,10.78
s1205,12.980429,77.572,103,10.811
s1205,12.981792,77.57195,104,10.963
s1205,12.985722,77.57207,105,11.4
s1205,12.987276,77.572,106,11.573
s1205,12.987536,77.57199,107,11.602
s1205,12.988335,77.571945,108,11.691
s1205,12.988634,77.571884,109,11.725
s1205,12.988872,77.57181,110,11.752
s1205,12.989244,77.57165,111,11.797
s1205,12.989627,77.571396,112,11.848
s1205,12.990016,77.5711,113,11.902
s1205,12.992799,77.569084,114,12.28
s1205,12.993648,77.56854,115,12.392
s1205,12.995968,77.566895,116,12.705
s1205,12.996215,77.566666,117,12.742
s1205,12.996321,77.5665,118,12.764
s1205,12.99641,77.5663,119,12.788
s1205,12.996453,77.565956,120,12.825
s1205,12.996438,77.56571,121,12.851
s1205,12.996287,77.56486,122,12.946
s1205,12.996283,77.56474,123,12.958
s1205,12.996338,77.56432,124,13.004
s1205,12.996541,77.56331,125,13.116
s1205,12.996728,77.561806,126,13.28
s1205,12.996785,77.5616,127,13.304
s1205,12.99692,77.56127,128,13.342
s1205,12.997472,77.56012,129,13.481
s1205,12.998025,77.55863,130,13.654
s1205,12.998273,77.557884,131,13.74
s1205,12.998412,77.557396,132,13.795
s1205,12.998524,77.55688,133,13.852
s1205,12.998635,77.55629,134,13.917
s1205,12.998683,77.5559,135,13.96
s1205,12.998695,77.55542,136,14.011
s1205,12.99825,77.55306,137,14.271
s1205,12.998056,77.55216,138,14.372
s1205,12.997893,77.551506,139,14.445
s1205,12.997844,77.55121,140,14.477
s1205,12.997846,77.55098,141,14.502
s1205,12.997906,77.55075,142,14.528
s1205,12.998002,77.55053,143,14.555
s1205,12.998136,77.55035,144,14.579
s1205,12.998318,77.55018,145,14.607
s1205,12.99854,77.55007,146,14.634
s1205,12.998884,77.54999,147,14.673
s1205,13.000536,77.5497,148,14.86
s1205,13.002551,77.5494,149,15.086
s1205,13.005671,77.54887,150,15.438
s1205,13.006678,77.548676,151,15.552
s1205,13.007027,77.548676,152,15.59
s1205,13.007378,77.54872,153,15.63
s1205,13.008865,77.54894,154,15.797
s1205,13.009419,77.54906,155,15.86
s1205,13.009604,77.54912,156,15.881
s1205,13.009911,77.54926,157,15.919
s1205,13.010184,77.54942,158,15.954
s1205,13.010644,77.549805,159,16.02
s1205,13.010919,77.55014,160,16.067
s1205,13.011041,77.55033,161,16.092
s1205,13.012195,77.55241,162,16.351
s1205,13.012547,77.55315,163,16.44
s1205,13.012707,77.553444,164,16.477
s1205,13.012839,77.55363,165,16.502
s1205,13.013025,77.5538,166,16.529
s1205,13.013222,77.55393,167,16.555
s1205,13.013473,77.55405,168,16.586
s1205,13.013763,77.554085,169,16.619
s1205,13.016007,77.55395,170,16.869
s1205,13.016648,77.55388,171,16.94
s1205,13.016834,77.55384,172,16.961
s1205,13.019352,77.55318,173,17.25
s1205,13.019498,77.55311,174,17.268
s1205,13.021527,77.55204,175,17.522
s1205,13.022034,77.55172,176,17.588
s1205,13.022279,77.55149,177,17.625
s1205,13.022433,77.55131,178,17.651
s1205,13.022634,77.55102,179,17.69
s1205,13.024755,77.54734,180,18.153
s1205,13.025218,77.54649,181,18.258
s1205,13.026839,77.54368,182,18.612
s1205,13.027135,77.54322,183,18.671
s1205,13.027549,77.54249,184,18.763
s1205,13.027987,77.54164,185,18.867
s1205,13.028788,77.540215,186,19.046
s1205,13.030153,77.537865,187,19.342
s1205,13.030946,77.53662,188,19.503
s1205,13.031744,77.535446,189,19.658
s1205,13.034347,77.531,190,20.22
s1205,13.034527,77.530624,191,20.265
s1205,13.034762,77.5301,192,20.328
s1205,13.034861,77.529816,193,20.361
s1205,13.035536,77.52725,194,20.648
s1205,13.03562,77.526985,195,20.679
s1205,13.035765,77.52662,196,20.722
s1205,13.035942,77.52627,197,20.765
s1205,13.036352,77.52551,198,20.858
s1388,12.975767,77.57288,0,0
s1388,12.975665,77.57413,1,0.135
s1388,12.975287,77.57572,2,0.314
s1388,12.975175,77.57613,3,0.36
s1388,12.974359,77.578125,4,0.594
s1388,12.973347,77.58041,5,0.865
s1388,12.973104,77.580894,6,0.925
s1388,12.973025,77.581154,7,0.954
s1388,12.973023,77.58136,8,0.977
s1388,12.973056,77.581535,9,0.996
s1388,12.973249,77.58196,10,1.047
s1388,12.97454,77.584206,11,1.33
s1388,12.974987,77.58496,12,1.425
s1388,12.975083,77.58516,13,1.449
s1388,12.97623,77.58787,14,1.769
s1388,12.977665,77.5906,15,2.105
s1388,12.978996,77.59183,16,2.305
s1388,12.980612,77.593216,17,2.539
s1388,12.981018,77.593735,18,2.611
s1388,12.981267,77.594086,19,2.658
s1388,12.981525,77.594536,20,2.714
s1388,12.981624,77.594864,21,2.752
s1388,12.981632,77.59518,22,2.785
s1388,12.981555,77.59572,23,2.845
s1388,12.981488,77.595985,24,2.875
s1388,12.981389,77.59633,25,2.914
s1388,12.980979,77.59757,26,3.056
s1388,12.980614,77.59864,27,3.179
s1388,12.980109,77.599945,28,3.331
s1388,12.980013,77.6001,29,3.351
s1388,12.979878,77.60026,30,3.373
s1388,12.979767,77.600365,31,3.39
s1388,12.979298,77.60072,32,3.455
s1388,12.979119,77.60084,33,3.479
s1388,12.978837,77.60098,34,3.514
s1388,12.977589,77.60143,35,3.661
s1388,12.97724,77.601585,36,3.703
s1388,12.976972,77.60177,37,3.739
s1388,12.976833,77.60193,38,3.762
s1388,12.976691,77.60217,39,3.793
s1388,12.976604,77.60237,40,3.817
s1388,12.975979,77.605034,41,4.113
s1388,12.975255,77.607994,42,4.444
s1388,12.975186,77.60825,43,4.473
s1388,12.974974,77.60887,44,4.544
s1388,12.974245,77.61192,45,4.884
s1388,12.974017,77.612755,46,4.978
s1388,12.972719,77.618416,47,5.608
s1388,12.972671,77.61868,48,5.638
s1388,12.972641,77.619125,49,5.686
s1388,12.972707,77.620255,50,5.808
s1388,12.972763,77.62084,51,5.872
s1388,12.972878,77.621315,52,5.925
s1388,12.973004,77.6217,53,5.969
s1388,12.973135,77.62203,54,6.008
s1388,12.973343,77.62248,55,6.062
s1388,12.974819,77.62492,56,6.373
s1388,12.975452,77.62585,57,6.496
s1388,12.975633,77.626015,58,6.523
s1388,12.976108,77.62637,59,6.588
s1388,12.976517,77.62666,60,6.644
s1388,12.97735,77.62722,61,6.754
s1388,12.977575,77.62746,62,6.79
s1388,12.977789,77.62773,63,6.828
s1388,12.978159,77.62835,64,6.907
s1388,12.978404,77.62879,65,6.962
s1388,12.978471,77.628975,66,6.983
s1388,12.978499,77.62917,67,7.005
s1388,12.978178,77.63265,68,7.383
s1388,12.978172,77.63294,69,7.415
s1388,12.978353,77.63866,70,8.034
s1388,12.978374,77.639694,71,8.147
s1388,12.978406,77.63997,72,8.177
s1388,12.978473,77.64017,73,8.199
s1388,12.978593,77.64035,74,8.223
s1388,12.978701,77.64047,75,8.241
s1388,12.978854,77.6406,76,8.263
s1388,12.979113,77.640724,77,8.295
s1388,12.979304,77.640755,78,8.316
s1388,12.979497,77.64076,79,8.338
s1388,12.982925,77.64057,80,8.72
s1388,12.9835,77.64056,81,8.784
s1388,12.983859,77.64063,82,8.824
s1388,12.984081,77.64073,83,8.851
s1388,12.984385,77.64104,84,8.899
s1388,12.984511,77.64127,85,8.928
s1388,12.986498,77.64624,86,9.509
s1388,12.986909,77.647316,87,9.635
s1388,12.987047,77.647575,88,9.667
s1388,12.987211,77.64783,89,9.7
s1388,12.987499,77.648056,90,9.74
s1388,12.987753,77.64822,91,9.773
s1388,12.98815,77.64836,92,9.82
s1388,12.988874,77.648575,93,9.904
s1388,12.989204,77.648705,94,9.944
s1388,12.989534,77.64893,95,9.988
s1388,12.989715,77.64913,96,10.017
s1388,12.989863,77.649376,97,10.048
s1388,12.989963,77.64966,98,10.081
s1388,12.990714,77.652374,99,10.387
s1396,12.975767,77.57288,0,0
s1396,12.975665,77.57413,1,0.135
s1396,12.975287,77.57572,2,0.314
s1396,12.975175,77.57613,3,0.36
s1396,12.974359,77.578125,4,0.594
s1396,12.973347,77.58041,5,0.865
s1396,12.973104,77.580894,6,0.925
s1396,12.973025,77.581154,7,0.954
s1396,12.973023,77.58136,8,0.977
s1396,12.973056,77.581535,9,0.996
s1396,12.973249,77.58196,10,1.047
s1396,12.97454,77.584206,11,1.33
s1396,12.974987,77.58496,12,1.425
s1396,12.975083,77.58516,13,1.449
s1396,12.97623,77.58787,14,1.769
s1396,12.977665,77.5906,15,2.105
s1396,12.978996,77.59183,16,2.305
s1396,12.980612,77.593216,17,2.539
s1396,12.981018,77.593735,18,2.611
s1396,12.981267,77.594086,19,2.658
s1396,12.981525,77.594536,20,2.714
s1396,12.981624,77.594864,21,2.752
s1396,12.981632,77.59518,22,2.785
s1396,12.981555,77.59572,23,2.845
s1396,12.981488,77.595985,24,2.875
s1396,12.981389,77.59633,25,2.914
s1396,12.980979,77.59757,26,3.056
s1396,12.980614,77.59864,27,3.179
s1396,12.980109,77.599945,28,3.331
s1396,12.980013,77.6001,29,3.351
s1396,12.979878,77.60026,30,3.373
s1396,12.979767,77.600365,31,3.39
s1396,12.979298,77.60072,32,3.455
s1396,12.979119,77.60084,33,3.479
s1396,12.978837,77.60098,34,3.514
s1396,12.977589,77.60143,35,3.661
s1396,12.97724,77.601585,36,3.703
s1396,12.976972,77.60177,37,3.739
s1396,12.976833,77.60193,38,3.762
s1396,12.976691,77.60217,39,3.793
s1396,12.976604,77.60237,40,3.817
s1396,12.975979,77.605034,41,4.113
s1396,12.975255,77.607994,42,4.444
s1396,12.975186,77.60825,43,4.473
s1396,12.974974,77.60887,44,4.544
s1396,12.974245,77.61192,45,4.884
s1396,12.974017,77.612755,46,4.978
s1396,12.972719,77.618416,47,5.608
s1396,12.972671,77.61868,48,5.638
s1396,12.972641,77.619125,49,5.686
s1396,12.972707,77.620255,50,5.808
s1396,12.972763,77.62084,51,5.872
s1396,12.972878,77.621315,52,5.925
s1396,12.973004,77.6217,53,5.969
s1396,12.973135,77.62203,54,6.008
s1396,12.973343,77.62248,55,6.062
s1396,12.974819,77.62492,56,6.373
s1396,12.975452,77.62585,57,6.496
s1396,12.975633,77.626015,58,6.523
s1396,12.976108,77.62637,59,6.588
s1396,12.976517,77.62666,60,6.644
s1396,12.97735,77.62722,61,6.754
s1396,12.977575,77.62746,62,6.79
s1396,12.977789,77.62773,63,6.828
s1396,12.978159,77.62835,64,6.907
s1396,12.978404,77.62879,65,6.962
s1396,12.978471,77.628975,66,6.983
s1396,12.978499,77.62917,67,7.005
s1396,12.978178,77.63265,68,7.383
s1396,12.978172,77.63294,69,7.415
s1396,12.978353,77.63866,70,8.034
s1396,12.978374,77.639694,71,8.147
s1396,12.978406,77.63997,72,8.177
s1396,12.978473,77.64017,73,8.199
s1396,12.978593,77.64035,74,8.223
s1396,12.978701,77.64047,75,8.241
s1396,12.978854,77.6406,76,8.263
s1396,12.979113,77.640724,77,8.295
s1396,12.979497,77.64076,78,8.338
s1396,12.982925,77.64057,79,8.72
s1396,12.9835,77.64056,80,8.784
s1396,12.983859,77.64063,81,8.824
s1396,12.984081,77.64073,82,8.851
s1396,12.984385,77.64104,83,8.899
s1396,12.984511,77.64127,84,8.928
s1396,12.986498,77.64624,85,9.509
s1396,12.986909,77.647316,86,9.635
s1396,12.987047,77.647575,87,9.667
s1396,12.987211,77.64783,88,9.7
s1396,12.987499,77.648056,89,9.74
s1396,12.987692,77.64818,90,9.766
s1396,12.987753,77.64822,91,9.773
s1396,12.988012,77.648315,92,9.804
s1396,12.988874,77.648575,93,9.904
s1396,12.989204,77.648705,94,9.944
s1396,12.989534,77.64893,95,9.988
s1396,12.989767,77.64921,96,10.027
s1396,12.989863,77.649376,97,10.048
s1396,12.989963,77.64966,98,10.081
s1396,12.991191,77.65411,99,10.582
s1396,12.991352,77.654564,100,10.635
s1396,12.991538,77.654854,101,10.673
s1396,12.992163,77.65551,102,10.772
s1396,12.992439,77.65583,103,10.818
s1396,12.992933,77.656586,104,10.917
s1396,12.994344,77.65909,105,11.23
s1396,12.99499,77.66033,106,11.383
s1396,12.995383,77.661125,107,11.479
s1396,12.99546,77.661316,108,11.502
s1396,12.995551,77.661644,109,11.539
s1396,12.995611,77.662056,110,11.583
s1396,12.995623,77.66238,111,11.618
s1396,12.995591,77.66274,112,11.658
s1396,12.995429,77.663445,113,11.736
s1396,12.995336,77.66396,114,11.794
s1396,12.99531,77.66424,115,11.823
s1396,12.99531,77.664635,116,11.867
s1396,12.995336,77.665016,117,11.908
s1396,12.995419,77.665474,118,11.958
s1396,12.995672,77.66634,119,12.057
s1396,12.996069,77.66741,120,12.181
s1396,12.996397,77.668175,121,12.271
s1396,12.996751,77.66892,122,12.361
s1396,12.996916,77.66948,123,12.424
s1396,12.996966,77.66973,124,12.452
s1396,12.996971,77.67016,125,12.498
s1396,12.996983,77.67026,126,12.509
s1396,12.997024,77.670395,127,12.524
s1396,12.999226,77.674934,128,13.074
s1396,12.99947,77.675446,129,13.136
s1396,12.9998,77.6762,130,13.225
s1396,12.999866,77.67651,131,13.26
s1396,12.999901,77.67683,132,13.294
s1396,12.999949,77.67845,133,13.471
s1396,13.000019,77.67989,134,13.627
s1396,13.000113,77.68064,135,13.708
s1396,13.000157,77.680855,136,13.732
s1396,13.000299,77.681366,137,13.79
s1396,13.00039,77.6816,138,13.817
s1396,13.000431,77.68187,139,13.847
s1396,13.000404,77.6826,140,13.926
s1396,13.000403,77.68382,141,14.058
s1396,13.000379,77.684555,142,14.138
s1396,13.000259,77.68621,143,14.318
s1396,13.000179,77.68657,144,14.358
s1396,13.000118,77.686745,145,14.377
s1396,12.999791,77.68727,146,14.445
s1396,12.99948,77.68769,147,14.502
s1396,12.999269,77.68792,148,14.537
s1396,12.998964,77.688194,149,14.582
s1396,12.998476,77.68866,150,14.656
s1396,12.998254,77.688896,151,14.691
s1396,12.997497,77.6904,152,14.875
s1396,12.996994,77.6915,153,15.006
s1396,12.99621,77.69373,154,15.263
s1396,12.995542,77.69525,155,15.444
s1396,12.995455,77.695564,156,15.479
s1396,12.995272,77.697,157,15.636
s1396,12.995125,77.69793,158,15.738
s1396,12.99508,77.69809,159,15.757
s1396,12.994669,77.69919,160,15.884
s1396,12.994401,77.70002,161,15.979
s1396,12.994032,77.70161,162,16.155
s1396,12.993869,77.70212,163,16.214
s1396,12.993475,77.70364,164,16.385
s1396,12.993147,77.7048,165,16.515
s1396,12.993062,77.70522,166,16.562
s1396,12.993026,77.70561,167,16.604
s1396,12.992944,77.70753,168,16.812
s1396,12.992867,77.70942,169,17.018
s1396,12.992854,77.71058,170,17.143
s1396,12.992834,77.71081,171,17.168
s1396,12.99265,77.7116,172,17.256
s1396,12.992277,77.71281,173,17.393
s1396,12.992009,77.71341,174,17.465
s1396,12.991891,77.71359,175,17.489
s1396,12.991775,77.713715,176,17.507
s1396,12.991385,77.713936,177,17.557
s1396,12.990839,77.713974,178,17.618
s1396,12.990584,77.71395,179,17.646
s1396,12.990448,77.71388,180,17.663
s1396,12.990286,77.71377,181,17.685
s1396,12.990175,77.71364,182,17.704
s1396,12.990002,77.71338,183,17.738
s1396,12.989807,77.713066,184,17.778
s1396,12.989022,77.711754,185,17.945
s1396,12.988259,77.71044,186,18.11
s1396,12.98787,77.709724,187,18.199
s1396,12.987747,77.70957,188,18.221
s1396,12.987478,77.7093,189,18.263
s1396,12.987096,77.70902,190,18.315
s1396,12.986512,77.70871,191,18.388
s1396,12.985809,77.70844,192,18.472
s1396,12.98522,77.708305,193,18.539
s1396,12.984305,77.70826,194,18.641
s1396,12.983049,77.708305,195,18.78
s1396,12.982639,77.70835,196,18.826
s1396,12.982074,77.708466,197,18.89
s1396,12.980531,77.70889,198,19.068
s1396,12.979208,77.709274,199,19.221
s1396,12.97894,77.70938,200,19.253
s1396,12.97876,77.70948,201,19.275
s1396,12.978563,77.70964,202,19.303
s1396,12.978393,77.70993,203,19.34
s1396,12.978272,77.7103,204,19.382
s1396,12.978252,77.71045,205,19.399
s1396,12.978249,77.71075,206,19.43
s1396,12.97817,77.7112,207,19.48
s1396,12.978058,77.712036,208,19.572
s1396,12.977764,77.714516,209,19.843
s1396,12.977483,77.71635,210,20.043
s1396,12.97737,77.71752,211,20.171
s1396,12.977191,77.71985,212,20.424
s1396,12.976888,77.72268,213,20.733
s1396,12.976798,77.723175,214,20.788
s1396,12.976738,77.723595,215,20.833
s1396,12.976505,77.72611,216,21.107
s1396,12.976515,77.72635,217,21.133
s1396,12.976567,77.726555,218,21.156
s1396,12.97662,77.72669,219,21.173
s1396,12.976698,77.72683,220,21.19
s1396,12.976802,77.72695,221,21.207
s1396,12.976953,77.72709,222,21.23
s1396,12.977138,77.7272,223,21.254
s1396,12.977233,77.72724,224,21.265
s1396,12.977486,77.727295,225,21.294
s1396,12.978588,77.727325,226,21.416
s1396,12.979342,77.72729,227,21.5
s1396,12.979692,77.72729,228,21.539
s1396,12.980031,77.72732,229,21.577
s1396,12.981023,77.7275,230,21.689
s1396,12.981543,77.72762,231,21.748
s1396,12.981715,77.72766,232,21.768
s1396,12.982213,77.72778,233,21.825
s1396,12.982454,77.72785,234,21.853
s1396,12.982947,77.72806,235,21.912
s1396,12.983341,77.72827,236,21.962
s1396,12.983593,77.72845,237,21.995
s1396,12.983889,77.72867,238,22.036
s1396,12.984309,77.72901,239,22.096
s1396,12.984874,77.729485,240,22.177
s1396,12.985392,77.72996,241,22.254
s1396,12.985611,77.73021,242,22.29
s1396,12.985758,77.73041,243,22.318
s1396,12.98657,77.731766,244,22.49
s1396,12.986838,77.73204,245,22.533
s1396,12.987521,77.73255,246,22.627
s1396,12.987699,77.732765,247,22.657
s1396,12.987756,77.73286,248,22.668
s1396,12.987816,77.73296,249,22.682
s1396,12.987909,77.73322,250,22.712
s1396,12.987936,77.73346,251,22.738
s1396,12.987927,77.733635,252,22.757
s1396,12.987684,77.7353,253,22.939
s1396,12.987635,77.735855,254,23
s1396,12.987636,77.739204,255,23.363
s1396,12.987627,77.73996,256,23.444
s1396,12.987608,77.74015,257,23.466
s1396,12.986654,77.743935,258,23.889
s1396,12.986233,77.74552,259,24.067
s1396,12.986121,77.74585,260,24.105
s1396,12.985248,77.74815,261,24.373
s1396,12.984266,77.750984,262,24.698
s1396,12.984222,77.75126,263,24.728
s1396,12.984215,77.751396,264,24.743
s1396,12.984247,77.751686,265,24.775
s1396,12.984293,77.751854,266,24.794
s1396,12.984403,77.75215,267,24.828
s1396,12.984504,77.75232,268,24.85
s1396,12.984721,77.75261,269,24.889
s1396,12.984872,77.75275,270,24.912
s1396,12.985059,77.752884,271,24.937
s1396,12.985387,77.75308,272,24.98
s1396,12.986745,77.753624,273,25.142
s1396,12.988907,77.75455,274,25.402
s1396,12.989526,77.754814,275,25.477
s1396,12.990051,77.75507,276,25.542
s1396,12.990288,77.755226,277,25.573
s1396,12.992297,77.75675,278,25.85
s1396,12.992621,77.75696,279,25.893
s1396,12.993006,77.75712,280,25.939
s1396,12.995197,77.75778,281,26.193
s1396,12.99575,77.75792,282,26.257
s1517,12.946738,77.53015,0,0
s1517,12.94706,77.53088,1,0.087
s1517,12.947608,77.53265,2,0.288
s1517,12.948045,77.53427,3,0.47
s1517,12.948155,77.534615,4,0.509
s1517,12.948237,77.534805,5,0.532
s1517,12.94897,77.53601,6,0.686
s1517,12.949221,77.53633,7,0.73
s1517,12.949802,77.53693,8,0.822
s1517,12.95002,77.5371,9,0.853
s1517,12.950306,77.537254,10,0.889
s1517,12.950638,77.53734,11,0.927
s1517,12.951037,77.53734,12,0.971
s1517,12.951175,77.53731,13,0.987
s1517,12.952033,77.536995,14,1.088
s1517,12.953135,77.53666,15,1.216
s1517,12.953236,77.536606,16,1.228
s1517,12.953519,77.53638,17,1.268
s1517,12.954985,77.534935,18,1.494
s1517,12.955176,77.534805,19,1.519
s1517,12.955391,77.53471,20,1.546
s1517,12.955708,77.53462,21,1.582
s1517,12.956712,77.53438,22,1.697
s1517,12.957002,77.5343,23,1.73
s1517,12.957568,77.53409,24,1.797
s1517,12.958318,77.53373,25,1.889
s1517,12.959189,77.533356,26,1.994
s1517,12.959939,77.53308,27,2.083
s1517,12.960154,77.53304,28,2.107
s1517,12.960364,77.53305,29,2.13
s1517,12.960592,77.53309,30,2.156
s1517,12.960823,77.53315,31,2.183
s1517,12.961875,77.533554,32,2.307
s1517,12.965862,77.53533,33,2.791
s1517,12.96702,77.53591,34,2.934
s1517,12.967598,77.53618,35,3.005
s1517,12.968877,77.536674,36,3.157
s1517,12.970954,77.537384,37,3.4
s1517,12.971789,77.53769,38,3.499
s1517,12.972204,77.53787,39,3.549
s1517,12.972391,77.53799,40,3.573
s1517,12.972621,77.53817,41,3.606
s1517,12.97279,77.538345,42,3.632
s1517,12.972969,77.538574,43,3.664
s1517,12.973139,77.53888,44,3.702
s1517,12.973282,77.53939,45,3.76
s1517,12.973788,77.54182,46,4.028
s1517,12.974102,77.54338,47,4.202
s1517,12.97422,77.544556,48,4.329
s1517,12.97422,77.546814,49,4.574
s1517,12.974251,77.5471,50,4.605
s1517,12.974361,77.547554,51,4.656
s1517,12.974507,77.54807,52,4.715
s1517,12.974545,77.548386,53,4.749
s1517,12.974532,77.54855,54,4.767
s1517,12.974459,77.54891,55,4.807
s1517,12.974245,77.5493,56,4.855
s1517,12.97393,77.54979,57,4.919
s1517,12.973875,77.54991,58,4.933
s1517,12.973801,77.55022,59,4.967
s1517,12.973798,77.550385,60,4.986
s1517,12.973817,77.550545,61,5.003
s1517,12.973864,77.55072,62,5.023
s1517,12.973976,77.55092,63,5.048
s1517,12.974957,77.552185,64,5.223
s1517,12.975103,77.55238,65,5.25
s1517,12.975333,77.55274,66,5.296
s1517,12.975434,77.552956,67,5.322
s1517,12.975504,77.55315,68,5.344
s1517,12.975573,77.55353,69,5.386
s1517,12.975602,77.55382,70,5.418
s1517,12.975698,77.55687,71,5.749
s1517,12.975825,77.55893,72,5.972
s1517,12.975809,77.56006,73,6.095
s1517,12.975765,77.56063,74,6.157
s1517,12.975712,77.56173,75,6.276
s1517,12.975647,77.562325,76,6.341
s1517,12.975638,77.562675,77,6.379
s1517,12.975685,77.56341,78,6.459
s1517,12.975903,77.56538,79,6.673
s1517,12.976013,77.56672,80,6.819
s1517,12.976024,77.56912,81,7.08
s1517,12.975891,77.57129,82,7.315
s1517,12.975665,77.57413,83,7.623
s1517,12.975287,77.57572,84,7.801
s1517,12.975175,77.57613,85,7.848
s1517,12.974359,77.578125,86,8.082
s1517,12.973347,77.58041,87,8.353
s1517,12.973104,77.580894,88,8.413
s1517,12.973025,77.581154,89,8.442
s1517,12.973023,77.58136,90,8.465
s1517,12.973056,77.581535,91,8.484
s1517,12.973249,77.58196,92,8.535
s1517,12.97454,77.584206,93,8.818
s1517,12.974987,77.58496,94,8.913
s1517,12.975083,77.58516,95,8.937
s1517,12.97623,77.58787,96,9.257
s1517,12.977665,77.5906,97,9.593
s1517,12.978996,77.59183,98,9.793
s1517,12.980612,77.593216,99,10.026
s1517,12.981018,77.593735,100,10.099
s1517,12.981267,77.594086,101,10.146
s1517,12.981525,77.594536,102,10.202
s1517,12.981624,77.594864,103,10.24
s1517,12.981632,77.59518,104,10.273
s1517,12.981555,77.59572,105,10.333
s1517,12.981488,77.595985,106,10.363
s1517,12.981389,77.59633,107,10.402
s1517,12.980979,77.59757,108,10.544
s1517,12.980614,77.59864,109,10.667
s1517,12.980109,77.599945,110,10.818
s1517,12.980013,77.6001,111,10.839
s1517,12.979878,77.60026,112,10.861
s1517,12.979767,77.600365,113,10.878
s1517,12.979298,77.60072,114,10.943
s1517,12.979119,77.60084,115,10.967
s1517,12.978837,77.60098,116,11.002
s1517,12.977589,77.60143,117,11.149
s1517,12.97724,77.601585,118,11.191
s1517,12.976972,77.60177,119,11.226
s1517,12.976833,77.60193,120,11.25
s1517,12.976691,77.60217,121,11.281
s1517,12.976604,77.60237,122,11.305
s1517,12.975979,77.605034,123,11.601
s1517,12.975255,77.607994,124,11.932
s1517,12.975186,77.60825,125,11.961
s1517,12.974974,77.60887,126,12.032
s1517,12.974245,77.61192,127,12.372
s1517,12.974017,77.612755,128,12.466
s1517,12.972719,77.618416,129,13.096
s1517,12.972671,77.61868,130,13.126
s1517,12.972641,77.619125,131,13.174
s1517,12.972707,77.620255,132,13.296
s1517,12.972763,77.62084,133,13.36
s1517,12.972878,77.621315,134,13.413
s1517,12.973004,77.6217,135,13.457
s1517,12.973135,77.62203,136,13.496
s1517,12.973343,77.62248,137,13.55
s1517,12.974819,77.62492,138,13.861
s1517,12.975452,77.62585,139,13.984
s1517,12.975633,77.626015,140,14.011
s1517,12.976108,77.62637,141,14.076
s1517,12.976517,77.62666,142,14.132
s1517,12.97735,77.62722,143,14.242
s1517,12.977575,77.62746,144,14.278
s1517,12.977789,77.62773,145,14.316
s1517,12.978159,77.62835,146,14.395
s1517,12.978404,77.62879,147,14.45
s1517,12.978471,77.628975,148,14.471
s1517,12.978499,77.62917,149,14.493
s1517,12.978178,77.63265,150,14.871
s1517,12.978172,77.63294,151,14.903
s1517,12.978353,77.63866,152,15.522
s1517,12.978374,77.639694,153,15.634
s1517,12.978406,77.63997,154,15.665
s1517,12.978473,77.64017,155,15.687
s1517,12.978593,77.64035,156,15.711
s1517,12.978701,77.64047,157,15.729
s1517,12.978854,77.6406,158,15.751
s1517,12.979113,77.640724,159,15.783
s1517,12.979304,77.640755,160,15.804
s1517,12.979497,77.64076,161,15.826
s1517,12.982925,77.64057,162,16.208
s1517,12.9835,77.64056,163,16.272
s1517,12.983859,77.64063,164,16.312
s1517,12.984081,77.64073,165,16.339
s1517,12.984385,77.64104,166,16.387
s1517,12.984511,77.64127,167,16.416
s1517,12.986498,77.64624,168,16.997
s1517,12.986909,77.647316,169,17.123
s1517,12.987047,77.647575,170,17.155
s1517,12.987211,77.64783,171,17.188
s1517,12.987499,77.648056,172,17.228
s1517,12.987753,77.64822,173,17.261
s1517,12.98815,77.64836,174,17.308
s1517,12.988874,77.648575,175,17.392
s1517,12.989204,77.648705,176,17.432
s1517,12.989534,77.64893,177,17.476
s1517,12.989715,77.64913,178,17.505
s1517,12.989821,77.64929,179,17.526
s1517,12.989896,77.64946,180,17.546
s1517,12.989963,77.64966,181,17.569
s1517,12.991191,77.65411,182,18.07
s1517,12.991352,77.654564,183,18.123
s1517,12.991538,77.654854,184,18.16
s1517,12.992163,77.65551,185,18.26
s1517,12.992439,77.65583,186,18.306
s1517,12.992933,77.656586,187,18.405
s1517,12.994344,77.65909,188,18.718
s1517,12.995279,77.660904,189,18.941
s1517,12.99546,77.661316,190,18.989
s1517,12.995551,77.661644,191,19.026
s1517,12.995595,77.661896,192,19.054
s1517,12.995621,77.66225,193,19.092
s1517,12.995618,77.66251,194,19.121
s1517,12.995591,77.66274,195,19.146
s1517,12.995429,77.663445,196,19.224
s1517,12.995336,77.66396,197,19.282
s1517,12.995306,77.66444,198,19.333
s1517,12.995336,77.665016,199,19.396
s1517,12.995419,77.665474,200,19.446
s1517,12.995532,77.66588,201,19.492
s1517,12.995672,77.66634,202,19.545
s1517,12.996069,77.66741,203,19.668
s1517,12.996397,77.668175,204,19.759
s1517,12.996751,77.66892,205,19.849
s1517,12.996916,77.66948,206,19.912
s1517,12.996966,77.66973,207,19.94
s1517,12.996971,77.67016,208,19.986
s1517,12.996983,77.67026,209,19.997
s1517,12.997024,77.670395,210,20.012
s1517,12.99947,77.675446,211,20.624
s1517,12.9998,77.6762,212,20.713
s1517,12.999838,77.676346,213,20.73
s1517,12.999901,77.67683,214,20.782
s1517,12.999949,77.67845,215,20.959
s1517,13.000019,77.67989,216,21.115
s1517,13.000113,77.68064,217,21.196
s1517,13.000157,77.680855,218,21.22
s1517,13.000299,77.681366,219,21.278
s1517,13.00039,77.6816,220,21.305
s1517,13.000431,77.68187,221,21.335
s1517,13.000404,77.6826,222,21.414
s1517,13.000403,77.68382,223,21.546
s1517,13.000379,77.684555,224,21.626
s1517,13.000259,77.68621,225,21.806
s1517,13.000229,77.68637,226,21.823
s1517,13.000118,77.686745,227,21.865
s1517,12.999791,77.68727,228,21.933
s1517,12.99948,77.68769,229,21.99
s1517,12.999269,77.68792,230,22.024
s1517,12.998964,77.688194,231,22.07
s1517,12.998476,77.68866,232,22.144
s1517,12.998254,77.688896,233,22.179
s1517,12.997497,77.6904,234,22.363
s1517,12.996994,77.6915,235,22.494
s1517,12.99621,77.69373,236,22.751
s1517,12.995542,77.69525,237,22.932
s1517,12.995455,77.695564,238,22.967
s1517,12.995272,77.697,239,23.124
s1517,12.995125,77.69793,240,23.226
s1517,12.99508,77.69809,241,23.245
s1517,12.994669,77.69919,242,23.371
s1517,12.994401,77.70002,243,23.467
s1517,12.994032,77.70161,244,23.643
s1517,12.993869,77.70212,245,23.702
s1517,12.993465,77.70368,246,23.877
s2248,12.92096,77.58009,0,0
s2248,12.920228,77.58011,1,0.081
s2248,12.919521,77.58018,2,0.16
s2248,12.918204,77.580215,3,0.307
s2248,12.918032,77.580246,4,0.326
s2248,12.917949,77.58027,5,0.336
s2248,12.917715,77.580376,6,0.364
s2248,12.917634,77.58043,7,0.375
s2248,12.917393,77.580666,8,0.412
s2248,12.917266,77.58087,9,0.439
s2248,12.917219,77.58099,10,0.453
s2248,12.91716,77.58123,11,0.479
s2248,12.917146,77.581345,12,0.492
s2248,12.917019,77.58671,13,1.074
s2248,12.917099,77.58718,14,1.126
s2248,12.917116,77.587494,15,1.16
s2248,12.917074,77.58937,16,1.363
s2248,12.917047,77.589584,17,1.386
s2248,12.916957,77.59005,18,1.437
s2248,12.916943,77.59034,19,1.469
s2248,12.916826,77.59649,20,2.136
s2248,12.916821,77.59764,21,2.261
s2248,12.916736,77.60189,22,2.721
s2248,12.916703,77.60462,23,3.018
s2248,12.916631,77.606895,24,3.264
s2248,12.916543,77.61069,25,3.675
s2248,12.916546,77.61183,26,3.799
s2248,12.916474,77.6142,27,4.055
s2248,12.916377,77.615555,28,4.202
s2248,12.916259,77.61664,29,4.321
s2248,12.916257,77.6171,30,4.372
s2248,12.916282,77.61757,31,4.422
s2248,12.916288,77.61839,32,4.512
s2248,12.916239,77.61908,33,4.586
s2248,12.916239,77.61932,34,4.612
s2248,12.916276,77.61953,35,4.635
s2248,12.916441,77.6201,36,4.7
s2248,12.91692,77.62161,37,4.872
s2248,12.916987,77.62192,38,4.906
s2248,12.916993,77.62212,39,4.928
s2248,12.916941,77.62243,40,4.962
s2248,12.916823,77.62271,41,4.995
s2248,12.916647,77.622955,42,5.028
s2248,12.916502,77.62309,43,5.05
s2248,12.916422,77.623146,44,5.061
s2248,12.914633,77.62414,45,5.287
s2248,12.913904,77.62452,46,5.378
s2248,12.912572,77.62536,47,5.552
s2248,12.910622,77.6265,48,5.802
s2248,12.904646,77.63019,49,6.577
s2248,12.903832,77.63071,50,6.683
s2248,12.901332,77.63224,51,7.007
s2248,12.90034,77.632866,52,7.137
s2248,12.89815,77.63421,53,7.421
s2248,12.895955,77.63552,54,7.703
s2248,12.894294,77.636604,55,7.922
s2248,12.892426,77.63774,56,8.163
s2248,12.890548,77.63886,57,8.405
s2248,12.888442,77.64018,58,8.68
s2248,12.883971,77.64294,59,9.259
s2248,12.880935,77.644806,60,9.653
s2248,12.878292,77.64641,61,9.995
s2248,12.877357,77.64695,62,10.114
s2248,12.87694,77.64723,63,10.169
s2248,12.876645,77.64746,64,10.21
s2248,12.873127,77.65061,65,10.73
s2248,12.871646,77.65174,66,10.935
s2248,12.870718,77.6525,67,11.067
s2248,12.870072,77.65299,68,11.156
s2248,12.864625,77.6573,69,11.922
s2248,12.863952,77.65789,70,12.02
s2248,12.862866,77.658745,71,12.172
s2248,12.861658,77.65972,72,12.343
s2248,12.860534,77.66059,73,12.499
s2248,12.859178,77.661575,74,12.684
s2248,12.857952,77.66241,75,12.848
s2248,12.857329,77.66286,76,12.932
s2248,12.856385,77.66364,77,13.067
s2248,12.855822,77.66414,78,13.15
s2248,12.855405,77.66457,79,13.216
s2248,12.855028,77.664925,80,13.273
s2248,12.852888,77.66659,81,13.571
s2248,12.85165,77.66749,82,13.74
s2248,12.850442,77.66844,83,13.91
s2248,12.84858,77.66987,84,14.168
s2248,12.848069,77.67022,85,14.236
s2248,12.847548,77.670494,86,14.302
s2248,12.846977,77.67085,87,14.376
s2248,12.845717,77.6717,88,14.544
s2248,12.845533,77.67185,89,14.57
s2248,12.845276,77.672134,90,14.611
s2248,12.844974,77.67258,91,14.67
s2248,12.844499,77.67311,92,14.748
s2248,12.843172,77.67432,93,14.946
s2248,12.841923,77.67529,94,15.12
s2248,12.838543,77.677864,95,15.588
s2248,12.838023,77.67822,96,15.658
s2248,12.837757,77.678375,97,15.692
s2248,12.835814,77.67918,98,15.925
s2248,12.834921,77.67951,99,16.03
s2248,12.833272,77.68011,100,16.225
s2248,12.832411,77.68031,101,16.323
s2248,12.831566,77.680565,102,16.421
s2248,12.827996,77.68174,103,16.838
s2248,12.827173,77.682106,104,16.938
s2248,12.825126,77.683174,105,17.193
s2248,12.824563,77.68359,106,17.271
s2248,12.821079,77.686874,107,17.796
s2248,12.81941,77.68836,108,18.042
s2694,12.975546,77.6068,0,0
s2694,12.975979,77.605034,1,0.197
s2694,12.97654,77.602615,2,0.466
s2694,12.976604,77.60237,3,0.493
s2694,12.976691,77.60217,4,0.517
s2694,12.976833,77.60193,5,0.548
s2694,12.976972,77.60177,6,0.571
s2694,12.97724,77.601585,7,0.607
s2694,12.977589,77.60143,8,0.649
s2694,12.978837,77.60098,9,0.796
s2694,12.979119,77.60084,10,0.831
s2694,12.979298,77.60072,11,0.855
s2694,12.979767,77.600365,12,0.92
s2694,12.979878,77.60026,13,0.937
s2694,12.980013,77.6001,14,0.959
s2694,12.980109,77.599945,15,0.979
s2694,12.980614,77.59864,16,1.131
s2694,12.981389,77.59633,17,1.396
s2694,12.981555,77.59572,18,1.465
s2694,12.981587,77.595535,19,1.485
s2694,12.981632,77.59518,20,1.525
s2694,12.981624,77.594864,21,1.558
s2694,12.981525,77.594536,22,1.596
s2694,12.981267,77.594086,23,1.652
s2694,12.981018,77.593735,24,1.699
s2694,12.980612,77.593216,25,1.771
s2694,12.978996,77.59183,26,2.005
s2694,12.977665,77.5906,27,2.205
s2694,12.97623,77.58787,28,2.541
s2694,12.975083,77.58516,29,2.861
s2694,12.974987,77.58496,30,2.885
s2694,12.97454,77.584206,31,2.98
s2694,12.973249,77.58196,32,3.263
s2694,12.973056,77.581535,33,3.314
s2694,12.973023,77.58136,34,3.333
s2694,12.973025,77.581154,35,3.356
s2694,12.973104,77.580894,36,3.385
s2694,12.973347,77.58041,37,3.445
s2694,12.974359,77.578125,38,3.716
s2694,12.975175,77.57613,39,3.95
s2694,12.975287,77.57572,40,3.996
s2694,12.975665,77.57413,41,4.175
s2694,12.975891,77.57129,42,4.483
s2694,12.976024,77.56912,43,4.718
s2694,12.976013,77.56672,44,4.979
s2694,12.975903,77.56538,45,5.125
s2694,12.975685,77.56341,46,5.339
s2694,12.975638,77.562675,47,5.419
s2694,12.975647,77.562325,48,5.457
s2694,12.975712,77.56173,49,5.521
s2694,12.975765,77.56063,50,5.641
s2694,12.975809,77.56006,51,5.703
s2694,12.975825,77.55893,52,5.826
s2694,12.975698,77.55687,53,6.049
s2694,12.975602,77.55382,54,6.38
s2694,12.975573,77.55353,55,6.411
s2694,12.975504,77.55315,56,6.454
s2694,12.975434,77.552956,57,6.476
s2694,12.975333,77.55274,58,6.502
s2694,12.975103,77.55238,59,6.548
s2694,12.974957,77.552185,60,6.575
s2694,12.973976,77.55092,61,6.75
s2694,12.973864,77.55072,62,6.775
s2694,12.973817,77.550545,63,6.795
s2694,12.973798,77.550385,64,6.812
s2694,12.973801,77.55022,65,6.831
s2694,12.973875,77.54991,66,6.865
s2694,12.97393,77.54979,67,6.879
s2694,12.974245,77.5493,68,6.943
s2694,12.974459,77.54891,69,6.991
s2694,12.974532,77.54855,70,7.031
s2694,12.974545,77.548386,71,7.049
s2694,12.974539,77.54826,72,7.063
s2694,12.974507,77.54807,73,7.083
s2694,12.974361,77.547554,74,7.142
s2694,12.974251,77.5471,75,7.193
s2694,12.97422,77.546814,76,7.223
s2694,12.97422,77.544556,77,7.469
s2694,12.974102,77.54338,78,7.596
s2694,12.973788,77.54182,79,7.77
s2694,12.973282,77.53939,80,8.038
s2694,12.973139,77.53888,81,8.095
s2694,12.972969,77.538574,82,8.134
s2694,12.97279,77.538345,83,8.166
s2694,12.972621,77.53817,84,8.192
s2694,12.972391,77.53799,85,8.225
s2694,12.972204,77.53787,86,8.249
s2694,12.972018,77.53778,87,8.272
s2694,12.970954,77.537384,88,8.398
s2694,12.968877,77.536674,89,8.641
s2694,12.967598,77.53618,90,8.793
s2694,12.96702,77.53591,91,8.864
s2694,12.965862,77.53533,92,9.007
s2694,12.961875,77.533554,93,9.491
s2694,12.960823,77.53315,94,9.615
s2694,12.960592,77.53309,95,9.642
s2694,12.960364,77.53305,96,9.668
s2694,12.960154,77.53304,97,9.691
s2694,12.959939,77.53308,98,9.715
s2694,12.959189,77.533356,99,9.804
s2694,12.958318,77.53373,100,9.909
s2694,12.957568,77.53409,101,10.001
s2694,12.957002,77.5343,102,10.068
s2694,12.956712,77.53438,103,10.101
s2694,12.955708,77.53462,104,10.216
s2694,12.955391,77.53471,105,10.252
s2694,12.955176,77.534805,106,10.278
s2694,12.954985,77.534935,107,10.304
s2694,12.953519,77.53638,108,10.53
s2694,12.953236,77.536606,109,10.569
s2694,12.953135,77.53666,110,10.582
s2694,12.952033,77.536995,111,10.71
s2694,12.951175,77.53731,112,10.811
s2694,12.951037,77.53734,113,10.827
s2694,12.950638,77.53734,114,10.871
s2694,12.950306,77.537254,115,10.909
s2694,12.95002,77.5371,116,10.945
s2694,12.949802,77.53693,117,10.976
s2694,12.949221,77.53633,118,11.067
s2694,12.94897,77.53601,119,11.112
s2694,12.948237,77.534805,120,11.266
s2694,12.948155,77.534615,121,11.289
s2694,12.948045,77.53427,122,11.328
s2694,12.947608,77.53265,123,11.51
s2694,12.94706,77.53088,124,11.711
s2694,12.94633,77.52924,125,11.906
s2694,12.946013,77.52873,126,11.972
s2694,12.945714,77.52831,127,12.028
s2694,12.945214,77.527725,128,12.112
s2694,12.944809,77.52729,129,12.178
s2694,12.944048,77.52666,130,12.287
s2694,12.943438,77.52631,131,12.364
s2694,12.942611,77.5257,132,12.477
s2694,12.941683,77.5251,133,12.599
s2694,12.941206,77.524826,134,12.661
s2694,12.940956,77.524666,135,12.693
s2694,12.940113,77.52406,136,12.808
s2694,12.939455,77.52346,137,12.906
s2694,12.938983,77.52295,138,12.982
s2694,12.938187,77.521736,139,13.14
s2694,12.937917,77.52143,140,13.185
s2694,12.937577,77.52114,141,13.234
s2694,12.937242,77.52088,142,13.281
s2694,12.936994,77.52056,143,13.325
s2694,12.936674,77.51966,144,13.429
s2694,12.936424,77.51902,145,13.504
s2694,12.936339,77.51869,146,13.54
s2694,12.936313,77.518364,147,13.576
s2694,12.936335,77.51785,148,13.632
s2694,12.936325,77.51701,149,13.723
s2694,12.936279,77.51654,150,13.774
s2694,12.936137,77.51552,151,13.886
s2694,12.936101,77.5151,152,13.932
s2694,12.936058,77.51424,153,14.025
s2694,12.935983,77.51383,154,14.07
s2694,12.935383,77.51222,155,14.257
s2694,12.935175,77.51154,156,14.334
s2694,12.934965,77.51104,157,14.393
s2694,12.934739,77.510735,158,14.434
s2694,12.934499,77.510506,159,14.471
s2694,12.932606,77.50842,160,14.78
s2694,12.931485,77.50681,161,14.994
s2694,12.931273,77.50654,162,15.032
s2694,12.931125,77.50639,163,15.055
s2694,12.930321,77.50597,164,15.156
s2694,12.930001,77.50575,165,15.198
s2694,12.929764,77.505516,166,15.235
s2694,12.929616,77.50528,167,15.266
s2694,12.929504,77.50505,168,15.293
s2694,12.92916,77.504005,169,15.413
s2694,12.929096,77.50389,170,15.427
s2694,12.928678,77.5034,171,15.497
s2694,12.928207,77.50298,172,15.567
s2694,12.927765,77.5025,173,15.638
s2694,12.926077,77.50026,174,15.946
s2694,12.925092,77.499176,175,16.106
s2694,12.923495,77.49756,176,16.356
s2694,12.923291,77.49727,177,16.395
s2694,12.923085,77.49682,178,16.448
s2694,12.922775,77.49606,179,16.537
s2694,12.92193,77.494415,180,16.739
s2694,12.921592,77.49389,181,16.807
s2694,12.921392,77.49366,182,16.841
s2694,12.920944,77.49336,183,16.9
s2694,12.920248,77.49281,184,16.998
s2694,12.919996,77.492546,185,17.038
s2694,12.919592,77.49202,186,17.11
s2694,12.91902,77.49148,187,17.197
s2694,12.918613,77.49122,188,17.25
s2694,12.917677,77.490746,189,17.366
s2694,12.916946,77.49042,190,17.455
s2694,12.916583,77.490105,191,17.508
s2694,12.916243,77.48968,192,17.568
s2694,12.915425,77.48879,193,17.7
s2694,12.915052,77.48828,194,17.769
s2694,12.914258,77.48727,195,17.91
s2694,12.913266,77.48591,196,18.094
s2694,12.912962,77.48551,197,18.149
s2694,12.912798,77.48534,198,18.175
s2694,12.912612,77.48521,199,18.2
s2694,12.912245,77.48503,200,18.245
s2694,12.911074,77.48468,201,18.381
s2694,12.910901,77.48459,202,18.402
s2694,12.910673,77.4844,203,18.435
s2694,12.910609,77.48432,204,18.446
s2694,12.910453,77.48407,205,18.479
s2694,12.910382,77.48387,206,18.502
s2694,12.910359,77.483765,207,18.513
s2694,12.910341,77.48355,208,18.536
s2694,12.91036,77.48334,209,18.559
s2694,12.910381,77.482666,210,18.633
s2694,12.910372,77.482506,211,18.65
s2694,12.910334,77.48219,212,18.684
s2694,12.91022,77.481735,213,18.735
s2694,12.910108,77.481445,214,18.769
s2694,12.909966,77.481155,215,18.804
s2694,12.909798,77.48089,216,18.839
s2694,12.909605,77.48064,217,18.873
s2694,12.909448,77.4804,218,18.905
s2694,12.909323,77.48021,219,18.93
s2694,12.909272,77.48009,220,18.944
s2694,12.908851,77.47898,221,19.072
s2694,12.908788,77.47879,222,19.094
s2694,12.908611,77.47788,223,19.195
s2694,12.908519,77.47759,224,19.228
s2694,12.908407,77.47732,225,19.26
s2694,12.907928,77.47658,226,19.357
s2694,12.907602,77.47596,227,19.433
s2694,12.907502,77.47581,228,19.453
s2694,12.907291,77.47534,229,19.508
s2694,12.906988,77.47394,230,19.664
s2694,12.906876,77.47368,231,19.695
s2694,12.906751,77.47344,232,19.724
s2694,12.906619,77.47323,233,19.751
s2694,12.905639,77.47197,234,19.926
s2694,12.905096,77.471214,235,20.028
s2694,12.904882,77.470955,236,20.064
s2694,12.904659,77.470764,237,20.097
s2694,12.902693,77.46956,238,20.352
s2694,12.902212,77.46911,239,20.424
s2694,12.902021,77.46885,240,20.459
s2694,12.900649,77.46631,241,20.774
s2694,12.900177,77.46552,242,20.874
s2694,12.899617,77.46471,243,20.982
s2694,12.897717,77.46171,244,21.37
s2694,12.897373,77.46127,245,21.43
s2696,12.993465,77.70368,0,0
s2696,12.993869,77.70212,1,0.175
s2696,12.994032,77.70161,2,0.234
s2696,12.994401,77.70002,3,0.41
s2696,12.994669,77.69919,4,0.505
s2696,12.99508,77.69809,5,0.632
s2696,12.995125,77.69793,6,0.651
s2696,12.995272,77.697,7,0.753
s2696,12.995455,77.695564,8,0.91
s2696,12.995542,77.69525,9,0.945
s2696,12.99621,77.69373,10,1.126
s2696,12.996994,77.6915,11,1.383
s2696,12.997497,77.6904,12,1.514
s2696,12.998254,77.688896,13,1.698
s2696,12.998476,77.68866,14,1.733
s2696,12.998964,77.688194,15,1.807
s2696,12.999269,77.68792,16,1.852
s2696,12.99948,77.68769,17,1.887
s2696,12.999791,77.68727,18,1.944
s2696,13.000118,77.686745,19,2.012
s2696,13.000229,77.68637,20,2.054
s2696,13.000259,77.68621,21,2.071
s2696,13.000379,77.684555,22,2.251
s2696,13.000403,77.68382,23,2.331
s2696,13.000404,77.6826,24,2.463
s2696,13.000431,77.68187,25,2.542
s2696,13.00039,77.6816,26,2.572
s2696,13.000299,77.681366,27,2.599
s2696,13.000157,77.680855,28,2.657
s2696,13.000113,77.68064,29,2.681
s2696,13.000019,77.67989,30,2.762
s2696,12.999949,77.67845,31,2.918
s2696,12.999901,77.67683,32,3.095
s2696,12.999838,77.676346,33,3.147
s2696,12.9998,77.6762,34,3.164
s2696,12.99947,77.675446,35,3.253
s2696,12.997024,77.670395,36,3.865
s2696,12.996983,77.67026,37,3.88
s2696,12.996971,77.67016,38,3.891
s2696,12.996966,77.66973,39,3.937
s2696,12.996916,77.66948,40,3.965
s2696,12.996751,77.66892,41,4.028
s2696,12.996397,77.668175,42,4.118
s2696,12.996069,77.66741,43,4.209
s2696,12.995672,77.66634,44,4.332
s2696,12.995532,77.66588,45,4.385
s2696,12.995419,77.665474,46,4.431
s2696,12.995336,77.665016,47,4.481
s2696,12.995306,77.66444,48,4.544
s2696,12.995336,77.66396,49,4.595
s2696,12.995429,77.663445,50,4.653
s2696,12.995591,77.66274,51,4.731
s2696,12.995618,77.66251,52,4.756
s2696,12.995621,77.66225,53,4.785
s2696,12.995595,77.661896,54,4.823
s2696,12.995551,77.661644,55,4.85
s2696,12.99546,77.661316,56,4.888
s2696,12.995279,77.660904,57,4.936
s2696,12.994344,77.65909,58,5.159
s2696,12.992933,77.656586,59,5.472
s2696,12.992439,77.65583,60,5.571
s2696,12.992163,77.65551,61,5.617
s2696,12.991538,77.654854,62,5.717
s2696,12.991352,77.654564,63,5.754
s2696,12.991191,77.65411,64,5.807
s2696,12.989963,77.64966,65,6.308
s2696,12.989896,77.64946,66,6.331
s2696,12.989821,77.64929,67,6.351
s2696,12.989715,77.64913,68,6.372
s2696,12.989534,77.64893,69,6.401
s2696,12.989204,77.648705,70,6.445
s2696,12.988874,77.648575,71,6.485
s2696,12.98815,77.64836,72,6.569
s2696,12.987753,77.64822,73,6.616
s2696,12.987499,77.648056,74,6.649
s2696,12.987211,77.64783,75,6.689
s2696,12.987047,77.647575,76,6.722
s2696,12.986909,77.647316,77,6.754
s2696,12.986498,77.64624,78,6.88
s2696,12.984511,77.64127,79,7.461
s2696,12.984385,77.64104,80,7.49
s2696,12.984081,77.64073,81,7.538
s2696,12.983859,77.64063,82,7.565
s2696,12.9835,77.64056,83,7.605
s2696,12.982925,77.64057,84,7.669
s2696,12.979497,77.64076,85,8.051
s2696,12.979304,77.640755,86,8.073
s2696,12.979113,77.640724,87,8.094
s2696,12.978854,77.6406,88,8.126
s2696,12.978701,77.64047,89,8.148
s2696,12.978593,77.64035,90,8.166
s2696,12.978473,77.64017,91,8.19
s2696,12.978406,77.63997,92,8.212
s2696,12.978374,77.639694,93,8.242
s2696,12.978353,77.63866,94,8.355
s2696,12.978172,77.63294,95,8.974
s2696,12.978178,77.63265,96,9.006
s2696,12.978499,77.62917,97,9.384
s2696,12.978471,77.628975,98,9.406
s2696,12.978404,77.62879,99,9.427
s2696,12.978159,77.62835,100,9.482
s2696,12.977789,77.62773,101,9.561
s2696,12.977575,77.62746,102,9.599
s2696,12.97735,77.62722,103,9.635
s2696,12.976517,77.62666,104,9.745
s2696,12.975633,77.626015,105,9.866
s2696,12.975452,77.62585,106,9.893
s2696,12.974819,77.62492,107,10.016
s2696,12.973343,77.62248,108,10.327
s2696,12.973135,77.62203,109,10.381
s2696,12.973004,77.6217,110,10.42
s2696,12.972878,77.621315,111,10.464
s2696,12.972763,77.62084,112,10.517
s2696,12.972707,77.620255,113,10.581
s2696,12.972641,77.619125,114,10.703
s2696,12.972671,77.61868,115,10.751
s2696,12.972719,77.618416,116,10.781
s2696,12.974017,77.612755,117,11.411
s2696,12.974245,77.61192,118,11.505
s2696,12.974974,77.60887,119,11.845
s2696,12.975186,77.60825,120,11.916
s2696,12.975255,77.607994,121,11.945
s2696,12.975979,77.605034,122,12.276
s2696,12.976604,77.60237,123,12.572
s2696,12.976691,77.60217,124,12.596
s2696,12.976833,77.60193,125,12.627
s2696,12.976972,77.60177,126,12.65
s2696,12.97724,77.601585,127,12.686
s2696,12.977589,77.60143,128,12.728
s2696,12.978837,77.60098,129,12.875
s2696,12.979119,77.60084,130,12.91
s2696,12.979298,77.60072,131,12.934
s2696,12.979767,77.600365,132,12.999
s2696,12.979878,77.60026,133,13.016
s2696,12.980013,77.6001,134,13.038
s2696,12.980109,77.599945,135,13.059
s2696,12.980614,77.59864,136,13.21
s2696,12.980979,77.59757,137,13.333
s2696,12.981389,77.59633,138,13.475
s2696,12.981488,77.595985,139,13.514
s2696,12.981555,77.59572,140,13.544
s2696,12.981632,77.59518,141,13.604
s2696,12.981624,77.594864,142,13.637
s2696,12.981525,77.594536,143,13.675
s2696,12.981267,77.594086,144,13.731
s2696,12.981018,77.593735,145,13.778
s2696,12.980612,77.593216,146,13.85
s2696,12.978996,77.59183,147,14.084
s2696,12.977665,77.5906,148,14.284
s2696,12.97623,77.58787,149,14.62
s2696,12.975083,77.58516,150,14.94
s2696,12.974987,77.58496,151,14.964
s2696,12.97454,77.584206,152,15.059
s2696,12.973249,77.58196,153,15.342
s2696,12.973056,77.581535,154,15.393
s2696,12.973023,77.58136,155,15.412
s2696,12.973025,77.581154,156,15.435
s2696,12.973104,77.580894,157,15.464
s2696,12.973347,77.58041,158,15.524
s2696,12.974359,77.578125,159,15.795
s2696,12.975175,77.57613,160,16.029
s2696,12.975287,77.57572,161,16.076
s2696,12.975665,77.57413,162,16.254
s2696,12.975891,77.57129,163,16.562
s2696,12.976024,77.56912,164,16.797
s2696,12.976013,77.56672,165,17.058
s2696,12.975903,77.56538,166,17.204
s2696,12.975685,77.56341,167,17.418
s2696,12.975638,77.562675,168,17.498
s2696,12.975647,77.562325,169,17.536
s2696,12.975712,77.56173,170,17.6
s2696,12.975765,77.56063,171,17.72
s2696,12.975809,77.56006,172,17.782
s2696,12.975825,77.55893,173,17.905
s2696,12.975698,77.55687,174,18.128
s2696,12.975602,77.55382,175,18.459
s2696,12.975573,77.55353,176,18.491
s2696,12.975504,77.55315,177,18.533
s2696,12.975434,77.552956,178,18.555
s2696,12.975333,77.55274,179,18.581
s2696,12.975103,77.55238,180,18.627
s2696,12.974957,77.552185,181,18.654
s2696,12.973976,77.55092,182,18.829
s2696,12.973864,77.55072,183,18.854
s2696,12.973817,77.550545,184,18.874
s2696,12.973798,77.550385,185,18.891
s2696,12.973801,77.55022,186,18.91
s2696,12.973875,77.54991,187,18.944
s2696,12.97393,77.54979,188,18.958
s2696,12.974245,77.5493,189,19.022
s2696,12.974459,77.54891,190,19.07
s2696,12.974532,77.54855,191,19.11
s2696,12.974545,77.548386,192,19.128
s2696,12.974539,77.54826,193,19.142
s2696,12.974507,77.54807,194,19.162
s2696,12.974361,77.547554,195,19.221
s2696,12.974251,77.5471,196,19.272
s2696,12.97422,77.546814,197,19.302
s2696,12.97422,77.544556,198,19.548
s2696,12.974102,77.54338,199,19.675
s2696,12.973788,77.54182,200,19.849
s2696,12.973282,77.53939,201,20.117
s2696,12.973139,77.53888,202,20.175
s2696,12.972969,77.538574,203,20.213
s2696,12.97279,77.538345,204,20.245
s2696,12.972621,77.53817,205,20.271
s2696,12.972391,77.53799,206,20.304
s2696,12.972204,77.53787,207,20.328
s2696,12.972018,77.53778,208,20.351
s2696,12.970954,77.537384,209,20.477
s2696,12.968877,77.536674,210,20.72
s2696,12.967598,77.53618,211,20.872
s2696,12.96702,77.53591,212,20.943
s2696,12.965862,77.53533,213,21.086
s2696,12.961875,77.533554,214,21.57
s2696,12.960823,77.53315,215,21.694
s2696,12.960592,77.53309,216,21.721
s2696,12.960364,77.53305,217,21.747
s2696,12.960154,77.53304,218,21.77
s2696,12.959939,77.53308,219,21.794
s2696,12.959189,77.533356,220,21.883
s2696,12.958318,77.53373,221,21.988
s2696,12.957568,77.53409,222,22.08
s2696,12.957002,77.5343,223,22.147
s2696,12.956712,77.53438,224,22.18
s2696,12.955708,77.53462,225,22.295
s2696,12.955391,77.53471,226,22.331
s2696,12.955176,77.534805,227,22.358
s2696,12.954985,77.534935,228,22.383
s2696,12.953519,77.53638,229,22.609
s2696,12.953236,77.536606,230,22.649
s2696,12.953135,77.53666,231,22.661
s2696,12.952033,77.536995,232,22.789
s2696,12.951175,77.53731,233,22.89
s2696,12.951037,77.53734,234,22.906
s2696,12.950638,77.53734,235,22.95
s2696,12.950306,77.537254,236,22.988
s2696,12.95002,77.5371,237,23.024
s2696,12.949802,77.53693,238,23.055
s2696,12.949221,77.53633,239,23.147
s2696,12.94897,77.53601,240,23.191
s2696,12.948237,77.534805,241,23.345
s2696,12.948155,77.534615,242,23.368
s2696,12.948045,77.53427,243,23.407
s2696,12.947608,77.53265,244,23.589
s2696,12.94706,77.53088,245,23.79
s2696,12.94633,77.52924,246,23.985
s2696,12.946013,77.52873,247,24.051
s2696,12.945714,77.52831,248,24.107
s2696,12.945214,77.527725,249,24.191
s2696,12.944809,77.52729,250,24.257
s2696,12.944048,77.52666,251,24.366
s2696,12.943438,77.52631,252,24.443
s2696,12.942611,77.5257,253,24.556
s2696,12.941683,77.5251,254,24.678
s2696,12.941206,77.524826,255,24.74
s2696,12.940956,77.524666,256,24.772
s2696,12.940113,77.52406,257,24.887
s2696,12.939455,77.52346,258,24.985
s2696,12.938983,77.52295,259,25.061
s2696,12.938187,77.521736,260,25.22
s2696,12.937917,77.52143,261,25.264
s2696,12.937577,77.52114,262,25.313
s2696,12.937242,77.52088,263,25.36
s2696,12.936994,77.52056,264,25.404
s2696,12.936674,77.51966,265,25.508
s2696,12.936424,77.51902,266,25.583
s2696,12.936339,77.51869,267,25.619
s2696,12.936313,77.518364,268,25.655
s2696,12.936335,77.51785,269,25.711
s2696,12.936325,77.51701,270,25.802
s2696,12.936279,77.51654,271,25.853
s2696,12.936137,77.51552,272,25.965
s2696,12.936101,77.5151,273,26.011
s2696,12.936058,77.51424,274,26.104
s2696,12.935983,77.51383,275,26.149
s2696,12.935383,77.51222,276,26.336
s2696,12.935175,77.51154,277,26.413
s2696,12.934965,77.51104,278,26.472
s2696,12.934739,77.510735,279,26.514
s2696,12.934499,77.510506,280,26.55
s2696,12.932606,77.50842,281,26.859
s2696,12.931485,77.50681,282,27.073
s2696,12.931273,77.50654,283,27.111
s2696,12.931125,77.50639,284,27.134
s2696,12.930321,77.50597,285,27.235
s2696,12.930001,77.50575,286,27.277
s2696,12.929764,77.505516,287,27.314
s2696,12.929616,77.50528,288,27.345
s2696,12.929504,77.50505,289,27.372
s2696,12.92916,77.504005,290,27.492
s2696,12.929096,77.50389,291,27.506
s2696,12.928678,77.5034,292,27.576
s2696,12.928207,77.50298,293,27.646
s2696,12.927765,77.5025,294,27.717
s2696,12.926077,77.50026,295,28.025
s2696,12.925092,77.499176,296,28.185
s2696,12.923495,77.49756,297,28.435
s2696,12.923291,77.49727,298,28.474
s2696,12.923085,77.49682,299,28.527
s2696,12.922775,77.49606,300,28.616
s2696,12.92193,77.494415,301,28.818
s2696,12.921592,77.49389,302,28.886
s2696,12.921392,77.49366,303,28.92
s2696,12.920944,77.49336,304,28.979
s2696,12.920248,77.49281,305,29.077
s2696,12.919996,77.492546,306,29.117
s2696,12.919592,77.49202,307,29.189
s2696,12.91902,77.49148,308,29.276
s2696,12.918613,77.49122,309,29.329
s2696,12.917677,77.490746,310,29.445
s2696,12.916946,77.49042,311,29.534
s2696,12.916583,77.490105,312,29.587
s2696,12.916243,77.48968,313,29.647
s2696,12.915425,77.48879,314,29.779
s2696,12.915052,77.48828,315,29.848
s2696,12.914258,77.48727,316,29.989
s2696,12.913266,77.48591,317,30.173
s2696,12.912962,77.48551,318,30.228
s2696,12.912798,77.48534,319,30.254
s2696,12.912612,77.48521,320,30.279
s2696,12.912245,77.48503,321,30.324
s2696,12.911074,77.48468,322,30.46
s2696,12.910901,77.48459,323,30.481
s2696,12.910673,77.4844,324,30.514
s2696,12.910609,77.48432,325,30.525
s2696,12.910453,77.48407,326,30.558
s2696,12.910382,77.48387,327,30.581
s2696,12.910359,77.483765,328,30.592
s2696,12.910341,77.48355,329,30.615
s2696,12.91036,77.48334,330,30.638
s2696,12.910381,77.482666,331,30.712
s2696,12.910372,77.482506,332,30.729
s2696,12.910334,77.48219,333,30.763
s2696,12.91022,77.481735,334,30.814
s2696,12.910108,77.481445,335,30.848
s2696,12.909966,77.481155,336,30.883
s2696,12.909798,77.48089,337,30.918
s2696,12.909605,77.48064,338,30.952
s2696,12.909448,77.4804,339,30.984
s2696,12.909323,77.48021,340,31.009
s2696,12.909272,77.48009,341,31.023
s2696,12.908851,77.47898,342,31.151
s2696,12.908788,77.47879,343,31.173
s2696,12.908611,77.47788,344,31.274
s2696,12.908519,77.47759,345,31.307
s2696,12.908407,77.47732,346,31.339
s2696,12.907928,77.47658,347,31.436
s2696,12.907602,77.47596,348,31.512
s2696,12.907502,77.47581,349,31.532
s2696,12.907291,77.47534,350,31.587
s2696,12.906988,77.47394,351,31.743
s2696,12.906876,77.47368,352,31.774
s2696,12.906751,77.47344,353,31.803
s2696,12.906619,77.47323,354,31.83
s2696,12.905639,77.47197,355,32.005
s2696,12.905096,77.471214,356,32.107
s2696,12.904882,77.470955,357,32.143
s2696,12.904659,77.470764,358,32.176
s2696,12.902693,77.46956,359,32.431
s2696,12.902212,77.46911,360,32.503
s2696,12.902021,77.46885,361,32.538
s2696,12.900649,77.46631,362,32.853
s2696,12.900177,77.46552,363,32.953
s2696,12.899617,77.46471,364,33.061
s2696,12.897717,77.46171,365,33.449
s2696,12.897373,77.46127,366,33.509
s2827,12.9876375,77.73777,0,0
s2827,12.987635,77.735855,1,0.208
s2827,12.987684,77.7353,2,0.269
s2827,12.987927,77.733635,3,0.45
s2827,12.987936,77.73346,4,0.47
s2827,12.987909,77.73322,5,0.496
s2827,12.987816,77.73296,6,0.526
s2827,12.987756,77.73286,7,0.539
s2827,12.987699,77.732765,8,0.55
s2827,12.987521,77.73255,9,0.581
s2827,12.986838,77.73204,10,0.675
s2827,12.98657,77.731766,11,0.718
s2827,12.985758,77.73041,12,0.89
s2827,12.985611,77.73021,13,0.917
s2827,12.985392,77.72996,14,0.953
s2827,12.984874,77.729485,15,1.03
s2827,12.984309,77.72901,16,1.112
s2827,12.983593,77.72845,17,1.212
s2827,12.983341,77.72827,18,1.246
s2827,12.982947,77.72806,19,1.295
s2827,12.982454,77.72785,20,1.355
s2827,12.98202,77.72773,21,1.405
s2827,12.981715,77.72766,22,1.439
s2827,12.981543,77.72762,23,1.459
s2827,12.980632,77.727425,24,1.563
s2827,12.980031,77.72732,25,1.63
s2827,12.979692,77.72729,26,1.668
s2827,12.979342,77.72729,27,1.707
s2827,12.978588,77.727325,28,1.791
s2827,12.977486,77.727295,29,1.914
s2827,12.977353,77.72727,30,1.929
s2827,12.977138,77.7272,31,1.954
s2827,12.976953,77.72709,32,1.978
s2827,12.97687,77.72702,33,1.99
s2827,12.976698,77.72683,34,2.018
s2827,12.97662,77.72669,35,2.035
s2827,12.976567,77.726555,36,2.052
s2827,12.976515,77.72635,37,2.074
s2827,12.976507,77.72625,38,2.085
s2827,12.976505,77.72611,39,2.1
s2827,12.97655,77.72561,40,2.155
s2827,12.976738,77.723595,41,2.374
s2827,12.976798,77.723175,42,2.42
s2827,12.976888,77.72268,43,2.475
s2827,12.977191,77.71985,44,2.784
s2827,12.97737,77.71752,45,3.036
s2827,12.977483,77.71635,46,3.164
s2827,12.977764,77.714516,47,3.365
s2827,12.978058,77.712036,48,3.635
s2827,12.97817,77.7112,49,3.727
s2827,12.978249,77.71075,50,3.777
s2827,12.978252,77.71045,51,3.809
s2827,12.978272,77.7103,52,3.826
s2827,12.978393,77.70993,53,3.867
s2827,12.978563,77.70964,54,3.904
s2827,12.97876,77.70948,55,3.932
s2827,12.97894,77.70938,56,3.955
s2827,12.979208,77.709274,57,3.987
s2827,12.980032,77.70904,58,4.082
s2827,12.982074,77.708466,59,4.317
s2827,12.982639,77.70835,60,4.382
s2827,12.98293,77.70832,61,4.414
s2827,12.984305,77.70826,62,4.567
s2827,12.98522,77.708305,63,4.669
s2827,12.985809,77.70844,64,4.736
s2827,12.986512,77.70871,65,4.819
s2827,12.987096,77.70902,66,4.893
s2827,12.987478,77.7093,67,4.945
s2827,12.987747,77.70957,68,4.987
s2827,12.98787,77.709724,69,5.009
s2827,12.988259,77.71044,70,5.097
s2827,12.989022,77.711754,71,5.262
s2827,12.989807,77.713066,72,5.429
s2827,12.990002,77.71338,73,5.47
s2827,12.990175,77.71364,74,5.504
s2827,12.990286,77.71377,75,5.523
s2827,12.990448,77.71388,76,5.545
s2827,12.990584,77.71395,77,5.561
s2827,12.990839,77.713974,78,5.59
s2827,12.991385,77.713936,79,5.651
s2827,12.991775,77.713715,80,5.7
s2827,12.991891,77.71359,81,5.719
s2827,12.992009,77.71341,82,5.743
s2827,12.992277,77.71281,83,5.814
s2827,12.99265,77.7116,84,5.951
s2827,12.992834,77.71081,85,6.04
s2827,12.992854,77.71058,86,6.064
s2827,12.992867,77.70942,87,6.19
s2827,12.992944,77.70753,88,6.396
s2827,12.993026,77.70561,89,6.603
s2827,12.993062,77.70522,90,6.645
s2827,12.993147,77.7048,91,6.692
s2827,12.993475,77.70364,92,6.823
s2827,12.993869,77.70212,93,6.994
s2827,12.994032,77.70161,94,7.052
s2827,12.994401,77.70002,95,7.228
s2827,12.994669,77.69919,96,7.324
s2827,12.99508,77.69809,97,7.451
s2827,12.995125,77.69793,98,7.469
s2827,12.995272,77.697,99,7.572
s2827,12.995455,77.695564,100,7.728
s2827,12.995542,77.69525,101,7.764
s2827,12.99621,77.69373,102,7.944
s2827,12.996994,77.6915,103,8.201
s2827,12.997497,77.6904,104,8.333
s2827,12.998254,77.688896,105,8.516
s2827,12.998476,77.68866,106,8.552
s2827,12.998964,77.688194,107,8.626
s2827,12.999269,77.68792,108,8.671
s2827,12.99948,77.68769,109,8.705
s2827,12.999791,77.68727,110,8.762
s2827,13.000118,77.686745,111,8.83
s2827,13.000179,77.68657,112,8.85
s2827,13.000259,77.68621,113,8.89
s2827,13.000379,77.684555,114,9.07
s2827,13.000403,77.68382,115,9.149
s2827,13.000399,77.68295,116,9.244
s2827,13.000431,77.68197,117,9.35
s2827,13.000425,77.68178,118,9.371
s2827,13.00039,77.6816,119,9.39
s2827,13.000299,77.681366,120,9.418
s2827,13.000157,77.680855,121,9.476
s2827,13.000113,77.68064,122,9.499
s2827,13.000019,77.67989,123,9.581
s2827,12.999949,77.67845,124,9.737
s2827,12.999901,77.67683,125,9.913
s2827,12.999866,77.67651,126,9.947
s2827,12.9998,77.6762,127,9.982
s2827,12.99947,77.675446,128,10.072
s2827,12.999226,77.674934,129,10.134
s2827,12.997024,77.670395,130,10.683
s2827,12.996983,77.67026,131,10.698
s2827,12.996971,77.67016,132,10.709
s2827,12.996966,77.66973,133,10.756
s2827,12.996916,77.66948,134,10.783
s2827,12.996751,77.66892,135,10.846
s2827,12.996397,77.668175,136,10.937
s2827,12.996069,77.66741,137,11.027
s2827,12.995672,77.66634,138,11.151
s2827,12.995419,77.665474,139,11.249
s2827,12.995336,77.665016,140,11.299
s2827,12.99531,77.664635,141,11.341
s2827,12.99531,77.66424,142,11.384
s2827,12.995336,77.66396,143,11.414
s2827,12.995429,77.663445,144,11.472
s2827,12.995591,77.66274,145,11.549
s2827,12.995623,77.66238,146,11.589
s2827,12.995611,77.662056,147,11.624
s2827,12.995551,77.661644,148,11.669
s2827,12.99546,77.661316,149,11.706
s2827,12.995383,77.661125,150,11.728
s2827,12.99499,77.66033,151,11.825
s2827,12.994344,77.65909,152,11.978
s2827,12.992933,77.656586,153,12.291
s2827,12.992439,77.65583,154,12.389
s2827,12.992163,77.65551,155,12.436
s2827,12.991538,77.654854,156,12.535
s2827,12.991352,77.654564,157,12.573
s2827,12.991191,77.65411,158,12.625
s2827,12.989963,77.64966,159,13.126
s2827,12.989863,77.649376,160,13.159
s2827,12.989767,77.64921,161,13.181
s2827,12.989534,77.64893,162,13.22
s2827,12.989204,77.648705,163,13.264
s2827,12.988874,77.648575,164,13.303
s2827,12.988012,77.648315,165,13.403
s2827,12.987753,77.64822,166,13.434
s2827,12.987692,77.64818,167,13.442
s2827,12.987499,77.648056,168,13.467
s2827,12.987211,77.64783,169,13.508
s2827,12.987047,77.647575,170,13.54
s2827,12.986909,77.647316,171,13.572
s2827,12.986498,77.64624,172,13.698
s2827,12.984511,77.64127,173,14.28
s2827,12.984385,77.64104,174,14.309
s2827,12.984081,77.64073,175,14.356
s2827,12.983859,77.64063,176,14.383
s2827,12.9835,77.64056,177,14.424
s2827,12.982925,77.64057,178,14.488
s2827,12.979497,77.64076,179,14.87
s2827,12.979113,77.640724,180,14.913
s2827,12.978854,77.6406,181,14.944
s2827,12.978701,77.64047,182,14.966
s2827,12.978593,77.64035,183,14.984
s2827,12.978473,77.64017,184,15.008
s2827,12.978406,77.63997,185,15.031
s2827,12.978374,77.639694,186,15.061
s2827,12.978353,77.63866,187,15.173
s2827,12.978172,77.63294,188,15.793
s2827,12.978178,77.63265,189,15.824
s2827,12.978499,77.62917,190,16.203
s2827,12.978471,77.628975,191,16.225
s2827,12.978404,77.62879,192,16.246
s2827,12.978159,77.62835,193,16.301
s2827,12.977789,77.62773,194,16.379
s2827,12.977575,77.62746,195,16.418
s2827,12.97735,77.62722,196,16.453
s2827,12.976517,77.62666,197,16.564
s2827,12.975633,77.626015,198,16.685
s2827,12.975452,77.62585,199,16.712
s2827,12.974819,77.62492,200,16.834
s2827,12.973343,77.62248,201,17.146
s2827,12.973135,77.62203,202,17.199
s2827,12.973004,77.6217,203,17.239
s2827,12.972878,77.621315,204,17.283
s2827,12.972763,77.62084,205,17.335
s2827,12.972707,77.620255,206,17.4
s2827,12.972641,77.619125,207,17.522
s2827,12.972671,77.61868,208,17.57
s2827,12.972719,77.618416,209,17.599
s2827,12.974017,77.612755,210,18.23
s2827,12.974245,77.61192,211,18.323
s2827,12.974974,77.60887,212,18.664
s2827,12.975186,77.60825,213,18.734
s2827,12.975255,77.607994,214,18.764
s2827,12.975979,77.605034,215,19.095
s2827,12.976604,77.60237,216,19.391
s2827,12.976691,77.60217,217,19.414
s2827,12.976833,77.60193,218,19.445
s2827,12.976972,77.60177,219,19.469
s2827,12.97724,77.601585,220,19.505
s2827,12.977589,77.60143,221,19.547
s2827,12.978837,77.60098,222,19.694
s2827,12.979119,77.60084,223,19.729
s2827,12.979298,77.60072,224,19.752
s2827,12.979767,77.600365,225,19.818
s2827,12.979878,77.60026,226,19.834
s2827,12.980013,77.6001,227,19.857
s2827,12.980109,77.599945,228,19.877
s2827,12.980614,77.59864,229,20.029
s2827,12.980979,77.59757,230,20.151
s2827,12.981389,77.59633,231,20.294
s2827,12.981488,77.595985,232,20.332
s2827,12.981555,77.59572,233,20.363
s2827,12.981632,77.59518,234,20.422
s2827,12.981624,77.594864,235,20.456
s2827,12.981525,77.594536,236,20.493
s2827,12.981267,77.594086,237,20.55
s2827,12.981018,77.593735,238,20.597
s2827,12.980612,77.593216,239,20.669
s2827,12.978996,77.59183,240,20.903
s2827,12.977665,77.5906,241,21.102
s2827,12.97623,77.58787,242,21.438
s2827,12.975083,77.58516,243,21.758
s2827,12.974987,77.58496,244,21.782
s2827,12.97454,77.584206,245,21.878
s2827,12.973249,77.58196,246,22.161
s2827,12.973056,77.581535,247,22.211
s2827,12.973023,77.58136,248,22.231
s2827,12.973025,77.581154,249,22.253
s2827,12.973104,77.580894,250,22.283
s2827,12.973347,77.58041,251,22.342
s2827,12.974359,77.578125,252,22.614
s2827,12.975175,77.57613,253,22.848
s2827,12.975287,77.57572,254,22.894
s2827,12.975665,77.57413,255,23.072
s2827,12.975891,77.57129,256,23.381
s2827,12.976024,77.56912,257,23.616
s2827,12.976013,77.56672,258,23.877
s2827,12.975903,77.56538,259,24.023
s2827,12.975685,77.56341,260,24.237
s2827,12.975638,77.562675,261,24.317
s2827,12.975647,77.562325,262,24.355
s2827,12.975712,77.56173,263,24.419
s2827,12.975765,77.56063,264,24.539
s2827,12.975809,77.56006,265,24.601
s2827,12.975825,77.55893,266,24.723
s2827,12.975698,77.55687,267,24.947
s2827,12.975602,77.55382,268,25.278
s2827,12.975573,77.55353,269,25.309
s2827,12.975504,77.55315,270,25.352
s2827,12.975434,77.552956,271,25.373
s2827,12.975333,77.55274,272,25.399
s2827,12.975103,77.55238,273,25.445
s2827,12.974957,77.552185,274,25.473
s2827,12.973976,77.55092,275,25.648
s2827,12.973864,77.55072,276,25.673
s2827,12.973817,77.550545,277,25.693
s2827,12.973798,77.550385,278,25.71
s2827,12.973801,77.55022,279,25.728
s2827,12.973834,77.55006,280,25.746
s2827,12.973875,77.54991,281,25.762
s2827,12.97393,77.54979,282,25.777
s2827,12.974245,77.5493,283,25.84
s2827,12.974459,77.54891,284,25.889
s2827,12.974532,77.54855,285,25.929
s2827,12.974545,77.548386,286,25.946
s2827,12.974507,77.54807,287,25.981
s2827,12.974361,77.547554,288,26.04
s2827,12.974251,77.5471,289,26.09
s2827,12.97422,77.546814,290,26.121
s2827,12.97422,77.544556,291,26.366
s2827,12.974102,77.54338,292,26.494
s2827,12.973788,77.54182,293,26.667
s2827,12.973282,77.53939,294,26.935
s2827,12.973139,77.53888,295,26.993
s2827,12.972969,77.538574,296,27.032
s2827,12.97279,77.538345,297,27.063
s2827,12.972621,77.53817,298,27.09
s2827,12.972391,77.53799,299,27.122
s2827,12.972204,77.53787,300,27.147
s2827,12.971789,77.53769,301,27.197
s2827,12.970954,77.537384,302,27.295
s2827,12.968877,77.536674,303,27.539
s2827,12.967598,77.53618,304,27.691
s2827,12.96702,77.53591,305,27.761
s2827,12.965862,77.53533,306,27.905
s2827,12.961875,77.533554,307,28.388
s2827,12.960823,77.53315,308,28.513
s2827,12.960592,77.53309,309,28.539
s2827,12.960364,77.53305,310,28.565
s2827,12.960154,77.53304,311,28.588
s2827,12.959939,77.53308,312,28.613
s2827,12.959189,77.533356,313,28.701
s2827,12.958318,77.53373,314,28.806
s2827,12.957568,77.53409,315,28.898
s2827,12.957002,77.5343,316,28.965
s2827,12.956712,77.53438,317,28.999
s2827,12.955708,77.53462,318,29.113
s2827,12.955391,77.53471,319,29.15
s2827,12.955176,77.534805,320,29.176
s2827,12.954985,77.534935,321,29.201
s2827,12.953519,77.53638,322,29.427
s2827,12.953236,77.536606,323,29.467
s2827,12.953135,77.53666,324,29.48
s2827,12.952033,77.536995,325,29.608
s2827,12.951175,77.53731,326,29.709
s2827,12.951037,77.53734,327,29.725
s2827,12.950638,77.53734,328,29.769
s2827,12.950306,77.537254,329,29.807
s2827,12.95002,77.5371,330,29.843
s2827,12.949802,77.53693,331,29.874
s2827,12.949221,77.53633,332,29.965
s2827,12.94897,77.53601,333,30.009
s2827,12.948237,77.534805,334,30.164
s2827,12.948155,77.534615,335,30.186
s2827,12.948045,77.53427,336,30.225
s2827,12.947608,77.53265,337,30.407
s2827,12.94706,77.53088,338,30.608
s2827,12.946738,77.53015,339,30.696
s2858,12.975767,77.57288,0,0
s2858,12.975665,77.57413,1,0.135
s2858,12.975287,77.57572,2,0.314
s2858,12.975175,77.57613,3,0.36
s2858,12.974359,77.578125,4,0.594
s2858,12.973347,77.58041,5,0.865
s2858,12.973104,77.580894,6,0.925
s2858,12.973025,77.581154,7,0.954
s2858,12.973023,77.58136,8,0.977
s2858,12.973056,77.581535,9,0.996
s2858,12.973249,77.58196,10,1.047
s2858,12.97454,77.584206,11,1.33
s2858,12.974987,77.58496,12,1.425
s2858,12.975083,77.58516,13,1.449
s2858,12.97623,77.58787,14,1.769
s2858,12.977665,77.5906,15,2.105
s2858,12.978996,77.59183,16,2.305
s2858,12.980612,77.593216,17,2.539
s2858,12.981018,77.593735,18,2.611
s2858,12.981267,77.594086,19,2.658
s2858,12.981525,77.594536,20,2.714
s2858,12.981624,77.594864,21,2.752
s2858,12.981632,77.59518,22,2.785
s2858,12.981555,77.59572,23,2.845
s2858,12.981488,77.595985,24,2.875
s2858,12.981389,77.59633,25,2.914
s2858,12.980979,77.59757,26,3.056
s2858,12.980614,77.59864,27,3.179
s2858,12.980109,77.599945,28,3.331
s2858,12.980013,77.6001,29,3.351
s2858,12.979878,77.60026,30,3.373
s2858,12.979767,77.600365,31,3.39
s2858,12.979298,77.60072,32,3.455
s2858,12.979119,77.60084,33,3.479
s2858,12.978837,77.60098,34,3.514
s2858,12.977589,77.60143,35,3.661
s2858,12.97724,77.601585,36,3.703
s2858,12.976972,77.60177,37,3.739
s2858,12.976833,77.60193,38,3.762
s2858,12.976691,77.60217,39,3.793
s2858,12.976604,77.60237,40,3.817
s2858,12.975979,77.605034,41,4.113
s2858,12.975255,77.607994,42,4.444
s2858,12.975186,77.60825,43,4.473
s2858,12.974974,77.60887,44,4.544
s2858,12.974245,77.61192,45,4.884
s2858,12.974017,77.612755,46,4.978
s2858,12.972719,77.618416,47,5.608
s2858,12.972671,77.61868,48,5.638
s2858,12.972641,77.619125,49,5.686
s2858,12.972707,77.620255,50,5.808
s2858,12.972763,77.62084,51,5.872
s2858,12.972878,77.621315,52,5.925
s2858,12.973004,77.6217,53,5.969
s2858,12.973135,77.62203,54,6.008
s2858,12.973343,77.62248,55,6.062
s2858,12.974819,77.62492,56,6.373
s2858,12.975452,77.62585,57,6.496
s2858,12.975633,77.626015,58,6.523
s2858,12.976108,77.62637,59,6.588
s2858,12.976517,77.62666,60,6.644
s2858,12.97735,77.62722,61,6.754
s2858,12.977575,77.62746,62,6.79
s2858,12.977789,77.62773,63,6.828
s2858,12.978159,77.62835,64,6.907
s2858,12.978404,77.62879,65,6.962
s2858,12.978471,77.628975,66,6.983
s2858,12.978499,77.62917,67,7.005
s2858,12.978178,77.63265,68,7.383
s2858,12.978172,77.63294,69,7.415
s2858,12.978353,77.63866,70,8.034
s2858,12.978374,77.639694,71,8.147
s2858,12.978406,77.63997,72,8.177
s2858,12.978473,77.64017,73,8.199
s2858,12.978593,77.64035,74,8.223
s2858,12.978701,77.64047,75,8.241
s2858,12.978854,77.6406,76,8.263
s2858,12.979113,77.640724,77,8.295
s2858,12.979497,77.64076,78,8.338
s2858,12.982925,77.64057,79,8.72
s2858,12.9835,77.64056,80,8.784
s2858,12.983859,77.64063,81,8.824
s2858,12.984081,77.64073,82,8.851
s2858,12.984385,77.64104,83,8.899
s2858,12.984511,77.64127,84,8.928
s2858,12.986498,77.64624,85,9.509
s2858,12.986909,77.647316,86,9.635
s2858,12.987047,77.647575,87,9.667
s2858,12.987211,77.64783,88,9.7
s2858,12.987499,77.648056,89,9.74
s2858,12.987692,77.64818,90,9.766
s2858,12.987753,77.64822,91,9.773
s2858,12.988012,77.648315,92,9.804
s2858,12.988874,77.648575,93,9.904
s2858,12.989204,77.648705,94,9.944
s2858,12.989534,77.64893,95,9.988
s2858,12.989767,77.64921,96,10.027
s2858,12.989863,77.649376,97,10.048
s2858,12.989963,77.64966,98,10.081
s2858,12.991191,77.65411,99,10.582
s2858,12.991352,77.654564,100,10.635
s2858,12.991538,77.654854,101,10.673
s2858,12.992163,77.65551,102,10.772
s2858,12.992439,77.65583,103,10.818
s2858,12.992933,77.656586,104,10.917
s2858,12.994344,77.65909,105,11.23
s2858,12.99499,77.66033,106,11.383
s2858,12.995383,77.661125,107,11.479
s2858,12.99546,77.661316,108,11.502
s2858,12.995551,77.661644,109,11.539
s2858,12.995611,77.662056,110,11.583
s2858,12.995623,77.66238,111,11.618
s2858,12.995591,77.66274,112,11.658
s2858,12.995429,77.663445,113,11.736
s2858,12.995336,77.66396,114,11.794
s2858,12.99531,77.66424,115,11.823
s2858,12.99531,77.664635,116,11.867
s2858,12.995336,77.665016,117,11.908
s2858,12.995419,77.665474,118,11.958
s2858,12.995672,77.66634,119,12.057
s2858,12.996069,77.66741,120,12.181
s2858,12.996397,77.668175,121,12.271
s2858,12.996751,77.66892,122,12.361
s2858,12.996916,77.66948,123,12.424
s2858,12.996966,77.66973,124,12.452
s2858,12.996971,77.67016,125,12.498
s2858,12.996983,77.67026,126,12.509
s2858,12.997024,77.670395,127,12.524
s2858,12.999226,77.674934,128,13.074
s2858,12.99947,77.675446,129,13.136
s2858,12.9998,77.6762,130,13.225
s2858,12.999866,77.67651,131,13.26
s2858,12.999901,77.67683,132,13.294
s2858,12.999949,77.67845,133,13.471
s2858,13.000019,77.67989,134,13.627
s2858,13.000113,77.68064,135,13.708
s2858,13.000157,77.680855,136,13.732
s2858,13.000299,77.681366,137,13.79
s2858,13.00039,77.6816,138,13.817
s2858,13.000425,77.68178,139,13.836
s2858,13.000431,77.68197,140,13.857
s2858,13.000399,77.68295,141,13.964
s2858,13.000403,77.68382,142,14.058
s2858,13.000379,77.684555,143,14.138
s2858,13.000259,77.68621,144,14.318
s2858,13.000179,77.68657,145,14.358
s2858,13.000118,77.686745,146,14.377
s2858,12.999791,77.68727,147,14.445
s2858,12.99948,77.68769,148,14.502
s2858,12.999269,77.68792,149,14.537
s2858,12.998964,77.688194,150,14.582
s2858,12.998476,77.68866,151,14.656
s2858,12.998254,77.688896,152,14.691
s2858,12.997497,77.6904,153,14.875
s2858,12.996994,77.6915,154,15.006
s2858,12.99621,77.69373,155,15.263
s2858,12.995542,77.69525,156,15.444
s2858,12.995455,77.695564,157,15.479
s2858,12.995272,77.697,158,15.636
s2858,12.995125,77.69793,159,15.738
s2858,12.99508,77.69809,160,15.757
s2858,12.994669,77.69919,161,15.884
s2858,12.994401,77.70002,162,15.979
s2858,12.994032,77.70161,163,16.155
s2858,12.993869,77.70212,164,16.214
s2858,12.993475,77.70364,165,16.385
s2858,12.993147,77.7048,166,16.515
s2858,12.993062,77.70522,167,16.562
s2858,12.993026,77.70561,168,16.604
s2858,12.992944,77.70753,169,16.812
s2858,12.992867,77.70942,170,17.018
s2858,12.992854,77.71058,171,17.143
s2858,12.992834,77.71081,172,17.168
s2858,12.99265,77.7116,173,17.256
s2858,12.992277,77.71281,174,17.393
s2858,12.992009,77.71341,175,17.465
s2858,12.991891,77.71359,176,17.489
s2858,12.991775,77.713715,177,17.507
s2858,12.991385,77.713936,178,17.557
s2858,12.990839,77.713974,179,17.618
s2858,12.990584,77.71395,180,17.646
s2858,12.990448,77.71388,181,17.663
s2858,12.990286,77.71377,182,17.685
s2858,12.990175,77.71364,183,17.704
s2858,12.990002,77.71338,184,17.738
s2858,12.989807,77.713066,185,17.778
s2858,12.989022,77.711754,186,17.945
s2858,12.988259,77.71044,187,18.11
s2858,12.98787,77.709724,188,18.199
s2858,12.987747,77.70957,189,18.221
s2858,12.987478,77.7093,190,18.263
s2858,12.987096,77.70902,191,18.315
s2858,12.986512,77.70871,192,18.388
s2858,12.985809,77.70844,193,18.472
s2858,12.98522,77.708305,194,18.539
s2858,12.984305,77.70826,195,18.641
s2858,12.98293,77.70832,196,18.794
s2858,12.982639,77.70835,197,18.826
s2858,12.982074,77.708466,198,18.89
s2858,12.980032,77.70904,199,19.125
s2858,12.979208,77.709274,200,19.221
s2858,12.97894,77.70938,201,19.253
s2858,12.97876,77.70948,202,19.275
s2858,12.978563,77.70964,203,19.303
s2858,12.978393,77.70993,204,19.34
s2858,12.978272,77.7103,205,19.382
s2858,12.978252,77.71045,206,19.399
s2858,12.978249,77.71075,207,19.43
s2858,12.97817,77.7112,208,19.48
s2858,12.978058,77.712036,209,19.572
s2858,12.977764,77.714516,210,19.843
s2858,12.977483,77.71635,211,20.043
s2858,12.97737,77.71752,212,20.171
s2858,12.977191,77.71985,213,20.424
s2858,12.976888,77.72268,214,20.733
s2858,12.976798,77.723175,215,20.788
s2858,12.976738,77.723595,216,20.833
s2858,12.97655,77.72561,217,21.053
s2858,12.976505,77.72611,218,21.107
s2858,12.976507,77.72625,219,21.122
s2858,12.976515,77.72635,220,21.133
s2858,12.976567,77.726555,221,21.156
s2858,12.97662,77.72669,222,21.173
s2858,12.976698,77.72683,223,21.19
s2858,12.97687,77.72702,224,21.218
s2858,12.976953,77.72709,225,21.23
s2858,12.977138,77.7272,226,21.254
s2858,12.977353,77.72727,227,21.279
s2858,12.977486,77.727295,228,21.294
s2858,12.978588,77.727325,229,21.416
s2858,12.979342,77.72729,230,21.5
s2858,12.979692,77.72729,231,21.539
s2858,12.980031,77.72732,232,21.577
s2858,12.980632,77.727425,233,21.645
s2858,12.981543,77.72762,234,21.748
s2858,12.981715,77.72766,235,21.768
s2858,12.98202,77.72773,236,21.803
s2858,12.982454,77.72785,237,21.853
s2858,12.982947,77.72806,238,21.912
s2858,12.983341,77.72827,239,21.962
s2858,12.983593,77.72845,240,21.995
s2858,12.984309,77.72901,241,22.096
s2858,12.984874,77.729485,242,22.177
s2858,12.985392,77.72996,243,22.254
s2858,12.985611,77.73021,244,22.29
s2858,12.985758,77.73041,245,22.318
s2858,12.98657,77.731766,246,22.49
s2858,12.986838,77.73204,247,22.533
s2858,12.987521,77.73255,248,22.627
s2858,12.987699,77.732765,249,22.657
s2858,12.987756,77.73286,250,22.668
s2858,12.987816,77.73296,251,22.682
s2858,12.987909,77.73322,252,22.712
s2858,12.987936,77.73346,253,22.738
s2858,12.987927,77.733635,254,22.757
s2858,12.987684,77.7353,255,22.939
s2858,12.987635,77.735855,256,23
s2858,12.9876375,77.73777,257,23.208
s2876,12.975767,77.57288,0,0
s2876,12.975665,77.57413,1,0.135
s2876,12.975287,77.57572,2,0.314
s2876,12.975175,77.57613,3,0.36
s2876,12.974359,77.578125,4,0.594
s2876,12.973347,77.58041,5,0.865
s2876,12.973104,77.580894,6,0.925
s2876,12.973025,77.581154,7,0.954
s2876,12.973023,77.58136,8,0.977
s2876,12.973056,77.581535,9,0.996
s2876,12.973249,77.58196,10,1.047
s2876,12.97454,77.584206,11,1.33
s2876,12.974987,77.58496,12,1.425
s2876,12.975083,77.58516,13,1.449
s2876,12.97623,77.58787,14,1.769
s2876,12.977665,77.5906,15,2.105
s2876,12.978996,77.59183,16,2.305
s2876,12.980612,77.593216,17,2.539
s2876,12.981018,77.593735,18,2.611
s2876,12.981267,77.594086,19,2.658
s2876,12.981525,77.594536,20,2.714
s2876,12.981624,77.594864,21,2.752
s2876,12.981632,77.59518,22,2.785
s2876,12.981555,77.59572,23,2.845
s2876,12.981488,77.595985,24,2.875
s2876,12.981389,77.59633,25,2.914
s2876,12.980979,77.59757,26,3.056
s2876,12.980614,77.59864,27,3.179
s2876,12.980109,77.599945,28,3.331
s2876,12.980013,77.6001,29,3.351
s2876,12.979878,77.60026,30,3.373
s2876,12.979767,77.600365,31,3.39
s2876,12.979298,77.60072,32,3.455
s2876,12.979119,77.60084,33,3.479
s2876,12.978837,77.60098,34,3.514
s2876,12.977589,77.60143,35,3.661
s2876,12.97724,77.601585,36,3.703
s2876,12.976972,77.60177,37,3.739
s2876,12.976833,77.60193,38,3.762
s2876,12.976691,77.60217,39,3.793
s2876,12.976604,77.60237,40,3.817
s2876,12.97654,77.602615,41,3.844
s2876,12.975979,77.605034,42,4.113
s2876,12.975546,77.6068,43,4.31
s319,12.990714,77.652374,0,0
s319,12.989963,77.64966,1,0.305
s319,12.989863,77.649376,2,0.338
s319,12.989715,77.64913,3,0.369
s319,12.989534,77.64893,4,0.399
s319,12.989204,77.648705,5,0.443
s319,12.988874,77.648575,6,0.483
s319,12.98815,77.64836,7,0.566
s319,12.987753,77.64822,8,0.613
s319,12.987499,77.648056,9,0.646
s319,12.987211,77.64783,10,0.687
s319,12.987047,77.647575,11,0.72
s319,12.986909,77.647316,12,0.751
s319,12.986498,77.64624,13,0.877
s319,12.984511,77.64127,14,1.459
s319,12.984385,77.64104,15,1.488
s319,12.984081,77.64073,16,1.536
s319,12.983859,77.64063,17,1.562
s319,12.9835,77.64056,18,1.603
s319,12.982925,77.64057,19,1.667
s319,12.979497,77.64076,20,2.049
s319,12.979304,77.640755,21,2.07
s319,12.979113,77.640724,22,2.092
s319,12.978854,77.6406,23,2.124
s319,12.978701,77.64047,24,2.146
s319,12.978593,77.64035,25,2.163
s319,12.978473,77.64017,26,2.188
s319,12.978406,77.63997,27,2.21
s319,12.978374,77.639694,28,2.24
s319,12.978353,77.63866,29,2.352
s319,12.978172,77.63294,30,2.972
s319,12.978178,77.63265,31,3.003
s319,12.978499,77.62917,32,3.382
s319,12.978471,77.628975,33,3.404
s319,12.978404,77.62879,34,3.425
s319,12.978159,77.62835,35,3.48
s319,12.977789,77.62773,36,3.559
s319,12.977575,77.62746,37,3.597
s319,12.97735,77.62722,38,3.632
s319,12.976517,77.62666,39,3.743
s319,12.975633,77.626015,40,3.864
s319,12.975452,77.62585,41,3.891
s319,12.974819,77.62492,42,4.013
s319,12.973343,77.62248,43,4.325
s319,12.973135,77.62203,44,4.378
s319,12.973004,77.6217,45,4.418
s319,12.972878,77.621315,46,4.462
s319,12.972763,77.62084,47,4.515
s319,12.972707,77.620255,48,4.579
s319,12.972641,77.619125,49,4.701
s319,12.972671,77.61868,50,4.749
s319,12.972719,77.618416,51,4.778
s319,12.974017,77.612755,52,5.409
s319,12.974245,77.61192,53,5.503
s319,12.974974,77.60887,54,5.843
s319,12.975186,77.60825,55,5.914
s319,12.975255,77.607994,56,5.943
s319,12.975979,77.605034,57,6.274
s319,12.976604,77.60237,58,6.57
s319,12.976691,77.60217,59,6.594
s319,12.976833,77.60193,60,6.625
s319,12.976972,77.60177,61,6.648
s319,12.97724,77.601585,62,6.684
s319,12.977589,77.60143,63,6.726
s319,12.978837,77.60098,64,6.873
s319,12.979119,77.60084,65,6.908
s319,12.979298,77.60072,66,6.932
s319,12.979767,77.600365,67,6.997
s319,12.979878,77.60026,68,7.014
s319,12.980013,77.6001,69,7.036
s319,12.980109,77.599945,70,7.056
s319,12.980614,77.59864,71,7.208
s319,12.980979,77.59757,72,7.331
s319,12.981389,77.59633,73,7.473
s319,12.981488,77.595985,74,7.512
s319,12.981555,77.59572,75,7.542
s319,12.981632,77.59518,76,7.601
s319,12.981624,77.594864,77,7.635
s319,12.981525,77.594536,78,7.672
s319,12.981267,77.594086,79,7.729
s319,12.981018,77.593735,80,7.776
s319,12.980612,77.593216,81,7.848
s319,12.978996,77.59183,82,8.082
s319,12.977665,77.5906,83,8.281
s319,12.97623,77.58787,84,8.618
s319,12.975083,77.58516,85,8.937
s319,12.974987,77.58496,86,8.962
s319,12.97454,77.584206,87,9.057
s319,12.973249,77.58196,88,9.34
s319,12.973056,77.581535,89,9.391
s319,12.973023,77.58136,90,9.41
s319,12.973025,77.581154,91,9.432
s319,12.973104,77.580894,92,9.462
s319,12.973347,77.58041,93,9.521
s319,12.974359,77.578125,94,9.793
s319,12.975175,77.57613,95,10.027
s319,12.975287,77.57572,96,10.073
s319,12.975665,77.57413,97,10.251
s319,12.975891,77.57129,98,10.56
s319,12.976024,77.56912,99,10.795
s319,12.976013,77.56672,100,11.056
s319,12.975903,77.56538,101,11.202
s319,12.975685,77.56341,102,11.416
s319,12.975638,77.562675,103,11.496
s319,12.975647,77.562325,104,11.534
s319,12.975712,77.56173,105,11.598
s319,12.975765,77.56063,106,11.718
s319,12.975809,77.56006,107,11.78
s319,12.975825,77.55893,108,11.903
s319,12.975698,77.55687,109,12.126
s319,12.975602,77.55382,110,12.457
s319,12.975573,77.55353,111,12.488
s319,12.975504,77.55315,112,12.531
s319,12.975434,77.552956,113,12.552
s319,12.975333,77.55274,114,12.578
s319,12.975103,77.55238,115,12.625
s319,12.974957,77.552185,116,12.652
s319,12.973976,77.55092,117,12.827
s319,12.973864,77.55072,118,12.852
s319,12.973817,77.550545,119,12.872
s319,12.973798,77.550385,120,12.889
s319,12.973801,77.55022,121,12.907
s319,12.973875,77.54991,122,12.942
s319,12.97393,77.54979,123,12.956
s319,12.974245,77.5493,124,13.019
s319,12.974459,77.54891,125,13.068
s319,12.974532,77.54855,126,13.108
s319,12.974545,77.548386,127,13.126
s319,12.974539,77.54826,128,13.139
s319,12.974507,77.54807,129,13.16
s319,12.974361,77.547554,130,13.219
s319,12.974251,77.5471,131,13.269
s319,12.97422,77.546814,132,13.3
s319,12.97422,77.544556,133,13.545
s319,12.974102,77.54338,134,13.673
s319,12.973788,77.54182,135,13.847
s319,12.973282,77.53939,136,14.115
s319,12.973139,77.53888,137,14.172
s319,12.972969,77.538574,138,14.211
s319,12.97279,77.538345,139,14.243
s319,12.972621,77.53817,140,14.269
s319,12.972391,77.53799,141,14.301
s319,12.972204,77.53787,142,14.326
s319,12.972018,77.53778,143,14.349
s319,12.970954,77.537384,144,14.475
s319,12.968877,77.536674,145,14.718
s319,12.967598,77.53618,146,14.87
s319,12.96702,77.53591,147,14.941
s319,12.965862,77.53533,148,15.084
s319,12.961875,77.533554,149,15.567
s319,12.960823,77.53315,150,15.692
s319,12.960592,77.53309,151,15.719
s319,12.960364,77.53305,152,15.744
s319,12.960154,77.53304,153,15.768
s319,12.959939,77.53308,154,15.792
s319,12.959189,77.533356,155,15.881
s319,12.958318,77.53373,156,15.985
s319,12.957568,77.53409,157,16.077
s319,12.957002,77.5343,158,16.144
s319,12.956712,77.53438,159,16.178
s319,12.955708,77.53462,160,16.292
s319,12.955391,77.53471,161,16.329
s319,12.955176,77.534805,162,16.355
s319,12.954985,77.534935,163,16.38
s319,12.953519,77.53638,164,16.606
s319,12.953236,77.536606,165,16.646
s319,12.953135,77.53666,166,16.659
s319,12.952033,77.536995,167,16.787
s319,12.951175,77.53731,168,16.888
s319,12.951037,77.53734,169,16.904
s319,12.950638,77.53734,170,16.948
s319,12.950306,77.537254,171,16.986
s319,12.95002,77.5371,172,17.022
s319,12.949802,77.53693,173,17.053
s319,12.949221,77.53633,174,17.144
s319,12.94897,77.53601,175,17.188
s319,12.948237,77.534805,176,17.343
s319,12.948155,77.534615,177,17.365
s319,12.948045,77.53427,178,17.404
s319,12.947608,77.53265,179,17.586
s319,12.94706,77.53088,180,17.787
s319,12.946738,77.53015,181,17.875
s321,12.990714,77.652374,0,0
s321,12.989963,77.64966,1,0.305
s321,12.989863,77.649376,2,0.338
s321,12.989715,77.64913,3,0.369
s321,12.989534,77.64893,4,0.399
s321,12.989204,77.648705,5,0.443
s321,12.988874,77.648575,6,0.483
s321,12.98815,77.64836,7,0.566
s321,12.987753,77.64822,8,0.613
s321,12.987499,77.648056,9,0.646
s321,12.987211,77.64783,10,0.687
s321,12.987047,77.647575,11,0.72
s321,12.986909,77.647316,12,0.751
s321,12.986498,77.64624,13,0.877
s321,12.984511,77.64127,14,1.459
s321,12.984385,77.64104,15,1.488
s321,12.984081,77.64073,16,1.536
s321,12.983859,77.64063,17,1.562
s321,12.9835,77.64056,18,1.603
s321,12.982925,77.64057,19,1.667
s321,12.979497,77.64076,20,2.049
s321,12.979304,77.640755,21,2.07
s321,12.979113,77.640724,22,2.092
s321,12.978854,77.6406,23,2.124
s321,12.978701,77.64047,24,2.146
s321,12.978593,77.64035,25,2.163
s321,12.978473,77.64017,26,2.188
s321,12.978406,77.63997,27,2.21
s321,12.978374,77.639694,28,2.24
s321,12.978353,77.63866,29,2.352
s321,12.978172,77.63294,30,2.972
s321,12.978178,77.63265,31,3.003
s321,12.978499,77.62917,32,3.382
s321,12.978471,77.628975,33,3.404
s321,12.978404,77.62879,34,3.425
s321,12.978159,77.62835,35,3.48
s321,12.977789,77.62773,36,3.559
s321,12.977575,77.62746,37,3.597
s321,12.97735,77.62722,38,3.632
s321,12.976517,77.62666,39,3.743
s321,12.975633,77.626015,40,3.864
s321,12.975452,77.62585,41,3.891
s321,12.974819,77.62492,42,4.013
s321,12.973343,77.62248,43,4.325
s321,12.973135,77.62203,44,4.378
s321,12.973004,77.6217,45,4.418
s321,12.972878,77.621315,46,4.462
s321,12.972763,77.62084,47,4.515
s321,12.972707,77.620255,48,4.579
s321,12.972641,77.619125,49,4.701
s321,12.972671,77.61868,50,4.749
s321,12.972719,77.618416,51,4.778
s321,12.974017,77.612755,52,5.409
s321,12.974245,77.61192,53,5.503
s321,12.974974,77.60887,54,5.843
s321,12.975186,77.60825,55,5.914
s321,12.975255,77.607994,56,5.943
s321,12.975979,77.605034,57,6.274
s321,12.976604,77.60237,58,6.57
s321,12.976691,77.60217,59,6.594
s321,12.976833,77.60193,60,6.625
s321,12.976972,77.60177,61,6.648
s321,12.97724,77.601585,62,6.684
s321,12.977589,77.60143,63,6.726
s321,12.978837,77.60098,64,6.873
s321,12.979119,77.60084,65,6.908
s321,12.979298,77.60072,66,6.932
s321,12.979767,77.600365,67,6.997
s321,12.979878,77.60026,68,7.014
s321,12.980013,77.6001,69,7.036
s321,12.980109,77.599945,70,7.056
s321,12.980614,77.59864,71,7.208
s321,12.980979,77.59757,72,7.331
s321,12.981389,77.59633,73,7.473
s321,12.981488,77.595985,74,7.512
s321,12.981555,77.59572,75,7.542
s321,12.981632,77.59518,76,7.601
s321,12.981624,77.594864,77,7.635
s321,12.981525,77.594536,78,7.672
s321,12.981267,77.594086,79,7.729
s321,12.981018,77.593735,80,7.776
s321,12.980612,77.593216,81,7.848
s321,12.978996,77.59183,82,8.082
s321,12.977665,77.5906,83,8.281
s321,12.97623,77.58787,84,8.618
s321,12.975083,77.58516,85,8.937
s321,12.974987,77.58496,86,8.962
s321,12.97454,77.584206,87,9.057
s321,12.973249,77.58196,88,9.34
s321,12.973056,77.581535,89,9.391
s321,12.973023,77.58136,90,9.41
s321,12.973025,77.581154,91,9.432
s321,12.973104,77.580894,92,9.462
s321,12.973347,77.58041,93,9.521
s321,12.974359,77.578125,94,9.793
s321,12.975175,77.57613,95,10.027
s321,12.975287,77.57572,96,10.073
s321,12.975665,77.57413,97,10.251
s321,12.975767,77.57288,98,10.387
s3224,12.81941,77.68836,0,0
s3224,12.821079,77.686874,1,0.246
s3224,12.824563,77.68359,2,0.772
s3224,12.825126,77.683174,3,0.849
s3224,12.827173,77.682106,4,1.105
s3224,12.827996,77.68174,5,1.204
s3224,12.831566,77.680565,6,1.621
s3224,12.832411,77.68031,7,1.719
s3224,12.833272,77.68011,8,1.817
s3224,12.834921,77.67951,9,2.012
s3224,12.835814,77.67918,10,2.118
s3224,12.837757,77.678375,11,2.35
s3224,12.838023,77.67822,12,2.384
s3224,12.838543,77.677864,13,2.454
s3224,12.841923,77.67529,14,2.922
s3224,12.843172,77.67432,15,3.096
s3224,12.844499,77.67311,16,3.294
s3224,12.844974,77.67258,17,3.372
s3224,12.845276,77.672134,18,3.431
s3224,12.845533,77.67185,19,3.473
s3224,12.845717,77.6717,20,3.499
s3224,12.846977,77.67085,21,3.666
s3224,12.847548,77.670494,22,3.741
s3224,12.848069,77.67022,23,3.806
s3224,12.84858,77.66987,24,3.874
s3224,12.850442,77.66844,25,4.133
s3224,12.85165,77.66749,26,4.302
s3224,12.852888,77.66659,27,4.471
s3224,12.855028,77.664925,28,4.77
s3224,12.855405,77.66457,29,4.826
s3224,12.855822,77.66414,30,4.892
s3224,12.856385,77.66364,31,4.975
s3224,12.857329,77.66286,32,5.11
s3224,12.857952,77.66241,33,5.195
s3224,12.859178,77.661575,34,5.358
s3224,12.860534,77.66059,35,5.543
s3224,12.861658,77.65972,36,5.7
s3224,12.862866,77.658745,37,5.87
s3224,12.863952,77.65789,38,6.022
s3224,12.864625,77.6573,39,6.121
s3224,12.870072,77.65299,40,6.886
s3224,12.870718,77.6525,41,6.975
s3224,12.871646,77.65174,42,7.107
s3224,12.873127,77.65061,43,7.313
s3224,12.876645,77.64746,44,7.832
s3224,12.87694,77.64723,45,7.873
s3224,12.877357,77.64695,46,7.929
s3224,12.878292,77.64641,47,8.048
s3224,12.880935,77.644806,48,8.389
s3224,12.883971,77.64294,49,8.783
s3224,12.888442,77.64018,50,9.363
s3224,12.890548,77.63886,51,9.637
s3224,12.892426,77.63774,52,9.879
s3224,12.894294,77.636604,53,10.121
s3224,12.895955,77.63552,54,10.34
s3224,12.89815,77.63421,55,10.622
s3224,12.90034,77.632866,56,10.905
s3224,12.901332,77.63224,57,11.035
s3224,12.903832,77.63071,58,11.359
s3224,12.904646,77.63019,59,11.466
s3224,12.910622,77.6265,60,12.241
s3224,12.912572,77.62536,61,12.491
s3224,12.913904,77.62452,62,12.665
s3224,12.914633,77.62414,63,12.756
s3224,12.916422,77.623146,64,12.981
s3224,12.916502,77.62309,65,12.992
s3224,12.916647,77.622955,66,13.014
s3224,12.916823,77.62271,67,13.047
s3224,12.916941,77.62243,68,13.08
s3224,12.916993,77.62212,69,13.114
s3224,12.916987,77.62192,70,13.137
s3224,12.91692,77.62161,71,13.171
s3224,12.916441,77.6201,72,13.342
s3224,12.916276,77.61953,73,13.407
s3224,12.916239,77.61932,74,13.43
s3224,12.916239,77.61908,75,13.456
s3224,12.916288,77.61839,76,13.531
s3224,12.916282,77.61757,77,13.621
s3224,12.916257,77.6171,78,13.671
s3224,12.916259,77.61664,79,13.722
s3224,12.916377,77.615555,80,13.84
s3224,12.916474,77.6142,81,13.987
s3224,12.916546,77.61183,82,14.243
s3224,12.916543,77.61069,83,14.367
s3224,12.916631,77.606895,84,14.778
s3224,12.916703,77.60462,85,15.025
s3224,12.916736,77.60189,86,15.321
s3224,12.916821,77.59764,87,15.782
s3224,12.916826,77.59649,88,15.907
s3224,12.916943,77.59034,89,16.573
s3224,12.916957,77.59005,90,16.605
s3224,12.917047,77.589584,91,16.656
s3224,12.917074,77.58937,92,16.68
s3224,12.917116,77.587494,93,16.883
s3224,12.917099,77.58718,94,16.917
s3224,12.917019,77.58671,95,16.969
s3224,12.917146,77.581345,96,17.551
s3224,12.91716,77.58123,97,17.563
s3224,12.917219,77.58099,98,17.59
s3224,12.917266,77.58087,99,17.603
s3224,12.917393,77.580666,100,17.63
s3224,12.917634,77.58043,101,17.667
s3224,12.917715,77.580376,102,17.678
s3224,12.917949,77.58027,103,17.706
s3224,12.918032,77.580246,104,17.716
s3224,12.918204,77.580215,105,17.735
s3224,12.919521,77.58018,106,17.882
s3224,12.920228,77.58011,107,17.961
s3224,12.92096,77.58009,108,18.042
s363,12.99575,77.75792,0,0
s363,12.995197,77.75778,1,0.063
s363,12.993006,77.75712,2,0.317
s363,12.992621,77.75696,3,0.364
s363,12.992297,77.75675,4,0.406
s363,12.990288,77.755226,5,0.684
s363,12.990051,77.75507,6,0.715
s363,12.989526,77.754814,7,0.78
s363,12.988907,77.75455,8,0.854
s363,12.986745,77.753624,9,1.115
s363,12.985387,77.75308,10,1.277
s363,12.985059,77.752884,11,1.319
s363,12.984872,77.75275,12,1.345
s363,12.984721,77.75261,13,1.367
s363,12.984504,77.75232,14,1.407
s363,12.984403,77.75215,15,1.429
s363,12.984293,77.751854,16,1.463
s363,12.984247,77.751686,17,1.482
s363,12.984215,77.751396,18,1.513
s363,12.984222,77.75126,19,1.529
s363,12.984266,77.750984,20,1.559
s363,12.985248,77.74815,21,1.884
s363,12.986121,77.74585,22,2.152
s363,12.986233,77.74552,23,2.19
s363,12.986654,77.743935,24,2.368
s363,12.987608,77.74015,25,2.791
s363,12.987627,77.73996,26,2.812
s363,12.987636,77.739204,27,2.894
s363,12.987635,77.735855,28,3.257
s363,12.987684,77.7353,29,3.318
s363,12.987927,77.733635,30,3.499
s363,12.987936,77.73346,31,3.519
s363,12.987909,77.73322,32,3.545
s363,12.987816,77.73296,33,3.575
s363,12.987756,77.73286,34,3.588
s363,12.987699,77.732765,35,3.599
s363,12.987521,77.73255,36,3.63
s363,12.986838,77.73204,37,3.724
s363,12.98657,77.731766,38,3.767
s363,12.985758,77.73041,39,3.939
s363,12.985611,77.73021,40,3.966
s363,12.985392,77.72996,41,4.002
s363,12.984874,77.729485,42,4.079
s363,12.984309,77.72901,43,4.161
s363,12.983889,77.72867,44,4.22
s363,12.983593,77.72845,45,4.261
s363,12.983341,77.72827,46,4.295
s363,12.982947,77.72806,47,4.345
s363,12.982454,77.72785,48,4.404
s363,12.982213,77.72778,49,4.432
s363,12.981715,77.72766,50,4.488
s363,12.981543,77.72762,51,4.508
s363,12.981023,77.7275,52,4.567
s363,12.980031,77.72732,53,4.68
s363,12.979692,77.72729,54,4.717
s363,12.979342,77.72729,55,4.756
s363,12.978588,77.727325,56,4.84
s363,12.977486,77.727295,57,4.963
s363,12.977233,77.72724,58,4.992
s363,12.977138,77.7272,59,5.003
s363,12.976953,77.72709,60,5.027
s363,12.976802,77.72695,61,5.05
s363,12.976698,77.72683,62,5.067
s363,12.97662,77.72669,63,5.084
s363,12.976567,77.726555,64,5.101
s363,12.976515,77.72635,65,5.123
s363,12.976505,77.72611,66,5.149
s363,12.976738,77.723595,67,5.423
s363,12.976798,77.723175,68,5.469
s363,12.976888,77.72268,69,5.524
s363,12.977191,77.71985,70,5.833
s363,12.97737,77.71752,71,6.085
s363,12.977483,77.71635,72,6.213
s363,12.977764,77.714516,73,6.414
s363,12.978058,77.712036,74,6.684
s363,12.97817,77.7112,75,6.776
s363,12.978249,77.71075,76,6.826
s363,12.978252,77.71045,77,6.858
s363,12.978272,77.7103,78,6.875
s363,12.978393,77.70993,79,6.916
s363,12.978563,77.70964,80,6.953
s363,12.97876,77.70948,81,6.981
s363,12.97894,77.70938,82,7.004
s363,12.979208,77.709274,83,7.036
s363,12.980531,77.70889,84,7.189
s363,12.982074,77.708466,85,7.366
s363,12.982639,77.70835,86,7.431
s363,12.983049,77.708305,87,7.476
s363,12.984305,77.70826,88,7.616
s363,12.98522,77.708305,89,7.718
s363,12.985809,77.70844,90,7.785
s363,12.986512,77.70871,91,7.868
s363,12.987096,77.70902,92,7.942
s363,12.987478,77.7093,93,7.994
s363,12.987747,77.70957,94,8.036
s363,12.98787,77.709724,95,8.058
s363,12.988259,77.71044,96,8.147
s363,12.989022,77.711754,97,8.312
s363,12.989807,77.713066,98,8.479
s363,12.990002,77.71338,99,8.519
s363,12.990175,77.71364,100,8.553
s363,12.990286,77.71377,101,8.572
s363,12.990448,77.71388,102,8.594
s363,12.990584,77.71395,103,8.61
s363,12.990839,77.713974,104,8.639
s363,12.991385,77.713936,105,8.7
s363,12.991775,77.713715,106,8.749
s363,12.991891,77.71359,107,8.768
s363,12.992009,77.71341,108,8.792
s363,12.992277,77.71281,109,8.863
s363,12.99265,77.7116,110,9
s363,12.992834,77.71081,111,9.089
s363,12.992854,77.71058,112,9.113
s363,12.992867,77.70942,113,9.239
s363,12.992944,77.70753,114,9.445
s363,12.993026,77.70561,115,9.652
s363,12.993062,77.70522,116,9.694
s363,12.993147,77.7048,117,9.741
s363,12.993475,77.70364,118,9.872
s363,12.993869,77.70212,119,10.043
s363,12.994032,77.70161,120,10.101
s363,12.994401,77.70002,121,10.278
s363,12.994669,77.69919,122,10.373
s363,12.99508,77.69809,123,10.5
s363,12.995125,77.69793,124,10.518
s363,12.995272,77.697,125,10.621
s363,12.995455,77.695564,126,10.777
s363,12.995542,77.69525,127,10.813
s363,12.99621,77.69373,128,10.993
s363,12.996994,77.6915,129,11.25
s363,12.997497,77.6904,130,11.382
s363,12.998254,77.688896,131,11.565
s363,12.998476,77.68866,132,11.601
s363,12.998964,77.688194,133,11.675
s363,12.999269,77.68792,134,11.72
s363,12.99948,77.68769,135,11.754
s363,12.999791,77.68727,136,11.811
s363,13.000118,77.686745,137,11.879
s363,13.000179,77.68657,138,11.899
s363,13.000259,77.68621,139,11.939
s363,13.000379,77.684555,140,12.119
s363,13.000403,77.68382,141,12.198
s363,13.000404,77.6826,142,12.331
s363,13.000431,77.68187,143,12.41
s363,13.00039,77.6816,144,12.439
s363,13.000299,77.681366,145,12.467
s363,13.000157,77.680855,146,12.525
s363,13.000113,77.68064,147,12.548
s363,13.000019,77.67989,148,12.63
s363,12.999949,77.67845,149,12.786
s363,12.999901,77.67683,150,12.962
s363,12.999866,77.67651,151,12.996
s363,12.9998,77.6762,152,13.031
s363,12.99947,77.675446,153,13.121
s363,12.999226,77.674934,154,13.183
s363,12.997024,77.670395,155,13.732
s363,12.996983,77.67026,156,13.747
s363,12.996971,77.67016,157,13.758
s363,12.996966,77.66973,158,13.805
s363,12.996916,77.66948,159,13.832
s363,12.996751,77.66892,160,13.895
s363,12.996397,77.668175,161,13.986
s363,12.996069,77.66741,162,14.076
s363,12.995672,77.66634,163,14.2
s363,12.995419,77.665474,164,14.298
s363,12.995336,77.665016,165,14.349
s363,12.99531,77.664635,166,14.39
s363,12.99531,77.66424,167,14.433
s363,12.995336,77.66396,168,14.463
s363,12.995429,77.663445,169,14.521
s363,12.995591,77.66274,170,14.598
s363,12.995623,77.66238,171,14.638
s363,12.995611,77.662056,172,14.673
s363,12.995551,77.661644,173,14.718
s363,12.99546,77.661316,174,14.755
s363,12.995383,77.661125,175,14.777
s363,12.99499,77.66033,176,14.874
s363,12.994344,77.65909,177,15.027
s363,12.992933,77.656586,178,15.34
s363,12.992439,77.65583,179,15.438
s363,12.992163,77.65551,180,15.485
s363,12.991538,77.654854,181,15.584
s363,12.991352,77.654564,182,15.622
s363,12.991191,77.65411,183,15.674
s363,12.989963,77.64966,184,16.175
s363,12.989863,77.649376,185,16.208
s363,12.989767,77.64921,186,16.23
s363,12.989534,77.64893,187,16.269
s363,12.989204,77.648705,188,16.313
s363,12.988874,77.648575,189,16.352
s363,12.988012,77.648315,190,16.452
s363,12.987753,77.64822,191,16.483
s363,12.987692,77.64818,192,16.491
s363,12.987499,77.648056,193,16.516
s363,12.987211,77.64783,194,16.557
s363,12.987047,77.647575,195,16.589
s363,12.986909,77.647316,196,16.621
s363,12.986498,77.64624,197,16.747
s363,12.984511,77.64127,198,17.329
s363,12.984385,77.64104,199,17.358
s363,12.984081,77.64073,200,17.405
s363,12.983859,77.64063,201,17.432
s363,12.9835,77.64056,202,17.473
s363,12.982925,77.64057,203,17.537
s363,12.979497,77.64076,204,17.919
s363,12.979113,77.640724,205,17.962
s363,12.978854,77.6406,206,17.993
s363,12.978701,77.64047,207,18.015
s363,12.978593,77.64035,208,18.033
s363,12.978473,77.64017,209,18.057
s363,12.978406,77.63997,210,18.08
s363,12.978374,77.639694,211,18.11
s363,12.978353,77.63866,212,18.222
s363,12.978172,77.63294,213,18.842
s363,12.978178,77.63265,214,18.873
s363,12.978499,77.62917,215,19.252
s363,12.978471,77.628975,216,19.274
s363,12.978404,77.62879,217,19.295
s363,12.978159,77.62835,218,19.35
s363,12.977789,77.62773,219,19.428
s363,12.977575,77.62746,220,19.467
s363,12.97735,77.62722,221,19.502
s363,12.976517,77.62666,222,19.613
s363,12.975633,77.626015,223,19.734
s363,12.975452,77.62585,224,19.761
s363,12.974819,77.62492,225,19.883
s363,12.973343,77.62248,226,20.195
s363,12.973135,77.62203,227,20.248
s363,12.973004,77.6217,228,20.288
s363,12.972878,77.621315,229,20.332
s363,12.972763,77.62084,230,20.384
s363,12.972707,77.620255,231,20.449
s363,12.972641,77.619125,232,20.571
s363,12.972671,77.61868,233,20.619
s363,12.972719,77.618416,234,20.648
s363,12.974017,77.612755,235,21.279
s363,12.974245,77.61192,236,21.372
s363,12.974974,77.60887,237,21.713
s363,12.975186,77.60825,238,21.784
s363,12.975255,77.607994,239,21.813
s363,12.975979,77.605034,240,22.144
s363,12.976604,77.60237,241,22.44
s363,12.976691,77.60217,242,22.463
s363,12.976833,77.60193,243,22.494
s363,12.976972,77.60177,244,22.518
s363,12.97724,77.601585,245,22.554
s363,12.977589,77.60143,246,22.596
s363,12.978837,77.60098,247,22.743
s363,12.979119,77.60084,248,22.778
s363,12.979298,77.60072,249,22.802
s363,12.979767,77.600365,250,22.867
s363,12.979878,77.60026,251,22.883
s363,12.980013,77.6001,252,22.906
s363,12.980109,77.599945,253,22.926
s363,12.980614,77.59864,254,23.078
s363,12.980979,77.59757,255,23.2
s363,12.981389,77.59633,256,23.343
s363,12.981488,77.595985,257,23.381
s363,12.981555,77.59572,258,23.412
s363,12.981632,77.59518,259,23.471
s363,12.981624,77.594864,260,23.505
s363,12.981525,77.594536,261,23.542
s363,12.981267,77.594086,262,23.599
s363,12.981018,77.593735,263,23.646
s363,12.980612,77.593216,264,23.718
s363,12.978996,77.59183,265,23.952
s363,12.977665,77.5906,266,24.151
s363,12.97623,77.58787,267,24.488
s363,12.975083,77.58516,268,24.807
s363,12.974987,77.58496,269,24.831
s363,12.97454,77.584206,270,24.927
s363,12.973249,77.58196,271,25.21
s363,12.973056,77.581535,272,25.26
s363,12.973023,77.58136,273,25.28
s363,12.973025,77.581154,274,25.302
s363,12.973104,77.580894,275,25.332
s363,12.973347,77.58041,276,25.391
s363,12.974359,77.578125,277,25.663
s363,12.975175,77.57613,278,25.897
s363,12.975287,77.57572,279,25.943
s363,12.975665,77.57413,280,26.121
s363,12.975891,77.57129,281,26.43
s363,12.976024,77.56912,282,26.665
s363,12.976013,77.56672,283,26.926
s363,12.975903,77.56538,284,27.072
s363,12.975685,77.56341,285,27.286
s363,12.975638,77.562675,286,27.366
s363,12.975647,77.562325,287,27.404
s363,12.975712,77.56173,288,27.468
s363,12.975765,77.56063,289,27.588
s363,12.975809,77.56006,290,27.65
s363,12.975825,77.55893,291,27.772
s363,12.975698,77.55687,292,27.996
s363,12.975602,77.55382,293,28.327
s363,12.975573,77.55353,294,28.358
s363,12.975504,77.55315,295,28.401
s363,12.975434,77.552956,296,28.422
s363,12.975333,77.55274,297,28.448
s363,12.975103,77.55238,298,28.494
s363,12.974957,77.552185,299,28.522
s363,12.973976,77.55092,300,28.697
s363,12.973864,77.55072,301,28.722
s363,12.973817,77.550545,302,28.742
s363,12.973798,77.550385,303,28.759
s363,12.973801,77.55022,304,28.777
s363,12.973875,77.54991,305,28.811
s363,12.97393,77.54979,306,28.826
s363,12.974245,77.5493,307,28.889
s363,12.974459,77.54891,308,28.938
s363,12.974532,77.54855,309,28.978
s363,12.974545,77.548386,310,28.996
s363,12.974539,77.54826,311,29.009
s363,12.974507,77.54807,312,29.03
s363,12.974361,77.547554,313,29.089
s363,12.974251,77.5471,314,29.139
s363,12.97422,77.546814,315,29.17
s363,12.97422,77.544556,316,29.415
s363,12.974102,77.54338,317,29.543
s363,12.973788,77.54182,318,29.716
s363,12.973282,77.53939,319,29.984
s363,12.973139,77.53888,320,30.042
s363,12.972969,77.538574,321,30.081
s363,12.97279,77.538345,322,30.112
s363,12.972621,77.53817,323,30.139
s363,12.972391,77.53799,324,30.171
s363,12.972204,77.53787,325,30.196
s363,12.972018,77.53778,326,30.218
s363,12.970954,77.537384,327,30.344
s363,12.968877,77.536674,328,30.588
s363,12.967598,77.53618,329,30.74
s363,12.96702,77.53591,330,30.81
s363,12.965862,77.53533,331,30.954
s363,12.961875,77.533554,332,31.437
s363,12.960823,77.53315,333,31.562
s363,12.960592,77.53309,334,31.588
s363,12.960364,77.53305,335,31.614
s363,12.960154,77.53304,336,31.638
s363,12.959939,77.53308,337,31.662
s363,12.959189,77.533356,338,31.75
s363,12.958318,77.53373,339,31.855
s363,12.957568,77.53409,340,31.947
s363,12.957002,77.5343,341,32.014
s363,12.956712,77.53438,342,32.048
s363,12.955708,77.53462,343,32.162
s363,12.955391,77.53471,344,32.199
s363,12.955176,77.534805,345,32.225
s363,12.954985,77.534935,346,32.25
s363,12.953519,77.53638,347,32.476
s363,12.953236,77.536606,348,32.516
s363,12.953135,77.53666,349,32.529
s363,12.952033,77.536995,350,32.657
s363,12.951175,77.53731,351,32.758
s363,12.951037,77.53734,352,32.774
s363,12.950638,77.53734,353,32.818
s363,12.950306,77.537254,354,32.856
s363,12.95002,77.5371,355,32.892
s363,12.949802,77.53693,356,32.923
s363,12.949221,77.53633,357,33.014
s363,12.94897,77.53601,358,33.058
s363,12.948237,77.534805,359,33.213
s363,12.948155,77.534615,360,33.235
s363,12.948045,77.53427,361,33.274
s363,12.947608,77.53265,362,33.456
s363,12.94706,77.53088,363,33.657
s363,12.94633,77.52924,364,33.852
s363,12.946013,77.52873,365,33.918
s363,12.945714,77.52831,366,33.975
s363,12.945214,77.527725,367,34.059
s363,12.944809,77.52729,368,34.124
s363,12.944048,77.52666,369,34.234
s363,12.943438,77.52631,370,34.311
s363,12.942611,77.5257,371,34.424
s363,12.941683,77.5251,372,34.546
s363,12.941206,77.524826,373,34.607
s363,12.940956,77.524666,374,34.64
s363,12.940113,77.52406,375,34.754
s363,12.939455,77.52346,376,34.852
s363,12.938983,77.52295,377,34.929
s363,12.938187,77.521736,378,35.087
s363,12.937917,77.52143,379,35.132
s363,12.937577,77.52114,380,35.181
s363,12.937242,77.52088,381,35.228
s363,12.936994,77.52056,382,35.272
s363,12.936674,77.51966,383,35.376
s363,12.936424,77.51902,384,35.451
s363,12.936339,77.51869,385,35.487
s363,12.936313,77.518364,386,35.523
s363,12.936335,77.51785,387,35.579
s363,12.936325,77.51701,388,35.67
s363,12.936279,77.51654,389,35.72
s363,12.936137,77.51552,390,35.833
s363,12.936101,77.5151,391,35.878
s363,12.936058,77.51424,392,35.972
s363,12.935983,77.51383,393,36.017
s363,12.935383,77.51222,394,36.204
s363,12.935175,77.51154,395,36.281
s363,12.934965,77.51104,396,36.34
s363,12.934739,77.510735,397,36.381
s363,12.934499,77.510506,398,36.418
s363,12.932606,77.50842,399,36.726
s363,12.931485,77.50681,400,36.941
s363,12.931273,77.50654,401,36.979
s363,12.931125,77.50639,402,37.002
s363,12.930321,77.50597,403,37.102
s363,12.930001,77.50575,404,37.145
s363,12.929764,77.505516,405,37.182
s363,12.929616,77.50528,406,37.212
s363,12.929504,77.50505,407,37.24
s363,12.92916,77.504005,408,37.359
s363,12.929096,77.50389,409,37.374
s363,12.928678,77.5034,410,37.444
s363,12.928207,77.50298,411,37.513
s363,12.927765,77.5025,412,37.585
s363,12.926077,77.50026,413,37.892
s363,12.925092,77.499176,414,38.053
s363,12.923495,77.49756,415,38.302
s363,12.923291,77.49727,416,38.341
s363,12.923085,77.49682,417,38.395
s363,12.922775,77.49606,418,38.484
s363,12.92193,77.494415,419,38.685
s363,12.921592,77.49389,420,38.754
s363,12.921392,77.49366,421,38.787
s363,12.920944,77.49336,422,38.846
s363,12.920248,77.49281,423,38.944
s363,12.919996,77.492546,424,38.985
s363,12.919592,77.49202,425,39.057
s363,12.91902,77.49148,426,39.144
s363,12.918613,77.49122,427,39.197
s363,12.917677,77.490746,428,39.313
s363,12.916946,77.49042,429,39.402
s363,12.916583,77.490105,430,39.454
s363,12.916243,77.48968,431,39.514
s363,12.915425,77.48879,432,39.647
s363,12.915052,77.48828,433,39.715
s363,12.914258,77.48727,434,39.857
s363,12.913266,77.48591,435,40.04
s363,12.912962,77.48551,436,40.095
s363,12.912798,77.48534,437,40.121
s363,12.912612,77.48521,438,40.147
s363,12.912245,77.48503,439,40.192
s363,12.911074,77.48468,440,40.327
s363,12.910901,77.48459,441,40.349
s363,12.910673,77.4844,442,40.382
s363,12.910609,77.48432,443,40.393
s363,12.910453,77.48407,444,40.425
s363,12.910382,77.48387,445,40.448
s363,12.910359,77.483765,446,40.46
s363,12.910341,77.48355,447,40.483
s363,12.91036,77.48334,448,40.506
s363,12.910381,77.482666,449,40.579
s363,12.910372,77.482506,450,40.596
s363,12.910334,77.48219,451,40.631
s363,12.91022,77.481735,452,40.682
s363,12.910108,77.481445,453,40.716
s363,12.909966,77.481155,454,40.751
s363,12.909798,77.48089,455,40.785
s363,12.909605,77.48064,456,40.82
s363,12.909448,77.4804,457,40.851
s363,12.909323,77.48021,458,40.876
s363,12.909272,77.48009,459,40.891
s363,12.908851,77.47898,460,41.019
s363,12.908788,77.47879,461,41.041
s363,12.908611,77.47788,462,41.141
s363,12.908519,77.47759,463,41.175
s363,12.908407,77.47732,464,41.206
s363,12.907928,77.47658,465,41.303
s363,12.907602,77.47596,466,41.379
s363,12.907502,77.47581,467,41.399
s363,12.907291,77.47534,468,41.455
s363,12.906988,77.47394,469,41.61
s363,12.906876,77.47368,470,41.641
s363,12.906751,77.47344,471,41.671
s363,12.906619,77.47323,472,41.698
s363,12.905639,77.47197,473,41.873
s363,12.905096,77.471214,474,41.974
s363,12.904882,77.470955,475,42.011
s363,12.904659,77.470764,476,42.043
s363,12.902693,77.46956,477,42.298
s363,12.902212,77.46911,478,42.37
s363,12.902021,77.46885,479,42.406
s363,12.900649,77.46631,480,42.721
s363,12.900177,77.46552,481,42.82
s363,12.899617,77.46471,482,42.929
s363,12.897717,77.46171,483,43.317
s363,12.897373,77.46127,484,43.377
s380,12.993465,77.70368,0,0
s380,12.993869,77.70212,1,0.175
s380,12.994032,77.70161,2,0.234
s380,12.994401,77.70002,3,0.41
s380,12.994669,77.69919,4,0.505
s380,12.99508,77.69809,5,0.632
s380,12.995125,77.69793,6,0.651
s380,12.995272,77.697,7,0.753
s380,12.995455,77.695564,8,0.91
s380,12.995542,77.69525,9,0.945
s380,12.99621,77.69373,10,1.126
s380,12.996994,77.6915,11,1.383
s380,12.997497,77.6904,12,1.514
s380,12.998254,77.688896,13,1.698
s380,12.998476,77.68866,14,1.733
s380,12.998964,77.688194,15,1.807
s380,12.999269,77.68792,16,1.852
s380,12.99948,77.68769,17,1.887
s380,12.999791,77.68727,18,1.944
s380,13.000118,77.686745,19,2.012
s380,13.000229,77.68637,20,2.054
s380,13.000259,77.68621,21,2.071
s380,13.000379,77.684555,22,2.251
s380,13.000403,77.68382,23,2.331
s380,13.000404,77.6826,24,2.463
s380,13.000431,77.68187,25,2.542
s380,13.00039,77.6816,26,2.572
s380,13.000299,77.681366,27,2.599
s380,13.000157,77.680855,28,2.657
s380,13.000113,77.68064,29,2.681
s380,13.000019,77.67989,30,2.762
s380,12.999949,77.67845,31,2.918
s380,12.999901,77.67683,32,3.095
s380,12.999838,77.676346,33,3.147
s380,12.9998,77.6762,34,3.164
s380,12.99947,77.675446,35,3.253
s380,12.997024,77.670395,36,3.865
s380,12.996983,77.67026,37,3.88
s380,12.996971,77.67016,38,3.891
s380,12.996966,77.66973,39,3.937
s380,12.996916,77.66948,40,3.965
s380,12.996751,77.66892,41,4.028
s380,12.996397,77.668175,42,4.118
s380,12.996069,77.66741,43,4.209
s380,12.995672,77.66634,44,4.332
s380,12.995532,77.66588,45,4.385
s380,12.995419,77.665474,46,4.431
s380,12.995336,77.665016,47,4.481
s380,12.995306,77.66444,48,4.544
s380,12.995336,77.66396,49,4.595
s380,12.995429,77.663445,50,4.653
s380,12.995591,77.66274,51,4.731
s380,12.995618,77.66251,52,4.756
s380,12.995621,77.66225,53,4.785
s380,12.995595,77.661896,54,4.823
s380,12.995551,77.661644,55,4.85
s380,12.99546,77.661316,56,4.888
s380,12.995279,77.660904,57,4.936
s380,12.994344,77.65909,58,5.159
s380,12.992933,77.656586,59,5.472
s380,12.992439,77.65583,60,5.571
s380,12.992163,77.65551,61,5.617
s380,12.991538,77.654854,62,5.717
s380,12.991352,77.654564,63,5.754
s380,12.991191,77.65411,64,5.807
s380,12.989963,77.64966,65,6.308
s380,12.989896,77.64946,66,6.331
s380,12.989821,77.64929,67,6.351
s380,12.989715,77.64913,68,6.372
s380,12.989534,77.64893,69,6.401
s380,12.989204,77.648705,70,6.445
s380,12.988874,77.648575,71,6.485
s380,12.98815,77.64836,72,6.569
s380,12.987753,77.64822,73,6.616
s380,12.987499,77.648056,74,6.649
s380,12.987211,77.64783,75,6.689
s380,12.987047,77.647575,76,6.722
s380,12.986909,77.647316,77,6.754
s380,12.986498,77.64624,78,6.88
s380,12.984511,77.64127,79,7.461
s380,12.984385,77.64104,80,7.49
s380,12.984081,77.64073,81,7.538
s380,12.983859,77.64063,82,7.565
s380,12.9835,77.64056,83,7.605
s380,12.982925,77.64057,84,7.669
s380,12.979497,77.64076,85,8.051
s380,12.979304,77.640755,86,8.073
s380,12.979113,77.640724,87,8.094
s380,12.978854,77.6406,88,8.126
s380,12.978701,77.64047,89,8.148
s380,12.978593,77.64035,90,8.166
s380,12.978473,77.64017,91,8.19
s380,12.978406,77.63997,92,8.212
s380,12.978374,77.639694,93,8.242
s380,12.978353,77.63866,94,8.355
s380,12.978172,77.63294,95,8.974
s380,12.978178,77.63265,96,9.006
s380,12.978499,77.62917,97,9.384
s380,12.978471,77.628975,98,9.406
s380,12.978404,77.62879,99,9.427
s380,12.978159,77.62835,100,9.482
s380,12.977789,77.62773,101,9.561
s380,12.977575,77.62746,102,9.599
s380,12.97735,77.62722,103,9.635
s380,12.976517,77.62666,104,9.745
s380,12.975633,77.626015,105,9.866
s380,12.975452,77.62585,106,9.893
s380,12.974819,77.62492,107,10.016
s380,12.973343,77.62248,108,10.327
s380,12.973135,77.62203,109,10.381
s380,12.973004,77.6217,110,10.42
s380,12.972878,77.621315,111,10.464
s380,12.972763,77.62084,112,10.517
s380,12.972707,77.620255,113,10.581
s380,12.972641,77.619125,114,10.703
s380,12.972671,77.61868,115,10.751
s380,12.972719,77.618416,116,10.781
s380,12.974017,77.612755,117,11.411
s380,12.974245,77.61192,118,11.505
s380,12.974974,77.60887,119,11.845
s380,12.975186,77.60825,120,11.916
s380,12.975255,77.607994,121,11.945
s380,12.975979,77.605034,122,12.276
s380,12.976604,77.60237,123,12.572
s380,12.976691,77.60217,124,12.596
s380,12.976833,77.60193,125,12.627
s380,12.976972,77.60177,126,12.65
s380,12.97724,77.601585,127,12.686
s380,12.977589,77.60143,128,12.728
s380,12.978837,77.60098,129,12.875
s380,12.979119,77.60084,130,12.91
s380,12.979298,77.60072,131,12.934
s380,12.979767,77.600365,132,12.999
s380,12.979878,77.60026,133,13.016
s380,12.980013,77.6001,134,13.038
s380,12.980109,77.599945,135,13.059
s380,12.980614,77.59864,136,13.21
s380,12.980979,77.59757,137,13.333
s380,12.981389,77.59633,138,13.475
s380,12.981488,77.595985,139,13.514
s380,12.981555,77.59572,140,13.544
s380,12.981632,77.59518,141,13.604
s380,12.981624,77.594864,142,13.637
s380,12.981525,77.594536,143,13.675
s380,12.981267,77.594086,144,13.731
s380,12.981018,77.593735,145,13.778
s380,12.980612,77.593216,146,13.85
s380,12.978996,77.59183,147,14.084
s380,12.977665,77.5906,148,14.284
s380,12.97623,77.58787,149,14.62
s380,12.975083,77.58516,150,14.94
s380,12.974987,77.58496,151,14.964
s380,12.97454,77.584206,152,15.059
s380,12.973249,77.58196,153,15.342
s380,12.973056,77.581535,154,15.393
s380,12.973023,77.58136,155,15.412
s380,12.973025,77.581154,156,15.435
s380,12.973104,77.580894,157,15.464
s380,12.973347,77.58041,158,15.524
s380,12.974359,77.578125,159,15.795
s380,12.975175,77.57613,160,16.029
s380,12.975287,77.57572,161,16.076
s380,12.975665,77.57413,162,16.254
s380,12.975891,77.57129,163,16.562
s380,12.976024,77.56912,164,16.797
s380,12.976013,77.56672,165,17.058
s380,12.975903,77.56538,166,17.204
s380,12.975685,77.56341,167,17.418
s380,12.975638,77.562675,168,17.498
s380,12.975647,77.562325,169,17.536
s380,12.975712,77.56173,170,17.6
s380,12.975765,77.56063,171,17.72
s380,12.975809,77.56006,172,17.782
s380,12.975825,77.55893,173,17.905
s380,12.975698,77.55687,174,18.128
s380,12.975602,77.55382,175,18.459
s380,12.975573,77.55353,176,18.491
s380,12.975504,77.55315,177,18.533
s380,12.975434,77.552956,178,18.555
s380,12.975333,77.55274,179,18.581
s380,12.975103,77.55238,180,18.627
s380,12.974957,77.552185,181,18.654
s380,12.973976,77.55092,182,18.829
s380,12.973864,77.55072,183,18.854
s380,12.973817,77.550545,184,18.874
s380,12.973798,77.550385,185,18.891
s380,12.973801,77.55022,186,18.91
s380,12.973875,77.54991,187,18.944
s380,12.97393,77.54979,188,18.958
s380,12.974245,77.5493,189,19.022
s380,12.974459,77.54891,190,19.07
s380,12.974532,77.54855,191,19.11
s380,12.974545,77.548386,192,19.128
s380,12.974507,77.54807,193,19.162
s380,12.974361,77.547554,194,19.221
s380,12.974251,77.5471,195,19.272
s380,12.97422,77.546814,196,19.302
s380,12.97422,77.544556,197,19.548
s380,12.974102,77.54338,198,19.675
s380,12.973788,77.54182,199,19.849
s380,12.973282,77.53939,200,20.117
s380,12.973139,77.53888,201,20.175
s380,12.972969,77.538574,202,20.213
s380,12.97279,77.538345,203,20.245
s380,12.972621,77.53817,204,20.271
s380,12.972391,77.53799,205,20.304
s380,12.972204,77.53787,206,20.328
s380,12.971789,77.53769,207,20.378
s380,12.970954,77.537384,208,20.477
s380,12.968877,77.536674,209,20.72
s380,12.967598,77.53618,210,20.872
s380,12.96702,77.53591,211,20.943
s380,12.965862,77.53533,212,21.086
s380,12.961875,77.533554,213,21.57
s380,12.960823,77.53315,214,21.694
s380,12.960592,77.53309,215,21.721
s380,12.960364,77.53305,216,21.747
s380,12.960154,77.53304,217,21.77
s380,12.959939,77.53308,218,21.794
s380,12.959189,77.533356,219,21.883
s380,12.958318,77.53373,220,21.988
s380,12.957568,77.53409,221,22.08
s380,12.957002,77.5343,222,22.147
s380,12.956712,77.53438,223,22.18
s380,12.955708,77.53462,224,22.295
s380,12.955391,77.53471,225,22.331
s380,12.955176,77.534805,226,22.358
s380,12.954985,77.534935,227,22.383
s380,12.953519,77.53638,228,22.609
s380,12.953236,77.536606,229,22.649
s380,12.953135,77.53666,230,22.661
s380,12.952033,77.536995,231,22.789
s380,12.951175,77.53731,232,22.89
s380,12.951037,77.53734,233,22.906
s380,12.950638,77.53734,234,22.95
s380,12.950306,77.537254,235,22.988
s380,12.95002,77.5371,236,23.024
s380,12.949802,77.53693,237,23.055
s380,12.949221,77.53633,238,23.147
s380,12.94897,77.53601,239,23.191
s380,12.948237,77.534805,240,23.345
s380,12.948155,77.534615,241,23.368
s380,12.948045,77.53427,242,23.407
s380,12.947608,77.53265,243,23.589
s380,12.94706,77.53088,244,23.79
s380,12.946738,77.53015,245,23.877
s54,13.057436,77.47281,0,0
s54,13.056353,77.477425,1,0.514
s54,13.05479,77.48128,2,0.966
s54,13.051926,77.4892,3,1.881
s54,13.051701,77.48977,4,1.948
s54,13.050752,77.49241,5,2.253
s54,13.050531,77.493256,6,2.348
s54,13.050227,77.49415,7,2.45
s54,13.047978,77.500145,8,3.147
s54,13.047375,77.50178,9,3.336
s54,13.046161,77.50514,10,3.725
s54,13.045265,77.508224,11,4.073
s54,13.044987,77.50886,12,4.148
s54,13.043908,77.51095,13,4.404
s54,13.043714,77.511375,14,4.455
s54,13.043296,77.512566,15,4.592
s54,13.042052,77.51623,16,5.012
s54,13.041907,77.51653,17,5.049
s54,13.04019,77.51842,18,5.329
s54,13.040104,77.51854,19,5.345
s54,13.039444,77.51976,20,5.497
s54,13.038883,77.520836,21,5.629
s54,13.035942,77.52627,22,6.301
s54,13.035765,77.52662,23,6.344
s54,13.03562,77.526985,24,6.387
s54,13.035536,77.52725,25,6.418
s54,13.034861,77.529816,26,6.705
s54,13.034762,77.5301,27,6.738
s54,13.034527,77.530624,28,6.801
s54,13.034347,77.531,29,6.846
s54,13.031744,77.535446,30,7.408
s54,13.030946,77.53662,31,7.563
s54,13.030153,77.537865,32,7.724
s54,13.028788,77.540215,33,8.02
s54,13.027987,77.54164,34,8.199
s54,13.027549,77.54249,35,8.303
s54,13.027135,77.54322,36,8.394
s54,13.026839,77.54368,37,8.454
s54,13.025218,77.54649,38,8.808
s54,13.024755,77.54734,39,8.913
s54,13.023369,77.54975,40,9.216
s54,13.022634,77.55102,41,9.376
s54,13.02253,77.55118,42,9.397
s54,13.022279,77.55149,43,9.441
s54,13.022034,77.55172,44,9.478
s54,13.021527,77.55204,45,9.544
s54,13.019498,77.55311,46,9.798
s54,13.019352,77.55318,47,9.816
s54,13.016834,77.55384,48,10.105
s54,13.016648,77.55388,49,10.126
s54,13.016007,77.55395,50,10.197
s54,13.013763,77.554085,51,10.447
s54,13.013473,77.55405,52,10.48
s54,13.013222,77.55393,53,10.511
s54,13.013025,77.5538,54,10.537
s54,13.012839,77.55363,55,10.564
s54,13.012707,77.553444,56,10.589
s54,13.012547,77.55315,57,10.626
s54,13.012195,77.55241,58,10.715
s54,13.011041,77.55033,59,10.974
s54,13.010919,77.55014,60,10.999
s54,13.010644,77.549805,61,11.046
s54,13.010184,77.54942,62,11.112
s54,13.009911,77.54926,63,11.147
s54,13.009604,77.54912,64,11.185
s54,13.009419,77.54906,65,11.206
s54,13.008865,77.54894,66,11.269
s54,13.007378,77.54872,67,11.436
s54,13.007027,77.548676,68,11.476
s54,13.006678,77.548676,69,11.514
s54,13.005671,77.54887,70,11.628
s54,13.002551,77.5494,71,11.98
s54,13.000536,77.5497,72,12.206
s54,12.998884,77.54999,73,12.393
s54,12.99854,77.55007,74,12.432
s54,12.998318,77.55018,75,12.459
s54,12.998136,77.55035,76,12.487
s54,12.998002,77.55053,77,12.511
s54,12.997906,77.55075,78,12.538
s54,12.997846,77.55098,79,12.564
s54,12.997844,77.55121,80,12.589
s54,12.997893,77.551506,81,12.621
s54,12.998056,77.55216,82,12.694
s54,12.99825,77.55306,83,12.795
s54,12.998695,77.55542,84,13.055
s54,12.998683,77.5559,85,13.106
s54,12.998635,77.55629,86,13.149
s54,12.998524,77.55688,87,13.214
s54,12.998412,77.557396,88,13.271
s54,12.998273,77.557884,89,13.326
s54,12.998025,77.55863,90,13.412
s54,12.997472,77.56012,91,13.585
s54,12.99692,77.56127,92,13.724
s54,12.996785,77.5616,93,13.762
s54,12.996728,77.561806,94,13.785
s54,12.996541,77.56331,95,13.95
s54,12.996338,77.56432,96,14.062
s54,12.996283,77.56474,97,14.108
s54,12.996287,77.56486,98,14.12
s54,12.996438,77.56571,99,14.215
s54,12.996453,77.565956,100,14.241
s54,12.99641,77.5663,101,14.278
s54,12.996321,77.5665,102,14.302
s54,12.996215,77.566666,103,14.324
s54,12.995968,77.566895,104,14.361
s54,12.993648,77.56854,105,14.674
s54,12.992799,77.569084,106,14.786
s54,12.990016,77.5711,107,15.164
s54,12.989627,77.571396,108,15.218
s54,12.989244,77.57165,109,15.269
s54,12.988872,77.57181,110,15.314
s54,12.988634,77.571884,111,15.341
s54,12.988335,77.571945,112,15.375
s54,12.987536,77.57199,113,15.464
s54,12.987276,77.572,114,15.493
s54,12.985722,77.57207,115,15.666
s54,12.981792,77.57195,116,16.103
s54,12.980429,77.572,117,16.255
s54,12.980159,77.572075,118,16.286
s54,12.979795,77.57228,119,16.332
s54,12.978832,77.57278,120,16.452
s54,12.978501,77.57285,121,16.49
s54,12.97796,77.57285,122,16.55
s54,12.976823,77.573074,123,16.679
s54,12.973318,77.573006,124,17.068
s54,12.969702,77.57461,125,17.506
s54,12.969299,77.5747,126,17.552
s54,12.967471,77.57459,127,17.756
s54,12.965682,77.57454,128,17.955
s54,12.965034,77.57461,129,18.027
s54,12.964528,77.57474,130,18.085
s54,12.964131,77.57485,131,18.131
s54,12.963897,77.57489,132,18.157
s54,12.963372,77.57493,133,18.216
s54,12.962302,77.57489,134,18.335
s54,12.96089,77.574684,135,18.494
s54,12.959669,77.574486,136,18.631
s54,12.958963,77.57423,137,18.714
s54,12.958635,77.574135,138,18.752
s54,12.957416,77.573685,139,18.896
s54,12.957201,77.57363,140,18.921
s54,12.956978,77.573616,141,18.946
s54,12.955944,77.57367,142,19.061
s54,12.949482,77.57372,143,19.779
s54,12.949205,77.57378,144,19.811
s54,12.948882,77.573944,145,19.851
s54,12.948781,77.57402,146,19.865
s54,12.948682,77.574135,147,19.881
s54,12.948604,77.57424,148,19.896
s54,12.948544,77.57436,149,19.91
s54,12.948476,77.574554,150,19.933
s54,12.948426,77.57483,151,19.963
s54,12.948328,77.57573,152,20.061
s54,12.948286,77.57636,153,20.13
s54,12.948307,77.57898,154,20.413
s54,12.948269,77.57917,155,20.435
s54,12.948189,77.579384,156,20.46
s54,12.948048,77.57961,157,20.489
s54,12.947897,77.57977,158,20.513
s54,12.94759,77.579956,159,20.552
s54,12.947317,77.58002,160,20.583
s54,12.946535,77.58004,161,20.67
s54,12.940163,77.580055,162,21.379
s54,12.939617,77.58007,163,21.44
s54,12.933122,77.58011,164,22.162
s54,12.929507,77.58016,165,22.564
s54,12.927145,77.58022,166,22.827
s54,12.924916,77.580246,167,23.075
s54,12.922131,77.580284,168,23.384
s54,12.920853,77.58029,169,23.526
s54,12.920073,77.5803,170,23.613
s54,12.91829,77.580315,171,23.811
s54,12.91808,77.580284,172,23.835
s54,12.917857,77.580215,173,23.861
s54,12.917764,77.58017,174,23.872
s54,12.917591,77.580055,175,23.895
s54,12.917381,77.579834,176,23.929
s54,12.917314,77.579735,177,23.942
s54,12.917196,77.57942,178,23.978
s54,12.917149,77.579,179,24.024
s54,12.917159,77.57851,180,24.078
s54,12.917191,77.57834,181,24.096
s54,12.917279,77.57802,182,24.133
s54,12.917508,77.57743,183,24.201
s54,12.917558,77.577255,184,24.22
s54,12.917587,77.57709,185,24.24
s54,12.917626,77.575096,186,24.455
s54,12.917626,77.57493,187,24.473
s54,12.917606,77.57478,188,24.489
s54,12.917519,77.57449,189,24.522
s54,12.917387,77.574265,190,24.551
s54,12.917268,77.57412,191,24.572
s54,12.917085,77.573975,192,24.597
s54,12.916897,77.57388,193,24.62
s54,12.916724,77.57383,194,24.641
s54,12.915219,77.57362,195,24.809
s54,12.913949,77.573395,196,24.953
s54,12.913142,77.5732,197,25.045
s54,12.912677,77.573044,198,25.099
s54,12.912023,77.57293,199,25.173
s54,12.911675,77.57289,200,25.212
s54,12.911436,77.57288,201,25.239
s54,12.908955,77.57296,202,25.515
s54,12.908157,77.573044,203,25.604
s54,12.907481,77.57315,204,25.68
s54,12.906644,77.573235,205,25.773
s54,12.90622,77.573296,206,25.821
s54,12.905963,77.57332,207,25.85
s54,12.905773,77.57335,208,25.871
s54,12.905306,77.57337,209,25.923
s54,12.904904,77.57334,210,25.968
s54,12.903846,77.573235,211,26.086
s54,12.903628,77.57324,212,26.11
s54,12.902377,77.57344,213,26.251
s54,12.902068,77.57347,214,26.286
s54,12.901919,77.57348,215,26.302
s54,12.901497,77.573425,216,26.349
s54,12.901175,77.57336,217,26.386
s54,12.900277,77.5731,218,26.49
s54,12.899682,77.572914,219,26.559
s54,12.899605,77.57286,220,26.569
s54,12.898998,77.57255,221,26.645
s54,12.897252,77.57126,222,26.884
s54,12.896036,77.57014,223,27.066
s54,12.894993,77.56922,224,27.219
s54,12.893946,77.568214,225,27.378
s54,12.893221,77.567474,226,27.491
s54,12.891989,77.56615,227,27.691
s54,12.891276,77.565315,228,27.81
s54,12.890088,77.563995,229,28.005
s54,12.889624,77.56349,230,28.081
s54,12.88793,77.56152,231,28.365
s54,12.887721,77.56121,232,28.406
s54,12.887135,77.56042,233,28.514
s54,12.886917,77.559975,234,28.568
s54,12.886667,77.55928,235,28.648
s54,12.886261,77.55798,236,28.795
s54,12.886199,77.55774,237,28.822
s54,12.88589,77.55688,238,28.922
s54,12.885637,77.55599,239,29.023
s54,12.885286,77.554924,240,29.145
s54,12.884665,77.552925,241,29.372
s54,12.883902,77.55036,242,29.663
s54,12.88325,77.54779,243,29.951
s54,12.883022,77.54732,244,30.008
s54,12.882898,77.54714,245,30.031
s54,12.882748,77.54702,246,30.053
s54,12.882395,77.54682,247,30.097
s54,12.881678,77.54652,248,30.184
s54,12.879415,77.5456,249,30.454
s54,12.876628,77.544426,250,30.789
s54,12.87614,77.54418,251,30.849
s54,12.875821,77.54393,252,30.894
s54,12.875536,77.543655,253,30.938
s54,12.875315,77.54339,254,30.976
s54,12.875054,77.54296,255,31.031
s54,12.874797,77.54235,256,31.102
s54,12.874312,77.54129,257,31.23
s54,12.873954,77.5407,258,31.305
s54,12.873674,77.54036,259,31.353
s54,12.873435,77.54011,260,31.391
s54,12.873148,77.539825,261,31.435
s54,12.869117,77.53659,262,32.005
s54,12.867055,77.535,263,32.291
s54,12.866038,77.53424,264,32.432
s54,12.864492,77.53302,265,32.648
s54,12.863969,77.532486,266,32.73
s54,12.863624,77.532074,267,32.789
s54,12.862773,77.53081,268,32.956
s54,12.862542,77.530495,269,32.998
s54,12.861712,77.52998,270,33.106
s609,12.897373,77.46127,0,0
s609,12.897717,77.46171,1,0.06
s609,12.899617,77.46471,2,0.448
s609,12.900177,77.46552,3,0.557
s609,12.900649,77.46631,4,0.656
s609,12.902021,77.46885,5,0.971
s609,12.902212,77.46911,6,1.007
s609,12.902693,77.46956,7,1.079
s609,12.904659,77.470764,8,1.334
s609,12.904882,77.470955,9,1.366
s609,12.905096,77.471214,10,1.403
s609,12.905639,77.47197,11,1.504
s609,12.906619,77.47323,12,1.679
s609,12.906751,77.47344,13,1.706
s609,12.906876,77.47368,14,1.736
s609,12.906988,77.47394,15,1.767
s609,12.907291,77.47534,16,1.922
s609,12.907502,77.47581,17,1.978
s609,12.907602,77.47596,18,1.998
s609,12.907928,77.47658,19,2.074
s609,12.908407,77.47732,20,2.171
s609,12.908519,77.47759,21,2.202
s609,12.908611,77.47788,22,2.236
s609,12.908788,77.47879,23,2.336
s609,12.908851,77.47898,24,2.358
s609,12.909272,77.48009,25,2.486
s609,12.909323,77.48021,26,2.501
s609,12.909448,77.4804,27,2.526
s609,12.909605,77.48064,28,2.557
s609,12.909798,77.48089,29,2.592
s609,12.909966,77.481155,30,2.626
s609,12.910108,77.481445,31,2.661
s609,12.91022,77.481735,32,2.695
s609,12.910334,77.48219,33,2.746
s609,12.910372,77.482506,34,2.78
s609,12.910381,77.482666,35,2.798
s609,12.91036,77.48334,36,2.871
s609,12.910341,77.48355,37,2.894
s609,12.910359,77.483765,38,2.917
s609,12.910382,77.48387,39,2.929
s609,12.910453,77.48407,40,2.952
s609,12.910609,77.48432,41,2.984
s609,12.910673,77.4844,42,2.995
s609,12.910901,77.48459,43,3.028
s609,12.911074,77.48468,44,3.05
s609,12.912245,77.48503,45,3.185
s609,12.912612,77.48521,46,3.23
s609,12.912798,77.48534,47,3.256
s609,12.912962,77.48551,48,3.282
s609,12.913266,77.48591,49,3.337
s609,12.914258,77.48727,50,3.52
s609,12.915052,77.48828,51,3.662
s609,12.915425,77.48879,52,3.73
s609,12.916243,77.48968,53,3.863
s609,12.916583,77.490105,54,3.923
s609,12.916946,77.49042,55,3.975
s609,12.917677,77.490746,56,4.064
s609,12.918613,77.49122,57,4.18
s609,12.91902,77.49148,58,4.233
s609,12.919592,77.49202,59,4.32
s609,12.919996,77.492546,60,4.392
s609,12.920248,77.49281,61,4.433
s609,12.920944,77.49336,62,4.531
s609,12.921392,77.49366,63,4.59
s609,12.921592,77.49389,64,4.623
s609,12.92193,77.494415,65,4.692
s609,12.922775,77.49606,66,4.893
s609,12.923085,77.49682,67,4.982
s609,12.923291,77.49727,68,5.036
s609,12.923495,77.49756,69,5.075
s609,12.925092,77.499176,70,5.324
s609,12.926077,77.50026,71,5.485
s609,12.927765,77.5025,72,5.792
s609,12.928207,77.50298,73,5.864
s609,12.928678,77.5034,74,5.933
s609,12.929096,77.50389,75,6.003
s609,12.92916,77.504005,76,6.018
s609,12.929504,77.50505,77,6.137
s609,12.929616,77.50528,78,6.165
s609,12.929764,77.505516,79,6.195
s609,12.930001,77.50575,80,6.232
s609,12.930321,77.50597,81,6.275
s609,12.931125,77.50639,82,6.375
s609,12.931273,77.50654,83,6.398
s609,12.931485,77.50681,84,6.436
s609,12.932606,77.50842,85,6.651
s609,12.934499,77.510506,86,6.959
s609,12.934739,77.510735,87,6.996
s609,12.934965,77.51104,88,7.037
s609,12.935175,77.51154,89,7.096
s609,12.935383,77.51222,90,7.173
s609,12.935983,77.51383,91,7.36
s609,12.936058,77.51424,92,7.405
s609,12.936101,77.5151,93,7.499
s609,12.936137,77.51552,94,7.544
s609,12.936279,77.51654,95,7.657
s609,12.936325,77.51701,96,7.707
s609,12.936335,77.51785,97,7.798
s609,12.936313,77.518364,98,7.854
s609,12.936339,77.51869,99,7.89
s609,12.936424,77.51902,100,7.926
s609,12.936674,77.51966,101,8.001
s609,12.936994,77.52056,102,8.105
s609,12.937242,77.52088,103,8.149
s609,12.937577,77.52114,104,8.196
s609,12.937917,77.52143,105,8.245
s609,12.938187,77.521736,106,8.29
s609,12.938983,77.52295,107,8.448
s609,12.939455,77.52346,108,8.525
s609,12.940113,77.52406,109,8.623
s609,12.940956,77.524666,110,8.737
s609,12.941206,77.524826,111,8.77
s609,12.941683,77.5251,112,8.831
s609,12.942611,77.5257,113,8.953
s609,12.943438,77.52631,114,9.066
s609,12.944048,77.52666,115,9.143
s609,12.944809,77.52729,116,9.253
s609,12.945214,77.527725,117,9.318
s609,12.945714,77.52831,118,9.402
s609,12.946013,77.52873,119,9.459
s609,12.94633,77.52924,120,9.525
s609,12.94706,77.53088,121,9.72
s609,12.947608,77.53265,122,9.921
s609,12.948045,77.53427,123,10.103
s609,12.948155,77.534615,124,10.142
s609,12.948237,77.534805,125,10.164
s609,12.94897,77.53601,126,10.319
s609,12.949221,77.53633,127,10.363
s609,12.949802,77.53693,128,10.454
s609,12.95002,77.5371,129,10.485
s609,12.950306,77.537254,130,10.521
s609,12.950638,77.53734,131,10.559
s609,12.951037,77.53734,132,10.603
s609,12.951175,77.53731,133,10.619
s609,12.952033,77.536995,134,10.72
s609,12.953135,77.53666,135,10.848
s609,12.953236,77.536606,136,10.861
s609,12.953519,77.53638,137,10.901
s609,12.954985,77.534935,138,11.127
s609,12.955176,77.534805,139,11.152
s609,12.955391,77.53471,140,11.178
s609,12.955708,77.53462,141,11.215
s609,12.956712,77.53438,142,11.329
s609,12.957002,77.5343,143,11.363
s609,12.957568,77.53409,144,11.43
s609,12.958318,77.53373,145,11.522
s609,12.959189,77.533356,146,11.627
s609,12.959939,77.53308,147,11.715
s609,12.960154,77.53304,148,11.739
s609,12.960364,77.53305,149,11.763
s609,12.960592,77.53309,150,11.789
s609,12.960823,77.53315,151,11.815
s609,12.961875,77.533554,152,11.94
s609,12.965862,77.53533,153,12.423
s609,12.96702,77.53591,154,12.567
s609,12.967598,77.53618,155,12.637
s609,12.968877,77.536674,156,12.789
s609,12.970954,77.537384,157,13.033
s609,12.972018,77.53778,158,13.159
s609,12.972204,77.53787,159,13.181
s609,12.972391,77.53799,160,13.206
s609,12.972621,77.53817,161,13.238
s609,12.97279,77.538345,162,13.265
s609,12.972969,77.538574,163,13.296
s609,12.973139,77.53888,164,13.335
s609,12.973282,77.53939,165,13.392
s609,12.973788,77.54182,166,13.661
s609,12.974102,77.54338,167,13.834
s609,12.97422,77.544556,168,13.962
s609,12.97422,77.546814,169,14.207
s609,12.974251,77.5471,170,14.238
s609,12.974361,77.547554,171,14.288
s609,12.974507,77.54807,172,14.347
s609,12.974539,77.54826,173,14.368
s609,12.974545,77.548386,174,14.381
s609,12.974532,77.54855,175,14.399
s609,12.974459,77.54891,176,14.439
s609,12.974245,77.5493,177,14.488
s609,12.97393,77.54979,178,14.551
s609,12.973875,77.54991,179,14.566
s609,12.973801,77.55022,180,14.6
s609,12.973798,77.550385,181,14.618
s609,12.973817,77.550545,182,14.635
s609,12.973864,77.55072,183,14.655
s609,12.973976,77.55092,184,14.68
s609,12.974957,77.552185,185,14.855
s609,12.975103,77.55238,186,14.882
s609,12.975333,77.55274,187,14.929
s609,12.975434,77.552956,188,14.955
s609,12.975504,77.55315,189,14.976
s609,12.975573,77.55353,190,15.019
s609,12.975602,77.55382,191,15.05
s609,12.975698,77.55687,192,15.381
s609,12.975825,77.55893,193,15.605
s609,12.975809,77.56006,194,15.727
s609,12.975765,77.56063,195,15.789
s609,12.975712,77.56173,196,15.909
s609,12.975647,77.562325,197,15.973
s609,12.975638,77.562675,198,16.011
s609,12.975685,77.56341,199,16.091
s609,12.975903,77.56538,200,16.305
s609,12.976013,77.56672,201,16.451
s609,12.976024,77.56912,202,16.712
s609,12.975891,77.57129,203,16.947
s609,12.975665,77.57413,204,17.256
s609,12.975287,77.57572,205,17.434
s609,12.975175,77.57613,206,17.48
s609,12.974359,77.578125,207,17.714
s609,12.973347,77.58041,208,17.986
s609,12.973104,77.580894,209,18.045
s609,12.973025,77.581154,210,18.075
s609,12.973023,77.58136,211,18.097
s609,12.973056,77.581535,212,18.117
s609,12.973249,77.58196,213,18.167
s609,12.97454,77.584206,214,18.45
s609,12.974987,77.58496,215,18.546
s609,12.975083,77.58516,216,18.57
s609,12.97623,77.58787,217,18.889
s609,12.977665,77.5906,218,19.226
s609,12.978996,77.59183,219,19.425
s609,12.980612,77.593216,220,19.659
s609,12.981018,77.593735,221,19.731
s609,12.981267,77.594086,222,19.778
s609,12.981525,77.594536,223,19.835
s609,12.981624,77.594864,224,19.872
s609,12.981632,77.59518,225,19.906
s609,12.981555,77.59572,226,19.965
s609,12.981488,77.595985,227,19.996
s609,12.981389,77.59633,228,20.034
s609,12.980979,77.59757,229,20.177
s609,12.980614,77.59864,230,20.299
s609,12.980109,77.599945,231,20.451
s609,12.980013,77.6001,232,20.471
s609,12.979878,77.60026,233,20.494
s609,12.979767,77.600365,234,20.51
s609,12.979298,77.60072,235,20.575
s609,12.979119,77.60084,236,20.599
s609,12.978837,77.60098,237,20.634
s609,12.977589,77.60143,238,20.781
s609,12.97724,77.601585,239,20.823
s609,12.976972,77.60177,240,20.859
s609,12.976833,77.60193,241,20.883
s609,12.976691,77.60217,242,20.914
s609,12.976604,77.60237,243,20.937
s609,12.975979,77.605034,244,21.233
s609,12.975255,77.607994,245,21.564
s609,12.975186,77.60825,246,21.593
s609,12.974974,77.60887,247,21.664
s609,12.974245,77.61192,248,22.005
s609,12.974017,77.612755,249,22.098
s609,12.972719,77.618416,250,22.729
s609,12.972671,77.61868,251,22.758
s609,12.972641,77.619125,252,22.806
s609,12.972707,77.620255,253,22.928
s609,12.972763,77.62084,254,22.993
s609,12.972878,77.621315,255,23.045
s609,12.973004,77.6217,256,23.089
s609,12.973135,77.62203,257,23.129
s609,12.973343,77.62248,258,23.182
s609,12.974819,77.62492,259,23.494
s609,12.975452,77.62585,260,23.616
s609,12.975633,77.626015,261,23.643
s609,12.976108,77.62637,262,23.709
s609,12.976517,77.62666,263,23.764
s609,12.97735,77.62722,264,23.875
s609,12.977575,77.62746,265,23.91
s609,12.977789,77.62773,266,23.949
s609,12.978159,77.62835,267,24.027
s609,12.978404,77.62879,268,24.082
s609,12.978471,77.628975,269,24.103
s609,12.978499,77.62917,270,24.125
s609,12.978178,77.63265,271,24.504
s609,12.978172,77.63294,272,24.535
s609,12.978353,77.63866,273,25.155
s609,12.978374,77.639694,274,25.267
s609,12.978406,77.63997,275,25.297
s609,12.978473,77.64017,276,25.32
s609,12.978593,77.64035,277,25.344
s609,12.978701,77.64047,278,25.362
s609,12.978854,77.6406,279,25.384
s609,12.979113,77.640724,280,25.415
s609,12.979497,77.64076,281,25.458
s609,12.982925,77.64057,282,25.84
s609,12.9835,77.64056,283,25.904
s609,12.983859,77.64063,284,25.945
s609,12.984081,77.64073,285,25.972
s609,12.984385,77.64104,286,26.019
s609,12.984511,77.64127,287,26.048
s609,12.986498,77.64624,288,26.63
s609,12.986909,77.647316,289,26.756
s609,12.987047,77.647575,290,26.788
s609,12.987211,77.64783,291,26.82
s609,12.987499,77.648056,292,26.861
s609,12.987692,77.64818,293,26.886
s609,12.987753,77.64822,294,26.894
s609,12.988012,77.648315,295,26.925
s609,12.988874,77.648575,296,27.025
s609,12.989204,77.648705,297,27.064
s609,12.989534,77.64893,298,27.108
s609,12.989767,77.64921,299,27.147
s609,12.989863,77.649376,300,27.169
s609,12.989963,77.64966,301,27.202
s609,12.991191,77.65411,302,27.703
s609,12.991352,77.654564,303,27.755
s609,12.991538,77.654854,304,27.793
s609,12.992163,77.65551,305,27.892
s609,12.992439,77.65583,306,27.939
s609,12.992933,77.656586,307,28.037
s609,12.994344,77.65909,308,28.35
s609,12.99499,77.66033,309,28.503
s609,12.995383,77.661125,310,28.6
s609,12.99546,77.661316,311,28.622
s609,12.995551,77.661644,312,28.659
s609,12.995611,77.662056,313,28.704
s609,12.995623,77.66238,314,28.739
s609,12.995591,77.66274,315,28.779
s609,12.995429,77.663445,316,28.856
s609,12.995336,77.66396,317,28.914
s609,12.99531,77.66424,318,28.944
s609,12.99531,77.664635,319,28.987
s609,12.995336,77.665016,320,29.028
s609,12.995419,77.665474,321,29.079
s609,12.995672,77.66634,322,29.177
s609,12.996069,77.66741,323,29.301
s609,12.996397,77.668175,324,29.391
s609,12.996751,77.66892,325,29.482
s609,12.996916,77.66948,326,29.545
s609,12.996966,77.66973,327,29.572
s609,12.996971,77.67016,328,29.619
s609,12.996983,77.67026,329,29.63
s609,12.997024,77.670395,330,29.645
s609,12.999226,77.674934,331,30.194
s609,12.99947,77.675446,332,30.256
s609,12.9998,77.6762,333,30.346
s609,12.999866,77.67651,334,30.381
s609,12.999901,77.67683,335,30.415
s609,12.999949,77.67845,336,30.591
s609,13.000019,77.67989,337,30.747
s609,13.000113,77.68064,338,30.829
s609,13.000157,77.680855,339,30.852
s609,13.000299,77.681366,340,30.91
s609,13.00039,77.6816,341,30.938
s609,13.000431,77.68187,342,30.967
s609,13.000404,77.6826,343,31.046
s609,13.000403,77.68382,344,31.179
s609,13.000379,77.684555,345,31.258
s609,13.000259,77.68621,346,31.438
s609,13.000179,77.68657,347,31.478
s609,13.000118,77.686745,348,31.498
s609,12.999791,77.68727,349,31.566
s609,12.99948,77.68769,350,31.623
s609,12.999269,77.68792,351,31.657
s609,12.998964,77.688194,352,31.702
s609,12.998476,77.68866,353,31.776
s609,12.998254,77.688896,354,31.812
s609,12.997497,77.6904,355,31.995
s609,12.996994,77.6915,356,32.127
s609,12.99621,77.69373,357,32.384
s609,12.995542,77.69525,358,32.564
s609,12.995455,77.695564,359,32.6
s609,12.995272,77.697,360,32.756
s609,12.995125,77.69793,361,32.859
s609,12.99508,77.69809,362,32.877
s609,12.994669,77.69919,363,33.004
s609,12.994401,77.70002,364,33.099
s609,12.994032,77.70161,365,33.276
s609,12.993869,77.70212,366,33.334
s609,12.993475,77.70364,367,33.505
s609,12.993147,77.7048,368,33.636
s609,12.993062,77.70522,369,33.683
s609,12.993026,77.70561,370,33.725
s609,12.992944,77.70753,371,33.932
s609,12.992867,77.70942,372,34.138
s609,12.992854,77.71058,373,34.264
s609,12.992834,77.71081,374,34.288
s609,12.99265,77.7116,375,34.377
s609,12.992277,77.71281,376,34.514
s609,12.992009,77.71341,377,34.585
s609,12.991891,77.71359,378,34.609
s609,12.991775,77.713715,379,34.628
s609,12.991385,77.713936,380,34.677
s609,12.990839,77.713974,381,34.738
s609,12.990584,77.71395,382,34.767
s609,12.990448,77.71388,383,34.783
s609,12.990286,77.71377,384,34.805
s609,12.990175,77.71364,385,34.824
s609,12.990002,77.71338,386,34.858
s609,12.989807,77.713066,387,34.898
s609,12.989022,77.711754,388,35.065
s609,12.988259,77.71044,389,35.23
s609,12.98787,77.709724,390,35.319
s609,12.987747,77.70957,391,35.341
s609,12.987478,77.7093,392,35.383
s609,12.987096,77.70902,393,35.435
s609,12.986512,77.70871,394,35.509
s609,12.985809,77.70844,395,35.592
s609,12.98522,77.708305,396,35.659
s609,12.984305,77.70826,397,35.761
s609,12.983049,77.708305,398,35.901
s609,12.982639,77.70835,399,35.946
s609,12.982074,77.708466,400,36.011
s609,12.980531,77.70889,401,36.188
s609,12.979208,77.709274,402,36.341
s609,12.97894,77.70938,403,36.373
s609,12.97876,77.70948,404,36.396
s609,12.978563,77.70964,405,36.424
s609,12.978393,77.70993,406,36.461
s609,12.978272,77.7103,407,36.502
s609,12.978252,77.71045,408,36.519
s609,12.978249,77.71075,409,36.551
s609,12.97817,77.7112,410,36.601
s609,12.978058,77.712036,411,36.693
s609,12.977764,77.714516,412,36.963
s609,12.977483,77.71635,413,37.164
s609,12.97737,77.71752,414,37.292
s609,12.977191,77.71985,415,37.544
s609,12.976888,77.72268,416,37.853
s609,12.976798,77.723175,417,37.908
s609,12.976738,77.723595,418,37.954
s609,12.976505,77.72611,419,38.228
s609,12.976515,77.72635,420,38.254
s609,12.976567,77.726555,421,38.276
s609,12.97662,77.72669,422,38.293
s609,12.976698,77.72683,423,38.31
s609,12.976802,77.72695,424,38.327
s609,12.976953,77.72709,425,38.35
s609,12.977138,77.7272,426,38.374
s609,12.977233,77.72724,427,38.385
s609,12.977486,77.727295,428,38.414
s609,12.978588,77.727325,429,38.537
s609,12.979342,77.72729,430,38.621
s609,12.979692,77.72729,431,38.66
s609,12.980031,77.72732,432,38.697
s609,12.981023,77.7275,433,38.81
s609,12.981543,77.72762,434,38.869
s609,12.981715,77.72766,435,38.888
s609,12.982213,77.72778,436,38.945
s609,12.982454,77.72785,437,38.973
s609,12.982947,77.72806,438,39.032
s609,12.983341,77.72827,439,39.082
s609,12.983593,77.72845,440,39.116
s609,12.983889,77.72867,441,39.157
s609,12.984309,77.72901,442,39.216
s609,12.984874,77.729485,443,39.298
s609,12.985392,77.72996,444,39.375
s609,12.985611,77.73021,445,39.411
s609,12.985758,77.73041,446,39.438
s609,12.98657,77.731766,447,39.61
s609,12.986838,77.73204,448,39.653
s609,12.987521,77.73255,449,39.747
s609,12.987699,77.732765,450,39.778
s609,12.987756,77.73286,451,39.789
s609,12.987816,77.73296,452,39.802
s609,12.987909,77.73322,453,39.832
s609,12.987936,77.73346,454,39.858
s609,12.987927,77.733635,455,39.878
s609,12.987684,77.7353,456,40.059
s609,12.987635,77.735855,457,40.12
s609,12.987636,77.739204,458,40.483
s609,12.987627,77.73996,459,40.565
s609,12.987608,77.74015,460,40.586
s609,12.986654,77.743935,461,41.009
s609,12.986233,77.74552,462,41.187
s609,12.986121,77.74585,463,41.225
s609,12.985248,77.74815,464,41.493
s609,12.984266,77.750984,465,41.818
s609,12.984222,77.75126,466,41.848
s609,12.984215,77.751396,467,41.864
s609,12.984247,77.751686,468,41.895
s609,12.984293,77.751854,469,41.914
s609,12.984403,77.75215,470,41.948
s609,12.984504,77.75232,471,41.97
s609,12.984721,77.75261,472,42.01
s609,12.984872,77.75275,473,42.032
s609,12.985059,77.752884,474,42.058
s609,12.985387,77.75308,475,42.1
s609,12.986745,77.753624,476,42.262
s609,12.988907,77.75455,477,42.523
s609,12.989526,77.754814,478,42.597
s609,12.990051,77.75507,479,42.662
s609,12.990288,77.755226,480,42.693
s609,12.992297,77.75675,481,42.971
s609,12.992621,77.75696,482,43.013
s609,12.993006,77.75712,483,43.06
s609,12.995197,77.75778,484,43.314
s609,12.99575,77.75792,485,43.377
