event_id,station_code,timestamp,card_type,direction,gate_id,fare_amount
TX0000000,ST03,2026-06-28 06:00:00,smart_card,entry,G04,1.94
TX0000001,ST05,2026-08-20 11:00:00,smart_card,entry,G03,4.5
TX0000002,ST03,2026-07-17 17:00:00,day_pass,exit,G08,4.25
TX0000003,ST05,2026-07-30 18:00:00,smart_card,exit,G02,3.35
TX0000004,ST07,2026-07-11 08:00:00,monthly_pass,exit,G05,3.39
TX0000005,ST09,2026-06-28 13:00:00,smart_card,exit,G02,2.34
TX0000006,ST08,2026-07-01 06:00:00,smart_card,entry,G02,2.67
TX0000007,ST03,2026-08-02 01:00:00,smart_card,exit,G05,2.12
TX0000008,ST05,2026-07-09 15:00:00,smart_card,entry,G08,4.35
TX0000009,ST02,2026-08-20 10:00:00,smart_card,entry,G09,3.95
TX0000010,ST10,2026-08-08 11:00:00,smart_card,exit,G12,2.38
TX0000011,ST10,2026-07-25 06:00:00,smart_card,exit,G04,2.59
TX0000012,ST07,2026-07-28 03:00:00,smart_card,entry,G05,1.53
TX0000013,ST09,2026-06-24 19:00:00,smart_card,exit,G11,2.3
TX0000014,ST06,2026-07-17 05:00:00,smart_card,exit,G03,2.3
TX0000015,ST06,2026-06-23 01:00:00,smart_card,exit,G08,1.96
TX0000016,ST05,2026-07-05 03:00:00,smart_card,entry,G09,4.25
TX0000017,ST09,2026-08-07 06:00:00,monthly_pass,entry,G06,1.57
TX0000018,ST01,2026-07-04 07:00:00,smart_card,exit,G11,3.18
TX0000019,ST10,2026-08-13 16:00:00,smart_card,exit,G04,2.75
TX0000020,ST06,2026-07-08 04:00:00,monthly_pass,exit,G02,2.7
TX0000021,ST02,2026-07-16 23:00:00,day_pass,entry,G02,1.95
TX0000022,ST08,2026-08-04 16:00:00,smart_card,exit,G07,3.88
TX0000023,ST10,2026-07-06 11:00:00,monthly_pass,entry,G07,2.47
TX0000024,ST04,2026-07-15 14:00:00,monthly_pass,exit,G07,3.55
TX0000025,ST04,2026-07-29 14:00:00,single_ticket,exit,G05,2.45
TX0000026,ST10,2026-08-19 05:00:00,single_ticket,exit,G06,4.23
TX0000027,ST06,2026-07-26 16:00:00,single_ticket,entry,G12,2.18
TX0000028,ST05,2026-07-30 23:00:00,monthly_pass,entry,G06,4.0
TX0000029,ST06,2026-08-08 09:00:00,smart_card,entry,G09,3.73
TX0000030,ST05,2026-08-15 22:00:00,day_pass,exit,G11,4.11
TX0000031,ST05,2026-07-30 09:00:00,smart_card,exit,G02,4.46
TX0000032,ST04,2026-07-27 19:00:00,single_ticket,exit,G03,3.23
TX0000033,ST06,2026-07-16 23:00:00,monthly_pass,exit,G07,3.69
TX0000034,ST10,2026-08-09 15:00:00,smart_card,exit,G09,3.21
TX0000035,ST09,2026-07-10 11:00:00,smart_card,exit,G11,4.18
TX0000036,ST10,2026-07-06 20:00:00,day_pass,exit,G09,3.35
TX0000037,ST04,2026-08-16 11:00:00,single_ticket,entry,G12,4.04
TX0000038,ST03,2026-08-15 20:00:00,single_ticket,exit,G12,2.29
TX0000039,ST04,2026-08-10 12:00:00,monthly_pass,entry,G12,1.63
TX0000040,ST06,2026-06-28 09:00:00,smart_card,entry,G08,1.8
TX0000041,ST03,2026-07-24 17:00:00,single_ticket,entry,G10,3.46
TX0000042,ST07,2026-07-28 13:00:00,single_ticket,exit,G12,4.01
TX0000043,ST05,2026-08-20 20:00:00,smart_card,entry,G04,2.23
TX0000044,ST02,2026-07-19 04:00:00,smart_card,exit,G07,3.27
TX0000045,ST05,2026-07-09 17:00:00,single_ticket,entry,G08,3.08
TX0000046,ST06,2026-08-04 19:00:00,single_ticket,entry,G05,3.48
TX0000047,ST01,2026-08-03 19:00:00,single_ticket,exit,G09,2.19
TX0000048,ST07,2026-08-06 22:00:00,smart_card,entry,G09,2.17
TX0000049,ST01,2026-08-16 08:00:00,single_ticket,entry,G11,3.84
TX0000050,ST08,2026-08-02 12:00:00,smart_card,entry,G03,1.65
TX0000051,ST07,2026-07-13 19:00:00,smart_card,exit,G11,3.58
TX0000052,ST09,2026-08-09 23:00:00,single_ticket,entry,G12,1.71
TX0000053,ST08,2026-07-28 03:00:00,single_ticket,exit,G07,1.81
TX0000054,ST07,2026-07-25 16:00:00,day_pass,entry,G06,2.23
TX0000055,ST01,2026-07-04 21:00:00,smart_card,entry,G04,2.52
TX0000056,ST07,2026-07-13 23:00:00,day_pass,entry,G09,4.46
TX0000057,ST10,2026-07-04 01:00:00,monthly_pass,entry,G07,2.87
TX0000058,ST08,2026-07-28 16:00:00,smart_card,entry,G08,2.79
TX0000059,ST09,2026-07-18 13:00:00,smart_card,exit,G12,3.81
TX0000060,ST10,2026-07-01 19:00:00,monthly_pass,exit,G09,2.31
TX0000061,ST05,2026-07-21 07:00:00,smart_card,entry,G07,3.29
TX0000062,ST01,2026-06-29 06:00:00,single_ticket,entry,G02,3.6
TX0000063,ST01,2026-07-23 10:00:00,single_ticket,entry,G02,4.07
TX0000064,ST07,2026-07-29 20:00:00,smart_card,entry,G09,1.87
TX0000065,ST09,2026-06-28 03:00:00,monthly_pass,exit,G06,3.46
TX0000066,ST05,2026-08-18 22:00:00,smart_card,entry,G01,1.51
TX0000067,ST06,2026-08-04 21:00:00,smart_card,entry,G10,2.99
TX0000068,ST09,2026-07-11 13:00:00,smart_card,entry,G09,2.58
TX0000069,ST03,2026-07-05 07:00:00,monthly_pass,entry,G12,3.94
TX0000070,ST05,2026-07-21 11:00:00,smart_card,exit,G04,3.68
TX0000071,ST01,2026-07-11 17:00:00,single_ticket,exit,G06,3.57
TX0000072,ST10,2026-07-03 21:00:00,smart_card,entry,G08,2.01
TX0000073,ST02,2026-06-22 19:00:00,smart_card,entry,G10,2.43
TX0000074,ST03,2026-06-30 09:00:00,smart_card,entry,G03,2.36
TX0000075,ST06,2026-06-29 00:00:00,smart_card,exit,G04,2.08
TX0000076,ST04,2026-06-23 03:00:00,smart_card,exit,G08,2.76
TX0000077,ST06,2026-08-04 23:00:00,smart_card,entry,G05,2.78
TX0000078,ST05,2026-07-05 16:00:00,smart_card,exit,G12,2.55
TX0000079,ST06,2026-07-05 13:00:00,smart_card,exit,G04,3.88
TX0000080,ST03,2026-07-03 04:00:00,single_ticket,entry,G01,3.57
TX0000081,ST10,2026-08-05 10:00:00,smart_card,exit,G09,3.88
TX0000082,ST03,2026-08-03 03:00:00,smart_card,exit,G10,3.92
TX0000083,ST06,2026-06-28 02:00:00,smart_card,exit,G12,2.16
TX0000084,ST09,2026-07-13 05:00:00,monthly_pass,entry,G04,4.34
TX0000085,ST09,2026-08-21 01:00:00,single_ticket,exit,G10,3.45
TX0000086,ST07,2026-08-18 21:00:00,monthly_pass,entry,G12,3.89
TX0000087,ST05,2026-08-18 23:00:00,smart_card,exit,G08,4.29
TX0000088,ST07,2026-06-26 00:00:00,day_pass,entry,G04,3.95
TX0000089,ST07,2026-07-27 15:00:00,smart_card,exit,G07,3.18
TX0000090,ST07,2026-08-13 21:00:00,single_ticket,exit,G08,2.94
TX0000091,ST03,2026-07-17 20:00:00,smart_card,entry,G11,3.14
TX0000092,ST02,2026-07-23 04:00:00,single_ticket,exit,G06,4.12
TX0000093,ST04,2026-06-22 21:00:00,monthly_pass,entry,G12,1.7
TX0000094,ST07,2026-06-23 16:00:00,single_ticket,entry,G04,2.66
TX0000095,ST06,2026-07-28 05:00:00,smart_card,exit,G10,2.35
TX0000096,ST04,2026-08-16 00:00:00,single_ticket,exit,G09,2.84
TX0000097,ST08,2026-07-02 21:00:00,single_ticket,exit,G08,3.31
TX0000098,ST08,2026-07-16 19:00:00,smart_card,entry,G08,3.82
TX0000099,ST03,2026-08-15 23:00:00,smart_card,exit,G10,1.53
TX0000100,ST07,2026-08-09 21:00:00,single_ticket,entry,G02,2.79
TX0000101,ST08,2026-08-11 00:00:00,smart_card,exit,G06,2.37
TX0000102,ST02,2026-07-23 05:00:00,smart_card,entry,G12,3.71
TX0000103,ST06,2026-07-22 21:00:00,monthly_pass,entry,G06,2.32
TX0000104,ST01,2026-08-01 22:00:00,monthly_pass,exit,G02,2.2
TX0000105,ST03,2026-08-16 21:00:00,smart_card,entry,G12,2.02
TX0000106,ST10,2026-07-20 19:00:00,monthly_pass,exit,G10,3.01
TX0000107,ST06,2026-08-06 08:00:00,monthly_pass,entry,G07,1.66
TX0000108,ST06,2026-07-28 06:00:00,single_ticket,entry,G12,3.59
TX0000109,ST09,2026-07-07 12:00:00,single_ticket,exit,G07,4.15
TX0000110,ST08,2026-08-20 01:00:00,monthly_pass,exit,G11,2.09
TX0000111,ST06,2026-08-19 02:00:00,single_ticket,entry,G02,2.99
TX0000112,ST05,2026-07-18 06:00:00,smart_card,entry,G06,4.14
TX0000113,ST08,2026-07-08 18:00:00,smart_card,exit,G07,4.06
TX0000114,ST10,2026-07-15 04:00:00,smart_card,exit,G07,3.85
TX0000115,ST03,2026-06-23 20:00:00,smart_card,entry,G05,2.06
TX0000116,ST08,2026-08-15 15:00:00,smart_card,exit,G01,2.81
TX0000117,ST05,2026-08-18 19:00:00,smart_card,exit,G04,4.45
TX0000118,ST10,2026-06-28 09:00:00,smart_card,exit,G10,2.23
TX0000119,ST06,2026-08-03 08:00:00,smart_card,entry,G12,1.9
TX0000120,ST07,2026-08-11 13:00:00,monthly_pass,exit,G01,2.74
TX0000121,ST09,2026-08-09 05:00:00,smart_card,exit,G12,1.95
TX0000122,ST03,2026-07-02 00:00:00,single_ticket,entry,G12,2.91
TX0000123,ST09,2026-07-03 18:00:00,single_ticket,exit,G12,3.36
TX0000124,ST05,2026-07-07 10:00:00,monthly_pass,exit,G04,2.69
TX0000125,ST02,2026-08-01 11:00:00,smart_card,entry,G05,2.26
TX0000126,ST07,2026-07-12 14:00:00,smart_card,entry,G03,2.88
TX0000127,ST02,2026-07-29 21:00:00,single_ticket,exit,G08,3.87
TX0000128,ST03,2026-07-22 13:00:00,single_ticket,entry,G02,3.95
TX0000129,ST07,2026-06-24 17:00:00,day_pass,entry,G04,1.52
TX0000130,ST02,2026-06-28 01:00:00,smart_card,entry,G07,1.63
TX0000131,ST08,2026-08-18 06:00:00,smart_card,entry,G06,4.25
TX0000132,ST04,2026-07-06 08:00:00,smart_card,entry,G05,2.18
TX0000133,ST09,2026-07-11 01:00:00,single_ticket,entry,G04,2.72
TX0000134,ST03,2026-08-11 02:00:00,smart_card,entry,G03,1.84
TX0000135,ST07,2026-07-01 06:00:00,smart_card,entry,G08,2.5
TX0000136,ST06,2026-07-30 14:00:00,single_ticket,exit,G03,3.78
TX0000137,ST01,2026-06-29 05:00:00,smart_card,entry,G04,1.66
TX0000138,ST06,2026-07-18 20:00:00,smart_card,entry,G01,2.85
TX0000139,ST02,2026-07-17 04:00:00,smart_card,exit,G04,3.35
TX0000140,ST09,2026-07-11 08:00:00,day_pass,entry,G04,2.36
TX0000141,ST06,2026-06-22 08:00:00,single_ticket,exit,G06,3.96
TX0000142,ST01,2026-07-17 13:00:00,smart_card,entry,G04,1.51
TX0000143,ST09,2026-07-16 07:00:00,smart_card,entry,G01,2.78
TX0000144,ST02,2026-08-15 23:00:00,monthly_pass,exit,G05,4.06
TX0000145,ST10,2026-07-13 21:00:00,smart_card,exit,G11,1.85
TX0000146,ST07,2026-07-04 17:00:00,smart_card,entry,G07,2.08
TX0000147,ST04,2026-06-28 00:00:00,monthly_pass,entry,G03,3.47
TX0000148,ST10,2026-07-31 14:00:00,smart_card,exit,G12,2.44
TX0000149,ST10,2026-07-21 21:00:00,monthly_pass,entry,G08,2.24
TX0000150,ST06,2026-08-20 09:00:00,single_ticket,entry,G09,3.07
TX0000151,ST03,2026-08-15 19:00:00,single_ticket,entry,G01,3.4
TX0000152,ST10,2026-07-05 13:00:00,single_ticket,entry,G04,3.65
TX0000153,ST01,2026-07-12 01:00:00,smart_card,exit,G05,2.65
TX0000154,ST02,2026-07-14 20:00:00,monthly_pass,entry,G09,3.27
TX0000155,ST03,2026-08-09 08:00:00,smart_card,entry,G01,4.25
TX0000156,ST03,2026-08-08 07:00:00,smart_card,exit,G03,4.35
TX0000157,ST01,2026-06-26 08:00:00,smart_card,entry,G12,3.4
TX0000158,ST01,2026-08-18 09:00:00,smart_card,exit,G04,3.11
TX0000159,ST08,2026-08-09 23:00:00,smart_card,exit,G11,3.73
TX0000160,ST09,2026-08-16 08:00:00,smart_card,exit,G03,4.23
TX0000161,ST07,2026-07-29 21:00:00,smart_card,entry,G11,2.18
TX0000162,ST03,2026-07-21 18:00:00,monthly_pass,entry,G05,2.62
TX0000163,ST06,2026-07-14 15:00:00,single_ticket,entry,G03,1.57
TX0000164,ST06,2026-08-06 04:00:00,smart_card,exit,G08,4.4
TX0000165,ST08,2026-08-01 15:00:00,smart_card,entry,G07,3.95
TX0000166,ST05,2026-08-14 12:00:00,day_pass,entry,G02,1.73
TX0000167,ST07,2026-06-28 12:00:00,single_ticket,entry,G11,4.11
TX0000168,ST06,2026-06-24 07:00:00,smart_card,exit,G10,3.62
TX0000169,ST02,2026-08-10 17:00:00,monthly_pass,entry,G05,4.09
TX0000170,ST07,2026-06-29 15:00:00,smart_card,exit,G11,4.05
TX0000171,ST01,2026-07-14 10:00:00,smart_card,entry,G01,2.24
TX0000172,ST06,2026-08-07 01:00:00,smart_card,exit,G12,2.38
TX0000173,ST02,2026-07-05 01:00:00,monthly_pass,exit,G06,2.51
TX0000174,ST04,2026-08-10 20:00:00,day_pass,exit,G10,3.59
TX0000175,ST07,2026-06-23 18:00:00,single_ticket,exit,G11,3.48
TX0000176,ST10,2026-08-07 18:00:00,smart_card,entry,G11,2.96
TX0000177,ST03,2026-07-14 08:00:00,smart_card,entry,G02,3.13
TX0000178,ST08,2026-07-29 14:00:00,smart_card,entry,G05,2.85
TX0000179,ST07,2026-07-30 11:00:00,smart_card,entry,G02,2.47
TX0000180,ST07,2026-07-05 02:00:00,monthly_pass,entry,G03,3.94
TX0000181,ST05,2026-06-23 13:00:00,single_ticket,exit,G08,3.21
TX0000182,ST03,2026-07-29 21:00:00,smart_card,entry,G09,3.8
TX0000183,ST07,2026-07-09 15:00:00,monthly_pass,exit,G03,1.98
TX0000184,ST08,2026-07-18 18:00:00,smart_card,entry,G01,2.24
TX0000185,ST05,2026-07-20 09:00:00,smart_card,exit,G05,2.72
TX0000186,ST04,2026-07-10 04:00:00,smart_card,entry,G08,2.17
TX0000187,ST04,2026-06-30 12:00:00,monthly_pass,exit,G05,3.33
TX0000188,ST03,2026-08-14 06:00:00,smart_card,exit,G12,3.64
TX0000189,ST09,2026-08-05 12:00:00,smart_card,entry,G09,2.18
TX0000190,ST01,2026-07-07 02:00:00,smart_card,exit,G08,1.54
TX0000191,ST03,2026-08-11 09:00:00,monthly_pass,entry,G01,3.32
TX0000192,ST08,2026-06-22 11:00:00,smart_card,exit,G12,4.44
TX0000193,ST07,2026-06-22 18:00:00,single_ticket,entry,G08,2.48
TX0000194,ST07,2026-07-22 17:00:00,monthly_pass,entry,G12,3.4
TX0000195,ST09,2026-06-22 10:00:00,single_ticket,entry,G06,1.64
TX0000196,ST05,2026-08-14 23:00:00,smart_card,entry,G09,3.21
TX0000197,ST10,2026-07-19 19:00:00,smart_card,exit,G07,3.18
TX0000198,ST01,2026-07-05 20:00:00,smart_card,exit,G11,3.2
TX0000199,ST06,2026-07-30 01:00:00,day_pass,entry,G09,2.96
TX0000200,ST10,2026-08-19 07:00:00,day_pass,entry,G05,2.85
TX0000201,ST09,2026-08-08 12:00:00,smart_card,entry,G08,4.09
TX0000202,ST05,2026-08-14 03:00:00,smart_card,entry,G02,1.54
TX0000203,ST04,2026-07-18 13:00:00,smart_card,exit,G09,2.62
TX0000204,ST07,2026-08-07 22:00:00,smart_card,exit,G06,2.75
TX0000205,ST06,2026-08-11 03:00:00,smart_card,exit,G04,3.99
TX0000206,ST09,2026-08-10 20:00:00,monthly_pass,entry,G11,2.67
TX0000207,ST02,2026-06-24 00:00:00,smart_card,entry,G11,1.77
TX0000208,ST02,2026-07-12 06:00:00,smart_card,entry,G01,1.87
TX0000209,ST08,2026-07-28 13:00:00,smart_card,entry,G08,1.86
TX0000210,ST01,2026-08-03 03:00:00,monthly_pass,exit,G01,3.31
TX0000211,ST03,2026-07-24 08:00:00,smart_card,exit,G06,3.09
TX0000212,ST03,2026-07-06 03:00:00,day_pass,exit,G12,2.25
TX0000213,ST05,2026-08-06 07:00:00,smart_card,entry,G07,2.07
TX0000214,ST07,2026-06-26 12:00:00,single_ticket,exit,G02,4.23
TX0000215,ST06,2026-07-14 09:00:00,smart_card,exit,G03,3.26
TX0000216,ST09,2026-07-13 08:00:00,monthly_pass,exit,G01,4.03
TX0000217,ST07,2026-08-03 01:00:00,single_ticket,entry,G10,2.29
TX0000218,ST01,2026-08-07 22:00:00,smart_card,exit,G11,2.92
TX0000219,ST10,2026-07-20 02:00:00,day_pass,entry,G04,2.27
TX0000220,ST07,2026-08-02 04:00:00,smart_card,entry,G04,1.98
TX0000221,ST05,2026-08-19 10:00:00,smart_card,exit,G07,2.67
TX0000222,ST08,2026-07-22 03:00:00,smart_card,exit,G10,1.51
TX0000223,ST02,2026-08-10 05:00:00,single_ticket,exit,G12,4.17
TX0000224,ST03,2026-08-11 18:00:00,day_pass,entry,G12,2.85
TX0000225,ST01,2026-07-28 03:00:00,single_ticket,exit,G07,1.87
TX0000226,ST05,2026-08-04 07:00:00,smart_card,entry,G08,2.9
TX0000227,ST03,2026-07-13 08:00:00,smart_card,exit,G01,4.11
TX0000228,ST04,2026-07-17 04:00:00,monthly_pass,exit,G01,4.37
TX0000229,ST02,2026-08-20 08:00:00,smart_card,entry,G12,1.51
TX0000230,ST10,2026-08-17 05:00:00,smart_card,entry,G03,4.42
TX0000231,ST05,2026-07-07 22:00:00,day_pass,exit,G07,2.47
TX0000232,ST04,2026-08-05 09:00:00,monthly_pass,entry,G04,3.62
TX0000233,ST04,2026-07-07 04:00:00,smart_card,entry,G03,3.76
TX0000234,ST08,2026-07-11 12:00:00,smart_card,entry,G10,4.22
TX0000235,ST04,2026-07-26 17:00:00,day_pass,entry,G06,2.73
TX0000236,ST03,2026-08-01 23:00:00,smart_card,entry,G02,3.8
TX0000237,ST05,2026-07-10 14:00:00,monthly_pass,entry,G05,3.56
TX0000238,ST01,2026-08-17 19:00:00,smart_card,exit,G06,2.48
TX0000239,ST07,2026-08-19 19:00:00,smart_card,entry,G06,3.98
TX0000240,ST06,2026-08-01 13:00:00,smart_card,entry,G10,4.18
TX0000241,ST08,2026-07-31 06:00:00,smart_card,entry,G06,3.2
TX0000242,ST01,2026-08-04 07:00:00,smart_card,entry,G08,3.96
TX0000243,ST03,2026-07-13 00:00:00,smart_card,exit,G10,3.37
TX0000244,ST07,2026-08-19 18:00:00,monthly_pass,exit,G12,3.87
TX0000245,ST06,2026-06-26 18:00:00,smart_card,entry,G03,3.35
TX0000246,ST08,2026-08-10 12:00:00,smart_card,exit,G08,3.58
TX0000247,ST05,2026-08-01 15:00:00,smart_card,entry,G08,1.61
TX0000248,ST10,2026-06-29 03:00:00,smart_card,entry,G09,1.79
TX0000249,ST01,2026-08-20 00:00:00,single_ticket,entry,G09,2.74
TX0000250,ST10,2026-08-04 21:00:00,smart_card,entry,G02,3.87
TX0000251,ST07,2026-07-04 20:00:00,smart_card,exit,G12,1.69
TX0000252,ST08,2026-07-24 01:00:00,single_ticket,entry,G09,1.54
TX0000253,ST03,2026-08-20 22:00:00,smart_card,entry,G04,2.15
TX0000254,ST07,2026-08-16 10:00:00,day_pass,exit,G05,4.08
TX0000255,ST03,2026-07-25 12:00:00,single_ticket,entry,G03,4.16
TX0000256,ST08,2026-06-22 09:00:00,smart_card,entry,G08,2.38
TX0000257,ST03,2026-08-05 17:00:00,smart_card,exit,G12,3.55
TX0000258,ST07,2026-07-27 07:00:00,smart_card,entry,G05,3.61
TX0000259,ST02,2026-07-02 13:00:00,monthly_pass,exit,G12,1.5
TX0000260,ST01,2026-06-23 00:00:00,day_pass,entry,G09,2.62
TX0000261,ST04,2026-08-14 18:00:00,monthly_pass,exit,G10,1.95
TX0000262,ST01,2026-07-13 19:00:00,single_ticket,exit,G01,2.54
TX0000263,ST10,2026-07-25 22:00:00,monthly_pass,exit,G05,2.3
TX0000264,ST07,2026-07-17 10:00:00,smart_card,exit,G06,1.73
TX0000265,ST05,2026-08-20 05:00:00,single_ticket,entry,G12,4.46
TX0000266,ST07,2026-06-25 13:00:00,smart_card,entry,G10,3.0
TX0000267,ST06,2026-06-26 01:00:00,monthly_pass,exit,G08,1.94
TX0000268,ST06,2026-07-24 08:00:00,monthly_pass,exit,G11,2.2
TX0000269,ST08,2026-07-27 22:00:00,single_ticket,exit,G03,1.61
TX0000270,ST05,2026-08-10 08:00:00,day_pass,entry,G02,2.4
TX0000271,ST01,2026-08-13 10:00:00,monthly_pass,entry,G10,1.69
TX0000272,ST04,2026-08-20 12:00:00,smart_card,entry,G10,2.24
TX0000273,ST01,2026-08-13 04:00:00,smart_card,exit,G06,2.81
TX0000274,ST03,2026-06-26 21:00:00,single_ticket,entry,G04,3.52
TX0000275,ST02,2026-07-22 12:00:00,single_ticket,entry,G01,4.0
TX0000276,ST02,2026-07-28 13:00:00,smart_card,exit,G02,1.67
TX0000277,ST07,2026-08-16 06:00:00,smart_card,entry,G10,2.24
TX0000278,ST06,2026-07-11 03:00:00,smart_card,entry,G08,1.91
TX0000279,ST06,2026-07-27 11:00:00,monthly_pass,entry,G10,2.54
TX0000280,ST02,2026-07-03 23:00:00,single_ticket,exit,G01,2.03
TX0000281,ST10,2026-06-26 18:00:00,single_ticket,exit,G11,2.21
TX0000282,ST08,2026-07-11 18:00:00,smart_card,entry,G07,4.25
TX0000283,ST09,2026-08-17 13:00:00,smart_card,exit,G02,3.42
TX0000284,ST05,2026-06-30 01:00:00,smart_card,exit,G12,4.1
TX0000285,ST04,2026-07-01 22:00:00,smart_card,entry,G05,3.13
TX0000286,ST01,2026-07-14 19:00:00,smart_card,entry,G05,3.96
TX0000287,ST03,2026-08-17 01:00:00,smart_card,exit,G10,2.55
TX0000288,ST04,2026-07-26 13:00:00,smart_card,entry,G06,2.23
TX0000289,ST05,2026-07-08 22:00:00,smart_card,entry,G10,3.15
TX0000290,ST02,2026-07-05 22:00:00,single_ticket,exit,G07,4.33
TX0000291,ST03,2026-06-30 10:00:00,single_ticket,exit,G11,4.01
TX0000292,ST06,2026-06-23 06:00:00,smart_card,entry,G04,2.23
TX0000293,ST03,2026-07-17 04:00:00,monthly_pass,entry,G07,4.36
TX0000294,ST07,2026-07-24 22:00:00,smart_card,exit,G03,3.07
TX0000295,ST07,2026-07-20 11:00:00,monthly_pass,entry,G04,2.76
TX0000296,ST05,2026-07-30 21:00:00,smart_card,entry,G12,2.36
TX0000297,ST03,2026-06-23 01:00:00,smart_card,exit,G05,3.38
TX0000298,ST10,2026-07-09 16:00:00,smart_card,entry,G09,3.24
TX0000299,ST08,2026-08-03 08:00:00,monthly_pass,exit,G04,3.98
TX0000300,ST05,2026-07-17 18:00:00,monthly_pass,entry,G01,4.24
TX0000301,ST10,2026-08-06 05:00:00,smart_card,entry,G08,3.74
TX0000302,ST09,2026-08-14 08:00:00,day_pass,exit,G03,2.05
TX0000303,ST08,2026-07-29 21:00:00,smart_card,exit,G06,1.9
TX0000304,ST07,2026-06-30 18:00:00,single_ticket,entry,G10,3.11
TX0000305,ST01,2026-07-01 07:00:00,smart_card,exit,G07,1.96
TX0000306,ST07,2026-07-03 00:00:00,single_ticket,entry,G01,3.35
TX0000307,ST04,2026-07-14 07:00:00,smart_card,entry,G09,1.98
TX0000308,ST10,2026-08-06 23:00:00,single_ticket,entry,G05,2.2
TX0000309,ST02,2026-08-10 15:00:00,smart_card,entry,G03,1.75
TX0000310,ST07,2026-07-20 15:00:00,single_ticket,exit,G09,4.01
TX0000311,ST01,2026-07-07 18:00:00,smart_card,entry,G11,3.27
TX0000312,ST10,2026-06-23 18:00:00,smart_card,entry,G03,2.54
TX0000313,ST04,2026-08-18 19:00:00,smart_card,exit,G01,2.69
TX0000314,ST10,2026-07-03 08:00:00,smart_card,entry,G11,1.9
TX0000315,ST05,2026-06-24 00:00:00,smart_card,exit,G03,4.04
TX0000316,ST10,2026-07-06 18:00:00,smart_card,entry,G04,2.42
TX0000317,ST05,2026-07-05 08:00:00,smart_card,entry,G02,1.71
TX0000318,ST08,2026-06-29 18:00:00,smart_card,exit,G01,2.58
TX0000319,ST04,2026-08-14 22:00:00,smart_card,exit,G05,2.23
TX0000320,ST01,2026-08-16 05:00:00,smart_card,entry,G08,2.72
TX0000321,ST02,2026-07-17 19:00:00,smart_card,entry,G12,4.08
TX0000322,ST02,2026-07-04 17:00:00,smart_card,entry,G06,3.73
TX0000323,ST03,2026-07-14 18:00:00,single_ticket,entry,G10,2.23
TX0000324,ST01,2026-08-06 11:00:00,day_pass,exit,G12,2.46
TX0000325,ST10,2026-08-02 03:00:00,smart_card,exit,G06,2.8
TX0000326,ST05,2026-07-02 03:00:00,smart_card,exit,G07,1.98
TX0000327,ST08,2026-07-02 01:00:00,day_pass,entry,G05,2.36
TX0000328,ST02,2026-06-25 09:00:00,smart_card,exit,G10,2.43
TX0000329,ST02,2026-07-23 22:00:00,smart_card,exit,G01,2.07
TX0000330,ST01,2026-07-25 07:00:00,smart_card,entry,G12,2.32
TX0000331,ST03,2026-08-09 01:00:00,monthly_pass,exit,G06,2.77
TX0000332,ST07,2026-07-30 19:00:00,smart_card,exit,G02,4.04
TX0000333,ST10,2026-08-16 00:00:00,smart_card,entry,G04,3.54
TX0000334,ST10,2026-08-18 07:00:00,smart_card,exit,G07,1.7
TX0000335,ST02,2026-06-24 10:00:00,smart_card,entry,G01,3.03
TX0000336,ST03,2026-07-24 15:00:00,smart_card,entry,G10,2.2
TX0000337,ST10,2026-06-25 06:00:00,monthly_pass,entry,G11,1.5
TX0000338,ST04,2026-08-04 14:00:00,smart_card,entry,G07,3.2
TX0000339,ST09,2026-07-03 13:00:00,single_ticket,entry,G09,2.1
TX0000340,ST08,2026-07-08 12:00:00,monthly_pass,entry,G02,3.44
TX0000341,ST09,2026-07-01 11:00:00,smart_card,exit,G12,2.28
TX0000342,ST03,2026-08-09 16:00:00,smart_card,exit,G05,2.23
TX0000343,ST03,2026-06-24 01:00:00,smart_card,entry,G06,3.27
TX0000344,ST06,2026-08-19 19:00:00,single_ticket,entry,G04,3.27
TX0000345,ST06,2026-08-11 21:00:00,smart_card,entry,G06,4.05
TX0000346,ST08,2026-07-15 21:00:00,smart_card,entry,G01,2.09
TX0000347,ST04,2026-07-06 21:00:00,smart_card,exit,G07,4.46
TX0000348,ST09,2026-07-14 16:00:00,smart_card,entry,G04,2.61
TX0000349,ST06,2026-08-09 21:00:00,smart_card,exit,G11,4.41
TX0000350,ST03,2026-07-02 01:00:00,smart_card,exit,G03,1.97
TX0000351,ST07,2026-08-20 13:00:00,day_pass,exit,G03,4.36
TX0000352,ST08,2026-07-16 13:00:00,monthly_pass,entry,G08,4.39
TX0000353,ST05,2026-07-26 09:00:00,monthly_pass,exit,G01,2.37
TX0000354,ST02,2026-07-30 04:00:00,smart_card,entry,G08,2.11
TX0000355,ST02,2026-08-03 13:00:00,smart_card,exit,G08,3.31
TX0000356,ST08,2026-08-14 14:00:00,smart_card,entry,G07,1.91
TX0000357,ST02,2026-07-20 10:00:00,smart_card,entry,G07,2.39
TX0000358,ST06,2026-06-23 19:00:00,monthly_pass,entry,G10,4.45
TX0000359,ST10,2026-07-14 19:00:00,single_ticket,entry,G08,3.79
TX0000360,ST05,2026-07-22 17:00:00,smart_card,entry,G10,3.89
TX0000361,ST01,2026-08-19 06:00:00,day_pass,exit,G11,4.12
TX0000362,ST01,2026-08-12 06:00:00,smart_card,exit,G04,3.57
TX0000363,ST10,2026-06-25 12:00:00,day_pass,exit,G11,3.65
TX0000364,ST04,2026-06-23 14:00:00,smart_card,entry,G07,3.7
TX0000365,ST01,2026-07-04 03:00:00,monthly_pass,entry,G05,2.67
TX0000366,ST01,2026-07-12 12:00:00,monthly_pass,exit,G10,1.8
TX0000367,ST04,2026-07-18 23:00:00,smart_card,exit,G09,3.33
TX0000368,ST04,2026-07-31 21:00:00,single_ticket,entry,G09,3.9
TX0000369,ST03,2026-06-23 10:00:00,smart_card,exit,G06,2.2
TX0000370,ST03,2026-08-19 21:00:00,day_pass,exit,G01,2.05
TX0000371,ST05,2026-08-10 11:00:00,smart_card,entry,G07,4.37
TX0000372,ST08,2026-07-21 06:00:00,monthly_pass,exit,G10,1.92
TX0000373,ST09,2026-08-16 15:00:00,monthly_pass,exit,G10,3.15
TX0000374,ST07,2026-06-24 14:00:00,smart_card,exit,G01,3.72
TX0000375,ST09,2026-08-21 00:00:00,smart_card,exit,G04,1.79
TX0000376,ST06,2026-07-21 16:00:00,single_ticket,exit,G09,3.18
TX0000377,ST05,2026-06-30 11:00:00,smart_card,exit,G02,3.54
TX0000378,ST10,2026-08-16 06:00:00,smart_card,exit,G11,1.63
TX0000379,ST03,2026-08-05 07:00:00,smart_card,exit,G09,2.76
TX0000380,ST07,2026-06-24 10:00:00,smart_card,entry,G10,2.92
TX0000381,ST04,2026-08-17 15:00:00,smart_card,exit,G04,3.17
TX0000382,ST08,2026-07-25 10:00:00,smart_card,entry,G08,1.62
TX0000383,ST02,2026-07-12 20:00:00,smart_card,entry,G04,4.18
TX0000384,ST10,2026-07-24 19:00:00,smart_card,exit,G02,4.08
TX0000385,ST02,2026-07-04 21:00:00,single_ticket,entry,G02,4.06
TX0000386,ST04,2026-08-20 16:00:00,smart_card,exit,G03,3.06
TX0000387,ST07,2026-07-14 11:00:00,smart_card,exit,G12,3.86
TX0000388,ST04,2026-06-29 19:00:00,monthly_pass,exit,G02,3.9
TX0000389,ST09,2026-07-28 22:00:00,monthly_pass,exit,G11,4.39
TX0000390,ST06,2026-08-06 05:00:00,smart_card,exit,G07,3.95
TX0000391,ST03,2026-07-01 20:00:00,day_pass,exit,G09,1.86
TX0000392,ST04,2026-07-22 23:00:00,smart_card,exit,G08,1.93
TX0000393,ST05,2026-08-12 12:00:00,single_ticket,entry,G07,3.03
TX0000394,ST02,2026-07-03 21:00:00,smart_card,entry,G12,3.63
TX0000395,ST03,2026-08-15 13:00:00,smart_card,exit,G01,4.01
TX0000396,ST04,2026-08-19 05:00:00,monthly_pass,exit,G07,1.54
TX0000397,ST09,2026-08-02 12:00:00,single_ticket,entry,G12,2.8
TX0000398,ST10,2026-07-07 05:00:00,smart_card,exit,G08,2.77
TX0000399,ST05,2026-08-02 02:00:00,monthly_pass,exit,G03,3.58
TX0000400,ST07,2026-08-16 23:00:00,smart_card,exit,G03,3.16
TX0000401,ST09,2026-07-31 21:00:00,smart_card,entry,G09,3.91
TX0000402,ST03,2026-07-17 12:00:00,smart_card,exit,G08,3.6
TX0000403,ST07,2026-07-12 10:00:00,single_ticket,exit,G07,2.94
TX0000404,ST04,2026-08-02 07:00:00,single_ticket,entry,G01,2.21
TX0000405,ST01,2026-08-10 07:00:00,smart_card,exit,G04,3.43
TX0000406,ST01,2026-07-08 06:00:00,smart_card,exit,G06,2.18
TX0000407,ST10,2026-08-08 20:00:00,smart_card,exit,G06,3.44
TX0000408,ST09,2026-08-04 20:00:00,smart_card,entry,G08,1.95
TX0000409,ST07,2026-06-26 22:00:00,smart_card,exit,G07,2.14
TX0000410,ST07,2026-07-03 19:00:00,smart_card,entry,G06,2.79
TX0000411,ST10,2026-07-03 11:00:00,single_ticket,entry,G09,3.06
TX0000412,ST02,2026-06-22 18:00:00,day_pass,exit,G08,4.36
TX0000413,ST01,2026-07-05 04:00:00,smart_card,exit,G09,3.32
TX0000414,ST04,2026-08-07 17:00:00,smart_card,entry,G04,2.77
TX0000415,ST09,2026-08-01 18:00:00,single_ticket,exit,G01,3.98
TX0000416,ST01,2026-07-15 21:00:00,smart_card,exit,G12,1.92
TX0000417,ST01,2026-08-13 18:00:00,single_ticket,entry,G11,1.54
TX0000418,ST06,2026-07-01 03:00:00,smart_card,exit,G04,2.27
TX0000419,ST04,2026-07-23 23:00:00,smart_card,entry,G09,3.1
TX0000420,ST02,2026-07-31 19:00:00,smart_card,entry,G04,3.41
TX0000421,ST04,2026-07-22 05:00:00,monthly_pass,exit,G10,3.9
TX0000422,ST01,2026-07-24 09:00:00,smart_card,entry,G02,3.31
TX0000423,ST10,2026-08-06 03:00:00,smart_card,entry,G05,1.85
TX0000424,ST03,2026-06-22 19:00:00,smart_card,entry,G07,3.87
TX0000425,ST10,2026-07-29 12:00:00,day_pass,entry,G09,1.54
TX0000426,ST08,2026-08-18 14:00:00,day_pass,exit,G04,3.62
TX0000427,ST02,2026-07-03 15:00:00,smart_card,exit,G08,3.06
TX0000428,ST02,2026-08-11 20:00:00,smart_card,entry,G05,2.99
TX0000429,ST07,2026-06-30 13:00:00,smart_card,entry,G05,3.74
TX0000430,ST02,2026-08-12 19:00:00,smart_card,exit,G10,1.63
TX0000431,ST07,2026-06-23 09:00:00,smart_card,exit,G03,2.73
TX0000432,ST02,2026-07-13 05:00:00,smart_card,exit,G09,4.32
TX0000433,ST03,2026-07-20 15:00:00,single_ticket,entry,G07,1.54
TX0000434,ST06,2026-08-01 10:00:00,single_ticket,exit,G09,4.13
TX0000435,ST04,2026-08-05 20:00:00,monthly_pass,entry,G10,3.45
TX0000436,ST07,2026-07-19 20:00:00,smart_card,exit,G10,4.22
TX0000437,ST08,2026-07-06 13:00:00,single_ticket,entry,G05,1.64
TX0000438,ST03,2026-08-13 05:00:00,monthly_pass,exit,G05,3.92
TX0000439,ST03,2026-07-12 20:00:00,smart_card,exit,G11,3.09
TX0000440,ST02,2026-08-18 17:00:00,smart_card,exit,G07,2.25
TX0000441,ST01,2026-06-24 04:00:00,single_ticket,entry,G11,2.91
TX0000442,ST08,2026-07-05 15:00:00,single_ticket,exit,G12,4.27
TX0000443,ST08,2026-07-24 13:00:00,monthly_pass,entry,G10,2.82
TX0000444,ST09,2026-08-12 10:00:00,single_ticket,entry,G10,1.91
TX0000445,ST01,2026-07-06 22:00:00,monthly_pass,exit,G02,1.7
TX0000446,ST04,2026-06-29 21:00:00,smart_card,exit,G09,1.54
TX0000447,ST07,2026-07-18 17:00:00,day_pass,exit,G07,2.13
TX0000448,ST10,2026-08-06 10:00:00,smart_card,exit,G07,3.15
TX0000449,ST05,2026-08-02 17:00:00,smart_card,entry,G12,2.55
TX0000450,ST02,2026-07-30 13:00:00,smart_card,entry,G04,4.13
TX0000451,ST05,2026-06-25 16:00:00,single_ticket,exit,G04,3.86
TX0000452,ST10,2026-07-21 07:00:00,smart_card,entry,G03,2.89
TX0000453,ST05,2026-06-30 13:00:00,smart_card,entry,G01,2.19
TX0000454,ST02,2026-08-05 04:00:00,single_ticket,exit,G03,2.74
TX0000455,ST07,2026-08-03 17:00:00,smart_card,entry,G07,3.41
TX0000456,ST08,2026-08-15 02:00:00,smart_card,entry,G05,1.57
TX0000457,ST10,2026-07-14 23:00:00,smart_card,entry,G04,4.17
TX0000458,ST07,2026-07-02 01:00:00,monthly_pass,entry,G12,3.46
TX0000459,ST02,2026-07-06 12:00:00,single_ticket,exit,G09,4.39
TX0000460,ST01,2026-06-22 19:00:00,smart_card,exit,G03,3.49
TX0000461,ST05,2026-06-29 13:00:00,day_pass,exit,G12,2.59
TX0000462,ST02,2026-06-24 05:00:00,monthly_pass,exit,G08,2.81
TX0000463,ST06,2026-07-19 04:00:00,smart_card,entry,G06,1.52
TX0000464,ST10,2026-07-26 19:00:00,smart_card,entry,G05,1.67
TX0000465,ST06,2026-06-28 20:00:00,smart_card,entry,G10,1.81
TX0000466,ST04,2026-07-21 17:00:00,single_ticket,exit,G06,2.68
TX0000467,ST03,2026-06-26 20:00:00,monthly_pass,exit,G09,2.36
TX0000468,ST09,2026-08-16 04:00:00,smart_card,entry,G06,2.7
TX0000469,ST06,2026-08-06 23:00:00,smart_card,entry,G09,2.72
TX0000470,ST06,2026-08-15 23:00:00,smart_card,exit,G10,2.55
TX0000471,ST05,2026-07-15 00:00:00,smart_card,exit,G01,3.04
TX0000472,ST01,2026-07-22 21:00:00,monthly_pass,exit,G02,4.31
TX0000473,ST03,2026-08-07 05:00:00,day_pass,exit,G09,3.07
TX0000474,ST03,2026-07-12 17:00:00,monthly_pass,exit,G04,3.96
TX0000475,ST04,2026-08-15 16:00:00,smart_card,exit,G10,3.84
TX0000476,ST03,2026-07-16 16:00:00,single_ticket,exit,G05,2.75
TX0000477,ST03,2026-08-05 10:00:00,monthly_pass,exit,G01,2.22
TX0000478,ST09,2026-08-05 04:00:00,single_ticket,entry,G06,1.6
TX0000479,ST06,2026-07-20 12:00:00,monthly_pass,entry,G11,1.67
TX0000480,ST04,2026-07-17 03:00:00,smart_card,exit,G12,2.16
TX0000481,ST07,2026-07-12 00:00:00,smart_card,exit,G06,4.13
TX0000482,ST02,2026-08-04 10:00:00,smart_card,exit,G08,1.82
TX0000483,ST07,2026-08-01 02:00:00,monthly_pass,entry,G10,3.98
TX0000484,ST09,2026-06-27 09:00:00,smart_card,exit,G05,2.87
TX0000485,ST01,2026-08-16 13:00:00,day_pass,exit,G09,3.44
TX0000486,ST08,2026-07-19 08:00:00,smart_card,exit,G11,1.93
TX0000487,ST04,2026-08-06 10:00:00,single_ticket,entry,G10,3.88
TX0000488,ST02,2026-07-13 23:00:00,single_ticket,entry,G07,1.77
TX0000489,ST09,2026-07-08 03:00:00,smart_card,exit,G01,3.07
TX0000490,ST10,2026-08-02 11:00:00,smart_card,entry,G09,1.81
TX0000491,ST06,2026-07-20 15:00:00,single_ticket,entry,G08,4.07
TX0000492,ST01,2026-07-22 17:00:00,monthly_pass,entry,G06,3.27
TX0000493,ST09,2026-06-24 15:00:00,smart_card,entry,G04,3.14
TX0000494,ST10,2026-06-23 05:00:00,smart_card,entry,G06,2.32
TX0000495,ST01,2026-07-07 05:00:00,monthly_pass,entry,G05,3.03
TX0000496,ST01,2026-06-23 08:00:00,smart_card,entry,G02,1.56
TX0000497,ST09,2026-06-27 17:00:00,smart_card,entry,G02,2.94
TX0000498,ST04,2026-08-04 17:00:00,monthly_pass,entry,G04,2.14
TX0000499,ST03,2026-08-05 23:00:00,day_pass,entry,G07,4.18
TX0000500,ST03,2026-08-17 07:00:00,smart_card,entry,G01,2.32
TX0000501,ST07,2026-07-08 14:00:00,monthly_pass,entry,G09,3.03
TX0000502,ST05,2026-08-14 06:00:00,single_ticket,entry,G01,1.51
TX0000503,ST04,2026-07-27 18:00:00,smart_card,exit,G03,3.73
TX0000504,ST05,2026-06-23 08:00:00,smart_card,entry,G11,1.98
TX0000505,ST03,2026-06-24 20:00:00,monthly_pass,exit,G02,4.5
TX0000506,ST05,2026-07-11 09:00:00,single_ticket,entry,G03,2.38
TX0000507,ST01,2026-07-09 07:00:00,single_ticket,exit,G12,3.5
TX0000508,ST01,2026-07-03 14:00:00,smart_card,entry,G01,4.38
TX0000509,ST04,2026-07-13 03:00:00,smart_card,exit,G03,3.77
TX0000510,ST09,2026-06-26 04:00:00,single_ticket,entry,G07,2.55
TX0000511,ST09,2026-06-27 12:00:00,smart_card,entry,G04,4.26
TX0000512,ST10,2026-08-03 16:00:00,day_pass,entry,G08,2.14
TX0000513,ST05,2026-07-30 12:00:00,smart_card,exit,G11,3.4
TX0000514,ST03,2026-07-15 21:00:00,smart_card,exit,G06,3.74
TX0000515,ST05,2026-06-25 01:00:00,smart_card,exit,G06,2.57
TX0000516,ST09,2026-07-14 18:00:00,day_pass,entry,G04,3.99
TX0000517,ST01,2026-08-18 07:00:00,smart_card,entry,G04,2.92
TX0000518,ST06,2026-07-26 23:00:00,smart_card,exit,G07,4.08
TX0000519,ST03,2026-07-31 11:00:00,smart_card,exit,G01,2.14
TX0000520,ST01,2026-06-26 10:00:00,single_ticket,exit,G02,4.19
TX0000521,ST09,2026-08-04 04:00:00,monthly_pass,exit,G10,3.1
TX0000522,ST09,2026-08-20 22:00:00,smart_card,entry,G06,2.79
TX0000523,ST03,2026-08-17 19:00:00,smart_card,entry,G09,2.21
TX0000524,ST08,2026-08-16 17:00:00,monthly_pass,exit,G11,1.81
TX0000525,ST03,2026-07-20 12:00:00,smart_card,entry,G04,2.37
TX0000526,ST07,2026-06-23 01:00:00,single_ticket,entry,G05,2.69
TX0000527,ST02,2026-08-09 22:00:00,smart_card,exit,G08,3.3
TX0000528,ST01,2026-07-03 21:00:00,monthly_pass,exit,G09,3.67
TX0000529,ST08,2026-06-25 17:00:00,monthly_pass,entry,G01,1.63
TX0000530,ST08,2026-07-17 01:00:00,smart_card,entry,G07,4.35
TX0000531,ST08,2026-08-02 09:00:00,smart_card,entry,G03,2.25
TX0000532,ST10,2026-08-13 22:00:00,smart_card,entry,G06,3.54
TX0000533,ST08,2026-07-16 08:00:00,smart_card,entry,G10,3.92
TX0000534,ST07,2026-07-10 12:00:00,smart_card,exit,G02,2.75
TX0000535,ST10,2026-07-06 16:00:00,smart_card,entry,G12,2.81
TX0000536,ST04,2026-08-17 00:00:00,single_ticket,exit,G05,1.64
TX0000537,ST04,2026-07-04 19:00:00,smart_card,exit,G10,2.72
TX0000538,ST08,2026-07-22 01:00:00,smart_card,exit,G03,4.31
TX0000539,ST02,2026-08-12 03:00:00,monthly_pass,exit,G09,2.61
TX0000540,ST04,2026-07-16 09:00:00,smart_card,exit,G11,4.19
TX0000541,ST03,2026-07-09 14:00:00,monthly_pass,exit,G09,3.6
TX0000542,ST02,2026-08-16 05:00:00,single_ticket,entry,G12,4.15
TX0000543,ST09,2026-06-28 16:00:00,smart_card,exit,G01,2.09
TX0000544,ST07,2026-08-16 17:00:00,single_ticket,exit,G11,3.51
TX0000545,ST06,2026-08-18 18:00:00,monthly_pass,entry,G07,1.8
TX0000546,ST01,2026-07-11 04:00:00,day_pass,entry,G03,2.96
TX0000547,ST06,2026-07-06 22:00:00,smart_card,entry,G09,3.67
TX0000548,ST07,2026-07-22 10:00:00,smart_card,entry,G06,1.99
TX0000549,ST10,2026-08-06 13:00:00,smart_card,entry,G10,4.38
TX0000550,ST10,2026-08-13 07:00:00,smart_card,exit,G09,2.91
TX0000551,ST01,2026-07-22 20:00:00,smart_card,entry,G09,2.84
TX0000552,ST09,2026-06-25 07:00:00,monthly_pass,entry,G11,4.16
TX0000553,ST02,2026-07-19 16:00:00,single_ticket,exit,G04,4.08
TX0000554,ST09,2026-07-27 03:00:00,day_pass,exit,G03,4.25
TX0000555,ST09,2026-07-10 16:00:00,smart_card,exit,G07,3.51
TX0000556,ST06,2026-08-05 22:00:00,smart_card,exit,G03,3.49
TX0000557,ST07,2026-08-03 20:00:00,smart_card,entry,G10,2.19
TX0000558,ST08,2026-06-24 02:00:00,day_pass,exit,G11,3.73
TX0000559,ST01,2026-06-29 10:00:00,smart_card,exit,G06,3.36
TX0000560,ST04,2026-07-26 14:00:00,smart_card,exit,G10,2.53
TX0000561,ST09,2026-06-22 12:00:00,smart_card,exit,G05,4.4
TX0000562,ST09,2026-07-07 03:00:00,smart_card,entry,G11,2.96
TX0000563,ST01,2026-06-23 12:00:00,smart_card,entry,G02,3.67
TX0000564,ST03,2026-08-05 11:00:00,smart_card,entry,G12,3.5
TX0000565,ST04,2026-07-28 23:00:00,monthly_pass,exit,G07,1.53
TX0000566,ST08,2026-08-08 23:00:00,single_ticket,exit,G12,2.87
TX0000567,ST01,2026-07-08 20:00:00,monthly_pass,entry,G09,3.32
TX0000568,ST04,2026-08-19 22:00:00,monthly_pass,exit,G09,4.5
TX0000569,ST03,2026-06-23 11:00:00,single_ticket,exit,G05,1.96
TX0000570,ST10,2026-07-08 04:00:00,smart_card,entry,G08,3.55
TX0000571,ST04,2026-08-07 12:00:00,smart_card,exit,G10,2.81
TX0000572,ST03,2026-08-15 21:00:00,smart_card,exit,G09,2.91
TX0000573,ST04,2026-08-07 07:00:00,day_pass,exit,G12,1.98
TX0000574,ST04,2026-07-29 21:00:00,day_pass,exit,G01,3.09
TX0000575,ST02,2026-07-19 02:00:00,smart_card,exit,G03,1.64
TX0000576,ST04,2026-07-25 13:00:00,smart_card,exit,G06,2.74
TX0000577,ST02,2026-08-10 03:00:00,smart_card,exit,G08,2.72
TX0000578,ST07,2026-08-13 04:00:00,smart_card,entry,G08,2.02
TX0000579,ST10,2026-07-22 08:00:00,smart_card,entry,G05,4.49
TX0000580,ST02,2026-06-26 02:00:00,monthly_pass,entry,G02,3.64
TX0000581,ST07,2026-08-15 04:00:00,smart_card,exit,G03,4.37
TX0000582,ST06,2026-07-11 12:00:00,monthly_pass,entry,G10,3.73
TX0000583,ST10,2026-07-26 10:00:00,smart_card,entry,G07,2.98
TX0000584,ST05,2026-06-29 14:00:00,smart_card,exit,G01,3.34
TX0000585,ST02,2026-07-04 07:00:00,smart_card,exit,G05,2.0
TX0000586,ST10,2026-06-27 04:00:00,smart_card,entry,G05,1.96
TX0000587,ST07,2026-08-11 08:00:00,smart_card,exit,G08,2.96
TX0000588,ST07,2026-08-09 22:00:00,single_ticket,entry,G10,2.11
TX0000589,ST01,2026-08-04 12:00:00,smart_card,entry,G08,3.81
TX0000590,ST03,2026-07-26 19:00:00,smart_card,exit,G12,2.39
TX0000591,ST06,2026-07-18 22:00:00,smart_card,entry,G05,1.76
TX0000592,ST02,2026-07-07 00:00:00,smart_card,exit,G10,3.26
TX0000593,ST02,2026-08-16 16:00:00,single_ticket,entry,G01,3.17
TX0000594,ST02,2026-08-04 04:00:00,single_ticket,entry,G04,2.28
TX0000595,ST07,2026-07-06 19:00:00,smart_card,entry,G11,1.89
TX0000596,ST01,2026-08-11 18:00:00,day_pass,entry,G01,3.39
TX0000597,ST04,2026-07-05 02:00:00,smart_card,exit,G12,3.72
TX0000598,ST07,2026-06-24 04:00:00,day_pass,entry,G07,2.07
TX0000599,ST07,2026-07-01 04:00:00,smart_card,exit,G04,3.74
TX0000600,ST09,2026-07-02 07:00:00,single_ticket,entry,G01,3.47
TX0000601,ST07,2026-08-21 00:00:00,smart_card,entry,G11,3.82
TX0000602,ST06,2026-08-13 09:00:00,single_ticket,entry,G03,1.69
TX0000603,ST07,2026-06-25 18:00:00,single_ticket,exit,G11,4.4
TX0000604,ST08,2026-07-21 23:00:00,smart_card,exit,G12,3.48
TX0000605,ST04,2026-08-05 13:00:00,smart_card,exit,G03,2.28
TX0000606,ST02,2026-07-20 02:00:00,single_ticket,exit,G09,4.13
TX0000607,ST06,2026-07-30 19:00:00,smart_card,exit,G06,3.24
TX0000608,ST02,2026-07-20 15:00:00,single_ticket,entry,G07,1.98
TX0000609,ST04,2026-07-17 10:00:00,smart_card,exit,G01,4.06
TX0000610,ST07,2026-08-08 11:00:00,smart_card,entry,G06,3.67
TX0000611,ST09,2026-07-30 22:00:00,single_ticket,exit,G06,2.34
TX0000612,ST03,2026-07-11 10:00:00,smart_card,entry,G07,3.13
TX0000613,ST04,2026-07-05 03:00:00,smart_card,entry,G04,2.7
TX0000614,ST02,2026-08-10 18:00:00,smart_card,exit,G06,1.52
TX0000615,ST08,2026-08-17 18:00:00,day_pass,exit,G02,2.93
TX0000616,ST05,2026-07-08 04:00:00,smart_card,exit,G04,2.21
TX0000617,ST02,2026-07-30 10:00:00,smart_card,exit,G07,1.96
TX0000618,ST07,2026-07-19 09:00:00,single_ticket,entry,G08,1.78
TX0000619,ST08,2026-07-13 12:00:00,smart_card,exit,G02,2.17
TX0000620,ST01,2026-07-29 19:00:00,smart_card,exit,G08,3.78
TX0000621,ST06,2026-07-05 10:00:00,smart_card,exit,G05,2.58
TX0000622,ST01,2026-07-06 08:00:00,smart_card,entry,G03,1.92
TX0000623,ST06,2026-08-19 11:00:00,monthly_pass,exit,G11,2.01
TX0000624,ST01,2026-08-05 02:00:00,single_ticket,exit,G10,3.46
TX0000625,ST09,2026-07-24 17:00:00,day_pass,entry,G09,2.71
TX0000626,ST03,2026-07-17 07:00:00,day_pass,entry,G06,3.37
TX0000627,ST02,2026-07-27 11:00:00,smart_card,exit,G10,1.66
TX0000628,ST05,2026-08-07 01:00:00,single_ticket,exit,G05,3.69
TX0000629,ST04,2026-08-07 18:00:00,smart_card,exit,G03,4.39
TX0000630,ST08,2026-07-07 08:00:00,day_pass,exit,G06,3.86
TX0000631,ST01,2026-07-30 00:00:00,monthly_pass,entry,G07,3.67
TX0000632,ST09,2026-08-01 03:00:00,smart_card,entry,G08,2.1
TX0000633,ST04,2026-07-27 13:00:00,single_ticket,exit,G04,2.72
TX0000634,ST05,2026-06-22 11:00:00,smart_card,entry,G07,1.97
TX0000635,ST10,2026-07-29 17:00:00,monthly_pass,exit,G06,3.79
TX0000636,ST01,2026-06-26 11:00:00,smart_card,entry,G03,3.73
TX0000637,ST02,2026-07-30 19:00:00,smart_card,exit,G08,1.87
TX0000638,ST05,2026-08-08 13:00:00,monthly_pass,entry,G04,3.74
TX0000639,ST07,2026-07-18 11:00:00,smart_card,exit,G05,3.21
TX0000640,ST10,2026-06-30 18:00:00,smart_card,entry,G12,4.44
TX0000641,ST03,2026-07-10 18:00:00,single_ticket,exit,G07,4.47
TX0000642,ST04,2026-06-27 07:00:00,single_ticket,entry,G07,1.74
TX0000643,ST06,2026-07-08 14:00:00,smart_card,exit,G08,4.01
TX0000644,ST08,2026-06-25 06:00:00,smart_card,exit,G02,1.98
TX0000645,ST07,2026-07-16 08:00:00,smart_card,entry,G02,3.15
TX0000646,ST06,2026-08-21 04:00:00,smart_card,entry,G06,3.02
TX0000647,ST01,2026-07-18 05:00:00,monthly_pass,entry,G01,2.32
TX0000648,ST07,2026-08-14 16:00:00,day_pass,entry,G04,3.67
TX0000649,ST08,2026-08-20 21:00:00,single_ticket,exit,G02,3.11
TX0000650,ST03,2026-06-29 16:00:00,smart_card,entry,G08,3.37
TX0000651,ST08,2026-06-30 13:00:00,monthly_pass,entry,G11,3.57
TX0000652,ST06,2026-08-10 08:00:00,smart_card,entry,G01,2.71
TX0000653,ST10,2026-08-09 19:00:00,monthly_pass,exit,G12,1.62
TX0000654,ST06,2026-06-26 12:00:00,monthly_pass,exit,G06,2.27
TX0000655,ST02,2026-07-28 02:00:00,monthly_pass,exit,G02,2.03
TX0000656,ST06,2026-07-19 16:00:00,smart_card,exit,G04,3.76
TX0000657,ST07,2026-08-17 15:00:00,smart_card,entry,G05,2.25
TX0000658,ST10,2026-08-20 12:00:00,single_ticket,entry,G05,2.6
TX0000659,ST07,2026-06-22 07:00:00,smart_card,exit,G04,2.84
TX0000660,ST05,2026-07-05 19:00:00,smart_card,exit,G12,4.01
TX0000661,ST03,2026-07-09 16:00:00,single_ticket,exit,G08,4.03
TX0000662,ST05,2026-08-10 14:00:00,single_ticket,entry,G03,2.16
TX0000663,ST03,2026-07-14 19:00:00,smart_card,entry,G04,2.73
TX0000664,ST06,2026-07-19 12:00:00,smart_card,exit,G05,2.23
TX0000665,ST08,2026-07-28 17:00:00,single_ticket,entry,G12,4.43
TX0000666,ST03,2026-07-19 04:00:00,smart_card,entry,G11,3.1
TX0000667,ST10,2026-06-30 08:00:00,single_ticket,exit,G03,1.5
TX0000668,ST08,2026-08-19 00:00:00,day_pass,exit,G09,1.77
TX0000669,ST08,2026-06-29 17:00:00,monthly_pass,exit,G06,4.07
TX0000670,ST04,2026-08-13 03:00:00,day_pass,exit,G03,2.69
TX0000671,ST07,2026-07-10 15:00:00,smart_card,entry,G03,4.22
TX0000672,ST03,2026-07-22 21:00:00,monthly_pass,entry,G08,3.49
TX0000673,ST09,2026-06-27 23:00:00,smart_card,entry,G05,3.1
TX0000674,ST04,2026-07-11 18:00:00,day_pass,exit,G01,3.94
TX0000675,ST02,2026-07-29 02:00:00,smart_card,exit,G03,3.69
TX0000676,ST03,2026-08-06 16:00:00,single_ticket,exit,G01,3.25
TX0000677,ST09,2026-07-29 00:00:00,smart_card,exit,G02,1.75
TX0000678,ST09,2026-08-07 11:00:00,smart_card,exit,G03,3.91
TX0000679,ST01,2026-08-15 19:00:00,smart_card,exit,G11,3.99
TX0000680,ST05,2026-07-04 07:00:00,smart_card,entry,G05,4.18
TX0000681,ST03,2026-08-15 05:00:00,smart_card,exit,G07,1.8
TX0000682,ST01,2026-06-29 18:00:00,day_pass,exit,G11,4.42
TX0000683,ST07,2026-06-26 08:00:00,single_ticket,exit,G09,2.81
TX0000684,ST06,2026-07-31 11:00:00,single_ticket,entry,G12,2.15
TX0000685,ST02,2026-08-02 20:00:00,day_pass,exit,G05,3.63
TX0000686,ST06,2026-08-13 11:00:00,smart_card,exit,G01,3.82
TX0000687,ST08,2026-06-25 23:00:00,monthly_pass,exit,G02,1.5
TX0000688,ST09,2026-07-15 06:00:00,smart_card,exit,G12,2.48
TX0000689,ST03,2026-08-09 02:00:00,smart_card,exit,G12,2.91
TX0000690,ST09,2026-08-20 14:00:00,smart_card,entry,G08,4.05
TX0000691,ST01,2026-08-14 03:00:00,day_pass,exit,G05,1.56
TX0000692,ST09,2026-07-14 10:00:00,smart_card,entry,G02,3.76
TX0000693,ST09,2026-06-25 00:00:00,smart_card,entry,G09,4.29
TX0000694,ST10,2026-07-28 01:00:00,single_ticket,exit,G05,4.32
TX0000695,ST06,2026-08-03 13:00:00,day_pass,exit,G11,2.18
TX0000696,ST06,2026-07-05 17:00:00,day_pass,entry,G09,3.35
TX0000697,ST02,2026-08-09 02:00:00,smart_card,entry,G07,2.93
TX0000698,ST03,2026-08-16 07:00:00,smart_card,exit,G11,3.35
TX0000699,ST03,2026-07-10 16:00:00,single_ticket,exit,G05,3.14
TX0000700,ST02,2026-06-23 16:00:00,monthly_pass,exit,G08,4.21
TX0000701,ST09,2026-07-23 21:00:00,smart_card,exit,G04,3.7
TX0000702,ST02,2026-08-12 18:00:00,single_ticket,exit,G12,3.14
TX0000703,ST10,2026-07-29 18:00:00,smart_card,entry,G01,4.49
TX0000704,ST08,2026-08-08 05:00:00,smart_card,entry,G03,4.32
TX0000705,ST10,2026-06-28 19:00:00,smart_card,exit,G01,1.95
TX0000706,ST08,2026-08-06 22:00:00,day_pass,entry,G12,3.41
TX0000707,ST02,2026-08-20 05:00:00,single_ticket,exit,G09,4.31
TX0000708,ST05,2026-08-09 22:00:00,smart_card,exit,G04,4.04
TX0000709,ST01,2026-07-30 20:00:00,single_ticket,exit,G12,4.18
TX0000710,ST03,2026-07-16 10:00:00,smart_card,entry,G09,3.35
TX0000711,ST01,2026-07-21 17:00:00,smart_card,exit,G10,1.73
TX0000712,ST04,2026-08-04 10:00:00,day_pass,exit,G07,1.55
TX0000713,ST07,2026-08-15 08:00:00,smart_card,exit,G04,2.4
TX0000714,ST03,2026-07-08 15:00:00,monthly_pass,exit,G12,3.35
TX0000715,ST01,2026-07-04 01:00:00,day_pass,entry,G02,4.28
TX0000716,ST02,2026-07-29 14:00:00,single_ticket,exit,G03,2.68
TX0000717,ST02,2026-06-26 03:00:00,single_ticket,exit,G03,3.38
TX0000718,ST03,2026-08-03 15:00:00,day_pass,exit,G10,3.1
TX0000719,ST04,2026-07-19 02:00:00,smart_card,exit,G11,2.21
TX0000720,ST09,2026-08-17 17:00:00,single_ticket,entry,G11,2.44
TX0000721,ST03,2026-08-15 18:00:00,smart_card,exit,G04,2.62
TX0000722,ST08,2026-07-26 20:00:00,single_ticket,entry,G07,3.79
TX0000723,ST10,2026-07-21 10:00:00,single_ticket,exit,G07,3.51
TX0000724,ST01,2026-07-27 01:00:00,smart_card,entry,G12,2.92
TX0000725,ST07,2026-07-03 11:00:00,smart_card,exit,G12,4.47
TX0000726,ST09,2026-08-05 19:00:00,single_ticket,entry,G04,2.4
TX0000727,ST08,2026-08-07 11:00:00,monthly_pass,exit,G12,3.7
TX0000728,ST08,2026-07-20 15:00:00,single_ticket,entry,G11,1.83
TX0000729,ST04,2026-08-01 17:00:00,smart_card,entry,G03,2.86
TX0000730,ST02,2026-06-27 20:00:00,monthly_pass,entry,G09,3.83
TX0000731,ST08,2026-07-04 06:00:00,day_pass,entry,G12,2.93
TX0000732,ST05,2026-08-05 21:00:00,single_ticket,exit,G04,3.26
TX0000733,ST03,2026-07-29 17:00:00,smart_card,entry,G04,2.93
TX0000734,ST05,2026-07-09 18:00:00,smart_card,entry,G11,2.18
TX0000735,ST02,2026-08-17 23:00:00,smart_card,entry,G10,4.11
TX0000736,ST06,2026-07-21 09:00:00,day_pass,entry,G10,3.49
TX0000737,ST01,2026-08-18 10:00:00,smart_card,entry,G03,3.73
TX0000738,ST08,2026-07-09 13:00:00,single_ticket,entry,G04,4.35
TX0000739,ST09,2026-06-26 06:00:00,monthly_pass,exit,G01,3.58
TX0000740,ST02,2026-07-05 19:00:00,single_ticket,exit,G09,1.69
TX0000741,ST03,2026-06-23 14:00:00,smart_card,exit,G10,3.39
TX0000742,ST03,2026-08-13 00:00:00,smart_card,entry,G10,3.02
TX0000743,ST02,2026-08-18 15:00:00,single_ticket,exit,G06,2.16
TX0000744,ST04,2026-07-12 21:00:00,smart_card,exit,G02,3.28
TX0000745,ST08,2026-08-12 02:00:00,smart_card,exit,G12,3.52
TX0000746,ST08,2026-07-21 00:00:00,smart_card,exit,G11,3.18
TX0000747,ST10,2026-08-13 01:00:00,single_ticket,entry,G05,1.96
TX0000748,ST07,2026-07-06 03:00:00,single_ticket,entry,G09,3.41
TX0000749,ST06,2026-07-17 07:00:00,smart_card,exit,G05,1.57
TX0000750,ST07,2026-07-27 23:00:00,single_ticket,entry,G11,1.98
TX0000751,ST09,2026-07-03 16:00:00,smart_card,exit,G07,3.89
TX0000752,ST09,2026-07-26 10:00:00,smart_card,entry,G12,2.97
TX0000753,ST03,2026-08-12 06:00:00,monthly_pass,exit,G10,3.27
TX0000754,ST06,2026-07-22 22:00:00,smart_card,entry,G08,2.52
TX0000755,ST09,2026-08-02 18:00:00,smart_card,entry,G01,3.2
TX0000756,ST06,2026-08-11 18:00:00,smart_card,entry,G06,1.61
TX0000757,ST05,2026-07-03 02:00:00,smart_card,exit,G08,1.57
TX0000758,ST06,2026-07-24 18:00:00,single_ticket,exit,G07,4.21
TX0000759,ST03,2026-07-06 10:00:00,single_ticket,exit,G03,2.36
TX0000760,ST04,2026-06-27 03:00:00,single_ticket,exit,G08,3.91
TX0000761,ST08,2026-07-04 07:00:00,monthly_pass,exit,G03,3.05
TX0000762,ST09,2026-08-11 01:00:00,day_pass,exit,G12,1.73
TX0000763,ST10,2026-07-27 22:00:00,smart_card,entry,G02,1.69
TX0000764,ST05,2026-08-15 19:00:00,single_ticket,entry,G04,1.69
TX0000765,ST03,2026-07-09 07:00:00,single_ticket,exit,G01,3.01
TX0000766,ST10,2026-06-28 02:00:00,single_ticket,entry,G03,2.5
TX0000767,ST06,2026-07-23 20:00:00,smart_card,exit,G04,4.43
TX0000768,ST06,2026-07-04 16:00:00,monthly_pass,exit,G12,1.82
TX0000769,ST06,2026-07-10 13:00:00,smart_card,exit,G08,2.69
TX0000770,ST03,2026-07-22 16:00:00,day_pass,exit,G02,1.54
TX0000771,ST06,2026-08-10 16:00:00,smart_card,entry,G06,3.34
TX0000772,ST02,2026-08-16 11:00:00,day_pass,entry,G02,1.78
TX0000773,ST02,2026-07-14 21:00:00,smart_card,entry,G02,3.54
TX0000774,ST02,2026-06-24 06:00:00,smart_card,entry,G08,3.66
TX0000775,ST10,2026-06-26 03:00:00,smart_card,exit,G06,4.46
TX0000776,ST06,2026-08-07 17:00:00,smart_card,entry,G03,2.16
TX0000777,ST06,2026-08-06 13:00:00,smart_card,exit,G10,3.47
TX0000778,ST02,2026-07-25 00:00:00,single_ticket,entry,G12,2.42
TX0000779,ST02,2026-06-29 08:00:00,monthly_pass,exit,G11,2.41
TX0000780,ST07,2026-07-24 04:00:00,monthly_pass,exit,G11,4.07
TX0000781,ST06,2026-08-02 04:00:00,smart_card,exit,G07,4.17
TX0000782,ST03,2026-08-13 06:00:00,smart_card,entry,G03,2.31
TX0000783,ST10,2026-07-24 17:00:00,monthly_pass,entry,G07,3.29
TX0000784,ST08,2026-07-02 14:00:00,monthly_pass,exit,G03,3.72
TX0000785,ST06,2026-07-02 07:00:00,smart_card,exit,G05,2.52
TX0000786,ST04,2026-06-22 18:00:00,smart_card,entry,G05,1.96
TX0000787,ST04,2026-07-02 05:00:00,smart_card,entry,G06,3.95
TX0000788,ST03,2026-06-27 03:00:00,smart_card,entry,G10,3.07
TX0000789,ST04,2026-08-17 06:00:00,day_pass,entry,G10,2.33
TX0000790,ST07,2026-08-10 14:00:00,smart_card,entry,G09,1.58
TX0000791,ST04,2026-07-21 04:00:00,single_ticket,entry,G06,4.07
TX0000792,ST04,2026-06-22 13:00:00,smart_card,entry,G01,2.83
TX0000793,ST10,2026-07-19 11:00:00,smart_card,entry,G11,3.16
TX0000794,ST07,2026-07-06 22:00:00,single_ticket,exit,G03,1.9
TX0000795,ST01,2026-08-18 22:00:00,single_ticket,exit,G08,1.75
TX0000796,ST09,2026-07-23 06:00:00,smart_card,exit,G02,2.57
TX0000797,ST02,2026-07-28 11:00:00,smart_card,exit,G05,2.19
TX0000798,ST10,2026-08-01 20:00:00,smart_card,exit,G02,1.6
TX0000799,ST08,2026-08-10 11:00:00,monthly_pass,entry,G12,2.03
TX0000800,ST08,2026-07-11 09:00:00,monthly_pass,entry,G05,3.46
TX0000801,ST07,2026-07-25 14:00:00,smart_card,exit,G11,2.25
TX0000802,ST09,2026-07-04 09:00:00,monthly_pass,exit,G06,4.4
TX0000803,ST08,2026-08-04 06:00:00,single_ticket,entry,G05,4.2
TX0000804,ST10,2026-07-30 17:00:00,smart_card,entry,G05,2.54
TX0000805,ST01,2026-07-10 23:00:00,smart_card,exit,G09,3.87
TX0000806,ST04,2026-08-13 13:00:00,monthly_pass,entry,G10,2.04
TX0000807,ST10,2026-07-08 11:00:00,single_ticket,entry,G12,2.9
TX0000808,ST09,2026-07-15 17:00:00,monthly_pass,exit,G01,2.79
TX0000809,ST02,2026-08-21 01:00:00,smart_card,entry,G08,4.12
TX0000810,ST03,2026-08-12 19:00:00,monthly_pass,exit,G03,2.72
TX0000811,ST03,2026-07-05 06:00:00,day_pass,exit,G12,1.99
TX0000812,ST09,2026-08-12 02:00:00,day_pass,exit,G04,3.6
TX0000813,ST07,2026-08-20 12:00:00,monthly_pass,entry,G01,3.42
TX0000814,ST02,2026-07-18 10:00:00,smart_card,entry,G05,2.47
TX0000815,ST08,2026-07-27 04:00:00,single_ticket,exit,G12,3.73
TX0000816,ST05,2026-07-26 19:00:00,smart_card,entry,G08,3.42
TX0000817,ST04,2026-07-30 18:00:00,monthly_pass,exit,G09,1.96
TX0000818,ST10,2026-08-18 21:00:00,single_ticket,entry,G08,2.11
TX0000819,ST09,2026-08-01 17:00:00,smart_card,entry,G02,3.49
TX0000820,ST08,2026-07-31 16:00:00,smart_card,entry,G11,3.3
TX0000821,ST06,2026-08-06 09:00:00,smart_card,exit,G02,1.6
TX0000822,ST04,2026-08-03 08:00:00,smart_card,exit,G04,2.27
TX0000823,ST10,2026-07-07 09:00:00,smart_card,exit,G09,1.78
TX0000824,ST01,2026-07-29 01:00:00,monthly_pass,exit,G12,4.42
TX0000825,ST04,2026-06-24 04:00:00,single_ticket,entry,G03,2.95
TX0000826,ST03,2026-07-07 21:00:00,monthly_pass,entry,G12,3.02
TX0000827,ST08,2026-08-08 13:00:00,smart_card,exit,G01,1.94
TX0000828,ST06,2026-06-24 05:00:00,smart_card,entry,G07,2.91
TX0000829,ST04,2026-06-23 08:00:00,monthly_pass,exit,G03,4.39
TX0000830,ST08,2026-06-29 00:00:00,single_ticket,entry,G11,4.09
TX0000831,ST02,2026-07-03 14:00:00,smart_card,entry,G02,2.95
TX0000832,ST05,2026-07-20 08:00:00,monthly_pass,entry,G07,4.14
TX0000833,ST08,2026-08-17 23:00:00,smart_card,entry,G03,2.77
TX0000834,ST07,2026-06-27 10:00:00,smart_card,exit,G02,3.34
TX0000835,ST06,2026-07-12 16:00:00,single_ticket,entry,G07,2.65
TX0000836,ST01,2026-06-29 14:00:00,single_ticket,exit,G04,3.54
TX0000837,ST06,2026-07-10 22:00:00,single_ticket,exit,G07,3.61
TX0000838,ST07,2026-08-17 02:00:00,smart_card,exit,G04,1.81
TX0000839,ST07,2026-08-15 11:00:00,smart_card,exit,G06,4.2
TX0000840,ST05,2026-08-10 19:00:00,smart_card,entry,G03,2.25
TX0000841,ST07,2026-07-07 08:00:00,smart_card,exit,G09,3.79
TX0000842,ST01,2026-07-11 06:00:00,smart_card,exit,G11,4.33
TX0000843,ST02,2026-06-29 21:00:00,single_ticket,exit,G01,2.38
TX0000844,ST03,2026-08-11 22:00:00,monthly_pass,exit,G06,4.43
TX0000845,ST04,2026-08-02 10:00:00,monthly_pass,entry,G11,3.82
TX0000846,ST05,2026-08-08 21:00:00,day_pass,entry,G12,3.7
TX0000847,ST08,2026-06-26 01:00:00,smart_card,exit,G12,1.82
TX0000848,ST09,2026-08-13 02:00:00,smart_card,entry,G01,2.89
TX0000849,ST01,2026-06-24 20:00:00,monthly_pass,entry,G12,2.92
TX0000850,ST03,2026-08-11 19:00:00,smart_card,exit,G01,4.19
TX0000851,ST04,2026-08-14 14:00:00,smart_card,entry,G04,2.97
TX0000852,ST05,2026-08-15 15:00:00,smart_card,entry,G06,2.66
TX0000853,ST06,2026-07-27 05:00:00,single_ticket,entry,G11,2.77
TX0000854,ST07,2026-07-16 21:00:00,monthly_pass,exit,G06,4.39
TX0000855,ST10,2026-06-26 22:00:00,smart_card,exit,G09,3.34
TX0000856,ST01,2026-08-20 07:00:00,single_ticket,entry,G07,2.99
TX0000857,ST08,2026-06-23 01:00:00,single_ticket,exit,G06,3.79
TX0000858,ST03,2026-06-29 00:00:00,monthly_pass,exit,G02,2.34
TX0000859,ST05,2026-07-13 00:00:00,smart_card,exit,G12,4.07
TX0000860,ST08,2026-06-29 20:00:00,single_ticket,exit,G02,3.37
TX0000861,ST10,2026-07-05 21:00:00,monthly_pass,entry,G03,2.29
TX0000862,ST08,2026-07-30 08:00:00,monthly_pass,exit,G11,1.79
TX0000863,ST10,2026-07-11 16:00:00,smart_card,entry,G08,3.01
TX0000864,ST04,2026-07-14 17:00:00,smart_card,entry,G04,3.79
TX0000865,ST01,2026-08-17 11:00:00,monthly_pass,exit,G03,2.48
TX0000866,ST01,2026-07-08 00:00:00,monthly_pass,exit,G02,4.39
TX0000867,ST02,2026-07-23 10:00:00,smart_card,entry,G04,3.11
TX0000868,ST06,2026-08-11 11:00:00,smart_card,exit,G10,4.05
TX0000869,ST03,2026-07-31 10:00:00,smart_card,entry,G10,1.87
TX0000870,ST08,2026-07-29 09:00:00,single_ticket,exit,G09,3.14
TX0000871,ST05,2026-07-22 03:00:00,smart_card,exit,G08,4.43
TX0000872,ST07,2026-07-07 07:00:00,smart_card,exit,G04,2.8
TX0000873,ST05,2026-08-10 17:00:00,day_pass,exit,G09,3.83
TX0000874,ST08,2026-08-19 13:00:00,smart_card,entry,G12,3.62
TX0000875,ST01,2026-07-30 07:00:00,monthly_pass,exit,G05,2.52
TX0000876,ST01,2026-08-06 12:00:00,smart_card,exit,G07,3.99
TX0000877,ST10,2026-07-19 13:00:00,smart_card,exit,G12,2.83
TX0000878,ST01,2026-07-29 20:00:00,monthly_pass,exit,G02,2.65
TX0000879,ST10,2026-07-14 12:00:00,smart_card,exit,G06,3.49
TX0000880,ST01,2026-07-25 08:00:00,smart_card,entry,G09,2.14
TX0000881,ST07,2026-07-28 14:00:00,smart_card,entry,G04,4.22
TX0000882,ST05,2026-08-04 15:00:00,single_ticket,entry,G02,1.7
TX0000883,ST06,2026-06-27 21:00:00,smart_card,exit,G03,4.19
TX0000884,ST02,2026-08-03 12:00:00,monthly_pass,entry,G11,3.12
TX0000885,ST03,2026-07-01 10:00:00,monthly_pass,entry,G04,3.51
TX0000886,ST09,2026-08-12 07:00:00,smart_card,exit,G11,4.37
TX0000887,ST03,2026-08-04 14:00:00,smart_card,entry,G10,4.38
TX0000888,ST07,2026-07-04 02:00:00,single_ticket,exit,G08,4.06
TX0000889,ST09,2026-07-21 15:00:00,monthly_pass,exit,G04,3.79
TX0000890,ST02,2026-07-04 16:00:00,smart_card,exit,G06,3.21
TX0000891,ST02,2026-07-24 12:00:00,smart_card,entry,G04,2.18
TX0000892,ST07,2026-08-06 12:00:00,smart_card,exit,G05,2.82
TX0000893,ST03,2026-07-28 07:00:00,monthly_pass,entry,G05,3.24
TX0000894,ST07,2026-07-22 20:00:00,smart_card,entry,G05,2.23
TX0000895,ST09,2026-08-11 20:00:00,single_ticket,entry,G04,3.31
TX0000896,ST06,2026-08-18 19:00:00,smart_card,exit,G05,3.19
TX0000897,ST03,2026-08-15 22:00:00,single_ticket,exit,G07,3.65
TX0000898,ST03,2026-06-28 16:00:00,smart_card,exit,G07,3.39
TX0000899,ST06,2026-08-07 00:00:00,single_ticket,exit,G12,4.09
TX0000900,ST01,2026-06-22 13:00:00,smart_card,entry,G03,2.76
TX0000901,ST08,2026-07-05 11:00:00,smart_card,entry,G12,3.23
TX0000902,ST04,2026-06-28 10:00:00,smart_card,entry,G11,3.32
TX0000903,ST01,2026-08-05 10:00:00,day_pass,exit,G12,2.54
TX0000904,ST10,2026-07-13 10:00:00,single_ticket,exit,G10,3.49
TX0000905,ST10,2026-06-28 00:00:00,smart_card,entry,G08,2.49
TX0000906,ST03,2026-07-18 02:00:00,smart_card,entry,G06,3.83
TX0000907,ST03,2026-07-02 13:00:00,smart_card,entry,G12,4.22
TX0000908,ST06,2026-07-16 09:00:00,smart_card,exit,G10,2.26
TX0000909,ST08,2026-07-17 16:00:00,day_pass,entry,G05,3.26
TX0000910,ST07,2026-07-28 12:00:00,smart_card,exit,G04,4.08
TX0000911,ST02,2026-08-05 21:00:00,single_ticket,exit,G03,3.25
TX0000912,ST08,2026-08-06 07:00:00,single_ticket,exit,G09,2.76
TX0000913,ST06,2026-06-25 06:00:00,monthly_pass,entry,G11,3.58
TX0000914,ST03,2026-07-18 20:00:00,single_ticket,exit,G11,2.71
TX0000915,ST08,2026-08-20 09:00:00,smart_card,entry,G10,2.94
TX0000916,ST03,2026-07-09 12:00:00,smart_card,exit,G11,4.48
TX0000917,ST05,2026-08-09 02:00:00,smart_card,entry,G05,2.64
TX0000918,ST07,2026-07-05 15:00:00,smart_card,exit,G10,4.22
TX0000919,ST03,2026-06-26 09:00:00,smart_card,exit,G03,3.73
TX0000920,ST06,2026-08-10 17:00:00,monthly_pass,entry,G07,2.76
TX0000921,ST05,2026-07-12 02:00:00,smart_card,entry,G05,4.21
TX0000922,ST05,2026-08-07 15:00:00,single_ticket,entry,G04,1.95
TX0000923,ST05,2026-07-18 13:00:00,smart_card,exit,G06,4.36
TX0000924,ST03,2026-06-29 15:00:00,smart_card,exit,G10,3.62
TX0000925,ST05,2026-07-23 04:00:00,smart_card,entry,G11,3.14
TX0000926,ST05,2026-07-09 23:00:00,smart_card,entry,G08,2.84
TX0000927,ST03,2026-08-08 12:00:00,smart_card,exit,G05,4.29
TX0000928,ST06,2026-08-04 02:00:00,monthly_pass,entry,G08,3.93
TX0000929,ST06,2026-07-18 17:00:00,single_ticket,entry,G06,3.15
TX0000930,ST08,2026-08-07 21:00:00,smart_card,exit,G05,3.95
TX0000931,ST06,2026-07-18 12:00:00,smart_card,entry,G03,3.18
TX0000932,ST09,2026-06-23 21:00:00,monthly_pass,entry,G06,3.68
TX0000933,ST01,2026-08-11 22:00:00,smart_card,entry,G09,3.41
TX0000934,ST06,2026-07-12 07:00:00,smart_card,exit,G07,2.08
TX0000935,ST06,2026-07-05 22:00:00,day_pass,exit,G08,2.15
TX0000936,ST08,2026-06-30 17:00:00,single_ticket,exit,G10,3.67
TX0000937,ST08,2026-08-07 13:00:00,smart_card,entry,G02,2.34
TX0000938,ST10,2026-08-10 03:00:00,single_ticket,exit,G10,4.18
TX0000939,ST07,2026-08-15 00:00:00,smart_card,entry,G04,3.1
TX0000940,ST03,2026-07-26 15:00:00,single_ticket,entry,G04,1.92
TX0000941,ST09,2026-06-24 09:00:00,smart_card,exit,G04,3.8
TX0000942,ST04,2026-06-29 18:00:00,monthly_pass,exit,G10,3.75
TX0000943,ST08,2026-07-28 12:00:00,single_ticket,exit,G08,3.45
TX0000944,ST03,2026-08-10 11:00:00,smart_card,entry,G01,4.23
TX0000945,ST08,2026-07-11 19:00:00,single_ticket,exit,G01,3.74
TX0000946,ST04,2026-08-10 22:00:00,smart_card,entry,G09,3.82
TX0000947,ST08,2026-06-26 00:00:00,monthly_pass,exit,G08,3.01
TX0000948,ST02,2026-07-01 04:00:00,smart_card,entry,G05,3.79
TX0000949,ST09,2026-07-10 13:00:00,smart_card,entry,G04,2.78
TX0000950,ST08,2026-08-20 14:00:00,day_pass,entry,G09,2.85
TX0000951,ST01,2026-08-03 07:00:00,smart_card,exit,G11,3.3
TX0000952,ST08,2026-08-02 23:00:00,smart_card,entry,G11,3.77
TX0000953,ST01,2026-08-08 16:00:00,day_pass,exit,G10,1.77
TX0000954,ST06,2026-08-19 17:00:00,single_ticket,exit,G01,2.95
TX0000955,ST06,2026-07-16 14:00:00,smart_card,entry,G07,1.54
TX0000956,ST06,2026-07-17 15:00:00,smart_card,exit,G04,3.01
TX0000957,ST08,2026-08-12 23:00:00,single_ticket,entry,G04,2.8
TX0000958,ST04,2026-08-18 00:00:00,monthly_pass,entry,G11,1.69
TX0000959,ST09,2026-06-22 11:00:00,single_ticket,entry,G04,2.56
TX0000960,ST08,2026-08-06 09:00:00,single_ticket,exit,G09,2.35
TX0000961,ST03,2026-07-28 06:00:00,day_pass,exit,G01,4.18
TX0000962,ST05,2026-06-22 15:00:00,smart_card,entry,G09,2.81
TX0000963,ST07,2026-07-09 14:00:00,smart_card,exit,G05,1.76
TX0000964,ST05,2026-07-07 23:00:00,single_ticket,exit,G02,2.7
TX0000965,ST10,2026-07-27 03:00:00,smart_card,entry,G02,3.43
TX0000966,ST04,2026-06-26 18:00:00,smart_card,entry,G05,4.25
TX0000967,ST01,2026-07-23 08:00:00,smart_card,exit,G08,4.12
TX0000968,ST07,2026-08-02 09:00:00,single_ticket,exit,G10,2.82
TX0000969,ST05,2026-07-12 09:00:00,single_ticket,exit,G11,3.4
TX0000970,ST08,2026-07-26 08:00:00,monthly_pass,exit,G10,4.4
TX0000971,ST10,2026-08-14 20:00:00,smart_card,entry,G01,1.95
TX0000972,ST05,2026-08-19 12:00:00,monthly_pass,entry,G10,4.15
TX0000973,ST02,2026-07-01 11:00:00,smart_card,entry,G11,4.04
TX0000974,ST09,2026-07-03 20:00:00,single_ticket,exit,G08,4.24
TX0000975,ST05,2026-06-22 12:00:00,single_ticket,exit,G05,4.4
TX0000976,ST06,2026-08-08 01:00:00,smart_card,entry,G11,1.99
TX0000977,ST06,2026-07-13 18:00:00,monthly_pass,entry,G01,3.18
TX0000978,ST04,2026-06-29 01:00:00,smart_card,exit,G01,2.0
TX0000979,ST10,2026-07-05 06:00:00,smart_card,entry,G02,2.31
TX0000980,ST06,2026-08-05 16:00:00,smart_card,exit,G09,3.88
TX0000981,ST10,2026-08-05 16:00:00,smart_card,exit,G01,4.14
TX0000982,ST04,2026-07-03 11:00:00,single_ticket,entry,G02,2.87
TX0000983,ST07,2026-07-09 11:00:00,smart_card,entry,G08,3.74
TX0000984,ST06,2026-08-05 11:00:00,smart_card,exit,G08,2.11
TX0000985,ST10,2026-07-17 11:00:00,smart_card,exit,G04,2.86
TX0000986,ST06,2026-06-23 23:00:00,single_ticket,exit,G11,1.51
TX0000987,ST06,2026-07-19 09:00:00,smart_card,entry,G06,3.84
TX0000988,ST04,2026-08-15 21:00:00,day_pass,entry,G08,2.3
TX0000989,ST10,2026-08-05 19:00:00,smart_card,exit,G09,1.6
TX0000990,ST08,2026-07-16 22:00:00,single_ticket,entry,G09,2.55
TX0000991,ST06,2026-08-20 19:00:00,monthly_pass,entry,G06,2.57
TX0000992,ST03,2026-07-25 01:00:00,smart_card,exit,G07,3.66
TX0000993,ST06,2026-07-09 00:00:00,smart_card,exit,G03,2.6
TX0000994,ST07,2026-07-02 04:00:00,monthly_pass,exit,G08,2.4
TX0000995,ST02,2026-06-28 19:00:00,smart_card,entry,G11,1.52
TX0000996,ST04,2026-06-25 08:00:00,single_ticket,entry,G09,3.84
TX0000997,ST09,2026-06-23 00:00:00,smart_card,entry,G03,1.72
TX0000998,ST07,2026-07-06 01:00:00,smart_card,entry,G12,2.53
TX0000999,ST06,2026-08-16 03:00:00,day_pass,entry,G09,2.24
TX0001000,ST09,2026-07-22 13:00:00,smart_card,exit,G12,4.37
TX0001001,ST01,2026-07-11 22:00:00,monthly_pass,entry,G09,3.32
TX0001002,ST06,2026-07-22 05:00:00,smart_card,exit,G08,1.59
TX0001003,ST07,2026-07-02 00:00:00,smart_card,entry,G10,3.53
TX0001004,ST03,2026-08-06 23:00:00,smart_card,exit,G11,4.15
TX0001005,ST10,2026-08-01 05:00:00,day_pass,exit,G06,3.5
TX0001006,ST07,2026-08-16 21:00:00,smart_card,exit,G08,3.07
TX0001007,ST05,2026-08-05 11:00:00,smart_card,exit,G12,2.48
TX0001008,ST02,2026-06-24 08:00:00,smart_card,exit,G10,3.36
TX0001009,ST07,2026-07-15 08:00:00,single_ticket,exit,G02,1.62
TX0001010,ST01,2026-07-20 16:00:00,smart_card,entry,G11,2.17
TX0001011,ST02,2026-07-26 20:00:00,monthly_pass,exit,G07,4.26
TX0001012,ST09,2026-07-18 03:00:00,smart_card,entry,G03,3.63
TX0001013,ST03,2026-06-24 04:00:00,smart_card,entry,G09,1.78
TX0001014,ST03,2026-08-01 11:00:00,smart_card,entry,G12,3.51
TX0001015,ST09,2026-06-25 04:00:00,smart_card,exit,G11,4.2
TX0001016,ST10,2026-07-06 02:00:00,day_pass,exit,G02,3.51
TX0001017,ST02,2026-08-17 17:00:00,monthly_pass,entry,G08,3.27
TX0001018,ST10,2026-07-28 02:00:00,single_ticket,exit,G02,2.98
TX0001019,ST03,2026-08-20 04:00:00,monthly_pass,entry,G08,3.27
TX0001020,ST05,2026-08-10 21:00:00,day_pass,exit,G06,4.11
TX0001021,ST02,2026-07-05 00:00:00,smart_card,entry,G12,2.45
TX0001022,ST02,2026-07-31 04:00:00,smart_card,entry,G01,3.82
TX0001023,ST07,2026-07-19 14:00:00,single_ticket,entry,G05,3.42
TX0001024,ST04,2026-06-25 00:00:00,monthly_pass,exit,G10,1.89
TX0001025,ST01,2026-07-16 15:00:00,day_pass,exit,G07,2.22
TX0001026,ST02,2026-07-10 22:00:00,single_ticket,entry,G06,4.15
TX0001027,ST01,2026-08-07 08:00:00,smart_card,entry,G09,2.47
TX0001028,ST10,2026-08-15 09:00:00,day_pass,exit,G04,2.73
TX0001029,ST09,2026-07-21 12:00:00,single_ticket,entry,G04,2.5
TX0001030,ST05,2026-07-27 02:00:00,monthly_pass,exit,G05,3.17
TX0001031,ST04,2026-08-19 04:00:00,single_ticket,entry,G05,1.7
TX0001032,ST04,2026-08-19 16:00:00,smart_card,entry,G03,2.82
TX0001033,ST08,2026-06-22 15:00:00,single_ticket,entry,G09,3.0
TX0001034,ST06,2026-07-16 02:00:00,smart_card,exit,G05,3.94
TX0001035,ST03,2026-07-05 00:00:00,smart_card,exit,G05,2.14
TX0001036,ST05,2026-07-06 19:00:00,single_ticket,entry,G03,2.66
TX0001037,ST07,2026-08-11 02:00:00,monthly_pass,entry,G11,3.08
TX0001038,ST05,2026-07-16 20:00:00,day_pass,exit,G02,3.93
TX0001039,ST02,2026-07-16 08:00:00,smart_card,entry,G07,3.61
TX0001040,ST10,2026-07-08 01:00:00,smart_card,entry,G12,1.64
TX0001041,ST06,2026-07-31 07:00:00,smart_card,exit,G09,2.55
TX0001042,ST09,2026-07-28 10:00:00,single_ticket,entry,G12,2.15
TX0001043,ST07,2026-08-09 04:00:00,single_ticket,exit,G02,1.87
TX0001044,ST01,2026-08-02 14:00:00,smart_card,exit,G06,2.33
TX0001045,ST03,2026-07-29 22:00:00,smart_card,exit,G12,3.21
TX0001046,ST10,2026-06-23 13:00:00,day_pass,exit,G01,3.95
TX0001047,ST07,2026-07-17 14:00:00,smart_card,entry,G12,4.16
TX0001048,ST04,2026-08-16 22:00:00,single_ticket,exit,G02,2.51
TX0001049,ST01,2026-07-26 00:00:00,day_pass,exit,G09,2.19
TX0001050,ST08,2026-07-08 01:00:00,smart_card,entry,G10,3.22
TX0001051,ST08,2026-08-17 15:00:00,smart_card,entry,G03,3.5
TX0001052,ST09,2026-07-29 12:00:00,single_ticket,entry,G11,3.16
TX0001053,ST08,2026-06-24 10:00:00,smart_card,exit,G07,3.99
TX0001054,ST08,2026-07-12 12:00:00,smart_card,entry,G08,2.69
TX0001055,ST02,2026-08-02 23:00:00,monthly_pass,exit,G02,2.5
TX0001056,ST06,2026-08-16 16:00:00,smart_card,exit,G01,3.2
TX0001057,ST02,2026-06-30 07:00:00,monthly_pass,entry,G01,3.48
TX0001058,ST02,2026-08-13 21:00:00,smart_card,exit,G05,2.5
TX0001059,ST01,2026-08-06 03:00:00,smart_card,entry,G04,2.26
TX0001060,ST06,2026-08-11 09:00:00,smart_card,entry,G08,4.4
TX0001061,ST10,2026-08-08 09:00:00,single_ticket,entry,G03,3.62
TX0001062,ST02,2026-06-29 20:00:00,monthly_pass,exit,G06,3.34
TX0001063,ST04,2026-07-07 13:00:00,smart_card,entry,G12,2.35
TX0001064,ST10,2026-07-02 18:00:00,monthly_pass,entry,G12,4.26
TX0001065,ST08,2026-08-05 06:00:00,single_ticket,exit,G09,3.09
TX0001066,ST03,2026-08-14 23:00:00,monthly_pass,exit,G07,2.31
TX0001067,ST04,2026-08-19 08:00:00,single_ticket,entry,G09,2.58
TX0001068,ST05,2026-08-11 14:00:00,single_ticket,exit,G09,2.62
TX0001069,ST07,2026-08-12 09:00:00,monthly_pass,exit,G10,1.6
TX0001070,ST05,2026-07-23 08:00:00,single_ticket,entry,G05,2.73
TX0001071,ST09,2026-08-03 03:00:00,day_pass,exit,G05,2.28
TX0001072,ST06,2026-07-29 16:00:00,smart_card,exit,G07,2.86
TX0001073,ST09,2026-07-09 10:00:00,smart_card,entry,G12,3.18
TX0001074,ST06,2026-06-27 05:00:00,single_ticket,exit,G09,2.51
TX0001075,ST04,2026-07-11 14:00:00,smart_card,entry,G07,1.59
TX0001076,ST08,2026-07-04 01:00:00,smart_card,entry,G12,4.28
TX0001077,ST06,2026-07-20 10:00:00,monthly_pass,entry,G03,1.85
TX0001078,ST06,2026-07-08 07:00:00,single_ticket,entry,G10,2.55
TX0001079,ST08,2026-07-27 23:00:00,monthly_pass,entry,G09,3.68
TX0001080,ST05,2026-07-29 14:00:00,smart_card,exit,G04,4.14
TX0001081,ST03,2026-08-03 11:00:00,smart_card,exit,G07,3.44
TX0001082,ST09,2026-07-11 05:00:00,smart_card,exit,G07,2.22
TX0001083,ST10,2026-07-22 06:00:00,monthly_pass,exit,G08,3.49
TX0001084,ST05,2026-08-13 14:00:00,smart_card,exit,G12,2.71
TX0001085,ST07,2026-07-05 14:00:00,monthly_pass,entry,G04,3.73
TX0001086,ST09,2026-08-12 09:00:00,smart_card,entry,G05,2.69
TX0001087,ST03,2026-07-23 04:00:00,smart_card,entry,G08,1.76
TX0001088,ST06,2026-07-14 17:00:00,day_pass,entry,G02,3.08
TX0001089,ST07,2026-07-15 18:00:00,single_ticket,exit,G01,1.63
TX0001090,ST03,2026-07-29 13:00:00,smart_card,exit,G05,3.37
TX0001091,ST09,2026-08-17 05:00:00,smart_card,exit,G10,2.45
TX0001092,ST06,2026-06-25 16:00:00,smart_card,entry,G05,4.15
TX0001093,ST04,2026-07-09 08:00:00,day_pass,exit,G08,3.0
TX0001094,ST10,2026-07-08 02:00:00,smart_card,exit,G10,1.6
TX0001095,ST02,2026-06-25 23:00:00,smart_card,exit,G08,3.42
TX0001096,ST06,2026-07-25 22:00:00,smart_card,entry,G08,3.99
TX0001097,ST05,2026-08-07 07:00:00,smart_card,entry,G07,1.63
TX0001098,ST10,2026-08-02 06:00:00,day_pass,exit,G07,3.73
TX0001099,ST02,2026-08-07 15:00:00,single_ticket,exit,G12,3.78
TX0001100,ST04,2026-07-10 00:00:00,monthly_pass,exit,G05,3.54
TX0001101,ST06,2026-06-27 09:00:00,single_ticket,exit,G01,2.97
TX0001102,ST04,2026-07-12 07:00:00,smart_card,exit,G11,3.44
TX0001103,ST09,2026-07-05 01:00:00,single_ticket,entry,G06,2.97
TX0001104,ST07,2026-07-23 08:00:00,monthly_pass,exit,G12,2.63
TX0001105,ST04,2026-06-22 23:00:00,smart_card,entry,G09,1.65
TX0001106,ST09,2026-06-23 15:00:00,smart_card,entry,G07,2.99
TX0001107,ST08,2026-08-01 12:00:00,smart_card,entry,G08,3.85
TX0001108,ST02,2026-07-25 09:00:00,monthly_pass,exit,G05,1.65
TX0001109,ST10,2026-07-29 03:00:00,smart_card,entry,G09,1.61
TX0001110,ST04,2026-06-30 07:00:00,smart_card,exit,G04,2.01
TX0001111,ST09,2026-08-17 02:00:00,single_ticket,exit,G12,2.39
TX0001112,ST05,2026-07-06 13:00:00,single_ticket,exit,G08,3.0
TX0001113,ST01,2026-08-12 17:00:00,smart_card,exit,G06,3.99
TX0001114,ST03,2026-08-12 16:00:00,smart_card,exit,G04,1.59
TX0001115,ST02,2026-07-22 02:00:00,single_ticket,entry,G10,3.85
TX0001116,ST03,2026-08-03 06:00:00,smart_card,exit,G06,3.64
TX0001117,ST01,2026-08-17 07:00:00,smart_card,entry,G06,3.0
TX0001118,ST10,2026-07-11 20:00:00,smart_card,entry,G02,2.08
TX0001119,ST07,2026-07-13 04:00:00,day_pass,entry,G09,1.76
TX0001120,ST01,2026-08-01 15:00:00,smart_card,entry,G01,1.97
TX0001121,ST06,2026-07-04 20:00:00,single_ticket,exit,G06,2.5
TX0001122,ST04,2026-08-06 04:00:00,smart_card,entry,G10,3.09
TX0001123,ST02,2026-06-23 23:00:00,smart_card,exit,G06,2.55
TX0001124,ST07,2026-08-18 02:00:00,single_ticket,entry,G02,3.18
TX0001125,ST03,2026-07-26 07:00:00,smart_card,entry,G12,4.14
TX0001126,ST01,2026-07-08 09:00:00,smart_card,entry,G01,1.89
TX0001127,ST09,2026-08-07 12:00:00,monthly_pass,entry,G09,4.18
TX0001128,ST10,2026-08-04 10:00:00,monthly_pass,exit,G01,2.08
TX0001129,ST07,2026-07-21 19:00:00,single_ticket,entry,G09,2.98
TX0001130,ST01,2026-07-05 08:00:00,single_ticket,entry,G12,3.7
TX0001131,ST03,2026-08-11 14:00:00,single_ticket,exit,G07,3.59
TX0001132,ST07,2026-07-19 17:00:00,smart_card,entry,G01,3.77
TX0001133,ST08,2026-08-12 06:00:00,smart_card,exit,G01,3.64
TX0001134,ST09,2026-07-21 11:00:00,single_ticket,entry,G03,1.55
TX0001135,ST05,2026-07-17 22:00:00,single_ticket,entry,G05,2.99
TX0001136,ST06,2026-07-01 11:00:00,smart_card,entry,G11,2.64
TX0001137,ST01,2026-07-17 10:00:00,monthly_pass,exit,G01,4.28
TX0001138,ST04,2026-08-06 01:00:00,smart_card,entry,G07,4.36
TX0001139,ST10,2026-08-13 23:00:00,smart_card,exit,G09,2.27
TX0001140,ST09,2026-08-09 17:00:00,smart_card,exit,G08,3.64
TX0001141,ST08,2026-06-29 02:00:00,single_ticket,entry,G10,2.21
TX0001142,ST07,2026-08-12 05:00:00,smart_card,entry,G09,3.75
TX0001143,ST10,2026-08-07 07:00:00,smart_card,entry,G01,2.4
TX0001144,ST09,2026-08-09 19:00:00,single_ticket,exit,G11,3.69
TX0001145,ST03,2026-06-24 05:00:00,single_ticket,exit,G06,1.58
TX0001146,ST05,2026-07-26 06:00:00,smart_card,entry,G06,3.61
TX0001147,ST03,2026-07-15 06:00:00,single_ticket,exit,G11,2.76
TX0001148,ST05,2026-07-06 17:00:00,monthly_pass,exit,G10,3.72
TX0001149,ST07,2026-07-18 13:00:00,smart_card,exit,G02,1.77
TX0001150,ST07,2026-08-01 08:00:00,single_ticket,exit,G04,4.1
TX0001151,ST07,2026-07-15 12:00:00,smart_card,exit,G05,3.5
TX0001152,ST08,2026-07-09 16:00:00,smart_card,entry,G12,2.61
TX0001153,ST07,2026-06-28 23:00:00,smart_card,entry,G02,2.52
TX0001154,ST05,2026-07-12 08:00:00,monthly_pass,exit,G06,2.39
TX0001155,ST07,2026-06-24 11:00:00,smart_card,entry,G06,3.27
TX0001156,ST01,2026-08-07 12:00:00,monthly_pass,exit,G03,1.62
TX0001157,ST06,2026-08-02 14:00:00,smart_card,entry,G07,3.64
TX0001158,ST02,2026-07-09 01:00:00,smart_card,entry,G03,3.86
TX0001159,ST01,2026-07-02 13:00:00,smart_card,entry,G05,2.26
TX0001160,ST03,2026-07-22 00:00:00,smart_card,entry,G10,1.92
TX0001161,ST10,2026-06-26 09:00:00,smart_card,exit,G11,4.41
TX0001162,ST02,2026-07-21 13:00:00,smart_card,entry,G01,3.4
TX0001163,ST01,2026-07-21 05:00:00,single_ticket,exit,G05,3.58
TX0001164,ST04,2026-08-19 02:00:00,single_ticket,exit,G01,3.4
TX0001165,ST02,2026-08-14 07:00:00,monthly_pass,entry,G02,2.25
TX0001166,ST02,2026-07-02 22:00:00,smart_card,entry,G01,3.9
TX0001167,ST01,2026-08-18 05:00:00,day_pass,entry,G10,2.94
TX0001168,ST01,2026-08-03 08:00:00,smart_card,entry,G07,2.29
TX0001169,ST01,2026-06-25 03:00:00,smart_card,exit,G03,3.28
TX0001170,ST07,2026-07-25 04:00:00,smart_card,exit,G06,4.15
TX0001171,ST03,2026-07-20 00:00:00,monthly_pass,exit,G09,3.83
TX0001172,ST02,2026-07-15 15:00:00,smart_card,exit,G04,3.63
TX0001173,ST10,2026-07-24 12:00:00,smart_card,entry,G06,2.3
TX0001174,ST09,2026-08-05 18:00:00,smart_card,entry,G02,2.34
TX0001175,ST02,2026-07-01 08:00:00,smart_card,exit,G03,3.99
TX0001176,ST09,2026-08-05 05:00:00,smart_card,exit,G03,3.9
TX0001177,ST05,2026-07-17 17:00:00,single_ticket,exit,G02,4.08
TX0001178,ST04,2026-07-16 05:00:00,single_ticket,entry,G10,4.35
TX0001179,ST07,2026-08-17 09:00:00,smart_card,exit,G10,2.6
TX0001180,ST10,2026-07-11 14:00:00,smart_card,entry,G07,3.3
TX0001181,ST07,2026-07-20 10:00:00,smart_card,exit,G03,3.19
TX0001182,ST01,2026-06-23 22:00:00,smart_card,entry,G01,2.41
TX0001183,ST05,2026-08-11 00:00:00,smart_card,exit,G12,3.14
TX0001184,ST09,2026-07-21 00:00:00,smart_card,entry,G06,4.45
TX0001185,ST08,2026-07-31 20:00:00,smart_card,exit,G07,4.31
TX0001186,ST06,2026-07-03 18:00:00,smart_card,exit,G07,3.06
TX0001187,ST04,2026-06-26 09:00:00,single_ticket,exit,G09,2.23
TX0001188,ST09,2026-06-24 21:00:00,single_ticket,exit,G06,4.01
TX0001189,ST03,2026-08-11 21:00:00,smart_card,exit,G07,4.07
TX0001190,ST06,2026-07-23 19:00:00,smart_card,exit,G10,3.19
TX0001191,ST02,2026-07-02 08:00:00,single_ticket,entry,G12,2.9
TX0001192,ST04,2026-08-10 05:00:00,smart_card,exit,G09,2.05
TX0001193,ST08,2026-08-07 01:00:00,monthly_pass,entry,G03,2.49
TX0001194,ST03,2026-08-10 07:00:00,single_ticket,entry,G03,1.54
TX0001195,ST10,2026-07-29 22:00:00,single_ticket,exit,G05,2.82
TX0001196,ST03,2026-06-29 22:00:00,smart_card,entry,G10,1.88
TX0001197,ST08,2026-07-20 14:00:00,smart_card,entry,G11,3.05
TX0001198,ST06,2026-07-20 06:00:00,smart_card,exit,G06,2.24
TX0001199,ST05,2026-07-05 21:00:00,smart_card,exit,G03,4.16
TX0001200,ST02,2026-07-21 19:00:00,day_pass,exit,G08,1.87
TX0001201,ST05,2026-08-08 03:00:00,monthly_pass,entry,G08,2.82
TX0001202,ST06,2026-08-19 16:00:00,monthly_pass,entry,G02,1.92
TX0001203,ST09,2026-07-31 16:00:00,smart_card,exit,G11,3.21
TX0001204,ST04,2026-07-30 01:00:00,monthly_pass,entry,G12,2.45
TX0001205,ST08,2026-06-24 04:00:00,single_ticket,entry,G12,1.81
TX0001206,ST07,2026-08-06 02:00:00,smart_card,entry,G07,3.3
TX0001207,ST07,2026-07-17 04:00:00,monthly_pass,exit,G10,3.11
TX0001208,ST02,2026-08-09 09:00:00,monthly_pass,exit,G01,2.13
TX0001209,ST06,2026-07-22 08:00:00,smart_card,exit,G01,4.4
TX0001210,ST03,2026-08-07 16:00:00,day_pass,entry,G01,3.87
TX0001211,ST09,2026-07-20 21:00:00,day_pass,entry,G07,3.35
TX0001212,ST09,2026-07-20 16:00:00,single_ticket,entry,G06,4.33
TX0001213,ST06,2026-07-04 12:00:00,smart_card,entry,G09,3.74
TX0001214,ST05,2026-07-15 14:00:00,smart_card,entry,G03,2.95
TX0001215,ST09,2026-08-19 12:00:00,monthly_pass,entry,G04,4.39
TX0001216,ST04,2026-08-16 18:00:00,smart_card,entry,G05,3.43
TX0001217,ST10,2026-08-16 19:00:00,smart_card,entry,G09,1.91
TX0001218,ST09,2026-06-29 10:00:00,smart_card,entry,G04,1.8
TX0001219,ST01,2026-07-01 06:00:00,smart_card,entry,G11,1.78
TX0001220,ST09,2026-08-07 15:00:00,smart_card,exit,G03,2.57
TX0001221,ST05,2026-08-06 12:00:00,smart_card,entry,G08,1.53
TX0001222,ST04,2026-06-24 12:00:00,monthly_pass,exit,G03,3.18
TX0001223,ST08,2026-08-15 05:00:00,smart_card,exit,G06,2.81
TX0001224,ST06,2026-08-10 20:00:00,monthly_pass,entry,G08,2.59
TX0001225,ST08,2026-07-28 00:00:00,monthly_pass,entry,G10,2.79
TX0001226,ST06,2026-08-16 19:00:00,smart_card,exit,G12,2.77
TX0001227,ST09,2026-07-19 03:00:00,smart_card,entry,G04,4.46
TX0001228,ST08,2026-07-06 17:00:00,smart_card,exit,G10,2.76
TX0001229,ST05,2026-06-24 23:00:00,monthly_pass,entry,G09,4.27
TX0001230,ST07,2026-07-06 11:00:00,single_ticket,exit,G10,4.06
TX0001231,ST03,2026-07-16 17:00:00,day_pass,exit,G07,2.78
TX0001232,ST06,2026-08-04 10:00:00,monthly_pass,entry,G03,1.63
TX0001233,ST05,2026-08-16 12:00:00,smart_card,entry,G08,4.04
TX0001234,ST01,2026-07-29 17:00:00,monthly_pass,entry,G05,2.14
TX0001235,ST01,2026-06-29 21:00:00,day_pass,entry,G06,1.68
TX0001236,ST10,2026-08-05 00:00:00,smart_card,exit,G03,4.11
TX0001237,ST05,2026-07-06 04:00:00,monthly_pass,entry,G05,3.48
TX0001238,ST08,2026-07-27 16:00:00,single_ticket,entry,G08,2.03
TX0001239,ST07,2026-07-23 10:00:00,smart_card,entry,G01,2.37
TX0001240,ST02,2026-08-03 05:00:00,smart_card,entry,G05,3.74
TX0001241,ST03,2026-07-10 08:00:00,single_ticket,exit,G08,1.87
TX0001242,ST01,2026-07-16 21:00:00,day_pass,entry,G06,3.67
TX0001243,ST08,2026-08-14 00:00:00,smart_card,exit,G12,2.88
TX0001244,ST06,2026-08-09 01:00:00,smart_card,exit,G12,4.01
TX0001245,ST02,2026-06-28 00:00:00,smart_card,exit,G05,3.43
TX0001246,ST07,2026-07-15 06:00:00,single_ticket,entry,G12,4.45
TX0001247,ST01,2026-08-07 15:00:00,single_ticket,exit,G08,4.07
TX0001248,ST04,2026-07-18 14:00:00,day_pass,entry,G04,2.53
TX0001249,ST01,2026-07-14 15:00:00,smart_card,entry,G09,2.94
TX0001250,ST08,2026-07-19 12:00:00,smart_card,exit,G02,4.32
TX0001251,ST01,2026-08-20 22:00:00,smart_card,entry,G08,1.96
TX0001252,ST10,2026-08-08 16:00:00,monthly_pass,entry,G12,2.75
TX0001253,ST06,2026-08-15 16:00:00,smart_card,exit,G11,3.23
TX0001254,ST05,2026-08-04 03:00:00,smart_card,entry,G02,2.55
TX0001255,ST04,2026-08-06 02:00:00,smart_card,exit,G12,1.78
TX0001256,ST07,2026-08-14 23:00:00,smart_card,entry,G05,2.12
TX0001257,ST05,2026-07-18 11:00:00,single_ticket,exit,G11,2.8
TX0001258,ST05,2026-08-07 02:00:00,smart_card,exit,G07,4.12
TX0001259,ST01,2026-07-08 15:00:00,single_ticket,exit,G06,3.22
TX0001260,ST09,2026-07-31 02:00:00,smart_card,exit,G06,2.4
TX0001261,ST02,2026-07-05 21:00:00,smart_card,exit,G02,2.0
TX0001262,ST08,2026-06-30 15:00:00,single_ticket,exit,G09,3.35
TX0001263,ST10,2026-07-06 10:00:00,smart_card,entry,G05,2.04
TX0001264,ST09,2026-07-05 16:00:00,smart_card,entry,G04,1.71
TX0001265,ST03,2026-08-18 22:00:00,smart_card,exit,G07,1.6
TX0001266,ST02,2026-07-26 16:00:00,single_ticket,exit,G04,3.59
TX0001267,ST04,2026-08-05 15:00:00,single_ticket,entry,G01,4.16
TX0001268,ST03,2026-07-15 10:00:00,smart_card,exit,G10,3.09
TX0001269,ST10,2026-08-11 22:00:00,single_ticket,entry,G11,2.34
TX0001270,ST02,2026-08-10 00:00:00,smart_card,entry,G11,2.11
TX0001271,ST04,2026-08-06 12:00:00,day_pass,exit,G11,2.33
TX0001272,ST07,2026-07-24 16:00:00,day_pass,exit,G01,2.42
TX0001273,ST09,2026-08-03 16:00:00,smart_card,exit,G08,3.31
TX0001274,ST05,2026-08-15 02:00:00,monthly_pass,exit,G03,4.27
TX0001275,ST10,2026-07-25 08:00:00,smart_card,entry,G07,2.17
TX0001276,ST06,2026-06-23 15:00:00,smart_card,exit,G12,2.58
TX0001277,ST07,2026-07-25 21:00:00,smart_card,exit,G05,3.28
TX0001278,ST09,2026-06-29 00:00:00,day_pass,entry,G07,2.83
TX0001279,ST04,2026-08-18 23:00:00,smart_card,exit,G12,1.85
TX0001280,ST07,2026-07-10 23:00:00,smart_card,exit,G08,1.97
TX0001281,ST03,2026-07-26 16:00:00,monthly_pass,entry,G06,3.24
TX0001282,ST08,2026-08-04 01:00:00,monthly_pass,exit,G12,3.33
TX0001283,ST08,2026-07-25 05:00:00,day_pass,exit,G03,3.27
TX0001284,ST06,2026-07-20 17:00:00,smart_card,entry,G06,3.95
TX0001285,ST01,2026-07-11 14:00:00,single_ticket,entry,G12,2.08
TX0001286,ST10,2026-07-20 09:00:00,smart_card,exit,G09,2.85
TX0001287,ST06,2026-08-03 02:00:00,smart_card,entry,G11,2.9
TX0001288,ST03,2026-06-27 22:00:00,smart_card,exit,G04,2.15
TX0001289,ST01,2026-06-26 22:00:00,monthly_pass,entry,G04,3.63
TX0001290,ST10,2026-07-30 08:00:00,smart_card,exit,G06,2.44
TX0001291,ST02,2026-08-06 16:00:00,smart_card,exit,G07,3.36
TX0001292,ST07,2026-08-10 04:00:00,smart_card,entry,G08,2.76
TX0001293,ST06,2026-07-03 15:00:00,single_ticket,entry,G08,2.22
TX0001294,ST05,2026-08-02 01:00:00,day_pass,entry,G03,2.12
TX0001295,ST06,2026-07-15 18:00:00,smart_card,exit,G11,2.98
TX0001296,ST01,2026-06-23 16:00:00,day_pass,entry,G10,2.22
TX0001297,ST06,2026-07-02 01:00:00,smart_card,exit,G07,3.52
TX0001298,ST06,2026-07-16 01:00:00,smart_card,entry,G02,3.35
TX0001299,ST08,2026-08-04 12:00:00,smart_card,entry,G06,3.87
TX0001300,ST04,2026-08-03 10:00:00,smart_card,entry,G05,1.9
TX0001301,ST06,2026-07-28 04:00:00,monthly_pass,exit,G08,4.15
TX0001302,ST07,2026-08-02 19:00:00,single_ticket,exit,G05,3.07
TX0001303,ST10,2026-08-17 21:00:00,smart_card,entry,G12,3.45
TX0001304,ST07,2026-08-12 12:00:00,monthly_pass,exit,G08,4.44
TX0001305,ST10,2026-06-22 18:00:00,single_ticket,entry,G01,3.06
TX0001306,ST02,2026-07-14 01:00:00,smart_card,entry,G04,4.14
TX0001307,ST01,2026-07-28 09:00:00,monthly_pass,exit,G08,2.47
TX0001308,ST03,2026-08-18 07:00:00,day_pass,entry,G02,3.99
TX0001309,ST02,2026-06-29 14:00:00,single_ticket,exit,G01,4.31
TX0001310,ST10,2026-07-07 20:00:00,smart_card,exit,G07,2.06
TX0001311,ST03,2026-07-14 15:00:00,smart_card,exit,G04,3.0
TX0001312,ST10,2026-07-14 05:00:00,monthly_pass,exit,G01,4.19
TX0001313,ST08,2026-07-10 21:00:00,single_ticket,exit,G09,2.57
TX0001314,ST02,2026-07-20 17:00:00,day_pass,entry,G09,3.59
TX0001315,ST08,2026-07-19 09:00:00,day_pass,entry,G09,1.81
TX0001316,ST02,2026-07-28 09:00:00,monthly_pass,exit,G02,2.4
TX0001317,ST04,2026-07-06 14:00:00,smart_card,entry,G11,3.48
TX0001318,ST10,2026-07-12 20:00:00,smart_card,exit,G02,2.83
TX0001319,ST03,2026-07-31 23:00:00,smart_card,exit,G07,3.48
TX0001320,ST05,2026-07-13 07:00:00,smart_card,exit,G12,3.16
TX0001321,ST07,2026-06-24 15:00:00,smart_card,exit,G10,4.29
TX0001322,ST08,2026-07-17 17:00:00,smart_card,exit,G12,1.86
TX0001323,ST02,2026-07-29 00:00:00,smart_card,entry,G07,3.37
TX0001324,ST10,2026-07-02 02:00:00,single_ticket,exit,G06,2.87
TX0001325,ST05,2026-07-26 21:00:00,smart_card,entry,G03,4.28
TX0001326,ST10,2026-06-27 10:00:00,smart_card,exit,G12,4.07
TX0001327,ST10,2026-07-21 00:00:00,smart_card,exit,G06,2.45
TX0001328,ST05,2026-07-14 15:00:00,smart_card,entry,G08,4.0
TX0001329,ST03,2026-08-11 23:00:00,single_ticket,exit,G03,3.23
TX0001330,ST02,2026-07-20 21:00:00,smart_card,exit,G04,2.37
TX0001331,ST10,2026-07-04 23:00:00,smart_card,exit,G07,1.77
TX0001332,ST08,2026-07-08 20:00:00,smart_card,entry,G10,2.0
TX0001333,ST02,2026-07-26 03:00:00,smart_card,entry,G07,3.39
TX0001334,ST06,2026-07-10 00:00:00,day_pass,entry,G03,2.99
TX0001335,ST03,2026-06-30 03:00:00,monthly_pass,entry,G04,1.9
TX0001336,ST10,2026-08-13 17:00:00,smart_card,exit,G08,4.18
TX0001337,ST05,2026-07-19 19:00:00,smart_card,exit,G06,3.23
TX0001338,ST10,2026-07-15 13:00:00,day_pass,entry,G03,4.4
TX0001339,ST09,2026-07-19 09:00:00,single_ticket,entry,G08,2.33
TX0001340,ST09,2026-07-19 18:00:00,smart_card,entry,G09,2.05
TX0001341,ST02,2026-08-06 04:00:00,single_ticket,exit,G06,4.12
TX0001342,ST06,2026-07-24 12:00:00,monthly_pass,exit,G11,3.75
TX0001343,ST03,2026-07-01 16:00:00,smart_card,exit,G03,2.14
TX0001344,ST09,2026-08-10 05:00:00,single_ticket,entry,G05,2.55
TX0001345,ST04,2026-08-15 12:00:00,day_pass,exit,G12,2.45
TX0001346,ST09,2026-08-07 03:00:00,smart_card,entry,G01,3.62
TX0001347,ST03,2026-07-05 17:00:00,monthly_pass,entry,G10,2.15
TX0001348,ST05,2026-07-09 04:00:00,monthly_pass,entry,G03,1.73
TX0001349,ST04,2026-07-16 12:00:00,single_ticket,exit,G03,3.95
TX0001350,ST08,2026-07-11 20:00:00,smart_card,entry,G02,1.53
TX0001351,ST06,2026-08-04 04:00:00,single_ticket,exit,G06,3.32
TX0001352,ST02,2026-07-18 22:00:00,single_ticket,exit,G03,2.43
TX0001353,ST04,2026-07-08 21:00:00,smart_card,entry,G05,2.77
TX0001354,ST04,2026-06-26 00:00:00,smart_card,exit,G03,1.7
TX0001355,ST10,2026-08-08 18:00:00,smart_card,entry,G12,2.0
TX0001356,ST05,2026-07-11 02:00:00,smart_card,exit,G08,3.0
TX0001357,ST10,2026-07-11 10:00:00,single_ticket,entry,G09,2.65
TX0001358,ST05,2026-08-14 17:00:00,monthly_pass,entry,G01,2.85
TX0001359,ST04,2026-07-11 01:00:00,smart_card,entry,G08,1.52
TX0001360,ST10,2026-07-04 07:00:00,single_ticket,entry,G10,4.28
TX0001361,ST07,2026-08-01 13:00:00,single_ticket,entry,G02,3.06
TX0001362,ST01,2026-08-03 23:00:00,smart_card,entry,G12,2.81
TX0001363,ST09,2026-07-09 21:00:00,single_ticket,entry,G03,4.1
TX0001364,ST03,2026-07-21 00:00:00,smart_card,entry,G12,1.69
TX0001365,ST06,2026-07-22 04:00:00,smart_card,exit,G12,2.84
TX0001366,ST08,2026-07-07 07:00:00,smart_card,exit,G04,3.23
TX0001367,ST09,2026-06-30 01:00:00,monthly_pass,exit,G06,2.33
TX0001368,ST04,2026-07-23 17:00:00,monthly_pass,entry,G02,2.28
TX0001369,ST08,2026-08-16 22:00:00,single_ticket,exit,G01,1.98
TX0001370,ST08,2026-07-23 19:00:00,single_ticket,entry,G06,3.62
TX0001371,ST08,2026-06-28 01:00:00,single_ticket,exit,G06,3.51
TX0001372,ST03,2026-07-03 15:00:00,smart_card,exit,G03,2.73
TX0001373,ST01,2026-08-02 23:00:00,smart_card,entry,G08,1.8
TX0001374,ST10,2026-07-25 04:00:00,smart_card,exit,G11,2.06
TX0001375,ST06,2026-07-18 00:00:00,smart_card,exit,G04,2.71
TX0001376,ST03,2026-07-10 21:00:00,monthly_pass,entry,G10,2.24
TX0001377,ST10,2026-08-15 16:00:00,single_ticket,entry,G06,3.71
TX0001378,ST03,2026-07-08 16:00:00,single_ticket,entry,G06,1.74
TX0001379,ST07,2026-07-01 13:00:00,day_pass,entry,G04,2.67
TX0001380,ST07,2026-06-28 00:00:00,single_ticket,exit,G12,4.16
TX0001381,ST05,2026-07-14 23:00:00,single_ticket,exit,G06,2.51
TX0001382,ST02,2026-06-26 16:00:00,day_pass,exit,G12,3.78
TX0001383,ST01,2026-08-19 11:00:00,smart_card,exit,G12,2.4
TX0001384,ST01,2026-06-29 04:00:00,smart_card,exit,G03,3.44
TX0001385,ST07,2026-06-23 05:00:00,single_ticket,entry,G06,3.17
TX0001386,ST01,2026-07-27 15:00:00,smart_card,entry,G01,3.07
TX0001387,ST07,2026-08-05 02:00:00,single_ticket,exit,G10,1.94
TX0001388,ST01,2026-07-14 12:00:00,day_pass,entry,G05,1.65
TX0001389,ST06,2026-08-20 07:00:00,day_pass,entry,G02,1.9
TX0001390,ST07,2026-06-28 09:00:00,smart_card,entry,G03,3.76
TX0001391,ST09,2026-08-18 21:00:00,smart_card,exit,G10,4.49
TX0001392,ST05,2026-07-28 08:00:00,monthly_pass,entry,G02,2.28
TX0001393,ST07,2026-07-28 16:00:00,monthly_pass,entry,G07,2.29
TX0001394,ST05,2026-08-08 07:00:00,smart_card,entry,G12,2.65
TX0001395,ST02,2026-08-02 06:00:00,monthly_pass,entry,G05,2.58
TX0001396,ST10,2026-07-12 06:00:00,monthly_pass,exit,G03,3.41
TX0001397,ST05,2026-07-04 01:00:00,smart_card,entry,G07,2.84
TX0001398,ST10,2026-07-09 23:00:00,smart_card,entry,G08,3.38
TX0001399,ST09,2026-08-15 07:00:00,monthly_pass,entry,G05,1.79
TX0001400,ST09,2026-08-16 12:00:00,single_ticket,exit,G09,3.73
TX0001401,ST06,2026-07-21 04:00:00,single_ticket,exit,G10,3.81
TX0001402,ST04,2026-07-04 01:00:00,monthly_pass,entry,G08,4.35
TX0001403,ST03,2026-08-10 06:00:00,monthly_pass,exit,G10,3.46
TX0001404,ST10,2026-08-11 01:00:00,smart_card,exit,G05,3.23
TX0001405,ST06,2026-07-14 20:00:00,smart_card,exit,G03,3.24
TX0001406,ST07,2026-07-28 10:00:00,monthly_pass,exit,G11,1.78
TX0001407,ST04,2026-08-20 17:00:00,smart_card,exit,G06,2.49
TX0001408,ST08,2026-07-13 05:00:00,smart_card,exit,G02,4.17
TX0001409,ST03,2026-07-21 07:00:00,monthly_pass,entry,G02,4.15
TX0001410,ST05,2026-08-08 05:00:00,day_pass,exit,G12,4.36
TX0001411,ST07,2026-07-19 18:00:00,smart_card,exit,G01,3.51
TX0001412,ST08,2026-08-10 14:00:00,smart_card,exit,G11,2.17
TX0001413,ST01,2026-08-11 04:00:00,day_pass,entry,G04,3.99
TX0001414,ST07,2026-07-01 20:00:00,smart_card,entry,G12,3.24
TX0001415,ST09,2026-07-18 11:00:00,smart_card,entry,G07,1.79
TX0001416,ST01,2026-07-02 12:00:00,monthly_pass,exit,G10,1.68
TX0001417,ST07,2026-08-17 20:00:00,day_pass,exit,G10,3.37
TX0001418,ST02,2026-06-28 14:00:00,smart_card,exit,G06,3.48
TX0001419,ST03,2026-07-07 13:00:00,single_ticket,exit,G12,2.43
TX0001420,ST06,2026-08-18 11:00:00,smart_card,entry,G09,4.31
TX0001421,ST09,2026-08-12 14:00:00,smart_card,entry,G06,2.03
TX0001422,ST08,2026-07-19 19:00:00,monthly_pass,entry,G05,1.96
TX0001423,ST01,2026-06-24 03:00:00,smart_card,exit,G01,2.61
TX0001424,ST01,2026-07-13 12:00:00,single_ticket,entry,G03,3.0
TX0001425,ST07,2026-08-01 21:00:00,smart_card,exit,G08,2.9
TX0001426,ST06,2026-07-28 00:00:00,smart_card,exit,G09,3.58
TX0001427,ST08,2026-08-11 02:00:00,smart_card,entry,G03,2.1
TX0001428,ST07,2026-06-23 04:00:00,smart_card,entry,G06,3.06
TX0001429,ST09,2026-06-27 11:00:00,single_ticket,exit,G07,3.01
TX0001430,ST10,2026-07-12 09:00:00,day_pass,exit,G03,4.22
TX0001431,ST04,2026-08-21 01:00:00,day_pass,entry,G06,3.92
TX0001432,ST05,2026-08-11 04:00:00,smart_card,entry,G10,4.14
TX0001433,ST09,2026-08-19 21:00:00,smart_card,entry,G04,4.13
TX0001434,ST02,2026-06-29 03:00:00,smart_card,entry,G10,1.8
TX0001435,ST06,2026-08-18 07:00:00,single_ticket,exit,G04,3.01
TX0001436,ST06,2026-08-10 19:00:00,monthly_pass,entry,G02,4.11
TX0001437,ST04,2026-08-07 19:00:00,day_pass,exit,G05,3.98
TX0001438,ST10,2026-07-17 19:00:00,smart_card,entry,G06,4.25
TX0001439,ST08,2026-08-16 10:00:00,single_ticket,exit,G03,1.63
TX0001440,ST01,2026-06-27 20:00:00,smart_card,entry,G09,2.76
TX0001441,ST01,2026-07-10 04:00:00,smart_card,entry,G09,1.85
TX0001442,ST02,2026-08-01 17:00:00,smart_card,entry,G07,1.87
TX0001443,ST04,2026-06-28 08:00:00,smart_card,entry,G05,3.18
TX0001444,ST09,2026-07-08 21:00:00,smart_card,exit,G01,4.46
TX0001445,ST02,2026-07-13 18:00:00,smart_card,entry,G09,3.77
TX0001446,ST01,2026-08-04 16:00:00,single_ticket,entry,G05,3.11
TX0001447,ST07,2026-07-01 19:00:00,smart_card,entry,G07,4.01
TX0001448,ST06,2026-08-11 19:00:00,smart_card,entry,G04,3.39
TX0001449,ST06,2026-08-13 12:00:00,smart_card,entry,G03,1.76
TX0001450,ST03,2026-07-10 15:00:00,smart_card,entry,G08,3.38
TX0001451,ST06,2026-07-29 08:00:00,smart_card,exit,G04,1.73
TX0001452,ST03,2026-07-12 11:00:00,smart_card,exit,G06,2.62
TX0001453,ST07,2026-08-04 08:00:00,smart_card,exit,G12,2.6
TX0001454,ST09,2026-07-31 10:00:00,day_pass,entry,G04,4.46
TX0001455,ST08,2026-07-13 19:00:00,smart_card,exit,G06,1.88
TX0001456,ST01,2026-08-17 12:00:00,day_pass,entry,G04,4.04
TX0001457,ST04,2026-07-24 07:00:00,smart_card,exit,G02,2.41
TX0001458,ST08,2026-08-09 16:00:00,day_pass,exit,G06,2.94
TX0001459,ST04,2026-08-01 04:00:00,smart_card,entry,G08,4.16
TX0001460,ST08,2026-07-05 00:00:00,monthly_pass,exit,G04,2.76
TX0001461,ST05,2026-07-26 23:00:00,smart_card,exit,G05,3.53
TX0001462,ST09,2026-07-14 19:00:00,monthly_pass,exit,G09,4.15
TX0001463,ST02,2026-08-04 11:00:00,smart_card,exit,G06,2.1
TX0001464,ST07,2026-08-20 16:00:00,single_ticket,exit,G07,2.49
TX0001465,ST05,2026-07-17 14:00:00,smart_card,entry,G03,3.32
TX0001466,ST10,2026-08-13 04:00:00,smart_card,exit,G06,2.62
TX0001467,ST03,2026-08-16 22:00:00,smart_card,entry,G01,2.83
TX0001468,ST08,2026-07-20 17:00:00,smart_card,entry,G07,3.64
TX0001469,ST04,2026-07-18 08:00:00,smart_card,exit,G08,4.1
TX0001470,ST05,2026-06-26 07:00:00,single_ticket,entry,G03,2.63
TX0001471,ST06,2026-07-10 05:00:00,smart_card,exit,G06,2.3
TX0001472,ST10,2026-07-05 01:00:00,single_ticket,entry,G09,3.7
TX0001473,ST02,2026-07-28 16:00:00,smart_card,exit,G05,3.29
TX0001474,ST09,2026-06-25 22:00:00,single_ticket,entry,G12,3.73
TX0001475,ST05,2026-07-08 06:00:00,day_pass,entry,G12,4.32
TX0001476,ST08,2026-08-11 20:00:00,smart_card,exit,G02,2.19
TX0001477,ST06,2026-08-05 00:00:00,day_pass,exit,G04,3.78
TX0001478,ST10,2026-08-06 02:00:00,smart_card,entry,G04,2.32
TX0001479,ST05,2026-07-25 14:00:00,smart_card,exit,G08,2.24
TX0001480,ST03,2026-07-23 16:00:00,day_pass,entry,G08,3.66
TX0001481,ST01,2026-07-31 06:00:00,single_ticket,exit,G10,2.36
TX0001482,ST08,2026-06-25 19:00:00,smart_card,exit,G05,1.54
TX0001483,ST01,2026-07-26 22:00:00,smart_card,entry,G06,2.77
TX0001484,ST05,2026-07-28 11:00:00,single_ticket,exit,G06,2.59
TX0001485,ST03,2026-07-24 03:00:00,smart_card,exit,G10,1.57
TX0001486,ST07,2026-08-01 04:00:00,monthly_pass,entry,G06,2.55
TX0001487,ST01,2026-07-28 13:00:00,day_pass,entry,G07,2.58
TX0001488,ST02,2026-08-14 20:00:00,smart_card,entry,G02,3.1
TX0001489,ST03,2026-07-27 13:00:00,smart_card,entry,G05,2.98
TX0001490,ST02,2026-08-14 08:00:00,single_ticket,entry,G06,1.99
TX0001491,ST09,2026-08-05 14:00:00,single_ticket,exit,G11,3.59
TX0001492,ST01,2026-08-10 04:00:00,smart_card,exit,G02,4.24
TX0001493,ST03,2026-06-28 05:00:00,day_pass,entry,G05,3.88
TX0001494,ST07,2026-07-12 02:00:00,single_ticket,entry,G08,1.98
TX0001495,ST02,2026-07-21 09:00:00,smart_card,entry,G06,3.16
TX0001496,ST03,2026-08-14 15:00:00,smart_card,entry,G04,2.07
TX0001497,ST09,2026-07-31 19:00:00,single_ticket,entry,G08,2.7
TX0001498,ST06,2026-06-26 11:00:00,day_pass,entry,G01,4.13
TX0001499,ST01,2026-08-06 08:00:00,smart_card,exit,G08,1.85
TX0001500,ST08,2026-07-15 05:00:00,smart_card,exit,G11,4.32
TX0001501,ST07,2026-06-24 20:00:00,smart_card,entry,G07,2.51
TX0001502,ST03,2026-07-19 17:00:00,smart_card,entry,G10,3.36
TX0001503,ST08,2026-07-31 19:00:00,single_ticket,exit,G09,2.98
TX0001504,ST02,2026-07-20 05:00:00,smart_card,entry,G08,3.16
TX0001505,ST07,2026-07-25 18:00:00,day_pass,exit,G09,3.38
TX0001506,ST07,2026-07-23 06:00:00,smart_card,exit,G12,1.77
TX0001507,ST06,2026-06-23 05:00:00,day_pass,exit,G07,2.1
TX0001508,ST01,2026-07-09 08:00:00,monthly_pass,exit,G04,3.76
TX0001509,ST01,2026-08-11 02:00:00,smart_card,entry,G07,3.75
TX0001510,ST09,2026-07-13 11:00:00,monthly_pass,exit,G06,3.17
TX0001511,ST06,2026-07-13 14:00:00,single_ticket,exit,G02,4.34
TX0001512,ST10,2026-08-05 02:00:00,monthly_pass,entry,G12,1.63
TX0001513,ST02,2026-06-27 07:00:00,smart_card,exit,G09,4.21
TX0001514,ST09,2026-06-28 01:00:00,monthly_pass,entry,G05,2.8
TX0001515,ST06,2026-07-05 05:00:00,smart_card,exit,G12,4.24
TX0001516,ST02,2026-07-15 02:00:00,smart_card,entry,G04,2.9
TX0001517,ST01,2026-07-22 05:00:00,monthly_pass,exit,G04,3.81
TX0001518,ST08,2026-07-03 23:00:00,monthly_pass,entry,G03,4.45
TX0001519,ST05,2026-06-25 20:00:00,smart_card,exit,G03,4.12
TX0001520,ST08,2026-07-04 14:00:00,smart_card,entry,G08,1.77
TX0001521,ST05,2026-08-13 18:00:00,monthly_pass,entry,G12,3.85
TX0001522,ST06,2026-07-03 08:00:00,smart_card,exit,G07,2.89
TX0001523,ST09,2026-08-02 15:00:00,smart_card,entry,G05,2.37
TX0001524,ST07,2026-08-04 06:00:00,smart_card,exit,G10,3.64
TX0001525,ST02,2026-07-07 04:00:00,smart_card,entry,G09,2.8
TX0001526,ST10,2026-08-12 17:00:00,smart_card,exit,G02,3.26
TX0001527,ST04,2026-07-10 07:00:00,single_ticket,entry,G06,3.85
TX0001528,ST08,2026-06-26 19:00:00,smart_card,entry,G08,3.97
TX0001529,ST10,2026-07-09 20:00:00,single_ticket,exit,G07,2.9
TX0001530,ST02,2026-07-25 05:00:00,smart_card,entry,G01,2.82
TX0001531,ST02,2026-07-02 09:00:00,day_pass,entry,G05,2.74
TX0001532,ST05,2026-07-29 07:00:00,smart_card,entry,G12,3.53
TX0001533,ST09,2026-07-29 22:00:00,single_ticket,entry,G10,4.34
TX0001534,ST01,2026-07-04 16:00:00,day_pass,exit,G09,2.3
TX0001535,ST08,2026-06-24 17:00:00,day_pass,entry,G07,2.36
TX0001536,ST08,2026-07-23 23:00:00,smart_card,entry,G07,3.44
TX0001537,ST10,2026-07-18 12:00:00,day_pass,exit,G06,2.84
TX0001538,ST03,2026-08-14 01:00:00,smart_card,exit,G03,1.64
TX0001539,ST09,2026-08-04 23:00:00,smart_card,entry,G07,1.72
TX0001540,ST06,2026-08-19 20:00:00,day_pass,entry,G11,3.31
TX0001541,ST05,2026-06-28 10:00:00,smart_card,exit,G12,2.63
TX0001542,ST10,2026-06-27 17:00:00,smart_card,exit,G05,3.37
TX0001543,ST07,2026-07-02 15:00:00,monthly_pass,exit,G10,3.76
TX0001544,ST04,2026-08-18 14:00:00,smart_card,entry,G04,2.52
TX0001545,ST09,2026-07-04 10:00:00,day_pass,entry,G01,3.24
TX0001546,ST06,2026-08-17 01:00:00,single_ticket,entry,G04,2.77
TX0001547,ST07,2026-06-27 18:00:00,smart_card,entry,G05,4.27
TX0001548,ST09,2026-07-07 15:00:00,smart_card,exit,G12,4.4
TX0001549,ST06,2026-08-16 02:00:00,smart_card,entry,G02,3.53
TX0001550,ST02,2026-07-16 10:00:00,day_pass,entry,G06,2.64
TX0001551,ST09,2026-08-08 03:00:00,day_pass,entry,G11,4.35
TX0001552,ST02,2026-08-04 20:00:00,smart_card,entry,G03,2.51
TX0001553,ST07,2026-08-15 23:00:00,single_ticket,entry,G03,3.09
TX0001554,ST01,2026-08-10 19:00:00,smart_card,entry,G08,4.32
TX0001555,ST06,2026-08-16 23:00:00,single_ticket,exit,G10,3.33
TX0001556,ST05,2026-06-24 06:00:00,smart_card,exit,G04,2.7
TX0001557,ST07,2026-07-16 05:00:00,smart_card,entry,G08,1.6
TX0001558,ST01,2026-06-27 04:00:00,smart_card,entry,G08,3.87
TX0001559,ST08,2026-07-07 03:00:00,single_ticket,entry,G10,1.76
TX0001560,ST03,2026-08-08 23:00:00,smart_card,exit,G07,1.77
TX0001561,ST05,2026-08-15 00:00:00,smart_card,exit,G09,2.18
TX0001562,ST04,2026-08-08 10:00:00,monthly_pass,entry,G05,3.39
TX0001563,ST04,2026-06-28 04:00:00,smart_card,exit,G04,4.18
TX0001564,ST08,2026-08-14 06:00:00,smart_card,exit,G05,1.52
TX0001565,ST10,2026-07-29 01:00:00,smart_card,exit,G06,3.53
TX0001566,ST06,2026-08-04 22:00:00,single_ticket,exit,G07,3.06
TX0001567,ST08,2026-07-19 16:00:00,smart_card,exit,G03,3.36
TX0001568,ST03,2026-06-26 13:00:00,monthly_pass,exit,G10,3.57
TX0001569,ST06,2026-07-29 10:00:00,smart_card,exit,G03,3.48
TX0001570,ST06,2026-07-08 17:00:00,monthly_pass,entry,G04,3.99
TX0001571,ST03,2026-07-05 23:00:00,smart_card,exit,G02,1.83
TX0001572,ST01,2026-07-19 14:00:00,day_pass,exit,G04,2.17
TX0001573,ST01,2026-06-27 08:00:00,smart_card,entry,G11,4.03
TX0001574,ST10,2026-08-17 22:00:00,smart_card,exit,G11,1.71
TX0001575,ST03,2026-07-25 17:00:00,monthly_pass,entry,G04,4.44
TX0001576,ST05,2026-08-15 03:00:00,smart_card,exit,G03,2.86
TX0001577,ST06,2026-08-08 18:00:00,single_ticket,exit,G02,2.56
TX0001578,ST05,2026-07-10 08:00:00,single_ticket,entry,G04,2.83
TX0001579,ST10,2026-08-14 12:00:00,smart_card,entry,G03,2.36
TX0001580,ST04,2026-06-23 05:00:00,smart_card,exit,G01,3.98
TX0001581,ST04,2026-06-24 11:00:00,monthly_pass,exit,G04,3.35
TX0001582,ST03,2026-07-26 14:00:00,single_ticket,exit,G03,2.36
TX0001583,ST05,2026-06-30 20:00:00,monthly_pass,entry,G02,3.84
TX0001584,ST09,2026-08-13 05:00:00,day_pass,exit,G05,3.63
TX0001585,ST07,2026-06-30 00:00:00,day_pass,exit,G09,3.26
TX0001586,ST01,2026-08-16 11:00:00,single_ticket,exit,G12,2.83
TX0001587,ST01,2026-07-21 13:00:00,smart_card,exit,G08,4.04
TX0001588,ST08,2026-06-29 09:00:00,monthly_pass,exit,G09,2.12
TX0001589,ST07,2026-08-11 15:00:00,day_pass,entry,G08,4.22
TX0001590,ST03,2026-07-16 12:00:00,single_ticket,entry,G08,3.29
TX0001591,ST07,2026-07-21 13:00:00,monthly_pass,entry,G11,4.33
TX0001592,ST02,2026-07-30 01:00:00,smart_card,exit,G11,4.31
TX0001593,ST10,2026-07-02 16:00:00,smart_card,entry,G01,1.75
TX0001594,ST08,2026-08-05 10:00:00,smart_card,exit,G07,2.5
TX0001595,ST03,2026-07-15 02:00:00,single_ticket,exit,G08,3.47
TX0001596,ST01,2026-06-28 11:00:00,smart_card,exit,G12,1.89
TX0001597,ST02,2026-08-18 02:00:00,smart_card,exit,G08,3.14
TX0001598,ST08,2026-08-06 05:00:00,single_ticket,entry,G04,2.52
TX0001599,ST09,2026-07-17 18:00:00,smart_card,exit,G09,4.5
TX0001600,ST10,2026-08-07 00:00:00,smart_card,exit,G12,2.1
TX0001601,ST10,2026-06-29 22:00:00,smart_card,entry,G04,1.83
TX0001602,ST02,2026-06-22 15:00:00,smart_card,entry,G04,2.87
TX0001603,ST04,2026-08-03 05:00:00,smart_card,exit,G06,2.23
TX0001604,ST08,2026-07-18 19:00:00,smart_card,exit,G08,3.93
TX0001605,ST02,2026-07-11 20:00:00,smart_card,exit,G05,1.55
TX0001606,ST05,2026-08-04 11:00:00,smart_card,exit,G09,3.46
TX0001607,ST08,2026-06-23 04:00:00,monthly_pass,entry,G05,2.72
TX0001608,ST04,2026-07-09 22:00:00,smart_card,exit,G06,4.29
TX0001609,ST07,2026-07-20 02:00:00,smart_card,exit,G08,4.24
TX0001610,ST03,2026-07-06 11:00:00,day_pass,entry,G03,3.9
TX0001611,ST07,2026-08-04 09:00:00,smart_card,exit,G04,2.79
TX0001612,ST08,2026-07-11 22:00:00,smart_card,entry,G04,2.78
TX0001613,ST08,2026-07-12 08:00:00,day_pass,exit,G11,1.56
TX0001614,ST07,2026-07-25 11:00:00,smart_card,entry,G08,4.28
TX0001615,ST04,2026-07-12 22:00:00,monthly_pass,entry,G12,4.43
TX0001616,ST08,2026-06-28 00:00:00,smart_card,entry,G04,2.13
TX0001617,ST05,2026-08-03 16:00:00,day_pass,entry,G06,2.92
TX0001618,ST06,2026-07-11 11:00:00,monthly_pass,entry,G06,3.24
TX0001619,ST04,2026-07-11 22:00:00,monthly_pass,entry,G12,3.12
TX0001620,ST02,2026-07-19 12:00:00,smart_card,entry,G08,2.94
TX0001621,ST07,2026-08-19 14:00:00,single_ticket,entry,G06,3.32
TX0001622,ST03,2026-07-20 03:00:00,smart_card,entry,G07,3.87
TX0001623,ST06,2026-06-22 18:00:00,smart_card,exit,G01,2.74
TX0001624,ST03,2026-08-06 03:00:00,day_pass,entry,G05,1.72
TX0001625,ST09,2026-07-11 20:00:00,smart_card,entry,G11,2.33
TX0001626,ST06,2026-08-06 15:00:00,smart_card,entry,G04,1.86
TX0001627,ST01,2026-08-20 19:00:00,single_ticket,entry,G05,3.31
TX0001628,ST07,2026-07-17 13:00:00,smart_card,exit,G05,3.03
TX0001629,ST02,2026-08-06 10:00:00,single_ticket,entry,G01,1.95
TX0001630,ST10,2026-08-10 06:00:00,smart_card,entry,G06,2.52
TX0001631,ST09,2026-07-02 15:00:00,single_ticket,entry,G03,4.24
TX0001632,ST04,2026-06-27 15:00:00,smart_card,exit,G09,4.11
TX0001633,ST09,2026-07-06 00:00:00,day_pass,entry,G09,3.26
TX0001634,ST06,2026-07-31 00:00:00,smart_card,exit,G06,1.55
TX0001635,ST06,2026-06-27 18:00:00,single_ticket,entry,G03,3.87
TX0001636,ST05,2026-07-11 12:00:00,single_ticket,entry,G10,1.66
TX0001637,ST07,2026-07-18 20:00:00,smart_card,exit,G09,4.25
TX0001638,ST06,2026-08-04 20:00:00,single_ticket,exit,G04,3.25
TX0001639,ST02,2026-06-30 23:00:00,day_pass,entry,G10,2.26
TX0001640,ST01,2026-06-23 14:00:00,smart_card,entry,G07,1.79
TX0001641,ST05,2026-08-14 20:00:00,single_ticket,entry,G11,3.71
TX0001642,ST05,2026-06-26 01:00:00,smart_card,entry,G09,1.9
TX0001643,ST08,2026-07-14 08:00:00,single_ticket,entry,G11,2.9
TX0001644,ST08,2026-07-27 10:00:00,monthly_pass,exit,G04,1.56
TX0001645,ST04,2026-07-01 05:00:00,single_ticket,entry,G03,4.24
TX0001646,ST06,2026-08-17 05:00:00,smart_card,exit,G10,3.82
TX0001647,ST04,2026-08-10 13:00:00,smart_card,entry,G07,1.97
TX0001648,ST08,2026-08-14 11:00:00,smart_card,exit,G10,3.42
TX0001649,ST04,2026-07-15 17:00:00,smart_card,exit,G11,2.93
TX0001650,ST06,2026-08-15 09:00:00,single_ticket,entry,G05,1.76
TX0001651,ST01,2026-07-30 18:00:00,single_ticket,entry,G03,2.9
TX0001652,ST05,2026-08-06 15:00:00,day_pass,entry,G03,2.61
TX0001653,ST06,2026-07-03 13:00:00,smart_card,exit,G12,2.19
TX0001654,ST01,2026-07-30 01:00:00,single_ticket,exit,G07,4.31
TX0001655,ST08,2026-06-30 20:00:00,smart_card,exit,G09,2.18
TX0001656,ST05,2026-08-05 15:00:00,smart_card,entry,G12,3.5
TX0001657,ST10,2026-07-27 21:00:00,smart_card,exit,G12,4.42
TX0001658,ST03,2026-06-27 16:00:00,single_ticket,entry,G12,1.56
TX0001659,ST04,2026-07-18 09:00:00,smart_card,exit,G04,1.92
TX0001660,ST04,2026-07-07 18:00:00,day_pass,exit,G09,3.61
TX0001661,ST07,2026-07-06 02:00:00,smart_card,exit,G03,3.15
TX0001662,ST05,2026-08-06 00:00:00,smart_card,exit,G06,3.94
TX0001663,ST08,2026-08-20 06:00:00,smart_card,entry,G12,2.94
TX0001664,ST04,2026-07-09 20:00:00,smart_card,exit,G04,4.25
TX0001665,ST07,2026-08-19 07:00:00,smart_card,entry,G04,2.14
TX0001666,ST10,2026-08-01 12:00:00,single_ticket,exit,G07,2.96
TX0001667,ST08,2026-07-15 16:00:00,smart_card,exit,G11,4.08
TX0001668,ST07,2026-08-11 19:00:00,smart_card,entry,G08,1.91
TX0001669,ST04,2026-06-23 12:00:00,smart_card,exit,G03,3.23
TX0001670,ST01,2026-07-24 01:00:00,smart_card,entry,G12,2.72
TX0001671,ST01,2026-06-26 20:00:00,smart_card,exit,G05,3.27
TX0001672,ST03,2026-06-28 12:00:00,single_ticket,entry,G06,1.96
TX0001673,ST01,2026-08-06 10:00:00,day_pass,entry,G08,3.24
TX0001674,ST05,2026-06-28 00:00:00,day_pass,exit,G09,3.26
TX0001675,ST07,2026-08-19 11:00:00,smart_card,entry,G11,3.26
TX0001676,ST05,2026-08-12 22:00:00,smart_card,exit,G03,2.03
TX0001677,ST04,2026-07-18 15:00:00,single_ticket,exit,G06,2.67
TX0001678,ST05,2026-07-15 23:00:00,day_pass,exit,G04,2.86
TX0001679,ST01,2026-08-01 23:00:00,smart_card,exit,G08,3.47
TX0001680,ST07,2026-06-28 02:00:00,smart_card,exit,G04,4.35
TX0001681,ST03,2026-06-25 01:00:00,monthly_pass,entry,G04,1.75
TX0001682,ST04,2026-07-04 15:00:00,smart_card,entry,G09,4.35
TX0001683,ST03,2026-07-29 09:00:00,monthly_pass,entry,G03,4.08
TX0001684,ST02,2026-06-28 07:00:00,single_ticket,exit,G06,2.67
TX0001685,ST07,2026-07-15 15:00:00,smart_card,exit,G09,3.18
TX0001686,ST01,2026-06-24 07:00:00,smart_card,entry,G06,2.29
TX0001687,ST08,2026-07-20 19:00:00,monthly_pass,exit,G09,2.99
TX0001688,ST03,2026-07-18 23:00:00,smart_card,exit,G06,3.95
TX0001689,ST10,2026-08-21 04:00:00,smart_card,entry,G11,1.52
TX0001690,ST06,2026-08-05 19:00:00,smart_card,entry,G11,4.17
TX0001691,ST04,2026-07-07 20:00:00,smart_card,exit,G02,3.09
TX0001692,ST10,2026-07-24 08:00:00,single_ticket,exit,G11,3.34
TX0001693,ST04,2026-08-12 08:00:00,smart_card,entry,G01,2.93
TX0001694,ST08,2026-07-27 00:00:00,single_ticket,exit,G11,2.23
TX0001695,ST02,2026-08-05 10:00:00,single_ticket,entry,G08,2.63
TX0001696,ST08,2026-07-07 02:00:00,smart_card,exit,G02,3.01
TX0001697,ST01,2026-08-19 21:00:00,single_ticket,entry,G06,2.78
TX0001698,ST02,2026-07-07 12:00:00,smart_card,entry,G12,3.25
TX0001699,ST07,2026-07-18 22:00:00,day_pass,entry,G08,1.59
TX0001700,ST10,2026-07-09 17:00:00,smart_card,exit,G07,3.64
TX0001701,ST05,2026-08-10 02:00:00,single_ticket,entry,G03,3.14
TX0001702,ST08,2026-08-11 03:00:00,day_pass,entry,G05,4.24
TX0001703,ST10,2026-07-25 16:00:00,day_pass,entry,G10,2.98
TX0001704,ST07,2026-07-29 03:00:00,smart_card,entry,G11,1.61
TX0001705,ST06,2026-08-15 07:00:00,smart_card,exit,G06,3.94
TX0001706,ST08,2026-07-25 02:00:00,monthly_pass,entry,G07,4.32
TX0001707,ST05,2026-08-06 09:00:00,monthly_pass,entry,G09,3.34
TX0001708,ST03,2026-07-08 01:00:00,single_ticket,exit,G12,2.65
TX0001709,ST03,2026-06-29 20:00:00,smart_card,exit,G03,3.15
TX0001710,ST04,2026-07-05 12:00:00,smart_card,exit,G01,4.11
TX0001711,ST08,2026-07-13 20:00:00,monthly_pass,entry,G01,1.75
TX0001712,ST03,2026-07-26 01:00:00,smart_card,exit,G07,1.67
TX0001713,ST06,2026-07-28 03:00:00,day_pass,exit,G05,4.0
TX0001714,ST07,2026-08-16 20:00:00,smart_card,entry,G02,2.0
TX0001715,ST06,2026-08-05 20:00:00,single_ticket,exit,G06,3.61
TX0001716,ST04,2026-08-20 02:00:00,smart_card,exit,G08,4.24
TX0001717,ST10,2026-07-08 13:00:00,smart_card,exit,G06,2.22
TX0001718,ST03,2026-07-02 05:00:00,smart_card,entry,G09,4.31
TX0001719,ST06,2026-08-04 06:00:00,monthly_pass,entry,G03,3.93
TX0001720,ST10,2026-08-10 11:00:00,single_ticket,entry,G12,3.55
TX0001721,ST10,2026-07-20 11:00:00,single_ticket,entry,G06,3.1
TX0001722,ST08,2026-08-16 06:00:00,monthly_pass,exit,G06,2.17
TX0001723,ST04,2026-07-14 19:00:00,smart_card,entry,G07,3.25
TX0001724,ST01,2026-07-08 17:00:00,monthly_pass,entry,G12,1.64
TX0001725,ST10,2026-07-04 10:00:00,smart_card,exit,G04,2.73
TX0001726,ST02,2026-08-01 10:00:00,smart_card,exit,G06,3.43
TX0001727,ST07,2026-08-06 18:00:00,smart_card,exit,G04,4.16
TX0001728,ST04,2026-06-27 20:00:00,monthly_pass,entry,G08,2.08
TX0001729,ST02,2026-07-29 19:00:00,single_ticket,exit,G07,1.63
TX0001730,ST03,2026-06-29 02:00:00,smart_card,entry,G12,1.51
TX0001731,ST09,2026-07-04 17:00:00,monthly_pass,exit,G01,3.95
TX0001732,ST04,2026-08-08 17:00:00,day_pass,entry,G09,2.59
TX0001733,ST05,2026-07-18 08:00:00,single_ticket,entry,G01,1.85
TX0001734,ST02,2026-06-28 20:00:00,single_ticket,entry,G07,3.91
TX0001735,ST07,2026-08-03 21:00:00,smart_card,entry,G06,1.8
TX0001736,ST01,2026-07-30 23:00:00,smart_card,entry,G02,3.17
TX0001737,ST07,2026-06-26 13:00:00,single_ticket,entry,G01,3.44
TX0001738,ST04,2026-07-07 16:00:00,smart_card,entry,G10,4.21
TX0001739,ST01,2026-07-26 06:00:00,single_ticket,entry,G09,2.8
TX0001740,ST07,2026-07-29 06:00:00,smart_card,entry,G08,3.54
TX0001741,ST10,2026-08-09 22:00:00,single_ticket,exit,G08,1.54
TX0001742,ST01,2026-07-10 07:00:00,day_pass,exit,G02,3.06
TX0001743,ST10,2026-06-25 05:00:00,smart_card,exit,G01,2.83
TX0001744,ST06,2026-08-16 22:00:00,smart_card,entry,G10,2.39
TX0001745,ST01,2026-08-04 08:00:00,smart_card,exit,G04,4.26
TX0001746,ST05,2026-07-11 05:00:00,smart_card,exit,G10,3.48
TX0001747,ST08,2026-07-01 00:00:00,smart_card,entry,G02,3.2
TX0001748,ST02,2026-07-04 20:00:00,smart_card,entry,G08,1.89
TX0001749,ST02,2026-07-12 08:00:00,smart_card,entry,G11,3.54
TX0001750,ST03,2026-07-12 23:00:00,smart_card,entry,G05,2.87
TX0001751,ST01,2026-06-30 13:00:00,monthly_pass,entry,G04,3.6
TX0001752,ST05,2026-07-08 23:00:00,smart_card,entry,G09,3.71
TX0001753,ST10,2026-07-09 08:00:00,smart_card,exit,G05,3.97
TX0001754,ST09,2026-07-29 20:00:00,day_pass,exit,G04,2.84
TX0001755,ST05,2026-08-02 18:00:00,smart_card,entry,G10,4.13
TX0001756,ST10,2026-08-11 13:00:00,single_ticket,entry,G09,2.6
TX0001757,ST05,2026-07-09 13:00:00,single_ticket,entry,G03,3.49
TX0001758,ST01,2026-07-02 16:00:00,single_ticket,exit,G06,2.57
TX0001759,ST01,2026-07-17 16:00:00,smart_card,exit,G03,4.18
TX0001760,ST04,2026-07-31 10:00:00,smart_card,exit,G06,2.77
TX0001761,ST02,2026-06-25 05:00:00,monthly_pass,entry,G10,2.13
TX0001762,ST05,2026-07-04 02:00:00,monthly_pass,entry,G08,4.45
TX0001763,ST07,2026-08-01 18:00:00,single_ticket,exit,G07,2.4
TX0001764,ST08,2026-08-04 09:00:00,smart_card,entry,G04,4.23
TX0001765,ST04,2026-08-10 21:00:00,smart_card,exit,G04,4.02
TX0001766,ST03,2026-08-16 20:00:00,single_ticket,exit,G08,3.11
TX0001767,ST09,2026-07-28 05:00:00,smart_card,exit,G02,2.35
TX0001768,ST04,2026-06-25 13:00:00,monthly_pass,exit,G11,1.71
TX0001769,ST02,2026-07-07 08:00:00,monthly_pass,exit,G10,2.26
TX0001770,ST10,2026-07-13 22:00:00,smart_card,entry,G10,4.16
TX0001771,ST01,2026-06-28 10:00:00,smart_card,exit,G03,2.35
TX0001772,ST02,2026-07-03 02:00:00,smart_card,entry,G05,2.2
TX0001773,ST08,2026-07-05 01:00:00,smart_card,exit,G06,1.67
TX0001774,ST06,2026-08-06 22:00:00,smart_card,exit,G10,3.05
TX0001775,ST10,2026-08-02 20:00:00,single_ticket,entry,G03,3.13
TX0001776,ST03,2026-08-06 00:00:00,smart_card,entry,G10,3.56
TX0001777,ST08,2026-07-04 09:00:00,smart_card,entry,G05,4.1
TX0001778,ST03,2026-07-15 20:00:00,smart_card,entry,G11,1.82
TX0001779,ST06,2026-07-06 04:00:00,smart_card,exit,G02,2.62
TX0001780,ST09,2026-06-25 13:00:00,smart_card,exit,G09,3.35
TX0001781,ST03,2026-08-12 11:00:00,monthly_pass,entry,G01,2.07
TX0001782,ST04,2026-07-11 20:00:00,smart_card,entry,G04,2.31
TX0001783,ST01,2026-08-19 15:00:00,day_pass,entry,G07,3.89
TX0001784,ST08,2026-07-14 11:00:00,smart_card,exit,G10,1.6
TX0001785,ST08,2026-07-03 20:00:00,single_ticket,entry,G07,4.18
TX0001786,ST01,2026-07-24 00:00:00,smart_card,exit,G05,3.85
TX0001787,ST07,2026-08-14 21:00:00,smart_card,exit,G03,2.47
TX0001788,ST02,2026-07-13 14:00:00,smart_card,entry,G05,2.54
TX0001789,ST04,2026-07-23 11:00:00,day_pass,exit,G03,2.23
TX0001790,ST08,2026-06-25 12:00:00,smart_card,entry,G01,1.52
TX0001791,ST10,2026-07-27 12:00:00,smart_card,entry,G10,3.62
TX0001792,ST07,2026-08-07 18:00:00,smart_card,exit,G12,3.89
TX0001793,ST05,2026-07-03 08:00:00,single_ticket,entry,G06,2.05
TX0001794,ST04,2026-07-02 07:00:00,smart_card,exit,G05,2.7
TX0001795,ST02,2026-07-16 01:00:00,smart_card,entry,G08,2.86
TX0001796,ST05,2026-08-16 00:00:00,single_ticket,exit,G01,1.77
TX0001797,ST09,2026-07-18 09:00:00,smart_card,exit,G04,2.37
TX0001798,ST08,2026-07-21 01:00:00,smart_card,entry,G06,2.37
TX0001799,ST10,2026-07-17 12:00:00,smart_card,entry,G08,4.07
TX0001800,ST03,2026-06-27 20:00:00,single_ticket,exit,G04,1.82
TX0001801,ST04,2026-06-22 22:00:00,monthly_pass,entry,G06,2.21
TX0001802,ST05,2026-07-16 04:00:00,single_ticket,entry,G03,2.86
TX0001803,ST06,2026-08-11 10:00:00,day_pass,entry,G04,1.92
TX0001804,ST10,2026-08-21 03:00:00,single_ticket,entry,G05,2.11
TX0001805,ST07,2026-07-24 12:00:00,smart_card,entry,G07,4.36
TX0001806,ST03,2026-06-25 07:00:00,monthly_pass,exit,G11,4.11
TX0001807,ST05,2026-08-08 00:00:00,smart_card,exit,G01,1.88
TX0001808,ST01,2026-06-25 16:00:00,day_pass,entry,G03,2.32
TX0001809,ST05,2026-08-20 17:00:00,smart_card,entry,G02,4.11
TX0001810,ST02,2026-07-24 11:00:00,single_ticket,entry,G03,2.55
TX0001811,ST04,2026-08-04 12:00:00,monthly_pass,exit,G06,2.83
TX0001812,ST05,2026-07-22 10:00:00,day_pass,exit,G12,2.05
TX0001813,ST02,2026-08-21 04:00:00,monthly_pass,entry,G04,3.14
TX0001814,ST02,2026-06-29 18:00:00,day_pass,exit,G09,1.94
TX0001815,ST10,2026-06-27 12:00:00,smart_card,exit,G10,3.07
TX0001816,ST08,2026-07-27 05:00:00,smart_card,entry,G03,4.26
TX0001817,ST03,2026-07-07 16:00:00,smart_card,entry,G03,2.93
TX0001818,ST03,2026-07-14 22:00:00,smart_card,entry,G09,3.96
TX0001819,ST03,2026-08-13 02:00:00,smart_card,entry,G02,3.22
TX0001820,ST04,2026-08-06 17:00:00,smart_card,entry,G10,2.6
TX0001821,ST01,2026-07-10 02:00:00,monthly_pass,exit,G01,4.33
TX0001822,ST04,2026-06-25 20:00:00,single_ticket,exit,G08,4.49
TX0001823,ST02,2026-07-04 00:00:00,smart_card,exit,G10,2.48
TX0001824,ST09,2026-08-19 23:00:00,single_ticket,exit,G12,4.47
TX0001825,ST08,2026-07-06 20:00:00,day_pass,entry,G11,4.45
TX0001826,ST09,2026-08-17 12:00:00,monthly_pass,entry,G08,2.46
TX0001827,ST02,2026-08-15 20:00:00,smart_card,exit,G11,2.87
TX0001828,ST02,2026-07-22 22:00:00,single_ticket,exit,G07,1.62
TX0001829,ST04,2026-07-08 03:00:00,smart_card,exit,G11,1.55
TX0001830,ST06,2026-06-24 15:00:00,day_pass,exit,G12,1.97
TX0001831,ST02,2026-08-04 06:00:00,monthly_pass,exit,G11,2.31
TX0001832,ST10,2026-07-03 07:00:00,smart_card,exit,G09,4.18
TX0001833,ST10,2026-07-10 05:00:00,smart_card,exit,G12,2.48
TX0001834,ST09,2026-06-27 13:00:00,smart_card,exit,G12,3.65
TX0001835,ST07,2026-07-07 02:00:00,smart_card,exit,G05,4.34
TX0001836,ST07,2026-08-12 17:00:00,smart_card,exit,G04,3.08
TX0001837,ST02,2026-08-10 08:00:00,day_pass,exit,G08,4.02
TX0001838,ST01,2026-07-04 10:00:00,smart_card,exit,G06,2.75
TX0001839,ST03,2026-07-27 02:00:00,smart_card,exit,G01,2.27
TX0001840,ST05,2026-08-04 21:00:00,single_ticket,exit,G04,3.82
TX0001841,ST02,2026-07-16 09:00:00,single_ticket,exit,G11,3.43
TX0001842,ST03,2026-07-15 07:00:00,smart_card,entry,G11,3.48
TX0001843,ST09,2026-06-27 19:00:00,day_pass,entry,G02,2.49
TX0001844,ST01,2026-07-18 18:00:00,single_ticket,entry,G09,2.99
TX0001845,ST08,2026-07-13 15:00:00,smart_card,exit,G09,2.67
TX0001846,ST07,2026-06-25 02:00:00,smart_card,exit,G10,4.21
TX0001847,ST07,2026-07-07 20:00:00,day_pass,entry,G04,4.29
TX0001848,ST01,2026-07-19 10:00:00,smart_card,entry,G10,1.84
TX0001849,ST10,2026-07-23 14:00:00,smart_card,exit,G08,3.63
TX0001850,ST08,2026-08-10 17:00:00,smart_card,entry,G03,2.29
TX0001851,ST07,2026-07-24 11:00:00,monthly_pass,exit,G10,3.65
TX0001852,ST02,2026-07-16 14:00:00,single_ticket,entry,G12,2.27
TX0001853,ST10,2026-08-19 04:00:00,day_pass,exit,G07,2.84
TX0001854,ST08,2026-08-09 10:00:00,smart_card,entry,G02,2.73
TX0001855,ST03,2026-07-11 20:00:00,day_pass,entry,G12,3.95
TX0001856,ST07,2026-08-05 04:00:00,smart_card,exit,G02,2.56
TX0001857,ST05,2026-08-08 06:00:00,monthly_pass,entry,G04,4.24
TX0001858,ST05,2026-06-23 02:00:00,single_ticket,exit,G04,1.81
TX0001859,ST09,2026-07-24 08:00:00,single_ticket,entry,G07,2.2
TX0001860,ST06,2026-08-03 15:00:00,monthly_pass,entry,G03,2.21
TX0001861,ST04,2026-07-22 15:00:00,monthly_pass,exit,G11,2.27
TX0001862,ST02,2026-07-21 14:00:00,smart_card,entry,G04,3.29
TX0001863,ST03,2026-07-11 13:00:00,smart_card,entry,G07,2.67
TX0001864,ST10,2026-08-20 08:00:00,single_ticket,exit,G02,2.87
TX0001865,ST01,2026-07-12 04:00:00,smart_card,exit,G07,4.47
TX0001866,ST05,2026-07-12 13:00:00,smart_card,exit,G03,3.98
TX0001867,ST10,2026-07-22 15:00:00,smart_card,exit,G05,2.8
TX0001868,ST10,2026-08-09 06:00:00,smart_card,entry,G07,3.74
TX0001869,ST05,2026-07-30 15:00:00,single_ticket,exit,G10,1.89
TX0001870,ST01,2026-06-26 12:00:00,smart_card,entry,G10,2.47
TX0001871,ST03,2026-07-18 10:00:00,smart_card,entry,G05,4.3
TX0001872,ST05,2026-07-07 19:00:00,smart_card,exit,G05,4.44
TX0001873,ST01,2026-08-09 10:00:00,monthly_pass,entry,G03,4.08
TX0001874,ST07,2026-08-06 09:00:00,smart_card,exit,G11,3.43
TX0001875,ST10,2026-07-04 04:00:00,day_pass,exit,G02,3.94
TX0001876,ST01,2026-08-18 20:00:00,monthly_pass,entry,G02,1.93
TX0001877,ST08,2026-07-26 05:00:00,smart_card,entry,G06,2.71
TX0001878,ST09,2026-08-07 08:00:00,single_ticket,entry,G05,3.29
TX0001879,ST03,2026-07-26 12:00:00,smart_card,exit,G04,3.28
TX0001880,ST05,2026-07-20 13:00:00,smart_card,entry,G06,2.32
TX0001881,ST05,2026-08-05 09:00:00,smart_card,exit,G12,3.39
TX0001882,ST02,2026-08-08 22:00:00,single_ticket,exit,G04,2.35
TX0001883,ST07,2026-08-15 19:00:00,monthly_pass,exit,G08,3.76
TX0001884,ST01,2026-07-19 04:00:00,smart_card,entry,G09,2.94
TX0001885,ST09,2026-08-09 11:00:00,smart_card,exit,G12,3.12
TX0001886,ST06,2026-06-24 12:00:00,single_ticket,entry,G11,4.33
TX0001887,ST08,2026-08-06 13:00:00,smart_card,exit,G09,4.43
TX0001888,ST08,2026-07-15 10:00:00,smart_card,entry,G10,3.92
TX0001889,ST02,2026-08-06 19:00:00,smart_card,entry,G11,2.8
TX0001890,ST02,2026-06-22 22:00:00,single_ticket,exit,G10,2.85
TX0001891,ST10,2026-06-26 21:00:00,smart_card,exit,G02,3.05
TX0001892,ST02,2026-07-29 11:00:00,smart_card,exit,G05,3.81
TX0001893,ST10,2026-07-27 14:00:00,smart_card,entry,G09,3.69
TX0001894,ST09,2026-07-13 22:00:00,smart_card,exit,G11,2.33
TX0001895,ST09,2026-07-05 12:00:00,smart_card,exit,G02,2.86
TX0001896,ST05,2026-08-12 15:00:00,smart_card,exit,G12,3.53
TX0001897,ST10,2026-06-22 10:00:00,single_ticket,exit,G02,1.72
TX0001898,ST08,2026-07-08 06:00:00,single_ticket,entry,G03,1.82
TX0001899,ST09,2026-08-14 01:00:00,smart_card,entry,G01,3.97
TX0001900,ST07,2026-07-30 06:00:00,day_pass,exit,G08,4.29
TX0001901,ST07,2026-08-10 15:00:00,smart_card,entry,G08,2.04
TX0001902,ST04,2026-08-11 12:00:00,smart_card,exit,G11,4.25
TX0001903,ST03,2026-07-10 00:00:00,smart_card,exit,G08,4.07
TX0001904,ST04,2026-06-28 03:00:00,smart_card,exit,G02,1.94
TX0001905,ST07,2026-07-08 17:00:00,day_pass,entry,G04,1.94
TX0001906,ST03,2026-07-17 13:00:00,single_ticket,exit,G05,2.97
TX0001907,ST04,2026-08-17 19:00:00,smart_card,exit,G11,3.86
TX0001908,ST01,2026-07-14 20:00:00,smart_card,entry,G09,2.97
TX0001909,ST09,2026-08-16 18:00:00,smart_card,entry,G12,3.97
TX0001910,ST06,2026-08-12 21:00:00,single_ticket,exit,G10,1.9
TX0001911,ST09,2026-07-04 22:00:00,monthly_pass,entry,G10,2.24
TX0001912,ST05,2026-08-15 12:00:00,single_ticket,entry,G06,3.69
TX0001913,ST02,2026-08-03 10:00:00,smart_card,exit,G08,3.03
TX0001914,ST07,2026-08-07 10:00:00,smart_card,exit,G10,2.73
TX0001915,ST05,2026-07-22 00:00:00,smart_card,entry,G08,4.01
TX0001916,ST09,2026-07-18 10:00:00,smart_card,exit,G05,1.92
TX0001917,ST10,2026-06-24 23:00:00,monthly_pass,exit,G05,2.72
TX0001918,ST04,2026-08-12 17:00:00,smart_card,exit,G11,4.21
TX0001919,ST10,2026-07-21 03:00:00,monthly_pass,exit,G06,4.23
TX0001920,ST10,2026-07-10 13:00:00,smart_card,entry,G05,2.6
TX0001921,ST07,2026-07-05 05:00:00,smart_card,exit,G02,2.78
TX0001922,ST01,2026-07-23 02:00:00,single_ticket,exit,G08,1.73
TX0001923,ST06,2026-08-18 22:00:00,smart_card,exit,G12,2.14
TX0001924,ST05,2026-07-09 02:00:00,smart_card,entry,G10,1.55
TX0001925,ST01,2026-06-22 20:00:00,smart_card,exit,G08,3.1
TX0001926,ST06,2026-08-05 03:00:00,smart_card,exit,G05,4.46
TX0001927,ST06,2026-07-21 08:00:00,smart_card,exit,G05,1.94
TX0001928,ST07,2026-08-12 02:00:00,monthly_pass,exit,G06,4.35
TX0001929,ST02,2026-07-10 13:00:00,day_pass,exit,G03,2.72
TX0001930,ST05,2026-07-08 12:00:00,single_ticket,exit,G09,1.65
TX0001931,ST03,2026-07-04 21:00:00,smart_card,entry,G05,1.98
TX0001932,ST07,2026-08-15 22:00:00,smart_card,entry,G10,2.86
TX0001933,ST01,2026-07-06 02:00:00,single_ticket,exit,G03,2.11
TX0001934,ST02,2026-07-15 22:00:00,smart_card,exit,G01,3.51
TX0001935,ST10,2026-08-05 14:00:00,smart_card,entry,G10,2.21
TX0001936,ST08,2026-06-23 20:00:00,smart_card,entry,G01,3.82
TX0001937,ST09,2026-07-25 11:00:00,single_ticket,entry,G09,2.13
TX0001938,ST09,2026-07-30 18:00:00,single_ticket,entry,G04,3.26
TX0001939,ST04,2026-07-12 12:00:00,smart_card,entry,G09,3.07
TX0001940,ST07,2026-07-26 08:00:00,single_ticket,exit,G10,3.91
TX0001941,ST01,2026-07-21 23:00:00,smart_card,entry,G09,3.32
TX0001942,ST10,2026-07-08 17:00:00,smart_card,entry,G05,3.05
TX0001943,ST05,2026-08-06 21:00:00,smart_card,exit,G11,4.22
TX0001944,ST03,2026-07-18 15:00:00,single_ticket,entry,G06,4.14
TX0001945,ST07,2026-07-05 06:00:00,smart_card,entry,G03,4.15
TX0001946,ST06,2026-07-13 13:00:00,monthly_pass,exit,G08,2.21
TX0001947,ST08,2026-08-01 20:00:00,smart_card,entry,G07,3.66
TX0001948,ST08,2026-07-05 20:00:00,smart_card,entry,G01,3.42
TX0001949,ST09,2026-08-04 13:00:00,single_ticket,entry,G08,4.05
TX0001950,ST10,2026-08-11 15:00:00,smart_card,exit,G02,3.4
TX0001951,ST10,2026-06-23 00:00:00,smart_card,exit,G12,2.08
TX0001952,ST10,2026-07-31 00:00:00,smart_card,entry,G02,2.36
TX0001953,ST10,2026-07-31 21:00:00,smart_card,entry,G05,2.95
TX0001954,ST07,2026-08-13 16:00:00,smart_card,entry,G05,3.16
TX0001955,ST05,2026-08-05 20:00:00,smart_card,exit,G04,2.78
TX0001956,ST08,2026-08-20 08:00:00,smart_card,entry,G06,4.09
TX0001957,ST04,2026-07-04 03:00:00,day_pass,exit,G01,4.06
TX0001958,ST01,2026-07-27 04:00:00,day_pass,entry,G12,3.75
TX0001959,ST03,2026-06-27 00:00:00,smart_card,exit,G12,2.84
TX0001960,ST03,2026-08-01 09:00:00,monthly_pass,exit,G02,3.79
TX0001961,ST09,2026-08-15 10:00:00,smart_card,entry,G04,4.08
TX0001962,ST04,2026-07-01 02:00:00,monthly_pass,exit,G06,3.32
TX0001963,ST06,2026-07-06 09:00:00,monthly_pass,exit,G02,3.32
TX0001964,ST08,2026-08-18 16:00:00,single_ticket,exit,G04,2.2
TX0001965,ST07,2026-06-24 12:00:00,smart_card,entry,G11,2.57
TX0001966,ST04,2026-08-01 02:00:00,monthly_pass,exit,G08,3.56
TX0001967,ST10,2026-07-16 03:00:00,smart_card,exit,G12,4.21
TX0001968,ST09,2026-07-20 23:00:00,smart_card,entry,G04,3.56
TX0001969,ST07,2026-07-23 11:00:00,monthly_pass,exit,G07,2.53
TX0001970,ST05,2026-08-07 16:00:00,smart_card,entry,G12,3.86
TX0001971,ST04,2026-07-19 11:00:00,smart_card,exit,G04,2.94
TX0001972,ST01,2026-07-23 05:00:00,single_ticket,entry,G10,2.58
TX0001973,ST02,2026-07-14 02:00:00,monthly_pass,exit,G06,2.56
TX0001974,ST10,2026-07-16 19:00:00,smart_card,entry,G04,3.9
TX0001975,ST02,2026-06-23 11:00:00,monthly_pass,entry,G02,4.07
TX0001976,ST10,2026-08-03 19:00:00,smart_card,entry,G12,2.48
TX0001977,ST01,2026-07-31 01:00:00,single_ticket,exit,G02,2.12
TX0001978,ST01,2026-08-08 19:00:00,smart_card,exit,G02,3.11
TX0001979,ST05,2026-08-11 22:00:00,smart_card,entry,G06,4.03
TX0001980,ST05,2026-08-05 14:00:00,smart_card,exit,G02,1.82
TX0001981,ST07,2026-08-11 00:00:00,smart_card,entry,G11,2.96
TX0001982,ST09,2026-07-21 19:00:00,smart_card,exit,G09,1.5
TX0001983,ST02,2026-08-03 16:00:00,single_ticket,exit,G02,3.28
TX0001984,ST03,2026-07-09 05:00:00,smart_card,exit,G11,2.28
TX0001985,ST06,2026-08-01 04:00:00,single_ticket,exit,G08,2.62
TX0001986,ST09,2026-07-16 13:00:00,monthly_pass,entry,G09,2.46
TX0001987,ST09,2026-07-16 04:00:00,single_ticket,exit,G04,2.98
TX0001988,ST10,2026-07-19 17:00:00,day_pass,exit,G11,3.54
TX0001989,ST03,2026-08-20 01:00:00,single_ticket,exit,G01,1.8
TX0001990,ST10,2026-07-17 22:00:00,monthly_pass,exit,G12,3.46
TX0001991,ST02,2026-07-28 20:00:00,day_pass,exit,G04,2.34
TX0001992,ST03,2026-06-30 20:00:00,smart_card,exit,G02,3.75
TX0001993,ST03,2026-06-27 01:00:00,single_ticket,exit,G01,1.82
TX0001994,ST09,2026-07-25 14:00:00,single_ticket,exit,G01,3.89
TX0001995,ST03,2026-06-24 12:00:00,day_pass,exit,G03,3.57
TX0001996,ST08,2026-07-17 04:00:00,smart_card,exit,G07,1.79
TX0001997,ST04,2026-07-19 20:00:00,smart_card,entry,G04,4.16
TX0001998,ST01,2026-07-14 07:00:00,monthly_pass,entry,G07,1.73
TX0001999,ST03,2026-06-22 09:00:00,monthly_pass,entry,G03,1.91
TX0002000,ST04,2026-06-22 14:00:00,smart_card,entry,G10,2.06
TX0002001,ST07,2026-08-01 09:00:00,smart_card,entry,G05,2.07
TX0002002,ST07,2026-06-23 11:00:00,smart_card,exit,G07,4.25
TX0002003,ST03,2026-07-10 05:00:00,single_ticket,entry,G01,2.73
TX0002004,ST06,2026-07-17 21:00:00,smart_card,entry,G05,1.98
TX0002005,ST06,2026-07-15 23:00:00,monthly_pass,exit,G01,3.14
TX0002006,ST10,2026-07-19 08:00:00,smart_card,entry,G05,3.73
TX0002007,ST06,2026-07-10 15:00:00,smart_card,exit,G10,4.44
TX0002008,ST08,2026-07-27 13:00:00,smart_card,entry,G06,3.29
TX0002009,ST05,2026-07-17 08:00:00,single_ticket,exit,G10,1.86
TX0002010,ST08,2026-07-05 22:00:00,single_ticket,exit,G01,1.88
TX0002011,ST06,2026-08-17 04:00:00,single_ticket,entry,G05,4.28
TX0002012,ST04,2026-08-10 09:00:00,smart_card,entry,G01,3.8
TX0002013,ST08,2026-08-11 08:00:00,smart_card,exit,G12,1.94
TX0002014,ST04,2026-07-07 01:00:00,smart_card,exit,G12,3.88
TX0002015,ST09,2026-08-11 04:00:00,smart_card,exit,G04,1.79
TX0002016,ST04,2026-08-10 17:00:00,smart_card,entry,G09,2.62
TX0002017,ST06,2026-08-02 08:00:00,smart_card,entry,G09,1.56
TX0002018,ST09,2026-07-16 11:00:00,day_pass,entry,G05,4.42
TX0002019,ST09,2026-07-25 18:00:00,smart_card,entry,G06,2.52
TX0002020,ST09,2026-08-17 22:00:00,single_ticket,exit,G12,1.87
TX0002021,ST03,2026-08-05 15:00:00,smart_card,exit,G05,3.93
TX0002022,ST06,2026-07-26 10:00:00,smart_card,exit,G06,2.75
TX0002023,ST01,2026-08-15 06:00:00,smart_card,entry,G04,3.36
TX0002024,ST05,2026-07-31 08:00:00,smart_card,exit,G05,4.09
TX0002025,ST08,2026-07-05 05:00:00,smart_card,exit,G03,2.28
TX0002026,ST02,2026-08-03 01:00:00,monthly_pass,entry,G01,3.11
TX0002027,ST02,2026-08-18 13:00:00,smart_card,exit,G08,2.0
TX0002028,ST07,2026-06-25 08:00:00,smart_card,exit,G04,4.05
TX0002029,ST03,2026-06-26 22:00:00,monthly_pass,entry,G01,2.46
TX0002030,ST01,2026-07-29 12:00:00,smart_card,entry,G02,2.96
TX0002031,ST05,2026-08-15 17:00:00,single_ticket,entry,G11,3.67
TX0002032,ST06,2026-07-06 01:00:00,single_ticket,entry,G06,4.21
TX0002033,ST09,2026-07-14 12:00:00,smart_card,exit,G04,2.54
TX0002034,ST10,2026-08-09 05:00:00,smart_card,entry,G04,1.75
TX0002035,ST01,2026-07-26 17:00:00,day_pass,entry,G06,3.07
TX0002036,ST05,2026-08-11 18:00:00,smart_card,entry,G04,1.54
TX0002037,ST04,2026-08-17 22:00:00,smart_card,exit,G05,2.68
TX0002038,ST01,2026-08-12 07:00:00,smart_card,entry,G06,2.72
TX0002039,ST05,2026-07-17 00:00:00,smart_card,entry,G12,2.9
TX0002040,ST03,2026-07-25 13:00:00,monthly_pass,exit,G04,2.73
TX0002041,ST06,2026-07-14 05:00:00,monthly_pass,entry,G03,3.71
TX0002042,ST02,2026-07-20 12:00:00,monthly_pass,entry,G06,2.21
TX0002043,ST10,2026-06-29 14:00:00,smart_card,exit,G05,3.06
TX0002044,ST04,2026-07-27 14:00:00,monthly_pass,entry,G08,2.47
TX0002045,ST06,2026-07-23 10:00:00,single_ticket,exit,G08,3.36
TX0002046,ST07,2026-07-10 02:00:00,single_ticket,exit,G06,2.77
TX0002047,ST03,2026-07-14 02:00:00,single_ticket,entry,G04,2.12
TX0002048,ST03,2026-08-17 18:00:00,day_pass,exit,G09,3.28
TX0002049,ST04,2026-08-08 21:00:00,smart_card,entry,G07,2.24
TX0002050,ST10,2026-07-18 03:00:00,single_ticket,exit,G04,2.69
TX0002051,ST03,2026-08-18 01:00:00,single_ticket,entry,G01,2.75
TX0002052,ST01,2026-08-10 12:00:00,smart_card,exit,G01,4.2
TX0002053,ST08,2026-08-16 13:00:00,smart_card,entry,G11,3.72
TX0002054,ST08,2026-06-26 04:00:00,smart_card,entry,G08,3.39
TX0002055,ST08,2026-08-18 18:00:00,single_ticket,entry,G11,1.84
TX0002056,ST08,2026-06-28 07:00:00,single_ticket,exit,G05,2.43
TX0002057,ST05,2026-07-30 17:00:00,day_pass,entry,G02,1.65
TX0002058,ST09,2026-08-04 08:00:00,single_ticket,entry,G12,3.12
TX0002059,ST05,2026-07-04 10:00:00,smart_card,exit,G09,1.85
TX0002060,ST09,2026-08-01 13:00:00,single_ticket,entry,G09,1.59
TX0002061,ST09,2026-07-16 09:00:00,smart_card,exit,G01,2.57
TX0002062,ST04,2026-06-28 05:00:00,day_pass,entry,G01,3.73
TX0002063,ST03,2026-07-17 02:00:00,smart_card,exit,G12,2.78
TX0002064,ST10,2026-07-06 23:00:00,monthly_pass,exit,G11,1.76
TX0002065,ST10,2026-07-20 23:00:00,smart_card,exit,G02,3.12
TX0002066,ST10,2026-07-07 06:00:00,single_ticket,exit,G07,2.85
TX0002067,ST05,2026-06-22 23:00:00,smart_card,exit,G05,4.38
TX0002068,ST04,2026-07-27 10:00:00,smart_card,exit,G08,1.91
TX0002069,ST05,2026-06-25 09:00:00,single_ticket,exit,G11,3.55
TX0002070,ST02,2026-08-01 22:00:00,smart_card,entry,G08,3.66
TX0002071,ST07,2026-07-15 14:00:00,smart_card,exit,G03,4.05
TX0002072,ST10,2026-08-05 23:00:00,smart_card,entry,G05,4.04
TX0002073,ST04,2026-06-23 13:00:00,smart_card,exit,G12,2.71
TX0002074,ST08,2026-07-05 18:00:00,smart_card,exit,G01,3.74
TX0002075,ST09,2026-07-02 21:00:00,smart_card,entry,G09,2.67
TX0002076,ST06,2026-06-24 16:00:00,smart_card,exit,G06,4.18
TX0002077,ST02,2026-08-17 19:00:00,smart_card,exit,G06,3.61
TX0002078,ST10,2026-08-01 22:00:00,smart_card,entry,G01,1.63
TX0002079,ST10,2026-07-01 03:00:00,single_ticket,exit,G02,2.07
TX0002080,ST01,2026-06-29 22:00:00,smart_card,exit,G06,4.21
TX0002081,ST10,2026-08-13 21:00:00,smart_card,entry,G08,3.19
TX0002082,ST08,2026-07-11 07:00:00,single_ticket,entry,G02,3.83
TX0002083,ST08,2026-07-02 19:00:00,smart_card,entry,G08,4.05
TX0002084,ST04,2026-08-03 21:00:00,smart_card,entry,G11,1.64
TX0002085,ST04,2026-07-27 00:00:00,single_ticket,entry,G06,1.83
TX0002086,ST02,2026-08-06 21:00:00,single_ticket,entry,G09,4.31
TX0002087,ST04,2026-07-21 02:00:00,smart_card,exit,G05,3.33
TX0002088,ST08,2026-06-27 03:00:00,smart_card,entry,G01,3.66
TX0002089,ST10,2026-07-12 01:00:00,smart_card,exit,G08,2.68
TX0002090,ST03,2026-08-10 18:00:00,smart_card,entry,G01,2.23
TX0002091,ST06,2026-06-25 14:00:00,single_ticket,entry,G05,1.8
TX0002092,ST07,2026-07-09 17:00:00,single_ticket,entry,G04,2.14
TX0002093,ST06,2026-08-15 02:00:00,smart_card,entry,G09,1.81
TX0002094,ST08,2026-06-29 06:00:00,single_ticket,exit,G01,4.28
TX0002095,ST09,2026-07-21 14:00:00,monthly_pass,entry,G06,4.11
TX0002096,ST08,2026-08-15 20:00:00,monthly_pass,exit,G02,3.76
TX0002097,ST09,2026-06-24 23:00:00,smart_card,exit,G12,1.57
TX0002098,ST06,2026-08-05 17:00:00,monthly_pass,entry,G09,3.06
TX0002099,ST06,2026-08-18 13:00:00,smart_card,entry,G07,2.22
TX0002100,ST01,2026-07-20 09:00:00,smart_card,entry,G11,1.73
TX0002101,ST03,2026-07-19 09:00:00,smart_card,exit,G02,1.56
TX0002102,ST07,2026-07-23 04:00:00,smart_card,exit,G08,3.65
TX0002103,ST04,2026-07-31 06:00:00,smart_card,entry,G12,2.64
TX0002104,ST01,2026-07-30 14:00:00,smart_card,entry,G06,3.27
TX0002105,ST06,2026-07-01 06:00:00,single_ticket,entry,G12,3.82
TX0002106,ST01,2026-08-10 11:00:00,single_ticket,entry,G11,2.84
TX0002107,ST07,2026-07-23 14:00:00,single_ticket,entry,G12,1.89
TX0002108,ST03,2026-07-24 13:00:00,smart_card,entry,G02,4.33
TX0002109,ST01,2026-07-01 10:00:00,smart_card,entry,G04,3.44
TX0002110,ST01,2026-07-15 11:00:00,single_ticket,exit,G10,2.1
TX0002111,ST04,2026-07-29 13:00:00,single_ticket,exit,G05,3.55
TX0002112,ST01,2026-08-16 12:00:00,smart_card,exit,G09,2.79
TX0002113,ST06,2026-06-23 09:00:00,monthly_pass,entry,G01,3.88
TX0002114,ST07,2026-07-16 02:00:00,single_ticket,exit,G08,3.66
TX0002115,ST10,2026-07-06 13:00:00,single_ticket,exit,G11,2.28
TX0002116,ST09,2026-06-25 03:00:00,single_ticket,exit,G04,3.72
TX0002117,ST05,2026-07-06 05:00:00,single_ticket,exit,G09,3.15
TX0002118,ST07,2026-08-16 16:00:00,single_ticket,entry,G02,3.52
TX0002119,ST06,2026-07-17 08:00:00,day_pass,exit,G04,2.69
TX0002120,ST02,2026-08-11 03:00:00,smart_card,exit,G03,1.81
TX0002121,ST02,2026-08-17 12:00:00,smart_card,exit,G03,1.61
TX0002122,ST05,2026-07-09 11:00:00,smart_card,exit,G06,3.88
TX0002123,ST06,2026-07-15 00:00:00,monthly_pass,entry,G11,2.34
TX0002124,ST06,2026-07-18 05:00:00,smart_card,entry,G02,3.27
TX0002125,ST05,2026-07-08 08:00:00,smart_card,exit,G05,4.02
TX0002126,ST07,2026-06-29 07:00:00,smart_card,entry,G01,4.35
TX0002127,ST08,2026-07-30 17:00:00,smart_card,exit,G07,4.41
TX0002128,ST07,2026-07-29 12:00:00,monthly_pass,exit,G08,3.92
TX0002129,ST02,2026-07-01 14:00:00,single_ticket,exit,G02,3.07
TX0002130,ST09,2026-07-13 18:00:00,smart_card,entry,G03,2.3
TX0002131,ST10,2026-06-28 18:00:00,day_pass,exit,G03,1.55
TX0002132,ST10,2026-06-22 11:00:00,monthly_pass,exit,G01,2.18
TX0002133,ST01,2026-07-22 09:00:00,single_ticket,exit,G05,2.21
TX0002134,ST05,2026-08-06 18:00:00,single_ticket,entry,G04,3.08
TX0002135,ST02,2026-08-13 18:00:00,single_ticket,entry,G04,3.38
TX0002136,ST10,2026-08-10 14:00:00,single_ticket,exit,G11,4.44
TX0002137,ST01,2026-08-09 06:00:00,monthly_pass,exit,G03,2.67
TX0002138,ST09,2026-07-31 04:00:00,single_ticket,exit,G04,4.32
TX0002139,ST04,2026-06-27 19:00:00,smart_card,exit,G05,3.92
TX0002140,ST03,2026-08-04 03:00:00,smart_card,exit,G11,3.62
TX0002141,ST01,2026-07-10 20:00:00,smart_card,entry,G03,2.02
TX0002142,ST02,2026-07-06 20:00:00,smart_card,exit,G08,3.35
TX0002143,ST10,2026-07-24 09:00:00,single_ticket,entry,G12,3.28
TX0002144,ST08,2026-07-13 17:00:00,monthly_pass,entry,G11,3.87
TX0002145,ST06,2026-08-05 10:00:00,smart_card,entry,G08,3.24
TX0002146,ST09,2026-08-19 20:00:00,smart_card,exit,G09,4.39
TX0002147,ST01,2026-07-31 13:00:00,single_ticket,exit,G01,2.1
TX0002148,ST04,2026-08-01 11:00:00,smart_card,exit,G09,2.0
TX0002149,ST08,2026-06-26 08:00:00,smart_card,entry,G03,3.68
TX0002150,ST01,2026-07-28 16:00:00,day_pass,entry,G04,4.49
TX0002151,ST09,2026-06-29 02:00:00,smart_card,entry,G06,2.21
TX0002152,ST08,2026-07-05 12:00:00,single_ticket,exit,G10,1.66
TX0002153,ST04,2026-06-22 10:00:00,single_ticket,exit,G06,3.47
TX0002154,ST07,2026-07-21 23:00:00,single_ticket,entry,G03,3.74
TX0002155,ST01,2026-08-16 00:00:00,smart_card,entry,G09,3.03
TX0002156,ST09,2026-07-03 19:00:00,smart_card,exit,G08,2.18
TX0002157,ST09,2026-08-12 05:00:00,smart_card,exit,G10,2.99
TX0002158,ST09,2026-07-06 08:00:00,smart_card,entry,G07,2.42
TX0002159,ST03,2026-07-13 07:00:00,smart_card,exit,G07,2.15
TX0002160,ST07,2026-06-26 15:00:00,single_ticket,exit,G01,3.0
TX0002161,ST05,2026-06-22 14:00:00,smart_card,exit,G05,1.64
TX0002162,ST07,2026-07-31 19:00:00,day_pass,exit,G01,3.65
TX0002163,ST09,2026-07-24 21:00:00,day_pass,entry,G03,3.8
TX0002164,ST03,2026-07-15 14:00:00,smart_card,exit,G10,4.46
TX0002165,ST07,2026-08-10 09:00:00,smart_card,entry,G01,4.14
TX0002166,ST06,2026-07-15 06:00:00,smart_card,exit,G04,2.38
TX0002167,ST08,2026-06-30 07:00:00,day_pass,entry,G01,2.41
TX0002168,ST07,2026-08-04 02:00:00,smart_card,exit,G06,2.83
TX0002169,ST02,2026-07-21 02:00:00,smart_card,entry,G05,3.67
TX0002170,ST05,2026-06-29 00:00:00,single_ticket,exit,G09,1.62
TX0002171,ST02,2026-06-29 23:00:00,smart_card,exit,G01,4.39
TX0002172,ST08,2026-07-24 00:00:00,smart_card,entry,G02,3.61
TX0002173,ST02,2026-08-09 08:00:00,smart_card,entry,G05,4.05
TX0002174,ST01,2026-08-12 18:00:00,smart_card,exit,G01,3.57
TX0002175,ST09,2026-07-25 15:00:00,day_pass,exit,G01,4.26
TX0002176,ST08,2026-08-19 01:00:00,single_ticket,entry,G07,3.95
TX0002177,ST05,2026-07-07 11:00:00,smart_card,exit,G11,2.81
TX0002178,ST03,2026-08-16 06:00:00,single_ticket,exit,G01,3.63
TX0002179,ST06,2026-08-03 03:00:00,smart_card,entry,G03,4.33
TX0002180,ST03,2026-08-03 01:00:00,smart_card,entry,G11,4.34
TX0002181,ST03,2026-07-30 13:00:00,single_ticket,exit,G08,4.2
TX0002182,ST01,2026-08-17 16:00:00,smart_card,exit,G04,3.75
TX0002183,ST01,2026-08-02 00:00:00,single_ticket,entry,G11,3.4
TX0002184,ST01,2026-08-06 22:00:00,smart_card,exit,G07,3.15
TX0002185,ST03,2026-08-21 00:00:00,smart_card,entry,G11,2.07
TX0002186,ST01,2026-08-03 15:00:00,smart_card,exit,G06,2.88
TX0002187,ST09,2026-08-06 17:00:00,single_ticket,entry,G10,1.9
TX0002188,ST02,2026-07-03 06:00:00,smart_card,exit,G05,1.96
TX0002189,ST07,2026-08-04 04:00:00,day_pass,entry,G08,1.97
TX0002190,ST10,2026-08-15 11:00:00,smart_card,entry,G03,2.92
TX0002191,ST07,2026-06-26 16:00:00,smart_card,exit,G03,1.76
TX0002192,ST08,2026-08-18 07:00:00,day_pass,entry,G02,4.08
TX0002193,ST10,2026-07-05 23:00:00,smart_card,entry,G06,4.22
TX0002194,ST07,2026-07-29 13:00:00,smart_card,exit,G03,3.53
TX0002195,ST07,2026-07-05 23:00:00,smart_card,entry,G05,3.05
TX0002196,ST07,2026-07-26 00:00:00,smart_card,entry,G06,4.36
TX0002197,ST05,2026-07-31 22:00:00,single_ticket,exit,G08,2.47
TX0002198,ST10,2026-07-16 15:00:00,single_ticket,entry,G02,3.31
TX0002199,ST07,2026-06-24 06:00:00,smart_card,entry,G05,3.89
TX0002200,ST02,2026-07-18 08:00:00,day_pass,entry,G11,3.71
TX0002201,ST02,2026-06-25 01:00:00,smart_card,entry,G02,4.03
TX0002202,ST04,2026-07-07 09:00:00,day_pass,exit,G12,2.2
TX0002203,ST06,2026-07-08 02:00:00,single_ticket,entry,G01,3.91
TX0002204,ST09,2026-08-05 09:00:00,monthly_pass,entry,G12,1.61
TX0002205,ST02,2026-06-27 11:00:00,day_pass,exit,G05,3.15
TX0002206,ST06,2026-06-23 14:00:00,day_pass,entry,G09,1.53
TX0002207,ST10,2026-07-10 00:00:00,monthly_pass,exit,G11,2.55
TX0002208,ST02,2026-06-28 23:00:00,day_pass,entry,G10,3.24
TX0002209,ST01,2026-07-05 14:00:00,day_pass,entry,G09,3.63
TX0002210,ST03,2026-07-12 00:00:00,smart_card,entry,G01,2.99
TX0002211,ST07,2026-07-26 17:00:00,day_pass,entry,G04,4.34
TX0002212,ST04,2026-08-09 11:00:00,single_ticket,entry,G11,3.03
TX0002213,ST05,2026-07-15 04:00:00,monthly_pass,exit,G12,1.72
TX0002214,ST06,2026-07-22 09:00:00,single_ticket,exit,G04,2.04
TX0002215,ST07,2026-08-11 21:00:00,smart_card,entry,G08,4.04
TX0002216,ST03,2026-07-22 22:00:00,smart_card,entry,G06,4.34
TX0002217,ST08,2026-07-04 00:00:00,smart_card,entry,G11,3.51
TX0002218,ST09,2026-07-23 18:00:00,smart_card,entry,G11,3.73
TX0002219,ST04,2026-07-14 18:00:00,single_ticket,exit,G10,3.36
TX0002220,ST10,2026-07-17 07:00:00,smart_card,entry,G10,3.42
TX0002221,ST10,2026-06-24 11:00:00,smart_card,exit,G08,4.24
TX0002222,ST01,2026-07-03 04:00:00,smart_card,entry,G12,2.81
TX0002223,ST10,2026-07-09 01:00:00,day_pass,entry,G12,3.5
TX0002224,ST09,2026-07-01 01:00:00,smart_card,exit,G05,3.52
TX0002225,ST07,2026-07-31 04:00:00,smart_card,exit,G06,2.69
TX0002226,ST09,2026-06-27 21:00:00,smart_card,exit,G05,2.85
TX0002227,ST04,2026-07-30 23:00:00,smart_card,entry,G10,2.46
TX0002228,ST08,2026-08-07 22:00:00,single_ticket,entry,G11,4.36
TX0002229,ST08,2026-07-09 14:00:00,day_pass,entry,G03,1.9
TX0002230,ST04,2026-06-25 23:00:00,smart_card,exit,G06,2.26
TX0002231,ST08,2026-06-25 01:00:00,day_pass,exit,G12,3.82
TX0002232,ST05,2026-07-06 01:00:00,single_ticket,exit,G03,2.53
TX0002233,ST03,2026-08-01 17:00:00,smart_card,entry,G09,3.58
TX0002234,ST08,2026-07-23 01:00:00,smart_card,exit,G10,3.68
TX0002235,ST07,2026-08-06 01:00:00,smart_card,exit,G04,3.16
TX0002236,ST04,2026-06-27 01:00:00,smart_card,exit,G03,2.73
TX0002237,ST09,2026-08-17 18:00:00,smart_card,entry,G08,3.6
TX0002238,ST03,2026-08-07 17:00:00,monthly_pass,exit,G10,1.53
TX0002239,ST05,2026-07-09 16:00:00,smart_card,exit,G01,3.63
TX0002240,ST10,2026-08-15 23:00:00,monthly_pass,entry,G12,3.23
TX0002241,ST09,2026-08-18 16:00:00,smart_card,exit,G07,4.03
TX0002242,ST06,2026-08-10 04:00:00,smart_card,exit,G02,3.72
TX0002243,ST04,2026-07-22 14:00:00,single_ticket,entry,G10,3.19
TX0002244,ST05,2026-06-28 21:00:00,day_pass,exit,G07,3.84
TX0002245,ST05,2026-07-27 00:00:00,monthly_pass,entry,G05,2.01
TX0002246,ST08,2026-08-07 02:00:00,smart_card,exit,G04,2.69
TX0002247,ST02,2026-07-26 19:00:00,smart_card,exit,G09,3.1
TX0002248,ST03,2026-08-19 07:00:00,smart_card,entry,G06,3.81
TX0002249,ST07,2026-07-12 09:00:00,smart_card,exit,G09,2.09
TX0002250,ST04,2026-07-31 16:00:00,smart_card,entry,G10,3.62
TX0002251,ST02,2026-08-10 20:00:00,single_ticket,exit,G12,2.33
TX0002252,ST05,2026-07-27 03:00:00,smart_card,exit,G11,2.1
TX0002253,ST03,2026-08-08 01:00:00,day_pass,exit,G12,2.7
TX0002254,ST06,2026-08-02 12:00:00,day_pass,entry,G08,2.09
TX0002255,ST07,2026-08-13 09:00:00,smart_card,exit,G03,2.81
TX0002256,ST02,2026-08-18 04:00:00,smart_card,exit,G01,3.13
TX0002257,ST10,2026-06-28 03:00:00,single_ticket,entry,G04,2.61
TX0002258,ST08,2026-07-11 06:00:00,smart_card,exit,G06,4.32
TX0002259,ST08,2026-08-17 17:00:00,smart_card,entry,G03,3.52
TX0002260,ST05,2026-06-25 10:00:00,smart_card,exit,G10,2.71
TX0002261,ST08,2026-08-13 02:00:00,smart_card,exit,G05,4.34
TX0002262,ST08,2026-06-24 21:00:00,single_ticket,entry,G12,2.45
TX0002263,ST01,2026-08-01 12:00:00,smart_card,exit,G01,3.42
TX0002264,ST02,2026-07-13 06:00:00,smart_card,exit,G02,2.91
TX0002265,ST05,2026-06-26 12:00:00,single_ticket,entry,G06,4.12
TX0002266,ST04,2026-07-08 02:00:00,single_ticket,entry,G04,2.82
TX0002267,ST01,2026-06-26 04:00:00,smart_card,entry,G11,1.62
TX0002268,ST02,2026-08-01 09:00:00,smart_card,entry,G07,2.42
TX0002269,ST05,2026-06-26 21:00:00,smart_card,entry,G09,2.45
TX0002270,ST06,2026-08-17 03:00:00,smart_card,exit,G09,2.68
TX0002271,ST01,2026-07-01 08:00:00,smart_card,exit,G07,3.69
TX0002272,ST03,2026-07-12 14:00:00,day_pass,exit,G08,3.62
TX0002273,ST01,2026-06-24 16:00:00,smart_card,exit,G03,1.83
TX0002274,ST10,2026-07-13 13:00:00,day_pass,entry,G05,1.67
TX0002275,ST07,2026-06-22 10:00:00,smart_card,exit,G03,2.07
TX0002276,ST10,2026-08-14 15:00:00,smart_card,exit,G11,2.85
TX0002277,ST05,2026-06-30 08:00:00,monthly_pass,exit,G01,3.23
TX0002278,ST05,2026-07-19 12:00:00,day_pass,exit,G11,2.88
TX0002279,ST01,2026-07-11 10:00:00,smart_card,entry,G01,3.94
TX0002280,ST08,2026-06-22 08:00:00,smart_card,exit,G06,3.02
TX0002281,ST03,2026-08-11 00:00:00,single_ticket,exit,G10,3.72
TX0002282,ST09,2026-08-02 21:00:00,day_pass,exit,G06,4.47
TX0002283,ST08,2026-07-14 07:00:00,smart_card,entry,G12,3.47
TX0002284,ST02,2026-08-12 21:00:00,smart_card,exit,G11,3.36
TX0002285,ST08,2026-07-11 15:00:00,smart_card,entry,G11,3.79
TX0002286,ST07,2026-07-25 23:00:00,single_ticket,entry,G09,3.01
TX0002287,ST03,2026-08-14 02:00:00,smart_card,exit,G12,4.25
TX0002288,ST01,2026-07-08 19:00:00,smart_card,entry,G05,3.4
TX0002289,ST03,2026-07-01 07:00:00,monthly_pass,exit,G01,4.2
TX0002290,ST09,2026-08-11 07:00:00,monthly_pass,exit,G07,2.96
TX0002291,ST06,2026-06-25 09:00:00,single_ticket,exit,G05,2.19
TX0002292,ST04,2026-07-01 09:00:00,smart_card,entry,G01,4.03
TX0002293,ST06,2026-07-08 06:00:00,smart_card,exit,G03,2.04
TX0002294,ST09,2026-07-14 06:00:00,single_ticket,entry,G01,4.39
TX0002295,ST07,2026-08-13 10:00:00,day_pass,entry,G02,4.25
TX0002296,ST02,2026-08-04 16:00:00,smart_card,entry,G10,2.64
TX0002297,ST05,2026-08-21 04:00:00,smart_card,entry,G03,4.09
TX0002298,ST10,2026-06-25 00:00:00,monthly_pass,exit,G07,4.23
TX0002299,ST05,2026-08-07 21:00:00,smart_card,entry,G08,2.63
TX0002300,ST03,2026-08-20 17:00:00,monthly_pass,entry,G04,4.17
TX0002301,ST01,2026-07-05 23:00:00,smart_card,entry,G06,3.51
TX0002302,ST02,2026-07-06 15:00:00,single_ticket,entry,G06,2.45
TX0002303,ST01,2026-07-26 01:00:00,smart_card,exit,G11,2.89
TX0002304,ST02,2026-07-14 15:00:00,smart_card,exit,G12,4.26
TX0002305,ST04,2026-08-06 09:00:00,monthly_pass,exit,G02,3.42
TX0002306,ST01,2026-07-17 18:00:00,single_ticket,exit,G09,3.44
TX0002307,ST01,2026-08-14 15:00:00,smart_card,entry,G09,3.68
TX0002308,ST09,2026-07-06 09:00:00,smart_card,exit,G12,3.74
TX0002309,ST08,2026-06-27 23:00:00,smart_card,exit,G08,2.51
TX0002310,ST02,2026-08-18 10:00:00,day_pass,entry,G06,4.05
TX0002311,ST06,2026-08-12 05:00:00,smart_card,exit,G09,3.26
TX0002312,ST08,2026-08-01 21:00:00,smart_card,exit,G09,4.42
TX0002313,ST04,2026-08-11 22:00:00,smart_card,entry,G06,3.16
TX0002314,ST10,2026-06-29 00:00:00,single_ticket,entry,G09,2.08
TX0002315,ST04,2026-07-01 18:00:00,smart_card,exit,G01,1.71
TX0002316,ST06,2026-07-13 09:00:00,monthly_pass,entry,G12,3.56
TX0002317,ST05,2026-07-02 22:00:00,day_pass,exit,G05,3.19
TX0002318,ST03,2026-07-15 18:00:00,monthly_pass,entry,G04,4.1
TX0002319,ST08,2026-08-06 20:00:00,smart_card,exit,G03,4.05
TX0002320,ST08,2026-07-22 09:00:00,smart_card,exit,G02,2.64
TX0002321,ST06,2026-07-16 11:00:00,monthly_pass,entry,G04,4.48
TX0002322,ST03,2026-06-30 12:00:00,smart_card,entry,G01,4.05
TX0002323,ST04,2026-08-14 02:00:00,monthly_pass,exit,G03,1.71
TX0002324,ST08,2026-06-28 04:00:00,smart_card,exit,G09,2.51
TX0002325,ST06,2026-06-27 02:00:00,day_pass,entry,G08,3.45
TX0002326,ST02,2026-07-16 18:00:00,day_pass,entry,G06,1.63
TX0002327,ST06,2026-07-22 15:00:00,single_ticket,exit,G12,2.37
TX0002328,ST03,2026-07-17 03:00:00,day_pass,entry,G10,3.16
TX0002329,ST05,2026-08-18 16:00:00,smart_card,entry,G02,4.37
TX0002330,ST03,2026-06-27 05:00:00,smart_card,entry,G07,4.11
TX0002331,ST03,2026-07-25 11:00:00,smart_card,entry,G05,1.61
TX0002332,ST01,2026-07-06 04:00:00,monthly_pass,exit,G06,3.88
TX0002333,ST03,2026-08-12 02:00:00,smart_card,entry,G04,1.94
TX0002334,ST02,2026-08-13 09:00:00,smart_card,exit,G12,4.27
TX0002335,ST09,2026-08-14 16:00:00,smart_card,exit,G02,3.5
TX0002336,ST10,2026-08-18 13:00:00,day_pass,entry,G02,1.93
TX0002337,ST09,2026-08-14 19:00:00,monthly_pass,entry,G05,4.45
TX0002338,ST03,2026-08-08 00:00:00,monthly_pass,entry,G11,1.82
TX0002339,ST04,2026-07-05 11:00:00,smart_card,entry,G10,2.09
TX0002340,ST02,2026-08-15 15:00:00,single_ticket,exit,G05,1.73
TX0002341,ST10,2026-08-05 05:00:00,smart_card,exit,G04,2.62
TX0002342,ST09,2026-06-27 03:00:00,single_ticket,exit,G04,2.02
TX0002343,ST03,2026-08-11 16:00:00,day_pass,exit,G04,4.48
TX0002344,ST02,2026-08-03 09:00:00,smart_card,exit,G08,3.1
TX0002345,ST02,2026-08-20 23:00:00,smart_card,exit,G12,3.83
TX0002346,ST04,2026-07-07 10:00:00,smart_card,exit,G08,2.39
TX0002347,ST06,2026-07-14 21:00:00,smart_card,exit,G08,2.29
TX0002348,ST02,2026-07-04 08:00:00,smart_card,exit,G05,2.98
TX0002349,ST09,2026-07-20 17:00:00,smart_card,exit,G04,3.83
TX0002350,ST03,2026-08-03 08:00:00,smart_card,entry,G02,3.39
TX0002351,ST05,2026-08-12 08:00:00,smart_card,exit,G01,2.94
TX0002352,ST09,2026-07-31 13:00:00,single_ticket,exit,G06,1.93
TX0002353,ST03,2026-08-13 04:00:00,single_ticket,entry,G12,2.99
TX0002354,ST01,2026-08-09 19:00:00,monthly_pass,entry,G10,3.42
TX0002355,ST02,2026-06-22 16:00:00,smart_card,entry,G12,1.69
TX0002356,ST03,2026-08-04 12:00:00,single_ticket,entry,G04,3.38
TX0002357,ST04,2026-06-25 11:00:00,monthly_pass,entry,G09,4.38
TX0002358,ST04,2026-07-28 01:00:00,smart_card,exit,G08,2.12
TX0002359,ST04,2026-08-09 22:00:00,day_pass,exit,G02,2.19
TX0002360,ST04,2026-06-26 03:00:00,monthly_pass,entry,G01,2.83
TX0002361,ST02,2026-07-13 04:00:00,day_pass,exit,G09,3.66
TX0002362,ST08,2026-07-17 22:00:00,smart_card,entry,G04,2.95
TX0002363,ST04,2026-08-19 00:00:00,smart_card,entry,G06,1.95
TX0002364,ST08,2026-07-08 21:00:00,smart_card,exit,G10,3.68
TX0002365,ST01,2026-08-17 08:00:00,single_ticket,exit,G01,3.09
TX0002366,ST10,2026-08-11 03:00:00,single_ticket,exit,G03,3.8
TX0002367,ST09,2026-08-04 21:00:00,smart_card,entry,G02,2.29
TX0002368,ST06,2026-07-28 16:00:00,smart_card,exit,G08,4.45
TX0002369,ST01,2026-08-11 13:00:00,smart_card,exit,G01,1.98
TX0002370,ST04,2026-07-24 16:00:00,single_ticket,entry,G09,4.4
TX0002371,ST01,2026-07-09 21:00:00,smart_card,entry,G02,1.76
TX0002372,ST01,2026-07-15 07:00:00,smart_card,exit,G07,2.29
TX0002373,ST02,2026-07-13 15:00:00,single_ticket,exit,G07,1.92
TX0002374,ST05,2026-08-16 16:00:00,smart_card,entry,G10,3.97
TX0002375,ST07,2026-07-02 17:00:00,single_ticket,exit,G09,3.59
TX0002376,ST05,2026-07-11 04:00:00,smart_card,entry,G06,3.03
TX0002377,ST07,2026-08-01 10:00:00,smart_card,entry,G12,4.32
TX0002378,ST08,2026-08-07 00:00:00,day_pass,entry,G03,2.03
TX0002379,ST08,2026-08-12 07:00:00,smart_card,exit,G12,2.59
TX0002380,ST03,2026-06-25 08:00:00,smart_card,entry,G12,1.53
TX0002381,ST06,2026-07-14 23:00:00,monthly_pass,entry,G10,2.76
TX0002382,ST06,2026-08-11 00:00:00,single_ticket,entry,G07,1.65
TX0002383,ST06,2026-07-09 05:00:00,smart_card,exit,G01,2.14
TX0002384,ST05,2026-08-20 16:00:00,single_ticket,exit,G06,2.09
TX0002385,ST04,2026-07-23 12:00:00,smart_card,entry,G06,3.2
TX0002386,ST02,2026-08-20 13:00:00,single_ticket,exit,G05,2.37
TX0002387,ST05,2026-07-31 02:00:00,day_pass,entry,G01,1.75
TX0002388,ST01,2026-07-16 02:00:00,smart_card,entry,G12,3.51
TX0002389,ST05,2026-08-08 23:00:00,single_ticket,entry,G08,2.0
TX0002390,ST05,2026-08-18 11:00:00,smart_card,entry,G01,2.18
TX0002391,ST04,2026-07-26 21:00:00,smart_card,exit,G02,3.17
TX0002392,ST03,2026-07-13 14:00:00,smart_card,entry,G10,4.43
TX0002393,ST06,2026-07-07 16:00:00,monthly_pass,exit,G08,3.97
TX0002394,ST09,2026-08-18 01:00:00,single_ticket,exit,G03,3.95
TX0002395,ST09,2026-07-07 01:00:00,day_pass,entry,G04,3.46
TX0002396,ST03,2026-08-06 20:00:00,smart_card,entry,G02,2.39
TX0002397,ST07,2026-08-11 04:00:00,smart_card,exit,G08,3.27
TX0002398,ST01,2026-06-25 01:00:00,day_pass,entry,G01,3.89
TX0002399,ST07,2026-07-31 00:00:00,smart_card,entry,G09,2.04
TX0002400,ST02,2026-08-15 22:00:00,monthly_pass,exit,G05,4.37
TX0002401,ST03,2026-08-20 13:00:00,single_ticket,exit,G04,3.94
TX0002402,ST04,2026-08-16 16:00:00,monthly_pass,exit,G05,3.22
TX0002403,ST04,2026-07-12 19:00:00,smart_card,exit,G12,2.97
TX0002404,ST02,2026-06-28 16:00:00,smart_card,exit,G06,3.74
TX0002405,ST02,2026-08-12 17:00:00,smart_card,exit,G03,4.37
TX0002406,ST06,2026-08-04 12:00:00,monthly_pass,exit,G12,2.26
TX0002407,ST07,2026-07-16 11:00:00,smart_card,exit,G02,1.77
TX0002408,ST10,2026-07-16 08:00:00,single_ticket,exit,G04,3.41
TX0002409,ST07,2026-08-14 11:00:00,single_ticket,entry,G08,2.55
TX0002410,ST01,2026-07-02 10:00:00,monthly_pass,entry,G07,2.36
TX0002411,ST08,2026-07-09 07:00:00,monthly_pass,exit,G05,2.81
TX0002412,ST06,2026-07-08 01:00:00,day_pass,exit,G05,3.36
TX0002413,ST05,2026-07-21 15:00:00,smart_card,exit,G10,2.07
TX0002414,ST10,2026-07-11 08:00:00,day_pass,exit,G01,2.9
TX0002415,ST08,2026-07-09 19:00:00,smart_card,exit,G07,2.9
TX0002416,ST06,2026-07-01 01:00:00,single_ticket,entry,G09,2.17
TX0002417,ST05,2026-07-10 21:00:00,smart_card,exit,G04,1.5
TX0002418,ST01,2026-07-20 06:00:00,day_pass,exit,G10,2.12
TX0002419,ST03,2026-07-05 20:00:00,smart_card,exit,G07,1.58
TX0002420,ST08,2026-07-02 08:00:00,day_pass,exit,G06,1.61
TX0002421,ST03,2026-08-17 14:00:00,smart_card,exit,G11,3.22
TX0002422,ST03,2026-08-05 19:00:00,single_ticket,entry,G02,4.47
TX0002423,ST10,2026-06-27 05:00:00,smart_card,exit,G03,2.49
TX0002424,ST03,2026-08-12 23:00:00,smart_card,entry,G10,4.0
TX0002425,ST03,2026-08-10 23:00:00,monthly_pass,exit,G02,2.69
TX0002426,ST10,2026-07-16 23:00:00,single_ticket,entry,G01,3.48
TX0002427,ST09,2026-06-22 08:00:00,smart_card,exit,G11,2.93
TX0002428,ST08,2026-07-25 20:00:00,single_ticket,entry,G01,4.45
TX0002429,ST04,2026-08-16 19:00:00,day_pass,entry,G11,3.4
TX0002430,ST03,2026-07-22 04:00:00,single_ticket,exit,G10,3.18
TX0002431,ST07,2026-07-16 13:00:00,smart_card,exit,G11,2.55
TX0002432,ST06,2026-07-06 03:00:00,day_pass,exit,G01,3.94
TX0002433,ST10,2026-08-19 21:00:00,smart_card,exit,G04,4.49
TX0002434,ST09,2026-08-10 13:00:00,single_ticket,exit,G03,2.32
TX0002435,ST02,2026-07-17 01:00:00,smart_card,exit,G10,1.89
TX0002436,ST10,2026-07-08 06:00:00,single_ticket,entry,G04,4.41
TX0002437,ST09,2026-07-27 08:00:00,smart_card,entry,G04,3.63
TX0002438,ST09,2026-08-12 16:00:00,smart_card,entry,G08,1.68
TX0002439,ST05,2026-07-03 13:00:00,monthly_pass,entry,G08,2.11
TX0002440,ST03,2026-08-11 06:00:00,monthly_pass,entry,G06,3.78
TX0002441,ST01,2026-08-20 16:00:00,monthly_pass,exit,G02,4.24
TX0002442,ST03,2026-06-27 21:00:00,day_pass,exit,G06,1.69
TX0002443,ST03,2026-07-16 18:00:00,smart_card,exit,G06,1.85
TX0002444,ST04,2026-08-06 16:00:00,single_ticket,entry,G07,1.89
TX0002445,ST03,2026-07-31 09:00:00,smart_card,exit,G11,4.29
TX0002446,ST04,2026-07-15 05:00:00,smart_card,exit,G05,4.29
TX0002447,ST01,2026-08-20 02:00:00,smart_card,entry,G01,3.37
TX0002448,ST01,2026-06-26 23:00:00,smart_card,exit,G02,2.74
TX0002449,ST09,2026-07-12 19:00:00,smart_card,entry,G02,3.18
TX0002450,ST04,2026-07-28 04:00:00,smart_card,exit,G11,3.44
TX0002451,ST01,2026-07-01 19:00:00,single_ticket,exit,G08,4.04
TX0002452,ST06,2026-06-24 11:00:00,monthly_pass,exit,G04,3.51
TX0002453,ST06,2026-08-02 17:00:00,smart_card,exit,G10,3.54
TX0002454,ST07,2026-08-18 15:00:00,smart_card,entry,G12,4.42
TX0002455,ST10,2026-08-03 20:00:00,smart_card,entry,G06,2.0
TX0002456,ST02,2026-06-25 13:00:00,single_ticket,entry,G10,3.76
TX0002457,ST09,2026-07-22 23:00:00,smart_card,entry,G10,4.33
TX0002458,ST01,2026-07-01 03:00:00,single_ticket,entry,G04,2.05
TX0002459,ST06,2026-07-13 23:00:00,smart_card,exit,G12,2.62
TX0002460,ST09,2026-07-08 04:00:00,day_pass,entry,G12,2.61
TX0002461,ST10,2026-08-04 04:00:00,single_ticket,entry,G09,4.07
TX0002462,ST09,2026-08-04 17:00:00,smart_card,exit,G12,3.29
TX0002463,ST08,2026-08-09 12:00:00,monthly_pass,entry,G06,3.39
TX0002464,ST02,2026-07-23 03:00:00,smart_card,entry,G09,3.3
TX0002465,ST03,2026-06-28 02:00:00,smart_card,exit,G08,2.82
TX0002466,ST04,2026-07-23 07:00:00,single_ticket,exit,G08,2.05
TX0002467,ST03,2026-06-27 19:00:00,smart_card,exit,G04,1.64
TX0002468,ST07,2026-07-09 02:00:00,monthly_pass,entry,G05,2.34
TX0002469,ST10,2026-08-07 17:00:00,smart_card,entry,G02,4.44
TX0002470,ST10,2026-07-10 09:00:00,monthly_pass,entry,G06,3.95
TX0002471,ST09,2026-06-22 05:00:00,single_ticket,exit,G02,2.13
TX0002472,ST05,2026-07-19 20:00:00,single_ticket,exit,G07,2.35
TX0002473,ST10,2026-08-17 23:00:00,smart_card,exit,G06,3.07
TX0002474,ST06,2026-08-17 00:00:00,smart_card,exit,G02,3.49
TX0002475,ST10,2026-06-25 17:00:00,monthly_pass,exit,G04,1.71
TX0002476,ST08,2026-06-22 19:00:00,single_ticket,exit,G11,1.7
TX0002477,ST09,2026-07-27 09:00:00,monthly_pass,entry,G01,3.43
TX0002478,ST08,2026-07-30 19:00:00,smart_card,exit,G03,3.32
TX0002479,ST07,2026-07-24 20:00:00,single_ticket,exit,G05,3.15
TX0002480,ST02,2026-06-24 15:00:00,monthly_pass,exit,G09,2.46
TX0002481,ST05,2026-07-04 18:00:00,single_ticket,entry,G11,2.97
TX0002482,ST07,2026-07-13 06:00:00,smart_card,entry,G10,3.49
TX0002483,ST03,2026-07-28 12:00:00,day_pass,entry,G01,2.19
TX0002484,ST03,2026-07-11 03:00:00,smart_card,entry,G05,1.59
TX0002485,ST06,2026-06-26 14:00:00,smart_card,exit,G11,2.98
TX0002486,ST05,2026-07-16 19:00:00,smart_card,exit,G09,3.61
TX0002487,ST02,2026-07-17 20:00:00,monthly_pass,entry,G02,2.09
TX0002488,ST08,2026-07-30 20:00:00,monthly_pass,exit,G05,2.59
TX0002489,ST02,2026-07-17 23:00:00,monthly_pass,entry,G06,2.46
TX0002490,ST04,2026-08-04 16:00:00,smart_card,exit,G03,3.98
TX0002491,ST07,2026-07-26 06:00:00,single_ticket,exit,G11,4.43
TX0002492,ST09,2026-07-01 17:00:00,smart_card,entry,G09,3.01
TX0002493,ST03,2026-08-19 02:00:00,smart_card,entry,G01,2.69
TX0002494,ST07,2026-06-22 06:00:00,day_pass,entry,G03,3.38
TX0002495,ST08,2026-08-10 06:00:00,smart_card,exit,G08,4.43
TX0002496,ST02,2026-08-20 07:00:00,smart_card,exit,G09,3.74
TX0002497,ST03,2026-08-10 22:00:00,single_ticket,exit,G10,1.71
TX0002498,ST01,2026-07-12 08:00:00,day_pass,exit,G12,2.76
TX0002499,ST04,2026-07-18 11:00:00,smart_card,entry,G07,2.09
TX0002500,ST02,2026-08-19 21:00:00,single_ticket,exit,G03,1.97
TX0002501,ST02,2026-08-08 19:00:00,monthly_pass,exit,G01,3.54
TX0002502,ST09,2026-07-08 18:00:00,smart_card,entry,G01,3.72
TX0002503,ST09,2026-08-06 21:00:00,day_pass,exit,G07,2.96
TX0002504,ST09,2026-08-04 06:00:00,single_ticket,entry,G08,2.85
TX0002505,ST10,2026-08-20 15:00:00,smart_card,exit,G02,2.59
TX0002506,ST04,2026-06-23 16:00:00,smart_card,entry,G05,4.35
TX0002507,ST08,2026-08-09 06:00:00,smart_card,exit,G05,2.34
TX0002508,ST03,2026-07-27 18:00:00,day_pass,entry,G05,2.14
TX0002509,ST07,2026-07-22 13:00:00,smart_card,entry,G03,4.33
TX0002510,ST06,2026-07-02 23:00:00,smart_card,exit,G04,3.18
TX0002511,ST10,2026-08-06 17:00:00,smart_card,exit,G10,1.89
TX0002512,ST05,2026-07-16 03:00:00,day_pass,entry,G09,3.9
TX0002513,ST10,2026-06-25 07:00:00,smart_card,entry,G10,3.35
TX0002514,ST06,2026-08-20 14:00:00,smart_card,entry,G11,3.91
TX0002515,ST10,2026-07-26 03:00:00,monthly_pass,exit,G03,3.31
TX0002516,ST08,2026-07-29 04:00:00,smart_card,exit,G05,4.09
TX0002517,ST10,2026-07-25 19:00:00,day_pass,entry,G08,3.71
TX0002518,ST07,2026-07-28 01:00:00,smart_card,exit,G07,3.55
TX0002519,ST08,2026-07-09 12:00:00,smart_card,exit,G10,4.07
TX0002520,ST01,2026-08-20 03:00:00,smart_card,entry,G12,2.34
TX0002521,ST01,2026-07-13 00:00:00,monthly_pass,exit,G06,1.74
TX0002522,ST01,2026-07-20 01:00:00,single_ticket,entry,G08,1.63
TX0002523,ST06,2026-07-26 09:00:00,smart_card,entry,G12,2.07
TX0002524,ST04,2026-07-11 23:00:00,day_pass,exit,G07,2.89
TX0002525,ST06,2026-06-23 03:00:00,day_pass,exit,G03,1.52
TX0002526,ST06,2026-08-14 11:00:00,smart_card,exit,G10,3.5
TX0002527,ST02,2026-08-04 18:00:00,smart_card,entry,G02,4.36
TX0002528,ST07,2026-07-23 15:00:00,smart_card,entry,G09,2.76
TX0002529,ST03,2026-08-18 03:00:00,smart_card,entry,G02,3.14
TX0002530,ST01,2026-07-04 20:00:00,day_pass,entry,G04,4.37
TX0002531,ST09,2026-07-12 04:00:00,single_ticket,exit,G11,1.86
TX0002532,ST02,2026-07-03 04:00:00,day_pass,entry,G03,2.69
TX0002533,ST04,2026-07-25 11:00:00,day_pass,entry,G08,4.46
TX0002534,ST06,2026-08-06 10:00:00,day_pass,exit,G06,1.92
TX0002535,ST04,2026-08-08 15:00:00,day_pass,entry,G02,4.14
TX0002536,ST06,2026-07-31 01:00:00,monthly_pass,entry,G08,2.72
TX0002537,ST07,2026-06-25 03:00:00,single_ticket,entry,G05,3.05
TX0002538,ST09,2026-08-08 13:00:00,day_pass,entry,G12,3.97
TX0002539,ST06,2026-08-14 19:00:00,day_pass,entry,G04,4.45
TX0002540,ST05,2026-08-01 02:00:00,smart_card,exit,G08,1.58
TX0002541,ST10,2026-06-24 13:00:00,single_ticket,exit,G11,2.54
TX0002542,ST05,2026-07-14 08:00:00,single_ticket,exit,G06,2.38
TX0002543,ST04,2026-06-26 01:00:00,smart_card,exit,G05,2.88
TX0002544,ST04,2026-07-21 21:00:00,smart_card,exit,G05,1.97
TX0002545,ST10,2026-07-01 00:00:00,smart_card,entry,G02,2.46
TX0002546,ST02,2026-08-12 05:00:00,smart_card,exit,G10,3.35
TX0002547,ST09,2026-07-18 01:00:00,smart_card,exit,G01,3.91
TX0002548,ST08,2026-07-12 22:00:00,smart_card,exit,G10,4.38
TX0002549,ST04,2026-07-25 16:00:00,day_pass,exit,G07,2.28
TX0002550,ST08,2026-08-19 04:00:00,single_ticket,exit,G01,4.42
TX0002551,ST10,2026-07-03 20:00:00,smart_card,exit,G02,2.41
TX0002552,ST01,2026-08-05 17:00:00,smart_card,entry,G02,4.28
TX0002553,ST08,2026-08-15 16:00:00,smart_card,exit,G12,3.74
TX0002554,ST02,2026-08-04 03:00:00,smart_card,exit,G01,2.74
TX0002555,ST08,2026-08-05 13:00:00,day_pass,entry,G11,4.42
TX0002556,ST09,2026-07-19 04:00:00,single_ticket,exit,G01,1.59
TX0002557,ST01,2026-07-15 06:00:00,smart_card,exit,G07,3.85
TX0002558,ST09,2026-07-28 02:00:00,smart_card,exit,G07,3.52
TX0002559,ST09,2026-07-29 11:00:00,monthly_pass,entry,G09,1.77
TX0002560,ST07,2026-07-31 21:00:00,monthly_pass,entry,G06,2.35
TX0002561,ST05,2026-08-21 03:00:00,single_ticket,exit,G03,2.85
TX0002562,ST06,2026-07-12 15:00:00,smart_card,entry,G04,2.23
TX0002563,ST06,2026-08-09 23:00:00,smart_card,entry,G01,4.3
TX0002564,ST06,2026-08-04 15:00:00,smart_card,exit,G11,1.96
TX0002565,ST06,2026-07-15 15:00:00,smart_card,exit,G01,3.18
TX0002566,ST09,2026-06-22 23:00:00,single_ticket,entry,G08,3.14
TX0002567,ST09,2026-08-04 01:00:00,smart_card,entry,G07,3.1
TX0002568,ST09,2026-07-16 18:00:00,monthly_pass,exit,G04,1.91
TX0002569,ST10,2026-06-26 08:00:00,single_ticket,exit,G03,2.97
TX0002570,ST04,2026-08-03 14:00:00,monthly_pass,exit,G08,4.26
TX0002571,ST08,2026-08-16 00:00:00,monthly_pass,entry,G09,2.13
TX0002572,ST01,2026-07-09 17:00:00,smart_card,exit,G06,1.72
TX0002573,ST03,2026-08-12 12:00:00,single_ticket,exit,G09,4.35
TX0002574,ST04,2026-08-15 09:00:00,day_pass,entry,G08,4.27
TX0002575,ST04,2026-07-17 21:00:00,smart_card,exit,G12,3.17
TX0002576,ST02,2026-06-24 13:00:00,smart_card,exit,G04,4.16
TX0002577,ST01,2026-08-04 20:00:00,smart_card,entry,G10,4.42
TX0002578,ST08,2026-08-06 18:00:00,smart_card,exit,G05,2.02
TX0002579,ST06,2026-08-10 11:00:00,single_ticket,entry,G07,2.15
TX0002580,ST01,2026-07-27 21:00:00,smart_card,exit,G06,3.1
TX0002581,ST07,2026-07-25 13:00:00,smart_card,exit,G05,3.61
TX0002582,ST03,2026-07-14 01:00:00,single_ticket,exit,G09,3.93
TX0002583,ST06,2026-07-08 21:00:00,day_pass,exit,G12,2.98
TX0002584,ST05,2026-07-20 11:00:00,smart_card,exit,G06,1.57
TX0002585,ST06,2026-07-02 21:00:00,day_pass,exit,G03,1.72
TX0002586,ST03,2026-08-12 05:00:00,monthly_pass,entry,G06,4.01
TX0002587,ST09,2026-08-10 08:00:00,smart_card,exit,G03,3.19
TX0002588,ST06,2026-07-10 03:00:00,single_ticket,entry,G07,1.66
TX0002589,ST05,2026-07-25 15:00:00,smart_card,exit,G08,3.59
TX0002590,ST07,2026-07-03 03:00:00,single_ticket,entry,G06,3.39
TX0002591,ST01,2026-07-26 09:00:00,monthly_pass,entry,G12,2.78
TX0002592,ST02,2026-06-30 16:00:00,smart_card,exit,G03,4.08
TX0002593,ST06,2026-06-25 23:00:00,day_pass,exit,G01,2.38
TX0002594,ST05,2026-06-25 03:00:00,smart_card,exit,G09,3.77
TX0002595,ST01,2026-06-26 16:00:00,day_pass,exit,G12,2.49
TX0002596,ST01,2026-07-07 12:00:00,smart_card,entry,G01,3.17
TX0002597,ST06,2026-08-12 18:00:00,smart_card,exit,G05,4.49
TX0002598,ST08,2026-08-02 15:00:00,monthly_pass,exit,G07,3.34
TX0002599,ST02,2026-08-02 01:00:00,single_ticket,exit,G08,3.19
TX0002600,ST01,2026-07-22 14:00:00,smart_card,entry,G11,3.21
TX0002601,ST06,2026-08-01 14:00:00,day_pass,entry,G09,3.59
TX0002602,ST08,2026-07-18 03:00:00,smart_card,entry,G11,3.91
TX0002603,ST03,2026-06-30 02:00:00,monthly_pass,exit,G07,3.88
TX0002604,ST04,2026-08-03 04:00:00,smart_card,exit,G03,3.79
TX0002605,ST04,2026-08-19 20:00:00,smart_card,exit,G12,2.51
TX0002606,ST02,2026-07-31 17:00:00,smart_card,exit,G05,2.23
TX0002607,ST03,2026-08-06 08:00:00,single_ticket,entry,G04,2.71
TX0002608,ST09,2026-07-18 14:00:00,smart_card,exit,G09,3.06
TX0002609,ST07,2026-07-19 02:00:00,smart_card,exit,G09,3.94
TX0002610,ST06,2026-07-27 13:00:00,single_ticket,entry,G09,3.07
TX0002611,ST04,2026-07-16 10:00:00,smart_card,exit,G07,2.6
TX0002612,ST05,2026-06-24 12:00:00,day_pass,exit,G09,3.11
TX0002613,ST01,2026-07-13 11:00:00,smart_card,exit,G10,1.72
TX0002614,ST01,2026-07-21 09:00:00,day_pass,exit,G03,3.11
TX0002615,ST08,2026-07-24 04:00:00,single_ticket,exit,G11,3.05
TX0002616,ST08,2026-07-18 10:00:00,day_pass,exit,G07,3.27
TX0002617,ST10,2026-06-27 19:00:00,smart_card,entry,G05,4.09
TX0002618,ST01,2026-08-14 10:00:00,day_pass,entry,G05,3.21
TX0002619,ST06,2026-08-04 16:00:00,single_ticket,exit,G01,3.19
TX0002620,ST04,2026-07-06 16:00:00,monthly_pass,entry,G06,3.54
TX0002621,ST01,2026-06-23 20:00:00,smart_card,entry,G10,4.41
TX0002622,ST02,2026-07-11 00:00:00,day_pass,exit,G12,3.68
TX0002623,ST09,2026-08-08 17:00:00,single_ticket,exit,G02,2.09
TX0002624,ST04,2026-06-25 17:00:00,monthly_pass,entry,G09,2.8
TX0002625,ST04,2026-08-20 15:00:00,smart_card,exit,G04,1.9
TX0002626,ST07,2026-08-13 11:00:00,smart_card,exit,G02,1.6
TX0002627,ST06,2026-07-15 20:00:00,monthly_pass,entry,G07,3.96
TX0002628,ST09,2026-07-05 13:00:00,smart_card,exit,G01,2.57
TX0002629,ST04,2026-07-03 23:00:00,single_ticket,entry,G03,2.3
TX0002630,ST08,2026-07-25 04:00:00,smart_card,exit,G04,2.95
TX0002631,ST01,2026-08-15 12:00:00,monthly_pass,exit,G11,2.11
TX0002632,ST09,2026-08-18 18:00:00,smart_card,entry,G02,1.64
TX0002633,ST05,2026-08-18 21:00:00,smart_card,exit,G04,3.51
TX0002634,ST01,2026-07-06 15:00:00,day_pass,entry,G12,2.16
TX0002635,ST06,2026-07-16 16:00:00,smart_card,exit,G04,1.58
TX0002636,ST08,2026-06-27 01:00:00,smart_card,entry,G04,3.71
TX0002637,ST10,2026-07-04 15:00:00,day_pass,exit,G09,4.34
TX0002638,ST01,2026-07-11 23:00:00,smart_card,entry,G01,1.85
TX0002639,ST03,2026-08-09 19:00:00,smart_card,entry,G02,2.9
TX0002640,ST05,2026-07-05 17:00:00,single_ticket,entry,G05,2.13
TX0002641,ST08,2026-07-14 12:00:00,smart_card,entry,G08,1.63
TX0002642,ST05,2026-07-23 05:00:00,monthly_pass,exit,G01,2.68
TX0002643,ST09,2026-08-06 03:00:00,day_pass,entry,G01,3.91
TX0002644,ST01,2026-07-05 15:00:00,monthly_pass,exit,G01,2.43
TX0002645,ST04,2026-07-13 09:00:00,day_pass,exit,G09,1.79
TX0002646,ST06,2026-06-24 09:00:00,monthly_pass,entry,G09,3.31
TX0002647,ST09,2026-07-04 07:00:00,smart_card,entry,G05,4.02
TX0002648,ST04,2026-07-25 18:00:00,single_ticket,entry,G02,2.54
TX0002649,ST04,2026-08-08 16:00:00,monthly_pass,exit,G10,2.85
TX0002650,ST04,2026-06-30 13:00:00,single_ticket,exit,G09,2.01
TX0002651,ST01,2026-08-01 16:00:00,monthly_pass,exit,G01,4.47
TX0002652,ST05,2026-07-10 09:00:00,monthly_pass,entry,G09,4.4
TX0002653,ST08,2026-07-06 00:00:00,smart_card,exit,G11,3.9
TX0002654,ST08,2026-07-22 20:00:00,smart_card,entry,G09,1.72
TX0002655,ST08,2026-07-04 18:00:00,smart_card,entry,G05,2.4
TX0002656,ST04,2026-08-16 05:00:00,monthly_pass,entry,G03,2.09
TX0002657,ST02,2026-08-16 14:00:00,monthly_pass,entry,G05,1.85
TX0002658,ST08,2026-07-25 12:00:00,single_ticket,entry,G05,2.76
TX0002659,ST01,2026-08-11 06:00:00,smart_card,exit,G03,2.75
TX0002660,ST06,2026-06-23 10:00:00,smart_card,entry,G12,4.38
TX0002661,ST05,2026-07-24 22:00:00,smart_card,entry,G02,3.68
TX0002662,ST01,2026-06-23 17:00:00,smart_card,exit,G04,1.74
TX0002663,ST04,2026-08-13 00:00:00,monthly_pass,exit,G01,1.65
TX0002664,ST07,2026-07-22 12:00:00,smart_card,entry,G08,4.35
TX0002665,ST10,2026-08-18 10:00:00,single_ticket,entry,G02,3.91
TX0002666,ST09,2026-08-11 16:00:00,day_pass,entry,G10,1.62
TX0002667,ST05,2026-07-19 14:00:00,day_pass,exit,G07,4.07
TX0002668,ST04,2026-07-08 22:00:00,smart_card,entry,G07,2.97
TX0002669,ST05,2026-07-19 18:00:00,smart_card,exit,G09,3.73
TX0002670,ST07,2026-07-26 13:00:00,smart_card,entry,G11,3.25
TX0002671,ST10,2026-07-19 21:00:00,smart_card,exit,G02,3.55
TX0002672,ST09,2026-07-10 15:00:00,smart_card,exit,G09,2.48
TX0002673,ST01,2026-08-14 21:00:00,smart_card,entry,G02,3.06
TX0002674,ST06,2026-07-29 02:00:00,single_ticket,entry,G02,2.09
TX0002675,ST02,2026-08-01 05:00:00,smart_card,entry,G02,2.69
TX0002676,ST10,2026-08-01 17:00:00,single_ticket,exit,G04,1.78
TX0002677,ST09,2026-07-04 08:00:00,smart_card,entry,G06,3.48
TX0002678,ST03,2026-07-30 07:00:00,smart_card,exit,G03,1.68
TX0002679,ST02,2026-07-04 23:00:00,smart_card,exit,G03,2.39
TX0002680,ST03,2026-07-21 14:00:00,smart_card,exit,G12,1.8
TX0002681,ST07,2026-07-27 14:00:00,smart_card,entry,G02,3.5
TX0002682,ST03,2026-08-17 10:00:00,single_ticket,exit,G02,2.91
TX0002683,ST08,2026-06-28 21:00:00,smart_card,entry,G06,2.59
TX0002684,ST06,2026-06-29 23:00:00,smart_card,exit,G09,2.92
TX0002685,ST10,2026-06-29 05:00:00,smart_card,exit,G08,1.98
TX0002686,ST08,2026-08-18 11:00:00,smart_card,entry,G08,4.17
TX0002687,ST02,2026-08-05 16:00:00,single_ticket,exit,G03,2.54
TX0002688,ST03,2026-06-23 07:00:00,single_ticket,entry,G05,3.51
TX0002689,ST06,2026-07-09 10:00:00,single_ticket,entry,G10,4.34
TX0002690,ST05,2026-08-05 13:00:00,single_ticket,entry,G05,1.87
TX0002691,ST01,2026-06-30 23:00:00,smart_card,exit,G08,3.53
TX0002692,ST07,2026-08-16 07:00:00,smart_card,exit,G02,1.52
TX0002693,ST02,2026-07-13 11:00:00,single_ticket,exit,G10,4.35
TX0002694,ST05,2026-07-22 11:00:00,single_ticket,exit,G12,2.52
TX0002695,ST01,2026-07-19 08:00:00,day_pass,entry,G04,2.37
TX0002696,ST02,2026-07-24 03:00:00,single_ticket,exit,G02,2.42
TX0002697,ST06,2026-07-05 18:00:00,single_ticket,exit,G05,4.47
TX0002698,ST02,2026-08-10 04:00:00,day_pass,entry,G11,2.39
TX0002699,ST01,2026-08-19 09:00:00,day_pass,entry,G12,4.23
TX0002700,ST07,2026-08-18 00:00:00,monthly_pass,entry,G07,4.2
TX0002701,ST04,2026-07-20 04:00:00,smart_card,exit,G08,4.07
TX0002702,ST03,2026-07-22 18:00:00,smart_card,exit,G08,1.98
TX0002703,ST02,2026-07-01 19:00:00,single_ticket,entry,G02,3.48
TX0002704,ST02,2026-07-28 21:00:00,smart_card,entry,G03,2.64
TX0002705,ST02,2026-07-13 13:00:00,smart_card,entry,G09,2.92
TX0002706,ST04,2026-08-10 02:00:00,single_ticket,exit,G06,1.96
TX0002707,ST04,2026-07-17 06:00:00,smart_card,exit,G09,4.43
TX0002708,ST08,2026-07-07 05:00:00,smart_card,exit,G05,2.3
TX0002709,ST08,2026-06-28 15:00:00,smart_card,entry,G12,4.08
TX0002710,ST04,2026-07-02 01:00:00,smart_card,exit,G10,1.68
TX0002711,ST08,2026-08-10 15:00:00,single_ticket,exit,G07,3.88
TX0002712,ST07,2026-08-07 12:00:00,smart_card,entry,G10,3.89
TX0002713,ST01,2026-07-12 09:00:00,smart_card,entry,G08,2.28
TX0002714,ST06,2026-07-03 05:00:00,single_ticket,exit,G03,3.2
TX0002715,ST01,2026-07-29 15:00:00,monthly_pass,exit,G04,2.39
TX0002716,ST02,2026-07-04 09:00:00,smart_card,entry,G03,2.13
TX0002717,ST05,2026-08-16 14:00:00,smart_card,entry,G07,3.35
TX0002718,ST08,2026-07-26 22:00:00,smart_card,exit,G08,3.68
TX0002719,ST08,2026-07-18 13:00:00,smart_card,exit,G01,3.64
TX0002720,ST08,2026-06-25 18:00:00,single_ticket,entry,G06,4.02
TX0002721,ST10,2026-07-11 01:00:00,smart_card,entry,G10,3.65
TX0002722,ST03,2026-06-25 10:00:00,smart_card,exit,G10,2.65
TX0002723,ST07,2026-06-26 14:00:00,monthly_pass,exit,G09,4.44
TX0002724,ST01,2026-08-13 07:00:00,smart_card,entry,G04,4.37
TX0002725,ST04,2026-07-10 17:00:00,smart_card,entry,G09,2.86
TX0002726,ST02,2026-08-02 16:00:00,monthly_pass,exit,G03,4.41
TX0002727,ST09,2026-06-26 05:00:00,smart_card,entry,G09,4.45
TX0002728,ST10,2026-08-17 20:00:00,smart_card,exit,G10,3.73
TX0002729,ST06,2026-07-23 03:00:00,smart_card,entry,G03,3.92
TX0002730,ST06,2026-08-08 11:00:00,monthly_pass,exit,G09,1.84
TX0002731,ST03,2026-08-12 20:00:00,monthly_pass,exit,G01,2.31
TX0002732,ST02,2026-07-28 04:00:00,smart_card,entry,G08,1.87
TX0002733,ST06,2026-07-28 02:00:00,single_ticket,entry,G07,1.96
TX0002734,ST05,2026-06-28 13:00:00,smart_card,entry,G12,3.83
TX0002735,ST01,2026-07-16 11:00:00,smart_card,exit,G07,2.11
TX0002736,ST09,2026-08-08 16:00:00,monthly_pass,entry,G01,2.63
TX0002737,ST01,2026-07-22 03:00:00,smart_card,entry,G11,2.81
TX0002738,ST08,2026-07-01 12:00:00,smart_card,entry,G04,1.71
TX0002739,ST07,2026-08-17 00:00:00,smart_card,exit,G09,4.08
TX0002740,ST01,2026-07-23 23:00:00,monthly_pass,exit,G10,4.04
TX0002741,ST03,2026-06-26 17:00:00,day_pass,entry,G04,1.56
TX0002742,ST02,2026-07-10 03:00:00,single_ticket,entry,G01,3.28
TX0002743,ST09,2026-07-15 12:00:00,day_pass,entry,G07,3.3
TX0002744,ST05,2026-07-29 06:00:00,day_pass,entry,G05,3.38
TX0002745,ST07,2026-06-27 02:00:00,monthly_pass,exit,G07,2.28
TX0002746,ST05,2026-07-23 06:00:00,single_ticket,exit,G11,2.01
TX0002747,ST01,2026-07-22 23:00:00,single_ticket,entry,G09,1.76
TX0002748,ST03,2026-08-20 05:00:00,monthly_pass,entry,G03,3.66
TX0002749,ST09,2026-07-28 01:00:00,smart_card,exit,G10,2.98
TX0002750,ST10,2026-07-20 22:00:00,smart_card,exit,G04,3.34
TX0002751,ST09,2026-07-29 08:00:00,monthly_pass,exit,G08,3.17
TX0002752,ST04,2026-08-05 08:00:00,monthly_pass,entry,G04,3.47
TX0002753,ST04,2026-07-06 13:00:00,smart_card,exit,G11,3.62
TX0002754,ST05,2026-08-17 08:00:00,single_ticket,entry,G06,2.13
TX0002755,ST03,2026-07-16 23:00:00,day_pass,entry,G04,3.56
TX0002756,ST06,2026-06-23 00:00:00,smart_card,exit,G12,2.33
TX0002757,ST08,2026-07-01 16:00:00,smart_card,entry,G10,1.58
TX0002758,ST01,2026-07-23 11:00:00,smart_card,exit,G03,3.96
TX0002759,ST08,2026-08-16 15:00:00,smart_card,entry,G01,3.75
TX0002760,ST06,2026-08-21 02:00:00,smart_card,entry,G11,3.76
TX0002761,ST08,2026-07-12 06:00:00,smart_card,entry,G11,2.63
TX0002762,ST02,2026-07-08 20:00:00,day_pass,entry,G04,3.82
TX0002763,ST09,2026-07-30 00:00:00,smart_card,exit,G04,2.37
TX0002764,ST01,2026-08-14 08:00:00,smart_card,exit,G09,2.39
TX0002765,ST03,2026-08-07 18:00:00,single_ticket,exit,G09,2.6
TX0002766,ST10,2026-08-12 11:00:00,smart_card,exit,G06,3.67
TX0002767,ST06,2026-07-26 20:00:00,monthly_pass,exit,G09,2.24
TX0002768,ST03,2026-07-04 06:00:00,smart_card,exit,G04,1.72
TX0002769,ST08,2026-07-31 10:00:00,day_pass,exit,G05,2.28
TX0002770,ST06,2026-08-16 15:00:00,smart_card,entry,G06,2.88
TX0002771,ST02,2026-07-26 13:00:00,monthly_pass,exit,G03,2.46
TX0002772,ST03,2026-06-25 21:00:00,smart_card,entry,G10,3.66
TX0002773,ST07,2026-08-17 11:00:00,monthly_pass,exit,G10,1.73
TX0002774,ST06,2026-07-29 15:00:00,smart_card,exit,G07,3.47
TX0002775,ST05,2026-07-13 12:00:00,single_ticket,entry,G04,2.44
TX0002776,ST08,2026-08-10 19:00:00,smart_card,entry,G07,2.05
TX0002777,ST01,2026-08-18 06:00:00,smart_card,entry,G04,2.2
TX0002778,ST01,2026-07-23 01:00:00,smart_card,entry,G03,2.1
TX0002779,ST07,2026-07-23 00:00:00,day_pass,entry,G08,4.08
TX0002780,ST06,2026-07-23 08:00:00,smart_card,entry,G03,2.39
TX0002781,ST01,2026-08-10 17:00:00,single_ticket,entry,G09,3.94
TX0002782,ST10,2026-08-06 11:00:00,smart_card,entry,G09,2.37
TX0002783,ST04,2026-08-04 11:00:00,smart_card,exit,G01,1.51
TX0002784,ST02,2026-06-27 15:00:00,single_ticket,exit,G03,1.52
TX0002785,ST07,2026-07-09 07:00:00,smart_card,exit,G07,2.6
TX0002786,ST03,2026-08-14 09:00:00,smart_card,exit,G01,4.06
TX0002787,ST02,2026-08-06 12:00:00,monthly_pass,entry,G10,3.28
TX0002788,ST02,2026-07-20 20:00:00,smart_card,entry,G07,3.54
TX0002789,ST07,2026-08-04 14:00:00,single_ticket,entry,G05,2.74
TX0002790,ST09,2026-07-21 22:00:00,smart_card,exit,G05,2.33
TX0002791,ST09,2026-08-10 06:00:00,single_ticket,exit,G05,3.43
TX0002792,ST04,2026-07-04 05:00:00,single_ticket,exit,G08,3.24
TX0002793,ST07,2026-07-08 02:00:00,single_ticket,exit,G08,1.6
TX0002794,ST05,2026-07-13 05:00:00,day_pass,entry,G01,3.16
TX0002795,ST02,2026-07-14 18:00:00,smart_card,entry,G03,3.39
TX0002796,ST04,2026-07-04 11:00:00,smart_card,entry,G10,2.61
TX0002797,ST05,2026-07-23 11:00:00,smart_card,exit,G12,2.53
TX0002798,ST06,2026-08-02 01:00:00,single_ticket,exit,G11,3.86
TX0002799,ST03,2026-07-19 23:00:00,smart_card,exit,G03,2.61
TX0002800,ST02,2026-07-17 22:00:00,smart_card,exit,G11,2.36
TX0002801,ST10,2026-07-11 05:00:00,smart_card,entry,G09,3.85
TX0002802,ST09,2026-07-26 16:00:00,single_ticket,exit,G03,4.45
TX0002803,ST03,2026-07-16 04:00:00,smart_card,exit,G09,2.05
TX0002804,ST08,2026-08-09 20:00:00,monthly_pass,exit,G10,2.64
TX0002805,ST06,2026-07-03 16:00:00,monthly_pass,exit,G09,1.51
TX0002806,ST06,2026-07-16 08:00:00,smart_card,exit,G12,2.96
TX0002807,ST09,2026-08-14 14:00:00,monthly_pass,exit,G11,2.35
TX0002808,ST08,2026-08-16 12:00:00,day_pass,exit,G09,3.98
TX0002809,ST04,2026-07-02 06:00:00,smart_card,exit,G07,4.25
TX0002810,ST09,2026-07-23 13:00:00,single_ticket,entry,G08,1.85
TX0002811,ST04,2026-07-09 19:00:00,smart_card,entry,G11,4.09
TX0002812,ST07,2026-08-06 19:00:00,day_pass,exit,G05,2.14
TX0002813,ST02,2026-07-03 11:00:00,monthly_pass,exit,G08,2.42
TX0002814,ST08,2026-07-10 03:00:00,single_ticket,exit,G05,4.16
TX0002815,ST05,2026-06-24 02:00:00,single_ticket,exit,G12,2.6
TX0002816,ST03,2026-07-26 13:00:00,single_ticket,entry,G11,1.55
TX0002817,ST01,2026-07-15 15:00:00,smart_card,entry,G02,1.66
TX0002818,ST06,2026-07-24 01:00:00,smart_card,exit,G02,2.51
TX0002819,ST04,2026-08-13 05:00:00,single_ticket,entry,G11,4.15
TX0002820,ST01,2026-07-18 21:00:00,day_pass,exit,G08,1.77
TX0002821,ST02,2026-07-01 18:00:00,single_ticket,exit,G08,2.09
TX0002822,ST09,2026-08-17 01:00:00,smart_card,entry,G02,4.4
TX0002823,ST02,2026-08-01 12:00:00,smart_card,exit,G11,2.73
TX0002824,ST09,2026-07-15 04:00:00,smart_card,entry,G10,4.12
TX0002825,ST06,2026-07-09 21:00:00,single_ticket,exit,G05,2.65
TX0002826,ST10,2026-06-28 23:00:00,smart_card,entry,G11,3.05
TX0002827,ST03,2026-07-05 21:00:00,smart_card,exit,G08,4.34
TX0002828,ST06,2026-07-30 00:00:00,monthly_pass,exit,G11,4.37
TX0002829,ST08,2026-08-11 18:00:00,monthly_pass,exit,G07,2.0
TX0002830,ST07,2026-07-30 15:00:00,smart_card,entry,G05,3.53
TX0002831,ST10,2026-07-08 21:00:00,single_ticket,exit,G10,2.77
TX0002832,ST10,2026-07-17 05:00:00,smart_card,exit,G01,1.95
TX0002833,ST08,2026-07-02 02:00:00,single_ticket,exit,G08,1.58
TX0002834,ST04,2026-07-08 18:00:00,smart_card,entry,G12,3.02
TX0002835,ST06,2026-07-19 01:00:00,smart_card,entry,G11,1.78
TX0002836,ST04,2026-07-29 23:00:00,single_ticket,entry,G04,4.32
TX0002837,ST01,2026-06-29 17:00:00,smart_card,entry,G06,2.25
TX0002838,ST10,2026-06-23 19:00:00,day_pass,entry,G03,2.82
TX0002839,ST09,2026-06-22 20:00:00,smart_card,entry,G07,3.68
TX0002840,ST02,2026-07-24 15:00:00,smart_card,exit,G08,3.02
TX0002841,ST07,2026-06-22 23:00:00,monthly_pass,entry,G11,2.63
TX0002842,ST02,2026-07-13 16:00:00,smart_card,entry,G11,3.39
TX0002843,ST01,2026-08-05 06:00:00,smart_card,entry,G07,2.09
TX0002844,ST10,2026-08-09 10:00:00,smart_card,exit,G04,2.97
TX0002845,ST10,2026-07-10 07:00:00,smart_card,exit,G06,4.39
TX0002846,ST03,2026-08-03 04:00:00,single_ticket,entry,G05,3.85
TX0002847,ST01,2026-08-19 12:00:00,smart_card,exit,G06,2.5
TX0002848,ST07,2026-08-01 16:00:00,monthly_pass,exit,G04,4.24
TX0002849,ST04,2026-07-25 21:00:00,smart_card,exit,G10,4.12
TX0002850,ST08,2026-06-23 19:00:00,smart_card,entry,G09,2.31
TX0002851,ST05,2026-06-22 13:00:00,smart_card,exit,G12,4.3
TX0002852,ST06,2026-07-11 19:00:00,smart_card,entry,G01,2.96
TX0002853,ST09,2026-07-03 06:00:00,smart_card,entry,G03,4.3
TX0002854,ST08,2026-07-14 22:00:00,smart_card,entry,G01,3.15
TX0002855,ST08,2026-08-12 20:00:00,smart_card,entry,G03,1.79
TX0002856,ST01,2026-08-11 15:00:00,day_pass,entry,G02,1.92
TX0002857,ST04,2026-07-12 05:00:00,monthly_pass,entry,G03,2.99
TX0002858,ST06,2026-07-05 16:00:00,smart_card,entry,G07,1.57
TX0002859,ST02,2026-07-25 11:00:00,smart_card,exit,G03,3.81
TX0002860,ST05,2026-06-23 15:00:00,single_ticket,entry,G07,2.42
TX0002861,ST09,2026-07-21 04:00:00,smart_card,entry,G01,1.59
TX0002862,ST07,2026-08-19 15:00:00,smart_card,exit,G09,3.45
TX0002863,ST06,2026-07-22 17:00:00,monthly_pass,entry,G10,3.32
TX0002864,ST09,2026-06-25 17:00:00,smart_card,entry,G10,1.88
TX0002865,ST03,2026-07-25 22:00:00,smart_card,entry,G05,2.04
TX0002866,ST06,2026-06-22 12:00:00,smart_card,exit,G04,3.73
TX0002867,ST08,2026-07-07 23:00:00,smart_card,exit,G06,1.95
TX0002868,ST08,2026-06-26 11:00:00,monthly_pass,exit,G11,1.52
TX0002869,ST03,2026-08-10 13:00:00,smart_card,exit,G11,4.5
TX0002870,ST04,2026-07-15 04:00:00,smart_card,exit,G07,2.37
TX0002871,ST08,2026-07-30 23:00:00,smart_card,entry,G11,4.17
TX0002872,ST01,2026-08-20 23:00:00,day_pass,exit,G04,2.74
TX0002873,ST10,2026-08-20 11:00:00,smart_card,entry,G07,4.39
TX0002874,ST01,2026-06-26 01:00:00,smart_card,exit,G03,2.79
TX0002875,ST06,2026-07-24 05:00:00,smart_card,entry,G02,3.75
TX0002876,ST10,2026-08-19 00:00:00,smart_card,entry,G09,4.4
TX0002877,ST09,2026-07-13 09:00:00,monthly_pass,exit,G06,2.35
TX0002878,ST09,2026-08-02 20:00:00,smart_card,entry,G07,1.59
TX0002879,ST04,2026-08-05 14:00:00,smart_card,entry,G11,2.85
TX0002880,ST09,2026-08-13 23:00:00,monthly_pass,entry,G06,3.78
TX0002881,ST07,2026-07-02 05:00:00,monthly_pass,entry,G11,3.19
TX0002882,ST03,2026-08-17 12:00:00,smart_card,entry,G07,4.01
TX0002883,ST09,2026-07-22 08:00:00,smart_card,entry,G04,2.3
TX0002884,ST10,2026-07-20 01:00:00,monthly_pass,entry,G01,1.7
TX0002885,ST03,2026-08-01 02:00:00,smart_card,entry,G12,2.16
TX0002886,ST06,2026-07-27 20:00:00,smart_card,exit,G10,2.19
TX0002887,ST05,2026-07-06 10:00:00,smart_card,entry,G04,2.51
TX0002888,ST08,2026-07-05 13:00:00,day_pass,entry,G09,2.44
TX0002889,ST03,2026-06-26 03:00:00,smart_card,exit,G10,2.2
TX0002890,ST03,2026-07-26 03:00:00,smart_card,exit,G01,1.87
TX0002891,ST01,2026-08-06 09:00:00,single_ticket,exit,G12,3.07
TX0002892,ST02,2026-08-16 22:00:00,day_pass,exit,G02,3.63
TX0002893,ST05,2026-07-26 05:00:00,smart_card,exit,G02,4.22
TX0002894,ST01,2026-07-10 01:00:00,smart_card,exit,G06,2.33
TX0002895,ST07,2026-07-20 01:00:00,single_ticket,entry,G04,3.48
TX0002896,ST05,2026-08-15 14:00:00,smart_card,entry,G05,3.08
TX0002897,ST04,2026-06-26 06:00:00,single_ticket,exit,G07,4.15
TX0002898,ST04,2026-08-15 03:00:00,smart_card,exit,G06,3.59
TX0002899,ST06,2026-08-13 16:00:00,day_pass,exit,G05,2.05
TX0002900,ST02,2026-08-13 15:00:00,smart_card,entry,G07,2.3
TX0002901,ST06,2026-08-01 08:00:00,smart_card,entry,G12,3.37
TX0002902,ST06,2026-07-18 19:00:00,smart_card,exit,G09,3.75
TX0002903,ST01,2026-07-09 05:00:00,smart_card,entry,G05,1.74
TX0002904,ST06,2026-07-24 02:00:00,single_ticket,exit,G09,3.44
TX0002905,ST02,2026-06-29 05:00:00,single_ticket,entry,G11,2.01
TX0002906,ST03,2026-08-02 00:00:00,day_pass,entry,G01,4.33
TX0002907,ST05,2026-07-28 02:00:00,single_ticket,exit,G03,4.39
TX0002908,ST06,2026-07-31 15:00:00,smart_card,exit,G12,4.08
TX0002909,ST05,2026-08-17 04:00:00,day_pass,exit,G12,4.08
TX0002910,ST08,2026-08-14 21:00:00,smart_card,exit,G09,4.38
TX0002911,ST06,2026-06-28 05:00:00,single_ticket,entry,G09,2.36
TX0002912,ST07,2026-07-01 01:00:00,smart_card,exit,G11,3.07
TX0002913,ST08,2026-07-17 19:00:00,smart_card,exit,G01,1.9
TX0002914,ST03,2026-07-21 21:00:00,single_ticket,exit,G07,2.87
TX0002915,ST01,2026-07-31 18:00:00,monthly_pass,entry,G03,1.81
TX0002916,ST03,2026-06-26 06:00:00,smart_card,entry,G12,3.57
TX0002917,ST04,2026-07-26 20:00:00,single_ticket,exit,G02,1.73
TX0002918,ST02,2026-08-20 14:00:00,smart_card,entry,G02,4.08
TX0002919,ST10,2026-06-22 13:00:00,smart_card,entry,G08,4.05
TX0002920,ST08,2026-08-15 14:00:00,smart_card,exit,G04,4.4
TX0002921,ST07,2026-08-05 06:00:00,smart_card,entry,G11,1.58
TX0002922,ST09,2026-08-05 23:00:00,smart_card,exit,G04,3.96
TX0002923,ST05,2026-07-22 05:00:00,day_pass,exit,G10,2.38
TX0002924,ST06,2026-07-25 01:00:00,smart_card,entry,G05,2.09
TX0002925,ST08,2026-06-22 12:00:00,smart_card,entry,G07,3.75
TX0002926,ST06,2026-08-19 15:00:00,smart_card,entry,G12,1.86
TX0002927,ST06,2026-06-25 08:00:00,smart_card,entry,G08,4.13
TX0002928,ST02,2026-07-02 16:00:00,single_ticket,entry,G03,4.13
TX0002929,ST08,2026-08-05 11:00:00,single_ticket,exit,G12,3.17
TX0002930,ST03,2026-07-21 05:00:00,smart_card,exit,G12,2.77
TX0002931,ST01,2026-08-20 10:00:00,single_ticket,entry,G06,4.17
TX0002932,ST08,2026-08-13 12:00:00,single_ticket,exit,G05,3.64
TX0002933,ST06,2026-08-08 14:00:00,smart_card,entry,G10,1.6
TX0002934,ST01,2026-07-26 08:00:00,smart_card,entry,G07,2.74
TX0002935,ST03,2026-07-24 00:00:00,smart_card,entry,G02,2.79
TX0002936,ST07,2026-07-20 08:00:00,smart_card,entry,G04,4.07
TX0002937,ST04,2026-07-31 20:00:00,smart_card,exit,G02,4.15
TX0002938,ST10,2026-08-08 06:00:00,smart_card,entry,G04,3.13
TX0002939,ST08,2026-07-21 12:00:00,smart_card,entry,G03,1.84
TX0002940,ST03,2026-07-30 17:00:00,smart_card,exit,G12,3.33
TX0002941,ST06,2026-08-01 03:00:00,smart_card,exit,G12,2.88
TX0002942,ST01,2026-07-09 06:00:00,monthly_pass,exit,G01,2.77
TX0002943,ST01,2026-08-14 18:00:00,monthly_pass,entry,G10,4.45
TX0002944,ST08,2026-08-13 23:00:00,monthly_pass,entry,G10,4.49
TX0002945,ST03,2026-07-03 07:00:00,single_ticket,exit,G11,2.73
TX0002946,ST10,2026-08-10 22:00:00,monthly_pass,entry,G11,4.3
TX0002947,ST04,2026-08-10 23:00:00,smart_card,entry,G05,2.23
TX0002948,ST01,2026-08-06 16:00:00,smart_card,exit,G06,2.08
TX0002949,ST10,2026-08-08 22:00:00,single_ticket,entry,G03,3.47
TX0002950,ST01,2026-06-25 06:00:00,smart_card,entry,G11,3.0
TX0002951,ST03,2026-06-30 23:00:00,smart_card,entry,G01,3.74
TX0002952,ST03,2026-07-29 18:00:00,single_ticket,entry,G07,1.83
TX0002953,ST08,2026-07-21 19:00:00,monthly_pass,entry,G06,2.95
TX0002954,ST07,2026-08-15 01:00:00,smart_card,entry,G05,3.55
TX0002955,ST05,2026-08-06 13:00:00,smart_card,exit,G12,3.0
TX0002956,ST01,2026-07-04 08:00:00,smart_card,exit,G06,2.36
TX0002957,ST04,2026-08-15 02:00:00,smart_card,exit,G01,3.0
TX0002958,ST06,2026-06-30 04:00:00,day_pass,exit,G11,3.26
TX0002959,ST08,2026-07-29 11:00:00,smart_card,exit,G12,3.15
TX0002960,ST04,2026-08-01 09:00:00,smart_card,entry,G05,3.2
TX0002961,ST02,2026-07-19 06:00:00,monthly_pass,exit,G04,2.83
TX0002962,ST04,2026-07-09 07:00:00,smart_card,entry,G09,2.49
TX0002963,ST02,2026-07-07 06:00:00,day_pass,entry,G01,1.71
TX0002964,ST10,2026-07-02 06:00:00,day_pass,entry,G08,1.64
TX0002965,ST08,2026-08-14 23:00:00,single_ticket,entry,G03,3.1
TX0002966,ST06,2026-07-30 20:00:00,monthly_pass,entry,G03,4.08
TX0002967,ST03,2026-08-03 19:00:00,monthly_pass,entry,G02,3.86
TX0002968,ST01,2026-07-05 11:00:00,smart_card,exit,G08,3.11
TX0002969,ST04,2026-07-18 21:00:00,smart_card,entry,G09,3.42
TX0002970,ST03,2026-07-17 10:00:00,monthly_pass,exit,G06,4.43
TX0002971,ST10,2026-06-25 18:00:00,single_ticket,exit,G12,4.4
TX0002972,ST10,2026-07-01 10:00:00,smart_card,exit,G01,4.48
TX0002973,ST02,2026-07-08 06:00:00,monthly_pass,exit,G12,1.55
TX0002974,ST04,2026-07-10 20:00:00,single_ticket,exit,G10,3.41
TX0002975,ST03,2026-06-27 18:00:00,smart_card,exit,G01,3.74
TX0002976,ST01,2026-06-28 05:00:00,smart_card,entry,G06,1.81
TX0002977,ST09,2026-08-13 15:00:00,monthly_pass,entry,G07,2.59
TX0002978,ST04,2026-08-04 02:00:00,day_pass,entry,G08,2.0
TX0002979,ST06,2026-08-01 02:00:00,monthly_pass,entry,G06,2.65
TX0002980,ST08,2026-07-09 15:00:00,day_pass,exit,G04,2.82
TX0002981,ST06,2026-08-11 05:00:00,smart_card,exit,G04,2.04
TX0002982,ST06,2026-08-03 01:00:00,smart_card,entry,G08,2.99
TX0002983,ST10,2026-07-22 04:00:00,smart_card,entry,G07,2.06
TX0002984,ST08,2026-08-14 02:00:00,smart_card,entry,G05,4.27
TX0002985,ST06,2026-07-13 03:00:00,day_pass,exit,G03,2.01
TX0002986,ST02,2026-07-08 11:00:00,smart_card,exit,G07,3.04
TX0002987,ST06,2026-08-20 06:00:00,smart_card,entry,G03,2.53
TX0002988,ST01,2026-06-25 18:00:00,monthly_pass,exit,G06,2.77
TX0002989,ST03,2026-07-26 00:00:00,day_pass,entry,G12,2.67
TX0002990,ST01,2026-08-12 00:00:00,smart_card,entry,G09,4.44
TX0002991,ST03,2026-07-28 13:00:00,smart_card,exit,G09,3.49
TX0002992,ST04,2026-07-11 08:00:00,smart_card,entry,G01,1.65
TX0002993,ST09,2026-08-07 20:00:00,single_ticket,entry,G10,4.01
TX0002994,ST07,2026-07-29 22:00:00,monthly_pass,exit,G08,3.14
TX0002995,ST09,2026-07-01 06:00:00,smart_card,exit,G07,1.85
TX0002996,ST05,2026-07-06 14:00:00,smart_card,exit,G04,2.91
TX0002997,ST10,2026-06-24 08:00:00,single_ticket,entry,G06,1.9
TX0002998,ST01,2026-07-16 23:00:00,smart_card,entry,G05,3.17
TX0002999,ST05,2026-07-10 18:00:00,day_pass,entry,G05,2.61
TX0003000,ST10,2026-07-25 00:00:00,smart_card,exit,G10,1.7
TX0003001,ST10,2026-08-10 02:00:00,smart_card,entry,G02,3.46
TX0003002,ST06,2026-07-29 18:00:00,smart_card,exit,G08,2.2
TX0003003,ST03,2026-07-24 09:00:00,single_ticket,entry,G12,3.8
TX0003004,ST06,2026-08-06 18:00:00,smart_card,exit,G03,4.21
TX0003005,ST10,2026-08-03 03:00:00,smart_card,exit,G09,2.23
TX0003006,ST10,2026-07-14 16:00:00,single_ticket,entry,G02,2.42
TX0003007,ST05,2026-06-28 22:00:00,smart_card,entry,G07,1.64
TX0003008,ST01,2026-06-24 18:00:00,smart_card,exit,G04,2.94
TX0003009,ST04,2026-07-22 07:00:00,smart_card,exit,G08,4.02
TX0003010,ST04,2026-08-16 04:00:00,smart_card,entry,G10,1.83
TX0003011,ST07,2026-08-09 03:00:00,smart_card,entry,G12,2.0
TX0003012,ST08,2026-06-30 05:00:00,smart_card,exit,G02,3.73
TX0003013,ST07,2026-07-01 23:00:00,smart_card,exit,G04,3.41
TX0003014,ST09,2026-08-06 15:00:00,monthly_pass,entry,G09,2.1
TX0003015,ST09,2026-07-07 23:00:00,smart_card,exit,G11,2.01
TX0003016,ST04,2026-07-22 00:00:00,day_pass,entry,G05,1.71
TX0003017,ST04,2026-06-28 16:00:00,single_ticket,exit,G02,1.55
TX0003018,ST05,2026-08-03 15:00:00,smart_card,entry,G02,2.77
TX0003019,ST10,2026-08-16 17:00:00,smart_card,entry,G01,1.82
TX0003020,ST09,2026-07-14 01:00:00,single_ticket,entry,G01,2.38
TX0003021,ST05,2026-08-16 17:00:00,smart_card,exit,G11,4.12
TX0003022,ST08,2026-07-29 05:00:00,smart_card,entry,G12,1.65
TX0003023,ST05,2026-07-31 23:00:00,smart_card,exit,G02,3.89
TX0003024,ST05,2026-07-19 15:00:00,smart_card,exit,G12,2.64
TX0003025,ST01,2026-08-01 03:00:00,smart_card,entry,G09,2.74
TX0003026,ST01,2026-07-11 21:00:00,smart_card,exit,G07,4.42
TX0003027,ST02,2026-06-25 06:00:00,smart_card,entry,G06,3.21
TX0003028,ST02,2026-07-27 15:00:00,smart_card,exit,G04,1.61
TX0003029,ST10,2026-07-11 21:00:00,day_pass,exit,G05,3.88
TX0003030,ST04,2026-08-10 11:00:00,smart_card,entry,G12,3.16
TX0003031,ST03,2026-07-18 09:00:00,single_ticket,entry,G12,3.83
TX0003032,ST02,2026-06-23 20:00:00,day_pass,exit,G08,1.95
TX0003033,ST06,2026-07-23 07:00:00,smart_card,entry,G04,2.29
TX0003034,ST04,2026-06-30 08:00:00,smart_card,entry,G05,4.23
TX0003035,ST03,2026-06-23 00:00:00,smart_card,exit,G02,2.79
TX0003036,ST04,2026-06-29 06:00:00,smart_card,exit,G04,3.03
TX0003037,ST05,2026-07-26 04:00:00,smart_card,entry,G03,3.43
TX0003038,ST09,2026-06-24 12:00:00,single_ticket,entry,G12,3.08
TX0003039,ST07,2026-06-26 05:00:00,single_ticket,entry,G12,3.75
TX0003040,ST04,2026-06-25 06:00:00,smart_card,entry,G08,2.17
TX0003041,ST03,2026-08-20 12:00:00,monthly_pass,entry,G12,4.26
TX0003042,ST08,2026-08-01 14:00:00,monthly_pass,exit,G07,1.66
TX0003043,ST04,2026-07-07 21:00:00,smart_card,entry,G04,3.0
TX0003044,ST07,2026-07-07 04:00:00,single_ticket,entry,G07,4.49
TX0003045,ST07,2026-07-06 08:00:00,smart_card,exit,G07,3.48
TX0003046,ST07,2026-07-15 10:00:00,day_pass,exit,G04,2.95
TX0003047,ST04,2026-06-23 20:00:00,single_ticket,exit,G08,4.36
TX0003048,ST10,2026-07-28 17:00:00,smart_card,exit,G11,1.73
TX0003049,ST07,2026-08-05 10:00:00,smart_card,entry,G12,2.77
TX0003050,ST09,2026-07-17 22:00:00,single_ticket,entry,G12,4.21
TX0003051,ST04,2026-07-24 23:00:00,smart_card,entry,G08,3.54
TX0003052,ST08,2026-08-08 16:00:00,single_ticket,entry,G08,2.61
TX0003053,ST10,2026-08-08 15:00:00,monthly_pass,exit,G11,4.43
TX0003054,ST07,2026-08-02 15:00:00,smart_card,entry,G04,3.78
TX0003055,ST01,2026-06-27 12:00:00,smart_card,exit,G02,4.43
TX0003056,ST05,2026-06-27 15:00:00,single_ticket,exit,G01,3.25
TX0003057,ST04,2026-07-04 02:00:00,single_ticket,entry,G06,1.52
TX0003058,ST10,2026-08-04 12:00:00,smart_card,entry,G02,4.42
TX0003059,ST03,2026-07-22 06:00:00,smart_card,exit,G10,3.97
TX0003060,ST01,2026-08-13 21:00:00,single_ticket,entry,G03,3.15
TX0003061,ST05,2026-08-15 07:00:00,smart_card,exit,G01,1.98
TX0003062,ST04,2026-06-23 02:00:00,smart_card,exit,G05,4.14
TX0003063,ST07,2026-08-03 03:00:00,smart_card,entry,G06,3.41
TX0003064,ST08,2026-08-06 23:00:00,day_pass,entry,G07,1.51
TX0003065,ST05,2026-07-23 00:00:00,monthly_pass,exit,G12,2.98
TX0003066,ST08,2026-07-27 11:00:00,day_pass,entry,G07,4.45
TX0003067,ST05,2026-08-04 18:00:00,day_pass,exit,G10,3.26
TX0003068,ST01,2026-07-03 16:00:00,smart_card,exit,G09,3.63
TX0003069,ST10,2026-07-15 11:00:00,single_ticket,exit,G02,3.47
TX0003070,ST08,2026-06-22 22:00:00,single_ticket,exit,G03,3.06
TX0003071,ST01,2026-08-14 05:00:00,day_pass,entry,G06,3.58
TX0003072,ST06,2026-07-30 11:00:00,day_pass,exit,G04,2.09
TX0003073,ST04,2026-07-15 03:00:00,smart_card,entry,G06,2.51
TX0003074,ST03,2026-07-01 14:00:00,smart_card,entry,G03,4.17
TX0003075,ST06,2026-06-28 21:00:00,day_pass,exit,G02,2.31
TX0003076,ST02,2026-07-11 06:00:00,smart_card,entry,G05,2.75
TX0003077,ST09,2026-08-19 17:00:00,smart_card,entry,G04,1.81
TX0003078,ST08,2026-08-02 06:00:00,monthly_pass,entry,G07,4.29
TX0003079,ST06,2026-08-16 06:00:00,monthly_pass,exit,G03,2.31
TX0003080,ST09,2026-07-26 21:00:00,smart_card,entry,G08,3.24
TX0003081,ST10,2026-08-10 07:00:00,smart_card,exit,G12,2.7
TX0003082,ST09,2026-06-25 01:00:00,smart_card,exit,G06,2.54
TX0003083,ST09,2026-07-20 06:00:00,smart_card,entry,G07,2.0
TX0003084,ST05,2026-08-01 19:00:00,smart_card,entry,G01,4.49
TX0003085,ST02,2026-08-18 23:00:00,smart_card,exit,G02,2.37
TX0003086,ST01,2026-07-22 00:00:00,day_pass,exit,G01,2.69
TX0003087,ST08,2026-06-24 03:00:00,smart_card,entry,G06,2.08
TX0003088,ST03,2026-06-26 02:00:00,smart_card,entry,G06,3.38
TX0003089,ST05,2026-07-16 10:00:00,single_ticket,exit,G02,1.76
TX0003090,ST01,2026-08-07 19:00:00,smart_card,exit,G06,3.49
TX0003091,ST08,2026-08-15 06:00:00,monthly_pass,exit,G11,3.01
TX0003092,ST09,2026-08-11 22:00:00,smart_card,exit,G11,3.44
TX0003093,ST04,2026-08-16 07:00:00,smart_card,entry,G08,1.51
TX0003094,ST07,2026-07-12 03:00:00,smart_card,entry,G10,3.52
TX0003095,ST03,2026-07-27 09:00:00,smart_card,exit,G07,1.64
TX0003096,ST02,2026-07-28 17:00:00,smart_card,entry,G04,4.25
TX0003097,ST04,2026-08-07 06:00:00,monthly_pass,entry,G09,3.88
TX0003098,ST05,2026-07-07 12:00:00,monthly_pass,exit,G11,1.87
TX0003099,ST10,2026-08-07 16:00:00,monthly_pass,entry,G04,3.17
TX0003100,ST08,2026-07-27 19:00:00,single_ticket,entry,G05,4.37
TX0003101,ST08,2026-08-05 04:00:00,smart_card,entry,G05,2.23
TX0003102,ST03,2026-07-31 08:00:00,monthly_pass,entry,G09,1.72
TX0003103,ST04,2026-07-13 19:00:00,single_ticket,exit,G02,2.77
TX0003104,ST10,2026-08-05 21:00:00,smart_card,entry,G09,1.91
TX0003105,ST04,2026-07-28 02:00:00,single_ticket,exit,G03,3.83
TX0003106,ST09,2026-07-16 10:00:00,single_ticket,exit,G06,4.24
TX0003107,ST03,2026-07-06 22:00:00,single_ticket,exit,G01,2.85
TX0003108,ST10,2026-07-19 23:00:00,day_pass,exit,G10,4.49
TX0003109,ST06,2026-06-22 05:00:00,monthly_pass,entry,G02,2.07
TX0003110,ST09,2026-07-25 07:00:00,day_pass,exit,G03,4.25
TX0003111,ST10,2026-07-09 03:00:00,monthly_pass,exit,G08,2.47
TX0003112,ST02,2026-07-09 21:00:00,single_ticket,exit,G05,4.21
TX0003113,ST06,2026-08-18 10:00:00,smart_card,exit,G03,4.21
TX0003114,ST04,2026-07-09 16:00:00,single_ticket,exit,G07,2.55
TX0003115,ST04,2026-07-07 07:00:00,single_ticket,exit,G01,1.56
TX0003116,ST05,2026-08-07 11:00:00,smart_card,entry,G05,2.41
TX0003117,ST05,2026-07-20 17:00:00,single_ticket,exit,G03,2.81
TX0003118,ST10,2026-07-29 15:00:00,smart_card,exit,G07,4.45
TX0003119,ST01,2026-07-22 18:00:00,smart_card,entry,G04,3.57
TX0003120,ST06,2026-07-27 00:00:00,single_ticket,entry,G09,3.4
TX0003121,ST10,2026-08-09 23:00:00,monthly_pass,exit,G02,3.44
TX0003122,ST09,2026-08-14 02:00:00,smart_card,exit,G01,2.69
TX0003123,ST02,2026-08-03 14:00:00,day_pass,entry,G03,3.57
TX0003124,ST04,2026-07-14 00:00:00,smart_card,exit,G11,2.34
TX0003125,ST07,2026-07-01 21:00:00,single_ticket,entry,G12,3.76
TX0003126,ST04,2026-07-05 13:00:00,day_pass,entry,G01,3.46
TX0003127,ST09,2026-07-09 09:00:00,monthly_pass,entry,G01,3.74
TX0003128,ST03,2026-08-14 00:00:00,smart_card,exit,G02,1.95
TX0003129,ST08,2026-07-21 09:00:00,day_pass,exit,G07,3.16
TX0003130,ST04,2026-07-25 22:00:00,monthly_pass,entry,G12,2.08
TX0003131,ST06,2026-07-11 05:00:00,smart_card,exit,G10,2.44
TX0003132,ST04,2026-08-06 05:00:00,smart_card,entry,G03,3.88
TX0003133,ST06,2026-06-26 09:00:00,day_pass,entry,G12,2.75
TX0003134,ST04,2026-07-21 23:00:00,smart_card,entry,G04,1.65
TX0003135,ST03,2026-08-01 07:00:00,single_ticket,entry,G05,4.18
TX0003136,ST09,2026-08-18 02:00:00,smart_card,entry,G10,1.82
TX0003137,ST10,2026-08-01 03:00:00,smart_card,entry,G04,2.99
TX0003138,ST10,2026-08-19 11:00:00,smart_card,entry,G09,2.93
TX0003139,ST08,2026-06-26 15:00:00,smart_card,entry,G06,2.7
TX0003140,ST04,2026-08-18 09:00:00,smart_card,exit,G11,1.52
TX0003141,ST06,2026-06-27 22:00:00,monthly_pass,exit,G08,2.26
TX0003142,ST07,2026-07-06 06:00:00,single_ticket,entry,G12,1.97
TX0003143,ST06,2026-08-20 01:00:00,smart_card,exit,G06,1.99
TX0003144,ST10,2026-06-25 22:00:00,single_ticket,exit,G05,1.88
TX0003145,ST04,2026-07-19 22:00:00,smart_card,entry,G04,3.97
TX0003146,ST07,2026-08-16 15:00:00,smart_card,entry,G07,1.8
TX0003147,ST09,2026-06-28 17:00:00,smart_card,entry,G11,2.5
TX0003148,ST03,2026-07-05 19:00:00,smart_card,entry,G02,3.24
TX0003149,ST06,2026-07-07 07:00:00,smart_card,exit,G05,1.62
TX0003150,ST08,2026-08-07 15:00:00,single_ticket,exit,G03,3.08
TX0003151,ST05,2026-07-02 10:00:00,monthly_pass,entry,G03,2.89
TX0003152,ST04,2026-07-20 14:00:00,smart_card,entry,G09,4.07
TX0003153,ST10,2026-07-31 23:00:00,smart_card,exit,G12,1.85
TX0003154,ST07,2026-08-02 21:00:00,single_ticket,exit,G12,1.68
TX0003155,ST09,2026-08-15 17:00:00,day_pass,exit,G07,1.94
TX0003156,ST02,2026-07-06 22:00:00,smart_card,entry,G01,2.93
TX0003157,ST02,2026-07-02 17:00:00,day_pass,exit,G11,1.81
TX0003158,ST04,2026-06-29 23:00:00,monthly_pass,exit,G09,3.35
TX0003159,ST08,2026-07-22 15:00:00,smart_card,exit,G04,3.88
TX0003160,ST05,2026-07-19 22:00:00,smart_card,entry,G11,3.17
TX0003161,ST01,2026-07-12 18:00:00,single_ticket,exit,G03,2.58
TX0003162,ST07,2026-07-09 06:00:00,smart_card,entry,G08,2.84
TX0003163,ST01,2026-06-28 18:00:00,smart_card,exit,G03,2.23
TX0003164,ST10,2026-07-10 15:00:00,day_pass,entry,G07,4.06
TX0003165,ST09,2026-08-06 06:00:00,single_ticket,exit,G10,2.47
TX0003166,ST03,2026-07-26 11:00:00,single_ticket,exit,G09,4.08
TX0003167,ST09,2026-07-06 15:00:00,single_ticket,exit,G12,4.4
TX0003168,ST03,2026-07-08 23:00:00,smart_card,exit,G10,2.27
TX0003169,ST06,2026-08-12 00:00:00,day_pass,entry,G12,4.07
TX0003170,ST02,2026-07-27 12:00:00,monthly_pass,entry,G11,4.01
TX0003171,ST10,2026-07-19 07:00:00,day_pass,entry,G09,3.33
TX0003172,ST03,2026-08-14 21:00:00,smart_card,entry,G05,4.0
TX0003173,ST01,2026-08-01 10:00:00,day_pass,entry,G09,2.78
TX0003174,ST03,2026-07-12 16:00:00,day_pass,entry,G01,3.31
TX0003175,ST09,2026-07-14 23:00:00,smart_card,exit,G04,2.72
TX0003176,ST02,2026-07-26 01:00:00,smart_card,exit,G06,4.5
TX0003177,ST06,2026-08-09 13:00:00,smart_card,exit,G05,3.1
TX0003178,ST02,2026-08-08 15:00:00,smart_card,exit,G04,2.21
TX0003179,ST01,2026-07-10 11:00:00,smart_card,entry,G01,3.51
TX0003180,ST04,2026-06-24 19:00:00,smart_card,entry,G11,3.77
TX0003181,ST07,2026-06-22 15:00:00,smart_card,entry,G07,4.08
TX0003182,ST02,2026-06-29 11:00:00,smart_card,entry,G06,1.54
TX0003183,ST07,2026-08-16 08:00:00,single_ticket,entry,G12,3.74
TX0003184,ST09,2026-07-03 12:00:00,single_ticket,entry,G10,3.09
TX0003185,ST04,2026-08-20 09:00:00,single_ticket,entry,G08,3.68
TX0003186,ST06,2026-06-30 23:00:00,single_ticket,exit,G05,3.08
TX0003187,ST09,2026-07-30 17:00:00,smart_card,exit,G06,2.49
TX0003188,ST09,2026-08-05 17:00:00,day_pass,entry,G06,1.61
TX0003189,ST01,2026-07-11 16:00:00,single_ticket,entry,G04,2.46
TX0003190,ST10,2026-06-23 08:00:00,single_ticket,entry,G12,3.47
TX0003191,ST01,2026-07-23 17:00:00,day_pass,entry,G06,1.53
TX0003192,ST03,2026-08-18 13:00:00,smart_card,entry,G06,4.26
TX0003193,ST04,2026-08-06 19:00:00,single_ticket,exit,G05,2.7
TX0003194,ST02,2026-08-13 05:00:00,day_pass,entry,G05,1.69
TX0003195,ST01,2026-08-06 15:00:00,smart_card,exit,G12,4.15
TX0003196,ST07,2026-07-13 03:00:00,smart_card,entry,G10,2.04
TX0003197,ST06,2026-07-21 06:00:00,smart_card,exit,G09,1.67
TX0003198,ST09,2026-07-03 01:00:00,smart_card,entry,G08,1.74
TX0003199,ST09,2026-07-17 11:00:00,monthly_pass,entry,G04,3.08
TX0003200,ST05,2026-06-29 09:00:00,day_pass,entry,G02,2.36
TX0003201,ST03,2026-08-18 14:00:00,smart_card,entry,G06,4.03
TX0003202,ST01,2026-08-18 11:00:00,smart_card,entry,G08,3.14
TX0003203,ST05,2026-08-07 20:00:00,day_pass,exit,G01,2.33
TX0003204,ST02,2026-07-09 19:00:00,single_ticket,entry,G01,3.25
TX0003205,ST07,2026-07-14 10:00:00,smart_card,exit,G01,4.33
TX0003206,ST08,2026-08-11 06:00:00,smart_card,exit,G01,4.09
TX0003207,ST08,2026-07-29 00:00:00,monthly_pass,exit,G06,1.91
TX0003208,ST07,2026-07-26 18:00:00,smart_card,entry,G07,4.12
TX0003209,ST09,2026-08-06 11:00:00,smart_card,exit,G06,2.6
TX0003210,ST06,2026-08-06 14:00:00,smart_card,entry,G02,2.65
TX0003211,ST02,2026-07-10 11:00:00,day_pass,exit,G01,3.01
TX0003212,ST10,2026-08-07 14:00:00,single_ticket,exit,G08,3.8
TX0003213,ST10,2026-07-24 01:00:00,smart_card,exit,G05,2.77
TX0003214,ST10,2026-07-19 00:00:00,smart_card,entry,G02,3.48
TX0003215,ST01,2026-08-07 20:00:00,monthly_pass,exit,G04,2.01
TX0003216,ST09,2026-08-17 07:00:00,smart_card,entry,G04,2.39
TX0003217,ST06,2026-08-06 17:00:00,smart_card,exit,G04,4.34
TX0003218,ST08,2026-08-18 02:00:00,smart_card,exit,G02,2.76
TX0003219,ST10,2026-06-23 21:00:00,smart_card,exit,G05,3.68
TX0003220,ST04,2026-08-20 18:00:00,monthly_pass,entry,G02,1.74
TX0003221,ST07,2026-06-26 19:00:00,smart_card,exit,G08,1.59
TX0003222,ST02,2026-07-23 07:00:00,smart_card,entry,G05,1.66
TX0003223,ST08,2026-07-14 21:00:00,smart_card,exit,G09,3.6
TX0003224,ST08,2026-07-03 15:00:00,smart_card,entry,G10,1.67
TX0003225,ST03,2026-07-15 22:00:00,smart_card,entry,G05,3.31
TX0003226,ST04,2026-08-12 15:00:00,monthly_pass,entry,G11,2.25
TX0003227,ST06,2026-07-03 07:00:00,smart_card,exit,G12,1.92
TX0003228,ST01,2026-08-20 21:00:00,smart_card,entry,G06,3.58
TX0003229,ST04,2026-06-25 16:00:00,smart_card,entry,G07,3.13
TX0003230,ST08,2026-07-07 06:00:00,monthly_pass,exit,G06,4.17
TX0003231,ST04,2026-08-12 14:00:00,monthly_pass,entry,G09,3.68
TX0003232,ST04,2026-06-30 02:00:00,monthly_pass,entry,G02,2.47
TX0003233,ST02,2026-07-22 19:00:00,smart_card,entry,G06,1.88
TX0003234,ST06,2026-07-05 03:00:00,single_ticket,exit,G06,3.41
TX0003235,ST07,2026-07-01 09:00:00,single_ticket,entry,G12,2.54
TX0003236,ST02,2026-07-19 19:00:00,smart_card,exit,G11,2.0
TX0003237,ST07,2026-06-30 07:00:00,single_ticket,entry,G07,3.22
TX0003238,ST09,2026-08-15 20:00:00,single_ticket,entry,G07,3.49
TX0003239,ST02,2026-08-11 21:00:00,single_ticket,exit,G09,2.36
TX0003240,ST05,2026-07-12 18:00:00,smart_card,entry,G01,3.67
TX0003241,ST06,2026-06-29 20:00:00,smart_card,entry,G07,1.7
TX0003242,ST07,2026-07-08 08:00:00,single_ticket,entry,G06,3.69
TX0003243,ST02,2026-07-12 19:00:00,smart_card,exit,G11,1.82
TX0003244,ST06,2026-06-26 07:00:00,smart_card,exit,G09,3.57
TX0003245,ST03,2026-06-25 05:00:00,single_ticket,entry,G10,2.81
TX0003246,ST10,2026-08-05 06:00:00,smart_card,entry,G01,1.96
TX0003247,ST07,2026-08-20 22:00:00,smart_card,entry,G10,1.56
TX0003248,ST10,2026-07-05 12:00:00,smart_card,exit,G09,4.04
TX0003249,ST05,2026-08-02 07:00:00,smart_card,entry,G01,4.14
TX0003250,ST06,2026-07-02 13:00:00,smart_card,entry,G08,2.61
TX0003251,ST05,2026-06-28 01:00:00,day_pass,exit,G07,3.48
TX0003252,ST05,2026-07-23 16:00:00,day_pass,exit,G02,4.11
TX0003253,ST01,2026-07-23 19:00:00,smart_card,exit,G07,1.77
TX0003254,ST03,2026-08-08 10:00:00,single_ticket,entry,G10,3.02
TX0003255,ST01,2026-07-26 18:00:00,smart_card,entry,G05,2.77
TX0003256,ST05,2026-08-01 08:00:00,smart_card,exit,G04,2.15
TX0003257,ST09,2026-08-04 11:00:00,day_pass,entry,G04,2.25
TX0003258,ST08,2026-08-13 14:00:00,monthly_pass,entry,G09,4.25
TX0003259,ST07,2026-08-09 19:00:00,smart_card,exit,G10,3.58
TX0003260,ST05,2026-07-01 14:00:00,day_pass,entry,G10,3.37
TX0003261,ST09,2026-08-03 19:00:00,smart_card,exit,G04,3.44
TX0003262,ST02,2026-08-03 04:00:00,day_pass,exit,G06,2.74
TX0003263,ST09,2026-08-18 05:00:00,single_ticket,entry,G07,3.86
TX0003264,ST09,2026-07-26 04:00:00,smart_card,exit,G09,3.74
TX0003265,ST09,2026-07-05 22:00:00,day_pass,entry,G06,2.81
TX0003266,ST06,2026-08-06 16:00:00,single_ticket,exit,G08,1.94
TX0003267,ST09,2026-08-11 08:00:00,monthly_pass,exit,G07,1.79
TX0003268,ST04,2026-06-25 10:00:00,smart_card,exit,G01,3.88
TX0003269,ST08,2026-07-09 11:00:00,monthly_pass,entry,G12,3.61
TX0003270,ST05,2026-07-10 22:00:00,day_pass,entry,G04,2.85
TX0003271,ST07,2026-07-30 04:00:00,smart_card,exit,G11,1.91
TX0003272,ST09,2026-07-19 14:00:00,smart_card,entry,G06,3.82
TX0003273,ST04,2026-06-23 00:00:00,monthly_pass,exit,G08,2.58
TX0003274,ST05,2026-07-11 14:00:00,single_ticket,exit,G11,3.83
TX0003275,ST06,2026-06-30 12:00:00,smart_card,entry,G03,3.6
TX0003276,ST04,2026-08-09 16:00:00,smart_card,entry,G02,4.29
TX0003277,ST02,2026-06-23 00:00:00,smart_card,exit,G03,1.7
TX0003278,ST05,2026-08-14 19:00:00,smart_card,exit,G10,3.43
TX0003279,ST06,2026-07-18 09:00:00,smart_card,exit,G02,3.88
TX0003280,ST05,2026-07-25 07:00:00,single_ticket,entry,G08,2.37
TX0003281,ST04,2026-07-06 02:00:00,smart_card,entry,G06,3.71
TX0003282,ST10,2026-08-16 04:00:00,smart_card,entry,G02,2.39
TX0003283,ST07,2026-08-08 00:00:00,smart_card,entry,G03,3.4
TX0003284,ST04,2026-07-22 11:00:00,smart_card,exit,G10,3.54
TX0003285,ST03,2026-07-10 07:00:00,single_ticket,exit,G06,4.19
TX0003286,ST09,2026-07-02 11:00:00,smart_card,exit,G08,4.35
TX0003287,ST05,2026-07-03 06:00:00,monthly_pass,exit,G05,4.49
TX0003288,ST02,2026-08-12 14:00:00,single_ticket,exit,G07,3.58
TX0003289,ST01,2026-06-27 19:00:00,day_pass,entry,G01,3.24
TX0003290,ST07,2026-07-14 23:00:00,smart_card,entry,G12,3.55
TX0003291,ST10,2026-06-27 03:00:00,day_pass,exit,G10,3.74
TX0003292,ST10,2026-07-14 03:00:00,single_ticket,exit,G08,3.95
TX0003293,ST03,2026-06-24 06:00:00,monthly_pass,entry,G12,2.37
TX0003294,ST07,2026-08-14 02:00:00,single_ticket,entry,G12,3.63
TX0003295,ST03,2026-08-13 16:00:00,monthly_pass,entry,G05,2.08
TX0003296,ST01,2026-07-25 12:00:00,monthly_pass,exit,G12,1.81
TX0003297,ST06,2026-08-03 12:00:00,monthly_pass,entry,G04,3.88
TX0003298,ST09,2026-07-17 16:00:00,single_ticket,exit,G11,3.24
TX0003299,ST05,2026-07-06 07:00:00,smart_card,exit,G01,2.93
TX0003300,ST01,2026-07-10 00:00:00,single_ticket,entry,G05,2.69
TX0003301,ST09,2026-08-03 08:00:00,monthly_pass,entry,G01,2.27
TX0003302,ST10,2026-07-06 04:00:00,monthly_pass,exit,G10,3.26
TX0003303,ST03,2026-07-16 14:00:00,monthly_pass,exit,G08,1.76
TX0003304,ST04,2026-07-08 07:00:00,smart_card,exit,G01,3.59
TX0003305,ST09,2026-08-13 20:00:00,day_pass,exit,G07,2.96
TX0003306,ST09,2026-08-17 09:00:00,smart_card,entry,G03,3.39
TX0003307,ST05,2026-08-17 01:00:00,single_ticket,entry,G10,1.59
TX0003308,ST01,2026-08-13 12:00:00,smart_card,exit,G03,2.62
TX0003309,ST05,2026-08-02 10:00:00,smart_card,entry,G07,2.7
TX0003310,ST08,2026-08-01 19:00:00,smart_card,exit,G09,3.23
TX0003311,ST08,2026-07-24 19:00:00,smart_card,exit,G03,4.21
TX0003312,ST07,2026-08-07 11:00:00,smart_card,entry,G01,3.65
TX0003313,ST09,2026-07-30 13:00:00,single_ticket,entry,G11,3.92
TX0003314,ST09,2026-07-29 23:00:00,smart_card,exit,G02,3.78
TX0003315,ST07,2026-07-24 18:00:00,single_ticket,entry,G11,2.09
TX0003316,ST03,2026-07-02 16:00:00,smart_card,entry,G03,3.04
TX0003317,ST02,2026-07-28 19:00:00,smart_card,exit,G10,3.71
TX0003318,ST09,2026-07-08 15:00:00,smart_card,entry,G08,3.11
TX0003319,ST04,2026-08-03 17:00:00,smart_card,exit,G12,4.35
TX0003320,ST10,2026-07-23 18:00:00,day_pass,exit,G06,3.05
TX0003321,ST03,2026-06-28 18:00:00,day_pass,entry,G11,3.14
TX0003322,ST03,2026-08-20 00:00:00,single_ticket,entry,G06,1.86
TX0003323,ST04,2026-07-20 19:00:00,single_ticket,exit,G06,1.74
TX0003324,ST06,2026-08-17 02:00:00,single_ticket,exit,G11,1.68
TX0003325,ST05,2026-07-01 10:00:00,day_pass,exit,G11,1.95
TX0003326,ST10,2026-06-25 09:00:00,smart_card,entry,G01,3.52
TX0003327,ST07,2026-07-23 05:00:00,smart_card,entry,G09,2.03
TX0003328,ST10,2026-08-10 01:00:00,monthly_pass,entry,G11,1.82
TX0003329,ST10,2026-08-13 12:00:00,smart_card,entry,G06,3.34
TX0003330,ST05,2026-06-22 18:00:00,monthly_pass,entry,G08,4.08
TX0003331,ST05,2026-07-27 01:00:00,monthly_pass,exit,G05,1.6
TX0003332,ST10,2026-08-16 09:00:00,smart_card,exit,G11,3.02
TX0003333,ST09,2026-06-30 02:00:00,monthly_pass,entry,G09,2.08
TX0003334,ST07,2026-07-08 19:00:00,smart_card,entry,G10,4.24
TX0003335,ST01,2026-07-08 02:00:00,single_ticket,entry,G01,2.76
TX0003336,ST10,2026-07-26 22:00:00,single_ticket,exit,G02,3.44
TX0003337,ST08,2026-08-06 03:00:00,day_pass,entry,G09,2.8
TX0003338,ST03,2026-07-28 14:00:00,smart_card,entry,G02,3.95
TX0003339,ST02,2026-08-17 09:00:00,smart_card,exit,G06,2.98
TX0003340,ST05,2026-07-31 06:00:00,smart_card,exit,G11,4.34
TX0003341,ST01,2026-06-22 05:00:00,smart_card,entry,G05,2.58
TX0003342,ST07,2026-07-03 04:00:00,smart_card,exit,G01,3.66
TX0003343,ST07,2026-07-08 05:00:00,smart_card,entry,G06,1.77
TX0003344,ST03,2026-06-29 17:00:00,single_ticket,exit,G02,1.99
TX0003345,ST06,2026-07-01 09:00:00,smart_card,exit,G12,3.09
TX0003346,ST06,2026-07-26 17:00:00,smart_card,entry,G09,2.28
TX0003347,ST05,2026-08-09 14:00:00,smart_card,exit,G12,1.68
TX0003348,ST08,2026-07-12 05:00:00,monthly_pass,exit,G06,2.24
TX0003349,ST08,2026-08-09 09:00:00,single_ticket,entry,G12,2.31
TX0003350,ST08,2026-07-28 06:00:00,smart_card,exit,G10,3.37
TX0003351,ST06,2026-06-26 22:00:00,smart_card,exit,G08,2.0
TX0003352,ST04,2026-07-29 18:00:00,smart_card,exit,G05,4.29
TX0003353,ST10,2026-07-17 04:00:00,smart_card,entry,G10,2.36
TX0003354,ST03,2026-07-25 02:00:00,day_pass,exit,G12,4.39
TX0003355,ST02,2026-07-28 15:00:00,smart_card,entry,G02,2.77
TX0003356,ST09,2026-07-10 05:00:00,smart_card,exit,G10,3.7
TX0003357,ST07,2026-07-03 10:00:00,single_ticket,entry,G07,3.53
TX0003358,ST07,2026-07-13 01:00:00,day_pass,entry,G05,2.34
TX0003359,ST02,2026-07-16 07:00:00,smart_card,exit,G04,2.83
TX0003360,ST03,2026-07-10 09:00:00,single_ticket,exit,G03,2.19
TX0003361,ST03,2026-08-12 07:00:00,monthly_pass,entry,G03,4.15
TX0003362,ST04,2026-07-13 07:00:00,monthly_pass,entry,G03,4.16
TX0003363,ST10,2026-07-18 17:00:00,smart_card,exit,G09,2.58
TX0003364,ST08,2026-07-09 08:00:00,smart_card,entry,G04,2.73
TX0003365,ST07,2026-06-28 15:00:00,single_ticket,entry,G01,2.41
TX0003366,ST08,2026-08-14 07:00:00,monthly_pass,entry,G03,2.4
TX0003367,ST03,2026-07-31 02:00:00,single_ticket,exit,G11,1.76
TX0003368,ST10,2026-06-26 11:00:00,monthly_pass,entry,G05,3.42
TX0003369,ST05,2026-07-27 18:00:00,single_ticket,exit,G12,3.8
TX0003370,ST07,2026-07-31 07:00:00,smart_card,entry,G04,2.52
TX0003371,ST05,2026-07-05 04:00:00,smart_card,exit,G04,3.01
TX0003372,ST03,2026-08-12 00:00:00,monthly_pass,exit,G06,1.57
TX0003373,ST06,2026-07-26 19:00:00,smart_card,exit,G02,3.39
TX0003374,ST04,2026-07-18 20:00:00,single_ticket,exit,G02,2.47
TX0003375,ST04,2026-06-25 07:00:00,smart_card,exit,G10,1.94
TX0003376,ST05,2026-08-19 22:00:00,smart_card,exit,G04,1.53
TX0003377,ST08,2026-07-17 05:00:00,single_ticket,exit,G10,2.78
TX0003378,ST01,2026-07-01 05:00:00,smart_card,exit,G04,3.51
TX0003379,ST08,2026-07-25 01:00:00,monthly_pass,entry,G10,2.22
TX0003380,ST09,2026-07-13 12:00:00,smart_card,entry,G03,2.0
TX0003381,ST07,2026-07-22 23:00:00,day_pass,exit,G09,3.34
TX0003382,ST06,2026-06-26 16:00:00,smart_card,entry,G03,3.28
TX0003383,ST10,2026-07-13 23:00:00,smart_card,exit,G10,2.41
TX0003384,ST01,2026-07-28 07:00:00,smart_card,exit,G04,4.05
TX0003385,ST06,2026-07-08 09:00:00,smart_card,entry,G11,3.29
TX0003386,ST01,2026-06-24 00:00:00,single_ticket,exit,G07,3.95
TX0003387,ST01,2026-06-22 22:00:00,smart_card,entry,G01,4.27
TX0003388,ST09,2026-07-12 06:00:00,smart_card,entry,G09,3.53
TX0003389,ST07,2026-06-27 09:00:00,monthly_pass,entry,G12,2.38
TX0003390,ST02,2026-07-10 16:00:00,single_ticket,exit,G03,3.53
TX0003391,ST03,2026-08-07 01:00:00,monthly_pass,exit,G10,2.76
TX0003392,ST07,2026-07-31 18:00:00,day_pass,entry,G04,2.04
TX0003393,ST07,2026-06-30 06:00:00,single_ticket,entry,G07,2.02
TX0003394,ST09,2026-07-13 07:00:00,smart_card,entry,G03,1.96
TX0003395,ST04,2026-08-02 19:00:00,monthly_pass,entry,G05,2.9
TX0003396,ST07,2026-07-06 05:00:00,smart_card,exit,G09,3.28
TX0003397,ST07,2026-08-07 03:00:00,smart_card,entry,G12,4.42
TX0003398,ST09,2026-07-19 15:00:00,smart_card,exit,G04,3.52
TX0003399,ST06,2026-08-02 13:00:00,smart_card,exit,G02,2.2
TX0003400,ST03,2026-07-20 23:00:00,day_pass,exit,G09,4.01
TX0003401,ST10,2026-06-23 14:00:00,smart_card,entry,G10,4.45
TX0003402,ST07,2026-07-19 12:00:00,smart_card,exit,G05,2.74
TX0003403,ST09,2026-08-19 19:00:00,single_ticket,exit,G02,4.14
TX0003404,ST06,2026-08-07 05:00:00,day_pass,entry,G03,3.73
TX0003405,ST06,2026-06-26 19:00:00,monthly_pass,exit,G07,2.45
TX0003406,ST07,2026-06-30 17:00:00,single_ticket,exit,G02,1.52
TX0003407,ST07,2026-07-23 22:00:00,smart_card,entry,G06,3.59
TX0003408,ST10,2026-07-10 12:00:00,smart_card,exit,G04,4.4
TX0003409,ST08,2026-07-07 01:00:00,smart_card,exit,G02,1.91
TX0003410,ST03,2026-07-09 22:00:00,smart_card,exit,G01,4.25
TX0003411,ST01,2026-07-03 00:00:00,monthly_pass,entry,G03,2.12
TX0003412,ST07,2026-08-15 09:00:00,day_pass,exit,G09,3.12
TX0003413,ST01,2026-07-10 16:00:00,smart_card,exit,G05,3.16
TX0003414,ST07,2026-06-30 09:00:00,smart_card,exit,G04,2.16
TX0003415,ST09,2026-08-02 05:00:00,monthly_pass,exit,G04,1.57
TX0003416,ST08,2026-06-23 06:00:00,smart_card,exit,G01,2.02
TX0003417,ST01,2026-07-14 09:00:00,smart_card,exit,G03,2.67
TX0003418,ST04,2026-07-19 15:00:00,smart_card,entry,G10,2.07
TX0003419,ST10,2026-07-29 02:00:00,smart_card,entry,G06,3.51
TX0003420,ST04,2026-08-07 15:00:00,smart_card,entry,G09,2.96
TX0003421,ST07,2026-06-29 21:00:00,single_ticket,entry,G08,2.56
TX0003422,ST09,2026-08-10 19:00:00,smart_card,exit,G01,2.2
TX0003423,ST10,2026-08-02 00:00:00,smart_card,exit,G09,3.49
TX0003424,ST09,2026-08-18 10:00:00,smart_card,entry,G06,4.18
TX0003425,ST10,2026-07-02 23:00:00,smart_card,entry,G04,3.45
TX0003426,ST01,2026-07-10 03:00:00,smart_card,entry,G01,2.73
TX0003427,ST05,2026-06-27 13:00:00,smart_card,exit,G08,1.58
TX0003428,ST06,2026-07-28 08:00:00,smart_card,exit,G07,3.87
TX0003429,ST02,2026-07-29 05:00:00,smart_card,entry,G08,3.07
TX0003430,ST10,2026-08-12 21:00:00,monthly_pass,exit,G08,1.7
TX0003431,ST05,2026-07-31 01:00:00,smart_card,exit,G09,3.68
TX0003432,ST01,2026-07-16 06:00:00,day_pass,entry,G10,2.19
TX0003433,ST10,2026-07-09 22:00:00,monthly_pass,entry,G12,2.4
TX0003434,ST04,2026-08-13 01:00:00,smart_card,exit,G12,3.45
TX0003435,ST01,2026-07-20 17:00:00,smart_card,exit,G11,2.07
TX0003436,ST04,2026-08-05 05:00:00,smart_card,exit,G12,2.47
TX0003437,ST04,2026-07-10 03:00:00,monthly_pass,entry,G11,3.59
TX0003438,ST03,2026-08-09 21:00:00,smart_card,exit,G05,2.45
TX0003439,ST02,2026-07-02 23:00:00,smart_card,entry,G09,1.78
TX0003440,ST01,2026-07-23 22:00:00,smart_card,entry,G07,1.8
TX0003441,ST06,2026-06-27 17:00:00,smart_card,entry,G04,3.12
TX0003442,ST01,2026-07-25 09:00:00,single_ticket,exit,G01,4.5
TX0003443,ST08,2026-06-23 14:00:00,single_ticket,exit,G02,3.07
TX0003444,ST09,2026-07-08 00:00:00,smart_card,entry,G12,4.43
TX0003445,ST07,2026-08-01 07:00:00,smart_card,exit,G09,4.22
TX0003446,ST05,2026-07-18 19:00:00,day_pass,exit,G11,4.13
TX0003447,ST05,2026-07-27 13:00:00,monthly_pass,entry,G08,2.84
TX0003448,ST07,2026-07-04 03:00:00,smart_card,exit,G02,3.2
TX0003449,ST09,2026-07-12 23:00:00,single_ticket,exit,G07,3.41
TX0003450,ST09,2026-07-04 02:00:00,monthly_pass,entry,G12,1.53
TX0003451,ST02,2026-08-07 07:00:00,smart_card,entry,G09,1.63
TX0003452,ST02,2026-07-13 02:00:00,smart_card,entry,G04,4.38
TX0003453,ST09,2026-07-03 07:00:00,smart_card,exit,G08,2.82
TX0003454,ST05,2026-08-16 02:00:00,smart_card,exit,G08,4.01
TX0003455,ST06,2026-07-04 09:00:00,smart_card,entry,G03,1.87
TX0003456,ST05,2026-07-25 13:00:00,day_pass,exit,G06,2.27
TX0003457,ST10,2026-07-17 06:00:00,monthly_pass,exit,G11,1.66
TX0003458,ST03,2026-06-30 01:00:00,single_ticket,exit,G07,3.79
TX0003459,ST08,2026-07-10 02:00:00,monthly_pass,exit,G11,2.28
TX0003460,ST05,2026-07-04 08:00:00,monthly_pass,entry,G09,3.87
TX0003461,ST02,2026-07-01 03:00:00,single_ticket,entry,G02,3.84
TX0003462,ST10,2026-08-13 06:00:00,monthly_pass,entry,G07,1.81
TX0003463,ST03,2026-08-05 00:00:00,monthly_pass,exit,G08,2.36
TX0003464,ST08,2026-07-26 13:00:00,smart_card,exit,G08,3.11
TX0003465,ST01,2026-07-16 20:00:00,monthly_pass,exit,G11,3.92
TX0003466,ST04,2026-06-27 13:00:00,monthly_pass,entry,G05,3.89
TX0003467,ST09,2026-07-10 12:00:00,smart_card,entry,G09,3.12
TX0003468,ST08,2026-07-12 07:00:00,single_ticket,entry,G11,3.59
TX0003469,ST01,2026-08-04 14:00:00,smart_card,entry,G07,4.32
TX0003470,ST08,2026-06-25 15:00:00,smart_card,exit,G01,2.73
TX0003471,ST09,2026-07-04 00:00:00,single_ticket,entry,G11,1.89
TX0003472,ST02,2026-08-06 02:00:00,smart_card,exit,G03,1.91
TX0003473,ST02,2026-07-24 18:00:00,single_ticket,entry,G10,2.62
TX0003474,ST06,2026-07-28 18:00:00,smart_card,entry,G09,1.85
TX0003475,ST09,2026-08-18 03:00:00,smart_card,exit,G08,4.14
TX0003476,ST04,2026-07-16 11:00:00,single_ticket,entry,G10,3.12
TX0003477,ST04,2026-08-09 10:00:00,monthly_pass,entry,G06,3.81
TX0003478,ST06,2026-08-14 03:00:00,smart_card,entry,G02,4.48
TX0003479,ST03,2026-08-13 07:00:00,smart_card,entry,G10,2.71
TX0003480,ST07,2026-07-15 04:00:00,smart_card,entry,G07,3.91
TX0003481,ST05,2026-07-16 15:00:00,smart_card,entry,G11,3.7
TX0003482,ST09,2026-06-26 17:00:00,smart_card,entry,G04,2.26
TX0003483,ST01,2026-08-01 05:00:00,smart_card,exit,G02,1.85
TX0003484,ST03,2026-08-01 20:00:00,single_ticket,exit,G03,1.53
TX0003485,ST07,2026-08-13 13:00:00,smart_card,entry,G09,3.98
TX0003486,ST05,2026-07-05 09:00:00,day_pass,exit,G02,4.44
TX0003487,ST08,2026-06-24 23:00:00,smart_card,exit,G09,2.66
TX0003488,ST01,2026-07-29 00:00:00,monthly_pass,entry,G03,3.1
TX0003489,ST04,2026-07-08 06:00:00,smart_card,exit,G02,2.09
TX0003490,ST08,2026-06-30 08:00:00,smart_card,entry,G05,3.83
TX0003491,ST08,2026-07-14 04:00:00,smart_card,entry,G11,1.56
TX0003492,ST06,2026-07-16 00:00:00,smart_card,exit,G01,1.9
TX0003493,ST06,2026-07-25 18:00:00,monthly_pass,exit,G11,4.32
TX0003494,ST06,2026-07-17 16:00:00,smart_card,entry,G11,2.42
TX0003495,ST10,2026-08-15 22:00:00,smart_card,entry,G02,3.12
TX0003496,ST07,2026-07-07 05:00:00,day_pass,exit,G05,2.84
TX0003497,ST05,2026-07-08 13:00:00,smart_card,exit,G09,2.03
TX0003498,ST02,2026-07-08 16:00:00,single_ticket,entry,G06,3.62
TX0003499,ST06,2026-07-23 13:00:00,smart_card,entry,G03,4.21
TX0003500,ST04,2026-07-15 07:00:00,day_pass,entry,G07,3.2
TX0003501,ST09,2026-08-20 01:00:00,monthly_pass,entry,G03,2.3
TX0003502,ST09,2026-08-10 21:00:00,smart_card,exit,G01,4.05
TX0003503,ST08,2026-07-08 22:00:00,smart_card,exit,G02,2.38
TX0003504,ST02,2026-08-03 07:00:00,single_ticket,exit,G11,3.95
TX0003505,ST07,2026-06-23 02:00:00,single_ticket,entry,G09,4.07
TX0003506,ST05,2026-07-10 05:00:00,single_ticket,entry,G10,4.05
TX0003507,ST05,2026-07-14 03:00:00,smart_card,entry,G11,3.66
TX0003508,ST06,2026-06-30 18:00:00,smart_card,entry,G03,4.38
TX0003509,ST03,2026-07-30 11:00:00,single_ticket,entry,G07,4.18
TX0003510,ST09,2026-08-17 04:00:00,smart_card,entry,G05,4.3
TX0003511,ST06,2026-06-22 10:00:00,smart_card,exit,G04,2.79
TX0003512,ST03,2026-08-09 13:00:00,smart_card,exit,G05,2.23
TX0003513,ST01,2026-08-09 13:00:00,smart_card,exit,G03,4.49
TX0003514,ST07,2026-06-27 05:00:00,day_pass,entry,G07,1.92
TX0003515,ST07,2026-06-28 18:00:00,smart_card,entry,G03,3.25
TX0003516,ST09,2026-08-08 21:00:00,smart_card,exit,G02,3.57
TX0003517,ST10,2026-07-27 18:00:00,monthly_pass,exit,G03,2.57
TX0003518,ST05,2026-08-14 11:00:00,single_ticket,exit,G08,2.34
TX0003519,ST02,2026-07-21 23:00:00,day_pass,exit,G07,1.94
TX0003520,ST02,2026-06-22 23:00:00,monthly_pass,entry,G10,1.62
TX0003521,ST01,2026-08-11 11:00:00,single_ticket,exit,G12,4.43
TX0003522,ST10,2026-08-19 16:00:00,smart_card,exit,G03,2.81
TX0003523,ST08,2026-08-15 07:00:00,smart_card,exit,G12,2.37
TX0003524,ST02,2026-08-15 11:00:00,smart_card,exit,G04,2.05
TX0003525,ST01,2026-08-05 20:00:00,smart_card,entry,G02,2.2
TX0003526,ST10,2026-08-02 23:00:00,smart_card,entry,G10,3.08
TX0003527,ST09,2026-08-15 05:00:00,smart_card,entry,G03,2.23
TX0003528,ST08,2026-07-21 20:00:00,smart_card,entry,G04,2.32
TX0003529,ST04,2026-07-29 22:00:00,smart_card,exit,G09,4.46
TX0003530,ST08,2026-08-02 20:00:00,smart_card,exit,G10,3.28
TX0003531,ST05,2026-08-19 02:00:00,smart_card,exit,G09,1.81
TX0003532,ST04,2026-06-27 12:00:00,single_ticket,entry,G02,3.76
TX0003533,ST04,2026-07-04 06:00:00,monthly_pass,exit,G03,1.74
TX0003534,ST01,2026-08-09 00:00:00,single_ticket,entry,G07,2.46
TX0003535,ST06,2026-06-27 23:00:00,monthly_pass,exit,G12,2.52
TX0003536,ST07,2026-06-24 05:00:00,smart_card,entry,G03,3.58
TX0003537,ST06,2026-08-07 11:00:00,day_pass,exit,G08,1.73
TX0003538,ST03,2026-07-09 06:00:00,smart_card,entry,G12,3.24
TX0003539,ST10,2026-08-15 19:00:00,smart_card,entry,G07,3.08
TX0003540,ST10,2026-07-15 14:00:00,single_ticket,entry,G04,2.51
TX0003541,ST05,2026-08-01 14:00:00,day_pass,exit,G10,2.94
TX0003542,ST06,2026-07-29 14:00:00,smart_card,exit,G03,2.9
TX0003543,ST02,2026-07-10 19:00:00,smart_card,entry,G05,4.42
TX0003544,ST01,2026-07-18 04:00:00,day_pass,entry,G03,3.51
TX0003545,ST07,2026-08-18 19:00:00,smart_card,entry,G09,2.39
TX0003546,ST01,2026-08-17 00:00:00,smart_card,exit,G12,3.89
TX0003547,ST10,2026-08-14 10:00:00,smart_card,entry,G12,2.85
TX0003548,ST04,2026-08-13 09:00:00,smart_card,exit,G01,1.79
TX0003549,ST03,2026-08-07 12:00:00,smart_card,exit,G12,1.92
TX0003550,ST04,2026-06-25 04:00:00,smart_card,exit,G08,3.2
TX0003551,ST03,2026-06-30 13:00:00,smart_card,exit,G01,1.99
TX0003552,ST07,2026-07-23 12:00:00,day_pass,exit,G02,4.0
TX0003553,ST10,2026-07-18 19:00:00,single_ticket,exit,G01,1.99
TX0003554,ST02,2026-06-24 18:00:00,smart_card,entry,G06,2.61
TX0003555,ST09,2026-07-21 16:00:00,smart_card,entry,G09,3.17
TX0003556,ST06,2026-07-10 12:00:00,monthly_pass,exit,G06,4.49
TX0003557,ST10,2026-08-13 19:00:00,monthly_pass,entry,G01,1.64
TX0003558,ST03,2026-07-28 16:00:00,monthly_pass,exit,G04,3.4
TX0003559,ST06,2026-08-20 02:00:00,single_ticket,entry,G08,2.99
TX0003560,ST07,2026-07-05 16:00:00,monthly_pass,exit,G06,2.86
TX0003561,ST05,2026-06-30 17:00:00,smart_card,exit,G10,2.21
TX0003562,ST08,2026-07-15 08:00:00,smart_card,entry,G10,1.52
TX0003563,ST08,2026-08-06 04:00:00,smart_card,entry,G02,3.92
TX0003564,ST09,2026-06-30 20:00:00,smart_card,exit,G09,3.76
TX0003565,ST02,2026-08-06 17:00:00,smart_card,entry,G01,1.83
TX0003566,ST05,2026-07-26 13:00:00,single_ticket,exit,G01,3.14
TX0003567,ST05,2026-06-24 19:00:00,smart_card,entry,G07,2.51
TX0003568,ST09,2026-08-09 09:00:00,smart_card,exit,G12,1.82
TX0003569,ST06,2026-07-24 00:00:00,monthly_pass,exit,G12,2.88
TX0003570,ST04,2026-07-21 12:00:00,single_ticket,exit,G10,1.51
TX0003571,ST06,2026-07-08 10:00:00,smart_card,entry,G07,2.91
TX0003572,ST05,2026-07-07 18:00:00,smart_card,exit,G09,1.93
TX0003573,ST09,2026-08-01 19:00:00,smart_card,entry,G12,2.56
TX0003574,ST04,2026-06-27 22:00:00,smart_card,entry,G12,2.63
TX0003575,ST06,2026-08-08 20:00:00,smart_card,exit,G09,1.72
TX0003576,ST05,2026-07-18 21:00:00,day_pass,exit,G03,3.35
TX0003577,ST08,2026-07-04 08:00:00,monthly_pass,exit,G04,3.03
TX0003578,ST06,2026-07-03 12:00:00,smart_card,exit,G05,3.48
TX0003579,ST07,2026-08-01 22:00:00,smart_card,exit,G03,3.97
TX0003580,ST10,2026-07-05 10:00:00,smart_card,exit,G12,2.47
TX0003581,ST08,2026-06-25 11:00:00,day_pass,entry,G08,3.02
TX0003582,ST03,2026-06-28 19:00:00,smart_card,entry,G05,3.83
TX0003583,ST06,2026-08-11 14:00:00,single_ticket,entry,G04,2.56
TX0003584,ST09,2026-06-27 04:00:00,smart_card,entry,G10,3.17
TX0003585,ST09,2026-07-08 11:00:00,smart_card,entry,G03,3.18
TX0003586,ST04,2026-08-14 08:00:00,single_ticket,exit,G09,2.28
TX0003587,ST02,2026-06-23 13:00:00,smart_card,exit,G05,3.1
TX0003588,ST09,2026-07-08 09:00:00,day_pass,entry,G01,2.23
TX0003589,ST05,2026-07-18 04:00:00,smart_card,entry,G07,1.95
TX0003590,ST07,2026-07-28 18:00:00,single_ticket,exit,G02,3.89
TX0003591,ST05,2026-06-28 23:00:00,monthly_pass,entry,G12,4.09
TX0003592,ST05,2026-07-13 18:00:00,smart_card,exit,G03,3.91
TX0003593,ST03,2026-07-13 23:00:00,single_ticket,entry,G12,3.35
TX0003594,ST01,2026-07-27 14:00:00,single_ticket,exit,G08,1.72
TX0003595,ST07,2026-08-10 08:00:00,smart_card,entry,G09,3.09
TX0003596,ST05,2026-07-22 14:00:00,smart_card,exit,G02,4.36
TX0003597,ST04,2026-08-03 16:00:00,smart_card,entry,G03,4.22
TX0003598,ST07,2026-07-14 15:00:00,day_pass,exit,G01,3.92
TX0003599,ST04,2026-06-25 14:00:00,single_ticket,exit,G06,3.58
TX0003600,ST02,2026-07-24 07:00:00,smart_card,entry,G04,3.02
TX0003601,ST03,2026-07-31 16:00:00,single_ticket,exit,G02,2.82
TX0003602,ST03,2026-07-19 03:00:00,single_ticket,exit,G04,3.27
TX0003603,ST01,2026-07-16 07:00:00,smart_card,entry,G07,2.92
TX0003604,ST06,2026-07-07 18:00:00,smart_card,exit,G07,2.74
TX0003605,ST02,2026-06-25 04:00:00,smart_card,exit,G08,3.29
TX0003606,ST07,2026-06-25 22:00:00,monthly_pass,entry,G10,4.25
TX0003607,ST09,2026-08-19 07:00:00,smart_card,entry,G05,2.16
TX0003608,ST07,2026-06-29 00:00:00,smart_card,entry,G11,1.91
TX0003609,ST10,2026-07-02 07:00:00,smart_card,entry,G03,1.97
TX0003610,ST07,2026-07-29 15:00:00,smart_card,exit,G07,3.6
TX0003611,ST03,2026-07-14 21:00:00,smart_card,entry,G12,4.11
TX0003612,ST01,2026-07-09 11:00:00,smart_card,entry,G01,3.8
TX0003613,ST08,2026-08-16 07:00:00,smart_card,entry,G01,2.71
TX0003614,ST06,2026-07-07 23:00:00,smart_card,exit,G07,3.2
TX0003615,ST06,2026-06-25 01:00:00,day_pass,entry,G09,1.64
TX0003616,ST05,2026-07-19 00:00:00,single_ticket,entry,G02,2.89
TX0003617,ST10,2026-07-05 04:00:00,single_ticket,exit,G09,3.74
TX0003618,ST01,2026-07-09 23:00:00,smart_card,exit,G01,3.88
TX0003619,ST09,2026-06-22 18:00:00,monthly_pass,exit,G07,3.34
TX0003620,ST01,2026-07-18 02:00:00,smart_card,exit,G03,4.0
TX0003621,ST02,2026-07-19 11:00:00,single_ticket,exit,G03,2.54
TX0003622,ST04,2026-08-01 15:00:00,single_ticket,exit,G12,1.76
TX0003623,ST07,2026-07-13 08:00:00,smart_card,entry,G11,3.05
TX0003624,ST10,2026-07-28 04:00:00,smart_card,exit,G05,4.48
TX0003625,ST02,2026-07-31 09:00:00,single_ticket,exit,G08,4.17
TX0003626,ST07,2026-08-08 10:00:00,single_ticket,exit,G12,4.13
TX0003627,ST02,2026-07-29 17:00:00,monthly_pass,exit,G09,3.32
TX0003628,ST04,2026-07-11 16:00:00,single_ticket,exit,G09,4.36
TX0003629,ST01,2026-07-03 06:00:00,monthly_pass,entry,G09,3.18
TX0003630,ST05,2026-07-15 18:00:00,single_ticket,entry,G07,2.81
TX0003631,ST10,2026-08-14 05:00:00,smart_card,exit,G02,3.48
TX0003632,ST04,2026-07-10 08:00:00,monthly_pass,exit,G01,3.16
TX0003633,ST08,2026-08-08 07:00:00,day_pass,exit,G06,3.59
TX0003634,ST03,2026-08-01 03:00:00,smart_card,entry,G07,2.63
TX0003635,ST08,2026-07-26 01:00:00,single_ticket,entry,G10,4.42
TX0003636,ST05,2026-07-18 10:00:00,smart_card,exit,G01,4.33
TX0003637,ST10,2026-08-18 02:00:00,monthly_pass,exit,G05,3.91
TX0003638,ST05,2026-06-25 06:00:00,single_ticket,exit,G05,1.6
TX0003639,ST06,2026-07-26 03:00:00,smart_card,exit,G09,2.29
TX0003640,ST07,2026-07-31 23:00:00,monthly_pass,exit,G07,4.31
TX0003641,ST03,2026-07-19 19:00:00,smart_card,entry,G05,3.93
TX0003642,ST08,2026-07-19 07:00:00,smart_card,exit,G09,2.26
TX0003643,ST04,2026-07-30 07:00:00,smart_card,exit,G10,3.22
TX0003644,ST07,2026-08-19 08:00:00,smart_card,exit,G08,1.58
TX0003645,ST02,2026-07-19 05:00:00,smart_card,entry,G11,3.99
TX0003646,ST10,2026-07-30 21:00:00,single_ticket,entry,G07,2.98
TX0003647,ST02,2026-07-21 11:00:00,smart_card,exit,G11,2.97
TX0003648,ST10,2026-08-14 03:00:00,monthly_pass,exit,G09,1.92
TX0003649,ST10,2026-08-03 10:00:00,smart_card,exit,G08,1.6
TX0003650,ST08,2026-07-07 21:00:00,smart_card,entry,G06,4.33
TX0003651,ST08,2026-07-13 09:00:00,smart_card,entry,G07,3.69
TX0003652,ST04,2026-07-05 08:00:00,smart_card,exit,G09,2.29
TX0003653,ST01,2026-08-06 07:00:00,single_ticket,entry,G11,1.57
TX0003654,ST02,2026-07-01 20:00:00,monthly_pass,exit,G09,3.41
TX0003655,ST08,2026-06-25 02:00:00,smart_card,exit,G05,4.11
TX0003656,ST09,2026-08-18 07:00:00,smart_card,exit,G01,2.91
TX0003657,ST05,2026-07-11 03:00:00,smart_card,entry,G12,3.5
TX0003658,ST04,2026-08-14 10:00:00,single_ticket,entry,G04,4.36
TX0003659,ST07,2026-08-04 17:00:00,smart_card,entry,G10,2.95
TX0003660,ST09,2026-07-14 03:00:00,smart_card,exit,G02,3.94
TX0003661,ST02,2026-06-24 20:00:00,single_ticket,exit,G04,2.54
TX0003662,ST07,2026-08-12 21:00:00,day_pass,entry,G01,1.54
TX0003663,ST02,2026-07-14 08:00:00,smart_card,exit,G05,4.06
TX0003664,ST10,2026-08-01 18:00:00,single_ticket,exit,G02,4.35
TX0003665,ST02,2026-08-09 21:00:00,single_ticket,entry,G11,1.67
TX0003666,ST04,2026-07-13 13:00:00,smart_card,exit,G05,3.45
TX0003667,ST04,2026-07-03 01:00:00,single_ticket,entry,G04,3.62
TX0003668,ST10,2026-08-03 12:00:00,smart_card,exit,G04,4.1
TX0003669,ST01,2026-07-05 09:00:00,smart_card,exit,G01,3.52
TX0003670,ST03,2026-08-08 21:00:00,smart_card,exit,G03,3.96
TX0003671,ST01,2026-07-21 03:00:00,single_ticket,exit,G01,3.7
TX0003672,ST10,2026-06-24 05:00:00,smart_card,entry,G01,2.65
TX0003673,ST09,2026-07-22 04:00:00,day_pass,entry,G11,1.9
TX0003674,ST10,2026-06-23 04:00:00,smart_card,exit,G09,4.18
TX0003675,ST03,2026-08-01 16:00:00,smart_card,exit,G05,4.36
TX0003676,ST05,2026-06-26 10:00:00,monthly_pass,exit,G04,1.57
TX0003677,ST08,2026-07-08 05:00:00,smart_card,entry,G03,3.61
TX0003678,ST03,2026-06-25 19:00:00,single_ticket,exit,G05,1.79
TX0003679,ST04,2026-07-12 15:00:00,single_ticket,entry,G04,3.62
TX0003680,ST07,2026-07-05 21:00:00,monthly_pass,exit,G10,2.14
TX0003681,ST04,2026-07-09 23:00:00,single_ticket,entry,G08,4.43
TX0003682,ST04,2026-06-27 06:00:00,single_ticket,exit,G02,3.73
TX0003683,ST10,2026-08-01 00:00:00,day_pass,exit,G06,3.61
TX0003684,ST03,2026-07-01 03:00:00,monthly_pass,exit,G02,2.16
TX0003685,ST03,2026-06-22 07:00:00,monthly_pass,entry,G02,2.22
TX0003686,ST06,2026-08-07 04:00:00,smart_card,exit,G08,3.17
TX0003687,ST03,2026-07-08 09:00:00,single_ticket,exit,G06,1.98
TX0003688,ST05,2026-07-22 22:00:00,smart_card,exit,G03,2.45
TX0003689,ST08,2026-08-04 00:00:00,smart_card,entry,G08,4.25
TX0003690,ST09,2026-06-30 03:00:00,single_ticket,exit,G06,2.86
TX0003691,ST09,2026-07-08 01:00:00,smart_card,entry,G05,2.52
TX0003692,ST05,2026-06-25 22:00:00,single_ticket,entry,G01,4.07
TX0003693,ST03,2026-07-07 09:00:00,smart_card,exit,G08,3.5
TX0003694,ST07,2026-07-06 14:00:00,day_pass,exit,G04,2.85
TX0003695,ST06,2026-06-26 15:00:00,smart_card,exit,G09,3.81
TX0003696,ST03,2026-07-01 09:00:00,smart_card,exit,G04,2.14
TX0003697,ST05,2026-08-20 03:00:00,single_ticket,exit,G08,1.82
TX0003698,ST07,2026-07-16 00:00:00,single_ticket,exit,G08,2.37
TX0003699,ST09,2026-07-11 22:00:00,single_ticket,exit,G02,2.45
TX0003700,ST04,2026-07-11 15:00:00,day_pass,entry,G02,4.2
TX0003701,ST03,2026-07-20 16:00:00,day_pass,exit,G06,4.41
TX0003702,ST02,2026-06-23 04:00:00,smart_card,entry,G04,1.66
TX0003703,ST10,2026-06-30 05:00:00,smart_card,entry,G11,4.17
TX0003704,ST06,2026-08-10 03:00:00,smart_card,entry,G02,3.98
TX0003705,ST01,2026-07-07 21:00:00,smart_card,exit,G02,2.07
TX0003706,ST06,2026-08-15 01:00:00,single_ticket,exit,G06,2.92
TX0003707,ST08,2026-07-28 08:00:00,smart_card,entry,G11,2.95
TX0003708,ST02,2026-07-24 13:00:00,smart_card,entry,G06,2.12
TX0003709,ST08,2026-08-18 23:00:00,smart_card,exit,G06,2.65
TX0003710,ST09,2026-08-03 20:00:00,single_ticket,exit,G11,1.98
TX0003711,ST08,2026-06-28 02:00:00,monthly_pass,entry,G08,3.18
TX0003712,ST08,2026-07-10 18:00:00,single_ticket,exit,G11,2.52
TX0003713,ST06,2026-06-30 19:00:00,smart_card,exit,G04,2.89
TX0003714,ST06,2026-08-08 08:00:00,smart_card,exit,G03,2.99
TX0003715,ST03,2026-07-24 04:00:00,smart_card,entry,G09,3.08
TX0003716,ST03,2026-08-12 01:00:00,smart_card,entry,G04,2.05
TX0003717,ST10,2026-06-29 21:00:00,single_ticket,entry,G03,1.54
TX0003718,ST05,2026-07-06 16:00:00,monthly_pass,exit,G08,3.22
TX0003719,ST03,2026-08-08 09:00:00,smart_card,entry,G10,2.41
TX0003720,ST05,2026-08-09 20:00:00,smart_card,exit,G11,1.69
TX0003721,ST07,2026-06-28 07:00:00,smart_card,entry,G02,2.63
TX0003722,ST03,2026-07-06 20:00:00,single_ticket,entry,G11,4.47
TX0003723,ST02,2026-07-31 21:00:00,monthly_pass,exit,G03,3.35
TX0003724,ST10,2026-07-16 18:00:00,smart_card,entry,G09,3.67
TX0003725,ST10,2026-07-24 22:00:00,smart_card,exit,G01,4.03
TX0003726,ST02,2026-08-04 17:00:00,smart_card,entry,G07,3.53
TX0003727,ST06,2026-08-18 00:00:00,single_ticket,entry,G11,2.82
TX0003728,ST04,2026-08-02 13:00:00,smart_card,entry,G03,4.1
TX0003729,ST04,2026-07-17 08:00:00,smart_card,entry,G11,2.42
TX0003730,ST07,2026-07-19 06:00:00,single_ticket,entry,G01,2.26
TX0003731,ST06,2026-08-10 13:00:00,smart_card,exit,G05,2.28
TX0003732,ST06,2026-08-06 03:00:00,smart_card,entry,G03,2.55
TX0003733,ST02,2026-07-17 11:00:00,smart_card,entry,G01,3.83
TX0003734,ST04,2026-07-13 00:00:00,smart_card,exit,G04,1.82
TX0003735,ST01,2026-08-13 11:00:00,single_ticket,exit,G12,3.07
TX0003736,ST01,2026-07-31 21:00:00,smart_card,exit,G11,3.3
TX0003737,ST07,2026-07-23 23:00:00,single_ticket,exit,G03,4.29
TX0003738,ST08,2026-08-12 21:00:00,smart_card,exit,G07,2.65
TX0003739,ST03,2026-08-18 02:00:00,smart_card,exit,G02,2.93
TX0003740,ST04,2026-08-11 17:00:00,smart_card,exit,G11,3.56
TX0003741,ST03,2026-07-04 03:00:00,single_ticket,exit,G03,2.0
TX0003742,ST03,2026-06-24 09:00:00,smart_card,entry,G11,2.72
TX0003743,ST07,2026-08-20 01:00:00,single_ticket,entry,G04,1.6
TX0003744,ST03,2026-07-14 06:00:00,smart_card,entry,G02,1.51
TX0003745,ST07,2026-08-08 17:00:00,day_pass,exit,G12,2.77
TX0003746,ST02,2026-07-03 19:00:00,smart_card,entry,G02,3.95
TX0003747,ST08,2026-07-27 08:00:00,day_pass,exit,G08,2.65
TX0003748,ST08,2026-07-12 02:00:00,smart_card,exit,G08,3.16
TX0003749,ST08,2026-06-22 10:00:00,monthly_pass,exit,G05,2.91
TX0003750,ST07,2026-08-08 18:00:00,monthly_pass,entry,G09,2.79
TX0003751,ST03,2026-07-31 22:00:00,smart_card,exit,G10,3.34
TX0003752,ST09,2026-07-13 06:00:00,single_ticket,entry,G08,4.35
TX0003753,ST05,2026-08-09 19:00:00,smart_card,exit,G10,3.15
TX0003754,ST10,2026-07-12 00:00:00,monthly_pass,entry,G04,4.05
TX0003755,ST10,2026-08-12 15:00:00,smart_card,entry,G03,2.51
TX0003756,ST05,2026-07-04 23:00:00,smart_card,entry,G06,2.34
TX0003757,ST04,2026-08-11 09:00:00,smart_card,exit,G03,1.74
TX0003758,ST10,2026-08-07 12:00:00,monthly_pass,entry,G02,3.25
TX0003759,ST06,2026-07-14 04:00:00,monthly_pass,exit,G02,3.71
TX0003760,ST08,2026-07-12 10:00:00,smart_card,exit,G01,3.39
TX0003761,ST02,2026-08-08 01:00:00,smart_card,exit,G05,4.05
TX0003762,ST10,2026-06-24 14:00:00,single_ticket,entry,G04,2.13
TX0003763,ST06,2026-07-13 01:00:00,smart_card,entry,G01,3.5
TX0003764,ST09,2026-08-12 15:00:00,monthly_pass,entry,G09,2.99
TX0003765,ST02,2026-06-26 05:00:00,smart_card,entry,G06,2.45
TX0003766,ST01,2026-08-05 05:00:00,single_ticket,entry,G04,2.96
TX0003767,ST01,2026-08-08 23:00:00,smart_card,exit,G03,3.66
TX0003768,ST05,2026-07-18 09:00:00,monthly_pass,exit,G06,4.17
TX0003769,ST02,2026-07-12 22:00:00,single_ticket,exit,G10,3.3
TX0003770,ST09,2026-08-03 22:00:00,monthly_pass,entry,G01,3.49
TX0003771,ST01,2026-08-04 04:00:00,smart_card,exit,G04,4.3
TX0003772,ST07,2026-07-22 11:00:00,smart_card,exit,G05,3.72
TX0003773,ST09,2026-07-01 22:00:00,smart_card,entry,G08,2.16
TX0003774,ST07,2026-08-11 14:00:00,day_pass,entry,G10,3.8
TX0003775,ST05,2026-06-27 18:00:00,smart_card,entry,G09,1.89
TX0003776,ST09,2026-08-13 22:00:00,smart_card,exit,G08,1.9
TX0003777,ST09,2026-06-25 18:00:00,single_ticket,entry,G10,4.35
TX0003778,ST04,2026-08-05 11:00:00,smart_card,entry,G08,1.84
TX0003779,ST09,2026-08-11 13:00:00,day_pass,entry,G06,3.99
TX0003780,ST02,2026-08-07 04:00:00,day_pass,exit,G09,3.53
TX0003781,ST01,2026-06-26 05:00:00,smart_card,exit,G05,3.77
TX0003782,ST10,2026-06-23 01:00:00,single_ticket,entry,G11,3.18
TX0003783,ST03,2026-07-02 15:00:00,smart_card,entry,G04,3.77
TX0003784,ST02,2026-08-04 07:00:00,smart_card,exit,G08,4.36
TX0003785,ST02,2026-08-13 01:00:00,day_pass,entry,G01,3.73
TX0003786,ST02,2026-08-06 07:00:00,smart_card,entry,G09,2.46
TX0003787,ST02,2026-08-10 16:00:00,monthly_pass,exit,G02,4.18
TX0003788,ST03,2026-07-29 10:00:00,smart_card,exit,G07,2.94
TX0003789,ST10,2026-08-18 18:00:00,smart_card,exit,G03,1.98
TX0003790,ST02,2026-07-25 12:00:00,smart_card,entry,G01,4.22
TX0003791,ST08,2026-08-03 16:00:00,smart_card,exit,G08,2.74
TX0003792,ST05,2026-07-27 23:00:00,monthly_pass,entry,G09,2.25
TX0003793,ST04,2026-07-09 15:00:00,single_ticket,entry,G10,3.42
TX0003794,ST06,2026-07-31 10:00:00,single_ticket,exit,G10,4.49
TX0003795,ST03,2026-06-28 08:00:00,monthly_pass,entry,G06,4.03
TX0003796,ST04,2026-07-24 15:00:00,smart_card,entry,G12,2.25
TX0003797,ST01,2026-08-04 15:00:00,smart_card,exit,G10,3.64
TX0003798,ST06,2026-07-31 22:00:00,day_pass,exit,G01,2.26
TX0003799,ST02,2026-07-31 18:00:00,single_ticket,exit,G05,3.04
TX0003800,ST04,2026-07-10 21:00:00,smart_card,entry,G09,1.92
TX0003801,ST07,2026-07-08 00:00:00,day_pass,exit,G08,2.37
TX0003802,ST02,2026-06-28 13:00:00,smart_card,exit,G11,4.47
TX0003803,ST03,2026-07-22 20:00:00,single_ticket,exit,G07,2.87
TX0003804,ST02,2026-07-31 20:00:00,monthly_pass,exit,G05,3.73
TX0003805,ST03,2026-06-30 15:00:00,smart_card,exit,G02,2.82
TX0003806,ST10,2026-08-10 21:00:00,day_pass,exit,G12,1.51
TX0003807,ST10,2026-07-12 23:00:00,monthly_pass,exit,G06,3.46
TX0003808,ST04,2026-07-31 12:00:00,smart_card,entry,G10,2.76
TX0003809,ST07,2026-06-24 13:00:00,smart_card,entry,G12,2.28
TX0003810,ST10,2026-08-03 08:00:00,monthly_pass,exit,G09,2.09
TX0003811,ST10,2026-07-31 17:00:00,smart_card,entry,G02,2.96
TX0003812,ST06,2026-08-02 19:00:00,smart_card,exit,G07,4.19
TX0003813,ST08,2026-07-12 01:00:00,smart_card,entry,G05,2.52
TX0003814,ST03,2026-06-28 14:00:00,smart_card,exit,G08,3.2
TX0003815,ST10,2026-08-12 12:00:00,smart_card,exit,G04,1.65
TX0003816,ST03,2026-06-23 02:00:00,day_pass,exit,G02,3.67
TX0003817,ST01,2026-06-22 08:00:00,smart_card,entry,G09,3.85
TX0003818,ST08,2026-07-23 06:00:00,smart_card,exit,G11,2.63
TX0003819,ST02,2026-08-03 15:00:00,monthly_pass,exit,G01,2.82
TX0003820,ST09,2026-06-27 16:00:00,smart_card,entry,G03,1.71
TX0003821,ST09,2026-07-02 13:00:00,smart_card,entry,G06,4.26
TX0003822,ST03,2026-08-05 13:00:00,monthly_pass,exit,G09,3.15
TX0003823,ST08,2026-06-23 08:00:00,smart_card,exit,G04,1.92
TX0003824,ST06,2026-07-08 20:00:00,smart_card,entry,G07,3.73
TX0003825,ST05,2026-07-14 07:00:00,day_pass,entry,G04,3.84
TX0003826,ST07,2026-07-04 06:00:00,smart_card,exit,G05,2.1
TX0003827,ST10,2026-07-03 23:00:00,smart_card,entry,G05,2.86
TX0003828,ST01,2026-07-10 12:00:00,monthly_pass,exit,G05,2.83
TX0003829,ST07,2026-07-18 01:00:00,smart_card,entry,G04,2.62
TX0003830,ST07,2026-08-12 10:00:00,monthly_pass,exit,G02,4.09
TX0003831,ST09,2026-06-30 05:00:00,smart_card,entry,G07,3.62
TX0003832,ST10,2026-08-18 22:00:00,monthly_pass,entry,G10,4.15
TX0003833,ST03,2026-08-02 22:00:00,smart_card,entry,G04,3.09
TX0003834,ST10,2026-07-30 22:00:00,smart_card,exit,G04,3.93
TX0003835,ST07,2026-07-12 17:00:00,single_ticket,entry,G12,2.21
TX0003836,ST09,2026-07-04 03:00:00,smart_card,exit,G04,2.34
TX0003837,ST09,2026-07-08 10:00:00,smart_card,entry,G06,2.98
TX0003838,ST01,2026-06-25 21:00:00,single_ticket,entry,G05,2.97
TX0003839,ST09,2026-07-13 19:00:00,day_pass,entry,G02,1.63
TX0003840,ST02,2026-08-08 13:00:00,smart_card,entry,G05,3.26
TX0003841,ST05,2026-07-25 09:00:00,day_pass,exit,G04,1.55
TX0003842,ST10,2026-07-29 00:00:00,smart_card,exit,G04,2.08
TX0003843,ST07,2026-06-26 18:00:00,single_ticket,entry,G10,2.44
TX0003844,ST07,2026-08-03 00:00:00,smart_card,exit,G11,4.01
TX0003845,ST08,2026-08-17 03:00:00,single_ticket,entry,G02,2.09
TX0003846,ST07,2026-06-27 08:00:00,smart_card,entry,G03,2.67
TX0003847,ST04,2026-07-14 23:00:00,smart_card,entry,G05,3.44
TX0003848,ST01,2026-07-03 15:00:00,smart_card,entry,G07,1.95
TX0003849,ST01,2026-08-14 14:00:00,smart_card,entry,G12,1.72
TX0003850,ST09,2026-07-01 02:00:00,single_ticket,exit,G10,1.52
TX0003851,ST08,2026-08-16 04:00:00,smart_card,exit,G01,4.39
TX0003852,ST10,2026-08-02 12:00:00,smart_card,exit,G09,1.62
TX0003853,ST10,2026-08-03 21:00:00,smart_card,exit,G12,3.46
TX0003854,ST05,2026-08-20 10:00:00,smart_card,exit,G03,1.51
TX0003855,ST08,2026-06-28 22:00:00,smart_card,entry,G05,3.98
TX0003856,ST05,2026-08-09 13:00:00,monthly_pass,entry,G04,3.51
TX0003857,ST05,2026-06-22 20:00:00,smart_card,exit,G03,4.44
TX0003858,ST09,2026-07-29 02:00:00,smart_card,entry,G05,4.31
TX0003859,ST09,2026-07-09 03:00:00,smart_card,exit,G10,4.4
TX0003860,ST10,2026-07-26 13:00:00,single_ticket,exit,G01,1.73
TX0003861,ST09,2026-08-15 03:00:00,single_ticket,exit,G06,3.26
TX0003862,ST06,2026-08-05 04:00:00,smart_card,entry,G11,3.74
TX0003863,ST01,2026-07-09 12:00:00,smart_card,exit,G02,1.87
TX0003864,ST01,2026-07-09 13:00:00,monthly_pass,exit,G10,2.13
TX0003865,ST02,2026-07-25 23:00:00,smart_card,entry,G09,2.72
TX0003866,ST09,2026-07-29 17:00:00,day_pass,entry,G03,4.05
TX0003867,ST04,2026-08-21 03:00:00,smart_card,entry,G10,3.95
TX0003868,ST04,2026-07-19 09:00:00,day_pass,entry,G03,3.95
TX0003869,ST03,2026-08-16 14:00:00,day_pass,entry,G06,2.33
TX0003870,ST07,2026-06-30 02:00:00,smart_card,exit,G11,3.8
TX0003871,ST06,2026-07-24 20:00:00,smart_card,exit,G09,1.78
TX0003872,ST09,2026-08-16 17:00:00,smart_card,entry,G06,4.35
TX0003873,ST01,2026-07-21 19:00:00,day_pass,entry,G02,2.99
TX0003874,ST06,2026-07-14 10:00:00,smart_card,exit,G02,3.65
TX0003875,ST09,2026-07-19 17:00:00,smart_card,exit,G01,4.42
TX0003876,ST03,2026-07-19 05:00:00,single_ticket,exit,G01,2.74
TX0003877,ST01,2026-07-09 04:00:00,single_ticket,entry,G03,2.41
TX0003878,ST08,2026-07-24 11:00:00,smart_card,entry,G07,2.45
TX0003879,ST02,2026-08-06 13:00:00,smart_card,exit,G12,1.78
TX0003880,ST09,2026-07-05 20:00:00,smart_card,exit,G11,3.53
TX0003881,ST03,2026-08-09 04:00:00,smart_card,entry,G03,4.49
TX0003882,ST07,2026-06-25 23:00:00,smart_card,entry,G11,4.12
TX0003883,ST03,2026-06-22 18:00:00,monthly_pass,exit,G12,4.4
TX0003884,ST10,2026-07-03 06:00:00,monthly_pass,exit,G08,2.13
TX0003885,ST10,2026-08-11 05:00:00,day_pass,entry,G04,1.71
TX0003886,ST03,2026-08-04 02:00:00,smart_card,entry,G05,2.33
TX0003887,ST07,2026-08-09 14:00:00,smart_card,exit,G06,3.33
TX0003888,ST05,2026-07-02 01:00:00,smart_card,exit,G03,3.7
TX0003889,ST05,2026-07-25 11:00:00,smart_card,exit,G09,3.85
TX0003890,ST06,2026-07-11 21:00:00,monthly_pass,exit,G08,1.64
TX0003891,ST09,2026-08-15 09:00:00,day_pass,entry,G03,3.32
TX0003892,ST07,2026-07-24 14:00:00,monthly_pass,exit,G01,2.3
TX0003893,ST03,2026-06-22 13:00:00,monthly_pass,exit,G03,2.29
TX0003894,ST03,2026-07-31 06:00:00,smart_card,entry,G05,3.85
TX0003895,ST10,2026-07-13 09:00:00,smart_card,exit,G04,4.18
TX0003896,ST10,2026-07-19 15:00:00,day_pass,entry,G07,3.29
TX0003897,ST07,2026-06-25 17:00:00,single_ticket,entry,G06,1.56
TX0003898,ST02,2026-06-25 16:00:00,monthly_pass,entry,G05,2.48
TX0003899,ST09,2026-07-07 05:00:00,smart_card,exit,G05,4.32
TX0003900,ST07,2026-07-11 11:00:00,smart_card,exit,G09,3.36
TX0003901,ST10,2026-07-14 21:00:00,smart_card,entry,G02,4.0
TX0003902,ST01,2026-08-07 11:00:00,smart_card,exit,G05,2.93
TX0003903,ST09,2026-07-04 16:00:00,smart_card,exit,G04,2.84
TX0003904,ST01,2026-08-19 19:00:00,smart_card,entry,G10,3.16
TX0003905,ST05,2026-06-25 11:00:00,smart_card,entry,G10,4.03
TX0003906,ST05,2026-07-28 13:00:00,smart_card,exit,G11,4.34
TX0003907,ST09,2026-07-06 19:00:00,smart_card,exit,G07,3.1
TX0003908,ST06,2026-07-04 23:00:00,day_pass,exit,G12,4.37
TX0003909,ST06,2026-07-24 13:00:00,smart_card,exit,G12,3.85
TX0003910,ST07,2026-07-24 01:00:00,single_ticket,exit,G11,3.83
TX0003911,ST09,2026-06-23 07:00:00,smart_card,exit,G04,4.33
TX0003912,ST07,2026-07-10 08:00:00,single_ticket,exit,G05,1.92
TX0003913,ST06,2026-08-14 15:00:00,smart_card,entry,G04,1.65
TX0003914,ST03,2026-07-19 22:00:00,day_pass,entry,G08,1.86
TX0003915,ST02,2026-08-07 20:00:00,single_ticket,entry,G06,3.2
TX0003916,ST02,2026-08-10 02:00:00,smart_card,entry,G08,4.08
TX0003917,ST10,2026-07-05 07:00:00,single_ticket,entry,G01,1.66
TX0003918,ST08,2026-07-13 02:00:00,smart_card,entry,G02,3.03
TX0003919,ST05,2026-07-21 03:00:00,smart_card,exit,G04,3.38
TX0003920,ST07,2026-07-02 11:00:00,smart_card,entry,G12,3.33
TX0003921,ST01,2026-07-18 14:00:00,single_ticket,entry,G05,2.37
TX0003922,ST06,2026-07-22 03:00:00,single_ticket,exit,G04,2.23
TX0003923,ST03,2026-08-02 18:00:00,monthly_pass,exit,G08,1.57
TX0003924,ST04,2026-08-08 22:00:00,smart_card,exit,G12,1.98
TX0003925,ST02,2026-07-22 13:00:00,smart_card,exit,G02,1.54
TX0003926,ST04,2026-08-19 09:00:00,smart_card,exit,G05,2.96
TX0003927,ST08,2026-08-10 16:00:00,single_ticket,exit,G11,3.49
TX0003928,ST09,2026-06-25 10:00:00,smart_card,entry,G12,3.33
TX0003929,ST01,2026-06-27 16:00:00,smart_card,entry,G11,3.65
TX0003930,ST02,2026-06-24 03:00:00,monthly_pass,entry,G05,1.75
TX0003931,ST04,2026-07-05 16:00:00,smart_card,entry,G07,3.2
TX0003932,ST03,2026-07-26 17:00:00,smart_card,entry,G11,2.11
TX0003933,ST09,2026-07-10 04:00:00,smart_card,entry,G06,3.44
TX0003934,ST08,2026-08-12 18:00:00,smart_card,exit,G11,3.92
TX0003935,ST09,2026-07-31 01:00:00,smart_card,exit,G09,3.41
TX0003936,ST06,2026-07-12 13:00:00,smart_card,entry,G03,2.69
TX0003937,ST01,2026-07-24 11:00:00,smart_card,exit,G03,2.66
TX0003938,ST09,2026-07-20 15:00:00,smart_card,exit,G07,3.18
TX0003939,ST09,2026-07-07 18:00:00,smart_card,entry,G07,4.18
TX0003940,ST02,2026-06-30 04:00:00,smart_card,exit,G11,3.47
TX0003941,ST02,2026-07-29 10:00:00,monthly_pass,entry,G04,1.79
TX0003942,ST07,2026-08-09 05:00:00,smart_card,exit,G09,3.85
TX0003943,ST06,2026-08-12 12:00:00,smart_card,exit,G12,1.66
TX0003944,ST02,2026-08-07 01:00:00,day_pass,entry,G09,2.62
TX0003945,ST01,2026-07-11 18:00:00,day_pass,entry,G06,2.63
TX0003946,ST05,2026-08-16 20:00:00,single_ticket,entry,G12,3.37
TX0003947,ST07,2026-08-09 09:00:00,smart_card,exit,G07,4.01
TX0003948,ST05,2026-07-05 10:00:00,day_pass,exit,G06,2.33
TX0003949,ST05,2026-07-15 08:00:00,single_ticket,exit,G10,3.4
TX0003950,ST09,2026-08-01 08:00:00,smart_card,exit,G02,3.24
TX0003951,ST10,2026-06-30 06:00:00,smart_card,entry,G10,3.33
TX0003952,ST10,2026-07-06 22:00:00,smart_card,entry,G03,1.56
TX0003953,ST10,2026-08-09 12:00:00,smart_card,entry,G03,3.04
TX0003954,ST05,2026-07-30 02:00:00,smart_card,entry,G02,4.31
TX0003955,ST10,2026-07-11 12:00:00,smart_card,exit,G08,2.24
TX0003956,ST07,2026-07-27 08:00:00,monthly_pass,entry,G02,3.86
TX0003957,ST06,2026-07-30 21:00:00,day_pass,entry,G11,3.66
TX0003958,ST01,2026-07-17 03:00:00,smart_card,entry,G01,4.46
TX0003959,ST10,2026-08-20 19:00:00,smart_card,exit,G05,2.45
TX0003960,ST05,2026-07-01 19:00:00,single_ticket,entry,G06,4.06
TX0003961,ST06,2026-08-13 01:00:00,smart_card,exit,G02,2.33
TX0003962,ST01,2026-07-15 16:00:00,day_pass,exit,G11,2.87
TX0003963,ST02,2026-07-11 14:00:00,monthly_pass,entry,G11,2.95
TX0003964,ST09,2026-07-11 06:00:00,smart_card,exit,G12,3.61
TX0003965,ST05,2026-08-07 19:00:00,smart_card,entry,G11,2.24
TX0003966,ST04,2026-07-19 18:00:00,monthly_pass,exit,G02,2.51
TX0003967,ST08,2026-07-13 11:00:00,smart_card,exit,G02,4.43
TX0003968,ST02,2026-06-27 21:00:00,smart_card,entry,G12,3.46
TX0003969,ST09,2026-08-16 22:00:00,single_ticket,entry,G03,3.15
TX0003970,ST06,2026-07-01 02:00:00,smart_card,exit,G08,1.67
TX0003971,ST03,2026-07-27 06:00:00,smart_card,entry,G03,4.49
TX0003972,ST10,2026-06-29 15:00:00,single_ticket,exit,G09,3.8
TX0003973,ST02,2026-08-16 09:00:00,smart_card,entry,G11,4.43
TX0003974,ST04,2026-07-25 10:00:00,smart_card,exit,G02,2.51
TX0003975,ST08,2026-08-11 11:00:00,smart_card,exit,G12,1.88
TX0003976,ST04,2026-07-09 17:00:00,smart_card,entry,G05,3.74
TX0003977,ST10,2026-07-10 02:00:00,day_pass,exit,G05,3.71
TX0003978,ST04,2026-08-18 05:00:00,monthly_pass,exit,G12,4.11
TX0003979,ST01,2026-06-25 12:00:00,monthly_pass,entry,G12,1.52
TX0003980,ST02,2026-07-02 19:00:00,smart_card,exit,G08,3.26
TX0003981,ST08,2026-08-12 05:00:00,monthly_pass,entry,G01,1.93
TX0003982,ST02,2026-07-31 01:00:00,smart_card,exit,G05,2.94
TX0003983,ST09,2026-07-27 18:00:00,smart_card,exit,G05,4.5
TX0003984,ST09,2026-07-05 05:00:00,smart_card,entry,G11,3.74
TX0003985,ST03,2026-08-09 18:00:00,day_pass,exit,G02,2.29
TX0003986,ST10,2026-08-14 17:00:00,smart_card,exit,G11,3.37
TX0003987,ST10,2026-08-04 03:00:00,single_ticket,entry,G12,2.94
TX0003988,ST04,2026-07-01 15:00:00,day_pass,exit,G03,2.86
TX0003989,ST09,2026-08-18 09:00:00,smart_card,exit,G03,1.7
TX0003990,ST06,2026-07-15 02:00:00,day_pass,exit,G12,3.43
TX0003991,ST09,2026-07-24 05:00:00,smart_card,entry,G12,3.34
TX0003992,ST06,2026-08-10 02:00:00,smart_card,entry,G06,1.77
TX0003993,ST05,2026-06-30 16:00:00,smart_card,entry,G10,1.89
TX0003994,ST09,2026-07-15 23:00:00,single_ticket,entry,G12,2.88
TX0003995,ST09,2026-07-10 08:00:00,smart_card,exit,G11,3.11
TX0003996,ST02,2026-07-19 08:00:00,day_pass,entry,G04,2.07
TX0003997,ST03,2026-07-06 02:00:00,smart_card,exit,G07,4.0
TX0003998,ST06,2026-06-22 15:00:00,single_ticket,exit,G02,3.63
TX0003999,ST02,2026-07-11 13:00:00,smart_card,entry,G07,2.18
TX0004000,ST06,2026-07-27 14:00:00,smart_card,entry,G01,3.91
TX0004001,ST02,2026-08-19 10:00:00,smart_card,entry,G02,3.26
TX0004002,ST05,2026-08-14 15:00:00,smart_card,entry,G05,2.45
TX0004003,ST03,2026-07-06 07:00:00,smart_card,entry,G02,3.99
TX0004004,ST03,2026-07-21 02:00:00,smart_card,entry,G04,3.04
TX0004005,ST03,2026-07-02 17:00:00,smart_card,exit,G08,2.81
TX0004006,ST05,2026-06-25 17:00:00,smart_card,entry,G12,1.55
TX0004007,ST03,2026-07-18 21:00:00,smart_card,entry,G04,3.96
TX0004008,ST02,2026-08-05 07:00:00,monthly_pass,entry,G08,2.33
TX0004009,ST02,2026-07-09 08:00:00,smart_card,exit,G06,2.37
TX0004010,ST09,2026-06-30 21:00:00,smart_card,entry,G08,4.01
TX0004011,ST02,2026-07-16 19:00:00,smart_card,exit,G02,1.76
TX0004012,ST02,2026-08-09 01:00:00,single_ticket,entry,G09,4.36
TX0004013,ST05,2026-06-24 10:00:00,smart_card,exit,G08,2.49
TX0004014,ST06,2026-07-06 05:00:00,smart_card,entry,G07,2.5
TX0004015,ST07,2026-06-28 17:00:00,monthly_pass,exit,G01,3.6
TX0004016,ST08,2026-08-02 01:00:00,monthly_pass,entry,G12,2.58
TX0004017,ST04,2026-08-20 04:00:00,smart_card,exit,G03,2.31
TX0004018,ST01,2026-08-08 22:00:00,single_ticket,entry,G01,1.98
TX0004019,ST08,2026-07-28 05:00:00,monthly_pass,entry,G02,2.5
TX0004020,ST03,2026-07-11 22:00:00,monthly_pass,exit,G09,4.42
TX0004021,ST04,2026-08-07 11:00:00,smart_card,entry,G02,1.89
TX0004022,ST02,2026-07-05 11:00:00,day_pass,exit,G12,4.31
TX0004023,ST08,2026-07-06 09:00:00,smart_card,exit,G08,3.22
TX0004024,ST07,2026-06-25 20:00:00,single_ticket,exit,G04,3.52
TX0004025,ST08,2026-08-06 12:00:00,smart_card,entry,G01,3.89
TX0004026,ST07,2026-08-16 12:00:00,single_ticket,exit,G02,1.63
TX0004027,ST07,2026-07-04 21:00:00,monthly_pass,entry,G09,4.42
TX0004028,ST10,2026-08-09 14:00:00,smart_card,exit,G06,3.78
TX0004029,ST01,2026-07-27 17:00:00,smart_card,entry,G09,3.91
TX0004030,ST02,2026-06-24 11:00:00,single_ticket,exit,G05,2.78
TX0004031,ST08,2026-07-16 05:00:00,smart_card,entry,G03,3.29
TX0004032,ST09,2026-06-22 14:00:00,single_ticket,exit,G11,3.18
TX0004033,ST03,2026-08-07 10:00:00,day_pass,entry,G06,1.79
TX0004034,ST02,2026-08-03 21:00:00,single_ticket,entry,G12,2.08
TX0004035,ST08,2026-07-20 18:00:00,day_pass,entry,G03,3.81
TX0004036,ST05,2026-06-23 21:00:00,smart_card,exit,G08,2.98
TX0004037,ST02,2026-07-07 10:00:00,smart_card,entry,G04,2.06
TX0004038,ST02,2026-07-27 13:00:00,monthly_pass,exit,G04,4.07
TX0004039,ST01,2026-07-08 08:00:00,smart_card,exit,G10,2.01
TX0004040,ST07,2026-06-25 15:00:00,single_ticket,exit,G01,4.27
TX0004041,ST03,2026-06-24 14:00:00,smart_card,exit,G07,3.76
TX0004042,ST10,2026-07-11 22:00:00,single_ticket,entry,G06,3.95
TX0004043,ST01,2026-06-30 01:00:00,smart_card,exit,G12,3.02
TX0004044,ST01,2026-08-08 00:00:00,day_pass,exit,G01,3.01
TX0004045,ST08,2026-07-24 23:00:00,smart_card,exit,G12,1.86
TX0004046,ST05,2026-06-29 22:00:00,smart_card,entry,G12,4.3
TX0004047,ST10,2026-07-13 07:00:00,smart_card,entry,G03,2.67
TX0004048,ST04,2026-07-15 23:00:00,smart_card,entry,G08,3.21
TX0004049,ST05,2026-07-06 22:00:00,monthly_pass,entry,G10,1.72
TX0004050,ST03,2026-08-11 12:00:00,smart_card,entry,G12,2.1
TX0004051,ST04,2026-07-29 02:00:00,smart_card,entry,G05,4.11
TX0004052,ST09,2026-07-15 03:00:00,smart_card,exit,G04,2.81
TX0004053,ST09,2026-06-26 07:00:00,smart_card,exit,G05,2.65
TX0004054,ST02,2026-06-28 15:00:00,smart_card,entry,G04,2.29
TX0004055,ST06,2026-08-05 09:00:00,single_ticket,exit,G08,4.38
TX0004056,ST04,2026-08-19 18:00:00,monthly_pass,exit,G12,3.53
TX0004057,ST01,2026-07-13 01:00:00,smart_card,entry,G07,2.98
TX0004058,ST09,2026-08-12 00:00:00,day_pass,entry,G10,4.36
TX0004059,ST09,2026-07-17 19:00:00,monthly_pass,exit,G12,3.23
TX0004060,ST07,2026-06-27 17:00:00,monthly_pass,exit,G12,4.29
TX0004061,ST03,2026-08-01 22:00:00,single_ticket,exit,G11,1.98
TX0004062,ST01,2026-08-04 19:00:00,monthly_pass,exit,G05,2.73
TX0004063,ST02,2026-07-25 04:00:00,smart_card,entry,G06,3.14
TX0004064,ST06,2026-08-05 14:00:00,single_ticket,entry,G04,2.04
TX0004065,ST05,2026-08-09 09:00:00,single_ticket,entry,G10,3.4
TX0004066,ST02,2026-08-10 22:00:00,smart_card,exit,G08,3.71
TX0004067,ST05,2026-07-21 00:00:00,smart_card,entry,G11,2.22
TX0004068,ST09,2026-08-07 17:00:00,smart_card,entry,G11,2.68
TX0004069,ST10,2026-06-26 15:00:00,smart_card,entry,G09,4.28
TX0004070,ST01,2026-07-16 19:00:00,smart_card,exit,G12,3.27
TX0004071,ST04,2026-08-12 23:00:00,day_pass,exit,G09,3.59
TX0004072,ST08,2026-07-25 16:00:00,single_ticket,exit,G02,3.89
TX0004073,ST06,2026-07-12 20:00:00,single_ticket,entry,G07,2.16
TX0004074,ST06,2026-07-28 12:00:00,single_ticket,entry,G09,3.66
TX0004075,ST10,2026-07-05 15:00:00,smart_card,exit,G09,4.16
TX0004076,ST02,2026-07-18 16:00:00,smart_card,entry,G05,4.36
TX0004077,ST04,2026-07-11 12:00:00,smart_card,exit,G02,1.8
TX0004078,ST04,2026-07-06 20:00:00,monthly_pass,entry,G06,2.13
TX0004079,ST05,2026-08-04 23:00:00,monthly_pass,entry,G03,1.52
TX0004080,ST07,2026-08-02 03:00:00,single_ticket,entry,G10,2.69
TX0004081,ST04,2026-08-01 19:00:00,smart_card,entry,G05,2.4
TX0004082,ST05,2026-07-24 03:00:00,monthly_pass,entry,G12,3.26
TX0004083,ST01,2026-07-24 14:00:00,smart_card,exit,G12,2.23
TX0004084,ST06,2026-08-12 06:00:00,smart_card,entry,G10,3.6
TX0004085,ST02,2026-07-30 00:00:00,single_ticket,exit,G04,4.38
TX0004086,ST06,2026-07-17 03:00:00,smart_card,exit,G05,1.8
TX0004087,ST04,2026-08-01 07:00:00,monthly_pass,exit,G02,2.14
TX0004088,ST03,2026-08-08 16:00:00,day_pass,exit,G02,2.08
TX0004089,ST01,2026-08-10 23:00:00,monthly_pass,entry,G06,4.44
TX0004090,ST07,2026-08-09 23:00:00,single_ticket,exit,G04,3.24
TX0004091,ST08,2026-06-28 09:00:00,monthly_pass,exit,G05,2.44
TX0004092,ST08,2026-07-08 16:00:00,single_ticket,entry,G09,2.64
TX0004093,ST04,2026-07-22 09:00:00,smart_card,entry,G12,3.94
TX0004094,ST07,2026-07-27 22:00:00,single_ticket,exit,G01,3.76
TX0004095,ST02,2026-07-28 05:00:00,monthly_pass,exit,G05,2.76
TX0004096,ST05,2026-08-15 23:00:00,smart_card,exit,G03,2.35
TX0004097,ST09,2026-08-15 12:00:00,single_ticket,entry,G07,4.37
TX0004098,ST01,2026-08-07 14:00:00,smart_card,entry,G03,4.01
TX0004099,ST03,2026-06-26 11:00:00,single_ticket,exit,G12,1.52
TX0004100,ST01,2026-07-19 13:00:00,single_ticket,exit,G08,3.03
TX0004101,ST03,2026-07-07 19:00:00,smart_card,entry,G11,1.63
TX0004102,ST01,2026-08-10 16:00:00,single_ticket,exit,G08,3.14
TX0004103,ST10,2026-08-17 07:00:00,smart_card,entry,G11,4.33
TX0004104,ST08,2026-08-17 20:00:00,smart_card,exit,G05,1.56
TX0004105,ST05,2026-06-28 11:00:00,single_ticket,entry,G10,2.42
TX0004106,ST01,2026-07-15 18:00:00,smart_card,exit,G05,3.01
TX0004107,ST09,2026-08-15 19:00:00,day_pass,exit,G05,2.27
TX0004108,ST01,2026-07-27 05:00:00,monthly_pass,entry,G05,1.86
TX0004109,ST06,2026-07-20 22:00:00,smart_card,entry,G10,2.31
TX0004110,ST02,2026-06-30 15:00:00,smart_card,exit,G10,2.66
TX0004111,ST06,2026-08-01 11:00:00,smart_card,entry,G08,2.43
TX0004112,ST06,2026-08-16 01:00:00,day_pass,exit,G04,4.48
TX0004113,ST02,2026-08-12 07:00:00,smart_card,entry,G05,4.38
TX0004114,ST02,2026-07-14 09:00:00,smart_card,entry,G07,3.4
TX0004115,ST06,2026-07-11 20:00:00,smart_card,entry,G07,1.66
TX0004116,ST01,2026-08-09 02:00:00,day_pass,entry,G06,1.74
TX0004117,ST03,2026-08-11 17:00:00,single_ticket,exit,G11,3.6
TX0004118,ST07,2026-08-14 19:00:00,smart_card,exit,G01,3.5
TX0004119,ST01,2026-07-24 02:00:00,smart_card,entry,G01,2.04
TX0004120,ST07,2026-07-17 23:00:00,day_pass,entry,G03,4.15
TX0004121,ST09,2026-07-30 05:00:00,smart_card,exit,G11,3.66
TX0004122,ST05,2026-07-10 23:00:00,smart_card,exit,G03,2.11
TX0004123,ST03,2026-08-02 13:00:00,smart_card,entry,G09,4.22
TX0004124,ST04,2026-07-27 08:00:00,smart_card,entry,G12,3.71
TX0004125,ST09,2026-08-06 22:00:00,smart_card,entry,G04,4.22
TX0004126,ST02,2026-08-10 09:00:00,single_ticket,exit,G11,4.17
TX0004127,ST07,2026-07-08 06:00:00,single_ticket,exit,G05,1.51
TX0004128,ST03,2026-06-28 07:00:00,monthly_pass,exit,G06,3.11
TX0004129,ST09,2026-07-17 07:00:00,smart_card,entry,G06,1.8
TX0004130,ST03,2026-08-12 03:00:00,smart_card,exit,G04,2.52
TX0004131,ST10,2026-07-03 01:00:00,day_pass,exit,G06,2.39
TX0004132,ST09,2026-07-19 01:00:00,smart_card,entry,G02,3.04
TX0004133,ST10,2026-08-08 01:00:00,smart_card,entry,G01,4.04
TX0004134,ST05,2026-07-09 07:00:00,smart_card,entry,G04,1.94
TX0004135,ST05,2026-08-09 01:00:00,smart_card,entry,G03,2.9
TX0004136,ST09,2026-07-24 02:00:00,smart_card,entry,G05,4.06
TX0004137,ST02,2026-08-13 02:00:00,smart_card,entry,G06,2.9
TX0004138,ST10,2026-07-28 06:00:00,smart_card,exit,G07,2.31
TX0004139,ST07,2026-07-22 07:00:00,monthly_pass,entry,G02,3.18
TX0004140,ST10,2026-07-02 20:00:00,smart_card,entry,G09,1.55
TX0004141,ST01,2026-07-30 04:00:00,smart_card,exit,G02,2.86
TX0004142,ST10,2026-07-30 15:00:00,single_ticket,entry,G03,3.08
TX0004143,ST09,2026-07-21 18:00:00,monthly_pass,entry,G12,2.16
TX0004144,ST05,2026-07-25 04:00:00,smart_card,exit,G11,2.25
TX0004145,ST01,2026-08-17 06:00:00,single_ticket,entry,G07,1.81
TX0004146,ST02,2026-06-22 09:00:00,smart_card,exit,G03,4.18
TX0004147,ST04,2026-07-29 03:00:00,smart_card,entry,G11,1.65
TX0004148,ST03,2026-07-18 00:00:00,monthly_pass,entry,G12,4.18
TX0004149,ST05,2026-07-13 22:00:00,single_ticket,entry,G08,4.38
TX0004150,ST09,2026-08-16 09:00:00,single_ticket,entry,G04,3.23
TX0004151,ST05,2026-07-10 02:00:00,smart_card,entry,G05,4.18
TX0004152,ST02,2026-08-02 03:00:00,single_ticket,exit,G01,3.06
TX0004153,ST04,2026-07-20 06:00:00,smart_card,entry,G10,1.6
TX0004154,ST02,2026-08-15 01:00:00,smart_card,exit,G12,2.24
TX0004155,ST01,2026-06-25 13:00:00,single_ticket,entry,G07,4.41
TX0004156,ST07,2026-08-20 11:00:00,single_ticket,exit,G07,3.94
TX0004157,ST05,2026-07-03 10:00:00,single_ticket,exit,G07,4.45
TX0004158,ST06,2026-07-27 19:00:00,smart_card,entry,G04,2.78
TX0004159,ST09,2026-06-30 09:00:00,day_pass,exit,G02,2.18
TX0004160,ST10,2026-07-09 19:00:00,monthly_pass,exit,G04,2.3
TX0004161,ST02,2026-06-27 17:00:00,monthly_pass,exit,G03,3.98
TX0004162,ST09,2026-08-01 05:00:00,smart_card,exit,G10,2.11
TX0004163,ST01,2026-07-28 20:00:00,smart_card,exit,G01,3.32
TX0004164,ST02,2026-06-27 23:00:00,smart_card,exit,G11,4.2
TX0004165,ST02,2026-06-25 02:00:00,smart_card,entry,G02,3.94
TX0004166,ST02,2026-07-11 05:00:00,monthly_pass,entry,G07,2.77
TX0004167,ST06,2026-08-02 21:00:00,smart_card,entry,G11,2.67
TX0004168,ST03,2026-08-12 13:00:00,smart_card,entry,G04,3.28
TX0004169,ST06,2026-07-29 11:00:00,smart_card,exit,G10,2.81
TX0004170,ST02,2026-07-09 02:00:00,monthly_pass,exit,G02,2.32
TX0004171,ST08,2026-07-06 12:00:00,smart_card,entry,G03,1.84
TX0004172,ST04,2026-07-15 10:00:00,monthly_pass,exit,G11,2.43
TX0004173,ST08,2026-07-31 23:00:00,monthly_pass,exit,G03,1.92
TX0004174,ST08,2026-08-02 04:00:00,smart_card,entry,G08,1.69
TX0004175,ST04,2026-07-19 21:00:00,day_pass,entry,G06,4.19
TX0004176,ST10,2026-07-07 21:00:00,smart_card,exit,G03,3.48
TX0004177,ST10,2026-06-28 15:00:00,smart_card,exit,G04,4.39
TX0004178,ST10,2026-07-16 20:00:00,smart_card,entry,G08,3.74
TX0004179,ST06,2026-08-01 12:00:00,monthly_pass,exit,G07,3.69
TX0004180,ST04,2026-08-04 22:00:00,smart_card,entry,G10,2.93
TX0004181,ST03,2026-07-22 19:00:00,smart_card,entry,G03,3.36
TX0004182,ST02,2026-07-20 01:00:00,smart_card,entry,G06,1.79
TX0004183,ST03,2026-08-20 10:00:00,smart_card,entry,G05,3.49
TX0004184,ST10,2026-08-19 01:00:00,smart_card,exit,G03,3.43
TX0004185,ST06,2026-07-13 05:00:00,smart_card,entry,G11,2.97
TX0004186,ST08,2026-06-30 23:00:00,smart_card,exit,G04,3.47
TX0004187,ST10,2026-08-15 12:00:00,smart_card,entry,G06,3.92
TX0004188,ST04,2026-07-15 18:00:00,single_ticket,exit,G08,2.75
TX0004189,ST06,2026-07-23 21:00:00,single_ticket,entry,G11,2.48
TX0004190,ST09,2026-08-09 16:00:00,smart_card,entry,G02,2.38
TX0004191,ST10,2026-07-04 20:00:00,day_pass,entry,G07,4.13
TX0004192,ST08,2026-07-17 08:00:00,smart_card,entry,G01,4.4
TX0004193,ST09,2026-07-26 12:00:00,smart_card,entry,G06,3.92
TX0004194,ST03,2026-07-06 08:00:00,monthly_pass,entry,G12,3.58
TX0004195,ST07,2026-08-06 20:00:00,single_ticket,exit,G07,4.02
TX0004196,ST05,2026-07-23 19:00:00,single_ticket,entry,G12,3.8
TX0004197,ST01,2026-08-10 22:00:00,smart_card,exit,G09,2.4
TX0004198,ST01,2026-06-24 02:00:00,smart_card,entry,G04,2.29
TX0004199,ST04,2026-07-08 09:00:00,single_ticket,exit,G12,4.11
TX0004200,ST01,2026-08-01 21:00:00,monthly_pass,entry,G09,4.07
TX0004201,ST03,2026-06-25 16:00:00,single_ticket,exit,G01,2.36
TX0004202,ST02,2026-06-28 05:00:00,smart_card,entry,G10,2.32
TX0004203,ST05,2026-08-10 04:00:00,single_ticket,exit,G07,4.39
TX0004204,ST09,2026-07-24 10:00:00,smart_card,entry,G12,3.23
TX0004205,ST07,2026-07-20 12:00:00,smart_card,exit,G09,3.77
TX0004206,ST02,2026-07-14 12:00:00,day_pass,entry,G02,1.62
TX0004207,ST03,2026-08-04 05:00:00,single_ticket,entry,G05,3.03
TX0004208,ST06,2026-07-14 08:00:00,single_ticket,entry,G10,2.71
TX0004209,ST09,2026-07-26 23:00:00,smart_card,exit,G07,2.29
TX0004210,ST05,2026-07-12 12:00:00,smart_card,exit,G01,2.46
TX0004211,ST09,2026-07-18 17:00:00,smart_card,exit,G01,4.06
TX0004212,ST07,2026-07-30 23:00:00,smart_card,exit,G04,1.56
TX0004213,ST08,2026-08-09 01:00:00,single_ticket,exit,G04,3.59
TX0004214,ST10,2026-07-31 07:00:00,single_ticket,entry,G07,3.03
TX0004215,ST02,2026-08-19 13:00:00,single_ticket,entry,G05,2.63
TX0004216,ST04,2026-07-13 10:00:00,single_ticket,exit,G04,4.18
TX0004217,ST06,2026-07-04 14:00:00,smart_card,exit,G05,3.78
TX0004218,ST07,2026-06-24 16:00:00,smart_card,entry,G03,3.31
TX0004219,ST06,2026-08-05 23:00:00,single_ticket,exit,G09,2.75
TX0004220,ST08,2026-06-25 10:00:00,smart_card,entry,G01,4.24
TX0004221,ST10,2026-07-16 21:00:00,smart_card,entry,G11,4.32
TX0004222,ST10,2026-08-20 23:00:00,monthly_pass,exit,G10,3.7
TX0004223,ST05,2026-07-07 04:00:00,smart_card,exit,G01,2.77
TX0004224,ST06,2026-06-28 07:00:00,monthly_pass,entry,G08,4.45
TX0004225,ST01,2026-06-23 18:00:00,day_pass,entry,G06,1.63
TX0004226,ST01,2026-07-16 05:00:00,single_ticket,entry,G08,4.05
TX0004227,ST09,2026-06-30 10:00:00,smart_card,exit,G05,2.39
TX0004228,ST03,2026-08-07 09:00:00,single_ticket,exit,G04,2.96
TX0004229,ST01,2026-07-21 22:00:00,smart_card,exit,G12,1.76
TX0004230,ST10,2026-07-28 15:00:00,monthly_pass,entry,G03,2.9
TX0004231,ST06,2026-06-30 00:00:00,smart_card,exit,G09,2.19
TX0004232,ST02,2026-07-29 12:00:00,smart_card,entry,G07,2.45
TX0004233,ST10,2026-07-05 16:00:00,single_ticket,exit,G12,3.2
TX0004234,ST07,2026-07-11 06:00:00,smart_card,entry,G06,4.42
TX0004235,ST01,2026-07-28 22:00:00,smart_card,entry,G07,2.18
TX0004236,ST01,2026-07-15 20:00:00,single_ticket,entry,G11,2.53
TX0004237,ST05,2026-08-03 23:00:00,smart_card,exit,G08,2.22
TX0004238,ST02,2026-07-25 18:00:00,smart_card,exit,G06,3.02
TX0004239,ST03,2026-08-14 18:00:00,smart_card,exit,G11,2.3
TX0004240,ST06,2026-08-07 19:00:00,smart_card,entry,G11,2.08
TX0004241,ST06,2026-06-24 06:00:00,smart_card,entry,G01,3.46
TX0004242,ST08,2026-08-17 14:00:00,smart_card,exit,G03,2.03
TX0004243,ST06,2026-08-07 18:00:00,smart_card,exit,G12,3.19
TX0004244,ST01,2026-07-02 04:00:00,smart_card,entry,G11,1.66
TX0004245,ST06,2026-08-12 22:00:00,smart_card,entry,G06,3.65
TX0004246,ST09,2026-07-04 11:00:00,smart_card,entry,G05,1.5
TX0004247,ST09,2026-07-07 11:00:00,smart_card,entry,G12,3.54
TX0004248,ST02,2026-06-28 18:00:00,smart_card,entry,G01,1.93
TX0004249,ST07,2026-07-18 23:00:00,smart_card,entry,G01,3.61
TX0004250,ST02,2026-07-11 10:00:00,single_ticket,exit,G08,1.74
TX0004251,ST01,2026-08-10 09:00:00,smart_card,exit,G02,2.46
TX0004252,ST05,2026-08-04 16:00:00,smart_card,exit,G03,3.63
TX0004253,ST03,2026-06-27 11:00:00,day_pass,entry,G01,3.36
TX0004254,ST07,2026-07-10 14:00:00,monthly_pass,entry,G12,2.37
TX0004255,ST02,2026-08-17 02:00:00,monthly_pass,exit,G01,2.87
TX0004256,ST09,2026-08-02 11:00:00,single_ticket,entry,G11,2.5
TX0004257,ST04,2026-07-15 11:00:00,smart_card,entry,G02,1.54
TX0004258,ST07,2026-08-09 20:00:00,day_pass,exit,G11,3.18
TX0004259,ST10,2026-08-05 12:00:00,single_ticket,entry,G04,4.47
TX0004260,ST07,2026-07-05 01:00:00,monthly_pass,exit,G06,3.04
TX0004261,ST09,2026-06-25 16:00:00,smart_card,exit,G02,2.62
TX0004262,ST02,2026-08-19 02:00:00,smart_card,exit,G04,2.98
TX0004263,ST06,2026-07-17 14:00:00,smart_card,entry,G02,3.65
TX0004264,ST05,2026-07-15 22:00:00,smart_card,exit,G03,1.8
TX0004265,ST07,2026-08-14 13:00:00,single_ticket,entry,G06,2.84
TX0004266,ST06,2026-07-12 23:00:00,monthly_pass,exit,G06,2.02
TX0004267,ST03,2026-08-17 00:00:00,smart_card,entry,G08,3.44
TX0004268,ST08,2026-07-12 11:00:00,smart_card,exit,G12,4.36
TX0004269,ST09,2026-07-26 08:00:00,smart_card,entry,G01,2.2
TX0004270,ST07,2026-07-26 07:00:00,smart_card,exit,G04,2.67
TX0004271,ST03,2026-07-14 10:00:00,monthly_pass,exit,G07,2.31
TX0004272,ST09,2026-07-08 14:00:00,smart_card,entry,G06,2.66
TX0004273,ST01,2026-07-29 23:00:00,smart_card,entry,G07,2.88
TX0004274,ST05,2026-07-27 06:00:00,smart_card,entry,G04,3.84
TX0004275,ST03,2026-07-26 02:00:00,smart_card,exit,G04,3.19
TX0004276,ST10,2026-07-30 13:00:00,single_ticket,exit,G09,3.0
TX0004277,ST03,2026-07-02 03:00:00,smart_card,entry,G03,1.59
TX0004278,ST09,2026-07-12 22:00:00,monthly_pass,exit,G02,1.63
TX0004279,ST06,2026-07-24 11:00:00,single_ticket,exit,G08,4.08
TX0004280,ST05,2026-07-29 18:00:00,smart_card,entry,G07,3.99
TX0004281,ST04,2026-07-05 22:00:00,smart_card,entry,G10,1.92
TX0004282,ST08,2026-08-20 22:00:00,smart_card,exit,G08,4.14
TX0004283,ST07,2026-07-04 13:00:00,smart_card,entry,G04,4.44
TX0004284,ST01,2026-07-04 12:00:00,smart_card,entry,G06,3.65
TX0004285,ST09,2026-06-28 20:00:00,smart_card,exit,G07,2.89
TX0004286,ST02,2026-07-06 14:00:00,smart_card,exit,G02,2.16
TX0004287,ST10,2026-08-05 04:00:00,smart_card,entry,G02,4.16
TX0004288,ST05,2026-07-07 03:00:00,single_ticket,exit,G12,2.56
TX0004289,ST01,2026-08-14 17:00:00,single_ticket,entry,G10,2.22
TX0004290,ST10,2026-08-15 04:00:00,smart_card,exit,G10,3.23
TX0004291,ST10,2026-07-22 09:00:00,smart_card,exit,G08,4.22
TX0004292,ST09,2026-07-19 07:00:00,monthly_pass,exit,G11,4.11
TX0004293,ST10,2026-08-02 02:00:00,smart_card,exit,G06,3.93
TX0004294,ST01,2026-07-15 02:00:00,smart_card,exit,G02,2.43
TX0004295,ST04,2026-06-30 06:00:00,smart_card,entry,G08,3.79
TX0004296,ST04,2026-07-16 23:00:00,smart_card,entry,G01,4.19
TX0004297,ST03,2026-07-21 03:00:00,smart_card,exit,G12,4.01
TX0004298,ST07,2026-07-04 12:00:00,monthly_pass,exit,G08,3.34
TX0004299,ST08,2026-07-26 14:00:00,day_pass,exit,G07,3.2
TX0004300,ST02,2026-08-11 13:00:00,single_ticket,entry,G09,4.03
TX0004301,ST02,2026-08-08 23:00:00,monthly_pass,exit,G06,3.07
TX0004302,ST04,2026-08-06 11:00:00,smart_card,entry,G08,2.24
TX0004303,ST03,2026-07-03 21:00:00,monthly_pass,exit,G06,2.85
TX0004304,ST05,2026-07-28 05:00:00,monthly_pass,entry,G03,4.05
TX0004305,ST03,2026-07-04 19:00:00,single_ticket,entry,G03,1.56
TX0004306,ST03,2026-07-17 05:00:00,monthly_pass,exit,G02,2.74
TX0004307,ST02,2026-07-31 06:00:00,day_pass,exit,G11,4.07
TX0004308,ST06,2026-07-02 18:00:00,smart_card,exit,G05,3.13
TX0004309,ST07,2026-07-22 18:00:00,smart_card,entry,G07,2.68
TX0004310,ST09,2026-07-15 02:00:00,single_ticket,entry,G03,3.64
TX0004311,ST06,2026-07-09 12:00:00,single_ticket,entry,G05,3.34
TX0004312,ST07,2026-08-01 23:00:00,smart_card,entry,G06,3.19
TX0004313,ST05,2026-07-21 12:00:00,smart_card,entry,G12,2.19
TX0004314,ST10,2026-07-07 07:00:00,smart_card,entry,G11,4.26
TX0004315,ST09,2026-06-27 08:00:00,smart_card,entry,G07,1.75
TX0004316,ST10,2026-07-11 00:00:00,smart_card,entry,G04,3.58
TX0004317,ST08,2026-07-17 11:00:00,smart_card,entry,G02,3.51
TX0004318,ST08,2026-08-14 19:00:00,smart_card,exit,G12,1.89
TX0004319,ST07,2026-08-17 08:00:00,monthly_pass,entry,G09,1.8
TX0004320,ST10,2026-06-22 14:00:00,smart_card,exit,G05,2.53
TX0004321,ST06,2026-07-25 13:00:00,monthly_pass,exit,G12,1.74
TX0004322,ST10,2026-06-22 09:00:00,smart_card,exit,G09,4.36
TX0004323,ST10,2026-07-26 11:00:00,smart_card,exit,G10,4.08
TX0004324,ST07,2026-07-24 09:00:00,single_ticket,exit,G04,4.34
TX0004325,ST07,2026-07-21 01:00:00,monthly_pass,entry,G05,4.47
TX0004326,ST02,2026-06-29 10:00:00,single_ticket,exit,G05,2.16
TX0004327,ST09,2026-08-20 08:00:00,monthly_pass,exit,G10,3.81
TX0004328,ST09,2026-08-07 04:00:00,smart_card,exit,G11,2.87
TX0004329,ST08,2026-07-31 00:00:00,smart_card,exit,G06,1.63
TX0004330,ST07,2026-07-31 22:00:00,monthly_pass,exit,G08,3.04
TX0004331,ST02,2026-07-16 04:00:00,smart_card,entry,G05,1.75
TX0004332,ST05,2026-08-05 07:00:00,smart_card,entry,G05,4.46
TX0004333,ST10,2026-08-10 05:00:00,smart_card,entry,G07,4.0
TX0004334,ST04,2026-07-16 14:00:00,day_pass,entry,G11,3.98
TX0004335,ST05,2026-06-30 10:00:00,smart_card,exit,G01,1.73
TX0004336,ST03,2026-06-26 10:00:00,smart_card,entry,G04,1.52
TX0004337,ST10,2026-07-27 20:00:00,smart_card,exit,G04,2.3
TX0004338,ST09,2026-08-05 07:00:00,smart_card,exit,G08,3.99
TX0004339,ST01,2026-07-02 08:00:00,smart_card,entry,G07,3.24
TX0004340,ST01,2026-06-26 15:00:00,smart_card,exit,G11,3.46
TX0004341,ST07,2026-08-18 04:00:00,single_ticket,entry,G02,1.89
TX0004342,ST06,2026-07-28 07:00:00,smart_card,entry,G09,2.88
TX0004343,ST09,2026-08-11 15:00:00,day_pass,exit,G05,2.9
TX0004344,ST10,2026-07-02 11:00:00,smart_card,exit,G01,4.44
TX0004345,ST09,2026-08-13 10:00:00,smart_card,exit,G10,3.82
TX0004346,ST10,2026-08-16 14:00:00,single_ticket,exit,G01,1.9
TX0004347,ST06,2026-08-20 18:00:00,smart_card,exit,G11,2.88
TX0004348,ST08,2026-06-23 17:00:00,smart_card,entry,G04,3.81
TX0004349,ST04,2026-07-14 20:00:00,smart_card,exit,G03,3.85
TX0004350,ST06,2026-07-16 21:00:00,smart_card,exit,G04,2.86
TX0004351,ST03,2026-08-02 14:00:00,smart_card,entry,G12,3.97
TX0004352,ST08,2026-08-05 18:00:00,single_ticket,entry,G10,2.93
TX0004353,ST04,2026-07-24 17:00:00,smart_card,exit,G06,1.6
TX0004354,ST06,2026-07-30 17:00:00,smart_card,entry,G05,3.94
TX0004355,ST05,2026-06-29 04:00:00,smart_card,entry,G02,4.48
TX0004356,ST07,2026-08-06 08:00:00,smart_card,entry,G07,2.33
TX0004357,ST08,2026-07-24 03:00:00,smart_card,exit,G10,3.5
TX0004358,ST07,2026-07-11 09:00:00,smart_card,entry,G02,2.72
TX0004359,ST07,2026-07-23 02:00:00,smart_card,entry,G02,2.72
TX0004360,ST01,2026-06-23 10:00:00,smart_card,exit,G10,4.25
TX0004361,ST02,2026-08-17 22:00:00,smart_card,exit,G09,4.38
TX0004362,ST06,2026-06-27 19:00:00,monthly_pass,entry,G06,1.83
TX0004363,ST04,2026-07-21 08:00:00,single_ticket,exit,G09,3.68
TX0004364,ST03,2026-06-23 23:00:00,day_pass,entry,G07,2.04
TX0004365,ST09,2026-07-26 14:00:00,smart_card,entry,G08,3.09
TX0004366,ST06,2026-07-02 22:00:00,smart_card,exit,G03,3.9
TX0004367,ST10,2026-07-13 05:00:00,smart_card,exit,G10,2.17
TX0004368,ST01,2026-08-13 02:00:00,smart_card,entry,G10,2.48
TX0004369,ST03,2026-08-10 02:00:00,single_ticket,exit,G10,4.33
TX0004370,ST10,2026-08-03 04:00:00,monthly_pass,entry,G03,2.75
TX0004371,ST01,2026-06-26 17:00:00,smart_card,exit,G06,1.73
TX0004372,ST05,2026-07-21 08:00:00,smart_card,exit,G04,2.75
TX0004373,ST04,2026-07-21 14:00:00,single_ticket,entry,G07,2.85
TX0004374,ST10,2026-07-25 07:00:00,smart_card,exit,G06,3.84
TX0004375,ST08,2026-07-22 08:00:00,day_pass,entry,G06,2.55
TX0004376,ST05,2026-07-28 22:00:00,single_ticket,exit,G11,1.88
TX0004377,ST05,2026-08-07 06:00:00,day_pass,entry,G08,3.83
TX0004378,ST10,2026-07-21 22:00:00,smart_card,exit,G12,2.63
TX0004379,ST09,2026-07-10 09:00:00,smart_card,entry,G07,1.59
TX0004380,ST07,2026-07-17 09:00:00,single_ticket,exit,G09,4.0
TX0004381,ST04,2026-06-23 09:00:00,smart_card,exit,G04,4.4
TX0004382,ST07,2026-08-14 06:00:00,day_pass,exit,G06,4.39
TX0004383,ST04,2026-07-13 11:00:00,smart_card,exit,G06,3.36
TX0004384,ST05,2026-08-10 00:00:00,smart_card,exit,G10,2.29
TX0004385,ST08,2026-06-27 21:00:00,smart_card,exit,G07,4.1
TX0004386,ST10,2026-08-08 14:00:00,single_ticket,exit,G04,2.03
TX0004387,ST04,2026-07-03 21:00:00,smart_card,exit,G10,3.75
TX0004388,ST09,2026-07-11 16:00:00,smart_card,entry,G10,4.12
TX0004389,ST05,2026-06-27 08:00:00,smart_card,entry,G02,4.28
TX0004390,ST01,2026-08-01 18:00:00,single_ticket,entry,G05,3.21
TX0004391,ST04,2026-07-29 16:00:00,day_pass,entry,G07,4.37
TX0004392,ST03,2026-08-20 08:00:00,smart_card,entry,G11,1.61
TX0004393,ST04,2026-07-08 17:00:00,smart_card,exit,G12,1.61
TX0004394,ST06,2026-08-15 04:00:00,single_ticket,exit,G03,3.78
TX0004395,ST09,2026-06-28 08:00:00,single_ticket,entry,G05,4.49
TX0004396,ST05,2026-08-17 12:00:00,smart_card,exit,G02,1.94
TX0004397,ST03,2026-06-30 21:00:00,smart_card,exit,G01,2.62
TX0004398,ST04,2026-07-21 09:00:00,single_ticket,entry,G05,4.46
TX0004399,ST05,2026-08-11 01:00:00,single_ticket,entry,G11,4.12
TX0004400,ST09,2026-08-04 05:00:00,smart_card,entry,G05,2.73
TX0004401,ST07,2026-06-24 18:00:00,smart_card,entry,G03,4.17
TX0004402,ST01,2026-06-22 15:00:00,single_ticket,entry,G03,2.85
TX0004403,ST02,2026-08-11 12:00:00,smart_card,entry,G09,2.52
TX0004404,ST08,2026-08-13 10:00:00,single_ticket,exit,G07,3.26
TX0004405,ST01,2026-08-20 15:00:00,single_ticket,entry,G06,2.34
TX0004406,ST10,2026-07-17 23:00:00,smart_card,exit,G05,3.47
TX0004407,ST03,2026-07-08 06:00:00,smart_card,exit,G12,2.37
TX0004408,ST09,2026-08-20 16:00:00,smart_card,exit,G02,3.02
TX0004409,ST08,2026-08-19 15:00:00,single_ticket,exit,G10,3.82
TX0004410,ST09,2026-08-14 00:00:00,monthly_pass,entry,G12,4.09
TX0004411,ST10,2026-08-16 16:00:00,monthly_pass,entry,G10,1.62
TX0004412,ST01,2026-08-11 20:00:00,day_pass,exit,G07,3.68
TX0004413,ST08,2026-08-11 15:00:00,single_ticket,exit,G08,4.17
TX0004414,ST10,2026-07-07 16:00:00,monthly_pass,exit,G11,3.71
TX0004415,ST05,2026-06-27 05:00:00,smart_card,entry,G02,2.19
TX0004416,ST05,2026-08-07 08:00:00,monthly_pass,entry,G10,3.74
TX0004417,ST01,2026-07-05 16:00:00,smart_card,exit,G03,3.91
TX0004418,ST01,2026-08-17 05:00:00,single_ticket,exit,G02,2.04
TX0004419,ST09,2026-08-03 06:00:00,smart_card,exit,G01,4.24
TX0004420,ST01,2026-07-30 02:00:00,smart_card,exit,G02,2.32
TX0004421,ST07,2026-08-07 06:00:00,smart_card,entry,G08,4.34
TX0004422,ST03,2026-07-13 20:00:00,smart_card,exit,G02,3.0
TX0004423,ST01,2026-07-12 21:00:00,single_ticket,entry,G09,1.89
TX0004424,ST07,2026-07-06 07:00:00,monthly_pass,entry,G02,3.62
TX0004425,ST06,2026-07-11 02:00:00,day_pass,entry,G03,3.2
TX0004426,ST07,2026-08-13 03:00:00,smart_card,entry,G05,3.79
TX0004427,ST04,2026-07-15 22:00:00,single_ticket,entry,G11,2.4
TX0004428,ST09,2026-07-24 14:00:00,smart_card,exit,G02,1.67
TX0004429,ST03,2026-07-16 19:00:00,smart_card,exit,G05,2.02
TX0004430,ST09,2026-08-07 19:00:00,monthly_pass,entry,G02,2.93
TX0004431,ST05,2026-07-16 02:00:00,smart_card,entry,G03,1.64
TX0004432,ST04,2026-06-24 02:00:00,day_pass,entry,G07,3.48
TX0004433,ST01,2026-08-11 00:00:00,smart_card,entry,G10,3.01
TX0004434,ST06,2026-08-16 10:00:00,monthly_pass,exit,G07,2.13
TX0004435,ST01,2026-08-20 12:00:00,single_ticket,exit,G08,3.9
TX0004436,ST04,2026-07-22 03:00:00,smart_card,entry,G05,3.46
TX0004437,ST01,2026-07-02 21:00:00,smart_card,entry,G03,3.15
TX0004438,ST09,2026-07-17 20:00:00,smart_card,entry,G08,3.67
TX0004439,ST08,2026-08-19 10:00:00,smart_card,entry,G10,3.28
TX0004440,ST01,2026-07-04 05:00:00,day_pass,exit,G08,1.53
TX0004441,ST05,2026-06-30 03:00:00,single_ticket,entry,G02,3.14
TX0004442,ST07,2026-08-05 05:00:00,smart_card,entry,G12,2.25
TX0004443,ST05,2026-06-24 11:00:00,smart_card,exit,G03,3.81
TX0004444,ST08,2026-07-12 21:00:00,smart_card,exit,G07,3.5
TX0004445,ST05,2026-07-03 01:00:00,single_ticket,exit,G10,3.28
TX0004446,ST01,2026-08-12 13:00:00,smart_card,entry,G12,3.1
TX0004447,ST06,2026-08-15 18:00:00,day_pass,exit,G07,2.27
TX0004448,ST02,2026-08-12 16:00:00,single_ticket,entry,G12,3.46
TX0004449,ST01,2026-08-07 13:00:00,smart_card,entry,G06,3.88
TX0004450,ST04,2026-06-30 19:00:00,smart_card,exit,G01,2.68
TX0004451,ST09,2026-07-27 02:00:00,smart_card,entry,G02,2.55
TX0004452,ST01,2026-07-03 08:00:00,monthly_pass,exit,G11,4.31
TX0004453,ST08,2026-07-02 09:00:00,smart_card,exit,G02,3.9
TX0004454,ST05,2026-07-02 11:00:00,smart_card,exit,G12,1.69
TX0004455,ST04,2026-07-16 03:00:00,single_ticket,exit,G06,2.33
TX0004456,ST09,2026-07-30 23:00:00,smart_card,exit,G12,4.06
TX0004457,ST05,2026-08-17 10:00:00,smart_card,entry,G12,3.76
TX0004458,ST03,2026-06-29 05:00:00,smart_card,exit,G01,2.08
TX0004459,ST04,2026-08-18 06:00:00,smart_card,exit,G08,2.97
TX0004460,ST06,2026-07-05 23:00:00,single_ticket,entry,G01,2.06
TX0004461,ST01,2026-08-18 16:00:00,monthly_pass,entry,G04,3.27
TX0004462,ST05,2026-06-25 19:00:00,monthly_pass,exit,G12,1.76
TX0004463,ST10,2026-08-18 23:00:00,smart_card,entry,G12,2.29
TX0004464,ST05,2026-08-08 20:00:00,smart_card,entry,G02,1.75
TX0004465,ST04,2026-07-23 03:00:00,smart_card,entry,G12,4.27
TX0004466,ST05,2026-07-05 05:00:00,smart_card,exit,G03,2.04
TX0004467,ST03,2026-07-30 03:00:00,single_ticket,exit,G05,3.07
TX0004468,ST01,2026-07-18 01:00:00,smart_card,exit,G07,2.04
TX0004469,ST01,2026-07-19 09:00:00,smart_card,exit,G03,1.88
TX0004470,ST05,2026-06-29 05:00:00,smart_card,entry,G01,1.51
TX0004471,ST06,2026-07-23 05:00:00,smart_card,entry,G03,1.75
TX0004472,ST03,2026-07-16 22:00:00,single_ticket,exit,G01,3.09
TX0004473,ST06,2026-08-14 22:00:00,monthly_pass,entry,G08,3.08
TX0004474,ST04,2026-08-05 04:00:00,single_ticket,exit,G08,2.26
TX0004475,ST06,2026-07-31 05:00:00,smart_card,entry,G04,4.3
TX0004476,ST07,2026-08-14 03:00:00,smart_card,entry,G11,2.82
TX0004477,ST08,2026-08-12 01:00:00,single_ticket,entry,G10,3.92
TX0004478,ST02,2026-08-06 01:00:00,monthly_pass,exit,G05,3.03
TX0004479,ST05,2026-08-05 16:00:00,single_ticket,entry,G05,2.23
TX0004480,ST08,2026-08-01 07:00:00,smart_card,exit,G05,1.98
TX0004481,ST05,2026-07-25 03:00:00,single_ticket,entry,G08,2.03
TX0004482,ST09,2026-08-13 11:00:00,smart_card,entry,G11,3.52
TX0004483,ST06,2026-07-10 19:00:00,smart_card,exit,G03,3.75
TX0004484,ST08,2026-07-04 12:00:00,monthly_pass,exit,G04,2.0
TX0004485,ST04,2026-07-27 01:00:00,monthly_pass,exit,G06,4.46
TX0004486,ST03,2026-07-22 08:00:00,smart_card,entry,G04,4.24
TX0004487,ST05,2026-06-25 07:00:00,single_ticket,exit,G08,2.23
TX0004488,ST10,2026-07-22 07:00:00,smart_card,entry,G01,2.44
TX0004489,ST04,2026-07-21 11:00:00,smart_card,exit,G12,4.41
TX0004490,ST08,2026-08-08 02:00:00,monthly_pass,exit,G04,4.49
TX0004491,ST02,2026-06-24 23:00:00,day_pass,exit,G04,2.73
TX0004492,ST04,2026-08-14 21:00:00,smart_card,entry,G04,4.01
TX0004493,ST09,2026-08-19 04:00:00,day_pass,exit,G10,4.26
TX0004494,ST04,2026-07-13 23:00:00,smart_card,entry,G03,4.14
TX0004495,ST08,2026-07-09 22:00:00,smart_card,exit,G08,3.51
TX0004496,ST09,2026-07-07 20:00:00,monthly_pass,exit,G09,2.75
TX0004497,ST05,2026-06-28 15:00:00,day_pass,entry,G10,3.01
TX0004498,ST10,2026-08-06 09:00:00,single_ticket,entry,G07,3.64
TX0004499,ST01,2026-07-22 15:00:00,smart_card,entry,G08,2.28
TX0004500,ST08,2026-06-29 23:00:00,single_ticket,entry,G06,3.63
TX0004501,ST09,2026-07-06 20:00:00,monthly_pass,exit,G02,3.08
TX0004502,ST10,2026-07-22 23:00:00,smart_card,entry,G01,3.25
TX0004503,ST09,2026-08-04 15:00:00,smart_card,exit,G03,4.01
TX0004504,ST02,2026-07-04 22:00:00,smart_card,entry,G09,4.33
TX0004505,ST03,2026-08-01 18:00:00,smart_card,entry,G09,2.42
TX0004506,ST07,2026-07-18 12:00:00,smart_card,entry,G08,3.79
TX0004507,ST10,2026-08-06 18:00:00,single_ticket,exit,G09,3.3
TX0004508,ST02,2026-08-14 02:00:00,smart_card,entry,G10,2.37
TX0004509,ST05,2026-07-31 12:00:00,monthly_pass,exit,G08,3.44
TX0004510,ST03,2026-07-13 09:00:00,smart_card,exit,G06,3.46
TX0004511,ST05,2026-08-11 12:00:00,day_pass,entry,G03,3.96
TX0004512,ST06,2026-08-05 05:00:00,monthly_pass,exit,G02,2.72
TX0004513,ST04,2026-07-10 12:00:00,smart_card,entry,G02,3.93
TX0004514,ST04,2026-07-28 17:00:00,smart_card,exit,G02,2.23
TX0004515,ST08,2026-07-28 01:00:00,monthly_pass,exit,G09,2.88
TX0004516,ST03,2026-07-02 11:00:00,smart_card,entry,G09,3.36
TX0004517,ST01,2026-08-09 09:00:00,smart_card,entry,G08,3.3
TX0004518,ST09,2026-08-12 11:00:00,smart_card,entry,G07,1.65
TX0004519,ST01,2026-06-23 13:00:00,smart_card,entry,G07,2.56
TX0004520,ST07,2026-08-06 13:00:00,single_ticket,exit,G04,2.46
TX0004521,ST08,2026-08-07 04:00:00,single_ticket,exit,G01,4.4
TX0004522,ST01,2026-08-16 21:00:00,monthly_pass,exit,G10,4.41
TX0004523,ST10,2026-06-23 10:00:00,single_ticket,exit,G08,2.59
TX0004524,ST07,2026-06-29 20:00:00,smart_card,entry,G12,3.86
TX0004525,ST09,2026-07-26 03:00:00,single_ticket,entry,G10,3.16
TX0004526,ST06,2026-08-14 14:00:00,smart_card,exit,G05,2.69
TX0004527,ST02,2026-06-29 07:00:00,smart_card,entry,G06,3.85
TX0004528,ST01,2026-07-31 08:00:00,smart_card,entry,G05,4.36
TX0004529,ST04,2026-07-18 10:00:00,smart_card,entry,G01,2.58
TX0004530,ST03,2026-08-08 20:00:00,smart_card,entry,G03,2.01
TX0004531,ST05,2026-07-05 14:00:00,smart_card,exit,G04,4.35
TX0004532,ST10,2026-07-09 00:00:00,smart_card,exit,G11,3.62
TX0004533,ST08,2026-07-14 03:00:00,day_pass,exit,G03,2.15
TX0004534,ST01,2026-07-23 06:00:00,smart_card,entry,G01,1.53
TX0004535,ST03,2026-08-11 08:00:00,monthly_pass,exit,G08,3.49
TX0004536,ST05,2026-07-18 05:00:00,monthly_pass,entry,G04,3.37
TX0004537,ST02,2026-08-21 02:00:00,monthly_pass,exit,G02,2.17
TX0004538,ST06,2026-07-21 03:00:00,smart_card,exit,G05,3.43
TX0004539,ST02,2026-07-04 18:00:00,smart_card,entry,G01,1.96
TX0004540,ST09,2026-06-23 11:00:00,smart_card,entry,G06,2.71
TX0004541,ST02,2026-08-11 16:00:00,smart_card,exit,G10,2.43
TX0004542,ST04,2026-07-29 17:00:00,smart_card,entry,G07,4.09
TX0004543,ST03,2026-06-27 07:00:00,smart_card,exit,G12,2.38
TX0004544,ST02,2026-07-08 02:00:00,single_ticket,entry,G12,2.35
TX0004545,ST07,2026-08-11 18:00:00,single_ticket,entry,G11,3.76
TX0004546,ST01,2026-08-16 15:00:00,smart_card,exit,G10,1.55
TX0004547,ST09,2026-08-06 23:00:00,smart_card,exit,G08,3.66
TX0004548,ST01,2026-08-01 02:00:00,single_ticket,exit,G02,1.64
TX0004549,ST02,2026-07-20 03:00:00,single_ticket,entry,G05,1.67
TX0004550,ST08,2026-08-14 10:00:00,single_ticket,exit,G11,2.97
TX0004551,ST02,2026-07-01 09:00:00,day_pass,exit,G01,4.37
TX0004552,ST05,2026-07-17 20:00:00,single_ticket,exit,G10,1.99
TX0004553,ST08,2026-07-13 06:00:00,smart_card,exit,G05,2.41
TX0004554,ST09,2026-08-15 11:00:00,smart_card,entry,G12,3.54
TX0004555,ST01,2026-07-19 12:00:00,smart_card,entry,G03,4.18
TX0004556,ST08,2026-07-05 02:00:00,smart_card,entry,G06,2.99
TX0004557,ST09,2026-06-24 11:00:00,monthly_pass,exit,G10,2.99
TX0004558,ST04,2026-07-23 20:00:00,single_ticket,exit,G05,2.43
TX0004559,ST06,2026-06-25 05:00:00,single_ticket,entry,G11,2.63
TX0004560,ST02,2026-07-23 20:00:00,smart_card,entry,G05,1.92
TX0004561,ST03,2026-06-25 13:00:00,single_ticket,entry,G06,1.86
TX0004562,ST05,2026-08-02 14:00:00,smart_card,exit,G09,3.71
TX0004563,ST09,2026-08-02 23:00:00,smart_card,entry,G04,2.95
TX0004564,ST08,2026-07-30 00:00:00,single_ticket,exit,G10,3.83
TX0004565,ST04,2026-07-21 19:00:00,smart_card,exit,G09,3.45
TX0004566,ST06,2026-07-16 04:00:00,smart_card,exit,G11,1.51
TX0004567,ST01,2026-08-19 18:00:00,smart_card,entry,G08,3.01
TX0004568,ST05,2026-07-10 06:00:00,smart_card,entry,G11,3.15
TX0004569,ST02,2026-08-10 14:00:00,smart_card,exit,G07,1.91
TX0004570,ST07,2026-07-21 22:00:00,single_ticket,exit,G06,4.37
TX0004571,ST07,2026-07-09 16:00:00,smart_card,entry,G12,3.89
TX0004572,ST08,2026-07-28 04:00:00,smart_card,exit,G06,4.2
TX0004573,ST10,2026-06-29 10:00:00,smart_card,entry,G04,3.29
TX0004574,ST03,2026-07-03 09:00:00,smart_card,exit,G10,4.0
TX0004575,ST06,2026-08-19 09:00:00,day_pass,entry,G04,2.04
TX0004576,ST02,2026-08-20 22:00:00,day_pass,entry,G01,4.06
TX0004577,ST03,2026-08-04 09:00:00,single_ticket,entry,G01,4.26
TX0004578,ST07,2026-06-27 01:00:00,single_ticket,entry,G09,1.56
TX0004579,ST10,2026-07-25 14:00:00,single_ticket,exit,G03,3.42
TX0004580,ST06,2026-07-08 03:00:00,smart_card,entry,G05,1.78
TX0004581,ST06,2026-07-16 22:00:00,single_ticket,entry,G06,3.44
TX0004582,ST01,2026-06-25 09:00:00,smart_card,entry,G05,4.19
TX0004583,ST09,2026-07-30 09:00:00,smart_card,exit,G10,2.04
TX0004584,ST06,2026-08-20 16:00:00,day_pass,entry,G11,2.98
TX0004585,ST10,2026-07-09 10:00:00,day_pass,exit,G03,1.79
TX0004586,ST06,2026-06-24 08:00:00,smart_card,entry,G01,3.45
TX0004587,ST02,2026-07-26 09:00:00,monthly_pass,entry,G07,1.86
TX0004588,ST02,2026-07-06 04:00:00,smart_card,entry,G11,4.42
TX0004589,ST09,2026-07-24 04:00:00,smart_card,entry,G04,2.46
TX0004590,ST01,2026-06-26 02:00:00,smart_card,entry,G05,2.05
TX0004591,ST07,2026-08-09 17:00:00,day_pass,entry,G10,4.36
TX0004592,ST03,2026-08-08 04:00:00,monthly_pass,exit,G06,3.43
TX0004593,ST07,2026-08-09 11:00:00,single_ticket,exit,G08,2.96
TX0004594,ST04,2026-07-30 12:00:00,smart_card,entry,G11,3.76
TX0004595,ST05,2026-07-03 18:00:00,smart_card,exit,G01,4.1
TX0004596,ST03,2026-07-04 18:00:00,smart_card,entry,G01,3.93
TX0004597,ST05,2026-07-10 00:00:00,single_ticket,exit,G02,2.57
TX0004598,ST01,2026-08-06 01:00:00,monthly_pass,exit,G07,2.69
TX0004599,ST02,2026-07-29 15:00:00,monthly_pass,entry,G10,3.08
TX0004600,ST09,2026-07-28 16:00:00,smart_card,exit,G02,3.26
TX0004601,ST02,2026-07-10 18:00:00,smart_card,exit,G09,2.4
TX0004602,ST06,2026-07-31 06:00:00,smart_card,exit,G01,1.91
TX0004603,ST10,2026-06-24 17:00:00,smart_card,exit,G02,2.82
TX0004604,ST08,2026-07-14 01:00:00,monthly_pass,exit,G12,3.95
TX0004605,ST04,2026-08-06 08:00:00,smart_card,entry,G04,2.33
TX0004606,ST09,2026-08-02 03:00:00,day_pass,entry,G05,2.62
TX0004607,ST04,2026-08-01 03:00:00,smart_card,entry,G04,2.32
TX0004608,ST02,2026-08-16 04:00:00,single_ticket,exit,G05,3.33
TX0004609,ST10,2026-07-29 23:00:00,monthly_pass,entry,G06,4.36
TX0004610,ST07,2026-08-11 16:00:00,single_ticket,exit,G03,2.04
TX0004611,ST03,2026-08-09 03:00:00,single_ticket,exit,G01,3.84
TX0004612,ST03,2026-07-11 21:00:00,smart_card,entry,G09,3.49
TX0004613,ST01,2026-08-21 02:00:00,smart_card,exit,G07,4.46
TX0004614,ST01,2026-08-12 14:00:00,smart_card,exit,G07,1.8
TX0004615,ST06,2026-07-20 05:00:00,smart_card,exit,G02,4.23
TX0004616,ST03,2026-08-19 14:00:00,single_ticket,entry,G09,3.92
TX0004617,ST04,2026-07-06 09:00:00,smart_card,exit,G09,4.22
TX0004618,ST06,2026-07-31 16:00:00,smart_card,entry,G06,3.75
TX0004619,ST03,2026-07-01 11:00:00,day_pass,exit,G07,2.34
TX0004620,ST02,2026-08-03 22:00:00,day_pass,entry,G05,2.75
TX0004621,ST05,2026-07-07 16:00:00,monthly_pass,entry,G10,1.83
TX0004622,ST10,2026-07-05 00:00:00,smart_card,exit,G12,1.51
TX0004623,ST01,2026-07-10 22:00:00,smart_card,entry,G08,4.34
TX0004624,ST07,2026-07-14 17:00:00,smart_card,exit,G02,3.98
TX0004625,ST07,2026-07-24 10:00:00,monthly_pass,entry,G11,1.74
TX0004626,ST03,2026-07-23 02:00:00,single_ticket,exit,G07,2.86
TX0004627,ST02,2026-07-28 18:00:00,monthly_pass,exit,G12,2.37
TX0004628,ST02,2026-07-23 06:00:00,monthly_pass,exit,G09,2.39
TX0004629,ST04,2026-06-28 18:00:00,smart_card,entry,G08,4.18
TX0004630,ST02,2026-07-10 23:00:00,smart_card,exit,G04,4.48
TX0004631,ST01,2026-08-09 08:00:00,smart_card,exit,G08,2.77
TX0004632,ST08,2026-08-08 22:00:00,smart_card,exit,G03,3.94
TX0004633,ST09,2026-06-29 13:00:00,monthly_pass,entry,G05,2.0
TX0004634,ST05,2026-06-27 11:00:00,smart_card,exit,G08,3.81
TX0004635,ST02,2026-07-04 05:00:00,day_pass,exit,G12,1.65
TX0004636,ST08,2026-07-30 09:00:00,smart_card,entry,G07,2.53
TX0004637,ST09,2026-07-27 06:00:00,single_ticket,exit,G10,3.21
TX0004638,ST09,2026-07-01 16:00:00,smart_card,exit,G06,1.69
TX0004639,ST08,2026-07-07 04:00:00,smart_card,entry,G03,1.85
TX0004640,ST08,2026-07-22 14:00:00,single_ticket,exit,G02,2.46
TX0004641,ST08,2026-08-13 01:00:00,smart_card,exit,G04,2.92
TX0004642,ST04,2026-06-25 05:00:00,monthly_pass,exit,G02,2.14
TX0004643,ST02,2026-08-05 12:00:00,single_ticket,exit,G09,2.45
TX0004644,ST09,2026-07-11 21:00:00,smart_card,exit,G02,2.01
TX0004645,ST02,2026-08-03 20:00:00,smart_card,entry,G05,1.8
TX0004646,ST10,2026-06-22 12:00:00,smart_card,entry,G11,2.76
TX0004647,ST02,2026-08-19 19:00:00,smart_card,entry,G10,2.16
TX0004648,ST06,2026-08-01 22:00:00,smart_card,exit,G11,3.46
TX0004649,ST06,2026-06-25 10:00:00,smart_card,exit,G12,2.18
TX0004650,ST02,2026-06-29 09:00:00,monthly_pass,entry,G07,2.07
TX0004651,ST08,2026-06-27 22:00:00,monthly_pass,exit,G02,2.6
TX0004652,ST02,2026-07-23 12:00:00,smart_card,entry,G03,1.81
TX0004653,ST02,2026-07-04 06:00:00,day_pass,entry,G07,1.62
TX0004654,ST08,2026-07-19 17:00:00,smart_card,exit,G03,3.8
TX0004655,ST07,2026-08-18 22:00:00,smart_card,entry,G11,2.02
TX0004656,ST06,2026-07-08 05:00:00,smart_card,entry,G06,3.33
TX0004657,ST08,2026-07-09 01:00:00,smart_card,entry,G07,2.41
TX0004658,ST10,2026-08-08 07:00:00,smart_card,entry,G02,2.48
TX0004659,ST05,2026-07-12 23:00:00,single_ticket,entry,G02,1.97
TX0004660,ST05,2026-06-22 16:00:00,smart_card,entry,G10,2.19
TX0004661,ST03,2026-08-09 20:00:00,day_pass,exit,G10,3.22
TX0004662,ST04,2026-07-23 02:00:00,smart_card,entry,G08,3.26
TX0004663,ST10,2026-08-19 13:00:00,single_ticket,exit,G03,2.36
TX0004664,ST08,2026-07-19 20:00:00,smart_card,entry,G06,2.13
TX0004665,ST04,2026-07-28 16:00:00,smart_card,exit,G06,2.53
TX0004666,ST03,2026-08-17 21:00:00,smart_card,entry,G04,1.76
TX0004667,ST07,2026-07-19 22:00:00,smart_card,exit,G12,3.09
TX0004668,ST05,2026-08-03 06:00:00,day_pass,entry,G06,3.97
TX0004669,ST02,2026-08-16 00:00:00,smart_card,entry,G11,3.39
TX0004670,ST02,2026-08-05 01:00:00,single_ticket,entry,G07,1.57
TX0004671,ST03,2026-07-03 00:00:00,smart_card,entry,G08,2.32
TX0004672,ST07,2026-08-01 20:00:00,smart_card,exit,G12,2.91
TX0004673,ST06,2026-07-26 02:00:00,smart_card,entry,G02,4.23
TX0004674,ST08,2026-08-10 21:00:00,smart_card,entry,G08,2.01
TX0004675,ST03,2026-07-08 13:00:00,smart_card,exit,G05,1.72
TX0004676,ST09,2026-07-23 05:00:00,smart_card,entry,G03,3.09
TX0004677,ST10,2026-07-21 23:00:00,monthly_pass,exit,G03,3.18
TX0004678,ST03,2026-06-22 14:00:00,smart_card,entry,G03,4.45
TX0004679,ST01,2026-07-25 01:00:00,smart_card,exit,G09,3.12
TX0004680,ST04,2026-07-28 07:00:00,smart_card,exit,G08,1.55
TX0004681,ST04,2026-07-31 23:00:00,monthly_pass,entry,G10,3.51
TX0004682,ST04,2026-07-19 19:00:00,smart_card,entry,G10,2.12
TX0004683,ST06,2026-08-20 20:00:00,smart_card,exit,G08,3.94
TX0004684,ST05,2026-08-09 15:00:00,monthly_pass,entry,G04,2.82
TX0004685,ST07,2026-07-26 04:00:00,monthly_pass,exit,G08,4.09
TX0004686,ST08,2026-07-18 11:00:00,smart_card,exit,G08,2.03
TX0004687,ST03,2026-07-12 22:00:00,smart_card,entry,G04,3.29
TX0004688,ST04,2026-06-30 20:00:00,smart_card,exit,G11,3.61
TX0004689,ST09,2026-07-24 18:00:00,monthly_pass,exit,G06,1.63
TX0004690,ST02,2026-07-06 09:00:00,single_ticket,exit,G06,2.92
TX0004691,ST07,2026-07-07 09:00:00,smart_card,entry,G12,3.54
TX0004692,ST03,2026-06-25 12:00:00,smart_card,entry,G06,3.37
TX0004693,ST07,2026-07-02 14:00:00,smart_card,exit,G11,1.82
TX0004694,ST10,2026-07-09 12:00:00,single_ticket,entry,G05,1.6
TX0004695,ST01,2026-07-06 18:00:00,single_ticket,exit,G09,2.15
TX0004696,ST05,2026-07-14 09:00:00,smart_card,entry,G12,2.22
TX0004697,ST04,2026-08-05 18:00:00,single_ticket,exit,G11,3.29
TX0004698,ST03,2026-07-11 18:00:00,day_pass,entry,G03,1.57
TX0004699,ST01,2026-06-23 23:00:00,single_ticket,exit,G09,2.32
TX0004700,ST01,2026-07-25 14:00:00,smart_card,exit,G03,2.2
TX0004701,ST03,2026-07-19 06:00:00,monthly_pass,exit,G08,4.01
TX0004702,ST04,2026-08-13 19:00:00,smart_card,exit,G09,2.56
TX0004703,ST01,2026-08-02 02:00:00,single_ticket,exit,G10,3.66
TX0004704,ST03,2026-07-16 07:00:00,smart_card,exit,G11,3.98
TX0004705,ST08,2026-08-20 19:00:00,single_ticket,entry,G03,3.62
TX0004706,ST10,2026-07-03 18:00:00,single_ticket,exit,G02,1.84
TX0004707,ST10,2026-08-14 00:00:00,smart_card,exit,G12,3.72
TX0004708,ST06,2026-07-01 17:00:00,smart_card,entry,G08,4.05
TX0004709,ST09,2026-07-14 07:00:00,smart_card,entry,G06,2.63
TX0004710,ST06,2026-08-10 23:00:00,smart_card,exit,G06,4.16
TX0004711,ST06,2026-06-27 20:00:00,smart_card,entry,G01,3.57
TX0004712,ST08,2026-06-23 21:00:00,smart_card,exit,G12,3.63
TX0004713,ST10,2026-08-14 16:00:00,monthly_pass,exit,G03,3.14
TX0004714,ST02,2026-08-16 01:00:00,smart_card,exit,G09,2.65
TX0004715,ST01,2026-07-30 09:00:00,smart_card,entry,G08,2.46
TX0004716,ST04,2026-07-04 14:00:00,smart_card,entry,G12,3.9
TX0004717,ST02,2026-06-29 13:00:00,day_pass,entry,G08,4.02
TX0004718,ST07,2026-08-20 05:00:00,single_ticket,exit,G12,2.5
TX0004719,ST05,2026-07-21 10:00:00,single_ticket,exit,G07,3.39
TX0004720,ST02,2026-07-21 15:00:00,single_ticket,exit,G07,3.67
TX0004721,ST02,2026-07-08 14:00:00,smart_card,entry,G07,2.14
TX0004722,ST05,2026-08-09 05:00:00,monthly_pass,exit,G12,3.39
TX0004723,ST04,2026-08-05 10:00:00,single_ticket,exit,G08,2.52
TX0004724,ST06,2026-07-27 16:00:00,single_ticket,exit,G11,2.32
TX0004725,ST05,2026-08-07 03:00:00,single_ticket,entry,G09,2.45
TX0004726,ST04,2026-07-08 15:00:00,smart_card,entry,G07,2.48
TX0004727,ST04,2026-07-31 13:00:00,single_ticket,entry,G03,2.99
TX0004728,ST07,2026-07-20 09:00:00,single_ticket,entry,G08,2.56
TX0004729,ST08,2026-07-03 19:00:00,monthly_pass,exit,G03,3.66
TX0004730,ST01,2026-07-24 19:00:00,monthly_pass,entry,G09,4.2
TX0004731,ST07,2026-07-02 07:00:00,smart_card,exit,G01,3.82
TX0004732,ST08,2026-06-26 23:00:00,single_ticket,entry,G06,3.15
TX0004733,ST04,2026-07-19 00:00:00,smart_card,exit,G08,3.55
TX0004734,ST07,2026-07-22 05:00:00,day_pass,exit,G05,4.19
TX0004735,ST07,2026-08-20 17:00:00,single_ticket,entry,G05,3.28
TX0004736,ST07,2026-06-24 00:00:00,monthly_pass,entry,G01,1.66
TX0004737,ST02,2026-08-01 06:00:00,single_ticket,entry,G12,2.39
TX0004738,ST10,2026-07-10 14:00:00,single_ticket,entry,G01,2.49
TX0004739,ST03,2026-08-16 10:00:00,smart_card,entry,G05,4.45
TX0004740,ST04,2026-07-05 14:00:00,single_ticket,entry,G11,3.71
TX0004741,ST02,2026-07-21 21:00:00,smart_card,exit,G07,2.78
TX0004742,ST04,2026-07-25 00:00:00,smart_card,exit,G06,2.56
TX0004743,ST03,2026-06-25 00:00:00,smart_card,exit,G05,4.39
TX0004744,ST07,2026-07-14 22:00:00,smart_card,exit,G01,3.8
TX0004745,ST10,2026-07-31 16:00:00,day_pass,entry,G05,2.12
TX0004746,ST03,2026-08-02 19:00:00,single_ticket,exit,G07,2.92
TX0004747,ST06,2026-07-10 07:00:00,smart_card,entry,G05,2.18
TX0004748,ST10,2026-07-19 09:00:00,day_pass,exit,G06,4.47
TX0004749,ST06,2026-07-22 19:00:00,smart_card,exit,G08,3.22
TX0004750,ST04,2026-08-17 08:00:00,smart_card,entry,G06,1.74
TX0004751,ST04,2026-07-14 08:00:00,smart_card,exit,G05,2.43
TX0004752,ST05,2026-06-23 11:00:00,smart_card,entry,G11,3.09
TX0004753,ST03,2026-06-28 04:00:00,day_pass,exit,G02,3.04
TX0004754,ST03,2026-07-19 18:00:00,single_ticket,entry,G07,2.16
TX0004755,ST03,2026-07-08 20:00:00,single_ticket,exit,G02,3.56
TX0004756,ST06,2026-07-02 09:00:00,single_ticket,entry,G02,2.2
TX0004757,ST10,2026-07-23 10:00:00,smart_card,exit,G07,4.45
TX0004758,ST06,2026-08-11 17:00:00,single_ticket,exit,G01,3.97
TX0004759,ST10,2026-07-29 09:00:00,single_ticket,entry,G06,2.84
TX0004760,ST02,2026-08-18 01:00:00,smart_card,entry,G04,2.6
TX0004761,ST02,2026-07-24 08:00:00,smart_card,exit,G11,2.03
TX0004762,ST07,2026-07-25 09:00:00,smart_card,entry,G03,1.75
TX0004763,ST10,2026-07-24 05:00:00,smart_card,entry,G01,3.76
TX0004764,ST08,2026-07-12 03:00:00,smart_card,exit,G01,4.16
TX0004765,ST03,2026-07-02 18:00:00,single_ticket,entry,G04,3.0
TX0004766,ST05,2026-07-24 13:00:00,smart_card,exit,G01,4.19
TX0004767,ST06,2026-08-15 08:00:00,single_ticket,entry,G09,4.35
TX0004768,ST04,2026-08-20 20:00:00,smart_card,exit,G01,3.27
TX0004769,ST04,2026-06-22 05:00:00,smart_card,exit,G09,2.26
TX0004770,ST05,2026-07-16 07:00:00,single_ticket,exit,G03,3.95
TX0004771,ST02,2026-07-20 00:00:00,smart_card,exit,G01,2.16
TX0004772,ST07,2026-07-18 07:00:00,monthly_pass,exit,G05,4.29
TX0004773,ST10,2026-08-19 20:00:00,smart_card,entry,G03,2.07
TX0004774,ST03,2026-08-06 18:00:00,day_pass,exit,G07,2.56
TX0004775,ST05,2026-08-16 01:00:00,smart_card,entry,G03,1.86
TX0004776,ST03,2026-06-28 15:00:00,smart_card,exit,G12,2.35
TX0004777,ST07,2026-08-03 23:00:00,smart_card,exit,G12,3.01
TX0004778,ST07,2026-07-21 20:00:00,smart_card,entry,G05,2.66
TX0004779,ST04,2026-07-06 12:00:00,smart_card,exit,G12,3.39
TX0004780,ST03,2026-07-09 03:00:00,smart_card,exit,G12,2.6
TX0004781,ST02,2026-07-30 20:00:00,day_pass,entry,G12,3.21
TX0004782,ST07,2026-06-29 18:00:00,smart_card,entry,G04,3.39
TX0004783,ST09,2026-07-16 15:00:00,smart_card,exit,G02,4.28
TX0004784,ST01,2026-07-10 13:00:00,smart_card,exit,G08,4.15
TX0004785,ST09,2026-07-17 21:00:00,monthly_pass,entry,G09,2.29
TX0004786,ST10,2026-07-31 01:00:00,smart_card,exit,G06,2.91
TX0004787,ST04,2026-07-07 17:00:00,single_ticket,exit,G07,1.8
TX0004788,ST09,2026-08-18 04:00:00,smart_card,entry,G05,2.17
TX0004789,ST07,2026-07-13 22:00:00,smart_card,exit,G10,2.38
TX0004790,ST07,2026-07-26 11:00:00,smart_card,exit,G10,4.36
TX0004791,ST01,2026-08-12 05:00:00,monthly_pass,exit,G03,3.77
TX0004792,ST06,2026-08-03 06:00:00,single_ticket,exit,G11,4.19
TX0004793,ST02,2026-08-09 05:00:00,smart_card,entry,G01,2.4
TX0004794,ST03,2026-07-07 12:00:00,single_ticket,exit,G09,4.08
TX0004795,ST06,2026-07-26 12:00:00,smart_card,entry,G02,3.82
TX0004796,ST05,2026-08-05 23:00:00,monthly_pass,entry,G03,1.94
TX0004797,ST10,2026-07-09 15:00:00,smart_card,entry,G07,2.46
TX0004798,ST06,2026-07-11 09:00:00,monthly_pass,entry,G04,3.63
TX0004799,ST02,2026-08-13 08:00:00,day_pass,entry,G12,2.48
TX0004800,ST03,2026-08-13 09:00:00,smart_card,exit,G09,2.26
TX0004801,ST08,2026-08-20 00:00:00,monthly_pass,exit,G01,4.47
TX0004802,ST04,2026-08-14 11:00:00,monthly_pass,entry,G04,2.95
TX0004803,ST02,2026-07-25 22:00:00,day_pass,entry,G08,2.54
TX0004804,ST02,2026-08-07 13:00:00,smart_card,entry,G02,2.57
TX0004805,ST10,2026-07-04 21:00:00,single_ticket,entry,G03,3.35
TX0004806,ST06,2026-07-26 18:00:00,smart_card,entry,G01,3.43
TX0004807,ST07,2026-08-04 07:00:00,monthly_pass,exit,G01,4.1
TX0004808,ST03,2026-07-24 06:00:00,smart_card,exit,G12,3.47
TX0004809,ST01,2026-07-08 01:00:00,single_ticket,entry,G08,4.31
TX0004810,ST08,2026-07-11 14:00:00,day_pass,exit,G04,3.22
TX0004811,ST05,2026-08-20 02:00:00,monthly_pass,entry,G05,2.98
TX0004812,ST06,2026-07-15 03:00:00,day_pass,entry,G07,3.86
TX0004813,ST06,2026-07-01 23:00:00,day_pass,entry,G09,2.14
TX0004814,ST01,2026-08-17 21:00:00,single_ticket,exit,G04,3.4
TX0004815,ST03,2026-07-05 09:00:00,single_ticket,exit,G05,2.7
TX0004816,ST02,2026-07-17 02:00:00,smart_card,exit,G06,1.9
TX0004817,ST01,2026-07-12 11:00:00,monthly_pass,exit,G02,2.45
TX0004818,ST07,2026-07-30 01:00:00,smart_card,exit,G03,3.4
TX0004819,ST01,2026-07-24 20:00:00,day_pass,entry,G09,4.33
TX0004820,ST06,2026-07-06 08:00:00,smart_card,exit,G10,3.16
TX0004821,ST10,2026-08-04 18:00:00,smart_card,entry,G08,2.74
TX0004822,ST07,2026-08-05 15:00:00,smart_card,entry,G12,4.18
TX0004823,ST08,2026-08-02 08:00:00,monthly_pass,exit,G11,2.1
TX0004824,ST03,2026-07-07 03:00:00,smart_card,entry,G08,1.74
TX0004825,ST10,2026-06-24 07:00:00,smart_card,exit,G09,2.47
TX0004826,ST09,2026-07-02 12:00:00,smart_card,entry,G04,1.76
TX0004827,ST08,2026-07-15 22:00:00,smart_card,entry,G01,2.76
TX0004828,ST09,2026-06-26 00:00:00,smart_card,exit,G04,2.22
TX0004829,ST10,2026-08-19 15:00:00,smart_card,entry,G10,2.06
TX0004830,ST04,2026-08-07 02:00:00,single_ticket,exit,G09,2.08
TX0004831,ST06,2026-07-09 03:00:00,day_pass,entry,G07,2.25
TX0004832,ST06,2026-07-09 18:00:00,day_pass,exit,G07,3.12
TX0004833,ST02,2026-07-12 00:00:00,single_ticket,entry,G01,1.51
TX0004834,ST07,2026-07-03 12:00:00,smart_card,entry,G03,3.35
TX0004835,ST09,2026-07-27 15:00:00,single_ticket,entry,G10,3.61
TX0004836,ST06,2026-06-26 02:00:00,single_ticket,exit,G12,3.64
TX0004837,ST03,2026-07-16 13:00:00,day_pass,entry,G10,3.02
TX0004838,ST02,2026-07-21 07:00:00,single_ticket,entry,G03,2.89
TX0004839,ST07,2026-07-13 10:00:00,single_ticket,entry,G12,3.31
TX0004840,ST06,2026-08-11 01:00:00,single_ticket,exit,G06,2.4
TX0004841,ST01,2026-07-23 03:00:00,monthly_pass,entry,G06,1.84
TX0004842,ST10,2026-08-19 12:00:00,single_ticket,exit,G05,3.02
TX0004843,ST09,2026-08-07 10:00:00,smart_card,entry,G10,4.1
TX0004844,ST04,2026-08-14 23:00:00,day_pass,exit,G09,2.96
TX0004845,ST05,2026-06-30 23:00:00,single_ticket,entry,G09,2.34
TX0004846,ST08,2026-08-04 17:00:00,single_ticket,entry,G01,2.13
TX0004847,ST10,2026-07-06 15:00:00,smart_card,entry,G06,1.7
TX0004848,ST04,2026-06-28 21:00:00,smart_card,entry,G02,4.27
TX0004849,ST03,2026-07-15 15:00:00,day_pass,exit,G03,2.48
TX0004850,ST04,2026-08-11 13:00:00,smart_card,entry,G09,4.19
TX0004851,ST04,2026-06-30 14:00:00,smart_card,entry,G06,4.34
TX0004852,ST02,2026-08-19 20:00:00,smart_card,exit,G11,2.83
TX0004853,ST05,2026-07-23 02:00:00,smart_card,exit,G02,2.77
TX0004854,ST09,2026-07-28 19:00:00,single_ticket,entry,G12,2.45
TX0004855,ST05,2026-07-22 19:00:00,smart_card,exit,G04,3.41
TX0004856,ST07,2026-06-28 05:00:00,smart_card,exit,G08,2.14
TX0004857,ST07,2026-08-17 01:00:00,monthly_pass,exit,G11,2.51
TX0004858,ST07,2026-06-30 12:00:00,single_ticket,exit,G02,2.38
TX0004859,ST05,2026-07-10 07:00:00,monthly_pass,exit,G04,2.62
TX0004860,ST05,2026-08-04 04:00:00,smart_card,exit,G04,1.72
TX0004861,ST05,2026-06-26 20:00:00,day_pass,entry,G10,3.09
TX0004862,ST02,2026-07-08 15:00:00,smart_card,entry,G12,1.77
TX0004863,ST07,2026-07-11 21:00:00,smart_card,exit,G01,3.85
TX0004864,ST06,2026-08-17 11:00:00,smart_card,exit,G10,2.76
TX0004865,ST09,2026-07-15 20:00:00,smart_card,exit,G06,3.71
TX0004866,ST04,2026-08-19 12:00:00,monthly_pass,entry,G09,1.89
TX0004867,ST08,2026-07-20 13:00:00,smart_card,entry,G09,3.24
TX0004868,ST04,2026-07-12 06:00:00,single_ticket,entry,G08,2.07
TX0004869,ST05,2026-08-13 15:00:00,smart_card,entry,G11,3.24
TX0004870,ST05,2026-07-01 09:00:00,smart_card,exit,G03,2.77
TX0004871,ST07,2026-06-23 20:00:00,monthly_pass,entry,G01,3.44
TX0004872,ST10,2026-06-29 09:00:00,single_ticket,entry,G07,1.77
TX0004873,ST03,2026-06-27 08:00:00,smart_card,exit,G10,4.21
TX0004874,ST01,2026-06-23 04:00:00,smart_card,entry,G03,2.95
TX0004875,ST07,2026-06-29 06:00:00,smart_card,exit,G11,3.52
TX0004876,ST03,2026-07-19 01:00:00,single_ticket,entry,G02,2.27
TX0004877,ST10,2026-07-18 10:00:00,smart_card,entry,G02,3.67
TX0004878,ST05,2026-07-29 17:00:00,monthly_pass,exit,G11,4.32
TX0004879,ST08,2026-08-12 16:00:00,monthly_pass,exit,G01,4.37
TX0004880,ST01,2026-08-15 18:00:00,smart_card,entry,G12,3.89
TX0004881,ST10,2026-07-28 23:00:00,smart_card,exit,G03,2.7
TX0004882,ST06,2026-07-23 06:00:00,monthly_pass,entry,G02,2.05
TX0004883,ST03,2026-07-17 00:00:00,smart_card,exit,G03,2.3
TX0004884,ST01,2026-07-25 02:00:00,smart_card,entry,G10,3.76
TX0004885,ST08,2026-08-17 12:00:00,single_ticket,entry,G03,2.35
TX0004886,ST08,2026-08-18 08:00:00,smart_card,exit,G08,2.34
TX0004887,ST05,2026-07-22 16:00:00,single_ticket,entry,G08,2.32
TX0004888,ST03,2026-07-09 01:00:00,monthly_pass,entry,G08,2.46
TX0004889,ST10,2026-08-14 01:00:00,single_ticket,exit,G04,3.13
TX0004890,ST02,2026-08-05 23:00:00,smart_card,entry,G10,3.59
TX0004891,ST07,2026-08-08 15:00:00,smart_card,exit,G09,2.67
TX0004892,ST04,2026-06-24 22:00:00,monthly_pass,entry,G08,2.66
TX0004893,ST08,2026-07-11 05:00:00,single_ticket,exit,G07,3.99
TX0004894,ST10,2026-06-23 02:00:00,single_ticket,exit,G06,2.09
TX0004895,ST08,2026-07-26 15:00:00,smart_card,exit,G06,3.33
TX0004896,ST10,2026-07-25 05:00:00,monthly_pass,exit,G11,3.17
TX0004897,ST09,2026-07-06 02:00:00,smart_card,entry,G11,2.88
TX0004898,ST07,2026-08-02 11:00:00,monthly_pass,exit,G03,4.21
TX0004899,ST03,2026-07-25 21:00:00,smart_card,exit,G08,1.53
TX0004900,ST01,2026-08-19 08:00:00,smart_card,exit,G09,3.91
TX0004901,ST05,2026-08-02 06:00:00,smart_card,entry,G04,2.72
TX0004902,ST04,2026-07-26 15:00:00,smart_card,exit,G03,3.97
TX0004903,ST05,2026-06-26 09:00:00,monthly_pass,exit,G02,2.86
TX0004904,ST10,2026-08-18 00:00:00,smart_card,entry,G02,2.05
TX0004905,ST05,2026-08-08 02:00:00,day_pass,entry,G07,3.19
TX0004906,ST10,2026-07-30 20:00:00,day_pass,exit,G06,4.42
TX0004907,ST06,2026-07-07 08:00:00,smart_card,entry,G09,1.82
TX0004908,ST04,2026-07-20 12:00:00,single_ticket,exit,G10,4.15
TX0004909,ST10,2026-08-17 12:00:00,monthly_pass,entry,G09,3.37
TX0004910,ST10,2026-08-20 22:00:00,single_ticket,exit,G06,3.97
TX0004911,ST05,2026-07-24 09:00:00,smart_card,exit,G10,3.97
TX0004912,ST07,2026-07-03 23:00:00,monthly_pass,exit,G11,1.87
TX0004913,ST04,2026-08-07 03:00:00,single_ticket,exit,G10,2.69
TX0004914,ST07,2026-07-11 22:00:00,monthly_pass,entry,G08,3.22
TX0004915,ST03,2026-07-09 18:00:00,single_ticket,exit,G07,3.95
TX0004916,ST10,2026-06-30 02:00:00,smart_card,exit,G04,2.4
TX0004917,ST08,2026-07-27 15:00:00,smart_card,entry,G04,4.39
TX0004918,ST08,2026-07-04 16:00:00,monthly_pass,exit,G11,1.63
TX0004919,ST05,2026-07-22 23:00:00,monthly_pass,exit,G10,3.22
TX0004920,ST01,2026-07-21 21:00:00,smart_card,entry,G11,3.45
TX0004921,ST03,2026-08-19 12:00:00,smart_card,exit,G06,3.23
TX0004922,ST10,2026-06-30 03:00:00,smart_card,exit,G10,1.68
TX0004923,ST06,2026-08-12 03:00:00,smart_card,entry,G02,2.86
TX0004924,ST07,2026-08-08 19:00:00,smart_card,entry,G11,2.08
TX0004925,ST02,2026-07-08 03:00:00,smart_card,entry,G11,3.13
TX0004926,ST07,2026-07-08 20:00:00,smart_card,exit,G08,2.6
TX0004927,ST05,2026-06-22 08:00:00,smart_card,entry,G03,3.98
TX0004928,ST05,2026-08-11 23:00:00,monthly_pass,entry,G10,1.69
TX0004929,ST09,2026-08-06 20:00:00,smart_card,entry,G02,2.78
TX0004930,ST06,2026-07-20 01:00:00,single_ticket,exit,G01,4.08
TX0004931,ST10,2026-07-11 18:00:00,smart_card,entry,G03,3.47
TX0004932,ST02,2026-07-14 14:00:00,single_ticket,exit,G06,2.03
TX0004933,ST08,2026-08-18 05:00:00,monthly_pass,entry,G03,3.92
TX0004934,ST03,2026-07-08 05:00:00,smart_card,exit,G09,2.51
TX0004935,ST05,2026-07-13 11:00:00,day_pass,exit,G04,3.07
TX0004936,ST04,2026-07-13 15:00:00,smart_card,exit,G10,3.26
TX0004937,ST01,2026-07-02 17:00:00,smart_card,exit,G07,1.85
TX0004938,ST10,2026-07-02 14:00:00,smart_card,exit,G08,3.48
TX0004939,ST02,2026-07-19 15:00:00,smart_card,exit,G03,3.55
TX0004940,ST04,2026-07-31 19:00:00,smart_card,exit,G08,3.4
TX0004941,ST08,2026-07-25 14:00:00,single_ticket,entry,G11,3.53
TX0004942,ST03,2026-07-25 04:00:00,smart_card,exit,G07,2.22
TX0004943,ST10,2026-07-20 12:00:00,day_pass,entry,G06,2.19
TX0004944,ST08,2026-08-02 16:00:00,smart_card,entry,G08,2.25
TX0004945,ST04,2026-06-26 05:00:00,smart_card,entry,G06,2.29
TX0004946,ST10,2026-07-17 17:00:00,smart_card,entry,G01,2.59
TX0004947,ST05,2026-07-14 19:00:00,single_ticket,exit,G09,2.25
TX0004948,ST05,2026-07-01 22:00:00,monthly_pass,exit,G06,4.4
TX0004949,ST10,2026-07-29 06:00:00,day_pass,entry,G01,1.75
TX0004950,ST05,2026-06-29 08:00:00,smart_card,exit,G11,4.05
TX0004951,ST08,2026-08-11 17:00:00,monthly_pass,exit,G04,2.57
TX0004952,ST08,2026-08-17 00:00:00,smart_card,exit,G10,3.32
TX0004953,ST03,2026-06-24 11:00:00,monthly_pass,entry,G09,2.45
TX0004954,ST04,2026-08-12 10:00:00,smart_card,entry,G07,4.21
TX0004955,ST05,2026-07-16 12:00:00,smart_card,exit,G05,1.7
TX0004956,ST06,2026-07-20 19:00:00,smart_card,exit,G11,2.29
TX0004957,ST06,2026-07-17 12:00:00,single_ticket,entry,G02,4.38
TX0004958,ST10,2026-08-17 09:00:00,smart_card,exit,G03,2.57
TX0004959,ST05,2026-08-20 00:00:00,smart_card,entry,G06,2.25
TX0004960,ST06,2026-07-19 13:00:00,smart_card,entry,G01,2.39
TX0004961,ST07,2026-07-10 03:00:00,smart_card,exit,G03,1.84
TX0004962,ST09,2026-07-30 04:00:00,single_ticket,entry,G02,2.52
TX0004963,ST07,2026-08-14 12:00:00,monthly_pass,entry,G11,2.46
TX0004964,ST01,2026-06-24 13:00:00,monthly_pass,exit,G01,2.34
TX0004965,ST03,2026-07-14 09:00:00,smart_card,entry,G02,1.74
TX0004966,ST04,2026-07-26 09:00:00,single_ticket,entry,G11,3.28
TX0004967,ST02,2026-08-20 04:00:00,single_ticket,exit,G01,3.56
TX0004968,ST05,2026-07-18 07:00:00,day_pass,exit,G04,3.61
TX0004969,ST03,2026-06-26 15:00:00,single_ticket,entry,G07,1.98
TX0004970,ST06,2026-06-25 11:00:00,single_ticket,entry,G01,3.44
TX0004971,ST07,2026-07-01 05:00:00,smart_card,exit,G03,4.17
TX0004972,ST09,2026-06-24 22:00:00,monthly_pass,entry,G12,4.43
TX0004973,ST07,2026-07-06 10:00:00,single_ticket,exit,G11,4.18
TX0004974,ST09,2026-07-13 15:00:00,smart_card,entry,G08,1.91
TX0004975,ST08,2026-08-07 23:00:00,single_ticket,exit,G03,4.36
TX0004976,ST08,2026-08-13 13:00:00,smart_card,entry,G12,2.47
TX0004977,ST04,2026-07-08 23:00:00,smart_card,exit,G06,1.59
TX0004978,ST06,2026-08-02 05:00:00,single_ticket,entry,G05,2.59
TX0004979,ST09,2026-08-02 08:00:00,single_ticket,entry,G10,2.42
TX0004980,ST04,2026-06-28 13:00:00,monthly_pass,entry,G09,3.53
TX0004981,ST06,2026-08-12 20:00:00,monthly_pass,exit,G01,4.45
TX0004982,ST06,2026-07-04 19:00:00,smart_card,entry,G08,3.68
TX0004983,ST02,2026-07-23 09:00:00,smart_card,exit,G12,3.53
TX0004984,ST05,2026-08-19 03:00:00,smart_card,exit,G09,2.01
TX0004985,ST03,2026-08-09 22:00:00,monthly_pass,entry,G10,3.66
TX0004986,ST09,2026-07-12 21:00:00,smart_card,exit,G09,2.32
TX0004987,ST08,2026-07-06 08:00:00,smart_card,exit,G05,2.34
TX0004988,ST06,2026-07-04 01:00:00,single_ticket,entry,G03,2.8
TX0004989,ST05,2026-08-06 14:00:00,smart_card,entry,G06,4.18
TX0004990,ST03,2026-07-19 21:00:00,single_ticket,entry,G04,2.15
TX0004991,ST01,2026-07-13 20:00:00,monthly_pass,exit,G02,4.18
TX0004992,ST06,2026-06-28 03:00:00,single_ticket,exit,G08,2.99
TX0004993,ST04,2026-06-30 01:00:00,smart_card,entry,G05,1.71
TX0004994,ST07,2026-08-18 17:00:00,smart_card,exit,G09,3.52
TX0004995,ST05,2026-07-08 02:00:00,smart_card,entry,G04,3.51
TX0004996,ST06,2026-07-06 20:00:00,smart_card,entry,G03,4.4
TX0004997,ST05,2026-07-18 20:00:00,smart_card,entry,G04,2.46
TX0004998,ST01,2026-07-01 16:00:00,smart_card,entry,G01,1.8
TX0004999,ST06,2026-07-22 10:00:00,single_ticket,entry,G10,2.83
TX0005000,ST05,2026-07-12 10:00:00,smart_card,entry,G09,2.34
TX0005001,ST06,2026-07-07 03:00:00,smart_card,exit,G10,3.14
TX0005002,ST09,2026-07-17 03:00:00,smart_card,entry,G09,3.21
TX0005003,ST10,2026-07-12 14:00:00,smart_card,exit,G05,2.53
TX0005004,ST07,2026-08-16 02:00:00,single_ticket,exit,G11,4.36
TX0005005,ST07,2026-08-06 16:00:00,smart_card,entry,G02,2.02
TX0005006,ST02,2026-07-03 00:00:00,smart_card,entry,G08,2.15
TX0005007,ST10,2026-08-17 16:00:00,single_ticket,entry,G01,2.66
TX0005008,ST09,2026-08-01 20:00:00,single_ticket,exit,G09,3.12
TX0005009,ST02,2026-07-10 10:00:00,monthly_pass,exit,G12,3.11
TX0005010,ST01,2026-07-13 14:00:00,day_pass,exit,G08,3.62
TX0005011,ST06,2026-07-03 04:00:00,single_ticket,exit,G02,1.76
TX0005012,ST10,2026-07-19 18:00:00,monthly_pass,entry,G01,4.33
TX0005013,ST08,2026-07-16 12:00:00,monthly_pass,entry,G08,1.67
TX0005014,ST07,2026-07-16 20:00:00,day_pass,exit,G06,3.41
TX0005015,ST08,2026-07-30 22:00:00,single_ticket,exit,G02,3.08
TX0005016,ST05,2026-06-28 06:00:00,day_pass,exit,G08,2.24
TX0005017,ST08,2026-06-23 10:00:00,smart_card,entry,G10,2.63
TX0005018,ST06,2026-08-03 18:00:00,monthly_pass,entry,G08,2.97
TX0005019,ST04,2026-08-10 03:00:00,smart_card,entry,G05,1.66
TX0005020,ST10,2026-07-24 20:00:00,smart_card,entry,G12,2.58
TX0005021,ST06,2026-07-25 21:00:00,smart_card,entry,G04,2.75
TX0005022,ST03,2026-06-23 17:00:00,day_pass,exit,G12,2.98
TX0005023,ST01,2026-07-12 05:00:00,smart_card,exit,G01,2.95
TX0005024,ST05,2026-06-27 21:00:00,single_ticket,exit,G02,4.42
TX0005025,ST05,2026-08-08 19:00:00,smart_card,entry,G12,4.15
TX0005026,ST02,2026-08-08 14:00:00,smart_card,entry,G02,3.6
TX0005027,ST04,2026-08-04 03:00:00,monthly_pass,entry,G06,4.43
TX0005028,ST10,2026-06-25 21:00:00,smart_card,exit,G09,2.49
TX0005029,ST10,2026-08-16 21:00:00,single_ticket,exit,G02,2.41
TX0005030,ST08,2026-08-06 15:00:00,monthly_pass,entry,G03,2.89
TX0005031,ST05,2026-07-21 22:00:00,smart_card,entry,G02,3.54
TX0005032,ST06,2026-08-07 14:00:00,smart_card,entry,G09,3.62
TX0005033,ST02,2026-06-28 17:00:00,smart_card,entry,G09,3.46
TX0005034,ST08,2026-08-08 14:00:00,smart_card,entry,G09,2.08
TX0005035,ST03,2026-08-03 13:00:00,day_pass,entry,G03,2.15
TX0005036,ST10,2026-07-18 07:00:00,smart_card,entry,G11,2.44
TX0005037,ST01,2026-08-17 10:00:00,smart_card,entry,G06,2.8
TX0005038,ST04,2026-08-04 06:00:00,single_ticket,exit,G04,2.59
TX0005039,ST05,2026-07-29 04:00:00,single_ticket,exit,G03,3.5
TX0005040,ST03,2026-07-29 14:00:00,smart_card,exit,G05,3.5
TX0005041,ST08,2026-07-15 23:00:00,smart_card,exit,G05,2.46
TX0005042,ST08,2026-07-26 06:00:00,smart_card,entry,G11,3.74
TX0005043,ST07,2026-06-22 22:00:00,smart_card,entry,G10,2.6
TX0005044,ST03,2026-08-09 23:00:00,smart_card,exit,G08,1.6
TX0005045,ST08,2026-06-23 11:00:00,single_ticket,entry,G01,3.46
TX0005046,ST09,2026-07-19 13:00:00,monthly_pass,exit,G06,3.87
TX0005047,ST07,2026-07-15 07:00:00,smart_card,exit,G03,3.53
TX0005048,ST09,2026-07-01 18:00:00,smart_card,entry,G07,2.06
TX0005049,ST02,2026-08-16 07:00:00,smart_card,exit,G12,2.79
TX0005050,ST10,2026-08-15 07:00:00,day_pass,entry,G11,3.9
TX0005051,ST05,2026-06-28 04:00:00,single_ticket,entry,G08,1.72
TX0005052,ST03,2026-07-25 18:00:00,day_pass,exit,G03,4.33
TX0005053,ST03,2026-07-22 07:00:00,smart_card,exit,G11,1.62
TX0005054,ST09,2026-07-28 09:00:00,smart_card,exit,G08,2.06
TX0005055,ST07,2026-08-19 00:00:00,monthly_pass,exit,G01,3.34
TX0005056,ST02,2026-06-22 11:00:00,smart_card,exit,G01,2.92
TX0005057,ST10,2026-07-30 09:00:00,smart_card,entry,G11,3.3
TX0005058,ST01,2026-08-03 17:00:00,single_ticket,entry,G02,2.86
TX0005059,ST01,2026-07-21 14:00:00,single_ticket,exit,G10,4.0
TX0005060,ST06,2026-08-02 18:00:00,smart_card,entry,G01,4.4
TX0005061,ST02,2026-07-09 23:00:00,single_ticket,exit,G02,3.81
TX0005062,ST08,2026-08-03 18:00:00,smart_card,exit,G01,3.28
TX0005063,ST10,2026-07-07 12:00:00,day_pass,entry,G06,2.64
TX0005064,ST07,2026-07-13 05:00:00,day_pass,entry,G10,3.4
TX0005065,ST08,2026-08-10 18:00:00,single_ticket,exit,G05,3.88
TX0005066,ST02,2026-08-08 11:00:00,smart_card,entry,G04,3.86
TX0005067,ST09,2026-06-26 22:00:00,smart_card,exit,G11,1.52
TX0005068,ST03,2026-06-25 09:00:00,day_pass,exit,G07,3.6
TX0005069,ST03,2026-07-28 03:00:00,smart_card,entry,G08,2.11
TX0005070,ST03,2026-08-04 07:00:00,smart_card,exit,G09,3.1
TX0005071,ST06,2026-08-15 15:00:00,monthly_pass,exit,G09,3.74
TX0005072,ST01,2026-08-20 08:00:00,day_pass,exit,G02,4.37
TX0005073,ST01,2026-08-07 04:00:00,monthly_pass,entry,G11,1.61
TX0005074,ST04,2026-08-18 20:00:00,smart_card,exit,G08,2.48
TX0005075,ST10,2026-07-23 02:00:00,smart_card,entry,G04,1.68
TX0005076,ST06,2026-06-25 00:00:00,smart_card,exit,G08,3.81
TX0005077,ST09,2026-07-01 15:00:00,single_ticket,exit,G01,2.02
TX0005078,ST02,2026-06-27 03:00:00,day_pass,exit,G11,1.87
TX0005079,ST10,2026-07-05 09:00:00,smart_card,exit,G06,1.79
TX0005080,ST08,2026-07-19 05:00:00,smart_card,entry,G01,3.63
TX0005081,ST07,2026-07-25 07:00:00,day_pass,entry,G12,1.77
TX0005082,ST09,2026-07-25 04:00:00,smart_card,entry,G06,2.84
TX0005083,ST03,2026-07-19 00:00:00,smart_card,exit,G09,1.98
TX0005084,ST04,2026-07-01 11:00:00,monthly_pass,exit,G10,3.39
TX0005085,ST01,2026-06-23 15:00:00,smart_card,entry,G01,1.93
TX0005086,ST03,2026-07-13 21:00:00,day_pass,entry,G05,2.2
TX0005087,ST10,2026-08-02 05:00:00,monthly_pass,entry,G12,4.07
TX0005088,ST08,2026-07-16 11:00:00,day_pass,entry,G07,1.55
TX0005089,ST07,2026-07-14 07:00:00,smart_card,entry,G07,1.6
TX0005090,ST05,2026-07-16 17:00:00,single_ticket,entry,G12,3.7
TX0005091,ST05,2026-07-31 09:00:00,single_ticket,exit,G05,2.14
TX0005092,ST02,2026-08-11 17:00:00,monthly_pass,exit,G06,2.2
TX0005093,ST04,2026-08-07 21:00:00,smart_card,entry,G06,1.52
TX0005094,ST04,2026-08-09 12:00:00,single_ticket,entry,G11,3.03
TX0005095,ST09,2026-06-28 15:00:00,monthly_pass,entry,G07,2.69
TX0005096,ST09,2026-07-27 10:00:00,smart_card,exit,G08,4.0
TX0005097,ST05,2026-07-14 17:00:00,single_ticket,exit,G12,1.81
TX0005098,ST08,2026-08-12 19:00:00,smart_card,exit,G03,4.49
TX0005099,ST01,2026-07-04 09:00:00,smart_card,exit,G05,1.67
TX0005100,ST02,2026-08-19 09:00:00,smart_card,exit,G08,2.16
TX0005101,ST08,2026-08-02 02:00:00,smart_card,entry,G08,1.92
TX0005102,ST06,2026-07-03 23:00:00,smart_card,exit,G03,3.83
TX0005103,ST08,2026-08-04 02:00:00,single_ticket,exit,G02,2.35
TX0005104,ST02,2026-08-20 19:00:00,smart_card,entry,G06,1.57
TX0005105,ST05,2026-08-17 14:00:00,smart_card,entry,G06,3.09
TX0005106,ST05,2026-07-26 01:00:00,smart_card,exit,G04,2.22
TX0005107,ST05,2026-07-29 21:00:00,single_ticket,entry,G12,3.36
TX0005108,ST08,2026-06-24 07:00:00,smart_card,entry,G03,2.84
TX0005109,ST05,2026-07-27 12:00:00,single_ticket,exit,G10,1.76
TX0005110,ST05,2026-08-13 09:00:00,day_pass,exit,G11,4.2
TX0005111,ST07,2026-06-27 21:00:00,day_pass,entry,G12,2.18
TX0005112,ST01,2026-08-16 03:00:00,single_ticket,entry,G11,1.52
TX0005113,ST02,2026-08-14 23:00:00,single_ticket,exit,G02,3.25
TX0005114,ST07,2026-08-10 11:00:00,single_ticket,exit,G09,3.98
TX0005115,ST07,2026-06-25 12:00:00,smart_card,exit,G06,2.98
TX0005116,ST05,2026-07-10 16:00:00,smart_card,exit,G12,4.05
TX0005117,ST04,2026-07-15 12:00:00,monthly_pass,exit,G07,1.72
TX0005118,ST07,2026-08-18 18:00:00,day_pass,exit,G03,2.36
TX0005119,ST07,2026-06-26 04:00:00,single_ticket,entry,G02,3.43
TX0005120,ST08,2026-07-29 07:00:00,single_ticket,entry,G09,3.82
TX0005121,ST10,2026-06-29 16:00:00,single_ticket,entry,G07,1.74
TX0005122,ST02,2026-07-25 01:00:00,smart_card,entry,G04,3.34
TX0005123,ST06,2026-07-13 10:00:00,smart_card,entry,G05,3.81
TX0005124,ST04,2026-06-26 07:00:00,smart_card,exit,G10,1.88
TX0005125,ST07,2026-06-29 13:00:00,day_pass,entry,G01,1.94
TX0005126,ST05,2026-07-02 18:00:00,single_ticket,exit,G03,3.02
TX0005127,ST04,2026-08-19 07:00:00,smart_card,exit,G02,2.8
TX0005128,ST04,2026-08-08 13:00:00,smart_card,entry,G07,2.78
TX0005129,ST09,2026-06-25 11:00:00,monthly_pass,entry,G06,4.1
TX0005130,ST01,2026-07-07 01:00:00,day_pass,entry,G10,1.7
TX0005131,ST09,2026-08-02 13:00:00,day_pass,entry,G02,3.71
TX0005132,ST09,2026-07-08 13:00:00,smart_card,exit,G06,3.95
TX0005133,ST09,2026-07-28 21:00:00,smart_card,entry,G05,2.65
TX0005134,ST10,2026-07-16 16:00:00,single_ticket,exit,G10,3.58
TX0005135,ST04,2026-07-03 05:00:00,smart_card,entry,G12,3.26
TX0005136,ST01,2026-07-27 02:00:00,smart_card,entry,G03,2.29
TX0005137,ST01,2026-07-03 07:00:00,smart_card,entry,G06,3.04
TX0005138,ST02,2026-07-15 19:00:00,single_ticket,exit,G07,1.67
TX0005139,ST04,2026-08-13 21:00:00,smart_card,exit,G07,3.93
TX0005140,ST08,2026-07-06 07:00:00,smart_card,entry,G03,1.67
TX0005141,ST02,2026-07-30 15:00:00,smart_card,entry,G06,2.37
TX0005142,ST05,2026-07-18 14:00:00,smart_card,exit,G09,2.73
TX0005143,ST07,2026-07-09 20:00:00,single_ticket,entry,G02,3.0
TX0005144,ST09,2026-07-05 21:00:00,monthly_pass,exit,G09,3.1
TX0005145,ST08,2026-07-09 23:00:00,smart_card,exit,G10,3.31
TX0005146,ST06,2026-06-25 22:00:00,single_ticket,exit,G12,4.25
TX0005147,ST04,2026-08-12 12:00:00,smart_card,exit,G09,2.93
TX0005148,ST01,2026-07-26 15:00:00,single_ticket,exit,G04,3.46
TX0005149,ST07,2026-07-22 16:00:00,monthly_pass,exit,G06,1.77
TX0005150,ST03,2026-08-18 10:00:00,smart_card,exit,G10,4.02
TX0005151,ST06,2026-07-22 16:00:00,day_pass,exit,G03,2.51
TX0005152,ST09,2026-08-15 13:00:00,smart_card,entry,G09,3.27
TX0005153,ST06,2026-07-14 22:00:00,monthly_pass,entry,G09,4.44
TX0005154,ST02,2026-06-22 06:00:00,day_pass,entry,G01,3.77
TX0005155,ST03,2026-06-29 23:00:00,smart_card,entry,G04,2.72
TX0005156,ST09,2026-07-21 02:00:00,single_ticket,entry,G04,2.85
TX0005157,ST02,2026-08-15 17:00:00,smart_card,exit,G06,1.94
TX0005158,ST10,2026-06-25 02:00:00,monthly_pass,entry,G09,3.39
TX0005159,ST10,2026-07-26 20:00:00,smart_card,exit,G04,3.16
TX0005160,ST03,2026-06-29 18:00:00,single_ticket,exit,G01,3.28
TX0005161,ST01,2026-07-29 06:00:00,smart_card,exit,G06,2.3
TX0005162,ST06,2026-07-30 02:00:00,smart_card,exit,G12,3.63
TX0005163,ST09,2026-07-14 13:00:00,day_pass,entry,G11,2.4
TX0005164,ST05,2026-08-13 12:00:00,single_ticket,entry,G06,2.84
TX0005165,ST02,2026-07-14 00:00:00,smart_card,exit,G04,1.95
TX0005166,ST03,2026-07-02 10:00:00,monthly_pass,entry,G05,3.65
TX0005167,ST09,2026-08-04 10:00:00,monthly_pass,exit,G05,2.03
TX0005168,ST07,2026-08-05 00:00:00,day_pass,exit,G04,3.26
TX0005169,ST01,2026-08-08 04:00:00,smart_card,entry,G07,3.98
TX0005170,ST07,2026-06-29 11:00:00,monthly_pass,exit,G07,3.27
TX0005171,ST09,2026-07-16 22:00:00,smart_card,entry,G04,3.31
TX0005172,ST07,2026-06-30 15:00:00,single_ticket,entry,G09,4.14
TX0005173,ST07,2026-07-21 10:00:00,monthly_pass,entry,G12,4.49
TX0005174,ST05,2026-06-26 17:00:00,smart_card,entry,G09,2.09
TX0005175,ST06,2026-07-15 17:00:00,smart_card,entry,G02,2.93
TX0005176,ST10,2026-08-12 14:00:00,monthly_pass,entry,G06,2.59
TX0005177,ST02,2026-06-26 12:00:00,smart_card,entry,G02,1.71
TX0005178,ST03,2026-07-08 04:00:00,smart_card,entry,G05,2.6
TX0005179,ST06,2026-08-12 02:00:00,smart_card,entry,G08,3.6
TX0005180,ST07,2026-07-23 13:00:00,single_ticket,exit,G12,4.05
TX0005181,ST02,2026-07-26 17:00:00,smart_card,exit,G08,3.97
TX0005182,ST06,2026-07-16 20:00:00,smart_card,entry,G03,1.56
TX0005183,ST06,2026-07-02 06:00:00,monthly_pass,entry,G04,2.69
TX0005184,ST09,2026-07-07 02:00:00,day_pass,exit,G07,4.35
TX0005185,ST01,2026-06-27 17:00:00,single_ticket,exit,G01,3.16
TX0005186,ST07,2026-07-06 15:00:00,smart_card,entry,G03,4.44
TX0005187,ST08,2026-08-09 14:00:00,monthly_pass,entry,G02,2.53
TX0005188,ST01,2026-07-17 08:00:00,smart_card,exit,G12,2.7
TX0005189,ST07,2026-08-14 15:00:00,monthly_pass,exit,G03,2.87
TX0005190,ST01,2026-07-27 08:00:00,smart_card,entry,G06,4.06
TX0005191,ST01,2026-07-08 14:00:00,day_pass,entry,G05,2.37
TX0005192,ST10,2026-07-01 09:00:00,monthly_pass,exit,G09,2.81
TX0005193,ST07,2026-07-18 02:00:00,smart_card,entry,G07,3.86
TX0005194,ST05,2026-08-17 21:00:00,smart_card,entry,G04,2.49
TX0005195,ST04,2026-07-20 02:00:00,smart_card,exit,G08,2.72
TX0005196,ST03,2026-08-04 21:00:00,smart_card,exit,G10,4.14
TX0005197,ST07,2026-07-30 16:00:00,smart_card,entry,G09,2.56
TX0005198,ST04,2026-08-08 01:00:00,smart_card,exit,G04,3.14
TX0005199,ST09,2026-08-01 12:00:00,smart_card,entry,G01,1.7
TX0005200,ST06,2026-07-10 04:00:00,smart_card,entry,G09,4.35
TX0005201,ST05,2026-07-22 07:00:00,smart_card,entry,G07,3.49
TX0005202,ST02,2026-07-27 02:00:00,day_pass,exit,G01,4.39
TX0005203,ST05,2026-06-29 10:00:00,smart_card,exit,G01,3.94
TX0005204,ST03,2026-07-06 23:00:00,smart_card,entry,G02,3.79
TX0005205,ST09,2026-07-02 23:00:00,smart_card,exit,G08,1.91
TX0005206,ST03,2026-07-17 23:00:00,smart_card,entry,G04,2.96
TX0005207,ST05,2026-07-25 10:00:00,smart_card,entry,G04,1.55
TX0005208,ST06,2026-08-01 15:00:00,smart_card,entry,G12,3.18
TX0005209,ST06,2026-08-06 19:00:00,smart_card,exit,G08,4.37
TX0005210,ST05,2026-08-02 04:00:00,smart_card,exit,G01,2.66
TX0005211,ST01,2026-07-08 22:00:00,smart_card,entry,G06,2.54
TX0005212,ST05,2026-08-03 21:00:00,single_ticket,entry,G05,2.36
TX0005213,ST06,2026-07-16 13:00:00,monthly_pass,exit,G10,3.23
TX0005214,ST10,2026-08-12 01:00:00,single_ticket,exit,G07,4.21
TX0005215,ST09,2026-07-20 09:00:00,smart_card,exit,G02,3.27
TX0005216,ST08,2026-07-31 15:00:00,smart_card,entry,G04,3.76
TX0005217,ST04,2026-07-07 05:00:00,single_ticket,entry,G07,2.6
TX0005218,ST04,2026-07-20 21:00:00,single_ticket,entry,G04,2.61
TX0005219,ST05,2026-07-31 04:00:00,smart_card,exit,G04,2.21
TX0005220,ST03,2026-07-14 00:00:00,day_pass,exit,G12,1.79
TX0005221,ST09,2026-08-09 12:00:00,smart_card,exit,G01,4.01
TX0005222,ST03,2026-08-03 00:00:00,smart_card,exit,G04,3.68
TX0005223,ST06,2026-07-17 00:00:00,single_ticket,exit,G07,1.89
TX0005224,ST07,2026-07-09 08:00:00,monthly_pass,exit,G10,3.11
TX0005225,ST06,2026-08-04 14:00:00,monthly_pass,exit,G10,3.38
TX0005226,ST05,2026-06-24 01:00:00,monthly_pass,entry,G03,4.09
TX0005227,ST02,2026-06-27 18:00:00,smart_card,exit,G08,1.92
TX0005228,ST10,2026-07-10 10:00:00,smart_card,exit,G09,1.84
TX0005229,ST07,2026-07-05 12:00:00,smart_card,exit,G01,2.27
TX0005230,ST02,2026-08-02 04:00:00,smart_card,entry,G07,2.22
TX0005231,ST08,2026-07-04 21:00:00,day_pass,entry,G08,1.94
TX0005232,ST05,2026-07-20 06:00:00,smart_card,entry,G03,4.13
TX0005233,ST08,2026-07-25 08:00:00,smart_card,exit,G09,4.48
TX0005234,ST06,2026-07-02 12:00:00,monthly_pass,entry,G05,3.47
TX0005235,ST10,2026-07-13 02:00:00,smart_card,entry,G01,3.77
TX0005236,ST08,2026-07-24 16:00:00,smart_card,exit,G06,3.07
TX0005237,ST10,2026-06-25 14:00:00,monthly_pass,exit,G05,3.37
TX0005238,ST04,2026-08-05 01:00:00,smart_card,entry,G09,4.05
TX0005239,ST09,2026-07-31 09:00:00,day_pass,exit,G04,4.16
TX0005240,ST10,2026-06-25 20:00:00,smart_card,exit,G10,2.48
TX0005241,ST01,2026-07-25 22:00:00,smart_card,entry,G09,3.89
TX0005242,ST08,2026-07-12 17:00:00,smart_card,exit,G08,1.55
TX0005243,ST02,2026-08-11 15:00:00,smart_card,exit,G05,1.87
TX0005244,ST05,2026-07-06 23:00:00,smart_card,entry,G02,2.38
TX0005245,ST10,2026-08-15 18:00:00,single_ticket,exit,G03,2.98
TX0005246,ST08,2026-08-07 20:00:00,smart_card,entry,G04,2.2
TX0005247,ST03,2026-07-05 03:00:00,smart_card,exit,G07,4.11
TX0005248,ST03,2026-07-23 01:00:00,smart_card,entry,G12,3.13
TX0005249,ST02,2026-07-03 03:00:00,single_ticket,entry,G10,2.74
TX0005250,ST09,2026-08-12 03:00:00,smart_card,exit,G11,3.88
TX0005251,ST05,2026-08-06 08:00:00,smart_card,exit,G05,3.62
TX0005252,ST03,2026-07-24 07:00:00,monthly_pass,entry,G01,3.76
TX0005253,ST06,2026-07-23 14:00:00,monthly_pass,entry,G11,2.47
TX0005254,ST10,2026-07-28 08:00:00,smart_card,exit,G12,2.44
TX0005255,ST08,2026-06-27 17:00:00,smart_card,exit,G08,2.4
TX0005256,ST09,2026-07-18 20:00:00,single_ticket,exit,G06,3.87
TX0005257,ST03,2026-07-12 15:00:00,smart_card,entry,G02,2.65
TX0005258,ST10,2026-07-16 02:00:00,monthly_pass,exit,G10,1.87
TX0005259,ST07,2026-08-13 19:00:00,smart_card,entry,G12,3.0
TX0005260,ST04,2026-08-05 00:00:00,smart_card,entry,G06,2.13
TX0005261,ST08,2026-06-29 13:00:00,smart_card,exit,G09,3.23
TX0005262,ST07,2026-07-04 05:00:00,smart_card,exit,G02,3.07
TX0005263,ST08,2026-07-18 12:00:00,smart_card,entry,G03,2.31
TX0005264,ST07,2026-08-01 11:00:00,single_ticket,exit,G08,4.28
TX0005265,ST05,2026-07-20 04:00:00,monthly_pass,entry,G04,2.82
TX0005266,ST07,2026-08-09 16:00:00,smart_card,exit,G02,3.1
TX0005267,ST06,2026-08-03 19:00:00,single_ticket,exit,G06,3.64
TX0005268,ST01,2026-07-19 21:00:00,smart_card,exit,G09,3.41
TX0005269,ST07,2026-08-15 07:00:00,monthly_pass,entry,G01,1.62
TX0005270,ST06,2026-08-20 03:00:00,smart_card,exit,G05,2.98
TX0005271,ST10,2026-06-28 07:00:00,smart_card,entry,G11,4.21
TX0005272,ST10,2026-07-17 14:00:00,smart_card,exit,G01,4.17
TX0005273,ST04,2026-07-31 08:00:00,day_pass,exit,G01,1.89
TX0005274,ST03,2026-07-11 16:00:00,smart_card,entry,G12,2.39
TX0005275,ST02,2026-06-27 13:00:00,single_ticket,entry,G03,2.33
TX0005276,ST01,2026-07-11 11:00:00,smart_card,entry,G07,4.25
TX0005277,ST01,2026-07-23 04:00:00,single_ticket,entry,G07,4.4
TX0005278,ST01,2026-07-01 11:00:00,monthly_pass,entry,G08,2.82
TX0005279,ST08,2026-06-30 18:00:00,smart_card,entry,G10,3.59
TX0005280,ST03,2026-08-07 15:00:00,single_ticket,exit,G08,2.0
TX0005281,ST02,2026-07-14 16:00:00,smart_card,entry,G12,3.48
TX0005282,ST06,2026-07-14 18:00:00,smart_card,entry,G08,1.64
TX0005283,ST01,2026-07-18 06:00:00,smart_card,exit,G02,1.73
TX0005284,ST10,2026-07-01 05:00:00,smart_card,exit,G08,2.68
TX0005285,ST10,2026-07-26 16:00:00,day_pass,entry,G01,4.07
TX0005286,ST05,2026-07-30 03:00:00,smart_card,exit,G05,1.54
TX0005287,ST09,2026-06-22 13:00:00,smart_card,exit,G09,2.49
TX0005288,ST01,2026-07-06 13:00:00,smart_card,exit,G12,3.4
TX0005289,ST05,2026-07-11 13:00:00,single_ticket,entry,G04,2.42
TX0005290,ST06,2026-07-16 10:00:00,monthly_pass,exit,G02,1.52
TX0005291,ST04,2026-06-27 14:00:00,monthly_pass,exit,G02,3.09
TX0005292,ST02,2026-07-27 05:00:00,day_pass,exit,G05,1.87
TX0005293,ST01,2026-07-11 05:00:00,monthly_pass,entry,G01,2.45
TX0005294,ST09,2026-06-23 14:00:00,single_ticket,entry,G04,4.2
TX0005295,ST07,2026-06-30 20:00:00,smart_card,exit,G12,3.28
TX0005296,ST04,2026-06-22 20:00:00,smart_card,exit,G05,3.7
TX0005297,ST02,2026-08-10 10:00:00,monthly_pass,exit,G09,1.98
TX0005298,ST06,2026-08-06 07:00:00,smart_card,exit,G02,3.74
TX0005299,ST06,2026-07-07 12:00:00,smart_card,entry,G05,2.01
TX0005300,ST06,2026-07-07 04:00:00,day_pass,exit,G06,4.13
TX0005301,ST04,2026-08-02 05:00:00,smart_card,entry,G08,3.57
TX0005302,ST09,2026-08-20 18:00:00,day_pass,exit,G07,3.51
TX0005303,ST10,2026-07-30 06:00:00,day_pass,exit,G11,2.16
TX0005304,ST04,2026-07-25 07:00:00,smart_card,exit,G12,2.8
TX0005305,ST09,2026-07-22 00:00:00,day_pass,entry,G11,1.62
TX0005306,ST04,2026-07-29 09:00:00,smart_card,entry,G10,2.54
TX0005307,ST07,2026-08-08 22:00:00,monthly_pass,entry,G07,1.57
TX0005308,ST02,2026-07-05 13:00:00,smart_card,entry,G09,1.52
TX0005309,ST01,2026-07-27 07:00:00,smart_card,exit,G12,2.04
TX0005310,ST09,2026-08-11 17:00:00,smart_card,entry,G08,3.53
TX0005311,ST09,2026-07-21 13:00:00,single_ticket,exit,G10,2.2
TX0005312,ST10,2026-07-31 11:00:00,single_ticket,entry,G08,4.2
TX0005313,ST04,2026-07-28 20:00:00,single_ticket,exit,G07,3.16
TX0005314,ST06,2026-07-30 15:00:00,day_pass,entry,G05,2.85
TX0005315,ST03,2026-06-23 03:00:00,single_ticket,exit,G05,2.77
TX0005316,ST07,2026-08-01 06:00:00,monthly_pass,entry,G05,2.85
TX0005317,ST09,2026-07-01 09:00:00,smart_card,exit,G12,2.13
TX0005318,ST05,2026-07-13 23:00:00,monthly_pass,exit,G02,2.76
TX0005319,ST04,2026-08-18 04:00:00,monthly_pass,exit,G03,1.54
TX0005320,ST10,2026-06-22 15:00:00,monthly_pass,entry,G06,2.75
TX0005321,ST06,2026-08-14 13:00:00,smart_card,exit,G07,2.65
TX0005322,ST10,2026-08-16 11:00:00,monthly_pass,exit,G02,1.63
TX0005323,ST06,2026-07-12 06:00:00,smart_card,entry,G02,3.33
TX0005324,ST03,2026-07-15 04:00:00,smart_card,exit,G04,3.86
TX0005325,ST10,2026-07-17 21:00:00,smart_card,entry,G02,2.07
TX0005326,ST07,2026-06-24 03:00:00,monthly_pass,entry,G10,2.88
TX0005327,ST09,2026-08-04 02:00:00,monthly_pass,exit,G01,4.24
TX0005328,ST04,2026-08-09 07:00:00,smart_card,entry,G11,4.2
TX0005329,ST09,2026-07-04 21:00:00,day_pass,exit,G04,2.28
TX0005330,ST10,2026-07-25 12:00:00,smart_card,entry,G08,2.16
TX0005331,ST04,2026-07-09 02:00:00,smart_card,entry,G10,2.16
TX0005332,ST09,2026-08-03 15:00:00,single_ticket,entry,G05,3.27
TX0005333,ST04,2026-07-25 23:00:00,smart_card,exit,G03,4.02
TX0005334,ST06,2026-07-07 10:00:00,single_ticket,exit,G10,2.23
TX0005335,ST05,2026-07-20 00:00:00,smart_card,entry,G10,3.43
TX0005336,ST05,2026-06-23 07:00:00,smart_card,entry,G07,3.63
TX0005337,ST09,2026-06-25 14:00:00,single_ticket,exit,G12,1.9
TX0005338,ST07,2026-06-27 16:00:00,smart_card,exit,G09,1.77
TX0005339,ST10,2026-07-04 11:00:00,day_pass,entry,G07,1.77
TX0005340,ST09,2026-07-29 16:00:00,single_ticket,exit,G10,2.85
TX0005341,ST01,2026-07-07 13:00:00,smart_card,exit,G10,2.27
TX0005342,ST09,2026-07-15 07:00:00,day_pass,exit,G09,2.57
TX0005343,ST03,2026-07-21 22:00:00,smart_card,exit,G09,4.43
TX0005344,ST01,2026-08-20 04:00:00,single_ticket,exit,G11,2.47
TX0005345,ST08,2026-07-02 20:00:00,smart_card,exit,G06,2.49
TX0005346,ST06,2026-07-03 17:00:00,smart_card,entry,G07,3.72
TX0005347,ST10,2026-08-16 05:00:00,smart_card,exit,G04,4.32
TX0005348,ST06,2026-07-05 11:00:00,monthly_pass,entry,G05,3.44
TX0005349,ST07,2026-07-18 05:00:00,smart_card,entry,G09,3.81
TX0005350,ST04,2026-08-06 23:00:00,monthly_pass,exit,G10,2.18
TX0005351,ST06,2026-06-30 20:00:00,single_ticket,entry,G03,2.06
TX0005352,ST07,2026-07-05 03:00:00,smart_card,exit,G12,4.49
TX0005353,ST02,2026-07-03 22:00:00,single_ticket,exit,G05,4.4
TX0005354,ST06,2026-08-14 16:00:00,single_ticket,exit,G09,2.53
TX0005355,ST04,2026-08-03 01:00:00,smart_card,exit,G02,3.91
TX0005356,ST03,2026-08-10 09:00:00,smart_card,exit,G10,2.35
TX0005357,ST10,2026-07-30 12:00:00,day_pass,exit,G07,1.66
TX0005358,ST02,2026-07-08 05:00:00,day_pass,entry,G08,3.58
TX0005359,ST08,2026-06-24 06:00:00,day_pass,exit,G02,3.12
TX0005360,ST07,2026-07-17 03:00:00,day_pass,entry,G07,1.66
TX0005361,ST09,2026-06-24 20:00:00,smart_card,entry,G10,2.77
TX0005362,ST07,2026-07-08 04:00:00,smart_card,exit,G04,3.26
TX0005363,ST03,2026-07-06 21:00:00,single_ticket,exit,G06,2.68
TX0005364,ST02,2026-07-12 03:00:00,smart_card,exit,G07,1.63
TX0005365,ST05,2026-07-02 05:00:00,single_ticket,entry,G09,4.31
TX0005366,ST02,2026-06-27 14:00:00,smart_card,entry,G09,4.28
TX0005367,ST02,2026-07-08 12:00:00,day_pass,exit,G06,4.16
TX0005368,ST01,2026-07-06 16:00:00,smart_card,exit,G06,3.59
TX0005369,ST01,2026-08-12 23:00:00,day_pass,exit,G10,4.21
TX0005370,ST05,2026-08-19 06:00:00,smart_card,entry,G01,4.07
TX0005371,ST05,2026-08-02 21:00:00,monthly_pass,exit,G11,3.13
TX0005372,ST08,2026-07-24 14:00:00,single_ticket,entry,G05,3.04
TX0005373,ST05,2026-08-16 18:00:00,smart_card,entry,G06,3.35
TX0005374,ST10,2026-07-27 17:00:00,smart_card,entry,G02,2.35
TX0005375,ST10,2026-08-12 07:00:00,single_ticket,exit,G05,1.86
TX0005376,ST08,2026-07-25 13:00:00,smart_card,entry,G06,4.29
TX0005377,ST08,2026-08-17 22:00:00,day_pass,exit,G09,2.97
TX0005378,ST09,2026-08-04 19:00:00,day_pass,entry,G11,1.76
TX0005379,ST07,2026-08-08 09:00:00,single_ticket,exit,G12,4.34
TX0005380,ST10,2026-07-18 22:00:00,smart_card,entry,G11,3.93
TX0005381,ST10,2026-07-23 21:00:00,smart_card,entry,G03,3.44
TX0005382,ST05,2026-06-30 05:00:00,smart_card,entry,G06,4.47
TX0005383,ST08,2026-07-24 17:00:00,smart_card,entry,G09,3.96
TX0005384,ST05,2026-07-29 08:00:00,single_ticket,entry,G09,1.74
TX0005385,ST10,2026-06-28 11:00:00,smart_card,exit,G01,3.66
TX0005386,ST05,2026-07-02 16:00:00,smart_card,entry,G11,1.86
TX0005387,ST10,2026-08-16 13:00:00,smart_card,exit,G12,3.82
TX0005388,ST09,2026-08-15 02:00:00,smart_card,entry,G12,2.31
TX0005389,ST06,2026-07-09 23:00:00,monthly_pass,entry,G10,2.55
TX0005390,ST08,2026-06-26 20:00:00,smart_card,exit,G08,4.0
TX0005391,ST01,2026-08-12 03:00:00,smart_card,entry,G12,1.89
TX0005392,ST05,2026-07-01 16:00:00,smart_card,exit,G01,4.33
TX0005393,ST02,2026-07-21 03:00:00,smart_card,entry,G02,1.88
TX0005394,ST08,2026-08-17 10:00:00,single_ticket,entry,G08,1.58
TX0005395,ST06,2026-07-04 13:00:00,day_pass,exit,G01,1.58
TX0005396,ST10,2026-06-24 06:00:00,single_ticket,entry,G04,3.93
TX0005397,ST05,2026-07-11 23:00:00,monthly_pass,entry,G06,2.94
TX0005398,ST01,2026-07-13 10:00:00,smart_card,entry,G10,3.02
TX0005399,ST07,2026-08-19 23:00:00,smart_card,entry,G01,4.0
TX0005400,ST03,2026-08-07 07:00:00,smart_card,exit,G11,3.04
TX0005401,ST01,2026-07-23 09:00:00,single_ticket,entry,G01,4.37
TX0005402,ST04,2026-07-30 19:00:00,smart_card,exit,G10,1.51
TX0005403,ST01,2026-08-13 16:00:00,smart_card,entry,G02,1.99
TX0005404,ST04,2026-07-08 19:00:00,smart_card,exit,G10,3.86
TX0005405,ST02,2026-07-10 21:00:00,monthly_pass,entry,G01,4.25
TX0005406,ST01,2026-07-21 20:00:00,smart_card,exit,G12,3.62
TX0005407,ST09,2026-08-07 13:00:00,smart_card,exit,G02,2.39
TX0005408,ST10,2026-06-30 04:00:00,smart_card,exit,G06,4.02
TX0005409,ST06,2026-06-25 17:00:00,smart_card,exit,G05,2.16
TX0005410,ST09,2026-07-22 03:00:00,single_ticket,exit,G05,2.82
TX0005411,ST05,2026-08-13 04:00:00,single_ticket,entry,G07,3.85
TX0005412,ST04,2026-07-12 13:00:00,day_pass,exit,G10,2.71
TX0005413,ST03,2026-07-10 22:00:00,day_pass,exit,G02,3.97
TX0005414,ST03,2026-07-09 10:00:00,smart_card,exit,G01,3.31
TX0005415,ST08,2026-08-03 09:00:00,monthly_pass,exit,G08,4.08
TX0005416,ST09,2026-08-16 19:00:00,single_ticket,entry,G01,2.2
TX0005417,ST04,2026-08-15 01:00:00,monthly_pass,exit,G08,3.41
TX0005418,ST09,2026-08-03 21:00:00,smart_card,entry,G02,3.49
TX0005419,ST07,2026-08-03 09:00:00,smart_card,entry,G04,2.74
TX0005420,ST04,2026-07-14 22:00:00,single_ticket,exit,G07,2.8
TX0005421,ST01,2026-06-26 13:00:00,monthly_pass,exit,G04,4.25
TX0005422,ST02,2026-07-06 23:00:00,monthly_pass,entry,G07,2.16
TX0005423,ST07,2026-08-20 10:00:00,smart_card,exit,G12,1.79
TX0005424,ST02,2026-07-31 15:00:00,smart_card,exit,G06,3.05
TX0005425,ST05,2026-06-29 19:00:00,monthly_pass,exit,G04,4.14
TX0005426,ST04,2026-07-14 04:00:00,smart_card,exit,G03,4.43
TX0005427,ST05,2026-07-08 09:00:00,smart_card,exit,G11,4.19
TX0005428,ST06,2026-07-12 10:00:00,monthly_pass,entry,G12,3.81
TX0005429,ST02,2026-07-01 07:00:00,smart_card,entry,G03,1.83
TX0005430,ST01,2026-07-01 01:00:00,smart_card,exit,G02,3.36
TX0005431,ST07,2026-08-11 10:00:00,smart_card,entry,G03,3.45
TX0005432,ST04,2026-06-26 08:00:00,smart_card,entry,G09,2.98
TX0005433,ST10,2026-07-18 01:00:00,smart_card,exit,G11,4.03
TX0005434,ST04,2026-07-28 14:00:00,monthly_pass,entry,G01,4.45
TX0005435,ST01,2026-08-17 20:00:00,day_pass,entry,G08,4.42
TX0005436,ST01,2026-07-06 03:00:00,smart_card,exit,G07,1.56
TX0005437,ST06,2026-06-30 16:00:00,day_pass,entry,G10,1.61
TX0005438,ST03,2026-07-01 19:00:00,smart_card,exit,G09,1.66
TX0005439,ST01,2026-07-25 05:00:00,smart_card,exit,G07,2.44
TX0005440,ST01,2026-07-01 22:00:00,smart_card,entry,G06,3.74
TX0005441,ST06,2026-08-01 23:00:00,smart_card,exit,G12,3.22
TX0005442,ST05,2026-08-01 13:00:00,smart_card,exit,G04,2.96
TX0005443,ST01,2026-08-05 13:00:00,smart_card,exit,G01,3.7
TX0005444,ST01,2026-06-30 22:00:00,monthly_pass,exit,G10,2.27
TX0005445,ST08,2026-07-30 10:00:00,single_ticket,exit,G02,4.47
TX0005446,ST08,2026-07-05 07:00:00,smart_card,entry,G10,2.24
TX0005447,ST06,2026-07-20 14:00:00,monthly_pass,entry,G02,2.62
TX0005448,ST07,2026-07-13 11:00:00,smart_card,exit,G12,4.06
TX0005449,ST04,2026-06-29 15:00:00,smart_card,exit,G09,3.86
TX0005450,ST04,2026-08-18 18:00:00,smart_card,entry,G12,1.96
TX0005451,ST02,2026-08-01 18:00:00,smart_card,exit,G04,1.69
TX0005452,ST06,2026-07-27 10:00:00,smart_card,exit,G05,3.46
TX0005453,ST10,2026-08-14 19:00:00,smart_card,entry,G10,3.59
TX0005454,ST08,2026-08-04 11:00:00,smart_card,entry,G11,4.18
TX0005455,ST05,2026-07-27 16:00:00,smart_card,exit,G02,1.59
TX0005456,ST01,2026-07-28 12:00:00,smart_card,entry,G06,4.11
TX0005457,ST01,2026-08-13 20:00:00,single_ticket,entry,G03,2.51
TX0005458,ST02,2026-06-29 15:00:00,smart_card,exit,G05,2.59
TX0005459,ST04,2026-06-23 06:00:00,single_ticket,exit,G01,3.43
TX0005460,ST07,2026-08-04 16:00:00,smart_card,exit,G07,4.08
TX0005461,ST02,2026-08-01 19:00:00,day_pass,exit,G12,2.74
TX0005462,ST06,2026-06-30 06:00:00,monthly_pass,exit,G10,1.52
TX0005463,ST10,2026-06-22 07:00:00,smart_card,exit,G09,3.44
TX0005464,ST10,2026-08-15 15:00:00,single_ticket,exit,G01,3.16
TX0005465,ST01,2026-08-12 01:00:00,day_pass,entry,G02,4.41
TX0005466,ST06,2026-08-13 03:00:00,smart_card,entry,G09,3.08
TX0005467,ST02,2026-07-05 18:00:00,smart_card,entry,G08,3.39
TX0005468,ST09,2026-07-05 17:00:00,smart_card,entry,G02,4.12
TX0005469,ST06,2026-08-13 06:00:00,single_ticket,exit,G06,2.31
TX0005470,ST09,2026-08-15 18:00:00,smart_card,entry,G12,1.54
TX0005471,ST02,2026-07-15 14:00:00,day_pass,entry,G11,3.75
TX0005472,ST06,2026-08-16 00:00:00,smart_card,entry,G09,3.55
TX0005473,ST04,2026-07-03 02:00:00,smart_card,entry,G02,4.14
TX0005474,ST07,2026-08-13 15:00:00,smart_card,entry,G03,2.2
TX0005475,ST02,2026-06-24 02:00:00,smart_card,entry,G01,2.79
TX0005476,ST03,2026-07-21 11:00:00,single_ticket,entry,G02,1.65
TX0005477,ST02,2026-08-06 08:00:00,smart_card,exit,G02,3.64
TX0005478,ST09,2026-08-07 14:00:00,single_ticket,entry,G11,2.07
TX0005479,ST05,2026-06-25 21:00:00,day_pass,exit,G12,3.16
TX0005480,ST03,2026-06-30 11:00:00,monthly_pass,entry,G10,3.01
TX0005481,ST04,2026-07-13 14:00:00,monthly_pass,entry,G12,2.73
TX0005482,ST01,2026-08-15 14:00:00,smart_card,exit,G07,1.65
TX0005483,ST04,2026-07-11 11:00:00,monthly_pass,exit,G01,3.32
TX0005484,ST06,2026-07-13 00:00:00,smart_card,entry,G10,3.03
TX0005485,ST04,2026-06-24 18:00:00,smart_card,exit,G07,2.23
TX0005486,ST08,2026-07-30 03:00:00,monthly_pass,exit,G02,3.49
TX0005487,ST10,2026-08-12 19:00:00,smart_card,exit,G09,4.42
TX0005488,ST06,2026-07-11 04:00:00,smart_card,exit,G04,4.29
TX0005489,ST10,2026-07-30 02:00:00,smart_card,entry,G01,4.17
TX0005490,ST02,2026-07-22 10:00:00,smart_card,exit,G02,3.75
TX0005491,ST01,2026-07-17 22:00:00,single_ticket,exit,G01,3.9
TX0005492,ST10,2026-08-03 07:00:00,single_ticket,entry,G06,3.64
TX0005493,ST05,2026-08-02 03:00:00,smart_card,exit,G01,2.73
TX0005494,ST05,2026-06-22 07:00:00,smart_card,entry,G07,2.06
TX0005495,ST08,2026-08-11 14:00:00,smart_card,entry,G09,3.77
TX0005496,ST07,2026-08-11 06:00:00,smart_card,exit,G09,3.35
TX0005497,ST07,2026-06-26 11:00:00,smart_card,exit,G12,3.92
TX0005498,ST10,2026-07-21 06:00:00,smart_card,exit,G12,4.36
TX0005499,ST02,2026-07-22 08:00:00,monthly_pass,exit,G01,2.68
TX0005500,ST04,2026-07-10 23:00:00,day_pass,entry,G05,4.21
TX0005501,ST07,2026-08-07 07:00:00,smart_card,entry,G02,1.71
TX0005502,ST10,2026-08-09 03:00:00,smart_card,entry,G04,2.27
TX0005503,ST02,2026-07-15 17:00:00,monthly_pass,exit,G06,2.9
TX0005504,ST10,2026-07-25 17:00:00,single_ticket,entry,G11,4.32
TX0005505,ST03,2026-06-29 04:00:00,day_pass,entry,G06,4.42
TX0005506,ST06,2026-06-22 07:00:00,monthly_pass,entry,G03,3.03
TX0005507,ST09,2026-08-13 03:00:00,smart_card,entry,G03,3.25
TX0005508,ST08,2026-08-08 15:00:00,smart_card,exit,G10,2.85
TX0005509,ST07,2026-07-09 10:00:00,smart_card,exit,G03,4.18
TX0005510,ST09,2026-08-09 04:00:00,single_ticket,entry,G09,4.06
TX0005511,ST08,2026-07-18 23:00:00,monthly_pass,entry,G02,2.26
TX0005512,ST07,2026-06-27 07:00:00,smart_card,exit,G12,1.7
TX0005513,ST03,2026-07-01 04:00:00,monthly_pass,exit,G04,1.72
TX0005514,ST06,2026-08-20 10:00:00,single_ticket,entry,G12,4.2
TX0005515,ST03,2026-07-09 02:00:00,single_ticket,exit,G11,3.68
TX0005516,ST08,2026-08-07 17:00:00,single_ticket,exit,G07,2.02
TX0005517,ST07,2026-07-10 22:00:00,smart_card,entry,G06,3.61
TX0005518,ST10,2026-07-08 05:00:00,single_ticket,entry,G04,2.73
TX0005519,ST01,2026-08-15 22:00:00,day_pass,entry,G12,3.25
TX0005520,ST05,2026-07-21 21:00:00,single_ticket,exit,G12,3.3
TX0005521,ST10,2026-08-10 23:00:00,smart_card,entry,G11,3.55
TX0005522,ST06,2026-07-22 02:00:00,smart_card,entry,G11,2.35
TX0005523,ST03,2026-06-23 04:00:00,single_ticket,exit,G07,4.28
TX0005524,ST06,2026-06-29 16:00:00,monthly_pass,entry,G07,4.13
TX0005525,ST03,2026-07-11 02:00:00,smart_card,entry,G10,1.54
TX0005526,ST08,2026-07-24 02:00:00,smart_card,exit,G07,3.56
TX0005527,ST03,2026-06-29 10:00:00,smart_card,exit,G02,3.12
TX0005528,ST09,2026-07-05 15:00:00,day_pass,exit,G01,3.02
TX0005529,ST06,2026-07-21 21:00:00,smart_card,exit,G08,1.84
TX0005530,ST09,2026-08-12 20:00:00,smart_card,exit,G12,3.11
TX0005531,ST07,2026-07-25 03:00:00,single_ticket,exit,G12,3.71
TX0005532,ST06,2026-08-16 09:00:00,smart_card,exit,G05,1.54
TX0005533,ST02,2026-07-26 18:00:00,single_ticket,exit,G08,2.77
TX0005534,ST06,2026-07-02 04:00:00,smart_card,exit,G08,3.36
TX0005535,ST08,2026-08-14 09:00:00,single_ticket,exit,G06,1.95
TX0005536,ST07,2026-07-31 03:00:00,smart_card,exit,G08,4.47
TX0005537,ST10,2026-07-01 15:00:00,smart_card,entry,G08,3.56
TX0005538,ST08,2026-06-23 16:00:00,single_ticket,entry,G02,3.55
TX0005539,ST06,2026-06-24 18:00:00,smart_card,entry,G02,2.85
TX0005540,ST07,2026-07-24 07:00:00,smart_card,exit,G03,1.75
TX0005541,ST07,2026-08-09 13:00:00,smart_card,entry,G04,4.21
TX0005542,ST06,2026-06-29 12:00:00,single_ticket,entry,G09,1.67
TX0005543,ST04,2026-07-08 08:00:00,day_pass,exit,G04,3.83
TX0005544,ST10,2026-07-27 02:00:00,day_pass,exit,G09,2.01
TX0005545,ST02,2026-07-20 07:00:00,smart_card,exit,G02,3.66
TX0005546,ST09,2026-07-23 04:00:00,smart_card,entry,G07,2.97
TX0005547,ST02,2026-06-26 10:00:00,monthly_pass,entry,G09,2.86
TX0005548,ST04,2026-08-17 05:00:00,smart_card,exit,G10,4.5
TX0005549,ST02,2026-08-09 15:00:00,day_pass,entry,G08,4.49
TX0005550,ST10,2026-07-02 15:00:00,smart_card,exit,G10,1.66
TX0005551,ST04,2026-07-04 04:00:00,smart_card,entry,G11,4.19
TX0005552,ST07,2026-08-19 17:00:00,single_ticket,entry,G07,1.52
TX0005553,ST06,2026-08-20 15:00:00,smart_card,entry,G09,3.3
TX0005554,ST04,2026-07-10 09:00:00,single_ticket,exit,G03,3.96
TX0005555,ST06,2026-08-02 09:00:00,smart_card,entry,G10,2.46
TX0005556,ST04,2026-08-11 23:00:00,smart_card,entry,G03,3.61
TX0005557,ST08,2026-07-23 07:00:00,single_ticket,exit,G02,3.32
TX0005558,ST01,2026-07-13 21:00:00,day_pass,entry,G02,2.88
TX0005559,ST10,2026-06-25 11:00:00,smart_card,exit,G01,4.05
TX0005560,ST09,2026-07-26 09:00:00,smart_card,exit,G10,3.55
TX0005561,ST07,2026-07-09 12:00:00,monthly_pass,exit,G05,3.89
TX0005562,ST07,2026-08-21 03:00:00,smart_card,exit,G03,1.73
TX0005563,ST01,2026-08-06 17:00:00,smart_card,entry,G02,2.12
TX0005564,ST05,2026-07-05 20:00:00,smart_card,exit,G07,3.3
TX0005565,ST09,2026-07-07 13:00:00,day_pass,entry,G10,3.97
TX0005566,ST04,2026-07-16 22:00:00,smart_card,entry,G01,3.81
TX0005567,ST06,2026-07-29 03:00:00,smart_card,entry,G06,2.9
TX0005568,ST03,2026-07-29 08:00:00,smart_card,exit,G06,3.96
TX0005569,ST05,2026-06-26 11:00:00,smart_card,entry,G12,4.16
TX0005570,ST01,2026-08-07 10:00:00,smart_card,entry,G01,3.28
TX0005571,ST04,2026-07-06 04:00:00,smart_card,entry,G02,1.95
TX0005572,ST07,2026-07-31 14:00:00,smart_card,exit,G03,3.32
TX0005573,ST01,2026-08-04 11:00:00,smart_card,exit,G12,2.44
TX0005574,ST07,2026-06-25 19:00:00,smart_card,entry,G01,2.57
TX0005575,ST01,2026-06-23 01:00:00,smart_card,exit,G09,4.18
TX0005576,ST08,2026-07-21 17:00:00,smart_card,entry,G06,4.46
TX0005577,ST08,2026-07-23 08:00:00,single_ticket,exit,G10,3.63
TX0005578,ST04,2026-08-11 16:00:00,single_ticket,entry,G03,2.44
TX0005579,ST09,2026-06-23 10:00:00,smart_card,exit,G06,2.34
TX0005580,ST01,2026-07-31 03:00:00,smart_card,exit,G06,1.63
TX0005581,ST09,2026-07-25 22:00:00,smart_card,exit,G05,1.68
TX0005582,ST10,2026-06-24 16:00:00,monthly_pass,entry,G05,1.72
TX0005583,ST10,2026-07-19 03:00:00,monthly_pass,exit,G09,3.53
TX0005584,ST02,2026-07-04 03:00:00,smart_card,entry,G02,2.07
TX0005585,ST04,2026-06-29 07:00:00,monthly_pass,entry,G12,1.75
TX0005586,ST08,2026-07-02 00:00:00,smart_card,entry,G11,4.47
TX0005587,ST06,2026-08-14 18:00:00,single_ticket,entry,G01,3.64
TX0005588,ST02,2026-07-04 14:00:00,single_ticket,exit,G11,3.31
TX0005589,ST06,2026-07-24 06:00:00,smart_card,exit,G08,3.14
TX0005590,ST01,2026-07-15 14:00:00,single_ticket,entry,G12,4.37
TX0005591,ST09,2026-08-17 03:00:00,smart_card,exit,G03,3.35
TX0005592,ST10,2026-07-05 18:00:00,monthly_pass,entry,G11,1.61
TX0005593,ST08,2026-08-16 18:00:00,smart_card,exit,G05,3.27
TX0005594,ST01,2026-08-09 15:00:00,smart_card,entry,G06,2.79
TX0005595,ST06,2026-08-16 07:00:00,smart_card,exit,G07,4.5
TX0005596,ST07,2026-08-02 08:00:00,smart_card,exit,G10,2.96
TX0005597,ST05,2026-07-19 09:00:00,smart_card,exit,G03,3.85
TX0005598,ST02,2026-06-25 20:00:00,smart_card,exit,G01,3.96
TX0005599,ST09,2026-07-12 15:00:00,smart_card,entry,G01,1.66
TX0005600,ST06,2026-06-25 19:00:00,single_ticket,exit,G11,4.39
TX0005601,ST03,2026-06-24 07:00:00,single_ticket,entry,G01,3.06
TX0005602,ST01,2026-06-24 15:00:00,smart_card,exit,G01,3.99
TX0005603,ST06,2026-08-11 13:00:00,smart_card,entry,G01,3.42
TX0005604,ST07,2026-07-29 08:00:00,smart_card,exit,G04,2.85
TX0005605,ST10,2026-08-07 01:00:00,smart_card,entry,G01,2.32
TX0005606,ST04,2026-06-29 00:00:00,smart_card,exit,G06,2.06
TX0005607,ST02,2026-07-27 16:00:00,smart_card,exit,G02,3.64
TX0005608,ST08,2026-07-02 13:00:00,smart_card,exit,G04,1.73
TX0005609,ST09,2026-07-27 00:00:00,smart_card,entry,G06,2.23
TX0005610,ST06,2026-07-10 08:00:00,monthly_pass,exit,G06,3.08
TX0005611,ST09,2026-07-09 08:00:00,single_ticket,exit,G06,2.16
TX0005612,ST10,2026-06-26 12:00:00,monthly_pass,exit,G01,3.15
TX0005613,ST02,2026-06-30 22:00:00,single_ticket,exit,G01,2.58
TX0005614,ST10,2026-08-13 08:00:00,smart_card,entry,G10,2.31
TX0005615,ST06,2026-07-18 21:00:00,single_ticket,exit,G01,3.65
TX0005616,ST02,2026-08-14 17:00:00,monthly_pass,entry,G05,2.23
TX0005617,ST08,2026-06-26 13:00:00,monthly_pass,exit,G04,2.09
TX0005618,ST10,2026-08-04 00:00:00,single_ticket,exit,G01,2.01
TX0005619,ST06,2026-07-28 17:00:00,smart_card,exit,G01,2.11
TX0005620,ST06,2026-07-12 02:00:00,single_ticket,exit,G02,1.54
TX0005621,ST10,2026-07-22 10:00:00,smart_card,exit,G03,3.65
TX0005622,ST06,2026-07-14 06:00:00,smart_card,exit,G10,3.2
TX0005623,ST05,2026-07-31 14:00:00,smart_card,exit,G01,1.64
TX0005624,ST07,2026-07-26 15:00:00,smart_card,exit,G10,2.95
TX0005625,ST01,2026-08-02 19:00:00,smart_card,entry,G02,4.0
TX0005626,ST07,2026-07-08 07:00:00,monthly_pass,exit,G03,2.94
TX0005627,ST04,2026-06-30 21:00:00,single_ticket,exit,G08,4.5
TX0005628,ST03,2026-08-02 11:00:00,single_ticket,exit,G12,1.81
TX0005629,ST05,2026-07-18 00:00:00,day_pass,exit,G02,3.34
TX0005630,ST04,2026-08-04 07:00:00,smart_card,exit,G08,3.08
TX0005631,ST10,2026-08-12 05:00:00,single_ticket,entry,G06,3.26
TX0005632,ST03,2026-06-23 08:00:00,single_ticket,entry,G10,3.05
TX0005633,ST08,2026-07-03 06:00:00,smart_card,entry,G10,3.19
TX0005634,ST07,2026-07-23 20:00:00,smart_card,exit,G09,4.23
TX0005635,ST03,2026-07-19 15:00:00,single_ticket,entry,G01,2.59
TX0005636,ST10,2026-07-19 02:00:00,day_pass,entry,G04,3.48
TX0005637,ST01,2026-07-30 08:00:00,smart_card,entry,G04,2.17
TX0005638,ST04,2026-06-26 04:00:00,single_ticket,entry,G09,2.57
TX0005639,ST07,2026-08-12 22:00:00,single_ticket,exit,G08,3.11
TX0005640,ST09,2026-07-02 00:00:00,monthly_pass,exit,G07,3.63
TX0005641,ST02,2026-07-07 22:00:00,day_pass,exit,G03,4.24
TX0005642,ST10,2026-08-07 03:00:00,smart_card,exit,G02,3.61
TX0005643,ST03,2026-08-05 18:00:00,single_ticket,entry,G07,3.57
TX0005644,ST01,2026-07-06 06:00:00,monthly_pass,exit,G12,2.78
TX0005645,ST02,2026-07-18 13:00:00,smart_card,entry,G09,2.21
TX0005646,ST09,2026-08-01 00:00:00,day_pass,entry,G03,3.63
TX0005647,ST08,2026-06-23 15:00:00,smart_card,exit,G12,2.62
TX0005648,ST06,2026-07-28 13:00:00,smart_card,exit,G04,4.12
TX0005649,ST07,2026-07-27 04:00:00,single_ticket,exit,G12,4.09
TX0005650,ST03,2026-07-18 14:00:00,smart_card,exit,G10,1.74
TX0005651,ST02,2026-08-18 12:00:00,smart_card,entry,G02,1.62
TX0005652,ST08,2026-08-17 19:00:00,day_pass,entry,G01,2.88
TX0005653,ST07,2026-06-26 01:00:00,smart_card,exit,G11,2.17
TX0005654,ST05,2026-08-17 11:00:00,monthly_pass,entry,G01,2.22
TX0005655,ST08,2026-07-07 09:00:00,smart_card,entry,G01,2.73
TX0005656,ST08,2026-08-11 07:00:00,day_pass,exit,G06,3.84
TX0005657,ST01,2026-07-24 03:00:00,smart_card,entry,G06,2.0
TX0005658,ST03,2026-07-29 19:00:00,day_pass,entry,G06,4.36
TX0005659,ST06,2026-06-22 22:00:00,monthly_pass,entry,G06,3.32
TX0005660,ST01,2026-08-08 21:00:00,day_pass,exit,G03,3.8
TX0005661,ST09,2026-07-02 04:00:00,single_ticket,entry,G02,1.97
TX0005662,ST02,2026-08-05 19:00:00,smart_card,exit,G05,1.95
TX0005663,ST07,2026-07-26 12:00:00,monthly_pass,entry,G04,2.45
TX0005664,ST02,2026-07-26 22:00:00,smart_card,exit,G05,4.18
TX0005665,ST02,2026-08-20 09:00:00,smart_card,entry,G10,4.01
TX0005666,ST06,2026-07-15 09:00:00,smart_card,exit,G01,2.3
TX0005667,ST09,2026-07-27 17:00:00,single_ticket,entry,G03,2.75
TX0005668,ST04,2026-07-14 21:00:00,day_pass,exit,G11,3.0
TX0005669,ST10,2026-08-03 00:00:00,day_pass,exit,G08,2.47
TX0005670,ST06,2026-08-07 15:00:00,single_ticket,entry,G07,4.35
TX0005671,ST07,2026-07-12 08:00:00,single_ticket,exit,G12,3.54
TX0005672,ST06,2026-07-08 13:00:00,monthly_pass,exit,G05,2.79
TX0005673,ST04,2026-07-17 09:00:00,single_ticket,exit,G01,1.52
TX0005674,ST04,2026-07-01 01:00:00,smart_card,exit,G12,1.67
TX0005675,ST05,2026-06-28 09:00:00,monthly_pass,entry,G01,3.14
TX0005676,ST02,2026-07-01 21:00:00,monthly_pass,entry,G10,3.77
TX0005677,ST08,2026-07-31 21:00:00,single_ticket,entry,G04,3.35
TX0005678,ST05,2026-07-14 18:00:00,single_ticket,exit,G10,3.93
TX0005679,ST06,2026-08-16 11:00:00,monthly_pass,entry,G02,3.82
TX0005680,ST03,2026-08-10 04:00:00,day_pass,entry,G04,3.91
TX0005681,ST06,2026-06-29 01:00:00,smart_card,entry,G02,3.33
TX0005682,ST02,2026-07-07 13:00:00,monthly_pass,exit,G08,4.09
TX0005683,ST02,2026-07-27 00:00:00,single_ticket,exit,G05,2.51
TX0005684,ST03,2026-07-28 22:00:00,single_ticket,exit,G03,1.96
TX0005685,ST05,2026-08-11 03:00:00,smart_card,exit,G08,3.9
TX0005686,ST08,2026-06-25 09:00:00,smart_card,entry,G01,2.39
TX0005687,ST07,2026-07-27 13:00:00,smart_card,entry,G09,2.19
TX0005688,ST05,2026-07-02 04:00:00,smart_card,exit,G02,3.17
TX0005689,ST02,2026-07-17 10:00:00,smart_card,entry,G02,3.18
TX0005690,ST10,2026-07-29 07:00:00,single_ticket,exit,G04,1.73
TX0005691,ST07,2026-06-29 23:00:00,smart_card,exit,G07,3.37
TX0005692,ST04,2026-07-25 06:00:00,smart_card,entry,G11,2.18
TX0005693,ST01,2026-08-15 04:00:00,smart_card,exit,G09,1.9
TX0005694,ST06,2026-08-01 21:00:00,day_pass,exit,G05,4.39
TX0005695,ST04,2026-07-07 12:00:00,day_pass,exit,G08,2.37
TX0005696,ST03,2026-08-05 21:00:00,smart_card,exit,G10,2.73
TX0005697,ST05,2026-08-03 02:00:00,smart_card,entry,G06,1.93
TX0005698,ST03,2026-08-21 02:00:00,smart_card,exit,G09,4.34
TX0005699,ST07,2026-08-03 13:00:00,single_ticket,exit,G06,1.55
TX0005700,ST01,2026-07-10 17:00:00,day_pass,exit,G06,1.53
TX0005701,ST04,2026-08-11 04:00:00,day_pass,exit,G10,2.72
TX0005702,ST01,2026-07-27 23:00:00,monthly_pass,exit,G10,1.86
TX0005703,ST04,2026-06-27 04:00:00,day_pass,exit,G03,2.08
TX0005704,ST04,2026-08-02 22:00:00,smart_card,exit,G02,2.36
TX0005705,ST01,2026-07-27 06:00:00,smart_card,entry,G03,2.91
TX0005706,ST08,2026-07-16 10:00:00,smart_card,exit,G11,4.17
TX0005707,ST05,2026-07-21 01:00:00,smart_card,exit,G01,2.77
TX0005708,ST09,2026-08-05 08:00:00,smart_card,entry,G10,3.87
TX0005709,ST09,2026-08-07 09:00:00,smart_card,entry,G05,4.38
TX0005710,ST01,2026-08-02 15:00:00,smart_card,exit,G11,4.03
TX0005711,ST09,2026-08-14 10:00:00,smart_card,entry,G08,4.06
TX0005712,ST07,2026-06-22 16:00:00,day_pass,exit,G09,3.9
TX0005713,ST02,2026-06-26 23:00:00,smart_card,exit,G07,1.84
TX0005714,ST02,2026-07-14 10:00:00,smart_card,exit,G06,2.01
TX0005715,ST07,2026-06-24 09:00:00,smart_card,exit,G02,2.32
TX0005716,ST10,2026-07-17 20:00:00,single_ticket,entry,G04,3.52
TX0005717,ST07,2026-07-12 04:00:00,monthly_pass,exit,G12,2.76
TX0005718,ST05,2026-08-08 04:00:00,smart_card,entry,G06,3.01
TX0005719,ST10,2026-06-25 04:00:00,day_pass,exit,G05,3.94
TX0005720,ST02,2026-08-05 22:00:00,monthly_pass,entry,G12,1.6
TX0005721,ST04,2026-08-12 20:00:00,day_pass,exit,G01,4.1
TX0005722,ST02,2026-08-19 08:00:00,single_ticket,entry,G08,3.19
TX0005723,ST04,2026-07-08 01:00:00,smart_card,entry,G08,3.27
TX0005724,ST02,2026-08-03 02:00:00,smart_card,entry,G09,2.34
TX0005725,ST02,2026-07-25 06:00:00,single_ticket,exit,G01,1.99
TX0005726,ST03,2026-06-29 07:00:00,monthly_pass,exit,G10,3.22
TX0005727,ST09,2026-07-18 23:00:00,single_ticket,entry,G11,4.03
TX0005728,ST01,2026-07-08 21:00:00,smart_card,entry,G08,3.77
TX0005729,ST05,2026-08-07 13:00:00,smart_card,exit,G08,3.9
TX0005730,ST05,2026-08-14 07:00:00,smart_card,entry,G07,2.51
TX0005731,ST06,2026-07-21 20:00:00,monthly_pass,exit,G04,3.39
TX0005732,ST05,2026-08-19 05:00:00,smart_card,entry,G11,3.2
TX0005733,ST08,2026-06-27 15:00:00,smart_card,exit,G05,1.77
TX0005734,ST01,2026-08-03 20:00:00,single_ticket,entry,G10,3.12
TX0005735,ST03,2026-07-09 15:00:00,smart_card,exit,G02,1.5
TX0005736,ST05,2026-07-15 16:00:00,smart_card,entry,G02,3.71
TX0005737,ST10,2026-08-01 02:00:00,smart_card,entry,G06,4.17
TX0005738,ST10,2026-08-07 04:00:00,smart_card,exit,G01,4.16
TX0005739,ST05,2026-07-18 16:00:00,smart_card,exit,G07,2.47
TX0005740,ST06,2026-06-30 01:00:00,smart_card,entry,G07,3.33
TX0005741,ST03,2026-08-17 22:00:00,smart_card,entry,G02,3.74
TX0005742,ST04,2026-08-07 05:00:00,single_ticket,exit,G08,3.42
TX0005743,ST05,2026-07-09 14:00:00,single_ticket,entry,G09,1.54
TX0005744,ST07,2026-08-05 08:00:00,single_ticket,entry,G03,3.07
TX0005745,ST09,2026-06-25 15:00:00,single_ticket,entry,G04,3.04
TX0005746,ST09,2026-08-14 05:00:00,day_pass,exit,G10,3.93
TX0005747,ST03,2026-08-11 05:00:00,smart_card,entry,G01,3.91
TX0005748,ST01,2026-07-25 16:00:00,smart_card,exit,G08,3.48
TX0005749,ST02,2026-06-26 19:00:00,single_ticket,exit,G03,1.97
TX0005750,ST01,2026-08-03 06:00:00,smart_card,exit,G09,3.18
TX0005751,ST10,2026-08-19 14:00:00,smart_card,entry,G01,4.16
TX0005752,ST07,2026-07-09 01:00:00,smart_card,exit,G10,1.99
TX0005753,ST02,2026-08-15 06:00:00,monthly_pass,exit,G11,4.07
TX0005754,ST10,2026-06-27 14:00:00,day_pass,entry,G08,1.75
TX0005755,ST04,2026-07-24 12:00:00,smart_card,entry,G06,4.39
TX0005756,ST01,2026-07-19 05:00:00,smart_card,entry,G09,4.4
TX0005757,ST07,2026-07-16 23:00:00,smart_card,entry,G12,4.45
TX0005758,ST02,2026-08-20 11:00:00,smart_card,entry,G08,2.52
TX0005759,ST04,2026-07-19 12:00:00,smart_card,exit,G08,4.06
TX0005760,ST05,2026-07-31 15:00:00,smart_card,exit,G07,2.53
TX0005761,ST06,2026-08-19 07:00:00,single_ticket,entry,G01,1.8
TX0005762,ST08,2026-07-08 08:00:00,monthly_pass,entry,G02,2.79
TX0005763,ST01,2026-07-15 03:00:00,smart_card,entry,G03,3.91
TX0005764,ST08,2026-07-22 04:00:00,smart_card,entry,G01,1.57
TX0005765,ST04,2026-08-15 06:00:00,single_ticket,entry,G07,2.82
TX0005766,ST06,2026-08-16 08:00:00,smart_card,exit,G05,3.31
TX0005767,ST01,2026-07-01 00:00:00,smart_card,entry,G01,3.95
TX0005768,ST09,2026-07-13 21:00:00,smart_card,entry,G07,2.25
TX0005769,ST06,2026-08-03 00:00:00,single_ticket,exit,G08,1.83
TX0005770,ST02,2026-07-06 10:00:00,smart_card,exit,G03,2.11
TX0005771,ST08,2026-07-10 14:00:00,smart_card,entry,G11,3.34
TX0005772,ST03,2026-07-19 20:00:00,single_ticket,exit,G04,3.35
TX0005773,ST06,2026-07-17 13:00:00,smart_card,exit,G04,2.58
TX0005774,ST01,2026-08-21 03:00:00,monthly_pass,exit,G12,3.05
TX0005775,ST02,2026-08-06 00:00:00,smart_card,exit,G11,2.62
TX0005776,ST02,2026-08-20 17:00:00,smart_card,exit,G05,1.77
TX0005777,ST02,2026-08-02 15:00:00,smart_card,exit,G12,1.77
TX0005778,ST04,2026-07-22 10:00:00,monthly_pass,exit,G08,3.02
TX0005779,ST04,2026-07-11 21:00:00,smart_card,exit,G04,4.29
TX0005780,ST08,2026-07-07 20:00:00,smart_card,exit,G06,2.81
TX0005781,ST07,2026-07-03 01:00:00,smart_card,entry,G06,3.07
TX0005782,ST05,2026-06-24 18:00:00,monthly_pass,entry,G01,3.93
TX0005783,ST01,2026-08-15 23:00:00,monthly_pass,exit,G04,3.14
TX0005784,ST10,2026-08-09 11:00:00,single_ticket,exit,G08,1.66
TX0005785,ST05,2026-07-03 04:00:00,smart_card,entry,G04,2.63
TX0005786,ST07,2026-07-02 03:00:00,smart_card,exit,G08,1.57
TX0005787,ST03,2026-08-07 00:00:00,smart_card,exit,G01,4.26
TX0005788,ST01,2026-06-22 17:00:00,smart_card,entry,G03,4.44
TX0005789,ST05,2026-07-02 23:00:00,monthly_pass,entry,G03,2.17
TX0005790,ST01,2026-07-26 07:00:00,single_ticket,exit,G08,3.13
TX0005791,ST02,2026-08-17 05:00:00,smart_card,exit,G10,1.73
TX0005792,ST08,2026-07-12 14:00:00,day_pass,entry,G05,2.16
TX0005793,ST09,2026-07-31 15:00:00,smart_card,exit,G11,1.76
TX0005794,ST01,2026-07-11 02:00:00,smart_card,entry,G12,1.51
TX0005795,ST01,2026-08-04 22:00:00,smart_card,entry,G04,3.46
TX0005796,ST10,2026-08-02 19:00:00,smart_card,entry,G05,2.81
TX0005797,ST02,2026-07-01 05:00:00,smart_card,exit,G01,3.59
TX0005798,ST03,2026-07-16 06:00:00,smart_card,entry,G05,4.41
TX0005799,ST08,2026-07-16 01:00:00,monthly_pass,entry,G10,4.19
TX0005800,ST09,2026-08-05 15:00:00,monthly_pass,entry,G10,1.61
TX0005801,ST09,2026-08-10 12:00:00,smart_card,exit,G09,2.73
TX0005802,ST09,2026-08-01 22:00:00,day_pass,exit,G06,4.31
TX0005803,ST04,2026-07-26 08:00:00,smart_card,exit,G04,4.39
TX0005804,ST03,2026-06-23 09:00:00,smart_card,exit,G07,3.67
TX0005805,ST08,2026-07-16 04:00:00,smart_card,entry,G10,2.26
TX0005806,ST01,2026-07-31 09:00:00,smart_card,entry,G11,2.79
TX0005807,ST05,2026-07-10 19:00:00,smart_card,exit,G10,2.35
TX0005808,ST07,2026-07-01 11:00:00,single_ticket,entry,G06,2.26
TX0005809,ST08,2026-08-03 07:00:00,single_ticket,exit,G02,2.28
TX0005810,ST07,2026-08-11 20:00:00,smart_card,exit,G09,3.57
TX0005811,ST06,2026-07-27 07:00:00,smart_card,entry,G06,3.61
TX0005812,ST07,2026-07-15 01:00:00,single_ticket,exit,G01,3.21
TX0005813,ST04,2026-07-05 07:00:00,monthly_pass,exit,G03,4.32
TX0005814,ST06,2026-07-13 07:00:00,smart_card,entry,G12,3.78
TX0005815,ST08,2026-08-02 18:00:00,smart_card,entry,G03,2.76
TX0005816,ST05,2026-06-28 03:00:00,monthly_pass,entry,G06,3.97
TX0005817,ST01,2026-08-19 13:00:00,smart_card,entry,G05,2.23
TX0005818,ST07,2026-07-20 13:00:00,day_pass,exit,G06,2.75
TX0005819,ST01,2026-06-23 11:00:00,smart_card,entry,G02,1.66
TX0005820,ST10,2026-06-27 23:00:00,monthly_pass,exit,G05,4.25
TX0005821,ST03,2026-07-25 10:00:00,monthly_pass,exit,G10,2.33
TX0005822,ST01,2026-07-20 05:00:00,smart_card,entry,G02,1.81
TX0005823,ST06,2026-07-26 14:00:00,smart_card,entry,G06,3.82
TX0005824,ST05,2026-08-05 06:00:00,single_ticket,entry,G10,4.33
TX0005825,ST08,2026-07-13 01:00:00,smart_card,exit,G11,4.02
TX0005826,ST10,2026-07-23 08:00:00,smart_card,exit,G11,2.47
TX0005827,ST04,2026-08-08 23:00:00,smart_card,exit,G07,4.49
TX0005828,ST06,2026-07-19 11:00:00,smart_card,exit,G01,2.33
TX0005829,ST07,2026-08-08 04:00:00,monthly_pass,exit,G08,2.19
TX0005830,ST06,2026-08-18 20:00:00,smart_card,entry,G12,2.1
TX0005831,ST01,2026-08-07 09:00:00,smart_card,entry,G07,1.54
TX0005832,ST08,2026-07-30 14:00:00,single_ticket,exit,G09,3.24
TX0005833,ST10,2026-06-25 16:00:00,single_ticket,entry,G03,3.71
TX0005834,ST03,2026-07-06 18:00:00,smart_card,entry,G09,3.33
TX0005835,ST09,2026-07-16 06:00:00,smart_card,entry,G02,3.1
TX0005836,ST09,2026-07-22 17:00:00,smart_card,exit,G05,3.42
TX0005837,ST06,2026-07-06 19:00:00,monthly_pass,exit,G04,4.11
TX0005838,ST03,2026-07-10 12:00:00,smart_card,entry,G01,2.43
TX0005839,ST07,2026-08-02 20:00:00,smart_card,entry,G09,2.93
TX0005840,ST05,2026-06-25 08:00:00,monthly_pass,exit,G02,4.21
TX0005841,ST05,2026-08-10 20:00:00,smart_card,entry,G11,2.31
TX0005842,ST07,2026-07-01 15:00:00,monthly_pass,exit,G11,1.64
TX0005843,ST09,2026-07-24 13:00:00,single_ticket,entry,G02,2.5
TX0005844,ST07,2026-08-11 11:00:00,smart_card,entry,G06,3.49
TX0005845,ST02,2026-08-07 14:00:00,monthly_pass,entry,G01,1.69
TX0005846,ST04,2026-07-11 04:00:00,smart_card,entry,G03,2.09
TX0005847,ST05,2026-06-26 06:00:00,monthly_pass,entry,G11,2.79
TX0005848,ST02,2026-08-13 03:00:00,smart_card,entry,G05,2.63
TX0005849,ST05,2026-08-09 23:00:00,smart_card,entry,G05,4.27
TX0005850,ST09,2026-08-10 23:00:00,smart_card,exit,G11,3.09
TX0005851,ST02,2026-06-27 08:00:00,smart_card,exit,G04,4.17
TX0005852,ST09,2026-07-16 16:00:00,smart_card,exit,G03,2.7
TX0005853,ST06,2026-07-04 18:00:00,smart_card,exit,G01,3.25
TX0005854,ST03,2026-06-30 04:00:00,smart_card,exit,G10,3.19
TX0005855,ST08,2026-08-07 19:00:00,smart_card,entry,G03,1.98
TX0005856,ST09,2026-07-15 00:00:00,smart_card,exit,G06,1.54
TX0005857,ST04,2026-06-28 15:00:00,single_ticket,exit,G01,2.31
TX0005858,ST05,2026-08-06 04:00:00,single_ticket,exit,G07,1.65
TX0005859,ST10,2026-06-25 10:00:00,single_ticket,entry,G09,3.74
TX0005860,ST08,2026-07-19 03:00:00,single_ticket,exit,G04,4.04
TX0005861,ST04,2026-07-14 13:00:00,smart_card,exit,G01,2.52
TX0005862,ST04,2026-07-31 17:00:00,smart_card,exit,G03,2.03
TX0005863,ST02,2026-08-20 02:00:00,single_ticket,entry,G10,1.95
TX0005864,ST07,2026-08-20 18:00:00,smart_card,exit,G11,3.03
TX0005865,ST05,2026-08-16 03:00:00,single_ticket,exit,G09,2.83
TX0005866,ST10,2026-07-02 05:00:00,smart_card,exit,G12,4.33
TX0005867,ST07,2026-07-27 06:00:00,smart_card,entry,G01,4.22
TX0005868,ST09,2026-08-07 00:00:00,smart_card,entry,G10,4.35
TX0005869,ST04,2026-07-03 22:00:00,single_ticket,exit,G12,3.46
TX0005870,ST09,2026-08-02 10:00:00,monthly_pass,exit,G11,4.05
TX0005871,ST07,2026-08-15 03:00:00,single_ticket,entry,G12,3.92
TX0005872,ST10,2026-07-05 14:00:00,day_pass,entry,G07,2.39
TX0005873,ST02,2026-07-24 10:00:00,single_ticket,exit,G12,3.35
TX0005874,ST04,2026-07-17 14:00:00,monthly_pass,entry,G06,3.02
TX0005875,ST08,2026-07-09 06:00:00,day_pass,entry,G03,3.21
TX0005876,ST08,2026-07-11 16:00:00,smart_card,entry,G11,2.82
TX0005877,ST08,2026-08-19 17:00:00,smart_card,exit,G09,2.25
TX0005878,ST05,2026-07-09 10:00:00,monthly_pass,entry,G09,3.89
TX0005879,ST02,2026-07-20 04:00:00,single_ticket,exit,G06,1.96
TX0005880,ST09,2026-07-23 16:00:00,smart_card,entry,G12,2.31
TX0005881,ST06,2026-07-11 14:00:00,single_ticket,entry,G05,3.95
TX0005882,ST10,2026-07-13 14:00:00,smart_card,exit,G08,4.19
TX0005883,ST10,2026-06-26 13:00:00,day_pass,entry,G06,4.31
TX0005884,ST06,2026-06-23 12:00:00,smart_card,entry,G05,4.36
TX0005885,ST06,2026-08-19 21:00:00,monthly_pass,exit,G09,1.93
TX0005886,ST05,2026-07-28 06:00:00,single_ticket,entry,G02,3.12
TX0005887,ST04,2026-06-27 11:00:00,smart_card,entry,G02,2.04
TX0005888,ST10,2026-06-24 18:00:00,monthly_pass,exit,G08,2.96
TX0005889,ST08,2026-07-22 02:00:00,smart_card,entry,G06,3.72
TX0005890,ST07,2026-07-30 20:00:00,day_pass,exit,G02,4.43
TX0005891,ST04,2026-07-21 15:00:00,smart_card,exit,G12,4.41
TX0005892,ST01,2026-06-23 09:00:00,smart_card,exit,G12,3.23
TX0005893,ST10,2026-07-20 08:00:00,single_ticket,exit,G08,2.68
TX0005894,ST09,2026-08-12 23:00:00,single_ticket,exit,G05,2.58
TX0005895,ST07,2026-08-10 00:00:00,monthly_pass,entry,G12,3.14
TX0005896,ST07,2026-08-02 17:00:00,day_pass,entry,G03,1.85
TX0005897,ST01,2026-07-07 00:00:00,smart_card,entry,G01,2.63
TX0005898,ST01,2026-08-20 18:00:00,monthly_pass,entry,G08,1.9
TX0005899,ST08,2026-07-15 11:00:00,monthly_pass,entry,G07,1.69
TX0005900,ST08,2026-06-25 21:00:00,monthly_pass,entry,G04,4.38
TX0005901,ST08,2026-07-05 10:00:00,monthly_pass,exit,G09,2.45
TX0005902,ST09,2026-07-21 03:00:00,single_ticket,exit,G03,2.92
TX0005903,ST10,2026-06-24 00:00:00,day_pass,entry,G05,3.59
TX0005904,ST01,2026-07-06 01:00:00,single_ticket,entry,G02,3.03
TX0005905,ST04,2026-08-16 08:00:00,smart_card,entry,G02,4.2
TX0005906,ST07,2026-06-26 09:00:00,day_pass,exit,G02,4.23
TX0005907,ST10,2026-07-26 15:00:00,smart_card,exit,G02,2.33
TX0005908,ST09,2026-08-17 16:00:00,smart_card,entry,G03,2.79
TX0005909,ST03,2026-08-17 05:00:00,smart_card,exit,G07,2.1
TX0005910,ST01,2026-08-01 09:00:00,smart_card,entry,G05,4.29
TX0005911,ST10,2026-07-01 22:00:00,day_pass,entry,G03,1.68
TX0005912,ST01,2026-06-27 05:00:00,smart_card,exit,G02,3.92
TX0005913,ST04,2026-07-17 15:00:00,smart_card,entry,G01,3.99
TX0005914,ST05,2026-07-01 21:00:00,smart_card,exit,G08,4.14
TX0005915,ST04,2026-08-13 16:00:00,single_ticket,exit,G10,3.45
TX0005916,ST05,2026-07-11 00:00:00,smart_card,entry,G03,3.05
TX0005917,ST09,2026-08-14 04:00:00,smart_card,exit,G10,3.31
TX0005918,ST04,2026-07-08 11:00:00,smart_card,exit,G09,2.07
TX0005919,ST03,2026-07-08 22:00:00,monthly_pass,exit,G09,2.03
TX0005920,ST02,2026-07-30 23:00:00,smart_card,entry,G04,3.88
TX0005921,ST04,2026-08-11 07:00:00,monthly_pass,entry,G07,3.14
TX0005922,ST02,2026-08-07 05:00:00,smart_card,entry,G07,4.3
TX0005923,ST07,2026-07-13 09:00:00,smart_card,exit,G07,2.3
TX0005924,ST07,2026-07-03 14:00:00,monthly_pass,entry,G09,2.35
TX0005925,ST03,2026-06-22 10:00:00,single_ticket,exit,G07,3.03
TX0005926,ST08,2026-07-18 09:00:00,smart_card,exit,G07,1.74
TX0005927,ST02,2026-07-22 23:00:00,single_ticket,exit,G10,3.73
TX0005928,ST09,2026-08-09 01:00:00,smart_card,entry,G04,2.0
TX0005929,ST04,2026-07-16 07:00:00,smart_card,entry,G08,3.19
TX0005930,ST04,2026-07-26 22:00:00,smart_card,exit,G09,1.8
TX0005931,ST01,2026-08-11 14:00:00,smart_card,entry,G02,2.73
TX0005932,ST06,2026-06-27 03:00:00,smart_card,exit,G09,3.18
TX0005933,ST05,2026-08-15 10:00:00,smart_card,exit,G05,3.09
TX0005934,ST09,2026-07-10 06:00:00,monthly_pass,exit,G09,4.43
TX0005935,ST05,2026-08-14 01:00:00,smart_card,entry,G09,3.51
TX0005936,ST03,2026-07-02 08:00:00,smart_card,entry,G04,3.1
TX0005937,ST09,2026-06-23 05:00:00,smart_card,entry,G07,3.46
TX0005938,ST02,2026-06-26 13:00:00,monthly_pass,exit,G07,3.72
TX0005939,ST09,2026-06-28 22:00:00,smart_card,entry,G12,4.36
TX0005940,ST10,2026-07-23 00:00:00,smart_card,entry,G03,1.94
TX0005941,ST08,2026-07-01 22:00:00,monthly_pass,entry,G04,3.64
TX0005942,ST05,2026-07-17 11:00:00,smart_card,exit,G05,1.54
TX0005943,ST07,2026-07-17 06:00:00,smart_card,exit,G09,1.52
TX0005944,ST07,2026-08-06 05:00:00,single_ticket,entry,G03,3.64
TX0005945,ST10,2026-06-28 21:00:00,smart_card,entry,G09,3.16
TX0005946,ST01,2026-07-31 14:00:00,smart_card,exit,G02,3.9
TX0005947,ST08,2026-06-30 16:00:00,single_ticket,entry,G10,2.63
TX0005948,ST04,2026-07-01 19:00:00,monthly_pass,exit,G10,1.96
TX0005949,ST09,2026-08-17 00:00:00,monthly_pass,exit,G08,3.43
TX0005950,ST09,2026-07-01 04:00:00,single_ticket,entry,G12,3.06
TX0005951,ST06,2026-06-27 00:00:00,smart_card,exit,G11,2.4
TX0005952,ST06,2026-07-18 07:00:00,single_ticket,exit,G09,2.9
TX0005953,ST07,2026-07-27 03:00:00,monthly_pass,exit,G10,3.15
TX0005954,ST10,2026-07-23 12:00:00,single_ticket,exit,G08,2.12
TX0005955,ST02,2026-07-02 00:00:00,smart_card,entry,G10,3.7
TX0005956,ST07,2026-07-09 09:00:00,monthly_pass,entry,G10,3.32
TX0005957,ST02,2026-06-27 06:00:00,monthly_pass,exit,G06,1.7
TX0005958,ST08,2026-08-05 12:00:00,smart_card,entry,G02,3.0
TX0005959,ST09,2026-07-29 13:00:00,single_ticket,entry,G01,2.31
TX0005960,ST06,2026-06-24 04:00:00,monthly_pass,exit,G04,4.17
TX0005961,ST04,2026-07-01 10:00:00,smart_card,exit,G07,2.85
TX0005962,ST02,2026-07-06 11:00:00,monthly_pass,entry,G04,1.93
TX0005963,ST05,2026-07-28 12:00:00,smart_card,entry,G06,3.5
TX0005964,ST09,2026-08-19 02:00:00,smart_card,exit,G03,2.29
TX0005965,ST01,2026-08-06 20:00:00,monthly_pass,exit,G12,4.38
TX0005966,ST07,2026-07-02 12:00:00,monthly_pass,exit,G06,1.61
TX0005967,ST09,2026-08-12 17:00:00,smart_card,entry,G09,1.89
TX0005968,ST09,2026-07-29 10:00:00,monthly_pass,exit,G07,4.48
TX0005969,ST03,2026-07-09 04:00:00,single_ticket,exit,G10,4.34
TX0005970,ST09,2026-07-08 08:00:00,monthly_pass,entry,G07,1.68
TX0005971,ST01,2026-07-20 10:00:00,smart_card,entry,G09,2.64
TX0005972,ST02,2026-08-09 18:00:00,monthly_pass,entry,G11,4.32
TX0005973,ST01,2026-08-19 05:00:00,single_ticket,entry,G08,2.31
TX0005974,ST06,2026-08-18 05:00:00,day_pass,entry,G08,4.08
TX0005975,ST09,2026-07-31 08:00:00,smart_card,exit,G11,3.06
TX0005976,ST01,2026-07-23 13:00:00,smart_card,entry,G09,3.92
TX0005977,ST02,2026-07-03 12:00:00,smart_card,entry,G01,3.49
TX0005978,ST03,2026-07-27 22:00:00,smart_card,exit,G10,3.91
TX0005979,ST10,2026-08-08 04:00:00,monthly_pass,entry,G11,2.53
TX0005980,ST09,2026-07-24 16:00:00,single_ticket,exit,G08,4.45
TX0005981,ST03,2026-07-06 04:00:00,single_ticket,entry,G10,2.69
TX0005982,ST01,2026-07-25 10:00:00,smart_card,exit,G01,1.61
TX0005983,ST06,2026-07-09 22:00:00,single_ticket,entry,G12,3.8
TX0005984,ST02,2026-07-06 06:00:00,smart_card,entry,G11,2.15
TX0005985,ST03,2026-08-12 14:00:00,day_pass,entry,G02,1.78
TX0005986,ST02,2026-07-05 23:00:00,smart_card,exit,G08,3.56
TX0005987,ST10,2026-06-28 08:00:00,smart_card,entry,G11,3.84
TX0005988,ST08,2026-07-08 04:00:00,smart_card,entry,G09,3.4
TX0005989,ST09,2026-07-23 14:00:00,smart_card,exit,G03,2.24
TX0005990,ST05,2026-07-21 04:00:00,single_ticket,exit,G03,2.13
TX0005991,ST03,2026-06-28 03:00:00,single_ticket,exit,G01,2.44
TX0005992,ST03,2026-08-17 09:00:00,smart_card,entry,G07,3.56
TX0005993,ST10,2026-07-27 11:00:00,day_pass,exit,G04,1.68
TX0005994,ST03,2026-06-27 17:00:00,monthly_pass,exit,G07,4.08
TX0005995,ST10,2026-06-30 01:00:00,single_ticket,entry,G02,4.39
TX0005996,ST08,2026-07-10 04:00:00,single_ticket,exit,G05,4.15
TX0005997,ST05,2026-06-22 09:00:00,smart_card,entry,G04,2.77
TX0005998,ST10,2026-08-21 00:00:00,single_ticket,entry,G02,3.08
TX0005999,ST04,2026-07-04 16:00:00,smart_card,exit,G11,3.04
TX0006000,ST08,2026-07-26 16:00:00,smart_card,exit,G02,3.29
TX0006001,ST08,2026-08-14 03:00:00,smart_card,exit,G08,4.06
TX0006002,ST09,2026-07-22 16:00:00,smart_card,entry,G06,4.1
TX0006003,ST07,2026-07-29 23:00:00,smart_card,entry,G07,2.43
TX0006004,ST01,2026-07-14 04:00:00,smart_card,exit,G04,1.83
TX0006005,ST01,2026-07-07 11:00:00,day_pass,exit,G11,3.17
TX0006006,ST10,2026-07-02 22:00:00,smart_card,exit,G05,1.62
TX0006007,ST03,2026-08-18 21:00:00,smart_card,exit,G11,3.53
TX0006008,ST03,2026-08-18 19:00:00,smart_card,entry,G05,3.64
TX0006009,ST06,2026-07-13 21:00:00,smart_card,exit,G12,3.51
TX0006010,ST02,2026-07-12 04:00:00,smart_card,exit,G09,2.28
TX0006011,ST01,2026-07-21 10:00:00,single_ticket,entry,G11,3.73
TX0006012,ST07,2026-07-24 00:00:00,smart_card,entry,G02,2.38
TX0006013,ST07,2026-07-08 15:00:00,smart_card,exit,G10,2.77
TX0006014,ST04,2026-07-21 07:00:00,single_ticket,entry,G09,3.6
TX0006015,ST08,2026-08-07 14:00:00,smart_card,entry,G01,2.43
TX0006016,ST04,2026-06-26 12:00:00,monthly_pass,entry,G01,4.16
TX0006017,ST08,2026-08-16 01:00:00,smart_card,entry,G07,2.48
TX0006018,ST04,2026-07-15 01:00:00,smart_card,entry,G08,4.08
TX0006019,ST01,2026-08-15 07:00:00,smart_card,entry,G05,4.32
TX0006020,ST09,2026-06-24 06:00:00,monthly_pass,entry,G12,2.62
TX0006021,ST01,2026-08-17 13:00:00,smart_card,exit,G01,1.65
TX0006022,ST03,2026-06-24 03:00:00,smart_card,exit,G05,2.26
TX0006023,ST06,2026-06-26 10:00:00,smart_card,exit,G02,3.81
TX0006024,ST08,2026-08-07 09:00:00,monthly_pass,exit,G12,1.79
TX0006025,ST01,2026-08-14 20:00:00,single_ticket,entry,G06,4.13
TX0006026,ST09,2026-06-26 12:00:00,smart_card,exit,G01,3.3
TX0006027,ST08,2026-07-24 12:00:00,single_ticket,entry,G12,3.89
TX0006028,ST09,2026-07-03 11:00:00,single_ticket,exit,G09,3.78
TX0006029,ST04,2026-06-23 11:00:00,smart_card,exit,G06,3.76
TX0006030,ST10,2026-08-08 10:00:00,smart_card,entry,G08,1.57
TX0006031,ST03,2026-07-26 06:00:00,smart_card,exit,G10,3.72
TX0006032,ST02,2026-07-16 02:00:00,smart_card,exit,G04,3.53
TX0006033,ST07,2026-08-02 16:00:00,single_ticket,exit,G03,3.31
TX0006034,ST04,2026-06-24 10:00:00,monthly_pass,entry,G11,4.07
TX0006035,ST07,2026-06-23 19:00:00,single_ticket,exit,G03,3.09
TX0006036,ST04,2026-08-17 18:00:00,smart_card,entry,G08,3.21
TX0006037,ST05,2026-07-15 12:00:00,smart_card,entry,G11,3.05
TX0006038,ST06,2026-07-30 09:00:00,smart_card,entry,G01,3.73
TX0006039,ST02,2026-07-21 16:00:00,single_ticket,entry,G04,4.29
TX0006040,ST10,2026-08-17 15:00:00,single_ticket,exit,G01,3.3
TX0006041,ST02,2026-08-13 22:00:00,single_ticket,entry,G08,2.56
TX0006042,ST04,2026-08-09 06:00:00,monthly_pass,entry,G03,3.03
TX0006043,ST06,2026-07-31 09:00:00,smart_card,exit,G01,4.34
TX0006044,ST02,2026-08-08 07:00:00,day_pass,entry,G10,2.05
TX0006045,ST07,2026-08-05 21:00:00,monthly_pass,exit,G01,4.22
TX0006046,ST06,2026-07-08 19:00:00,smart_card,entry,G07,4.0
TX0006047,ST07,2026-07-18 19:00:00,day_pass,entry,G06,2.61
TX0006048,ST07,2026-08-02 05:00:00,smart_card,exit,G04,4.13
TX0006049,ST06,2026-07-18 03:00:00,smart_card,entry,G08,3.75
TX0006050,ST09,2026-07-20 13:00:00,smart_card,exit,G08,4.35
TX0006051,ST01,2026-07-25 23:00:00,smart_card,entry,G01,3.03
TX0006052,ST05,2026-08-06 22:00:00,single_ticket,exit,G02,3.65
TX0006053,ST04,2026-08-18 01:00:00,smart_card,exit,G10,2.56
TX0006054,ST01,2026-07-05 05:00:00,smart_card,entry,G02,2.65
TX0006055,ST02,2026-07-18 14:00:00,single_ticket,entry,G01,2.04
TX0006056,ST07,2026-08-18 14:00:00,smart_card,exit,G03,3.23
TX0006057,ST08,2026-07-23 17:00:00,smart_card,exit,G08,1.51
TX0006058,ST10,2026-08-18 19:00:00,day_pass,exit,G03,4.26
TX0006059,ST01,2026-07-29 02:00:00,monthly_pass,entry,G09,2.49
TX0006060,ST02,2026-06-23 18:00:00,smart_card,entry,G12,3.37
TX0006061,ST02,2026-07-06 19:00:00,monthly_pass,entry,G06,4.42
TX0006062,ST06,2026-07-05 21:00:00,monthly_pass,exit,G12,2.76
TX0006063,ST02,2026-07-15 21:00:00,smart_card,entry,G06,1.71
TX0006064,ST06,2026-08-01 01:00:00,monthly_pass,exit,G11,2.63
TX0006065,ST01,2026-07-20 15:00:00,day_pass,entry,G01,4.44
TX0006066,ST03,2026-08-03 12:00:00,day_pass,entry,G09,4.37
TX0006067,ST08,2026-08-01 08:00:00,smart_card,entry,G07,3.55
TX0006068,ST06,2026-08-13 08:00:00,day_pass,entry,G11,3.54
TX0006069,ST05,2026-07-08 19:00:00,smart_card,entry,G04,2.95
TX0006070,ST01,2026-06-24 14:00:00,single_ticket,exit,G11,3.01
TX0006071,ST05,2026-07-06 18:00:00,smart_card,exit,G03,3.16
TX0006072,ST10,2026-06-23 16:00:00,day_pass,exit,G06,2.69
TX0006073,ST06,2026-07-11 13:00:00,monthly_pass,exit,G02,3.95
TX0006074,ST02,2026-08-01 04:00:00,smart_card,exit,G03,4.23
TX0006075,ST06,2026-07-25 04:00:00,smart_card,exit,G08,4.09
TX0006076,ST10,2026-07-30 00:00:00,smart_card,entry,G05,2.35
TX0006077,ST03,2026-08-13 03:00:00,smart_card,entry,G11,2.1
TX0006078,ST07,2026-06-29 22:00:00,monthly_pass,entry,G12,4.43
TX0006079,ST07,2026-07-03 20:00:00,single_ticket,entry,G02,1.97
TX0006080,ST02,2026-06-23 09:00:00,day_pass,entry,G10,2.62
TX0006081,ST05,2026-06-22 06:00:00,day_pass,exit,G09,1.65
TX0006082,ST01,2026-08-20 05:00:00,single_ticket,exit,G08,2.13
TX0006083,ST01,2026-07-11 19:00:00,smart_card,entry,G06,2.78
TX0006084,ST02,2026-07-30 11:00:00,smart_card,exit,G08,1.68
TX0006085,ST02,2026-08-14 15:00:00,smart_card,exit,G01,3.22
TX0006086,ST05,2026-07-23 22:00:00,day_pass,exit,G03,2.79
TX0006087,ST05,2026-07-28 15:00:00,monthly_pass,exit,G06,2.79
TX0006088,ST09,2026-07-23 22:00:00,smart_card,entry,G11,3.79
TX0006089,ST09,2026-07-21 01:00:00,smart_card,entry,G11,2.69
TX0006090,ST06,2026-08-14 04:00:00,single_ticket,entry,G07,1.71
TX0006091,ST04,2026-06-30 18:00:00,single_ticket,entry,G12,3.55
TX0006092,ST04,2026-07-04 07:00:00,single_ticket,exit,G12,3.59
TX0006093,ST07,2026-07-16 14:00:00,smart_card,entry,G06,3.04
TX0006094,ST09,2026-06-26 01:00:00,single_ticket,entry,G01,1.52
TX0006095,ST05,2026-07-03 22:00:00,day_pass,entry,G06,4.35
TX0006096,ST08,2026-08-04 19:00:00,smart_card,entry,G09,2.41
TX0006097,ST03,2026-08-02 10:00:00,single_ticket,entry,G05,2.42
TX0006098,ST10,2026-07-27 19:00:00,smart_card,entry,G11,2.05
TX0006099,ST09,2026-07-29 03:00:00,monthly_pass,exit,G05,3.41
TX0006100,ST05,2026-08-01 05:00:00,monthly_pass,entry,G10,3.29
TX0006101,ST08,2026-08-08 01:00:00,single_ticket,entry,G06,4.17
TX0006102,ST09,2026-07-10 01:00:00,smart_card,entry,G06,3.38
TX0006103,ST08,2026-08-13 08:00:00,monthly_pass,entry,G01,2.31
TX0006104,ST04,2026-07-06 23:00:00,smart_card,exit,G04,3.85
TX0006105,ST01,2026-08-05 04:00:00,smart_card,entry,G08,2.37
TX0006106,ST02,2026-07-27 06:00:00,smart_card,exit,G06,4.19
TX0006107,ST08,2026-07-18 02:00:00,smart_card,entry,G05,1.82
TX0006108,ST05,2026-08-13 17:00:00,monthly_pass,exit,G02,2.77
TX0006109,ST05,2026-07-27 10:00:00,smart_card,exit,G08,4.44
TX0006110,ST02,2026-07-12 09:00:00,day_pass,exit,G08,3.77
TX0006111,ST04,2026-07-16 16:00:00,day_pass,entry,G08,2.53
TX0006112,ST08,2026-07-23 00:00:00,single_ticket,exit,G02,3.74
TX0006113,ST10,2026-06-24 12:00:00,smart_card,exit,G11,1.55
TX0006114,ST01,2026-08-06 00:00:00,smart_card,entry,G03,1.55
TX0006115,ST01,2026-08-07 16:00:00,monthly_pass,exit,G04,2.71
TX0006116,ST03,2026-08-05 05:00:00,smart_card,entry,G03,4.38
TX0006117,ST03,2026-07-19 10:00:00,smart_card,exit,G12,3.2
TX0006118,ST08,2026-07-26 00:00:00,single_ticket,entry,G06,1.8
TX0006119,ST01,2026-07-11 09:00:00,single_ticket,entry,G08,3.23
TX0006120,ST03,2026-06-28 13:00:00,single_ticket,exit,G09,4.21
TX0006121,ST03,2026-08-16 12:00:00,smart_card,entry,G08,3.22
TX0006122,ST09,2026-08-16 02:00:00,smart_card,entry,G09,2.35
TX0006123,ST05,2026-06-25 14:00:00,smart_card,exit,G07,4.42
TX0006124,ST05,2026-07-07 13:00:00,single_ticket,entry,G08,4.32
TX0006125,ST02,2026-06-22 17:00:00,monthly_pass,entry,G03,2.91
TX0006126,ST02,2026-07-21 18:00:00,day_pass,exit,G06,4.01
TX0006127,ST01,2026-07-05 12:00:00,single_ticket,entry,G01,2.42
TX0006128,ST07,2026-07-21 09:00:00,single_ticket,exit,G07,2.16
TX0006129,ST10,2026-07-02 10:00:00,single_ticket,entry,G07,2.85
TX0006130,ST02,2026-07-12 07:00:00,smart_card,exit,G07,4.17
TX0006131,ST07,2026-08-17 14:00:00,day_pass,exit,G11,3.8
TX0006132,ST09,2026-08-14 12:00:00,single_ticket,entry,G06,4.49
TX0006133,ST07,2026-06-27 14:00:00,smart_card,exit,G11,3.86
TX0006134,ST09,2026-06-26 15:00:00,single_ticket,exit,G07,3.86
TX0006135,ST05,2026-08-09 07:00:00,smart_card,exit,G01,4.04
TX0006136,ST06,2026-08-11 08:00:00,smart_card,entry,G01,1.63
TX0006137,ST10,2026-07-18 16:00:00,day_pass,exit,G04,3.64
TX0006138,ST02,2026-07-20 22:00:00,single_ticket,exit,G10,1.74
TX0006139,ST08,2026-08-19 20:00:00,smart_card,exit,G06,3.0
TX0006140,ST09,2026-06-29 22:00:00,single_ticket,exit,G05,2.93
TX0006141,ST08,2026-08-18 22:00:00,smart_card,exit,G06,3.76
TX0006142,ST09,2026-07-05 03:00:00,single_ticket,exit,G12,4.32
TX0006143,ST02,2026-08-05 18:00:00,smart_card,entry,G03,2.02
TX0006144,ST01,2026-08-05 01:00:00,single_ticket,entry,G08,4.3
TX0006145,ST02,2026-07-02 06:00:00,monthly_pass,entry,G09,3.63
TX0006146,ST07,2026-08-13 00:00:00,smart_card,exit,G10,3.34
TX0006147,ST03,2026-08-10 16:00:00,single_ticket,exit,G06,3.72
TX0006148,ST04,2026-07-21 13:00:00,single_ticket,exit,G12,2.16
TX0006149,ST02,2026-06-22 21:00:00,day_pass,exit,G11,1.69
TX0006150,ST10,2026-07-04 00:00:00,monthly_pass,exit,G02,2.14
TX0006151,ST01,2026-07-07 06:00:00,smart_card,exit,G04,2.56
TX0006152,ST06,2026-08-08 07:00:00,smart_card,entry,G03,2.79
TX0006153,ST10,2026-07-27 15:00:00,single_ticket,entry,G11,1.86
TX0006154,ST06,2026-08-01 06:00:00,smart_card,exit,G02,3.77
TX0006155,ST10,2026-08-13 09:00:00,day_pass,entry,G10,3.16
TX0006156,ST03,2026-07-03 06:00:00,day_pass,exit,G12,3.48
TX0006157,ST06,2026-07-13 12:00:00,single_ticket,exit,G05,1.76
TX0006158,ST06,2026-08-03 11:00:00,smart_card,entry,G02,3.0
TX0006159,ST01,2026-07-13 06:00:00,smart_card,entry,G10,4.12
TX0006160,ST10,2026-07-14 06:00:00,monthly_pass,exit,G06,4.08
TX0006161,ST05,2026-07-16 01:00:00,smart_card,exit,G08,3.6
TX0006162,ST09,2026-08-15 22:00:00,single_ticket,exit,G04,3.32
TX0006163,ST07,2026-08-15 21:00:00,single_ticket,entry,G06,4.27
TX0006164,ST10,2026-07-18 13:00:00,smart_card,entry,G05,1.82
TX0006165,ST08,2026-08-21 03:00:00,day_pass,exit,G07,1.62
TX0006166,ST01,2026-07-14 17:00:00,smart_card,exit,G01,3.68
TX0006167,ST03,2026-08-17 16:00:00,monthly_pass,entry,G07,2.56
TX0006168,ST04,2026-08-10 16:00:00,single_ticket,exit,G04,1.9
TX0006169,ST09,2026-07-20 10:00:00,smart_card,exit,G03,4.31
TX0006170,ST10,2026-07-03 19:00:00,day_pass,entry,G12,1.56
TX0006171,ST09,2026-08-02 22:00:00,day_pass,exit,G02,3.87
TX0006172,ST10,2026-06-23 23:00:00,smart_card,exit,G10,2.71
TX0006173,ST01,2026-07-23 15:00:00,smart_card,exit,G10,2.64
TX0006174,ST06,2026-07-05 01:00:00,smart_card,exit,G05,2.74
TX0006175,ST02,2026-07-15 16:00:00,single_ticket,entry,G02,2.55
TX0006176,ST02,2026-08-07 03:00:00,smart_card,exit,G08,1.82
TX0006177,ST05,2026-07-05 06:00:00,single_ticket,entry,G09,3.63
TX0006178,ST03,2026-06-23 19:00:00,smart_card,exit,G03,3.05
TX0006179,ST08,2026-07-15 06:00:00,monthly_pass,entry,G11,2.69
TX0006180,ST04,2026-07-29 15:00:00,day_pass,exit,G04,3.1
TX0006181,ST08,2026-08-10 22:00:00,smart_card,exit,G06,2.94
TX0006182,ST03,2026-08-19 04:00:00,single_ticket,exit,G12,2.24
TX0006183,ST05,2026-06-27 00:00:00,smart_card,entry,G10,1.97
TX0006184,ST01,2026-06-26 09:00:00,smart_card,entry,G06,3.9
TX0006185,ST08,2026-07-04 22:00:00,smart_card,exit,G11,3.64
TX0006186,ST05,2026-07-16 16:00:00,single_ticket,entry,G05,2.08
TX0006187,ST04,2026-08-04 15:00:00,monthly_pass,entry,G04,1.87
TX0006188,ST04,2026-07-10 19:00:00,smart_card,exit,G09,3.15
TX0006189,ST07,2026-07-19 01:00:00,smart_card,exit,G04,3.46
TX0006190,ST04,2026-07-15 13:00:00,single_ticket,exit,G07,3.26
TX0006191,ST07,2026-07-02 13:00:00,monthly_pass,entry,G07,2.32
TX0006192,ST01,2026-07-17 06:00:00,single_ticket,exit,G07,3.7
TX0006193,ST07,2026-07-14 01:00:00,smart_card,exit,G11,2.14
TX0006194,ST09,2026-08-16 14:00:00,monthly_pass,exit,G05,3.04
TX0006195,ST05,2026-07-09 19:00:00,smart_card,entry,G09,2.07
TX0006196,ST06,2026-07-02 08:00:00,smart_card,exit,G05,2.55
TX0006197,ST10,2026-08-20 21:00:00,smart_card,exit,G03,3.0
TX0006198,ST02,2026-08-02 12:00:00,smart_card,entry,G05,3.22
TX0006199,ST09,2026-08-03 05:00:00,single_ticket,exit,G05,1.82
TX0006200,ST01,2026-08-04 17:00:00,day_pass,exit,G03,2.57
TX0006201,ST08,2026-08-05 21:00:00,day_pass,entry,G07,3.11
TX0006202,ST02,2026-06-27 02:00:00,monthly_pass,entry,G12,3.89
TX0006203,ST04,2026-07-20 22:00:00,smart_card,exit,G05,2.28
TX0006204,ST02,2026-06-24 04:00:00,single_ticket,entry,G07,3.87
TX0006205,ST09,2026-08-18 13:00:00,single_ticket,entry,G03,4.39
TX0006206,ST10,2026-07-04 03:00:00,smart_card,exit,G04,3.44
TX0006207,ST06,2026-08-16 13:00:00,smart_card,exit,G10,3.72
TX0006208,ST02,2026-07-20 08:00:00,day_pass,exit,G02,3.91
TX0006209,ST05,2026-06-23 16:00:00,smart_card,exit,G09,4.1
TX0006210,ST09,2026-08-14 07:00:00,monthly_pass,entry,G12,1.79
TX0006211,ST04,2026-08-10 00:00:00,day_pass,exit,G10,2.45
TX0006212,ST08,2026-06-24 01:00:00,smart_card,entry,G10,3.02
TX0006213,ST01,2026-07-17 23:00:00,smart_card,entry,G02,2.5
TX0006214,ST05,2026-08-13 10:00:00,single_ticket,entry,G01,2.16
TX0006215,ST09,2026-08-02 01:00:00,smart_card,entry,G02,4.24
TX0006216,ST09,2026-07-19 00:00:00,single_ticket,exit,G10,3.81
TX0006217,ST10,2026-08-08 02:00:00,smart_card,exit,G02,2.17
TX0006218,ST03,2026-07-13 17:00:00,monthly_pass,exit,G02,2.22
TX0006219,ST02,2026-06-28 21:00:00,smart_card,entry,G08,3.4
TX0006220,ST07,2026-08-12 18:00:00,single_ticket,entry,G01,2.9
TX0006221,ST07,2026-08-20 21:00:00,monthly_pass,exit,G11,2.42
TX0006222,ST02,2026-06-29 12:00:00,day_pass,exit,G09,4.0
TX0006223,ST02,2026-07-05 05:00:00,single_ticket,exit,G11,4.3
TX0006224,ST06,2026-08-09 22:00:00,monthly_pass,entry,G09,2.59
TX0006225,ST02,2026-07-17 05:00:00,monthly_pass,entry,G04,3.44
TX0006226,ST02,2026-07-19 00:00:00,day_pass,exit,G08,2.51
TX0006227,ST06,2026-08-20 23:00:00,day_pass,entry,G05,4.36
TX0006228,ST07,2026-07-13 13:00:00,smart_card,exit,G12,2.71
TX0006229,ST05,2026-07-10 12:00:00,monthly_pass,entry,G06,2.12
TX0006230,ST08,2026-07-02 10:00:00,monthly_pass,exit,G08,2.7
TX0006231,ST07,2026-07-15 02:00:00,single_ticket,exit,G01,2.46
TX0006232,ST08,2026-07-23 13:00:00,single_ticket,entry,G02,3.03
TX0006233,ST04,2026-07-26 16:00:00,single_ticket,exit,G09,1.78
TX0006234,ST08,2026-07-20 00:00:00,smart_card,exit,G12,3.35
TX0006235,ST01,2026-07-20 08:00:00,smart_card,exit,G03,3.82
TX0006236,ST02,2026-08-07 06:00:00,single_ticket,entry,G12,2.29
TX0006237,ST04,2026-06-24 08:00:00,smart_card,entry,G10,2.25
TX0006238,ST09,2026-07-11 17:00:00,smart_card,exit,G09,2.5
TX0006239,ST03,2026-08-07 20:00:00,monthly_pass,entry,G07,3.04
TX0006240,ST10,2026-07-22 05:00:00,smart_card,exit,G01,1.81
TX0006241,ST05,2026-07-02 19:00:00,monthly_pass,exit,G02,3.16
TX0006242,ST04,2026-07-24 13:00:00,single_ticket,exit,G02,3.48
TX0006243,ST01,2026-06-29 12:00:00,monthly_pass,exit,G09,4.44
TX0006244,ST10,2026-07-23 16:00:00,smart_card,entry,G04,4.4
TX0006245,ST07,2026-08-05 20:00:00,smart_card,entry,G10,2.45
TX0006246,ST03,2026-07-22 14:00:00,single_ticket,entry,G09,3.5
TX0006247,ST10,2026-07-26 06:00:00,smart_card,entry,G11,3.7
TX0006248,ST09,2026-08-02 06:00:00,single_ticket,exit,G11,4.0
TX0006249,ST03,2026-07-30 00:00:00,single_ticket,entry,G02,1.76
TX0006250,ST05,2026-07-26 15:00:00,smart_card,entry,G08,1.89
TX0006251,ST08,2026-06-26 21:00:00,monthly_pass,exit,G06,2.4
TX0006252,ST02,2026-07-24 22:00:00,smart_card,entry,G10,2.3
TX0006253,ST03,2026-06-29 06:00:00,smart_card,entry,G01,3.85
TX0006254,ST01,2026-07-04 13:00:00,day_pass,entry,G06,3.95
TX0006255,ST01,2026-08-08 03:00:00,smart_card,entry,G12,2.9
TX0006256,ST06,2026-07-18 02:00:00,single_ticket,entry,G01,2.93
TX0006257,ST10,2026-07-23 09:00:00,single_ticket,exit,G06,3.06
TX0006258,ST08,2026-07-10 07:00:00,smart_card,exit,G04,1.6
TX0006259,ST02,2026-08-02 22:00:00,smart_card,entry,G10,2.69
TX0006260,ST05,2026-07-23 09:00:00,smart_card,exit,G05,1.77
TX0006261,ST01,2026-08-16 07:00:00,smart_card,entry,G04,1.9
TX0006262,ST02,2026-06-29 00:00:00,smart_card,exit,G08,3.56
TX0006263,ST03,2026-08-16 15:00:00,smart_card,exit,G03,3.13
TX0006264,ST08,2026-08-08 10:00:00,day_pass,entry,G07,2.81
TX0006265,ST09,2026-07-29 05:00:00,monthly_pass,exit,G06,3.78
TX0006266,ST07,2026-07-09 13:00:00,smart_card,entry,G12,3.24
TX0006267,ST03,2026-08-10 14:00:00,single_ticket,exit,G08,2.29
TX0006268,ST01,2026-08-15 03:00:00,smart_card,exit,G12,3.49
TX0006269,ST04,2026-07-20 20:00:00,smart_card,exit,G04,2.36
TX0006270,ST05,2026-07-05 02:00:00,smart_card,entry,G01,1.83
TX0006271,ST10,2026-07-13 08:00:00,single_ticket,exit,G05,4.37
TX0006272,ST08,2026-06-27 11:00:00,smart_card,entry,G06,4.0
TX0006273,ST05,2026-07-23 18:00:00,monthly_pass,entry,G05,3.14
TX0006274,ST03,2026-08-10 20:00:00,day_pass,entry,G01,1.79
TX0006275,ST02,2026-06-25 00:00:00,single_ticket,entry,G01,2.78
TX0006276,ST02,2026-06-27 04:00:00,day_pass,exit,G07,3.23
TX0006277,ST06,2026-07-14 01:00:00,smart_card,entry,G03,2.5
TX0006278,ST04,2026-08-13 14:00:00,single_ticket,entry,G05,2.08
TX0006279,ST05,2026-07-16 14:00:00,smart_card,exit,G10,3.02
TX0006280,ST05,2026-08-09 11:00:00,smart_card,entry,G05,4.16
TX0006281,ST09,2026-06-30 22:00:00,smart_card,exit,G10,2.45
TX0006282,ST09,2026-06-23 18:00:00,smart_card,exit,G06,4.12
TX0006283,ST02,2026-07-08 17:00:00,single_ticket,exit,G09,2.64
TX0006284,ST04,2026-08-15 00:00:00,smart_card,entry,G04,2.34
TX0006285,ST06,2026-06-22 06:00:00,smart_card,exit,G02,4.09
TX0006286,ST09,2026-06-26 14:00:00,monthly_pass,entry,G04,1.78
TX0006287,ST04,2026-08-03 12:00:00,smart_card,entry,G02,3.79
TX0006288,ST01,2026-08-17 15:00:00,smart_card,entry,G06,2.93
TX0006289,ST03,2026-08-13 18:00:00,smart_card,entry,G04,1.74
TX0006290,ST05,2026-08-15 09:00:00,smart_card,exit,G04,3.52
TX0006291,ST09,2026-08-10 18:00:00,day_pass,entry,G03,2.61
TX0006292,ST04,2026-07-14 01:00:00,monthly_pass,entry,G05,3.77
TX0006293,ST04,2026-07-09 00:00:00,single_ticket,entry,G01,3.04
TX0006294,ST05,2026-07-13 01:00:00,smart_card,entry,G05,3.91
TX0006295,ST09,2026-08-18 19:00:00,monthly_pass,entry,G03,1.57
TX0006296,ST03,2026-07-08 21:00:00,day_pass,exit,G07,2.96
TX0006297,ST03,2026-08-09 05:00:00,monthly_pass,exit,G06,3.0
TX0006298,ST01,2026-08-12 16:00:00,smart_card,entry,G06,4.07
TX0006299,ST06,2026-07-28 20:00:00,single_ticket,exit,G08,4.07
TX0006300,ST06,2026-07-19 19:00:00,smart_card,exit,G01,2.94
TX0006301,ST08,2026-06-25 07:00:00,smart_card,exit,G02,2.33
TX0006302,ST09,2026-08-16 01:00:00,monthly_pass,entry,G06,2.82
TX0006303,ST07,2026-08-05 18:00:00,single_ticket,entry,G05,3.68
TX0006304,ST02,2026-07-26 00:00:00,day_pass,entry,G04,1.73
TX0006305,ST01,2026-08-03 22:00:00,smart_card,exit,G05,4.43
TX0006306,ST09,2026-07-09 18:00:00,smart_card,exit,G03,3.41
TX0006307,ST07,2026-07-04 16:00:00,monthly_pass,exit,G02,2.78
TX0006308,ST09,2026-07-19 02:00:00,smart_card,exit,G03,3.28
TX0006309,ST06,2026-07-04 05:00:00,smart_card,entry,G12,4.18
TX0006310,ST06,2026-07-23 09:00:00,smart_card,exit,G02,2.71
TX0006311,ST03,2026-07-13 18:00:00,day_pass,entry,G12,2.18
TX0006312,ST01,2026-07-05 06:00:00,smart_card,exit,G09,3.5
TX0006313,ST01,2026-07-18 17:00:00,smart_card,exit,G02,1.66
TX0006314,ST05,2026-07-08 10:00:00,single_ticket,exit,G10,2.63
TX0006315,ST06,2026-08-04 13:00:00,single_ticket,exit,G04,2.13
TX0006316,ST07,2026-07-05 08:00:00,single_ticket,entry,G06,3.76
TX0006317,ST08,2026-07-15 04:00:00,smart_card,exit,G01,4.08
TX0006318,ST09,2026-07-09 23:00:00,smart_card,exit,G01,3.92
TX0006319,ST05,2026-07-19 04:00:00,smart_card,entry,G10,1.81
TX0006320,ST05,2026-08-07 18:00:00,smart_card,entry,G08,1.93
TX0006321,ST08,2026-06-27 16:00:00,smart_card,exit,G06,4.29
TX0006322,ST03,2026-06-25 23:00:00,monthly_pass,entry,G12,3.36
TX0006323,ST07,2026-07-16 06:00:00,monthly_pass,exit,G12,2.32
TX0006324,ST06,2026-07-11 01:00:00,smart_card,entry,G12,3.3
TX0006325,ST06,2026-08-07 03:00:00,single_ticket,entry,G06,3.69
TX0006326,ST03,2026-08-03 02:00:00,smart_card,entry,G10,3.52
TX0006327,ST10,2026-07-28 22:00:00,smart_card,exit,G01,2.6
TX0006328,ST08,2026-08-04 07:00:00,single_ticket,entry,G09,3.36
TX0006329,ST04,2026-07-11 00:00:00,smart_card,entry,G10,1.76
TX0006330,ST05,2026-08-17 06:00:00,smart_card,exit,G01,4.24
TX0006331,ST09,2026-08-03 07:00:00,smart_card,entry,G10,3.9
TX0006332,ST05,2026-07-19 21:00:00,single_ticket,exit,G11,4.14
TX0006333,ST08,2026-07-16 18:00:00,single_ticket,entry,G03,2.28
TX0006334,ST08,2026-07-22 19:00:00,smart_card,exit,G12,2.21
TX0006335,ST06,2026-08-09 04:00:00,smart_card,entry,G03,3.18
TX0006336,ST10,2026-07-06 21:00:00,smart_card,entry,G12,2.63
TX0006337,ST05,2026-07-04 15:00:00,smart_card,exit,G12,2.09
TX0006338,ST02,2026-07-08 21:00:00,smart_card,exit,G06,3.89
TX0006339,ST10,2026-06-27 18:00:00,single_ticket,entry,G12,1.76
TX0006340,ST02,2026-06-27 09:00:00,single_ticket,exit,G07,1.58
TX0006341,ST03,2026-07-25 06:00:00,single_ticket,entry,G09,3.99
TX0006342,ST06,2026-07-03 01:00:00,smart_card,exit,G06,2.15
TX0006343,ST09,2026-07-31 20:00:00,single_ticket,exit,G03,4.13
TX0006344,ST04,2026-07-07 23:00:00,day_pass,exit,G04,3.17
TX0006345,ST10,2026-08-19 17:00:00,smart_card,entry,G03,3.31
TX0006346,ST03,2026-07-10 13:00:00,smart_card,entry,G03,1.56
TX0006347,ST04,2026-07-28 13:00:00,monthly_pass,entry,G08,2.82
TX0006348,ST02,2026-07-26 21:00:00,single_ticket,entry,G01,4.24
TX0006349,ST10,2026-07-16 01:00:00,smart_card,exit,G02,3.74
TX0006350,ST05,2026-07-08 18:00:00,single_ticket,exit,G12,2.27
TX0006351,ST03,2026-08-18 11:00:00,smart_card,exit,G03,1.62
TX0006352,ST04,2026-07-11 02:00:00,smart_card,exit,G08,1.93
TX0006353,ST07,2026-08-05 03:00:00,single_ticket,exit,G01,3.88
TX0006354,ST04,2026-07-08 10:00:00,single_ticket,entry,G09,2.98
TX0006355,ST01,2026-07-27 12:00:00,smart_card,exit,G07,2.96
TX0006356,ST06,2026-07-20 20:00:00,smart_card,entry,G01,4.08
TX0006357,ST04,2026-08-12 05:00:00,monthly_pass,exit,G08,2.87
TX0006358,ST04,2026-08-11 11:00:00,single_ticket,entry,G02,2.84
TX0006359,ST01,2026-07-27 03:00:00,smart_card,entry,G12,1.69
TX0006360,ST04,2026-08-08 18:00:00,smart_card,entry,G07,3.87
TX0006361,ST09,2026-08-14 06:00:00,single_ticket,entry,G02,2.83
TX0006362,ST09,2026-07-09 07:00:00,smart_card,exit,G06,4.32
TX0006363,ST05,2026-08-09 06:00:00,smart_card,exit,G11,2.18
TX0006364,ST04,2026-07-03 18:00:00,monthly_pass,entry,G10,2.07
TX0006365,ST05,2026-06-28 17:00:00,single_ticket,entry,G04,1.51
TX0006366,ST01,2026-08-20 06:00:00,monthly_pass,entry,G07,3.57
TX0006367,ST05,2026-06-23 06:00:00,smart_card,entry,G11,3.12
TX0006368,ST10,2026-06-28 13:00:00,smart_card,exit,G05,2.35
TX0006369,ST03,2026-08-01 13:00:00,monthly_pass,entry,G09,2.49
TX0006370,ST01,2026-07-17 09:00:00,monthly_pass,exit,G06,2.41
TX0006371,ST07,2026-07-06 23:00:00,single_ticket,entry,G04,2.65
TX0006372,ST09,2026-08-08 11:00:00,smart_card,exit,G02,2.42
TX0006373,ST02,2026-07-18 19:00:00,single_ticket,entry,G11,2.81
TX0006374,ST07,2026-07-20 22:00:00,smart_card,entry,G07,4.04
TX0006375,ST02,2026-07-28 12:00:00,monthly_pass,entry,G08,3.09
TX0006376,ST07,2026-06-25 11:00:00,single_ticket,exit,G01,3.83
TX0006377,ST04,2026-06-23 04:00:00,smart_card,exit,G08,3.22
TX0006378,ST02,2026-06-23 12:00:00,smart_card,entry,G03,2.33
TX0006379,ST02,2026-07-14 19:00:00,smart_card,exit,G11,4.41
TX0006380,ST09,2026-08-06 00:00:00,day_pass,entry,G08,2.05
TX0006381,ST04,2026-06-28 07:00:00,smart_card,exit,G06,4.35
TX0006382,ST01,2026-06-30 12:00:00,smart_card,entry,G05,4.31
TX0006383,ST01,2026-07-12 10:00:00,smart_card,exit,G02,2.05
TX0006384,ST03,2026-07-08 11:00:00,smart_card,entry,G09,1.99
TX0006385,ST04,2026-07-09 01:00:00,single_ticket,exit,G01,2.38
TX0006386,ST08,2026-07-21 13:00:00,smart_card,entry,G12,3.32
TX0006387,ST02,2026-08-18 20:00:00,smart_card,exit,G04,2.79
TX0006388,ST04,2026-07-01 20:00:00,smart_card,exit,G11,4.05
TX0006389,ST07,2026-07-21 18:00:00,monthly_pass,entry,G11,4.44
TX0006390,ST04,2026-08-03 13:00:00,smart_card,exit,G06,2.83
TX0006391,ST03,2026-07-07 10:00:00,smart_card,exit,G12,1.54
TX0006392,ST04,2026-06-27 18:00:00,smart_card,entry,G09,4.43
TX0006393,ST07,2026-08-10 07:00:00,smart_card,entry,G07,2.76
TX0006394,ST05,2026-06-24 14:00:00,day_pass,entry,G03,3.01
TX0006395,ST06,2026-07-12 21:00:00,smart_card,exit,G07,3.38
TX0006396,ST03,2026-07-28 10:00:00,monthly_pass,entry,G08,3.79
TX0006397,ST02,2026-07-23 23:00:00,single_ticket,entry,G03,2.94
TX0006398,ST06,2026-07-15 13:00:00,single_ticket,exit,G07,1.62
TX0006399,ST09,2026-07-01 19:00:00,smart_card,entry,G11,3.37
TX0006400,ST02,2026-08-17 15:00:00,smart_card,entry,G06,2.85
TX0006401,ST07,2026-07-22 22:00:00,smart_card,exit,G05,3.12
TX0006402,ST09,2026-07-02 17:00:00,monthly_pass,exit,G08,2.32
TX0006403,ST07,2026-08-15 10:00:00,monthly_pass,entry,G06,1.51
TX0006404,ST01,2026-07-14 01:00:00,smart_card,exit,G08,1.89
TX0006405,ST08,2026-06-22 20:00:00,monthly_pass,entry,G12,3.24
TX0006406,ST10,2026-07-16 10:00:00,single_ticket,entry,G09,3.44
TX0006407,ST01,2026-07-31 16:00:00,day_pass,entry,G10,1.87
TX0006408,ST08,2026-08-04 08:00:00,monthly_pass,exit,G03,2.81
TX0006409,ST08,2026-07-29 15:00:00,monthly_pass,entry,G10,3.39
TX0006410,ST08,2026-08-16 14:00:00,single_ticket,exit,G01,2.78
TX0006411,ST01,2026-08-14 13:00:00,smart_card,exit,G06,3.6
TX0006412,ST01,2026-06-27 07:00:00,single_ticket,entry,G03,4.3
TX0006413,ST04,2026-06-24 03:00:00,smart_card,exit,G02,2.48
TX0006414,ST05,2026-06-27 10:00:00,smart_card,entry,G12,3.88
TX0006415,ST09,2026-07-09 00:00:00,day_pass,exit,G05,2.21
TX0006416,ST10,2026-08-03 15:00:00,smart_card,entry,G07,3.23
TX0006417,ST02,2026-07-28 03:00:00,smart_card,entry,G06,4.12
TX0006418,ST10,2026-06-23 17:00:00,smart_card,exit,G09,4.13
TX0006419,ST09,2026-08-05 21:00:00,single_ticket,entry,G10,2.75
TX0006420,ST09,2026-07-11 11:00:00,smart_card,exit,G01,3.98
TX0006421,ST05,2026-06-24 17:00:00,monthly_pass,exit,G10,2.91
TX0006422,ST07,2026-08-14 05:00:00,day_pass,exit,G08,3.44
TX0006423,ST01,2026-08-03 02:00:00,smart_card,entry,G12,3.1
TX0006424,ST03,2026-07-16 09:00:00,smart_card,entry,G01,3.18
TX0006425,ST05,2026-07-20 15:00:00,smart_card,entry,G01,1.7
TX0006426,ST08,2026-07-21 08:00:00,smart_card,exit,G03,4.04
TX0006427,ST09,2026-08-20 12:00:00,smart_card,entry,G06,2.42
TX0006428,ST03,2026-06-29 12:00:00,smart_card,entry,G09,1.82
TX0006429,ST03,2026-07-20 19:00:00,smart_card,entry,G10,2.58
TX0006430,ST10,2026-07-15 21:00:00,smart_card,exit,G09,1.74
TX0006431,ST02,2026-07-21 01:00:00,smart_card,exit,G06,1.58
TX0006432,ST01,2026-07-13 02:00:00,monthly_pass,entry,G02,2.62
TX0006433,ST06,2026-07-18 01:00:00,monthly_pass,exit,G03,2.99
TX0006434,ST05,2026-07-08 14:00:00,smart_card,exit,G05,4.2
TX0006435,ST09,2026-08-07 18:00:00,single_ticket,entry,G10,2.66
TX0006436,ST01,2026-07-01 18:00:00,smart_card,entry,G11,3.92
TX0006437,ST06,2026-08-16 21:00:00,day_pass,entry,G01,3.37
TX0006438,ST03,2026-08-07 22:00:00,day_pass,entry,G12,2.89
TX0006439,ST06,2026-06-25 04:00:00,single_ticket,exit,G05,1.64
TX0006440,ST10,2026-06-30 14:00:00,single_ticket,exit,G08,4.06
TX0006441,ST08,2026-07-29 16:00:00,monthly_pass,entry,G09,3.35
TX0006442,ST07,2026-07-30 07:00:00,smart_card,exit,G05,2.15
TX0006443,ST03,2026-06-27 12:00:00,single_ticket,exit,G02,2.33
TX0006444,ST09,2026-06-26 18:00:00,smart_card,exit,G03,3.73
TX0006445,ST04,2026-07-03 08:00:00,smart_card,exit,G11,3.95
TX0006446,ST03,2026-08-17 02:00:00,single_ticket,entry,G08,3.68
TX0006447,ST03,2026-08-20 14:00:00,smart_card,entry,G05,2.12
TX0006448,ST07,2026-06-29 19:00:00,smart_card,exit,G12,1.72
TX0006449,ST06,2026-08-05 18:00:00,smart_card,exit,G05,2.81
TX0006450,ST02,2026-08-15 19:00:00,monthly_pass,entry,G09,3.12
TX0006451,ST07,2026-08-14 22:00:00,smart_card,exit,G12,3.12
TX0006452,ST09,2026-07-27 23:00:00,smart_card,entry,G05,3.15
TX0006453,ST04,2026-06-24 13:00:00,smart_card,entry,G02,3.63
TX0006454,ST03,2026-06-24 21:00:00,monthly_pass,entry,G06,3.2
TX0006455,ST05,2026-08-01 20:00:00,smart_card,exit,G06,2.21
TX0006456,ST02,2026-08-14 11:00:00,smart_card,entry,G07,1.62
TX0006457,ST03,2026-07-12 07:00:00,smart_card,entry,G07,2.94
TX0006458,ST10,2026-07-03 10:00:00,single_ticket,entry,G08,2.07
TX0006459,ST07,2026-07-19 21:00:00,monthly_pass,entry,G02,2.73
TX0006460,ST05,2026-06-24 21:00:00,smart_card,entry,G11,2.19
TX0006461,ST06,2026-08-13 04:00:00,smart_card,exit,G04,2.95
TX0006462,ST10,2026-08-05 20:00:00,smart_card,entry,G10,2.2
TX0006463,ST04,2026-07-30 03:00:00,smart_card,entry,G07,2.4
TX0006464,ST10,2026-07-18 11:00:00,monthly_pass,entry,G04,2.07
TX0006465,ST03,2026-08-14 14:00:00,smart_card,entry,G12,3.29
TX0006466,ST09,2026-07-23 17:00:00,day_pass,entry,G04,3.55
TX0006467,ST08,2026-08-03 01:00:00,smart_card,entry,G06,3.12
TX0006468,ST06,2026-08-05 21:00:00,smart_card,exit,G04,4.49
TX0006469,ST09,2026-07-06 01:00:00,single_ticket,exit,G07,2.78
TX0006470,ST04,2026-08-02 23:00:00,day_pass,entry,G02,2.05
TX0006471,ST04,2026-08-12 22:00:00,smart_card,entry,G09,3.97
TX0006472,ST10,2026-07-17 18:00:00,monthly_pass,entry,G01,2.86
TX0006473,ST06,2026-07-25 14:00:00,smart_card,exit,G02,2.64
TX0006474,ST09,2026-08-08 05:00:00,monthly_pass,entry,G12,3.11
TX0006475,ST09,2026-08-12 21:00:00,smart_card,exit,G02,1.91
TX0006476,ST08,2026-07-14 19:00:00,smart_card,exit,G04,4.24
TX0006477,ST08,2026-07-01 04:00:00,monthly_pass,exit,G06,3.97
TX0006478,ST04,2026-07-15 00:00:00,smart_card,exit,G06,4.28
TX0006479,ST06,2026-08-11 07:00:00,smart_card,exit,G08,2.93
TX0006480,ST01,2026-08-03 14:00:00,day_pass,entry,G02,2.49
TX0006481,ST06,2026-06-29 06:00:00,smart_card,exit,G04,1.92
TX0006482,ST05,2026-08-16 10:00:00,single_ticket,entry,G06,3.49
TX0006483,ST07,2026-07-17 11:00:00,smart_card,entry,G01,2.21
TX0006484,ST02,2026-07-12 13:00:00,smart_card,exit,G01,2.41
TX0006485,ST01,2026-07-06 19:00:00,smart_card,exit,G10,1.54
TX0006486,ST06,2026-08-05 06:00:00,smart_card,exit,G11,4.39
TX0006487,ST01,2026-07-01 12:00:00,smart_card,entry,G09,4.03
TX0006488,ST05,2026-07-03 11:00:00,smart_card,entry,G12,3.65
TX0006489,ST10,2026-07-17 10:00:00,single_ticket,exit,G11,3.77
TX0006490,ST08,2026-07-23 02:00:00,smart_card,entry,G12,3.99
TX0006491,ST10,2026-08-07 11:00:00,smart_card,exit,G10,2.16
TX0006492,ST02,2026-08-05 09:00:00,day_pass,entry,G03,2.9
TX0006493,ST09,2026-06-26 13:00:00,smart_card,entry,G09,2.81
TX0006494,ST07,2026-07-18 08:00:00,monthly_pass,exit,G10,1.63
TX0006495,ST01,2026-07-15 17:00:00,single_ticket,exit,G07,3.34
TX0006496,ST02,2026-06-28 03:00:00,monthly_pass,entry,G05,1.89
TX0006497,ST04,2026-08-12 06:00:00,monthly_pass,exit,G12,3.21
TX0006498,ST02,2026-07-22 20:00:00,smart_card,exit,G08,3.75
TX0006499,ST07,2026-07-29 14:00:00,single_ticket,exit,G09,1.8
TX0006500,ST10,2026-08-20 00:00:00,smart_card,exit,G12,2.02
TX0006501,ST03,2026-08-05 02:00:00,smart_card,entry,G02,4.11
TX0006502,ST10,2026-07-21 02:00:00,smart_card,exit,G07,3.68
TX0006503,ST02,2026-08-14 00:00:00,smart_card,exit,G10,3.85
TX0006504,ST10,2026-08-13 20:00:00,smart_card,exit,G05,1.97
TX0006505,ST09,2026-06-23 19:00:00,monthly_pass,exit,G03,3.56
TX0006506,ST04,2026-07-29 08:00:00,smart_card,exit,G07,1.91
TX0006507,ST10,2026-08-04 16:00:00,day_pass,exit,G10,2.75
TX0006508,ST07,2026-07-08 01:00:00,monthly_pass,exit,G08,1.62
TX0006509,ST08,2026-08-19 02:00:00,smart_card,entry,G12,2.48
TX0006510,ST03,2026-07-19 12:00:00,smart_card,entry,G07,4.4
TX0006511,ST06,2026-07-13 17:00:00,single_ticket,entry,G02,3.59
TX0006512,ST07,2026-08-12 19:00:00,monthly_pass,entry,G02,1.61
TX0006513,ST02,2026-08-01 02:00:00,monthly_pass,exit,G01,3.8
TX0006514,ST03,2026-07-28 00:00:00,smart_card,exit,G09,2.67
TX0006515,ST10,2026-07-27 10:00:00,monthly_pass,exit,G10,2.37
TX0006516,ST01,2026-07-26 10:00:00,smart_card,entry,G01,2.08
TX0006517,ST02,2026-07-18 04:00:00,smart_card,exit,G10,2.76
TX0006518,ST09,2026-07-23 08:00:00,smart_card,exit,G09,2.28
TX0006519,ST07,2026-08-06 11:00:00,day_pass,exit,G09,4.26
TX0006520,ST01,2026-06-25 14:00:00,smart_card,entry,G06,3.6
TX0006521,ST04,2026-08-07 00:00:00,single_ticket,exit,G06,4.24
TX0006522,ST08,2026-08-19 11:00:00,smart_card,entry,G01,1.61
TX0006523,ST10,2026-07-07 22:00:00,smart_card,exit,G11,1.63
TX0006524,ST08,2026-08-12 14:00:00,monthly_pass,exit,G09,3.38
TX0006525,ST02,2026-08-13 14:00:00,single_ticket,exit,G08,3.35
TX0006526,ST01,2026-07-26 20:00:00,smart_card,entry,G12,3.65
TX0006527,ST04,2026-07-02 19:00:00,single_ticket,entry,G11,3.2
TX0006528,ST03,2026-07-31 15:00:00,smart_card,entry,G03,1.61
TX0006529,ST05,2026-06-29 01:00:00,smart_card,entry,G05,3.56
TX0006530,ST08,2026-07-01 13:00:00,smart_card,exit,G04,3.99
TX0006531,ST01,2026-08-19 10:00:00,monthly_pass,exit,G05,3.61
TX0006532,ST09,2026-07-06 17:00:00,smart_card,entry,G02,3.96
TX0006533,ST02,2026-08-19 06:00:00,smart_card,exit,G08,2.83
TX0006534,ST07,2026-07-29 11:00:00,single_ticket,entry,G02,1.81
TX0006535,ST10,2026-07-10 01:00:00,smart_card,entry,G09,4.19
TX0006536,ST10,2026-07-24 04:00:00,smart_card,exit,G12,3.79
TX0006537,ST07,2026-06-22 20:00:00,smart_card,entry,G02,3.11
TX0006538,ST10,2026-07-27 09:00:00,monthly_pass,entry,G04,1.92
TX0006539,ST05,2026-07-29 19:00:00,smart_card,entry,G02,2.01
TX0006540,ST01,2026-06-24 05:00:00,smart_card,entry,G10,2.08
TX0006541,ST07,2026-08-10 01:00:00,smart_card,exit,G10,1.96
TX0006542,ST07,2026-06-27 04:00:00,smart_card,entry,G08,3.96
TX0006543,ST08,2026-07-20 03:00:00,smart_card,exit,G07,2.84
TX0006544,ST05,2026-07-23 13:00:00,single_ticket,exit,G07,2.37
TX0006545,ST10,2026-07-23 19:00:00,single_ticket,exit,G03,2.51
TX0006546,ST08,2026-07-24 21:00:00,single_ticket,entry,G08,2.3
TX0006547,ST08,2026-07-22 16:00:00,smart_card,exit,G05,3.09
TX0006548,ST05,2026-07-17 02:00:00,smart_card,entry,G05,2.84
TX0006549,ST03,2026-08-11 20:00:00,smart_card,exit,G10,4.2
TX0006550,ST02,2026-08-13 06:00:00,day_pass,entry,G11,2.02
TX0006551,ST06,2026-07-31 18:00:00,single_ticket,entry,G03,4.07
TX0006552,ST05,2026-07-25 22:00:00,smart_card,exit,G08,2.44
TX0006553,ST04,2026-07-14 02:00:00,single_ticket,entry,G08,4.43
TX0006554,ST04,2026-07-29 07:00:00,smart_card,entry,G12,3.57
TX0006555,ST03,2026-08-07 11:00:00,monthly_pass,exit,G07,4.28
TX0006556,ST02,2026-07-31 02:00:00,single_ticket,exit,G05,4.2
TX0006557,ST08,2026-08-20 16:00:00,smart_card,exit,G12,2.96
TX0006558,ST04,2026-08-17 17:00:00,smart_card,exit,G12,2.79
TX0006559,ST07,2026-07-18 10:00:00,smart_card,entry,G10,2.02
TX0006560,ST02,2026-08-16 03:00:00,smart_card,exit,G12,2.54
TX0006561,ST07,2026-07-30 02:00:00,smart_card,exit,G09,2.41
TX0006562,ST07,2026-07-22 09:00:00,smart_card,entry,G04,2.55
TX0006563,ST07,2026-07-17 22:00:00,single_ticket,exit,G10,2.03
TX0006564,ST02,2026-08-04 21:00:00,smart_card,exit,G12,2.13
TX0006565,ST07,2026-07-31 13:00:00,smart_card,entry,G12,3.93
TX0006566,ST08,2026-07-14 16:00:00,smart_card,entry,G10,3.88
TX0006567,ST06,2026-08-17 06:00:00,smart_card,entry,G04,4.08
TX0006568,ST03,2026-08-02 21:00:00,smart_card,exit,G10,2.04
TX0006569,ST10,2026-07-10 21:00:00,single_ticket,entry,G01,4.36
TX0006570,ST06,2026-08-15 20:00:00,smart_card,exit,G08,2.25
TX0006571,ST10,2026-08-04 01:00:00,smart_card,entry,G04,2.08
TX0006572,ST04,2026-07-17 19:00:00,monthly_pass,entry,G02,1.9
TX0006573,ST10,2026-07-03 00:00:00,smart_card,entry,G11,1.91
TX0006574,ST06,2026-07-07 01:00:00,smart_card,exit,G09,2.32
TX0006575,ST02,2026-07-24 06:00:00,smart_card,entry,G09,4.44
TX0006576,ST04,2026-07-30 08:00:00,smart_card,entry,G08,3.66
TX0006577,ST03,2026-08-05 14:00:00,single_ticket,exit,G02,3.1
TX0006578,ST08,2026-08-14 18:00:00,single_ticket,exit,G07,2.54
TX0006579,ST07,2026-07-20 04:00:00,smart_card,exit,G05,3.27
TX0006580,ST02,2026-07-22 09:00:00,smart_card,entry,G12,2.91
TX0006581,ST03,2026-06-22 11:00:00,smart_card,exit,G08,4.18
TX0006582,ST10,2026-08-10 17:00:00,smart_card,exit,G11,2.31
TX0006583,ST09,2026-07-15 22:00:00,monthly_pass,exit,G02,2.07
TX0006584,ST01,2026-07-13 17:00:00,smart_card,exit,G04,2.33
TX0006585,ST08,2026-08-08 17:00:00,monthly_pass,exit,G08,3.75
TX0006586,ST05,2026-07-29 05:00:00,smart_card,exit,G12,3.16
TX0006587,ST04,2026-08-17 07:00:00,single_ticket,entry,G01,3.67
TX0006588,ST01,2026-06-29 09:00:00,smart_card,entry,G02,2.98
TX0006589,ST01,2026-07-18 20:00:00,monthly_pass,entry,G09,2.72
TX0006590,ST09,2026-07-07 21:00:00,single_ticket,entry,G02,2.26
TX0006591,ST06,2026-08-19 00:00:00,single_ticket,exit,G04,3.92
TX0006592,ST09,2026-08-01 01:00:00,smart_card,exit,G08,2.56
TX0006593,ST10,2026-08-09 04:00:00,smart_card,exit,G06,1.62
TX0006594,ST04,2026-07-23 06:00:00,single_ticket,exit,G10,2.4
TX0006595,ST01,2026-08-08 20:00:00,smart_card,entry,G01,1.97
TX0006596,ST09,2026-08-19 00:00:00,single_ticket,exit,G08,3.18
TX0006597,ST10,2026-06-30 11:00:00,smart_card,exit,G08,3.0
TX0006598,ST09,2026-07-14 14:00:00,single_ticket,entry,G04,2.94
TX0006599,ST07,2026-07-30 12:00:00,smart_card,exit,G09,2.25
TX0006600,ST02,2026-07-08 13:00:00,single_ticket,entry,G06,1.81
TX0006601,ST07,2026-07-21 07:00:00,smart_card,entry,G11,1.86
TX0006602,ST07,2026-07-16 10:00:00,smart_card,exit,G10,2.57
TX0006603,ST03,2026-07-25 19:00:00,monthly_pass,entry,G09,3.38
TX0006604,ST05,2026-07-11 16:00:00,smart_card,exit,G07,1.55
TX0006605,ST04,2026-08-18 17:00:00,monthly_pass,exit,G09,1.52
TX0006606,ST08,2026-07-26 21:00:00,monthly_pass,exit,G02,1.89
TX0006607,ST10,2026-06-25 03:00:00,smart_card,exit,G06,3.02
TX0006608,ST04,2026-07-01 06:00:00,smart_card,entry,G05,2.5
TX0006609,ST03,2026-07-18 16:00:00,day_pass,entry,G01,2.83
TX0006610,ST07,2026-07-19 03:00:00,monthly_pass,entry,G10,2.42
TX0006611,ST01,2026-07-26 23:00:00,smart_card,exit,G08,3.56
TX0006612,ST02,2026-08-04 19:00:00,monthly_pass,entry,G04,2.41
TX0006613,ST10,2026-08-03 09:00:00,smart_card,entry,G01,2.12
TX0006614,ST07,2026-06-27 22:00:00,smart_card,exit,G12,3.79
TX0006615,ST07,2026-06-29 09:00:00,monthly_pass,exit,G08,4.4
TX0006616,ST06,2026-07-20 16:00:00,smart_card,exit,G10,3.18
TX0006617,ST09,2026-08-10 11:00:00,day_pass,exit,G01,1.67
TX0006618,ST07,2026-07-05 00:00:00,smart_card,exit,G11,3.9
TX0006619,ST04,2026-08-09 00:00:00,smart_card,entry,G01,2.79
TX0006620,ST07,2026-08-11 22:00:00,monthly_pass,exit,G11,3.58
TX0006621,ST01,2026-06-24 22:00:00,smart_card,entry,G07,3.25
TX0006622,ST07,2026-06-23 06:00:00,single_ticket,exit,G11,3.0
TX0006623,ST05,2026-08-18 09:00:00,monthly_pass,exit,G12,2.6
TX0006624,ST07,2026-08-09 00:00:00,day_pass,exit,G11,2.12
TX0006625,ST02,2026-07-16 13:00:00,monthly_pass,entry,G09,2.66
TX0006626,ST02,2026-07-10 05:00:00,monthly_pass,exit,G02,1.98
TX0006627,ST01,2026-07-06 23:00:00,smart_card,entry,G09,3.52
TX0006628,ST04,2026-08-04 13:00:00,single_ticket,exit,G07,1.76
TX0006629,ST02,2026-07-05 20:00:00,smart_card,exit,G10,3.65
TX0006630,ST09,2026-07-08 07:00:00,single_ticket,exit,G12,3.9
TX0006631,ST06,2026-07-28 15:00:00,single_ticket,exit,G06,3.34
TX0006632,ST05,2026-07-19 02:00:00,smart_card,entry,G04,3.97
TX0006633,ST04,2026-07-10 15:00:00,day_pass,exit,G09,2.53
TX0006634,ST01,2026-08-09 17:00:00,smart_card,exit,G03,3.0
TX0006635,ST09,2026-06-28 10:00:00,single_ticket,entry,G06,3.01
TX0006636,ST07,2026-08-01 14:00:00,smart_card,exit,G09,3.41
TX0006637,ST03,2026-07-13 16:00:00,smart_card,exit,G12,2.91
TX0006638,ST06,2026-07-15 01:00:00,single_ticket,exit,G09,1.68
TX0006639,ST05,2026-08-09 18:00:00,smart_card,entry,G09,3.04
TX0006640,ST04,2026-07-02 13:00:00,monthly_pass,entry,G07,1.58
TX0006641,ST03,2026-07-02 12:00:00,day_pass,entry,G04,2.81
TX0006642,ST05,2026-07-31 07:00:00,monthly_pass,entry,G11,1.6
TX0006643,ST01,2026-07-05 02:00:00,day_pass,exit,G05,2.94
TX0006644,ST09,2026-08-14 11:00:00,monthly_pass,entry,G03,2.61
TX0006645,ST09,2026-07-03 14:00:00,smart_card,exit,G08,3.03
TX0006646,ST10,2026-07-15 15:00:00,single_ticket,exit,G11,3.09
TX0006647,ST06,2026-08-02 22:00:00,smart_card,entry,G06,3.88
TX0006648,ST04,2026-06-23 15:00:00,smart_card,entry,G05,4.33
TX0006649,ST06,2026-08-09 12:00:00,monthly_pass,entry,G02,2.24
TX0006650,ST08,2026-08-10 03:00:00,single_ticket,entry,G10,4.24
TX0006651,ST06,2026-07-09 11:00:00,single_ticket,entry,G08,2.63
TX0006652,ST03,2026-07-21 16:00:00,single_ticket,exit,G03,1.99
TX0006653,ST10,2026-07-05 19:00:00,smart_card,entry,G08,3.31
TX0006654,ST02,2026-08-08 20:00:00,monthly_pass,entry,G05,2.68
TX0006655,ST05,2026-08-07 17:00:00,smart_card,exit,G01,2.46
TX0006656,ST02,2026-08-16 15:00:00,smart_card,entry,G08,3.37
TX0006657,ST04,2026-07-12 17:00:00,smart_card,exit,G05,3.59
TX0006658,ST09,2026-07-16 19:00:00,monthly_pass,entry,G03,2.84
TX0006659,ST08,2026-08-20 05:00:00,smart_card,entry,G09,2.33
TX0006660,ST04,2026-07-24 04:00:00,smart_card,exit,G03,3.86
TX0006661,ST01,2026-07-05 17:00:00,smart_card,entry,G03,3.44
TX0006662,ST04,2026-07-27 16:00:00,smart_card,entry,G03,3.39
TX0006663,ST04,2026-08-16 13:00:00,smart_card,exit,G11,4.26
TX0006664,ST03,2026-07-05 22:00:00,smart_card,entry,G06,4.49
TX0006665,ST07,2026-07-04 15:00:00,smart_card,entry,G07,1.64
TX0006666,ST03,2026-08-03 22:00:00,smart_card,exit,G10,2.26
TX0006667,ST09,2026-07-07 06:00:00,smart_card,entry,G05,3.93
TX0006668,ST01,2026-08-15 01:00:00,smart_card,entry,G04,1.8
TX0006669,ST06,2026-07-30 08:00:00,smart_card,entry,G12,1.58
TX0006670,ST10,2026-07-29 13:00:00,monthly_pass,exit,G08,2.49
TX0006671,ST06,2026-07-31 13:00:00,smart_card,exit,G08,3.86
TX0006672,ST06,2026-08-17 13:00:00,smart_card,exit,G04,2.73
TX0006673,ST02,2026-07-31 08:00:00,smart_card,exit,G12,2.14
TX0006674,ST07,2026-08-19 02:00:00,monthly_pass,exit,G04,2.01
TX0006675,ST08,2026-08-01 00:00:00,monthly_pass,entry,G12,3.15
TX0006676,ST03,2026-07-23 15:00:00,smart_card,entry,G08,2.55
TX0006677,ST03,2026-08-14 22:00:00,smart_card,entry,G06,3.39
TX0006678,ST06,2026-08-09 02:00:00,smart_card,entry,G09,3.88
TX0006679,ST05,2026-07-29 15:00:00,smart_card,exit,G05,1.51
TX0006680,ST09,2026-07-22 12:00:00,smart_card,exit,G10,2.47
TX0006681,ST10,2026-08-09 18:00:00,smart_card,exit,G11,3.14
TX0006682,ST03,2026-07-15 01:00:00,smart_card,exit,G02,3.53
TX0006683,ST04,2026-06-26 10:00:00,smart_card,exit,G01,2.41
TX0006684,ST01,2026-08-07 02:00:00,smart_card,entry,G01,2.92
TX0006685,ST06,2026-08-13 07:00:00,smart_card,entry,G06,1.82
TX0006686,ST07,2026-07-24 13:00:00,smart_card,entry,G08,1.79
TX0006687,ST10,2026-07-24 11:00:00,monthly_pass,entry,G08,4.08
TX0006688,ST03,2026-07-07 15:00:00,smart_card,entry,G04,3.12
TX0006689,ST04,2026-06-25 22:00:00,smart_card,exit,G10,2.89
TX0006690,ST03,2026-08-13 17:00:00,monthly_pass,exit,G02,2.81
TX0006691,ST03,2026-07-20 10:00:00,smart_card,exit,G09,4.36
TX0006692,ST01,2026-07-21 18:00:00,smart_card,entry,G06,2.77
TX0006693,ST01,2026-06-27 03:00:00,single_ticket,exit,G01,2.28
TX0006694,ST02,2026-07-16 11:00:00,smart_card,entry,G11,1.79
TX0006695,ST04,2026-07-03 19:00:00,smart_card,exit,G09,3.91
TX0006696,ST05,2026-08-02 11:00:00,day_pass,exit,G07,4.33
TX0006697,ST05,2026-07-07 15:00:00,single_ticket,entry,G08,4.29
TX0006698,ST05,2026-08-02 20:00:00,day_pass,exit,G04,2.01
TX0006699,ST09,2026-08-01 07:00:00,smart_card,entry,G01,3.43
TX0006700,ST06,2026-08-20 13:00:00,smart_card,entry,G05,3.1
TX0006701,ST10,2026-07-30 05:00:00,smart_card,exit,G04,2.72
TX0006702,ST09,2026-06-26 08:00:00,smart_card,exit,G09,3.94
TX0006703,ST07,2026-07-06 12:00:00,single_ticket,entry,G06,4.2
TX0006704,ST04,2026-07-30 00:00:00,single_ticket,entry,G12,1.91
TX0006705,ST10,2026-06-25 13:00:00,smart_card,entry,G08,1.52
TX0006706,ST05,2026-07-27 11:00:00,monthly_pass,exit,G09,2.09
TX0006707,ST04,2026-07-07 06:00:00,smart_card,exit,G09,3.93
TX0006708,ST06,2026-07-07 17:00:00,monthly_pass,entry,G04,4.25
TX0006709,ST04,2026-07-20 16:00:00,smart_card,exit,G07,3.54
TX0006710,ST09,2026-07-20 01:00:00,single_ticket,entry,G11,1.55
TX0006711,ST05,2026-08-10 15:00:00,single_ticket,entry,G12,3.24
TX0006712,ST08,2026-07-08 15:00:00,single_ticket,entry,G04,2.76
TX0006713,ST03,2026-08-19 06:00:00,day_pass,entry,G09,3.84
TX0006714,ST04,2026-08-20 08:00:00,single_ticket,entry,G01,3.76
TX0006715,ST09,2026-07-16 12:00:00,single_ticket,exit,G02,2.1
TX0006716,ST10,2026-07-01 20:00:00,monthly_pass,entry,G05,2.45
TX0006717,ST04,2026-08-09 03:00:00,smart_card,entry,G09,2.15
TX0006718,ST05,2026-06-24 13:00:00,smart_card,exit,G03,3.08
TX0006719,ST01,2026-08-09 11:00:00,single_ticket,exit,G03,1.75
TX0006720,ST06,2026-07-30 06:00:00,smart_card,entry,G09,3.28
TX0006721,ST06,2026-08-17 07:00:00,smart_card,exit,G03,2.94
TX0006722,ST01,2026-06-25 20:00:00,smart_card,entry,G01,3.18
TX0006723,ST05,2026-08-18 13:00:00,smart_card,entry,G08,4.02
TX0006724,ST03,2026-07-13 03:00:00,single_ticket,exit,G07,2.96
TX0006725,ST07,2026-07-29 18:00:00,single_ticket,entry,G07,3.86
TX0006726,ST07,2026-07-28 06:00:00,smart_card,entry,G07,4.31
TX0006727,ST01,2026-07-09 00:00:00,smart_card,exit,G12,1.77
TX0006728,ST10,2026-08-05 07:00:00,smart_card,entry,G12,1.73
TX0006729,ST03,2026-07-11 19:00:00,monthly_pass,exit,G07,2.05
TX0006730,ST09,2026-07-11 23:00:00,single_ticket,exit,G08,3.68
TX0006731,ST06,2026-08-06 20:00:00,smart_card,entry,G07,3.41
TX0006732,ST10,2026-07-03 02:00:00,smart_card,entry,G05,3.31
TX0006733,ST05,2026-07-17 23:00:00,monthly_pass,entry,G02,3.52
TX0006734,ST02,2026-07-25 14:00:00,single_ticket,entry,G08,2.87
TX0006735,ST08,2026-06-29 21:00:00,smart_card,exit,G11,2.37
TX0006736,ST05,2026-07-25 05:00:00,single_ticket,exit,G09,2.06
TX0006737,ST09,2026-08-09 00:00:00,smart_card,entry,G04,4.32
TX0006738,ST07,2026-07-26 02:00:00,monthly_pass,entry,G08,2.24
TX0006739,ST05,2026-07-15 03:00:00,monthly_pass,exit,G06,2.52
TX0006740,ST01,2026-08-04 00:00:00,smart_card,entry,G12,3.66
TX0006741,ST10,2026-08-03 13:00:00,single_ticket,entry,G07,3.75
TX0006742,ST03,2026-07-30 16:00:00,day_pass,entry,G06,3.08
TX0006743,ST04,2026-08-11 02:00:00,smart_card,entry,G12,3.05
TX0006744,ST02,2026-08-02 17:00:00,monthly_pass,exit,G03,4.4
TX0006745,ST04,2026-07-07 14:00:00,smart_card,entry,G04,2.89
TX0006746,ST07,2026-08-06 15:00:00,smart_card,exit,G03,4.2
TX0006747,ST04,2026-08-01 23:00:00,monthly_pass,exit,G09,4.46
TX0006748,ST01,2026-08-14 11:00:00,single_ticket,entry,G09,1.69
TX0006749,ST06,2026-07-20 23:00:00,smart_card,entry,G09,3.47
TX0006750,ST02,2026-07-17 07:00:00,smart_card,entry,G12,4.39
TX0006751,ST07,2026-07-19 13:00:00,single_ticket,exit,G01,2.83
TX0006752,ST05,2026-07-29 11:00:00,single_ticket,entry,G03,2.64
TX0006753,ST05,2026-07-05 07:00:00,smart_card,exit,G05,2.62
TX0006754,ST04,2026-07-27 02:00:00,single_ticket,entry,G03,3.79
TX0006755,ST01,2026-08-20 14:00:00,day_pass,entry,G01,3.51
TX0006756,ST04,2026-07-21 16:00:00,day_pass,exit,G03,2.82
TX0006757,ST04,2026-08-01 06:00:00,smart_card,exit,G02,3.25
TX0006758,ST07,2026-07-01 03:00:00,monthly_pass,exit,G12,3.3
TX0006759,ST02,2026-06-24 19:00:00,smart_card,exit,G01,2.38
TX0006760,ST10,2026-08-05 18:00:00,day_pass,exit,G03,1.52
TX0006761,ST09,2026-07-26 06:00:00,smart_card,entry,G04,1.51
TX0006762,ST09,2026-07-03 21:00:00,monthly_pass,exit,G09,2.85
TX0006763,ST08,2026-07-24 15:00:00,monthly_pass,exit,G09,3.56
TX0006764,ST09,2026-07-27 04:00:00,monthly_pass,exit,G11,4.27
TX0006765,ST05,2026-07-04 21:00:00,smart_card,exit,G02,4.02
TX0006766,ST01,2026-07-20 11:00:00,day_pass,exit,G11,2.54
TX0006767,ST06,2026-07-23 16:00:00,smart_card,entry,G05,3.12
TX0006768,ST05,2026-06-26 00:00:00,smart_card,entry,G10,2.85
TX0006769,ST07,2026-08-18 09:00:00,monthly_pass,exit,G07,2.12
TX0006770,ST04,2026-07-31 14:00:00,single_ticket,exit,G06,2.12
TX0006771,ST09,2026-07-29 07:00:00,single_ticket,exit,G03,4.03
TX0006772,ST07,2026-07-05 10:00:00,smart_card,entry,G01,1.87
TX0006773,ST04,2026-07-22 18:00:00,smart_card,exit,G04,1.71
TX0006774,ST04,2026-07-29 12:00:00,smart_card,exit,G03,2.33
TX0006775,ST02,2026-07-09 07:00:00,smart_card,exit,G07,2.97
TX0006776,ST05,2026-07-23 23:00:00,monthly_pass,entry,G09,1.64
TX0006777,ST01,2026-08-05 19:00:00,single_ticket,exit,G09,2.52
TX0006778,ST06,2026-06-28 17:00:00,smart_card,entry,G10,3.99
TX0006779,ST10,2026-08-16 20:00:00,smart_card,exit,G06,2.61
TX0006780,ST02,2026-08-04 13:00:00,smart_card,entry,G03,3.28
TX0006781,ST09,2026-07-11 02:00:00,smart_card,exit,G05,4.38
TX0006782,ST03,2026-07-13 13:00:00,day_pass,exit,G05,3.61
TX0006783,ST01,2026-08-07 00:00:00,smart_card,entry,G11,3.54
TX0006784,ST04,2026-08-09 17:00:00,smart_card,entry,G08,4.41
TX0006785,ST07,2026-06-26 17:00:00,smart_card,exit,G10,1.78
TX0006786,ST08,2026-08-06 06:00:00,single_ticket,entry,G04,4.31
TX0006787,ST01,2026-07-09 15:00:00,smart_card,exit,G04,1.96
TX0006788,ST07,2026-07-11 05:00:00,smart_card,exit,G11,1.61
TX0006789,ST05,2026-06-24 16:00:00,monthly_pass,exit,G09,2.9
TX0006790,ST06,2026-06-27 01:00:00,single_ticket,entry,G01,4.15
TX0006791,ST02,2026-07-13 08:00:00,smart_card,exit,G08,2.44
TX0006792,ST06,2026-07-28 01:00:00,monthly_pass,entry,G01,1.77
TX0006793,ST03,2026-07-11 05:00:00,smart_card,entry,G01,1.56
TX0006794,ST02,2026-07-28 00:00:00,day_pass,entry,G02,2.67
TX0006795,ST08,2026-08-03 20:00:00,smart_card,exit,G01,4.45
TX0006796,ST07,2026-06-29 04:00:00,smart_card,exit,G06,3.53
TX0006797,ST10,2026-08-07 22:00:00,smart_card,entry,G01,3.03
TX0006798,ST01,2026-06-30 21:00:00,smart_card,entry,G07,2.12
TX0006799,ST09,2026-08-19 13:00:00,smart_card,exit,G02,4.35
TX0006800,ST03,2026-07-25 15:00:00,smart_card,exit,G03,1.63
TX0006801,ST06,2026-08-10 09:00:00,smart_card,entry,G02,1.6
TX0006802,ST07,2026-08-14 14:00:00,smart_card,exit,G04,2.4
TX0006803,ST10,2026-08-04 06:00:00,smart_card,exit,G02,2.86
TX0006804,ST01,2026-07-14 05:00:00,smart_card,entry,G07,4.17
TX0006805,ST04,2026-08-03 06:00:00,single_ticket,exit,G05,3.64
TX0006806,ST01,2026-07-24 16:00:00,monthly_pass,exit,G11,2.69
TX0006807,ST01,2026-07-22 07:00:00,monthly_pass,entry,G09,3.45
TX0006808,ST05,2026-08-08 01:00:00,smart_card,exit,G05,3.67
TX0006809,ST08,2026-06-24 09:00:00,smart_card,exit,G06,2.06
TX0006810,ST02,2026-07-09 17:00:00,smart_card,entry,G01,2.52
TX0006811,ST09,2026-07-21 06:00:00,single_ticket,entry,G07,2.22
TX0006812,ST10,2026-07-25 21:00:00,smart_card,entry,G07,3.99
TX0006813,ST10,2026-07-04 08:00:00,monthly_pass,entry,G05,4.16
TX0006814,ST10,2026-06-26 17:00:00,monthly_pass,exit,G04,4.18
TX0006815,ST02,2026-07-15 05:00:00,smart_card,exit,G08,3.28
TX0006816,ST02,2026-07-29 09:00:00,smart_card,exit,G08,2.57
TX0006817,ST10,2026-07-31 09:00:00,smart_card,entry,G04,3.02
TX0006818,ST05,2026-07-16 08:00:00,single_ticket,exit,G10,4.14
TX0006819,ST07,2026-07-29 04:00:00,day_pass,entry,G04,3.54
TX0006820,ST06,2026-08-01 16:00:00,smart_card,entry,G06,4.0
TX0006821,ST05,2026-07-07 02:00:00,smart_card,exit,G12,1.76
TX0006822,ST03,2026-07-16 08:00:00,single_ticket,exit,G09,3.09
TX0006823,ST09,2026-07-20 08:00:00,smart_card,exit,G06,3.94
TX0006824,ST05,2026-07-25 20:00:00,single_ticket,exit,G07,3.09
TX0006825,ST09,2026-06-26 03:00:00,smart_card,entry,G06,2.42
TX0006826,ST06,2026-07-31 14:00:00,smart_card,entry,G03,2.56
TX0006827,ST08,2026-08-12 17:00:00,smart_card,entry,G01,1.7
TX0006828,ST09,2026-08-16 21:00:00,day_pass,exit,G10,4.14
TX0006829,ST04,2026-08-10 01:00:00,smart_card,entry,G12,3.59
TX0006830,ST07,2026-08-04 23:00:00,smart_card,entry,G11,4.21
TX0006831,ST04,2026-06-30 11:00:00,smart_card,exit,G05,1.99
TX0006832,ST07,2026-08-04 15:00:00,monthly_pass,exit,G05,2.2
TX0006833,ST04,2026-07-26 07:00:00,smart_card,exit,G09,3.13
TX0006834,ST05,2026-08-02 16:00:00,monthly_pass,exit,G05,1.78
TX0006835,ST06,2026-07-12 01:00:00,monthly_pass,entry,G09,3.37
TX0006836,ST09,2026-07-12 07:00:00,smart_card,exit,G06,2.47
TX0006837,ST01,2026-07-02 22:00:00,monthly_pass,exit,G11,2.01
TX0006838,ST08,2026-07-28 20:00:00,smart_card,entry,G11,2.52
TX0006839,ST08,2026-07-25 09:00:00,single_ticket,exit,G11,4.33
TX0006840,ST09,2026-07-29 09:00:00,smart_card,exit,G10,3.33
TX0006841,ST08,2026-08-20 11:00:00,single_ticket,exit,G02,3.36
TX0006842,ST07,2026-07-16 09:00:00,single_ticket,entry,G10,3.78
TX0006843,ST09,2026-08-11 03:00:00,smart_card,exit,G02,3.99
TX0006844,ST03,2026-07-23 06:00:00,smart_card,exit,G09,3.24
TX0006845,ST01,2026-07-21 11:00:00,smart_card,entry,G11,2.86
TX0006846,ST03,2026-07-05 02:00:00,smart_card,entry,G11,1.79
TX0006847,ST01,2026-07-13 04:00:00,single_ticket,entry,G04,3.82
TX0006848,ST07,2026-07-12 13:00:00,single_ticket,exit,G09,2.23
TX0006849,ST09,2026-08-10 14:00:00,smart_card,exit,G11,1.98
TX0006850,ST04,2026-08-07 22:00:00,smart_card,entry,G01,4.3
TX0006851,ST02,2026-08-07 17:00:00,monthly_pass,entry,G05,3.5
TX0006852,ST01,2026-07-27 13:00:00,smart_card,entry,G03,3.28
TX0006853,ST02,2026-07-25 21:00:00,single_ticket,entry,G05,3.57
TX0006854,ST04,2026-08-15 05:00:00,smart_card,entry,G11,2.56
TX0006855,ST01,2026-07-07 17:00:00,single_ticket,exit,G03,4.15
TX0006856,ST10,2026-07-06 12:00:00,day_pass,entry,G09,3.0
TX0006857,ST04,2026-08-02 18:00:00,smart_card,exit,G12,3.13
TX0006858,ST08,2026-06-27 19:00:00,smart_card,entry,G11,2.51
TX0006859,ST04,2026-08-09 20:00:00,smart_card,exit,G01,4.44
TX0006860,ST04,2026-08-02 04:00:00,smart_card,entry,G12,2.98
TX0006861,ST03,2026-08-10 01:00:00,single_ticket,exit,G07,1.61
TX0006862,ST03,2026-08-05 06:00:00,single_ticket,entry,G12,4.19
TX0006863,ST05,2026-07-12 17:00:00,single_ticket,entry,G09,2.75
TX0006864,ST10,2026-08-14 22:00:00,smart_card,exit,G10,3.26
TX0006865,ST10,2026-08-18 14:00:00,smart_card,exit,G06,2.3
TX0006866,ST09,2026-07-01 23:00:00,smart_card,entry,G02,1.6
TX0006867,ST08,2026-07-01 20:00:00,smart_card,exit,G04,1.78
TX0006868,ST03,2026-08-11 01:00:00,smart_card,entry,G07,2.36
TX0006869,ST01,2026-08-02 18:00:00,smart_card,entry,G02,4.0
TX0006870,ST04,2026-06-22 17:00:00,monthly_pass,entry,G01,4.47
TX0006871,ST06,2026-07-11 15:00:00,smart_card,exit,G03,1.83
TX0006872,ST01,2026-08-10 05:00:00,smart_card,exit,G10,3.43
TX0006873,ST10,2026-08-02 15:00:00,smart_card,entry,G12,4.31
TX0006874,ST01,2026-07-15 04:00:00,single_ticket,entry,G10,2.43
TX0006875,ST04,2026-07-13 21:00:00,day_pass,entry,G05,4.28
TX0006876,ST04,2026-06-24 09:00:00,single_ticket,entry,G07,2.9
TX0006877,ST03,2026-07-17 22:00:00,smart_card,exit,G01,2.54
TX0006878,ST06,2026-07-01 14:00:00,smart_card,exit,G07,3.95
TX0006879,ST10,2026-06-24 15:00:00,day_pass,entry,G05,1.81
TX0006880,ST10,2026-06-29 06:00:00,monthly_pass,entry,G05,2.96
TX0006881,ST06,2026-07-19 22:00:00,monthly_pass,entry,G08,2.11
TX0006882,ST09,2026-07-11 15:00:00,monthly_pass,entry,G06,2.88
TX0006883,ST09,2026-07-16 17:00:00,smart_card,exit,G08,3.08
TX0006884,ST04,2026-07-27 21:00:00,smart_card,exit,G11,3.37
TX0006885,ST05,2026-06-25 02:00:00,single_ticket,entry,G02,1.93
TX0006886,ST05,2026-07-04 19:00:00,single_ticket,exit,G11,3.91
TX0006887,ST06,2026-06-23 04:00:00,smart_card,exit,G04,4.26
TX0006888,ST07,2026-07-31 01:00:00,single_ticket,entry,G09,4.16
TX0006889,ST05,2026-08-03 12:00:00,monthly_pass,entry,G09,3.22
TX0006890,ST03,2026-07-21 17:00:00,smart_card,exit,G12,3.52
TX0006891,ST08,2026-07-31 17:00:00,smart_card,exit,G12,4.22
TX0006892,ST07,2026-08-12 08:00:00,smart_card,exit,G03,1.82
TX0006893,ST01,2026-07-21 02:00:00,smart_card,entry,G07,3.62
TX0006894,ST02,2026-08-06 18:00:00,day_pass,exit,G11,3.21
TX0006895,ST04,2026-07-21 00:00:00,single_ticket,entry,G02,3.65
TX0006896,ST03,2026-07-15 16:00:00,smart_card,exit,G08,2.09
TX0006897,ST01,2026-08-02 03:00:00,monthly_pass,entry,G11,2.39
TX0006898,ST06,2026-06-30 15:00:00,smart_card,entry,G06,4.25
TX0006899,ST05,2026-06-29 20:00:00,single_ticket,entry,G06,1.78
TX0006900,ST10,2026-07-17 09:00:00,single_ticket,entry,G05,4.28
TX0006901,ST03,2026-08-17 03:00:00,monthly_pass,exit,G09,3.66
TX0006902,ST01,2026-06-26 00:00:00,smart_card,entry,G02,2.27
TX0006903,ST04,2026-08-16 17:00:00,single_ticket,entry,G03,3.58
TX0006904,ST02,2026-07-26 15:00:00,single_ticket,exit,G02,4.2
TX0006905,ST08,2026-07-01 19:00:00,monthly_pass,exit,G11,2.1
TX0006906,ST10,2026-07-14 00:00:00,day_pass,exit,G10,3.57
TX0006907,ST07,2026-08-04 13:00:00,monthly_pass,entry,G04,4.38
TX0006908,ST07,2026-07-15 05:00:00,smart_card,exit,G08,2.26
TX0006909,ST01,2026-07-03 02:00:00,smart_card,entry,G09,4.25
TX0006910,ST10,2026-07-08 23:00:00,smart_card,entry,G03,1.89
TX0006911,ST03,2026-07-11 06:00:00,smart_card,entry,G05,3.68
TX0006912,ST04,2026-08-10 06:00:00,day_pass,exit,G05,1.64
TX0006913,ST07,2026-07-24 03:00:00,smart_card,exit,G05,3.09
TX0006914,ST03,2026-08-08 13:00:00,smart_card,entry,G08,1.66
TX0006915,ST03,2026-07-23 07:00:00,single_ticket,exit,G03,4.43
TX0006916,ST07,2026-06-29 10:00:00,smart_card,entry,G03,4.02
TX0006917,ST01,2026-07-10 18:00:00,smart_card,entry,G11,4.09
TX0006918,ST05,2026-08-02 13:00:00,single_ticket,entry,G03,4.28
TX0006919,ST04,2026-07-25 04:00:00,day_pass,entry,G06,3.66
TX0006920,ST05,2026-06-30 18:00:00,smart_card,exit,G09,2.37
TX0006921,ST03,2026-07-20 08:00:00,single_ticket,exit,G05,4.5
TX0006922,ST02,2026-07-23 15:00:00,smart_card,exit,G06,2.55
TX0006923,ST06,2026-07-05 08:00:00,smart_card,entry,G02,4.11
TX0006924,ST10,2026-08-19 23:00:00,smart_card,entry,G06,3.75
TX0006925,ST03,2026-07-12 12:00:00,smart_card,entry,G02,3.41
TX0006926,ST07,2026-07-30 18:00:00,day_pass,entry,G02,3.52
TX0006927,ST02,2026-08-20 16:00:00,single_ticket,entry,G05,1.5
TX0006928,ST02,2026-08-06 11:00:00,smart_card,entry,G08,3.22
TX0006929,ST07,2026-07-30 21:00:00,smart_card,entry,G01,1.78
TX0006930,ST06,2026-08-17 20:00:00,smart_card,exit,G02,4.5
TX0006931,ST06,2026-07-15 10:00:00,monthly_pass,exit,G08,2.13
TX0006932,ST07,2026-08-10 13:00:00,day_pass,entry,G08,4.05
TX0006933,ST01,2026-08-09 21:00:00,day_pass,entry,G03,3.87
TX0006934,ST03,2026-08-13 21:00:00,smart_card,exit,G01,3.51
TX0006935,ST04,2026-07-26 18:00:00,day_pass,entry,G09,3.23
TX0006936,ST01,2026-06-25 17:00:00,single_ticket,exit,G12,2.78
TX0006937,ST03,2026-07-03 10:00:00,smart_card,exit,G08,3.79
TX0006938,ST09,2026-07-17 15:00:00,smart_card,exit,G03,2.67
TX0006939,ST01,2026-07-28 21:00:00,smart_card,entry,G06,3.76
TX0006940,ST05,2026-08-02 08:00:00,smart_card,entry,G11,2.05
TX0006941,ST07,2026-07-03 17:00:00,smart_card,exit,G03,3.96
TX0006942,ST05,2026-07-24 12:00:00,smart_card,exit,G01,3.81
TX0006943,ST06,2026-07-20 07:00:00,single_ticket,exit,G10,3.79
TX0006944,ST07,2026-06-24 21:00:00,smart_card,entry,G08,2.73
TX0006945,ST02,2026-06-23 08:00:00,smart_card,entry,G12,3.61
TX0006946,ST08,2026-07-10 08:00:00,single_ticket,entry,G06,3.03
TX0006947,ST04,2026-08-16 06:00:00,smart_card,exit,G09,2.31
TX0006948,ST05,2026-07-24 14:00:00,smart_card,entry,G06,2.91
TX0006949,ST08,2026-07-31 08:00:00,monthly_pass,entry,G09,2.7
TX0006950,ST01,2026-07-11 01:00:00,smart_card,exit,G09,1.99
TX0006951,ST04,2026-06-22 11:00:00,smart_card,exit,G03,1.55
TX0006952,ST03,2026-08-09 17:00:00,smart_card,exit,G11,3.46
TX0006953,ST08,2026-08-05 00:00:00,smart_card,exit,G05,3.72
TX0006954,ST03,2026-08-13 14:00:00,smart_card,exit,G06,2.43
TX0006955,ST03,2026-06-28 20:00:00,monthly_pass,entry,G01,4.49
TX0006956,ST07,2026-06-26 10:00:00,monthly_pass,exit,G04,2.16
TX0006957,ST09,2026-08-12 08:00:00,smart_card,entry,G01,3.33
TX0006958,ST07,2026-07-07 06:00:00,smart_card,exit,G12,3.95
TX0006959,ST05,2026-06-24 22:00:00,smart_card,exit,G06,3.66
TX0006960,ST09,2026-07-06 06:00:00,single_ticket,exit,G02,2.69
TX0006961,ST01,2026-07-16 08:00:00,monthly_pass,entry,G04,4.07
TX0006962,ST04,2026-07-30 09:00:00,smart_card,exit,G08,3.73
TX0006963,ST05,2026-07-26 00:00:00,monthly_pass,exit,G08,2.27
TX0006964,ST08,2026-06-22 14:00:00,smart_card,exit,G08,3.71
TX0006965,ST08,2026-07-13 00:00:00,single_ticket,exit,G12,2.49
TX0006966,ST06,2026-06-29 14:00:00,smart_card,entry,G12,2.29
TX0006967,ST08,2026-07-13 22:00:00,single_ticket,entry,G06,2.64
TX0006968,ST04,2026-08-14 00:00:00,single_ticket,entry,G09,2.7
TX0006969,ST08,2026-08-13 04:00:00,single_ticket,entry,G02,1.54
TX0006970,ST02,2026-08-04 00:00:00,day_pass,entry,G01,2.29
TX0006971,ST03,2026-08-14 10:00:00,smart_card,entry,G03,3.55
TX0006972,ST05,2026-07-16 18:00:00,smart_card,entry,G05,2.62
TX0006973,ST07,2026-06-29 14:00:00,single_ticket,entry,G06,3.4
TX0006974,ST01,2026-07-09 10:00:00,single_ticket,entry,G12,3.46
TX0006975,ST01,2026-07-08 23:00:00,monthly_pass,entry,G06,4.44
TX0006976,ST04,2026-06-26 17:00:00,day_pass,entry,G06,2.78
TX0006977,ST02,2026-07-19 01:00:00,smart_card,exit,G07,3.28
TX0006978,ST03,2026-06-29 14:00:00,smart_card,entry,G02,3.65
TX0006979,ST08,2026-07-20 23:00:00,single_ticket,entry,G11,3.53
TX0006980,ST01,2026-06-29 01:00:00,smart_card,entry,G04,3.09
TX0006981,ST06,2026-08-09 07:00:00,smart_card,entry,G11,3.88
TX0006982,ST09,2026-06-24 10:00:00,smart_card,exit,G09,3.46
TX0006983,ST09,2026-08-16 20:00:00,smart_card,entry,G08,3.51
TX0006984,ST03,2026-08-20 11:00:00,day_pass,entry,G11,2.36
TX0006985,ST07,2026-07-22 01:00:00,smart_card,exit,G02,3.88
TX0006986,ST08,2026-07-20 04:00:00,monthly_pass,entry,G09,3.19
TX0006987,ST03,2026-07-10 10:00:00,monthly_pass,exit,G03,4.03
TX0006988,ST09,2026-06-23 02:00:00,day_pass,exit,G12,1.97
TX0006989,ST03,2026-08-05 03:00:00,day_pass,exit,G04,2.67
TX0006990,ST05,2026-08-06 16:00:00,smart_card,entry,G05,3.6
TX0006991,ST02,2026-07-09 04:00:00,smart_card,exit,G09,4.22
TX0006992,ST08,2026-08-14 12:00:00,single_ticket,exit,G05,4.1
TX0006993,ST01,2026-08-16 19:00:00,smart_card,exit,G11,3.33
TX0006994,ST08,2026-08-02 00:00:00,smart_card,exit,G05,3.71
TX0006995,ST09,2026-08-10 10:00:00,monthly_pass,exit,G08,2.73
TX0006996,ST07,2026-08-13 14:00:00,single_ticket,exit,G03,2.02
TX0006997,ST09,2026-08-05 03:00:00,smart_card,entry,G11,2.96
TX0006998,ST01,2026-07-23 14:00:00,single_ticket,entry,G01,4.36
TX0006999,ST03,2026-06-29 21:00:00,day_pass,exit,G03,2.62
TX0007000,ST09,2026-08-01 10:00:00,monthly_pass,entry,G10,3.09
TX0007001,ST05,2026-08-12 18:00:00,single_ticket,exit,G09,4.33
TX0007002,ST01,2026-07-21 15:00:00,smart_card,exit,G03,1.8
TX0007003,ST03,2026-07-17 16:00:00,day_pass,entry,G04,1.66
TX0007004,ST04,2026-07-02 18:00:00,single_ticket,entry,G04,3.36
TX0007005,ST08,2026-08-06 14:00:00,smart_card,exit,G08,2.54
TX0007006,ST04,2026-08-13 17:00:00,day_pass,exit,G05,3.49
TX0007007,ST05,2026-08-13 16:00:00,smart_card,exit,G01,2.69
TX0007008,ST05,2026-08-06 05:00:00,monthly_pass,entry,G05,3.03
TX0007009,ST03,2026-07-03 12:00:00,monthly_pass,entry,G08,4.4
TX0007010,ST10,2026-07-27 05:00:00,smart_card,entry,G05,2.9
TX0007011,ST05,2026-07-24 00:00:00,smart_card,entry,G11,3.53
TX0007012,ST10,2026-07-13 19:00:00,smart_card,entry,G08,4.49
TX0007013,ST03,2026-07-30 12:00:00,smart_card,exit,G04,2.69
TX0007014,ST03,2026-08-08 19:00:00,smart_card,entry,G08,1.53
TX0007015,ST10,2026-07-26 04:00:00,smart_card,entry,G11,3.61
TX0007016,ST01,2026-08-05 23:00:00,smart_card,entry,G12,3.43
TX0007017,ST07,2026-08-02 10:00:00,day_pass,exit,G01,2.56
TX0007018,ST07,2026-08-17 04:00:00,smart_card,entry,G04,3.69
TX0007019,ST03,2026-07-15 11:00:00,smart_card,entry,G08,3.79
TX0007020,ST07,2026-06-27 19:00:00,smart_card,exit,G01,2.19
TX0007021,ST09,2026-08-17 21:00:00,smart_card,exit,G06,2.08
TX0007022,ST07,2026-07-31 02:00:00,smart_card,entry,G08,3.54
TX0007023,ST02,2026-08-02 10:00:00,monthly_pass,exit,G01,2.78
TX0007024,ST01,2026-07-02 11:00:00,smart_card,exit,G02,1.88
TX0007025,ST03,2026-07-31 04:00:00,monthly_pass,entry,G08,1.84
TX0007026,ST06,2026-07-22 11:00:00,smart_card,exit,G06,1.52
TX0007027,ST03,2026-07-23 13:00:00,smart_card,exit,G02,1.74
TX0007028,ST09,2026-07-07 08:00:00,day_pass,entry,G01,3.52
TX0007029,ST02,2026-07-26 11:00:00,smart_card,entry,G06,4.31
TX0007030,ST02,2026-07-25 19:00:00,smart_card,exit,G12,3.89
TX0007031,ST01,2026-07-27 00:00:00,smart_card,exit,G03,2.94
TX0007032,ST04,2026-07-23 05:00:00,monthly_pass,exit,G06,3.58
TX0007033,ST05,2026-07-10 15:00:00,smart_card,exit,G02,3.27
TX0007034,ST01,2026-07-10 05:00:00,smart_card,exit,G05,2.2
TX0007035,ST09,2026-06-25 08:00:00,monthly_pass,exit,G02,2.7
TX0007036,ST01,2026-08-10 02:00:00,single_ticket,entry,G03,2.93
TX0007037,ST08,2026-08-14 13:00:00,day_pass,exit,G08,2.32
TX0007038,ST05,2026-07-20 10:00:00,smart_card,entry,G06,4.32
TX0007039,ST08,2026-08-21 00:00:00,single_ticket,exit,G03,2.33
TX0007040,ST04,2026-07-06 05:00:00,single_ticket,entry,G02,3.58
TX0007041,ST04,2026-08-01 14:00:00,smart_card,entry,G04,2.48
TX0007042,ST03,2026-07-28 18:00:00,single_ticket,exit,G10,2.94
TX0007043,ST07,2026-08-04 01:00:00,monthly_pass,entry,G03,3.62
TX0007044,ST08,2026-07-08 13:00:00,smart_card,entry,G04,3.78
TX0007045,ST01,2026-07-02 15:00:00,smart_card,entry,G02,2.2
TX0007046,ST07,2026-06-29 16:00:00,smart_card,entry,G08,3.14
TX0007047,ST10,2026-08-08 08:00:00,single_ticket,entry,G01,3.42
TX0007048,ST06,2026-07-04 04:00:00,single_ticket,entry,G03,1.61
TX0007049,ST06,2026-06-29 09:00:00,smart_card,exit,G06,3.77
TX0007050,ST06,2026-07-28 22:00:00,smart_card,entry,G08,3.38
TX0007051,ST07,2026-07-06 21:00:00,smart_card,entry,G10,3.42
TX0007052,ST03,2026-07-14 04:00:00,smart_card,exit,G09,2.11
TX0007053,ST02,2026-08-14 22:00:00,single_ticket,entry,G01,2.98
TX0007054,ST10,2026-08-15 10:00:00,smart_card,entry,G08,3.21
TX0007055,ST06,2026-08-19 13:00:00,smart_card,entry,G03,2.54
TX0007056,ST01,2026-07-10 06:00:00,smart_card,entry,G08,3.55
TX0007057,ST06,2026-07-10 18:00:00,smart_card,exit,G11,1.62
TX0007058,ST10,2026-07-31 13:00:00,single_ticket,exit,G01,3.02
TX0007059,ST10,2026-06-27 21:00:00,single_ticket,entry,G11,1.68
TX0007060,ST08,2026-06-24 11:00:00,day_pass,exit,G12,2.81
TX0007061,ST10,2026-08-04 07:00:00,smart_card,exit,G12,4.18
TX0007062,ST08,2026-07-01 21:00:00,single_ticket,exit,G01,2.85
TX0007063,ST10,2026-06-30 09:00:00,smart_card,entry,G08,4.44
TX0007064,ST08,2026-07-19 18:00:00,smart_card,entry,G04,3.76
TX0007065,ST04,2026-08-15 18:00:00,single_ticket,exit,G01,4.34
TX0007066,ST03,2026-08-07 23:00:00,smart_card,exit,G01,4.13
TX0007067,ST04,2026-07-10 06:00:00,smart_card,entry,G02,4.07
TX0007068,ST01,2026-08-16 17:00:00,smart_card,exit,G05,2.49
TX0007069,ST07,2026-08-01 03:00:00,single_ticket,exit,G03,3.97
TX0007070,ST06,2026-07-26 07:00:00,smart_card,exit,G01,2.51
TX0007071,ST08,2026-07-08 07:00:00,day_pass,entry,G05,4.04
TX0007072,ST02,2026-06-22 08:00:00,smart_card,entry,G06,2.91
TX0007073,ST03,2026-07-25 14:00:00,smart_card,exit,G05,1.53
TX0007074,ST05,2026-08-21 02:00:00,smart_card,exit,G08,4.24
TX0007075,ST03,2026-08-20 19:00:00,day_pass,exit,G03,3.59
TX0007076,ST04,2026-07-16 08:00:00,single_ticket,entry,G04,3.56
TX0007077,ST08,2026-07-16 06:00:00,smart_card,exit,G03,4.13
TX0007078,ST03,2026-08-07 06:00:00,day_pass,entry,G03,4.38
TX0007079,ST09,2026-06-28 00:00:00,smart_card,entry,G12,3.8
TX0007080,ST09,2026-08-14 20:00:00,monthly_pass,entry,G08,3.21
TX0007081,ST08,2026-08-14 17:00:00,smart_card,entry,G02,2.04
TX0007082,ST07,2026-08-03 14:00:00,smart_card,entry,G03,3.65
TX0007083,ST02,2026-08-08 06:00:00,day_pass,exit,G01,3.0
TX0007084,ST08,2026-07-01 08:00:00,smart_card,entry,G11,3.08
TX0007085,ST03,2026-08-19 10:00:00,single_ticket,entry,G01,3.46
TX0007086,ST03,2026-07-24 23:00:00,smart_card,entry,G01,3.78
TX0007087,ST09,2026-06-29 06:00:00,smart_card,exit,G07,2.28
TX0007088,ST10,2026-08-15 14:00:00,smart_card,entry,G06,2.45
TX0007089,ST02,2026-08-03 03:00:00,smart_card,entry,G03,2.22
TX0007090,ST05,2026-08-05 10:00:00,smart_card,entry,G06,3.76
TX0007091,ST05,2026-08-20 01:00:00,smart_card,exit,G06,2.89
TX0007092,ST05,2026-07-23 21:00:00,single_ticket,exit,G02,3.29
TX0007093,ST05,2026-06-23 23:00:00,smart_card,entry,G06,3.1
TX0007094,ST03,2026-07-24 14:00:00,smart_card,entry,G10,4.04
TX0007095,ST09,2026-08-12 12:00:00,day_pass,exit,G11,3.25
TX0007096,ST09,2026-06-26 10:00:00,smart_card,exit,G08,4.44
TX0007097,ST03,2026-07-04 09:00:00,day_pass,entry,G02,3.29
TX0007098,ST01,2026-08-12 04:00:00,smart_card,entry,G10,3.01
TX0007099,ST06,2026-07-26 00:00:00,day_pass,exit,G04,1.69
TX0007100,ST03,2026-08-14 19:00:00,single_ticket,exit,G02,2.77
TX0007101,ST01,2026-07-14 21:00:00,smart_card,entry,G09,2.51
TX0007102,ST01,2026-08-11 09:00:00,smart_card,exit,G03,3.25
TX0007103,ST06,2026-07-10 01:00:00,smart_card,entry,G07,2.55
TX0007104,ST06,2026-08-14 06:00:00,smart_card,entry,G07,2.43
TX0007105,ST10,2026-06-28 20:00:00,smart_card,entry,G08,4.5
TX0007106,ST02,2026-08-11 02:00:00,single_ticket,exit,G05,2.46
TX0007107,ST10,2026-08-02 09:00:00,single_ticket,exit,G06,4.05
TX0007108,ST06,2026-07-09 20:00:00,smart_card,exit,G02,3.93
TX0007109,ST09,2026-07-11 10:00:00,single_ticket,entry,G10,2.47
TX0007110,ST09,2026-07-02 16:00:00,smart_card,entry,G09,2.64
TX0007111,ST05,2026-08-02 19:00:00,smart_card,exit,G02,3.72
TX0007112,ST09,2026-08-04 14:00:00,smart_card,exit,G10,2.66
TX0007113,ST01,2026-07-28 18:00:00,smart_card,exit,G12,1.62
TX0007114,ST09,2026-06-28 19:00:00,smart_card,entry,G10,3.01
TX0007115,ST01,2026-06-30 09:00:00,smart_card,entry,G03,3.09
TX0007116,ST10,2026-08-06 00:00:00,smart_card,entry,G09,2.5
TX0007117,ST03,2026-07-13 04:00:00,monthly_pass,exit,G03,1.66
TX0007118,ST04,2026-06-24 16:00:00,single_ticket,entry,G10,2.81
TX0007119,ST07,2026-08-14 20:00:00,monthly_pass,exit,G03,4.39
TX0007120,ST08,2026-07-01 17:00:00,smart_card,exit,G12,4.29
TX0007121,ST03,2026-06-27 02:00:00,monthly_pass,exit,G09,4.0
TX0007122,ST03,2026-08-04 01:00:00,smart_card,exit,G10,2.61
TX0007123,ST02,2026-08-08 08:00:00,smart_card,exit,G08,2.05
TX0007124,ST10,2026-07-01 07:00:00,smart_card,entry,G02,4.43
TX0007125,ST05,2026-07-22 21:00:00,smart_card,exit,G02,4.08
TX0007126,ST09,2026-07-30 03:00:00,smart_card,exit,G10,2.09
TX0007127,ST10,2026-07-14 18:00:00,single_ticket,exit,G11,2.78
TX0007128,ST10,2026-07-26 21:00:00,day_pass,entry,G05,3.31
TX0007129,ST04,2026-08-19 14:00:00,smart_card,entry,G12,3.33
TX0007130,ST05,2026-07-20 16:00:00,day_pass,entry,G04,3.44
TX0007131,ST04,2026-07-19 06:00:00,smart_card,exit,G06,4.35
TX0007132,ST05,2026-08-11 09:00:00,smart_card,exit,G06,1.96
TX0007133,ST05,2026-08-05 03:00:00,smart_card,exit,G01,4.18
TX0007134,ST05,2026-07-22 04:00:00,smart_card,entry,G04,2.33
TX0007135,ST04,2026-07-08 12:00:00,smart_card,entry,G07,3.15
TX0007136,ST03,2026-08-14 16:00:00,smart_card,exit,G01,3.16
TX0007137,ST05,2026-08-19 16:00:00,smart_card,entry,G07,3.59
TX0007138,ST06,2026-07-21 23:00:00,monthly_pass,exit,G07,2.55
TX0007139,ST08,2026-07-22 12:00:00,monthly_pass,exit,G03,1.85
TX0007140,ST02,2026-08-12 23:00:00,monthly_pass,entry,G07,4.04
TX0007141,ST06,2026-08-08 21:00:00,smart_card,entry,G01,2.04
TX0007142,ST02,2026-08-05 17:00:00,smart_card,exit,G08,2.22
TX0007143,ST10,2026-07-02 17:00:00,single_ticket,exit,G06,1.74
TX0007144,ST02,2026-06-25 03:00:00,single_ticket,exit,G05,3.03
TX0007145,ST03,2026-08-20 23:00:00,smart_card,exit,G11,3.32
TX0007146,ST07,2026-07-10 06:00:00,day_pass,exit,G11,3.06
TX0007147,ST06,2026-07-30 10:00:00,monthly_pass,exit,G03,1.75
TX0007148,ST04,2026-08-04 09:00:00,smart_card,exit,G07,4.01
TX0007149,ST05,2026-07-28 20:00:00,monthly_pass,entry,G05,1.69
TX0007150,ST05,2026-07-01 01:00:00,smart_card,exit,G11,4.45
TX0007151,ST01,2026-08-13 01:00:00,smart_card,entry,G11,2.62
TX0007152,ST09,2026-08-11 23:00:00,smart_card,exit,G10,3.21
TX0007153,ST06,2026-08-16 05:00:00,single_ticket,exit,G08,3.57
TX0007154,ST09,2026-08-10 09:00:00,smart_card,exit,G12,3.08
TX0007155,ST03,2026-08-12 22:00:00,smart_card,entry,G07,4.03
TX0007156,ST10,2026-08-10 10:00:00,smart_card,entry,G08,3.85
TX0007157,ST04,2026-07-20 08:00:00,smart_card,exit,G04,3.24
TX0007158,ST08,2026-07-06 16:00:00,single_ticket,entry,G09,1.55
TX0007159,ST06,2026-07-17 19:00:00,smart_card,exit,G12,3.42
TX0007160,ST02,2026-07-10 09:00:00,smart_card,exit,G07,3.87
TX0007161,ST06,2026-08-19 23:00:00,monthly_pass,entry,G09,3.94
TX0007162,ST04,2026-07-31 11:00:00,monthly_pass,entry,G04,3.13
TX0007163,ST01,2026-07-02 19:00:00,monthly_pass,entry,G02,2.53
TX0007164,ST06,2026-07-24 22:00:00,smart_card,entry,G05,2.58
TX0007165,ST04,2026-06-30 04:00:00,smart_card,exit,G01,2.6
TX0007166,ST07,2026-07-07 03:00:00,day_pass,entry,G12,3.58
TX0007167,ST04,2026-07-27 04:00:00,monthly_pass,entry,G08,3.6
TX0007168,ST09,2026-07-07 10:00:00,smart_card,entry,G09,3.28
TX0007169,ST05,2026-08-21 00:00:00,monthly_pass,entry,G04,3.8
TX0007170,ST01,2026-07-23 20:00:00,smart_card,exit,G08,2.94
TX0007171,ST04,2026-08-09 14:00:00,day_pass,entry,G02,3.1
TX0007172,ST01,2026-07-19 11:00:00,smart_card,entry,G12,4.1
TX0007173,ST04,2026-08-01 22:00:00,smart_card,exit,G09,3.0
TX0007174,ST08,2026-07-11 02:00:00,smart_card,exit,G04,2.4
TX0007175,ST05,2026-06-24 09:00:00,smart_card,exit,G11,2.76
TX0007176,ST04,2026-08-01 13:00:00,single_ticket,entry,G07,2.26
TX0007177,ST03,2026-06-22 17:00:00,single_ticket,entry,G06,2.17
TX0007178,ST03,2026-07-13 22:00:00,smart_card,entry,G07,3.33
TX0007179,ST04,2026-08-16 01:00:00,single_ticket,exit,G04,1.55
TX0007180,ST01,2026-08-20 09:00:00,smart_card,entry,G05,2.43
TX0007181,ST03,2026-06-29 01:00:00,smart_card,exit,G02,3.42
TX0007182,ST02,2026-08-19 03:00:00,smart_card,entry,G02,2.14
TX0007183,ST07,2026-08-07 01:00:00,smart_card,exit,G09,4.49
TX0007184,ST01,2026-07-05 21:00:00,smart_card,exit,G08,3.38
TX0007185,ST08,2026-07-19 04:00:00,monthly_pass,entry,G01,3.39
TX0007186,ST01,2026-07-02 18:00:00,monthly_pass,exit,G05,3.1
TX0007187,ST10,2026-06-23 07:00:00,smart_card,entry,G09,3.8
TX0007188,ST05,2026-07-08 20:00:00,smart_card,entry,G02,3.59
TX0007189,ST04,2026-08-03 00:00:00,day_pass,exit,G12,4.01
TX0007190,ST06,2026-08-08 04:00:00,smart_card,entry,G04,2.27
TX0007191,ST09,2026-07-14 08:00:00,smart_card,entry,G05,2.78
TX0007192,ST04,2026-06-24 14:00:00,monthly_pass,exit,G08,3.11
TX0007193,ST05,2026-07-03 03:00:00,monthly_pass,exit,G09,2.57
TX0007194,ST04,2026-07-24 09:00:00,monthly_pass,exit,G05,2.29
TX0007195,ST07,2026-07-02 18:00:00,smart_card,exit,G01,1.55
TX0007196,ST04,2026-08-05 06:00:00,smart_card,entry,G07,2.62
TX0007197,ST03,2026-06-28 00:00:00,day_pass,entry,G05,2.87
TX0007198,ST03,2026-06-28 10:00:00,smart_card,exit,G03,3.91
TX0007199,ST06,2026-07-26 01:00:00,day_pass,entry,G06,3.56
TX0007200,ST02,2026-08-11 01:00:00,smart_card,exit,G02,2.52
TX0007201,ST09,2026-08-08 08:00:00,monthly_pass,entry,G08,3.71
TX0007202,ST07,2026-07-13 17:00:00,smart_card,entry,G09,1.96
TX0007203,ST01,2026-08-08 08:00:00,smart_card,exit,G04,2.4
TX0007204,ST03,2026-06-27 23:00:00,monthly_pass,exit,G05,2.49
TX0007205,ST03,2026-06-24 22:00:00,single_ticket,entry,G08,1.58
TX0007206,ST03,2026-07-24 16:00:00,smart_card,exit,G11,4.11
TX0007207,ST08,2026-06-26 09:00:00,monthly_pass,exit,G09,2.78
TX0007208,ST07,2026-07-12 06:00:00,single_ticket,exit,G11,2.42
TX0007209,ST08,2026-08-13 22:00:00,single_ticket,exit,G02,3.73
TX0007210,ST10,2026-06-27 13:00:00,smart_card,entry,G04,3.1
TX0007211,ST02,2026-08-12 04:00:00,day_pass,exit,G11,4.15
TX0007212,ST10,2026-07-01 17:00:00,single_ticket,exit,G03,3.54
TX0007213,ST04,2026-08-05 07:00:00,single_ticket,exit,G09,4.18
TX0007214,ST06,2026-07-20 18:00:00,monthly_pass,exit,G01,3.66
TX0007215,ST01,2026-08-17 23:00:00,smart_card,exit,G12,3.84
TX0007216,ST05,2026-08-20 09:00:00,day_pass,exit,G04,2.79
TX0007217,ST06,2026-07-21 17:00:00,day_pass,exit,G10,1.81
TX0007218,ST04,2026-08-11 18:00:00,smart_card,entry,G10,2.95
TX0007219,ST03,2026-07-17 06:00:00,single_ticket,exit,G10,3.13
TX0007220,ST10,2026-07-30 07:00:00,day_pass,entry,G04,2.25
TX0007221,ST05,2026-07-12 20:00:00,smart_card,exit,G01,2.19
TX0007222,ST10,2026-07-16 04:00:00,smart_card,entry,G12,2.61
TX0007223,ST09,2026-08-10 00:00:00,smart_card,entry,G06,2.76
TX0007224,ST09,2026-07-20 18:00:00,smart_card,exit,G09,3.36
TX0007225,ST04,2026-07-25 05:00:00,smart_card,entry,G04,2.38
TX0007226,ST05,2026-06-29 17:00:00,single_ticket,exit,G12,1.71
TX0007227,ST06,2026-06-30 14:00:00,single_ticket,entry,G10,2.5
TX0007228,ST07,2026-07-05 18:00:00,smart_card,entry,G08,2.17
TX0007229,ST08,2026-08-10 04:00:00,smart_card,exit,G08,3.36
TX0007230,ST03,2026-06-22 05:00:00,single_ticket,entry,G01,2.63
TX0007231,ST05,2026-06-25 12:00:00,monthly_pass,exit,G07,3.25
TX0007232,ST03,2026-07-13 02:00:00,day_pass,entry,G04,2.58
TX0007233,ST09,2026-07-14 11:00:00,single_ticket,entry,G05,3.22
TX0007234,ST01,2026-08-15 11:00:00,smart_card,entry,G07,1.51
TX0007235,ST10,2026-07-20 14:00:00,monthly_pass,entry,G02,3.28
TX0007236,ST04,2026-07-18 18:00:00,monthly_pass,entry,G10,1.65
TX0007237,ST04,2026-07-13 17:00:00,monthly_pass,exit,G04,3.8
TX0007238,ST08,2026-06-28 17:00:00,single_ticket,entry,G06,4.23
TX0007239,ST06,2026-08-09 19:00:00,smart_card,exit,G08,3.09
TX0007240,ST08,2026-08-01 22:00:00,smart_card,entry,G02,1.57
TX0007241,ST04,2026-08-19 13:00:00,smart_card,exit,G04,2.42
TX0007242,ST08,2026-06-23 23:00:00,smart_card,entry,G03,1.82
TX0007243,ST07,2026-07-17 02:00:00,smart_card,exit,G02,1.71
TX0007244,ST01,2026-07-31 11:00:00,monthly_pass,entry,G09,3.42
TX0007245,ST09,2026-07-01 13:00:00,smart_card,exit,G01,3.5
TX0007246,ST03,2026-07-07 00:00:00,smart_card,entry,G02,3.37
TX0007247,ST03,2026-07-07 22:00:00,single_ticket,exit,G11,1.96
TX0007248,ST08,2026-07-25 23:00:00,smart_card,entry,G08,2.04
TX0007249,ST08,2026-07-22 07:00:00,smart_card,exit,G03,2.4
TX0007250,ST01,2026-06-29 13:00:00,single_ticket,entry,G10,2.73
TX0007251,ST01,2026-07-10 08:00:00,smart_card,exit,G12,2.19
TX0007252,ST07,2026-07-10 18:00:00,smart_card,exit,G05,4.17
TX0007253,ST05,2026-08-14 22:00:00,smart_card,exit,G01,1.58
TX0007254,ST01,2026-07-05 01:00:00,smart_card,entry,G07,2.95
TX0007255,ST02,2026-06-27 10:00:00,smart_card,exit,G06,4.35
TX0007256,ST03,2026-08-06 09:00:00,smart_card,entry,G03,4.46
TX0007257,ST05,2026-08-01 12:00:00,monthly_pass,exit,G06,2.47
TX0007258,ST02,2026-07-21 04:00:00,smart_card,exit,G05,3.39
TX0007259,ST07,2026-08-15 15:00:00,smart_card,exit,G05,3.91
TX0007260,ST09,2026-08-08 02:00:00,smart_card,exit,G04,2.18
TX0007261,ST10,2026-07-12 02:00:00,single_ticket,exit,G02,3.16
TX0007262,ST08,2026-07-26 12:00:00,smart_card,exit,G05,4.41
TX0007263,ST04,2026-07-19 14:00:00,single_ticket,entry,G11,4.18
TX0007264,ST07,2026-08-08 07:00:00,monthly_pass,entry,G11,4.16
TX0007265,ST09,2026-07-03 02:00:00,smart_card,exit,G12,3.32
TX0007266,ST01,2026-07-17 00:00:00,day_pass,exit,G04,3.37
TX0007267,ST06,2026-07-10 10:00:00,smart_card,exit,G10,2.2
TX0007268,ST05,2026-08-15 21:00:00,day_pass,entry,G01,3.93
TX0007269,ST05,2026-08-05 19:00:00,single_ticket,entry,G02,3.81
TX0007270,ST04,2026-07-04 22:00:00,single_ticket,entry,G10,2.79
TX0007271,ST07,2026-07-02 06:00:00,smart_card,exit,G04,4.07
TX0007272,ST04,2026-08-03 09:00:00,smart_card,exit,G11,2.23
TX0007273,ST10,2026-07-24 03:00:00,smart_card,entry,G04,4.04
TX0007274,ST04,2026-08-04 04:00:00,smart_card,exit,G08,3.38
TX0007275,ST09,2026-07-11 04:00:00,single_ticket,exit,G12,1.64
TX0007276,ST02,2026-08-10 12:00:00,smart_card,exit,G07,2.57
TX0007277,ST07,2026-07-17 12:00:00,smart_card,entry,G10,3.56
TX0007278,ST04,2026-07-02 17:00:00,smart_card,entry,G12,3.67
TX0007279,ST08,2026-07-26 18:00:00,day_pass,entry,G06,2.61
TX0007280,ST10,2026-07-01 12:00:00,smart_card,exit,G06,2.19
TX0007281,ST01,2026-07-01 20:00:00,single_ticket,exit,G07,2.02
TX0007282,ST01,2026-06-29 16:00:00,monthly_pass,exit,G09,4.43
TX0007283,ST06,2026-06-26 17:00:00,smart_card,entry,G10,2.68
TX0007284,ST01,2026-07-22 22:00:00,smart_card,exit,G03,2.71
TX0007285,ST10,2026-07-29 04:00:00,monthly_pass,exit,G01,2.0
TX0007286,ST06,2026-07-29 21:00:00,single_ticket,entry,G06,2.63
TX0007287,ST08,2026-07-11 03:00:00,smart_card,entry,G05,4.44
TX0007288,ST03,2026-08-02 06:00:00,smart_card,exit,G07,3.0
TX0007289,ST05,2026-06-26 14:00:00,smart_card,entry,G01,3.62
TX0007290,ST08,2026-07-08 10:00:00,day_pass,entry,G02,4.32
TX0007291,ST05,2026-07-04 14:00:00,smart_card,entry,G11,4.27
TX0007292,ST06,2026-08-12 07:00:00,day_pass,exit,G07,4.14
TX0007293,ST01,2026-06-26 18:00:00,smart_card,entry,G06,4.22
TX0007294,ST04,2026-08-18 22:00:00,smart_card,exit,G08,3.33
TX0007295,ST06,2026-07-30 07:00:00,smart_card,exit,G03,4.1
TX0007296,ST01,2026-08-16 06:00:00,smart_card,exit,G04,3.88
TX0007297,ST05,2026-06-29 12:00:00,monthly_pass,exit,G12,4.48
TX0007298,ST02,2026-07-15 08:00:00,smart_card,exit,G03,4.14
TX0007299,ST05,2026-07-22 20:00:00,single_ticket,exit,G11,3.11
TX0007300,ST01,2026-07-23 16:00:00,smart_card,entry,G02,1.51
TX0007301,ST06,2026-07-10 09:00:00,smart_card,entry,G07,4.48
TX0007302,ST10,2026-07-15 03:00:00,smart_card,exit,G10,3.1
TX0007303,ST06,2026-07-22 06:00:00,smart_card,entry,G12,4.33
TX0007304,ST01,2026-07-25 13:00:00,monthly_pass,entry,G03,2.77
TX0007305,ST08,2026-07-25 22:00:00,smart_card,entry,G03,3.45
TX0007306,ST02,2026-07-19 03:00:00,smart_card,entry,G05,4.14
TX0007307,ST04,2026-08-10 10:00:00,smart_card,entry,G10,1.97
TX0007308,ST05,2026-07-10 13:00:00,single_ticket,exit,G02,2.6
TX0007309,ST08,2026-06-25 08:00:00,smart_card,entry,G10,4.13
TX0007310,ST01,2026-06-25 02:00:00,monthly_pass,entry,G07,2.99
TX0007311,ST04,2026-08-04 20:00:00,single_ticket,exit,G08,3.48
TX0007312,ST07,2026-07-17 19:00:00,single_ticket,entry,G09,3.13
TX0007313,ST10,2026-07-05 03:00:00,smart_card,entry,G05,2.9
TX0007314,ST07,2026-08-12 16:00:00,smart_card,exit,G05,2.58
TX0007315,ST04,2026-08-17 23:00:00,day_pass,entry,G04,4.39
TX0007316,ST10,2026-08-16 18:00:00,smart_card,exit,G01,3.67
TX0007317,ST07,2026-08-07 14:00:00,single_ticket,exit,G08,4.36
TX0007318,ST04,2026-07-27 15:00:00,single_ticket,exit,G09,4.09
TX0007319,ST02,2026-07-02 05:00:00,monthly_pass,entry,G04,1.63
TX0007320,ST01,2026-07-07 22:00:00,smart_card,entry,G12,4.1
TX0007321,ST02,2026-06-23 10:00:00,day_pass,entry,G02,1.77
TX0007322,ST05,2026-06-30 14:00:00,smart_card,entry,G11,4.32
TX0007323,ST02,2026-08-09 16:00:00,single_ticket,entry,G11,3.06
TX0007324,ST03,2026-08-15 10:00:00,single_ticket,exit,G01,2.4
TX0007325,ST08,2026-07-01 01:00:00,smart_card,exit,G10,3.5
TX0007326,ST06,2026-08-14 17:00:00,smart_card,exit,G02,4.22
TX0007327,ST08,2026-08-06 21:00:00,smart_card,entry,G04,4.47
TX0007328,ST10,2026-07-19 22:00:00,smart_card,exit,G09,2.17
TX0007329,ST04,2026-06-29 22:00:00,smart_card,entry,G01,3.72
TX0007330,ST08,2026-08-03 11:00:00,smart_card,entry,G03,2.14
TX0007331,ST06,2026-07-30 22:00:00,smart_card,entry,G03,1.62
TX0007332,ST03,2026-08-17 11:00:00,smart_card,exit,G01,2.0
TX0007333,ST07,2026-06-23 14:00:00,smart_card,exit,G07,3.8
TX0007334,ST10,2026-06-26 07:00:00,single_ticket,exit,G08,1.87
TX0007335,ST03,2026-07-01 00:00:00,smart_card,entry,G09,3.69
TX0007336,ST02,2026-08-14 19:00:00,single_ticket,exit,G09,4.36
TX0007337,ST01,2026-07-12 02:00:00,monthly_pass,entry,G05,3.7
TX0007338,ST01,2026-08-16 14:00:00,monthly_pass,entry,G05,2.31
TX0007339,ST02,2026-07-27 08:00:00,smart_card,exit,G11,4.14
TX0007340,ST03,2026-07-27 17:00:00,smart_card,exit,G01,3.89
TX0007341,ST10,2026-07-31 03:00:00,smart_card,exit,G04,3.31
TX0007342,ST07,2026-07-19 11:00:00,smart_card,exit,G04,4.42
TX0007343,ST05,2026-06-26 22:00:00,smart_card,exit,G12,2.03
TX0007344,ST04,2026-08-12 18:00:00,smart_card,entry,G03,1.52
TX0007345,ST01,2026-07-23 12:00:00,monthly_pass,entry,G08,2.29
TX0007346,ST10,2026-07-16 22:00:00,smart_card,entry,G05,2.38
TX0007347,ST02,2026-07-28 01:00:00,smart_card,exit,G09,2.02
TX0007348,ST09,2026-07-17 04:00:00,smart_card,entry,G05,3.15
TX0007349,ST01,2026-07-28 14:00:00,smart_card,entry,G07,1.82
TX0007350,ST05,2026-07-28 01:00:00,smart_card,entry,G02,3.36
TX0007351,ST07,2026-08-15 02:00:00,smart_card,entry,G12,1.87
TX0007352,ST04,2026-07-25 20:00:00,single_ticket,exit,G02,2.69
TX0007353,ST07,2026-07-25 00:00:00,monthly_pass,entry,G02,2.89
TX0007354,ST09,2026-07-04 13:00:00,single_ticket,exit,G06,1.98
TX0007355,ST04,2026-07-02 09:00:00,day_pass,exit,G06,4.4
TX0007356,ST02,2026-06-26 14:00:00,single_ticket,entry,G06,1.79
TX0007357,ST01,2026-07-23 00:00:00,smart_card,entry,G04,2.1
TX0007358,ST09,2026-07-26 00:00:00,day_pass,exit,G03,2.65
TX0007359,ST02,2026-08-13 00:00:00,smart_card,exit,G04,3.95
TX0007360,ST08,2026-08-01 02:00:00,day_pass,exit,G06,3.14
TX0007361,ST08,2026-07-15 03:00:00,smart_card,entry,G10,2.57
TX0007362,ST04,2026-07-25 14:00:00,smart_card,entry,G02,2.92
TX0007363,ST05,2026-08-12 05:00:00,smart_card,entry,G07,4.06
TX0007364,ST05,2026-08-04 08:00:00,smart_card,exit,G05,2.82
TX0007365,ST07,2026-07-31 06:00:00,single_ticket,exit,G02,2.2
TX0007366,ST03,2026-07-18 19:00:00,day_pass,entry,G05,2.12
TX0007367,ST06,2026-07-01 05:00:00,monthly_pass,entry,G12,4.03
TX0007368,ST02,2026-07-30 07:00:00,day_pass,exit,G02,2.25
TX0007369,ST09,2026-07-25 06:00:00,day_pass,entry,G02,3.1
TX0007370,ST06,2026-07-26 08:00:00,day_pass,exit,G12,3.59
TX0007371,ST01,2026-07-24 10:00:00,single_ticket,exit,G09,1.96
TX0007372,ST10,2026-08-14 11:00:00,day_pass,exit,G05,1.56
TX0007373,ST09,2026-08-10 07:00:00,smart_card,exit,G09,4.47
TX0007374,ST04,2026-07-28 21:00:00,monthly_pass,entry,G08,3.94
TX0007375,ST08,2026-08-15 13:00:00,smart_card,exit,G10,4.34
TX0007376,ST01,2026-07-18 22:00:00,smart_card,entry,G05,3.2
TX0007377,ST09,2026-08-07 07:00:00,smart_card,entry,G08,2.17
TX0007378,ST06,2026-08-03 22:00:00,day_pass,entry,G03,3.07
TX0007379,ST08,2026-07-06 06:00:00,single_ticket,entry,G05,3.79
TX0007380,ST03,2026-07-05 16:00:00,smart_card,entry,G02,3.29
TX0007381,ST06,2026-06-25 21:00:00,smart_card,entry,G03,2.92
TX0007382,ST03,2026-08-20 18:00:00,day_pass,entry,G10,3.18
TX0007383,ST04,2026-07-29 01:00:00,single_ticket,entry,G07,2.17
TX0007384,ST05,2026-07-12 14:00:00,smart_card,entry,G02,2.66
TX0007385,ST01,2026-07-28 06:00:00,single_ticket,exit,G01,2.86
TX0007386,ST04,2026-08-11 01:00:00,single_ticket,exit,G12,3.78
TX0007387,ST07,2026-07-17 01:00:00,smart_card,entry,G07,3.1
TX0007388,ST10,2026-07-26 07:00:00,smart_card,exit,G05,2.85
TX0007389,ST10,2026-07-26 09:00:00,smart_card,entry,G03,4.36
TX0007390,ST05,2026-08-09 16:00:00,single_ticket,entry,G03,2.13
TX0007391,ST10,2026-08-14 13:00:00,monthly_pass,entry,G08,3.93
TX0007392,ST07,2026-08-16 09:00:00,monthly_pass,exit,G01,1.51
TX0007393,ST07,2026-07-09 00:00:00,single_ticket,entry,G05,2.68
TX0007394,ST07,2026-08-04 21:00:00,smart_card,exit,G10,2.08
TX0007395,ST01,2026-08-01 07:00:00,smart_card,entry,G10,2.94
TX0007396,ST08,2026-07-09 17:00:00,single_ticket,exit,G05,2.98
TX0007397,ST08,2026-07-16 21:00:00,smart_card,entry,G08,2.67
TX0007398,ST08,2026-07-14 09:00:00,single_ticket,exit,G09,1.66
TX0007399,ST10,2026-07-26 18:00:00,monthly_pass,entry,G06,2.19
TX0007400,ST07,2026-08-20 23:00:00,smart_card,entry,G09,2.28
TX0007401,ST06,2026-07-13 20:00:00,smart_card,entry,G08,2.89
TX0007402,ST03,2026-07-10 02:00:00,single_ticket,entry,G04,2.77
TX0007403,ST02,2026-07-22 11:00:00,smart_card,exit,G03,2.1
TX0007404,ST01,2026-07-07 08:00:00,smart_card,entry,G04,3.32
TX0007405,ST08,2026-07-31 01:00:00,single_ticket,exit,G12,2.91
TX0007406,ST03,2026-07-27 08:00:00,smart_card,entry,G02,2.16
TX0007407,ST02,2026-08-18 22:00:00,smart_card,exit,G01,1.73
TX0007408,ST04,2026-07-26 02:00:00,monthly_pass,exit,G09,1.87
TX0007409,ST03,2026-07-22 02:00:00,smart_card,entry,G05,1.71
TX0007410,ST04,2026-07-09 03:00:00,smart_card,entry,G10,1.63
TX0007411,ST01,2026-07-14 23:00:00,day_pass,entry,G01,1.79
TX0007412,ST03,2026-06-24 17:00:00,smart_card,entry,G10,2.52
TX0007413,ST01,2026-07-11 20:00:00,smart_card,exit,G08,3.1
TX0007414,ST02,2026-06-30 14:00:00,monthly_pass,entry,G01,2.92
TX0007415,ST09,2026-06-26 16:00:00,day_pass,entry,G05,4.2
TX0007416,ST03,2026-07-11 07:00:00,smart_card,entry,G01,4.22
TX0007417,ST06,2026-07-10 06:00:00,single_ticket,exit,G01,2.05
TX0007418,ST01,2026-08-10 01:00:00,smart_card,exit,G01,4.1
TX0007419,ST05,2026-08-12 04:00:00,monthly_pass,entry,G09,3.19
TX0007420,ST07,2026-07-08 10:00:00,single_ticket,entry,G06,3.71
TX0007421,ST04,2026-07-31 22:00:00,single_ticket,exit,G12,3.87
TX0007422,ST05,2026-07-30 05:00:00,smart_card,exit,G09,2.71
TX0007423,ST05,2026-07-05 18:00:00,smart_card,exit,G02,2.77
TX0007424,ST08,2026-06-26 18:00:00,smart_card,exit,G11,3.76
TX0007425,ST06,2026-07-06 10:00:00,single_ticket,entry,G03,3.97
TX0007426,ST09,2026-07-27 20:00:00,single_ticket,exit,G04,2.82
TX0007427,ST07,2026-06-29 02:00:00,smart_card,entry,G04,2.24
TX0007428,ST03,2026-07-12 09:00:00,smart_card,exit,G05,3.51
TX0007429,ST10,2026-06-24 01:00:00,smart_card,exit,G09,3.84
TX0007430,ST10,2026-06-24 20:00:00,smart_card,exit,G03,3.79
TX0007431,ST05,2026-08-01 09:00:00,monthly_pass,exit,G05,2.67
TX0007432,ST09,2026-07-25 13:00:00,day_pass,entry,G11,2.05
TX0007433,ST01,2026-08-19 23:00:00,single_ticket,exit,G10,3.0
TX0007434,ST07,2026-07-10 01:00:00,monthly_pass,entry,G04,2.35
TX0007435,ST07,2026-08-19 05:00:00,single_ticket,exit,G06,2.45
TX0007436,ST05,2026-07-29 23:00:00,smart_card,exit,G09,3.55
TX0007437,ST10,2026-08-19 06:00:00,single_ticket,entry,G01,2.47
TX0007438,ST08,2026-07-18 04:00:00,smart_card,exit,G10,3.91
TX0007439,ST02,2026-08-13 11:00:00,smart_card,exit,G03,2.68
TX0007440,ST01,2026-07-26 04:00:00,single_ticket,exit,G05,2.01
TX0007441,ST05,2026-07-23 01:00:00,smart_card,exit,G04,2.86
TX0007442,ST05,2026-08-02 23:00:00,day_pass,entry,G02,2.55
TX0007443,ST08,2026-07-03 08:00:00,smart_card,exit,G08,2.46
TX0007444,ST10,2026-07-13 11:00:00,smart_card,entry,G04,2.1
TX0007445,ST02,2026-07-21 00:00:00,smart_card,entry,G09,2.22
TX0007446,ST02,2026-07-07 02:00:00,smart_card,exit,G04,3.76
TX0007447,ST08,2026-06-27 20:00:00,smart_card,exit,G08,3.79
TX0007448,ST04,2026-07-02 20:00:00,smart_card,exit,G12,2.77
TX0007449,ST04,2026-07-28 11:00:00,smart_card,entry,G01,2.37
TX0007450,ST03,2026-07-02 07:00:00,smart_card,exit,G01,3.37
TX0007451,ST05,2026-06-26 02:00:00,smart_card,exit,G05,3.48
TX0007452,ST04,2026-08-04 18:00:00,smart_card,entry,G10,3.15
TX0007453,ST08,2026-08-11 22:00:00,day_pass,exit,G08,3.76
TX0007454,ST03,2026-08-19 08:00:00,day_pass,entry,G12,2.76
TX0007455,ST10,2026-07-07 17:00:00,smart_card,entry,G08,3.45
TX0007456,ST03,2026-06-30 22:00:00,single_ticket,entry,G11,3.04
TX0007457,ST07,2026-06-28 19:00:00,monthly_pass,entry,G07,2.46
TX0007458,ST09,2026-07-20 20:00:00,smart_card,exit,G03,1.89
TX0007459,ST10,2026-08-20 05:00:00,monthly_pass,entry,G06,2.07
TX0007460,ST07,2026-07-16 17:00:00,day_pass,exit,G08,2.97
TX0007461,ST04,2026-07-31 02:00:00,smart_card,entry,G01,2.1
TX0007462,ST01,2026-07-02 02:00:00,smart_card,exit,G05,4.39
TX0007463,ST02,2026-06-26 01:00:00,monthly_pass,entry,G07,2.58
TX0007464,ST10,2026-07-17 15:00:00,smart_card,entry,G06,1.97
TX0007465,ST08,2026-07-06 10:00:00,smart_card,entry,G04,4.3
TX0007466,ST03,2026-07-14 07:00:00,smart_card,exit,G06,4.02
TX0007467,ST02,2026-08-19 04:00:00,smart_card,exit,G05,2.25
TX0007468,ST10,2026-06-29 01:00:00,smart_card,entry,G09,3.5
TX0007469,ST02,2026-06-26 04:00:00,smart_card,exit,G08,3.67
TX0007470,ST03,2026-08-02 20:00:00,day_pass,exit,G12,2.98
TX0007471,ST06,2026-07-02 00:00:00,smart_card,exit,G06,3.26
TX0007472,ST04,2026-08-02 03:00:00,day_pass,exit,G08,4.03
TX0007473,ST09,2026-07-30 15:00:00,monthly_pass,exit,G06,2.97
TX0007474,ST08,2026-07-30 02:00:00,smart_card,exit,G09,2.87
TX0007475,ST09,2026-06-29 08:00:00,monthly_pass,entry,G05,3.72
TX0007476,ST01,2026-08-15 08:00:00,single_ticket,exit,G10,4.33
TX0007477,ST05,2026-08-02 00:00:00,smart_card,exit,G10,4.27
TX0007478,ST05,2026-07-13 14:00:00,smart_card,entry,G03,3.35
TX0007479,ST04,2026-08-10 08:00:00,smart_card,entry,G06,3.14
TX0007480,ST07,2026-07-01 17:00:00,monthly_pass,exit,G10,3.38
TX0007481,ST09,2026-07-05 04:00:00,smart_card,entry,G08,1.67
TX0007482,ST05,2026-08-10 03:00:00,single_ticket,entry,G08,4.17
TX0007483,ST06,2026-07-08 11:00:00,day_pass,entry,G02,1.61
TX0007484,ST08,2026-07-03 12:00:00,monthly_pass,entry,G11,1.72
TX0007485,ST09,2026-06-22 22:00:00,monthly_pass,exit,G08,1.62
TX0007486,ST02,2026-06-23 21:00:00,smart_card,exit,G01,3.69
TX0007487,ST02,2026-08-17 14:00:00,smart_card,entry,G01,2.34
TX0007488,ST02,2026-06-28 22:00:00,smart_card,exit,G03,2.73
TX0007489,ST10,2026-08-08 03:00:00,smart_card,entry,G10,2.24
TX0007490,ST04,2026-07-24 08:00:00,monthly_pass,entry,G09,4.27
TX0007491,ST05,2026-08-15 16:00:00,single_ticket,exit,G01,4.49
TX0007492,ST05,2026-08-04 17:00:00,monthly_pass,exit,G04,2.82
TX0007493,ST02,2026-07-29 06:00:00,smart_card,exit,G09,3.95
TX0007494,ST10,2026-06-29 19:00:00,smart_card,entry,G03,2.26
TX0007495,ST09,2026-06-29 18:00:00,smart_card,exit,G07,3.45
TX0007496,ST07,2026-07-02 08:00:00,smart_card,exit,G10,1.9
TX0007497,ST08,2026-07-04 02:00:00,day_pass,entry,G09,4.09
TX0007498,ST03,2026-07-24 18:00:00,single_ticket,exit,G12,2.79
TX0007499,ST07,2026-07-13 00:00:00,day_pass,entry,G03,3.67
TX0007500,ST10,2026-07-29 10:00:00,day_pass,entry,G07,3.42
TX0007501,ST01,2026-07-15 08:00:00,smart_card,entry,G07,3.84
TX0007502,ST04,2026-07-13 06:00:00,smart_card,exit,G06,2.63
TX0007503,ST01,2026-08-09 16:00:00,single_ticket,entry,G11,3.31
TX0007504,ST04,2026-08-17 21:00:00,smart_card,entry,G05,3.33
TX0007505,ST09,2026-07-02 18:00:00,smart_card,exit,G03,2.1
TX0007506,ST04,2026-07-08 16:00:00,smart_card,entry,G01,2.06
TX0007507,ST01,2026-07-08 18:00:00,monthly_pass,entry,G01,3.63
TX0007508,ST08,2026-08-07 05:00:00,day_pass,exit,G02,2.2
TX0007509,ST02,2026-08-05 15:00:00,smart_card,entry,G10,3.38
TX0007510,ST09,2026-08-09 08:00:00,single_ticket,exit,G07,4.38
TX0007511,ST03,2026-08-01 01:00:00,smart_card,entry,G09,2.31
TX0007512,ST08,2026-08-16 11:00:00,smart_card,exit,G03,4.13
TX0007513,ST07,2026-06-30 05:00:00,smart_card,exit,G02,3.08
TX0007514,ST03,2026-06-27 15:00:00,smart_card,entry,G10,3.26
TX0007515,ST10,2026-07-27 01:00:00,monthly_pass,entry,G05,2.3
TX0007516,ST01,2026-07-22 08:00:00,smart_card,entry,G10,4.28
TX0007517,ST01,2026-07-04 17:00:00,smart_card,entry,G06,3.63
TX0007518,ST09,2026-07-29 21:00:00,monthly_pass,entry,G02,3.63
TX0007519,ST08,2026-08-19 23:00:00,smart_card,entry,G01,4.07
TX0007520,ST06,2026-06-27 13:00:00,single_ticket,entry,G02,1.83
TX0007521,ST03,2026-08-20 03:00:00,smart_card,exit,G05,1.8
TX0007522,ST10,2026-08-11 20:00:00,smart_card,entry,G04,1.75
TX0007523,ST03,2026-08-15 14:00:00,smart_card,exit,G02,4.15
TX0007524,ST09,2026-08-20 19:00:00,day_pass,entry,G03,4.21
TX0007525,ST05,2026-08-10 23:00:00,smart_card,exit,G12,2.79
TX0007526,ST06,2026-07-14 03:00:00,smart_card,exit,G08,3.5
TX0007527,ST10,2026-08-11 04:00:00,smart_card,exit,G12,4.05
TX0007528,ST03,2026-07-03 03:00:00,day_pass,exit,G07,2.58
TX0007529,ST07,2026-07-30 05:00:00,single_ticket,exit,G07,2.29
TX0007530,ST09,2026-08-20 11:00:00,monthly_pass,exit,G06,4.4
TX0007531,ST08,2026-07-21 07:00:00,day_pass,entry,G06,2.08
TX0007532,ST03,2026-07-05 18:00:00,smart_card,entry,G04,3.0
TX0007533,ST04,2026-07-18 16:00:00,smart_card,exit,G12,3.27
TX0007534,ST04,2026-07-03 03:00:00,smart_card,entry,G01,2.63
TX0007535,ST10,2026-06-26 05:00:00,smart_card,entry,G09,2.98
TX0007536,ST06,2026-06-29 04:00:00,smart_card,entry,G11,3.92
TX0007537,ST10,2026-07-26 12:00:00,single_ticket,exit,G02,3.66
TX0007538,ST07,2026-06-27 23:00:00,smart_card,entry,G12,3.89
TX0007539,ST10,2026-08-08 19:00:00,monthly_pass,exit,G03,2.35
TX0007540,ST08,2026-08-12 12:00:00,smart_card,entry,G12,2.3
TX0007541,ST06,2026-07-01 22:00:00,single_ticket,exit,G08,2.25
TX0007542,ST09,2026-07-04 01:00:00,smart_card,exit,G06,3.11
TX0007543,ST01,2026-08-09 05:00:00,single_ticket,entry,G12,1.98
TX0007544,ST10,2026-07-29 05:00:00,monthly_pass,entry,G03,4.4
TX0007545,ST05,2026-08-11 10:00:00,smart_card,entry,G04,3.96
TX0007546,ST01,2026-08-11 17:00:00,smart_card,exit,G08,4.45
TX0007547,ST04,2026-06-29 20:00:00,single_ticket,exit,G02,2.23
TX0007548,ST05,2026-08-15 04:00:00,monthly_pass,entry,G02,3.44
TX0007549,ST10,2026-08-10 18:00:00,single_ticket,entry,G10,4.22
TX0007550,ST09,2026-07-04 19:00:00,smart_card,exit,G02,2.82
TX0007551,ST10,2026-08-03 11:00:00,single_ticket,exit,G03,2.95
TX0007552,ST05,2026-06-27 19:00:00,single_ticket,exit,G11,1.62
TX0007553,ST08,2026-07-09 00:00:00,smart_card,entry,G02,4.37
TX0007554,ST08,2026-07-02 23:00:00,single_ticket,exit,G08,3.73
TX0007555,ST04,2026-08-07 08:00:00,smart_card,exit,G09,4.4
TX0007556,ST07,2026-07-10 05:00:00,smart_card,exit,G02,2.17
TX0007557,ST08,2026-07-10 06:00:00,smart_card,entry,G07,3.82
TX0007558,ST01,2026-07-19 22:00:00,day_pass,exit,G05,2.13
TX0007559,ST10,2026-06-23 09:00:00,smart_card,exit,G06,1.96
TX0007560,ST06,2026-06-22 21:00:00,smart_card,entry,G04,4.25
TX0007561,ST05,2026-07-01 23:00:00,single_ticket,exit,G01,1.88
TX0007562,ST01,2026-07-18 23:00:00,smart_card,entry,G07,3.52
TX0007563,ST10,2026-07-07 02:00:00,smart_card,exit,G01,2.75
TX0007564,ST03,2026-07-29 04:00:00,monthly_pass,exit,G06,4.29
TX0007565,ST03,2026-08-19 05:00:00,single_ticket,entry,G05,3.05
TX0007566,ST09,2026-07-23 19:00:00,smart_card,exit,G08,3.42
TX0007567,ST05,2026-07-07 08:00:00,smart_card,exit,G08,3.79
TX0007568,ST06,2026-07-18 15:00:00,smart_card,entry,G10,2.55
TX0007569,ST01,2026-07-24 23:00:00,single_ticket,entry,G11,4.32
TX0007570,ST02,2026-08-20 06:00:00,smart_card,exit,G07,1.72
TX0007571,ST05,2026-07-06 21:00:00,smart_card,entry,G08,1.89
TX0007572,ST08,2026-07-28 23:00:00,monthly_pass,entry,G07,3.5
TX0007573,ST03,2026-07-05 15:00:00,single_ticket,exit,G06,2.8
TX0007574,ST08,2026-06-23 18:00:00,day_pass,entry,G08,2.53
TX0007575,ST10,2026-07-20 10:00:00,single_ticket,exit,G03,3.77
TX0007576,ST09,2026-08-20 07:00:00,monthly_pass,exit,G01,3.8
TX0007577,ST03,2026-08-15 16:00:00,smart_card,exit,G02,4.11
TX0007578,ST09,2026-08-11 14:00:00,smart_card,exit,G03,2.02
TX0007579,ST09,2026-07-10 00:00:00,smart_card,exit,G08,3.93
TX0007580,ST04,2026-07-13 05:00:00,smart_card,exit,G02,3.52
TX0007581,ST06,2026-07-17 06:00:00,monthly_pass,exit,G05,4.06
TX0007582,ST05,2026-07-05 00:00:00,single_ticket,exit,G02,3.29
TX0007583,ST03,2026-06-23 06:00:00,smart_card,entry,G02,4.15
TX0007584,ST04,2026-07-04 23:00:00,smart_card,entry,G08,3.83
TX0007585,ST06,2026-07-27 22:00:00,single_ticket,entry,G05,4.29
TX0007586,ST01,2026-08-02 17:00:00,smart_card,exit,G10,3.44
TX0007587,ST06,2026-07-17 04:00:00,day_pass,entry,G09,2.74
TX0007588,ST10,2026-08-01 21:00:00,monthly_pass,entry,G03,2.69
TX0007589,ST06,2026-06-24 03:00:00,day_pass,entry,G01,2.72
TX0007590,ST08,2026-06-30 22:00:00,smart_card,exit,G12,3.54
TX0007591,ST05,2026-07-19 05:00:00,single_ticket,entry,G02,2.51
TX0007592,ST05,2026-07-12 15:00:00,single_ticket,exit,G09,1.53
TX0007593,ST07,2026-06-27 06:00:00,day_pass,entry,G08,1.8
TX0007594,ST10,2026-07-24 00:00:00,smart_card,exit,G10,3.89
TX0007595,ST04,2026-08-11 08:00:00,single_ticket,exit,G07,4.27
TX0007596,ST07,2026-08-13 18:00:00,single_ticket,exit,G01,1.71
TX0007597,ST06,2026-07-04 22:00:00,smart_card,exit,G02,2.48
TX0007598,ST05,2026-07-13 16:00:00,smart_card,entry,G10,3.08
TX0007599,ST06,2026-08-03 20:00:00,smart_card,entry,G08,3.8
TX0007600,ST01,2026-06-28 17:00:00,day_pass,exit,G10,3.59
TX0007601,ST07,2026-07-27 09:00:00,smart_card,entry,G08,4.47
TX0007602,ST03,2026-06-30 18:00:00,smart_card,exit,G12,3.25
TX0007603,ST07,2026-08-18 20:00:00,smart_card,exit,G01,2.76
TX0007604,ST02,2026-06-26 21:00:00,smart_card,exit,G01,4.23
TX0007605,ST07,2026-07-19 10:00:00,single_ticket,exit,G09,2.39
TX0007606,ST09,2026-07-09 19:00:00,smart_card,exit,G01,2.13
TX0007607,ST07,2026-07-21 05:00:00,smart_card,exit,G02,2.31
TX0007608,ST03,2026-07-30 08:00:00,smart_card,exit,G09,2.43
TX0007609,ST01,2026-07-12 20:00:00,smart_card,entry,G10,2.94
TX0007610,ST09,2026-06-30 14:00:00,single_ticket,exit,G11,2.37
TX0007611,ST02,2026-07-28 22:00:00,monthly_pass,exit,G03,4.06
TX0007612,ST01,2026-07-30 05:00:00,smart_card,exit,G09,4.47
TX0007613,ST06,2026-07-17 01:00:00,smart_card,entry,G03,4.39
TX0007614,ST01,2026-06-28 12:00:00,smart_card,entry,G12,3.55
TX0007615,ST08,2026-08-08 06:00:00,smart_card,exit,G09,3.6
TX0007616,ST09,2026-07-12 05:00:00,smart_card,entry,G10,1.65
TX0007617,ST07,2026-08-20 08:00:00,monthly_pass,exit,G08,2.96
TX0007618,ST07,2026-08-11 09:00:00,smart_card,entry,G12,3.31
TX0007619,ST02,2026-07-04 15:00:00,smart_card,entry,G04,4.24
TX0007620,ST03,2026-06-27 06:00:00,monthly_pass,entry,G10,1.76
TX0007621,ST09,2026-08-13 18:00:00,single_ticket,entry,G12,3.04
TX0007622,ST08,2026-08-04 03:00:00,smart_card,entry,G03,2.8
TX0007623,ST07,2026-07-02 23:00:00,single_ticket,entry,G05,1.95
TX0007624,ST05,2026-08-11 06:00:00,single_ticket,entry,G09,4.38
TX0007625,ST10,2026-06-22 23:00:00,monthly_pass,entry,G05,4.26
TX0007626,ST09,2026-08-07 22:00:00,smart_card,entry,G09,1.94
TX0007627,ST08,2026-07-10 01:00:00,smart_card,exit,G03,2.24
TX0007628,ST03,2026-06-22 08:00:00,single_ticket,entry,G01,3.21
TX0007629,ST03,2026-07-27 05:00:00,monthly_pass,entry,G01,2.27
TX0007630,ST05,2026-08-18 04:00:00,single_ticket,exit,G03,3.54
TX0007631,ST10,2026-08-17 04:00:00,smart_card,entry,G10,3.9
TX0007632,ST09,2026-07-24 03:00:00,monthly_pass,exit,G09,2.76
TX0007633,ST09,2026-07-23 10:00:00,smart_card,entry,G05,4.37
TX0007634,ST04,2026-08-09 04:00:00,smart_card,entry,G09,1.95
TX0007635,ST03,2026-07-05 14:00:00,smart_card,exit,G06,2.11
TX0007636,ST07,2026-07-20 06:00:00,day_pass,entry,G03,3.67
TX0007637,ST02,2026-07-27 01:00:00,smart_card,entry,G10,3.11
TX0007638,ST04,2026-07-13 04:00:00,monthly_pass,entry,G01,3.37
TX0007639,ST05,2026-08-04 13:00:00,smart_card,entry,G02,3.12
TX0007640,ST04,2026-07-08 05:00:00,smart_card,entry,G04,4.11
TX0007641,ST09,2026-08-03 00:00:00,day_pass,entry,G08,2.64
TX0007642,ST04,2026-06-28 02:00:00,smart_card,entry,G05,1.68
TX0007643,ST06,2026-07-08 12:00:00,smart_card,entry,G05,3.55
TX0007644,ST01,2026-07-06 12:00:00,monthly_pass,entry,G07,3.03
TX0007645,ST06,2026-08-13 14:00:00,monthly_pass,entry,G11,3.34
TX0007646,ST03,2026-08-13 13:00:00,day_pass,entry,G04,2.21
TX0007647,ST08,2026-07-04 11:00:00,smart_card,exit,G05,3.87
TX0007648,ST03,2026-07-05 01:00:00,single_ticket,entry,G01,1.69
TX0007649,ST04,2026-06-30 15:00:00,single_ticket,exit,G12,2.09
TX0007650,ST02,2026-07-24 20:00:00,smart_card,exit,G11,1.52
TX0007651,ST03,2026-08-16 01:00:00,smart_card,entry,G05,3.57
TX0007652,ST02,2026-08-08 21:00:00,smart_card,entry,G11,3.8
TX0007653,ST10,2026-07-08 19:00:00,smart_card,entry,G01,3.12
TX0007654,ST05,2026-08-06 23:00:00,smart_card,exit,G01,2.04
TX0007655,ST07,2026-08-17 06:00:00,smart_card,entry,G07,1.64
TX0007656,ST04,2026-07-23 22:00:00,day_pass,exit,G07,2.38
TX0007657,ST09,2026-06-28 06:00:00,monthly_pass,entry,G02,2.66
TX0007658,ST07,2026-07-19 04:00:00,smart_card,entry,G07,2.92
TX0007659,ST07,2026-07-24 23:00:00,monthly_pass,exit,G02,3.79
TX0007660,ST07,2026-07-11 12:00:00,day_pass,exit,G06,4.33
TX0007661,ST06,2026-07-02 03:00:00,day_pass,exit,G06,3.91
TX0007662,ST10,2026-06-30 22:00:00,monthly_pass,entry,G03,2.55
TX0007663,ST06,2026-06-29 03:00:00,smart_card,entry,G04,1.56
TX0007664,ST09,2026-07-01 03:00:00,day_pass,entry,G07,4.42
TX0007665,ST06,2026-07-03 00:00:00,smart_card,entry,G07,3.54
TX0007666,ST04,2026-07-09 11:00:00,monthly_pass,exit,G12,2.46
TX0007667,ST09,2026-07-23 15:00:00,single_ticket,entry,G08,4.29
TX0007668,ST02,2026-06-23 06:00:00,single_ticket,exit,G10,1.77
TX0007669,ST04,2026-07-03 14:00:00,smart_card,entry,G11,2.53
TX0007670,ST02,2026-07-25 07:00:00,smart_card,exit,G05,3.0
TX0007671,ST03,2026-07-20 18:00:00,smart_card,exit,G04,2.34
TX0007672,ST03,2026-08-03 20:00:00,smart_card,exit,G08,1.84
TX0007673,ST05,2026-06-25 13:00:00,smart_card,exit,G07,1.87
TX0007674,ST01,2026-07-04 00:00:00,smart_card,entry,G08,3.49
TX0007675,ST10,2026-07-08 10:00:00,monthly_pass,entry,G10,4.4
TX0007676,ST06,2026-07-19 10:00:00,day_pass,exit,G08,4.46
TX0007677,ST09,2026-07-26 18:00:00,smart_card,entry,G07,2.92
TX0007678,ST05,2026-07-09 12:00:00,monthly_pass,entry,G10,3.8
TX0007679,ST07,2026-08-13 08:00:00,single_ticket,exit,G05,2.13
TX0007680,ST07,2026-08-10 23:00:00,monthly_pass,entry,G03,3.58
TX0007681,ST03,2026-08-14 04:00:00,single_ticket,exit,G02,2.87
TX0007682,ST06,2026-08-06 21:00:00,single_ticket,entry,G03,3.44
TX0007683,ST05,2026-06-29 15:00:00,smart_card,entry,G03,1.59
TX0007684,ST10,2026-08-01 09:00:00,day_pass,exit,G06,3.79
TX0007685,ST07,2026-06-22 14:00:00,day_pass,exit,G01,3.18
TX0007686,ST07,2026-08-19 16:00:00,smart_card,entry,G10,3.15
TX0007687,ST02,2026-07-20 14:00:00,smart_card,exit,G08,2.17
TX0007688,ST06,2026-07-15 05:00:00,monthly_pass,entry,G04,2.57
TX0007689,ST06,2026-07-26 04:00:00,monthly_pass,entry,G07,1.65
TX0007690,ST06,2026-08-15 05:00:00,single_ticket,entry,G02,2.54
TX0007691,ST10,2026-07-09 09:00:00,smart_card,exit,G04,2.32
TX0007692,ST04,2026-07-21 01:00:00,smart_card,exit,G06,3.84
TX0007693,ST05,2026-06-26 08:00:00,smart_card,exit,G12,1.9
TX0007694,ST08,2026-08-03 06:00:00,day_pass,entry,G08,1.99
TX0007695,ST06,2026-08-12 04:00:00,smart_card,entry,G07,3.9
TX0007696,ST03,2026-07-03 22:00:00,smart_card,exit,G12,3.26
TX0007697,ST02,2026-08-10 19:00:00,single_ticket,exit,G12,3.44
TX0007698,ST08,2026-08-16 03:00:00,single_ticket,entry,G07,1.89
TX0007699,ST09,2026-08-04 22:00:00,monthly_pass,entry,G05,3.45
TX0007700,ST07,2026-08-02 06:00:00,smart_card,exit,G05,3.44
TX0007701,ST09,2026-08-20 03:00:00,smart_card,entry,G08,2.91
TX0007702,ST01,2026-08-11 08:00:00,smart_card,entry,G10,4.38
TX0007703,ST10,2026-06-29 07:00:00,single_ticket,exit,G04,2.32
TX0007704,ST09,2026-07-04 23:00:00,smart_card,exit,G11,3.23
TX0007705,ST05,2026-08-19 21:00:00,single_ticket,entry,G12,1.89
TX0007706,ST01,2026-07-17 21:00:00,smart_card,exit,G07,2.66
TX0007707,ST02,2026-07-12 11:00:00,smart_card,entry,G04,2.3
TX0007708,ST03,2026-07-01 23:00:00,smart_card,exit,G04,3.59
TX0007709,ST02,2026-08-11 06:00:00,monthly_pass,exit,G03,3.79
TX0007710,ST10,2026-07-23 17:00:00,single_ticket,exit,G04,4.08
TX0007711,ST09,2026-08-19 18:00:00,smart_card,exit,G08,2.24
TX0007712,ST06,2026-07-03 22:00:00,smart_card,entry,G01,3.45
TX0007713,ST02,2026-08-07 23:00:00,smart_card,entry,G04,3.02
TX0007714,ST07,2026-07-29 02:00:00,smart_card,exit,G11,3.11
TX0007715,ST03,2026-07-27 19:00:00,monthly_pass,exit,G11,2.17
TX0007716,ST02,2026-08-14 21:00:00,smart_card,entry,G01,3.63
TX0007717,ST05,2026-07-15 05:00:00,smart_card,entry,G02,3.37
TX0007718,ST04,2026-08-19 21:00:00,monthly_pass,exit,G03,4.22
TX0007719,ST06,2026-07-27 02:00:00,single_ticket,entry,G01,3.3
TX0007720,ST08,2026-08-16 23:00:00,smart_card,exit,G07,3.58
TX0007721,ST06,2026-08-08 13:00:00,smart_card,exit,G01,2.53
TX0007722,ST09,2026-08-17 19:00:00,smart_card,exit,G03,2.06
TX0007723,ST02,2026-07-20 19:00:00,single_ticket,exit,G04,4.34
TX0007724,ST09,2026-08-05 16:00:00,monthly_pass,exit,G11,3.31
TX0007725,ST09,2026-07-06 12:00:00,smart_card,entry,G10,2.94
TX0007726,ST01,2026-08-17 18:00:00,smart_card,exit,G09,4.5
TX0007727,ST07,2026-07-15 00:00:00,smart_card,entry,G12,2.29
TX0007728,ST01,2026-07-25 18:00:00,smart_card,entry,G12,3.62
TX0007729,ST04,2026-07-07 19:00:00,day_pass,exit,G11,2.18
TX0007730,ST10,2026-08-11 09:00:00,smart_card,entry,G12,2.82
TX0007731,ST08,2026-07-02 12:00:00,monthly_pass,entry,G12,2.64
TX0007732,ST02,2026-06-28 11:00:00,smart_card,exit,G03,3.76
TX0007733,ST06,2026-08-03 14:00:00,day_pass,exit,G04,2.9
TX0007734,ST03,2026-07-03 01:00:00,single_ticket,exit,G06,2.54
TX0007735,ST03,2026-08-19 13:00:00,smart_card,exit,G07,2.38
TX0007736,ST04,2026-08-03 15:00:00,day_pass,entry,G06,4.01
TX0007737,ST08,2026-07-24 07:00:00,single_ticket,exit,G05,2.13
TX0007738,ST01,2026-07-15 19:00:00,day_pass,exit,G06,2.88
TX0007739,ST08,2026-08-02 19:00:00,single_ticket,exit,G09,2.77
TX0007740,ST01,2026-07-15 00:00:00,single_ticket,entry,G09,2.91
TX0007741,ST05,2026-08-17 19:00:00,smart_card,entry,G11,3.5
TX0007742,ST08,2026-08-05 16:00:00,single_ticket,entry,G10,4.16
TX0007743,ST10,2026-07-07 10:00:00,monthly_pass,exit,G02,1.97
TX0007744,ST01,2026-06-23 07:00:00,single_ticket,entry,G03,3.65
TX0007745,ST01,2026-08-05 16:00:00,day_pass,exit,G06,1.93
TX0007746,ST03,2026-08-04 11:00:00,monthly_pass,entry,G11,1.52
TX0007747,ST04,2026-06-29 03:00:00,smart_card,exit,G06,1.52
TX0007748,ST05,2026-07-27 09:00:00,single_ticket,exit,G02,4.19
TX0007749,ST04,2026-08-11 14:00:00,monthly_pass,entry,G11,4.04
TX0007750,ST05,2026-07-30 11:00:00,smart_card,entry,G08,2.48
TX0007751,ST04,2026-08-06 03:00:00,smart_card,exit,G11,3.45
TX0007752,ST07,2026-08-15 16:00:00,smart_card,entry,G05,1.95
TX0007753,ST05,2026-07-10 01:00:00,monthly_pass,exit,G11,3.76
TX0007754,ST07,2026-07-27 10:00:00,monthly_pass,exit,G01,4.5
TX0007755,ST08,2026-08-13 11:00:00,monthly_pass,exit,G09,4.33
TX0007756,ST01,2026-08-12 02:00:00,smart_card,entry,G12,3.4
TX0007757,ST08,2026-07-07 15:00:00,single_ticket,exit,G12,2.84
TX0007758,ST02,2026-08-07 09:00:00,smart_card,entry,G06,2.6
TX0007759,ST10,2026-07-20 17:00:00,monthly_pass,entry,G12,2.33
TX0007760,ST01,2026-07-10 10:00:00,monthly_pass,entry,G12,1.76
TX0007761,ST07,2026-07-15 22:00:00,single_ticket,exit,G02,2.13
TX0007762,ST06,2026-07-05 00:00:00,smart_card,entry,G06,3.18
TX0007763,ST09,2026-07-28 07:00:00,monthly_pass,exit,G11,2.32
TX0007764,ST10,2026-06-28 12:00:00,monthly_pass,entry,G11,3.68
TX0007765,ST04,2026-07-31 18:00:00,monthly_pass,exit,G07,3.8
TX0007766,ST02,2026-07-09 18:00:00,smart_card,exit,G03,2.93
TX0007767,ST02,2026-08-13 16:00:00,smart_card,entry,G04,4.22
TX0007768,ST07,2026-07-22 02:00:00,smart_card,exit,G02,3.95
TX0007769,ST10,2026-07-11 13:00:00,smart_card,entry,G07,1.73
TX0007770,ST07,2026-07-03 05:00:00,monthly_pass,entry,G01,3.91
TX0007771,ST02,2026-08-04 14:00:00,smart_card,exit,G06,3.99
TX0007772,ST07,2026-08-11 05:00:00,single_ticket,entry,G03,2.54
TX0007773,ST09,2026-07-18 04:00:00,monthly_pass,entry,G07,2.98
TX0007774,ST02,2026-08-13 23:00:00,smart_card,exit,G01,1.71
TX0007775,ST09,2026-07-19 06:00:00,smart_card,exit,G05,2.3
TX0007776,ST01,2026-07-05 19:00:00,day_pass,exit,G05,4.35
TX0007777,ST04,2026-07-26 04:00:00,smart_card,exit,G08,4.3
TX0007778,ST05,2026-08-01 18:00:00,smart_card,exit,G09,3.55
TX0007779,ST04,2026-08-03 02:00:00,day_pass,entry,G09,1.55
TX0007780,ST02,2026-08-05 08:00:00,smart_card,exit,G06,1.57
TX0007781,ST01,2026-08-03 01:00:00,single_ticket,entry,G01,3.29
TX0007782,ST05,2026-08-11 02:00:00,monthly_pass,entry,G11,2.19
TX0007783,ST08,2026-08-03 04:00:00,smart_card,entry,G10,3.46
TX0007784,ST10,2026-08-11 06:00:00,smart_card,exit,G09,1.79
TX0007785,ST06,2026-08-15 19:00:00,smart_card,entry,G07,4.46
TX0007786,ST07,2026-06-27 13:00:00,single_ticket,entry,G07,1.84
TX0007787,ST05,2026-08-06 01:00:00,smart_card,entry,G11,2.51
TX0007788,ST03,2026-08-08 08:00:00,smart_card,exit,G04,1.79
TX0007789,ST09,2026-08-18 06:00:00,single_ticket,exit,G08,2.65
TX0007790,ST01,2026-07-14 11:00:00,smart_card,exit,G12,2.51
TX0007791,ST03,2026-07-29 07:00:00,single_ticket,exit,G12,3.44
TX0007792,ST03,2026-08-06 05:00:00,monthly_pass,exit,G10,4.08
TX0007793,ST06,2026-07-25 08:00:00,smart_card,exit,G09,3.93
TX0007794,ST09,2026-08-04 00:00:00,monthly_pass,exit,G02,3.7
TX0007795,ST08,2026-07-23 16:00:00,smart_card,exit,G06,4.49
TX0007796,ST01,2026-07-16 14:00:00,smart_card,entry,G11,1.63
TX0007797,ST09,2026-07-06 07:00:00,smart_card,exit,G03,3.87
TX0007798,ST07,2026-08-18 05:00:00,single_ticket,entry,G05,1.89
TX0007799,ST05,2026-08-18 08:00:00,single_ticket,entry,G08,3.32
TX0007800,ST08,2026-06-27 08:00:00,day_pass,exit,G12,3.93
TX0007801,ST06,2026-08-10 06:00:00,smart_card,exit,G06,3.48
TX0007802,ST05,2026-06-23 20:00:00,monthly_pass,entry,G10,1.84
TX0007803,ST10,2026-07-11 19:00:00,smart_card,entry,G06,2.05
TX0007804,ST07,2026-08-07 04:00:00,single_ticket,exit,G08,4.16
TX0007805,ST01,2026-07-12 16:00:00,smart_card,exit,G10,4.23
TX0007806,ST06,2026-07-24 15:00:00,smart_card,entry,G11,3.74
TX0007807,ST08,2026-07-26 03:00:00,smart_card,exit,G12,2.38
TX0007808,ST05,2026-08-10 01:00:00,smart_card,entry,G11,2.25
TX0007809,ST08,2026-07-30 07:00:00,smart_card,entry,G06,1.72
TX0007810,ST07,2026-07-08 18:00:00,smart_card,entry,G02,2.9
TX0007811,ST06,2026-08-13 00:00:00,monthly_pass,exit,G01,2.68
TX0007812,ST05,2026-07-21 13:00:00,monthly_pass,entry,G12,2.24
TX0007813,ST07,2026-07-06 04:00:00,monthly_pass,exit,G11,3.45
TX0007814,ST08,2026-08-11 16:00:00,smart_card,entry,G04,2.12
TX0007815,ST03,2026-07-20 01:00:00,smart_card,exit,G01,1.77
TX0007816,ST10,2026-07-29 16:00:00,smart_card,exit,G08,2.8
TX0007817,ST04,2026-07-17 00:00:00,single_ticket,entry,G06,3.68
TX0007818,ST05,2026-08-14 13:00:00,monthly_pass,entry,G06,2.05
TX0007819,ST02,2026-07-12 01:00:00,smart_card,entry,G04,3.26
TX0007820,ST03,2026-07-04 22:00:00,single_ticket,entry,G01,1.76
TX0007821,ST06,2026-08-05 02:00:00,smart_card,entry,G05,2.31
TX0007822,ST05,2026-07-31 21:00:00,single_ticket,exit,G05,4.0
TX0007823,ST02,2026-07-11 19:00:00,monthly_pass,entry,G08,1.94
TX0007824,ST06,2026-07-14 12:00:00,single_ticket,entry,G03,3.5
TX0007825,ST03,2026-08-09 07:00:00,single_ticket,exit,G11,1.54
TX0007826,ST06,2026-08-15 22:00:00,smart_card,exit,G10,3.15
TX0007827,ST06,2026-08-10 01:00:00,smart_card,entry,G09,2.23
TX0007828,ST01,2026-08-08 10:00:00,smart_card,exit,G05,2.17
TX0007829,ST07,2026-07-22 21:00:00,day_pass,entry,G06,3.01
TX0007830,ST04,2026-07-23 21:00:00,single_ticket,entry,G12,4.46
TX0007831,ST02,2026-08-06 03:00:00,smart_card,entry,G10,2.2
TX0007832,ST08,2026-07-02 22:00:00,smart_card,entry,G07,3.16
TX0007833,ST01,2026-08-16 02:00:00,smart_card,entry,G08,2.64
TX0007834,ST04,2026-06-24 05:00:00,smart_card,entry,G12,3.58
TX0007835,ST01,2026-06-27 06:00:00,smart_card,entry,G06,4.29
TX0007836,ST08,2026-07-31 09:00:00,monthly_pass,entry,G05,2.77
TX0007837,ST02,2026-08-03 06:00:00,smart_card,entry,G05,4.23
TX0007838,ST09,2026-08-18 00:00:00,monthly_pass,entry,G11,4.25
TX0007839,ST06,2026-06-27 10:00:00,smart_card,entry,G06,4.11
TX0007840,ST04,2026-08-17 03:00:00,smart_card,exit,G05,2.24
TX0007841,ST05,2026-07-05 13:00:00,day_pass,exit,G10,3.6
TX0007842,ST07,2026-07-17 20:00:00,smart_card,exit,G11,2.52
TX0007843,ST02,2026-08-09 14:00:00,monthly_pass,entry,G09,2.07
TX0007844,ST05,2026-07-25 21:00:00,single_ticket,exit,G11,2.88
TX0007845,ST02,2026-06-25 15:00:00,smart_card,entry,G10,2.94
TX0007846,ST03,2026-07-17 09:00:00,monthly_pass,entry,G09,3.44
TX0007847,ST02,2026-07-22 18:00:00,smart_card,exit,G12,2.46
TX0007848,ST03,2026-07-09 00:00:00,smart_card,entry,G05,1.74
TX0007849,ST04,2026-07-01 23:00:00,monthly_pass,entry,G12,2.37
TX0007850,ST03,2026-07-22 10:00:00,smart_card,exit,G05,3.96
TX0007851,ST09,2026-08-11 00:00:00,single_ticket,exit,G12,4.09
TX0007852,ST05,2026-07-20 02:00:00,smart_card,exit,G09,1.71
TX0007853,ST08,2026-07-20 20:00:00,monthly_pass,exit,G10,2.11
TX0007854,ST06,2026-07-29 00:00:00,smart_card,exit,G12,1.68
TX0007855,ST10,2026-06-26 20:00:00,smart_card,exit,G12,3.0
TX0007856,ST03,2026-07-29 05:00:00,monthly_pass,exit,G11,2.02
TX0007857,ST04,2026-07-23 18:00:00,single_ticket,entry,G06,3.83
TX0007858,ST07,2026-08-12 00:00:00,day_pass,exit,G06,3.97
TX0007859,ST03,2026-08-09 11:00:00,smart_card,entry,G02,2.99
TX0007860,ST03,2026-07-18 03:00:00,single_ticket,exit,G05,2.9
TX0007861,ST01,2026-08-19 20:00:00,smart_card,exit,G10,3.11
TX0007862,ST04,2026-07-05 04:00:00,smart_card,entry,G08,2.22
TX0007863,ST06,2026-08-13 17:00:00,smart_card,entry,G03,3.58
TX0007864,ST01,2026-07-02 05:00:00,smart_card,entry,G04,3.53
TX0007865,ST06,2026-07-19 18:00:00,smart_card,entry,G07,1.93
TX0007866,ST09,2026-07-11 00:00:00,day_pass,entry,G04,2.42
TX0007867,ST04,2026-07-17 20:00:00,smart_card,exit,G11,2.93
TX0007868,ST09,2026-07-17 08:00:00,smart_card,exit,G10,4.23
TX0007869,ST10,2026-08-11 17:00:00,single_ticket,entry,G10,1.99
TX0007870,ST07,2026-07-08 16:00:00,smart_card,exit,G10,1.72
TX0007871,ST02,2026-08-08 16:00:00,smart_card,exit,G04,1.9
TX0007872,ST06,2026-07-25 11:00:00,smart_card,entry,G02,2.2
TX0007873,ST03,2026-07-08 10:00:00,smart_card,exit,G03,3.33
TX0007874,ST10,2026-07-25 13:00:00,day_pass,entry,G02,1.59
TX0007875,ST10,2026-06-26 06:00:00,smart_card,exit,G08,1.6
TX0007876,ST06,2026-07-08 23:00:00,smart_card,entry,G03,4.17
TX0007877,ST08,2026-06-23 12:00:00,smart_card,entry,G10,1.86
TX0007878,ST02,2026-07-10 00:00:00,smart_card,exit,G10,2.48
TX0007879,ST04,2026-08-12 11:00:00,smart_card,entry,G10,2.58
TX0007880,ST07,2026-08-20 06:00:00,smart_card,entry,G04,3.88
TX0007881,ST10,2026-08-16 03:00:00,smart_card,entry,G10,4.24
TX0007882,ST02,2026-07-10 02:00:00,single_ticket,exit,G03,3.81
TX0007883,ST02,2026-08-06 06:00:00,smart_card,entry,G01,3.0
TX0007884,ST10,2026-08-05 08:00:00,smart_card,exit,G09,3.12
TX0007885,ST02,2026-07-08 01:00:00,single_ticket,exit,G09,2.82
TX0007886,ST02,2026-08-01 15:00:00,smart_card,entry,G10,4.44
TX0007887,ST05,2026-08-13 22:00:00,smart_card,exit,G08,4.38
TX0007888,ST01,2026-06-24 08:00:00,monthly_pass,exit,G06,3.78
TX0007889,ST03,2026-08-03 05:00:00,smart_card,entry,G05,4.14
TX0007890,ST05,2026-07-28 18:00:00,single_ticket,entry,G09,3.16
TX0007891,ST04,2026-07-28 08:00:00,day_pass,entry,G12,3.19
TX0007892,ST07,2026-08-03 18:00:00,smart_card,exit,G06,3.73
TX0007893,ST03,2026-07-21 06:00:00,smart_card,exit,G06,2.55
TX0007894,ST04,2026-07-02 10:00:00,single_ticket,entry,G03,3.48
TX0007895,ST05,2026-08-01 10:00:00,smart_card,entry,G01,2.77
TX0007896,ST10,2026-07-03 03:00:00,smart_card,entry,G09,4.27
TX0007897,ST07,2026-07-04 11:00:00,monthly_pass,entry,G01,2.57
TX0007898,ST09,2026-07-06 03:00:00,smart_card,entry,G01,3.41
TX0007899,ST05,2026-07-18 12:00:00,day_pass,exit,G06,1.56
TX0007900,ST02,2026-07-20 11:00:00,smart_card,exit,G08,3.25
TX0007901,ST02,2026-07-09 15:00:00,single_ticket,exit,G08,3.83
TX0007902,ST03,2026-07-29 16:00:00,smart_card,entry,G12,4.0
TX0007903,ST10,2026-07-24 06:00:00,single_ticket,entry,G12,4.13
TX0007904,ST04,2026-07-18 22:00:00,smart_card,exit,G05,3.02
TX0007905,ST02,2026-08-18 06:00:00,smart_card,exit,G06,3.26
TX0007906,ST10,2026-07-22 19:00:00,day_pass,entry,G04,2.45
TX0007907,ST01,2026-07-12 23:00:00,monthly_pass,exit,G07,4.36
TX0007908,ST08,2026-07-02 15:00:00,smart_card,entry,G08,3.4
TX0007909,ST10,2026-07-06 00:00:00,smart_card,exit,G11,2.27
TX0007910,ST09,2026-07-22 05:00:00,day_pass,exit,G05,4.18
TX0007911,ST04,2026-07-28 19:00:00,smart_card,entry,G09,3.41
TX0007912,ST04,2026-07-23 13:00:00,monthly_pass,entry,G02,3.55
TX0007913,ST01,2026-07-09 22:00:00,smart_card,exit,G11,1.88
TX0007914,ST03,2026-08-19 17:00:00,smart_card,exit,G02,1.56
TX0007915,ST10,2026-08-18 15:00:00,smart_card,exit,G08,3.26
TX0007916,ST01,2026-06-29 07:00:00,smart_card,exit,G02,2.0
TX0007917,ST01,2026-07-01 17:00:00,single_ticket,entry,G12,3.57
TX0007918,ST06,2026-08-12 01:00:00,smart_card,exit,G11,3.31
TX0007919,ST07,2026-07-24 08:00:00,monthly_pass,entry,G08,2.48
TX0007920,ST02,2026-08-15 10:00:00,smart_card,exit,G06,2.81
TX0007921,ST04,2026-07-26 06:00:00,single_ticket,entry,G02,3.99
TX0007922,ST09,2026-08-06 07:00:00,single_ticket,entry,G12,3.54
TX0007923,ST05,2026-07-08 17:00:00,smart_card,exit,G05,2.43
TX0007924,ST08,2026-06-22 17:00:00,monthly_pass,entry,G02,3.0
TX0007925,ST06,2026-08-11 06:00:00,smart_card,exit,G06,2.86
TX0007926,ST07,2026-07-23 16:00:00,single_ticket,entry,G01,1.64
TX0007927,ST03,2026-06-23 22:00:00,smart_card,entry,G10,2.58
TX0007928,ST05,2026-07-02 06:00:00,smart_card,entry,G06,1.87
TX0007929,ST04,2026-08-19 11:00:00,smart_card,entry,G04,2.01
TX0007930,ST08,2026-06-25 05:00:00,smart_card,entry,G04,2.51
TX0007931,ST04,2026-08-13 20:00:00,monthly_pass,entry,G06,4.49
TX0007932,ST09,2026-07-17 23:00:00,day_pass,exit,G02,3.28
TX0007933,ST03,2026-07-24 10:00:00,monthly_pass,entry,G03,2.43
TX0007934,ST09,2026-07-27 01:00:00,single_ticket,exit,G04,1.99
TX0007935,ST04,2026-06-22 08:00:00,single_ticket,exit,G05,2.64
TX0007936,ST08,2026-08-01 16:00:00,monthly_pass,exit,G01,2.33
TX0007937,ST01,2026-08-08 05:00:00,smart_card,exit,G04,4.12
TX0007938,ST08,2026-07-25 18:00:00,monthly_pass,exit,G05,3.08
TX0007939,ST02,2026-07-29 08:00:00,smart_card,entry,G12,4.3
TX0007940,ST02,2026-07-24 05:00:00,single_ticket,exit,G11,2.48
TX0007941,ST08,2026-07-23 22:00:00,smart_card,exit,G11,1.89
TX0007942,ST09,2026-08-15 15:00:00,smart_card,exit,G03,4.06
TX0007943,ST02,2026-07-03 07:00:00,smart_card,exit,G09,3.42
TX0007944,ST06,2026-07-02 15:00:00,monthly_pass,exit,G01,3.57
TX0007945,ST03,2026-07-03 14:00:00,single_ticket,entry,G02,1.96
TX0007946,ST07,2026-07-05 04:00:00,smart_card,exit,G01,2.44
TX0007947,ST08,2026-08-10 23:00:00,monthly_pass,entry,G12,1.67
TX0007948,ST06,2026-07-25 03:00:00,monthly_pass,exit,G04,2.32
TX0007949,ST08,2026-06-29 16:00:00,single_ticket,entry,G02,3.52
TX0007950,ST10,2026-07-28 20:00:00,smart_card,exit,G02,3.92
TX0007951,ST05,2026-07-12 05:00:00,smart_card,exit,G01,4.31
TX0007952,ST04,2026-07-20 03:00:00,monthly_pass,entry,G02,2.54
TX0007953,ST05,2026-08-17 05:00:00,smart_card,entry,G01,2.28
TX0007954,ST02,2026-07-31 03:00:00,smart_card,exit,G08,4.05
TX0007955,ST05,2026-07-30 06:00:00,smart_card,exit,G04,2.58
TX0007956,ST02,2026-06-30 05:00:00,single_ticket,entry,G12,2.73
TX0007957,ST10,2026-07-08 18:00:00,smart_card,exit,G02,2.15
TX0007958,ST02,2026-07-27 23:00:00,monthly_pass,exit,G03,1.66
TX0007959,ST07,2026-07-18 06:00:00,day_pass,entry,G03,2.08
TX0007960,ST03,2026-08-18 09:00:00,monthly_pass,entry,G05,2.05
TX0007961,ST10,2026-06-29 20:00:00,smart_card,entry,G04,3.73
TX0007962,ST02,2026-08-14 14:00:00,smart_card,exit,G12,3.42
TX0007963,ST06,2026-07-02 10:00:00,single_ticket,exit,G11,1.7
TX0007964,ST06,2026-07-21 02:00:00,monthly_pass,exit,G02,1.55
TX0007965,ST05,2026-08-11 20:00:00,smart_card,entry,G11,2.92
TX0007966,ST10,2026-07-30 18:00:00,smart_card,entry,G12,3.2
TX0007967,ST08,2026-07-29 23:00:00,single_ticket,entry,G11,3.51
TX0007968,ST08,2026-07-28 11:00:00,single_ticket,exit,G11,2.41
TX0007969,ST08,2026-07-29 17:00:00,smart_card,exit,G10,3.19
TX0007970,ST06,2026-07-19 21:00:00,smart_card,exit,G04,3.32
TX0007971,ST07,2026-07-08 11:00:00,smart_card,entry,G08,1.59
TX0007972,ST09,2026-06-29 01:00:00,smart_card,exit,G03,4.47
TX0007973,ST02,2026-07-04 13:00:00,smart_card,exit,G08,4.34
TX0007974,ST06,2026-07-27 12:00:00,single_ticket,entry,G01,2.63
TX0007975,ST08,2026-07-16 16:00:00,smart_card,entry,G12,3.28
TX0007976,ST04,2026-08-20 05:00:00,smart_card,exit,G01,2.64
TX0007977,ST05,2026-08-11 07:00:00,smart_card,entry,G04,4.02
TX0007978,ST07,2026-08-10 03:00:00,smart_card,exit,G02,1.77
TX0007979,ST08,2026-07-17 20:00:00,single_ticket,entry,G09,2.02
TX0007980,ST07,2026-08-16 14:00:00,single_ticket,exit,G08,3.68
TX0007981,ST07,2026-08-15 12:00:00,single_ticket,entry,G01,2.24
TX0007982,ST08,2026-07-06 23:00:00,smart_card,entry,G08,4.46
TX0007983,ST04,2026-07-24 11:00:00,smart_card,entry,G02,4.01
TX0007984,ST02,2026-08-11 05:00:00,single_ticket,entry,G09,3.99
TX0007985,ST08,2026-06-28 20:00:00,smart_card,exit,G08,2.0
TX0007986,ST06,2026-08-14 21:00:00,smart_card,exit,G01,2.1
TX0007987,ST07,2026-08-01 00:00:00,day_pass,entry,G11,3.93
TX0007988,ST05,2026-07-04 11:00:00,smart_card,entry,G01,2.77
TX0007989,ST07,2026-08-05 22:00:00,smart_card,entry,G11,3.73
TX0007990,ST09,2026-07-10 20:00:00,smart_card,exit,G09,3.38
TX0007991,ST09,2026-06-29 15:00:00,smart_card,exit,G01,4.11
TX0007992,ST02,2026-08-07 11:00:00,monthly_pass,exit,G05,3.89
TX0007993,ST09,2026-07-20 05:00:00,day_pass,exit,G04,3.51
TX0007994,ST08,2026-08-04 10:00:00,smart_card,exit,G11,3.41
TX0007995,ST06,2026-07-02 05:00:00,smart_card,exit,G11,3.89
TX0007996,ST01,2026-07-31 07:00:00,smart_card,entry,G05,2.99
TX0007997,ST05,2026-08-03 05:00:00,single_ticket,entry,G07,3.07
TX0007998,ST09,2026-08-19 10:00:00,single_ticket,entry,G03,4.32
TX0007999,ST09,2026-08-13 08:00:00,smart_card,entry,G02,3.88
TX0008000,ST05,2026-07-20 22:00:00,monthly_pass,entry,G04,4.14
TX0008001,ST08,2026-07-10 22:00:00,day_pass,exit,G06,3.52
TX0008002,ST10,2026-08-19 02:00:00,single_ticket,entry,G01,2.63
TX0008003,ST05,2026-07-20 07:00:00,monthly_pass,exit,G10,4.28
TX0008004,ST10,2026-08-04 15:00:00,smart_card,exit,G10,2.26
TX0008005,ST04,2026-07-14 09:00:00,smart_card,entry,G10,2.45
TX0008006,ST06,2026-07-09 09:00:00,smart_card,entry,G09,2.18
TX0008007,ST02,2026-08-11 09:00:00,smart_card,exit,G11,3.64
TX0008008,ST09,2026-08-05 22:00:00,smart_card,exit,G02,3.26
TX0008009,ST07,2026-08-03 04:00:00,monthly_pass,exit,G01,3.22
TX0008010,ST03,2026-07-04 02:00:00,monthly_pass,entry,G06,3.6
TX0008011,ST03,2026-07-23 20:00:00,smart_card,entry,G04,3.98
TX0008012,ST06,2026-07-15 21:00:00,single_ticket,exit,G10,2.28
TX0008013,ST04,2026-07-23 10:00:00,smart_card,exit,G04,3.79
TX0008014,ST06,2026-08-15 03:00:00,smart_card,entry,G06,3.06
TX0008015,ST06,2026-06-29 13:00:00,smart_card,entry,G04,4.17
TX0008016,ST05,2026-07-24 06:00:00,single_ticket,entry,G10,1.62
TX0008017,ST06,2026-08-09 08:00:00,single_ticket,entry,G06,2.2
TX0008018,ST06,2026-07-05 07:00:00,single_ticket,entry,G08,2.04
TX0008019,ST04,2026-06-29 04:00:00,monthly_pass,entry,G05,1.67
TX0008020,ST02,2026-07-18 02:00:00,smart_card,entry,G09,3.51
TX0008021,ST04,2026-07-05 18:00:00,smart_card,entry,G05,3.87
TX0008022,ST08,2026-08-20 04:00:00,smart_card,exit,G11,3.08
TX0008023,ST02,2026-08-18 09:00:00,monthly_pass,entry,G06,4.0
TX0008024,ST10,2026-07-15 12:00:00,smart_card,exit,G05,3.42
TX0008025,ST09,2026-07-30 19:00:00,smart_card,exit,G04,3.44
TX0008026,ST10,2026-08-01 10:00:00,monthly_pass,exit,G10,2.2
TX0008027,ST09,2026-08-21 03:00:00,smart_card,exit,G12,4.4
TX0008028,ST02,2026-08-07 10:00:00,smart_card,entry,G07,2.98
TX0008029,ST08,2026-06-24 18:00:00,smart_card,entry,G07,4.39
TX0008030,ST06,2026-06-24 22:00:00,smart_card,entry,G12,2.71
TX0008031,ST06,2026-07-05 09:00:00,single_ticket,entry,G06,2.85
TX0008032,ST01,2026-07-29 05:00:00,monthly_pass,exit,G11,3.62
TX0008033,ST06,2026-08-17 19:00:00,smart_card,exit,G03,3.91
TX0008034,ST08,2026-07-04 20:00:00,single_ticket,exit,G02,2.2
TX0008035,ST03,2026-08-15 03:00:00,smart_card,entry,G04,4.48
TX0008036,ST06,2026-07-29 01:00:00,day_pass,exit,G02,1.62
TX0008037,ST09,2026-08-06 19:00:00,smart_card,entry,G10,1.65
TX0008038,ST01,2026-08-03 21:00:00,smart_card,exit,G02,1.84
TX0008039,ST09,2026-07-12 02:00:00,smart_card,entry,G05,3.19
TX0008040,ST04,2026-07-14 05:00:00,monthly_pass,entry,G10,3.41
TX0008041,ST06,2026-08-19 06:00:00,smart_card,exit,G04,4.2
TX0008042,ST06,2026-07-31 08:00:00,smart_card,entry,G11,2.85
TX0008043,ST09,2026-08-16 00:00:00,smart_card,exit,G03,3.85
TX0008044,ST02,2026-07-13 12:00:00,monthly_pass,exit,G09,3.34
TX0008045,ST07,2026-07-16 03:00:00,smart_card,entry,G12,2.74
TX0008046,ST01,2026-07-06 20:00:00,monthly_pass,entry,G04,3.22
TX0008047,ST09,2026-08-18 23:00:00,smart_card,exit,G05,2.14
TX0008048,ST01,2026-08-02 04:00:00,smart_card,entry,G09,3.79
TX0008049,ST07,2026-08-08 12:00:00,smart_card,exit,G03,3.13
TX0008050,ST04,2026-08-09 13:00:00,smart_card,exit,G08,3.97
TX0008051,ST08,2026-08-11 19:00:00,smart_card,exit,G09,2.6
TX0008052,ST05,2026-07-31 11:00:00,smart_card,entry,G12,2.07
TX0008053,ST04,2026-07-12 02:00:00,smart_card,exit,G11,2.95
TX0008054,ST06,2026-07-30 12:00:00,smart_card,entry,G03,2.97
TX0008055,ST03,2026-07-24 19:00:00,single_ticket,entry,G10,2.46
TX0008056,ST10,2026-07-04 09:00:00,smart_card,entry,G10,3.31
TX0008057,ST07,2026-07-17 18:00:00,smart_card,entry,G05,2.4
TX0008058,ST05,2026-08-10 16:00:00,monthly_pass,entry,G11,3.28
TX0008059,ST04,2026-07-06 06:00:00,single_ticket,entry,G09,3.1
TX0008060,ST05,2026-07-19 11:00:00,single_ticket,entry,G06,1.56
TX0008061,ST05,2026-08-20 23:00:00,smart_card,entry,G04,3.5
TX0008062,ST09,2026-07-29 04:00:00,day_pass,entry,G02,2.73
TX0008063,ST03,2026-07-03 11:00:00,smart_card,exit,G06,3.91
TX0008064,ST08,2026-08-12 00:00:00,smart_card,exit,G02,3.68
TX0008065,ST06,2026-08-18 02:00:00,smart_card,entry,G02,3.87
TX0008066,ST04,2026-07-12 18:00:00,monthly_pass,exit,G09,2.29
TX0008067,ST06,2026-08-10 00:00:00,smart_card,exit,G04,3.74
TX0008068,ST06,2026-08-08 00:00:00,smart_card,exit,G07,3.48
TX0008069,ST05,2026-06-30 22:00:00,smart_card,entry,G07,4.26
TX0008070,ST10,2026-07-23 05:00:00,smart_card,entry,G07,3.46
TX0008071,ST08,2026-06-24 14:00:00,smart_card,exit,G01,1.84
TX0008072,ST04,2026-07-26 12:00:00,smart_card,entry,G07,3.12
TX0008073,ST03,2026-06-24 16:00:00,day_pass,entry,G09,3.42
TX0008074,ST07,2026-07-08 03:00:00,smart_card,exit,G10,4.26
TX0008075,ST08,2026-06-29 08:00:00,single_ticket,exit,G05,2.34
TX0008076,ST04,2026-06-30 03:00:00,smart_card,exit,G06,2.58
TX0008077,ST01,2026-08-17 01:00:00,smart_card,exit,G07,3.97
TX0008078,ST10,2026-07-14 22:00:00,smart_card,entry,G08,3.33
TX0008079,ST01,2026-08-19 04:00:00,smart_card,exit,G06,2.84
TX0008080,ST08,2026-08-01 23:00:00,smart_card,exit,G08,3.67
TX0008081,ST09,2026-07-28 23:00:00,smart_card,entry,G09,1.59
TX0008082,ST08,2026-07-12 20:00:00,smart_card,exit,G09,2.66
TX0008083,ST10,2026-07-21 04:00:00,day_pass,exit,G08,2.74
TX0008084,ST08,2026-07-08 09:00:00,monthly_pass,entry,G12,1.76
TX0008085,ST10,2026-08-20 09:00:00,smart_card,exit,G09,4.39
TX0008086,ST07,2026-06-23 15:00:00,smart_card,entry,G12,4.44
TX0008087,ST05,2026-07-08 07:00:00,smart_card,exit,G03,3.3
TX0008088,ST05,2026-07-17 12:00:00,single_ticket,exit,G08,2.5
TX0008089,ST02,2026-06-28 04:00:00,smart_card,entry,G08,3.45
TX0008090,ST01,2026-08-20 01:00:00,smart_card,entry,G05,4.28
TX0008091,ST03,2026-07-18 04:00:00,single_ticket,entry,G07,4.12
TX0008092,ST09,2026-08-06 14:00:00,single_ticket,entry,G05,2.47
TX0008093,ST02,2026-07-26 05:00:00,smart_card,exit,G01,3.63
TX0008094,ST08,2026-07-16 03:00:00,single_ticket,exit,G05,1.96
TX0008095,ST08,2026-07-02 03:00:00,smart_card,entry,G01,3.52
TX0008096,ST05,2026-07-07 05:00:00,smart_card,exit,G11,2.21
TX0008097,ST02,2026-07-24 09:00:00,single_ticket,exit,G07,3.93
TX0008098,ST04,2026-08-14 16:00:00,single_ticket,entry,G08,3.59
TX0008099,ST02,2026-08-10 11:00:00,smart_card,exit,G08,1.53
TX0008100,ST07,2026-07-28 15:00:00,smart_card,entry,G05,3.18
TX0008101,ST10,2026-08-01 15:00:00,smart_card,entry,G10,2.86
TX0008102,ST05,2026-07-02 09:00:00,monthly_pass,entry,G05,4.32
TX0008103,ST04,2026-08-06 22:00:00,smart_card,entry,G10,3.15
TX0008104,ST04,2026-07-17 23:00:00,monthly_pass,exit,G06,1.84
TX0008105,ST08,2026-07-09 21:00:00,monthly_pass,entry,G06,3.88
TX0008106,ST03,2026-07-23 05:00:00,smart_card,exit,G04,4.13
TX0008107,ST03,2026-07-03 19:00:00,monthly_pass,entry,G06,3.16
TX0008108,ST03,2026-08-19 00:00:00,smart_card,exit,G03,4.13
TX0008109,ST10,2026-08-03 22:00:00,smart_card,exit,G05,2.43
TX0008110,ST09,2026-07-03 17:00:00,smart_card,entry,G05,2.38
TX0008111,ST01,2026-07-11 12:00:00,single_ticket,entry,G12,4.16
TX0008112,ST02,2026-07-05 07:00:00,monthly_pass,entry,G05,2.75
TX0008113,ST09,2026-07-18 02:00:00,smart_card,exit,G09,4.48
TX0008114,ST07,2026-07-01 10:00:00,smart_card,exit,G05,4.31
TX0008115,ST04,2026-08-16 03:00:00,smart_card,entry,G05,3.11
TX0008116,ST07,2026-06-23 13:00:00,smart_card,exit,G05,3.85
TX0008117,ST05,2026-07-18 01:00:00,single_ticket,entry,G09,3.9
TX0008118,ST03,2026-07-31 18:00:00,single_ticket,exit,G03,2.57
TX0008119,ST07,2026-07-17 16:00:00,monthly_pass,entry,G07,2.88
TX0008120,ST01,2026-07-07 23:00:00,smart_card,exit,G07,4.21
TX0008121,ST03,2026-07-01 15:00:00,smart_card,entry,G07,3.02
TX0008122,ST04,2026-07-12 08:00:00,smart_card,entry,G02,2.4
TX0008123,ST01,2026-08-16 20:00:00,single_ticket,exit,G11,1.88
TX0008124,ST09,2026-08-09 13:00:00,day_pass,entry,G04,2.78
TX0008125,ST10,2026-08-02 22:00:00,smart_card,entry,G08,2.85
TX0008126,ST02,2026-08-14 09:00:00,smart_card,exit,G04,2.98
TX0008127,ST07,2026-07-16 19:00:00,smart_card,entry,G11,3.76
TX0008128,ST06,2026-08-20 17:00:00,monthly_pass,entry,G12,4.43
TX0008129,ST05,2026-08-14 21:00:00,single_ticket,exit,G07,2.67
TX0008130,ST04,2026-08-08 03:00:00,day_pass,entry,G11,3.93
TX0008131,ST09,2026-07-30 08:00:00,smart_card,entry,G10,3.39
TX0008132,ST10,2026-06-23 22:00:00,smart_card,exit,G12,4.05
TX0008133,ST06,2026-07-21 12:00:00,smart_card,exit,G07,2.78
TX0008134,ST07,2026-07-20 14:00:00,smart_card,exit,G08,2.89
TX0008135,ST02,2026-07-07 16:00:00,smart_card,entry,G07,2.41
TX0008136,ST05,2026-07-15 15:00:00,smart_card,exit,G09,3.6
TX0008137,ST07,2026-07-16 15:00:00,smart_card,entry,G06,2.34
TX0008138,ST07,2026-07-01 12:00:00,smart_card,entry,G05,2.73
TX0008139,ST07,2026-07-24 15:00:00,smart_card,entry,G08,3.05
TX0008140,ST02,2026-07-11 03:00:00,single_ticket,entry,G11,3.96
TX0008141,ST08,2026-07-14 05:00:00,day_pass,exit,G01,3.45
TX0008142,ST04,2026-07-06 10:00:00,smart_card,exit,G12,3.11
TX0008143,ST08,2026-08-08 12:00:00,monthly_pass,exit,G09,1.73
TX0008144,ST07,2026-07-20 00:00:00,monthly_pass,entry,G01,1.71
TX0008145,ST06,2026-07-15 22:00:00,single_ticket,entry,G07,2.57
TX0008146,ST05,2026-08-16 15:00:00,day_pass,entry,G12,1.57
TX0008147,ST05,2026-07-11 10:00:00,smart_card,exit,G09,2.18
TX0008148,ST07,2026-07-03 09:00:00,smart_card,exit,G07,4.35
TX0008149,ST01,2026-08-10 18:00:00,smart_card,exit,G01,2.15
TX0008150,ST04,2026-07-28 15:00:00,smart_card,exit,G06,3.9
TX0008151,ST10,2026-08-06 07:00:00,smart_card,exit,G04,3.48
TX0008152,ST08,2026-07-15 02:00:00,monthly_pass,exit,G10,1.88
TX0008153,ST06,2026-08-06 12:00:00,monthly_pass,entry,G07,2.11
TX0008154,ST05,2026-08-14 10:00:00,smart_card,exit,G04,1.59
TX0008155,ST07,2026-07-13 20:00:00,single_ticket,entry,G06,1.59
TX0008156,ST03,2026-07-16 03:00:00,monthly_pass,exit,G09,4.16
TX0008157,ST09,2026-07-14 22:00:00,single_ticket,exit,G02,4.44
TX0008158,ST07,2026-07-28 08:00:00,smart_card,entry,G06,4.29
TX0008159,ST06,2026-06-27 04:00:00,monthly_pass,entry,G01,2.56
TX0008160,ST05,2026-08-05 18:00:00,single_ticket,exit,G03,1.72
TX0008161,ST06,2026-08-21 03:00:00,smart_card,exit,G05,3.79
TX0008162,ST06,2026-08-06 01:00:00,smart_card,exit,G08,2.36
TX0008163,ST06,2026-08-14 20:00:00,day_pass,exit,G05,2.08
TX0008164,ST06,2026-08-09 17:00:00,smart_card,entry,G12,2.88
TX0008165,ST05,2026-07-20 01:00:00,monthly_pass,entry,G05,1.74
TX0008166,ST06,2026-08-07 10:00:00,day_pass,exit,G08,1.57
TX0008167,ST07,2026-08-14 17:00:00,smart_card,entry,G12,3.01
TX0008168,ST08,2026-07-18 22:00:00,smart_card,entry,G08,3.39
TX0008169,ST08,2026-08-05 03:00:00,smart_card,entry,G03,3.33
TX0008170,ST04,2026-07-04 10:00:00,smart_card,entry,G01,1.58
TX0008171,ST03,2026-08-07 13:00:00,single_ticket,exit,G09,1.76
TX0008172,ST05,2026-07-31 00:00:00,monthly_pass,entry,G03,2.06
TX0008173,ST10,2026-07-07 14:00:00,single_ticket,exit,G03,2.5
TX0008174,ST06,2026-07-12 14:00:00,smart_card,entry,G11,3.69
TX0008175,ST06,2026-06-27 07:00:00,monthly_pass,exit,G01,1.58
TX0008176,ST01,2026-08-04 03:00:00,monthly_pass,exit,G04,2.06
TX0008177,ST07,2026-08-05 16:00:00,monthly_pass,entry,G08,3.73
TX0008178,ST02,2026-07-24 17:00:00,smart_card,entry,G11,2.67
TX0008179,ST03,2026-07-29 11:00:00,smart_card,exit,G11,2.86
TX0008180,ST09,2026-07-24 11:00:00,single_ticket,entry,G08,1.81
TX0008181,ST08,2026-08-05 15:00:00,smart_card,exit,G04,2.39
TX0008182,ST10,2026-07-04 06:00:00,smart_card,entry,G03,2.52
TX0008183,ST10,2026-06-27 09:00:00,day_pass,exit,G07,4.37
TX0008184,ST06,2026-07-15 12:00:00,monthly_pass,entry,G08,3.17
TX0008185,ST02,2026-07-05 08:00:00,smart_card,entry,G08,1.9
TX0008186,ST03,2026-07-30 06:00:00,day_pass,exit,G12,3.75
TX0008187,ST08,2026-08-14 04:00:00,smart_card,entry,G09,4.29
TX0008188,ST07,2026-08-21 04:00:00,single_ticket,exit,G02,1.61
TX0008189,ST04,2026-06-22 12:00:00,smart_card,entry,G08,3.07
TX0008190,ST09,2026-07-24 23:00:00,smart_card,entry,G10,2.71
TX0008191,ST01,2026-06-26 19:00:00,day_pass,exit,G11,3.36
TX0008192,ST10,2026-07-21 11:00:00,single_ticket,exit,G05,1.82
TX0008193,ST09,2026-08-08 15:00:00,day_pass,exit,G03,1.96
TX0008194,ST04,2026-08-20 00:00:00,smart_card,entry,G05,3.16
TX0008195,ST03,2026-06-23 18:00:00,smart_card,exit,G09,2.96
TX0008196,ST04,2026-08-13 23:00:00,smart_card,entry,G03,3.6
TX0008197,ST09,2026-06-23 06:00:00,single_ticket,exit,G12,3.66
TX0008198,ST05,2026-07-15 19:00:00,single_ticket,exit,G10,3.97
TX0008199,ST02,2026-06-25 08:00:00,smart_card,entry,G05,3.75
TX0008200,ST10,2026-07-19 12:00:00,smart_card,entry,G06,4.34
TX0008201,ST10,2026-06-26 02:00:00,smart_card,entry,G10,3.29
TX0008202,ST09,2026-07-16 14:00:00,smart_card,exit,G08,3.81
TX0008203,ST02,2026-07-26 12:00:00,smart_card,entry,G08,4.24
TX0008204,ST04,2026-06-28 20:00:00,monthly_pass,exit,G03,2.93
TX0008205,ST03,2026-08-17 20:00:00,smart_card,entry,G04,1.86
TX0008206,ST10,2026-07-09 05:00:00,smart_card,exit,G03,4.02
TX0008207,ST09,2026-07-15 16:00:00,day_pass,entry,G05,1.85
TX0008208,ST01,2026-07-29 10:00:00,monthly_pass,entry,G08,2.5
TX0008209,ST02,2026-06-24 07:00:00,single_ticket,entry,G11,3.85
TX0008210,ST09,2026-06-23 03:00:00,smart_card,entry,G12,2.13
TX0008211,ST07,2026-07-21 12:00:00,smart_card,exit,G06,2.14
TX0008212,ST03,2026-06-24 10:00:00,smart_card,exit,G06,3.98
TX0008213,ST10,2026-07-03 13:00:00,smart_card,entry,G04,2.52
TX0008214,ST01,2026-08-08 06:00:00,single_ticket,exit,G11,3.03
TX0008215,ST01,2026-07-22 16:00:00,day_pass,exit,G12,2.29
TX0008216,ST03,2026-06-30 17:00:00,smart_card,entry,G05,2.6
TX0008217,ST06,2026-06-26 06:00:00,single_ticket,entry,G04,3.85
TX0008218,ST04,2026-07-03 09:00:00,single_ticket,exit,G12,4.08
TX0008219,ST02,2026-08-17 16:00:00,smart_card,exit,G01,2.91
TX0008220,ST06,2026-07-08 22:00:00,smart_card,entry,G06,3.0
TX0008221,ST01,2026-07-25 11:00:00,monthly_pass,exit,G03,3.54
TX0008222,ST05,2026-07-11 21:00:00,smart_card,entry,G08,2.35
TX0008223,ST01,2026-07-22 19:00:00,smart_card,entry,G12,3.77
TX0008224,ST08,2026-06-29 11:00:00,smart_card,exit,G01,4.34
TX0008225,ST02,2026-07-25 17:00:00,single_ticket,entry,G04,2.01
TX0008226,ST01,2026-06-29 15:00:00,monthly_pass,exit,G01,2.6
TX0008227,ST01,2026-08-10 03:00:00,smart_card,exit,G11,1.9
TX0008228,ST01,2026-07-25 03:00:00,smart_card,exit,G02,1.83
TX0008229,ST09,2026-07-18 08:00:00,monthly_pass,exit,G11,3.27
TX0008230,ST01,2026-06-30 11:00:00,single_ticket,exit,G05,2.34
TX0008231,ST06,2026-07-12 00:00:00,monthly_pass,exit,G01,2.28
TX0008232,ST01,2026-07-15 01:00:00,single_ticket,entry,G06,2.68
TX0008233,ST03,2026-07-11 08:00:00,day_pass,entry,G09,3.57
TX0008234,ST09,2026-07-22 06:00:00,smart_card,entry,G03,2.38
TX0008235,ST06,2026-07-03 06:00:00,smart_card,exit,G07,3.09
TX0008236,ST06,2026-08-09 14:00:00,single_ticket,exit,G05,3.92
TX0008237,ST08,2026-07-14 17:00:00,smart_card,exit,G08,1.71
TX0008238,ST09,2026-07-06 21:00:00,smart_card,exit,G03,2.05
TX0008239,ST06,2026-07-06 02:00:00,smart_card,exit,G06,3.08
TX0008240,ST01,2026-06-24 23:00:00,smart_card,entry,G11,2.32
TX0008241,ST04,2026-07-08 13:00:00,single_ticket,exit,G02,4.32
TX0008242,ST04,2026-07-29 11:00:00,smart_card,entry,G04,1.71
TX0008243,ST09,2026-06-22 16:00:00,day_pass,exit,G02,2.49
TX0008244,ST04,2026-07-21 22:00:00,smart_card,exit,G05,1.52
TX0008245,ST09,2026-07-15 18:00:00,single_ticket,entry,G01,1.52
TX0008246,ST02,2026-08-08 09:00:00,smart_card,entry,G01,1.7
TX0008247,ST07,2026-08-11 07:00:00,smart_card,exit,G04,2.73
TX0008248,ST08,2026-07-03 02:00:00,smart_card,entry,G09,2.5
TX0008249,ST01,2026-07-18 03:00:00,smart_card,entry,G08,2.77
TX0008250,ST05,2026-07-11 11:00:00,day_pass,entry,G07,2.6
TX0008251,ST01,2026-07-25 00:00:00,smart_card,entry,G04,1.73
TX0008252,ST03,2026-07-11 01:00:00,day_pass,exit,G12,3.32
TX0008253,ST10,2026-07-29 21:00:00,smart_card,exit,G05,2.48
TX0008254,ST05,2026-07-02 13:00:00,smart_card,entry,G08,3.11
TX0008255,ST08,2026-06-25 04:00:00,single_ticket,exit,G08,3.9
TX0008256,ST09,2026-08-06 08:00:00,smart_card,entry,G11,4.23
TX0008257,ST08,2026-06-23 22:00:00,smart_card,exit,G08,4.12
TX0008258,ST06,2026-08-09 11:00:00,smart_card,entry,G06,2.6
TX0008259,ST01,2026-07-13 16:00:00,smart_card,exit,G11,2.03
TX0008260,ST01,2026-07-12 03:00:00,smart_card,exit,G08,3.18
TX0008261,ST04,2026-06-28 17:00:00,monthly_pass,exit,G05,4.12
TX0008262,ST09,2026-07-03 23:00:00,smart_card,entry,G01,3.92
TX0008263,ST05,2026-08-08 16:00:00,monthly_pass,entry,G09,2.87
TX0008264,ST01,2026-08-04 06:00:00,monthly_pass,entry,G10,3.82
TX0008265,ST07,2026-07-05 09:00:00,smart_card,entry,G05,2.06
TX0008266,ST02,2026-08-09 11:00:00,day_pass,entry,G08,1.58
TX0008267,ST02,2026-06-25 07:00:00,monthly_pass,exit,G09,4.24
TX0008268,ST05,2026-07-10 04:00:00,smart_card,entry,G10,4.35
TX0008269,ST08,2026-07-07 11:00:00,smart_card,exit,G12,3.68
TX0008270,ST06,2026-06-23 18:00:00,day_pass,entry,G08,2.51
TX0008271,ST04,2026-08-20 22:00:00,single_ticket,entry,G05,1.75
TX0008272,ST07,2026-08-07 15:00:00,day_pass,entry,G06,1.6
TX0008273,ST09,2026-07-28 08:00:00,smart_card,entry,G06,1.57
TX0008274,ST06,2026-08-04 09:00:00,smart_card,exit,G03,2.38
TX0008275,ST04,2026-08-11 06:00:00,single_ticket,entry,G03,2.31
TX0008276,ST02,2026-06-23 03:00:00,smart_card,exit,G03,2.27
TX0008277,ST06,2026-07-22 00:00:00,single_ticket,exit,G07,4.16
TX0008278,ST02,2026-07-10 04:00:00,smart_card,exit,G06,2.02
TX0008279,ST09,2026-07-01 05:00:00,smart_card,entry,G07,1.85
TX0008280,ST06,2026-06-22 14:00:00,monthly_pass,entry,G01,2.71
TX0008281,ST07,2026-08-04 12:00:00,single_ticket,exit,G10,3.84
TX0008282,ST06,2026-06-28 10:00:00,single_ticket,entry,G11,2.92
TX0008283,ST04,2026-07-04 20:00:00,monthly_pass,entry,G10,3.5
TX0008284,ST07,2026-07-10 21:00:00,smart_card,exit,G09,3.46
TX0008285,ST04,2026-07-12 23:00:00,single_ticket,exit,G05,1.96
TX0008286,ST01,2026-07-01 09:00:00,smart_card,exit,G02,3.72
TX0008287,ST09,2026-07-11 14:00:00,single_ticket,entry,G03,1.86
TX0008288,ST08,2026-06-30 02:00:00,day_pass,exit,G04,3.64
TX0008289,ST02,2026-08-04 09:00:00,monthly_pass,entry,G04,4.27
TX0008290,ST03,2026-08-18 05:00:00,smart_card,exit,G04,1.85
TX0008291,ST08,2026-08-13 18:00:00,day_pass,entry,G07,1.88
TX0008292,ST10,2026-07-01 18:00:00,smart_card,entry,G06,4.46
TX0008293,ST09,2026-07-15 01:00:00,single_ticket,exit,G12,4.41
TX0008294,ST05,2026-07-22 12:00:00,monthly_pass,exit,G02,2.96
TX0008295,ST07,2026-07-09 05:00:00,single_ticket,entry,G09,1.95
TX0008296,ST07,2026-07-21 03:00:00,single_ticket,entry,G03,3.41
TX0008297,ST04,2026-08-16 15:00:00,day_pass,exit,G04,3.08
TX0008298,ST10,2026-06-28 01:00:00,smart_card,entry,G06,2.67
TX0008299,ST08,2026-07-05 03:00:00,single_ticket,exit,G12,3.69
TX0008300,ST06,2026-07-27 17:00:00,single_ticket,exit,G12,2.22
TX0008301,ST10,2026-07-03 12:00:00,smart_card,entry,G11,3.83
TX0008302,ST03,2026-06-22 06:00:00,monthly_pass,exit,G01,3.45
TX0008303,ST02,2026-07-02 02:00:00,smart_card,exit,G06,1.85
TX0008304,ST05,2026-07-04 17:00:00,smart_card,exit,G10,2.78
TX0008305,ST01,2026-07-29 18:00:00,day_pass,exit,G09,3.05
TX0008306,ST08,2026-07-30 01:00:00,smart_card,exit,G05,2.93
TX0008307,ST10,2026-07-23 20:00:00,single_ticket,exit,G02,2.91
TX0008308,ST02,2026-07-27 21:00:00,monthly_pass,exit,G06,3.87
TX0008309,ST06,2026-08-13 23:00:00,day_pass,exit,G12,3.12
TX0008310,ST07,2026-06-22 19:00:00,single_ticket,exit,G04,2.17
TX0008311,ST06,2026-08-11 15:00:00,monthly_pass,exit,G02,3.26
TX0008312,ST09,2026-07-17 10:00:00,smart_card,entry,G10,2.38
TX0008313,ST08,2026-07-15 19:00:00,smart_card,entry,G11,2.09
TX0008314,ST05,2026-08-03 09:00:00,single_ticket,exit,G10,4.48
TX0008315,ST08,2026-08-15 21:00:00,single_ticket,exit,G06,3.4
TX0008316,ST06,2026-06-24 14:00:00,monthly_pass,exit,G06,2.49
TX0008317,ST02,2026-08-08 17:00:00,smart_card,entry,G09,2.31
TX0008318,ST06,2026-07-24 03:00:00,smart_card,exit,G01,2.74
TX0008319,ST10,2026-07-21 08:00:00,smart_card,entry,G04,3.82
TX0008320,ST08,2026-07-17 14:00:00,smart_card,exit,G02,3.79
TX0008321,ST10,2026-08-12 20:00:00,day_pass,entry,G07,3.19
TX0008322,ST10,2026-06-23 15:00:00,smart_card,exit,G12,3.96
TX0008323,ST09,2026-06-23 13:00:00,smart_card,entry,G08,3.08
TX0008324,ST04,2026-07-31 03:00:00,smart_card,entry,G01,3.89
TX0008325,ST01,2026-07-20 14:00:00,smart_card,exit,G05,3.9
TX0008326,ST10,2026-07-11 02:00:00,smart_card,exit,G08,3.19
TX0008327,ST03,2026-07-03 20:00:00,day_pass,entry,G06,2.05
TX0008328,ST08,2026-07-07 16:00:00,monthly_pass,entry,G06,3.7
TX0008329,ST03,2026-06-26 16:00:00,single_ticket,exit,G12,4.0
TX0008330,ST04,2026-07-16 17:00:00,smart_card,exit,G03,3.09
TX0008331,ST02,2026-07-10 15:00:00,smart_card,exit,G06,3.62
TX0008332,ST10,2026-06-24 19:00:00,smart_card,entry,G05,2.97
TX0008333,ST02,2026-07-13 01:00:00,single_ticket,exit,G02,1.52
TX0008334,ST03,2026-07-09 13:00:00,smart_card,entry,G12,3.84
TX0008335,ST03,2026-07-19 11:00:00,smart_card,exit,G06,2.86
TX0008336,ST05,2026-07-01 03:00:00,day_pass,exit,G06,4.39
TX0008337,ST03,2026-07-27 14:00:00,single_ticket,exit,G11,1.59
TX0008338,ST01,2026-07-12 15:00:00,smart_card,entry,G04,4.11
TX0008339,ST04,2026-08-19 01:00:00,single_ticket,exit,G04,1.91
TX0008340,ST01,2026-08-10 10:00:00,smart_card,exit,G11,1.74
TX0008341,ST01,2026-08-18 12:00:00,smart_card,exit,G04,2.72
TX0008342,ST04,2026-07-21 03:00:00,monthly_pass,entry,G06,2.04
TX0008343,ST01,2026-07-18 07:00:00,smart_card,exit,G04,3.47
TX0008344,ST04,2026-07-10 11:00:00,smart_card,entry,G04,3.32
TX0008345,ST07,2026-08-15 06:00:00,single_ticket,entry,G05,4.01
TX0008346,ST08,2026-07-31 02:00:00,smart_card,exit,G04,4.05
TX0008347,ST08,2026-07-11 08:00:00,single_ticket,entry,G06,2.38
TX0008348,ST03,2026-08-15 09:00:00,monthly_pass,entry,G10,3.82
TX0008349,ST10,2026-08-14 14:00:00,smart_card,entry,G05,4.32
TX0008350,ST09,2026-07-30 14:00:00,smart_card,entry,G04,2.46
TX0008351,ST03,2026-06-22 12:00:00,smart_card,entry,G03,2.57
TX0008352,ST04,2026-07-01 08:00:00,smart_card,entry,G06,1.96
TX0008353,ST08,2026-06-30 11:00:00,day_pass,exit,G05,4.49
TX0008354,ST05,2026-07-30 04:00:00,smart_card,entry,G05,4.36
TX0008355,ST05,2026-07-21 02:00:00,smart_card,entry,G05,3.63
TX0008356,ST01,2026-08-18 03:00:00,single_ticket,entry,G07,1.57
TX0008357,ST02,2026-08-11 04:00:00,day_pass,exit,G06,3.04
TX0008358,ST10,2026-07-20 07:00:00,monthly_pass,entry,G03,4.12
TX0008359,ST04,2026-08-14 15:00:00,smart_card,exit,G08,1.77
TX0008360,ST10,2026-07-06 14:00:00,single_ticket,exit,G07,2.76
TX0008361,ST04,2026-08-19 23:00:00,smart_card,entry,G09,1.78
TX0008362,ST06,2026-06-22 09:00:00,monthly_pass,entry,G10,4.19
TX0008363,ST04,2026-08-01 21:00:00,monthly_pass,exit,G10,3.4
TX0008364,ST08,2026-08-18 01:00:00,single_ticket,entry,G09,3.36
TX0008365,ST03,2026-06-24 15:00:00,single_ticket,exit,G04,2.45
TX0008366,ST07,2026-08-11 03:00:00,single_ticket,entry,G02,2.72
TX0008367,ST09,2026-07-31 22:00:00,single_ticket,exit,G08,3.77
TX0008368,ST05,2026-07-01 08:00:00,smart_card,entry,G03,1.77
TX0008369,ST04,2026-07-01 03:00:00,single_ticket,exit,G03,3.59
TX0008370,ST07,2026-08-06 10:00:00,monthly_pass,entry,G08,2.99
TX0008371,ST06,2026-07-11 18:00:00,single_ticket,exit,G08,2.75
TX0008372,ST06,2026-07-09 04:00:00,smart_card,exit,G03,3.4
TX0008373,ST09,2026-06-23 08:00:00,smart_card,entry,G12,1.55
TX0008374,ST07,2026-07-26 19:00:00,single_ticket,exit,G02,3.09
TX0008375,ST08,2026-07-21 15:00:00,smart_card,exit,G11,3.2
TX0008376,ST10,2026-08-04 14:00:00,smart_card,exit,G10,1.84
TX0008377,ST05,2026-07-30 14:00:00,smart_card,exit,G08,1.85
TX0008378,ST04,2026-08-07 09:00:00,smart_card,exit,G05,2.65
TX0008379,ST04,2026-07-31 15:00:00,smart_card,entry,G04,4.27
TX0008380,ST10,2026-07-14 15:00:00,smart_card,exit,G07,3.33
TX0008381,ST10,2026-08-09 16:00:00,monthly_pass,exit,G02,3.18
TX0008382,ST02,2026-07-06 13:00:00,smart_card,exit,G10,4.42
TX0008383,ST05,2026-08-17 17:00:00,smart_card,entry,G06,3.12
TX0008384,ST01,2026-07-12 19:00:00,smart_card,entry,G07,1.58
TX0008385,ST07,2026-06-25 16:00:00,single_ticket,entry,G05,4.01
TX0008386,ST08,2026-07-03 16:00:00,monthly_pass,entry,G02,4.37
TX0008387,ST02,2026-07-17 03:00:00,single_ticket,exit,G09,4.41
TX0008388,ST03,2026-08-09 14:00:00,monthly_pass,entry,G09,2.13
TX0008389,ST03,2026-06-22 22:00:00,smart_card,exit,G02,3.13
TX0008390,ST07,2026-07-24 17:00:00,smart_card,exit,G05,2.72
TX0008391,ST09,2026-07-18 19:00:00,monthly_pass,entry,G01,2.82
TX0008392,ST07,2026-07-30 17:00:00,smart_card,exit,G05,2.46
TX0008393,ST02,2026-08-11 18:00:00,smart_card,exit,G09,1.58
TX0008394,ST09,2026-06-30 19:00:00,smart_card,exit,G07,2.1
TX0008395,ST02,2026-07-16 20:00:00,monthly_pass,entry,G08,1.76
TX0008396,ST04,2026-07-24 06:00:00,smart_card,exit,G08,2.96
TX0008397,ST01,2026-07-26 02:00:00,monthly_pass,exit,G05,2.05
TX0008398,ST06,2026-06-23 16:00:00,single_ticket,entry,G05,3.0
TX0008399,ST05,2026-07-13 21:00:00,smart_card,exit,G09,2.1
TX0008400,ST10,2026-07-04 12:00:00,smart_card,exit,G09,3.54
TX0008401,ST01,2026-08-06 04:00:00,smart_card,exit,G06,4.26
TX0008402,ST02,2026-07-24 23:00:00,smart_card,entry,G09,3.25
TX0008403,ST08,2026-08-09 05:00:00,smart_card,exit,G10,1.81
TX0008404,ST10,2026-07-14 09:00:00,smart_card,entry,G05,1.97
TX0008405,ST08,2026-08-20 20:00:00,single_ticket,entry,G11,3.95
TX0008406,ST03,2026-07-08 02:00:00,smart_card,exit,G02,2.75
TX0008407,ST04,2026-08-16 14:00:00,monthly_pass,exit,G09,3.54
TX0008408,ST03,2026-08-02 03:00:00,smart_card,exit,G07,3.53
TX0008409,ST03,2026-06-24 13:00:00,monthly_pass,exit,G12,2.14
TX0008410,ST05,2026-08-16 05:00:00,single_ticket,entry,G03,2.38
TX0008411,ST03,2026-08-04 10:00:00,day_pass,entry,G01,3.66
TX0008412,ST09,2026-06-30 17:00:00,single_ticket,entry,G01,1.54
TX0008413,ST01,2026-07-04 22:00:00,smart_card,exit,G02,2.97
TX0008414,ST03,2026-08-10 05:00:00,day_pass,exit,G07,1.9
TX0008415,ST10,2026-07-23 01:00:00,day_pass,entry,G10,3.03
TX0008416,ST03,2026-06-27 04:00:00,day_pass,exit,G10,2.96
TX0008417,ST10,2026-07-31 12:00:00,monthly_pass,exit,G09,3.16
TX0008418,ST01,2026-08-12 12:00:00,smart_card,exit,G04,2.56
TX0008419,ST02,2026-07-28 14:00:00,monthly_pass,entry,G06,2.19
TX0008420,ST08,2026-08-13 00:00:00,monthly_pass,exit,G01,2.91
TX0008421,ST07,2026-08-12 11:00:00,monthly_pass,exit,G07,2.9
TX0008422,ST09,2026-07-24 01:00:00,single_ticket,exit,G10,2.9
TX0008423,ST04,2026-06-22 06:00:00,day_pass,exit,G03,3.1
TX0008424,ST10,2026-08-16 07:00:00,single_ticket,entry,G07,2.95
TX0008425,ST05,2026-07-21 19:00:00,smart_card,exit,G05,2.52
TX0008426,ST10,2026-08-17 00:00:00,monthly_pass,entry,G11,2.36
TX0008427,ST06,2026-07-04 17:00:00,smart_card,exit,G01,3.7
TX0008428,ST10,2026-07-22 17:00:00,monthly_pass,entry,G09,3.13
TX0008429,ST03,2026-08-03 16:00:00,smart_card,entry,G01,1.83
TX0008430,ST03,2026-07-20 20:00:00,smart_card,exit,G06,2.12
TX0008431,ST04,2026-08-08 09:00:00,smart_card,entry,G08,2.9
TX0008432,ST06,2026-07-26 11:00:00,single_ticket,exit,G06,1.6
TX0008433,ST09,2026-07-31 05:00:00,smart_card,exit,G08,1.88
TX0008434,ST08,2026-08-16 08:00:00,day_pass,exit,G08,1.91
TX0008435,ST03,2026-08-19 03:00:00,smart_card,entry,G09,4.1
TX0008436,ST03,2026-08-11 11:00:00,single_ticket,exit,G01,2.64
TX0008437,ST05,2026-07-29 20:00:00,smart_card,entry,G05,4.08
TX0008438,ST10,2026-07-17 02:00:00,smart_card,exit,G07,2.6
TX0008439,ST01,2026-07-16 17:00:00,smart_card,entry,G10,3.62
TX0008440,ST03,2026-07-12 10:00:00,smart_card,exit,G08,3.07
TX0008441,ST02,2026-08-12 11:00:00,day_pass,exit,G05,2.19
TX0008442,ST04,2026-08-11 00:00:00,smart_card,entry,G10,4.21
TX0008443,ST10,2026-08-18 03:00:00,day_pass,exit,G04,4.13
TX0008444,ST09,2026-07-28 11:00:00,single_ticket,exit,G10,3.75
TX0008445,ST02,2026-08-01 00:00:00,smart_card,exit,G08,3.49
TX0008446,ST04,2026-08-10 15:00:00,monthly_pass,entry,G10,2.83
TX0008447,ST02,2026-07-22 15:00:00,day_pass,exit,G07,1.9
TX0008448,ST10,2026-07-15 02:00:00,smart_card,entry,G10,2.76
TX0008449,ST06,2026-07-31 03:00:00,single_ticket,exit,G09,3.68
TX0008450,ST08,2026-08-20 23:00:00,smart_card,entry,G07,2.94
TX0008451,ST10,2026-07-16 09:00:00,smart_card,exit,G06,4.45
TX0008452,ST09,2026-07-12 17:00:00,smart_card,exit,G06,3.39
TX0008453,ST04,2026-08-17 14:00:00,smart_card,entry,G12,1.98
TX0008454,ST02,2026-08-16 19:00:00,smart_card,exit,G08,1.73
TX0008455,ST06,2026-07-09 17:00:00,smart_card,exit,G06,2.14
TX0008456,ST05,2026-07-25 12:00:00,smart_card,exit,G04,3.12
TX0008457,ST07,2026-07-05 22:00:00,single_ticket,entry,G01,4.4
TX0008458,ST06,2026-08-13 13:00:00,smart_card,entry,G03,4.46
TX0008459,ST07,2026-07-18 04:00:00,smart_card,entry,G07,3.79
TX0008460,ST10,2026-07-14 02:00:00,smart_card,entry,G01,2.23
TX0008461,ST05,2026-06-23 19:00:00,smart_card,entry,G10,4.48
TX0008462,ST05,2026-07-01 11:00:00,single_ticket,exit,G05,4.32
TX0008463,ST05,2026-06-27 07:00:00,single_ticket,entry,G06,3.46
TX0008464,ST07,2026-07-10 04:00:00,smart_card,entry,G07,1.55
TX0008465,ST07,2026-07-02 22:00:00,single_ticket,exit,G04,2.25
TX0008466,ST02,2026-07-23 02:00:00,smart_card,entry,G08,2.96
TX0008467,ST08,2026-07-19 21:00:00,smart_card,exit,G07,2.39
TX0008468,ST02,2026-06-23 14:00:00,single_ticket,entry,G04,3.34
TX0008469,ST05,2026-07-06 12:00:00,single_ticket,exit,G09,3.21
TX0008470,ST10,2026-07-03 16:00:00,single_ticket,exit,G04,4.45
TX0008471,ST07,2026-06-28 14:00:00,day_pass,exit,G08,2.81
TX0008472,ST10,2026-08-11 12:00:00,smart_card,entry,G01,1.59
TX0008473,ST01,2026-07-09 18:00:00,monthly_pass,entry,G05,1.65
TX0008474,ST02,2026-07-28 07:00:00,monthly_pass,exit,G06,1.97
TX0008475,ST09,2026-07-24 12:00:00,smart_card,entry,G05,2.25
TX0008476,ST01,2026-06-29 08:00:00,monthly_pass,entry,G11,3.51
TX0008477,ST03,2026-08-06 01:00:00,smart_card,entry,G10,3.53
TX0008478,ST04,2026-08-14 19:00:00,monthly_pass,entry,G09,4.03
TX0008479,ST10,2026-07-06 19:00:00,monthly_pass,entry,G04,1.51
TX0008480,ST06,2026-08-13 19:00:00,smart_card,entry,G05,3.54
TX0008481,ST02,2026-07-04 02:00:00,smart_card,entry,G05,3.18
TX0008482,ST09,2026-07-11 03:00:00,single_ticket,exit,G09,2.27
TX0008483,ST10,2026-08-07 02:00:00,smart_card,entry,G08,3.3
TX0008484,ST09,2026-06-28 11:00:00,single_ticket,entry,G02,1.94
TX0008485,ST01,2026-07-29 21:00:00,smart_card,entry,G05,1.56
TX0008486,ST03,2026-07-17 19:00:00,smart_card,exit,G08,2.92
TX0008487,ST06,2026-08-08 23:00:00,smart_card,entry,G05,3.41
TX0008488,ST07,2026-07-21 14:00:00,day_pass,exit,G01,3.15
TX0008489,ST06,2026-07-17 02:00:00,single_ticket,entry,G02,3.87
TX0008490,ST06,2026-06-30 09:00:00,single_ticket,entry,G12,2.21
TX0008491,ST09,2026-07-13 04:00:00,day_pass,entry,G07,2.53
TX0008492,ST02,2026-07-18 21:00:00,day_pass,exit,G02,3.27
TX0008493,ST06,2026-07-22 13:00:00,smart_card,entry,G12,2.66
TX0008494,ST08,2026-07-20 22:00:00,smart_card,exit,G12,3.83
TX0008495,ST06,2026-07-22 18:00:00,smart_card,entry,G11,1.54
TX0008496,ST07,2026-07-26 22:00:00,single_ticket,exit,G07,3.81
TX0008497,ST08,2026-07-14 20:00:00,smart_card,entry,G10,3.94
TX0008498,ST06,2026-06-22 16:00:00,day_pass,entry,G12,3.6
TX0008499,ST04,2026-07-07 02:00:00,smart_card,exit,G06,3.15
TX0008500,ST05,2026-07-24 10:00:00,smart_card,exit,G12,2.23
TX0008501,ST04,2026-07-29 06:00:00,single_ticket,entry,G10,1.94
TX0008502,ST02,2026-08-11 11:00:00,single_ticket,entry,G08,4.18
TX0008503,ST08,2026-07-31 03:00:00,smart_card,entry,G11,4.5
TX0008504,ST09,2026-08-19 16:00:00,day_pass,entry,G05,1.99
TX0008505,ST08,2026-07-15 18:00:00,monthly_pass,exit,G03,2.65
TX0008506,ST08,2026-07-26 04:00:00,smart_card,entry,G12,2.19
TX0008507,ST08,2026-06-24 20:00:00,monthly_pass,exit,G06,2.12
TX0008508,ST05,2026-07-17 10:00:00,smart_card,exit,G09,3.61
TX0008509,ST08,2026-08-05 05:00:00,smart_card,exit,G11,4.31
TX0008510,ST02,2026-07-22 00:00:00,day_pass,entry,G02,2.7
TX0008511,ST08,2026-07-09 18:00:00,day_pass,entry,G10,4.02
TX0008512,ST06,2026-06-29 07:00:00,single_ticket,exit,G09,4.12
TX0008513,ST09,2026-08-14 22:00:00,smart_card,exit,G11,3.56
TX0008514,ST06,2026-07-18 18:00:00,smart_card,exit,G03,3.84
TX0008515,ST03,2026-07-27 00:00:00,smart_card,entry,G12,1.77
TX0008516,ST06,2026-07-30 04:00:00,single_ticket,entry,G02,3.87
TX0008517,ST08,2026-07-10 12:00:00,single_ticket,exit,G04,1.95
TX0008518,ST09,2026-07-09 20:00:00,monthly_pass,exit,G07,3.67
TX0008519,ST03,2026-07-23 03:00:00,smart_card,exit,G08,4.37
TX0008520,ST04,2026-06-30 09:00:00,single_ticket,exit,G11,2.35
TX0008521,ST06,2026-06-28 15:00:00,single_ticket,entry,G02,2.94
TX0008522,ST01,2026-08-21 01:00:00,single_ticket,exit,G12,2.91
TX0008523,ST01,2026-07-13 08:00:00,monthly_pass,entry,G07,2.07
TX0008524,ST04,2026-08-01 00:00:00,day_pass,exit,G09,1.56
TX0008525,ST04,2026-08-17 04:00:00,smart_card,entry,G01,3.79
TX0008526,ST04,2026-08-06 07:00:00,day_pass,entry,G03,4.17
TX0008527,ST05,2026-06-29 07:00:00,monthly_pass,exit,G06,2.31
TX0008528,ST02,2026-07-29 16:00:00,smart_card,entry,G07,3.52
TX0008529,ST07,2026-07-27 11:00:00,single_ticket,exit,G07,3.34
TX0008530,ST04,2026-06-24 23:00:00,single_ticket,exit,G02,2.47
TX0008531,ST08,2026-08-08 00:00:00,smart_card,exit,G09,2.32
TX0008532,ST06,2026-07-12 05:00:00,monthly_pass,exit,G03,4.11
TX0008533,ST08,2026-08-03 03:00:00,day_pass,exit,G03,2.69
TX0008534,ST01,2026-07-19 00:00:00,smart_card,exit,G02,4.49
TX0008535,ST02,2026-06-26 08:00:00,smart_card,entry,G11,4.0
TX0008536,ST01,2026-08-11 16:00:00,smart_card,exit,G09,4.0
TX0008537,ST08,2026-07-13 23:00:00,monthly_pass,entry,G01,2.15
TX0008538,ST10,2026-06-29 18:00:00,smart_card,entry,G02,2.74
TX0008539,ST05,2026-07-06 15:00:00,single_ticket,exit,G08,1.87
TX0008540,ST04,2026-08-15 04:00:00,single_ticket,entry,G08,2.63
TX0008541,ST09,2026-08-08 19:00:00,smart_card,entry,G11,4.49
TX0008542,ST02,2026-06-23 05:00:00,smart_card,exit,G12,3.4
TX0008543,ST01,2026-08-10 21:00:00,day_pass,entry,G11,2.51
TX0008544,ST03,2026-07-21 19:00:00,smart_card,exit,G11,2.38
TX0008545,ST07,2026-07-20 07:00:00,smart_card,entry,G07,2.14
TX0008546,ST05,2026-07-17 05:00:00,smart_card,entry,G12,1.83
TX0008547,ST09,2026-06-30 08:00:00,smart_card,entry,G02,2.01
TX0008548,ST05,2026-08-01 04:00:00,smart_card,entry,G08,2.6
TX0008549,ST01,2026-07-13 07:00:00,smart_card,exit,G02,2.79
TX0008550,ST08,2026-08-17 08:00:00,smart_card,entry,G10,2.65
TX0008551,ST07,2026-07-02 10:00:00,smart_card,entry,G09,1.96
TX0008552,ST07,2026-07-04 14:00:00,single_ticket,entry,G12,2.34
TX0008553,ST07,2026-07-16 22:00:00,smart_card,entry,G02,2.83
TX0008554,ST02,2026-07-06 02:00:00,smart_card,exit,G09,1.75
TX0008555,ST01,2026-07-03 13:00:00,day_pass,entry,G01,1.65
TX0008556,ST09,2026-07-02 02:00:00,single_ticket,exit,G02,3.88
TX0008557,ST03,2026-07-22 23:00:00,monthly_pass,exit,G06,2.1
TX0008558,ST02,2026-07-31 10:00:00,day_pass,entry,G12,2.41
TX0008559,ST05,2026-08-13 05:00:00,smart_card,entry,G03,1.8
TX0008560,ST09,2026-08-06 01:00:00,single_ticket,exit,G04,2.05
TX0008561,ST04,2026-07-05 06:00:00,monthly_pass,entry,G10,4.01
TX0008562,ST06,2026-08-15 13:00:00,smart_card,exit,G12,4.27
TX0008563,ST01,2026-07-23 07:00:00,smart_card,entry,G07,2.74
TX0008564,ST06,2026-07-13 08:00:00,smart_card,entry,G05,2.14
TX0008565,ST03,2026-07-20 22:00:00,monthly_pass,entry,G11,3.59
TX0008566,ST07,2026-07-23 07:00:00,smart_card,exit,G07,2.11
TX0008567,ST06,2026-08-17 18:00:00,monthly_pass,exit,G05,3.54
TX0008568,ST05,2026-07-20 21:00:00,single_ticket,exit,G03,3.56
TX0008569,ST04,2026-08-14 12:00:00,single_ticket,entry,G12,3.9
TX0008570,ST10,2026-07-03 22:00:00,smart_card,entry,G06,2.26
TX0008571,ST08,2026-07-09 10:00:00,smart_card,exit,G12,2.46
TX0008572,ST06,2026-08-18 09:00:00,smart_card,entry,G03,2.26
TX0008573,ST02,2026-07-11 21:00:00,single_ticket,exit,G07,3.42
TX0008574,ST07,2026-06-30 19:00:00,single_ticket,exit,G06,4.43
TX0008575,ST01,2026-07-17 04:00:00,smart_card,entry,G03,2.76
TX0008576,ST03,2026-08-03 09:00:00,smart_card,entry,G12,2.51
TX0008577,ST04,2026-08-12 01:00:00,single_ticket,exit,G01,3.24
TX0008578,ST02,2026-07-01 01:00:00,smart_card,exit,G01,2.56
TX0008579,ST06,2026-07-29 23:00:00,day_pass,entry,G12,1.84
TX0008580,ST02,2026-07-11 02:00:00,smart_card,entry,G04,2.99
TX0008581,ST09,2026-07-01 10:00:00,monthly_pass,exit,G07,3.26
TX0008582,ST05,2026-07-23 03:00:00,smart_card,exit,G02,2.8
TX0008583,ST04,2026-06-23 23:00:00,smart_card,exit,G03,3.79
TX0008584,ST10,2026-08-07 13:00:00,smart_card,entry,G11,3.53
TX0008585,ST01,2026-07-07 20:00:00,smart_card,entry,G05,2.88
TX0008586,ST02,2026-07-14 03:00:00,smart_card,exit,G11,4.35
TX0008587,ST03,2026-08-06 02:00:00,smart_card,exit,G12,3.26
TX0008588,ST09,2026-08-08 01:00:00,smart_card,exit,G12,2.58
TX0008589,ST04,2026-08-18 13:00:00,smart_card,entry,G12,2.63
TX0008590,ST01,2026-08-13 00:00:00,smart_card,exit,G06,1.57
TX0008591,ST09,2026-07-07 17:00:00,monthly_pass,entry,G03,3.51
TX0008592,ST09,2026-07-08 02:00:00,monthly_pass,entry,G10,3.74
TX0008593,ST09,2026-06-30 04:00:00,smart_card,entry,G07,2.17
TX0008594,ST01,2026-07-31 10:00:00,smart_card,entry,G02,3.81
TX0008595,ST07,2026-08-15 17:00:00,smart_card,entry,G10,3.53
TX0008596,ST03,2026-07-11 15:00:00,monthly_pass,entry,G11,1.66
TX0008597,ST02,2026-08-11 22:00:00,day_pass,entry,G09,2.3
TX0008598,ST10,2026-08-07 21:00:00,day_pass,exit,G06,4.5
TX0008599,ST07,2026-07-23 17:00:00,single_ticket,entry,G08,1.52
TX0008600,ST04,2026-08-03 03:00:00,single_ticket,entry,G02,4.26
TX0008601,ST07,2026-07-24 19:00:00,smart_card,exit,G10,3.95
TX0008602,ST05,2026-07-26 07:00:00,smart_card,entry,G11,3.68
TX0008603,ST02,2026-08-17 20:00:00,day_pass,exit,G10,3.17
TX0008604,ST03,2026-08-20 15:00:00,smart_card,exit,G06,2.26
TX0008605,ST08,2026-07-06 14:00:00,smart_card,exit,G08,1.99
TX0008606,ST08,2026-08-03 02:00:00,day_pass,exit,G01,1.67
TX0008607,ST06,2026-06-24 01:00:00,day_pass,exit,G06,3.18
TX0008608,ST01,2026-07-04 15:00:00,smart_card,exit,G08,4.14
TX0008609,ST09,2026-07-02 01:00:00,smart_card,exit,G10,1.96
TX0008610,ST03,2026-07-31 12:00:00,smart_card,entry,G11,2.22
TX0008611,ST09,2026-08-02 07:00:00,smart_card,exit,G10,1.95
TX0008612,ST06,2026-07-24 14:00:00,smart_card,entry,G02,3.37
TX0008613,ST02,2026-07-17 00:00:00,single_ticket,entry,G03,3.79
TX0008614,ST03,2026-08-09 12:00:00,smart_card,entry,G11,4.02
TX0008615,ST09,2026-07-03 03:00:00,day_pass,exit,G07,2.21
TX0008616,ST08,2026-07-02 18:00:00,smart_card,entry,G10,3.6
TX0008617,ST02,2026-06-24 16:00:00,smart_card,entry,G08,2.85
TX0008618,ST03,2026-07-18 13:00:00,smart_card,exit,G01,4.47
TX0008619,ST10,2026-08-16 12:00:00,single_ticket,exit,G12,3.61
TX0008620,ST06,2026-08-09 15:00:00,monthly_pass,exit,G11,1.81
TX0008621,ST05,2026-08-05 17:00:00,smart_card,exit,G06,2.41
TX0008622,ST05,2026-08-18 07:00:00,single_ticket,exit,G04,3.53
TX0008623,ST08,2026-07-13 18:00:00,smart_card,exit,G04,3.59
TX0008624,ST08,2026-07-31 07:00:00,smart_card,entry,G10,2.68
TX0008625,ST03,2026-08-11 10:00:00,smart_card,entry,G03,2.39
TX0008626,ST01,2026-07-02 07:00:00,smart_card,entry,G08,2.27
TX0008627,ST09,2026-07-22 07:00:00,monthly_pass,entry,G12,2.47
TX0008628,ST02,2026-06-30 17:00:00,single_ticket,exit,G07,1.76
TX0008629,ST06,2026-06-29 08:00:00,monthly_pass,entry,G07,2.59
TX0008630,ST07,2026-07-10 17:00:00,day_pass,exit,G06,1.99
TX0008631,ST04,2026-08-14 07:00:00,day_pass,exit,G04,2.16
TX0008632,ST08,2026-07-22 11:00:00,smart_card,exit,G04,2.19
TX0008633,ST10,2026-06-30 20:00:00,smart_card,exit,G06,2.02
TX0008634,ST04,2026-07-30 04:00:00,smart_card,exit,G06,3.01
TX0008635,ST02,2026-07-18 17:00:00,smart_card,entry,G01,3.49
TX0008636,ST03,2026-08-12 04:00:00,smart_card,entry,G11,4.11
TX0008637,ST06,2026-07-04 10:00:00,smart_card,exit,G01,3.07
TX0008638,ST05,2026-06-30 21:00:00,single_ticket,entry,G03,1.66
TX0008639,ST09,2026-07-13 14:00:00,smart_card,entry,G05,2.49
TX0008640,ST09,2026-07-09 02:00:00,smart_card,exit,G12,3.09
TX0008641,ST03,2026-08-06 11:00:00,smart_card,exit,G09,3.65
TX0008642,ST07,2026-08-17 03:00:00,smart_card,exit,G02,2.18
TX0008643,ST10,2026-08-08 12:00:00,smart_card,exit,G09,3.77
TX0008644,ST10,2026-07-15 00:00:00,smart_card,entry,G06,3.7
TX0008645,ST05,2026-08-02 15:00:00,monthly_pass,exit,G01,3.75
TX0008646,ST10,2026-07-29 08:00:00,single_ticket,entry,G05,3.5
TX0008647,ST10,2026-08-13 18:00:00,monthly_pass,exit,G09,2.2
TX0008648,ST09,2026-07-11 07:00:00,smart_card,entry,G06,3.26
TX0008649,ST03,2026-08-11 03:00:00,day_pass,exit,G10,2.33
TX0008650,ST06,2026-07-15 07:00:00,single_ticket,entry,G12,4.25
TX0008651,ST02,2026-08-16 23:00:00,monthly_pass,exit,G03,1.66
TX0008652,ST04,2026-07-04 00:00:00,smart_card,entry,G07,3.53
TX0008653,ST04,2026-07-17 17:00:00,day_pass,exit,G02,4.11
TX0008654,ST02,2026-07-14 22:00:00,smart_card,exit,G05,2.5
TX0008655,ST03,2026-08-02 02:00:00,smart_card,exit,G09,2.26
TX0008656,ST06,2026-07-16 03:00:00,smart_card,entry,G06,1.84
TX0008657,ST01,2026-07-05 18:00:00,smart_card,exit,G07,3.05
TX0008658,ST10,2026-07-15 05:00:00,monthly_pass,entry,G06,2.07
TX0008659,ST05,2026-07-18 15:00:00,monthly_pass,entry,G05,3.27
TX0008660,ST08,2026-07-22 06:00:00,single_ticket,exit,G09,3.22
TX0008661,ST03,2026-08-10 03:00:00,smart_card,entry,G07,1.89
TX0008662,ST02,2026-07-25 10:00:00,smart_card,entry,G04,3.58
TX0008663,ST04,2026-07-30 02:00:00,smart_card,entry,G10,4.25
TX0008664,ST04,2026-07-02 16:00:00,single_ticket,exit,G09,4.29
TX0008665,ST06,2026-07-02 19:00:00,smart_card,exit,G02,1.95
TX0008666,ST01,2026-08-14 01:00:00,single_ticket,exit,G08,3.97
TX0008667,ST01,2026-07-28 05:00:00,smart_card,entry,G07,3.74
TX0008668,ST04,2026-07-18 03:00:00,smart_card,entry,G08,4.38
TX0008669,ST02,2026-07-26 02:00:00,smart_card,entry,G04,2.24
TX0008670,ST05,2026-07-02 15:00:00,smart_card,exit,G01,3.23
TX0008671,ST05,2026-08-09 04:00:00,monthly_pass,exit,G04,3.11
TX0008672,ST07,2026-07-25 05:00:00,single_ticket,exit,G07,3.99
TX0008673,ST05,2026-08-12 19:00:00,single_ticket,exit,G10,1.73
TX0008674,ST01,2026-07-07 16:00:00,smart_card,entry,G04,3.07
TX0008675,ST08,2026-07-02 04:00:00,day_pass,entry,G08,2.85
TX0008676,ST06,2026-07-23 01:00:00,smart_card,exit,G09,4.45
TX0008677,ST01,2026-07-17 14:00:00,smart_card,exit,G11,3.96
TX0008678,ST04,2026-07-06 00:00:00,single_ticket,entry,G10,4.37
TX0008679,ST09,2026-07-14 05:00:00,smart_card,entry,G05,3.59
TX0008680,ST08,2026-08-09 13:00:00,day_pass,exit,G06,2.22
TX0008681,ST10,2026-07-31 06:00:00,day_pass,exit,G07,3.49
TX0008682,ST08,2026-07-23 11:00:00,smart_card,entry,G04,4.0
TX0008683,ST02,2026-07-30 17:00:00,smart_card,exit,G02,2.39
TX0008684,ST06,2026-07-15 19:00:00,smart_card,exit,G07,3.25
TX0008685,ST05,2026-08-19 01:00:00,single_ticket,entry,G11,1.8
TX0008686,ST03,2026-07-30 02:00:00,smart_card,exit,G06,1.94
TX0008687,ST08,2026-07-20 11:00:00,day_pass,exit,G08,2.69
TX0008688,ST04,2026-08-13 18:00:00,single_ticket,entry,G08,3.06
TX0008689,ST07,2026-07-02 02:00:00,smart_card,exit,G11,2.79
TX0008690,ST04,2026-07-23 01:00:00,smart_card,entry,G07,1.61
TX0008691,ST10,2026-08-09 13:00:00,smart_card,exit,G08,3.92
TX0008692,ST09,2026-08-09 06:00:00,smart_card,entry,G11,2.39
TX0008693,ST07,2026-06-23 12:00:00,monthly_pass,entry,G02,4.24
TX0008694,ST01,2026-07-19 19:00:00,single_ticket,entry,G02,2.21
TX0008695,ST08,2026-07-03 10:00:00,single_ticket,entry,G07,3.49
TX0008696,ST09,2026-07-05 23:00:00,smart_card,entry,G11,2.87
TX0008697,ST02,2026-08-16 21:00:00,smart_card,exit,G12,1.56
TX0008698,ST04,2026-07-01 04:00:00,smart_card,exit,G05,3.33
TX0008699,ST05,2026-08-20 18:00:00,monthly_pass,exit,G03,1.6
TX0008700,ST10,2026-07-15 23:00:00,single_ticket,exit,G09,1.66
TX0008701,ST04,2026-08-13 10:00:00,smart_card,exit,G04,3.48
TX0008702,ST05,2026-07-07 20:00:00,monthly_pass,entry,G03,2.99
TX0008703,ST04,2026-06-26 16:00:00,smart_card,entry,G08,4.15
TX0008704,ST04,2026-07-30 20:00:00,single_ticket,exit,G10,2.86
TX0008705,ST07,2026-08-17 13:00:00,monthly_pass,entry,G07,4.46
TX0008706,ST03,2026-08-07 02:00:00,single_ticket,exit,G05,1.56
TX0008707,ST06,2026-07-18 06:00:00,monthly_pass,entry,G03,4.27
TX0008708,ST02,2026-08-12 10:00:00,day_pass,entry,G12,2.16
TX0008709,ST03,2026-08-06 22:00:00,smart_card,exit,G02,2.07
TX0008710,ST01,2026-07-03 20:00:00,single_ticket,entry,G08,2.96
TX0008711,ST08,2026-07-17 10:00:00,single_ticket,entry,G02,3.46
TX0008712,ST06,2026-07-02 17:00:00,smart_card,exit,G06,3.37
TX0008713,ST04,2026-07-28 18:00:00,monthly_pass,exit,G07,2.56
TX0008714,ST09,2026-08-16 06:00:00,day_pass,entry,G10,3.34
TX0008715,ST10,2026-07-11 04:00:00,smart_card,exit,G11,2.85
TX0008716,ST03,2026-08-14 08:00:00,smart_card,entry,G11,2.12
TX0008717,ST07,2026-08-16 11:00:00,smart_card,exit,G07,1.61
TX0008718,ST04,2026-07-15 16:00:00,smart_card,entry,G07,3.46
TX0008719,ST05,2026-06-24 04:00:00,single_ticket,entry,G05,3.3
TX0008720,ST03,2026-07-30 22:00:00,single_ticket,entry,G03,3.01
TX0008721,ST07,2026-06-25 06:00:00,smart_card,entry,G03,2.86
TX0008722,ST07,2026-07-01 22:00:00,smart_card,exit,G02,3.01
TX0008723,ST04,2026-07-07 08:00:00,smart_card,exit,G11,1.84
TX0008724,ST08,2026-06-28 05:00:00,monthly_pass,exit,G09,3.54
TX0008725,ST09,2026-07-17 12:00:00,monthly_pass,entry,G12,4.08
TX0008726,ST08,2026-07-01 15:00:00,smart_card,exit,G04,1.84
TX0008727,ST04,2026-08-14 06:00:00,smart_card,exit,G09,3.81
TX0008728,ST08,2026-07-05 04:00:00,monthly_pass,entry,G01,2.76
TX0008729,ST05,2026-08-08 14:00:00,smart_card,entry,G07,3.86
TX0008730,ST04,2026-07-02 08:00:00,day_pass,exit,G05,3.01
TX0008731,ST06,2026-08-10 05:00:00,smart_card,exit,G11,2.16
TX0008732,ST07,2026-07-03 18:00:00,smart_card,entry,G06,2.73
TX0008733,ST07,2026-07-13 18:00:00,single_ticket,entry,G07,1.87
TX0008734,ST01,2026-08-14 02:00:00,smart_card,exit,G11,1.55
TX0008735,ST02,2026-07-30 03:00:00,day_pass,entry,G05,1.59
TX0008736,ST01,2026-08-18 21:00:00,monthly_pass,entry,G11,4.38
TX0008737,ST10,2026-08-15 17:00:00,smart_card,entry,G03,4.47
TX0008738,ST05,2026-06-26 05:00:00,smart_card,exit,G11,1.62
TX0008739,ST01,2026-07-04 14:00:00,single_ticket,exit,G02,2.07
TX0008740,ST06,2026-08-21 00:00:00,day_pass,entry,G07,2.96
TX0008741,ST09,2026-08-09 03:00:00,smart_card,exit,G06,3.43
TX0008742,ST08,2026-08-06 00:00:00,smart_card,exit,G02,2.02
TX0008743,ST07,2026-07-26 01:00:00,smart_card,exit,G05,2.14
TX0008744,ST02,2026-07-18 18:00:00,smart_card,entry,G02,3.04
TX0008745,ST07,2026-07-07 11:00:00,day_pass,entry,G03,1.65
TX0008746,ST08,2026-08-20 10:00:00,monthly_pass,entry,G09,3.1
TX0008747,ST02,2026-07-25 02:00:00,day_pass,exit,G07,4.15
TX0008748,ST02,2026-08-19 15:00:00,single_ticket,entry,G09,4.46
TX0008749,ST02,2026-08-06 22:00:00,day_pass,entry,G09,3.12
TX0008750,ST01,2026-06-30 07:00:00,smart_card,entry,G09,2.61
TX0008751,ST09,2026-07-09 22:00:00,smart_card,exit,G08,3.81
TX0008752,ST06,2026-06-28 23:00:00,smart_card,entry,G07,4.21
TX0008753,ST05,2026-07-28 17:00:00,smart_card,exit,G10,2.95
TX0008754,ST06,2026-07-04 15:00:00,monthly_pass,entry,G11,4.04
TX0008755,ST03,2026-08-09 15:00:00,day_pass,exit,G10,2.78
TX0008756,ST05,2026-07-25 06:00:00,smart_card,exit,G06,2.85
TX0008757,ST04,2026-08-10 14:00:00,smart_card,exit,G02,3.23
TX0008758,ST05,2026-08-06 19:00:00,smart_card,exit,G04,2.8
TX0008759,ST05,2026-08-02 22:00:00,smart_card,entry,G12,2.25
TX0008760,ST04,2026-08-02 01:00:00,single_ticket,exit,G09,4.12
TX0008761,ST10,2026-07-17 08:00:00,monthly_pass,exit,G02,4.36
TX0008762,ST01,2026-07-05 13:00:00,smart_card,entry,G05,3.13
TX0008763,ST05,2026-08-18 12:00:00,day_pass,entry,G09,3.87
TX0008764,ST01,2026-08-18 08:00:00,single_ticket,exit,G12,2.18
TX0008765,ST10,2026-08-10 04:00:00,smart_card,exit,G07,3.58
TX0008766,ST02,2026-08-11 19:00:00,smart_card,exit,G11,2.42
TX0008767,ST07,2026-08-20 20:00:00,smart_card,entry,G07,2.02
TX0008768,ST03,2026-07-13 19:00:00,single_ticket,exit,G10,2.96
TX0008769,ST06,2026-08-16 17:00:00,day_pass,entry,G11,1.59
TX0008770,ST07,2026-07-16 01:00:00,single_ticket,entry,G08,2.37
TX0008771,ST08,2026-07-23 14:00:00,day_pass,exit,G10,2.17
TX0008772,ST10,2026-07-07 13:00:00,smart_card,exit,G03,2.99
TX0008773,ST09,2026-07-16 02:00:00,smart_card,exit,G01,2.99
TX0008774,ST01,2026-07-30 19:00:00,smart_card,entry,G06,3.54
TX0008775,ST01,2026-07-02 09:00:00,day_pass,entry,G08,1.86
TX0008776,ST06,2026-07-03 10:00:00,smart_card,exit,G04,2.82
TX0008777,ST06,2026-08-03 04:00:00,monthly_pass,entry,G06,1.63
TX0008778,ST01,2026-06-28 04:00:00,smart_card,entry,G06,3.9
TX0008779,ST05,2026-07-01 12:00:00,smart_card,exit,G05,4.18
TX0008780,ST06,2026-07-31 20:00:00,single_ticket,entry,G10,4.47
TX0008781,ST02,2026-07-30 16:00:00,single_ticket,exit,G01,3.06
TX0008782,ST08,2026-07-11 17:00:00,single_ticket,entry,G03,4.05
TX0008783,ST01,2026-06-27 14:00:00,smart_card,exit,G11,2.88
TX0008784,ST01,2026-08-09 14:00:00,smart_card,entry,G11,2.11
TX0008785,ST07,2026-08-17 18:00:00,single_ticket,entry,G04,4.02
TX0008786,ST10,2026-08-08 21:00:00,smart_card,entry,G06,1.64
TX0008787,ST05,2026-06-30 06:00:00,smart_card,entry,G12,3.28
TX0008788,ST01,2026-07-04 04:00:00,smart_card,entry,G06,4.31
TX0008789,ST09,2026-07-05 09:00:00,single_ticket,exit,G10,2.31
TX0008790,ST04,2026-08-02 09:00:00,smart_card,entry,G02,2.26
TX0008791,ST07,2026-06-23 22:00:00,smart_card,entry,G10,1.81
TX0008792,ST01,2026-08-09 23:00:00,monthly_pass,exit,G07,3.01
TX0008793,ST09,2026-08-02 19:00:00,smart_card,exit,G08,3.41
TX0008794,ST07,2026-06-30 03:00:00,smart_card,entry,G04,3.03
TX0008795,ST05,2026-08-04 05:00:00,smart_card,entry,G10,2.51
TX0008796,ST09,2026-07-16 08:00:00,smart_card,exit,G04,2.79
TX0008797,ST02,2026-07-09 16:00:00,single_ticket,entry,G04,4.0
TX0008798,ST08,2026-08-14 08:00:00,smart_card,exit,G05,4.33
TX0008799,ST10,2026-06-23 03:00:00,smart_card,entry,G08,2.48
TX0008800,ST05,2026-08-03 18:00:00,smart_card,entry,G01,3.41
TX0008801,ST10,2026-08-12 22:00:00,smart_card,exit,G08,3.97
TX0008802,ST03,2026-07-02 06:00:00,smart_card,exit,G04,3.4
TX0008803,ST06,2026-08-18 16:00:00,smart_card,entry,G06,4.17
TX0008804,ST01,2026-08-15 20:00:00,smart_card,entry,G03,3.49
TX0008805,ST01,2026-08-04 05:00:00,day_pass,entry,G07,2.24
TX0008806,ST06,2026-08-08 16:00:00,smart_card,exit,G01,3.31
TX0008807,ST07,2026-08-02 02:00:00,smart_card,exit,G10,3.18
TX0008808,ST05,2026-07-18 03:00:00,smart_card,entry,G03,2.52
TX0008809,ST06,2026-07-21 19:00:00,smart_card,exit,G03,1.74
TX0008810,ST01,2026-07-31 00:00:00,smart_card,exit,G01,4.0
TX0008811,ST01,2026-07-21 00:00:00,smart_card,exit,G12,3.88
TX0008812,ST07,2026-07-28 23:00:00,smart_card,entry,G09,1.59
TX0008813,ST05,2026-07-17 09:00:00,smart_card,entry,G06,3.68
TX0008814,ST02,2026-07-11 18:00:00,smart_card,exit,G04,3.47
TX0008815,ST09,2026-08-16 05:00:00,smart_card,entry,G09,2.59
TX0008816,ST10,2026-07-19 05:00:00,smart_card,entry,G06,3.87
TX0008817,ST01,2026-06-24 01:00:00,smart_card,exit,G11,3.99
TX0008818,ST03,2026-08-05 08:00:00,monthly_pass,exit,G09,4.08
TX0008819,ST05,2026-08-17 09:00:00,single_ticket,entry,G12,1.73
TX0008820,ST03,2026-08-21 04:00:00,single_ticket,exit,G11,2.63
TX0008821,ST03,2026-06-25 18:00:00,smart_card,exit,G08,1.59
TX0008822,ST03,2026-08-06 14:00:00,single_ticket,entry,G01,3.69
TX0008823,ST10,2026-06-28 14:00:00,single_ticket,exit,G12,2.77
TX0008824,ST07,2026-07-29 07:00:00,smart_card,entry,G03,3.75
TX0008825,ST09,2026-07-28 20:00:00,day_pass,exit,G07,3.88
TX0008826,ST06,2026-07-03 19:00:00,day_pass,entry,G10,1.7
TX0008827,ST05,2026-07-15 01:00:00,smart_card,exit,G04,4.33
TX0008828,ST03,2026-08-14 12:00:00,smart_card,exit,G10,2.99
TX0008829,ST03,2026-07-01 01:00:00,smart_card,exit,G07,4.4
TX0008830,ST08,2026-08-10 05:00:00,smart_card,entry,G12,1.91
TX0008831,ST06,2026-07-23 15:00:00,day_pass,exit,G02,2.55
TX0008832,ST04,2026-08-12 16:00:00,single_ticket,exit,G04,2.87
TX0008833,ST03,2026-08-07 03:00:00,smart_card,entry,G09,4.32
TX0008834,ST07,2026-07-29 19:00:00,smart_card,exit,G11,1.82
TX0008835,ST05,2026-08-10 09:00:00,single_ticket,entry,G03,3.14
TX0008836,ST01,2026-08-19 17:00:00,smart_card,entry,G09,1.9
TX0008837,ST03,2026-07-05 08:00:00,single_ticket,entry,G05,2.17
TX0008838,ST07,2026-07-14 13:00:00,single_ticket,exit,G11,3.32
TX0008839,ST09,2026-07-30 16:00:00,single_ticket,exit,G05,2.34
TX0008840,ST07,2026-07-22 08:00:00,single_ticket,entry,G12,2.36
TX0008841,ST01,2026-08-01 14:00:00,single_ticket,exit,G03,3.51
TX0008842,ST09,2026-06-29 05:00:00,single_ticket,entry,G12,3.92
TX0008843,ST05,2026-07-24 20:00:00,monthly_pass,exit,G09,1.6
TX0008844,ST02,2026-08-19 16:00:00,single_ticket,entry,G03,2.17
TX0008845,ST02,2026-08-20 00:00:00,smart_card,exit,G04,3.08
TX0008846,ST09,2026-07-12 14:00:00,monthly_pass,entry,G01,4.23
TX0008847,ST09,2026-07-22 22:00:00,monthly_pass,exit,G12,2.61
TX0008848,ST05,2026-06-30 09:00:00,smart_card,entry,G02,2.37
TX0008849,ST08,2026-06-27 04:00:00,day_pass,entry,G01,1.78
TX0008850,ST08,2026-08-20 07:00:00,monthly_pass,exit,G08,2.13
TX0008851,ST04,2026-06-28 12:00:00,smart_card,exit,G06,2.99
TX0008852,ST07,2026-07-23 01:00:00,smart_card,entry,G09,2.38
TX0008853,ST09,2026-06-24 03:00:00,smart_card,entry,G06,3.28
TX0008854,ST02,2026-07-06 18:00:00,single_ticket,entry,G03,2.41
TX0008855,ST09,2026-07-08 20:00:00,monthly_pass,exit,G08,2.22
TX0008856,ST02,2026-07-18 00:00:00,smart_card,exit,G11,3.43
TX0008857,ST05,2026-08-18 20:00:00,day_pass,entry,G02,3.68
TX0008858,ST07,2026-07-06 20:00:00,day_pass,exit,G04,4.26
TX0008859,ST02,2026-07-11 11:00:00,single_ticket,entry,G11,3.2
TX0008860,ST04,2026-07-07 11:00:00,single_ticket,exit,G12,4.34
TX0008861,ST07,2026-08-07 08:00:00,single_ticket,exit,G03,2.15
TX0008862,ST06,2026-07-29 07:00:00,smart_card,entry,G10,3.09
TX0008863,ST04,2026-07-17 07:00:00,smart_card,entry,G05,2.88
TX0008864,ST05,2026-08-03 22:00:00,smart_card,entry,G09,3.58
TX0008865,ST09,2026-08-14 23:00:00,smart_card,exit,G07,2.19
TX0008866,ST01,2026-06-25 08:00:00,single_ticket,exit,G05,1.89
TX0008867,ST02,2026-07-29 22:00:00,monthly_pass,exit,G01,2.82
TX0008868,ST05,2026-07-20 20:00:00,smart_card,exit,G05,3.54
TX0008869,ST06,2026-08-12 11:00:00,single_ticket,entry,G08,3.65
TX0008870,ST06,2026-08-20 11:00:00,smart_card,exit,G10,3.52
TX0008871,ST04,2026-07-03 07:00:00,smart_card,exit,G03,3.44
TX0008872,ST10,2026-07-29 20:00:00,smart_card,entry,G03,1.98
TX0008873,ST09,2026-07-20 03:00:00,smart_card,entry,G10,3.87
TX0008874,ST07,2026-07-06 00:00:00,monthly_pass,exit,G03,3.18
TX0008875,ST09,2026-07-01 12:00:00,smart_card,exit,G04,1.7
TX0008876,ST02,2026-06-26 22:00:00,smart_card,exit,G05,2.27
TX0008877,ST05,2026-06-26 23:00:00,smart_card,entry,G08,2.3
TX0008878,ST06,2026-08-12 13:00:00,day_pass,entry,G04,1.9
TX0008879,ST09,2026-07-11 09:00:00,smart_card,exit,G06,1.92
TX0008880,ST10,2026-08-06 15:00:00,monthly_pass,entry,G12,4.17
TX0008881,ST08,2026-07-21 05:00:00,single_ticket,exit,G11,2.85
TX0008882,ST04,2026-08-18 12:00:00,smart_card,entry,G06,2.74
TX0008883,ST03,2026-06-24 18:00:00,smart_card,exit,G05,3.93
TX0008884,ST07,2026-07-31 15:00:00,day_pass,exit,G05,2.59
TX0008885,ST07,2026-08-02 00:00:00,day_pass,exit,G07,2.45
TX0008886,ST06,2026-06-29 18:00:00,smart_card,entry,G05,2.12
TX0008887,ST09,2026-06-25 23:00:00,smart_card,entry,G07,1.76
TX0008888,ST02,2026-06-29 17:00:00,smart_card,entry,G07,2.1
TX0008889,ST10,2026-08-20 16:00:00,monthly_pass,exit,G02,3.96
TX0008890,ST06,2026-07-21 14:00:00,single_ticket,exit,G08,3.19
TX0008891,ST09,2026-06-27 20:00:00,smart_card,exit,G07,3.27
TX0008892,ST09,2026-06-28 21:00:00,smart_card,entry,G12,2.6
TX0008893,ST05,2026-08-03 19:00:00,smart_card,exit,G06,2.97
TX0008894,ST09,2026-08-08 00:00:00,monthly_pass,exit,G06,3.48
TX0008895,ST07,2026-08-02 23:00:00,smart_card,exit,G03,2.75
TX0008896,ST02,2026-06-29 06:00:00,smart_card,entry,G02,2.49
TX0008897,ST03,2026-07-01 05:00:00,single_ticket,exit,G08,2.25
TX0008898,ST02,2026-08-01 20:00:00,smart_card,exit,G05,2.13
TX0008899,ST08,2026-06-23 00:00:00,single_ticket,exit,G07,3.21
TX0008900,ST02,2026-07-16 06:00:00,smart_card,entry,G04,1.72
TX0008901,ST03,2026-06-26 00:00:00,day_pass,exit,G02,1.98
TX0008902,ST10,2026-08-09 07:00:00,single_ticket,exit,G12,3.27
TX0008903,ST03,2026-07-07 11:00:00,smart_card,entry,G08,3.92
TX0008904,ST01,2026-06-27 09:00:00,monthly_pass,entry,G07,2.29
TX0008905,ST01,2026-08-07 07:00:00,monthly_pass,exit,G06,1.53
TX0008906,ST02,2026-07-07 19:00:00,smart_card,entry,G01,3.5
TX0008907,ST10,2026-07-01 23:00:00,single_ticket,entry,G11,1.62
TX0008908,ST07,2026-06-28 11:00:00,single_ticket,exit,G08,2.5
TX0008909,ST02,2026-07-20 16:00:00,smart_card,exit,G07,2.85
TX0008910,ST10,2026-07-15 18:00:00,smart_card,exit,G12,3.77
TX0008911,ST10,2026-07-25 23:00:00,smart_card,entry,G03,3.82
TX0008912,ST08,2026-07-01 11:00:00,smart_card,entry,G03,2.75
TX0008913,ST10,2026-08-01 08:00:00,day_pass,exit,G09,4.12
TX0008914,ST02,2026-07-23 18:00:00,day_pass,exit,G11,2.65
TX0008915,ST03,2026-08-10 00:00:00,smart_card,exit,G06,2.92
TX0008916,ST01,2026-08-11 21:00:00,single_ticket,entry,G02,2.69
TX0008917,ST06,2026-07-13 02:00:00,smart_card,entry,G11,3.36
TX0008918,ST01,2026-07-22 10:00:00,smart_card,entry,G02,2.71
TX0008919,ST01,2026-07-25 21:00:00,smart_card,exit,G06,4.29
TX0008920,ST08,2026-07-22 00:00:00,smart_card,entry,G05,4.02
TX0008921,ST07,2026-08-19 09:00:00,day_pass,exit,G03,2.67
TX0008922,ST04,2026-07-16 15:00:00,smart_card,exit,G12,1.57
TX0008923,ST07,2026-08-20 00:00:00,monthly_pass,exit,G06,3.14
TX0008924,ST10,2026-06-24 09:00:00,smart_card,exit,G08,2.23
TX0008925,ST03,2026-08-06 07:00:00,smart_card,exit,G02,2.46
TX0008926,ST09,2026-07-20 02:00:00,smart_card,exit,G10,2.88
TX0008927,ST02,2026-08-12 12:00:00,single_ticket,exit,G05,3.91
TX0008928,ST02,2026-07-05 17:00:00,smart_card,entry,G02,3.74
TX0008929,ST08,2026-07-01 07:00:00,smart_card,entry,G07,3.17
TX0008930,ST01,2026-07-17 12:00:00,smart_card,exit,G08,3.68
TX0008931,ST07,2026-07-09 23:00:00,single_ticket,entry,G08,2.42
TX0008932,ST08,2026-07-15 15:00:00,smart_card,entry,G10,2.98
TX0008933,ST03,2026-07-06 06:00:00,monthly_pass,entry,G05,1.71
TX0008934,ST04,2026-08-20 06:00:00,smart_card,entry,G04,1.66
TX0008935,ST06,2026-08-14 12:00:00,smart_card,entry,G02,1.98
TX0008936,ST02,2026-07-17 18:00:00,monthly_pass,entry,G12,3.75
TX0008937,ST03,2026-07-04 01:00:00,smart_card,entry,G04,4.27
TX0008938,ST08,2026-06-23 05:00:00,smart_card,exit,G12,3.35
TX0008939,ST08,2026-08-01 03:00:00,single_ticket,entry,G07,1.62
TX0008940,ST09,2026-08-15 06:00:00,smart_card,entry,G12,3.37
TX0008941,ST02,2026-07-01 06:00:00,smart_card,exit,G07,2.33
TX0008942,ST06,2026-07-28 10:00:00,smart_card,entry,G12,4.14
TX0008943,ST07,2026-06-22 09:00:00,day_pass,entry,G11,3.69
TX0008944,ST02,2026-08-14 03:00:00,single_ticket,entry,G01,2.58
TX0008945,ST10,2026-07-02 04:00:00,single_ticket,entry,G01,2.82
TX0008946,ST06,2026-07-06 18:00:00,monthly_pass,exit,G02,3.66
TX0008947,ST03,2026-08-18 23:00:00,single_ticket,exit,G07,4.29
TX0008948,ST05,2026-08-01 00:00:00,smart_card,entry,G02,2.4
TX0008949,ST01,2026-07-09 19:00:00,day_pass,exit,G03,3.81
TX0008950,ST04,2026-08-02 17:00:00,day_pass,entry,G03,3.56
TX0008951,ST07,2026-06-30 22:00:00,smart_card,exit,G11,2.22
TX0008952,ST02,2026-08-19 18:00:00,single_ticket,exit,G04,2.25
TX0008953,ST03,2026-08-10 15:00:00,smart_card,entry,G09,2.14
TX0008954,ST09,2026-08-09 15:00:00,smart_card,exit,G05,2.02
TX0008955,ST04,2026-07-30 17:00:00,single_ticket,exit,G04,2.43
TX0008956,ST01,2026-08-02 22:00:00,smart_card,exit,G02,1.89
TX0008957,ST03,2026-08-16 03:00:00,smart_card,entry,G07,2.26
TX0008958,ST02,2026-08-01 23:00:00,smart_card,exit,G07,2.58
TX0008959,ST03,2026-07-21 04:00:00,single_ticket,entry,G11,3.17
TX0008960,ST05,2026-08-01 11:00:00,day_pass,exit,G11,2.81
TX0008961,ST03,2026-08-01 12:00:00,monthly_pass,entry,G02,2.45
TX0008962,ST01,2026-08-01 06:00:00,single_ticket,entry,G07,1.85
TX0008963,ST07,2026-07-17 05:00:00,monthly_pass,exit,G04,3.18
TX0008964,ST08,2026-07-14 15:00:00,smart_card,entry,G08,4.02
TX0008965,ST10,2026-08-16 15:00:00,smart_card,entry,G06,3.34
TX0008966,ST01,2026-07-23 18:00:00,day_pass,exit,G05,3.2
TX0008967,ST04,2026-08-02 14:00:00,single_ticket,exit,G03,2.65
TX0008968,ST02,2026-07-27 09:00:00,monthly_pass,entry,G06,3.09
TX0008969,ST07,2026-07-07 21:00:00,single_ticket,entry,G02,3.51
TX0008970,ST04,2026-07-13 08:00:00,smart_card,entry,G06,2.37
TX0008971,ST09,2026-08-12 13:00:00,single_ticket,entry,G03,4.36
TX0008972,ST01,2026-07-25 20:00:00,smart_card,entry,G03,1.57
TX0008973,ST03,2026-08-04 00:00:00,smart_card,exit,G04,2.51
TX0008974,ST05,2026-08-13 20:00:00,single_ticket,entry,G10,4.45
TX0008975,ST02,2026-07-13 17:00:00,single_ticket,entry,G10,3.93
TX0008976,ST10,2026-07-13 06:00:00,smart_card,entry,G12,1.67
TX0008977,ST09,2026-07-28 03:00:00,single_ticket,exit,G12,2.58
TX0008978,ST02,2026-08-01 07:00:00,monthly_pass,exit,G03,3.56
TX0008979,ST08,2026-07-03 17:00:00,smart_card,exit,G03,3.15
TX0008980,ST01,2026-08-05 22:00:00,smart_card,exit,G12,4.3
TX0008981,ST05,2026-07-24 01:00:00,smart_card,exit,G10,3.87
TX0008982,ST09,2026-07-22 15:00:00,smart_card,exit,G08,3.48
TX0008983,ST10,2026-08-20 20:00:00,smart_card,exit,G06,3.32
TX0008984,ST06,2026-07-29 12:00:00,smart_card,exit,G04,4.5
TX0008985,ST08,2026-08-18 13:00:00,smart_card,entry,G02,3.01
TX0008986,ST09,2026-07-15 10:00:00,smart_card,entry,G11,1.51
TX0008987,ST08,2026-07-21 03:00:00,smart_card,entry,G08,3.73
TX0008988,ST10,2026-08-13 03:00:00,monthly_pass,exit,G01,3.07
TX0008989,ST01,2026-08-03 00:00:00,smart_card,entry,G05,4.03
TX0008990,ST06,2026-07-11 07:00:00,smart_card,exit,G10,2.85
TX0008991,ST10,2026-06-28 06:00:00,smart_card,exit,G04,1.99
TX0008992,ST06,2026-07-07 11:00:00,monthly_pass,entry,G12,3.47
TX0008993,ST10,2026-08-11 00:00:00,smart_card,exit,G05,4.24
TX0008994,ST04,2026-08-04 21:00:00,day_pass,entry,G10,1.77
TX0008995,ST09,2026-06-27 00:00:00,smart_card,entry,G07,2.04
TX0008996,ST05,2026-07-14 06:00:00,smart_card,entry,G10,2.19
TX0008997,ST07,2026-07-31 10:00:00,smart_card,entry,G06,1.92
TX0008998,ST09,2026-08-09 14:00:00,single_ticket,exit,G09,3.19
TX0008999,ST07,2026-07-14 06:00:00,day_pass,exit,G05,1.73
TX0009000,ST01,2026-08-02 06:00:00,smart_card,exit,G03,4.45
TX0009001,ST08,2026-07-03 07:00:00,monthly_pass,exit,G02,2.01
TX0009002,ST05,2026-07-09 06:00:00,smart_card,entry,G06,1.65
TX0009003,ST08,2026-07-31 22:00:00,smart_card,entry,G07,2.5
TX0009004,ST06,2026-06-29 21:00:00,monthly_pass,entry,G08,2.93
TX0009005,ST07,2026-08-19 04:00:00,smart_card,entry,G11,3.98
TX0009006,ST10,2026-06-30 07:00:00,day_pass,exit,G12,3.35
TX0009007,ST10,2026-07-14 07:00:00,single_ticket,entry,G05,4.45
TX0009008,ST02,2026-08-03 19:00:00,smart_card,exit,G01,2.7
TX0009009,ST01,2026-07-03 09:00:00,smart_card,entry,G07,1.78
TX0009010,ST06,2026-07-23 23:00:00,monthly_pass,entry,G11,4.23
TX0009011,ST03,2026-07-21 09:00:00,monthly_pass,entry,G08,3.22
TX0009012,ST01,2026-06-25 04:00:00,monthly_pass,exit,G07,3.03
TX0009013,ST09,2026-07-27 05:00:00,single_ticket,exit,G06,2.85
TX0009014,ST08,2026-08-03 17:00:00,single_ticket,entry,G12,2.06
TX0009015,ST02,2026-08-18 18:00:00,smart_card,entry,G10,2.6
TX0009016,ST10,2026-07-28 21:00:00,single_ticket,exit,G11,2.48
TX0009017,ST01,2026-07-16 18:00:00,smart_card,exit,G01,2.57
TX0009018,ST07,2026-08-20 14:00:00,smart_card,exit,G04,2.33
TX0009019,ST07,2026-07-27 12:00:00,single_ticket,entry,G02,3.0
TX0009020,ST08,2026-07-15 01:00:00,smart_card,entry,G07,3.75
TX0009021,ST08,2026-08-07 10:00:00,smart_card,exit,G01,4.38
TX0009022,ST08,2026-07-14 23:00:00,day_pass,entry,G11,1.85
TX0009023,ST03,2026-07-28 19:00:00,day_pass,entry,G12,4.13
TX0009024,ST05,2026-08-06 10:00:00,smart_card,exit,G10,2.53
TX0009025,ST02,2026-07-16 17:00:00,smart_card,entry,G02,3.06
TX0009026,ST07,2026-07-01 18:00:00,single_ticket,exit,G07,1.85
TX0009027,ST07,2026-08-13 12:00:00,smart_card,entry,G10,1.91
TX0009028,ST04,2026-08-08 11:00:00,smart_card,entry,G05,3.95
TX0009029,ST07,2026-07-28 21:00:00,day_pass,exit,G02,3.04
TX0009030,ST08,2026-08-08 19:00:00,smart_card,exit,G10,2.22
TX0009031,ST07,2026-08-02 13:00:00,smart_card,exit,G06,4.27
TX0009032,ST07,2026-08-03 05:00:00,smart_card,exit,G11,4.09
TX0009033,ST02,2026-08-02 13:00:00,monthly_pass,exit,G07,2.64
TX0009034,ST04,2026-07-05 20:00:00,single_ticket,entry,G05,2.11
TX0009035,ST06,2026-08-14 02:00:00,day_pass,entry,G10,2.56
TX0009036,ST07,2026-08-12 04:00:00,single_ticket,entry,G10,3.58
TX0009037,ST01,2026-07-29 13:00:00,smart_card,exit,G02,2.48
TX0009038,ST09,2026-08-10 01:00:00,smart_card,entry,G04,2.93
TX0009039,ST02,2026-06-28 08:00:00,smart_card,exit,G08,4.35
TX0009040,ST05,2026-07-30 19:00:00,smart_card,exit,G12,4.33
TX0009041,ST02,2026-07-03 20:00:00,smart_card,entry,G11,2.86
TX0009042,ST05,2026-07-06 09:00:00,monthly_pass,exit,G02,4.2
TX0009043,ST03,2026-07-30 19:00:00,smart_card,entry,G12,2.66
TX0009044,ST07,2026-06-29 03:00:00,smart_card,entry,G06,2.95
TX0009045,ST10,2026-07-03 04:00:00,smart_card,entry,G12,2.14
TX0009046,ST03,2026-08-06 06:00:00,smart_card,entry,G03,2.24
TX0009047,ST07,2026-08-02 01:00:00,smart_card,exit,G12,3.59
TX0009048,ST05,2026-08-14 09:00:00,monthly_pass,entry,G07,3.84
TX0009049,ST09,2026-07-19 23:00:00,smart_card,exit,G05,3.21
TX0009050,ST01,2026-07-29 07:00:00,single_ticket,exit,G05,3.42
TX0009051,ST10,2026-06-22 19:00:00,single_ticket,exit,G03,2.43
TX0009052,ST03,2026-08-08 03:00:00,smart_card,exit,G12,4.2
TX0009053,ST04,2026-07-18 00:00:00,smart_card,entry,G06,3.58
TX0009054,ST08,2026-08-16 21:00:00,smart_card,exit,G08,4.11
TX0009055,ST07,2026-07-20 23:00:00,monthly_pass,exit,G03,3.82
TX0009056,ST05,2026-06-27 23:00:00,single_ticket,entry,G04,2.91
TX0009057,ST08,2026-07-23 21:00:00,smart_card,entry,G12,3.52
TX0009058,ST08,2026-08-20 12:00:00,smart_card,entry,G01,1.92
TX0009059,ST08,2026-07-25 06:00:00,single_ticket,entry,G06,2.6
TX0009060,ST01,2026-07-16 13:00:00,smart_card,exit,G07,3.3
TX0009061,ST03,2026-08-05 01:00:00,smart_card,entry,G04,2.02
TX0009062,ST01,2026-08-13 17:00:00,single_ticket,entry,G07,3.96
TX0009063,ST07,2026-08-20 03:00:00,monthly_pass,exit,G12,2.63
TX0009064,ST01,2026-07-05 03:00:00,monthly_pass,entry,G05,4.25
TX0009065,ST02,2026-07-03 17:00:00,single_ticket,exit,G04,3.98
TX0009066,ST05,2026-07-02 14:00:00,monthly_pass,entry,G03,2.31
TX0009067,ST02,2026-07-17 17:00:00,smart_card,entry,G06,1.53
TX0009068,ST07,2026-08-18 06:00:00,smart_card,exit,G11,1.7
TX0009069,ST04,2026-07-06 17:00:00,smart_card,entry,G06,1.74
TX0009070,ST03,2026-08-20 07:00:00,single_ticket,exit,G09,2.38
TX0009071,ST05,2026-07-29 03:00:00,day_pass,exit,G11,1.56
TX0009072,ST03,2026-07-29 20:00:00,monthly_pass,exit,G02,2.9
TX0009073,ST01,2026-08-03 05:00:00,smart_card,exit,G06,3.25
TX0009074,ST06,2026-06-28 08:00:00,smart_card,exit,G12,3.85
TX0009075,ST10,2026-07-09 06:00:00,smart_card,entry,G05,4.17
TX0009076,ST10,2026-07-14 11:00:00,single_ticket,entry,G04,1.58
TX0009077,ST06,2026-08-10 12:00:00,single_ticket,exit,G02,4.45
TX0009078,ST07,2026-08-06 07:00:00,single_ticket,exit,G02,3.22
TX0009079,ST03,2026-08-10 08:00:00,smart_card,exit,G07,3.46
TX0009080,ST07,2026-06-25 14:00:00,smart_card,exit,G10,2.17
TX0009081,ST01,2026-06-25 23:00:00,smart_card,exit,G08,2.93
TX0009082,ST02,2026-07-15 00:00:00,smart_card,entry,G07,2.53
TX0009083,ST08,2026-07-06 04:00:00,smart_card,exit,G04,2.71
TX0009084,ST08,2026-08-10 13:00:00,monthly_pass,entry,G07,2.6
TX0009085,ST06,2026-06-25 12:00:00,day_pass,exit,G08,1.99
TX0009086,ST09,2026-08-19 15:00:00,single_ticket,exit,G03,2.49
TX0009087,ST08,2026-07-10 15:00:00,smart_card,entry,G06,3.72
TX0009088,ST10,2026-07-21 17:00:00,smart_card,entry,G08,2.32
TX0009089,ST09,2026-08-01 23:00:00,smart_card,entry,G01,3.73
TX0009090,ST10,2026-07-07 03:00:00,smart_card,entry,G08,2.9
TX0009091,ST03,2026-06-24 02:00:00,smart_card,exit,G01,4.42
TX0009092,ST08,2026-07-18 06:00:00,smart_card,entry,G06,2.58
TX0009093,ST06,2026-08-02 06:00:00,monthly_pass,entry,G01,4.39
TX0009094,ST05,2026-06-27 09:00:00,monthly_pass,exit,G04,1.65
TX0009095,ST02,2026-07-29 18:00:00,monthly_pass,exit,G05,1.8
TX0009096,ST08,2026-07-27 03:00:00,smart_card,entry,G02,2.28
TX0009097,ST08,2026-06-28 18:00:00,smart_card,exit,G10,4.15
TX0009098,ST01,2026-07-18 08:00:00,smart_card,exit,G11,3.7
TX0009099,ST07,2026-08-04 05:00:00,single_ticket,exit,G04,2.32
TX0009100,ST06,2026-07-06 14:00:00,smart_card,exit,G07,1.52
TX0009101,ST07,2026-07-22 00:00:00,smart_card,exit,G08,3.96
TX0009102,ST04,2026-07-10 18:00:00,smart_card,entry,G06,4.06
TX0009103,ST10,2026-07-28 14:00:00,smart_card,exit,G11,2.28
TX0009104,ST01,2026-06-27 13:00:00,smart_card,exit,G11,1.57
TX0009105,ST08,2026-08-20 17:00:00,smart_card,entry,G07,4.41
TX0009106,ST07,2026-08-18 07:00:00,smart_card,exit,G09,2.62
TX0009107,ST03,2026-08-15 11:00:00,monthly_pass,entry,G12,2.18
TX0009108,ST06,2026-06-26 08:00:00,smart_card,exit,G11,4.4
TX0009109,ST05,2026-08-12 16:00:00,smart_card,exit,G04,3.73
TX0009110,ST02,2026-08-01 03:00:00,monthly_pass,entry,G12,2.0
TX0009111,ST09,2026-08-18 12:00:00,monthly_pass,exit,G07,2.87
TX0009112,ST01,2026-08-10 15:00:00,smart_card,exit,G12,2.76
TX0009113,ST08,2026-06-23 09:00:00,day_pass,exit,G07,2.67
TX0009114,ST10,2026-08-04 08:00:00,smart_card,exit,G12,3.52
TX0009115,ST04,2026-08-02 15:00:00,single_ticket,entry,G03,1.89
TX0009116,ST03,2026-08-18 04:00:00,monthly_pass,exit,G10,2.82
TX0009117,ST10,2026-07-25 09:00:00,smart_card,exit,G06,3.12
TX0009118,ST07,2026-07-11 16:00:00,smart_card,exit,G02,3.37
TX0009119,ST01,2026-08-06 21:00:00,single_ticket,exit,G08,1.95
TX0009120,ST05,2026-07-29 10:00:00,single_ticket,exit,G07,3.99
TX0009121,ST01,2026-08-14 06:00:00,monthly_pass,exit,G02,3.17
TX0009122,ST04,2026-08-18 15:00:00,smart_card,exit,G02,4.38
TX0009123,ST07,2026-07-15 23:00:00,smart_card,entry,G08,2.6
TX0009124,ST07,2026-06-25 21:00:00,single_ticket,entry,G12,4.24
TX0009125,ST05,2026-08-04 10:00:00,smart_card,exit,G07,1.79
TX0009126,ST05,2026-07-27 20:00:00,smart_card,exit,G05,4.41
TX0009127,ST03,2026-07-12 03:00:00,smart_card,exit,G05,3.83
TX0009128,ST06,2026-07-15 08:00:00,smart_card,exit,G09,2.8
TX0009129,ST01,2026-06-29 20:00:00,smart_card,entry,G05,1.73
TX0009130,ST10,2026-08-19 03:00:00,single_ticket,entry,G07,3.92
TX0009131,ST08,2026-07-25 17:00:00,smart_card,exit,G11,2.77
TX0009132,ST05,2026-07-23 14:00:00,smart_card,exit,G10,3.4
TX0009133,ST04,2026-07-02 12:00:00,single_ticket,entry,G12,2.82
TX0009134,ST05,2026-07-27 08:00:00,smart_card,exit,G09,2.18
TX0009135,ST09,2026-07-10 03:00:00,day_pass,entry,G05,1.74
TX0009136,ST02,2026-07-13 22:00:00,monthly_pass,exit,G02,4.46
TX0009137,ST04,2026-07-20 05:00:00,smart_card,entry,G06,2.26
TX0009138,ST04,2026-07-16 00:00:00,monthly_pass,exit,G05,2.85
TX0009139,ST06,2026-07-27 04:00:00,monthly_pass,entry,G06,3.21
TX0009140,ST05,2026-06-26 18:00:00,smart_card,entry,G12,3.84
TX0009141,ST10,2026-07-21 05:00:00,day_pass,exit,G08,2.32
TX0009142,ST05,2026-07-11 15:00:00,smart_card,exit,G02,3.8
TX0009143,ST08,2026-07-23 15:00:00,day_pass,exit,G03,1.88
TX0009144,ST08,2026-06-27 05:00:00,single_ticket,entry,G03,3.95
TX0009145,ST01,2026-08-13 08:00:00,monthly_pass,entry,G05,4.21
TX0009146,ST03,2026-07-04 13:00:00,smart_card,entry,G12,4.21
TX0009147,ST03,2026-07-12 04:00:00,single_ticket,entry,G02,1.63
TX0009148,ST07,2026-08-13 23:00:00,smart_card,exit,G09,2.99
TX0009149,ST07,2026-07-17 08:00:00,monthly_pass,exit,G01,4.17
TX0009150,ST08,2026-08-06 01:00:00,smart_card,entry,G02,3.88
TX0009151,ST09,2026-08-20 23:00:00,smart_card,entry,G03,4.14
TX0009152,ST06,2026-07-01 00:00:00,day_pass,exit,G05,3.65
TX0009153,ST06,2026-07-06 07:00:00,smart_card,exit,G01,4.06
TX0009154,ST01,2026-08-05 00:00:00,single_ticket,exit,G01,1.68
TX0009155,ST06,2026-08-13 21:00:00,smart_card,exit,G03,2.09
TX0009156,ST04,2026-07-10 16:00:00,single_ticket,entry,G10,3.67
TX0009157,ST10,2026-08-14 07:00:00,day_pass,entry,G05,3.94
TX0009158,ST02,2026-07-10 07:00:00,monthly_pass,exit,G02,2.05
TX0009159,ST06,2026-06-25 15:00:00,smart_card,exit,G01,3.91
TX0009160,ST07,2026-07-07 13:00:00,single_ticket,entry,G01,2.19
TX0009161,ST08,2026-07-29 13:00:00,smart_card,entry,G12,3.49
TX0009162,ST04,2026-06-22 07:00:00,monthly_pass,entry,G05,3.05
TX0009163,ST05,2026-06-25 04:00:00,single_ticket,exit,G02,3.81
TX0009164,ST09,2026-06-29 03:00:00,smart_card,entry,G02,2.8
TX0009165,ST07,2026-08-05 13:00:00,smart_card,entry,G11,2.11
TX0009166,ST10,2026-07-19 10:00:00,smart_card,exit,G10,3.97
TX0009167,ST09,2026-08-07 01:00:00,monthly_pass,exit,G09,4.28
TX0009168,ST08,2026-08-08 09:00:00,smart_card,entry,G07,3.37
TX0009169,ST04,2026-06-29 02:00:00,smart_card,exit,G10,4.09
TX0009170,ST06,2026-08-20 04:00:00,smart_card,entry,G06,1.57
TX0009171,ST03,2026-08-04 17:00:00,single_ticket,exit,G03,3.14
TX0009172,ST10,2026-07-20 21:00:00,single_ticket,entry,G06,2.66
TX0009173,ST10,2026-08-17 06:00:00,smart_card,exit,G12,3.63
TX0009174,ST08,2026-07-15 12:00:00,smart_card,exit,G05,2.49
TX0009175,ST06,2026-07-19 07:00:00,smart_card,exit,G03,1.54
TX0009176,ST09,2026-06-27 07:00:00,single_ticket,exit,G08,2.92
TX0009177,ST03,2026-07-01 22:00:00,monthly_pass,entry,G01,3.28
TX0009178,ST03,2026-07-09 20:00:00,monthly_pass,entry,G07,3.53
TX0009179,ST02,2026-07-02 15:00:00,smart_card,exit,G02,4.0
TX0009180,ST07,2026-07-17 17:00:00,smart_card,exit,G01,4.5
TX0009181,ST04,2026-07-22 13:00:00,smart_card,entry,G05,3.79
TX0009182,ST07,2026-08-05 12:00:00,day_pass,exit,G09,2.42
TX0009183,ST03,2026-07-10 01:00:00,single_ticket,exit,G01,4.32
TX0009184,ST02,2026-06-24 21:00:00,smart_card,entry,G02,3.53
TX0009185,ST02,2026-07-07 11:00:00,smart_card,entry,G10,4.18
TX0009186,ST03,2026-08-02 12:00:00,smart_card,exit,G12,2.75
TX0009187,ST03,2026-07-30 04:00:00,smart_card,exit,G07,1.93
TX0009188,ST10,2026-07-23 13:00:00,monthly_pass,exit,G06,3.55
TX0009189,ST08,2026-07-21 10:00:00,smart_card,entry,G12,1.91
TX0009190,ST02,2026-07-03 18:00:00,day_pass,exit,G04,4.11
TX0009191,ST02,2026-08-13 13:00:00,monthly_pass,exit,G08,3.43
TX0009192,ST02,2026-07-09 05:00:00,smart_card,exit,G01,2.83
TX0009193,ST04,2026-06-30 05:00:00,smart_card,exit,G01,1.89
TX0009194,ST09,2026-07-30 01:00:00,smart_card,entry,G05,2.34
TX0009195,ST05,2026-07-28 03:00:00,single_ticket,exit,G07,2.35
TX0009196,ST03,2026-07-15 08:00:00,smart_card,entry,G01,1.64
TX0009197,ST07,2026-08-07 16:00:00,monthly_pass,exit,G01,1.94
TX0009198,ST01,2026-06-28 03:00:00,day_pass,entry,G02,3.33
TX0009199,ST08,2026-06-22 23:00:00,day_pass,entry,G12,1.61
TX0009200,ST05,2026-08-12 13:00:00,single_ticket,entry,G04,2.92
TX0009201,ST07,2026-08-06 03:00:00,smart_card,exit,G08,3.29
TX0009202,ST07,2026-07-27 19:00:00,single_ticket,exit,G12,2.24
TX0009203,ST01,2026-08-07 18:00:00,single_ticket,entry,G05,4.49
TX0009204,ST02,2026-07-05 09:00:00,smart_card,exit,G02,2.87
TX0009205,ST01,2026-07-12 22:00:00,smart_card,exit,G08,3.76
TX0009206,ST05,2026-08-02 12:00:00,smart_card,entry,G04,2.17
TX0009207,ST01,2026-07-28 11:00:00,smart_card,exit,G10,1.6
TX0009208,ST03,2026-07-12 02:00:00,smart_card,exit,G12,1.72
TX0009209,ST07,2026-07-11 13:00:00,smart_card,exit,G12,2.38
TX0009210,ST06,2026-07-12 03:00:00,monthly_pass,exit,G05,2.41
TX0009211,ST01,2026-07-22 06:00:00,smart_card,entry,G08,2.08
TX0009212,ST01,2026-07-29 03:00:00,smart_card,entry,G06,2.5
TX0009213,ST10,2026-07-28 10:00:00,smart_card,entry,G09,1.86
TX0009214,ST08,2026-07-12 09:00:00,smart_card,entry,G04,4.16
TX0009215,ST09,2026-07-10 18:00:00,monthly_pass,exit,G05,2.41
TX0009216,ST06,2026-08-09 00:00:00,smart_card,exit,G02,3.69
TX0009217,ST06,2026-07-29 19:00:00,smart_card,entry,G03,4.24
TX0009218,ST09,2026-08-03 01:00:00,smart_card,entry,G03,4.31
TX0009219,ST07,2026-08-10 19:00:00,smart_card,exit,G05,3.2
TX0009220,ST01,2026-07-05 07:00:00,single_ticket,entry,G02,2.48
TX0009221,ST09,2026-08-17 23:00:00,smart_card,entry,G08,4.22
TX0009222,ST08,2026-07-20 16:00:00,day_pass,exit,G12,4.42
TX0009223,ST03,2026-08-16 09:00:00,single_ticket,entry,G11,3.76
TX0009224,ST05,2026-06-25 23:00:00,single_ticket,exit,G10,3.24
TX0009225,ST05,2026-07-07 14:00:00,smart_card,entry,G08,2.0
TX0009226,ST04,2026-08-08 04:00:00,smart_card,exit,G04,3.38
TX0009227,ST03,2026-07-02 14:00:00,smart_card,entry,G12,2.21
TX0009228,ST02,2026-07-15 09:00:00,smart_card,exit,G07,2.04
TX0009229,ST08,2026-07-17 15:00:00,smart_card,entry,G09,2.7
TX0009230,ST03,2026-08-06 13:00:00,single_ticket,entry,G01,2.7
TX0009231,ST08,2026-08-15 18:00:00,monthly_pass,exit,G08,3.02
TX0009232,ST01,2026-07-06 05:00:00,single_ticket,entry,G03,2.65
TX0009233,ST08,2026-08-15 19:00:00,smart_card,entry,G01,1.61
TX0009234,ST09,2026-07-14 15:00:00,smart_card,entry,G12,2.94
TX0009235,ST08,2026-07-25 19:00:00,monthly_pass,entry,G08,2.4
TX0009236,ST03,2026-06-26 14:00:00,smart_card,exit,G01,3.27
TX0009237,ST04,2026-07-04 17:00:00,smart_card,entry,G01,2.76
TX0009238,ST05,2026-07-24 08:00:00,monthly_pass,exit,G10,2.71
TX0009239,ST10,2026-08-11 21:00:00,smart_card,exit,G07,4.07
TX0009240,ST03,2026-07-20 11:00:00,single_ticket,exit,G02,3.72
TX0009241,ST10,2026-06-29 04:00:00,smart_card,entry,G08,3.88
TX0009242,ST03,2026-07-14 13:00:00,single_ticket,exit,G12,3.4
TX0009243,ST01,2026-07-05 00:00:00,smart_card,exit,G08,4.14
TX0009244,ST10,2026-08-16 23:00:00,monthly_pass,exit,G11,3.39
TX0009245,ST08,2026-07-27 21:00:00,smart_card,exit,G11,1.59
TX0009246,ST01,2026-07-06 17:00:00,smart_card,entry,G12,3.01
TX0009247,ST05,2026-06-28 19:00:00,day_pass,entry,G06,3.22
TX0009248,ST09,2026-08-08 10:00:00,single_ticket,exit,G12,4.17
TX0009249,ST06,2026-06-24 00:00:00,smart_card,exit,G06,3.05
TX0009250,ST10,2026-07-22 12:00:00,smart_card,entry,G05,2.21
TX0009251,ST04,2026-06-28 23:00:00,smart_card,exit,G07,2.85
TX0009252,ST06,2026-08-05 12:00:00,monthly_pass,exit,G11,2.77
TX0009253,ST07,2026-08-05 07:00:00,single_ticket,exit,G05,3.17
TX0009254,ST05,2026-08-06 20:00:00,smart_card,entry,G06,2.29
TX0009255,ST09,2026-06-30 12:00:00,smart_card,entry,G04,2.49
TX0009256,ST08,2026-07-01 14:00:00,smart_card,exit,G05,4.38
TX0009257,ST09,2026-07-01 08:00:00,monthly_pass,exit,G02,2.97
TX0009258,ST07,2026-08-04 10:00:00,smart_card,exit,G11,4.04
TX0009259,ST02,2026-07-01 15:00:00,smart_card,exit,G11,4.38
TX0009260,ST06,2026-07-08 00:00:00,smart_card,exit,G12,3.93
TX0009261,ST04,2026-08-13 07:00:00,single_ticket,entry,G01,2.69
TX0009262,ST01,2026-06-24 09:00:00,day_pass,entry,G01,2.09
TX0009263,ST10,2026-07-18 08:00:00,single_ticket,exit,G12,3.91
TX0009264,ST05,2026-07-13 04:00:00,day_pass,entry,G10,3.35
TX0009265,ST02,2026-06-22 10:00:00,day_pass,exit,G04,2.45
TX0009266,ST07,2026-07-26 09:00:00,monthly_pass,entry,G06,3.93
TX0009267,ST10,2026-07-10 11:00:00,smart_card,exit,G09,3.23
TX0009268,ST02,2026-07-02 20:00:00,smart_card,exit,G05,3.84
TX0009269,ST02,2026-06-27 19:00:00,smart_card,exit,G09,3.02
TX0009270,ST08,2026-07-17 03:00:00,day_pass,exit,G10,3.34
TX0009271,ST04,2026-06-25 18:00:00,smart_card,entry,G05,2.6
TX0009272,ST02,2026-06-30 03:00:00,smart_card,entry,G01,2.54
TX0009273,ST09,2026-07-16 20:00:00,single_ticket,exit,G05,3.66
TX0009274,ST02,2026-07-10 14:00:00,smart_card,exit,G12,2.65
TX0009275,ST04,2026-07-23 15:00:00,single_ticket,entry,G08,2.72
TX0009276,ST04,2026-08-10 18:00:00,single_ticket,exit,G02,2.39
TX0009277,ST09,2026-08-10 22:00:00,monthly_pass,exit,G01,3.89
TX0009278,ST07,2026-08-07 17:00:00,single_ticket,entry,G12,3.98
TX0009279,ST07,2026-07-08 21:00:00,smart_card,exit,G01,1.97
TX0009280,ST08,2026-06-28 16:00:00,smart_card,exit,G01,3.56
TX0009281,ST07,2026-08-17 16:00:00,smart_card,exit,G09,2.24
TX0009282,ST01,2026-06-29 23:00:00,smart_card,entry,G02,2.23
TX0009283,ST04,2026-08-12 19:00:00,day_pass,entry,G07,2.07
TX0009284,ST05,2026-08-20 14:00:00,single_ticket,entry,G02,2.17
TX0009285,ST10,2026-07-07 01:00:00,single_ticket,entry,G12,2.69
TX0009286,ST08,2026-08-02 11:00:00,single_ticket,exit,G03,2.38
TX0009287,ST05,2026-07-26 16:00:00,single_ticket,exit,G04,2.12
TX0009288,ST01,2026-08-12 15:00:00,day_pass,entry,G04,3.38
TX0009289,ST07,2026-08-21 01:00:00,smart_card,entry,G05,3.88
TX0009290,ST03,2026-08-04 08:00:00,smart_card,entry,G04,2.8
TX0009291,ST01,2026-07-10 19:00:00,smart_card,entry,G08,1.52
TX0009292,ST01,2026-07-27 09:00:00,day_pass,exit,G06,3.3
TX0009293,ST04,2026-07-28 22:00:00,monthly_pass,exit,G09,3.99
TX0009294,ST09,2026-08-08 22:00:00,monthly_pass,exit,G07,3.34
TX0009295,ST08,2026-08-04 05:00:00,smart_card,entry,G05,4.04
TX0009296,ST02,2026-08-02 21:00:00,monthly_pass,entry,G10,1.53
TX0009297,ST03,2026-07-01 12:00:00,monthly_pass,exit,G02,2.17
TX0009298,ST06,2026-07-12 17:00:00,smart_card,entry,G11,3.45
TX0009299,ST04,2026-07-11 03:00:00,single_ticket,exit,G01,2.63
TX0009300,ST05,2026-08-11 19:00:00,monthly_pass,entry,G07,2.09
TX0009301,ST05,2026-07-06 03:00:00,smart_card,exit,G01,4.25
TX0009302,ST02,2026-07-21 22:00:00,monthly_pass,exit,G08,2.71
TX0009303,ST04,2026-08-11 03:00:00,smart_card,exit,G05,4.03
TX0009304,ST09,2026-07-04 20:00:00,smart_card,entry,G02,4.4
TX0009305,ST04,2026-07-23 08:00:00,smart_card,entry,G04,1.58
TX0009306,ST09,2026-07-26 20:00:00,smart_card,entry,G06,4.34
TX0009307,ST08,2026-08-03 22:00:00,single_ticket,entry,G01,3.66
TX0009308,ST09,2026-07-12 03:00:00,smart_card,exit,G06,3.83
TX0009309,ST01,2026-07-24 13:00:00,smart_card,entry,G08,2.06
TX0009310,ST06,2026-08-11 22:00:00,monthly_pass,entry,G03,2.03
TX0009311,ST10,2026-07-09 21:00:00,smart_card,exit,G05,2.92
TX0009312,ST05,2026-07-15 17:00:00,smart_card,entry,G06,1.96
TX0009313,ST04,2026-07-17 05:00:00,monthly_pass,entry,G07,3.65
TX0009314,ST09,2026-08-03 11:00:00,monthly_pass,entry,G08,4.21
TX0009315,ST07,2026-07-14 19:00:00,day_pass,exit,G11,4.35
TX0009316,ST10,2026-07-22 02:00:00,smart_card,entry,G09,2.41
TX0009317,ST08,2026-06-25 16:00:00,smart_card,entry,G05,3.05
TX0009318,ST03,2026-07-02 21:00:00,day_pass,exit,G11,2.07
TX0009319,ST09,2026-07-17 14:00:00,day_pass,exit,G03,2.51
TX0009320,ST04,2026-08-08 19:00:00,single_ticket,entry,G10,2.33
TX0009321,ST03,2026-07-04 20:00:00,smart_card,entry,G04,3.05
TX0009322,ST09,2026-07-10 14:00:00,single_ticket,entry,G05,2.29
TX0009323,ST06,2026-07-05 15:00:00,single_ticket,exit,G01,1.55
TX0009324,ST08,2026-08-18 03:00:00,monthly_pass,entry,G11,2.3
TX0009325,ST03,2026-07-05 12:00:00,smart_card,exit,G03,1.91
TX0009326,ST08,2026-07-26 17:00:00,smart_card,entry,G01,1.62
TX0009327,ST01,2026-08-14 22:00:00,smart_card,entry,G11,2.92
TX0009328,ST10,2026-08-05 03:00:00,day_pass,exit,G12,3.42
TX0009329,ST10,2026-07-24 23:00:00,monthly_pass,exit,G02,4.22
TX0009330,ST08,2026-08-12 22:00:00,smart_card,exit,G11,2.12
TX0009331,ST06,2026-07-06 11:00:00,smart_card,entry,G04,1.73
TX0009332,ST02,2026-07-10 12:00:00,single_ticket,entry,G10,3.68
TX0009333,ST09,2026-07-21 20:00:00,smart_card,entry,G02,3.05
TX0009334,ST07,2026-08-01 17:00:00,day_pass,exit,G01,4.24
TX0009335,ST04,2026-08-08 14:00:00,smart_card,exit,G01,2.9
TX0009336,ST02,2026-07-21 17:00:00,monthly_pass,entry,G10,4.1
TX0009337,ST03,2026-08-13 08:00:00,smart_card,entry,G05,1.7
TX0009338,ST01,2026-08-04 09:00:00,day_pass,exit,G03,4.48
TX0009339,ST07,2026-06-30 01:00:00,smart_card,entry,G10,2.74
TX0009340,ST10,2026-07-23 23:00:00,smart_card,entry,G05,4.1
TX0009341,ST03,2026-08-13 11:00:00,smart_card,entry,G01,1.61
TX0009342,ST01,2026-07-19 06:00:00,smart_card,exit,G10,2.06
TX0009343,ST07,2026-07-18 16:00:00,single_ticket,exit,G09,3.26
TX0009344,ST05,2026-07-31 20:00:00,day_pass,exit,G09,1.55
TX0009345,ST01,2026-07-28 02:00:00,smart_card,exit,G01,3.18
TX0009346,ST07,2026-07-11 04:00:00,day_pass,entry,G03,2.31
TX0009347,ST01,2026-06-30 04:00:00,smart_card,entry,G09,3.09
TX0009348,ST06,2026-08-07 02:00:00,smart_card,exit,G10,3.75
TX0009349,ST05,2026-07-03 07:00:00,smart_card,entry,G12,3.38
TX0009350,ST02,2026-07-13 03:00:00,day_pass,entry,G10,3.74
TX0009351,ST04,2026-06-22 16:00:00,smart_card,exit,G04,2.54
TX0009352,ST10,2026-08-04 17:00:00,smart_card,exit,G07,3.65
TX0009353,ST07,2026-06-27 20:00:00,smart_card,exit,G06,3.11
TX0009354,ST06,2026-07-24 09:00:00,smart_card,entry,G05,3.02
TX0009355,ST10,2026-06-30 12:00:00,smart_card,entry,G07,3.38
TX0009356,ST08,2026-07-21 11:00:00,smart_card,exit,G11,3.01
TX0009357,ST08,2026-07-17 12:00:00,day_pass,entry,G03,2.84
TX0009358,ST02,2026-08-16 20:00:00,smart_card,entry,G07,2.45
TX0009359,ST03,2026-08-13 22:00:00,smart_card,exit,G01,3.3
TX0009360,ST09,2026-07-28 17:00:00,single_ticket,entry,G07,2.39
TX0009361,ST02,2026-08-10 06:00:00,smart_card,entry,G01,1.5
TX0009362,ST02,2026-08-01 16:00:00,smart_card,exit,G11,1.69
TX0009363,ST01,2026-08-06 19:00:00,day_pass,exit,G05,4.14
TX0009364,ST05,2026-07-04 22:00:00,smart_card,exit,G03,4.04
TX0009365,ST02,2026-06-26 15:00:00,day_pass,exit,G03,4.37
TX0009366,ST04,2026-07-03 10:00:00,single_ticket,exit,G04,2.84
TX0009367,ST05,2026-07-03 15:00:00,monthly_pass,exit,G07,2.31
TX0009368,ST07,2026-08-07 19:00:00,smart_card,exit,G05,4.5
TX0009369,ST05,2026-08-10 22:00:00,single_ticket,exit,G01,3.32
TX0009370,ST03,2026-07-02 20:00:00,single_ticket,entry,G03,4.22
TX0009371,ST03,2026-08-01 21:00:00,day_pass,exit,G09,2.57
TX0009372,ST10,2026-07-05 11:00:00,smart_card,entry,G04,3.82
TX0009373,ST05,2026-07-19 16:00:00,single_ticket,exit,G02,3.84
TX0009374,ST03,2026-07-30 18:00:00,smart_card,entry,G08,3.47
TX0009375,ST10,2026-07-29 19:00:00,smart_card,exit,G01,2.23
TX0009376,ST07,2026-07-29 09:00:00,smart_card,exit,G08,4.0
TX0009377,ST06,2026-07-01 20:00:00,monthly_pass,exit,G04,2.91
TX0009378,ST05,2026-08-03 11:00:00,single_ticket,entry,G07,3.76
TX0009379,ST09,2026-08-08 07:00:00,single_ticket,entry,G09,3.13
TX0009380,ST01,2026-07-11 13:00:00,single_ticket,entry,G06,1.82
TX0009381,ST01,2026-08-13 14:00:00,smart_card,exit,G02,2.81
TX0009382,ST02,2026-07-26 08:00:00,smart_card,entry,G09,2.64
TX0009383,ST04,2026-08-15 19:00:00,single_ticket,entry,G10,4.28
TX0009384,ST10,2026-08-02 16:00:00,single_ticket,exit,G04,4.01
TX0009385,ST05,2026-07-11 20:00:00,single_ticket,entry,G08,2.45
TX0009386,ST06,2026-06-29 19:00:00,smart_card,entry,G01,3.33
TX0009387,ST10,2026-07-31 04:00:00,single_ticket,entry,G04,2.82
TX0009388,ST09,2026-07-07 14:00:00,single_ticket,exit,G11,3.47
TX0009389,ST01,2026-08-13 19:00:00,smart_card,exit,G02,2.8
TX0009390,ST10,2026-06-22 08:00:00,single_ticket,exit,G05,2.72
TX0009391,ST06,2026-06-22 17:00:00,smart_card,exit,G11,3.83
TX0009392,ST01,2026-08-01 20:00:00,smart_card,entry,G06,4.35
TX0009393,ST08,2026-07-01 18:00:00,day_pass,exit,G03,1.64
TX0009394,ST05,2026-06-26 15:00:00,smart_card,entry,G09,1.56
TX0009395,ST07,2026-07-12 18:00:00,day_pass,exit,G08,3.07
TX0009396,ST05,2026-07-26 11:00:00,single_ticket,entry,G06,3.67
TX0009397,ST02,2026-07-31 16:00:00,smart_card,entry,G09,4.25
TX0009398,ST10,2026-08-04 23:00:00,day_pass,exit,G10,2.37
TX0009399,ST04,2026-07-21 10:00:00,smart_card,entry,G07,2.93
TX0009400,ST05,2026-08-18 06:00:00,smart_card,entry,G03,3.98
TX0009401,ST09,2026-07-13 17:00:00,smart_card,entry,G08,2.52
TX0009402,ST03,2026-08-02 23:00:00,single_ticket,entry,G10,1.7
TX0009403,ST05,2026-07-04 12:00:00,smart_card,entry,G04,4.04
TX0009404,ST10,2026-06-27 11:00:00,smart_card,exit,G01,2.3
TX0009405,ST08,2026-08-13 03:00:00,monthly_pass,exit,G08,4.46
TX0009406,ST03,2026-08-02 16:00:00,monthly_pass,exit,G05,2.26
TX0009407,ST02,2026-08-17 10:00:00,monthly_pass,entry,G10,3.38
TX0009408,ST07,2026-07-12 21:00:00,smart_card,exit,G08,4.29
TX0009409,ST09,2026-08-14 13:00:00,day_pass,exit,G10,2.29
TX0009410,ST02,2026-07-09 14:00:00,day_pass,entry,G06,2.78
TX0009411,ST09,2026-08-01 14:00:00,smart_card,entry,G03,2.79
TX0009412,ST03,2026-08-12 09:00:00,smart_card,entry,G08,3.1
TX0009413,ST04,2026-07-29 10:00:00,smart_card,entry,G10,2.61
TX0009414,ST06,2026-08-06 06:00:00,day_pass,entry,G03,3.1
TX0009415,ST03,2026-07-07 20:00:00,single_ticket,entry,G09,3.38
TX0009416,ST06,2026-06-27 08:00:00,smart_card,exit,G12,2.41
TX0009417,ST02,2026-08-13 07:00:00,smart_card,exit,G06,3.37
TX0009418,ST06,2026-06-30 02:00:00,day_pass,entry,G04,2.12
TX0009419,ST04,2026-07-05 00:00:00,single_ticket,entry,G06,2.28
TX0009420,ST09,2026-07-09 11:00:00,monthly_pass,exit,G06,1.73
TX0009421,ST01,2026-08-16 04:00:00,smart_card,entry,G07,4.08
TX0009422,ST08,2026-07-25 11:00:00,monthly_pass,exit,G09,2.79
TX0009423,ST10,2026-08-14 04:00:00,smart_card,entry,G10,2.38
TX0009424,ST04,2026-07-27 07:00:00,smart_card,exit,G09,3.51
TX0009425,ST09,2026-08-20 00:00:00,monthly_pass,entry,G08,2.59
TX0009426,ST07,2026-08-16 05:00:00,smart_card,exit,G09,2.99
TX0009427,ST01,2026-08-08 12:00:00,single_ticket,exit,G11,2.6
TX0009428,ST04,2026-06-30 22:00:00,smart_card,entry,G03,2.31
TX0009429,ST03,2026-07-18 06:00:00,single_ticket,exit,G10,4.41
TX0009430,ST04,2026-07-10 02:00:00,smart_card,exit,G03,1.53
TX0009431,ST05,2026-08-16 11:00:00,smart_card,entry,G11,2.47
TX0009432,ST08,2026-08-17 21:00:00,smart_card,exit,G07,3.5
TX0009433,ST10,2026-08-13 10:00:00,monthly_pass,entry,G11,2.89
TX0009434,ST05,2026-07-16 05:00:00,monthly_pass,exit,G12,2.99
TX0009435,ST10,2026-07-22 22:00:00,day_pass,exit,G01,3.25
TX0009436,ST05,2026-08-12 03:00:00,monthly_pass,exit,G07,3.79
TX0009437,ST09,2026-08-03 02:00:00,single_ticket,entry,G05,1.81
TX0009438,ST02,2026-08-05 14:00:00,smart_card,entry,G03,1.68
TX0009439,ST03,2026-06-23 05:00:00,smart_card,entry,G05,2.5
TX0009440,ST01,2026-07-15 23:00:00,day_pass,entry,G08,2.87
TX0009441,ST02,2026-06-22 13:00:00,smart_card,entry,G09,3.95
TX0009442,ST03,2026-07-14 11:00:00,smart_card,entry,G02,1.54
TX0009443,ST10,2026-07-03 09:00:00,smart_card,exit,G07,3.39
TX0009444,ST08,2026-07-03 21:00:00,monthly_pass,exit,G08,2.51
TX0009445,ST07,2026-07-19 07:00:00,smart_card,exit,G12,2.85
TX0009446,ST08,2026-08-18 17:00:00,smart_card,entry,G03,3.21
TX0009447,ST05,2026-08-06 02:00:00,single_ticket,entry,G08,2.15
TX0009448,ST03,2026-07-06 15:00:00,single_ticket,exit,G10,2.12
TX0009449,ST10,2026-08-05 22:00:00,smart_card,entry,G07,3.81
TX0009450,ST04,2026-06-24 20:00:00,single_ticket,exit,G03,4.0
TX0009451,ST07,2026-07-16 18:00:00,smart_card,exit,G11,2.29
TX0009452,ST06,2026-07-19 02:00:00,smart_card,entry,G02,3.39
TX0009453,ST03,2026-07-19 16:00:00,single_ticket,entry,G10,3.05
TX0009454,ST10,2026-08-12 23:00:00,monthly_pass,exit,G12,3.29
TX0009455,ST09,2026-08-19 01:00:00,day_pass,entry,G02,4.09
TX0009456,ST02,2026-08-19 00:00:00,smart_card,entry,G08,3.29
TX0009457,ST05,2026-06-23 01:00:00,smart_card,entry,G06,4.08
TX0009458,ST04,2026-07-20 09:00:00,smart_card,entry,G09,2.92
TX0009459,ST01,2026-08-16 23:00:00,smart_card,entry,G12,1.69
TX0009460,ST03,2026-07-08 03:00:00,smart_card,exit,G03,1.98
TX0009461,ST06,2026-07-20 09:00:00,smart_card,entry,G09,3.44
TX0009462,ST08,2026-07-05 06:00:00,smart_card,entry,G12,2.64
TX0009463,ST05,2026-08-06 03:00:00,smart_card,entry,G01,2.91
TX0009464,ST04,2026-08-20 10:00:00,smart_card,exit,G10,3.73
TX0009465,ST01,2026-07-19 07:00:00,smart_card,exit,G01,3.37
TX0009466,ST05,2026-07-03 20:00:00,smart_card,entry,G03,3.7
TX0009467,ST02,2026-07-26 07:00:00,smart_card,entry,G09,1.61
TX0009468,ST04,2026-08-06 00:00:00,smart_card,entry,G11,4.29
TX0009469,ST09,2026-08-05 11:00:00,smart_card,exit,G10,2.59
TX0009470,ST05,2026-08-16 07:00:00,smart_card,entry,G03,3.63
TX0009471,ST08,2026-08-07 16:00:00,smart_card,exit,G10,2.75
TX0009472,ST03,2026-07-18 22:00:00,day_pass,entry,G04,2.13
TX0009473,ST09,2026-07-08 05:00:00,smart_card,exit,G04,3.15
TX0009474,ST04,2026-06-28 19:00:00,single_ticket,entry,G10,1.76
TX0009475,ST04,2026-08-17 01:00:00,single_ticket,exit,G10,1.64
TX0009476,ST01,2026-06-25 00:00:00,single_ticket,exit,G10,2.34
TX0009477,ST10,2026-07-28 09:00:00,single_ticket,exit,G12,2.78
TX0009478,ST08,2026-08-17 04:00:00,smart_card,entry,G03,2.24
TX0009479,ST06,2026-07-09 06:00:00,smart_card,entry,G07,4.47
TX0009480,ST01,2026-08-13 15:00:00,smart_card,entry,G07,1.58
TX0009481,ST08,2026-08-20 13:00:00,smart_card,entry,G08,4.1
TX0009482,ST09,2026-07-23 11:00:00,smart_card,entry,G12,2.77
TX0009483,ST01,2026-08-02 12:00:00,smart_card,entry,G03,3.77
TX0009484,ST03,2026-07-18 05:00:00,smart_card,exit,G03,4.23
TX0009485,ST06,2026-08-07 06:00:00,monthly_pass,exit,G03,3.26
TX0009486,ST01,2026-07-30 12:00:00,smart_card,exit,G02,3.0
TX0009487,ST01,2026-06-29 02:00:00,smart_card,entry,G01,3.39
TX0009488,ST08,2026-07-16 17:00:00,single_ticket,exit,G04,4.42
TX0009489,ST09,2026-07-24 22:00:00,day_pass,entry,G03,1.74
TX0009490,ST07,2026-07-13 02:00:00,smart_card,entry,G12,3.2
TX0009491,ST04,2026-07-03 15:00:00,single_ticket,entry,G02,2.95
TX0009492,ST09,2026-07-13 03:00:00,smart_card,exit,G04,3.96
TX0009493,ST02,2026-08-19 23:00:00,monthly_pass,exit,G08,1.82
TX0009494,ST08,2026-07-08 17:00:00,single_ticket,entry,G08,3.42
TX0009495,ST10,2026-08-19 22:00:00,smart_card,entry,G01,2.4
TX0009496,ST09,2026-06-29 16:00:00,single_ticket,exit,G07,3.78
TX0009497,ST04,2026-06-28 01:00:00,smart_card,exit,G12,1.7
TX0009498,ST08,2026-07-19 23:00:00,smart_card,exit,G03,4.02
TX0009499,ST05,2026-07-28 04:00:00,smart_card,exit,G12,1.5
TX0009500,ST07,2026-07-19 23:00:00,single_ticket,exit,G11,4.15
TX0009501,ST09,2026-07-15 11:00:00,monthly_pass,exit,G04,2.95
TX0009502,ST06,2026-08-14 23:00:00,smart_card,entry,G05,4.28
TX0009503,ST02,2026-08-15 04:00:00,single_ticket,exit,G11,1.53
TX0009504,ST04,2026-08-17 10:00:00,single_ticket,exit,G07,4.26
TX0009505,ST04,2026-07-20 01:00:00,smart_card,entry,G06,3.13
TX0009506,ST10,2026-06-22 06:00:00,single_ticket,exit,G06,1.7
TX0009507,ST02,2026-07-31 07:00:00,monthly_pass,entry,G11,4.46
TX0009508,ST09,2026-08-18 17:00:00,single_ticket,exit,G02,2.34
TX0009509,ST03,2026-08-15 01:00:00,smart_card,entry,G09,2.05
TX0009510,ST06,2026-07-29 09:00:00,single_ticket,entry,G01,1.7
TX0009511,ST09,2026-06-22 07:00:00,day_pass,exit,G02,3.05
TX0009512,ST02,2026-07-19 20:00:00,smart_card,exit,G02,3.53
TX0009513,ST03,2026-07-28 20:00:00,smart_card,entry,G09,2.4
TX0009514,ST08,2026-08-09 04:00:00,single_ticket,exit,G11,3.58
TX0009515,ST02,2026-07-08 18:00:00,smart_card,entry,G08,4.03
TX0009516,ST09,2026-06-24 02:00:00,day_pass,exit,G05,2.86
TX0009517,ST09,2026-07-10 19:00:00,smart_card,entry,G10,4.39
TX0009518,ST04,2026-08-19 03:00:00,smart_card,entry,G04,1.82
TX0009519,ST07,2026-06-28 20:00:00,day_pass,entry,G10,3.69
TX0009520,ST04,2026-06-29 17:00:00,smart_card,entry,G08,3.71
TX0009521,ST01,2026-08-06 18:00:00,smart_card,entry,G09,3.17
TX0009522,ST07,2026-08-02 07:00:00,smart_card,entry,G04,1.92
TX0009523,ST05,2026-08-01 03:00:00,day_pass,exit,G08,3.13
TX0009524,ST10,2026-07-13 16:00:00,smart_card,exit,G03,2.0
TX0009525,ST07,2026-07-05 13:00:00,single_ticket,exit,G11,1.76
TX0009526,ST01,2026-06-28 21:00:00,monthly_pass,exit,G02,3.12
TX0009527,ST01,2026-06-30 16:00:00,single_ticket,exit,G10,3.32
TX0009528,ST05,2026-07-22 08:00:00,smart_card,entry,G08,3.91
TX0009529,ST03,2026-08-05 09:00:00,smart_card,exit,G09,2.11
TX0009530,ST04,2026-07-17 18:00:00,smart_card,entry,G01,4.3
TX0009531,ST06,2026-07-10 20:00:00,smart_card,exit,G02,3.21
TX0009532,ST01,2026-08-12 11:00:00,smart_card,exit,G04,3.43
TX0009533,ST07,2026-07-14 03:00:00,smart_card,entry,G12,2.0
TX0009534,ST03,2026-06-29 03:00:00,single_ticket,entry,G06,3.9
TX0009535,ST06,2026-07-23 18:00:00,single_ticket,entry,G11,3.47
TX0009536,ST03,2026-06-23 16:00:00,single_ticket,exit,G04,2.05
TX0009537,ST10,2026-06-27 02:00:00,smart_card,entry,G07,3.0
TX0009538,ST03,2026-08-18 08:00:00,smart_card,exit,G06,2.66
TX0009539,ST05,2026-07-06 20:00:00,day_pass,exit,G11,4.49
TX0009540,ST05,2026-07-10 17:00:00,day_pass,exit,G05,4.45
TX0009541,ST02,2026-08-14 18:00:00,smart_card,entry,G07,3.27
TX0009542,ST03,2026-08-19 23:00:00,smart_card,entry,G04,2.66
TX0009543,ST04,2026-06-22 19:00:00,single_ticket,entry,G07,2.93
TX0009544,ST01,2026-07-08 04:00:00,smart_card,entry,G07,2.3
TX0009545,ST06,2026-07-04 02:00:00,smart_card,entry,G11,3.82
TX0009546,ST04,2026-07-15 19:00:00,smart_card,entry,G07,3.01
TX0009547,ST01,2026-07-27 22:00:00,smart_card,entry,G05,3.17
TX0009548,ST01,2026-07-07 15:00:00,smart_card,entry,G08,1.64
TX0009549,ST05,2026-07-24 16:00:00,smart_card,entry,G09,1.76
TX0009550,ST02,2026-08-07 22:00:00,smart_card,exit,G04,2.14
TX0009551,ST03,2026-07-30 14:00:00,day_pass,entry,G10,2.81
TX0009552,ST04,2026-08-08 12:00:00,monthly_pass,exit,G05,2.81
TX0009553,ST09,2026-08-03 04:00:00,smart_card,entry,G11,4.05
TX0009554,ST10,2026-08-15 01:00:00,smart_card,entry,G05,3.84
TX0009555,ST05,2026-08-07 00:00:00,smart_card,exit,G08,3.4
TX0009556,ST07,2026-08-10 02:00:00,monthly_pass,entry,G04,1.59
TX0009557,ST09,2026-08-02 02:00:00,smart_card,exit,G04,3.15
TX0009558,ST10,2026-07-28 12:00:00,monthly_pass,exit,G02,4.45
TX0009559,ST05,2026-06-29 21:00:00,single_ticket,entry,G10,3.0
TX0009560,ST01,2026-07-17 20:00:00,day_pass,entry,G06,3.16
TX0009561,ST02,2026-08-08 12:00:00,smart_card,exit,G02,1.64
TX0009562,ST01,2026-06-24 10:00:00,single_ticket,exit,G04,2.29
TX0009563,ST08,2026-07-04 13:00:00,smart_card,exit,G08,3.32
TX0009564,ST03,2026-07-11 09:00:00,single_ticket,exit,G09,4.09
TX0009565,ST10,2026-07-13 00:00:00,single_ticket,entry,G09,3.78
TX0009566,ST10,2026-06-26 01:00:00,day_pass,entry,G12,4.01
TX0009567,ST07,2026-08-05 14:00:00,single_ticket,exit,G11,3.87
TX0009568,ST07,2026-08-03 16:00:00,monthly_pass,exit,G05,3.38
TX0009569,ST05,2026-06-27 01:00:00,smart_card,entry,G05,3.1
TX0009570,ST07,2026-08-09 12:00:00,single_ticket,entry,G03,2.58
TX0009571,ST07,2026-07-07 00:00:00,smart_card,exit,G10,3.93
TX0009572,ST02,2026-07-07 17:00:00,smart_card,entry,G09,2.8
TX0009573,ST01,2026-08-02 11:00:00,smart_card,entry,G07,3.12
TX0009574,ST09,2026-07-18 21:00:00,smart_card,exit,G09,4.5
TX0009575,ST09,2026-07-15 14:00:00,smart_card,entry,G08,2.35
TX0009576,ST06,2026-08-11 16:00:00,smart_card,exit,G10,2.77
TX0009577,ST03,2026-06-24 19:00:00,smart_card,exit,G09,1.74
TX0009578,ST07,2026-07-27 05:00:00,single_ticket,exit,G07,2.51
TX0009579,ST03,2026-07-04 00:00:00,smart_card,exit,G02,4.19
TX0009580,ST04,2026-07-07 03:00:00,monthly_pass,entry,G07,2.31
TX0009581,ST02,2026-08-10 07:00:00,smart_card,exit,G09,4.01
TX0009582,ST03,2026-07-22 17:00:00,smart_card,entry,G12,3.11
TX0009583,ST06,2026-08-04 08:00:00,day_pass,exit,G02,3.13
TX0009584,ST06,2026-07-20 04:00:00,day_pass,exit,G03,4.45
TX0009585,ST08,2026-08-21 04:00:00,smart_card,entry,G12,2.9
TX0009586,ST03,2026-07-30 05:00:00,smart_card,exit,G12,2.41
TX0009587,ST07,2026-08-06 21:00:00,monthly_pass,exit,G02,3.43
TX0009588,ST03,2026-07-15 12:00:00,monthly_pass,entry,G04,3.01
TX0009589,ST02,2026-07-11 01:00:00,monthly_pass,entry,G12,2.92
TX0009590,ST10,2026-07-30 19:00:00,smart_card,exit,G01,4.18
TX0009591,ST10,2026-07-12 03:00:00,smart_card,entry,G04,3.71
TX0009592,ST04,2026-07-31 04:00:00,smart_card,entry,G12,2.75
TX0009593,ST04,2026-07-27 12:00:00,single_ticket,entry,G05,2.05
TX0009594,ST05,2026-07-21 09:00:00,smart_card,entry,G10,1.72
TX0009595,ST02,2026-06-24 22:00:00,smart_card,entry,G07,2.24
TX0009596,ST07,2026-08-16 00:00:00,monthly_pass,exit,G04,4.43
TX0009597,ST01,2026-07-20 03:00:00,smart_card,entry,G06,1.85
TX0009598,ST07,2026-07-26 20:00:00,smart_card,exit,G08,4.49
TX0009599,ST08,2026-07-27 17:00:00,single_ticket,exit,G09,3.4
TX0009600,ST01,2026-07-29 14:00:00,monthly_pass,entry,G06,2.97
TX0009601,ST03,2026-07-09 23:00:00,monthly_pass,entry,G09,4.05
TX0009602,ST06,2026-07-26 15:00:00,smart_card,entry,G02,2.41
TX0009603,ST05,2026-07-12 04:00:00,single_ticket,exit,G05,1.66
TX0009604,ST03,2026-06-22 15:00:00,monthly_pass,exit,G10,2.03
TX0009605,ST05,2026-07-02 08:00:00,single_ticket,exit,G10,3.9
TX0009606,ST06,2026-07-14 16:00:00,smart_card,entry,G10,3.24
TX0009607,ST08,2026-07-29 18:00:00,single_ticket,exit,G06,2.91
TX0009608,ST08,2026-07-06 21:00:00,smart_card,exit,G07,3.77
TX0009609,ST06,2026-08-11 02:00:00,smart_card,exit,G08,2.94
TX0009610,ST01,2026-06-22 07:00:00,smart_card,exit,G02,2.92
TX0009611,ST09,2026-07-22 11:00:00,smart_card,entry,G09,4.25
TX0009612,ST05,2026-07-05 12:00:00,day_pass,exit,G03,3.21
TX0009613,ST01,2026-07-14 08:00:00,smart_card,exit,G08,3.45
TX0009614,ST09,2026-07-29 18:00:00,smart_card,exit,G11,3.41
TX0009615,ST06,2026-08-02 02:00:00,smart_card,entry,G01,2.33
TX0009616,ST09,2026-07-31 12:00:00,single_ticket,exit,G05,4.5
TX0009617,ST05,2026-07-22 01:00:00,single_ticket,entry,G10,1.62
TX0009618,ST09,2026-08-16 13:00:00,day_pass,entry,G02,2.45
TX0009619,ST10,2026-08-18 04:00:00,day_pass,exit,G06,2.53
TX0009620,ST07,2026-07-04 00:00:00,single_ticket,entry,G09,4.44
TX0009621,ST03,2026-07-14 03:00:00,single_ticket,exit,G02,3.3
TX0009622,ST05,2026-07-01 20:00:00,single_ticket,exit,G12,2.62
TX0009623,ST05,2026-07-15 21:00:00,smart_card,entry,G03,2.46
TX0009624,ST07,2026-08-16 19:00:00,smart_card,entry,G09,1.76
TX0009625,ST02,2026-08-08 02:00:00,smart_card,entry,G03,1.6
TX0009626,ST02,2026-08-08 18:00:00,day_pass,entry,G05,1.97
TX0009627,ST09,2026-07-02 08:00:00,single_ticket,entry,G11,2.88
TX0009628,ST06,2026-08-10 14:00:00,smart_card,entry,G12,2.37
TX0009629,ST02,2026-08-09 20:00:00,monthly_pass,entry,G08,4.45
TX0009630,ST08,2026-06-22 05:00:00,monthly_pass,exit,G03,2.33
TX0009631,ST10,2026-07-20 18:00:00,smart_card,entry,G01,4.0
TX0009632,ST07,2026-07-25 20:00:00,monthly_pass,entry,G09,4.06
TX0009633,ST02,2026-07-19 21:00:00,smart_card,exit,G10,2.15
TX0009634,ST10,2026-07-10 06:00:00,smart_card,exit,G05,2.18
TX0009635,ST09,2026-08-14 17:00:00,single_ticket,exit,G09,3.64
TX0009636,ST10,2026-07-01 11:00:00,smart_card,exit,G03,4.39
TX0009637,ST04,2026-07-20 07:00:00,single_ticket,entry,G07,3.09
TX0009638,ST08,2026-08-13 17:00:00,day_pass,exit,G02,2.63
TX0009639,ST04,2026-07-22 22:00:00,smart_card,entry,G10,1.59
TX0009640,ST01,2026-07-19 15:00:00,smart_card,exit,G11,3.87
TX0009641,ST04,2026-06-26 23:00:00,smart_card,exit,G10,2.27
TX0009642,ST10,2026-07-22 03:00:00,smart_card,entry,G01,2.1
TX0009643,ST03,2026-07-31 05:00:00,single_ticket,exit,G07,2.14
TX0009644,ST05,2026-08-03 10:00:00,day_pass,entry,G06,3.52
TX0009645,ST09,2026-08-17 08:00:00,monthly_pass,exit,G09,2.74
TX0009646,ST10,2026-07-18 02:00:00,smart_card,entry,G10,3.93
TX0009647,ST06,2026-06-24 17:00:00,smart_card,exit,G01,1.77
TX0009648,ST03,2026-08-03 21:00:00,smart_card,entry,G11,3.56
TX0009649,ST09,2026-08-15 16:00:00,single_ticket,exit,G07,4.11
TX0009650,ST07,2026-07-19 05:00:00,smart_card,exit,G02,4.06
TX0009651,ST05,2026-08-05 00:00:00,smart_card,entry,G05,2.01
TX0009652,ST08,2026-07-04 10:00:00,smart_card,exit,G09,3.29
TX0009653,ST07,2026-07-22 04:00:00,single_ticket,exit,G03,4.36
TX0009654,ST03,2026-07-26 09:00:00,smart_card,entry,G07,3.9
TX0009655,ST08,2026-07-30 12:00:00,smart_card,exit,G06,4.08
TX0009656,ST02,2026-07-06 17:00:00,day_pass,entry,G05,4.29
TX0009657,ST09,2026-07-21 21:00:00,day_pass,exit,G05,1.84
TX0009658,ST05,2026-07-15 07:00:00,smart_card,exit,G07,2.05
TX0009659,ST03,2026-07-24 02:00:00,monthly_pass,entry,G03,3.89
TX0009660,ST02,2026-07-06 05:00:00,day_pass,exit,G08,3.88
TX0009661,ST01,2026-06-30 05:00:00,day_pass,exit,G12,1.8
TX0009662,ST07,2026-07-07 17:00:00,day_pass,entry,G10,4.07
TX0009663,ST07,2026-08-12 03:00:00,single_ticket,entry,G01,2.43
TX0009664,ST09,2026-07-28 12:00:00,monthly_pass,entry,G06,4.27
TX0009665,ST10,2026-07-26 08:00:00,smart_card,entry,G11,1.69
TX0009666,ST04,2026-08-05 17:00:00,smart_card,exit,G09,3.32
TX0009667,ST08,2026-08-19 14:00:00,day_pass,exit,G10,4.45
TX0009668,ST04,2026-07-18 12:00:00,smart_card,exit,G08,3.27
TX0009669,ST02,2026-08-13 04:00:00,smart_card,entry,G01,1.84
TX0009670,ST04,2026-06-25 03:00:00,smart_card,entry,G09,1.77
TX0009671,ST04,2026-07-17 12:00:00,single_ticket,exit,G05,3.22
TX0009672,ST04,2026-08-12 13:00:00,single_ticket,exit,G01,3.68
TX0009673,ST08,2026-08-09 15:00:00,single_ticket,entry,G08,3.9
TX0009674,ST01,2026-07-02 03:00:00,smart_card,exit,G08,3.25
TX0009675,ST10,2026-07-08 09:00:00,day_pass,exit,G02,2.41
TX0009676,ST07,2026-08-11 23:00:00,smart_card,entry,G09,1.8
TX0009677,ST05,2026-08-08 18:00:00,monthly_pass,exit,G09,3.47
TX0009678,ST08,2026-07-10 23:00:00,smart_card,entry,G05,3.17
TX0009679,ST10,2026-08-15 20:00:00,smart_card,exit,G05,2.27
TX0009680,ST07,2026-07-12 22:00:00,smart_card,entry,G11,4.35
TX0009681,ST08,2026-07-06 02:00:00,single_ticket,exit,G02,3.2
TX0009682,ST07,2026-06-22 05:00:00,monthly_pass,entry,G08,3.85
TX0009683,ST04,2026-07-24 14:00:00,single_ticket,exit,G09,3.32
TX0009684,ST08,2026-07-05 23:00:00,monthly_pass,exit,G03,1.96
TX0009685,ST09,2026-08-03 23:00:00,smart_card,entry,G04,4.29
TX0009686,ST07,2026-08-15 05:00:00,smart_card,entry,G07,3.23
TX0009687,ST03,2026-07-20 05:00:00,smart_card,exit,G05,3.45
TX0009688,ST10,2026-08-19 09:00:00,single_ticket,exit,G02,3.05
TX0009689,ST03,2026-07-12 05:00:00,smart_card,exit,G06,3.81
TX0009690,ST06,2026-08-08 05:00:00,smart_card,entry,G09,4.33
TX0009691,ST04,2026-08-15 17:00:00,single_ticket,entry,G06,2.49
TX0009692,ST06,2026-07-15 04:00:00,smart_card,entry,G09,4.05
TX0009693,ST05,2026-06-23 04:00:00,day_pass,entry,G10,1.85
TX0009694,ST04,2026-06-30 00:00:00,smart_card,entry,G08,2.78
TX0009695,ST09,2026-07-19 11:00:00,smart_card,entry,G08,4.19
TX0009696,ST01,2026-06-28 07:00:00,smart_card,entry,G01,3.25
TX0009697,ST09,2026-08-06 04:00:00,monthly_pass,entry,G11,1.62
TX0009698,ST02,2026-07-27 19:00:00,smart_card,entry,G02,2.6
TX0009699,ST05,2026-08-20 07:00:00,smart_card,exit,G10,3.66
TX0009700,ST10,2026-07-24 10:00:00,smart_card,exit,G10,2.47
TX0009701,ST08,2026-07-16 20:00:00,monthly_pass,entry,G12,2.22
TX0009702,ST10,2026-07-21 01:00:00,smart_card,exit,G05,3.9
TX0009703,ST09,2026-07-10 10:00:00,day_pass,entry,G05,2.24
TX0009704,ST07,2026-06-24 07:00:00,smart_card,entry,G03,2.11
TX0009705,ST05,2026-08-16 06:00:00,day_pass,entry,G07,3.58
TX0009706,ST04,2026-07-09 10:00:00,smart_card,exit,G03,3.58
TX0009707,ST07,2026-07-03 13:00:00,smart_card,exit,G11,1.5
TX0009708,ST04,2026-06-24 21:00:00,monthly_pass,exit,G08,3.19
TX0009709,ST10,2026-07-29 14:00:00,smart_card,entry,G10,1.69
TX0009710,ST10,2026-07-02 12:00:00,single_ticket,entry,G06,4.23
TX0009711,ST08,2026-08-04 22:00:00,monthly_pass,exit,G10,3.71
TX0009712,ST04,2026-07-01 14:00:00,smart_card,entry,G02,3.7
TX0009713,ST01,2026-07-17 01:00:00,day_pass,exit,G06,3.72
TX0009714,ST10,2026-06-27 20:00:00,smart_card,exit,G08,2.06
TX0009715,ST08,2026-08-02 14:00:00,smart_card,exit,G06,1.82
TX0009716,ST04,2026-07-27 09:00:00,smart_card,exit,G09,2.85
TX0009717,ST10,2026-07-01 02:00:00,single_ticket,exit,G01,3.6
TX0009718,ST02,2026-06-30 20:00:00,smart_card,exit,G10,4.48
TX0009719,ST05,2026-08-05 04:00:00,smart_card,exit,G03,2.34
TX0009720,ST02,2026-08-13 17:00:00,single_ticket,entry,G02,4.23
TX0009721,ST02,2026-07-03 01:00:00,smart_card,entry,G06,1.73
TX0009722,ST02,2026-08-16 18:00:00,smart_card,exit,G10,2.4
TX0009723,ST05,2026-08-11 13:00:00,smart_card,exit,G04,2.73
TX0009724,ST06,2026-07-31 12:00:00,smart_card,exit,G11,2.56
TX0009725,ST05,2026-07-11 08:00:00,smart_card,exit,G03,4.0
TX0009726,ST01,2026-06-25 19:00:00,smart_card,exit,G10,2.81
TX0009727,ST09,2026-07-04 05:00:00,monthly_pass,exit,G02,3.81
TX0009728,ST09,2026-07-02 22:00:00,single_ticket,exit,G09,4.15
TX0009729,ST09,2026-08-06 13:00:00,monthly_pass,exit,G10,3.02
TX0009730,ST02,2026-08-09 07:00:00,day_pass,entry,G02,2.65
TX0009731,ST01,2026-08-04 02:00:00,monthly_pass,entry,G10,1.51
TX0009732,ST01,2026-06-27 21:00:00,smart_card,entry,G08,3.69
TX0009733,ST05,2026-08-11 17:00:00,smart_card,entry,G06,4.39
TX0009734,ST08,2026-07-20 21:00:00,smart_card,entry,G11,2.21
TX0009735,ST05,2026-08-13 21:00:00,smart_card,exit,G10,4.31
TX0009736,ST02,2026-08-20 03:00:00,day_pass,entry,G05,4.44
TX0009737,ST01,2026-08-11 05:00:00,smart_card,entry,G11,3.49
TX0009738,ST05,2026-07-07 06:00:00,monthly_pass,entry,G11,3.41
TX0009739,ST07,2026-06-27 03:00:00,smart_card,entry,G02,4.02
TX0009740,ST08,2026-08-03 14:00:00,single_ticket,exit,G08,4.42
TX0009741,ST05,2026-07-14 13:00:00,single_ticket,exit,G10,3.37
TX0009742,ST03,2026-08-04 20:00:00,smart_card,exit,G02,1.57
TX0009743,ST09,2026-08-11 06:00:00,day_pass,exit,G01,3.78
TX0009744,ST06,2026-08-14 01:00:00,single_ticket,entry,G10,2.4
TX0009745,ST03,2026-07-22 11:00:00,smart_card,entry,G02,3.03
TX0009746,ST09,2026-08-16 07:00:00,smart_card,exit,G04,3.37
TX0009747,ST02,2026-07-29 07:00:00,single_ticket,entry,G05,2.61
TX0009748,ST02,2026-07-23 08:00:00,single_ticket,entry,G11,1.86
TX0009749,ST01,2026-06-30 08:00:00,smart_card,exit,G09,3.13
TX0009750,ST04,2026-07-23 00:00:00,single_ticket,exit,G04,2.93
TX0009751,ST01,2026-07-25 15:00:00,smart_card,exit,G06,4.43
TX0009752,ST02,2026-08-12 09:00:00,smart_card,exit,G06,1.74
TX0009753,ST01,2026-07-02 06:00:00,smart_card,exit,G03,4.11
TX0009754,ST02,2026-07-18 09:00:00,smart_card,exit,G06,2.98
TX0009755,ST10,2026-08-02 13:00:00,smart_card,entry,G08,2.13
TX0009756,ST09,2026-08-06 10:00:00,single_ticket,entry,G02,2.38
TX0009757,ST01,2026-07-19 01:00:00,monthly_pass,entry,G11,1.53
TX0009758,ST07,2026-07-12 01:00:00,monthly_pass,entry,G09,3.12
TX0009759,ST04,2026-07-24 20:00:00,smart_card,exit,G10,4.27
TX0009760,ST02,2026-06-30 10:00:00,single_ticket,exit,G07,3.76
TX0009761,ST06,2026-07-06 21:00:00,monthly_pass,exit,G04,2.37
TX0009762,ST06,2026-08-07 13:00:00,smart_card,entry,G09,2.56
TX0009763,ST03,2026-06-30 07:00:00,smart_card,entry,G11,2.39
TX0009764,ST07,2026-07-07 19:00:00,smart_card,entry,G02,1.88
TX0009765,ST06,2026-06-26 05:00:00,smart_card,entry,G05,1.98
TX0009766,ST03,2026-07-08 19:00:00,monthly_pass,exit,G12,3.65
TX0009767,ST06,2026-07-25 16:00:00,smart_card,exit,G11,3.25
TX0009768,ST04,2026-07-19 07:00:00,smart_card,entry,G11,2.37
TX0009769,ST08,2026-06-28 23:00:00,single_ticket,entry,G02,2.29
TX0009770,ST06,2026-08-08 03:00:00,day_pass,entry,G02,3.67
TX0009771,ST05,2026-08-09 08:00:00,smart_card,exit,G12,1.79
TX0009772,ST07,2026-08-20 15:00:00,single_ticket,exit,G11,2.15
TX0009773,ST06,2026-07-18 10:00:00,smart_card,entry,G05,2.56
TX0009774,ST01,2026-06-24 19:00:00,smart_card,exit,G04,4.13
TX0009775,ST08,2026-08-16 05:00:00,smart_card,exit,G06,3.95
TX0009776,ST08,2026-08-18 09:00:00,day_pass,exit,G01,1.75
TX0009777,ST10,2026-07-10 08:00:00,smart_card,entry,G11,3.17
TX0009778,ST08,2026-07-11 00:00:00,smart_card,entry,G11,4.01
TX0009779,ST09,2026-08-05 02:00:00,monthly_pass,entry,G09,3.13
TX0009780,ST01,2026-07-20 12:00:00,monthly_pass,exit,G03,2.89
TX0009781,ST02,2026-07-17 06:00:00,smart_card,entry,G07,4.18
TX0009782,ST07,2026-07-04 10:00:00,smart_card,entry,G05,3.7
TX0009783,ST04,2026-08-02 08:00:00,smart_card,entry,G09,3.03
TX0009784,ST08,2026-07-17 21:00:00,smart_card,exit,G01,2.03
TX0009785,ST03,2026-07-23 22:00:00,smart_card,exit,G07,2.03
TX0009786,ST09,2026-07-07 16:00:00,single_ticket,entry,G10,2.21
TX0009787,ST09,2026-06-30 23:00:00,smart_card,entry,G01,3.26
TX0009788,ST03,2026-07-07 23:00:00,smart_card,entry,G12,3.14
TX0009789,ST02,2026-07-10 06:00:00,single_ticket,entry,G06,3.4
TX0009790,ST04,2026-07-09 21:00:00,smart_card,entry,G01,2.09
TX0009791,ST03,2026-06-23 13:00:00,smart_card,exit,G08,3.06
TX0009792,ST03,2026-08-09 00:00:00,single_ticket,entry,G09,3.33
TX0009793,ST04,2026-08-09 21:00:00,smart_card,exit,G02,4.07
TX0009794,ST09,2026-07-30 12:00:00,single_ticket,exit,G06,2.33
TX0009795,ST06,2026-07-26 13:00:00,smart_card,exit,G03,2.33
TX0009796,ST06,2026-07-16 15:00:00,smart_card,entry,G11,4.48
TX0009797,ST10,2026-07-07 11:00:00,smart_card,entry,G03,1.69
TX0009798,ST05,2026-08-07 05:00:00,single_ticket,entry,G02,2.96
TX0009799,ST01,2026-07-12 14:00:00,smart_card,exit,G07,4.29
TX0009800,ST07,2026-06-24 02:00:00,monthly_pass,exit,G11,3.15
TX0009801,ST01,2026-07-20 23:00:00,monthly_pass,exit,G03,3.24
TX0009802,ST01,2026-07-17 07:00:00,smart_card,entry,G11,2.3
TX0009803,ST01,2026-08-03 11:00:00,smart_card,entry,G03,3.7
TX0009804,ST01,2026-07-28 10:00:00,smart_card,entry,G12,4.39
TX0009805,ST02,2026-07-15 06:00:00,monthly_pass,exit,G06,2.9
TX0009806,ST06,2026-07-09 07:00:00,smart_card,entry,G05,4.1
TX0009807,ST04,2026-08-01 08:00:00,smart_card,exit,G10,1.6
TX0009808,ST04,2026-06-24 07:00:00,smart_card,entry,G06,4.02
TX0009809,ST08,2026-07-26 07:00:00,smart_card,exit,G04,4.37
TX0009810,ST01,2026-08-17 22:00:00,smart_card,entry,G05,4.05
TX0009811,ST02,2026-06-25 19:00:00,smart_card,exit,G04,1.76
TX0009812,ST09,2026-07-12 16:00:00,single_ticket,exit,G06,3.41
TX0009813,ST02,2026-06-30 02:00:00,smart_card,entry,G07,1.72
TX0009814,ST02,2026-06-26 20:00:00,day_pass,exit,G09,1.7
TX0009815,ST08,2026-07-01 05:00:00,smart_card,entry,G05,1.73
TX0009816,ST10,2026-08-02 17:00:00,smart_card,exit,G04,1.93
TX0009817,ST01,2026-08-16 22:00:00,day_pass,exit,G12,3.11
TX0009818,ST03,2026-08-03 18:00:00,single_ticket,entry,G10,3.74
TX0009819,ST04,2026-07-22 06:00:00,single_ticket,entry,G10,1.99
TX0009820,ST06,2026-08-05 01:00:00,smart_card,entry,G05,1.52
TX0009821,ST08,2026-07-10 13:00:00,single_ticket,exit,G05,2.78
TX0009822,ST04,2026-07-22 04:00:00,day_pass,entry,G09,2.78
TX0009823,ST02,2026-07-29 23:00:00,monthly_pass,entry,G02,2.81
TX0009824,ST10,2026-07-09 14:00:00,single_ticket,exit,G12,3.17
TX0009825,ST04,2026-08-09 18:00:00,smart_card,entry,G03,4.42
TX0009826,ST09,2026-08-13 16:00:00,day_pass,exit,G03,2.35
TX0009827,ST04,2026-08-18 11:00:00,smart_card,entry,G10,3.21
TX0009828,ST04,2026-07-25 12:00:00,smart_card,entry,G04,4.03
TX0009829,ST04,2026-07-27 11:00:00,single_ticket,entry,G06,2.8
TX0009830,ST01,2026-08-08 11:00:00,smart_card,exit,G12,1.54
TX0009831,ST06,2026-08-08 19:00:00,smart_card,entry,G03,2.56
TX0009832,ST07,2026-08-17 21:00:00,smart_card,exit,G02,3.61
TX0009833,ST03,2026-08-08 14:00:00,smart_card,exit,G08,2.06
TX0009834,ST08,2026-07-19 11:00:00,day_pass,entry,G01,3.5
TX0009835,ST02,2026-08-02 05:00:00,single_ticket,exit,G08,1.66
TX0009836,ST03,2026-08-13 15:00:00,day_pass,exit,G03,3.51
TX0009837,ST01,2026-07-28 00:00:00,monthly_pass,exit,G04,3.0
TX0009838,ST03,2026-06-25 15:00:00,smart_card,exit,G05,3.61
TX0009839,ST06,2026-07-29 06:00:00,single_ticket,exit,G02,1.58
TX0009840,ST09,2026-06-29 19:00:00,smart_card,entry,G11,4.36
TX0009841,ST08,2026-08-05 09:00:00,day_pass,entry,G07,3.24
TX0009842,ST09,2026-07-26 01:00:00,single_ticket,exit,G05,3.51
TX0009843,ST09,2026-07-21 09:00:00,monthly_pass,exit,G07,3.95
TX0009844,ST01,2026-08-18 01:00:00,day_pass,entry,G04,1.65
TX0009845,ST09,2026-08-11 18:00:00,smart_card,entry,G06,1.98
TX0009846,ST02,2026-07-06 08:00:00,single_ticket,exit,G02,1.97
TX0009847,ST09,2026-08-06 16:00:00,smart_card,entry,G12,1.97
TX0009848,ST02,2026-07-19 18:00:00,smart_card,entry,G10,1.76
TX0009849,ST02,2026-07-07 23:00:00,smart_card,entry,G04,4.26
TX0009850,ST01,2026-07-07 14:00:00,smart_card,entry,G07,2.55
TX0009851,ST04,2026-07-17 22:00:00,day_pass,exit,G07,1.84
TX0009852,ST04,2026-08-01 10:00:00,smart_card,exit,G01,3.64
TX0009853,ST06,2026-08-09 20:00:00,smart_card,entry,G08,2.6
TX0009854,ST09,2026-06-28 12:00:00,smart_card,exit,G07,2.12
TX0009855,ST05,2026-08-15 20:00:00,smart_card,entry,G09,4.29
TX0009856,ST02,2026-07-19 10:00:00,smart_card,entry,G03,4.04
TX0009857,ST06,2026-07-17 22:00:00,single_ticket,entry,G11,3.28
TX0009858,ST02,2026-07-12 05:00:00,single_ticket,entry,G09,2.99
TX0009859,ST01,2026-06-25 15:00:00,smart_card,entry,G03,1.81
TX0009860,ST06,2026-06-27 16:00:00,smart_card,exit,G07,2.94
TX0009861,ST06,2026-06-26 13:00:00,smart_card,entry,G11,2.74
TX0009862,ST01,2026-07-26 05:00:00,monthly_pass,exit,G01,3.01
TX0009863,ST08,2026-08-06 10:00:00,smart_card,entry,G02,2.71
TX0009864,ST04,2026-06-25 09:00:00,smart_card,exit,G10,3.1
TX0009865,ST06,2026-08-14 08:00:00,smart_card,entry,G01,3.21
TX0009866,ST05,2026-07-07 09:00:00,smart_card,exit,G05,1.75
TX0009867,ST03,2026-08-12 21:00:00,smart_card,entry,G11,2.13
TX0009868,ST10,2026-08-08 23:00:00,single_ticket,exit,G10,2.87
TX0009869,ST09,2026-08-13 17:00:00,smart_card,exit,G04,4.21
TX0009870,ST02,2026-07-07 18:00:00,single_ticket,entry,G07,4.32
TX0009871,ST01,2026-08-14 04:00:00,smart_card,exit,G10,3.2
TX0009872,ST07,2026-06-26 20:00:00,smart_card,entry,G05,3.22
TX0009873,ST03,2026-06-26 23:00:00,smart_card,exit,G10,3.1
TX0009874,ST08,2026-07-29 10:00:00,smart_card,exit,G11,2.37
TX0009875,ST05,2026-07-19 06:00:00,smart_card,entry,G09,2.87
TX0009876,ST10,2026-07-14 04:00:00,smart_card,entry,G09,3.21
TX0009877,ST02,2026-08-11 07:00:00,single_ticket,entry,G03,4.1
TX0009878,ST07,2026-07-18 21:00:00,day_pass,entry,G11,2.53
TX0009879,ST10,2026-07-02 01:00:00,day_pass,exit,G06,2.13
TX0009880,ST02,2026-07-28 06:00:00,smart_card,exit,G07,1.95
TX0009881,ST10,2026-08-02 21:00:00,smart_card,exit,G10,2.45
TX0009882,ST09,2026-07-14 21:00:00,smart_card,entry,G04,3.02
TX0009883,ST03,2026-08-16 00:00:00,smart_card,entry,G02,4.45
TX0009884,ST09,2026-07-13 10:00:00,smart_card,exit,G01,2.09
TX0009885,ST03,2026-08-01 14:00:00,smart_card,entry,G07,1.65
TX0009886,ST10,2026-08-12 03:00:00,single_ticket,exit,G07,2.31
TX0009887,ST09,2026-07-15 15:00:00,smart_card,exit,G02,3.33
TX0009888,ST10,2026-07-26 17:00:00,smart_card,entry,G08,4.36
TX0009889,ST03,2026-07-20 07:00:00,single_ticket,exit,G02,3.53
TX0009890,ST02,2026-07-23 16:00:00,day_pass,exit,G08,3.86
TX0009891,ST02,2026-08-09 13:00:00,smart_card,entry,G06,3.35
TX0009892,ST05,2026-07-09 00:00:00,smart_card,exit,G12,4.39
TX0009893,ST02,2026-06-25 11:00:00,smart_card,entry,G04,3.26
TX0009894,ST08,2026-06-24 15:00:00,smart_card,exit,G10,3.53
TX0009895,ST08,2026-07-28 10:00:00,smart_card,exit,G10,4.45
TX0009896,ST05,2026-07-15 02:00:00,single_ticket,exit,G12,3.17
TX0009897,ST04,2026-08-21 00:00:00,single_ticket,entry,G06,2.21
TX0009898,ST04,2026-08-15 22:00:00,day_pass,exit,G07,4.35
TX0009899,ST06,2026-08-11 04:00:00,smart_card,exit,G09,3.15
TX0009900,ST10,2026-07-28 18:00:00,monthly_pass,entry,G07,3.92
TX0009901,ST05,2026-08-19 15:00:00,smart_card,entry,G08,2.71
TX0009902,ST08,2026-07-24 22:00:00,smart_card,entry,G06,4.38
TX0009903,ST08,2026-07-13 07:00:00,smart_card,entry,G12,3.86
TX0009904,ST02,2026-07-15 01:00:00,smart_card,exit,G12,3.4
TX0009905,ST07,2026-07-29 10:00:00,day_pass,exit,G04,3.8
TX0009906,ST06,2026-07-14 14:00:00,smart_card,entry,G02,3.96
TX0009907,ST01,2026-07-13 18:00:00,smart_card,exit,G10,4.06
TX0009908,ST05,2026-07-08 21:00:00,single_ticket,entry,G03,3.17
TX0009909,ST08,2026-07-21 21:00:00,smart_card,exit,G03,3.61
TX0009910,ST10,2026-06-27 07:00:00,single_ticket,entry,G11,4.41
TX0009911,ST09,2026-08-15 01:00:00,monthly_pass,exit,G11,3.22
TX0009912,ST08,2026-07-06 03:00:00,smart_card,exit,G01,1.53
TX0009913,ST07,2026-08-01 12:00:00,smart_card,exit,G11,1.53
TX0009914,ST04,2026-06-27 21:00:00,smart_card,exit,G12,3.81
TX0009915,ST02,2026-08-16 06:00:00,day_pass,exit,G10,1.64
TX0009916,ST05,2026-07-22 06:00:00,monthly_pass,entry,G03,3.55
TX0009917,ST05,2026-06-28 12:00:00,day_pass,entry,G04,4.17
TX0009918,ST10,2026-06-24 02:00:00,single_ticket,entry,G08,3.18
TX0009919,ST05,2026-07-25 00:00:00,smart_card,exit,G02,2.2
TX0009920,ST04,2026-07-14 12:00:00,day_pass,entry,G10,4.29
TX0009921,ST06,2026-07-10 17:00:00,day_pass,exit,G11,3.02
TX0009922,ST09,2026-08-13 04:00:00,smart_card,entry,G11,2.04
TX0009923,ST10,2026-08-02 14:00:00,single_ticket,exit,G08,2.74
TX0009924,ST05,2026-07-17 03:00:00,day_pass,exit,G12,3.8
TX0009925,ST07,2026-08-07 02:00:00,monthly_pass,entry,G06,3.23
TX0009926,ST02,2026-08-02 19:00:00,single_ticket,exit,G05,3.18
TX0009927,ST03,2026-07-29 02:00:00,single_ticket,exit,G05,1.62
TX0009928,ST05,2026-07-20 05:00:00,monthly_pass,exit,G04,2.76
TX0009929,ST07,2026-06-22 08:00:00,smart_card,exit,G02,3.56
TX0009930,ST06,2026-07-19 03:00:00,single_ticket,entry,G06,2.01
TX0009931,ST08,2026-06-29 12:00:00,monthly_pass,entry,G08,4.44
TX0009932,ST07,2026-08-03 22:00:00,single_ticket,entry,G10,1.58
TX0009933,ST09,2026-08-19 22:00:00,monthly_pass,exit,G07,2.29
TX0009934,ST05,2026-07-16 09:00:00,smart_card,exit,G12,1.61
TX0009935,ST04,2026-07-13 02:00:00,smart_card,entry,G12,2.27
TX0009936,ST01,2026-06-22 23:00:00,smart_card,entry,G02,2.43
TX0009937,ST03,2026-07-20 13:00:00,smart_card,exit,G09,2.94
TX0009938,ST03,2026-08-05 20:00:00,single_ticket,entry,G08,4.09
TX0009939,ST01,2026-06-24 06:00:00,smart_card,exit,G12,2.4
TX0009940,ST10,2026-08-15 05:00:00,smart_card,exit,G11,2.11
TX0009941,ST01,2026-07-29 04:00:00,single_ticket,exit,G02,2.11
TX0009942,ST05,2026-07-13 02:00:00,single_ticket,entry,G03,1.75
TX0009943,ST06,2026-06-23 17:00:00,smart_card,exit,G09,1.95
TX0009944,ST05,2026-08-12 10:00:00,smart_card,entry,G04,2.39
TX0009945,ST05,2026-07-04 00:00:00,single_ticket,exit,G10,2.19
TX0009946,ST07,2026-06-25 01:00:00,smart_card,entry,G07,1.73
TX0009947,ST03,2026-07-04 05:00:00,day_pass,exit,G08,4.38
TX0009948,ST03,2026-06-25 02:00:00,single_ticket,entry,G11,1.73
TX0009949,ST01,2026-08-20 13:00:00,single_ticket,entry,G08,3.71
TX0009950,ST01,2026-06-28 00:00:00,smart_card,entry,G08,2.3
TX0009951,ST03,2026-07-05 10:00:00,single_ticket,exit,G02,3.16
TX0009952,ST04,2026-07-26 00:00:00,smart_card,entry,G11,1.5
TX0009953,ST01,2026-06-26 21:00:00,monthly_pass,exit,G04,1.52
TX0009954,ST06,2026-08-01 05:00:00,smart_card,exit,G04,2.51
TX0009955,ST09,2026-08-02 00:00:00,smart_card,entry,G08,3.61
TX0009956,ST04,2026-07-02 04:00:00,single_ticket,exit,G02,4.42
TX0009957,ST04,2026-07-03 16:00:00,smart_card,entry,G06,2.86
TX0009958,ST04,2026-07-07 15:00:00,smart_card,entry,G08,3.54
TX0009959,ST06,2026-07-23 12:00:00,smart_card,exit,G11,3.2
TX0009960,ST08,2026-07-20 06:00:00,day_pass,exit,G03,4.32
TX0009961,ST03,2026-07-08 18:00:00,smart_card,exit,G10,3.18
TX0009962,ST03,2026-08-10 17:00:00,smart_card,exit,G10,2.32
TX0009963,ST04,2026-06-25 21:00:00,smart_card,entry,G07,3.62
TX0009964,ST08,2026-06-27 13:00:00,single_ticket,entry,G11,4.08
TX0009965,ST09,2026-07-27 11:00:00,single_ticket,exit,G08,4.05
TX0009966,ST07,2026-08-06 14:00:00,smart_card,exit,G04,3.91
TX0009967,ST01,2026-07-11 00:00:00,smart_card,entry,G08,1.78
TX0009968,ST06,2026-06-24 19:00:00,single_ticket,exit,G08,2.9
TX0009969,ST03,2026-07-27 16:00:00,smart_card,exit,G08,2.79
TX0009970,ST06,2026-06-24 13:00:00,monthly_pass,entry,G02,4.45
TX0009971,ST09,2026-08-18 14:00:00,smart_card,entry,G09,1.94
TX0009972,ST04,2026-07-19 23:00:00,smart_card,exit,G11,2.88
TX0009973,ST03,2026-07-24 20:00:00,smart_card,exit,G06,3.69
TX0009974,ST02,2026-08-16 08:00:00,single_ticket,exit,G07,1.69
TX0009975,ST07,2026-06-30 23:00:00,smart_card,entry,G02,4.18
TX0009976,ST09,2026-06-25 12:00:00,smart_card,entry,G04,3.62
TX0009977,ST02,2026-07-09 12:00:00,smart_card,entry,G12,1.91
TX0009978,ST01,2026-08-02 20:00:00,smart_card,exit,G11,3.56
TX0009979,ST01,2026-07-08 10:00:00,smart_card,entry,G01,3.41
TX0009980,ST05,2026-07-19 23:00:00,smart_card,exit,G08,1.86
TX0009981,ST02,2026-06-23 17:00:00,single_ticket,exit,G01,4.39
TX0009982,ST02,2026-07-25 13:00:00,smart_card,entry,G09,3.02
TX0009983,ST10,2026-08-07 08:00:00,smart_card,entry,G12,3.11
TX0009984,ST06,2026-07-30 05:00:00,monthly_pass,exit,G08,3.55
TX0009985,ST01,2026-08-02 13:00:00,single_ticket,exit,G06,2.1
TX0009986,ST05,2026-08-14 05:00:00,monthly_pass,exit,G04,3.28
TX0009987,ST04,2026-07-20 10:00:00,smart_card,exit,G10,2.48
TX0009988,ST03,2026-08-04 15:00:00,smart_card,entry,G11,4.14
TX0009989,ST03,2026-06-26 01:00:00,smart_card,exit,G05,4.19
TX0009990,ST05,2026-08-07 12:00:00,monthly_pass,entry,G09,3.77
TX0009991,ST08,2026-07-24 20:00:00,monthly_pass,entry,G06,2.01
TX0009992,ST04,2026-07-10 22:00:00,single_ticket,exit,G03,2.91
TX0009993,ST01,2026-08-15 02:00:00,smart_card,entry,G09,4.39
TX0009994,ST03,2026-08-15 02:00:00,smart_card,exit,G08,2.59
TX0009995,ST02,2026-08-06 20:00:00,monthly_pass,exit,G07,2.47
TX0009996,ST10,2026-06-30 10:00:00,single_ticket,exit,G10,2.16
TX0009997,ST02,2026-07-11 16:00:00,day_pass,exit,G11,1.72
TX0009998,ST10,2026-07-25 18:00:00,single_ticket,entry,G04,1.73
TX0009999,ST10,2026-07-22 01:00:00,smart_card,entry,G09,2.02
TX0010000,ST06,2026-08-17 21:00:00,day_pass,exit,G06,2.73
TX0010001,ST05,2026-07-03 14:00:00,smart_card,exit,G07,3.18
TX0010002,ST06,2026-07-09 16:00:00,monthly_pass,exit,G04,3.09
TX0010003,ST01,2026-08-09 04:00:00,smart_card,entry,G10,2.78
TX0010004,ST02,2026-06-27 12:00:00,single_ticket,entry,G01,4.11
TX0010005,ST03,2026-07-04 08:00:00,smart_card,entry,G07,3.98
TX0010006,ST07,2026-08-04 22:00:00,smart_card,entry,G06,2.68
TX0010007,ST05,2026-08-17 07:00:00,day_pass,exit,G04,3.03
TX0010008,ST03,2026-08-14 13:00:00,single_ticket,entry,G05,4.16
TX0010009,ST03,2026-08-19 20:00:00,monthly_pass,entry,G02,2.06
TX0010010,ST02,2026-07-25 03:00:00,single_ticket,entry,G03,2.56
TX0010011,ST01,2026-06-29 11:00:00,smart_card,entry,G05,3.3
TX0010012,ST02,2026-07-11 12:00:00,smart_card,entry,G02,2.84
TX0010013,ST07,2026-07-19 08:00:00,smart_card,entry,G08,3.17
TX0010014,ST07,2026-06-26 21:00:00,smart_card,entry,G07,1.62
TX0010015,ST08,2026-07-12 15:00:00,smart_card,entry,G12,2.97
TX0010016,ST03,2026-07-14 05:00:00,smart_card,entry,G11,4.37
TX0010017,ST02,2026-06-26 07:00:00,monthly_pass,exit,G09,4.32
TX0010018,ST02,2026-07-27 17:00:00,smart_card,exit,G07,3.59
TX0010019,ST07,2026-07-29 00:00:00,single_ticket,exit,G08,4.3
TX0010020,ST01,2026-08-18 00:00:00,single_ticket,exit,G01,3.77
TX0010021,ST04,2026-06-23 18:00:00,single_ticket,exit,G03,2.07
TX0010022,ST04,2026-07-31 09:00:00,single_ticket,entry,G09,3.56
TX0010023,ST08,2026-07-20 05:00:00,monthly_pass,exit,G09,4.47
TX0010024,ST08,2026-07-27 18:00:00,single_ticket,entry,G01,3.46
TX0010025,ST01,2026-07-20 13:00:00,smart_card,entry,G07,3.92
TX0010026,ST08,2026-08-15 10:00:00,smart_card,exit,G04,3.58
TX0010027,ST03,2026-07-24 21:00:00,day_pass,exit,G09,1.61
TX0010028,ST02,2026-07-01 10:00:00,smart_card,exit,G08,1.56
TX0010029,ST01,2026-07-13 09:00:00,single_ticket,entry,G05,3.74
TX0010030,ST01,2026-06-29 03:00:00,smart_card,exit,G12,2.42
TX0010031,ST09,2026-07-09 06:00:00,single_ticket,entry,G06,2.94
TX0010032,ST07,2026-07-15 11:00:00,smart_card,entry,G04,2.49
TX0010033,ST09,2026-07-12 18:00:00,smart_card,entry,G07,2.09
TX0010034,ST06,2026-06-29 02:00:00,monthly_pass,entry,G11,2.42
TX0010035,ST02,2026-07-11 23:00:00,smart_card,entry,G05,2.81
TX0010036,ST06,2026-06-24 20:00:00,smart_card,exit,G03,2.38
TX0010037,ST10,2026-07-30 14:00:00,smart_card,entry,G07,4.4
TX0010038,ST10,2026-08-06 06:00:00,smart_card,exit,G04,4.33
TX0010039,ST06,2026-06-28 22:00:00,smart_card,entry,G04,1.83
TX0010040,ST01,2026-08-07 05:00:00,single_ticket,entry,G07,2.21
TX0010041,ST08,2026-08-11 12:00:00,smart_card,exit,G01,1.86
TX0010042,ST07,2026-08-15 13:00:00,smart_card,exit,G11,3.28
TX0010043,ST04,2026-08-02 11:00:00,single_ticket,exit,G03,3.14
TX0010044,ST08,2026-07-25 03:00:00,smart_card,entry,G09,1.88
TX0010045,ST04,2026-08-20 23:00:00,smart_card,entry,G06,3.45
TX0010046,ST01,2026-06-28 13:00:00,single_ticket,exit,G04,2.56
TX0010047,ST08,2026-08-18 20:00:00,monthly_pass,exit,G01,2.91
TX0010048,ST04,2026-08-17 20:00:00,smart_card,exit,G04,3.68
TX0010049,ST10,2026-06-30 15:00:00,smart_card,entry,G05,1.58
TX0010050,ST03,2026-07-20 04:00:00,monthly_pass,exit,G02,4.16
TX0010051,ST03,2026-07-27 07:00:00,day_pass,entry,G09,1.84
TX0010052,ST08,2026-07-14 06:00:00,monthly_pass,entry,G09,3.12
TX0010053,ST09,2026-07-25 03:00:00,smart_card,exit,G07,4.33
TX0010054,ST04,2026-07-01 07:00:00,monthly_pass,exit,G03,4.36
TX0010055,ST08,2026-07-19 00:00:00,day_pass,entry,G07,3.75
TX0010056,ST07,2026-08-18 11:00:00,smart_card,exit,G10,3.41
TX0010057,ST06,2026-08-13 20:00:00,single_ticket,entry,G09,3.02
TX0010058,ST02,2026-07-15 04:00:00,smart_card,entry,G05,1.98
TX0010059,ST09,2026-08-09 20:00:00,smart_card,entry,G02,2.97
TX0010060,ST06,2026-08-15 10:00:00,single_ticket,exit,G06,2.5
TX0010061,ST04,2026-07-26 10:00:00,smart_card,exit,G04,4.22
TX0010062,ST03,2026-07-31 00:00:00,monthly_pass,exit,G10,1.54
TX0010063,ST09,2026-08-03 18:00:00,monthly_pass,exit,G06,3.31
TX0010064,ST03,2026-07-15 23:00:00,monthly_pass,exit,G09,4.01
TX0010065,ST04,2026-07-03 12:00:00,smart_card,exit,G04,1.64
TX0010066,ST06,2026-06-28 13:00:00,single_ticket,entry,G03,3.23
TX0010067,ST01,2026-06-30 18:00:00,monthly_pass,entry,G06,3.13
TX0010068,ST07,2026-07-20 20:00:00,smart_card,entry,G09,1.67
TX0010069,ST05,2026-07-30 13:00:00,single_ticket,entry,G11,3.61
TX0010070,ST02,2026-08-15 18:00:00,smart_card,exit,G11,2.75
TX0010071,ST06,2026-08-15 06:00:00,single_ticket,entry,G02,2.83
TX0010072,ST02,2026-07-09 06:00:00,single_ticket,entry,G08,1.66
TX0010073,ST10,2026-06-26 10:00:00,monthly_pass,exit,G04,2.68
TX0010074,ST03,2026-07-07 05:00:00,smart_card,entry,G03,1.8
TX0010075,ST08,2026-08-17 13:00:00,day_pass,exit,G11,3.65
TX0010076,ST03,2026-07-01 18:00:00,smart_card,exit,G01,3.84
TX0010077,ST05,2026-06-29 11:00:00,single_ticket,entry,G07,1.99
TX0010078,ST09,2026-07-03 09:00:00,monthly_pass,entry,G10,1.84
TX0010079,ST05,2026-06-24 07:00:00,single_ticket,entry,G12,4.41
TX0010080,ST06,2026-08-18 12:00:00,monthly_pass,exit,G06,2.85
TX0010081,ST04,2026-08-15 23:00:00,single_ticket,entry,G03,3.71
TX0010082,ST03,2026-08-20 16:00:00,single_ticket,exit,G06,2.18
TX0010083,ST03,2026-07-03 17:00:00,monthly_pass,exit,G10,1.99
TX0010084,ST05,2026-07-24 11:00:00,smart_card,entry,G07,2.43
TX0010085,ST10,2026-07-01 01:00:00,single_ticket,exit,G11,3.74
TX0010086,ST09,2026-08-02 17:00:00,single_ticket,entry,G09,3.09
TX0010087,ST10,2026-08-11 07:00:00,day_pass,entry,G12,4.01
TX0010088,ST07,2026-07-02 16:00:00,smart_card,entry,G08,1.53
TX0010089,ST03,2026-07-31 21:00:00,smart_card,entry,G02,3.15
TX0010090,ST09,2026-08-04 03:00:00,smart_card,entry,G01,2.78
TX0010091,ST04,2026-07-11 05:00:00,monthly_pass,entry,G07,1.99
TX0010092,ST06,2026-07-25 10:00:00,smart_card,entry,G12,2.57
TX0010093,ST03,2026-08-19 09:00:00,single_ticket,entry,G05,2.97
TX0010094,ST10,2026-08-15 00:00:00,smart_card,entry,G01,2.66
TX0010095,ST09,2026-07-13 16:00:00,single_ticket,entry,G08,4.23
TX0010096,ST10,2026-07-28 05:00:00,smart_card,entry,G08,2.61
TX0010097,ST01,2026-07-03 19:00:00,single_ticket,exit,G01,4.12
TX0010098,ST05,2026-08-03 08:00:00,single_ticket,exit,G08,3.25
TX0010099,ST06,2026-07-01 04:00:00,single_ticket,exit,G06,3.95
TX0010100,ST03,2026-07-07 17:00:00,smart_card,exit,G02,3.27
TX0010101,ST08,2026-06-30 19:00:00,day_pass,entry,G01,3.84
TX0010102,ST10,2026-07-16 12:00:00,single_ticket,entry,G08,2.15
TX0010103,ST01,2026-07-04 06:00:00,smart_card,exit,G04,1.78
TX0010104,ST03,2026-06-30 08:00:00,smart_card,exit,G03,3.34
TX0010105,ST10,2026-07-19 01:00:00,day_pass,entry,G10,2.28
TX0010106,ST07,2026-07-31 11:00:00,monthly_pass,exit,G04,2.9
TX0010107,ST08,2026-06-26 16:00:00,day_pass,exit,G06,2.22
TX0010108,ST01,2026-07-03 11:00:00,monthly_pass,entry,G07,3.42
TX0010109,ST04,2026-07-02 15:00:00,smart_card,entry,G11,3.68
TX0010110,ST09,2026-08-07 23:00:00,smart_card,exit,G11,3.01
TX0010111,ST07,2026-07-31 12:00:00,day_pass,entry,G01,2.6
TX0010112,ST05,2026-07-31 05:00:00,smart_card,entry,G04,3.33
TX0010113,ST03,2026-08-21 01:00:00,single_ticket,exit,G09,4.03
TX0010114,ST03,2026-07-04 17:00:00,single_ticket,exit,G09,2.4
TX0010115,ST01,2026-08-20 11:00:00,smart_card,exit,G01,1.9
TX0010116,ST06,2026-08-06 00:00:00,smart_card,exit,G04,3.22
TX0010117,ST07,2026-07-09 22:00:00,smart_card,entry,G02,2.81
TX0010118,ST08,2026-08-14 22:00:00,smart_card,entry,G03,3.13
TX0010119,ST04,2026-07-02 02:00:00,smart_card,exit,G10,2.87
TX0010120,ST06,2026-07-17 17:00:00,smart_card,entry,G12,3.32
TX0010121,ST05,2026-07-14 14:00:00,smart_card,entry,G01,4.36
TX0010122,ST08,2026-07-11 11:00:00,smart_card,exit,G11,2.15
TX0010123,ST10,2026-08-03 01:00:00,single_ticket,exit,G05,2.23
TX0010124,ST01,2026-08-08 09:00:00,day_pass,exit,G10,4.49
TX0010125,ST05,2026-07-12 07:00:00,smart_card,entry,G12,4.44
TX0010126,ST08,2026-07-27 09:00:00,single_ticket,entry,G06,2.88
TX0010127,ST10,2026-07-14 13:00:00,single_ticket,exit,G02,2.95
TX0010128,ST06,2026-07-01 12:00:00,single_ticket,exit,G03,3.2
TX0010129,ST08,2026-08-06 17:00:00,monthly_pass,entry,G12,3.17
TX0010130,ST08,2026-07-04 05:00:00,single_ticket,entry,G10,3.68
TX0010131,ST04,2026-08-11 05:00:00,smart_card,entry,G03,3.08
TX0010132,ST07,2026-07-24 05:00:00,monthly_pass,exit,G11,3.71
TX0010133,ST09,2026-08-08 20:00:00,single_ticket,entry,G04,3.8
TX0010134,ST09,2026-06-24 08:00:00,smart_card,exit,G01,2.53
TX0010135,ST07,2026-07-17 21:00:00,single_ticket,exit,G08,3.58
TX0010136,ST03,2026-07-29 23:00:00,smart_card,entry,G07,3.13
TX0010137,ST08,2026-07-18 14:00:00,single_ticket,entry,G01,4.37
TX0010138,ST06,2026-08-08 22:00:00,day_pass,entry,G07,3.12
TX0010139,ST02,2026-07-22 06:00:00,single_ticket,exit,G09,3.84
TX0010140,ST03,2026-06-27 13:00:00,smart_card,exit,G05,1.84
TX0010141,ST01,2026-08-07 06:00:00,smart_card,exit,G11,3.43
TX0010142,ST08,2026-07-24 05:00:00,day_pass,entry,G05,1.84
TX0010143,ST01,2026-07-21 01:00:00,smart_card,entry,G05,3.51
TX0010144,ST04,2026-07-18 17:00:00,monthly_pass,exit,G09,2.48
TX0010145,ST06,2026-08-07 08:00:00,smart_card,entry,G08,3.4
TX0010146,ST04,2026-06-24 06:00:00,single_ticket,entry,G12,2.8
TX0010147,ST02,2026-08-16 10:00:00,smart_card,entry,G05,3.96
TX0010148,ST03,2026-08-04 22:00:00,single_ticket,exit,G02,1.87
TX0010149,ST08,2026-07-30 04:00:00,monthly_pass,exit,G09,2.23
TX0010150,ST10,2026-08-10 15:00:00,single_ticket,entry,G12,2.77
TX0010151,ST06,2026-07-16 07:00:00,smart_card,exit,G07,2.55
TX0010152,ST08,2026-07-05 14:00:00,monthly_pass,exit,G08,1.77
TX0010153,ST01,2026-07-18 09:00:00,smart_card,entry,G07,2.79
TX0010154,ST02,2026-08-03 08:00:00,single_ticket,entry,G05,3.22
TX0010155,ST08,2026-06-30 12:00:00,smart_card,entry,G01,3.7
TX0010156,ST03,2026-07-31 13:00:00,smart_card,exit,G12,2.1
TX0010157,ST10,2026-08-11 16:00:00,single_ticket,entry,G08,2.35
TX0010158,ST10,2026-08-18 20:00:00,smart_card,exit,G10,2.85
TX0010159,ST03,2026-07-28 04:00:00,smart_card,entry,G07,4.02
TX0010160,ST02,2026-07-22 21:00:00,smart_card,exit,G05,2.63
TX0010161,ST05,2026-07-30 22:00:00,smart_card,entry,G04,3.68
TX0010162,ST07,2026-07-01 07:00:00,monthly_pass,entry,G03,4.15
TX0010163,ST03,2026-07-10 11:00:00,monthly_pass,exit,G06,2.05
TX0010164,ST08,2026-07-07 12:00:00,single_ticket,exit,G02,3.43
TX0010165,ST07,2026-08-03 10:00:00,day_pass,exit,G04,2.03
TX0010166,ST06,2026-07-01 21:00:00,smart_card,exit,G12,3.9
TX0010167,ST02,2026-08-17 08:00:00,monthly_pass,exit,G04,2.58
TX0010168,ST01,2026-08-11 01:00:00,smart_card,exit,G04,3.36
TX0010169,ST02,2026-07-02 01:00:00,smart_card,entry,G02,4.28
TX0010170,ST03,2026-08-05 16:00:00,smart_card,entry,G11,2.25
TX0010171,ST06,2026-07-09 15:00:00,smart_card,exit,G03,3.41
TX0010172,ST04,2026-06-27 09:00:00,single_ticket,exit,G10,3.13
TX0010173,ST04,2026-08-19 15:00:00,smart_card,entry,G02,3.48
TX0010174,ST08,2026-08-08 21:00:00,smart_card,exit,G04,1.81
TX0010175,ST09,2026-07-20 22:00:00,single_ticket,entry,G01,1.81
TX0010176,ST02,2026-07-30 22:00:00,day_pass,entry,G08,4.04
TX0010177,ST04,2026-07-19 04:00:00,smart_card,exit,G09,2.36
TX0010178,ST02,2026-07-24 14:00:00,smart_card,entry,G11,3.54
TX0010179,ST06,2026-07-31 17:00:00,single_ticket,entry,G02,3.58
TX0010180,ST03,2026-07-10 19:00:00,single_ticket,entry,G11,2.06
TX0010181,ST08,2026-07-17 13:00:00,smart_card,entry,G05,2.71
TX0010182,ST03,2026-07-21 12:00:00,smart_card,exit,G02,1.85
TX0010183,ST10,2026-08-07 20:00:00,smart_card,exit,G08,1.83
TX0010184,ST10,2026-08-10 16:00:00,smart_card,exit,G05,4.16
TX0010185,ST03,2026-07-23 00:00:00,day_pass,entry,G09,3.45
TX0010186,ST05,2026-07-11 06:00:00,monthly_pass,exit,G05,2.48
TX0010187,ST02,2026-08-04 01:00:00,single_ticket,entry,G01,3.18
TX0010188,ST06,2026-08-06 02:00:00,smart_card,entry,G11,3.36
TX0010189,ST09,2026-07-20 00:00:00,monthly_pass,exit,G11,1.56
TX0010190,ST05,2026-07-01 02:00:00,smart_card,entry,G07,2.53
TX0010191,ST03,2026-07-25 00:00:00,monthly_pass,exit,G02,3.22
TX0010192,ST04,2026-07-27 03:00:00,single_ticket,entry,G06,2.56
TX0010193,ST06,2026-07-08 15:00:00,single_ticket,entry,G07,2.38
TX0010194,ST05,2026-08-11 21:00:00,smart_card,exit,G10,2.9
TX0010195,ST03,2026-07-14 20:00:00,smart_card,entry,G10,3.7
TX0010196,ST06,2026-08-02 20:00:00,smart_card,exit,G12,3.72
TX0010197,ST02,2026-08-01 14:00:00,smart_card,entry,G06,3.28
TX0010198,ST03,2026-07-06 01:00:00,smart_card,exit,G09,3.81
TX0010199,ST10,2026-07-09 07:00:00,smart_card,entry,G12,1.93
TX0010200,ST04,2026-08-04 19:00:00,smart_card,exit,G04,1.97
TX0010201,ST08,2026-07-18 15:00:00,monthly_pass,exit,G09,3.78
TX0010202,ST05,2026-07-26 22:00:00,smart_card,exit,G12,2.32
TX0010203,ST03,2026-06-22 20:00:00,single_ticket,exit,G05,2.1
TX0010204,ST09,2026-08-06 09:00:00,smart_card,entry,G02,1.85
TX0010205,ST10,2026-07-05 05:00:00,single_ticket,exit,G01,2.81
TX0010206,ST03,2026-07-23 23:00:00,single_ticket,entry,G04,3.13
TX0010207,ST08,2026-07-17 00:00:00,single_ticket,exit,G10,2.35
TX0010208,ST08,2026-07-14 02:00:00,smart_card,exit,G07,2.57
TX0010209,ST10,2026-08-06 12:00:00,smart_card,entry,G11,4.4
TX0010210,ST07,2026-07-27 00:00:00,smart_card,exit,G08,2.27
TX0010211,ST08,2026-06-26 22:00:00,monthly_pass,exit,G08,2.73
TX0010212,ST09,2026-07-29 06:00:00,smart_card,entry,G01,2.6
TX0010213,ST07,2026-07-09 18:00:00,single_ticket,exit,G04,3.21
TX0010214,ST10,2026-08-02 18:00:00,smart_card,entry,G06,3.98
TX0010215,ST09,2026-08-19 09:00:00,smart_card,entry,G07,4.24
TX0010216,ST06,2026-08-17 09:00:00,smart_card,entry,G09,2.72
TX0010217,ST10,2026-08-15 21:00:00,smart_card,entry,G01,2.75
TX0010218,ST04,2026-08-08 08:00:00,smart_card,entry,G08,3.22
TX0010219,ST05,2026-08-19 13:00:00,smart_card,exit,G06,4.16
TX0010220,ST06,2026-07-19 23:00:00,smart_card,entry,G12,1.74
TX0010221,ST02,2026-08-15 12:00:00,smart_card,exit,G12,4.42
TX0010222,ST10,2026-08-17 01:00:00,day_pass,entry,G02,3.8
TX0010223,ST08,2026-06-22 07:00:00,smart_card,exit,G03,2.87
TX0010224,ST07,2026-08-09 10:00:00,smart_card,entry,G10,3.34
TX0010225,ST04,2026-07-18 19:00:00,smart_card,exit,G09,4.39
TX0010226,ST09,2026-07-05 11:00:00,day_pass,exit,G01,2.1
TX0010227,ST05,2026-07-21 23:00:00,smart_card,entry,G02,4.33
TX0010228,ST06,2026-07-20 21:00:00,day_pass,entry,G03,2.06
TX0010229,ST07,2026-06-29 08:00:00,smart_card,exit,G09,4.39
TX0010230,ST01,2026-07-12 17:00:00,smart_card,exit,G04,1.54
TX0010231,ST01,2026-08-07 17:00:00,smart_card,exit,G06,3.63
TX0010232,ST04,2026-08-16 02:00:00,smart_card,entry,G11,1.59
TX0010233,ST09,2026-08-08 06:00:00,smart_card,entry,G05,2.89
TX0010234,ST10,2026-08-13 14:00:00,smart_card,entry,G07,1.52
TX0010235,ST08,2026-07-16 14:00:00,monthly_pass,entry,G07,1.63
TX0010236,ST09,2026-07-29 01:00:00,single_ticket,exit,G07,3.87
TX0010237,ST05,2026-07-26 18:00:00,monthly_pass,exit,G10,4.26
TX0010238,ST10,2026-08-15 06:00:00,monthly_pass,entry,G12,3.64
TX0010239,ST06,2026-07-07 02:00:00,smart_card,entry,G11,4.02
TX0010240,ST09,2026-06-22 09:00:00,day_pass,entry,G07,1.97
TX0010241,ST04,2026-07-30 14:00:00,smart_card,entry,G05,3.3
TX0010242,ST10,2026-07-07 00:00:00,single_ticket,exit,G11,2.99
TX0010243,ST02,2026-08-17 04:00:00,single_ticket,exit,G08,4.07
TX0010244,ST08,2026-08-02 17:00:00,single_ticket,exit,G09,3.17
TX0010245,ST02,2026-07-02 21:00:00,smart_card,exit,G04,4.25
TX0010246,ST04,2026-08-18 02:00:00,smart_card,exit,G12,4.23
TX0010247,ST02,2026-07-27 20:00:00,monthly_pass,entry,G06,2.53
TX0010248,ST05,2026-06-29 16:00:00,smart_card,entry,G04,3.74
TX0010249,ST06,2026-07-15 16:00:00,smart_card,exit,G08,4.15
TX0010250,ST08,2026-06-29 01:00:00,smart_card,entry,G03,2.6
TX0010251,ST07,2026-08-16 13:00:00,single_ticket,exit,G04,3.82
TX0010252,ST03,2026-07-10 06:00:00,smart_card,entry,G05,1.5
TX0010253,ST04,2026-07-11 10:00:00,monthly_pass,entry,G04,2.78
TX0010254,ST06,2026-08-09 03:00:00,single_ticket,exit,G02,3.41
TX0010255,ST08,2026-07-19 02:00:00,day_pass,entry,G02,2.59
TX0010256,ST07,2026-08-08 21:00:00,smart_card,exit,G11,4.15
TX0010257,ST07,2026-08-14 08:00:00,smart_card,entry,G08,3.46
TX0010258,ST06,2026-07-09 02:00:00,single_ticket,entry,G03,3.11
TX0010259,ST01,2026-07-01 04:00:00,smart_card,entry,G11,4.1
TX0010260,ST05,2026-07-31 16:00:00,smart_card,exit,G01,3.75
TX0010261,ST09,2026-07-06 13:00:00,day_pass,entry,G12,2.23
TX0010262,ST07,2026-06-23 23:00:00,single_ticket,exit,G10,3.91
TX0010263,ST10,2026-06-30 13:00:00,monthly_pass,entry,G12,3.04
TX0010264,ST03,2026-07-17 08:00:00,single_ticket,entry,G06,2.12
TX0010265,ST05,2026-08-13 03:00:00,smart_card,entry,G10,4.43
TX0010266,ST04,2026-07-24 19:00:00,monthly_pass,entry,G04,2.7
TX0010267,ST05,2026-07-27 04:00:00,monthly_pass,exit,G06,1.61
TX0010268,ST03,2026-07-29 01:00:00,smart_card,entry,G12,4.26
TX0010269,ST08,2026-08-17 11:00:00,smart_card,entry,G10,1.88
TX0010270,ST05,2026-07-19 07:00:00,smart_card,entry,G07,2.87
TX0010271,ST08,2026-07-26 19:00:00,day_pass,entry,G04,3.05
TX0010272,ST01,2026-06-23 06:00:00,smart_card,entry,G06,3.78
TX0010273,ST06,2026-07-11 08:00:00,smart_card,exit,G07,1.73
TX0010274,ST09,2026-08-04 12:00:00,smart_card,entry,G08,3.75
TX0010275,ST07,2026-08-07 05:00:00,day_pass,exit,G12,3.6
TX0010276,ST10,2026-08-11 23:00:00,smart_card,entry,G02,2.42
TX0010277,ST09,2026-07-29 14:00:00,smart_card,exit,G07,3.88
TX0010278,ST05,2026-07-30 16:00:00,single_ticket,exit,G05,2.05
TX0010279,ST07,2026-07-14 08:00:00,day_pass,entry,G08,4.4
TX0010280,ST07,2026-08-19 12:00:00,smart_card,entry,G03,4.3
TX0010281,ST09,2026-07-05 19:00:00,smart_card,entry,G08,3.48
TX0010282,ST06,2026-08-18 21:00:00,smart_card,entry,G01,2.53
TX0010283,ST08,2026-08-04 14:00:00,smart_card,exit,G10,2.77
TX0010284,ST09,2026-07-28 00:00:00,smart_card,entry,G05,3.79
TX0010285,ST08,2026-08-01 17:00:00,smart_card,exit,G02,2.12
TX0010286,ST10,2026-07-31 10:00:00,smart_card,exit,G07,2.44
TX0010287,ST09,2026-07-09 01:00:00,day_pass,exit,G05,2.83
TX0010288,ST01,2026-08-07 03:00:00,smart_card,exit,G12,3.85
TX0010289,ST03,2026-07-08 17:00:00,monthly_pass,entry,G12,1.93
TX0010290,ST04,2026-08-03 22:00:00,smart_card,exit,G08,1.85
TX0010291,ST10,2026-06-27 00:00:00,smart_card,entry,G12,4.21
TX0010292,ST09,2026-08-09 07:00:00,day_pass,entry,G02,4.4
TX0010293,ST06,2026-08-10 15:00:00,monthly_pass,exit,G07,3.11
TX0010294,ST07,2026-06-30 08:00:00,smart_card,entry,G10,3.63
TX0010295,ST08,2026-07-07 17:00:00,day_pass,exit,G04,2.08
TX0010296,ST10,2026-08-20 17:00:00,day_pass,exit,G06,4.1
TX0010297,ST02,2026-07-24 04:00:00,smart_card,exit,G11,4.1
TX0010298,ST04,2026-07-01 21:00:00,single_ticket,exit,G11,1.96
TX0010299,ST04,2026-06-25 15:00:00,smart_card,entry,G11,3.72
TX0010300,ST06,2026-06-30 08:00:00,smart_card,exit,G09,2.12
TX0010301,ST03,2026-07-27 03:00:00,smart_card,entry,G04,2.85
TX0010302,ST01,2026-08-01 17:00:00,smart_card,exit,G02,2.49
TX0010303,ST04,2026-07-03 00:00:00,smart_card,entry,G09,4.11
TX0010304,ST05,2026-07-23 17:00:00,smart_card,entry,G01,2.89
TX0010305,ST01,2026-07-22 04:00:00,smart_card,exit,G12,3.97
TX0010306,ST05,2026-07-08 16:00:00,smart_card,exit,G03,3.32
TX0010307,ST10,2026-07-18 14:00:00,single_ticket,entry,G06,2.96
TX0010308,ST02,2026-08-18 00:00:00,single_ticket,entry,G12,3.52
TX0010309,ST02,2026-08-08 03:00:00,day_pass,entry,G01,1.51
TX0010310,ST03,2026-08-08 22:00:00,monthly_pass,entry,G08,3.12
TX0010311,ST05,2026-07-10 11:00:00,monthly_pass,entry,G11,2.07
TX0010312,ST06,2026-08-03 21:00:00,smart_card,exit,G02,3.85
TX0010313,ST09,2026-08-11 12:00:00,smart_card,exit,G09,4.1
TX0010314,ST03,2026-08-10 12:00:00,single_ticket,entry,G09,3.74
TX0010315,ST07,2026-08-13 06:00:00,smart_card,entry,G10,4.32
TX0010316,ST02,2026-08-17 13:00:00,smart_card,entry,G03,1.93
TX0010317,ST02,2026-07-24 19:00:00,monthly_pass,entry,G08,2.15
TX0010318,ST05,2026-06-24 15:00:00,smart_card,entry,G07,3.64
TX0010319,ST03,2026-08-02 07:00:00,smart_card,entry,G06,1.91
TX0010320,ST08,2026-07-06 05:00:00,single_ticket,exit,G06,3.03
TX0010321,ST09,2026-08-01 04:00:00,day_pass,exit,G12,3.55
TX0010322,ST03,2026-07-06 16:00:00,monthly_pass,entry,G01,2.13
TX0010323,ST03,2026-08-16 19:00:00,monthly_pass,entry,G08,2.7
TX0010324,ST03,2026-08-04 16:00:00,smart_card,entry,G07,3.93
TX0010325,ST09,2026-06-24 17:00:00,single_ticket,exit,G07,2.59
TX0010326,ST01,2026-08-19 14:00:00,smart_card,exit,G11,3.57
TX0010327,ST07,2026-07-04 08:00:00,monthly_pass,exit,G07,4.36
TX0010328,ST06,2026-07-13 04:00:00,smart_card,entry,G10,3.79
TX0010329,ST04,2026-07-19 16:00:00,smart_card,entry,G10,3.88
TX0010330,ST03,2026-07-07 18:00:00,monthly_pass,entry,G10,2.44
TX0010331,ST09,2026-07-30 06:00:00,single_ticket,exit,G08,2.0
TX0010332,ST02,2026-08-12 02:00:00,smart_card,exit,G01,3.72
TX0010333,ST02,2026-07-22 03:00:00,smart_card,entry,G01,2.84
TX0010334,ST06,2026-08-18 15:00:00,smart_card,entry,G07,3.58
TX0010335,ST06,2026-07-29 05:00:00,single_ticket,exit,G04,2.42
TX0010336,ST01,2026-07-20 07:00:00,single_ticket,entry,G03,2.13
TX0010337,ST08,2026-07-28 18:00:00,smart_card,exit,G07,3.01
TX0010338,ST05,2026-08-13 08:00:00,single_ticket,entry,G06,1.85
TX0010339,ST08,2026-07-28 07:00:00,smart_card,entry,G02,3.19
TX0010340,ST08,2026-06-27 02:00:00,monthly_pass,entry,G06,2.23
TX0010341,ST03,2026-08-01 06:00:00,single_ticket,entry,G11,1.95
TX0010342,ST02,2026-07-07 20:00:00,monthly_pass,exit,G02,2.94
TX0010343,ST09,2026-07-11 18:00:00,smart_card,exit,G10,3.27
TX0010344,ST10,2026-08-11 14:00:00,monthly_pass,entry,G10,3.88
TX0010345,ST02,2026-07-19 17:00:00,monthly_pass,entry,G10,2.35
TX0010346,ST09,2026-08-10 04:00:00,smart_card,exit,G02,3.22
TX0010347,ST05,2026-07-31 17:00:00,monthly_pass,exit,G06,3.24
TX0010348,ST02,2026-07-01 22:00:00,single_ticket,exit,G12,2.0
TX0010349,ST08,2026-07-01 02:00:00,monthly_pass,exit,G04,1.56
TX0010350,ST03,2026-08-16 18:00:00,day_pass,exit,G06,3.32
TX0010351,ST08,2026-07-24 18:00:00,monthly_pass,exit,G11,3.11
TX0010352,ST08,2026-08-15 17:00:00,smart_card,exit,G07,4.34
TX0010353,ST02,2026-06-26 17:00:00,smart_card,entry,G05,3.29
TX0010354,ST10,2026-08-12 08:00:00,smart_card,entry,G02,2.1
TX0010355,ST06,2026-08-17 08:00:00,single_ticket,entry,G07,3.73
TX0010356,ST04,2026-07-28 05:00:00,smart_card,entry,G06,1.57
TX0010357,ST02,2026-06-23 02:00:00,smart_card,exit,G04,3.61
TX0010358,ST10,2026-07-15 17:00:00,smart_card,entry,G04,3.94
TX0010359,ST03,2026-07-06 09:00:00,monthly_pass,exit,G12,2.01
TX0010360,ST09,2026-07-18 07:00:00,single_ticket,entry,G08,2.32
TX0010361,ST10,2026-07-02 03:00:00,smart_card,entry,G09,1.79
TX0010362,ST05,2026-08-19 23:00:00,smart_card,entry,G01,2.09
TX0010363,ST06,2026-07-01 19:00:00,monthly_pass,entry,G12,2.26
TX0010364,ST10,2026-07-24 15:00:00,smart_card,entry,G04,2.34
TX0010365,ST02,2026-07-05 04:00:00,single_ticket,exit,G12,2.87
TX0010366,ST03,2026-08-06 21:00:00,monthly_pass,entry,G12,4.33
TX0010367,ST06,2026-08-09 06:00:00,monthly_pass,entry,G03,1.72
TX0010368,ST02,2026-07-06 01:00:00,smart_card,entry,G04,2.52
TX0010369,ST07,2026-07-23 09:00:00,single_ticket,exit,G09,2.16
TX0010370,ST07,2026-08-20 19:00:00,monthly_pass,exit,G07,3.76
TX0010371,ST02,2026-07-16 05:00:00,smart_card,exit,G06,4.3
TX0010372,ST02,2026-07-15 18:00:00,single_ticket,exit,G05,2.8
TX0010373,ST03,2026-08-03 10:00:00,day_pass,entry,G08,4.2
TX0010374,ST03,2026-07-07 02:00:00,smart_card,exit,G08,4.07
TX0010375,ST04,2026-06-26 13:00:00,smart_card,entry,G06,2.57
TX0010376,ST08,2026-06-30 03:00:00,smart_card,exit,G07,1.81
TX0010377,ST06,2026-08-19 01:00:00,smart_card,exit,G01,4.41
TX0010378,ST02,2026-07-26 06:00:00,smart_card,exit,G05,3.93
TX0010379,ST03,2026-08-10 21:00:00,smart_card,exit,G09,3.66
TX0010380,ST04,2026-08-13 11:00:00,single_ticket,exit,G10,2.83
TX0010381,ST07,2026-07-10 16:00:00,monthly_pass,exit,G06,2.13
TX0010382,ST10,2026-07-22 20:00:00,monthly_pass,entry,G09,2.51
TX0010383,ST04,2026-08-04 08:00:00,monthly_pass,entry,G02,2.88
TX0010384,ST06,2026-08-11 23:00:00,day_pass,entry,G08,3.38
TX0010385,ST05,2026-07-06 02:00:00,smart_card,entry,G08,1.84
TX0010386,ST06,2026-07-22 20:00:00,smart_card,entry,G07,3.65
TX0010387,ST09,2026-06-28 09:00:00,day_pass,entry,G02,3.68
TX0010388,ST02,2026-06-25 12:00:00,monthly_pass,exit,G11,4.47
TX0010389,ST10,2026-08-09 02:00:00,smart_card,entry,G11,3.84
TX0010390,ST01,2026-08-18 15:00:00,single_ticket,exit,G12,4.47
TX0010391,ST04,2026-08-17 13:00:00,monthly_pass,entry,G01,1.69
TX0010392,ST07,2026-07-16 04:00:00,single_ticket,entry,G01,4.29
TX0010393,ST02,2026-08-09 00:00:00,day_pass,exit,G06,3.89
TX0010394,ST10,2026-08-07 06:00:00,monthly_pass,exit,G12,3.2
TX0010395,ST04,2026-08-15 10:00:00,single_ticket,entry,G05,2.56
TX0010396,ST09,2026-07-07 22:00:00,smart_card,entry,G04,1.93
TX0010397,ST09,2026-07-06 11:00:00,monthly_pass,entry,G11,1.71
TX0010398,ST05,2026-06-25 15:00:00,day_pass,entry,G01,2.58
TX0010399,ST05,2026-08-17 23:00:00,smart_card,entry,G09,2.73
TX0010400,ST05,2026-06-25 05:00:00,monthly_pass,exit,G07,3.77
TX0010401,ST07,2026-08-10 10:00:00,smart_card,exit,G04,2.27
TX0010402,ST04,2026-07-15 21:00:00,monthly_pass,entry,G09,2.34
TX0010403,ST05,2026-06-28 05:00:00,day_pass,entry,G05,2.05
TX0010404,ST01,2026-07-13 23:00:00,smart_card,exit,G10,4.35
TX0010405,ST06,2026-07-27 08:00:00,monthly_pass,exit,G08,1.95
TX0010406,ST03,2026-07-22 12:00:00,smart_card,entry,G01,3.08
TX0010407,ST07,2026-07-12 05:00:00,monthly_pass,exit,G12,2.58
TX0010408,ST01,2026-07-01 23:00:00,single_ticket,exit,G10,3.2
TX0010409,ST03,2026-07-30 09:00:00,smart_card,exit,G05,1.53
TX0010410,ST05,2026-07-15 11:00:00,monthly_pass,entry,G08,4.08
TX0010411,ST05,2026-08-16 19:00:00,smart_card,entry,G11,2.71
TX0010412,ST08,2026-06-27 07:00:00,smart_card,exit,G06,2.28
TX0010413,ST02,2026-07-13 09:00:00,single_ticket,exit,G09,2.44
TX0010414,ST05,2026-07-17 06:00:00,smart_card,exit,G10,4.4
TX0010415,ST10,2026-07-16 13:00:00,smart_card,entry,G09,2.61
TX0010416,ST05,2026-07-06 00:00:00,single_ticket,entry,G06,2.91
TX0010417,ST10,2026-06-27 15:00:00,smart_card,entry,G03,4.09
TX0010418,ST02,2026-07-24 21:00:00,smart_card,entry,G03,4.49
TX0010419,ST07,2026-07-19 15:00:00,single_ticket,exit,G01,4.42
TX0010420,ST10,2026-06-25 01:00:00,smart_card,exit,G06,1.9
TX0010421,ST07,2026-07-07 15:00:00,smart_card,exit,G06,3.17
TX0010422,ST04,2026-08-13 08:00:00,smart_card,exit,G05,3.3
TX0010423,ST04,2026-06-30 16:00:00,smart_card,entry,G08,3.85
TX0010424,ST05,2026-06-23 14:00:00,single_ticket,exit,G04,2.95
TX0010425,ST09,2026-08-08 14:00:00,smart_card,exit,G06,2.91
TX0010426,ST04,2026-08-20 07:00:00,monthly_pass,exit,G10,2.58
TX0010427,ST02,2026-08-10 13:00:00,smart_card,exit,G05,3.69
TX0010428,ST04,2026-07-09 05:00:00,smart_card,entry,G01,3.46
TX0010429,ST06,2026-07-17 23:00:00,day_pass,exit,G04,4.45
TX0010430,ST07,2026-07-01 08:00:00,smart_card,exit,G05,3.26
TX0010431,ST10,2026-08-16 08:00:00,single_ticket,exit,G11,4.26
TX0010432,ST10,2026-06-29 13:00:00,smart_card,entry,G01,4.4
TX0010433,ST07,2026-07-10 13:00:00,monthly_pass,entry,G03,1.61
TX0010434,ST08,2026-07-18 16:00:00,smart_card,entry,G04,1.61
TX0010435,ST02,2026-08-02 18:00:00,smart_card,entry,G01,4.45
TX0010436,ST05,2026-07-04 13:00:00,single_ticket,exit,G11,3.3
TX0010437,ST07,2026-07-07 14:00:00,smart_card,entry,G02,2.35
TX0010438,ST05,2026-07-16 21:00:00,monthly_pass,exit,G08,2.82
TX0010439,ST03,2026-07-04 04:00:00,monthly_pass,entry,G06,2.83
TX0010440,ST02,2026-07-07 14:00:00,day_pass,exit,G11,1.81
TX0010441,ST09,2026-06-28 04:00:00,smart_card,exit,G07,4.23
TX0010442,ST05,2026-08-19 14:00:00,single_ticket,exit,G11,2.46
TX0010443,ST07,2026-07-26 05:00:00,smart_card,exit,G09,3.15
TX0010444,ST04,2026-07-24 03:00:00,smart_card,exit,G10,4.11
TX0010445,ST09,2026-08-04 16:00:00,smart_card,entry,G07,4.17
TX0010446,ST05,2026-08-13 13:00:00,smart_card,exit,G01,2.06
TX0010447,ST08,2026-08-09 00:00:00,smart_card,exit,G08,2.01
TX0010448,ST04,2026-07-18 06:00:00,day_pass,exit,G05,1.91
TX0010449,ST05,2026-07-04 03:00:00,smart_card,entry,G02,2.2
TX0010450,ST09,2026-07-14 17:00:00,smart_card,entry,G06,2.46
TX0010451,ST10,2026-08-12 18:00:00,smart_card,exit,G06,3.68
TX0010452,ST05,2026-08-09 12:00:00,single_ticket,exit,G12,1.96
TX0010453,ST04,2026-08-14 03:00:00,single_ticket,entry,G09,2.15
TX0010454,ST06,2026-06-23 07:00:00,smart_card,exit,G10,2.63
TX0010455,ST01,2026-08-12 09:00:00,single_ticket,exit,G04,1.57
TX0010456,ST08,2026-08-03 19:00:00,monthly_pass,exit,G06,2.26
TX0010457,ST05,2026-08-06 11:00:00,smart_card,exit,G04,2.89
TX0010458,ST06,2026-08-04 17:00:00,day_pass,exit,G07,3.17
TX0010459,ST09,2026-08-13 14:00:00,monthly_pass,entry,G04,3.4
TX0010460,ST05,2026-07-25 08:00:00,monthly_pass,exit,G04,2.68
TX0010461,ST01,2026-06-28 20:00:00,smart_card,entry,G05,3.19
TX0010462,ST07,2026-07-01 00:00:00,smart_card,entry,G12,4.08
TX0010463,ST07,2026-08-08 16:00:00,single_ticket,exit,G01,3.68
TX0010464,ST02,2026-06-28 10:00:00,smart_card,exit,G11,3.22
TX0010465,ST10,2026-08-11 18:00:00,smart_card,entry,G11,3.83
TX0010466,ST10,2026-07-21 14:00:00,smart_card,entry,G04,2.38
TX0010467,ST10,2026-07-20 15:00:00,smart_card,entry,G03,4.37
TX0010468,ST10,2026-07-12 12:00:00,smart_card,exit,G04,3.57
TX0010469,ST05,2026-07-30 20:00:00,smart_card,exit,G11,3.52
TX0010470,ST10,2026-07-13 03:00:00,day_pass,exit,G02,3.86
TX0010471,ST08,2026-07-23 20:00:00,smart_card,exit,G01,1.51
TX0010472,ST08,2026-08-16 20:00:00,smart_card,exit,G02,1.92
TX0010473,ST06,2026-07-03 21:00:00,monthly_pass,exit,G04,3.22
TX0010474,ST10,2026-07-08 03:00:00,day_pass,exit,G09,3.32
TX0010475,ST02,2026-06-27 01:00:00,smart_card,exit,G07,4.19
TX0010476,ST02,2026-08-19 01:00:00,smart_card,entry,G06,3.1
TX0010477,ST01,2026-07-10 09:00:00,single_ticket,entry,G02,2.3
TX0010478,ST05,2026-06-23 10:00:00,single_ticket,entry,G10,2.97
TX0010479,ST09,2026-07-01 21:00:00,monthly_pass,exit,G12,2.45
TX0010480,ST02,2026-06-28 09:00:00,smart_card,entry,G05,3.54
TX0010481,ST06,2026-06-30 11:00:00,single_ticket,entry,G07,3.34
TX0010482,ST02,2026-08-17 01:00:00,smart_card,exit,G04,2.07
TX0010483,ST10,2026-07-01 16:00:00,monthly_pass,exit,G10,2.61
TX0010484,ST07,2026-07-17 07:00:00,smart_card,exit,G07,3.53
TX0010485,ST04,2026-08-18 03:00:00,smart_card,exit,G04,4.33
TX0010486,ST03,2026-08-06 10:00:00,single_ticket,exit,G04,2.69
TX0010487,ST04,2026-07-09 04:00:00,day_pass,exit,G03,3.67
TX0010488,ST07,2026-07-14 02:00:00,single_ticket,exit,G12,2.77
TX0010489,ST01,2026-08-12 19:00:00,smart_card,exit,G11,2.64
TX0010490,ST03,2026-06-25 04:00:00,monthly_pass,entry,G06,3.4
TX0010491,ST09,2026-08-03 09:00:00,single_ticket,exit,G03,4.38
TX0010492,ST08,2026-08-05 02:00:00,smart_card,exit,G03,2.47
TX0010493,ST10,2026-07-04 14:00:00,monthly_pass,exit,G05,2.83
TX0010494,ST02,2026-06-24 14:00:00,smart_card,exit,G01,1.66
TX0010495,ST05,2026-07-21 14:00:00,single_ticket,entry,G09,3.39
TX0010496,ST06,2026-06-28 16:00:00,smart_card,exit,G02,2.63
TX0010497,ST06,2026-07-18 04:00:00,smart_card,entry,G03,1.86
TX0010498,ST06,2026-07-06 16:00:00,smart_card,entry,G05,3.36
TX0010499,ST06,2026-07-21 22:00:00,smart_card,exit,G08,3.54
TX0010500,ST09,2026-07-26 02:00:00,smart_card,entry,G06,1.87
TX0010501,ST04,2026-07-28 06:00:00,smart_card,exit,G12,3.3
TX0010502,ST04,2026-08-16 12:00:00,single_ticket,exit,G05,4.03
TX0010503,ST10,2026-07-16 05:00:00,smart_card,exit,G07,3.12
TX0010504,ST04,2026-07-30 15:00:00,single_ticket,exit,G06,3.89
TX0010505,ST02,2026-07-20 23:00:00,smart_card,entry,G04,2.98
TX0010506,ST02,2026-07-19 09:00:00,smart_card,exit,G08,2.2
TX0010507,ST04,2026-08-06 14:00:00,smart_card,entry,G12,1.96
TX0010508,ST08,2026-06-27 12:00:00,single_ticket,entry,G03,2.19
TX0010509,ST01,2026-06-30 00:00:00,smart_card,exit,G11,3.42
TX0010510,ST10,2026-07-15 07:00:00,monthly_pass,exit,G10,2.38
TX0010511,ST06,2026-07-22 23:00:00,single_ticket,exit,G08,3.14
TX0010512,ST03,2026-07-24 12:00:00,monthly_pass,exit,G09,3.91
TX0010513,ST03,2026-07-14 23:00:00,smart_card,entry,G10,1.8
TX0010514,ST08,2026-08-01 09:00:00,single_ticket,entry,G05,1.85
TX0010515,ST01,2026-08-18 18:00:00,single_ticket,entry,G10,3.71
TX0010516,ST08,2026-08-09 18:00:00,smart_card,exit,G06,1.59
TX0010517,ST06,2026-08-19 18:00:00,monthly_pass,entry,G06,2.12
TX0010518,ST06,2026-07-01 16:00:00,smart_card,entry,G12,2.8
TX0010519,ST04,2026-07-22 02:00:00,smart_card,entry,G04,4.4
TX0010520,ST04,2026-07-16 06:00:00,single_ticket,entry,G01,3.07
TX0010521,ST03,2026-07-04 12:00:00,smart_card,exit,G01,1.93
TX0010522,ST10,2026-08-05 13:00:00,smart_card,entry,G05,3.25
TX0010523,ST08,2026-08-19 21:00:00,single_ticket,entry,G01,2.63
TX0010524,ST06,2026-08-13 05:00:00,smart_card,entry,G12,1.67
TX0010525,ST10,2026-08-15 08:00:00,single_ticket,entry,G01,3.01
TX0010526,ST10,2026-07-21 12:00:00,smart_card,entry,G10,3.41
TX0010527,ST02,2026-07-25 08:00:00,monthly_pass,entry,G03,4.38
TX0010528,ST06,2026-07-28 09:00:00,smart_card,entry,G09,3.68
TX0010529,ST07,2026-08-16 04:00:00,smart_card,exit,G02,3.84
TX0010530,ST03,2026-08-17 17:00:00,smart_card,exit,G12,4.24
TX0010531,ST08,2026-07-17 09:00:00,single_ticket,exit,G01,2.47
TX0010532,ST09,2026-07-28 18:00:00,smart_card,entry,G05,3.2
TX0010533,ST07,2026-08-08 01:00:00,smart_card,exit,G07,4.41
TX0010534,ST01,2026-06-23 05:00:00,smart_card,exit,G08,3.16
TX0010535,ST03,2026-07-12 08:00:00,smart_card,exit,G05,1.89
TX0010536,ST01,2026-08-06 13:00:00,monthly_pass,exit,G01,4.37
TX0010537,ST07,2026-06-26 02:00:00,single_ticket,entry,G12,2.56
TX0010538,ST10,2026-07-01 21:00:00,smart_card,entry,G11,2.26
TX0010539,ST02,2026-08-19 14:00:00,smart_card,exit,G09,3.39
TX0010540,ST08,2026-07-09 20:00:00,single_ticket,exit,G04,2.56
TX0010541,ST06,2026-07-06 06:00:00,day_pass,entry,G12,2.73
TX0010542,ST06,2026-07-03 11:00:00,smart_card,exit,G03,2.15
TX0010543,ST10,2026-07-11 15:00:00,monthly_pass,entry,G01,1.61
TX0010544,ST03,2026-08-14 05:00:00,smart_card,entry,G10,1.72
TX0010545,ST07,2026-07-28 02:00:00,smart_card,entry,G04,2.33
TX0010546,ST01,2026-07-21 04:00:00,day_pass,entry,G10,2.77
TX0010547,ST10,2026-07-03 05:00:00,single_ticket,exit,G10,3.98
TX0010548,ST05,2026-07-16 06:00:00,smart_card,exit,G02,2.14
TX0010549,ST01,2026-08-12 08:00:00,monthly_pass,entry,G08,3.46
TX0010550,ST02,2026-07-15 12:00:00,day_pass,exit,G06,4.28
TX0010551,ST01,2026-07-03 17:00:00,monthly_pass,entry,G05,2.72
TX0010552,ST05,2026-06-29 06:00:00,single_ticket,entry,G06,4.44
TX0010553,ST03,2026-06-25 06:00:00,single_ticket,entry,G11,3.41
TX0010554,ST03,2026-07-23 18:00:00,smart_card,entry,G02,4.37
TX0010555,ST03,2026-08-03 23:00:00,smart_card,exit,G07,2.38
TX0010556,ST04,2026-07-11 07:00:00,smart_card,entry,G09,3.47
TX0010557,ST05,2026-06-25 18:00:00,day_pass,entry,G11,1.98
TX0010558,ST10,2026-08-03 06:00:00,smart_card,entry,G07,4.24
TX0010559,ST03,2026-08-12 18:00:00,monthly_pass,entry,G07,2.51
TX0010560,ST01,2026-08-08 14:00:00,smart_card,exit,G03,1.98
TX0010561,ST02,2026-08-16 12:00:00,smart_card,entry,G08,3.09
TX0010562,ST06,2026-08-02 03:00:00,smart_card,exit,G12,2.0
TX0010563,ST09,2026-07-02 20:00:00,smart_card,entry,G04,2.34
TX0010564,ST10,2026-08-05 17:00:00,smart_card,exit,G06,2.64
TX0010565,ST06,2026-07-11 10:00:00,smart_card,exit,G01,1.94
TX0010566,ST07,2026-07-12 19:00:00,single_ticket,entry,G04,1.62
TX0010567,ST08,2026-07-18 08:00:00,smart_card,entry,G01,2.62
TX0010568,ST02,2026-08-04 23:00:00,smart_card,exit,G11,2.12
TX0010569,ST10,2026-08-02 08:00:00,smart_card,entry,G04,3.51
TX0010570,ST06,2026-07-14 19:00:00,smart_card,exit,G12,1.5
TX0010571,ST03,2026-08-05 04:00:00,monthly_pass,exit,G11,3.44
TX0010572,ST02,2026-07-31 13:00:00,monthly_pass,entry,G03,3.13
TX0010573,ST06,2026-07-26 05:00:00,smart_card,exit,G05,3.07
TX0010574,ST05,2026-08-16 09:00:00,smart_card,entry,G06,3.02
TX0010575,ST01,2026-06-27 00:00:00,smart_card,exit,G11,3.13
TX0010576,ST02,2026-07-09 20:00:00,single_ticket,entry,G12,3.02
TX0010577,ST03,2026-07-02 04:00:00,smart_card,entry,G12,2.84
TX0010578,ST03,2026-08-18 15:00:00,single_ticket,exit,G06,2.52
TX0010579,ST10,2026-07-06 07:00:00,smart_card,entry,G06,2.59
TX0010580,ST09,2026-07-19 21:00:00,single_ticket,exit,G02,1.79
TX0010581,ST02,2026-08-18 16:00:00,smart_card,exit,G06,2.68
TX0010582,ST08,2026-07-29 19:00:00,smart_card,exit,G03,2.97
TX0010583,ST08,2026-07-22 17:00:00,smart_card,entry,G11,3.79
TX0010584,ST10,2026-06-27 16:00:00,single_ticket,entry,G05,2.81
TX0010585,ST04,2026-07-08 00:00:00,single_ticket,entry,G07,3.81
TX0010586,ST03,2026-07-30 15:00:00,single_ticket,entry,G03,3.84
TX0010587,ST05,2026-07-05 01:00:00,smart_card,exit,G10,2.48
TX0010588,ST03,2026-07-19 13:00:00,single_ticket,exit,G09,2.99
TX0010589,ST03,2026-07-31 14:00:00,smart_card,entry,G09,2.48
TX0010590,ST05,2026-07-28 23:00:00,single_ticket,exit,G11,1.72
TX0010591,ST09,2026-07-31 03:00:00,day_pass,exit,G05,4.06
TX0010592,ST02,2026-07-13 07:00:00,smart_card,exit,G12,3.96
TX0010593,ST09,2026-08-05 06:00:00,day_pass,exit,G08,1.75
TX0010594,ST08,2026-07-30 06:00:00,monthly_pass,exit,G02,3.46
TX0010595,ST09,2026-07-12 13:00:00,monthly_pass,exit,G01,4.04
TX0010596,ST07,2026-08-09 15:00:00,smart_card,entry,G10,1.62
TX0010597,ST06,2026-06-25 02:00:00,monthly_pass,exit,G07,2.67
TX0010598,ST09,2026-07-04 04:00:00,smart_card,exit,G12,2.23
TX0010599,ST06,2026-07-22 14:00:00,smart_card,exit,G02,2.93
TX0010600,ST05,2026-08-19 19:00:00,smart_card,exit,G09,1.96
TX0010601,ST05,2026-08-11 08:00:00,smart_card,exit,G07,1.6
TX0010602,ST05,2026-06-26 16:00:00,smart_card,entry,G01,1.56
TX0010603,ST04,2026-07-10 14:00:00,monthly_pass,exit,G10,4.35
TX0010604,ST08,2026-07-04 23:00:00,smart_card,exit,G01,1.7
TX0010605,ST01,2026-07-28 23:00:00,smart_card,entry,G02,2.15
TX0010606,ST01,2026-07-15 10:00:00,day_pass,entry,G12,3.38
TX0010607,ST09,2026-06-28 23:00:00,smart_card,entry,G05,3.42
TX0010608,ST01,2026-08-11 12:00:00,monthly_pass,exit,G10,1.79
TX0010609,ST08,2026-07-26 23:00:00,monthly_pass,exit,G07,3.14
TX0010610,ST06,2026-07-12 09:00:00,smart_card,entry,G06,2.88
TX0010611,ST08,2026-08-05 01:00:00,smart_card,entry,G03,2.17
TX0010612,ST07,2026-08-05 11:00:00,smart_card,entry,G02,3.92
TX0010613,ST05,2026-07-24 15:00:00,monthly_pass,entry,G01,4.4
TX0010614,ST08,2026-07-09 02:00:00,smart_card,entry,G01,2.38
TX0010615,ST03,2026-07-06 00:00:00,smart_card,exit,G01,2.12
TX0010616,ST03,2026-07-23 11:00:00,single_ticket,exit,G12,2.59
TX0010617,ST02,2026-07-03 09:00:00,single_ticket,entry,G04,4.15
TX0010618,ST09,2026-07-07 09:00:00,single_ticket,entry,G11,3.8
TX0010619,ST06,2026-08-13 15:00:00,smart_card,exit,G04,3.75
TX0010620,ST01,2026-08-08 17:00:00,single_ticket,entry,G07,4.21
TX0010621,ST03,2026-07-03 23:00:00,single_ticket,exit,G06,2.2
TX0010622,ST05,2026-07-10 20:00:00,smart_card,entry,G10,4.09
TX0010623,ST09,2026-07-17 06:00:00,single_ticket,entry,G11,4.25
TX0010624,ST03,2026-07-27 15:00:00,smart_card,exit,G02,3.59
TX0010625,ST08,2026-06-23 02:00:00,smart_card,entry,G05,2.72
TX0010626,ST09,2026-07-07 04:00:00,smart_card,entry,G11,4.22
TX0010627,ST02,2026-08-12 01:00:00,smart_card,exit,G02,1.61
TX0010628,ST07,2026-06-30 21:00:00,smart_card,exit,G10,2.35
TX0010629,ST01,2026-08-15 16:00:00,smart_card,entry,G04,1.79
TX0010630,ST02,2026-08-08 04:00:00,smart_card,exit,G09,2.65
TX0010631,ST07,2026-07-15 03:00:00,single_ticket,entry,G04,3.72
TX0010632,ST02,2026-08-19 07:00:00,smart_card,entry,G07,2.7
TX0010633,ST10,2026-07-26 14:00:00,day_pass,entry,G07,3.18
TX0010634,ST07,2026-07-25 02:00:00,smart_card,entry,G03,2.74
TX0010635,ST02,2026-07-21 20:00:00,smart_card,entry,G08,1.6
TX0010636,ST08,2026-08-09 08:00:00,smart_card,exit,G02,1.69
TX0010637,ST03,2026-08-01 00:00:00,day_pass,exit,G01,1.63
TX0010638,ST10,2026-08-03 02:00:00,single_ticket,entry,G09,3.93
TX0010639,ST09,2026-07-23 07:00:00,smart_card,entry,G07,1.75
TX0010640,ST09,2026-07-05 06:00:00,smart_card,entry,G08,2.5
TX0010641,ST08,2026-07-04 15:00:00,smart_card,exit,G03,3.17
TX0010642,ST07,2026-07-20 19:00:00,smart_card,entry,G01,3.11
TX0010643,ST04,2026-07-20 17:00:00,smart_card,exit,G10,3.35
TX0010644,ST05,2026-07-28 07:00:00,day_pass,exit,G04,3.08
TX0010645,ST07,2026-07-27 20:00:00,smart_card,entry,G05,2.98
TX0010646,ST02,2026-06-30 00:00:00,monthly_pass,exit,G11,3.51
TX0010647,ST09,2026-06-22 17:00:00,smart_card,entry,G11,2.38
TX0010648,ST07,2026-08-05 23:00:00,smart_card,entry,G05,2.87
TX0010649,ST10,2026-08-09 17:00:00,monthly_pass,entry,G05,2.8
TX0010650,ST01,2026-07-07 03:00:00,smart_card,entry,G12,2.56
TX0010651,ST01,2026-06-27 23:00:00,day_pass,exit,G05,4.49
TX0010652,ST06,2026-08-15 00:00:00,smart_card,entry,G07,4.21
TX0010653,ST07,2026-08-07 09:00:00,smart_card,entry,G02,3.53
TX0010654,ST01,2026-07-08 03:00:00,monthly_pass,entry,G11,3.72
TX0010655,ST09,2026-07-03 04:00:00,smart_card,exit,G03,4.12
TX0010656,ST04,2026-07-14 14:00:00,smart_card,entry,G04,2.58
TX0010657,ST10,2026-07-10 03:00:00,smart_card,exit,G09,3.09
TX0010658,ST01,2026-08-21 04:00:00,smart_card,entry,G11,2.56
TX0010659,ST07,2026-07-30 22:00:00,smart_card,exit,G07,4.18
TX0010660,ST01,2026-07-31 15:00:00,single_ticket,entry,G11,3.32
TX0010661,ST09,2026-07-09 13:00:00,smart_card,exit,G07,3.18
TX0010662,ST04,2026-08-10 07:00:00,single_ticket,entry,G06,2.85
TX0010663,ST04,2026-07-17 01:00:00,single_ticket,entry,G02,3.22
TX0010664,ST06,2026-08-17 17:00:00,day_pass,entry,G05,2.37
TX0010665,ST02,2026-07-12 17:00:00,monthly_pass,entry,G02,3.04
TX0010666,ST02,2026-07-30 05:00:00,day_pass,entry,G04,2.12
TX0010667,ST03,2026-07-07 01:00:00,smart_card,entry,G06,2.22
TX0010668,ST07,2026-07-27 18:00:00,smart_card,exit,G12,2.04
TX0010669,ST10,2026-08-07 05:00:00,single_ticket,exit,G12,2.09
TX0010670,ST03,2026-07-30 20:00:00,smart_card,entry,G07,2.93
TX0010671,ST10,2026-07-04 16:00:00,smart_card,entry,G06,1.68
TX0010672,ST02,2026-07-12 21:00:00,day_pass,exit,G05,2.49
TX0010673,ST09,2026-08-15 21:00:00,smart_card,exit,G11,2.94
TX0010674,ST03,2026-08-14 07:00:00,smart_card,entry,G05,1.95
TX0010675,ST07,2026-07-06 17:00:00,smart_card,exit,G12,2.57
TX0010676,ST02,2026-08-01 21:00:00,smart_card,entry,G06,3.14
TX0010677,ST08,2026-07-31 13:00:00,smart_card,exit,G02,4.22
TX0010678,ST05,2026-07-08 00:00:00,monthly_pass,entry,G05,2.47
TX0010679,ST01,2026-07-24 22:00:00,smart_card,entry,G12,1.52
TX0010680,ST05,2026-08-04 02:00:00,smart_card,entry,G05,3.52
TX0010681,ST06,2026-07-27 01:00:00,smart_card,entry,G09,4.38
TX0010682,ST06,2026-08-07 16:00:00,smart_card,exit,G12,4.47
TX0010683,ST10,2026-07-20 06:00:00,smart_card,entry,G02,2.89
TX0010684,ST04,2026-08-17 09:00:00,smart_card,entry,G11,2.03
TX0010685,ST02,2026-07-22 17:00:00,single_ticket,entry,G09,3.52
TX0010686,ST02,2026-07-22 14:00:00,smart_card,exit,G08,3.92
TX0010687,ST05,2026-07-28 09:00:00,smart_card,exit,G06,3.17
TX0010688,ST03,2026-08-08 06:00:00,single_ticket,entry,G09,2.55
TX0010689,ST04,2026-06-23 01:00:00,smart_card,entry,G02,2.5
TX0010690,ST01,2026-07-30 03:00:00,smart_card,entry,G12,2.82
TX0010691,ST05,2026-07-13 09:00:00,smart_card,exit,G03,2.11
TX0010692,ST02,2026-07-28 10:00:00,smart_card,entry,G02,2.77
TX0010693,ST07,2026-08-19 06:00:00,smart_card,exit,G09,3.97
TX0010694,ST07,2026-07-25 22:00:00,smart_card,entry,G01,3.17
TX0010695,ST05,2026-07-26 20:00:00,smart_card,entry,G04,2.27
TX0010696,ST04,2026-06-27 23:00:00,smart_card,entry,G03,3.6
TX0010697,ST06,2026-07-08 18:00:00,smart_card,exit,G12,2.55
TX0010698,ST07,2026-07-22 15:00:00,single_ticket,entry,G04,2.06
TX0010699,ST08,2026-08-02 13:00:00,smart_card,entry,G10,1.65
TX0010700,ST10,2026-07-12 13:00:00,smart_card,entry,G07,4.1
TX0010701,ST04,2026-07-06 01:00:00,monthly_pass,exit,G07,3.19
TX0010702,ST05,2026-07-11 07:00:00,day_pass,entry,G09,1.59
TX0010703,ST01,2026-07-10 15:00:00,smart_card,exit,G08,2.98
TX0010704,ST03,2026-07-14 12:00:00,smart_card,entry,G04,2.36
TX0010705,ST07,2026-07-31 20:00:00,monthly_pass,exit,G12,2.28
TX0010706,ST09,2026-08-06 02:00:00,single_ticket,entry,G01,4.27
TX0010707,ST08,2026-08-01 04:00:00,single_ticket,exit,G04,4.37
TX0010708,ST07,2026-08-03 06:00:00,single_ticket,entry,G04,3.72
TX0010709,ST08,2026-08-11 13:00:00,monthly_pass,entry,G10,2.24
TX0010710,ST04,2026-08-20 13:00:00,smart_card,exit,G06,1.8
TX0010711,ST01,2026-08-05 03:00:00,single_ticket,entry,G06,1.66
TX0010712,ST09,2026-08-04 18:00:00,smart_card,exit,G01,1.65
TX0010713,ST03,2026-07-26 08:00:00,smart_card,exit,G11,4.42
TX0010714,ST01,2026-07-30 22:00:00,smart_card,entry,G05,2.02
TX0010715,ST05,2026-07-21 17:00:00,day_pass,exit,G01,3.69
TX0010716,ST07,2026-06-27 12:00:00,smart_card,exit,G04,2.44
TX0010717,ST02,2026-07-08 10:00:00,single_ticket,exit,G09,3.79
TX0010718,ST08,2026-08-13 20:00:00,monthly_pass,entry,G01,3.95
TX0010719,ST09,2026-06-30 13:00:00,smart_card,entry,G10,2.29
TX0010720,ST02,2026-07-16 00:00:00,smart_card,entry,G06,2.51
TX0010721,ST01,2026-07-30 06:00:00,smart_card,exit,G08,2.99
TX0010722,ST06,2026-07-09 08:00:00,smart_card,entry,G09,1.66
TX0010723,ST09,2026-07-06 05:00:00,smart_card,entry,G04,1.57
TX0010724,ST08,2026-08-03 15:00:00,single_ticket,exit,G07,3.95
TX0010725,ST02,2026-08-09 19:00:00,single_ticket,exit,G02,2.87
TX0010726,ST04,2026-07-17 13:00:00,smart_card,entry,G07,2.99
TX0010727,ST07,2026-08-08 20:00:00,smart_card,entry,G09,3.32
TX0010728,ST05,2026-07-25 17:00:00,smart_card,entry,G02,2.49
TX0010729,ST09,2026-06-30 16:00:00,smart_card,exit,G02,3.79
TX0010730,ST01,2026-06-22 11:00:00,monthly_pass,exit,G02,1.57
TX0010731,ST06,2026-07-18 16:00:00,smart_card,exit,G11,1.88
TX0010732,ST05,2026-07-26 12:00:00,smart_card,exit,G11,4.28
TX0010733,ST03,2026-07-12 06:00:00,smart_card,exit,G07,4.13
TX0010734,ST08,2026-06-24 12:00:00,single_ticket,entry,G07,1.73
TX0010735,ST08,2026-08-09 03:00:00,smart_card,exit,G05,3.16
TX0010736,ST02,2026-06-30 08:00:00,smart_card,entry,G07,3.7
TX0010737,ST01,2026-08-08 18:00:00,smart_card,entry,G03,2.27
TX0010738,ST09,2026-08-05 01:00:00,day_pass,entry,G06,1.55
TX0010739,ST01,2026-07-07 04:00:00,smart_card,entry,G01,3.48
TX0010740,ST02,2026-07-18 11:00:00,smart_card,exit,G07,3.82
TX0010741,ST03,2026-07-02 19:00:00,monthly_pass,exit,G11,3.7
TX0010742,ST04,2026-07-27 05:00:00,single_ticket,entry,G09,2.01
TX0010743,ST05,2026-08-12 11:00:00,smart_card,entry,G08,3.2
TX0010744,ST03,2026-07-07 08:00:00,smart_card,entry,G03,2.18
TX0010745,ST02,2026-07-25 15:00:00,smart_card,exit,G09,3.34
TX0010746,ST02,2026-06-23 15:00:00,single_ticket,exit,G12,2.95
TX0010747,ST09,2026-07-27 14:00:00,smart_card,entry,G12,3.21
TX0010748,ST08,2026-06-22 06:00:00,single_ticket,exit,G12,2.44
TX0010749,ST03,2026-07-08 00:00:00,smart_card,entry,G03,3.08
TX0010750,ST08,2026-06-27 18:00:00,smart_card,entry,G03,3.05
TX0010751,ST03,2026-08-08 17:00:00,single_ticket,exit,G01,2.02
TX0010752,ST09,2026-08-11 11:00:00,single_ticket,entry,G11,1.56
TX0010753,ST06,2026-08-18 03:00:00,single_ticket,entry,G06,3.48
TX0010754,ST03,2026-07-18 01:00:00,smart_card,exit,G07,2.23
TX0010755,ST02,2026-08-11 23:00:00,smart_card,entry,G06,3.09
TX0010756,ST09,2026-07-19 05:00:00,smart_card,entry,G09,1.55
TX0010757,ST01,2026-08-08 07:00:00,smart_card,exit,G01,2.3
TX0010758,ST10,2026-07-03 15:00:00,smart_card,entry,G04,1.62
TX0010759,ST02,2026-07-08 00:00:00,smart_card,exit,G06,2.38
TX0010760,ST06,2026-07-03 02:00:00,day_pass,exit,G02,3.69
TX0010761,ST08,2026-08-11 23:00:00,monthly_pass,entry,G07,3.38
TX0010762,ST08,2026-08-10 07:00:00,single_ticket,exit,G09,1.99
TX0010763,ST09,2026-07-24 09:00:00,day_pass,entry,G02,1.86
TX0010764,ST05,2026-08-15 13:00:00,smart_card,exit,G10,1.85
TX0010765,ST03,2026-08-21 03:00:00,day_pass,exit,G09,4.05
TX0010766,ST07,2026-07-21 11:00:00,smart_card,exit,G01,2.35
TX0010767,ST04,2026-07-06 18:00:00,smart_card,exit,G05,4.49
TX0010768,ST07,2026-07-25 01:00:00,smart_card,entry,G09,3.16
TX0010769,ST04,2026-08-09 09:00:00,smart_card,exit,G07,4.5
TX0010770,ST10,2026-08-11 10:00:00,single_ticket,entry,G01,2.22
TX0010771,ST09,2026-08-07 16:00:00,smart_card,exit,G08,4.35
TX0010772,ST02,2026-07-09 13:00:00,day_pass,exit,G04,4.27
TX0010773,ST02,2026-07-27 07:00:00,monthly_pass,entry,G05,2.01
TX0010774,ST10,2026-08-01 13:00:00,single_ticket,exit,G01,4.46
TX0010775,ST03,2026-08-08 05:00:00,smart_card,entry,G09,2.55
TX0010776,ST05,2026-07-18 22:00:00,single_ticket,exit,G04,1.94
TX0010777,ST10,2026-08-16 22:00:00,smart_card,exit,G08,2.59
TX0010778,ST10,2026-07-08 20:00:00,smart_card,exit,G06,1.74
TX0010779,ST01,2026-07-08 07:00:00,smart_card,entry,G01,3.29
TX0010780,ST02,2026-06-30 01:00:00,smart_card,exit,G02,3.3
TX0010781,ST08,2026-07-31 14:00:00,smart_card,exit,G02,2.5
TX0010782,ST09,2026-07-17 17:00:00,smart_card,entry,G01,2.44
TX0010783,ST10,2026-07-11 23:00:00,smart_card,exit,G01,1.61
TX0010784,ST06,2026-07-13 19:00:00,day_pass,entry,G01,3.5
TX0010785,ST08,2026-08-02 07:00:00,monthly_pass,entry,G11,2.25
TX0010786,ST10,2026-08-19 08:00:00,day_pass,entry,G12,2.92
TX0010787,ST07,2026-07-11 10:00:00,smart_card,entry,G05,3.02
TX0010788,ST09,2026-07-31 23:00:00,day_pass,exit,G01,3.86
TX0010789,ST07,2026-08-20 07:00:00,single_ticket,exit,G07,3.4
TX0010790,ST02,2026-07-08 23:00:00,smart_card,exit,G09,4.41
TX0010791,ST02,2026-08-05 06:00:00,smart_card,exit,G07,3.4
TX0010792,ST01,2026-06-30 14:00:00,smart_card,exit,G05,2.57
TX0010793,ST09,2026-06-24 04:00:00,smart_card,entry,G06,4.11
TX0010794,ST03,2026-08-02 09:00:00,day_pass,entry,G02,3.05
TX0010795,ST04,2026-07-22 19:00:00,smart_card,exit,G05,2.06
TX0010796,ST05,2026-06-27 14:00:00,smart_card,entry,G02,3.2
TX0010797,ST02,2026-08-13 19:00:00,single_ticket,entry,G05,1.87
TX0010798,ST06,2026-07-22 07:00:00,day_pass,entry,G02,2.54
TX0010799,ST01,2026-07-06 00:00:00,single_ticket,entry,G04,1.59
TX0010800,ST03,2026-07-30 21:00:00,smart_card,entry,G03,1.73
TX0010801,ST01,2026-07-31 04:00:00,day_pass,entry,G03,2.16
TX0010802,ST08,2026-07-16 00:00:00,smart_card,exit,G02,3.37
TX0010803,ST02,2026-07-06 03:00:00,single_ticket,entry,G08,2.98
TX0010804,ST10,2026-07-24 02:00:00,monthly_pass,exit,G04,2.8
TX0010805,ST06,2026-08-20 00:00:00,day_pass,entry,G09,3.21
TX0010806,ST10,2026-07-01 08:00:00,smart_card,exit,G07,2.09
TX0010807,ST01,2026-08-02 10:00:00,monthly_pass,exit,G03,3.55
TX0010808,ST04,2026-08-08 00:00:00,smart_card,entry,G03,3.13
TX0010809,ST09,2026-07-12 11:00:00,smart_card,entry,G02,1.92
TX0010810,ST05,2026-08-12 14:00:00,single_ticket,exit,G11,3.16
TX0010811,ST09,2026-08-11 02:00:00,smart_card,entry,G10,1.84
TX0010812,ST05,2026-06-24 03:00:00,smart_card,entry,G07,3.52
TX0010813,ST09,2026-08-05 20:00:00,smart_card,exit,G01,2.18
TX0010814,ST09,2026-08-03 17:00:00,smart_card,exit,G07,1.65
TX0010815,ST05,2026-07-26 03:00:00,smart_card,exit,G07,2.06
TX0010816,ST03,2026-06-29 09:00:00,single_ticket,entry,G12,2.95
TX0010817,ST09,2026-07-30 21:00:00,single_ticket,entry,G06,3.63
TX0010818,ST06,2026-08-09 18:00:00,monthly_pass,exit,G02,2.61
TX0010819,ST04,2026-07-04 12:00:00,monthly_pass,exit,G09,2.6
TX0010820,ST03,2026-07-10 14:00:00,monthly_pass,entry,G06,2.82
TX0010821,ST08,2026-07-28 02:00:00,smart_card,entry,G10,4.1
TX0010822,ST05,2026-07-12 11:00:00,smart_card,exit,G12,3.9
TX0010823,ST05,2026-07-04 05:00:00,single_ticket,exit,G12,4.28
TX0010824,ST03,2026-07-10 04:00:00,monthly_pass,entry,G08,3.86
TX0010825,ST08,2026-08-08 03:00:00,day_pass,entry,G04,2.84
TX0010826,ST10,2026-07-21 20:00:00,single_ticket,exit,G07,3.22
TX0010827,ST10,2026-07-15 06:00:00,day_pass,entry,G01,3.16
TX0010828,ST06,2026-08-03 07:00:00,smart_card,entry,G08,4.47
TX0010829,ST03,2026-07-23 09:00:00,smart_card,entry,G07,3.71
TX0010830,ST09,2026-08-13 07:00:00,smart_card,exit,G11,3.1
TX0010831,ST08,2026-07-04 03:00:00,single_ticket,entry,G05,3.44
TX0010832,ST01,2026-08-17 17:00:00,smart_card,entry,G10,4.37
TX0010833,ST04,2026-07-20 15:00:00,smart_card,exit,G06,2.07
TX0010834,ST08,2026-08-07 08:00:00,smart_card,entry,G07,4.33
TX0010835,ST05,2026-06-24 20:00:00,smart_card,exit,G11,2.56
TX0010836,ST10,2026-08-14 21:00:00,smart_card,exit,G05,2.55
TX0010837,ST04,2026-08-17 11:00:00,day_pass,exit,G05,2.17
TX0010838,ST03,2026-07-01 21:00:00,monthly_pass,exit,G06,2.56
TX0010839,ST01,2026-06-29 19:00:00,smart_card,entry,G07,3.02
TX0010840,ST09,2026-08-13 01:00:00,smart_card,exit,G01,2.01
TX0010841,ST07,2026-08-18 01:00:00,smart_card,exit,G02,2.01
TX0010842,ST01,2026-07-27 20:00:00,smart_card,exit,G07,2.36
TX0010843,ST09,2026-07-18 00:00:00,single_ticket,entry,G10,1.52
TX0010844,ST04,2026-07-16 21:00:00,single_ticket,entry,G01,3.44
TX0010845,ST09,2026-07-24 19:00:00,smart_card,exit,G06,2.1
TX0010846,ST02,2026-07-07 05:00:00,single_ticket,exit,G10,4.12
TX0010847,ST10,2026-07-07 18:00:00,day_pass,entry,G04,2.64
TX0010848,ST08,2026-07-14 18:00:00,smart_card,exit,G12,2.86
TX0010849,ST04,2026-08-09 15:00:00,monthly_pass,exit,G06,4.28
TX0010850,ST09,2026-07-12 09:00:00,smart_card,entry,G09,1.58
TX0010851,ST02,2026-07-14 05:00:00,smart_card,entry,G03,3.62
TX0010852,ST09,2026-07-12 00:00:00,smart_card,entry,G11,3.02
TX0010853,ST09,2026-07-01 00:00:00,smart_card,exit,G07,3.41
TX0010854,ST04,2026-07-07 22:00:00,smart_card,exit,G06,4.41
TX0010855,ST04,2026-07-20 00:00:00,smart_card,entry,G03,1.89
TX0010856,ST04,2026-07-05 23:00:00,smart_card,exit,G10,3.53
TX0010857,ST01,2026-08-09 12:00:00,single_ticket,exit,G05,3.61
TX0010858,ST07,2026-07-24 02:00:00,smart_card,exit,G12,2.86
TX0010859,ST08,2026-08-05 22:00:00,smart_card,entry,G02,2.04
TX0010860,ST01,2026-08-16 10:00:00,single_ticket,entry,G12,2.02
TX0010861,ST08,2026-06-30 21:00:00,single_ticket,entry,G04,2.76
TX0010862,ST09,2026-06-28 02:00:00,single_ticket,exit,G01,3.53
TX0010863,ST04,2026-07-12 01:00:00,smart_card,exit,G05,3.15
TX0010864,ST05,2026-08-04 09:00:00,monthly_pass,entry,G04,1.81
TX0010865,ST05,2026-06-24 05:00:00,smart_card,exit,G10,1.66
TX0010866,ST10,2026-08-13 11:00:00,day_pass,exit,G12,2.61
TX0010867,ST02,2026-06-22 20:00:00,smart_card,entry,G08,1.84
TX0010868,ST04,2026-08-06 15:00:00,monthly_pass,exit,G08,1.92
TX0010869,ST06,2026-08-08 10:00:00,smart_card,exit,G02,3.54
TX0010870,ST02,2026-08-17 21:00:00,monthly_pass,exit,G03,2.93
TX0010871,ST07,2026-08-11 01:00:00,monthly_pass,exit,G08,3.44
TX0010872,ST08,2026-07-02 17:00:00,smart_card,entry,G09,2.54
TX0010873,ST06,2026-07-09 13:00:00,smart_card,entry,G06,1.78
TX0010874,ST09,2026-08-18 11:00:00,smart_card,entry,G10,1.69
TX0010875,ST06,2026-07-17 20:00:00,smart_card,entry,G05,1.55
TX0010876,ST04,2026-06-24 15:00:00,smart_card,entry,G11,4.09
TX0010877,ST07,2026-07-03 22:00:00,smart_card,entry,G02,4.39
TX0010878,ST08,2026-08-18 12:00:00,smart_card,entry,G11,1.95
TX0010879,ST05,2026-08-01 01:00:00,smart_card,entry,G08,4.34
TX0010880,ST08,2026-06-24 05:00:00,smart_card,exit,G12,2.29
TX0010881,ST03,2026-07-27 21:00:00,smart_card,entry,G03,3.43
TX0010882,ST02,2026-07-26 10:00:00,smart_card,entry,G02,2.64
TX0010883,ST06,2026-07-01 18:00:00,smart_card,exit,G04,3.36
TX0010884,ST03,2026-08-08 02:00:00,smart_card,entry,G07,4.03
TX0010885,ST07,2026-07-19 19:00:00,day_pass,exit,G10,4.08
TX0010886,ST09,2026-08-20 04:00:00,single_ticket,exit,G10,4.11
TX0010887,ST02,2026-07-31 23:00:00,monthly_pass,entry,G01,2.29
TX0010888,ST01,2026-08-10 14:00:00,smart_card,entry,G06,3.83
TX0010889,ST02,2026-07-15 20:00:00,smart_card,entry,G10,2.55
TX0010890,ST01,2026-06-30 06:00:00,smart_card,exit,G10,2.04
TX0010891,ST07,2026-06-27 15:00:00,smart_card,entry,G05,2.43
TX0010892,ST04,2026-08-11 10:00:00,monthly_pass,exit,G05,2.54
TX0010893,ST01,2026-07-24 08:00:00,single_ticket,entry,G04,3.19
TX0010894,ST08,2026-07-13 08:00:00,monthly_pass,entry,G04,3.35
TX0010895,ST02,2026-06-23 19:00:00,monthly_pass,exit,G07,2.7
TX0010896,ST02,2026-07-09 03:00:00,smart_card,exit,G06,3.98
TX0010897,ST03,2026-07-28 01:00:00,smart_card,entry,G04,1.66
TX0010898,ST08,2026-08-20 18:00:00,smart_card,entry,G01,4.1
TX0010899,ST06,2026-07-24 23:00:00,single_ticket,entry,G11,3.69
TX0010900,ST01,2026-07-09 02:00:00,single_ticket,exit,G10,2.59
TX0010901,ST10,2026-07-24 14:00:00,smart_card,exit,G01,3.35
TX0010902,ST08,2026-06-29 22:00:00,monthly_pass,entry,G08,2.79
TX0010903,ST08,2026-06-22 13:00:00,day_pass,entry,G09,1.82
TX0010904,ST09,2026-07-25 10:00:00,monthly_pass,entry,G07,4.39
TX0010905,ST05,2026-07-15 10:00:00,smart_card,exit,G10,2.56
TX0010906,ST05,2026-07-26 10:00:00,day_pass,entry,G08,4.03
TX0010907,ST08,2026-07-12 16:00:00,single_ticket,exit,G03,3.84
TX0010908,ST02,2026-06-22 12:00:00,smart_card,exit,G05,3.78
TX0010909,ST01,2026-07-06 11:00:00,smart_card,exit,G10,1.61
TX0010910,ST06,2026-07-03 09:00:00,smart_card,entry,G12,4.0
TX0010911,ST08,2026-07-18 20:00:00,smart_card,entry,G06,2.93
TX0010912,ST01,2026-07-22 12:00:00,single_ticket,exit,G05,4.12
TX0010913,ST04,2026-07-02 22:00:00,monthly_pass,exit,G12,2.67
TX0010914,ST07,2026-07-14 05:00:00,monthly_pass,exit,G03,3.45
TX0010915,ST07,2026-07-17 15:00:00,smart_card,entry,G05,2.4
TX0010916,ST03,2026-07-18 17:00:00,single_ticket,entry,G10,3.67
TX0010917,ST09,2026-08-15 00:00:00,smart_card,entry,G04,4.48
TX0010918,ST09,2026-06-26 09:00:00,smart_card,exit,G08,2.46
TX0010919,ST05,2026-08-19 09:00:00,day_pass,entry,G11,2.5
TX0010920,ST06,2026-07-19 08:00:00,monthly_pass,entry,G12,3.74
TX0010921,ST08,2026-06-26 07:00:00,monthly_pass,entry,G08,2.95
TX0010922,ST07,2026-07-27 16:00:00,smart_card,entry,G02,2.34
TX0010923,ST01,2026-08-17 09:00:00,single_ticket,entry,G10,4.41
TX0010924,ST01,2026-07-19 17:00:00,smart_card,entry,G11,1.7
TX0010925,ST02,2026-06-24 09:00:00,single_ticket,entry,G05,4.12
TX0010926,ST09,2026-07-04 18:00:00,smart_card,entry,G10,1.66
TX0010927,ST09,2026-07-24 00:00:00,smart_card,entry,G06,3.43
TX0010928,ST04,2026-07-26 23:00:00,monthly_pass,exit,G12,2.56
TX0010929,ST08,2026-07-10 00:00:00,smart_card,exit,G12,3.54
TX0010930,ST07,2026-08-13 02:00:00,monthly_pass,entry,G08,3.49
TX0010931,ST10,2026-07-27 04:00:00,smart_card,exit,G07,2.36
TX0010932,ST07,2026-07-18 18:00:00,day_pass,entry,G09,2.55
TX0010933,ST02,2026-08-06 09:00:00,monthly_pass,exit,G09,3.74
TX0010934,ST08,2026-08-03 12:00:00,smart_card,exit,G03,1.53
TX0010935,ST09,2026-07-20 14:00:00,smart_card,exit,G12,2.62
TX0010936,ST04,2026-08-05 03:00:00,day_pass,entry,G08,2.08
TX0010937,ST03,2026-07-05 11:00:00,smart_card,entry,G09,2.99
TX0010938,ST04,2026-08-19 10:00:00,smart_card,entry,G02,2.13
TX0010939,ST10,2026-08-09 21:00:00,smart_card,entry,G09,3.59
TX0010940,ST10,2026-06-28 10:00:00,smart_card,exit,G03,3.87
TX0010941,ST09,2026-07-05 14:00:00,smart_card,exit,G02,2.4
TX0010942,ST06,2026-08-05 08:00:00,smart_card,exit,G10,3.18
TX0010943,ST09,2026-08-01 16:00:00,smart_card,entry,G03,2.95
TX0010944,ST01,2026-06-23 21:00:00,monthly_pass,exit,G04,2.21
TX0010945,ST08,2026-07-08 02:00:00,smart_card,exit,G10,3.74
TX0010946,ST09,2026-07-15 08:00:00,smart_card,exit,G05,2.37
TX0010947,ST09,2026-08-11 21:00:00,day_pass,entry,G12,3.28
TX0010948,ST05,2026-08-05 05:00:00,day_pass,exit,G07,4.08
TX0010949,ST08,2026-07-12 04:00:00,smart_card,exit,G06,3.47
TX0010950,ST08,2026-08-02 10:00:00,smart_card,entry,G09,2.66
TX0010951,ST09,2026-07-01 20:00:00,smart_card,exit,G10,3.1
TX0010952,ST08,2026-07-18 05:00:00,monthly_pass,exit,G07,4.16
TX0010953,ST02,2026-08-14 16:00:00,monthly_pass,entry,G01,3.4
TX0010954,ST10,2026-07-03 17:00:00,smart_card,exit,G03,3.15
TX0010955,ST09,2026-08-20 21:00:00,smart_card,exit,G02,2.73
TX0010956,ST07,2026-07-21 04:00:00,single_ticket,exit,G07,3.77
TX0010957,ST10,2026-08-05 09:00:00,day_pass,entry,G01,2.02
TX0010958,ST05,2026-08-19 08:00:00,smart_card,exit,G11,3.65
TX0010959,ST08,2026-08-02 05:00:00,monthly_pass,entry,G02,3.18
TX0010960,ST10,2026-07-05 20:00:00,day_pass,entry,G08,1.77
TX0010961,ST06,2026-06-23 11:00:00,smart_card,exit,G01,4.01
TX0010962,ST08,2026-07-06 01:00:00,smart_card,entry,G11,3.23
TX0010963,ST04,2026-07-23 16:00:00,smart_card,exit,G01,3.34
TX0010964,ST08,2026-07-10 16:00:00,day_pass,exit,G09,3.23
TX0010965,ST06,2026-07-20 13:00:00,smart_card,entry,G09,4.24
TX0010966,ST04,2026-08-05 23:00:00,day_pass,entry,G07,3.14
TX0010967,ST07,2026-08-02 22:00:00,monthly_pass,entry,G06,3.8
TX0010968,ST09,2026-07-25 12:00:00,single_ticket,entry,G12,3.11
TX0010969,ST06,2026-07-16 18:00:00,smart_card,entry,G07,3.9
TX0010970,ST10,2026-07-12 22:00:00,smart_card,exit,G02,3.86
TX0010971,ST03,2026-08-11 13:00:00,smart_card,entry,G05,4.48
TX0010972,ST02,2026-07-14 04:00:00,smart_card,entry,G07,3.29
TX0010973,ST10,2026-06-22 05:00:00,single_ticket,exit,G05,2.58
TX0010974,ST10,2026-08-14 08:00:00,smart_card,entry,G05,4.22
TX0010975,ST10,2026-07-28 00:00:00,smart_card,exit,G02,3.46
TX0010976,ST05,2026-08-12 20:00:00,single_ticket,entry,G03,3.34
TX0010977,ST01,2026-07-09 20:00:00,smart_card,entry,G08,3.73
TX0010978,ST10,2026-07-08 14:00:00,monthly_pass,exit,G11,3.01
TX0010979,ST08,2026-06-22 21:00:00,single_ticket,entry,G02,3.64
TX0010980,ST10,2026-07-22 16:00:00,smart_card,exit,G03,4.45
TX0010981,ST09,2026-07-26 22:00:00,monthly_pass,exit,G11,3.65
TX0010982,ST05,2026-07-08 03:00:00,smart_card,entry,G05,3.78
TX0010983,ST04,2026-08-17 02:00:00,smart_card,exit,G04,3.6
TX0010984,ST07,2026-07-08 12:00:00,smart_card,exit,G07,3.41
TX0010985,ST04,2026-07-03 17:00:00,smart_card,exit,G04,3.42
TX0010986,ST02,2026-08-12 00:00:00,day_pass,entry,G11,4.46
TX0010987,ST01,2026-06-28 02:00:00,monthly_pass,exit,G03,3.48
TX0010988,ST02,2026-08-09 10:00:00,day_pass,entry,G08,1.64
TX0010989,ST05,2026-07-31 10:00:00,smart_card,exit,G02,2.14
TX0010990,ST01,2026-08-18 14:00:00,smart_card,exit,G11,2.33
TX0010991,ST03,2026-07-25 07:00:00,smart_card,entry,G04,3.54
TX0010992,ST07,2026-08-03 15:00:00,smart_card,entry,G10,1.99
TX0010993,ST10,2026-08-15 02:00:00,monthly_pass,exit,G12,4.18
TX0010994,ST05,2026-07-17 07:00:00,smart_card,exit,G07,2.01
TX0010995,ST10,2026-07-14 10:00:00,smart_card,exit,G01,4.01
TX0010996,ST04,2026-07-09 18:00:00,single_ticket,exit,G05,4.25
TX0010997,ST01,2026-08-08 15:00:00,single_ticket,exit,G06,4.48
TX0010998,ST08,2026-07-07 14:00:00,monthly_pass,exit,G02,1.55
TX0010999,ST06,2026-06-29 11:00:00,monthly_pass,exit,G05,2.94
TX0011000,ST02,2026-07-06 16:00:00,smart_card,entry,G07,3.87
TX0011001,ST09,2026-06-24 01:00:00,monthly_pass,exit,G10,4.26
TX0011002,ST04,2026-07-05 19:00:00,monthly_pass,exit,G03,3.05
TX0011003,ST06,2026-07-07 13:00:00,monthly_pass,exit,G08,2.22
TX0011004,ST01,2026-07-11 08:00:00,monthly_pass,exit,G09,2.55
TX0011005,ST05,2026-07-07 00:00:00,single_ticket,entry,G01,2.71
TX0011006,ST06,2026-08-02 00:00:00,smart_card,exit,G06,3.88
TX0011007,ST01,2026-07-31 17:00:00,monthly_pass,exit,G01,4.3
TX0011008,ST07,2026-07-29 05:00:00,smart_card,entry,G10,2.88
TX0011009,ST05,2026-07-17 15:00:00,monthly_pass,exit,G08,4.38
TX0011010,ST04,2026-07-05 01:00:00,smart_card,exit,G07,3.58
TX0011011,ST06,2026-06-28 19:00:00,smart_card,exit,G09,2.89
TX0011012,ST05,2026-06-29 02:00:00,day_pass,exit,G12,1.82
TX0011013,ST05,2026-07-03 21:00:00,smart_card,entry,G08,3.02
TX0011014,ST01,2026-07-10 14:00:00,smart_card,entry,G04,2.68
TX0011015,ST05,2026-07-29 16:00:00,day_pass,entry,G08,1.89
TX0011016,ST07,2026-08-09 07:00:00,smart_card,entry,G10,4.15
TX0011017,ST08,2026-07-06 19:00:00,day_pass,entry,G11,1.86
TX0011018,ST07,2026-06-30 04:00:00,monthly_pass,entry,G07,4.31
TX0011019,ST07,2026-07-09 03:00:00,smart_card,entry,G05,1.57
TX0011020,ST03,2026-07-31 19:00:00,single_ticket,exit,G06,2.07
TX0011021,ST10,2026-07-16 06:00:00,smart_card,exit,G04,3.64
TX0011022,ST05,2026-07-08 05:00:00,day_pass,entry,G03,4.36
TX0011023,ST10,2026-06-25 15:00:00,smart_card,exit,G10,1.68
TX0011024,ST05,2026-07-16 13:00:00,smart_card,exit,G12,2.26
TX0011025,ST09,2026-07-10 02:00:00,monthly_pass,entry,G05,3.29
TX0011026,ST02,2026-07-13 19:00:00,smart_card,entry,G08,4.33
TX0011027,ST07,2026-07-18 03:00:00,day_pass,exit,G12,2.78
TX0011028,ST01,2026-06-28 16:00:00,smart_card,exit,G05,3.24
TX0011029,ST08,2026-07-09 04:00:00,monthly_pass,exit,G09,2.57
TX0011030,ST08,2026-08-19 07:00:00,single_ticket,entry,G10,1.88
TX0011031,ST04,2026-07-02 23:00:00,single_ticket,exit,G09,1.57
TX0011032,ST01,2026-08-06 14:00:00,smart_card,entry,G07,3.52
TX0011033,ST05,2026-07-04 06:00:00,single_ticket,exit,G11,4.13
TX0011034,ST10,2026-07-02 00:00:00,smart_card,entry,G05,1.99
TX0011035,ST07,2026-07-12 07:00:00,single_ticket,exit,G10,3.25
TX0011036,ST06,2026-07-23 11:00:00,monthly_pass,entry,G03,3.72
TX0011037,ST02,2026-07-01 23:00:00,single_ticket,exit,G01,2.4
TX0011038,ST05,2026-08-03 00:00:00,smart_card,entry,G10,2.65
TX0011039,ST09,2026-07-14 20:00:00,monthly_pass,entry,G06,4.27
TX0011040,ST05,2026-07-19 13:00:00,single_ticket,exit,G09,2.51
TX0011041,ST10,2026-07-26 01:00:00,day_pass,exit,G05,2.31
TX0011042,ST02,2026-07-29 03:00:00,monthly_pass,entry,G06,1.76
TX0011043,ST05,2026-08-16 21:00:00,smart_card,entry,G06,3.32
TX0011044,ST09,2026-07-27 16:00:00,smart_card,entry,G07,2.9
TX0011045,ST08,2026-08-13 07:00:00,smart_card,exit,G04,4.38
TX0011046,ST05,2026-07-20 23:00:00,single_ticket,entry,G03,3.28
TX0011047,ST10,2026-07-09 13:00:00,smart_card,exit,G03,2.21
TX0011048,ST02,2026-07-03 16:00:00,single_ticket,entry,G08,1.67
TX0011049,ST07,2026-08-13 07:00:00,smart_card,exit,G07,4.2
TX0011050,ST07,2026-07-14 09:00:00,single_ticket,exit,G12,3.74
TX0011051,ST06,2026-08-10 10:00:00,smart_card,exit,G09,3.29
TX0011052,ST07,2026-07-25 06:00:00,smart_card,exit,G04,2.85
TX0011053,ST03,2026-07-31 20:00:00,smart_card,exit,G03,1.62
TX0011054,ST05,2026-07-14 16:00:00,single_ticket,entry,G03,3.23
TX0011055,ST03,2026-07-11 17:00:00,smart_card,exit,G04,1.88
TX0011056,ST10,2026-07-23 11:00:00,single_ticket,entry,G10,3.77
TX0011057,ST07,2026-07-14 14:00:00,smart_card,entry,G08,4.18
TX0011058,ST07,2026-08-18 10:00:00,single_ticket,exit,G04,4.27
TX0011059,ST01,2026-07-16 16:00:00,smart_card,entry,G09,1.67
TX0011060,ST07,2026-07-21 15:00:00,smart_card,entry,G03,2.8
TX0011061,ST08,2026-07-29 01:00:00,monthly_pass,exit,G02,3.31
TX0011062,ST10,2026-07-23 15:00:00,monthly_pass,exit,G05,2.85
TX0011063,ST08,2026-06-22 16:00:00,smart_card,exit,G01,3.48
TX0011064,ST03,2026-06-26 19:00:00,smart_card,exit,G10,3.03
TX0011065,ST10,2026-07-09 11:00:00,day_pass,entry,G06,1.82
TX0011066,ST08,2026-08-15 08:00:00,monthly_pass,entry,G08,1.96
TX0011067,ST09,2026-08-13 19:00:00,smart_card,entry,G11,3.42
TX0011068,ST07,2026-07-31 16:00:00,day_pass,entry,G09,3.9
TX0011069,ST01,2026-07-03 05:00:00,smart_card,entry,G03,1.55
TX0011070,ST10,2026-08-20 14:00:00,smart_card,exit,G05,2.53
TX0011071,ST05,2026-08-04 01:00:00,smart_card,exit,G12,2.17
TX0011072,ST09,2026-07-23 03:00:00,single_ticket,entry,G06,4.34
TX0011073,ST08,2026-06-24 08:00:00,single_ticket,exit,G12,2.49
TX0011074,ST03,2026-08-02 05:00:00,single_ticket,entry,G07,2.85
TX0011075,ST08,2026-07-07 00:00:00,smart_card,entry,G08,3.69
TX0011076,ST08,2026-07-13 13:00:00,smart_card,exit,G08,1.85
TX0011077,ST05,2026-07-13 15:00:00,smart_card,entry,G12,2.36
TX0011078,ST09,2026-08-02 04:00:00,smart_card,entry,G08,4.2
TX0011079,ST10,2026-08-09 08:00:00,smart_card,entry,G05,3.44
TX0011080,ST03,2026-07-26 20:00:00,single_ticket,exit,G06,2.98
TX0011081,ST06,2026-08-12 19:00:00,smart_card,entry,G07,3.43
TX0011082,ST07,2026-08-08 23:00:00,monthly_pass,exit,G03,3.41
TX0011083,ST02,2026-06-25 22:00:00,day_pass,entry,G09,2.24
TX0011084,ST09,2026-07-04 15:00:00,smart_card,entry,G05,4.35
TX0011085,ST01,2026-07-30 16:00:00,monthly_pass,exit,G01,2.52
TX0011086,ST08,2026-08-12 09:00:00,smart_card,entry,G05,2.74
TX0011087,ST06,2026-06-27 14:00:00,smart_card,exit,G10,1.83
TX0011088,ST04,2026-06-24 01:00:00,single_ticket,exit,G10,3.07
TX0011089,ST01,2026-07-20 02:00:00,monthly_pass,entry,G12,3.31
TX0011090,ST03,2026-07-22 09:00:00,smart_card,exit,G12,3.01
TX0011091,ST04,2026-07-25 01:00:00,smart_card,entry,G07,3.77
TX0011092,ST08,2026-06-23 03:00:00,day_pass,exit,G07,2.51
TX0011093,ST10,2026-06-22 21:00:00,smart_card,exit,G03,3.29
TX0011094,ST04,2026-07-30 21:00:00,monthly_pass,exit,G12,2.15
TX0011095,ST05,2026-08-20 12:00:00,smart_card,entry,G02,4.32
TX0011096,ST08,2026-07-25 21:00:00,monthly_pass,exit,G12,3.73
TX0011097,ST02,2026-08-09 04:00:00,smart_card,entry,G03,2.24
TX0011098,ST05,2026-06-28 07:00:00,monthly_pass,exit,G11,1.77
TX0011099,ST07,2026-08-16 18:00:00,day_pass,entry,G03,2.0
TX0011100,ST05,2026-07-23 10:00:00,monthly_pass,entry,G09,1.95
TX0011101,ST05,2026-08-18 10:00:00,smart_card,exit,G11,3.62
TX0011102,ST02,2026-07-28 08:00:00,smart_card,entry,G09,1.53
TX0011103,ST07,2026-06-29 01:00:00,smart_card,entry,G02,2.29
TX0011104,ST03,2026-07-25 23:00:00,day_pass,entry,G12,2.71
TX0011105,ST01,2026-07-20 20:00:00,smart_card,exit,G12,1.58
TX0011106,ST01,2026-07-17 17:00:00,smart_card,exit,G08,2.26
TX0011107,ST05,2026-08-19 20:00:00,smart_card,exit,G10,3.84
TX0011108,ST08,2026-08-15 03:00:00,single_ticket,exit,G06,4.06
TX0011109,ST03,2026-07-05 13:00:00,single_ticket,entry,G09,2.9
TX0011110,ST08,2026-07-08 00:00:00,smart_card,exit,G12,3.64
TX0011111,ST05,2026-07-28 10:00:00,single_ticket,exit,G08,4.03
TX0011112,ST03,2026-08-13 12:00:00,smart_card,exit,G04,1.74
TX0011113,ST02,2026-07-11 07:00:00,monthly_pass,exit,G01,3.93
TX0011114,ST01,2026-07-03 23:00:00,monthly_pass,exit,G09,4.01
TX0011115,ST01,2026-07-02 23:00:00,smart_card,exit,G09,3.65
TX0011116,ST10,2026-07-22 18:00:00,smart_card,entry,G10,2.73
TX0011117,ST04,2026-07-18 04:00:00,single_ticket,entry,G05,3.05
TX0011118,ST02,2026-08-18 19:00:00,day_pass,exit,G09,1.96
TX0011119,ST03,2026-07-19 02:00:00,monthly_pass,entry,G02,3.75
TX0011120,ST10,2026-08-01 01:00:00,smart_card,exit,G10,3.66
TX0011121,ST04,2026-07-29 20:00:00,smart_card,exit,G10,3.37
TX0011122,ST02,2026-07-27 10:00:00,smart_card,exit,G04,4.0
TX0011123,ST05,2026-07-04 20:00:00,smart_card,entry,G05,1.75
TX0011124,ST06,2026-07-28 19:00:00,monthly_pass,exit,G10,3.08
TX0011125,ST04,2026-07-06 03:00:00,monthly_pass,exit,G08,2.45
TX0011126,ST04,2026-07-20 13:00:00,smart_card,exit,G07,3.29
TX0011127,ST05,2026-07-31 19:00:00,smart_card,exit,G02,1.53
TX0011128,ST10,2026-08-16 01:00:00,single_ticket,exit,G10,2.36
TX0011129,ST07,2026-06-23 17:00:00,smart_card,exit,G02,1.76
TX0011130,ST08,2026-07-05 16:00:00,day_pass,entry,G06,2.81
TX0011131,ST04,2026-08-06 21:00:00,single_ticket,exit,G06,4.27
TX0011132,ST01,2026-07-12 00:00:00,single_ticket,entry,G09,1.64
TX0011133,ST02,2026-08-07 16:00:00,smart_card,exit,G01,4.26
TX0011134,ST06,2026-07-29 04:00:00,single_ticket,exit,G01,3.6
TX0011135,ST01,2026-06-22 12:00:00,single_ticket,exit,G08,4.15
TX0011136,ST05,2026-07-19 08:00:00,single_ticket,exit,G05,3.88
TX0011137,ST10,2026-07-02 09:00:00,single_ticket,entry,G01,2.78
TX0011138,ST09,2026-08-16 10:00:00,monthly_pass,exit,G10,2.84
TX0011139,ST04,2026-08-12 07:00:00,smart_card,entry,G07,1.55
TX0011140,ST02,2026-08-02 07:00:00,smart_card,exit,G08,3.01
TX0011141,ST05,2026-08-02 05:00:00,smart_card,entry,G05,3.01
TX0011142,ST07,2026-08-18 03:00:00,single_ticket,entry,G03,3.78
TX0011143,ST10,2026-07-30 04:00:00,smart_card,entry,G04,3.21
TX0011144,ST02,2026-07-26 23:00:00,smart_card,entry,G11,2.35
TX0011145,ST07,2026-07-15 16:00:00,smart_card,entry,G10,2.18
TX0011146,ST02,2026-06-27 22:00:00,monthly_pass,exit,G11,3.82
TX0011147,ST06,2026-06-24 21:00:00,single_ticket,exit,G06,3.02
TX0011148,ST07,2026-07-18 00:00:00,smart_card,entry,G11,1.8
TX0011149,ST08,2026-06-26 12:00:00,smart_card,exit,G03,3.9
TX0011150,ST03,2026-08-06 15:00:00,smart_card,entry,G08,2.69
TX0011151,ST05,2026-06-27 04:00:00,monthly_pass,entry,G05,2.33
TX0011152,ST09,2026-07-17 09:00:00,monthly_pass,exit,G03,1.84
TX0011153,ST10,2026-07-12 10:00:00,day_pass,exit,G05,2.08
TX0011154,ST05,2026-08-20 22:00:00,smart_card,entry,G09,1.66
TX0011155,ST03,2026-08-02 08:00:00,monthly_pass,exit,G07,3.66
TX0011156,ST10,2026-07-17 16:00:00,smart_card,exit,G11,3.35
TX0011157,ST05,2026-08-05 12:00:00,single_ticket,exit,G08,4.39
TX0011158,ST06,2026-07-06 17:00:00,smart_card,entry,G07,2.0
TX0011159,ST01,2026-07-24 18:00:00,smart_card,exit,G04,2.42
TX0011160,ST10,2026-08-12 00:00:00,smart_card,entry,G10,3.42
TX0011161,ST02,2026-07-05 02:00:00,smart_card,exit,G04,3.17
TX0011162,ST08,2026-07-29 20:00:00,day_pass,exit,G02,3.13
TX0011163,ST05,2026-07-23 20:00:00,single_ticket,exit,G10,1.78
TX0011164,ST05,2026-06-22 19:00:00,monthly_pass,exit,G09,1.56
TX0011165,ST07,2026-07-19 00:00:00,single_ticket,exit,G03,3.67
TX0011166,ST07,2026-07-22 14:00:00,smart_card,entry,G12,3.62
TX0011167,ST02,2026-07-29 01:00:00,smart_card,entry,G08,1.59
TX0011168,ST08,2026-06-30 04:00:00,single_ticket,entry,G07,3.99
TX0011169,ST04,2026-07-22 20:00:00,smart_card,entry,G12,3.8
TX0011170,ST08,2026-07-22 05:00:00,smart_card,entry,G09,2.15
TX0011171,ST10,2026-08-17 13:00:00,smart_card,exit,G10,3.2
TX0011172,ST08,2026-07-08 23:00:00,single_ticket,exit,G07,2.29
TX0011173,ST02,2026-07-04 04:00:00,single_ticket,exit,G04,4.0
TX0011174,ST01,2026-07-17 15:00:00,smart_card,entry,G01,2.02
TX0011175,ST04,2026-07-06 15:00:00,monthly_pass,exit,G01,3.99
TX0011176,ST04,2026-08-06 18:00:00,monthly_pass,entry,G03,3.47
TX0011177,ST06,2026-07-29 20:00:00,day_pass,exit,G04,2.06
TX0011178,ST06,2026-08-01 19:00:00,smart_card,exit,G04,4.1
TX0011179,ST06,2026-08-16 20:00:00,day_pass,entry,G01,3.99
TX0011180,ST03,2026-07-28 11:00:00,smart_card,exit,G04,3.41
TX0011181,ST01,2026-06-26 06:00:00,smart_card,entry,G08,3.0
TX0011182,ST05,2026-08-12 06:00:00,single_ticket,exit,G07,3.39
TX0011183,ST03,2026-07-02 22:00:00,monthly_pass,exit,G06,3.51
TX0011184,ST02,2026-06-26 06:00:00,smart_card,exit,G11,1.81
TX0011185,ST03,2026-07-24 05:00:00,smart_card,exit,G08,2.7
TX0011186,ST09,2026-08-14 15:00:00,smart_card,entry,G07,4.31
TX0011187,ST02,2026-06-25 10:00:00,single_ticket,exit,G10,3.82
TX0011188,ST10,2026-07-13 17:00:00,day_pass,exit,G11,1.73
TX0011189,ST04,2026-07-04 21:00:00,smart_card,entry,G03,4.07
TX0011190,ST05,2026-07-25 19:00:00,smart_card,entry,G11,1.69
TX0011191,ST02,2026-07-19 07:00:00,monthly_pass,exit,G05,3.55
TX0011192,ST05,2026-08-16 22:00:00,monthly_pass,entry,G11,2.51
TX0011193,ST05,2026-07-09 08:00:00,monthly_pass,entry,G06,2.31
TX0011194,ST06,2026-07-05 14:00:00,smart_card,entry,G09,2.94
TX0011195,ST01,2026-07-16 01:00:00,monthly_pass,exit,G10,1.74
TX0011196,ST10,2026-07-23 06:00:00,smart_card,entry,G05,4.4
TX0011197,ST10,2026-06-26 19:00:00,smart_card,entry,G06,4.37
TX0011198,ST03,2026-06-29 19:00:00,smart_card,exit,G05,2.01
TX0011199,ST01,2026-07-17 02:00:00,monthly_pass,exit,G03,4.38
TX0011200,ST05,2026-07-28 14:00:00,smart_card,exit,G12,4.37
TX0011201,ST10,2026-07-18 09:00:00,monthly_pass,entry,G11,1.87
TX0011202,ST06,2026-07-20 08:00:00,monthly_pass,exit,G01,1.54
TX0011203,ST06,2026-06-28 06:00:00,monthly_pass,exit,G01,2.91
TX0011204,ST05,2026-07-14 21:00:00,smart_card,exit,G10,2.51
TX0011205,ST09,2026-07-09 17:00:00,smart_card,entry,G08,2.95
TX0011206,ST10,2026-07-19 04:00:00,smart_card,entry,G09,3.04
TX0011207,ST09,2026-07-02 09:00:00,smart_card,entry,G04,3.76
TX0011208,ST05,2026-07-01 05:00:00,smart_card,entry,G08,3.4
TX0011209,ST06,2026-08-17 23:00:00,single_ticket,entry,G06,3.03
TX0011210,ST02,2026-07-12 23:00:00,monthly_pass,exit,G01,3.01
TX0011211,ST09,2026-07-15 21:00:00,monthly_pass,entry,G12,4.32
TX0011212,ST06,2026-07-29 17:00:00,smart_card,entry,G12,2.39
TX0011213,ST02,2026-07-05 06:00:00,smart_card,exit,G08,2.07
TX0011214,ST03,2026-07-25 03:00:00,smart_card,exit,G02,2.44
TX0011215,ST09,2026-06-24 07:00:00,monthly_pass,exit,G09,3.86
TX0011216,ST02,2026-07-30 14:00:00,smart_card,entry,G03,2.39
TX0011217,ST03,2026-08-18 17:00:00,smart_card,exit,G08,3.45
TX0011218,ST04,2026-08-07 13:00:00,smart_card,entry,G03,2.64
TX0011219,ST05,2026-07-14 02:00:00,day_pass,exit,G09,2.7
TX0011220,ST08,2026-08-13 19:00:00,smart_card,exit,G06,3.73
TX0011221,ST10,2026-07-20 13:00:00,monthly_pass,entry,G06,2.06
TX0011222,ST08,2026-08-11 10:00:00,monthly_pass,entry,G12,3.35
TX0011223,ST10,2026-07-18 20:00:00,monthly_pass,entry,G01,3.21
TX0011224,ST09,2026-07-09 14:00:00,smart_card,entry,G11,3.92
TX0011225,ST04,2026-08-14 04:00:00,monthly_pass,entry,G11,4.24
TX0011226,ST01,2026-08-10 00:00:00,smart_card,entry,G12,1.93
TX0011227,ST06,2026-07-22 12:00:00,smart_card,entry,G07,2.27
TX0011228,ST09,2026-06-25 05:00:00,smart_card,exit,G01,1.93
TX0011229,ST07,2026-08-01 19:00:00,single_ticket,entry,G11,4.5
TX0011230,ST10,2026-07-13 18:00:00,smart_card,exit,G09,3.33
TX0011231,ST09,2026-06-27 15:00:00,smart_card,entry,G09,4.32
TX0011232,ST10,2026-07-02 08:00:00,monthly_pass,entry,G04,4.39
TX0011233,ST01,2026-07-28 15:00:00,smart_card,entry,G10,4.21
TX0011234,ST02,2026-07-27 22:00:00,smart_card,exit,G02,2.3
TX0011235,ST10,2026-07-10 19:00:00,monthly_pass,entry,G08,3.02
TX0011236,ST02,2026-08-11 08:00:00,day_pass,entry,G09,2.2
TX0011237,ST10,2026-07-08 15:00:00,smart_card,entry,G12,2.79
TX0011238,ST04,2026-08-04 00:00:00,smart_card,entry,G11,2.78
TX0011239,ST07,2026-07-08 13:00:00,smart_card,entry,G10,4.24
TX0011240,ST10,2026-08-17 11:00:00,smart_card,entry,G09,3.58
TX0011241,ST01,2026-07-16 10:00:00,smart_card,entry,G06,3.72
TX0011242,ST01,2026-06-30 17:00:00,smart_card,entry,G08,3.72
TX0011243,ST06,2026-07-21 05:00:00,single_ticket,entry,G04,3.14
TX0011244,ST07,2026-08-10 22:00:00,smart_card,entry,G10,2.54
TX0011245,ST02,2026-07-16 03:00:00,smart_card,entry,G05,4.02
TX0011246,ST01,2026-07-29 22:00:00,smart_card,exit,G11,2.54
TX0011247,ST01,2026-07-18 12:00:00,smart_card,exit,G03,3.06
TX0011248,ST06,2026-08-13 18:00:00,single_ticket,exit,G02,1.96
TX0011249,ST09,2026-07-12 12:00:00,single_ticket,exit,G03,3.28
TX0011250,ST02,2026-07-14 11:00:00,monthly_pass,entry,G06,2.91
TX0011251,ST01,2026-06-28 23:00:00,smart_card,entry,G02,4.14
TX0011252,ST04,2026-07-20 11:00:00,smart_card,entry,G07,2.41
TX0011253,ST09,2026-07-06 23:00:00,single_ticket,entry,G01,2.41
TX0011254,ST07,2026-07-30 10:00:00,smart_card,entry,G10,1.87
TX0011255,ST09,2026-08-06 18:00:00,smart_card,entry,G05,2.95
TX0011256,ST04,2026-07-08 14:00:00,single_ticket,entry,G10,3.8
TX0011257,ST07,2026-07-10 00:00:00,smart_card,entry,G10,3.44
TX0011258,ST01,2026-08-20 20:00:00,smart_card,entry,G11,1.77
TX0011259,ST05,2026-08-07 09:00:00,smart_card,entry,G01,2.4
TX0011260,ST10,2026-06-30 19:00:00,smart_card,entry,G07,2.48
TX0011261,ST06,2026-07-13 11:00:00,smart_card,entry,G08,3.3
TX0011262,ST06,2026-07-14 13:00:00,smart_card,entry,G03,3.87
TX0011263,ST03,2026-08-19 16:00:00,single_ticket,entry,G12,4.48
TX0011264,ST06,2026-07-06 00:00:00,smart_card,entry,G11,2.26
TX0011265,ST08,2026-08-18 19:00:00,smart_card,entry,G06,2.08
TX0011266,ST08,2026-08-01 13:00:00,smart_card,exit,G12,2.77
TX0011267,ST07,2026-08-20 02:00:00,smart_card,exit,G04,3.53
TX0011268,ST08,2026-07-24 08:00:00,smart_card,exit,G12,3.65
TX0011269,ST03,2026-07-13 05:00:00,monthly_pass,entry,G08,3.99
TX0011270,ST10,2026-07-26 05:00:00,smart_card,exit,G01,2.44
TX0011271,ST09,2026-06-29 14:00:00,monthly_pass,entry,G09,4.02
TX0011272,ST09,2026-07-12 10:00:00,monthly_pass,entry,G10,3.51
TX0011273,ST06,2026-07-03 03:00:00,smart_card,exit,G04,1.56
TX0011274,ST03,2026-07-11 00:00:00,smart_card,exit,G08,4.42
TX0011275,ST10,2026-07-24 13:00:00,smart_card,entry,G05,2.26
TX0011276,ST08,2026-07-13 16:00:00,monthly_pass,entry,G12,1.73
TX0011277,ST05,2026-07-19 01:00:00,monthly_pass,entry,G12,2.83
TX0011278,ST07,2026-07-02 20:00:00,single_ticket,exit,G07,3.1
TX0011279,ST02,2026-07-19 13:00:00,monthly_pass,entry,G07,2.9
TX0011280,ST08,2026-06-27 00:00:00,day_pass,exit,G01,3.8
TX0011281,ST09,2026-07-16 01:00:00,single_ticket,exit,G12,1.85
TX0011282,ST06,2026-07-25 12:00:00,monthly_pass,entry,G08,3.94
TX0011283,ST04,2026-07-21 06:00:00,smart_card,exit,G07,2.95
TX0011284,ST07,2026-06-26 07:00:00,smart_card,exit,G05,1.73
TX0011285,ST02,2026-06-22 14:00:00,single_ticket,exit,G02,4.43
TX0011286,ST05,2026-08-08 17:00:00,single_ticket,exit,G03,4.18
TX0011287,ST02,2026-08-09 23:00:00,smart_card,exit,G10,2.45
TX0011288,ST02,2026-07-11 09:00:00,smart_card,exit,G04,3.01
TX0011289,ST06,2026-08-02 07:00:00,smart_card,exit,G11,2.23
TX0011290,ST03,2026-08-04 13:00:00,smart_card,exit,G12,3.02
TX0011291,ST02,2026-08-16 02:00:00,smart_card,entry,G01,2.25
TX0011292,ST05,2026-07-18 18:00:00,smart_card,entry,G10,2.61
TX0011293,ST07,2026-08-21 02:00:00,smart_card,exit,G03,2.32
TX0011294,ST09,2026-08-01 11:00:00,smart_card,entry,G07,2.84
TX0011295,ST02,2026-07-19 14:00:00,smart_card,exit,G06,1.7
TX0011296,ST06,2026-08-08 06:00:00,monthly_pass,exit,G05,3.1
TX0011297,ST10,2026-07-19 16:00:00,single_ticket,entry,G12,2.16
TX0011298,ST04,2026-08-15 13:00:00,smart_card,exit,G03,2.01
TX0011299,ST07,2026-07-08 09:00:00,single_ticket,entry,G11,2.55
TX0011300,ST03,2026-07-16 20:00:00,smart_card,entry,G11,3.68
TX0011301,ST06,2026-08-05 15:00:00,single_ticket,entry,G08,2.57
TX0011302,ST02,2026-07-22 16:00:00,day_pass,entry,G09,3.76
TX0011303,ST10,2026-07-06 09:00:00,smart_card,entry,G10,4.44
TX0011304,ST10,2026-07-03 14:00:00,smart_card,entry,G09,4.33
TX0011305,ST06,2026-08-19 03:00:00,day_pass,exit,G02,2.16
TX0011306,ST02,2026-07-15 23:00:00,smart_card,exit,G05,4.29
TX0011307,ST10,2026-08-08 17:00:00,monthly_pass,exit,G07,4.09
TX0011308,ST01,2026-08-14 16:00:00,monthly_pass,entry,G06,1.58
TX0011309,ST09,2026-07-23 20:00:00,smart_card,entry,G10,4.41
TX0011310,ST07,2026-08-19 01:00:00,day_pass,exit,G12,4.37
TX0011311,ST10,2026-07-28 16:00:00,monthly_pass,entry,G03,3.73
TX0011312,ST01,2026-08-03 16:00:00,monthly_pass,exit,G10,3.31
TX0011313,ST07,2026-07-28 19:00:00,smart_card,entry,G02,4.47
TX0011314,ST08,2026-07-30 15:00:00,smart_card,exit,G12,2.09
TX0011315,ST07,2026-06-23 08:00:00,smart_card,entry,G08,3.82
TX0011316,ST02,2026-08-18 07:00:00,single_ticket,entry,G12,4.21
TX0011317,ST09,2026-07-30 07:00:00,smart_card,entry,G12,3.0
TX0011318,ST02,2026-07-01 00:00:00,smart_card,entry,G01,2.39
TX0011319,ST10,2026-07-29 11:00:00,smart_card,exit,G12,2.83
TX0011320,ST01,2026-08-09 22:00:00,smart_card,exit,G12,4.42
TX0011321,ST08,2026-07-18 21:00:00,smart_card,exit,G06,3.73
TX0011322,ST07,2026-07-23 19:00:00,smart_card,entry,G06,3.14
TX0011323,ST05,2026-07-12 21:00:00,smart_card,exit,G06,1.83
TX0011324,ST04,2026-08-09 02:00:00,single_ticket,entry,G07,3.58
TX0011325,ST09,2026-08-05 10:00:00,smart_card,entry,G08,2.29
TX0011326,ST08,2026-06-29 15:00:00,smart_card,exit,G01,4.47
TX0011327,ST01,2026-07-28 08:00:00,smart_card,exit,G01,3.05
TX0011328,ST08,2026-08-06 11:00:00,smart_card,exit,G01,3.34
TX0011329,ST04,2026-07-24 10:00:00,smart_card,exit,G07,4.5
TX0011330,ST04,2026-08-07 14:00:00,single_ticket,exit,G07,3.76
TX0011331,ST01,2026-07-14 18:00:00,single_ticket,exit,G08,2.96
TX0011332,ST07,2026-07-20 17:00:00,smart_card,entry,G03,3.15
TX0011333,ST10,2026-08-11 11:00:00,monthly_pass,entry,G02,4.21
TX0011334,ST05,2026-07-16 23:00:00,day_pass,exit,G04,4.31
TX0011335,ST10,2026-07-12 18:00:00,monthly_pass,entry,G10,2.95
TX0011336,ST03,2026-07-13 11:00:00,smart_card,entry,G06,2.54
TX0011337,ST08,2026-08-05 23:00:00,smart_card,entry,G07,3.84
TX0011338,ST09,2026-06-24 13:00:00,single_ticket,exit,G02,1.98
TX0011339,ST10,2026-08-17 10:00:00,single_ticket,entry,G11,2.69
TX0011340,ST08,2026-07-21 04:00:00,single_ticket,exit,G03,1.56
TX0011341,ST08,2026-07-30 18:00:00,smart_card,entry,G07,4.02
TX0011342,ST03,2026-08-06 04:00:00,smart_card,exit,G12,1.65
TX0011343,ST10,2026-07-08 16:00:00,day_pass,exit,G04,3.14
TX0011344,ST05,2026-07-29 00:00:00,smart_card,entry,G06,4.48
TX0011345,ST05,2026-08-06 06:00:00,single_ticket,exit,G05,2.48
TX0011346,ST09,2026-07-09 04:00:00,smart_card,entry,G04,3.91
TX0011347,ST03,2026-07-21 15:00:00,smart_card,exit,G12,1.9
TX0011348,ST09,2026-06-26 19:00:00,single_ticket,exit,G09,1.89
TX0011349,ST02,2026-08-08 00:00:00,single_ticket,entry,G06,2.18
TX0011350,ST08,2026-07-23 03:00:00,smart_card,exit,G08,3.91
TX0011351,ST10,2026-07-04 22:00:00,smart_card,entry,G07,3.38
TX0011352,ST04,2026-07-22 01:00:00,smart_card,entry,G12,3.99
TX0011353,ST01,2026-08-06 05:00:00,single_ticket,entry,G10,2.36
TX0011354,ST05,2026-06-27 16:00:00,smart_card,entry,G04,2.02
TX0011355,ST08,2026-06-30 10:00:00,smart_card,entry,G10,3.14
TX0011356,ST08,2026-07-15 17:00:00,smart_card,entry,G05,1.6
TX0011357,ST04,2026-07-19 03:00:00,day_pass,entry,G12,2.96
TX0011358,ST02,2026-07-16 12:00:00,smart_card,exit,G01,4.38
TX0011359,ST09,2026-08-20 17:00:00,smart_card,entry,G09,3.45
TX0011360,ST06,2026-07-21 18:00:00,smart_card,exit,G08,3.02
TX0011361,ST09,2026-08-05 00:00:00,smart_card,entry,G04,2.09
TX0011362,ST06,2026-06-27 06:00:00,smart_card,entry,G08,2.88
TX0011363,ST01,2026-07-01 15:00:00,single_ticket,entry,G02,3.15
TX0011364,ST01,2026-08-03 10:00:00,smart_card,exit,G02,3.01
TX0011365,ST02,2026-07-12 14:00:00,single_ticket,exit,G06,3.14
TX0011366,ST09,2026-07-15 05:00:00,smart_card,exit,G11,4.4
TX0011367,ST04,2026-07-31 00:00:00,smart_card,exit,G02,2.08
TX0011368,ST07,2026-08-01 01:00:00,smart_card,entry,G04,2.69
TX0011369,ST02,2026-07-23 00:00:00,monthly_pass,exit,G11,1.95
TX0011370,ST01,2026-07-21 06:00:00,smart_card,entry,G06,2.74
TX0011371,ST01,2026-08-08 01:00:00,smart_card,exit,G12,1.79
TX0011372,ST06,2026-06-29 15:00:00,smart_card,exit,G03,2.56
TX0011373,ST09,2026-07-04 06:00:00,smart_card,entry,G07,2.66
TX0011374,ST04,2026-07-25 03:00:00,smart_card,entry,G05,3.68
TX0011375,ST06,2026-07-21 11:00:00,monthly_pass,entry,G01,4.24
TX0011376,ST02,2026-07-06 07:00:00,smart_card,exit,G11,3.02
TX0011377,ST09,2026-06-30 00:00:00,monthly_pass,exit,G04,3.83
TX0011378,ST02,2026-08-10 23:00:00,smart_card,exit,G01,2.72
TX0011379,ST06,2026-07-06 13:00:00,single_ticket,entry,G05,2.35
TX0011380,ST06,2026-07-09 01:00:00,single_ticket,entry,G07,1.95
TX0011381,ST03,2026-07-17 14:00:00,smart_card,exit,G05,2.68
TX0011382,ST01,2026-08-04 10:00:00,smart_card,entry,G04,3.77
TX0011383,ST08,2026-07-07 13:00:00,smart_card,entry,G09,3.3
TX0011384,ST09,2026-07-02 10:00:00,smart_card,exit,G09,2.15
TX0011385,ST10,2026-08-17 18:00:00,single_ticket,exit,G12,3.74
TX0011386,ST06,2026-08-15 14:00:00,smart_card,entry,G02,1.77
TX0011387,ST02,2026-08-11 14:00:00,single_ticket,entry,G01,1.97
TX0011388,ST08,2026-07-08 14:00:00,smart_card,exit,G11,2.04
TX0011389,ST03,2026-06-26 08:00:00,monthly_pass,entry,G12,3.55
TX0011390,ST02,2026-08-07 08:00:00,monthly_pass,entry,G08,2.35
TX0011391,ST04,2026-07-26 01:00:00,smart_card,exit,G12,4.15
TX0011392,ST02,2026-07-22 04:00:00,day_pass,entry,G08,1.78
TX0011393,ST08,2026-08-13 06:00:00,smart_card,entry,G11,4.31
TX0011394,ST07,2026-07-11 23:00:00,smart_card,exit,G06,1.52
TX0011395,ST05,2026-07-20 18:00:00,day_pass,exit,G06,4.25
TX0011396,ST03,2026-08-06 12:00:00,smart_card,entry,G07,1.89
TX0011397,ST01,2026-08-20 17:00:00,single_ticket,exit,G05,1.57
TX0011398,ST09,2026-07-16 23:00:00,smart_card,exit,G05,2.31
TX0011399,ST02,2026-08-06 05:00:00,monthly_pass,exit,G06,2.51
TX0011400,ST06,2026-07-26 22:00:00,smart_card,entry,G08,3.71
TX0011401,ST09,2026-07-26 15:00:00,smart_card,entry,G08,4.19
TX0011402,ST09,2026-07-30 10:00:00,smart_card,entry,G01,2.66
TX0011403,ST10,2026-08-13 15:00:00,single_ticket,exit,G04,2.25
TX0011404,ST01,2026-07-10 21:00:00,single_ticket,exit,G04,2.34
TX0011405,ST10,2026-08-12 02:00:00,single_ticket,entry,G05,4.13
TX0011406,ST07,2026-07-27 01:00:00,smart_card,entry,G08,1.66
TX0011407,ST05,2026-07-02 00:00:00,smart_card,entry,G12,2.8
TX0011408,ST09,2026-06-23 23:00:00,single_ticket,exit,G09,2.16
TX0011409,ST03,2026-07-27 12:00:00,smart_card,exit,G01,2.57
TX0011410,ST06,2026-06-28 14:00:00,smart_card,exit,G09,2.28
TX0011411,ST06,2026-08-17 14:00:00,smart_card,entry,G03,3.84
TX0011412,ST05,2026-07-13 20:00:00,day_pass,exit,G09,2.26
TX0011413,ST09,2026-08-17 20:00:00,smart_card,exit,G01,4.2
TX0011414,ST06,2026-06-26 04:00:00,smart_card,entry,G05,3.62
TX0011415,ST07,2026-07-27 21:00:00,monthly_pass,exit,G08,2.38
TX0011416,ST05,2026-07-12 16:00:00,smart_card,entry,G03,1.7
TX0011417,ST05,2026-06-29 03:00:00,smart_card,exit,G07,2.02
TX0011418,ST02,2026-08-03 17:00:00,smart_card,entry,G06,3.06
TX0011419,ST01,2026-06-23 03:00:00,monthly_pass,entry,G01,3.98
TX0011420,ST02,2026-07-18 07:00:00,day_pass,exit,G05,2.65
TX0011421,ST02,2026-07-01 02:00:00,single_ticket,entry,G06,2.7
TX0011422,ST07,2026-07-02 19:00:00,day_pass,exit,G07,4.24
TX0011423,ST07,2026-06-24 23:00:00,smart_card,exit,G03,2.78
TX0011424,ST08,2026-07-27 20:00:00,day_pass,exit,G10,2.01
TX0011425,ST01,2026-08-18 13:00:00,day_pass,entry,G08,2.05
TX0011426,ST02,2026-07-04 01:00:00,smart_card,entry,G10,4.05
TX0011427,ST08,2026-07-16 09:00:00,smart_card,entry,G10,2.94
TX0011428,ST03,2026-07-28 15:00:00,smart_card,exit,G10,3.85
TX0011429,ST08,2026-07-10 10:00:00,single_ticket,entry,G02,3.22
TX0011430,ST07,2026-06-22 17:00:00,smart_card,entry,G05,2.13
TX0011431,ST03,2026-08-15 12:00:00,smart_card,entry,G10,2.25
TX0011432,ST03,2026-08-11 07:00:00,monthly_pass,entry,G05,1.91
TX0011433,ST07,2026-08-04 11:00:00,smart_card,entry,G06,1.8
TX0011434,ST06,2026-08-14 07:00:00,smart_card,exit,G05,3.33
TX0011435,ST05,2026-07-26 08:00:00,smart_card,exit,G07,3.87
TX0011436,ST04,2026-07-02 03:00:00,monthly_pass,exit,G01,3.56
TX0011437,ST03,2026-07-19 14:00:00,single_ticket,exit,G06,4.21
TX0011438,ST05,2026-08-13 00:00:00,single_ticket,entry,G08,4.22
TX0011439,ST08,2026-07-21 02:00:00,smart_card,entry,G09,4.34
TX0011440,ST07,2026-07-30 13:00:00,smart_card,entry,G08,3.81
TX0011441,ST10,2026-07-20 20:00:00,single_ticket,entry,G09,2.93
TX0011442,ST09,2026-07-05 18:00:00,day_pass,entry,G01,2.54
TX0011443,ST07,2026-06-28 10:00:00,smart_card,entry,G08,1.74
TX0011444,ST07,2026-08-15 20:00:00,smart_card,exit,G08,4.31
TX0011445,ST01,2026-07-19 03:00:00,smart_card,exit,G03,2.36
TX0011446,ST05,2026-07-18 02:00:00,single_ticket,exit,G05,1.96
TX0011447,ST06,2026-07-05 20:00:00,smart_card,entry,G05,1.75
TX0011448,ST10,2026-08-03 05:00:00,smart_card,exit,G01,2.23
TX0011449,ST09,2026-06-25 19:00:00,smart_card,entry,G10,4.06
TX0011450,ST05,2026-08-19 18:00:00,monthly_pass,exit,G07,4.35
TX0011451,ST08,2026-08-19 22:00:00,smart_card,exit,G04,2.25
TX0011452,ST06,2026-07-12 22:00:00,single_ticket,entry,G12,4.02
TX0011453,ST08,2026-08-07 03:00:00,smart_card,exit,G12,3.26
TX0011454,ST10,2026-07-17 00:00:00,day_pass,entry,G01,2.37
TX0011455,ST04,2026-07-15 08:00:00,monthly_pass,entry,G04,2.38
TX0011456,ST08,2026-07-19 13:00:00,smart_card,exit,G12,2.7
TX0011457,ST09,2026-07-27 21:00:00,smart_card,exit,G07,1.93
TX0011458,ST04,2026-08-03 18:00:00,single_ticket,entry,G05,3.45
TX0011459,ST09,2026-07-24 07:00:00,single_ticket,entry,G08,1.6
TX0011460,ST05,2026-08-14 04:00:00,single_ticket,entry,G10,4.17
TX0011461,ST02,2026-07-22 05:00:00,smart_card,exit,G03,3.77
TX0011462,ST01,2026-07-20 18:00:00,single_ticket,exit,G03,2.53
TX0011463,ST08,2026-08-17 16:00:00,single_ticket,exit,G06,2.98
TX0011464,ST02,2026-08-03 18:00:00,smart_card,entry,G03,2.74
TX0011465,ST08,2026-07-31 18:00:00,smart_card,entry,G04,4.36
TX0011466,ST05,2026-08-18 05:00:00,monthly_pass,entry,G02,2.97
TX0011467,ST05,2026-07-13 08:00:00,smart_card,exit,G03,4.34
TX0011468,ST04,2026-07-18 02:00:00,smart_card,entry,G08,3.84
TX0011469,ST05,2026-06-29 23:00:00,monthly_pass,exit,G06,3.83
TX0011470,ST04,2026-07-03 04:00:00,single_ticket,entry,G08,3.63
TX0011471,ST05,2026-06-23 05:00:00,single_ticket,exit,G04,3.53
TX0011472,ST08,2026-07-06 11:00:00,day_pass,entry,G09,2.69
TX0011473,ST06,2026-07-07 14:00:00,smart_card,entry,G08,1.81
TX0011474,ST09,2026-07-23 12:00:00,single_ticket,exit,G01,3.01
TX0011475,ST08,2026-07-10 05:00:00,smart_card,exit,G09,3.85
TX0011476,ST01,2026-07-13 22:00:00,monthly_pass,entry,G08,1.87
TX0011477,ST07,2026-06-25 07:00:00,smart_card,entry,G09,2.92
TX0011478,ST09,2026-08-17 11:00:00,smart_card,entry,G08,2.26
TX0011479,ST03,2026-08-07 04:00:00,smart_card,entry,G03,2.86
TX0011480,ST10,2026-07-26 00:00:00,smart_card,exit,G10,2.11
TX0011481,ST09,2026-07-31 11:00:00,smart_card,exit,G05,3.53
TX0011482,ST01,2026-07-24 17:00:00,smart_card,exit,G03,3.44
TX0011483,ST08,2026-07-14 10:00:00,single_ticket,exit,G12,2.79
TX0011484,ST10,2026-07-16 17:00:00,smart_card,entry,G07,2.25
TX0011485,ST04,2026-08-14 20:00:00,monthly_pass,exit,G11,2.34
TX0011486,ST05,2026-07-01 07:00:00,monthly_pass,entry,G05,2.09
TX0011487,ST07,2026-06-30 16:00:00,smart_card,entry,G12,4.4
TX0011488,ST03,2026-07-28 08:00:00,smart_card,entry,G12,2.19
TX0011489,ST02,2026-07-23 17:00:00,single_ticket,entry,G08,2.78
TX0011490,ST06,2026-08-17 22:00:00,smart_card,entry,G04,3.01
TX0011491,ST10,2026-08-14 09:00:00,smart_card,entry,G07,3.51
TX0011492,ST03,2026-08-19 18:00:00,single_ticket,entry,G08,3.75
TX0011493,ST06,2026-08-18 06:00:00,single_ticket,exit,G07,2.66
TX0011494,ST08,2026-07-05 21:00:00,single_ticket,exit,G04,3.05
TX0011495,ST07,2026-08-10 21:00:00,monthly_pass,exit,G09,4.2
TX0011496,ST07,2026-08-09 18:00:00,single_ticket,exit,G09,1.84
TX0011497,ST05,2026-08-12 00:00:00,smart_card,entry,G01,2.83
TX0011498,ST02,2026-07-08 08:00:00,smart_card,exit,G08,2.07
TX0011499,ST07,2026-07-13 15:00:00,single_ticket,entry,G02,1.64
TX0011500,ST10,2026-07-20 05:00:00,single_ticket,exit,G12,1.96
TX0011501,ST10,2026-08-01 23:00:00,day_pass,exit,G04,2.25
TX0011502,ST02,2026-07-31 05:00:00,smart_card,entry,G08,3.19
TX0011503,ST06,2026-08-17 12:00:00,single_ticket,entry,G08,3.8
TX0011504,ST03,2026-08-01 04:00:00,monthly_pass,exit,G10,4.32
TX0011505,ST01,2026-08-13 03:00:00,smart_card,entry,G04,4.37
TX0011506,ST06,2026-07-04 21:00:00,smart_card,entry,G10,4.14
TX0011507,ST08,2026-08-19 16:00:00,monthly_pass,exit,G02,3.05
TX0011508,ST05,2026-07-23 12:00:00,monthly_pass,entry,G01,2.77
TX0011509,ST10,2026-07-01 14:00:00,smart_card,entry,G02,2.85
TX0011510,ST04,2026-08-07 20:00:00,smart_card,entry,G01,4.4
TX0011511,ST08,2026-07-20 12:00:00,single_ticket,exit,G11,3.27
TX0011512,ST08,2026-06-28 10:00:00,smart_card,entry,G01,3.74
TX0011513,ST10,2026-07-16 00:00:00,smart_card,exit,G09,1.69
TX0011514,ST07,2026-07-05 17:00:00,smart_card,entry,G07,4.42
TX0011515,ST08,2026-07-17 06:00:00,single_ticket,entry,G06,3.06
TX0011516,ST10,2026-08-04 11:00:00,smart_card,exit,G03,3.31
TX0011517,ST10,2026-07-24 21:00:00,smart_card,exit,G02,3.92
TX0011518,ST04,2026-08-10 19:00:00,smart_card,exit,G06,1.75
TX0011519,ST04,2026-08-03 07:00:00,single_ticket,exit,G08,1.54
TX0011520,ST04,2026-07-01 00:00:00,day_pass,entry,G08,4.37
TX0011521,ST07,2026-08-12 07:00:00,single_ticket,exit,G08,2.14
TX0011522,ST01,2026-07-07 10:00:00,smart_card,entry,G05,1.82
TX0011523,ST10,2026-08-10 19:00:00,monthly_pass,exit,G01,4.31
TX0011524,ST10,2026-08-20 03:00:00,monthly_pass,exit,G10,2.63
TX0011525,ST01,2026-06-28 08:00:00,smart_card,entry,G04,4.06
TX0011526,ST02,2026-07-01 17:00:00,monthly_pass,exit,G08,4.29
TX0011527,ST08,2026-08-11 05:00:00,smart_card,exit,G10,2.09
TX0011528,ST09,2026-08-12 06:00:00,smart_card,entry,G12,1.71
TX0011529,ST06,2026-07-10 23:00:00,single_ticket,exit,G11,1.62
TX0011530,ST06,2026-08-19 12:00:00,smart_card,exit,G11,2.33
TX0011531,ST06,2026-07-16 17:00:00,monthly_pass,entry,G04,2.03
TX0011532,ST03,2026-07-16 05:00:00,smart_card,entry,G08,4.2
TX0011533,ST03,2026-07-08 12:00:00,day_pass,exit,G06,4.29
TX0011534,ST04,2026-07-18 01:00:00,day_pass,exit,G06,2.83
TX0011535,ST07,2026-07-16 12:00:00,smart_card,exit,G10,2.56
TX0011536,ST09,2026-06-26 23:00:00,single_ticket,exit,G12,2.72
TX0011537,ST05,2026-07-11 19:00:00,smart_card,entry,G08,4.0
TX0011538,ST09,2026-08-15 23:00:00,smart_card,entry,G02,1.93
TX0011539,ST09,2026-06-28 14:00:00,smart_card,exit,G05,1.95
TX0011540,ST07,2026-07-09 04:00:00,monthly_pass,exit,G03,2.34
TX0011541,ST03,2026-08-04 19:00:00,single_ticket,entry,G12,3.25
TX0011542,ST10,2026-07-31 19:00:00,single_ticket,entry,G12,3.64
TX0011543,ST06,2026-07-28 21:00:00,smart_card,entry,G07,4.47
TX0011544,ST01,2026-06-25 11:00:00,single_ticket,exit,G03,1.62
TX0011545,ST05,2026-08-16 13:00:00,day_pass,exit,G08,2.57
TX0011546,ST02,2026-07-25 20:00:00,monthly_pass,entry,G12,2.42
TX0011547,ST09,2026-07-07 00:00:00,day_pass,exit,G07,1.63
TX0011548,ST10,2026-08-18 05:00:00,smart_card,entry,G03,3.88
TX0011549,ST10,2026-07-28 19:00:00,monthly_pass,exit,G02,2.78
TX0011550,ST09,2026-07-08 22:00:00,day_pass,exit,G08,3.34
TX0011551,ST06,2026-07-02 16:00:00,smart_card,exit,G07,2.86
TX0011552,ST07,2026-07-06 09:00:00,single_ticket,exit,G05,2.6
TX0011553,ST02,2026-07-27 04:00:00,smart_card,entry,G04,1.91
TX0011554,ST06,2026-07-30 16:00:00,single_ticket,entry,G10,4.17
TX0011555,ST03,2026-08-03 14:00:00,smart_card,exit,G01,1.86
TX0011556,ST09,2026-06-25 09:00:00,single_ticket,exit,G09,3.24
TX0011557,ST05,2026-08-20 06:00:00,smart_card,entry,G02,4.43
TX0011558,ST07,2026-07-20 05:00:00,day_pass,entry,G12,2.36
TX0011559,ST10,2026-07-20 00:00:00,smart_card,entry,G12,2.93
TX0011560,ST03,2026-07-23 12:00:00,smart_card,exit,G02,3.74
TX0011561,ST09,2026-07-29 19:00:00,smart_card,entry,G10,2.27
TX0011562,ST05,2026-07-13 13:00:00,smart_card,exit,G08,2.18
TX0011563,ST06,2026-08-20 05:00:00,single_ticket,exit,G01,1.83
TX0011564,ST01,2026-07-08 13:00:00,smart_card,exit,G04,1.57
TX0011565,ST03,2026-07-05 04:00:00,smart_card,entry,G08,2.35
TX0011566,ST01,2026-06-22 21:00:00,monthly_pass,entry,G02,3.54
TX0011567,ST03,2026-08-16 05:00:00,single_ticket,exit,G08,1.73
TX0011568,ST02,2026-08-12 13:00:00,smart_card,exit,G04,3.8
TX0011569,ST10,2026-07-25 02:00:00,smart_card,exit,G06,2.78
TX0011570,ST05,2026-07-09 01:00:00,monthly_pass,entry,G02,3.16
TX0011571,ST09,2026-07-04 14:00:00,smart_card,entry,G02,2.44
TX0011572,ST03,2026-07-17 18:00:00,smart_card,exit,G12,3.48
TX0011573,ST07,2026-08-03 08:00:00,smart_card,entry,G12,3.77
TX0011574,ST06,2026-06-30 07:00:00,single_ticket,exit,G10,1.76
TX0011575,ST04,2026-07-13 20:00:00,smart_card,entry,G07,4.16
TX0011576,ST01,2026-07-16 22:00:00,monthly_pass,entry,G12,3.26
TX0011577,ST10,2026-07-11 11:00:00,smart_card,entry,G09,3.45
TX0011578,ST07,2026-06-26 06:00:00,single_ticket,exit,G07,3.08
TX0011579,ST05,2026-06-25 00:00:00,smart_card,entry,G11,1.78
TX0011580,ST08,2026-07-20 02:00:00,monthly_pass,exit,G11,2.84
TX0011581,ST06,2026-07-23 22:00:00,smart_card,entry,G12,2.03
TX0011582,ST05,2026-06-27 12:00:00,smart_card,entry,G12,3.03
TX0011583,ST02,2026-07-30 08:00:00,smart_card,exit,G02,4.2
TX0011584,ST05,2026-07-03 17:00:00,smart_card,entry,G12,2.91
TX0011585,ST04,2026-07-12 03:00:00,smart_card,entry,G05,2.13
TX0011586,ST08,2026-07-15 07:00:00,smart_card,exit,G08,3.02
TX0011587,ST09,2026-07-31 07:00:00,single_ticket,entry,G07,2.51
TX0011588,ST04,2026-07-03 13:00:00,smart_card,entry,G04,4.29
TX0011589,ST08,2026-08-09 07:00:00,smart_card,entry,G07,2.78
TX0011590,ST07,2026-06-22 21:00:00,smart_card,entry,G07,3.89
TX0011591,ST01,2026-06-29 00:00:00,smart_card,entry,G11,2.95
TX0011592,ST10,2026-07-08 08:00:00,monthly_pass,exit,G12,2.21
TX0011593,ST10,2026-07-18 18:00:00,smart_card,entry,G06,3.49
TX0011594,ST10,2026-08-08 00:00:00,day_pass,exit,G01,1.56
TX0011595,ST06,2026-06-29 17:00:00,smart_card,entry,G10,3.95
TX0011596,ST10,2026-08-18 17:00:00,smart_card,exit,G11,4.18
TX0011597,ST08,2026-06-27 06:00:00,monthly_pass,exit,G06,3.14
TX0011598,ST05,2026-07-17 01:00:00,single_ticket,exit,G04,2.24
TX0011599,ST08,2026-08-11 01:00:00,single_ticket,exit,G05,2.02
TX0011600,ST07,2026-07-11 01:00:00,smart_card,exit,G05,3.66
TX0011601,ST04,2026-08-12 03:00:00,day_pass,exit,G04,2.14
TX0011602,ST05,2026-07-02 12:00:00,monthly_pass,entry,G05,3.03
TX0011603,ST06,2026-07-25 06:00:00,smart_card,exit,G04,4.09
TX0011604,ST06,2026-07-10 11:00:00,smart_card,exit,G02,3.79
TX0011605,ST05,2026-08-04 06:00:00,monthly_pass,entry,G08,1.54
TX0011606,ST08,2026-07-26 09:00:00,smart_card,entry,G05,3.61
TX0011607,ST06,2026-07-15 11:00:00,smart_card,exit,G01,1.54
TX0011608,ST04,2026-07-13 18:00:00,smart_card,exit,G08,2.47
TX0011609,ST02,2026-07-27 18:00:00,smart_card,entry,G04,2.62
TX0011610,ST05,2026-07-25 01:00:00,smart_card,entry,G02,2.92
TX0011611,ST06,2026-07-21 07:00:00,smart_card,entry,G09,3.46
TX0011612,ST04,2026-06-28 22:00:00,smart_card,exit,G09,4.47
TX0011613,ST03,2026-07-27 01:00:00,smart_card,entry,G02,2.03
TX0011614,ST08,2026-07-23 18:00:00,smart_card,exit,G10,3.51
TX0011615,ST05,2026-07-08 01:00:00,single_ticket,exit,G07,2.04
TX0011616,ST07,2026-08-16 01:00:00,single_ticket,exit,G02,2.5
TX0011617,ST02,2026-06-26 18:00:00,smart_card,exit,G06,3.94
TX0011618,ST08,2026-08-08 18:00:00,smart_card,exit,G12,1.72
TX0011619,ST08,2026-07-02 16:00:00,day_pass,exit,G01,1.56
TX0011620,ST02,2026-07-17 09:00:00,single_ticket,exit,G06,2.58
TX0011621,ST01,2026-07-24 04:00:00,monthly_pass,exit,G01,2.82
TX0011622,ST04,2026-08-18 10:00:00,monthly_pass,exit,G03,2.74
TX0011623,ST06,2026-07-20 03:00:00,smart_card,entry,G08,3.26
TX0011624,ST07,2026-08-05 09:00:00,smart_card,entry,G08,3.7
TX0011625,ST06,2026-07-19 14:00:00,smart_card,exit,G07,3.43
TX0011626,ST03,2026-07-09 19:00:00,smart_card,exit,G07,3.71
TX0011627,ST04,2026-06-30 10:00:00,single_ticket,entry,G09,3.06
TX0011628,ST10,2026-06-27 01:00:00,smart_card,entry,G06,2.83
TX0011629,ST09,2026-06-26 20:00:00,monthly_pass,entry,G08,1.89
TX0011630,ST03,2026-07-09 09:00:00,single_ticket,entry,G11,4.46
TX0011631,ST07,2026-07-07 16:00:00,monthly_pass,entry,G06,3.47
TX0011632,ST01,2026-08-19 16:00:00,single_ticket,entry,G02,2.19
TX0011633,ST01,2026-08-18 19:00:00,smart_card,entry,G06,3.56
TX0011634,ST08,2026-07-03 01:00:00,smart_card,exit,G09,3.11
TX0011635,ST05,2026-08-09 21:00:00,day_pass,exit,G04,2.71
TX0011636,ST04,2026-08-17 12:00:00,smart_card,entry,G05,3.35
TX0011637,ST02,2026-06-30 11:00:00,monthly_pass,exit,G01,2.17
TX0011638,ST10,2026-08-09 00:00:00,smart_card,entry,G12,4.41
TX0011639,ST05,2026-08-09 00:00:00,single_ticket,exit,G01,2.81
TX0011640,ST06,2026-08-19 04:00:00,smart_card,entry,G11,3.22
TX0011641,ST05,2026-07-19 03:00:00,single_ticket,exit,G07,1.81
TX0011642,ST07,2026-07-10 07:00:00,day_pass,exit,G09,4.14
TX0011643,ST01,2026-08-10 08:00:00,smart_card,entry,G07,3.54
TX0011644,ST04,2026-08-08 05:00:00,monthly_pass,entry,G02,1.8
TX0011645,ST08,2026-07-02 07:00:00,single_ticket,exit,G01,2.78
TX0011646,ST04,2026-07-23 19:00:00,smart_card,entry,G04,2.28
TX0011647,ST07,2026-06-22 13:00:00,monthly_pass,entry,G06,2.95
TX0011648,ST04,2026-07-27 20:00:00,day_pass,entry,G12,2.75
TX0011649,ST08,2026-06-24 19:00:00,smart_card,entry,G12,3.83
TX0011650,ST01,2026-07-20 22:00:00,smart_card,entry,G02,3.2
TX0011651,ST09,2026-08-12 19:00:00,monthly_pass,exit,G03,2.82
TX0011652,ST05,2026-07-24 02:00:00,single_ticket,exit,G12,2.02
TX0011653,ST10,2026-08-10 09:00:00,smart_card,exit,G10,4.34
TX0011654,ST05,2026-07-22 13:00:00,smart_card,exit,G05,2.41
TX0011655,ST08,2026-06-24 22:00:00,smart_card,exit,G07,1.69
TX0011656,ST05,2026-08-19 07:00:00,smart_card,exit,G01,2.39
TX0011657,ST09,2026-08-14 09:00:00,smart_card,entry,G10,2.05
TX0011658,ST05,2026-07-27 15:00:00,smart_card,exit,G10,2.6
TX0011659,ST08,2026-07-26 11:00:00,smart_card,exit,G04,3.95
TX0011660,ST09,2026-07-26 05:00:00,single_ticket,entry,G01,2.63
TX0011661,ST09,2026-07-27 13:00:00,single_ticket,exit,G12,2.88
TX0011662,ST04,2026-06-23 10:00:00,single_ticket,entry,G06,3.89
TX0011663,ST02,2026-07-10 17:00:00,smart_card,entry,G05,3.03
TX0011664,ST09,2026-07-31 00:00:00,smart_card,exit,G01,3.67
TX0011665,ST02,2026-08-05 03:00:00,day_pass,entry,G08,2.95
TX0011666,ST05,2026-06-30 00:00:00,single_ticket,exit,G12,2.53
TX0011667,ST03,2026-06-28 17:00:00,smart_card,entry,G09,3.01
TX0011668,ST05,2026-06-22 22:00:00,single_ticket,exit,G12,4.44
TX0011669,ST01,2026-07-27 10:00:00,smart_card,entry,G08,1.82
TX0011670,ST07,2026-06-26 03:00:00,smart_card,exit,G09,4.16
TX0011671,ST06,2026-07-24 04:00:00,day_pass,entry,G07,3.38
TX0011672,ST09,2026-07-21 05:00:00,smart_card,entry,G10,4.4
TX0011673,ST06,2026-06-28 01:00:00,smart_card,entry,G09,2.25
TX0011674,ST10,2026-06-22 20:00:00,monthly_pass,exit,G08,2.64
TX0011675,ST09,2026-07-08 17:00:00,smart_card,entry,G09,1.83
TX0011676,ST05,2026-08-18 14:00:00,single_ticket,exit,G11,1.66
TX0011677,ST03,2026-06-25 17:00:00,smart_card,entry,G09,2.89
TX0011678,ST02,2026-08-06 14:00:00,monthly_pass,exit,G06,1.77
TX0011679,ST05,2026-06-22 17:00:00,smart_card,exit,G09,3.31
TX0011680,ST01,2026-08-04 21:00:00,monthly_pass,entry,G11,3.19
TX0011681,ST05,2026-08-14 18:00:00,smart_card,exit,G09,4.34
TX0011682,ST02,2026-07-13 21:00:00,day_pass,entry,G07,4.23
TX0011683,ST02,2026-08-06 15:00:00,day_pass,entry,G11,2.38
TX0011684,ST08,2026-08-05 07:00:00,smart_card,exit,G05,4.27
TX0011685,ST06,2026-08-12 10:00:00,single_ticket,exit,G11,1.66
TX0011686,ST04,2026-07-17 02:00:00,smart_card,entry,G07,3.7
TX0011687,ST07,2026-07-20 18:00:00,smart_card,entry,G01,3.24
TX0011688,ST05,2026-06-28 02:00:00,smart_card,entry,G01,2.57
TX0011689,ST06,2026-08-06 11:00:00,single_ticket,exit,G12,3.96
TX0011690,ST03,2026-08-18 16:00:00,smart_card,exit,G04,2.56
TX0011691,ST09,2026-07-26 13:00:00,single_ticket,exit,G10,3.09
TX0011692,ST09,2026-07-30 11:00:00,day_pass,entry,G08,3.56
TX0011693,ST04,2026-08-16 21:00:00,smart_card,exit,G08,2.3
TX0011694,ST05,2026-07-06 06:00:00,smart_card,entry,G07,1.85
TX0011695,ST05,2026-06-28 08:00:00,single_ticket,entry,G08,3.58
TX0011696,ST06,2026-06-29 10:00:00,smart_card,exit,G10,2.06
TX0011697,ST03,2026-06-26 07:00:00,smart_card,exit,G05,2.14
TX0011698,ST09,2026-08-13 06:00:00,smart_card,entry,G08,2.1
TX0011699,ST10,2026-07-31 08:00:00,smart_card,entry,G06,3.74
TX0011700,ST05,2026-08-01 06:00:00,single_ticket,exit,G09,2.44
TX0011701,ST06,2026-07-18 23:00:00,smart_card,entry,G05,3.72
TX0011702,ST06,2026-08-05 13:00:00,monthly_pass,exit,G03,3.2
TX0011703,ST09,2026-08-07 21:00:00,single_ticket,entry,G12,3.02
TX0011704,ST03,2026-07-02 23:00:00,monthly_pass,entry,G12,4.21
TX0011705,ST06,2026-08-08 02:00:00,single_ticket,entry,G08,3.23
TX0011706,ST10,2026-08-17 03:00:00,smart_card,exit,G08,2.21
TX0011707,ST10,2026-07-06 08:00:00,smart_card,entry,G02,4.45
TX0011708,ST08,2026-08-17 02:00:00,smart_card,exit,G09,2.43
TX0011709,ST02,2026-07-08 07:00:00,single_ticket,entry,G10,2.92
TX0011710,ST04,2026-08-12 09:00:00,single_ticket,entry,G02,2.63
TX0011711,ST07,2026-06-28 06:00:00,smart_card,entry,G09,3.72
TX0011712,ST08,2026-07-27 02:00:00,single_ticket,entry,G02,2.89
TX0011713,ST01,2026-07-15 13:00:00,smart_card,exit,G08,2.55
TX0011714,ST09,2026-08-10 03:00:00,single_ticket,exit,G10,3.44
TX0011715,ST06,2026-08-12 16:00:00,smart_card,exit,G04,2.98
TX0011716,ST04,2026-08-07 16:00:00,smart_card,exit,G11,1.55
TX0011717,ST04,2026-06-27 02:00:00,smart_card,exit,G08,3.43
TX0011718,ST08,2026-07-04 19:00:00,monthly_pass,exit,G12,1.98
TX0011719,ST06,2026-08-19 10:00:00,single_ticket,exit,G10,4.38
TX0011720,ST02,2026-06-22 07:00:00,smart_card,exit,G08,3.73
TX0011721,ST06,2026-08-13 10:00:00,smart_card,entry,G03,2.62
TX0011722,ST04,2026-06-25 19:00:00,smart_card,exit,G12,1.68
TX0011723,ST10,2026-07-24 07:00:00,smart_card,entry,G07,2.48
TX0011724,ST02,2026-07-02 14:00:00,single_ticket,exit,G06,3.45
TX0011725,ST10,2026-08-13 13:00:00,smart_card,exit,G03,4.2
TX0011726,ST07,2026-08-14 10:00:00,smart_card,entry,G07,3.74
TX0011727,ST09,2026-08-21 02:00:00,smart_card,entry,G07,3.81
TX0011728,ST05,2026-06-30 15:00:00,day_pass,entry,G01,1.89
TX0011729,ST02,2026-08-05 05:00:00,smart_card,exit,G08,2.19
TX0011730,ST09,2026-07-03 05:00:00,smart_card,entry,G01,3.87
TX0011731,ST01,2026-07-06 09:00:00,smart_card,exit,G10,2.63
TX0011732,ST02,2026-08-01 13:00:00,day_pass,entry,G07,4.08
TX0011733,ST07,2026-08-09 06:00:00,monthly_pass,exit,G06,1.62
TX0011734,ST09,2026-07-13 02:00:00,smart_card,entry,G05,3.35
TX0011735,ST05,2026-06-23 03:00:00,smart_card,entry,G12,3.03
TX0011736,ST04,2026-07-02 21:00:00,single_ticket,entry,G09,3.91
TX0011737,ST03,2026-07-27 10:00:00,smart_card,entry,G11,2.01
TX0011738,ST10,2026-08-18 06:00:00,smart_card,entry,G10,2.09
TX0011739,ST02,2026-08-17 06:00:00,smart_card,exit,G10,2.98
TX0011740,ST07,2026-08-06 00:00:00,smart_card,entry,G11,3.31
TX0011741,ST09,2026-07-28 13:00:00,single_ticket,entry,G07,1.99
TX0011742,ST10,2026-07-16 07:00:00,smart_card,entry,G04,4.22
TX0011743,ST01,2026-08-03 09:00:00,smart_card,entry,G03,4.03
TX0011744,ST04,2026-08-01 05:00:00,smart_card,exit,G04,1.88
TX0011745,ST04,2026-07-16 04:00:00,smart_card,entry,G08,4.05
TX0011746,ST07,2026-08-16 03:00:00,monthly_pass,entry,G06,4.24
TX0011747,ST05,2026-08-17 22:00:00,smart_card,exit,G09,2.23
TX0011748,ST05,2026-07-25 02:00:00,monthly_pass,entry,G07,4.09
TX0011749,ST03,2026-08-09 10:00:00,monthly_pass,exit,G06,3.19
TX0011750,ST01,2026-06-28 09:00:00,smart_card,exit,G03,3.91
TX0011751,ST01,2026-07-04 02:00:00,monthly_pass,entry,G12,3.31
TX0011752,ST10,2026-07-31 18:00:00,smart_card,exit,G07,2.39
TX0011753,ST06,2026-08-17 16:00:00,smart_card,entry,G02,3.58
TX0011754,ST09,2026-07-16 05:00:00,single_ticket,exit,G05,3.6
TX0011755,ST07,2026-08-06 17:00:00,smart_card,exit,G11,3.66
TX0011756,ST05,2026-08-03 07:00:00,single_ticket,exit,G04,3.78
TX0011757,ST04,2026-06-27 08:00:00,monthly_pass,entry,G11,3.44
TX0011758,ST06,2026-07-02 11:00:00,monthly_pass,entry,G04,2.8
TX0011759,ST01,2026-07-02 01:00:00,smart_card,entry,G08,2.5
TX0011760,ST10,2026-07-27 23:00:00,single_ticket,entry,G07,4.23
TX0011761,ST08,2026-07-20 07:00:00,single_ticket,exit,G11,3.94
TX0011762,ST05,2026-08-18 00:00:00,smart_card,entry,G04,4.01
TX0011763,ST09,2026-07-13 00:00:00,smart_card,exit,G03,1.77
TX0011764,ST10,2026-07-25 20:00:00,single_ticket,entry,G03,2.72
TX0011765,ST03,2026-06-30 16:00:00,smart_card,exit,G05,2.56
TX0011766,ST10,2026-07-27 07:00:00,single_ticket,exit,G04,4.13
TX0011767,ST08,2026-07-01 03:00:00,smart_card,entry,G03,2.49
TX0011768,ST01,2026-07-18 13:00:00,single_ticket,entry,G07,4.32
TX0011769,ST05,2026-08-05 02:00:00,smart_card,entry,G04,3.93
TX0011770,ST02,2026-08-05 02:00:00,smart_card,entry,G02,4.11
TX0011771,ST02,2026-08-12 06:00:00,day_pass,entry,G02,1.82
TX0011772,ST09,2026-07-21 17:00:00,smart_card,exit,G02,4.43
TX0011773,ST09,2026-07-25 01:00:00,single_ticket,exit,G02,2.61
TX0011774,ST09,2026-07-17 02:00:00,smart_card,exit,G12,1.74
TX0011775,ST08,2026-07-10 19:00:00,smart_card,entry,G01,3.37
TX0011776,ST07,2026-08-20 09:00:00,monthly_pass,exit,G12,4.09
TX0011777,ST09,2026-07-20 07:00:00,smart_card,entry,G09,3.68
TX0011778,ST03,2026-08-16 16:00:00,smart_card,exit,G04,3.62
TX0011779,ST07,2026-08-04 19:00:00,smart_card,exit,G04,4.32
TX0011780,ST08,2026-07-13 14:00:00,smart_card,entry,G02,4.4
TX0011781,ST03,2026-08-02 15:00:00,monthly_pass,exit,G08,3.97
TX0011782,ST07,2026-07-24 21:00:00,smart_card,exit,G01,3.85
TX0011783,ST08,2026-07-24 10:00:00,smart_card,entry,G09,2.55
TX0011784,ST02,2026-08-18 14:00:00,smart_card,exit,G06,2.89
TX0011785,ST09,2026-07-07 07:00:00,smart_card,exit,G09,3.09
TX0011786,ST10,2026-07-24 18:00:00,single_ticket,exit,G12,2.94
TX0011787,ST10,2026-08-10 00:00:00,smart_card,exit,G12,3.92
TX0011788,ST09,2026-08-20 09:00:00,smart_card,exit,G03,4.48
TX0011789,ST06,2026-07-01 15:00:00,smart_card,exit,G09,2.12
TX0011790,ST09,2026-07-28 14:00:00,smart_card,entry,G07,3.87
TX0011791,ST09,2026-07-20 11:00:00,monthly_pass,exit,G08,3.33
TX0011792,ST08,2026-08-10 02:00:00,single_ticket,entry,G01,3.68
TX0011793,ST10,2026-07-04 18:00:00,smart_card,entry,G02,3.0
TX0011794,ST07,2026-08-08 14:00:00,smart_card,entry,G03,3.59
TX0011795,ST02,2026-07-04 12:00:00,single_ticket,exit,G01,3.38
TX0011796,ST06,2026-06-30 10:00:00,smart_card,entry,G02,3.47
TX0011797,ST08,2026-07-31 04:00:00,smart_card,entry,G09,4.35
TX0011798,ST03,2026-08-18 12:00:00,monthly_pass,exit,G04,1.64
TX0011799,ST10,2026-07-19 20:00:00,single_ticket,entry,G11,2.39
TX0011800,ST02,2026-08-04 08:00:00,smart_card,exit,G10,3.43
TX0011801,ST08,2026-07-20 09:00:00,smart_card,exit,G08,2.65
TX0011802,ST10,2026-08-20 04:00:00,day_pass,exit,G05,2.85
TX0011803,ST03,2026-07-26 22:00:00,single_ticket,exit,G12,2.78
TX0011804,ST09,2026-08-20 06:00:00,smart_card,entry,G08,3.83
TX0011805,ST02,2026-07-07 09:00:00,smart_card,exit,G11,1.67
TX0011806,ST01,2026-07-21 16:00:00,monthly_pass,entry,G04,2.85
TX0011807,ST08,2026-08-09 11:00:00,smart_card,entry,G12,3.5
TX0011808,ST10,2026-07-04 05:00:00,single_ticket,entry,G04,2.73
TX0011809,ST04,2026-07-28 10:00:00,monthly_pass,exit,G09,1.69
TX0011810,ST09,2026-08-03 12:00:00,smart_card,exit,G12,4.35
TX0011811,ST04,2026-08-09 05:00:00,monthly_pass,exit,G12,2.64
TX0011812,ST01,2026-06-25 05:00:00,smart_card,exit,G05,4.32
TX0011813,ST06,2026-07-19 00:00:00,single_ticket,entry,G08,4.26
TX0011814,ST04,2026-07-24 18:00:00,smart_card,entry,G09,1.91
TX0011815,ST05,2026-08-03 01:00:00,smart_card,exit,G06,3.41
TX0011816,ST07,2026-07-23 03:00:00,single_ticket,entry,G07,2.36
TX0011817,ST08,2026-07-21 22:00:00,single_ticket,exit,G01,2.12
TX0011818,ST01,2026-08-08 02:00:00,smart_card,exit,G02,3.18
TX0011819,ST01,2026-08-12 22:00:00,smart_card,exit,G12,3.11
TX0011820,ST09,2026-07-06 10:00:00,smart_card,exit,G01,4.15
TX0011821,ST10,2026-07-27 00:00:00,monthly_pass,exit,G05,3.53
TX0011822,ST02,2026-07-30 02:00:00,day_pass,exit,G10,3.7
TX0011823,ST09,2026-06-23 04:00:00,smart_card,exit,G02,3.87
TX0011824,ST05,2026-07-27 07:00:00,smart_card,entry,G11,1.7
TX0011825,ST05,2026-08-03 17:00:00,monthly_pass,entry,G09,2.59
TX0011826,ST07,2026-08-08 06:00:00,day_pass,exit,G06,3.33
TX0011827,ST04,2026-06-23 19:00:00,single_ticket,entry,G04,3.83
TX0011828,ST01,2026-08-17 04:00:00,single_ticket,exit,G02,3.92
TX0011829,ST10,2026-08-20 10:00:00,smart_card,exit,G07,4.11
TX0011830,ST09,2026-08-02 09:00:00,smart_card,entry,G10,3.52
TX0011831,ST10,2026-07-26 23:00:00,smart_card,entry,G12,1.92
TX0011832,ST06,2026-08-20 21:00:00,smart_card,exit,G04,2.33
TX0011833,ST05,2026-07-29 09:00:00,single_ticket,exit,G08,3.32
TX0011834,ST01,2026-08-07 01:00:00,day_pass,entry,G01,3.39
TX0011835,ST08,2026-07-23 10:00:00,monthly_pass,entry,G01,1.52
TX0011836,ST07,2026-07-13 21:00:00,smart_card,entry,G03,2.99
TX0011837,ST07,2026-06-30 14:00:00,single_ticket,exit,G01,4.43
TX0011838,ST07,2026-08-06 23:00:00,monthly_pass,entry,G04,1.68
TX0011839,ST06,2026-06-27 12:00:00,smart_card,exit,G07,2.61
TX0011840,ST06,2026-07-09 19:00:00,smart_card,exit,G02,3.26
TX0011841,ST01,2026-08-02 08:00:00,monthly_pass,exit,G01,4.31
TX0011842,ST08,2026-07-16 07:00:00,smart_card,exit,G05,1.72
TX0011843,ST02,2026-08-20 01:00:00,single_ticket,exit,G01,4.01
TX0011844,ST09,2026-06-29 12:00:00,smart_card,exit,G08,2.43
TX0011845,ST07,2026-07-01 02:00:00,smart_card,entry,G04,2.4
TX0011846,ST01,2026-07-18 11:00:00,monthly_pass,exit,G10,2.32
TX0011847,ST01,2026-08-13 06:00:00,smart_card,exit,G01,4.16
TX0011848,ST03,2026-07-04 16:00:00,smart_card,entry,G05,2.0
TX0011849,ST01,2026-07-12 07:00:00,smart_card,exit,G11,1.72
TX0011850,ST07,2026-08-08 13:00:00,smart_card,exit,G05,3.89
TX0011851,ST07,2026-08-03 11:00:00,smart_card,exit,G05,4.12
TX0011852,ST03,2026-06-28 21:00:00,single_ticket,exit,G01,2.27
TX0011853,ST04,2026-07-20 23:00:00,smart_card,exit,G06,4.42
TX0011854,ST09,2026-08-05 13:00:00,smart_card,exit,G09,4.3
TX0011855,ST05,2026-08-12 21:00:00,smart_card,entry,G10,1.86
TX0011856,ST03,2026-07-08 14:00:00,day_pass,entry,G02,1.97
TX0011857,ST06,2026-06-23 08:00:00,smart_card,exit,G04,2.64
TX0011858,ST03,2026-07-25 16:00:00,monthly_pass,entry,G01,3.52
TX0011859,ST05,2026-07-30 07:00:00,monthly_pass,entry,G04,1.52
TX0011860,ST05,2026-08-04 20:00:00,smart_card,exit,G11,3.34
TX0011861,ST10,2026-08-05 11:00:00,smart_card,entry,G04,4.07
TX0011862,ST01,2026-08-16 01:00:00,single_ticket,exit,G06,2.93
TX0011863,ST03,2026-07-06 14:00:00,smart_card,entry,G12,1.74
TX0011864,ST01,2026-08-05 21:00:00,day_pass,entry,G12,2.07
TX0011865,ST04,2026-07-12 20:00:00,monthly_pass,exit,G03,3.35
TX0011866,ST09,2026-07-19 08:00:00,single_ticket,entry,G06,3.35
TX0011867,ST08,2026-07-23 04:00:00,smart_card,entry,G09,1.94
TX0011868,ST07,2026-08-11 17:00:00,smart_card,entry,G12,3.37
TX0011869,ST04,2026-08-20 21:00:00,smart_card,exit,G08,2.42
TX0011870,ST08,2026-07-14 14:00:00,smart_card,entry,G10,1.81
TX0011871,ST10,2026-07-01 04:00:00,day_pass,exit,G06,3.17
TX0011872,ST04,2026-07-04 13:00:00,smart_card,exit,G02,3.55
TX0011873,ST03,2026-07-01 06:00:00,single_ticket,entry,G10,2.29
TX0011874,ST10,2026-07-18 15:00:00,single_ticket,entry,G05,3.83
TX0011875,ST05,2026-08-07 10:00:00,smart_card,entry,G03,1.69
TX0011876,ST01,2026-08-15 09:00:00,single_ticket,exit,G07,2.31
TX0011877,ST06,2026-06-25 18:00:00,day_pass,exit,G01,2.83
TX0011878,ST05,2026-07-14 01:00:00,smart_card,entry,G09,2.95
TX0011879,ST09,2026-07-17 13:00:00,single_ticket,exit,G08,3.35
TX0011880,ST09,2026-08-13 13:00:00,smart_card,exit,G06,2.44
TX0011881,ST04,2026-08-10 04:00:00,single_ticket,entry,G04,1.99
TX0011882,ST04,2026-08-01 16:00:00,monthly_pass,entry,G06,4.4
TX0011883,ST07,2026-08-01 05:00:00,single_ticket,exit,G11,1.85
TX0011884,ST07,2026-08-19 10:00:00,smart_card,entry,G04,1.52
TX0011885,ST02,2026-07-07 03:00:00,smart_card,entry,G07,3.13
TX0011886,ST07,2026-08-04 00:00:00,monthly_pass,exit,G07,1.96
TX0011887,ST04,2026-07-29 00:00:00,single_ticket,exit,G03,3.48
TX0011888,ST06,2026-08-04 00:00:00,smart_card,entry,G07,3.47
TX0011889,ST04,2026-07-22 12:00:00,single_ticket,exit,G04,3.01
TX0011890,ST05,2026-07-20 14:00:00,smart_card,entry,G11,2.51
TX0011891,ST06,2026-08-21 01:00:00,monthly_pass,entry,G08,3.57
TX0011892,ST06,2026-07-29 22:00:00,smart_card,entry,G07,3.28
TX0011893,ST02,2026-07-30 12:00:00,smart_card,entry,G12,2.34
TX0011894,ST10,2026-07-15 10:00:00,smart_card,entry,G05,1.84
TX0011895,ST03,2026-07-24 11:00:00,smart_card,entry,G05,1.9
TX0011896,ST05,2026-08-15 01:00:00,single_ticket,exit,G03,3.21
TX0011897,ST08,2026-08-15 00:00:00,single_ticket,entry,G01,2.86
TX0011898,ST01,2026-08-14 19:00:00,single_ticket,exit,G10,3.53
TX0011899,ST10,2026-06-29 23:00:00,smart_card,entry,G09,1.64
TX0011900,ST04,2026-06-27 10:00:00,day_pass,exit,G09,4.41
TX0011901,ST09,2026-06-25 21:00:00,day_pass,entry,G07,3.17
TX0011902,ST02,2026-07-21 06:00:00,single_ticket,entry,G08,2.14
TX0011903,ST05,2026-08-04 00:00:00,single_ticket,exit,G10,2.11
TX0011904,ST08,2026-07-23 09:00:00,smart_card,entry,G01,4.13
TX0011905,ST07,2026-08-12 14:00:00,monthly_pass,exit,G07,1.75
TX0011906,ST10,2026-08-06 08:00:00,smart_card,entry,G11,1.82
TX0011907,ST09,2026-07-22 18:00:00,day_pass,exit,G05,3.84
TX0011908,ST09,2026-08-19 11:00:00,smart_card,exit,G07,4.34
TX0011909,ST05,2026-08-08 11:00:00,smart_card,entry,G06,2.82
TX0011910,ST07,2026-08-13 01:00:00,smart_card,entry,G11,1.79
TX0011911,ST10,2026-07-12 16:00:00,monthly_pass,exit,G10,3.57
TX0011912,ST08,2026-07-19 10:00:00,single_ticket,entry,G10,2.32
TX0011913,ST09,2026-07-05 00:00:00,smart_card,exit,G05,4.35
TX0011914,ST06,2026-08-18 01:00:00,monthly_pass,exit,G12,4.2
TX0011915,ST05,2026-08-19 04:00:00,smart_card,exit,G06,4.14
TX0011916,ST01,2026-08-01 08:00:00,day_pass,exit,G09,1.51
TX0011917,ST05,2026-07-02 17:00:00,monthly_pass,exit,G04,4.32
TX0011918,ST04,2026-07-15 15:00:00,day_pass,entry,G03,3.55
TX0011919,ST01,2026-06-28 01:00:00,smart_card,exit,G01,1.65
TX0011920,ST10,2026-06-24 03:00:00,monthly_pass,entry,G04,3.66
TX0011921,ST07,2026-07-03 07:00:00,single_ticket,entry,G03,4.26
TX0011922,ST05,2026-08-10 05:00:00,smart_card,entry,G12,2.53
TX0011923,ST05,2026-07-24 19:00:00,day_pass,exit,G10,3.54
TX0011924,ST04,2026-07-30 16:00:00,smart_card,entry,G12,2.5
TX0011925,ST08,2026-08-15 09:00:00,smart_card,entry,G11,3.47
TX0011926,ST07,2026-08-19 03:00:00,single_ticket,entry,G07,3.08
TX0011927,ST04,2026-06-26 20:00:00,single_ticket,exit,G09,1.89
TX0011928,ST09,2026-07-13 13:00:00,smart_card,entry,G03,1.52
TX0011929,ST01,2026-07-09 03:00:00,single_ticket,exit,G06,3.79
TX0011930,ST06,2026-08-03 09:00:00,monthly_pass,exit,G10,2.17
TX0011931,ST07,2026-07-15 09:00:00,smart_card,exit,G09,2.73
TX0011932,ST09,2026-07-14 04:00:00,smart_card,entry,G12,4.18
TX0011933,ST08,2026-07-14 00:00:00,smart_card,exit,G02,4.04
TX0011934,ST08,2026-07-19 14:00:00,monthly_pass,entry,G06,3.41
TX0011935,ST09,2026-07-30 02:00:00,smart_card,exit,G02,2.33
TX0011936,ST08,2026-07-13 03:00:00,smart_card,entry,G02,1.87
TX0011937,ST07,2026-07-12 20:00:00,monthly_pass,exit,G03,2.04
TX0011938,ST06,2026-08-04 07:00:00,single_ticket,exit,G09,4.35
TX0011939,ST08,2026-07-31 11:00:00,smart_card,entry,G08,3.39
TX0011940,ST09,2026-06-24 00:00:00,monthly_pass,exit,G06,2.74
TX0011941,ST08,2026-08-08 11:00:00,smart_card,entry,G06,4.33
TX0011942,ST09,2026-06-23 17:00:00,smart_card,exit,G11,3.1
TX0011943,ST04,2026-06-25 12:00:00,smart_card,exit,G03,2.71
TX0011944,ST04,2026-07-31 01:00:00,single_ticket,entry,G05,1.88
TX0011945,ST01,2026-06-22 16:00:00,smart_card,exit,G07,1.75
TX0011946,ST04,2026-07-10 13:00:00,day_pass,entry,G05,3.51
TX0011947,ST01,2026-08-10 06:00:00,single_ticket,exit,G11,1.67
TX0011948,ST08,2026-06-24 16:00:00,smart_card,entry,G05,1.75
TX0011949,ST08,2026-07-17 18:00:00,monthly_pass,entry,G07,4.38
TX0011950,ST02,2026-08-20 12:00:00,day_pass,exit,G08,3.28
TX0011951,ST05,2026-07-21 20:00:00,smart_card,entry,G07,4.18
TX0011952,ST05,2026-07-11 17:00:00,smart_card,entry,G03,2.01
TX0011953,ST07,2026-07-16 07:00:00,smart_card,exit,G05,4.35
TX0011954,ST03,2026-06-26 18:00:00,smart_card,exit,G12,3.62
TX0011955,ST07,2026-07-13 14:00:00,monthly_pass,entry,G01,2.45
TX0011956,ST08,2026-08-02 22:00:00,smart_card,exit,G11,4.22
TX0011957,ST05,2026-08-17 18:00:00,smart_card,entry,G03,1.81
TX0011958,ST08,2026-08-08 04:00:00,day_pass,exit,G08,4.18
TX0011959,ST05,2026-08-13 07:00:00,monthly_pass,exit,G04,3.48
TX0011960,ST09,2026-06-22 15:00:00,smart_card,exit,G02,3.03
TX0011961,ST10,2026-07-23 03:00:00,smart_card,entry,G06,4.14
TX0011962,ST09,2026-07-02 05:00:00,day_pass,entry,G06,1.54
TX0011963,ST07,2026-07-04 04:00:00,monthly_pass,exit,G12,3.17
TX0011964,ST02,2026-06-22 05:00:00,single_ticket,entry,G03,3.02
TX0011965,ST10,2026-08-06 01:00:00,single_ticket,entry,G04,1.97
TX0011966,ST02,2026-08-21 00:00:00,smart_card,exit,G11,2.28
TX0011967,ST07,2026-07-11 17:00:00,monthly_pass,entry,G04,2.05
TX0011968,ST10,2026-06-28 05:00:00,single_ticket,exit,G01,2.24
TX0011969,ST09,2026-08-09 02:00:00,single_ticket,exit,G04,3.61
TX0011970,ST08,2026-08-13 16:00:00,monthly_pass,entry,G06,4.4
TX0011971,ST06,2026-06-23 13:00:00,monthly_pass,entry,G03,3.45
TX0011972,ST03,2026-07-27 11:00:00,smart_card,entry,G02,3.16
TX0011973,ST02,2026-08-16 17:00:00,smart_card,exit,G06,2.98
TX0011974,ST07,2026-08-10 05:00:00,smart_card,exit,G01,1.92
TX0011975,ST01,2026-07-11 03:00:00,monthly_pass,exit,G09,3.75
TX0011976,ST07,2026-07-07 18:00:00,smart_card,entry,G05,4.24
TX0011977,ST06,2026-08-02 10:00:00,single_ticket,exit,G09,2.62
TX0011978,ST01,2026-08-18 04:00:00,smart_card,exit,G06,1.85
TX0011979,ST03,2026-07-26 21:00:00,smart_card,entry,G01,3.59
TX0011980,ST10,2026-08-12 13:00:00,smart_card,entry,G12,3.74
TX0011981,ST01,2026-08-19 01:00:00,monthly_pass,exit,G10,1.93
TX0011982,ST07,2026-07-08 23:00:00,smart_card,exit,G01,2.22
TX0011983,ST01,2026-08-02 21:00:00,day_pass,entry,G05,2.52
TX0011984,ST06,2026-07-15 14:00:00,smart_card,entry,G08,2.47
TX0011985,ST03,2026-07-20 06:00:00,smart_card,entry,G01,2.33
TX0011986,ST03,2026-08-12 15:00:00,smart_card,entry,G03,3.26
TX0011987,ST07,2026-08-10 18:00:00,smart_card,entry,G12,4.05
TX0011988,ST02,2026-07-01 16:00:00,single_ticket,entry,G09,3.26
TX0011989,ST03,2026-07-04 10:00:00,smart_card,exit,G11,1.98
TX0011990,ST09,2026-08-02 16:00:00,smart_card,exit,G11,1.92
TX0011991,ST07,2026-07-29 16:00:00,smart_card,entry,G05,4.4
TX0011992,ST10,2026-07-16 11:00:00,monthly_pass,exit,G10,1.53
TX0011993,ST01,2026-07-12 13:00:00,smart_card,exit,G09,4.3
TX0011994,ST03,2026-07-06 19:00:00,day_pass,entry,G08,2.9
TX0011995,ST03,2026-07-31 17:00:00,monthly_pass,exit,G08,1.52
TX0011996,ST08,2026-07-23 05:00:00,monthly_pass,entry,G03,2.23
TX0011997,ST09,2026-07-31 14:00:00,single_ticket,exit,G12,3.35
TX0011998,ST04,2026-07-29 05:00:00,single_ticket,entry,G02,2.12
TX0011999,ST06,2026-07-19 05:00:00,single_ticket,entry,G03,4.27
TX0012000,ST08,2026-08-17 05:00:00,day_pass,entry,G11,1.59
TX0012001,ST04,2026-08-18 21:00:00,monthly_pass,entry,G03,2.52
TX0012002,ST10,2026-07-30 23:00:00,smart_card,exit,G01,2.54
TX0012003,ST06,2026-07-31 02:00:00,single_ticket,entry,G09,3.6
TX0012004,ST01,2026-07-21 12:00:00,monthly_pass,exit,G04,4.46
TX0012005,ST04,2026-07-24 22:00:00,smart_card,entry,G01,4.35
TX0012006,ST09,2026-08-15 04:00:00,single_ticket,exit,G03,2.76
TX0012007,ST03,2026-07-09 08:00:00,smart_card,entry,G10,3.41
TX0012008,ST06,2026-07-30 18:00:00,smart_card,exit,G02,4.26
TX0012009,ST09,2026-07-06 14:00:00,single_ticket,entry,G03,3.75
TX0012010,ST08,2026-07-13 21:00:00,smart_card,exit,G08,1.95
TX0012011,ST07,2026-07-28 20:00:00,smart_card,exit,G10,4.26
TX0012012,ST10,2026-08-10 08:00:00,day_pass,entry,G07,2.85
TX0012013,ST10,2026-07-28 07:00:00,smart_card,exit,G02,2.77
TX0012014,ST04,2026-07-16 18:00:00,smart_card,entry,G04,1.7
TX0012015,ST04,2026-06-27 05:00:00,smart_card,entry,G09,4.08
TX0012016,ST10,2026-06-28 16:00:00,monthly_pass,exit,G06,4.24
TX0012017,ST01,2026-08-02 07:00:00,smart_card,entry,G01,4.19
TX0012018,ST10,2026-07-06 17:00:00,day_pass,exit,G11,2.08
TX0012019,ST10,2026-06-26 04:00:00,smart_card,exit,G02,1.83
TX0012020,ST06,2026-07-13 06:00:00,smart_card,exit,G09,2.17
TX0012021,ST05,2026-07-12 22:00:00,smart_card,exit,G01,2.26
TX0012022,ST09,2026-06-28 18:00:00,smart_card,exit,G05,2.51
TX0012023,ST05,2026-07-05 22:00:00,monthly_pass,exit,G08,3.03
TX0012024,ST08,2026-07-16 15:00:00,single_ticket,exit,G03,4.46
TX0012025,ST04,2026-07-30 11:00:00,smart_card,exit,G02,2.61
TX0012026,ST01,2026-08-11 03:00:00,smart_card,entry,G08,2.17
TX0012027,ST07,2026-08-05 19:00:00,smart_card,exit,G05,2.12
TX0012028,ST10,2026-06-26 14:00:00,single_ticket,exit,G04,3.28
TX0012029,ST06,2026-07-05 12:00:00,day_pass,exit,G11,3.57
TX0012030,ST05,2026-08-05 01:00:00,single_ticket,entry,G04,2.88
TX0012031,ST07,2026-08-17 12:00:00,monthly_pass,exit,G04,3.94
TX0012032,ST07,2026-07-15 19:00:00,single_ticket,exit,G10,1.55
TX0012033,ST06,2026-08-07 21:00:00,smart_card,exit,G02,3.33
TX0012034,ST07,2026-07-30 09:00:00,smart_card,entry,G06,3.32
TX0012035,ST08,2026-06-28 06:00:00,monthly_pass,exit,G09,4.2
TX0012036,ST05,2026-08-20 04:00:00,smart_card,entry,G01,2.11
TX0012037,ST04,2026-06-28 11:00:00,smart_card,entry,G02,2.62
TX0012038,ST01,2026-07-29 08:00:00,day_pass,exit,G12,2.98
TX0012039,ST08,2026-07-29 22:00:00,smart_card,exit,G09,3.07
TX0012040,ST02,2026-07-14 06:00:00,smart_card,entry,G04,2.35
TX0012041,ST04,2026-08-21 02:00:00,day_pass,exit,G06,3.03
TX0012042,ST05,2026-07-24 04:00:00,smart_card,exit,G05,1.99
TX0012043,ST05,2026-07-14 11:00:00,single_ticket,exit,G12,2.61
TX0012044,ST06,2026-07-08 16:00:00,smart_card,exit,G09,4.33
TX0012045,ST07,2026-07-11 19:00:00,single_ticket,entry,G03,2.06
TX0012046,ST03,2026-07-07 14:00:00,day_pass,entry,G02,1.91
TX0012047,ST05,2026-07-25 23:00:00,smart_card,entry,G06,1.59
TX0012048,ST05,2026-07-28 19:00:00,day_pass,exit,G10,3.7
TX0012049,ST06,2026-06-28 12:00:00,single_ticket,entry,G11,3.36
TX0012050,ST10,2026-07-02 19:00:00,monthly_pass,entry,G02,2.11
TX0012051,ST07,2026-07-23 21:00:00,smart_card,exit,G08,2.71
TX0012052,ST06,2026-07-03 14:00:00,day_pass,exit,G06,2.08
TX0012053,ST10,2026-07-05 02:00:00,monthly_pass,exit,G03,3.6
TX0012054,ST09,2026-08-01 21:00:00,single_ticket,exit,G07,1.91
TX0012055,ST01,2026-08-12 20:00:00,monthly_pass,exit,G01,3.77
TX0012056,ST02,2026-07-27 14:00:00,smart_card,entry,G01,2.52
TX0012057,ST02,2026-08-15 09:00:00,single_ticket,entry,G07,2.93
TX0012058,ST06,2026-08-14 00:00:00,single_ticket,entry,G03,3.92
TX0012059,ST04,2026-07-03 06:00:00,smart_card,entry,G07,3.1
TX0012060,ST07,2026-07-16 16:00:00,single_ticket,entry,G12,2.66
TX0012061,ST01,2026-08-12 10:00:00,smart_card,exit,G03,2.65
TX0012062,ST07,2026-07-15 13:00:00,monthly_pass,exit,G09,3.07
TX0012063,ST05,2026-08-12 01:00:00,day_pass,entry,G10,1.99
TX0012064,ST04,2026-07-27 23:00:00,monthly_pass,entry,G02,2.33
TX0012065,ST09,2026-07-13 01:00:00,single_ticket,entry,G03,3.17
TX0012066,ST08,2026-07-19 01:00:00,day_pass,exit,G03,2.11
TX0012067,ST03,2026-08-20 02:00:00,smart_card,exit,G12,3.34
TX0012068,ST01,2026-08-05 07:00:00,single_ticket,entry,G08,2.27
TX0012069,ST05,2026-07-13 03:00:00,smart_card,entry,G09,3.41
TX0012070,ST08,2026-08-01 01:00:00,single_ticket,entry,G02,1.87
TX0012071,ST01,2026-07-03 22:00:00,smart_card,entry,G08,3.01
TX0012072,ST07,2026-07-17 00:00:00,day_pass,entry,G07,3.75
TX0012073,ST07,2026-07-28 09:00:00,smart_card,entry,G08,2.45
TX0012074,ST01,2026-08-01 13:00:00,monthly_pass,entry,G06,3.79
TX0012075,ST08,2026-07-12 18:00:00,monthly_pass,entry,G01,2.49
TX0012076,ST03,2026-08-05 22:00:00,single_ticket,exit,G08,3.82
TX0012077,ST02,2026-07-13 00:00:00,smart_card,exit,G05,4.1
TX0012078,ST09,2026-07-19 16:00:00,single_ticket,exit,G04,1.64
TX0012079,ST01,2026-08-14 07:00:00,day_pass,exit,G11,2.29
TX0012080,ST01,2026-07-18 00:00:00,smart_card,exit,G03,4.4
TX0012081,ST09,2026-07-22 10:00:00,single_ticket,entry,G12,1.78
TX0012082,ST02,2026-07-04 19:00:00,monthly_pass,entry,G06,1.89
TX0012083,ST01,2026-08-19 03:00:00,smart_card,entry,G03,1.55
TX0012084,ST02,2026-07-24 00:00:00,smart_card,entry,G11,2.3
TX0012085,ST07,2026-08-08 08:00:00,monthly_pass,entry,G11,3.27
TX0012086,ST07,2026-08-11 12:00:00,smart_card,exit,G12,2.27
TX0012087,ST03,2026-07-20 21:00:00,monthly_pass,entry,G05,4.41
TX0012088,ST08,2026-07-11 13:00:00,single_ticket,entry,G12,2.88
TX0012089,ST08,2026-07-05 17:00:00,smart_card,exit,G09,3.34
TX0012090,ST05,2026-07-07 01:00:00,monthly_pass,exit,G05,2.19
TX0012091,ST10,2026-08-19 10:00:00,smart_card,entry,G11,3.39
TX0012092,ST05,2026-07-04 09:00:00,smart_card,exit,G07,2.32
TX0012093,ST03,2026-07-04 15:00:00,smart_card,entry,G03,4.32
TX0012094,ST03,2026-07-05 05:00:00,monthly_pass,exit,G09,3.96
TX0012095,ST07,2026-07-28 00:00:00,smart_card,entry,G02,1.54
TX0012096,ST05,2026-07-06 08:00:00,smart_card,exit,G04,2.73
TX0012097,ST05,2026-08-14 02:00:00,smart_card,entry,G06,2.74
TX0012098,ST01,2026-07-16 04:00:00,single_ticket,exit,G08,3.13
TX0012099,ST08,2026-07-11 21:00:00,smart_card,entry,G08,3.91
TX0012100,ST05,2026-07-29 13:00:00,smart_card,exit,G10,4.11
TX0012101,ST05,2026-08-17 16:00:00,smart_card,exit,G07,3.24
TX0012102,ST09,2026-08-09 22:00:00,single_ticket,entry,G07,3.59
TX0012103,ST05,2026-07-13 17:00:00,single_ticket,exit,G09,2.36
TX0012104,ST07,2026-07-26 21:00:00,single_ticket,entry,G07,1.76
TX0012105,ST09,2026-08-20 13:00:00,single_ticket,exit,G12,1.52
TX0012106,ST08,2026-08-03 00:00:00,monthly_pass,entry,G05,1.57
TX0012107,ST05,2026-06-27 22:00:00,single_ticket,entry,G02,3.69
TX0012108,ST04,2026-08-19 17:00:00,single_ticket,entry,G08,2.12
TX0012109,ST08,2026-06-26 14:00:00,smart_card,entry,G12,3.62
TX0012110,ST08,2026-07-23 12:00:00,monthly_pass,entry,G03,1.78
TX0012111,ST01,2026-07-03 10:00:00,day_pass,exit,G02,3.94
TX0012112,ST01,2026-07-18 10:00:00,single_ticket,exit,G06,3.38
TX0012113,ST09,2026-07-10 23:00:00,smart_card,entry,G12,2.64
TX0012114,ST03,2026-06-30 14:00:00,smart_card,entry,G04,3.97
TX0012115,ST03,2026-07-16 15:00:00,monthly_pass,exit,G10,3.58
TX0012116,ST05,2026-07-20 03:00:00,smart_card,entry,G04,4.0
TX0012117,ST10,2026-07-11 09:00:00,smart_card,exit,G10,3.63
TX0012118,ST05,2026-08-15 11:00:00,smart_card,entry,G04,1.65
TX0012119,ST10,2026-08-04 20:00:00,smart_card,exit,G11,3.21
TX0012120,ST04,2026-08-12 04:00:00,smart_card,entry,G06,3.13
TX0012121,ST08,2026-06-28 19:00:00,single_ticket,entry,G02,3.97
TX0012122,ST04,2026-06-23 17:00:00,smart_card,exit,G12,2.04
TX0012123,ST10,2026-06-29 08:00:00,smart_card,entry,G08,2.18
TX0012124,ST02,2026-07-20 06:00:00,single_ticket,entry,G01,1.79
TX0012125,ST06,2026-08-03 16:00:00,single_ticket,entry,G05,2.85
TX0012126,ST08,2026-06-28 13:00:00,single_ticket,entry,G11,1.52
TX0012127,ST09,2026-07-17 05:00:00,monthly_pass,exit,G05,3.36
TX0012128,ST10,2026-07-21 16:00:00,smart_card,exit,G12,1.96
TX0012129,ST03,2026-07-06 05:00:00,smart_card,entry,G07,1.95
TX0012130,ST03,2026-07-31 03:00:00,smart_card,exit,G02,1.8
TX0012131,ST06,2026-08-07 22:00:00,smart_card,entry,G08,2.87
TX0012132,ST09,2026-07-27 12:00:00,monthly_pass,exit,G01,2.15
TX0012133,ST02,2026-07-27 03:00:00,smart_card,entry,G09,1.61
TX0012134,ST04,2026-07-03 20:00:00,smart_card,entry,G01,2.16
TX0012135,ST01,2026-06-22 18:00:00,smart_card,entry,G08,3.68
TX0012136,ST10,2026-07-06 01:00:00,smart_card,entry,G02,1.52
TX0012137,ST02,2026-06-25 18:00:00,day_pass,exit,G03,2.26
TX0012138,ST02,2026-07-30 18:00:00,single_ticket,entry,G03,2.18
TX0012139,ST04,2026-07-05 21:00:00,single_ticket,exit,G05,2.28
TX0012140,ST08,2026-08-09 17:00:00,smart_card,exit,G08,2.16
TX0012141,ST08,2026-07-11 01:00:00,smart_card,exit,G11,2.56
TX0012142,ST01,2026-07-07 19:00:00,single_ticket,exit,G08,3.8
TX0012143,ST09,2026-07-23 09:00:00,smart_card,exit,G09,3.41
TX0012144,ST05,2026-07-22 02:00:00,smart_card,exit,G11,2.49
TX0012145,ST01,2026-07-14 02:00:00,day_pass,entry,G06,3.65
TX0012146,ST07,2026-07-12 16:00:00,smart_card,exit,G02,2.5
TX0012147,ST10,2026-08-07 15:00:00,smart_card,exit,G03,2.92
TX0012148,ST05,2026-08-08 12:00:00,monthly_pass,entry,G12,3.3
TX0012149,ST08,2026-07-03 00:00:00,monthly_pass,exit,G10,3.17
TX0012150,ST03,2026-07-21 20:00:00,smart_card,entry,G12,2.63
TX0012151,ST08,2026-08-03 23:00:00,monthly_pass,entry,G03,2.29
TX0012152,ST06,2026-07-21 13:00:00,smart_card,exit,G02,3.47
TX0012153,ST03,2026-06-25 11:00:00,day_pass,exit,G11,2.69
TX0012154,ST09,2026-07-04 12:00:00,smart_card,entry,G12,3.24
TX0012155,ST01,2026-07-14 06:00:00,monthly_pass,exit,G06,2.74
TX0012156,ST03,2026-07-26 23:00:00,day_pass,entry,G12,3.88
TX0012157,ST04,2026-07-09 09:00:00,smart_card,entry,G08,4.32
TX0012158,ST07,2026-07-26 10:00:00,smart_card,entry,G11,4.33
TX0012159,ST01,2026-08-19 07:00:00,smart_card,exit,G03,1.61
TX0012160,ST07,2026-08-17 10:00:00,smart_card,exit,G07,2.92
TX0012161,ST08,2026-08-06 16:00:00,smart_card,entry,G02,2.59
TX0012162,ST07,2026-08-02 14:00:00,smart_card,entry,G10,1.77
TX0012163,ST08,2026-07-12 19:00:00,single_ticket,exit,G03,4.02
TX0012164,ST10,2026-08-13 00:00:00,single_ticket,exit,G11,3.5
TX0012165,ST09,2026-07-12 08:00:00,smart_card,exit,G07,3.21
TX0012166,ST04,2026-08-15 20:00:00,smart_card,exit,G09,4.26
TX0012167,ST07,2026-07-26 14:00:00,smart_card,entry,G09,3.43
TX0012168,ST05,2026-07-25 16:00:00,smart_card,exit,G11,4.26
TX0012169,ST04,2026-07-08 04:00:00,smart_card,exit,G06,3.51
TX0012170,ST02,2026-07-03 13:00:00,smart_card,entry,G05,1.73
TX0012171,ST10,2026-08-06 16:00:00,smart_card,entry,G10,1.55
TX0012172,ST01,2026-08-01 00:00:00,smart_card,entry,G05,4.13
TX0012173,ST05,2026-07-30 08:00:00,smart_card,exit,G02,3.11
TX0012174,ST03,2026-07-16 02:00:00,monthly_pass,entry,G08,2.49
TX0012175,ST07,2026-07-31 08:00:00,monthly_pass,entry,G12,3.3
TX0012176,ST10,2026-07-15 16:00:00,smart_card,exit,G08,2.81
TX0012177,ST06,2026-08-19 08:00:00,single_ticket,entry,G08,2.39
TX0012178,ST02,2026-07-18 12:00:00,single_ticket,entry,G04,2.55
TX0012179,ST10,2026-08-05 15:00:00,smart_card,entry,G04,3.37
TX0012180,ST08,2026-06-25 22:00:00,monthly_pass,exit,G08,3.42
TX0012181,ST01,2026-06-28 19:00:00,smart_card,entry,G07,4.3
TX0012182,ST05,2026-08-13 02:00:00,smart_card,entry,G12,3.89
TX0012183,ST09,2026-07-15 13:00:00,monthly_pass,exit,G06,3.74
TX0012184,ST07,2026-07-11 03:00:00,smart_card,entry,G09,3.88
TX0012185,ST01,2026-07-06 21:00:00,smart_card,exit,G10,1.55
TX0012186,ST05,2026-07-05 11:00:00,monthly_pass,exit,G09,4.44
TX0012187,ST05,2026-07-12 01:00:00,smart_card,entry,G04,4.37
TX0012188,ST07,2026-07-04 23:00:00,monthly_pass,entry,G10,2.2
TX0012189,ST08,2026-08-06 08:00:00,smart_card,entry,G08,4.02
TX0012190,ST10,2026-08-19 18:00:00,single_ticket,entry,G06,2.64
TX0012191,ST03,2026-06-23 21:00:00,smart_card,exit,G09,3.65
TX0012192,ST06,2026-08-15 12:00:00,smart_card,exit,G10,2.29
TX0012193,ST04,2026-07-05 17:00:00,smart_card,entry,G12,4.32
TX0012194,ST01,2026-07-19 18:00:00,single_ticket,exit,G09,4.19
TX0012195,ST05,2026-08-15 06:00:00,single_ticket,exit,G02,3.95
TX0012196,ST08,2026-06-26 10:00:00,smart_card,exit,G08,1.68
TX0012197,ST03,2026-07-24 22:00:00,monthly_pass,exit,G08,1.71
TX0012198,ST06,2026-07-24 16:00:00,monthly_pass,exit,G01,3.08
TX0012199,ST01,2026-07-04 23:00:00,single_ticket,exit,G05,4.14
TX0012200,ST08,2026-07-10 20:00:00,single_ticket,entry,G02,2.16
TX0012201,ST04,2026-07-11 19:00:00,smart_card,entry,G05,1.89
TX0012202,ST02,2026-07-30 09:00:00,smart_card,entry,G06,2.87
TX0012203,ST09,2026-07-07 19:00:00,smart_card,entry,G06,4.3
TX0012204,ST09,2026-07-12 01:00:00,smart_card,exit,G10,4.33
TX0012205,ST02,2026-07-12 12:00:00,smart_card,exit,G05,4.29
TX0012206,ST10,2026-07-12 15:00:00,smart_card,entry,G05,3.03
TX0012207,ST03,2026-07-15 00:00:00,single_ticket,entry,G07,4.31
TX0012208,ST07,2026-07-04 18:00:00,smart_card,entry,G02,4.44
TX0012209,ST03,2026-07-23 19:00:00,smart_card,exit,G03,4.23
TX0012210,ST09,2026-07-22 20:00:00,single_ticket,entry,G08,2.81
TX0012211,ST01,2026-08-13 23:00:00,smart_card,exit,G11,2.25
TX0012212,ST02,2026-06-27 05:00:00,smart_card,entry,G08,3.76
TX0012213,ST10,2026-07-15 01:00:00,day_pass,exit,G11,2.29
TX0012214,ST09,2026-07-03 08:00:00,smart_card,exit,G03,2.56
TX0012215,ST08,2026-07-02 11:00:00,smart_card,exit,G02,3.11
TX0012216,ST05,2026-08-20 08:00:00,day_pass,entry,G10,4.09
TX0012217,ST03,2026-08-12 10:00:00,single_ticket,entry,G01,2.94
TX0012218,ST06,2026-07-20 00:00:00,single_ticket,exit,G11,1.74
TX0012219,ST04,2026-07-16 13:00:00,smart_card,exit,G06,3.24
TX0012220,ST06,2026-06-26 03:00:00,day_pass,entry,G01,1.73
TX0012221,ST01,2026-07-13 15:00:00,smart_card,exit,G09,2.21
TX0012222,ST01,2026-07-29 11:00:00,smart_card,entry,G12,1.83
TX0012223,ST06,2026-08-19 14:00:00,single_ticket,exit,G08,3.24
TX0012224,ST01,2026-06-23 02:00:00,smart_card,entry,G10,2.24
TX0012225,ST09,2026-06-24 14:00:00,single_ticket,entry,G03,3.35
TX0012226,ST10,2026-08-17 19:00:00,monthly_pass,entry,G12,3.49
TX0012227,ST01,2026-07-29 16:00:00,smart_card,exit,G07,2.93
TX0012228,ST01,2026-06-30 20:00:00,smart_card,exit,G10,1.51
TX0012229,ST01,2026-07-11 07:00:00,single_ticket,exit,G01,1.59
TX0012230,ST08,2026-06-29 03:00:00,monthly_pass,exit,G05,2.95
TX0012231,ST02,2026-08-02 11:00:00,smart_card,exit,G02,2.13
TX0012232,ST06,2026-08-12 23:00:00,single_ticket,exit,G12,2.95
TX0012233,ST07,2026-07-19 16:00:00,smart_card,exit,G04,3.23
TX0012234,ST03,2026-07-13 10:00:00,day_pass,entry,G07,2.9
TX0012235,ST07,2026-08-13 22:00:00,smart_card,entry,G09,3.11
TX0012236,ST03,2026-08-04 04:00:00,single_ticket,exit,G04,4.4
TX0012237,ST04,2026-08-05 12:00:00,single_ticket,exit,G10,3.4
TX0012238,ST07,2026-07-03 08:00:00,smart_card,exit,G08,2.09
TX0012239,ST01,2026-07-15 05:00:00,monthly_pass,entry,G02,1.99
TX0012240,ST07,2026-08-02 12:00:00,monthly_pass,exit,G04,4.35
TX0012241,ST08,2026-07-08 03:00:00,smart_card,exit,G03,4.44
TX0012242,ST03,2026-07-03 05:00:00,smart_card,exit,G03,2.87
TX0012243,ST05,2026-08-09 10:00:00,single_ticket,entry,G03,4.08
TX0012244,ST02,2026-07-17 21:00:00,smart_card,entry,G08,3.41
TX0012245,ST02,2026-07-12 10:00:00,smart_card,entry,G07,1.63
TX0012246,ST01,2026-07-18 15:00:00,smart_card,entry,G06,3.82
TX0012247,ST05,2026-07-05 15:00:00,smart_card,exit,G02,2.61
TX0012248,ST06,2026-08-15 17:00:00,single_ticket,entry,G09,3.23
TX0012249,ST10,2026-07-08 22:00:00,smart_card,entry,G10,4.17
TX0012250,ST10,2026-08-02 07:00:00,smart_card,entry,G10,3.08
TX0012251,ST06,2026-08-20 08:00:00,monthly_pass,entry,G09,3.26
TX0012252,ST09,2026-07-27 19:00:00,smart_card,exit,G08,3.92
TX0012253,ST01,2026-06-26 14:00:00,smart_card,entry,G09,3.92
TX0012254,ST03,2026-06-28 22:00:00,smart_card,exit,G05,3.39
TX0012255,ST08,2026-07-03 22:00:00,day_pass,entry,G04,1.61
TX0012256,ST02,2026-07-03 10:00:00,monthly_pass,entry,G07,4.12
TX0012257,ST01,2026-06-25 22:00:00,smart_card,exit,G07,3.37
TX0012258,ST05,2026-08-13 11:00:00,single_ticket,entry,G02,3.13
TX0012259,ST08,2026-07-06 22:00:00,smart_card,entry,G04,4.05
TX0012260,ST03,2026-07-04 11:00:00,single_ticket,exit,G02,2.63
TX0012261,ST01,2026-07-30 10:00:00,smart_card,entry,G06,1.8
TX0012262,ST06,2026-07-18 14:00:00,smart_card,exit,G10,2.27
TX0012263,ST05,2026-08-01 17:00:00,day_pass,entry,G02,4.24
TX0012264,ST02,2026-07-13 10:00:00,smart_card,entry,G08,3.87
TX0012265,ST09,2026-07-22 01:00:00,smart_card,entry,G03,2.97
TX0012266,ST08,2026-08-01 05:00:00,single_ticket,entry,G07,3.96
TX0012267,ST05,2026-07-17 13:00:00,smart_card,entry,G01,4.11
TX0012268,ST01,2026-06-22 06:00:00,day_pass,exit,G03,3.9
TX0012269,ST06,2026-07-26 21:00:00,smart_card,entry,G08,4.49
TX0012270,ST05,2026-07-04 04:00:00,smart_card,entry,G12,4.38
TX0012271,ST07,2026-07-12 12:00:00,single_ticket,entry,G10,3.19
TX0012272,ST10,2026-07-05 08:00:00,smart_card,entry,G12,3.5
TX0012273,ST02,2026-08-14 13:00:00,smart_card,exit,G12,4.47
TX0012274,ST07,2026-06-28 04:00:00,smart_card,entry,G07,4.22
TX0012275,ST10,2026-08-09 20:00:00,day_pass,exit,G09,2.94
TX0012276,ST03,2026-07-02 02:00:00,monthly_pass,exit,G06,2.17
TX0012277,ST08,2026-08-04 21:00:00,single_ticket,entry,G11,2.0
TX0012278,ST10,2026-07-20 16:00:00,day_pass,entry,G03,1.92
TX0012279,ST08,2026-07-15 13:00:00,day_pass,entry,G05,1.56
TX0012280,ST07,2026-08-08 05:00:00,day_pass,exit,G12,3.76
TX0012281,ST03,2026-07-28 23:00:00,smart_card,exit,G10,3.1
TX0012282,ST01,2026-07-01 02:00:00,smart_card,entry,G01,2.86
TX0012283,ST01,2026-07-24 15:00:00,single_ticket,exit,G03,1.5
TX0012284,ST03,2026-07-17 21:00:00,monthly_pass,exit,G10,2.92
TX0012285,ST09,2026-08-10 17:00:00,monthly_pass,exit,G07,1.54
TX0012286,ST02,2026-07-17 08:00:00,smart_card,entry,G10,3.57
TX0012287,ST07,2026-07-03 21:00:00,monthly_pass,entry,G05,4.46
TX0012288,ST04,2026-08-07 01:00:00,smart_card,exit,G10,4.17
TX0012289,ST05,2026-07-08 15:00:00,smart_card,exit,G09,2.08
TX0012290,ST07,2026-08-07 20:00:00,monthly_pass,exit,G07,3.42
TX0012291,ST06,2026-08-09 10:00:00,smart_card,entry,G08,2.3
TX0012292,ST09,2026-07-02 03:00:00,single_ticket,exit,G01,3.12
TX0012293,ST09,2026-08-04 07:00:00,smart_card,entry,G10,2.88
TX0012294,ST08,2026-06-27 10:00:00,monthly_pass,exit,G08,2.27
TX0012295,ST06,2026-08-13 22:00:00,smart_card,exit,G03,3.12
TX0012296,ST09,2026-07-14 09:00:00,single_ticket,entry,G02,3.53
TX0012297,ST03,2026-08-14 20:00:00,smart_card,entry,G11,3.56
TX0012298,ST08,2026-07-28 21:00:00,smart_card,exit,G06,2.05
TX0012299,ST03,2026-07-30 01:00:00,smart_card,exit,G04,1.56
TX0012300,ST06,2026-08-18 23:00:00,smart_card,entry,G11,3.89
TX0012301,ST01,2026-07-16 12:00:00,smart_card,exit,G01,3.48
TX0012302,ST10,2026-08-16 02:00:00,smart_card,entry,G11,2.86
TX0012303,ST10,2026-08-20 06:00:00,monthly_pass,exit,G05,3.4
TX0012304,ST01,2026-06-27 01:00:00,smart_card,exit,G10,4.16
TX0012305,ST05,2026-07-29 01:00:00,single_ticket,entry,G01,2.6
TX0012306,ST10,2026-06-24 04:00:00,single_ticket,entry,G10,2.84
TX0012307,ST10,2026-08-18 08:00:00,day_pass,entry,G08,3.07
TX0012308,ST10,2026-08-07 10:00:00,smart_card,exit,G11,3.56
TX0012309,ST09,2026-08-18 22:00:00,smart_card,exit,G03,2.98
TX0012310,ST07,2026-06-25 05:00:00,smart_card,exit,G02,3.64
TX0012311,ST02,2026-07-05 16:00:00,smart_card,entry,G09,2.32
TX0012312,ST02,2026-07-10 08:00:00,smart_card,entry,G09,1.87
TX0012313,ST09,2026-07-18 18:00:00,single_ticket,exit,G11,1.69
TX0012314,ST09,2026-06-22 21:00:00,day_pass,entry,G10,1.75
TX0012315,ST08,2026-07-07 10:00:00,day_pass,entry,G08,1.56
TX0012316,ST03,2026-07-06 13:00:00,day_pass,exit,G10,4.45
TX0012317,ST01,2026-07-14 03:00:00,smart_card,entry,G08,3.77
TX0012318,ST06,2026-07-14 02:00:00,single_ticket,entry,G02,3.11
TX0012319,ST03,2026-06-24 23:00:00,smart_card,exit,G06,2.29
TX0012320,ST04,2026-06-28 14:00:00,monthly_pass,entry,G03,3.69
TX0012321,ST09,2026-07-16 00:00:00,smart_card,entry,G02,4.49
TX0012322,ST04,2026-08-16 20:00:00,single_ticket,exit,G02,2.58
TX0012323,ST07,2026-07-02 09:00:00,single_ticket,exit,G06,2.64
TX0012324,ST05,2026-07-04 16:00:00,single_ticket,entry,G07,4.05
TX0012325,ST01,2026-08-01 04:00:00,smart_card,entry,G05,2.66
TX0012326,ST05,2026-07-16 11:00:00,monthly_pass,entry,G12,4.14
TX0012327,ST03,2026-07-23 14:00:00,smart_card,entry,G05,2.01
TX0012328,ST01,2026-08-04 23:00:00,day_pass,exit,G06,4.24
TX0012329,ST07,2026-06-28 03:00:00,smart_card,exit,G08,1.91
TX0012330,ST07,2026-06-25 04:00:00,smart_card,exit,G03,3.71
TX0012331,ST03,2026-07-13 01:00:00,smart_card,entry,G07,2.45
TX0012332,ST03,2026-07-25 09:00:00,smart_card,entry,G03,3.93
TX0012333,ST05,2026-06-22 21:00:00,smart_card,entry,G11,2.01
TX0012334,ST10,2026-06-24 21:00:00,smart_card,exit,G06,3.4
TX0012335,ST05,2026-07-26 02:00:00,day_pass,entry,G10,3.02
TX0012336,ST04,2026-07-28 00:00:00,single_ticket,entry,G06,2.36
TX0012337,ST02,2026-06-29 04:00:00,smart_card,exit,G09,2.96
TX0012338,ST03,2026-07-22 15:00:00,single_ticket,entry,G02,4.38
TX0012339,ST10,2026-08-06 19:00:00,monthly_pass,entry,G11,3.77
TX0012340,ST05,2026-07-28 16:00:00,smart_card,entry,G04,1.67
TX0012341,ST10,2026-08-21 02:00:00,smart_card,exit,G06,4.43
TX0012342,ST07,2026-08-17 22:00:00,monthly_pass,entry,G10,3.66
TX0012343,ST01,2026-07-25 04:00:00,smart_card,exit,G12,2.26
TX0012344,ST07,2026-07-06 13:00:00,monthly_pass,entry,G07,4.38
TX0012345,ST03,2026-06-29 13:00:00,monthly_pass,entry,G05,2.99
TX0012346,ST07,2026-08-19 20:00:00,smart_card,exit,G06,3.13
TX0012347,ST02,2026-07-14 17:00:00,smart_card,entry,G04,2.24
TX0012348,ST08,2026-08-17 06:00:00,monthly_pass,entry,G05,4.49
TX0012349,ST03,2026-07-22 03:00:00,smart_card,entry,G10,2.41
TX0012350,ST01,2026-07-31 02:00:00,smart_card,entry,G09,3.43
TX0012351,ST09,2026-07-18 16:00:00,smart_card,exit,G10,3.25
TX0012352,ST06,2026-07-01 13:00:00,single_ticket,exit,G04,3.64
TX0012353,ST04,2026-08-15 15:00:00,single_ticket,exit,G05,1.72
TX0012354,ST02,2026-07-02 07:00:00,monthly_pass,entry,G02,2.99
TX0012355,ST03,2026-08-15 08:00:00,smart_card,exit,G08,2.19
TX0012356,ST09,2026-07-21 07:00:00,smart_card,entry,G09,1.87
TX0012357,ST05,2026-07-20 19:00:00,single_ticket,exit,G11,3.08
TX0012358,ST03,2026-08-12 17:00:00,smart_card,entry,G11,2.86
TX0012359,ST01,2026-08-02 09:00:00,monthly_pass,entry,G01,2.86
TX0012360,ST09,2026-06-29 20:00:00,smart_card,exit,G03,2.64
TX0012361,ST09,2026-06-27 10:00:00,smart_card,entry,G10,2.44
TX0012362,ST03,2026-06-22 21:00:00,smart_card,exit,G06,1.59
TX0012363,ST03,2026-07-29 15:00:00,day_pass,entry,G05,3.28
TX0012364,ST04,2026-08-16 23:00:00,single_ticket,exit,G06,4.23
TX0012365,ST09,2026-06-30 15:00:00,monthly_pass,exit,G12,2.97
TX0012366,ST03,2026-07-01 02:00:00,single_ticket,entry,G12,2.38
TX0012367,ST03,2026-07-03 16:00:00,monthly_pass,entry,G02,2.42
TX0012368,ST08,2026-08-15 22:00:00,smart_card,exit,G08,2.28
TX0012369,ST02,2026-07-08 04:00:00,monthly_pass,exit,G08,2.82
TX0012370,ST10,2026-07-30 01:00:00,monthly_pass,entry,G06,1.66
TX0012371,ST01,2026-08-06 23:00:00,smart_card,entry,G10,2.21
TX0012372,ST08,2026-07-05 09:00:00,smart_card,exit,G03,4.33
TX0012373,ST02,2026-08-19 17:00:00,monthly_pass,entry,G02,2.87
TX0012374,ST07,2026-07-10 11:00:00,smart_card,exit,G05,1.64
TX0012375,ST03,2026-07-11 11:00:00,single_ticket,exit,G11,1.53
TX0012376,ST01,2026-06-23 19:00:00,smart_card,exit,G01,4.44
TX0012377,ST05,2026-07-24 17:00:00,smart_card,entry,G05,3.84
TX0012378,ST10,2026-07-13 15:00:00,smart_card,entry,G08,2.29
TX0012379,ST07,2026-06-25 00:00:00,smart_card,exit,G01,2.49
TX0012380,ST03,2026-07-12 01:00:00,single_ticket,exit,G04,3.77
TX0012381,ST07,2026-08-03 02:00:00,day_pass,exit,G08,3.42
TX0012382,ST09,2026-07-01 14:00:00,single_ticket,entry,G10,3.48
TX0012383,ST09,2026-07-03 22:00:00,smart_card,exit,G01,2.62
TX0012384,ST08,2026-07-17 23:00:00,smart_card,entry,G09,4.01
TX0012385,ST08,2026-08-07 07:00:00,smart_card,entry,G12,3.62
TX0012386,ST09,2026-07-20 04:00:00,smart_card,exit,G06,3.68
TX0012387,ST06,2026-07-17 18:00:00,single_ticket,exit,G07,2.09
TX0012388,ST10,2026-08-04 22:00:00,day_pass,exit,G10,2.41
TX0012389,ST07,2026-07-11 07:00:00,smart_card,exit,G11,2.59
TX0012390,ST06,2026-08-03 17:00:00,single_ticket,exit,G04,2.41
TX0012391,ST10,2026-07-06 03:00:00,smart_card,exit,G09,2.1
TX0012392,ST08,2026-07-18 00:00:00,monthly_pass,exit,G09,3.52
TX0012393,ST02,2026-08-02 09:00:00,smart_card,exit,G12,3.45
TX0012394,ST04,2026-07-22 08:00:00,monthly_pass,exit,G06,3.15
TX0012395,ST04,2026-08-03 23:00:00,single_ticket,exit,G07,3.34
TX0012396,ST07,2026-07-05 07:00:00,monthly_pass,entry,G05,4.42
TX0012397,ST09,2026-07-09 16:00:00,single_ticket,exit,G04,1.71
TX0012398,ST04,2026-07-12 16:00:00,single_ticket,entry,G05,3.52
TX0012399,ST06,2026-08-14 09:00:00,smart_card,entry,G01,3.93
TX0012400,ST01,2026-07-20 19:00:00,smart_card,entry,G09,2.81
TX0012401,ST04,2026-07-12 04:00:00,smart_card,entry,G04,2.43
TX0012402,ST06,2026-07-02 02:00:00,monthly_pass,entry,G08,3.15
TX0012403,ST02,2026-07-30 06:00:00,single_ticket,entry,G11,3.79
TX0012404,ST05,2026-07-16 22:00:00,single_ticket,exit,G06,4.1
TX0012405,ST09,2026-08-17 10:00:00,smart_card,entry,G12,3.49
TX0012406,ST04,2026-07-02 14:00:00,smart_card,entry,G01,3.43
TX0012407,ST06,2026-08-03 10:00:00,smart_card,entry,G01,4.19
TX0012408,ST02,2026-08-15 21:00:00,smart_card,exit,G05,3.1
TX0012409,ST07,2026-07-10 10:00:00,smart_card,entry,G04,2.58
TX0012410,ST06,2026-07-28 14:00:00,smart_card,entry,G10,2.06
TX0012411,ST07,2026-07-11 18:00:00,single_ticket,exit,G03,1.9
TX0012412,ST01,2026-08-04 13:00:00,smart_card,exit,G10,2.62
TX0012413,ST06,2026-07-04 08:00:00,smart_card,entry,G07,1.58
TX0012414,ST01,2026-08-13 22:00:00,single_ticket,exit,G03,3.42
TX0012415,ST10,2026-07-08 12:00:00,single_ticket,entry,G06,4.13
TX0012416,ST05,2026-08-15 08:00:00,smart_card,exit,G08,3.43
TX0012417,ST01,2026-07-03 18:00:00,monthly_pass,entry,G12,4.44
TX0012418,ST04,2026-07-24 01:00:00,smart_card,entry,G01,4.27
TX0012419,ST08,2026-06-30 09:00:00,single_ticket,exit,G05,3.28
TX0012420,ST07,2026-07-25 10:00:00,day_pass,exit,G06,1.89
TX0012421,ST02,2026-07-31 11:00:00,smart_card,entry,G08,2.09
TX0012422,ST01,2026-07-16 00:00:00,smart_card,entry,G11,2.57
TX0012423,ST01,2026-08-21 00:00:00,smart_card,exit,G10,2.01
TX0012424,ST09,2026-07-16 03:00:00,smart_card,entry,G07,2.74
TX0012425,ST07,2026-07-25 12:00:00,smart_card,exit,G01,4.48
TX0012426,ST04,2026-08-04 05:00:00,day_pass,entry,G03,4.49
TX0012427,ST09,2026-06-30 11:00:00,smart_card,exit,G10,3.76
TX0012428,ST08,2026-07-18 07:00:00,smart_card,exit,G06,3.34
TX0012429,ST04,2026-08-08 02:00:00,smart_card,entry,G09,4.06
TX0012430,ST01,2026-08-03 04:00:00,day_pass,entry,G09,4.39
TX0012431,ST04,2026-07-01 12:00:00,smart_card,exit,G11,4.05
TX0012432,ST09,2026-08-10 16:00:00,single_ticket,entry,G04,3.45
TX0012433,ST02,2026-07-18 05:00:00,smart_card,exit,G12,2.96
TX0012434,ST01,2026-08-08 13:00:00,smart_card,entry,G09,2.62
TX0012435,ST07,2026-08-12 23:00:00,day_pass,exit,G07,2.81
TX0012436,ST10,2026-07-07 15:00:00,single_ticket,entry,G02,1.98
TX0012437,ST04,2026-08-03 20:00:00,single_ticket,entry,G09,2.29
TX0012438,ST08,2026-06-26 06:00:00,monthly_pass,exit,G12,3.8
TX0012439,ST01,2026-07-04 11:00:00,monthly_pass,exit,G12,3.42
TX0012440,ST07,2026-08-07 00:00:00,day_pass,entry,G04,2.45
TX0012441,ST08,2026-06-27 09:00:00,smart_card,exit,G11,3.04
TX0012442,ST07,2026-06-28 01:00:00,smart_card,exit,G12,2.62
TX0012443,ST09,2026-06-22 06:00:00,monthly_pass,exit,G07,2.22
TX0012444,ST02,2026-08-01 08:00:00,single_ticket,exit,G01,1.82
TX0012445,ST08,2026-07-02 06:00:00,smart_card,entry,G02,3.09
TX0012446,ST03,2026-08-07 19:00:00,smart_card,exit,G09,3.39
TX0012447,ST10,2026-07-12 04:00:00,single_ticket,exit,G05,1.5
TX0012448,ST03,2026-07-28 02:00:00,single_ticket,exit,G07,1.61
TX0012449,ST09,2026-06-29 17:00:00,smart_card,exit,G11,2.06
TX0012450,ST10,2026-07-05 22:00:00,smart_card,entry,G08,3.75
TX0012451,ST02,2026-08-14 12:00:00,smart_card,exit,G01,3.7
TX0012452,ST10,2026-07-04 19:00:00,monthly_pass,entry,G06,2.75
TX0012453,ST04,2026-07-26 19:00:00,smart_card,exit,G11,4.49
TX0012454,ST02,2026-08-18 05:00:00,monthly_pass,entry,G10,3.02
TX0012455,ST07,2026-07-07 22:00:00,single_ticket,entry,G08,3.47
TX0012456,ST01,2026-07-15 09:00:00,monthly_pass,exit,G06,3.11
TX0012457,ST09,2026-08-16 23:00:00,monthly_pass,entry,G10,4.29
TX0012458,ST04,2026-07-12 00:00:00,smart_card,entry,G07,1.89
TX0012459,ST02,2026-08-04 02:00:00,single_ticket,entry,G05,1.67
TX0012460,ST03,2026-07-27 23:00:00,single_ticket,entry,G02,3.15
TX0012461,ST03,2026-08-19 19:00:00,smart_card,entry,G04,3.46
TX0012462,ST07,2026-08-14 01:00:00,smart_card,exit,G10,4.01
TX0012463,ST02,2026-08-09 17:00:00,single_ticket,exit,G12,2.97
TX0012464,ST01,2026-07-07 07:00:00,monthly_pass,entry,G08,2.0
TX0012465,ST05,2026-08-09 17:00:00,smart_card,exit,G08,2.59
TX0012466,ST02,2026-07-03 05:00:00,smart_card,exit,G08,3.84
TX0012467,ST02,2026-07-21 08:00:00,monthly_pass,entry,G09,2.36
TX0012468,ST03,2026-07-07 04:00:00,smart_card,exit,G08,4.08
TX0012469,ST02,2026-07-31 12:00:00,monthly_pass,exit,G12,1.86
TX0012470,ST06,2026-06-26 23:00:00,smart_card,entry,G11,2.77
TX0012471,ST03,2026-08-20 20:00:00,smart_card,entry,G06,3.64
TX0012472,ST07,2026-07-27 02:00:00,smart_card,entry,G04,2.57
TX0012473,ST01,2026-08-15 21:00:00,smart_card,exit,G01,3.49
TX0012474,ST10,2026-07-18 04:00:00,smart_card,exit,G08,4.45
TX0012475,ST03,2026-08-04 23:00:00,single_ticket,entry,G03,1.63
TX0012476,ST05,2026-07-09 20:00:00,smart_card,entry,G03,1.6
TX0012477,ST09,2026-08-01 09:00:00,monthly_pass,entry,G08,3.31
TX0012478,ST02,2026-06-28 12:00:00,smart_card,entry,G09,4.36
TX0012479,ST10,2026-08-20 18:00:00,smart_card,entry,G10,2.97
TX0012480,ST02,2026-07-22 07:00:00,single_ticket,exit,G05,2.9
TX0012481,ST02,2026-08-01 01:00:00,smart_card,exit,G07,2.18
TX0012482,ST01,2026-07-05 10:00:00,single_ticket,entry,G06,2.6
TX0012483,ST07,2026-07-28 17:00:00,smart_card,exit,G08,1.51
TX0012484,ST08,2026-08-12 04:00:00,day_pass,exit,G05,3.07
TX0012485,ST04,2026-07-30 06:00:00,smart_card,exit,G09,3.95
TX0012486,ST04,2026-07-23 09:00:00,smart_card,exit,G03,3.84
TX0012487,ST03,2026-08-09 09:00:00,single_ticket,entry,G01,2.82
TX0012488,ST07,2026-07-06 16:00:00,smart_card,exit,G06,2.81
TX0012489,ST03,2026-06-28 01:00:00,monthly_pass,entry,G06,3.53
TX0012490,ST07,2026-08-13 20:00:00,smart_card,exit,G07,4.31
TX0012491,ST09,2026-06-24 16:00:00,smart_card,exit,G11,3.73
TX0012492,ST06,2026-08-04 01:00:00,smart_card,entry,G04,3.0
TX0012493,ST07,2026-07-11 14:00:00,smart_card,exit,G01,4.23
TX0012494,ST04,2026-08-01 20:00:00,day_pass,entry,G04,4.46
TX0012495,ST03,2026-08-06 17:00:00,smart_card,entry,G09,3.65
TX0012496,ST04,2026-08-04 23:00:00,single_ticket,entry,G12,4.21
TX0012497,ST03,2026-08-13 10:00:00,smart_card,exit,G07,4.32
TX0012498,ST01,2026-08-01 19:00:00,monthly_pass,entry,G04,3.21
TX0012499,ST06,2026-06-26 00:00:00,smart_card,entry,G09,2.38
TX0012500,ST07,2026-07-14 12:00:00,smart_card,entry,G04,3.7
TX0012501,ST01,2026-07-31 23:00:00,smart_card,exit,G11,2.0
TX0012502,ST07,2026-08-01 15:00:00,smart_card,entry,G02,2.5
TX0012503,ST07,2026-08-07 13:00:00,smart_card,entry,G11,2.69
TX0012504,ST09,2026-07-25 20:00:00,day_pass,entry,G08,4.04
TX0012505,ST09,2026-07-31 06:00:00,smart_card,exit,G10,2.8
TX0012506,ST07,2026-07-30 00:00:00,smart_card,entry,G08,3.37
TX0012507,ST10,2026-07-10 23:00:00,single_ticket,exit,G06,4.09
TX0012508,ST04,2026-07-21 05:00:00,smart_card,entry,G09,1.91
TX0012509,ST10,2026-08-05 01:00:00,smart_card,entry,G03,3.53
TX0012510,ST07,2026-07-14 16:00:00,single_ticket,exit,G04,3.53
TX0012511,ST08,2026-07-25 07:00:00,smart_card,exit,G09,3.15
TX0012512,ST06,2026-07-04 07:00:00,single_ticket,exit,G01,4.22
TX0012513,ST02,2026-06-30 13:00:00,single_ticket,exit,G10,3.09
TX0012514,ST01,2026-08-14 23:00:00,smart_card,entry,G02,1.97
TX0012515,ST09,2026-07-06 22:00:00,single_ticket,exit,G02,3.51
TX0012516,ST01,2026-08-18 17:00:00,smart_card,entry,G02,2.75
TX0012517,ST02,2026-07-12 18:00:00,day_pass,exit,G09,4.47
TX0012518,ST04,2026-07-07 00:00:00,smart_card,entry,G01,3.94
TX0012519,ST10,2026-06-30 16:00:00,smart_card,exit,G09,1.91
TX0012520,ST08,2026-08-14 05:00:00,smart_card,entry,G10,2.62
TX0012521,ST08,2026-06-28 03:00:00,smart_card,entry,G07,1.97
TX0012522,ST01,2026-07-29 09:00:00,smart_card,exit,G02,4.21
TX0012523,ST06,2026-06-25 20:00:00,smart_card,entry,G11,1.59
TX0012524,ST04,2026-07-15 09:00:00,day_pass,entry,G03,2.71
TX0012525,ST09,2026-07-23 02:00:00,smart_card,entry,G11,2.12
TX0012526,ST06,2026-07-21 15:00:00,smart_card,entry,G08,2.86
TX0012527,ST09,2026-07-30 20:00:00,smart_card,entry,G03,3.88
TX0012528,ST06,2026-08-02 15:00:00,single_ticket,entry,G02,1.57
TX0012529,ST10,2026-07-15 09:00:00,single_ticket,entry,G03,2.29
TX0012530,ST08,2026-07-01 10:00:00,day_pass,entry,G07,4.01
TX0012531,ST07,2026-07-08 22:00:00,single_ticket,entry,G02,2.38
TX0012532,ST08,2026-07-27 14:00:00,single_ticket,exit,G06,2.43
TX0012533,ST02,2026-08-03 23:00:00,smart_card,exit,G12,2.35
TX0012534,ST06,2026-07-11 06:00:00,day_pass,entry,G12,3.55
TX0012535,ST08,2026-06-23 07:00:00,smart_card,entry,G02,4.16
TX0012536,ST07,2026-08-09 01:00:00,single_ticket,exit,G08,2.63
TX0012537,ST02,2026-07-11 22:00:00,day_pass,entry,G07,4.42
TX0012538,ST08,2026-08-14 15:00:00,smart_card,exit,G06,1.96
TX0012539,ST02,2026-08-15 05:00:00,smart_card,entry,G02,4.11
TX0012540,ST01,2026-07-22 11:00:00,smart_card,entry,G05,2.56
TX0012541,ST06,2026-06-22 19:00:00,day_pass,exit,G08,2.01
TX0012542,ST06,2026-08-04 18:00:00,smart_card,entry,G08,3.54
TX0012543,ST02,2026-07-07 01:00:00,smart_card,exit,G06,2.26
TX0012544,ST03,2026-08-01 10:00:00,smart_card,exit,G12,1.92
TX0012545,ST05,2026-07-18 23:00:00,single_ticket,exit,G03,2.97
TX0012546,ST08,2026-07-19 22:00:00,single_ticket,entry,G07,2.03
TX0012547,ST08,2026-07-30 05:00:00,single_ticket,exit,G09,3.06
TX0012548,ST01,2026-07-31 05:00:00,monthly_pass,entry,G03,4.3
TX0012549,ST02,2026-07-26 14:00:00,smart_card,exit,G06,1.51
TX0012550,ST01,2026-07-26 13:00:00,smart_card,exit,G02,2.6
TX0012551,ST09,2026-08-02 14:00:00,single_ticket,exit,G06,3.35
TX0012552,ST06,2026-06-25 07:00:00,smart_card,exit,G08,2.97
TX0012553,ST09,2026-06-25 06:00:00,single_ticket,exit,G12,3.27
TX0012554,ST01,2026-08-19 02:00:00,monthly_pass,exit,G01,1.57
TX0012555,ST03,2026-07-20 17:00:00,smart_card,exit,G04,3.1
TX0012556,ST07,2026-07-10 09:00:00,smart_card,exit,G04,3.48
TX0012557,ST04,2026-08-07 10:00:00,monthly_pass,entry,G12,3.3
TX0012558,ST06,2026-07-18 08:00:00,smart_card,entry,G11,1.63
TX0012559,ST04,2026-08-18 07:00:00,smart_card,entry,G11,1.82
TX0012560,ST06,2026-07-20 11:00:00,smart_card,entry,G11,3.57
TX0012561,ST02,2026-07-10 01:00:00,smart_card,entry,G02,1.94
TX0012562,ST06,2026-08-02 23:00:00,smart_card,exit,G03,2.43
TX0012563,ST09,2026-06-25 20:00:00,smart_card,entry,G05,2.84
TX0012564,ST06,2026-07-04 03:00:00,smart_card,exit,G09,2.82
TX0012565,ST07,2026-08-03 12:00:00,smart_card,entry,G04,1.67
TX0012566,ST01,2026-07-25 19:00:00,single_ticket,exit,G10,2.85
TX0012567,ST04,2026-07-12 10:00:00,smart_card,entry,G09,2.77
TX0012568,ST09,2026-08-11 05:00:00,monthly_pass,entry,G09,2.34
TX0012569,ST09,2026-07-23 01:00:00,monthly_pass,exit,G04,3.05
TX0012570,ST08,2026-07-01 09:00:00,smart_card,exit,G07,3.69
TX0012571,ST10,2026-07-28 11:00:00,smart_card,entry,G04,4.48
TX0012572,ST10,2026-08-18 16:00:00,single_ticket,exit,G08,4.41
TX0012573,ST08,2026-07-06 15:00:00,smart_card,exit,G09,3.56
TX0012574,ST07,2026-07-13 16:00:00,smart_card,entry,G06,2.21
TX0012575,ST06,2026-07-05 04:00:00,smart_card,entry,G10,3.99
TX0012576,ST06,2026-07-27 21:00:00,smart_card,exit,G04,2.5
TX0012577,ST04,2026-06-29 11:00:00,smart_card,entry,G09,2.08
TX0012578,ST02,2026-08-10 21:00:00,day_pass,exit,G03,2.48
TX0012579,ST09,2026-08-15 14:00:00,single_ticket,entry,G06,1.67
TX0012580,ST07,2026-07-02 21:00:00,smart_card,exit,G11,2.69
TX0012581,ST06,2026-08-20 12:00:00,smart_card,exit,G09,3.9
TX0012582,ST06,2026-07-18 13:00:00,smart_card,entry,G06,1.52
TX0012583,ST04,2026-06-25 01:00:00,smart_card,entry,G08,1.5
TX0012584,ST01,2026-06-28 06:00:00,day_pass,exit,G08,2.03
TX0012585,ST05,2026-07-21 16:00:00,smart_card,exit,G11,2.09
TX0012586,ST02,2026-07-16 22:00:00,single_ticket,exit,G04,3.43
TX0012587,ST10,2026-06-30 00:00:00,smart_card,exit,G09,1.98
TX0012588,ST01,2026-08-09 18:00:00,smart_card,exit,G12,2.7
TX0012589,ST09,2026-06-29 09:00:00,single_ticket,exit,G08,3.41
TX0012590,ST02,2026-07-17 15:00:00,single_ticket,exit,G09,2.23
TX0012591,ST03,2026-07-28 21:00:00,smart_card,entry,G08,2.01
TX0012592,ST08,2026-07-22 21:00:00,monthly_pass,exit,G12,4.16
TX0012593,ST04,2026-06-27 00:00:00,day_pass,exit,G04,2.16
TX0012594,ST03,2026-07-15 03:00:00,smart_card,exit,G12,4.18
TX0012595,ST06,2026-08-02 11:00:00,single_ticket,entry,G08,4.34
TX0012596,ST09,2026-08-07 05:00:00,single_ticket,exit,G08,4.28
TX0012597,ST05,2026-08-15 18:00:00,smart_card,exit,G12,2.95
TX0012598,ST04,2026-06-23 22:00:00,smart_card,exit,G01,3.66
TX0012599,ST08,2026-07-14 13:00:00,day_pass,entry,G12,2.24
TX0012600,ST07,2026-07-26 03:00:00,smart_card,entry,G12,1.69
TX0012601,ST02,2026-07-06 00:00:00,day_pass,exit,G02,3.06
TX0012602,ST03,2026-07-18 12:00:00,smart_card,entry,G08,1.81
TX0012603,ST01,2026-07-03 12:00:00,smart_card,exit,G05,3.84
TX0012604,ST06,2026-08-12 17:00:00,smart_card,exit,G03,3.02
TX0012605,ST02,2026-07-16 21:00:00,smart_card,entry,G03,1.69
TX0012606,ST09,2026-07-25 09:00:00,single_ticket,entry,G01,3.66
TX0012607,ST07,2026-07-07 10:00:00,smart_card,entry,G10,2.96
TX0012608,ST10,2026-08-01 11:00:00,day_pass,exit,G04,2.89
TX0012609,ST03,2026-07-30 23:00:00,single_ticket,exit,G07,3.19
TX0012610,ST09,2026-08-20 02:00:00,smart_card,exit,G05,3.87
TX0012611,ST07,2026-08-17 17:00:00,smart_card,exit,G11,1.92
TX0012612,ST04,2026-06-23 07:00:00,monthly_pass,exit,G02,1.84
TX0012613,ST08,2026-07-16 02:00:00,smart_card,entry,G02,2.01
TX0012614,ST01,2026-07-14 22:00:00,smart_card,exit,G09,2.42
TX0012615,ST03,2026-07-07 06:00:00,smart_card,exit,G08,3.75
TX0012616,ST07,2026-07-04 07:00:00,monthly_pass,exit,G07,3.28
TX0012617,ST06,2026-08-15 11:00:00,monthly_pass,exit,G06,1.69
TX0012618,ST09,2026-06-30 06:00:00,day_pass,exit,G07,3.96
TX0012619,ST07,2026-07-20 16:00:00,smart_card,exit,G08,1.64
TX0012620,ST10,2026-08-16 10:00:00,monthly_pass,exit,G12,2.12
TX0012621,ST09,2026-07-24 20:00:00,smart_card,entry,G10,4.16
TX0012622,ST08,2026-07-28 22:00:00,single_ticket,entry,G11,2.55
TX0012623,ST06,2026-07-07 09:00:00,monthly_pass,exit,G11,2.52
TX0012624,ST01,2026-07-30 13:00:00,smart_card,entry,G03,2.07
TX0012625,ST10,2026-06-29 12:00:00,monthly_pass,exit,G01,2.04
TX0012626,ST09,2026-07-03 00:00:00,smart_card,exit,G07,1.59
TX0012627,ST05,2026-07-28 21:00:00,monthly_pass,entry,G11,4.04
TX0012628,ST09,2026-07-18 12:00:00,smart_card,entry,G05,3.69
TX0012629,ST06,2026-07-12 19:00:00,smart_card,entry,G12,2.63
TX0012630,ST06,2026-08-04 03:00:00,day_pass,exit,G04,3.77
TX0012631,ST05,2026-08-18 03:00:00,smart_card,entry,G10,2.35
TX0012632,ST03,2026-08-19 11:00:00,smart_card,exit,G02,2.53
TX0012633,ST03,2026-06-26 12:00:00,smart_card,entry,G03,4.15
TX0012634,ST01,2026-06-27 15:00:00,day_pass,exit,G11,2.17
TX0012635,ST06,2026-07-24 17:00:00,monthly_pass,exit,G04,4.06
TX0012636,ST02,2026-08-12 08:00:00,single_ticket,entry,G12,2.24
TX0012637,ST05,2026-08-18 15:00:00,smart_card,entry,G02,4.24
TX0012638,ST03,2026-07-06 12:00:00,smart_card,exit,G11,2.18
TX0012639,ST07,2026-07-22 19:00:00,smart_card,exit,G12,2.38
TX0012640,ST06,2026-07-12 18:00:00,smart_card,exit,G12,3.16
TX0012641,ST04,2026-08-05 21:00:00,day_pass,exit,G05,2.1
TX0012642,ST01,2026-07-17 19:00:00,smart_card,exit,G06,1.58
TX0012643,ST10,2026-08-15 13:00:00,smart_card,entry,G11,2.4
TX0012644,ST02,2026-06-23 07:00:00,smart_card,exit,G02,2.79
TX0012645,ST04,2026-06-29 14:00:00,monthly_pass,entry,G10,1.54
TX0012646,ST03,2026-06-28 23:00:00,smart_card,exit,G02,3.86
TX0012647,ST07,2026-07-12 11:00:00,single_ticket,entry,G05,2.34
TX0012648,ST02,2026-08-02 00:00:00,smart_card,entry,G10,2.03
TX0012649,ST04,2026-07-24 02:00:00,smart_card,exit,G04,3.38
TX0012650,ST03,2026-07-09 11:00:00,single_ticket,exit,G02,4.13
TX0012651,ST05,2026-08-01 22:00:00,smart_card,entry,G06,2.85
TX0012652,ST02,2026-06-24 17:00:00,smart_card,exit,G08,2.78
TX0012653,ST07,2026-07-07 23:00:00,smart_card,exit,G05,2.99
TX0012654,ST02,2026-06-25 14:00:00,monthly_pass,exit,G08,1.97
TX0012655,ST10,2026-06-29 11:00:00,single_ticket,exit,G07,2.43
TX0012656,ST08,2026-08-04 15:00:00,monthly_pass,exit,G09,2.87
TX0012657,ST03,2026-08-17 13:00:00,smart_card,exit,G01,4.48
TX0012658,ST06,2026-07-12 11:00:00,single_ticket,exit,G03,2.67
TX0012659,ST07,2026-06-29 17:00:00,smart_card,entry,G08,1.65
TX0012660,ST04,2026-06-26 19:00:00,smart_card,entry,G05,2.27
TX0012661,ST09,2026-07-14 02:00:00,smart_card,exit,G11,4.29
TX0012662,ST01,2026-07-08 11:00:00,smart_card,entry,G04,4.02
TX0012663,ST09,2026-08-03 14:00:00,smart_card,entry,G03,3.37
TX0012664,ST10,2026-08-13 02:00:00,monthly_pass,entry,G01,3.1
TX0012665,ST05,2026-08-18 01:00:00,monthly_pass,entry,G05,3.42
TX0012666,ST05,2026-06-28 14:00:00,day_pass,exit,G01,4.39
TX0012667,ST09,2026-07-19 19:00:00,smart_card,exit,G11,2.82
TX0012668,ST06,2026-08-19 05:00:00,smart_card,entry,G07,3.9
TX0012669,ST04,2026-07-12 11:00:00,smart_card,exit,G09,4.13
TX0012670,ST09,2026-08-18 15:00:00,monthly_pass,exit,G08,2.13
TX0012671,ST09,2026-06-23 12:00:00,smart_card,exit,G01,2.66
TX0012672,ST06,2026-08-04 11:00:00,smart_card,exit,G07,3.66
TX0012673,ST06,2026-07-27 09:00:00,single_ticket,exit,G05,2.2
TX0012674,ST10,2026-08-08 05:00:00,smart_card,exit,G10,2.46
TX0012675,ST03,2026-08-07 14:00:00,single_ticket,exit,G02,2.56
TX0012676,ST09,2026-07-05 07:00:00,single_ticket,exit,G06,4.42
TX0012677,ST09,2026-07-08 19:00:00,single_ticket,exit,G03,3.59
TX0012678,ST10,2026-07-25 10:00:00,monthly_pass,exit,G05,3.06
TX0012679,ST05,2026-07-27 14:00:00,smart_card,exit,G10,2.84
TX0012680,ST04,2026-08-02 20:00:00,smart_card,entry,G02,3.55
TX0012681,ST10,2026-08-11 19:00:00,smart_card,exit,G02,4.18
TX0012682,ST05,2026-08-17 20:00:00,smart_card,entry,G10,2.19
TX0012683,ST02,2026-08-02 02:00:00,smart_card,entry,G04,3.72
TX0012684,ST04,2026-08-14 17:00:00,smart_card,exit,G01,2.24
TX0012685,ST02,2026-07-05 03:00:00,smart_card,exit,G02,3.83
TX0012686,ST10,2026-08-10 13:00:00,smart_card,entry,G02,3.72
TX0012687,ST10,2026-06-23 06:00:00,monthly_pass,entry,G10,3.58
TX0012688,ST09,2026-07-22 19:00:00,smart_card,exit,G10,2.3
TX0012689,ST10,2026-08-04 09:00:00,monthly_pass,entry,G05,4.48
TX0012690,ST01,2026-07-06 07:00:00,single_ticket,exit,G07,2.5
TX0012691,ST06,2026-08-11 12:00:00,smart_card,entry,G06,4.14
TX0012692,ST09,2026-07-06 04:00:00,smart_card,exit,G05,2.04
TX0012693,ST01,2026-08-17 02:00:00,single_ticket,exit,G02,2.63
TX0012694,ST10,2026-07-25 01:00:00,single_ticket,entry,G02,1.57
TX0012695,ST06,2026-07-24 19:00:00,smart_card,exit,G11,1.8
TX0012696,ST09,2026-07-15 19:00:00,smart_card,entry,G03,2.84
TX0012697,ST03,2026-07-23 21:00:00,smart_card,exit,G11,3.97
TX0012698,ST01,2026-07-05 22:00:00,single_ticket,exit,G10,3.51
TX0012699,ST09,2026-08-11 09:00:00,monthly_pass,entry,G10,3.22
TX0012700,ST03,2026-06-27 09:00:00,smart_card,exit,G03,1.54
TX0012701,ST05,2026-08-11 05:00:00,single_ticket,entry,G10,4.0
TX0012702,ST03,2026-08-11 15:00:00,smart_card,entry,G07,2.48
TX0012703,ST08,2026-08-12 08:00:00,smart_card,exit,G12,3.15
TX0012704,ST07,2026-08-10 17:00:00,day_pass,exit,G12,3.97
TX0012705,ST02,2026-07-28 23:00:00,day_pass,entry,G07,1.66
TX0012706,ST05,2026-07-30 00:00:00,smart_card,entry,G07,2.45
TX0012707,ST05,2026-08-13 06:00:00,single_ticket,entry,G11,4.36
TX0012708,ST03,2026-08-16 02:00:00,smart_card,exit,G07,1.79
TX0012709,ST03,2026-07-20 02:00:00,smart_card,exit,G11,2.59
TX0012710,ST07,2026-08-03 07:00:00,single_ticket,entry,G11,4.2
TX0012711,ST06,2026-08-09 16:00:00,day_pass,entry,G06,1.86
TX0012712,ST03,2026-08-16 08:00:00,smart_card,exit,G12,3.55
TX0012713,ST10,2026-08-21 01:00:00,monthly_pass,entry,G03,3.57
TX0012714,ST09,2026-07-02 06:00:00,monthly_pass,exit,G05,2.23
TX0012715,ST09,2026-07-29 15:00:00,smart_card,entry,G07,1.94
TX0012716,ST09,2026-08-17 14:00:00,smart_card,exit,G10,3.78
TX0012717,ST09,2026-08-21 04:00:00,smart_card,entry,G10,2.19
TX0012718,ST05,2026-07-09 22:00:00,monthly_pass,entry,G02,3.83
TX0012719,ST02,2026-06-30 12:00:00,smart_card,entry,G09,4.22
TX0012720,ST07,2026-07-12 15:00:00,smart_card,exit,G03,1.64
TX0012721,ST01,2026-06-24 17:00:00,monthly_pass,entry,G09,2.34
TX0012722,ST01,2026-08-12 21:00:00,smart_card,entry,G11,3.68
TX0012723,ST05,2026-06-22 05:00:00,monthly_pass,entry,G03,3.2
TX0012724,ST04,2026-07-26 05:00:00,day_pass,entry,G05,3.05
TX0012725,ST02,2026-07-29 20:00:00,smart_card,exit,G02,2.9
TX0012726,ST02,2026-07-20 13:00:00,day_pass,exit,G02,4.37
TX0012727,ST02,2026-06-25 17:00:00,day_pass,exit,G04,3.83
TX0012728,ST06,2026-07-09 14:00:00,single_ticket,entry,G03,3.16
TX0012729,ST01,2026-06-28 14:00:00,day_pass,entry,G07,2.48
TX0012730,ST01,2026-07-12 06:00:00,smart_card,entry,G03,1.57
TX0012731,ST05,2026-07-07 07:00:00,day_pass,exit,G03,3.53
TX0012732,ST09,2026-08-08 09:00:00,day_pass,exit,G12,1.97
TX0012733,ST06,2026-07-11 23:00:00,monthly_pass,exit,G03,1.97
TX0012734,ST05,2026-08-17 02:00:00,day_pass,entry,G09,1.81
TX0012735,ST09,2026-07-16 21:00:00,monthly_pass,entry,G12,4.14
TX0012736,ST02,2026-07-05 15:00:00,smart_card,entry,G12,3.23
TX0012737,ST07,2026-07-04 19:00:00,smart_card,entry,G10,3.91
TX0012738,ST06,2026-07-13 16:00:00,smart_card,exit,G11,1.55
TX0012739,ST07,2026-08-16 22:00:00,smart_card,entry,G05,2.93
TX0012740,ST10,2026-06-27 06:00:00,monthly_pass,exit,G12,3.37
TX0012741,ST06,2026-07-03 20:00:00,smart_card,exit,G02,4.25
TX0012742,ST05,2026-07-11 01:00:00,smart_card,entry,G05,3.3
TX0012743,ST09,2026-08-10 02:00:00,smart_card,exit,G02,1.89
TX0012744,ST04,2026-07-14 10:00:00,monthly_pass,exit,G08,3.63
TX0012745,ST02,2026-08-14 04:00:00,smart_card,exit,G05,2.57
TX0012746,ST05,2026-08-03 03:00:00,monthly_pass,entry,G10,2.23
TX0012747,ST03,2026-08-14 03:00:00,smart_card,exit,G03,4.05
TX0012748,ST09,2026-07-28 06:00:00,smart_card,entry,G04,3.18
TX0012749,ST01,2026-08-16 18:00:00,smart_card,entry,G01,2.98
TX0012750,ST10,2026-07-17 03:00:00,monthly_pass,exit,G03,4.02
TX0012751,ST08,2026-08-01 11:00:00,smart_card,entry,G10,4.32
TX0012752,ST06,2026-08-10 07:00:00,smart_card,entry,G03,3.42
TX0012753,ST07,2026-07-20 21:00:00,smart_card,exit,G04,4.04
TX0012754,ST10,2026-07-15 22:00:00,smart_card,entry,G02,2.77
TX0012755,ST10,2026-08-03 17:00:00,smart_card,entry,G11,4.21
TX0012756,ST08,2026-06-29 07:00:00,smart_card,exit,G06,3.66
TX0012757,ST10,2026-07-14 01:00:00,smart_card,entry,G12,4.23
TX0012758,ST03,2026-08-01 15:00:00,single_ticket,entry,G03,4.09
TX0012759,ST06,2026-08-08 17:00:00,smart_card,entry,G06,2.57
TX0012760,ST03,2026-08-13 01:00:00,single_ticket,entry,G09,4.15
TX0012761,ST10,2026-08-02 04:00:00,monthly_pass,exit,G04,3.14
TX0012762,ST09,2026-06-23 16:00:00,single_ticket,entry,G10,3.89
TX0012763,ST04,2026-07-11 17:00:00,day_pass,exit,G08,3.63
TX0012764,ST02,2026-08-20 15:00:00,smart_card,exit,G10,4.27
TX0012765,ST09,2026-07-10 21:00:00,smart_card,entry,G12,3.61
TX0012766,ST01,2026-08-18 23:00:00,smart_card,exit,G10,3.66
TX0012767,ST05,2026-06-29 18:00:00,smart_card,entry,G10,4.49
TX0012768,ST03,2026-06-30 00:00:00,smart_card,entry,G06,4.11
TX0012769,ST10,2026-06-25 23:00:00,smart_card,exit,G02,3.34
TX0012770,ST03,2026-07-23 10:00:00,smart_card,exit,G04,3.75
TX0012771,ST10,2026-07-20 03:00:00,single_ticket,exit,G10,2.27
TX0012772,ST10,2026-07-07 23:00:00,smart_card,entry,G02,3.15
TX0012773,ST03,2026-06-28 09:00:00,smart_card,entry,G07,4.44
TX0012774,ST03,2026-06-25 22:00:00,smart_card,entry,G10,2.02
TX0012775,ST09,2026-06-28 05:00:00,smart_card,exit,G06,4.19
TX0012776,ST07,2026-08-13 17:00:00,smart_card,entry,G08,3.73
TX0012777,ST08,2026-08-05 14:00:00,single_ticket,exit,G03,2.37
TX0012778,ST07,2026-06-22 11:00:00,single_ticket,exit,G10,4.34
TX0012779,ST05,2026-07-07 21:00:00,smart_card,entry,G07,2.78
TX0012780,ST07,2026-06-28 22:00:00,smart_card,entry,G04,2.92
TX0012781,ST03,2026-08-18 20:00:00,single_ticket,exit,G09,2.95
TX0012782,ST01,2026-07-19 02:00:00,smart_card,exit,G10,2.09
TX0012783,ST10,2026-07-31 22:00:00,smart_card,entry,G05,3.41
TX0012784,ST02,2026-07-18 15:00:00,smart_card,exit,G09,3.06
TX0012785,ST09,2026-07-22 09:00:00,monthly_pass,exit,G12,4.45
TX0012786,ST01,2026-07-06 10:00:00,smart_card,entry,G10,3.83
TX0012787,ST06,2026-07-27 06:00:00,smart_card,exit,G03,2.81
TX0012788,ST02,2026-06-29 19:00:00,single_ticket,exit,G05,4.17
TX0012789,ST05,2026-08-18 18:00:00,smart_card,entry,G01,4.27
TX0012790,ST05,2026-06-23 17:00:00,smart_card,entry,G10,3.22
TX0012791,ST05,2026-08-20 13:00:00,day_pass,entry,G07,4.38
TX0012792,ST10,2026-07-12 07:00:00,monthly_pass,exit,G03,3.06
TX0012793,ST06,2026-08-04 05:00:00,smart_card,exit,G03,2.16
TX0012794,ST04,2026-08-09 08:00:00,single_ticket,entry,G01,3.08
TX0012795,ST08,2026-06-30 14:00:00,smart_card,exit,G08,2.96
TX0012796,ST09,2026-07-17 01:00:00,single_ticket,exit,G04,3.04
TX0012797,ST08,2026-07-04 04:00:00,single_ticket,entry,G06,2.03
TX0012798,ST10,2026-07-07 19:00:00,single_ticket,entry,G03,2.11
TX0012799,ST01,2026-06-25 07:00:00,smart_card,entry,G05,2.68
TX0012800,ST10,2026-08-14 23:00:00,smart_card,entry,G05,3.77
TX0012801,ST10,2026-08-17 02:00:00,single_ticket,entry,G06,2.2
TX0012802,ST08,2026-07-24 06:00:00,smart_card,exit,G05,1.74
TX0012803,ST08,2026-08-15 01:00:00,monthly_pass,entry,G02,2.3
TX0012804,ST08,2026-06-30 01:00:00,smart_card,exit,G11,2.69
TX0012805,ST06,2026-08-20 22:00:00,monthly_pass,exit,G04,1.67
TX0012806,ST10,2026-07-06 06:00:00,smart_card,entry,G01,2.73
TX0012807,ST02,2026-07-17 16:00:00,smart_card,exit,G06,3.26
TX0012808,ST02,2026-08-07 02:00:00,monthly_pass,exit,G04,3.97
TX0012809,ST01,2026-08-15 10:00:00,smart_card,exit,G10,2.95
TX0012810,ST05,2026-06-27 02:00:00,smart_card,entry,G05,3.69
TX0012811,ST06,2026-06-29 05:00:00,single_ticket,exit,G11,3.53
TX0012812,ST09,2026-06-26 11:00:00,smart_card,exit,G04,3.12
TX0012813,ST01,2026-08-15 13:00:00,monthly_pass,entry,G04,3.18
TX0012814,ST06,2026-08-12 09:00:00,day_pass,entry,G02,2.37
TX0012815,ST10,2026-06-27 22:00:00,single_ticket,exit,G02,1.94
TX0012816,ST02,2026-08-09 12:00:00,smart_card,exit,G04,3.09
TX0012817,ST09,2026-08-14 21:00:00,smart_card,exit,G05,2.31
TX0012818,ST02,2026-08-08 10:00:00,day_pass,exit,G04,2.61
TX0012819,ST08,2026-08-19 05:00:00,smart_card,entry,G05,3.75
TX0012820,ST03,2026-07-04 23:00:00,smart_card,exit,G01,3.51
TX0012821,ST09,2026-07-18 06:00:00,single_ticket,exit,G06,1.94
TX0012822,ST02,2026-08-16 13:00:00,day_pass,entry,G02,1.89
TX0012823,ST04,2026-07-13 12:00:00,smart_card,exit,G08,4.07
TX0012824,ST03,2026-08-17 04:00:00,single_ticket,exit,G03,2.67
TX0012825,ST10,2026-07-31 15:00:00,monthly_pass,entry,G06,2.05
TX0012826,ST02,2026-07-19 23:00:00,smart_card,exit,G06,3.34
TX0012827,ST02,2026-08-12 20:00:00,smart_card,entry,G04,4.4
TX0012828,ST08,2026-07-28 14:00:00,smart_card,entry,G02,3.31
TX0012829,ST01,2026-08-19 00:00:00,smart_card,entry,G01,3.31
TX0012830,ST10,2026-08-02 01:00:00,day_pass,entry,G12,4.17
TX0012831,ST10,2026-07-22 00:00:00,smart_card,exit,G10,2.1
TX0012832,ST09,2026-08-17 06:00:00,single_ticket,exit,G01,3.19
TX0012833,ST10,2026-08-01 06:00:00,single_ticket,entry,G09,2.22
TX0012834,ST05,2026-08-16 08:00:00,smart_card,exit,G06,3.55
TX0012835,ST01,2026-08-14 12:00:00,smart_card,entry,G11,3.2
TX0012836,ST01,2026-07-25 17:00:00,smart_card,entry,G05,4.07
TX0012837,ST02,2026-06-27 00:00:00,smart_card,exit,G03,3.24
TX0012838,ST10,2026-07-21 18:00:00,smart_card,entry,G10,3.3
TX0012839,ST08,2026-08-15 11:00:00,smart_card,exit,G11,2.96
TX0012840,ST04,2026-07-02 11:00:00,smart_card,exit,G01,1.67
TX0012841,ST10,2026-08-01 19:00:00,single_ticket,entry,G11,2.91
TX0012842,ST04,2026-07-13 22:00:00,smart_card,exit,G05,1.63
TX0012843,ST03,2026-07-21 23:00:00,smart_card,entry,G11,3.34
TX0012844,ST05,2026-07-03 16:00:00,smart_card,exit,G08,2.21
TX0012845,ST05,2026-08-06 17:00:00,smart_card,exit,G01,1.54
TX0012846,ST08,2026-06-23 13:00:00,single_ticket,exit,G12,3.79
TX0012847,ST07,2026-06-24 22:00:00,smart_card,entry,G05,2.49
TX0012848,ST03,2026-08-15 06:00:00,single_ticket,exit,G02,3.45
TX0012849,ST01,2026-08-15 17:00:00,smart_card,exit,G12,3.56
TX0012850,ST07,2026-07-11 15:00:00,smart_card,entry,G05,3.0
TX0012851,ST03,2026-07-16 01:00:00,day_pass,entry,G07,1.5
TX0012852,ST03,2026-07-26 04:00:00,smart_card,entry,G06,3.9
TX0012853,ST03,2026-08-17 23:00:00,smart_card,entry,G10,2.62
TX0012854,ST08,2026-08-14 01:00:00,single_ticket,exit,G04,2.26
TX0012855,ST02,2026-07-23 19:00:00,single_ticket,exit,G04,3.73
TX0012856,ST07,2026-07-05 19:00:00,smart_card,entry,G12,3.87
TX0012857,ST04,2026-06-26 14:00:00,day_pass,entry,G06,3.94
TX0012858,ST05,2026-07-08 11:00:00,smart_card,entry,G03,3.81
TX0012859,ST01,2026-07-31 12:00:00,day_pass,entry,G05,2.06
TX0012860,ST01,2026-07-26 11:00:00,smart_card,exit,G05,3.83
TX0012861,ST04,2026-07-20 18:00:00,smart_card,entry,G10,2.23
TX0012862,ST05,2026-07-27 17:00:00,smart_card,entry,G02,2.42
TX0012863,ST09,2026-07-31 18:00:00,single_ticket,entry,G02,2.28
TX0012864,ST06,2026-08-09 09:00:00,smart_card,entry,G08,2.16
TX0012865,ST04,2026-08-15 08:00:00,single_ticket,entry,G06,3.23
TX0012866,ST04,2026-07-01 16:00:00,single_ticket,exit,G01,3.35
TX0012867,ST09,2026-07-19 12:00:00,smart_card,exit,G11,3.74
TX0012868,ST02,2026-08-06 23:00:00,single_ticket,entry,G01,2.09
TX0012869,ST10,2026-08-06 14:00:00,single_ticket,entry,G11,2.92
TX0012870,ST07,2026-07-28 04:00:00,day_pass,exit,G08,3.29
TX0012871,ST04,2026-07-29 04:00:00,smart_card,exit,G10,2.6
TX0012872,ST10,2026-07-23 07:00:00,smart_card,exit,G11,2.17
TX0012873,ST10,2026-07-01 06:00:00,monthly_pass,entry,G02,1.73
TX0012874,ST03,2026-06-29 11:00:00,smart_card,entry,G08,2.33
TX0012875,ST03,2026-07-25 08:00:00,single_ticket,entry,G07,3.07
TX0012876,ST06,2026-07-16 05:00:00,smart_card,exit,G06,2.01
TX0012877,ST06,2026-06-22 23:00:00,day_pass,exit,G04,4.13
TX0012878,ST05,2026-08-01 07:00:00,single_ticket,exit,G08,3.62
TX0012879,ST03,2026-07-09 17:00:00,monthly_pass,exit,G12,1.81
TX0012880,ST03,2026-07-10 03:00:00,single_ticket,entry,G12,2.11
TX0012881,ST06,2026-06-23 02:00:00,smart_card,entry,G07,1.65
TX0012882,ST06,2026-08-16 04:00:00,smart_card,entry,G06,4.07
TX0012883,ST08,2026-07-17 07:00:00,day_pass,entry,G11,2.19
TX0012884,ST05,2026-06-30 07:00:00,single_ticket,exit,G03,4.4
TX0012885,ST08,2026-07-30 11:00:00,smart_card,entry,G03,4.43
TX0012886,ST09,2026-08-06 05:00:00,smart_card,exit,G03,2.23
TX0012887,ST01,2026-07-26 21:00:00,single_ticket,exit,G10,4.28
TX0012888,ST08,2026-08-10 20:00:00,smart_card,entry,G03,2.56
TX0012889,ST03,2026-07-16 11:00:00,single_ticket,exit,G05,2.5
TX0012890,ST10,2026-07-12 08:00:00,monthly_pass,exit,G02,4.23
TX0012891,ST06,2026-07-10 16:00:00,smart_card,exit,G06,3.28
TX0012892,ST01,2026-06-24 11:00:00,smart_card,entry,G06,3.55
TX0012893,ST09,2026-07-22 21:00:00,monthly_pass,entry,G10,2.75
TX0012894,ST03,2026-07-16 00:00:00,smart_card,exit,G01,3.07
TX0012895,ST05,2026-07-14 22:00:00,day_pass,entry,G03,3.82
TX0012896,ST08,2026-06-22 18:00:00,smart_card,exit,G09,2.01
TX0012897,ST02,2026-06-23 22:00:00,smart_card,exit,G02,4.46
TX0012898,ST04,2026-07-15 06:00:00,smart_card,entry,G05,3.9
TX0012899,ST06,2026-07-27 03:00:00,smart_card,exit,G01,2.3
TX0012900,ST09,2026-07-26 11:00:00,monthly_pass,entry,G08,3.6
TX0012901,ST03,2026-07-11 04:00:00,single_ticket,exit,G07,1.54
TX0012902,ST05,2026-07-02 21:00:00,smart_card,exit,G07,3.75
TX0012903,ST04,2026-07-17 11:00:00,smart_card,entry,G09,3.89
TX0012904,ST07,2026-07-12 23:00:00,single_ticket,entry,G04,1.92
TX0012905,ST05,2026-06-23 18:00:00,smart_card,entry,G12,2.42
TX0012906,ST08,2026-08-19 18:00:00,smart_card,entry,G12,3.45
TX0012907,ST08,2026-07-03 14:00:00,single_ticket,exit,G10,3.62
TX0012908,ST10,2026-08-11 02:00:00,smart_card,entry,G11,1.71
TX0012909,ST04,2026-07-24 00:00:00,smart_card,exit,G08,2.78
TX0012910,ST05,2026-07-29 02:00:00,smart_card,entry,G12,2.94
TX0012911,ST09,2026-08-01 06:00:00,smart_card,exit,G07,3.55
TX0012912,ST08,2026-08-09 22:00:00,smart_card,exit,G10,2.55
TX0012913,ST04,2026-08-09 23:00:00,smart_card,exit,G06,2.58
TX0012914,ST01,2026-07-24 05:00:00,smart_card,exit,G09,2.15
TX0012915,ST02,2026-07-18 06:00:00,monthly_pass,entry,G06,4.23
TX0012916,ST10,2026-07-22 11:00:00,smart_card,entry,G05,1.78
TX0012917,ST09,2026-06-29 04:00:00,single_ticket,entry,G10,2.97
TX0012918,ST06,2026-06-26 20:00:00,smart_card,entry,G02,1.93
TX0012919,ST06,2026-08-14 10:00:00,smart_card,entry,G05,1.59
TX0012920,ST10,2026-08-17 14:00:00,smart_card,entry,G12,3.58
TX0012921,ST04,2026-06-30 17:00:00,single_ticket,entry,G04,2.0
TX0012922,ST09,2026-06-24 05:00:00,smart_card,exit,G07,3.25
TX0012923,ST08,2026-07-10 17:00:00,smart_card,exit,G11,3.37
TX0012924,ST02,2026-08-14 10:00:00,day_pass,exit,G12,4.43
TX0012925,ST02,2026-07-18 20:00:00,smart_card,entry,G11,2.79
TX0012926,ST09,2026-06-24 18:00:00,monthly_pass,exit,G03,1.73
TX0012927,ST07,2026-07-03 15:00:00,smart_card,entry,G09,2.88
TX0012928,ST01,2026-07-31 20:00:00,day_pass,exit,G10,1.9
TX0012929,ST06,2026-07-27 23:00:00,single_ticket,entry,G08,3.05
TX0012930,ST02,2026-08-04 15:00:00,smart_card,exit,G10,2.94
TX0012931,ST08,2026-07-07 19:00:00,smart_card,exit,G05,2.86
TX0012932,ST07,2026-07-14 18:00:00,monthly_pass,entry,G10,3.88
TX0012933,ST08,2026-08-16 09:00:00,smart_card,exit,G10,2.62
TX0012934,ST02,2026-07-05 12:00:00,smart_card,exit,G11,3.78
TX0012935,ST07,2026-08-17 05:00:00,smart_card,entry,G10,3.85
TX0012936,ST04,2026-06-26 11:00:00,smart_card,exit,G07,2.59
TX0012937,ST05,2026-07-31 13:00:00,smart_card,exit,G07,2.45
TX0012938,ST07,2026-08-14 09:00:00,smart_card,exit,G08,1.56
TX0012939,ST04,2026-07-28 03:00:00,monthly_pass,exit,G05,3.83
TX0012940,ST06,2026-08-16 18:00:00,smart_card,exit,G12,3.71
TX0012941,ST03,2026-07-26 10:00:00,single_ticket,exit,G02,1.95
TX0012942,ST03,2026-08-18 00:00:00,monthly_pass,entry,G12,1.97
TX0012943,ST01,2026-07-20 21:00:00,smart_card,entry,G07,3.8
TX0012944,ST03,2026-07-15 05:00:00,day_pass,entry,G04,1.88
TX0012945,ST04,2026-07-18 05:00:00,smart_card,entry,G07,3.89
TX0012946,ST01,2026-08-01 11:00:00,smart_card,entry,G02,2.16
TX0012947,ST10,2026-08-03 18:00:00,smart_card,exit,G08,2.95
TX0012948,ST10,2026-07-21 15:00:00,smart_card,exit,G12,2.07
TX0012949,ST08,2026-07-05 08:00:00,smart_card,entry,G01,2.27
TX0012950,ST02,2026-08-14 06:00:00,smart_card,exit,G06,3.24
TX0012951,ST04,2026-07-10 10:00:00,smart_card,entry,G08,4.06
TX0012952,ST09,2026-07-26 19:00:00,monthly_pass,entry,G08,3.27
TX0012953,ST10,2026-07-25 03:00:00,monthly_pass,entry,G10,2.13
TX0012954,ST05,2026-07-15 13:00:00,single_ticket,entry,G09,3.16
TX0012955,ST05,2026-07-01 04:00:00,smart_card,entry,G08,2.03
TX0012956,ST03,2026-07-21 01:00:00,monthly_pass,exit,G12,3.05
TX0012957,ST04,2026-08-02 00:00:00,monthly_pass,entry,G06,2.16
TX0012958,ST02,2026-07-15 03:00:00,day_pass,exit,G03,3.85
TX0012959,ST09,2026-07-25 05:00:00,single_ticket,entry,G12,4.06
TX0012960,ST09,2026-08-20 20:00:00,smart_card,entry,G09,3.37
TX0012961,ST01,2026-08-11 10:00:00,monthly_pass,entry,G08,2.68
TX0012962,ST04,2026-07-19 08:00:00,smart_card,entry,G05,4.01
TX0012963,ST10,2026-08-04 19:00:00,single_ticket,exit,G10,2.59
TX0012964,ST05,2026-08-03 20:00:00,smart_card,exit,G02,2.56
TX0012965,ST03,2026-07-22 05:00:00,smart_card,exit,G03,1.87
TX0012966,ST05,2026-07-22 15:00:00,monthly_pass,entry,G11,4.1
TX0012967,ST06,2026-08-19 22:00:00,single_ticket,entry,G03,1.92
TX0012968,ST10,2026-08-19 19:00:00,single_ticket,exit,G01,4.34
TX0012969,ST10,2026-06-24 22:00:00,smart_card,exit,G12,3.7
TX0012970,ST06,2026-07-28 11:00:00,smart_card,entry,G05,4.02
TX0012971,ST06,2026-08-18 14:00:00,smart_card,entry,G12,2.95
TX0012972,ST06,2026-07-24 10:00:00,day_pass,entry,G01,2.25
TX0012973,ST10,2026-07-11 03:00:00,smart_card,exit,G02,2.97
TX0012974,ST02,2026-06-29 22:00:00,smart_card,entry,G07,3.91
TX0012975,ST01,2026-07-14 13:00:00,smart_card,entry,G12,2.91
TX0012976,ST07,2026-06-27 11:00:00,smart_card,entry,G06,2.32
TX0012977,ST06,2026-07-24 07:00:00,smart_card,exit,G09,3.18
TX0012978,ST03,2026-08-16 17:00:00,day_pass,entry,G01,1.59
TX0012979,ST05,2026-07-21 05:00:00,day_pass,entry,G04,3.73
TX0012980,ST03,2026-07-18 08:00:00,smart_card,entry,G07,3.49
TX0012981,ST06,2026-08-10 22:00:00,smart_card,entry,G03,2.17
TX0012982,ST07,2026-07-29 01:00:00,monthly_pass,entry,G03,2.15
TX0012983,ST05,2026-08-17 13:00:00,smart_card,exit,G08,3.82
TX0012984,ST09,2026-06-29 11:00:00,single_ticket,exit,G03,2.38
TX0012985,ST02,2026-08-14 01:00:00,smart_card,exit,G02,3.19
TX0012986,ST04,2026-07-21 20:00:00,smart_card,exit,G03,3.17
TX0012987,ST05,2026-07-23 15:00:00,smart_card,entry,G09,3.32
TX0012988,ST04,2026-07-06 11:00:00,smart_card,exit,G08,1.61
TX0012989,ST03,2026-08-08 18:00:00,smart_card,entry,G10,2.88
TX0012990,ST02,2026-07-09 11:00:00,smart_card,exit,G01,3.82
TX0012991,ST10,2026-07-18 06:00:00,smart_card,exit,G07,3.75
TX0012992,ST02,2026-08-20 21:00:00,day_pass,entry,G12,2.8
TX0012993,ST03,2026-06-28 11:00:00,smart_card,exit,G10,1.84
TX0012994,ST07,2026-07-23 18:00:00,smart_card,exit,G08,3.1
TX0012995,ST02,2026-06-30 18:00:00,smart_card,exit,G09,3.32
TX0012996,ST03,2026-07-14 14:00:00,smart_card,entry,G01,3.95
TX0012997,ST03,2026-07-17 01:00:00,smart_card,entry,G07,3.8
TX0012998,ST10,2026-07-25 11:00:00,smart_card,exit,G02,2.62
TX0012999,ST08,2026-08-01 18:00:00,day_pass,exit,G06,3.38
TX0013000,ST02,2026-07-06 21:00:00,smart_card,entry,G04,3.08
TX0013001,ST03,2026-07-30 10:00:00,smart_card,exit,G08,2.16
TX0013002,ST03,2026-07-12 13:00:00,smart_card,exit,G10,2.3
TX0013003,ST09,2026-06-23 20:00:00,smart_card,exit,G12,3.63
TX0013004,ST09,2026-06-30 18:00:00,single_ticket,entry,G12,3.67
TX0013005,ST05,2026-08-21 01:00:00,monthly_pass,entry,G02,3.65
TX0013006,ST10,2026-07-31 02:00:00,smart_card,entry,G01,2.51
TX0013007,ST04,2026-07-25 02:00:00,smart_card,entry,G03,3.03
TX0013008,ST05,2026-07-03 05:00:00,single_ticket,exit,G10,2.09
TX0013009,ST09,2026-06-27 06:00:00,single_ticket,entry,G08,3.57
TX0013010,ST07,2026-06-28 16:00:00,day_pass,exit,G08,2.57
TX0013011,ST08,2026-08-09 21:00:00,single_ticket,exit,G12,2.47
TX0013012,ST10,2026-07-10 04:00:00,smart_card,exit,G06,2.54
TX0013013,ST01,2026-06-27 11:00:00,day_pass,entry,G06,1.64
TX0013014,ST05,2026-06-30 12:00:00,smart_card,entry,G09,2.82
TX0013015,ST03,2026-08-02 17:00:00,smart_card,exit,G05,3.09
TX0013016,ST08,2026-08-04 20:00:00,monthly_pass,exit,G03,1.71
TX0013017,ST04,2026-06-27 16:00:00,single_ticket,entry,G12,2.61
TX0013018,ST05,2026-08-19 00:00:00,smart_card,entry,G12,4.46
TX0013019,ST03,2026-07-19 08:00:00,smart_card,exit,G04,2.88
TX0013020,ST08,2026-07-27 07:00:00,smart_card,entry,G02,2.7
TX0013021,ST01,2026-07-26 16:00:00,single_ticket,entry,G04,3.26
TX0013022,ST07,2026-08-10 20:00:00,monthly_pass,exit,G05,2.6
TX0013023,ST06,2026-07-16 19:00:00,single_ticket,exit,G06,1.87
TX0013024,ST01,2026-08-02 05:00:00,day_pass,exit,G12,3.9
TX0013025,ST08,2026-08-19 06:00:00,single_ticket,exit,G07,3.89
TX0013026,ST08,2026-08-07 18:00:00,smart_card,entry,G10,3.69
TX0013027,ST06,2026-07-16 12:00:00,smart_card,exit,G01,2.32
TX0013028,ST08,2026-07-04 17:00:00,smart_card,entry,G02,3.19
TX0013029,ST10,2026-07-27 06:00:00,smart_card,entry,G05,2.91
TX0013030,ST02,2026-08-03 00:00:00,smart_card,entry,G02,3.54
TX0013031,ST06,2026-08-17 15:00:00,monthly_pass,entry,G07,3.65
TX0013032,ST08,2026-07-11 10:00:00,smart_card,exit,G03,2.68
TX0013033,ST01,2026-07-06 14:00:00,smart_card,exit,G02,3.83
TX0013034,ST01,2026-07-26 03:00:00,monthly_pass,exit,G02,3.37
TX0013035,ST05,2026-07-09 03:00:00,single_ticket,exit,G06,3.71
TX0013036,ST10,2026-06-23 20:00:00,smart_card,entry,G04,3.63
TX0013037,ST08,2026-08-16 02:00:00,smart_card,exit,G04,3.82
TX0013038,ST10,2026-06-26 23:00:00,day_pass,exit,G04,3.21
TX0013039,ST10,2026-08-07 23:00:00,smart_card,entry,G02,3.34
TX0013040,ST08,2026-08-21 02:00:00,smart_card,exit,G02,1.82
TX0013041,ST09,2026-07-24 15:00:00,single_ticket,exit,G11,3.09
TX0013042,ST05,2026-06-23 00:00:00,smart_card,entry,G02,4.22
TX0013043,ST02,2026-07-20 09:00:00,smart_card,exit,G05,2.35
TX0013044,ST07,2026-08-18 23:00:00,smart_card,entry,G03,2.7
TX0013045,ST01,2026-07-25 06:00:00,monthly_pass,exit,G06,3.29
TX0013046,ST10,2026-08-18 01:00:00,monthly_pass,entry,G09,2.39
TX0013047,ST05,2026-08-08 15:00:00,smart_card,entry,G07,2.13
TX0013048,ST02,2026-08-12 15:00:00,smart_card,exit,G10,4.22
TX0013049,ST01,2026-06-26 03:00:00,smart_card,exit,G02,1.69
TX0013050,ST03,2026-08-17 06:00:00,single_ticket,entry,G08,2.23
TX0013051,ST03,2026-07-28 17:00:00,smart_card,exit,G07,3.4
TX0013052,ST03,2026-06-22 16:00:00,single_ticket,entry,G01,4.02
TX0013053,ST02,2026-07-31 00:00:00,monthly_pass,exit,G03,1.9
TX0013054,ST08,2026-08-17 01:00:00,smart_card,entry,G07,2.43
TX0013055,ST10,2026-07-15 20:00:00,smart_card,exit,G08,3.95
TX0013056,ST03,2026-07-06 17:00:00,smart_card,exit,G03,2.0
TX0013057,ST06,2026-07-19 20:00:00,smart_card,entry,G02,1.68
TX0013058,ST05,2026-07-17 04:00:00,monthly_pass,entry,G02,1.62
TX0013059,ST10,2026-07-04 13:00:00,smart_card,exit,G10,4.19
TX0013060,ST06,2026-06-27 11:00:00,single_ticket,entry,G02,3.95
TX0013061,ST05,2026-07-03 09:00:00,smart_card,exit,G11,2.9
TX0013062,ST08,2026-08-01 10:00:00,smart_card,entry,G02,4.22
TX0013063,ST08,2026-08-03 21:00:00,smart_card,exit,G12,1.78
TX0013064,ST02,2026-07-09 22:00:00,day_pass,entry,G08,1.61
TX0013065,ST04,2026-07-04 09:00:00,day_pass,entry,G11,2.97
TX0013066,ST07,2026-08-19 22:00:00,smart_card,exit,G06,3.83
TX0013067,ST02,2026-08-11 10:00:00,single_ticket,exit,G08,1.72
TX0013068,ST02,2026-07-25 16:00:00,smart_card,entry,G05,2.54
TX0013069,ST04,2026-08-05 02:00:00,smart_card,entry,G02,1.92
TX0013070,ST02,2026-07-29 13:00:00,smart_card,entry,G09,3.65
TX0013071,ST01,2026-07-31 19:00:00,smart_card,entry,G02,2.3
TX0013072,ST08,2026-08-10 09:00:00,day_pass,entry,G06,3.14
TX0013073,ST01,2026-08-07 21:00:00,smart_card,entry,G01,1.52
TX0013074,ST08,2026-07-21 18:00:00,day_pass,exit,G07,2.78
TX0013075,ST02,2026-07-24 01:00:00,monthly_pass,exit,G11,1.74
TX0013076,ST01,2026-07-09 16:00:00,smart_card,entry,G03,4.2
TX0013077,ST01,2026-07-30 15:00:00,single_ticket,entry,G10,3.45
TX0013078,ST07,2026-07-25 19:00:00,monthly_pass,entry,G04,3.15
TX0013079,ST07,2026-06-23 10:00:00,smart_card,exit,G03,2.49
TX0013080,ST08,2026-06-28 08:00:00,smart_card,exit,G11,1.58
TX0013081,ST04,2026-08-06 13:00:00,smart_card,exit,G03,2.66
TX0013082,ST05,2026-06-23 09:00:00,smart_card,entry,G07,2.11
TX0013083,ST04,2026-08-20 11:00:00,monthly_pass,exit,G02,3.0
TX0013084,ST06,2026-07-11 16:00:00,smart_card,exit,G02,1.81
TX0013085,ST04,2026-08-13 04:00:00,smart_card,exit,G12,3.17
TX0013086,ST06,2026-07-31 04:00:00,smart_card,entry,G06,3.98
TX0013087,ST01,2026-08-11 07:00:00,smart_card,entry,G04,2.74
TX0013088,ST08,2026-07-22 23:00:00,monthly_pass,entry,G11,1.65
TX0013089,ST05,2026-06-22 10:00:00,single_ticket,entry,G11,3.25
TX0013090,ST06,2026-08-10 18:00:00,day_pass,entry,G03,4.31
TX0013091,ST02,2026-07-14 07:00:00,smart_card,entry,G10,4.32
TX0013092,ST08,2026-08-12 03:00:00,monthly_pass,exit,G04,2.64
TX0013093,ST03,2026-08-08 15:00:00,monthly_pass,exit,G10,2.79
TX0013094,ST08,2026-07-03 04:00:00,monthly_pass,entry,G04,2.37
TX0013095,ST03,2026-07-25 20:00:00,monthly_pass,exit,G08,4.22
TX0013096,ST02,2026-07-15 10:00:00,single_ticket,entry,G12,2.13
TX0013097,ST03,2026-08-09 06:00:00,single_ticket,entry,G03,3.17
TX0013098,ST10,2026-08-15 03:00:00,smart_card,exit,G03,2.97
TX0013099,ST08,2026-08-09 19:00:00,smart_card,exit,G03,1.76
TX0013100,ST01,2026-08-13 05:00:00,day_pass,entry,G06,3.01
TX0013101,ST02,2026-07-23 13:00:00,smart_card,exit,G12,3.19
TX0013102,ST02,2026-08-14 05:00:00,single_ticket,entry,G11,2.33
TX0013103,ST07,2026-07-14 21:00:00,single_ticket,exit,G07,2.02
TX0013104,ST02,2026-07-23 11:00:00,single_ticket,entry,G06,2.84
TX0013105,ST04,2026-07-06 19:00:00,smart_card,entry,G09,4.4
TX0013106,ST04,2026-07-26 11:00:00,monthly_pass,exit,G11,4.37
TX0013107,ST05,2026-07-01 13:00:00,smart_card,exit,G07,2.67
TX0013108,ST05,2026-07-25 18:00:00,day_pass,exit,G07,3.89
TX0013109,ST06,2026-07-17 09:00:00,smart_card,entry,G05,3.83
TX0013110,ST09,2026-07-10 07:00:00,day_pass,entry,G12,4.32
TX0013111,ST05,2026-08-10 12:00:00,day_pass,entry,G09,3.48
TX0013112,ST09,2026-07-03 10:00:00,monthly_pass,entry,G08,2.39
TX0013113,ST09,2026-08-18 20:00:00,smart_card,entry,G11,4.45
TX0013114,ST07,2026-07-28 11:00:00,day_pass,entry,G08,2.53
TX0013115,ST07,2026-08-20 04:00:00,smart_card,exit,G03,1.9
TX0013116,ST08,2026-07-11 04:00:00,smart_card,entry,G09,2.94
TX0013117,ST08,2026-07-15 14:00:00,smart_card,exit,G02,4.39
TX0013118,ST02,2026-07-21 05:00:00,single_ticket,exit,G03,3.44
TX0013119,ST01,2026-08-05 14:00:00,monthly_pass,entry,G01,3.34
TX0013120,ST01,2026-07-17 05:00:00,single_ticket,entry,G02,2.49
TX0013121,ST03,2026-08-17 08:00:00,smart_card,entry,G11,3.7
TX0013122,ST08,2026-07-22 18:00:00,smart_card,exit,G01,2.04
TX0013123,ST06,2026-07-07 22:00:00,smart_card,entry,G09,1.79
TX0013124,ST01,2026-06-25 10:00:00,smart_card,exit,G11,4.12
TX0013125,ST06,2026-07-06 15:00:00,day_pass,entry,G09,3.06
TX0013126,ST03,2026-06-22 23:00:00,smart_card,exit,G03,4.16
TX0013127,ST04,2026-07-13 01:00:00,single_ticket,exit,G01,1.61
TX0013128,ST07,2026-07-28 07:00:00,smart_card,exit,G06,3.61
TX0013129,ST10,2026-07-10 18:00:00,smart_card,exit,G05,1.88
TX0013130,ST05,2026-07-19 10:00:00,smart_card,exit,G10,1.95
TX0013131,ST07,2026-07-25 17:00:00,smart_card,entry,G01,2.12
TX0013132,ST07,2026-07-09 21:00:00,single_ticket,entry,G10,1.62
TX0013133,ST09,2026-07-13 23:00:00,single_ticket,exit,G09,4.46
TX0013134,ST06,2026-07-25 20:00:00,monthly_pass,entry,G04,3.45
TX0013135,ST04,2026-08-09 01:00:00,smart_card,exit,G05,4.21
TX0013136,ST05,2026-06-30 04:00:00,smart_card,entry,G09,1.94
TX0013137,ST10,2026-08-07 09:00:00,smart_card,entry,G12,3.89
TX0013138,ST08,2026-08-06 02:00:00,day_pass,entry,G05,1.78
TX0013139,ST03,2026-07-13 12:00:00,single_ticket,exit,G09,1.91
TX0013140,ST04,2026-08-06 20:00:00,monthly_pass,entry,G08,4.12
TX0013141,ST02,2026-08-07 21:00:00,smart_card,entry,G02,2.03
TX0013142,ST10,2026-08-14 18:00:00,single_ticket,entry,G10,3.91
TX0013143,ST06,2026-08-01 07:00:00,single_ticket,entry,G03,4.24
TX0013144,ST02,2026-08-11 00:00:00,smart_card,entry,G02,1.61
TX0013145,ST04,2026-07-31 05:00:00,smart_card,exit,G02,4.31
TX0013146,ST03,2026-07-19 07:00:00,smart_card,entry,G05,3.15
TX0013147,ST06,2026-08-18 04:00:00,smart_card,exit,G03,3.35
TX0013148,ST02,2026-07-11 17:00:00,smart_card,exit,G06,4.02
TX0013149,ST09,2026-08-07 02:00:00,single_ticket,entry,G12,3.51
TX0013150,ST10,2026-07-08 07:00:00,smart_card,exit,G01,4.39
TX0013151,ST01,2026-07-02 00:00:00,single_ticket,exit,G12,4.26
TX0013152,ST09,2026-07-21 08:00:00,smart_card,exit,G04,2.25
TX0013153,ST02,2026-06-29 01:00:00,smart_card,exit,G04,3.72
TX0013154,ST06,2026-07-24 21:00:00,single_ticket,entry,G01,2.66
TX0013155,ST07,2026-07-20 03:00:00,smart_card,exit,G03,1.85
TX0013156,ST09,2026-07-06 18:00:00,smart_card,exit,G12,2.41
TX0013157,ST03,2026-07-17 15:00:00,single_ticket,entry,G04,1.65
TX0013158,ST10,2026-08-12 10:00:00,smart_card,entry,G10,3.07
TX0013159,ST08,2026-08-05 19:00:00,smart_card,entry,G07,1.51
TX0013160,ST02,2026-07-15 07:00:00,smart_card,entry,G01,2.02
TX0013161,ST02,2026-08-18 21:00:00,smart_card,entry,G06,4.49
TX0013162,ST10,2026-07-09 18:00:00,single_ticket,exit,G02,4.32
TX0013163,ST08,2026-07-12 13:00:00,smart_card,entry,G06,3.31
TX0013164,ST01,2026-08-17 03:00:00,smart_card,entry,G06,4.45
TX0013165,ST06,2026-08-15 21:00:00,single_ticket,exit,G01,2.89
TX0013166,ST02,2026-06-29 16:00:00,monthly_pass,entry,G08,2.95
TX0013167,ST09,2026-07-08 06:00:00,smart_card,entry,G04,2.83
TX0013168,ST04,2026-08-01 12:00:00,single_ticket,exit,G10,1.61
TX0013169,ST02,2026-07-18 01:00:00,smart_card,exit,G06,2.53
TX0013170,ST10,2026-08-18 12:00:00,smart_card,entry,G11,3.08
TX0013171,ST02,2026-07-24 16:00:00,day_pass,entry,G03,3.04
TX0013172,ST07,2026-08-12 06:00:00,smart_card,exit,G08,3.02
TX0013173,ST05,2026-07-03 19:00:00,smart_card,entry,G08,2.57
TX0013174,ST01,2026-07-03 01:00:00,smart_card,exit,G01,3.65
TX0013175,ST10,2026-07-14 14:00:00,smart_card,entry,G02,4.35
TX0013176,ST08,2026-06-28 12:00:00,monthly_pass,entry,G04,3.9
TX0013177,ST10,2026-06-22 22:00:00,monthly_pass,exit,G05,2.47
TX0013178,ST07,2026-07-11 02:00:00,smart_card,entry,G11,2.36
TX0013179,ST03,2026-07-28 05:00:00,day_pass,entry,G10,4.15
TX0013180,ST02,2026-07-16 15:00:00,smart_card,entry,G03,2.15
TX0013181,ST05,2026-08-12 09:00:00,smart_card,exit,G08,1.85
TX0013182,ST03,2026-08-17 15:00:00,smart_card,entry,G01,2.3
TX0013183,ST02,2026-07-12 02:00:00,day_pass,entry,G11,3.11
TX0013184,ST02,2026-07-08 09:00:00,single_ticket,entry,G09,1.52
TX0013185,ST07,2026-08-08 02:00:00,monthly_pass,exit,G04,2.09
TX0013186,ST09,2026-08-06 12:00:00,day_pass,exit,G09,2.27
TX0013187,ST09,2026-08-20 10:00:00,smart_card,entry,G01,3.17
TX0013188,ST05,2026-07-11 22:00:00,monthly_pass,entry,G04,3.69
TX0013189,ST10,2026-07-12 17:00:00,smart_card,exit,G07,4.45
TX0013190,ST09,2026-08-16 11:00:00,monthly_pass,entry,G08,2.1
TX0013191,ST05,2026-07-14 00:00:00,smart_card,entry,G03,3.59
TX0013192,ST03,2026-08-16 13:00:00,smart_card,exit,G07,2.19
TX0013193,ST09,2026-08-15 08:00:00,monthly_pass,exit,G02,3.29
TX0013194,ST01,2026-07-01 13:00:00,smart_card,exit,G02,2.27
TX0013195,ST07,2026-07-03 16:00:00,monthly_pass,exit,G01,2.89
TX0013196,ST07,2026-08-17 23:00:00,smart_card,entry,G10,2.93
TX0013197,ST07,2026-07-21 02:00:00,single_ticket,entry,G08,4.37
TX0013198,ST05,2026-07-21 18:00:00,single_ticket,exit,G03,2.28
TX0013199,ST10,2026-07-17 13:00:00,smart_card,entry,G05,3.97
TX0013200,ST08,2026-07-28 15:00:00,day_pass,exit,G10,3.69
TX0013201,ST01,2026-07-27 11:00:00,smart_card,entry,G04,3.14
TX0013202,ST03,2026-08-19 22:00:00,monthly_pass,entry,G04,3.63
TX0013203,ST04,2026-08-12 21:00:00,monthly_pass,exit,G05,2.57
TX0013204,ST02,2026-08-07 12:00:00,single_ticket,entry,G03,3.39
TX0013205,ST08,2026-08-04 13:00:00,monthly_pass,exit,G10,1.94
TX0013206,ST01,2026-06-27 02:00:00,single_ticket,entry,G11,3.87
TX0013207,ST07,2026-06-30 10:00:00,monthly_pass,entry,G03,2.51
TX0013208,ST05,2026-06-30 19:00:00,day_pass,exit,G12,4.46
TX0013209,ST06,2026-08-02 16:00:00,single_ticket,entry,G07,2.8
TX0013210,ST09,2026-07-27 07:00:00,monthly_pass,entry,G08,4.29
TX0013211,ST07,2026-06-23 00:00:00,smart_card,entry,G12,2.28
TX0013212,ST06,2026-07-04 06:00:00,smart_card,exit,G11,2.38
TX0013213,ST01,2026-06-22 10:00:00,monthly_pass,exit,G01,3.91
TX0013214,ST04,2026-08-03 19:00:00,single_ticket,exit,G02,4.15
TX0013215,ST07,2026-07-11 20:00:00,smart_card,entry,G08,2.97
TX0013216,ST08,2026-07-21 16:00:00,smart_card,entry,G08,1.69
TX0013217,ST04,2026-06-22 09:00:00,single_ticket,exit,G09,2.55
TX0013218,ST01,2026-08-05 12:00:00,smart_card,exit,G03,3.92
TX0013219,ST02,2026-08-09 03:00:00,smart_card,exit,G06,2.94
TX0013220,ST06,2026-08-12 15:00:00,smart_card,exit,G06,3.66
TX0013221,ST10,2026-06-25 19:00:00,smart_card,exit,G10,2.64
TX0013222,ST07,2026-07-21 21:00:00,monthly_pass,exit,G08,1.6
TX0013223,ST08,2026-08-02 03:00:00,smart_card,exit,G09,3.53
TX0013224,ST03,2026-07-27 20:00:00,monthly_pass,entry,G05,2.39
TX0013225,ST08,2026-07-13 10:00:00,smart_card,entry,G09,2.96
TX0013226,ST03,2026-07-18 18:00:00,monthly_pass,exit,G02,4.24
TX0013227,ST05,2026-08-12 07:00:00,single_ticket,exit,G02,2.17
TX0013228,ST09,2026-06-26 02:00:00,smart_card,entry,G06,2.55
TX0013229,ST08,2026-07-20 08:00:00,smart_card,entry,G07,1.97
TX0013230,ST05,2026-08-03 04:00:00,monthly_pass,exit,G04,1.61
TX0013231,ST04,2026-08-15 11:00:00,single_ticket,exit,G03,2.74
TX0013232,ST02,2026-06-29 02:00:00,smart_card,exit,G07,1.8
TX0013233,ST02,2026-07-04 10:00:00,monthly_pass,exit,G01,2.4
TX0013234,ST08,2026-07-10 09:00:00,smart_card,exit,G03,4.05
TX0013235,ST08,2026-07-26 10:00:00,smart_card,exit,G06,1.63
TX0013236,ST10,2026-07-13 04:00:00,smart_card,exit,G07,3.4
TX0013237,ST07,2026-07-28 05:00:00,monthly_pass,exit,G02,2.67
TX0013238,ST09,2026-06-27 05:00:00,smart_card,entry,G10,2.67
TX0013239,ST03,2026-07-31 01:00:00,day_pass,exit,G01,3.0
TX0013240,ST10,2026-07-30 03:00:00,smart_card,entry,G06,2.53
TX0013241,ST08,2026-07-11 23:00:00,smart_card,entry,G12,1.74
TX0013242,ST08,2026-06-25 20:00:00,smart_card,entry,G11,4.16
TX0013243,ST09,2026-06-29 23:00:00,monthly_pass,exit,G11,2.08
TX0013244,ST02,2026-07-05 14:00:00,smart_card,exit,G09,3.55
TX0013245,ST04,2026-08-06 06:00:00,monthly_pass,entry,G03,3.76
TX0013246,ST02,2026-08-15 08:00:00,smart_card,exit,G08,2.12
TX0013247,ST10,2026-07-30 11:00:00,monthly_pass,entry,G02,1.98
TX0013248,ST02,2026-08-04 05:00:00,smart_card,exit,G12,4.24
TX0013249,ST05,2026-08-01 23:00:00,smart_card,exit,G05,1.58
TX0013250,ST05,2026-08-08 08:00:00,smart_card,exit,G01,2.81
TX0013251,ST09,2026-07-20 12:00:00,smart_card,exit,G02,1.71
TX0013252,ST06,2026-07-23 04:00:00,monthly_pass,exit,G02,2.78
TX0013253,ST09,2026-08-19 03:00:00,smart_card,exit,G05,2.07
TX0013254,ST07,2026-08-04 18:00:00,monthly_pass,entry,G03,4.26
TX0013255,ST03,2026-08-16 11:00:00,single_ticket,entry,G09,2.44
TX0013256,ST05,2026-07-17 16:00:00,single_ticket,entry,G09,3.89
TX0013257,ST08,2026-07-03 11:00:00,smart_card,exit,G03,2.62
TX0013258,ST07,2026-07-22 06:00:00,monthly_pass,entry,G02,3.09
TX0013259,ST08,2026-07-03 09:00:00,day_pass,exit,G10,3.53
TX0013260,ST01,2026-07-01 21:00:00,monthly_pass,exit,G01,3.52
TX0013261,ST06,2026-08-05 07:00:00,smart_card,exit,G12,4.05
TX0013262,ST06,2026-07-07 06:00:00,smart_card,exit,G04,2.45
TX0013263,ST07,2026-08-09 08:00:00,day_pass,exit,G01,2.96
TX0013264,ST05,2026-07-09 05:00:00,single_ticket,entry,G09,4.01
TX0013265,ST08,2026-08-19 08:00:00,smart_card,exit,G07,2.46
TX0013266,ST03,2026-07-22 01:00:00,smart_card,exit,G11,2.13
TX0013267,ST05,2026-07-14 05:00:00,smart_card,entry,G01,2.33
TX0013268,ST04,2026-07-05 05:00:00,single_ticket,entry,G05,2.49
TX0013269,ST01,2026-06-27 10:00:00,smart_card,entry,G07,1.97
TX0013270,ST06,2026-07-10 14:00:00,smart_card,exit,G04,2.05
TX0013271,ST05,2026-07-11 18:00:00,smart_card,entry,G01,1.66
TX0013272,ST01,2026-08-15 05:00:00,smart_card,entry,G02,2.17
TX0013273,ST02,2026-07-14 13:00:00,smart_card,entry,G06,4.22
TX0013274,ST10,2026-07-21 09:00:00,smart_card,exit,G07,3.33
TX0013275,ST10,2026-07-18 23:00:00,single_ticket,entry,G06,2.49
TX0013276,ST08,2026-06-30 00:00:00,monthly_pass,exit,G08,3.9
TX0013277,ST09,2026-08-13 09:00:00,smart_card,exit,G12,3.3
TX0013278,ST04,2026-08-20 19:00:00,monthly_pass,exit,G01,2.06
TX0013279,ST06,2026-07-31 21:00:00,single_ticket,exit,G03,3.36
TX0013280,ST03,2026-06-30 19:00:00,monthly_pass,exit,G07,4.31
TX0013281,ST10,2026-07-09 04:00:00,smart_card,exit,G02,1.73
TX0013282,ST05,2026-08-07 23:00:00,single_ticket,exit,G05,4.47
TX0013283,ST10,2026-07-10 22:00:00,smart_card,entry,G01,2.77
TX0013284,ST06,2026-07-11 22:00:00,monthly_pass,exit,G01,2.97
TX0013285,ST03,2026-07-11 14:00:00,smart_card,entry,G02,1.57
TX0013286,ST06,2026-08-01 17:00:00,smart_card,entry,G02,2.29
TX0013287,ST10,2026-07-18 00:00:00,monthly_pass,exit,G08,2.63
TX0013288,ST05,2026-06-26 19:00:00,smart_card,exit,G08,4.4
TX0013289,ST05,2026-07-23 07:00:00,monthly_pass,exit,G12,3.72
TX0013290,ST02,2026-08-17 18:00:00,smart_card,entry,G11,4.32
TX0013291,ST01,2026-07-30 11:00:00,smart_card,exit,G08,3.7
TX0013292,ST02,2026-06-30 19:00:00,smart_card,entry,G12,4.04
TX0013293,ST04,2026-07-25 15:00:00,single_ticket,exit,G08,1.6
TX0013294,ST04,2026-07-25 19:00:00,single_ticket,entry,G12,4.09
TX0013295,ST10,2026-06-30 23:00:00,monthly_pass,entry,G08,3.94
TX0013296,ST04,2026-07-04 18:00:00,single_ticket,entry,G11,3.28
TX0013297,ST05,2026-08-04 22:00:00,single_ticket,exit,G03,3.6
TX0013298,ST01,2026-07-07 09:00:00,single_ticket,exit,G12,3.82
TX0013299,ST08,2026-08-19 12:00:00,smart_card,entry,G12,1.65
TX0013300,ST02,2026-07-20 18:00:00,single_ticket,exit,G01,2.25
TX0013301,ST06,2026-07-31 19:00:00,monthly_pass,entry,G12,4.32
TX0013302,ST09,2026-07-25 08:00:00,monthly_pass,exit,G05,2.4
TX0013303,ST09,2026-08-12 22:00:00,smart_card,entry,G02,1.81
TX0013304,ST07,2026-06-25 10:00:00,smart_card,exit,G09,3.55
TX0013305,ST10,2026-06-24 10:00:00,single_ticket,exit,G03,2.64
TX0013306,ST01,2026-06-24 12:00:00,single_ticket,entry,G09,3.98
TX0013307,ST01,2026-07-18 19:00:00,smart_card,entry,G07,3.24
TX0013308,ST01,2026-07-04 19:00:00,monthly_pass,exit,G08,4.48
TX0013309,ST08,2026-07-28 19:00:00,smart_card,entry,G12,3.65
TX0013310,ST05,2026-06-24 08:00:00,smart_card,entry,G09,3.45
TX0013311,ST01,2026-08-14 09:00:00,day_pass,exit,G07,2.98
TX0013312,ST09,2026-08-19 05:00:00,single_ticket,exit,G04,1.69
TX0013313,ST08,2026-06-29 04:00:00,monthly_pass,entry,G05,1.6
TX0013314,ST04,2026-06-26 21:00:00,smart_card,exit,G02,3.75
TX0013315,ST03,2026-07-24 01:00:00,smart_card,exit,G05,3.78
TX0013316,ST03,2026-08-13 20:00:00,monthly_pass,exit,G01,2.13
TX0013317,ST02,2026-08-21 03:00:00,smart_card,exit,G05,3.15
TX0013318,ST09,2026-07-28 15:00:00,smart_card,entry,G01,2.48
TX0013319,ST05,2026-07-22 18:00:00,single_ticket,entry,G12,3.7
TX0013320,ST08,2026-07-08 19:00:00,monthly_pass,entry,G04,3.96
TX0013321,ST08,2026-07-07 18:00:00,monthly_pass,entry,G10,2.82
TX0013322,ST04,2026-07-30 13:00:00,monthly_pass,entry,G02,3.57
TX0013323,ST10,2026-07-17 01:00:00,smart_card,entry,G10,2.58
TX0013324,ST08,2026-07-09 05:00:00,monthly_pass,entry,G01,3.07
TX0013325,ST05,2026-08-10 06:00:00,smart_card,exit,G01,3.72
TX0013326,ST06,2026-06-23 21:00:00,smart_card,exit,G04,1.86
TX0013327,ST07,2026-08-15 14:00:00,smart_card,exit,G04,1.55
TX0013328,ST08,2026-06-25 13:00:00,smart_card,exit,G10,3.44
TX0013329,ST02,2026-08-09 06:00:00,smart_card,entry,G10,3.87
TX0013330,ST08,2026-08-12 10:00:00,monthly_pass,exit,G07,3.38
TX0013331,ST02,2026-07-31 22:00:00,monthly_pass,exit,G02,2.05
TX0013332,ST01,2026-07-14 00:00:00,smart_card,exit,G10,3.01
TX0013333,ST05,2026-07-17 21:00:00,smart_card,entry,G04,2.72
TX0013334,ST05,2026-08-12 02:00:00,smart_card,entry,G09,4.33
TX0013335,ST05,2026-07-30 10:00:00,single_ticket,exit,G10,3.57
TX0013336,ST03,2026-08-03 17:00:00,monthly_pass,exit,G03,3.06
TX0013337,ST10,2026-07-30 16:00:00,single_ticket,exit,G07,2.69
TX0013338,ST09,2026-08-18 08:00:00,smart_card,exit,G09,2.52
TX0013339,ST04,2026-08-13 22:00:00,monthly_pass,exit,G07,1.9
TX0013340,ST10,2026-07-14 08:00:00,smart_card,exit,G05,3.61
TX0013341,ST06,2026-07-23 17:00:00,day_pass,entry,G04,3.12
TX0013342,ST06,2026-07-07 15:00:00,smart_card,exit,G09,1.73
TX0013343,ST08,2026-08-12 15:00:00,single_ticket,exit,G02,2.73
TX0013344,ST05,2026-08-03 14:00:00,smart_card,entry,G07,3.8
TX0013345,ST09,2026-07-26 17:00:00,smart_card,entry,G11,1.94
TX0013346,ST08,2026-06-25 14:00:00,single_ticket,entry,G03,3.83
TX0013347,ST01,2026-07-20 04:00:00,smart_card,entry,G03,2.87
TX0013348,ST03,2026-08-15 17:00:00,single_ticket,exit,G07,1.71
TX0013349,ST01,2026-07-19 23:00:00,single_ticket,entry,G07,4.32
TX0013350,ST03,2026-07-08 07:00:00,smart_card,exit,G02,2.06
TX0013351,ST02,2026-07-10 20:00:00,smart_card,entry,G08,1.63
TX0013352,ST08,2026-08-18 15:00:00,day_pass,entry,G01,3.09
TX0013353,ST06,2026-08-14 05:00:00,smart_card,entry,G06,1.95
TX0013354,ST07,2026-08-14 04:00:00,smart_card,exit,G01,1.65
TX0013355,ST08,2026-08-05 08:00:00,smart_card,exit,G10,3.52
TX0013356,ST09,2026-08-08 04:00:00,smart_card,exit,G12,1.82
TX0013357,ST07,2026-07-11 00:00:00,smart_card,entry,G01,4.4
TX0013358,ST06,2026-07-12 12:00:00,day_pass,exit,G08,3.94
TX0013359,ST05,2026-07-03 12:00:00,day_pass,exit,G05,4.11
TX0013360,ST10,2026-08-11 08:00:00,smart_card,entry,G02,3.51
TX0013361,ST05,2026-07-05 23:00:00,smart_card,entry,G09,3.14
TX0013362,ST05,2026-07-12 03:00:00,monthly_pass,exit,G11,3.55
TX0013363,ST06,2026-06-28 11:00:00,day_pass,exit,G01,3.26
TX0013364,ST06,2026-07-18 11:00:00,smart_card,entry,G02,3.92
TX0013365,ST01,2026-07-23 21:00:00,single_ticket,entry,G12,2.06
TX0013366,ST05,2026-07-12 19:00:00,monthly_pass,exit,G01,1.9
TX0013367,ST02,2026-07-11 15:00:00,monthly_pass,exit,G05,3.53
TX0013368,ST09,2026-07-21 23:00:00,smart_card,exit,G11,2.1
TX0013369,ST09,2026-07-12 20:00:00,single_ticket,entry,G08,4.44
TX0013370,ST09,2026-07-25 23:00:00,single_ticket,exit,G03,1.95
TX0013371,ST03,2026-07-31 07:00:00,single_ticket,entry,G01,3.48
TX0013372,ST05,2026-07-13 10:00:00,monthly_pass,entry,G07,3.89
TX0013373,ST03,2026-08-20 09:00:00,smart_card,entry,G07,2.35
TX0013374,ST04,2026-08-13 06:00:00,smart_card,exit,G07,3.51
TX0013375,ST06,2026-07-23 02:00:00,single_ticket,exit,G03,4.37
TX0013376,ST08,2026-07-21 14:00:00,monthly_pass,exit,G12,4.36
TX0013377,ST03,2026-08-14 17:00:00,monthly_pass,exit,G05,1.94
TX0013378,ST08,2026-08-08 20:00:00,smart_card,entry,G11,1.84
TX0013379,ST05,2026-07-01 00:00:00,monthly_pass,exit,G12,2.41
TX0013380,ST03,2026-07-21 08:00:00,smart_card,exit,G03,1.68
TX0013381,ST02,2026-08-19 05:00:00,monthly_pass,exit,G09,1.92
TX0013382,ST04,2026-08-08 06:00:00,single_ticket,exit,G06,2.65
TX0013383,ST03,2026-07-16 21:00:00,smart_card,exit,G08,1.54
TX0013384,ST05,2026-07-15 20:00:00,smart_card,entry,G07,1.71
TX0013385,ST01,2026-06-27 22:00:00,smart_card,exit,G12,4.39
TX0013386,ST05,2026-08-14 16:00:00,smart_card,exit,G08,3.66
TX0013387,ST04,2026-07-16 01:00:00,smart_card,entry,G03,2.44
TX0013388,ST02,2026-07-23 01:00:00,monthly_pass,entry,G11,1.86
TX0013389,ST08,2026-07-02 05:00:00,smart_card,entry,G01,2.94
TX0013390,ST06,2026-07-14 07:00:00,monthly_pass,exit,G09,3.29
TX0013391,ST03,2026-07-04 14:00:00,smart_card,exit,G10,2.32
TX0013392,ST04,2026-07-14 11:00:00,single_ticket,exit,G07,3.2
TX0013393,ST04,2026-07-05 10:00:00,single_ticket,exit,G01,2.86
TX0013394,ST04,2026-07-25 08:00:00,smart_card,exit,G05,3.41
TX0013395,ST10,2026-07-10 17:00:00,smart_card,exit,G10,2.76
TX0013396,ST06,2026-07-10 21:00:00,day_pass,entry,G11,3.01
TX0013397,ST03,2026-08-18 18:00:00,smart_card,entry,G07,1.87
TX0013398,ST09,2026-08-03 13:00:00,smart_card,entry,G06,2.14
TX0013399,ST01,2026-08-16 16:00:00,day_pass,entry,G03,2.9
TX0013400,ST08,2026-06-27 14:00:00,smart_card,entry,G06,3.09
TX0013401,ST09,2026-08-11 19:00:00,smart_card,entry,G08,3.82
TX0013402,ST08,2026-07-16 23:00:00,smart_card,exit,G12,2.05
TX0013403,ST05,2026-08-12 23:00:00,single_ticket,exit,G06,3.59
TX0013404,ST07,2026-07-30 03:00:00,monthly_pass,entry,G01,2.87
TX0013405,ST05,2026-08-10 10:00:00,smart_card,entry,G03,1.59
TX0013406,ST06,2026-07-26 06:00:00,smart_card,entry,G06,1.65
TX0013407,ST05,2026-07-12 06:00:00,smart_card,exit,G10,3.06
TX0013408,ST07,2026-07-28 22:00:00,monthly_pass,exit,G08,3.52
TX0013409,ST10,2026-08-20 07:00:00,monthly_pass,entry,G04,4.09
TX0013410,ST05,2026-08-07 22:00:00,smart_card,entry,G12,2.2
TX0013411,ST10,2026-06-26 00:00:00,smart_card,exit,G03,3.95
TX0013412,ST08,2026-07-03 03:00:00,single_ticket,entry,G01,2.03
TX0013413,ST04,2026-06-30 23:00:00,single_ticket,exit,G09,3.45
TX0013414,ST08,2026-07-01 23:00:00,single_ticket,exit,G01,2.01
TX0013415,ST04,2026-07-06 22:00:00,smart_card,exit,G06,3.38
TX0013416,ST09,2026-07-19 10:00:00,smart_card,entry,G02,2.32
TX0013417,ST05,2026-08-12 17:00:00,smart_card,exit,G05,2.63
TX0013418,ST01,2026-08-13 09:00:00,day_pass,entry,G05,3.44
TX0013419,ST08,2026-08-19 03:00:00,smart_card,exit,G07,3.09
TX0013420,ST03,2026-07-12 19:00:00,smart_card,exit,G12,1.77
TX0013421,ST02,2026-08-18 11:00:00,monthly_pass,entry,G08,3.35
TX0013422,ST04,2026-07-08 20:00:00,monthly_pass,exit,G02,3.19
TX0013423,ST05,2026-07-24 21:00:00,day_pass,entry,G02,3.72
TX0013424,ST07,2026-08-19 13:00:00,single_ticket,exit,G05,4.06
TX0013425,ST04,2026-07-14 15:00:00,single_ticket,exit,G11,2.09
TX0013426,ST06,2026-07-21 10:00:00,smart_card,entry,G06,3.52
TX0013427,ST08,2026-08-09 02:00:00,smart_card,entry,G05,2.56
TX0013428,ST06,2026-08-18 17:00:00,single_ticket,exit,G04,2.21
TX0013429,ST06,2026-08-12 08:00:00,smart_card,exit,G03,3.64
TX0013430,ST01,2026-08-06 02:00:00,smart_card,exit,G06,3.04
TX0013431,ST08,2026-06-26 05:00:00,single_ticket,exit,G02,4.18
TX0013432,ST04,2026-06-24 00:00:00,smart_card,entry,G06,2.22
TX0013433,ST09,2026-07-18 15:00:00,single_ticket,entry,G11,2.02
TX0013434,ST01,2026-07-24 07:00:00,smart_card,exit,G02,3.01
TX0013435,ST08,2026-07-03 18:00:00,monthly_pass,entry,G01,3.86
TX0013436,ST09,2026-08-11 10:00:00,monthly_pass,entry,G03,3.05
TX0013437,ST07,2026-07-01 14:00:00,single_ticket,entry,G09,2.78
TX0013438,ST01,2026-07-02 14:00:00,smart_card,exit,G01,3.43
TX0013439,ST07,2026-08-08 03:00:00,smart_card,entry,G01,3.1
TX0013440,ST06,2026-06-23 20:00:00,monthly_pass,exit,G02,3.41
TX0013441,ST03,2026-07-14 16:00:00,smart_card,entry,G11,3.77
TX0013442,ST08,2026-06-30 06:00:00,day_pass,exit,G01,4.45
TX0013443,ST07,2026-08-18 12:00:00,smart_card,entry,G11,2.23
TX0013444,ST10,2026-07-28 13:00:00,monthly_pass,entry,G08,3.31
TX0013445,ST04,2026-07-19 13:00:00,smart_card,entry,G04,3.3
TX0013446,ST04,2026-07-01 13:00:00,single_ticket,exit,G11,2.19
TX0013447,ST04,2026-08-13 02:00:00,smart_card,entry,G01,4.39
TX0013448,ST06,2026-07-23 00:00:00,monthly_pass,exit,G03,3.86
TX0013449,ST01,2026-07-22 01:00:00,single_ticket,entry,G01,2.17
TX0013450,ST10,2026-07-31 20:00:00,single_ticket,entry,G04,4.44
TX0013451,ST09,2026-07-26 07:00:00,smart_card,entry,G12,2.18
TX0013452,ST02,2026-07-17 13:00:00,single_ticket,entry,G07,2.26
TX0013453,ST05,2026-07-02 02:00:00,smart_card,exit,G08,1.54
TX0013454,ST05,2026-07-27 05:00:00,smart_card,entry,G03,1.84
TX0013455,ST06,2026-06-24 02:00:00,smart_card,exit,G12,1.74
TX0013456,ST10,2026-07-12 21:00:00,smart_card,entry,G12,4.3
TX0013457,ST03,2026-08-15 07:00:00,day_pass,entry,G06,4.07
TX0013458,ST04,2026-07-12 14:00:00,smart_card,exit,G06,3.54
TX0013459,ST08,2026-07-27 01:00:00,monthly_pass,exit,G10,2.66
TX0013460,ST10,2026-07-21 13:00:00,smart_card,exit,G06,3.76
TX0013461,ST05,2026-08-18 17:00:00,smart_card,exit,G12,2.95
TX0013462,ST05,2026-08-20 19:00:00,single_ticket,entry,G04,4.38
TX0013463,ST02,2026-06-23 01:00:00,monthly_pass,exit,G04,1.6
TX0013464,ST05,2026-07-01 18:00:00,smart_card,exit,G03,1.52
TX0013465,ST07,2026-08-12 01:00:00,single_ticket,exit,G02,2.64
TX0013466,ST08,2026-07-28 09:00:00,day_pass,exit,G11,4.02
TX0013467,ST02,2026-07-15 13:00:00,day_pass,exit,G04,3.54
TX0013468,ST09,2026-08-13 00:00:00,monthly_pass,exit,G07,2.47
TX0013469,ST09,2026-08-14 18:00:00,smart_card,exit,G07,1.8
TX0013470,ST06,2026-08-01 20:00:00,day_pass,exit,G02,3.19
TX0013471,ST01,2026-07-09 01:00:00,monthly_pass,entry,G09,3.18
TX0013472,ST01,2026-07-08 05:00:00,smart_card,exit,G02,1.59
TX0013473,ST10,2026-07-19 14:00:00,single_ticket,exit,G12,3.99
TX0013474,ST10,2026-07-21 19:00:00,smart_card,exit,G06,3.77
TX0013475,ST08,2026-07-03 05:00:00,smart_card,entry,G10,2.99
TX0013476,ST02,2026-06-30 06:00:00,smart_card,exit,G07,2.02
TX0013477,ST10,2026-07-25 15:00:00,smart_card,entry,G02,3.1
TX0013478,ST04,2026-07-11 13:00:00,single_ticket,entry,G10,3.39
TX0013479,ST10,2026-07-20 04:00:00,monthly_pass,exit,G12,4.23
TX0013480,ST05,2026-08-11 15:00:00,smart_card,entry,G07,2.21
TX0013481,ST03,2026-08-04 18:00:00,smart_card,exit,G11,3.85
TX0013482,ST03,2026-08-14 11:00:00,smart_card,exit,G04,3.01
TX0013483,ST06,2026-07-02 14:00:00,day_pass,exit,G03,1.66
TX0013484,ST10,2026-06-29 17:00:00,smart_card,exit,G09,3.9
TX0013485,ST06,2026-08-11 20:00:00,day_pass,entry,G11,3.24
TX0013486,ST02,2026-07-23 14:00:00,smart_card,entry,G04,1.65
TX0013487,ST08,2026-08-13 05:00:00,single_ticket,entry,G03,3.55
TX0013488,ST09,2026-08-08 18:00:00,single_ticket,exit,G03,3.17
TX0013489,ST07,2026-08-18 13:00:00,day_pass,entry,G07,2.71
TX0013490,ST01,2026-08-03 12:00:00,single_ticket,exit,G09,1.77
TX0013491,ST04,2026-07-25 17:00:00,monthly_pass,exit,G10,4.17
TX0013492,ST10,2026-06-30 17:00:00,smart_card,entry,G02,4.29
TX0013493,ST06,2026-07-01 07:00:00,single_ticket,entry,G02,4.31
TX0013494,ST06,2026-06-30 22:00:00,smart_card,entry,G09,3.4
TX0013495,ST07,2026-07-06 18:00:00,monthly_pass,exit,G09,1.69
TX0013496,ST02,2026-08-20 20:00:00,smart_card,entry,G05,3.41
TX0013497,ST01,2026-06-22 14:00:00,single_ticket,exit,G07,4.0
TX0013498,ST08,2026-06-24 13:00:00,monthly_pass,entry,G03,4.48
TX0013499,ST02,2026-07-08 19:00:00,smart_card,entry,G07,3.19
TX0013500,ST04,2026-07-12 09:00:00,smart_card,entry,G04,2.57
TX0013501,ST01,2026-07-02 20:00:00,smart_card,exit,G08,2.85
TX0013502,ST05,2026-08-13 23:00:00,smart_card,exit,G12,3.22
TX0013503,ST04,2026-08-19 06:00:00,single_ticket,entry,G01,3.98
TX0013504,ST09,2026-08-09 10:00:00,smart_card,exit,G11,4.33
TX0013505,ST03,2026-07-10 17:00:00,smart_card,entry,G02,2.17
TX0013506,ST06,2026-07-13 15:00:00,smart_card,entry,G03,2.25
TX0013507,ST02,2026-06-28 02:00:00,smart_card,entry,G03,4.01
TX0013508,ST08,2026-08-05 17:00:00,smart_card,entry,G01,2.88
TX0013509,ST01,2026-07-30 17:00:00,single_ticket,entry,G02,2.33
TX0013510,ST02,2026-08-17 00:00:00,smart_card,exit,G10,1.86
TX0013511,ST08,2026-07-18 01:00:00,monthly_pass,exit,G06,2.05
TX0013512,ST06,2026-07-21 00:00:00,smart_card,entry,G06,2.5
TX0013513,ST05,2026-07-07 17:00:00,smart_card,exit,G08,1.59
TX0013514,ST10,2026-07-02 21:00:00,smart_card,entry,G03,4.41
TX0013515,ST04,2026-08-02 21:00:00,smart_card,exit,G02,3.14
TX0013516,ST06,2026-06-26 21:00:00,monthly_pass,exit,G05,3.97
TX0013517,ST05,2026-08-17 03:00:00,single_ticket,entry,G09,2.82
TX0013518,ST05,2026-07-03 23:00:00,smart_card,exit,G02,4.37
TX0013519,ST03,2026-07-29 12:00:00,monthly_pass,exit,G11,2.77
TX0013520,ST04,2026-07-13 16:00:00,single_ticket,exit,G01,2.69
TX0013521,ST09,2026-07-25 21:00:00,day_pass,exit,G02,3.68
TX0013522,ST04,2026-07-19 01:00:00,smart_card,entry,G04,3.19
TX0013523,ST08,2026-07-29 08:00:00,smart_card,entry,G03,2.42
TX0013524,ST01,2026-07-14 16:00:00,smart_card,entry,G06,1.5
TX0013525,ST06,2026-07-04 00:00:00,smart_card,entry,G05,1.87
TX0013526,ST02,2026-08-15 14:00:00,monthly_pass,exit,G07,2.28
TX0013527,ST03,2026-07-27 04:00:00,smart_card,exit,G08,1.82
TX0013528,ST10,2026-07-24 16:00:00,smart_card,entry,G03,3.05
TX0013529,ST05,2026-08-05 08:00:00,single_ticket,exit,G02,2.51
TX0013530,ST07,2026-07-21 06:00:00,single_ticket,entry,G01,3.6
TX0013531,ST10,2026-07-07 04:00:00,smart_card,exit,G05,2.92
TX0013532,ST04,2026-06-28 09:00:00,smart_card,entry,G10,2.13
TX0013533,ST01,2026-07-20 00:00:00,smart_card,exit,G12,2.82
TX0013534,ST06,2026-07-07 20:00:00,smart_card,exit,G10,3.69
TX0013535,ST08,2026-08-08 08:00:00,day_pass,entry,G07,3.06
TX0013536,ST06,2026-08-17 10:00:00,smart_card,exit,G07,2.78
TX0013537,ST04,2026-07-23 04:00:00,monthly_pass,exit,G03,2.58
TX0013538,ST08,2026-07-31 12:00:00,smart_card,exit,G04,3.58
TX0013539,ST08,2026-07-29 12:00:00,monthly_pass,entry,G08,3.64
TX0013540,ST01,2026-08-17 14:00:00,monthly_pass,entry,G01,3.39
TX0013541,ST10,2026-07-07 08:00:00,single_ticket,entry,G05,3.21
TX0013542,ST05,2026-08-17 15:00:00,day_pass,entry,G08,2.58
TX0013543,ST10,2026-08-07 19:00:00,smart_card,entry,G11,3.74
TX0013544,ST07,2026-06-23 03:00:00,smart_card,entry,G11,4.13
TX0013545,ST02,2026-08-13 20:00:00,single_ticket,exit,G12,1.88
TX0013546,ST03,2026-07-10 23:00:00,smart_card,entry,G08,4.26
TX0013547,ST06,2026-07-27 18:00:00,single_ticket,exit,G03,2.2
TX0013548,ST09,2026-07-05 02:00:00,smart_card,entry,G03,1.9
TX0013549,ST07,2026-07-31 17:00:00,smart_card,exit,G12,3.5
TX0013550,ST03,2026-07-21 13:00:00,smart_card,exit,G09,2.81
TX0013551,ST10,2026-07-19 06:00:00,monthly_pass,exit,G10,4.44
TX0013552,ST10,2026-07-12 19:00:00,single_ticket,entry,G07,2.74
TX0013553,ST04,2026-08-16 10:00:00,day_pass,entry,G02,3.46
TX0013554,ST03,2026-07-12 21:00:00,day_pass,exit,G08,1.95
TX0013555,ST01,2026-08-13 13:00:00,day_pass,entry,G10,2.76
TX0013556,ST05,2026-07-10 03:00:00,smart_card,exit,G03,3.54
TX0013557,ST09,2026-06-29 21:00:00,monthly_pass,entry,G03,1.86
TX0013558,ST07,2026-07-25 15:00:00,smart_card,exit,G06,3.22
TX0013559,ST04,2026-08-04 01:00:00,single_ticket,entry,G01,4.36
TX0013560,ST08,2026-07-30 16:00:00,day_pass,exit,G02,2.39
TX0013561,ST09,2026-08-01 15:00:00,monthly_pass,entry,G10,3.31
TX0013562,ST08,2026-08-19 09:00:00,smart_card,entry,G11,3.39
TX0013563,ST08,2026-08-04 18:00:00,smart_card,exit,G05,4.01
TX0013564,ST03,2026-08-15 04:00:00,smart_card,entry,G01,1.96
TX0013565,ST10,2026-07-13 01:00:00,smart_card,exit,G12,3.64
TX0013566,ST04,2026-07-16 19:00:00,single_ticket,exit,G11,3.16
TX0013567,ST02,2026-07-09 09:00:00,single_ticket,exit,G06,3.13
TX0013568,ST05,2026-07-15 09:00:00,smart_card,exit,G12,3.41
TX0013569,ST10,2026-06-22 17:00:00,smart_card,entry,G08,3.88
TX0013570,ST10,2026-08-12 16:00:00,single_ticket,entry,G09,3.66
TX0013571,ST02,2026-07-19 22:00:00,smart_card,exit,G09,1.66
TX0013572,ST01,2026-06-27 18:00:00,smart_card,entry,G04,2.94
TX0013573,ST10,2026-07-11 17:00:00,day_pass,exit,G11,3.51
TX0013574,ST04,2026-07-21 18:00:00,smart_card,exit,G02,1.53
TX0013575,ST01,2026-07-30 21:00:00,monthly_pass,entry,G03,2.4
TX0013576,ST01,2026-07-26 12:00:00,single_ticket,entry,G02,1.84
TX0013577,ST06,2026-07-07 21:00:00,smart_card,entry,G03,2.45
TX0013578,ST09,2026-06-26 21:00:00,smart_card,entry,G10,3.78
TX0013579,ST02,2026-06-26 00:00:00,smart_card,entry,G11,3.86
TX0013580,ST01,2026-08-11 19:00:00,monthly_pass,entry,G02,3.51
TX0013581,ST01,2026-07-13 05:00:00,smart_card,exit,G04,1.91
TX0013582,ST09,2026-08-01 02:00:00,single_ticket,exit,G03,3.67
TX0013583,ST08,2026-06-26 17:00:00,day_pass,exit,G08,3.68
TX0013584,ST05,2026-07-24 07:00:00,smart_card,exit,G11,1.63
TX0013585,ST03,2026-06-30 05:00:00,smart_card,exit,G01,3.16
TX0013586,ST08,2026-06-25 03:00:00,smart_card,exit,G05,3.01
TX0013587,ST07,2026-07-31 05:00:00,day_pass,entry,G09,3.44
TX0013588,ST07,2026-07-10 19:00:00,monthly_pass,entry,G11,3.57
TX0013589,ST10,2026-06-28 17:00:00,monthly_pass,entry,G03,1.7
TX0013590,ST07,2026-06-22 12:00:00,smart_card,entry,G07,2.25
TX0013591,ST05,2026-07-28 00:00:00,single_ticket,exit,G10,3.98
TX0013592,ST07,2026-07-18 14:00:00,single_ticket,entry,G11,3.06
TX0013593,ST03,2026-07-26 18:00:00,monthly_pass,entry,G09,3.94
TX0013594,ST10,2026-07-27 16:00:00,single_ticket,entry,G10,2.27
TX0013595,ST04,2026-07-14 06:00:00,smart_card,exit,G08,4.32
TX0013596,ST04,2026-07-10 01:00:00,smart_card,exit,G01,2.89
TX0013597,ST03,2026-08-19 01:00:00,monthly_pass,exit,G02,2.96
TX0013598,ST09,2026-06-30 07:00:00,single_ticket,entry,G10,2.38
TX0013599,ST09,2026-07-25 19:00:00,smart_card,exit,G04,3.88
TX0013600,ST09,2026-07-03 15:00:00,monthly_pass,exit,G09,3.59
TX0013601,ST10,2026-08-14 02:00:00,single_ticket,entry,G01,4.09
TX0013602,ST07,2026-07-03 06:00:00,smart_card,entry,G08,2.77
TX0013603,ST03,2026-08-15 15:00:00,smart_card,exit,G04,3.95
TX0013604,ST08,2026-07-05 19:00:00,smart_card,exit,G08,2.82
TX0013605,ST04,2026-08-02 02:00:00,single_ticket,exit,G05,2.41
TX0013606,ST03,2026-06-24 00:00:00,single_ticket,entry,G10,4.46
TX0013607,ST05,2026-07-26 17:00:00,monthly_pass,exit,G06,2.32
TX0013608,ST02,2026-07-07 15:00:00,smart_card,exit,G10,2.1
TX0013609,ST03,2026-07-17 11:00:00,smart_card,exit,G12,3.26
TX0013610,ST06,2026-07-01 08:00:00,smart_card,entry,G06,3.8
TX0013611,ST03,2026-07-03 02:00:00,smart_card,exit,G09,1.92
TX0013612,ST07,2026-08-18 16:00:00,day_pass,entry,G06,3.9
TX0013613,ST07,2026-07-21 16:00:00,day_pass,exit,G05,4.41
TX0013614,ST01,2026-08-16 09:00:00,monthly_pass,entry,G09,3.04
TX0013615,ST03,2026-08-20 21:00:00,single_ticket,entry,G11,4.4
TX0013616,ST06,2026-07-04 11:00:00,smart_card,entry,G04,1.91
TX0013617,ST07,2026-06-24 19:00:00,smart_card,exit,G05,3.21
TX0013618,ST07,2026-08-12 13:00:00,single_ticket,exit,G05,4.15
TX0013619,ST07,2026-06-24 08:00:00,single_ticket,entry,G05,2.87
TX0013620,ST10,2026-07-22 14:00:00,smart_card,exit,G03,3.98
TX0013621,ST07,2026-08-19 21:00:00,monthly_pass,entry,G01,3.46
TX0013622,ST07,2026-07-31 09:00:00,monthly_pass,entry,G04,2.28
TX0013623,ST09,2026-07-08 12:00:00,day_pass,exit,G09,4.2
TX0013624,ST08,2026-07-12 23:00:00,smart_card,exit,G12,2.61
TX0013625,ST04,2026-08-12 02:00:00,smart_card,exit,G03,1.64
TX0013626,ST08,2026-08-17 09:00:00,single_ticket,exit,G05,2.19
TX0013627,ST05,2026-07-09 09:00:00,smart_card,exit,G03,3.9
TX0013628,ST02,2026-06-26 09:00:00,smart_card,entry,G11,3.66
TX0013629,ST07,2026-07-24 06:00:00,single_ticket,entry,G05,3.5
TX0013630,ST02,2026-08-12 22:00:00,smart_card,exit,G02,1.77
TX0013631,ST10,2026-08-14 06:00:00,smart_card,exit,G10,3.81
TX0013632,ST08,2026-08-07 06:00:00,smart_card,exit,G02,3.33
TX0013633,ST05,2026-07-15 06:00:00,smart_card,exit,G11,1.89
TX0013634,ST01,2026-08-10 20:00:00,smart_card,entry,G07,2.83
TX0013635,ST04,2026-08-01 18:00:00,day_pass,exit,G07,2.45
TX0013636,ST02,2026-06-26 11:00:00,smart_card,exit,G06,3.64
TX0013637,ST08,2026-08-20 02:00:00,smart_card,entry,G12,2.75
TX0013638,ST08,2026-08-21 01:00:00,smart_card,exit,G03,3.55
TX0013639,ST05,2026-08-15 05:00:00,smart_card,entry,G06,4.25
TX0013640,ST02,2026-08-07 00:00:00,smart_card,exit,G01,2.78
TX0013641,ST01,2026-07-31 22:00:00,smart_card,entry,G08,4.13
TX0013642,ST06,2026-06-23 22:00:00,day_pass,entry,G08,2.55
TX0013643,ST05,2026-08-01 16:00:00,monthly_pass,entry,G12,2.45
TX0013644,ST04,2026-07-14 03:00:00,smart_card,exit,G08,1.97
TX0013645,ST05,2026-08-04 14:00:00,smart_card,entry,G07,3.68
TX0013646,ST06,2026-07-25 23:00:00,day_pass,exit,G09,3.73
TX0013647,ST04,2026-06-22 15:00:00,single_ticket,exit,G06,1.89
TX0013648,ST07,2026-07-04 01:00:00,smart_card,exit,G12,4.28
TX0013649,ST04,2026-08-03 11:00:00,monthly_pass,entry,G01,2.63
TX0013650,ST06,2026-06-27 15:00:00,smart_card,exit,G05,3.45
TX0013651,ST07,2026-07-21 17:00:00,monthly_pass,entry,G11,4.09
TX0013652,ST04,2026-07-09 06:00:00,monthly_pass,entry,G08,3.01
TX0013653,ST08,2026-08-19 19:00:00,monthly_pass,exit,G03,4.14
TX0013654,ST05,2026-07-24 18:00:00,smart_card,exit,G09,3.78
TX0013655,ST08,2026-08-06 19:00:00,smart_card,exit,G06,2.62
TX0013656,ST04,2026-08-02 06:00:00,smart_card,exit,G08,2.84
TX0013657,ST04,2026-07-27 06:00:00,single_ticket,exit,G10,3.42
TX0013658,ST06,2026-07-19 17:00:00,smart_card,exit,G09,4.13
TX0013659,ST02,2026-07-22 01:00:00,smart_card,exit,G07,4.46
TX0013660,ST01,2026-08-05 11:00:00,smart_card,entry,G10,1.98
TX0013661,ST08,2026-07-22 13:00:00,smart_card,entry,G10,3.36
TX0013662,ST01,2026-08-09 20:00:00,day_pass,entry,G07,4.22
TX0013663,ST08,2026-08-16 19:00:00,monthly_pass,exit,G11,2.32
TX0013664,ST03,2026-07-23 17:00:00,smart_card,exit,G06,3.0
TX0013665,ST06,2026-07-11 00:00:00,smart_card,exit,G11,3.6
TX0013666,ST04,2026-08-14 01:00:00,single_ticket,exit,G10,2.91
TX0013667,ST08,2026-08-04 23:00:00,smart_card,entry,G01,2.01
TX0013668,ST05,2026-08-20 21:00:00,smart_card,entry,G06,2.07
TX0013669,ST04,2026-06-29 08:00:00,smart_card,exit,G03,3.28
TX0013670,ST06,2026-06-24 23:00:00,smart_card,entry,G03,4.47
TX0013671,ST08,2026-08-13 09:00:00,smart_card,exit,G11,1.84
TX0013672,ST04,2026-07-19 17:00:00,single_ticket,exit,G10,2.97
TX0013673,ST06,2026-08-08 12:00:00,monthly_pass,entry,G04,1.76
TX0013674,ST10,2026-08-18 09:00:00,monthly_pass,exit,G08,3.77
TX0013675,ST09,2026-07-02 14:00:00,single_ticket,entry,G09,3.93
TX0013676,ST04,2026-07-18 07:00:00,smart_card,exit,G02,3.61
TX0013677,ST02,2026-08-17 03:00:00,monthly_pass,entry,G07,3.49
TX0013678,ST01,2026-07-22 02:00:00,single_ticket,exit,G08,3.97
TX0013679,ST07,2026-08-18 08:00:00,smart_card,exit,G12,3.66
TX0013680,ST02,2026-08-05 11:00:00,smart_card,exit,G06,3.33
TX0013681,ST04,2026-06-23 21:00:00,day_pass,exit,G04,3.65
TX0013682,ST03,2026-08-15 00:00:00,day_pass,exit,G06,1.82
TX0013683,ST06,2026-07-28 23:00:00,single_ticket,entry,G10,2.54
TX0013684,ST10,2026-08-06 22:00:00,smart_card,entry,G02,3.48
TX0013685,ST01,2026-07-08 16:00:00,smart_card,entry,G05,3.89
TX0013686,ST05,2026-08-20 15:00:00,single_ticket,exit,G02,2.13
TX0013687,ST10,2026-08-10 12:00:00,smart_card,exit,G03,2.49
TX0013688,ST04,2026-06-29 09:00:00,smart_card,exit,G02,2.84
TX0013689,ST01,2026-08-18 02:00:00,smart_card,exit,G06,4.24
TX0013690,ST10,2026-07-23 22:00:00,day_pass,entry,G09,2.6
TX0013691,ST07,2026-06-28 08:00:00,smart_card,exit,G07,1.92
TX0013692,ST09,2026-07-18 05:00:00,smart_card,entry,G02,4.11
TX0013693,ST10,2026-07-18 05:00:00,monthly_pass,entry,G02,2.69
TX0013694,ST05,2026-06-28 18:00:00,smart_card,exit,G06,4.09
TX0013695,ST04,2026-07-19 05:00:00,smart_card,entry,G03,1.75
TX0013696,ST03,2026-06-23 15:00:00,smart_card,exit,G02,4.34
TX0013697,ST08,2026-07-10 11:00:00,day_pass,entry,G11,4.36
TX0013698,ST04,2026-08-16 09:00:00,smart_card,exit,G05,2.36
TX0013699,ST03,2026-07-29 03:00:00,smart_card,exit,G08,1.61
TX0013700,ST03,2026-07-15 13:00:00,smart_card,entry,G06,2.7
TX0013701,ST09,2026-07-14 00:00:00,single_ticket,exit,G09,2.19
TX0013702,ST09,2026-07-25 17:00:00,smart_card,entry,G05,3.82
TX0013703,ST06,2026-06-28 18:00:00,smart_card,exit,G05,1.63
TX0013704,ST05,2026-08-04 19:00:00,single_ticket,exit,G11,1.85
TX0013705,ST07,2026-08-12 20:00:00,single_ticket,entry,G07,3.48
TX0013706,ST02,2026-07-21 12:00:00,single_ticket,entry,G10,3.95
TX0013707,ST04,2026-07-24 21:00:00,smart_card,entry,G01,1.6
TX0013708,ST04,2026-07-23 14:00:00,monthly_pass,exit,G04,2.26
TX0013709,ST02,2026-06-27 16:00:00,single_ticket,exit,G02,3.33
TX0013710,ST03,2026-08-11 04:00:00,day_pass,exit,G01,2.34
TX0013711,ST01,2026-08-07 23:00:00,smart_card,exit,G12,3.45
TX0013712,ST02,2026-08-17 07:00:00,smart_card,exit,G10,3.36
TX0013713,ST03,2026-06-25 20:00:00,smart_card,entry,G03,3.02
TX0013714,ST02,2026-08-05 13:00:00,single_ticket,entry,G04,3.85
TX0013715,ST05,2026-07-01 17:00:00,smart_card,entry,G06,1.71
TX0013716,ST09,2026-06-27 22:00:00,day_pass,exit,G04,1.82
TX0013717,ST07,2026-07-01 16:00:00,smart_card,exit,G12,1.89
TX0013718,ST08,2026-07-30 13:00:00,single_ticket,exit,G06,4.43
TX0013719,ST05,2026-08-19 17:00:00,smart_card,entry,G08,2.33
TX0013720,ST09,2026-06-23 01:00:00,smart_card,entry,G09,2.68
TX0013721,ST01,2026-07-22 13:00:00,smart_card,entry,G02,2.31
TX0013722,ST06,2026-07-08 08:00:00,smart_card,exit,G07,3.71
TX0013723,ST06,2026-07-06 12:00:00,single_ticket,exit,G06,2.3
TX0013724,ST01,2026-07-09 09:00:00,smart_card,entry,G09,3.2
TX0013725,ST08,2026-08-13 15:00:00,smart_card,exit,G06,1.83
TX0013726,ST07,2026-08-05 17:00:00,smart_card,exit,G01,3.94
TX0013727,ST04,2026-08-20 14:00:00,smart_card,entry,G06,4.36
TX0013728,ST06,2026-07-11 17:00:00,smart_card,entry,G11,2.57
TX0013729,ST01,2026-07-26 14:00:00,day_pass,entry,G11,1.79
TX0013730,ST03,2026-07-08 08:00:00,smart_card,exit,G03,2.55
TX0013731,ST03,2026-08-06 19:00:00,single_ticket,entry,G07,1.99
TX0013732,ST07,2026-06-29 05:00:00,smart_card,exit,G08,4.17
TX0013733,ST06,2026-08-07 07:00:00,smart_card,entry,G10,4.39
TX0013734,ST01,2026-07-09 14:00:00,smart_card,entry,G04,2.39
TX0013735,ST08,2026-08-10 10:00:00,smart_card,entry,G05,3.78
TX0013736,ST07,2026-08-10 06:00:00,smart_card,entry,G11,3.79
TX0013737,ST05,2026-08-02 09:00:00,smart_card,exit,G09,3.83
TX0013738,ST07,2026-07-05 20:00:00,day_pass,entry,G02,1.78
TX0013739,ST09,2026-07-27 22:00:00,smart_card,entry,G06,4.05
TX0013740,ST08,2026-08-03 05:00:00,single_ticket,exit,G01,2.82
TX0013741,ST10,2026-07-31 05:00:00,smart_card,exit,G10,3.97
TX0013742,ST02,2026-07-18 23:00:00,monthly_pass,exit,G05,2.5
TX0013743,ST07,2026-07-04 22:00:00,smart_card,exit,G09,4.25
TX0013744,ST08,2026-07-19 15:00:00,smart_card,exit,G12,2.17
TX0013745,ST09,2026-07-18 22:00:00,smart_card,exit,G05,2.04
TX0013746,ST03,2026-07-12 18:00:00,monthly_pass,entry,G12,1.54
TX0013747,ST04,2026-08-19 19:00:00,single_ticket,exit,G05,2.36
TX0013748,ST03,2026-08-12 08:00:00,smart_card,entry,G04,2.77
TX0013749,ST08,2026-07-15 09:00:00,smart_card,exit,G10,3.8
TX0013750,ST04,2026-06-24 17:00:00,day_pass,exit,G01,1.69
TX0013751,ST06,2026-07-14 00:00:00,day_pass,exit,G08,2.18
TX0013752,ST01,2026-08-05 15:00:00,smart_card,entry,G02,3.3
TX0013753,ST03,2026-08-04 06:00:00,smart_card,entry,G08,3.8
TX0013754,ST10,2026-07-13 20:00:00,smart_card,exit,G04,3.57
TX0013755,ST04,2026-08-11 21:00:00,smart_card,entry,G12,3.8
TX0013756,ST06,2026-07-25 15:00:00,smart_card,entry,G04,3.83
TX0013757,ST04,2026-08-05 16:00:00,smart_card,entry,G03,2.0
TX0013758,ST04,2026-08-20 01:00:00,smart_card,exit,G10,2.35
TX0013759,ST09,2026-06-29 07:00:00,single_ticket,exit,G07,4.2
TX0013760,ST02,2026-08-15 07:00:00,smart_card,exit,G08,3.69
TX0013761,ST04,2026-07-22 17:00:00,smart_card,entry,G03,4.38
TX0013762,ST03,2026-08-07 21:00:00,monthly_pass,entry,G04,4.41
TX0013763,ST07,2026-08-07 21:00:00,smart_card,entry,G03,1.51
TX0013764,ST02,2026-08-02 08:00:00,smart_card,exit,G10,3.28
TX0013765,ST09,2026-07-09 15:00:00,smart_card,entry,G08,3.89
TX0013766,ST05,2026-08-05 22:00:00,smart_card,exit,G04,3.45
TX0013767,ST08,2026-06-24 00:00:00,smart_card,entry,G02,1.7
TX0013768,ST02,2026-07-02 12:00:00,smart_card,exit,G08,3.54
TX0013769,ST01,2026-07-27 16:00:00,smart_card,entry,G02,2.91
TX0013770,ST09,2026-07-01 07:00:00,smart_card,exit,G12,3.22
TX0013771,ST05,2026-07-14 20:00:00,monthly_pass,exit,G03,3.88
TX0013772,ST07,2026-07-10 20:00:00,smart_card,exit,G05,2.01
TX0013773,ST09,2026-08-13 21:00:00,smart_card,entry,G07,2.57
TX0013774,ST05,2026-06-27 03:00:00,day_pass,exit,G03,1.65
TX0013775,ST06,2026-08-16 12:00:00,smart_card,entry,G12,3.22
TX0013776,ST02,2026-08-19 12:00:00,smart_card,exit,G08,1.76
TX0013777,ST08,2026-08-11 04:00:00,smart_card,exit,G09,2.26
TX0013778,ST04,2026-07-04 08:00:00,smart_card,exit,G02,3.75
TX0013779,ST07,2026-07-29 17:00:00,monthly_pass,exit,G08,1.84
TX0013780,ST07,2026-07-15 20:00:00,monthly_pass,entry,G10,2.54
TX0013781,ST08,2026-07-30 21:00:00,day_pass,exit,G05,3.75
TX0013782,ST07,2026-08-10 12:00:00,smart_card,exit,G10,3.81
TX0013783,ST02,2026-08-04 22:00:00,smart_card,exit,G02,3.75
TX0013784,ST09,2026-07-08 23:00:00,smart_card,entry,G08,3.29
TX0013785,ST05,2026-08-08 22:00:00,smart_card,entry,G10,3.59
TX0013786,ST06,2026-06-30 03:00:00,monthly_pass,exit,G07,3.5
TX0013787,ST08,2026-08-18 00:00:00,smart_card,entry,G01,3.14
TX0013788,ST02,2026-08-19 22:00:00,smart_card,entry,G06,2.66
TX0013789,ST05,2026-07-29 22:00:00,smart_card,exit,G09,1.83
TX0013790,ST05,2026-06-27 06:00:00,day_pass,exit,G02,4.0
TX0013791,ST08,2026-06-29 19:00:00,single_ticket,entry,G05,3.0
TX0013792,ST04,2026-06-27 17:00:00,smart_card,entry,G09,3.85
TX0013793,ST07,2026-08-15 18:00:00,single_ticket,entry,G06,2.91
TX0013794,ST06,2026-07-01 10:00:00,smart_card,exit,G06,3.42
TX0013795,ST10,2026-07-18 21:00:00,single_ticket,exit,G07,4.44
TX0013796,ST07,2026-08-10 16:00:00,smart_card,exit,G07,1.79
TX0013797,ST09,2026-08-16 03:00:00,smart_card,entry,G03,2.37
TX0013798,ST05,2026-07-22 09:00:00,smart_card,entry,G02,2.27
TX0013799,ST02,2026-08-04 12:00:00,smart_card,entry,G09,4.18
TX0013800,ST05,2026-07-27 22:00:00,single_ticket,exit,G10,1.87
TX0013801,ST08,2026-07-07 22:00:00,monthly_pass,exit,G04,4.02
TX0013802,ST08,2026-08-05 20:00:00,smart_card,exit,G04,1.81
TX0013803,ST10,2026-07-15 08:00:00,smart_card,entry,G02,4.45
TX0013804,ST10,2026-08-04 02:00:00,smart_card,exit,G03,1.93
TX0013805,ST08,2026-08-10 00:00:00,smart_card,entry,G05,1.61
TX0013806,ST10,2026-07-04 02:00:00,single_ticket,entry,G10,4.25
TX0013807,ST02,2026-07-21 10:00:00,single_ticket,exit,G11,4.29
TX0013808,ST10,2026-07-06 05:00:00,smart_card,exit,G11,2.87
TX0013809,ST08,2026-08-12 11:00:00,monthly_pass,entry,G05,3.36
TX0013810,ST04,2026-07-28 09:00:00,smart_card,entry,G02,2.08
TX0013811,ST10,2026-08-03 14:00:00,day_pass,exit,G12,4.37
TX0013812,ST09,2026-07-22 02:00:00,day_pass,entry,G01,4.02
TX0013813,ST09,2026-06-23 09:00:00,smart_card,entry,G01,4.16
TX0013814,ST02,2026-08-15 13:00:00,smart_card,entry,G10,4.04
TX0013815,ST06,2026-06-24 10:00:00,monthly_pass,entry,G01,3.16
TX0013816,ST10,2026-07-05 17:00:00,smart_card,exit,G07,2.5
TX0013817,ST03,2026-07-18 07:00:00,single_ticket,exit,G11,4.48
TX0013818,ST02,2026-07-02 04:00:00,smart_card,exit,G12,2.69
TX0013819,ST03,2026-08-18 06:00:00,day_pass,entry,G03,4.42
TX0013820,ST03,2026-07-03 08:00:00,smart_card,entry,G03,2.2
TX0013821,ST06,2026-07-30 23:00:00,single_ticket,exit,G03,3.3
TX0013822,ST08,2026-07-09 03:00:00,smart_card,entry,G06,3.15
TX0013823,ST05,2026-08-13 01:00:00,smart_card,exit,G10,2.3
TX0013824,ST01,2026-07-16 09:00:00,day_pass,exit,G03,2.28
TX0013825,ST07,2026-08-03 19:00:00,single_ticket,entry,G03,3.85
TX0013826,ST10,2026-06-23 12:00:00,day_pass,exit,G06,2.5
TX0013827,ST03,2026-08-10 19:00:00,smart_card,exit,G08,3.5
TX0013828,ST10,2026-07-14 17:00:00,smart_card,entry,G04,3.08
TX0013829,ST03,2026-07-11 12:00:00,monthly_pass,entry,G01,2.06
TX0013830,ST10,2026-07-01 13:00:00,single_ticket,entry,G12,2.34
TX0013831,ST06,2026-06-30 17:00:00,single_ticket,exit,G11,2.47
TX0013832,ST09,2026-08-13 12:00:00,smart_card,entry,G06,2.31
TX0013833,ST03,2026-07-25 05:00:00,single_ticket,exit,G07,1.8
TX0013834,ST01,2026-07-15 12:00:00,single_ticket,exit,G05,1.53
TX0013835,ST04,2026-07-30 10:00:00,smart_card,entry,G06,3.9
TX0013836,ST06,2026-07-17 10:00:00,smart_card,entry,G10,2.29
TX0013837,ST10,2026-07-10 20:00:00,smart_card,exit,G05,4.2
TX0013838,ST08,2026-08-01 06:00:00,monthly_pass,entry,G10,1.58
TX0013839,ST01,2026-07-13 13:00:00,monthly_pass,entry,G04,3.85
TX0013840,ST09,2026-08-19 14:00:00,smart_card,exit,G03,2.4
TX0013841,ST01,2026-08-06 06:00:00,day_pass,exit,G04,3.51
TX0013842,ST02,2026-07-01 13:00:00,smart_card,exit,G06,3.58
TX0013843,ST07,2026-07-15 17:00:00,monthly_pass,entry,G12,2.15
TX0013844,ST02,2026-07-12 16:00:00,smart_card,exit,G08,2.11
TX0013845,ST10,2026-08-01 14:00:00,smart_card,entry,G04,4.05
TX0013846,ST01,2026-08-09 03:00:00,monthly_pass,exit,G02,2.18
TX0013847,ST02,2026-08-19 11:00:00,monthly_pass,entry,G03,1.86
TX0013848,ST05,2026-06-30 02:00:00,smart_card,entry,G05,3.57
TX0013849,ST06,2026-08-07 09:00:00,smart_card,entry,G06,2.15
TX0013850,ST07,2026-07-04 09:00:00,day_pass,entry,G03,3.67
TX0013851,ST10,2026-08-08 13:00:00,smart_card,entry,G04,2.88
TX0013852,ST04,2026-07-27 22:00:00,day_pass,exit,G03,2.58
TX0013853,ST09,2026-07-06 16:00:00,monthly_pass,exit,G04,1.68
TX0013854,ST01,2026-07-26 19:00:00,smart_card,entry,G11,2.38
TX0013855,ST06,2026-08-07 12:00:00,smart_card,exit,G04,2.29
TX0013856,ST04,2026-07-10 05:00:00,smart_card,entry,G03,3.74
TX0013857,ST10,2026-08-06 20:00:00,monthly_pass,exit,G02,3.0
TX0013858,ST10,2026-08-04 13:00:00,day_pass,entry,G01,4.24
TX0013859,ST10,2026-08-17 17:00:00,smart_card,entry,G11,1.75
TX0013860,ST01,2026-07-18 16:00:00,monthly_pass,exit,G10,3.03
TX0013861,ST04,2026-06-28 06:00:00,monthly_pass,entry,G03,2.22
TX0013862,ST09,2026-08-04 09:00:00,monthly_pass,entry,G04,2.89
TX0013863,ST05,2026-08-04 12:00:00,smart_card,exit,G01,2.1
TX0013864,ST06,2026-07-25 00:00:00,day_pass,exit,G01,2.42
TX0013865,ST05,2026-08-16 04:00:00,smart_card,exit,G10,3.55
TX0013866,ST05,2026-08-11 11:00:00,smart_card,entry,G05,3.96
TX0013867,ST03,2026-08-13 19:00:00,single_ticket,entry,G06,3.17
TX0013868,ST05,2026-08-14 00:00:00,smart_card,exit,G10,2.46
TX0013869,ST07,2026-07-14 20:00:00,smart_card,entry,G05,2.59
TX0013870,ST01,2026-07-28 17:00:00,smart_card,entry,G12,3.05
TX0013871,ST04,2026-07-15 02:00:00,smart_card,exit,G07,3.15
TX0013872,ST04,2026-08-02 16:00:00,smart_card,entry,G03,3.96
TX0013873,ST04,2026-07-29 19:00:00,monthly_pass,entry,G07,4.37
TX0013874,ST01,2026-06-22 09:00:00,smart_card,entry,G04,2.1
TX0013875,ST03,2026-06-29 08:00:00,smart_card,entry,G05,4.27
TX0013876,ST04,2026-08-18 08:00:00,day_pass,exit,G09,3.24
TX0013877,ST03,2026-07-02 09:00:00,day_pass,exit,G11,2.57
TX0013878,ST08,2026-07-24 09:00:00,smart_card,exit,G07,2.06
TX0013879,ST02,2026-08-05 00:00:00,single_ticket,exit,G11,3.47
TX0013880,ST10,2026-07-09 02:00:00,monthly_pass,exit,G05,3.53
TX0013881,ST03,2026-08-01 19:00:00,day_pass,exit,G05,4.2
TX0013882,ST10,2026-06-29 02:00:00,smart_card,entry,G11,2.48
TX0013883,ST04,2026-07-11 06:00:00,single_ticket,entry,G03,3.11
TX0013884,ST07,2026-08-14 00:00:00,single_ticket,entry,G02,3.42
TX0013885,ST06,2026-07-05 02:00:00,smart_card,exit,G06,3.83
TX0013886,ST05,2026-07-21 06:00:00,single_ticket,exit,G02,4.06
TX0013887,ST05,2026-07-14 10:00:00,smart_card,exit,G02,3.71
TX0013888,ST01,2026-08-09 01:00:00,smart_card,exit,G08,2.4
TX0013889,ST08,2026-08-18 10:00:00,smart_card,exit,G04,3.01
TX0013890,ST01,2026-07-16 03:00:00,smart_card,exit,G02,3.09
TX0013891,ST03,2026-07-29 06:00:00,smart_card,exit,G05,4.44
TX0013892,ST09,2026-07-09 05:00:00,monthly_pass,exit,G11,3.11
TX0013893,ST03,2026-08-13 23:00:00,smart_card,entry,G05,1.62
TX0013894,ST01,2026-07-27 18:00:00,smart_card,exit,G04,3.75
TX0013895,ST08,2026-06-26 03:00:00,day_pass,exit,G03,2.68
TX0013896,ST08,2026-07-29 03:00:00,single_ticket,entry,G04,3.05
TX0013897,ST05,2026-06-28 20:00:00,single_ticket,exit,G07,3.72
TX0013898,ST10,2026-06-28 22:00:00,monthly_pass,entry,G05,4.39
TX0013899,ST10,2026-07-10 16:00:00,single_ticket,exit,G08,3.91
TX0013900,ST07,2026-07-22 03:00:00,single_ticket,exit,G06,2.27
TX0013901,ST05,2026-07-27 19:00:00,smart_card,exit,G08,2.15
TX0013902,ST05,2026-07-02 07:00:00,single_ticket,entry,G11,4.43
TX0013903,ST07,2026-07-14 00:00:00,day_pass,exit,G10,2.14
TX0013904,ST08,2026-07-26 02:00:00,smart_card,entry,G12,1.91
TX0013905,ST04,2026-06-29 12:00:00,smart_card,entry,G01,4.18
TX0013906,ST06,2026-08-01 18:00:00,smart_card,exit,G04,2.84
TX0013907,ST05,2026-07-29 12:00:00,smart_card,exit,G02,1.65
TX0013908,ST09,2026-07-13 20:00:00,smart_card,exit,G09,3.28
TX0013909,ST02,2026-07-30 21:00:00,single_ticket,entry,G06,2.61
TX0013910,ST09,2026-07-25 00:00:00,day_pass,exit,G01,2.81
TX0013911,ST04,2026-07-11 09:00:00,smart_card,exit,G06,3.3
TX0013912,ST09,2026-07-25 16:00:00,smart_card,exit,G07,4.48
TX0013913,ST06,2026-07-25 05:00:00,smart_card,exit,G03,1.83
TX0013914,ST03,2026-06-25 03:00:00,single_ticket,exit,G04,2.21
TX0013915,ST04,2026-08-15 14:00:00,smart_card,exit,G04,4.01
TX0013916,ST05,2026-08-11 16:00:00,monthly_pass,exit,G07,1.91
TX0013917,ST07,2026-06-25 09:00:00,smart_card,exit,G02,4.42
TX0013918,ST08,2026-07-15 20:00:00,day_pass,entry,G06,2.49
TX0013919,ST10,2026-07-02 13:00:00,smart_card,exit,G07,3.39
TX0013920,ST02,2026-07-08 22:00:00,day_pass,entry,G07,2.09
TX0013921,ST05,2026-07-01 15:00:00,smart_card,entry,G06,2.45
TX0013922,ST01,2026-07-14 14:00:00,day_pass,entry,G09,3.16
TX0013923,ST02,2026-08-18 03:00:00,monthly_pass,exit,G09,4.39
TX0013924,ST05,2026-06-23 22:00:00,monthly_pass,entry,G06,2.64
TX0013925,ST04,2026-08-14 09:00:00,monthly_pass,exit,G08,4.21
TX0013926,ST06,2026-06-22 11:00:00,smart_card,entry,G02,2.13
TX0013927,ST06,2026-06-28 04:00:00,smart_card,entry,G04,1.61
TX0013928,ST09,2026-08-03 10:00:00,monthly_pass,exit,G03,4.02
TX0013929,ST06,2026-07-07 05:00:00,monthly_pass,entry,G10,3.61
TX0013930,ST06,2026-07-29 13:00:00,smart_card,entry,G05,1.85
TX0013931,ST08,2026-08-14 20:00:00,smart_card,exit,G02,1.56
TX0013932,ST01,2026-07-24 21:00:00,smart_card,entry,G08,3.96
TX0013933,ST09,2026-07-22 14:00:00,smart_card,entry,G08,2.01
TX0013934,ST01,2026-08-19 22:00:00,smart_card,exit,G11,2.94
TX0013935,ST08,2026-07-19 06:00:00,day_pass,exit,G08,4.06
TX0013936,ST01,2026-06-28 15:00:00,smart_card,entry,G12,3.21
TX0013937,ST06,2026-07-17 11:00:00,smart_card,entry,G03,4.2
TX0013938,ST03,2026-06-27 14:00:00,smart_card,entry,G06,1.61
TX0013939,ST02,2026-07-02 11:00:00,smart_card,exit,G03,2.77
TX0013940,ST08,2026-08-03 10:00:00,day_pass,entry,G06,2.09
TX0013941,ST03,2026-08-08 11:00:00,smart_card,exit,G02,2.7
TX0013942,ST06,2026-07-02 20:00:00,monthly_pass,exit,G05,3.78
TX0013943,ST09,2026-08-19 06:00:00,smart_card,exit,G08,4.18
TX0013944,ST03,2026-08-02 04:00:00,day_pass,exit,G04,1.94
TX0013945,ST02,2026-08-15 02:00:00,smart_card,exit,G05,2.54
TX0013946,ST02,2026-07-11 04:00:00,single_ticket,entry,G07,2.83
TX0013947,ST04,2026-08-07 23:00:00,day_pass,exit,G12,2.24
TX0013948,ST01,2026-07-15 22:00:00,smart_card,exit,G03,2.09
TX0013949,ST05,2026-07-31 18:00:00,single_ticket,exit,G08,3.97
TX0013950,ST05,2026-06-26 03:00:00,day_pass,entry,G12,4.1
TX0013951,ST02,2026-07-07 21:00:00,smart_card,entry,G01,1.59
TX0013952,ST08,2026-06-29 14:00:00,smart_card,exit,G05,4.26
TX0013953,ST06,2026-08-07 20:00:00,smart_card,entry,G05,3.87
TX0013954,ST03,2026-07-13 15:00:00,day_pass,entry,G12,2.37
TX0013955,ST03,2026-07-10 20:00:00,smart_card,exit,G01,3.42
TX0013956,ST10,2026-08-20 02:00:00,single_ticket,entry,G12,2.89
TX0013957,ST05,2026-07-06 11:00:00,monthly_pass,exit,G08,2.12
TX0013958,ST03,2026-06-26 04:00:00,single_ticket,exit,G01,1.83
TX0013959,ST01,2026-08-02 01:00:00,smart_card,exit,G12,3.27
TX0013960,ST08,2026-07-09 09:00:00,smart_card,entry,G10,1.6
TX0013961,ST01,2026-06-30 03:00:00,smart_card,exit,G09,3.91
TX0013962,ST07,2026-07-21 00:00:00,smart_card,entry,G04,3.48
TX0013963,ST04,2026-07-24 05:00:00,smart_card,exit,G04,3.45
TX0013964,ST01,2026-07-21 08:00:00,smart_card,entry,G10,3.13
TX0013965,ST10,2026-08-06 21:00:00,monthly_pass,exit,G03,3.35
TX0013966,ST01,2026-07-17 11:00:00,day_pass,exit,G06,4.25
TX0013967,ST09,2026-07-31 17:00:00,smart_card,exit,G11,3.17
TX0013968,ST01,2026-07-04 18:00:00,smart_card,exit,G12,2.33
TX0013969,ST03,2026-07-14 17:00:00,single_ticket,entry,G02,3.67
TX0013970,ST10,2026-08-09 09:00:00,smart_card,entry,G10,2.51
TX0013971,ST01,2026-08-05 09:00:00,smart_card,exit,G09,4.1
TX0013972,ST08,2026-07-20 10:00:00,monthly_pass,entry,G11,2.82
TX0013973,ST03,2026-07-15 17:00:00,day_pass,entry,G03,2.3
TX0013974,ST01,2026-08-05 18:00:00,monthly_pass,exit,G10,1.73
TX0013975,ST08,2026-07-18 17:00:00,day_pass,entry,G04,2.5
TX0013976,ST02,2026-07-24 02:00:00,single_ticket,entry,G05,3.05
TX0013977,ST07,2026-07-25 08:00:00,day_pass,exit,G01,1.74
TX0013978,ST06,2026-06-28 00:00:00,smart_card,exit,G09,4.43
TX0013979,ST06,2026-08-03 05:00:00,smart_card,exit,G03,3.32
TX0013980,ST06,2026-07-12 04:00:00,smart_card,entry,G05,3.8
TX0013981,ST08,2026-08-12 13:00:00,single_ticket,entry,G01,1.74
TX0013982,ST10,2026-07-14 20:00:00,smart_card,entry,G07,2.72
TX0013983,ST04,2026-07-05 15:00:00,day_pass,exit,G07,2.66
TX0013984,ST06,2026-07-12 08:00:00,smart_card,entry,G09,3.51
TX0013985,ST09,2026-08-20 15:00:00,monthly_pass,entry,G06,2.92
TX0013986,ST07,2026-07-07 12:00:00,smart_card,entry,G10,2.25
TX0013987,ST06,2026-07-25 09:00:00,smart_card,exit,G07,3.74
TX0013988,ST08,2026-08-10 08:00:00,smart_card,exit,G02,3.58
TX0013989,ST09,2026-08-12 01:00:00,smart_card,exit,G01,2.73
TX0013990,ST04,2026-08-14 13:00:00,smart_card,exit,G03,4.13
TX0013991,ST07,2026-07-13 12:00:00,smart_card,exit,G10,1.92
TX0013992,ST05,2026-08-13 19:00:00,day_pass,exit,G05,3.04
TX0013993,ST04,2026-07-16 02:00:00,smart_card,entry,G02,4.05
TX0013994,ST01,2026-07-01 14:00:00,monthly_pass,exit,G05,3.62
TX0013995,ST03,2026-07-11 23:00:00,smart_card,entry,G10,3.08
TX0013996,ST05,2026-06-27 20:00:00,smart_card,entry,G10,1.78
TX0013997,ST08,2026-07-17 02:00:00,monthly_pass,exit,G04,1.6
TX0013998,ST07,2026-06-26 23:00:00,single_ticket,entry,G04,3.51
TX0013999,ST03,2026-07-15 09:00:00,smart_card,exit,G06,2.81
TX0014000,ST02,2026-07-02 18:00:00,smart_card,exit,G04,2.75
TX0014001,ST05,2026-08-08 10:00:00,smart_card,entry,G08,2.67
TX0014002,ST01,2026-08-04 18:00:00,single_ticket,entry,G09,2.02
TX0014003,ST03,2026-07-15 19:00:00,single_ticket,entry,G08,3.18
TX0014004,ST09,2026-08-12 18:00:00,monthly_pass,exit,G11,2.64
TX0014005,ST06,2026-07-27 15:00:00,smart_card,exit,G07,1.72
TX0014006,ST07,2026-07-13 07:00:00,smart_card,entry,G09,4.29
TX0014007,ST10,2026-08-20 01:00:00,smart_card,entry,G05,3.0
TX0014008,ST08,2026-07-27 12:00:00,monthly_pass,exit,G03,2.25
TX0014009,ST08,2026-08-11 21:00:00,monthly_pass,entry,G06,3.61
TX0014010,ST04,2026-07-09 12:00:00,smart_card,exit,G08,4.05
TX0014011,ST04,2026-06-29 13:00:00,smart_card,entry,G01,2.4
TX0014012,ST01,2026-08-11 23:00:00,day_pass,entry,G06,4.29
TX0014013,ST10,2026-07-12 11:00:00,smart_card,exit,G02,3.27
TX0014014,ST10,2026-07-23 04:00:00,monthly_pass,entry,G04,2.28
TX0014015,ST05,2026-07-02 20:00:00,day_pass,exit,G09,3.61
TX0014016,ST07,2026-08-06 04:00:00,single_ticket,entry,G05,3.36
TX0014017,ST03,2026-08-07 08:00:00,single_ticket,entry,G09,4.27
TX0014018,ST04,2026-07-16 20:00:00,smart_card,entry,G07,4.16
TX0014019,ST07,2026-07-27 17:00:00,smart_card,exit,G05,3.31
TX0014020,ST04,2026-06-29 10:00:00,monthly_pass,exit,G06,3.4
TX0014021,ST05,2026-08-10 13:00:00,smart_card,entry,G10,2.14
TX0014022,ST04,2026-08-18 16:00:00,smart_card,exit,G07,3.74
TX0014023,ST06,2026-08-09 05:00:00,day_pass,exit,G10,3.96
TX0014024,ST09,2026-07-23 00:00:00,smart_card,exit,G04,4.48
TX0014025,ST10,2026-08-04 05:00:00,single_ticket,entry,G07,2.16
TX0014026,ST01,2026-08-01 01:00:00,single_ticket,exit,G04,3.17
TX0014027,ST09,2026-07-11 12:00:00,smart_card,entry,G12,4.41
TX0014028,ST08,2026-08-17 07:00:00,smart_card,exit,G11,3.66
TX0014029,ST02,2026-08-20 18:00:00,smart_card,exit,G04,2.5
TX0014030,ST09,2026-07-10 22:00:00,smart_card,entry,G03,1.63
TX0014031,ST04,2026-06-26 22:00:00,smart_card,entry,G04,4.44
TX0014032,ST04,2026-07-19 10:00:00,monthly_pass,exit,G01,3.42
TX0014033,ST03,2026-06-25 14:00:00,monthly_pass,entry,G01,3.96
TX0014034,ST02,2026-07-23 21:00:00,smart_card,entry,G01,1.74
TX0014035,ST01,2026-06-26 07:00:00,single_ticket,exit,G02,3.23
TX0014036,ST10,2026-08-12 09:00:00,smart_card,entry,G09,4.26
TX0014037,ST02,2026-08-07 18:00:00,smart_card,entry,G10,3.39
TX0014038,ST08,2026-08-15 04:00:00,monthly_pass,exit,G01,2.64
TX0014039,ST06,2026-08-13 02:00:00,smart_card,exit,G08,2.4
TX0014040,ST09,2026-07-17 00:00:00,monthly_pass,entry,G07,1.8
TX0014041,ST03,2026-08-16 04:00:00,smart_card,entry,G03,1.51
TX0014042,ST07,2026-08-02 18:00:00,single_ticket,exit,G08,2.53
TX0014043,ST04,2026-08-12 00:00:00,monthly_pass,entry,G09,3.21
TX0014044,ST02,2026-06-30 21:00:00,single_ticket,exit,G12,4.2
TX0014045,ST09,2026-08-17 15:00:00,day_pass,entry,G02,4.46
TX0014046,ST09,2026-08-19 08:00:00,smart_card,exit,G01,1.79
TX0014047,ST09,2026-07-19 20:00:00,single_ticket,entry,G05,2.36
TX0014048,ST07,2026-08-13 05:00:00,smart_card,entry,G09,1.59
TX0014049,ST08,2026-08-15 12:00:00,smart_card,exit,G12,2.54
TX0014050,ST05,2026-07-10 10:00:00,smart_card,entry,G08,3.46
TX0014051,ST05,2026-07-14 12:00:00,single_ticket,exit,G04,2.75
TX0014052,ST04,2026-06-29 16:00:00,smart_card,exit,G03,3.94
TX0014053,ST01,2026-08-09 07:00:00,smart_card,exit,G09,1.7
TX0014054,ST02,2026-07-26 04:00:00,single_ticket,exit,G09,3.42
TX0014055,ST07,2026-08-12 15:00:00,smart_card,entry,G01,4.5
TX0014056,ST03,2026-07-04 07:00:00,single_ticket,exit,G11,2.06
TX0014057,ST06,2026-06-30 13:00:00,monthly_pass,exit,G04,4.39
TX0014058,ST08,2026-06-29 05:00:00,smart_card,entry,G07,3.8
TX0014059,ST05,2026-08-19 11:00:00,single_ticket,entry,G04,2.47
TX0014060,ST09,2026-07-23 23:00:00,monthly_pass,entry,G04,2.77
TX0014061,ST10,2026-08-13 05:00:00,single_ticket,entry,G11,1.82
TX0014062,ST03,2026-07-01 17:00:00,monthly_pass,entry,G07,3.55
TX0014063,ST04,2026-07-01 17:00:00,smart_card,exit,G03,3.18
TX0014064,ST09,2026-07-08 16:00:00,smart_card,entry,G05,2.04
TX0014065,ST04,2026-08-07 04:00:00,single_ticket,entry,G04,3.08
TX0014066,ST02,2026-07-17 14:00:00,smart_card,exit,G10,4.37
TX0014067,ST10,2026-06-30 21:00:00,smart_card,exit,G02,4.4
TX0014068,ST09,2026-07-05 08:00:00,smart_card,exit,G05,3.88
TX0014069,ST07,2026-07-15 21:00:00,single_ticket,exit,G06,1.93
TX0014070,ST07,2026-06-29 12:00:00,day_pass,exit,G02,2.59
TX0014071,ST10,2026-08-09 01:00:00,single_ticket,entry,G04,3.33
TX0014072,ST01,2026-07-03 03:00:00,monthly_pass,entry,G07,2.03
TX0014073,ST10,2026-08-01 07:00:00,smart_card,exit,G03,4.12
TX0014074,ST09,2026-06-23 22:00:00,day_pass,entry,G07,3.57
TX0014075,ST03,2026-08-10 10:00:00,smart_card,exit,G06,2.32
TX0014076,ST04,2026-08-11 19:00:00,monthly_pass,entry,G11,4.13
TX0014077,ST05,2026-07-27 21:00:00,monthly_pass,exit,G06,3.57
TX0014078,ST06,2026-07-30 13:00:00,monthly_pass,exit,G06,3.96
TX0014079,ST06,2026-08-01 00:00:00,monthly_pass,entry,G04,3.42
TX0014080,ST02,2026-07-07 07:00:00,day_pass,exit,G01,4.38
TX0014081,ST04,2026-07-09 13:00:00,smart_card,exit,G12,4.08
TX0014082,ST10,2026-08-20 13:00:00,monthly_pass,exit,G04,4.34
TX0014083,ST02,2026-07-31 14:00:00,smart_card,entry,G02,4.28
TX0014084,ST05,2026-07-31 03:00:00,monthly_pass,exit,G02,3.36
TX0014085,ST04,2026-08-21 04:00:00,single_ticket,entry,G09,4.06
TX0014086,ST02,2026-07-13 20:00:00,smart_card,entry,G05,2.6
TX0014087,ST03,2026-06-26 05:00:00,smart_card,entry,G07,1.8
TX0014088,ST07,2026-06-23 21:00:00,smart_card,entry,G02,2.96
TX0014089,ST02,2026-07-09 00:00:00,single_ticket,exit,G05,1.88
TX0014090,ST02,2026-07-04 11:00:00,single_ticket,entry,G04,2.12
TX0014091,ST03,2026-06-23 12:00:00,smart_card,entry,G09,3.26
TX0014092,ST08,2026-08-16 16:00:00,smart_card,exit,G09,2.27
TX0014093,ST06,2026-08-08 15:00:00,smart_card,exit,G02,1.54
TX0014094,ST10,2026-07-28 03:00:00,smart_card,entry,G11,2.38
TX0014095,ST02,2026-07-14 23:00:00,single_ticket,entry,G12,3.18
TX0014096,ST07,2026-07-30 14:00:00,single_ticket,entry,G02,2.97
TX0014097,ST05,2026-07-24 23:00:00,smart_card,entry,G10,2.44
TX0014098,ST05,2026-08-16 23:00:00,single_ticket,entry,G10,3.65
TX0014099,ST02,2026-08-18 08:00:00,monthly_pass,entry,G09,2.27
TX0014100,ST01,2026-07-19 16:00:00,day_pass,entry,G12,3.65
TX0014101,ST07,2026-08-17 07:00:00,smart_card,exit,G12,2.11
TX0014102,ST02,2026-08-05 20:00:00,day_pass,exit,G05,1.72
TX0014103,ST09,2026-06-25 02:00:00,smart_card,entry,G12,2.58
TX0014104,ST03,2026-08-19 15:00:00,smart_card,entry,G03,4.08
TX0014105,ST07,2026-07-21 08:00:00,smart_card,exit,G03,3.72
TX0014106,ST08,2026-08-18 21:00:00,smart_card,entry,G09,3.61
TX0014107,ST07,2026-06-28 21:00:00,day_pass,entry,G11,1.73
TX0014108,ST05,2026-07-14 04:00:00,day_pass,exit,G03,2.04
TX0014109,ST09,2026-07-02 19:00:00,smart_card,exit,G10,3.47
TX0014110,ST02,2026-07-12 15:00:00,smart_card,exit,G10,3.55
TX0014111,ST05,2026-08-18 02:00:00,smart_card,exit,G06,2.73
TX0014112,ST01,2026-06-30 10:00:00,monthly_pass,exit,G11,4.25
TX0014113,ST06,2026-07-16 06:00:00,smart_card,exit,G07,4.41
TX0014114,ST03,2026-06-24 08:00:00,smart_card,entry,G07,1.96
TX0014115,ST06,2026-07-25 17:00:00,monthly_pass,exit,G07,2.17
TX0014116,ST02,2026-07-29 04:00:00,smart_card,entry,G08,4.43
TX0014117,ST04,2026-06-25 02:00:00,smart_card,entry,G07,3.91
TX0014118,ST07,2026-07-05 11:00:00,monthly_pass,exit,G11,2.2
TX0014119,ST09,2026-08-09 21:00:00,smart_card,entry,G06,4.2
TX0014120,ST03,2026-08-16 23:00:00,smart_card,entry,G04,3.42
TX0014121,ST08,2026-08-18 04:00:00,smart_card,entry,G08,3.16
TX0014122,ST01,2026-06-30 15:00:00,smart_card,entry,G06,3.73
TX0014123,ST03,2026-07-18 11:00:00,monthly_pass,exit,G10,2.17
TX0014124,ST04,2026-07-17 16:00:00,single_ticket,exit,G11,2.72
TX0014125,ST04,2026-08-11 20:00:00,smart_card,entry,G12,2.78
TX0014126,ST07,2026-08-14 18:00:00,smart_card,entry,G11,2.69
TX0014127,ST05,2026-06-23 12:00:00,smart_card,exit,G08,1.78
TX0014128,ST08,2026-07-29 06:00:00,monthly_pass,exit,G06,2.75
TX0014129,ST02,2026-07-03 08:00:00,smart_card,exit,G12,1.95
TX0014130,ST04,2026-07-27 17:00:00,smart_card,entry,G05,3.38
TX0014131,ST04,2026-07-30 22:00:00,smart_card,exit,G12,4.22
TX0014132,ST10,2026-08-02 10:00:00,day_pass,entry,G12,3.73
TX0014133,ST09,2026-06-28 07:00:00,monthly_pass,entry,G08,2.83
TX0014134,ST05,2026-07-24 05:00:00,smart_card,exit,G12,2.92
TX0014135,ST10,2026-08-12 06:00:00,smart_card,entry,G04,3.32
TX0014136,ST05,2026-06-26 04:00:00,day_pass,entry,G01,4.34
TX0014137,ST06,2026-08-01 09:00:00,smart_card,entry,G07,4.36
TX0014138,ST01,2026-07-27 19:00:00,smart_card,exit,G04,3.62
TX0014139,ST10,2026-07-30 10:00:00,smart_card,exit,G11,2.82
TX0014140,ST04,2026-07-09 14:00:00,smart_card,entry,G09,2.16
TX0014141,ST09,2026-07-24 06:00:00,smart_card,exit,G02,2.01
TX0014142,ST08,2026-07-03 13:00:00,day_pass,exit,G08,1.52
TX0014143,ST01,2026-07-21 07:00:00,smart_card,exit,G09,2.6
TX0014144,ST08,2026-08-13 21:00:00,smart_card,exit,G05,1.68
TX0014145,ST08,2026-08-07 12:00:00,single_ticket,entry,G12,3.58
TX0014146,ST03,2026-07-26 05:00:00,day_pass,entry,G09,1.94
TX0014147,ST02,2026-06-30 09:00:00,single_ticket,exit,G09,3.93
TX0014148,ST06,2026-06-25 13:00:00,smart_card,entry,G04,2.41
TX0014149,ST06,2026-07-06 23:00:00,smart_card,exit,G12,4.08
TX0014150,ST09,2026-06-27 14:00:00,smart_card,exit,G09,1.55
TX0014151,ST03,2026-07-21 10:00:00,single_ticket,entry,G09,1.81
TX0014152,ST01,2026-08-15 00:00:00,smart_card,exit,G10,3.86
TX0014153,ST09,2026-08-16 16:00:00,single_ticket,entry,G12,3.41
TX0014154,ST05,2026-07-26 14:00:00,day_pass,entry,G09,1.92
TX0014155,ST10,2026-07-27 13:00:00,smart_card,exit,G12,4.2
TX0014156,ST02,2026-07-09 10:00:00,day_pass,exit,G03,3.52
TX0014157,ST04,2026-07-30 05:00:00,single_ticket,exit,G08,3.01
TX0014158,ST03,2026-07-29 00:00:00,smart_card,exit,G06,3.68
TX0014159,ST03,2026-07-09 21:00:00,single_ticket,exit,G08,3.39
TX0014160,ST02,2026-06-24 12:00:00,single_ticket,entry,G11,1.51
TX0014161,ST10,2026-08-01 04:00:00,day_pass,exit,G11,4.19
TX0014162,ST09,2026-07-09 12:00:00,smart_card,exit,G01,4.0
TX0014163,ST09,2026-06-27 02:00:00,single_ticket,entry,G10,3.23
TX0014164,ST06,2026-07-25 07:00:00,smart_card,entry,G12,3.08
TX0014165,ST02,2026-07-15 11:00:00,smart_card,exit,G08,3.91
TX0014166,ST01,2026-07-19 20:00:00,smart_card,entry,G08,1.93
TX0014167,ST10,2026-06-22 16:00:00,monthly_pass,entry,G09,4.33
TX0014168,ST10,2026-07-16 14:00:00,smart_card,entry,G12,4.31
TX0014169,ST03,2026-07-28 09:00:00,single_ticket,exit,G01,2.79
TX0014170,ST04,2026-06-26 02:00:00,smart_card,entry,G10,3.29
TX0014171,ST09,2026-08-20 05:00:00,day_pass,entry,G12,3.49
TX0014172,ST04,2026-08-11 15:00:00,smart_card,entry,G01,3.87
TX0014173,ST04,2026-08-13 12:00:00,smart_card,entry,G06,3.98
TX0014174,ST07,2026-07-03 02:00:00,smart_card,exit,G09,3.62
TX0014175,ST06,2026-07-05 19:00:00,smart_card,exit,G02,3.95
TX0014176,ST07,2026-07-26 23:00:00,smart_card,exit,G03,2.33
TX0014177,ST05,2026-06-26 13:00:00,single_ticket,entry,G05,2.97
TX0014178,ST10,2026-07-04 17:00:00,day_pass,exit,G12,4.16
TX0014179,ST08,2026-07-25 00:00:00,smart_card,entry,G07,3.57
TX0014180,ST05,2026-08-03 13:00:00,day_pass,entry,G11,3.79
TX0014181,ST09,2026-07-21 10:00:00,smart_card,entry,G12,2.86
TX0014182,ST01,2026-08-15 15:00:00,monthly_pass,exit,G08,3.07
TX0014183,ST10,2026-07-22 13:00:00,smart_card,entry,G08,1.92
TX0014184,ST10,2026-07-22 21:00:00,day_pass,exit,G09,3.47
TX0014185,ST06,2026-06-30 05:00:00,smart_card,entry,G01,3.29
TX0014186,ST08,2026-07-06 18:00:00,single_ticket,exit,G04,4.43
TX0014187,ST08,2026-08-20 03:00:00,smart_card,entry,G01,3.0
TX0014188,ST04,2026-08-14 05:00:00,single_ticket,exit,G02,2.93
TX0014189,ST08,2026-06-28 11:00:00,monthly_pass,exit,G05,3.07
TX0014190,ST07,2026-08-06 06:00:00,single_ticket,entry,G12,4.11
TX0014191,ST02,2026-07-01 12:00:00,smart_card,entry,G11,3.2
TX0014192,ST04,2026-08-08 07:00:00,smart_card,entry,G05,2.91
TX0014193,ST10,2026-08-17 08:00:00,smart_card,entry,G05,2.36
TX0014194,ST10,2026-08-18 11:00:00,smart_card,entry,G12,4.5
TX0014195,ST03,2026-07-23 08:00:00,smart_card,entry,G12,3.58
TX0014196,ST10,2026-08-01 16:00:00,single_ticket,exit,G07,1.84
TX0014197,ST10,2026-07-08 00:00:00,monthly_pass,exit,G01,1.89
TX0014198,ST10,2026-06-27 08:00:00,smart_card,entry,G05,3.17
TX0014199,ST02,2026-08-13 10:00:00,day_pass,entry,G07,3.47
TX0014200,ST08,2026-08-10 01:00:00,monthly_pass,exit,G09,2.48
TX0014201,ST07,2026-08-09 02:00:00,single_ticket,entry,G12,1.54
TX0014202,ST08,2026-07-27 06:00:00,single_ticket,exit,G08,3.38
TX0014203,ST08,2026-07-22 22:00:00,day_pass,exit,G06,1.91
TX0014204,ST05,2026-06-28 16:00:00,smart_card,exit,G07,3.11
TX0014205,ST03,2026-07-03 18:00:00,monthly_pass,exit,G07,4.23
TX0014206,ST08,2026-08-20 15:00:00,smart_card,exit,G08,2.97
TX0014207,ST07,2026-08-14 07:00:00,smart_card,entry,G04,1.98
TX0014208,ST10,2026-07-13 12:00:00,single_ticket,entry,G03,3.1
TX0014209,ST05,2026-07-30 01:00:00,smart_card,entry,G10,1.8
TX0014210,ST01,2026-08-05 08:00:00,smart_card,entry,G09,3.9
TX0014211,ST04,2026-07-05 09:00:00,smart_card,entry,G12,3.08
TX0014212,ST03,2026-07-07 07:00:00,smart_card,exit,G09,2.65
TX0014213,ST02,2026-07-02 03:00:00,smart_card,exit,G06,3.14
TX0014214,ST05,2026-08-08 09:00:00,smart_card,entry,G11,2.09
TX0014215,ST05,2026-07-17 19:00:00,smart_card,exit,G11,2.41
TX0014216,ST06,2026-07-07 19:00:00,single_ticket,entry,G08,2.53
TX0014217,ST02,2026-07-05 10:00:00,smart_card,exit,G02,3.39
TX0014218,ST05,2026-07-03 00:00:00,day_pass,exit,G11,3.28
TX0014219,ST09,2026-07-28 04:00:00,day_pass,entry,G09,1.86
TX0014220,ST04,2026-07-25 09:00:00,single_ticket,entry,G04,4.16
TX0014221,ST07,2026-06-27 00:00:00,smart_card,entry,G04,2.25
TX0014222,ST06,2026-06-30 21:00:00,single_ticket,entry,G02,4.1
TX0014223,ST02,2026-08-17 11:00:00,smart_card,exit,G02,2.53
TX0014224,ST01,2026-07-28 04:00:00,monthly_pass,entry,G05,3.04
TX0014225,ST06,2026-07-19 15:00:00,smart_card,entry,G08,2.92
TX0014226,ST02,2026-06-24 01:00:00,smart_card,entry,G08,3.49
TX0014227,ST05,2026-08-14 08:00:00,smart_card,entry,G07,2.29
TX0014228,ST06,2026-07-13 22:00:00,monthly_pass,entry,G08,3.47
TX0014229,ST05,2026-07-01 06:00:00,smart_card,exit,G07,2.8
TX0014230,ST04,2026-07-26 03:00:00,smart_card,exit,G08,3.71
TX0014231,ST01,2026-06-30 19:00:00,smart_card,entry,G09,3.17
TX0014232,ST04,2026-06-29 05:00:00,monthly_pass,entry,G11,3.85
TX0014233,ST05,2026-08-10 07:00:00,smart_card,entry,G06,4.15
TX0014234,ST07,2026-07-09 19:00:00,monthly_pass,entry,G08,2.75
TX0014235,ST09,2026-08-09 18:00:00,monthly_pass,entry,G05,2.09
TX0014236,ST05,2026-08-09 03:00:00,single_ticket,exit,G11,1.72
TX0014237,ST01,2026-07-13 03:00:00,smart_card,exit,G09,2.54
TX0014238,ST06,2026-06-29 22:00:00,monthly_pass,exit,G03,3.23
TX0014239,ST01,2026-08-04 01:00:00,smart_card,exit,G09,3.61
TX0014240,ST03,2026-08-01 05:00:00,smart_card,entry,G02,3.43
TX0014241,ST08,2026-07-25 15:00:00,single_ticket,exit,G07,2.05
TX0014242,ST10,2026-07-26 02:00:00,single_ticket,exit,G11,2.97
TX0014243,ST06,2026-07-30 03:00:00,monthly_pass,exit,G08,3.81
TX0014244,ST04,2026-07-22 21:00:00,monthly_pass,entry,G01,3.86
TX0014245,ST07,2026-08-07 23:00:00,smart_card,entry,G07,3.29
TX0014246,ST06,2026-07-31 23:00:00,smart_card,exit,G10,1.9
TX0014247,ST08,2026-07-29 02:00:00,monthly_pass,exit,G08,2.83
TX0014248,ST10,2026-08-12 04:00:00,smart_card,exit,G11,1.5
TX0014249,ST02,2026-08-15 00:00:00,single_ticket,exit,G05,3.55
TX0014250,ST07,2026-07-07 01:00:00,smart_card,entry,G06,2.64
TX0014251,ST10,2026-08-06 04:00:00,smart_card,entry,G10,2.09
TX0014252,ST09,2026-07-05 10:00:00,smart_card,entry,G08,2.18
TX0014253,ST02,2026-08-03 11:00:00,single_ticket,exit,G09,1.52
TX0014254,ST09,2026-08-14 03:00:00,monthly_pass,exit,G04,4.02
TX0014255,ST06,2026-06-22 20:00:00,monthly_pass,exit,G09,1.51
TX0014256,ST03,2026-07-01 13:00:00,smart_card,exit,G05,2.57
TX0014257,ST10,2026-06-26 16:00:00,smart_card,exit,G12,3.41
TX0014258,ST10,2026-08-10 20:00:00,smart_card,exit,G06,3.95
TX0014259,ST06,2026-08-10 21:00:00,smart_card,exit,G07,4.37
TX0014260,ST05,2026-07-13 19:00:00,smart_card,entry,G01,2.34
TX0014261,ST03,2026-07-01 08:00:00,monthly_pass,entry,G12,1.5
TX0014262,ST05,2026-07-09 21:00:00,smart_card,exit,G02,3.72
TX0014263,ST08,2026-07-08 11:00:00,smart_card,entry,G05,3.02
TX0014264,ST03,2026-07-20 14:00:00,single_ticket,exit,G05,2.75
TX0014265,ST05,2026-06-27 17:00:00,smart_card,exit,G11,3.62
TX0014266,ST09,2026-08-08 23:00:00,smart_card,exit,G08,4.48
TX0014267,ST09,2026-08-10 15:00:00,day_pass,exit,G07,2.18
TX0014268,ST10,2026-08-03 23:00:00,smart_card,exit,G09,3.38
TX0014269,ST01,2026-07-08 12:00:00,single_ticket,entry,G07,3.29
TX0014270,ST05,2026-08-01 21:00:00,day_pass,entry,G05,3.35
TX0014271,ST04,2026-08-15 07:00:00,smart_card,exit,G11,3.09
TX0014272,ST04,2026-07-31 07:00:00,smart_card,exit,G07,4.42
TX0014273,ST07,2026-08-04 20:00:00,single_ticket,exit,G12,2.26
TX0014274,ST02,2026-08-13 12:00:00,single_ticket,entry,G01,4.12
TX0014275,ST02,2026-07-16 16:00:00,monthly_pass,entry,G03,3.48
TX0014276,ST10,2026-07-12 05:00:00,monthly_pass,exit,G06,4.22
TX0014277,ST04,2026-08-08 20:00:00,smart_card,entry,G02,3.89
TX0014278,ST02,2026-08-08 05:00:00,smart_card,entry,G03,3.48
TX0014279,ST06,2026-07-25 19:00:00,smart_card,exit,G10,1.64
TX0014280,ST01,2026-06-24 21:00:00,smart_card,exit,G04,3.31
TX0014281,ST09,2026-07-15 09:00:00,smart_card,entry,G05,2.17
TX0014282,ST02,2026-07-18 03:00:00,smart_card,entry,G02,2.52
TX0014283,ST04,2026-08-01 01:00:00,single_ticket,exit,G02,2.69
TX0014284,ST06,2026-06-22 13:00:00,single_ticket,entry,G11,4.12
TX0014285,ST07,2026-06-24 01:00:00,smart_card,entry,G03,4.31
TX0014286,ST06,2026-08-18 08:00:00,monthly_pass,entry,G01,3.81
TX0014287,ST05,2026-07-16 00:00:00,day_pass,exit,G05,1.96
TX0014288,ST04,2026-07-14 16:00:00,single_ticket,entry,G05,2.68
TX0014289,ST09,2026-07-19 22:00:00,smart_card,exit,G10,1.52
TX0014290,ST04,2026-07-15 20:00:00,smart_card,entry,G04,4.07
TX0014291,ST07,2026-07-18 09:00:00,smart_card,entry,G01,1.91
TX0014292,ST01,2026-07-28 19:00:00,smart_card,entry,G12,3.44
TX0014293,ST06,2026-08-16 14:00:00,monthly_pass,entry,G07,3.09
TX0014294,ST06,2026-07-22 01:00:00,smart_card,entry,G05,2.26
TX0014295,ST05,2026-08-07 04:00:00,smart_card,entry,G01,3.24
TX0014296,ST06,2026-07-21 01:00:00,smart_card,exit,G03,2.41
TX0014297,ST05,2026-07-20 12:00:00,single_ticket,exit,G09,2.44
TX0014298,ST06,2026-07-20 02:00:00,monthly_pass,exit,G11,1.9
TX0014299,ST01,2026-08-03 13:00:00,smart_card,entry,G12,3.15
TX0014300,ST07,2026-07-26 16:00:00,day_pass,exit,G08,4.19
TX0014301,ST09,2026-07-11 19:00:00,smart_card,exit,G05,2.54
TX0014302,ST06,2026-07-10 02:00:00,smart_card,exit,G05,3.23
TX0014303,ST09,2026-08-12 04:00:00,smart_card,exit,G12,2.63
TX0014304,ST09,2026-06-22 19:00:00,smart_card,entry,G05,2.34
TX0014305,ST10,2026-06-28 04:00:00,smart_card,entry,G11,2.98
TX0014306,ST01,2026-08-02 16:00:00,smart_card,exit,G11,2.26
TX0014307,ST08,2026-06-26 02:00:00,single_ticket,entry,G05,3.57
TX0014308,ST03,2026-08-20 06:00:00,single_ticket,entry,G06,4.24
TX0014309,ST01,2026-06-28 22:00:00,single_ticket,entry,G03,2.76
TX0014310,ST04,2026-08-17 16:00:00,smart_card,entry,G08,3.53
TX0014311,ST05,2026-08-07 14:00:00,single_ticket,exit,G04,2.24
TX0014312,ST10,2026-06-23 11:00:00,monthly_pass,exit,G03,3.05
TX0014313,ST07,2026-08-05 01:00:00,monthly_pass,exit,G11,3.28
TX0014314,ST06,2026-07-25 02:00:00,smart_card,exit,G07,4.01
TX0014315,ST03,2026-08-01 08:00:00,smart_card,exit,G06,3.57
TX0014316,ST10,2026-07-11 06:00:00,single_ticket,exit,G02,2.38
TX0014317,ST08,2026-07-22 10:00:00,smart_card,exit,G06,3.84
TX0014318,ST09,2026-06-27 18:00:00,day_pass,exit,G01,4.04
TX0014319,ST01,2026-08-03 18:00:00,smart_card,entry,G02,3.15
TX0014320,ST03,2026-06-30 06:00:00,smart_card,entry,G02,3.21
TX0014321,ST06,2026-07-07 00:00:00,day_pass,exit,G03,3.54
TX0014322,ST03,2026-08-05 12:00:00,smart_card,exit,G12,2.9
TX0014323,ST02,2026-06-28 06:00:00,smart_card,exit,G12,3.23
TX0014324,ST08,2026-06-25 00:00:00,day_pass,exit,G07,3.58
TX0014325,ST03,2026-07-03 13:00:00,smart_card,entry,G11,2.32
TX0014326,ST06,2026-08-03 23:00:00,smart_card,exit,G06,1.75
TX0014327,ST09,2026-07-20 19:00:00,smart_card,exit,G04,2.44
TX0014328,ST01,2026-07-24 12:00:00,smart_card,entry,G09,2.69
TX0014329,ST08,2026-07-20 01:00:00,smart_card,entry,G09,4.18
TX0014330,ST07,2026-08-04 03:00:00,smart_card,exit,G05,4.22
TX0014331,ST05,2026-08-17 00:00:00,smart_card,entry,G09,3.35
TX0014332,ST04,2026-08-09 19:00:00,monthly_pass,exit,G08,1.79
TX0014333,ST05,2026-07-12 00:00:00,single_ticket,exit,G06,1.92
TX0014334,ST07,2026-07-30 08:00:00,single_ticket,exit,G11,1.51
TX0014335,ST05,2026-08-14 14:00:00,single_ticket,exit,G09,2.84
TX0014336,ST02,2026-08-10 01:00:00,day_pass,entry,G02,3.52
TX0014337,ST06,2026-07-05 06:00:00,smart_card,entry,G11,4.32
TX0014338,ST08,2026-07-31 05:00:00,monthly_pass,entry,G12,2.17
TX0014339,ST08,2026-06-28 14:00:00,single_ticket,entry,G10,1.91
TX0014340,ST06,2026-08-12 14:00:00,single_ticket,entry,G06,2.31
TX0014341,ST08,2026-06-29 10:00:00,smart_card,entry,G07,3.13
TX0014342,ST08,2026-07-12 00:00:00,day_pass,entry,G02,1.61
TX0014343,ST07,2026-06-28 13:00:00,smart_card,entry,G08,3.99
TX0014344,ST08,2026-07-15 00:00:00,day_pass,exit,G05,3.35
TX0014345,ST04,2026-08-05 22:00:00,day_pass,exit,G11,3.8
TX0014346,ST08,2026-08-02 21:00:00,smart_card,entry,G06,4.36
TX0014347,ST07,2026-06-30 11:00:00,smart_card,exit,G09,3.68
TX0014348,ST03,2026-08-03 07:00:00,monthly_pass,exit,G08,3.93
TX0014349,ST03,2026-07-20 09:00:00,smart_card,entry,G12,3.46
TX0014350,ST08,2026-08-15 23:00:00,single_ticket,exit,G11,2.33
TX0014351,ST02,2026-06-25 21:00:00,smart_card,exit,G11,2.13
TX0014352,ST01,2026-08-14 00:00:00,smart_card,exit,G04,4.44
TX0014353,ST06,2026-07-14 11:00:00,monthly_pass,entry,G01,2.74
TX0014354,ST02,2026-07-11 08:00:00,single_ticket,entry,G07,3.02
TX0014355,ST04,2026-07-06 07:00:00,smart_card,entry,G09,2.12
TX0014356,ST03,2026-06-27 10:00:00,single_ticket,exit,G09,1.85
TX0014357,ST02,2026-08-15 03:00:00,smart_card,entry,G02,2.84
TX0014358,ST01,2026-06-30 02:00:00,smart_card,exit,G11,3.4
TX0014359,ST07,2026-08-17 19:00:00,single_ticket,entry,G11,4.12
TX0014360,ST07,2026-07-14 04:00:00,monthly_pass,exit,G12,2.49
TX0014361,ST02,2026-08-15 16:00:00,single_ticket,entry,G02,2.71
TX0014362,ST02,2026-07-17 12:00:00,smart_card,entry,G07,4.11
TX0014363,ST06,2026-07-19 06:00:00,smart_card,exit,G04,3.63
TX0014364,ST02,2026-08-07 19:00:00,smart_card,exit,G09,2.35
TX0014365,ST07,2026-07-18 15:00:00,smart_card,entry,G04,4.25
TX0014366,ST07,2026-06-23 07:00:00,monthly_pass,exit,G12,1.64
TX0014367,ST08,2026-08-03 13:00:00,smart_card,entry,G12,3.43
TX0014368,ST10,2026-06-25 08:00:00,day_pass,exit,G11,4.42
TX0014369,ST05,2026-07-18 17:00:00,smart_card,exit,G12,1.68
TX0014370,ST09,2026-07-25 02:00:00,smart_card,exit,G07,3.16
TX0014371,ST03,2026-07-13 06:00:00,smart_card,exit,G07,2.61
TX0014372,ST04,2026-07-02 00:00:00,monthly_pass,exit,G06,2.74
TX0014373,ST01,2026-08-10 13:00:00,smart_card,exit,G07,2.21
TX0014374,ST05,2026-07-19 17:00:00,smart_card,entry,G08,4.22
TX0014375,ST04,2026-07-22 16:00:00,smart_card,exit,G07,1.98
TX0014376,ST04,2026-08-02 12:00:00,smart_card,entry,G03,1.75
TX0014377,ST02,2026-08-02 14:00:00,smart_card,entry,G08,1.8
TX0014378,ST05,2026-08-10 18:00:00,monthly_pass,exit,G05,1.62
TX0014379,ST10,2026-07-27 08:00:00,monthly_pass,entry,G01,3.21
TX0014380,ST08,2026-07-13 04:00:00,single_ticket,entry,G12,2.26
TX0014381,ST01,2026-07-24 06:00:00,day_pass,exit,G04,4.2
TX0014382,ST02,2026-07-02 10:00:00,smart_card,exit,G07,3.83
TX0014383,ST06,2026-08-07 23:00:00,monthly_pass,entry,G08,3.33
TX0014384,ST08,2026-08-04 04:00:00,smart_card,exit,G03,2.31
TX0014385,ST08,2026-08-14 16:00:00,smart_card,exit,G03,4.38
TX0014386,ST09,2026-06-27 01:00:00,smart_card,exit,G06,2.0
TX0014387,ST04,2026-08-13 15:00:00,monthly_pass,exit,G08,4.29
TX0014388,ST04,2026-06-26 15:00:00,smart_card,exit,G12,2.48
TX0014389,ST10,2026-07-15 19:00:00,smart_card,exit,G11,3.61
TX0014390,ST01,2026-07-11 15:00:00,smart_card,exit,G12,3.61
TX0014391,ST05,2026-07-13 06:00:00,smart_card,exit,G10,3.11
TX0014392,ST04,2026-08-20 03:00:00,smart_card,entry,G10,2.5
TX0014393,ST08,2026-08-11 09:00:00,single_ticket,entry,G07,2.27
TX0014394,ST09,2026-07-10 17:00:00,day_pass,exit,G05,2.8
TX0014395,ST04,2026-07-28 12:00:00,single_ticket,exit,G04,4.23
TX0014396,ST10,2026-07-11 07:00:00,smart_card,entry,G09,2.45
TX0014397,ST04,2026-08-05 19:00:00,smart_card,exit,G05,3.34
TX0014398,ST01,2026-07-28 01:00:00,monthly_pass,entry,G12,1.74
TX0014399,ST06,2026-06-25 03:00:00,smart_card,exit,G02,2.02
