timestamp,station_id,station_name,day_of_week,hour_of_day,is_weekend,is_peak_hour,entry_count,exit_count,current_occupancy,max_capacity,occupancy_pct,congestion_level
2026-08-09 06:00:00,STN_001,Central Hub,6,6,1,0,156,111,352,1200,29.3,Low
2026-08-09 06:00:00,STN_002,Tech Park,6,6,1,0,111,63,211,1000,21.1,Low
2026-08-09 06:00:00,STN_003,Airport Terminal,6,6,1,0,457,382,868,1500,57.9,Medium
2026-08-09 06:00:00,STN_004,City Center,6,6,1,0,190,184,406,1100,36.9,Low
2026-08-09 06:00:00,STN_005,University Junction,6,6,1,0,186,148,323,900,35.9,Low
2026-08-09 06:00:00,STN_006,Financial District,6,6,1,0,173,110,352,1300,27.1,Low
2026-08-09 07:00:00,STN_001,Central Hub,6,7,1,0,209,147,430,1200,35.8,Low
2026-08-09 07:00:00,STN_002,Tech Park,6,7,1,0,208,109,352,1000,35.2,Low
2026-08-09 07:00:00,STN_003,Airport Terminal,6,7,1,0,395,276,753,1500,50.2,Medium
2026-08-09 07:00:00,STN_004,City Center,6,7,1,0,296,175,557,1100,50.6,Medium
2026-08-09 07:00:00,STN_005,University Junction,6,7,1,0,142,109,346,900,38.4,Low
2026-08-09 07:00:00,STN_006,Financial District,6,7,1,0,173,124,313,1300,24.1,Low
2026-08-09 08:00:00,STN_001,Central Hub,6,8,1,0,279,176,512,1200,42.7,Low
2026-08-09 08:00:00,STN_002,Tech Park,6,8,1,0,206,169,372,1000,37.2,Low
2026-08-09 08:00:00,STN_003,Airport Terminal,6,8,1,0,366,351,780,1500,52.0,Medium
2026-08-09 08:00:00,STN_004,City Center,6,8,1,0,246,150,413,1100,37.5,Low
2026-08-09 08:00:00,STN_005,University Junction,6,8,1,0,97,91,231,900,25.7,Low
2026-08-09 08:00:00,STN_006,Financial District,6,8,1,0,204,131,353,1300,27.2,Low
2026-08-09 09:00:00,STN_001,Central Hub,6,9,1,0,168,191,400,1200,33.3,Low
2026-08-09 09:00:00,STN_002,Tech Park,6,9,1,0,174,113,306,1000,30.6,Low
2026-08-09 09:00:00,STN_003,Airport Terminal,6,9,1,0,386,260,842,1500,56.1,Medium
2026-08-09 09:00:00,STN_004,City Center,6,9,1,0,215,181,437,1100,39.7,Low
2026-08-09 09:00:00,STN_005,University Junction,6,9,1,0,105,61,190,900,21.1,Low
2026-08-09 09:00:00,STN_006,Financial District,6,9,1,0,108,109,270,1300,20.8,Low
2026-08-09 10:00:00,STN_001,Central Hub,6,10,1,0,221,178,433,1200,36.1,Low
2026-08-09 10:00:00,STN_002,Tech Park,6,10,1,0,198,203,438,1000,43.8,Low
2026-08-09 10:00:00,STN_003,Airport Terminal,6,10,1,0,391,319,844,1500,56.3,Medium
2026-08-09 10:00:00,STN_004,City Center,6,10,1,0,165,154,335,1100,30.5,Low
2026-08-09 10:00:00,STN_005,University Junction,6,10,1,0,170,133,357,900,39.7,Low
2026-08-09 10:00:00,STN_006,Financial District,6,10,1,0,194,176,366,1300,28.2,Low
2026-08-09 11:00:00,STN_001,Central Hub,6,11,1,0,237,165,514,1200,42.8,Low
2026-08-09 11:00:00,STN_002,Tech Park,6,11,1,0,208,184,420,1000,42.0,Low
2026-08-09 11:00:00,STN_003,Airport Terminal,6,11,1,1,530,389,1065,1500,71.0,High
2026-08-09 11:00:00,STN_004,City Center,6,11,1,0,202,174,403,1100,36.6,Low
2026-08-09 11:00:00,STN_005,University Junction,6,11,1,0,146,134,273,900,30.3,Low
2026-08-09 11:00:00,STN_006,Financial District,6,11,1,0,214,216,476,1300,36.6,Low
2026-08-09 12:00:00,STN_001,Central Hub,6,12,1,0,315,188,530,1200,44.2,Low
2026-08-09 12:00:00,STN_002,Tech Park,6,12,1,0,201,187,382,1000,38.2,Low
2026-08-09 12:00:00,STN_003,Airport Terminal,6,12,1,1,528,538,1141,1500,76.1,High
2026-08-09 12:00:00,STN_004,City Center,6,12,1,0,245,205,466,1100,42.4,Low
2026-08-09 12:00:00,STN_005,University Junction,6,12,1,0,119,125,297,900,33.0,Low
2026-08-09 12:00:00,STN_006,Financial District,6,12,1,0,222,154,490,1300,37.7,Low
2026-08-09 13:00:00,STN_001,Central Hub,6,13,1,0,150,118,317,1200,26.4,Low
2026-08-09 13:00:00,STN_002,Tech Park,6,13,1,0,195,193,395,1000,39.5,Low
2026-08-09 13:00:00,STN_003,Airport Terminal,6,13,1,1,595,351,1030,1500,68.7,Medium
2026-08-09 13:00:00,STN_004,City Center,6,13,1,0,177,182,423,1100,38.5,Low
2026-08-09 13:00:00,STN_005,University Junction,6,13,1,0,87,76,189,900,21.0,Low
2026-08-09 13:00:00,STN_006,Financial District,6,13,1,0,181,122,342,1300,26.3,Low
2026-08-09 14:00:00,STN_001,Central Hub,6,14,1,0,160,131,358,1200,29.8,Low
2026-08-09 14:00:00,STN_002,Tech Park,6,14,1,0,145,138,332,1000,33.2,Low
2026-08-09 14:00:00,STN_003,Airport Terminal,6,14,1,1,681,400,1244,1500,82.9,High
2026-08-09 14:00:00,STN_004,City Center,6,14,1,0,177,133,385,1100,35.0,Low
2026-08-09 14:00:00,STN_005,University Junction,6,14,1,0,155,135,335,900,37.2,Low
2026-08-09 14:00:00,STN_006,Financial District,6,14,1,0,178,137,304,1300,23.4,Low
2026-08-09 15:00:00,STN_001,Central Hub,6,15,1,0,286,170,503,1200,41.9,Low
2026-08-09 15:00:00,STN_002,Tech Park,6,15,1,0,228,168,401,1000,40.1,Low
2026-08-09 15:00:00,STN_003,Airport Terminal,6,15,1,1,611,593,1231,1500,82.1,High
2026-08-09 15:00:00,STN_004,City Center,6,15,1,0,270,257,521,1100,47.4,Medium
2026-08-09 15:00:00,STN_005,University Junction,6,15,1,0,84,65,200,900,22.2,Low
2026-08-09 15:00:00,STN_006,Financial District,6,15,1,0,214,196,404,1300,31.1,Low
2026-08-09 16:00:00,STN_001,Central Hub,6,16,1,0,266,163,460,1200,38.3,Low
2026-08-09 16:00:00,STN_002,Tech Park,6,16,1,0,184,172,370,1000,37.0,Low
2026-08-09 16:00:00,STN_003,Airport Terminal,6,16,1,0,353,286,856,1500,57.1,Medium
2026-08-09 16:00:00,STN_004,City Center,6,16,1,1,342,253,814,1100,74.0,High
2026-08-09 16:00:00,STN_005,University Junction,6,16,1,0,169,107,305,900,33.9,Low
2026-08-09 16:00:00,STN_006,Financial District,6,16,1,0,206,170,478,1300,36.8,Low
2026-08-09 17:00:00,STN_001,Central Hub,6,17,1,0,202,144,474,1200,39.5,Low
2026-08-09 17:00:00,STN_002,Tech Park,6,17,1,0,206,115,346,1000,34.6,Low
2026-08-09 17:00:00,STN_003,Airport Terminal,6,17,1,0,365,405,821,1500,54.7,Medium
2026-08-09 17:00:00,STN_004,City Center,6,17,1,1,592,298,988,1100,89.8,Critical
2026-08-09 17:00:00,STN_005,University Junction,6,17,1,0,97,87,190,900,21.1,Low
2026-08-09 17:00:00,STN_006,Financial District,6,17,1,0,164,128,380,1300,29.2,Low
2026-08-09 18:00:00,STN_001,Central Hub,6,18,1,0,223,131,435,1200,36.2,Low
2026-08-09 18:00:00,STN_002,Tech Park,6,18,1,0,132,98,229,1000,22.9,Low
2026-08-09 18:00:00,STN_003,Airport Terminal,6,18,1,0,276,276,684,1500,45.6,Medium
2026-08-09 18:00:00,STN_004,City Center,6,18,1,1,334,361,784,1100,71.3,High
2026-08-09 18:00:00,STN_005,University Junction,6,18,1,0,113,93,253,900,28.1,Low
2026-08-09 18:00:00,STN_006,Financial District,6,18,1,0,244,188,502,1300,38.6,Low
2026-08-09 19:00:00,STN_001,Central Hub,6,19,1,0,227,218,551,1200,45.9,Medium
2026-08-09 19:00:00,STN_002,Tech Park,6,19,1,0,108,91,218,1000,21.8,Low
2026-08-09 19:00:00,STN_003,Airport Terminal,6,19,1,0,345,312,635,1500,42.3,Low
2026-08-09 19:00:00,STN_004,City Center,6,19,1,1,376,412,932,1100,84.7,High
2026-08-09 19:00:00,STN_005,University Junction,6,19,1,0,99,74,204,900,22.7,Low
2026-08-09 19:00:00,STN_006,Financial District,6,19,1,0,283,174,516,1300,39.7,Low
2026-08-09 20:00:00,STN_001,Central Hub,6,20,1,0,342,280,581,1200,48.4,Medium
2026-08-09 20:00:00,STN_002,Tech Park,6,20,1,0,232,185,416,1000,41.6,Low
2026-08-09 20:00:00,STN_003,Airport Terminal,6,20,1,0,391,394,882,1500,58.8,Medium
2026-08-09 20:00:00,STN_004,City Center,6,20,1,1,403,310,801,1100,72.8,High
2026-08-09 20:00:00,STN_005,University Junction,6,20,1,0,96,95,199,900,22.1,Low
2026-08-09 20:00:00,STN_006,Financial District,6,20,1,0,221,160,417,1300,32.1,Low
2026-08-09 21:00:00,STN_001,Central Hub,6,21,1,0,336,263,564,1200,47.0,Medium
2026-08-09 21:00:00,STN_002,Tech Park,6,21,1,0,136,123,322,1000,32.2,Low
2026-08-09 21:00:00,STN_003,Airport Terminal,6,21,1,0,259,224,623,1500,41.5,Low
2026-08-09 21:00:00,STN_004,City Center,6,21,1,0,243,188,414,1100,37.6,Low
2026-08-09 21:00:00,STN_005,University Junction,6,21,1,0,97,69,197,900,21.9,Low
2026-08-09 21:00:00,STN_006,Financial District,6,21,1,0,242,208,455,1300,35.0,Low
2026-08-09 22:00:00,STN_001,Central Hub,6,22,1,0,241,201,431,1200,35.9,Low
2026-08-09 22:00:00,STN_002,Tech Park,6,22,1,0,231,126,403,1000,40.3,Low
2026-08-09 22:00:00,STN_003,Airport Terminal,6,22,1,0,479,369,848,1500,56.5,Medium
2026-08-09 22:00:00,STN_004,City Center,6,22,1,0,262,231,596,1100,54.2,Medium
2026-08-09 22:00:00,STN_005,University Junction,6,22,1,0,134,157,321,900,35.7,Low
2026-08-09 22:00:00,STN_006,Financial District,6,22,1,0,144,143,321,1300,24.7,Low
2026-08-10 06:00:00,STN_001,Central Hub,0,6,0,0,226,254,541,1200,45.1,Medium
2026-08-10 06:00:00,STN_002,Tech Park,0,6,0,0,195,142,341,1000,34.1,Low
2026-08-10 06:00:00,STN_003,Airport Terminal,0,6,0,0,411,361,817,1500,54.5,Medium
2026-08-10 06:00:00,STN_004,City Center,0,6,0,0,259,193,564,1100,51.3,Medium
2026-08-10 06:00:00,STN_005,University Junction,0,6,0,0,148,100,308,900,34.2,Low
2026-08-10 06:00:00,STN_006,Financial District,0,6,0,0,242,222,454,1300,34.9,Low
2026-08-10 07:00:00,STN_001,Central Hub,0,7,0,0,191,134,340,1200,28.3,Low
2026-08-10 07:00:00,STN_002,Tech Park,0,7,0,0,214,213,439,1000,43.9,Low
2026-08-10 07:00:00,STN_003,Airport Terminal,0,7,0,0,478,381,840,1500,56.0,Medium
2026-08-10 07:00:00,STN_004,City Center,0,7,0,0,200,165,438,1100,39.8,Low
2026-08-10 07:00:00,STN_005,University Junction,0,7,0,0,110,65,204,900,22.7,Low
2026-08-10 07:00:00,STN_006,Financial District,0,7,0,0,227,166,461,1300,35.5,Low
2026-08-10 08:00:00,STN_001,Central Hub,0,8,0,1,409,414,912,1200,76.0,High
2026-08-10 08:00:00,STN_002,Tech Park,0,8,0,0,151,150,350,1000,35.0,Low
2026-08-10 08:00:00,STN_003,Airport Terminal,0,8,0,0,311,279,775,1500,51.7,Medium
2026-08-10 08:00:00,STN_004,City Center,0,8,0,0,282,178,534,1100,48.5,Medium
2026-08-10 08:00:00,STN_005,University Junction,0,8,0,1,232,222,569,900,63.2,Medium
2026-08-10 08:00:00,STN_006,Financial District,0,8,0,1,557,389,947,1300,72.8,High
2026-08-10 09:00:00,STN_001,Central Hub,0,9,0,1,551,393,981,1200,81.8,High
2026-08-10 09:00:00,STN_002,Tech Park,0,9,0,1,409,338,839,1000,83.9,High
2026-08-10 09:00:00,STN_003,Airport Terminal,0,9,0,0,246,207,609,1500,40.6,Low
2026-08-10 09:00:00,STN_004,City Center,0,9,0,0,167,178,375,1100,34.1,Low
2026-08-10 09:00:00,STN_005,University Junction,0,9,0,1,298,195,498,900,55.3,Medium
2026-08-10 09:00:00,STN_006,Financial District,0,9,0,1,368,311,846,1300,65.1,Medium
2026-08-10 10:00:00,STN_001,Central Hub,0,10,0,1,565,364,1109,1200,92.4,Critical
2026-08-10 10:00:00,STN_002,Tech Park,0,10,0,0,140,91,252,1000,25.2,Low
2026-08-10 10:00:00,STN_003,Airport Terminal,0,10,0,0,294,267,700,1500,46.7,Medium
2026-08-10 10:00:00,STN_004,City Center,0,10,0,0,198,193,404,1100,36.7,Low
2026-08-10 10:00:00,STN_005,University Junction,0,10,0,0,94,93,212,900,23.6,Low
2026-08-10 10:00:00,STN_006,Financial District,0,10,0,0,202,147,462,1300,35.5,Low
2026-08-10 11:00:00,STN_001,Central Hub,0,11,0,0,142,140,317,1200,26.4,Low
2026-08-10 11:00:00,STN_002,Tech Park,0,11,0,0,181,165,361,1000,36.1,Low
2026-08-10 11:00:00,STN_003,Airport Terminal,0,11,0,1,470,461,1104,1500,73.6,High
2026-08-10 11:00:00,STN_004,City Center,0,11,0,0,234,160,412,1100,37.5,Low
2026-08-10 11:00:00,STN_005,University Junction,0,11,0,0,89,107,217,900,24.1,Low
2026-08-10 11:00:00,STN_006,Financial District,0,11,0,0,151,121,292,1300,22.5,Low
2026-08-10 12:00:00,STN_001,Central Hub,0,12,0,0,152,145,378,1200,31.5,Low
2026-08-10 12:00:00,STN_002,Tech Park,0,12,0,0,172,109,340,1000,34.0,Low
2026-08-10 12:00:00,STN_003,Airport Terminal,0,12,0,1,442,355,1043,1500,69.5,Medium
2026-08-10 12:00:00,STN_004,City Center,0,12,0,0,279,240,506,1100,46.0,Medium
2026-08-10 12:00:00,STN_005,University Junction,0,12,0,0,141,91,253,900,28.1,Low
2026-08-10 12:00:00,STN_006,Financial District,0,12,0,0,149,114,317,1300,24.4,Low
2026-08-10 13:00:00,STN_001,Central Hub,0,13,0,0,133,127,300,1200,25.0,Low
2026-08-10 13:00:00,STN_002,Tech Park,0,13,0,0,149,165,359,1000,35.9,Low
2026-08-10 13:00:00,STN_003,Airport Terminal,0,13,0,1,650,465,1087,1500,72.5,High
2026-08-10 13:00:00,STN_004,City Center,0,13,0,0,246,188,545,1100,49.5,Medium
2026-08-10 13:00:00,STN_005,University Junction,0,13,0,0,99,100,233,900,25.9,Low
2026-08-10 13:00:00,STN_006,Financial District,0,13,0,0,145,141,311,1300,23.9,Low
2026-08-10 14:00:00,STN_001,Central Hub,0,14,0,0,297,235,562,1200,46.8,Medium
2026-08-10 14:00:00,STN_002,Tech Park,0,14,0,0,122,91,257,1000,25.7,Low
2026-08-10 14:00:00,STN_003,Airport Terminal,0,14,0,1,688,411,1167,1500,77.8,High
2026-08-10 14:00:00,STN_004,City Center,0,14,0,0,247,181,577,1100,52.5,Medium
2026-08-10 14:00:00,STN_005,University Junction,0,14,0,0,178,145,318,900,35.3,Low
2026-08-10 14:00:00,STN_006,Financial District,0,14,0,0,287,210,499,1300,38.4,Low
2026-08-10 15:00:00,STN_001,Central Hub,0,15,0,0,170,143,412,1200,34.3,Low
2026-08-10 15:00:00,STN_002,Tech Park,0,15,0,0,218,206,448,1000,44.8,Low
2026-08-10 15:00:00,STN_003,Airport Terminal,0,15,0,1,504,413,984,1500,65.6,Medium
2026-08-10 15:00:00,STN_004,City Center,0,15,0,0,270,158,483,1100,43.9,Low
2026-08-10 15:00:00,STN_005,University Junction,0,15,0,0,93,80,223,900,24.8,Low
2026-08-10 15:00:00,STN_006,Financial District,0,15,0,0,267,191,447,1300,34.4,Low
2026-08-10 16:00:00,STN_001,Central Hub,0,16,0,0,198,148,379,1200,31.6,Low
2026-08-10 16:00:00,STN_002,Tech Park,0,16,0,0,158,129,331,1000,33.1,Low
2026-08-10 16:00:00,STN_003,Airport Terminal,0,16,0,0,354,191,609,1500,40.6,Low
2026-08-10 16:00:00,STN_004,City Center,0,16,0,1,389,245,806,1100,73.3,High
2026-08-10 16:00:00,STN_005,University Junction,0,16,0,0,162,101,315,900,35.0,Low
2026-08-10 16:00:00,STN_006,Financial District,0,16,0,0,165,174,356,1300,27.4,Low
2026-08-10 17:00:00,STN_001,Central Hub,0,17,0,1,549,417,922,1200,76.8,High
2026-08-10 17:00:00,STN_002,Tech Park,0,17,0,0,241,148,421,1000,42.1,Low
2026-08-10 17:00:00,STN_003,Airport Terminal,0,17,0,0,278,228,693,1500,46.2,Medium
2026-08-10 17:00:00,STN_004,City Center,0,17,0,1,451,267,875,1100,79.5,High
2026-08-10 17:00:00,STN_005,University Junction,0,17,0,1,309,182,549,900,61.0,Medium
2026-08-10 17:00:00,STN_006,Financial District,0,17,0,1,485,408,943,1300,72.5,High
2026-08-10 18:00:00,STN_001,Central Hub,0,18,0,1,423,473,1017,1200,84.8,High
2026-08-10 18:00:00,STN_002,Tech Park,0,18,0,1,444,271,841,1000,84.1,High
2026-08-10 18:00:00,STN_003,Airport Terminal,0,18,0,0,382,312,823,1500,54.9,Medium
2026-08-10 18:00:00,STN_004,City Center,0,18,0,1,414,433,971,1100,88.3,Critical
2026-08-10 18:00:00,STN_005,University Junction,0,18,0,1,251,176,579,900,64.3,Medium
2026-08-10 18:00:00,STN_006,Financial District,0,18,0,1,510,342,883,1300,67.9,Medium
2026-08-10 19:00:00,STN_001,Central Hub,0,19,0,1,480,444,921,1200,76.8,High
2026-08-10 19:00:00,STN_002,Tech Park,0,19,0,0,158,138,288,1000,28.8,Low
2026-08-10 19:00:00,STN_003,Airport Terminal,0,19,0,0,357,350,742,1500,49.5,Medium
2026-08-10 19:00:00,STN_004,City Center,0,19,0,1,485,405,987,1100,89.7,Critical
2026-08-10 19:00:00,STN_005,University Junction,0,19,0,0,119,97,231,900,25.7,Low
2026-08-10 19:00:00,STN_006,Financial District,0,19,0,0,154,126,343,1300,26.4,Low
2026-08-10 20:00:00,STN_001,Central Hub,0,20,0,0,249,197,420,1200,35.0,Low
2026-08-10 20:00:00,STN_002,Tech Park,0,20,0,0,119,91,221,1000,22.1,Low
2026-08-10 20:00:00,STN_003,Airport Terminal,0,20,0,0,461,330,898,1500,59.9,Medium
2026-08-10 20:00:00,STN_004,City Center,0,20,0,1,379,320,909,1100,82.6,High
2026-08-10 20:00:00,STN_005,University Junction,0,20,0,0,188,137,320,900,35.6,Low
2026-08-10 20:00:00,STN_006,Financial District,0,20,0,0,248,135,439,1300,33.8,Low
2026-08-10 21:00:00,STN_001,Central Hub,0,21,0,0,183,188,416,1200,34.7,Low
2026-08-10 21:00:00,STN_002,Tech Park,0,21,0,0,125,80,220,1000,22.0,Low
2026-08-10 21:00:00,STN_003,Airport Terminal,0,21,0,0,442,388,804,1500,53.6,Medium
2026-08-10 21:00:00,STN_004,City Center,0,21,0,0,264,207,499,1100,45.4,Medium
2026-08-10 21:00:00,STN_005,University Junction,0,21,0,0,118,100,295,900,32.8,Low
2026-08-10 21:00:00,STN_006,Financial District,0,21,0,0,207,169,404,1300,31.1,Low
2026-08-10 22:00:00,STN_001,Central Hub,0,22,0,0,257,263,546,1200,45.5,Medium
2026-08-10 22:00:00,STN_002,Tech Park,0,22,0,0,224,130,379,1000,37.9,Low
2026-08-10 22:00:00,STN_003,Airport Terminal,0,22,0,0,474,288,887,1500,59.1,Medium
2026-08-10 22:00:00,STN_004,City Center,0,22,0,0,222,126,416,1100,37.8,Low
2026-08-10 22:00:00,STN_005,University Junction,0,22,0,0,148,129,315,900,35.0,Low
2026-08-10 22:00:00,STN_006,Financial District,0,22,0,0,269,232,512,1300,39.4,Low
2026-08-11 06:00:00,STN_001,Central Hub,1,6,0,0,262,169,474,1200,39.5,Low
2026-08-11 06:00:00,STN_002,Tech Park,1,6,0,0,204,164,354,1000,35.4,Low
2026-08-11 06:00:00,STN_003,Airport Terminal,1,6,0,0,300,260,663,1500,44.2,Low
2026-08-11 06:00:00,STN_004,City Center,1,6,0,0,222,159,455,1100,41.4,Low
2026-08-11 06:00:00,STN_005,University Junction,1,6,0,0,119,83,206,900,22.9,Low
2026-08-11 06:00:00,STN_006,Financial District,1,6,0,0,172,138,345,1300,26.5,Low
2026-08-11 07:00:00,STN_001,Central Hub,1,7,0,0,202,117,366,1200,30.5,Low
2026-08-11 07:00:00,STN_002,Tech Park,1,7,0,0,107,85,238,1000,23.8,Low
2026-08-11 07:00:00,STN_003,Airport Terminal,1,7,0,0,295,263,708,1500,47.2,Medium
2026-08-11 07:00:00,STN_004,City Center,1,7,0,0,201,133,411,1100,37.4,Low
2026-08-11 07:00:00,STN_005,University Junction,1,7,0,0,151,164,335,900,37.2,Low
2026-08-11 07:00:00,STN_006,Financial District,1,7,0,0,112,117,272,1300,20.9,Low
2026-08-11 08:00:00,STN_001,Central Hub,1,8,0,1,521,370,997,1200,83.1,High
2026-08-11 08:00:00,STN_002,Tech Park,1,8,0,0,157,162,371,1000,37.1,Low
2026-08-11 08:00:00,STN_003,Airport Terminal,1,8,0,0,308,377,758,1500,50.5,Medium
2026-08-11 08:00:00,STN_004,City Center,1,8,0,0,328,208,561,1100,51.0,Medium
2026-08-11 08:00:00,STN_005,University Junction,1,8,0,1,324,235,659,900,73.2,High
2026-08-11 08:00:00,STN_006,Financial District,1,8,0,1,336,366,767,1300,59.0,Medium
2026-08-11 09:00:00,STN_001,Central Hub,1,9,0,1,505,470,947,1200,78.9,High
2026-08-11 09:00:00,STN_002,Tech Park,1,9,0,1,442,408,872,1000,87.2,Critical
2026-08-11 09:00:00,STN_003,Airport Terminal,1,9,0,0,414,246,813,1500,54.2,Medium
2026-08-11 09:00:00,STN_004,City Center,1,9,0,0,283,197,493,1100,44.8,Low
2026-08-11 09:00:00,STN_005,University Junction,1,9,0,1,314,216,607,900,67.4,Medium
2026-08-11 09:00:00,STN_006,Financial District,1,9,0,1,407,225,749,1300,57.6,Medium
2026-08-11 10:00:00,STN_001,Central Hub,1,10,0,1,515,344,1002,1200,83.5,High
2026-08-11 10:00:00,STN_002,Tech Park,1,10,0,0,159,141,308,1000,30.8,Low
2026-08-11 10:00:00,STN_003,Airport Terminal,1,10,0,0,357,274,697,1500,46.5,Medium
2026-08-11 10:00:00,STN_004,City Center,1,10,0,0,175,141,349,1100,31.7,Low
2026-08-11 10:00:00,STN_005,University Junction,1,10,0,0,166,130,291,900,32.3,Low
2026-08-11 10:00:00,STN_006,Financial District,1,10,0,0,184,155,345,1300,26.5,Low
2026-08-11 11:00:00,STN_001,Central Hub,1,11,0,0,291,196,548,1200,45.7,Medium
2026-08-11 11:00:00,STN_002,Tech Park,1,11,0,0,147,100,308,1000,30.8,Low
2026-08-11 11:00:00,STN_003,Airport Terminal,1,11,0,1,420,301,977,1500,65.1,Medium
2026-08-11 11:00:00,STN_004,City Center,1,11,0,0,319,282,595,1100,54.1,Medium
2026-08-11 11:00:00,STN_005,University Junction,1,11,0,0,181,136,319,900,35.4,Low
2026-08-11 11:00:00,STN_006,Financial District,1,11,0,0,232,124,395,1300,30.4,Low
2026-08-11 12:00:00,STN_001,Central Hub,1,12,0,0,186,217,442,1200,36.8,Low
2026-08-11 12:00:00,STN_002,Tech Park,1,12,0,0,236,207,418,1000,41.8,Low
2026-08-11 12:00:00,STN_003,Airport Terminal,1,12,0,1,607,415,1068,1500,71.2,High
2026-08-11 12:00:00,STN_004,City Center,1,12,0,0,196,123,373,1100,33.9,Low
2026-08-11 12:00:00,STN_005,University Junction,1,12,0,0,130,132,280,900,31.1,Low
2026-08-11 12:00:00,STN_006,Financial District,1,12,0,0,169,135,337,1300,25.9,Low
2026-08-11 13:00:00,STN_001,Central Hub,1,13,0,0,231,143,409,1200,34.1,Low
2026-08-11 13:00:00,STN_002,Tech Park,1,13,0,0,100,63,202,1000,20.2,Low
2026-08-11 13:00:00,STN_003,Airport Terminal,1,13,0,1,453,338,1005,1500,67.0,Medium
2026-08-11 13:00:00,STN_004,City Center,1,13,0,0,312,231,548,1100,49.8,Medium
2026-08-11 13:00:00,STN_005,University Junction,1,13,0,0,126,106,245,900,27.2,Low
2026-08-11 13:00:00,STN_006,Financial District,1,13,0,0,216,180,428,1300,32.9,Low
2026-08-11 14:00:00,STN_001,Central Hub,1,14,0,0,239,186,566,1200,47.2,Medium
2026-08-11 14:00:00,STN_002,Tech Park,1,14,0,0,115,101,279,1000,27.9,Low
2026-08-11 14:00:00,STN_003,Airport Terminal,1,14,0,1,428,403,981,1500,65.4,Medium
2026-08-11 14:00:00,STN_004,City Center,1,14,0,0,244,144,418,1100,38.0,Low
2026-08-11 14:00:00,STN_005,University Junction,1,14,0,0,121,99,229,900,25.4,Low
2026-08-11 14:00:00,STN_006,Financial District,1,14,0,0,157,107,271,1300,20.8,Low
2026-08-11 15:00:00,STN_001,Central Hub,1,15,0,0,258,212,492,1200,41.0,Low
2026-08-11 15:00:00,STN_002,Tech Park,1,15,0,0,206,175,355,1000,35.5,Low
2026-08-11 15:00:00,STN_003,Airport Terminal,1,15,0,1,562,328,1062,1500,70.8,High
2026-08-11 15:00:00,STN_004,City Center,1,15,0,0,194,175,481,1100,43.7,Low
2026-08-11 15:00:00,STN_005,University Junction,1,15,0,0,94,60,197,900,21.9,Low
2026-08-11 15:00:00,STN_006,Financial District,1,15,0,0,138,86,284,1300,21.8,Low
2026-08-11 16:00:00,STN_001,Central Hub,1,16,0,0,243,210,430,1200,35.8,Low
2026-08-11 16:00:00,STN_002,Tech Park,1,16,0,0,235,184,408,1000,40.8,Low
2026-08-11 16:00:00,STN_003,Airport Terminal,1,16,0,0,294,270,725,1500,48.3,Medium
2026-08-11 16:00:00,STN_004,City Center,1,16,0,1,537,349,971,1100,88.3,Critical
2026-08-11 16:00:00,STN_005,University Junction,1,16,0,0,135,165,333,900,37.0,Low
2026-08-11 16:00:00,STN_006,Financial District,1,16,0,0,119,123,264,1300,20.3,Low
2026-08-11 17:00:00,STN_001,Central Hub,1,17,0,1,492,456,1018,1200,84.8,High
2026-08-11 17:00:00,STN_002,Tech Park,1,17,0,0,147,146,356,1000,35.6,Low
2026-08-11 17:00:00,STN_003,Airport Terminal,1,17,0,0,442,372,778,1500,51.9,Medium
2026-08-11 17:00:00,STN_004,City Center,1,17,0,1,357,268,879,1100,79.9,High
2026-08-11 17:00:00,STN_005,University Junction,1,17,0,1,367,281,622,900,69.1,Medium
2026-08-11 17:00:00,STN_006,Financial District,1,17,0,1,406,330,824,1300,63.4,Medium
2026-08-11 18:00:00,STN_001,Central Hub,1,18,0,1,448,450,980,1200,81.7,High
2026-08-11 18:00:00,STN_002,Tech Park,1,18,0,1,404,397,868,1000,86.8,Critical
2026-08-11 18:00:00,STN_003,Airport Terminal,1,18,0,0,387,306,819,1500,54.6,Medium
2026-08-11 18:00:00,STN_004,City Center,1,18,0,1,401,455,918,1100,83.5,High
2026-08-11 18:00:00,STN_005,University Junction,1,18,0,1,353,242,673,900,74.8,High
2026-08-11 18:00:00,STN_006,Financial District,1,18,0,1,333,264,819,1300,63.0,Medium
2026-08-11 19:00:00,STN_001,Central Hub,1,19,0,1,556,323,966,1200,80.5,High
2026-08-11 19:00:00,STN_002,Tech Park,1,19,0,0,201,109,361,1000,36.1,Low
2026-08-11 19:00:00,STN_003,Airport Terminal,1,19,0,0,299,214,695,1500,46.3,Medium
2026-08-11 19:00:00,STN_004,City Center,1,19,0,1,406,255,833,1100,75.7,High
2026-08-11 19:00:00,STN_005,University Junction,1,19,0,0,147,106,286,900,31.8,Low
2026-08-11 19:00:00,STN_006,Financial District,1,19,0,0,188,145,370,1300,28.5,Low
2026-08-11 20:00:00,STN_001,Central Hub,1,20,0,0,225,188,453,1200,37.8,Low
2026-08-11 20:00:00,STN_002,Tech Park,1,20,0,0,227,161,382,1000,38.2,Low
2026-08-11 20:00:00,STN_003,Airport Terminal,1,20,0,0,382,311,649,1500,43.3,Low
2026-08-11 20:00:00,STN_004,City Center,1,20,0,1,442,287,797,1100,72.5,High
2026-08-11 20:00:00,STN_005,University Junction,1,20,0,0,145,137,323,900,35.9,Low
2026-08-11 20:00:00,STN_006,Financial District,1,20,0,0,170,93,291,1300,22.4,Low
2026-08-11 21:00:00,STN_001,Central Hub,1,21,0,0,245,220,539,1200,44.9,Low
2026-08-11 21:00:00,STN_002,Tech Park,1,21,0,0,167,112,353,1000,35.3,Low
2026-08-11 21:00:00,STN_003,Airport Terminal,1,21,0,0,425,241,784,1500,52.3,Medium
2026-08-11 21:00:00,STN_004,City Center,1,21,0,0,220,191,394,1100,35.8,Low
2026-08-11 21:00:00,STN_005,University Junction,1,21,0,0,99,79,206,900,22.9,Low
2026-08-11 21:00:00,STN_006,Financial District,1,21,0,0,159,105,330,1300,25.4,Low
2026-08-11 22:00:00,STN_001,Central Hub,1,22,0,0,305,187,526,1200,43.8,Low
2026-08-11 22:00:00,STN_002,Tech Park,1,22,0,0,176,122,336,1000,33.6,Low
2026-08-11 22:00:00,STN_003,Airport Terminal,1,22,0,0,318,256,669,1500,44.6,Low
2026-08-11 22:00:00,STN_004,City Center,1,22,0,0,246,207,463,1100,42.1,Low
2026-08-11 22:00:00,STN_005,University Junction,1,22,0,0,88,100,207,900,23.0,Low
2026-08-11 22:00:00,STN_006,Financial District,1,22,0,0,287,252,507,1300,39.0,Low
2026-08-12 06:00:00,STN_001,Central Hub,2,6,0,0,228,243,490,1200,40.8,Low
2026-08-12 06:00:00,STN_002,Tech Park,2,6,0,0,164,122,377,1000,37.7,Low
2026-08-12 06:00:00,STN_003,Airport Terminal,2,6,0,0,428,253,754,1500,50.3,Medium
2026-08-12 06:00:00,STN_004,City Center,2,6,0,0,254,197,533,1100,48.5,Medium
2026-08-12 06:00:00,STN_005,University Junction,2,6,0,0,85,65,186,900,20.7,Low
2026-08-12 06:00:00,STN_006,Financial District,2,6,0,0,190,148,348,1300,26.8,Low
2026-08-12 07:00:00,STN_001,Central Hub,2,7,0,0,190,172,378,1200,31.5,Low
2026-08-12 07:00:00,STN_002,Tech Park,2,7,0,0,163,167,365,1000,36.5,Low
2026-08-12 07:00:00,STN_003,Airport Terminal,2,7,0,0,377,204,667,1500,44.5,Low
2026-08-12 07:00:00,STN_004,City Center,2,7,0,0,206,208,440,1100,40.0,Low
2026-08-12 07:00:00,STN_005,University Junction,2,7,0,0,111,111,235,900,26.1,Low
2026-08-12 07:00:00,STN_006,Financial District,2,7,0,0,288,166,516,1300,39.7,Low
2026-08-12 08:00:00,STN_001,Central Hub,2,8,0,1,518,332,940,1200,78.3,High
2026-08-12 08:00:00,STN_002,Tech Park,2,8,0,0,164,163,330,1000,33.0,Low
2026-08-12 08:00:00,STN_003,Airport Terminal,2,8,0,0,452,299,836,1500,55.7,Medium
2026-08-12 08:00:00,STN_004,City Center,2,8,0,0,174,195,403,1100,36.6,Low
2026-08-12 08:00:00,STN_005,University Junction,2,8,0,1,304,287,584,900,64.9,Medium
2026-08-12 08:00:00,STN_006,Financial District,2,8,0,1,419,348,747,1300,57.5,Medium
2026-08-12 09:00:00,STN_001,Central Hub,2,9,0,1,489,403,963,1200,80.2,High
2026-08-12 09:00:00,STN_002,Tech Park,2,9,0,1,355,399,820,1000,82.0,High
2026-08-12 09:00:00,STN_003,Airport Terminal,2,9,0,0,398,263,832,1500,55.5,Medium
2026-08-12 09:00:00,STN_004,City Center,2,9,0,0,170,140,425,1100,38.6,Low
2026-08-12 09:00:00,STN_005,University Junction,2,9,0,1,310,248,606,900,67.3,Medium
2026-08-12 09:00:00,STN_006,Financial District,2,9,0,1,389,358,971,1300,74.7,High
2026-08-12 10:00:00,STN_001,Central Hub,2,10,0,1,441,434,933,1200,77.8,High
2026-08-12 10:00:00,STN_002,Tech Park,2,10,0,0,205,188,393,1000,39.3,Low
2026-08-12 10:00:00,STN_003,Airport Terminal,2,10,0,0,362,324,829,1500,55.3,Medium
2026-08-12 10:00:00,STN_004,City Center,2,10,0,0,212,149,438,1100,39.8,Low
2026-08-12 10:00:00,STN_005,University Junction,2,10,0,0,155,94,292,900,32.4,Low
2026-08-12 10:00:00,STN_006,Financial District,2,10,0,0,159,90,299,1300,23.0,Low
2026-08-12 11:00:00,STN_001,Central Hub,2,11,0,0,137,134,301,1200,25.1,Low
2026-08-12 11:00:00,STN_002,Tech Park,2,11,0,0,162,109,303,1000,30.3,Low
2026-08-12 11:00:00,STN_003,Airport Terminal,2,11,0,1,664,381,1180,1500,78.7,High
2026-08-12 11:00:00,STN_004,City Center,2,11,0,0,282,212,541,1100,49.2,Medium
2026-08-12 11:00:00,STN_005,University Junction,2,11,0,0,144,94,256,900,28.4,Low
2026-08-12 11:00:00,STN_006,Financial District,2,11,0,0,185,184,383,1300,29.5,Low
2026-08-12 12:00:00,STN_001,Central Hub,2,12,0,0,305,255,594,1200,49.5,Medium
2026-08-12 12:00:00,STN_002,Tech Park,2,12,0,0,146,110,285,1000,28.5,Low
2026-08-12 12:00:00,STN_003,Airport Terminal,2,12,0,1,536,501,1198,1500,79.9,High
2026-08-12 12:00:00,STN_004,City Center,2,12,0,0,167,131,417,1100,37.9,Low
2026-08-12 12:00:00,STN_005,University Junction,2,12,0,0,121,82,206,900,22.9,Low
2026-08-12 12:00:00,STN_006,Financial District,2,12,0,0,220,125,375,1300,28.8,Low
2026-08-12 13:00:00,STN_001,Central Hub,2,13,0,0,254,217,474,1200,39.5,Low
2026-08-12 13:00:00,STN_002,Tech Park,2,13,0,0,128,90,215,1000,21.5,Low
2026-08-12 13:00:00,STN_003,Airport Terminal,2,13,0,1,501,419,1084,1500,72.3,High
2026-08-12 13:00:00,STN_004,City Center,2,13,0,0,273,240,574,1100,52.2,Medium
2026-08-12 13:00:00,STN_005,University Junction,2,13,0,0,85,80,189,900,21.0,Low
2026-08-12 13:00:00,STN_006,Financial District,2,13,0,0,161,128,337,1300,25.9,Low
2026-08-12 14:00:00,STN_001,Central Hub,2,14,0,0,153,110,341,1200,28.4,Low
2026-08-12 14:00:00,STN_002,Tech Park,2,14,0,0,159,120,299,1000,29.9,Low
2026-08-12 14:00:00,STN_003,Airport Terminal,2,14,0,1,655,396,1165,1500,77.7,High
2026-08-12 14:00:00,STN_004,City Center,2,14,0,0,222,209,426,1100,38.7,Low
2026-08-12 14:00:00,STN_005,University Junction,2,14,0,0,175,103,309,900,34.3,Low
2026-08-12 14:00:00,STN_006,Financial District,2,14,0,0,205,127,358,1300,27.5,Low
2026-08-12 15:00:00,STN_001,Central Hub,2,15,0,0,323,178,566,1200,47.2,Medium
2026-08-12 15:00:00,STN_002,Tech Park,2,15,0,0,128,86,247,1000,24.7,Low
2026-08-12 15:00:00,STN_003,Airport Terminal,2,15,0,1,669,367,1128,1500,75.2,High
2026-08-12 15:00:00,STN_004,City Center,2,15,0,0,328,274,579,1100,52.6,Medium
2026-08-12 15:00:00,STN_005,University Junction,2,15,0,0,113,86,241,900,26.8,Low
2026-08-12 15:00:00,STN_006,Financial District,2,15,0,0,257,205,443,1300,34.1,Low
2026-08-12 16:00:00,STN_001,Central Hub,2,16,0,0,231,156,435,1200,36.2,Low
2026-08-12 16:00:00,STN_002,Tech Park,2,16,0,0,114,66,202,1000,20.2,Low
2026-08-12 16:00:00,STN_003,Airport Terminal,2,16,0,0,327,315,644,1500,42.9,Low
2026-08-12 16:00:00,STN_004,City Center,2,16,0,1,326,251,780,1100,70.9,High
2026-08-12 16:00:00,STN_005,University Junction,2,16,0,0,161,139,340,900,37.8,Low
2026-08-12 16:00:00,STN_006,Financial District,2,16,0,0,212,185,394,1300,30.3,Low
2026-08-12 17:00:00,STN_001,Central Hub,2,17,0,1,575,309,1019,1200,84.9,High
2026-08-12 17:00:00,STN_002,Tech Park,2,17,0,0,106,125,254,1000,25.4,Low
2026-08-12 17:00:00,STN_003,Airport Terminal,2,17,0,0,349,343,699,1500,46.6,Medium
2026-08-12 17:00:00,STN_004,City Center,2,17,0,1,416,281,904,1100,82.2,High
2026-08-12 17:00:00,STN_005,University Junction,2,17,0,1,346,231,637,900,70.8,High
2026-08-12 17:00:00,STN_006,Financial District,2,17,0,1,451,454,926,1300,71.2,High
2026-08-12 18:00:00,STN_001,Central Hub,2,18,0,1,560,464,1035,1200,86.2,Critical
2026-08-12 18:00:00,STN_002,Tech Park,2,18,0,1,471,374,844,1000,84.4,High
2026-08-12 18:00:00,STN_003,Airport Terminal,2,18,0,0,355,325,661,1500,44.1,Low
2026-08-12 18:00:00,STN_004,City Center,2,18,0,1,442,252,819,1100,74.5,High
2026-08-12 18:00:00,STN_005,University Junction,2,18,0,1,348,238,583,900,64.8,Medium
2026-08-12 18:00:00,STN_006,Financial District,2,18,0,1,368,291,814,1300,62.6,Medium
2026-08-12 19:00:00,STN_001,Central Hub,2,19,0,1,482,429,956,1200,79.7,High
2026-08-12 19:00:00,STN_002,Tech Park,2,19,0,0,128,98,295,1000,29.5,Low
2026-08-12 19:00:00,STN_003,Airport Terminal,2,19,0,0,342,374,751,1500,50.1,Medium
2026-08-12 19:00:00,STN_004,City Center,2,19,0,1,436,277,801,1100,72.8,High
2026-08-12 19:00:00,STN_005,University Junction,2,19,0,0,116,104,227,900,25.2,Low
2026-08-12 19:00:00,STN_006,Financial District,2,19,0,0,190,185,436,1300,33.5,Low
2026-08-12 20:00:00,STN_001,Central Hub,2,20,0,0,158,112,323,1200,26.9,Low
2026-08-12 20:00:00,STN_002,Tech Park,2,20,0,0,163,163,396,1000,39.6,Low
2026-08-12 20:00:00,STN_003,Airport Terminal,2,20,0,0,397,252,723,1500,48.2,Medium
2026-08-12 20:00:00,STN_004,City Center,2,20,0,1,360,372,815,1100,74.1,High
2026-08-12 20:00:00,STN_005,University Junction,2,20,0,0,192,150,349,900,38.8,Low
2026-08-12 20:00:00,STN_006,Financial District,2,20,0,0,232,136,443,1300,34.1,Low
2026-08-12 21:00:00,STN_001,Central Hub,2,21,0,0,256,152,479,1200,39.9,Low
2026-08-12 21:00:00,STN_002,Tech Park,2,21,0,0,113,80,232,1000,23.2,Low
2026-08-12 21:00:00,STN_003,Airport Terminal,2,21,0,0,340,283,712,1500,47.5,Medium
2026-08-12 21:00:00,STN_004,City Center,2,21,0,0,203,230,480,1100,43.6,Low
2026-08-12 21:00:00,STN_005,University Junction,2,21,0,0,168,146,343,900,38.1,Low
2026-08-12 21:00:00,STN_006,Financial District,2,21,0,0,216,211,484,1300,37.2,Low
2026-08-12 22:00:00,STN_001,Central Hub,2,22,0,0,228,231,511,1200,42.6,Low
2026-08-12 22:00:00,STN_002,Tech Park,2,22,0,0,150,152,322,1000,32.2,Low
2026-08-12 22:00:00,STN_003,Airport Terminal,2,22,0,0,393,394,898,1500,59.9,Medium
2026-08-12 22:00:00,STN_004,City Center,2,22,0,0,245,186,588,1100,53.5,Medium
2026-08-12 22:00:00,STN_005,University Junction,2,22,0,0,147,126,306,900,34.0,Low
2026-08-12 22:00:00,STN_006,Financial District,2,22,0,0,233,222,476,1300,36.6,Low
2026-08-13 06:00:00,STN_001,Central Hub,3,6,0,0,129,144,306,1200,25.5,Low
2026-08-13 06:00:00,STN_002,Tech Park,3,6,0,0,127,130,314,1000,31.4,Low
2026-08-13 06:00:00,STN_003,Airport Terminal,3,6,0,0,433,381,825,1500,55.0,Medium
2026-08-13 06:00:00,STN_004,City Center,3,6,0,0,262,270,574,1100,52.2,Medium
2026-08-13 06:00:00,STN_005,University Junction,3,6,0,0,84,71,195,900,21.7,Low
2026-08-13 06:00:00,STN_006,Financial District,3,6,0,0,247,236,475,1300,36.5,Low
2026-08-13 07:00:00,STN_001,Central Hub,3,7,0,0,154,110,366,1200,30.5,Low
2026-08-13 07:00:00,STN_002,Tech Park,3,7,0,0,209,184,425,1000,42.5,Low
2026-08-13 07:00:00,STN_003,Airport Terminal,3,7,0,0,259,217,630,1500,42.0,Low
2026-08-13 07:00:00,STN_004,City Center,3,7,0,0,293,268,542,1100,49.3,Medium
2026-08-13 07:00:00,STN_005,University Junction,3,7,0,0,147,136,336,900,37.3,Low
2026-08-13 07:00:00,STN_006,Financial District,3,7,0,0,193,138,388,1300,29.8,Low
2026-08-13 08:00:00,STN_001,Central Hub,3,8,0,1,531,316,966,1200,80.5,High
2026-08-13 08:00:00,STN_002,Tech Park,3,8,0,0,203,171,405,1000,40.5,Low
2026-08-13 08:00:00,STN_003,Airport Terminal,3,8,0,0,360,324,684,1500,45.6,Medium
2026-08-13 08:00:00,STN_004,City Center,3,8,0,0,306,227,577,1100,52.5,Medium
2026-08-13 08:00:00,STN_005,University Junction,3,8,0,1,309,269,542,900,60.2,Medium
2026-08-13 08:00:00,STN_006,Financial District,3,8,0,1,387,281,810,1300,62.3,Medium
2026-08-13 09:00:00,STN_001,Central Hub,3,9,0,1,548,341,1020,1200,85.0,Critical
2026-08-13 09:00:00,STN_002,Tech Park,3,9,0,1,431,317,866,1000,86.6,Critical
2026-08-13 09:00:00,STN_003,Airport Terminal,3,9,0,0,349,305,802,1500,53.5,Medium
2026-08-13 09:00:00,STN_004,City Center,3,9,0,0,222,154,401,1100,36.5,Low
2026-08-13 09:00:00,STN_005,University Junction,3,9,0,1,276,222,551,900,61.2,Medium
2026-08-13 09:00:00,STN_006,Financial District,3,9,0,1,482,359,958,1300,73.7,High
2026-08-13 10:00:00,STN_001,Central Hub,3,10,0,1,559,398,1131,1200,94.2,Critical
2026-08-13 10:00:00,STN_002,Tech Park,3,10,0,0,185,149,313,1000,31.3,Low
2026-08-13 10:00:00,STN_003,Airport Terminal,3,10,0,0,346,360,779,1500,51.9,Medium
2026-08-13 10:00:00,STN_004,City Center,3,10,0,0,213,128,374,1100,34.0,Low
2026-08-13 10:00:00,STN_005,University Junction,3,10,0,0,106,94,224,900,24.9,Low
2026-08-13 10:00:00,STN_006,Financial District,3,10,0,0,155,129,295,1300,22.7,Low
2026-08-13 11:00:00,STN_001,Central Hub,3,11,0,0,172,114,366,1200,30.5,Low
2026-08-13 11:00:00,STN_002,Tech Park,3,11,0,0,202,173,414,1000,41.4,Low
2026-08-13 11:00:00,STN_003,Airport Terminal,3,11,0,1,640,609,1234,1500,82.3,High
2026-08-13 11:00:00,STN_004,City Center,3,11,0,0,210,187,434,1100,39.5,Low
2026-08-13 11:00:00,STN_005,University Junction,3,11,0,0,144,79,258,900,28.7,Low
2026-08-13 11:00:00,STN_006,Financial District,3,11,0,0,185,107,349,1300,26.8,Low
2026-08-13 12:00:00,STN_001,Central Hub,3,12,0,0,238,191,472,1200,39.3,Low
2026-08-13 12:00:00,STN_002,Tech Park,3,12,0,0,182,157,398,1000,39.8,Low
2026-08-13 12:00:00,STN_003,Airport Terminal,3,12,0,1,641,535,1089,1500,72.6,High
2026-08-13 12:00:00,STN_004,City Center,3,12,0,0,225,145,475,1100,43.2,Low
2026-08-13 12:00:00,STN_005,University Junction,3,12,0,0,120,77,212,900,23.6,Low
2026-08-13 12:00:00,STN_006,Financial District,3,12,0,0,215,172,459,1300,35.3,Low
2026-08-13 13:00:00,STN_001,Central Hub,3,13,0,0,183,210,432,1200,36.0,Low
2026-08-13 13:00:00,STN_002,Tech Park,3,13,0,0,133,94,265,1000,26.5,Low
2026-08-13 13:00:00,STN_003,Airport Terminal,3,13,0,1,698,404,1259,1500,83.9,High
2026-08-13 13:00:00,STN_004,City Center,3,13,0,0,241,258,535,1100,48.6,Medium
2026-08-13 13:00:00,STN_005,University Junction,3,13,0,0,101,71,230,900,25.6,Low
2026-08-13 13:00:00,STN_006,Financial District,3,13,0,0,246,134,421,1300,32.4,Low
2026-08-13 14:00:00,STN_001,Central Hub,3,14,0,0,226,225,468,1200,39.0,Low
2026-08-13 14:00:00,STN_002,Tech Park,3,14,0,0,206,143,359,1000,35.9,Low
2026-08-13 14:00:00,STN_003,Airport Terminal,3,14,0,1,457,546,1129,1500,75.3,High
2026-08-13 14:00:00,STN_004,City Center,3,14,0,0,285,159,518,1100,47.1,Medium
2026-08-13 14:00:00,STN_005,University Junction,3,14,0,0,126,72,227,900,25.2,Low
2026-08-13 14:00:00,STN_006,Financial District,3,14,0,0,198,105,344,1300,26.5,Low
2026-08-13 15:00:00,STN_001,Central Hub,3,15,0,0,224,187,452,1200,37.7,Low
2026-08-13 15:00:00,STN_002,Tech Park,3,15,0,0,234,181,422,1000,42.2,Low
2026-08-13 15:00:00,STN_003,Airport Terminal,3,15,0,1,540,448,1170,1500,78.0,High
2026-08-13 15:00:00,STN_004,City Center,3,15,0,0,263,141,445,1100,40.5,Low
2026-08-13 15:00:00,STN_005,University Junction,3,15,0,0,104,81,192,900,21.3,Low
2026-08-13 15:00:00,STN_006,Financial District,3,15,0,0,117,95,291,1300,22.4,Low
2026-08-13 16:00:00,STN_001,Central Hub,3,16,0,0,159,113,304,1200,25.3,Low
2026-08-13 16:00:00,STN_002,Tech Park,3,16,0,0,245,197,431,1000,43.1,Low
2026-08-13 16:00:00,STN_003,Airport Terminal,3,16,0,0,415,321,771,1500,51.4,Medium
2026-08-13 16:00:00,STN_004,City Center,3,16,0,1,501,404,935,1100,85.0,Critical
2026-08-13 16:00:00,STN_005,University Junction,3,16,0,0,127,101,228,900,25.3,Low
2026-08-13 16:00:00,STN_006,Financial District,3,16,0,0,215,227,495,1300,38.1,Low
2026-08-13 17:00:00,STN_001,Central Hub,3,17,0,1,418,308,911,1200,75.9,High
2026-08-13 17:00:00,STN_002,Tech Park,3,17,0,0,139,116,256,1000,25.6,Low
2026-08-13 17:00:00,STN_003,Airport Terminal,3,17,0,0,457,304,774,1500,51.6,Medium
2026-08-13 17:00:00,STN_004,City Center,3,17,0,1,502,459,972,1100,88.4,Critical
2026-08-13 17:00:00,STN_005,University Junction,3,17,0,1,248,172,547,900,60.8,Medium
2026-08-13 17:00:00,STN_006,Financial District,3,17,0,1,421,364,845,1300,65.0,Medium
2026-08-13 18:00:00,STN_001,Central Hub,3,18,0,1,462,418,925,1200,77.1,High
2026-08-13 18:00:00,STN_002,Tech Park,3,18,0,1,450,420,875,1000,87.5,Critical
2026-08-13 18:00:00,STN_003,Airport Terminal,3,18,0,0,382,233,665,1500,44.3,Low
2026-08-13 18:00:00,STN_004,City Center,3,18,0,1,399,312,770,1100,70.0,High
2026-08-13 18:00:00,STN_005,University Junction,3,18,0,1,280,175,557,900,61.9,Medium
2026-08-13 18:00:00,STN_006,Financial District,3,18,0,1,464,271,868,1300,66.8,Medium
2026-08-13 19:00:00,STN_001,Central Hub,3,19,0,1,506,372,1125,1200,93.8,Critical
2026-08-13 19:00:00,STN_002,Tech Park,3,19,0,0,175,165,389,1000,38.9,Low
2026-08-13 19:00:00,STN_003,Airport Terminal,3,19,0,0,419,340,879,1500,58.6,Medium
2026-08-13 19:00:00,STN_004,City Center,3,19,0,1,490,374,838,1100,76.2,High
2026-08-13 19:00:00,STN_005,University Junction,3,19,0,0,148,149,320,900,35.6,Low
2026-08-13 19:00:00,STN_006,Financial District,3,19,0,0,181,119,388,1300,29.8,Low
2026-08-13 20:00:00,STN_001,Central Hub,3,20,0,0,144,132,332,1200,27.7,Low
2026-08-13 20:00:00,STN_002,Tech Park,3,20,0,0,147,99,248,1000,24.8,Low
2026-08-13 20:00:00,STN_003,Airport Terminal,3,20,0,0,421,322,796,1500,53.1,Medium
2026-08-13 20:00:00,STN_004,City Center,3,20,0,1,460,298,988,1100,89.8,Critical
2026-08-13 20:00:00,STN_005,University Junction,3,20,0,0,94,73,194,900,21.6,Low
2026-08-13 20:00:00,STN_006,Financial District,3,20,0,0,203,184,463,1300,35.6,Low
2026-08-13 21:00:00,STN_001,Central Hub,3,21,0,0,144,157,359,1200,29.9,Low
2026-08-13 21:00:00,STN_002,Tech Park,3,21,0,0,117,67,223,1000,22.3,Low
2026-08-13 21:00:00,STN_003,Airport Terminal,3,21,0,0,363,247,758,1500,50.5,Medium
2026-08-13 21:00:00,STN_004,City Center,3,21,0,0,252,177,459,1100,41.7,Low
2026-08-13 21:00:00,STN_005,University Junction,3,21,0,0,112,110,272,900,30.2,Low
2026-08-13 21:00:00,STN_006,Financial District,3,21,0,0,176,148,414,1300,31.8,Low
2026-08-13 22:00:00,STN_001,Central Hub,3,22,0,0,177,122,378,1200,31.5,Low
2026-08-13 22:00:00,STN_002,Tech Park,3,22,0,0,126,102,276,1000,27.6,Low
2026-08-13 22:00:00,STN_003,Airport Terminal,3,22,0,0,324,258,736,1500,49.1,Medium
2026-08-13 22:00:00,STN_004,City Center,3,22,0,0,290,151,497,1100,45.2,Medium
2026-08-13 22:00:00,STN_005,University Junction,3,22,0,0,98,88,197,900,21.9,Low
2026-08-13 22:00:00,STN_006,Financial District,3,22,0,0,273,174,486,1300,37.4,Low
2026-08-14 06:00:00,STN_001,Central Hub,4,6,0,0,243,175,436,1200,36.3,Low
2026-08-14 06:00:00,STN_002,Tech Park,4,6,0,0,171,181,406,1000,40.6,Low
2026-08-14 06:00:00,STN_003,Airport Terminal,4,6,0,0,390,271,882,1500,58.8,Medium
2026-08-14 06:00:00,STN_004,City Center,4,6,0,0,178,166,345,1100,31.4,Low
2026-08-14 06:00:00,STN_005,University Junction,4,6,0,0,168,120,297,900,33.0,Low
2026-08-14 06:00:00,STN_006,Financial District,4,6,0,0,239,222,484,1300,37.2,Low
2026-08-14 07:00:00,STN_001,Central Hub,4,7,0,0,224,206,415,1200,34.6,Low
2026-08-14 07:00:00,STN_002,Tech Park,4,7,0,0,126,109,222,1000,22.2,Low
2026-08-14 07:00:00,STN_003,Airport Terminal,4,7,0,0,416,272,794,1500,52.9,Medium
2026-08-14 07:00:00,STN_004,City Center,4,7,0,0,221,156,472,1100,42.9,Low
2026-08-14 07:00:00,STN_005,University Junction,4,7,0,0,194,120,336,900,37.3,Low
2026-08-14 07:00:00,STN_006,Financial District,4,7,0,0,188,155,356,1300,27.4,Low
2026-08-14 08:00:00,STN_001,Central Hub,4,8,0,1,617,361,1036,1200,86.3,Critical
2026-08-14 08:00:00,STN_002,Tech Park,4,8,0,0,174,119,377,1000,37.7,Low
2026-08-14 08:00:00,STN_003,Airport Terminal,4,8,0,0,466,319,898,1500,59.9,Medium
2026-08-14 08:00:00,STN_004,City Center,4,8,0,0,247,256,514,1100,46.7,Medium
2026-08-14 08:00:00,STN_005,University Junction,4,8,0,1,287,190,527,900,58.6,Medium
2026-08-14 08:00:00,STN_006,Financial District,4,8,0,1,463,356,869,1300,66.8,Medium
2026-08-14 09:00:00,STN_001,Central Hub,4,9,0,1,607,344,1013,1200,84.4,High
2026-08-14 09:00:00,STN_002,Tech Park,4,9,0,1,529,290,925,1000,92.5,Critical
2026-08-14 09:00:00,STN_003,Airport Terminal,4,9,0,0,307,228,733,1500,48.9,Medium
2026-08-14 09:00:00,STN_004,City Center,4,9,0,0,317,224,534,1100,48.5,Medium
2026-08-14 09:00:00,STN_005,University Junction,4,9,0,1,293,256,644,900,71.6,High
2026-08-14 09:00:00,STN_006,Financial District,4,9,0,1,406,246,816,1300,62.8,Medium
2026-08-14 10:00:00,STN_001,Central Hub,4,10,0,1,479,436,954,1200,79.5,High
2026-08-14 10:00:00,STN_002,Tech Park,4,10,0,0,132,148,315,1000,31.5,Low
2026-08-14 10:00:00,STN_003,Airport Terminal,4,10,0,0,323,299,670,1500,44.7,Low
2026-08-14 10:00:00,STN_004,City Center,4,10,0,0,229,178,503,1100,45.7,Medium
2026-08-14 10:00:00,STN_005,University Junction,4,10,0,0,146,124,263,900,29.2,Low
2026-08-14 10:00:00,STN_006,Financial District,4,10,0,0,152,113,337,1300,25.9,Low
2026-08-14 11:00:00,STN_001,Central Hub,4,11,0,0,237,152,410,1200,34.2,Low
2026-08-14 11:00:00,STN_002,Tech Park,4,11,0,0,116,116,236,1000,23.6,Low
2026-08-14 11:00:00,STN_003,Airport Terminal,4,11,0,1,491,398,1199,1500,79.9,High
2026-08-14 11:00:00,STN_004,City Center,4,11,0,0,202,219,447,1100,40.6,Low
2026-08-14 11:00:00,STN_005,University Junction,4,11,0,0,116,117,247,900,27.4,Low
2026-08-14 11:00:00,STN_006,Financial District,4,11,0,0,206,203,505,1300,38.8,Low
2026-08-14 12:00:00,STN_001,Central Hub,4,12,0,0,229,167,405,1200,33.8,Low
2026-08-14 12:00:00,STN_002,Tech Park,4,12,0,0,199,186,432,1000,43.2,Low
2026-08-14 12:00:00,STN_003,Airport Terminal,4,12,0,1,612,543,1190,1500,79.3,High
2026-08-14 12:00:00,STN_004,City Center,4,12,0,0,203,216,508,1100,46.2,Medium
2026-08-14 12:00:00,STN_005,University Junction,4,12,0,0,174,160,333,900,37.0,Low
2026-08-14 12:00:00,STN_006,Financial District,4,12,0,0,162,173,384,1300,29.5,Low
2026-08-14 13:00:00,STN_001,Central Hub,4,13,0,0,152,176,362,1200,30.2,Low
2026-08-14 13:00:00,STN_002,Tech Park,4,13,0,0,207,141,388,1000,38.8,Low
2026-08-14 13:00:00,STN_003,Airport Terminal,4,13,0,1,490,509,1182,1500,78.8,High
2026-08-14 13:00:00,STN_004,City Center,4,13,0,0,348,190,595,1100,54.1,Medium
2026-08-14 13:00:00,STN_005,University Junction,4,13,0,0,139,130,261,900,29.0,Low
2026-08-14 13:00:00,STN_006,Financial District,4,13,0,0,200,113,346,1300,26.6,Low
2026-08-14 14:00:00,STN_001,Central Hub,4,14,0,0,223,195,446,1200,37.2,Low
2026-08-14 14:00:00,STN_002,Tech Park,4,14,0,0,121,92,202,1000,20.2,Low
2026-08-14 14:00:00,STN_003,Airport Terminal,4,14,0,1,409,431,1010,1500,67.3,Medium
2026-08-14 14:00:00,STN_004,City Center,4,14,0,0,232,166,546,1100,49.6,Medium
2026-08-14 14:00:00,STN_005,University Junction,4,14,0,0,129,93,298,900,33.1,Low
2026-08-14 14:00:00,STN_006,Financial District,4,14,0,0,229,186,385,1300,29.6,Low
2026-08-14 15:00:00,STN_001,Central Hub,4,15,0,0,173,123,309,1200,25.8,Low
2026-08-14 15:00:00,STN_002,Tech Park,4,15,0,0,135,100,322,1000,32.2,Low
2026-08-14 15:00:00,STN_003,Airport Terminal,4,15,0,1,676,461,1180,1500,78.7,High
2026-08-14 15:00:00,STN_004,City Center,4,15,0,0,234,228,544,1100,49.5,Medium
2026-08-14 15:00:00,STN_005,University Junction,4,15,0,0,154,102,268,900,29.8,Low
2026-08-14 15:00:00,STN_006,Financial District,4,15,0,0,235,162,479,1300,36.8,Low
2026-08-14 16:00:00,STN_001,Central Hub,4,16,0,0,294,188,552,1200,46.0,Medium
2026-08-14 16:00:00,STN_002,Tech Park,4,16,0,0,140,75,247,1000,24.7,Low
2026-08-14 16:00:00,STN_003,Airport Terminal,4,16,0,0,412,282,776,1500,51.7,Medium
2026-08-14 16:00:00,STN_004,City Center,4,16,0,1,558,337,951,1100,86.5,Critical
2026-08-14 16:00:00,STN_005,University Junction,4,16,0,0,100,72,190,900,21.1,Low
2026-08-14 16:00:00,STN_006,Financial District,4,16,0,0,191,218,463,1300,35.6,Low
2026-08-14 17:00:00,STN_001,Central Hub,4,17,0,1,530,428,1042,1200,86.8,Critical
2026-08-14 17:00:00,STN_002,Tech Park,4,17,0,0,134,117,282,1000,28.2,Low
2026-08-14 17:00:00,STN_003,Airport Terminal,4,17,0,0,306,198,623,1500,41.5,Low
2026-08-14 17:00:00,STN_004,City Center,4,17,0,1,392,323,811,1100,73.7,High
2026-08-14 17:00:00,STN_005,University Junction,4,17,0,1,260,179,581,900,64.6,Medium
2026-08-14 17:00:00,STN_006,Financial District,4,17,0,1,462,321,802,1300,61.7,Medium
2026-08-14 18:00:00,STN_001,Central Hub,4,18,0,1,467,421,947,1200,78.9,High
2026-08-14 18:00:00,STN_002,Tech Park,4,18,0,1,497,360,898,1000,89.8,Critical
2026-08-14 18:00:00,STN_003,Airport Terminal,4,18,0,0,332,245,696,1500,46.4,Medium
2026-08-14 18:00:00,STN_004,City Center,4,18,0,1,429,285,891,1100,81.0,High
2026-08-14 18:00:00,STN_005,University Junction,4,18,0,1,270,181,560,900,62.2,Medium
2026-08-14 18:00:00,STN_006,Financial District,4,18,0,1,504,394,887,1300,68.2,Medium
2026-08-14 19:00:00,STN_001,Central Hub,4,19,0,1,548,405,957,1200,79.8,High
2026-08-14 19:00:00,STN_002,Tech Park,4,19,0,0,182,176,427,1000,42.7,Low
2026-08-14 19:00:00,STN_003,Airport Terminal,4,19,0,0,436,251,774,1500,51.6,Medium
2026-08-14 19:00:00,STN_004,City Center,4,19,0,1,495,393,847,1100,77.0,High
2026-08-14 19:00:00,STN_005,University Junction,4,19,0,0,121,142,302,900,33.6,Low
2026-08-14 19:00:00,STN_006,Financial District,4,19,0,0,147,117,326,1300,25.1,Low
2026-08-14 20:00:00,STN_001,Central Hub,4,20,0,0,150,162,339,1200,28.2,Low
2026-08-14 20:00:00,STN_002,Tech Park,4,20,0,0,133,99,265,1000,26.5,Low
2026-08-14 20:00:00,STN_003,Airport Terminal,4,20,0,0,359,383,867,1500,57.8,Medium
2026-08-14 20:00:00,STN_004,City Center,4,20,0,1,325,237,786,1100,71.5,High
2026-08-14 20:00:00,STN_005,University Junction,4,20,0,0,98,84,199,900,22.1,Low
2026-08-14 20:00:00,STN_006,Financial District,4,20,0,0,197,191,400,1300,30.8,Low
2026-08-14 21:00:00,STN_001,Central Hub,4,21,0,0,253,142,430,1200,35.8,Low
2026-08-14 21:00:00,STN_002,Tech Park,4,21,0,0,184,122,354,1000,35.4,Low
2026-08-14 21:00:00,STN_003,Airport Terminal,4,21,0,0,326,195,622,1500,41.5,Low
2026-08-14 21:00:00,STN_004,City Center,4,21,0,0,168,107,355,1100,32.3,Low
2026-08-14 21:00:00,STN_005,University Junction,4,21,0,0,118,94,220,900,24.4,Low
2026-08-14 21:00:00,STN_006,Financial District,4,21,0,0,159,145,308,1300,23.7,Low
2026-08-14 22:00:00,STN_001,Central Hub,4,22,0,0,201,172,417,1200,34.8,Low
2026-08-14 22:00:00,STN_002,Tech Park,4,22,0,0,140,115,347,1000,34.7,Low
2026-08-14 22:00:00,STN_003,Airport Terminal,4,22,0,0,402,312,765,1500,51.0,Medium
2026-08-14 22:00:00,STN_004,City Center,4,22,0,0,286,220,604,1100,54.9,Medium
2026-08-14 22:00:00,STN_005,University Junction,4,22,0,0,184,104,313,900,34.8,Low
2026-08-14 22:00:00,STN_006,Financial District,4,22,0,0,180,144,315,1300,24.2,Low
2026-08-15 06:00:00,STN_001,Central Hub,5,6,1,0,230,207,518,1200,43.2,Low
2026-08-15 06:00:00,STN_002,Tech Park,5,6,1,0,123,100,227,1000,22.7,Low
2026-08-15 06:00:00,STN_003,Airport Terminal,5,6,1,0,318,231,636,1500,42.4,Low
2026-08-15 06:00:00,STN_004,City Center,5,6,1,0,208,198,404,1100,36.7,Low
2026-08-15 06:00:00,STN_005,University Junction,5,6,1,0,142,123,257,900,28.6,Low
2026-08-15 06:00:00,STN_006,Financial District,5,6,1,0,232,222,448,1300,34.5,Low
2026-08-15 07:00:00,STN_001,Central Hub,5,7,1,0,192,156,417,1200,34.8,Low
2026-08-15 07:00:00,STN_002,Tech Park,5,7,1,0,99,97,215,1000,21.5,Low
2026-08-15 07:00:00,STN_003,Airport Terminal,5,7,1,0,389,289,839,1500,55.9,Medium
2026-08-15 07:00:00,STN_004,City Center,5,7,1,0,195,233,484,1100,44.0,Low
2026-08-15 07:00:00,STN_005,University Junction,5,7,1,0,80,78,194,900,21.6,Low
2026-08-15 07:00:00,STN_006,Financial District,5,7,1,0,131,136,277,1300,21.3,Low
2026-08-15 08:00:00,STN_001,Central Hub,5,8,1,0,218,151,415,1200,34.6,Low
2026-08-15 08:00:00,STN_002,Tech Park,5,8,1,0,102,78,216,1000,21.6,Low
2026-08-15 08:00:00,STN_003,Airport Terminal,5,8,1,0,456,296,781,1500,52.1,Medium
2026-08-15 08:00:00,STN_004,City Center,5,8,1,0,249,275,591,1100,53.7,Medium
2026-08-15 08:00:00,STN_005,University Junction,5,8,1,0,141,134,314,900,34.9,Low
2026-08-15 08:00:00,STN_006,Financial District,5,8,1,0,216,119,377,1300,29.0,Low
2026-08-15 09:00:00,STN_001,Central Hub,5,9,1,0,291,202,562,1200,46.8,Medium
2026-08-15 09:00:00,STN_002,Tech Park,5,9,1,0,91,89,219,1000,21.9,Low
2026-08-15 09:00:00,STN_003,Airport Terminal,5,9,1,0,461,373,769,1500,51.3,Medium
2026-08-15 09:00:00,STN_004,City Center,5,9,1,0,305,293,595,1100,54.1,Medium
2026-08-15 09:00:00,STN_005,University Junction,5,9,1,0,135,117,237,900,26.3,Low
2026-08-15 09:00:00,STN_006,Financial District,5,9,1,0,114,104,280,1300,21.5,Low
2026-08-15 10:00:00,STN_001,Central Hub,5,10,1,0,173,155,353,1200,29.4,Low
2026-08-15 10:00:00,STN_002,Tech Park,5,10,1,0,173,184,400,1000,40.0,Low
2026-08-15 10:00:00,STN_003,Airport Terminal,5,10,1,0,441,385,813,1500,54.2,Medium
2026-08-15 10:00:00,STN_004,City Center,5,10,1,0,298,228,559,1100,50.8,Medium
2026-08-15 10:00:00,STN_005,University Junction,5,10,1,0,150,95,314,900,34.9,Low
2026-08-15 10:00:00,STN_006,Financial District,5,10,1,0,192,133,406,1300,31.2,Low
2026-08-15 11:00:00,STN_001,Central Hub,5,11,1,0,178,142,390,1200,32.5,Low
2026-08-15 11:00:00,STN_002,Tech Park,5,11,1,0,190,176,365,1000,36.5,Low
2026-08-15 11:00:00,STN_003,Airport Terminal,5,11,1,1,525,510,1172,1500,78.1,High
2026-08-15 11:00:00,STN_004,City Center,5,11,1,0,182,131,371,1100,33.7,Low
2026-08-15 11:00:00,STN_005,University Junction,5,11,1,0,93,88,230,900,25.6,Low
2026-08-15 11:00:00,STN_006,Financial District,5,11,1,0,207,240,485,1300,37.3,Low
2026-08-15 12:00:00,STN_001,Central Hub,5,12,1,0,180,151,318,1200,26.5,Low
2026-08-15 12:00:00,STN_002,Tech Park,5,12,1,0,144,150,338,1000,33.8,Low
2026-08-15 12:00:00,STN_003,Airport Terminal,5,12,1,1,687,404,1217,1500,81.1,High
2026-08-15 12:00:00,STN_004,City Center,5,12,1,0,196,125,404,1100,36.7,Low
2026-08-15 12:00:00,STN_005,University Junction,5,12,1,0,148,109,306,900,34.0,Low
2026-08-15 12:00:00,STN_006,Financial District,5,12,1,0,179,128,332,1300,25.5,Low
2026-08-15 13:00:00,STN_001,Central Hub,5,13,1,0,172,161,422,1200,35.2,Low
2026-08-15 13:00:00,STN_002,Tech Park,5,13,1,0,230,139,389,1000,38.9,Low
2026-08-15 13:00:00,STN_003,Airport Terminal,5,13,1,1,486,382,985,1500,65.7,Medium
2026-08-15 13:00:00,STN_004,City Center,5,13,1,0,248,173,440,1100,40.0,Low
2026-08-15 13:00:00,STN_005,University Junction,5,13,1,0,140,103,341,900,37.9,Low
2026-08-15 13:00:00,STN_006,Financial District,5,13,1,0,148,94,267,1300,20.5,Low
2026-08-15 14:00:00,STN_001,Central Hub,5,14,1,0,231,187,431,1200,35.9,Low
2026-08-15 14:00:00,STN_002,Tech Park,5,14,1,0,109,88,246,1000,24.6,Low
2026-08-15 14:00:00,STN_003,Airport Terminal,5,14,1,1,622,485,1089,1500,72.6,High
2026-08-15 14:00:00,STN_004,City Center,5,14,1,0,221,150,456,1100,41.5,Low
2026-08-15 14:00:00,STN_005,University Junction,5,14,1,0,163,95,306,900,34.0,Low
2026-08-15 14:00:00,STN_006,Financial District,5,14,1,0,171,160,402,1300,30.9,Low
2026-08-15 15:00:00,STN_001,Central Hub,5,15,1,0,189,185,380,1200,31.7,Low
2026-08-15 15:00:00,STN_002,Tech Park,5,15,1,0,96,92,229,1000,22.9,Low
2026-08-15 15:00:00,STN_003,Airport Terminal,5,15,1,1,715,444,1261,1500,84.1,High
2026-08-15 15:00:00,STN_004,City Center,5,15,1,0,202,140,414,1100,37.6,Low
2026-08-15 15:00:00,STN_005,University Junction,5,15,1,0,89,86,183,900,20.3,Low
2026-08-15 15:00:00,STN_006,Financial District,5,15,1,0,295,181,508,1300,39.1,Low
2026-08-15 16:00:00,STN_001,Central Hub,5,16,1,0,214,139,432,1200,36.0,Low
2026-08-15 16:00:00,STN_002,Tech Park,5,16,1,0,161,124,310,1000,31.0,Low
2026-08-15 16:00:00,STN_003,Airport Terminal,5,16,1,0,449,445,894,1500,59.6,Medium
2026-08-15 16:00:00,STN_004,City Center,5,16,1,1,526,343,978,1100,88.9,Critical
2026-08-15 16:00:00,STN_005,University Junction,5,16,1,0,172,147,354,900,39.3,Low
2026-08-15 16:00:00,STN_006,Financial District,5,16,1,0,119,133,289,1300,22.2,Low
2026-08-15 17:00:00,STN_001,Central Hub,5,17,1,0,330,189,568,1200,47.3,Medium
2026-08-15 17:00:00,STN_002,Tech Park,5,17,1,0,166,156,324,1000,32.4,Low
2026-08-15 17:00:00,STN_003,Airport Terminal,5,17,1,0,250,234,617,1500,41.1,Low
2026-08-15 17:00:00,STN_004,City Center,5,17,1,1,533,475,967,1100,87.9,Critical
2026-08-15 17:00:00,STN_005,University Junction,5,17,1,0,196,158,329,900,36.6,Low
2026-08-15 17:00:00,STN_006,Financial District,5,17,1,0,122,139,297,1300,22.8,Low
2026-08-15 18:00:00,STN_001,Central Hub,5,18,1,0,262,256,562,1200,46.8,Medium
2026-08-15 18:00:00,STN_002,Tech Park,5,18,1,0,135,97,237,1000,23.7,Low
2026-08-15 18:00:00,STN_003,Airport Terminal,5,18,1,0,369,359,828,1500,55.2,Medium
2026-08-15 18:00:00,STN_004,City Center,5,18,1,1,416,377,891,1100,81.0,High
2026-08-15 18:00:00,STN_005,University Junction,5,18,1,0,198,111,347,900,38.6,Low
2026-08-15 18:00:00,STN_006,Financial District,5,18,1,0,175,124,349,1300,26.8,Low
2026-08-15 19:00:00,STN_001,Central Hub,5,19,1,0,137,152,313,1200,26.1,Low
2026-08-15 19:00:00,STN_002,Tech Park,5,19,1,0,125,124,256,1000,25.6,Low
2026-08-15 19:00:00,STN_003,Airport Terminal,5,19,1,0,432,414,834,1500,55.6,Medium
2026-08-15 19:00:00,STN_004,City Center,5,19,1,1,412,341,827,1100,75.2,High
2026-08-15 19:00:00,STN_005,University Junction,5,19,1,0,79,92,187,900,20.8,Low
2026-08-15 19:00:00,STN_006,Financial District,5,19,1,0,135,127,267,1300,20.5,Low
2026-08-15 20:00:00,STN_001,Central Hub,5,20,1,0,288,208,517,1200,43.1,Low
2026-08-15 20:00:00,STN_002,Tech Park,5,20,1,0,209,143,410,1000,41.0,Low
2026-08-15 20:00:00,STN_003,Airport Terminal,5,20,1,0,336,340,827,1500,55.1,Medium
2026-08-15 20:00:00,STN_004,City Center,5,20,1,1,381,368,947,1100,86.1,Critical
2026-08-15 20:00:00,STN_005,University Junction,5,20,1,0,104,83,245,900,27.2,Low
2026-08-15 20:00:00,STN_006,Financial District,5,20,1,0,155,156,325,1300,25.0,Low
2026-08-15 21:00:00,STN_001,Central Hub,5,21,1,0,307,228,523,1200,43.6,Low
2026-08-15 21:00:00,STN_002,Tech Park,5,21,1,0,156,148,309,1000,30.9,Low
2026-08-15 21:00:00,STN_003,Airport Terminal,5,21,1,0,377,259,675,1500,45.0,Medium
2026-08-15 21:00:00,STN_004,City Center,5,21,1,0,202,147,478,1100,43.5,Low
2026-08-15 21:00:00,STN_005,University Junction,5,21,1,0,98,87,208,900,23.1,Low
2026-08-15 21:00:00,STN_006,Financial District,5,21,1,0,150,172,371,1300,28.5,Low
2026-08-15 22:00:00,STN_001,Central Hub,5,22,1,0,268,149,498,1200,41.5,Low
2026-08-15 22:00:00,STN_002,Tech Park,5,22,1,0,200,186,392,1000,39.2,Low
2026-08-15 22:00:00,STN_003,Airport Terminal,5,22,1,0,450,266,833,1500,55.5,Medium
2026-08-15 22:00:00,STN_004,City Center,5,22,1,0,349,286,599,1100,54.5,Medium
2026-08-15 22:00:00,STN_005,University Junction,5,22,1,0,113,101,267,900,29.7,Low
2026-08-15 22:00:00,STN_006,Financial District,5,22,1,0,160,139,311,1300,23.9,Low
2026-08-16 06:00:00,STN_001,Central Hub,6,6,1,0,172,136,430,1200,35.8,Low
2026-08-16 06:00:00,STN_002,Tech Park,6,6,1,0,120,103,262,1000,26.2,Low
2026-08-16 06:00:00,STN_003,Airport Terminal,6,6,1,0,427,398,877,1500,58.5,Medium
2026-08-16 06:00:00,STN_004,City Center,6,6,1,0,144,122,342,1100,31.1,Low
2026-08-16 06:00:00,STN_005,University Junction,6,6,1,0,122,102,305,900,33.9,Low
2026-08-16 06:00:00,STN_006,Financial District,6,6,1,0,240,142,472,1300,36.3,Low
2026-08-16 07:00:00,STN_001,Central Hub,6,7,1,0,212,137,415,1200,34.6,Low
2026-08-16 07:00:00,STN_002,Tech Park,6,7,1,0,102,94,255,1000,25.5,Low
2026-08-16 07:00:00,STN_003,Airport Terminal,6,7,1,0,322,263,722,1500,48.1,Medium
2026-08-16 07:00:00,STN_004,City Center,6,7,1,0,175,178,429,1100,39.0,Low
2026-08-16 07:00:00,STN_005,University Junction,6,7,1,0,111,96,199,900,22.1,Low
2026-08-16 07:00:00,STN_006,Financial District,6,7,1,0,205,142,443,1300,34.1,Low
2026-08-16 08:00:00,STN_001,Central Hub,6,8,1,0,203,167,393,1200,32.8,Low
2026-08-16 08:00:00,STN_002,Tech Park,6,8,1,0,196,206,444,1000,44.4,Low
2026-08-16 08:00:00,STN_003,Airport Terminal,6,8,1,0,388,227,676,1500,45.1,Medium
2026-08-16 08:00:00,STN_004,City Center,6,8,1,0,228,193,458,1100,41.6,Low
2026-08-16 08:00:00,STN_005,University Junction,6,8,1,0,169,110,357,900,39.7,Low
2026-08-16 08:00:00,STN_006,Financial District,6,8,1,0,135,128,300,1300,23.1,Low
2026-08-16 09:00:00,STN_001,Central Hub,6,9,1,0,233,178,542,1200,45.2,Medium
2026-08-16 09:00:00,STN_002,Tech Park,6,9,1,0,212,177,405,1000,40.5,Low
2026-08-16 09:00:00,STN_003,Airport Terminal,6,9,1,0,454,391,825,1500,55.0,Medium
2026-08-16 09:00:00,STN_004,City Center,6,9,1,0,189,190,417,1100,37.9,Low
2026-08-16 09:00:00,STN_005,University Junction,6,9,1,0,126,90,224,900,24.9,Low
2026-08-16 09:00:00,STN_006,Financial District,6,9,1,0,253,150,459,1300,35.3,Low
2026-08-16 10:00:00,STN_001,Central Hub,6,10,1,0,201,192,455,1200,37.9,Low
2026-08-16 10:00:00,STN_002,Tech Park,6,10,1,0,237,174,433,1000,43.3,Low
2026-08-16 10:00:00,STN_003,Airport Terminal,6,10,1,0,401,285,881,1500,58.7,Medium
2026-08-16 10:00:00,STN_004,City Center,6,10,1,0,312,248,562,1100,51.1,Medium
2026-08-16 10:00:00,STN_005,University Junction,6,10,1,0,92,63,205,900,22.8,Low
2026-08-16 10:00:00,STN_006,Financial District,6,10,1,0,184,142,320,1300,24.6,Low
2026-08-16 11:00:00,STN_001,Central Hub,6,11,1,0,239,183,533,1200,44.4,Low
2026-08-16 11:00:00,STN_002,Tech Park,6,11,1,0,131,93,254,1000,25.4,Low
2026-08-16 11:00:00,STN_003,Airport Terminal,6,11,1,1,655,400,1246,1500,83.1,High
2026-08-16 11:00:00,STN_004,City Center,6,11,1,0,172,148,353,1100,32.1,Low
2026-08-16 11:00:00,STN_005,University Junction,6,11,1,0,105,87,196,900,21.8,Low
2026-08-16 11:00:00,STN_006,Financial District,6,11,1,0,199,184,393,1300,30.2,Low
2026-08-16 12:00:00,STN_001,Central Hub,6,12,1,0,164,121,305,1200,25.4,Low
2026-08-16 12:00:00,STN_002,Tech Park,6,12,1,0,155,123,384,1000,38.4,Low
2026-08-16 12:00:00,STN_003,Airport Terminal,6,12,1,1,498,498,1244,1500,82.9,High
2026-08-16 12:00:00,STN_004,City Center,6,12,1,0,235,168,436,1100,39.6,Low
2026-08-16 12:00:00,STN_005,University Junction,6,12,1,0,114,75,226,900,25.1,Low
2026-08-16 12:00:00,STN_006,Financial District,6,12,1,0,148,167,353,1300,27.2,Low
2026-08-16 13:00:00,STN_001,Central Hub,6,13,1,0,181,122,389,1200,32.4,Low
2026-08-16 13:00:00,STN_002,Tech Park,6,13,1,0,260,192,444,1000,44.4,Low
2026-08-16 13:00:00,STN_003,Airport Terminal,6,13,1,1,609,470,1105,1500,73.7,High
2026-08-16 13:00:00,STN_004,City Center,6,13,1,0,184,125,366,1100,33.3,Low
2026-08-16 13:00:00,STN_005,University Junction,6,13,1,0,116,108,267,900,29.7,Low
2026-08-16 13:00:00,STN_006,Financial District,6,13,1,0,183,151,368,1300,28.3,Low
2026-08-16 14:00:00,STN_001,Central Hub,6,14,1,0,180,111,334,1200,27.8,Low
2026-08-16 14:00:00,STN_002,Tech Park,6,14,1,0,195,149,366,1000,36.6,Low
2026-08-16 14:00:00,STN_003,Airport Terminal,6,14,1,1,465,460,1103,1500,73.5,High
2026-08-16 14:00:00,STN_004,City Center,6,14,1,0,242,193,408,1100,37.1,Low
2026-08-16 14:00:00,STN_005,University Junction,6,14,1,0,115,63,202,900,22.4,Low
2026-08-16 14:00:00,STN_006,Financial District,6,14,1,0,154,119,300,1300,23.1,Low
2026-08-16 15:00:00,STN_001,Central Hub,6,15,1,0,144,130,343,1200,28.6,Low
2026-08-16 15:00:00,STN_002,Tech Park,6,15,1,0,208,128,412,1000,41.2,Low
2026-08-16 15:00:00,STN_003,Airport Terminal,6,15,1,1,498,513,1090,1500,72.7,High
2026-08-16 15:00:00,STN_004,City Center,6,15,1,0,323,236,583,1100,53.0,Medium
2026-08-16 15:00:00,STN_005,University Junction,6,15,1,0,177,105,336,900,37.3,Low
2026-08-16 15:00:00,STN_006,Financial District,6,15,1,0,174,166,335,1300,25.8,Low
2026-08-16 16:00:00,STN_001,Central Hub,6,16,1,0,237,161,420,1200,35.0,Low
2026-08-16 16:00:00,STN_002,Tech Park,6,16,1,0,146,152,343,1000,34.3,Low
2026-08-16 16:00:00,STN_003,Airport Terminal,6,16,1,0,504,407,860,1500,57.3,Medium
2026-08-16 16:00:00,STN_004,City Center,6,16,1,1,418,448,947,1100,86.1,Critical
2026-08-16 16:00:00,STN_005,University Junction,6,16,1,0,138,106,252,900,28.0,Low
2026-08-16 16:00:00,STN_006,Financial District,6,16,1,0,218,209,512,1300,39.4,Low
2026-08-16 17:00:00,STN_001,Central Hub,6,17,1,0,303,196,521,1200,43.4,Low
2026-08-16 17:00:00,STN_002,Tech Park,6,17,1,0,108,67,214,1000,21.4,Low
2026-08-16 17:00:00,STN_003,Airport Terminal,6,17,1,0,438,294,838,1500,55.9,Medium
2026-08-16 17:00:00,STN_004,City Center,6,17,1,1,452,398,971,1100,88.3,Critical
2026-08-16 17:00:00,STN_005,University Junction,6,17,1,0,131,97,290,900,32.2,Low
2026-08-16 17:00:00,STN_006,Financial District,6,17,1,0,180,151,407,1300,31.3,Low
2026-08-16 18:00:00,STN_001,Central Hub,6,18,1,0,203,155,348,1200,29.0,Low
2026-08-16 18:00:00,STN_002,Tech Park,6,18,1,0,195,133,368,1000,36.8,Low
2026-08-16 18:00:00,STN_003,Airport Terminal,6,18,1,0,400,370,757,1500,50.5,Medium
2026-08-16 18:00:00,STN_004,City Center,6,18,1,1,449,471,980,1100,89.1,Critical
2026-08-16 18:00:00,STN_005,University Junction,6,18,1,0,117,122,252,900,28.0,Low
2026-08-16 18:00:00,STN_006,Financial District,6,18,1,0,173,168,340,1300,26.2,Low
2026-08-16 19:00:00,STN_001,Central Hub,6,19,1,0,271,163,524,1200,43.7,Low
2026-08-16 19:00:00,STN_002,Tech Park,6,19,1,0,112,108,240,1000,24.0,Low
2026-08-16 19:00:00,STN_003,Airport Terminal,6,19,1,0,418,313,725,1500,48.3,Medium
2026-08-16 19:00:00,STN_004,City Center,6,19,1,1,548,336,963,1100,87.5,Critical
2026-08-16 19:00:00,STN_005,University Junction,6,19,1,0,182,131,334,900,37.1,Low
2026-08-16 19:00:00,STN_006,Financial District,6,19,1,0,141,131,344,1300,26.5,Low
2026-08-16 20:00:00,STN_001,Central Hub,6,20,1,0,157,149,302,1200,25.2,Low
2026-08-16 20:00:00,STN_002,Tech Park,6,20,1,0,196,163,425,1000,42.5,Low
2026-08-16 20:00:00,STN_003,Airport Terminal,6,20,1,0,475,411,892,1500,59.5,Medium
2026-08-16 20:00:00,STN_004,City Center,6,20,1,1,466,307,798,1100,72.5,High
2026-08-16 20:00:00,STN_005,University Junction,6,20,1,0,83,60,181,900,20.1,Low
2026-08-16 20:00:00,STN_006,Financial District,6,20,1,0,278,160,485,1300,37.3,Low
2026-08-16 21:00:00,STN_001,Central Hub,6,21,1,0,126,107,313,1200,26.1,Low
2026-08-16 21:00:00,STN_002,Tech Park,6,21,1,0,189,143,387,1000,38.7,Low
2026-08-16 21:00:00,STN_003,Airport Terminal,6,21,1,0,414,371,820,1500,54.7,Medium
2026-08-16 21:00:00,STN_004,City Center,6,21,1,0,317,233,582,1100,52.9,Medium
2026-08-16 21:00:00,STN_005,University Junction,6,21,1,0,169,93,292,900,32.4,Low
2026-08-16 21:00:00,STN_006,Financial District,6,21,1,0,214,131,380,1300,29.2,Low
2026-08-16 22:00:00,STN_001,Central Hub,6,22,1,0,188,176,389,1200,32.4,Low
2026-08-16 22:00:00,STN_002,Tech Park,6,22,1,0,231,217,439,1000,43.9,Low
2026-08-16 22:00:00,STN_003,Airport Terminal,6,22,1,0,286,251,636,1500,42.4,Low
2026-08-16 22:00:00,STN_004,City Center,6,22,1,0,267,261,528,1100,48.0,Medium
2026-08-16 22:00:00,STN_005,University Junction,6,22,1,0,111,106,254,900,28.2,Low
2026-08-16 22:00:00,STN_006,Financial District,6,22,1,0,258,207,441,1300,33.9,Low
2026-08-17 06:00:00,STN_001,Central Hub,0,6,0,0,255,169,513,1200,42.8,Low
2026-08-17 06:00:00,STN_002,Tech Park,0,6,0,0,156,120,361,1000,36.1,Low
2026-08-17 06:00:00,STN_003,Airport Terminal,0,6,0,0,387,379,803,1500,53.5,Medium
2026-08-17 06:00:00,STN_004,City Center,0,6,0,0,222,171,546,1100,49.6,Medium
2026-08-17 06:00:00,STN_005,University Junction,0,6,0,0,152,139,307,900,34.1,Low
2026-08-17 06:00:00,STN_006,Financial District,0,6,0,0,205,186,408,1300,31.4,Low
2026-08-17 07:00:00,STN_001,Central Hub,0,7,0,0,278,233,496,1200,41.3,Low
2026-08-17 07:00:00,STN_002,Tech Park,0,7,0,0,117,101,214,1000,21.4,Low
2026-08-17 07:00:00,STN_003,Airport Terminal,0,7,0,0,276,323,663,1500,44.2,Low
2026-08-17 07:00:00,STN_004,City Center,0,7,0,0,271,222,493,1100,44.8,Low
2026-08-17 07:00:00,STN_005,University Junction,0,7,0,0,131,106,325,900,36.1,Low
2026-08-17 07:00:00,STN_006,Financial District,0,7,0,0,181,132,354,1300,27.2,Low
2026-08-17 08:00:00,STN_001,Central Hub,0,8,0,1,534,353,1024,1200,85.3,Critical
2026-08-17 08:00:00,STN_002,Tech Park,0,8,0,0,152,138,353,1000,35.3,Low
2026-08-17 08:00:00,STN_003,Airport Terminal,0,8,0,0,437,308,879,1500,58.6,Medium
2026-08-17 08:00:00,STN_004,City Center,0,8,0,0,230,152,390,1100,35.5,Low
2026-08-17 08:00:00,STN_005,University Junction,0,8,0,1,253,276,609,900,67.7,Medium
2026-08-17 08:00:00,STN_006,Financial District,0,8,0,1,376,338,816,1300,62.8,Medium
2026-08-17 09:00:00,STN_001,Central Hub,0,9,0,1,506,314,1010,1200,84.2,High
2026-08-17 09:00:00,STN_002,Tech Park,0,9,0,1,374,385,907,1000,90.7,Critical
2026-08-17 09:00:00,STN_003,Airport Terminal,0,9,0,0,347,393,846,1500,56.4,Medium
2026-08-17 09:00:00,STN_004,City Center,0,9,0,0,245,236,523,1100,47.5,Medium
2026-08-17 09:00:00,STN_005,University Junction,0,9,0,1,243,240,567,900,63.0,Medium
2026-08-17 09:00:00,STN_006,Financial District,0,9,0,1,437,261,870,1300,66.9,Medium
2026-08-17 10:00:00,STN_001,Central Hub,0,10,0,1,430,329,958,1200,79.8,High
2026-08-17 10:00:00,STN_002,Tech Park,0,10,0,0,188,156,316,1000,31.6,Low
2026-08-17 10:00:00,STN_003,Airport Terminal,0,10,0,0,376,388,782,1500,52.1,Medium
2026-08-17 10:00:00,STN_004,City Center,0,10,0,0,197,197,445,1100,40.5,Low
2026-08-17 10:00:00,STN_005,University Junction,0,10,0,0,129,73,217,900,24.1,Low
2026-08-17 10:00:00,STN_006,Financial District,0,10,0,0,187,148,357,1300,27.5,Low
2026-08-17 11:00:00,STN_001,Central Hub,0,11,0,0,144,97,310,1200,25.8,Low
2026-08-17 11:00:00,STN_002,Tech Park,0,11,0,0,153,157,346,1000,34.6,Low
2026-08-17 11:00:00,STN_003,Airport Terminal,0,11,0,1,549,442,1046,1500,69.7,Medium
2026-08-17 11:00:00,STN_004,City Center,0,11,0,0,328,265,554,1100,50.4,Medium
2026-08-17 11:00:00,STN_005,University Junction,0,11,0,0,187,157,345,900,38.3,Low
2026-08-17 11:00:00,STN_006,Financial District,0,11,0,0,249,224,483,1300,37.2,Low
2026-08-17 12:00:00,STN_001,Central Hub,0,12,0,0,229,210,421,1200,35.1,Low
2026-08-17 12:00:00,STN_002,Tech Park,0,12,0,0,186,201,447,1000,44.7,Low
2026-08-17 12:00:00,STN_003,Airport Terminal,0,12,0,1,513,421,1097,1500,73.1,High
2026-08-17 12:00:00,STN_004,City Center,0,12,0,0,222,257,537,1100,48.8,Medium
2026-08-17 12:00:00,STN_005,University Junction,0,12,0,0,106,56,181,900,20.1,Low
2026-08-17 12:00:00,STN_006,Financial District,0,12,0,0,203,174,437,1300,33.6,Low
2026-08-17 13:00:00,STN_001,Central Hub,0,13,0,0,140,159,328,1200,27.3,Low
2026-08-17 13:00:00,STN_002,Tech Park,0,13,0,0,229,160,420,1000,42.0,Low
2026-08-17 13:00:00,STN_003,Airport Terminal,0,13,0,1,539,445,1094,1500,72.9,High
2026-08-17 13:00:00,STN_004,City Center,0,13,0,0,215,173,423,1100,38.5,Low
2026-08-17 13:00:00,STN_005,University Junction,0,13,0,0,87,88,209,900,23.2,Low
2026-08-17 13:00:00,STN_006,Financial District,0,13,0,0,211,156,469,1300,36.1,Low
2026-08-17 14:00:00,STN_001,Central Hub,0,14,0,0,229,271,548,1200,45.7,Medium
2026-08-17 14:00:00,STN_002,Tech Park,0,14,0,0,134,128,271,1000,27.1,Low
2026-08-17 14:00:00,STN_003,Airport Terminal,0,14,0,1,462,463,1030,1500,68.7,Medium
2026-08-17 14:00:00,STN_004,City Center,0,14,0,0,152,126,337,1100,30.6,Low
2026-08-17 14:00:00,STN_005,University Junction,0,14,0,0,142,104,293,900,32.6,Low
2026-08-17 14:00:00,STN_006,Financial District,0,14,0,0,204,202,439,1300,33.8,Low
2026-08-17 15:00:00,STN_001,Central Hub,0,15,0,0,230,211,546,1200,45.5,Medium
2026-08-17 15:00:00,STN_002,Tech Park,0,15,0,0,171,169,342,1000,34.2,Low
2026-08-17 15:00:00,STN_003,Airport Terminal,0,15,0,1,538,428,1133,1500,75.5,High
2026-08-17 15:00:00,STN_004,City Center,0,15,0,0,239,223,450,1100,40.9,Low
2026-08-17 15:00:00,STN_005,University Junction,0,15,0,0,93,65,188,900,20.9,Low
2026-08-17 15:00:00,STN_006,Financial District,0,15,0,0,204,115,361,1300,27.8,Low
2026-08-17 16:00:00,STN_001,Central Hub,0,16,0,0,222,167,504,1200,42.0,Low
2026-08-17 16:00:00,STN_002,Tech Park,0,16,0,0,250,182,443,1000,44.3,Low
2026-08-17 16:00:00,STN_003,Airport Terminal,0,16,0,0,306,310,706,1500,47.1,Medium
2026-08-17 16:00:00,STN_004,City Center,0,16,0,1,529,352,919,1100,83.5,High
2026-08-17 16:00:00,STN_005,University Junction,0,16,0,0,171,139,315,900,35.0,Low
2026-08-17 16:00:00,STN_006,Financial District,0,16,0,0,143,98,291,1300,22.4,Low
2026-08-17 17:00:00,STN_001,Central Hub,0,17,0,1,531,316,995,1200,82.9,High
2026-08-17 17:00:00,STN_002,Tech Park,0,17,0,0,162,164,382,1000,38.2,Low
2026-08-17 17:00:00,STN_003,Airport Terminal,0,17,0,0,346,278,606,1500,40.4,Low
2026-08-17 17:00:00,STN_004,City Center,0,17,0,1,390,354,956,1100,86.9,Critical
2026-08-17 17:00:00,STN_005,University Junction,0,17,0,1,370,209,654,900,72.7,High
2026-08-17 17:00:00,STN_006,Financial District,0,17,0,1,414,347,730,1300,56.2,Medium
2026-08-17 18:00:00,STN_001,Central Hub,0,18,0,1,526,349,1027,1200,85.6,Critical
2026-08-17 18:00:00,STN_002,Tech Park,0,18,0,1,486,265,883,1000,88.3,Critical
2026-08-17 18:00:00,STN_003,Airport Terminal,0,18,0,0,360,328,661,1500,44.1,Low
2026-08-17 18:00:00,STN_004,City Center,0,18,0,1,490,360,937,1100,85.2,Critical
2026-08-17 18:00:00,STN_005,University Junction,0,18,0,1,255,252,618,900,68.7,Medium
2026-08-17 18:00:00,STN_006,Financial District,0,18,0,1,410,385,970,1300,74.6,High
2026-08-17 19:00:00,STN_001,Central Hub,0,19,0,1,453,336,1009,1200,84.1,High
2026-08-17 19:00:00,STN_002,Tech Park,0,19,0,0,205,123,411,1000,41.1,Low
2026-08-17 19:00:00,STN_003,Airport Terminal,0,19,0,0,382,311,640,1500,42.7,Low
2026-08-17 19:00:00,STN_004,City Center,0,19,0,1,387,432,957,1100,87.0,Critical
2026-08-17 19:00:00,STN_005,University Junction,0,19,0,0,205,158,345,900,38.3,Low
2026-08-17 19:00:00,STN_006,Financial District,0,19,0,0,217,183,399,1300,30.7,Low
2026-08-17 20:00:00,STN_001,Central Hub,0,20,0,0,226,176,470,1200,39.2,Low
2026-08-17 20:00:00,STN_002,Tech Park,0,20,0,0,131,108,226,1000,22.6,Low
2026-08-17 20:00:00,STN_003,Airport Terminal,0,20,0,0,365,312,764,1500,50.9,Medium
2026-08-17 20:00:00,STN_004,City Center,0,20,0,1,376,387,797,1100,72.5,High
2026-08-17 20:00:00,STN_005,University Junction,0,20,0,0,84,57,189,900,21.0,Low
2026-08-17 20:00:00,STN_006,Financial District,0,20,0,0,148,104,328,1300,25.2,Low
2026-08-17 21:00:00,STN_001,Central Hub,0,21,0,0,168,124,384,1200,32.0,Low
2026-08-17 21:00:00,STN_002,Tech Park,0,21,0,0,105,67,213,1000,21.3,Low
2026-08-17 21:00:00,STN_003,Airport Terminal,0,21,0,0,447,391,825,1500,55.0,Medium
2026-08-17 21:00:00,STN_004,City Center,0,21,0,0,203,144,478,1100,43.5,Low
2026-08-17 21:00:00,STN_005,University Junction,0,21,0,0,108,84,210,900,23.3,Low
2026-08-17 21:00:00,STN_006,Financial District,0,21,0,0,187,129,431,1300,33.2,Low
2026-08-17 22:00:00,STN_001,Central Hub,0,22,0,0,175,116,331,1200,27.6,Low
2026-08-17 22:00:00,STN_002,Tech Park,0,22,0,0,145,95,304,1000,30.4,Low
2026-08-17 22:00:00,STN_003,Airport Terminal,0,22,0,0,378,285,778,1500,51.9,Medium
2026-08-17 22:00:00,STN_004,City Center,0,22,0,0,323,171,547,1100,49.7,Medium
2026-08-17 22:00:00,STN_005,University Junction,0,22,0,0,151,109,270,900,30.0,Low
2026-08-17 22:00:00,STN_006,Financial District,0,22,0,0,168,142,320,1300,24.6,Low
2026-08-18 06:00:00,STN_001,Central Hub,1,6,0,0,280,215,550,1200,45.8,Medium
2026-08-18 06:00:00,STN_002,Tech Park,1,6,0,0,144,117,297,1000,29.7,Low
2026-08-18 06:00:00,STN_003,Airport Terminal,1,6,0,0,326,250,711,1500,47.4,Medium
2026-08-18 06:00:00,STN_004,City Center,1,6,0,0,231,210,463,1100,42.1,Low
2026-08-18 06:00:00,STN_005,University Junction,1,6,0,0,185,104,319,900,35.4,Low
2026-08-18 06:00:00,STN_006,Financial District,1,6,0,0,170,96,287,1300,22.1,Low
2026-08-18 07:00:00,STN_001,Central Hub,1,7,0,0,127,108,316,1200,26.3,Low
2026-08-18 07:00:00,STN_002,Tech Park,1,7,0,0,86,101,210,1000,21.0,Low
2026-08-18 07:00:00,STN_003,Airport Terminal,1,7,0,0,268,243,637,1500,42.5,Low
2026-08-18 07:00:00,STN_004,City Center,1,7,0,0,313,245,587,1100,53.4,Medium
2026-08-18 07:00:00,STN_005,University Junction,1,7,0,0,130,98,281,900,31.2,Low
2026-08-18 07:00:00,STN_006,Financial District,1,7,0,0,241,197,476,1300,36.6,Low
2026-08-18 08:00:00,STN_001,Central Hub,1,8,0,1,375,414,934,1200,77.8,High
2026-08-18 08:00:00,STN_002,Tech Park,1,8,0,0,107,76,217,1000,21.7,Low
2026-08-18 08:00:00,STN_003,Airport Terminal,1,8,0,0,359,420,860,1500,57.3,Medium
2026-08-18 08:00:00,STN_004,City Center,1,8,0,0,187,175,444,1100,40.4,Low
2026-08-18 08:00:00,STN_005,University Junction,1,8,0,1,351,232,598,900,66.4,Medium
2026-08-18 08:00:00,STN_006,Financial District,1,8,0,1,485,306,917,1300,70.5,High
2026-08-18 09:00:00,STN_001,Central Hub,1,9,0,1,549,391,1126,1200,93.8,Critical
2026-08-18 09:00:00,STN_002,Tech Park,1,9,0,1,513,363,894,1000,89.4,Critical
2026-08-18 09:00:00,STN_003,Airport Terminal,1,9,0,0,527,428,894,1500,59.6,Medium
2026-08-18 09:00:00,STN_004,City Center,1,9,0,0,196,151,488,1100,44.4,Low
2026-08-18 09:00:00,STN_005,University Junction,1,9,0,1,270,185,525,900,58.3,Medium
2026-08-18 09:00:00,STN_006,Financial District,1,9,0,1,445,278,846,1300,65.1,Medium
2026-08-18 10:00:00,STN_001,Central Hub,1,10,0,1,493,321,1033,1200,86.1,Critical
2026-08-18 10:00:00,STN_002,Tech Park,1,10,0,0,174,147,426,1000,42.6,Low
2026-08-18 10:00:00,STN_003,Airport Terminal,1,10,0,0,463,412,859,1500,57.3,Medium
2026-08-18 10:00:00,STN_004,City Center,1,10,0,0,165,129,346,1100,31.5,Low
2026-08-18 10:00:00,STN_005,University Junction,1,10,0,0,121,96,214,900,23.8,Low
2026-08-18 10:00:00,STN_006,Financial District,1,10,0,0,223,237,493,1300,37.9,Low
2026-08-18 11:00:00,STN_001,Central Hub,1,11,0,0,198,133,380,1200,31.7,Low
2026-08-18 11:00:00,STN_002,Tech Park,1,11,0,0,128,88,247,1000,24.7,Low
2026-08-18 11:00:00,STN_003,Airport Terminal,1,11,0,1,639,575,1273,1500,84.9,High
2026-08-18 11:00:00,STN_004,City Center,1,11,0,0,271,227,508,1100,46.2,Medium
2026-08-18 11:00:00,STN_005,University Junction,1,11,0,0,154,114,302,900,33.6,Low
2026-08-18 11:00:00,STN_006,Financial District,1,11,0,0,215,215,453,1300,34.8,Low
2026-08-18 12:00:00,STN_001,Central Hub,1,12,0,0,215,185,415,1200,34.6,Low
2026-08-18 12:00:00,STN_002,Tech Park,1,12,0,0,117,82,244,1000,24.4,Low
2026-08-18 12:00:00,STN_003,Airport Terminal,1,12,0,1,577,479,1258,1500,83.9,High
2026-08-18 12:00:00,STN_004,City Center,1,12,0,0,258,281,592,1100,53.8,Medium
2026-08-18 12:00:00,STN_005,University Junction,1,12,0,0,104,78,199,900,22.1,Low
2026-08-18 12:00:00,STN_006,Financial District,1,12,0,0,219,234,508,1300,39.1,Low
2026-08-18 13:00:00,STN_001,Central Hub,1,13,0,0,290,193,562,1200,46.8,Medium
2026-08-18 13:00:00,STN_002,Tech Park,1,13,0,0,114,92,235,1000,23.5,Low
2026-08-18 13:00:00,STN_003,Airport Terminal,1,13,0,1,677,523,1176,1500,78.4,High
2026-08-18 13:00:00,STN_004,City Center,1,13,0,0,172,140,331,1100,30.1,Low
2026-08-18 13:00:00,STN_005,University Junction,1,13,0,0,129,121,291,900,32.3,Low
2026-08-18 13:00:00,STN_006,Financial District,1,13,0,0,210,189,443,1300,34.1,Low
2026-08-18 14:00:00,STN_001,Central Hub,1,14,0,0,171,135,404,1200,33.7,Low
2026-08-18 14:00:00,STN_002,Tech Park,1,14,0,0,130,115,233,1000,23.3,Low
2026-08-18 14:00:00,STN_003,Airport Terminal,1,14,0,1,716,580,1268,1500,84.5,High
2026-08-18 14:00:00,STN_004,City Center,1,14,0,0,224,224,512,1100,46.5,Medium
2026-08-18 14:00:00,STN_005,University Junction,1,14,0,0,112,100,230,900,25.6,Low
2026-08-18 14:00:00,STN_006,Financial District,1,14,0,0,189,179,405,1300,31.2,Low
2026-08-18 15:00:00,STN_001,Central Hub,1,15,0,0,242,178,426,1200,35.5,Low
2026-08-18 15:00:00,STN_002,Tech Park,1,15,0,0,107,118,253,1000,25.3,Low
2026-08-18 15:00:00,STN_003,Airport Terminal,1,15,0,1,526,458,1234,1500,82.3,High
2026-08-18 15:00:00,STN_004,City Center,1,15,0,0,248,190,482,1100,43.8,Low
2026-08-18 15:00:00,STN_005,University Junction,1,15,0,0,177,103,325,900,36.1,Low
2026-08-18 15:00:00,STN_006,Financial District,1,15,0,0,193,139,455,1300,35.0,Low
2026-08-18 16:00:00,STN_001,Central Hub,1,16,0,0,199,114,358,1200,29.8,Low
2026-08-18 16:00:00,STN_002,Tech Park,1,16,0,0,199,159,333,1000,33.3,Low
2026-08-18 16:00:00,STN_003,Airport Terminal,1,16,0,0,466,313,851,1500,56.7,Medium
2026-08-18 16:00:00,STN_004,City Center,1,16,0,1,534,459,976,1100,88.7,Critical
2026-08-18 16:00:00,STN_005,University Junction,1,16,0,0,81,67,194,900,21.6,Low
2026-08-18 16:00:00,STN_006,Financial District,1,16,0,0,276,180,509,1300,39.2,Low
2026-08-18 17:00:00,STN_001,Central Hub,1,17,0,1,609,545,1098,1200,91.5,Critical
2026-08-18 17:00:00,STN_002,Tech Park,1,17,0,0,206,214,438,1000,43.8,Low
2026-08-18 17:00:00,STN_003,Airport Terminal,1,17,0,0,477,392,876,1500,58.4,Medium
2026-08-18 17:00:00,STN_004,City Center,1,17,0,1,428,319,779,1100,70.8,High
2026-08-18 17:00:00,STN_005,University Junction,1,17,0,1,260,197,617,900,68.6,Medium
2026-08-18 17:00:00,STN_006,Financial District,1,17,0,1,424,335,874,1300,67.2,Medium
2026-08-18 18:00:00,STN_001,Central Hub,1,18,0,1,443,503,1026,1200,85.5,Critical
2026-08-18 18:00:00,STN_002,Tech Park,1,18,0,1,422,394,814,1000,81.4,High
2026-08-18 18:00:00,STN_003,Airport Terminal,1,18,0,0,354,304,670,1500,44.7,Low
2026-08-18 18:00:00,STN_004,City Center,1,18,0,1,403,351,856,1100,77.8,High
2026-08-18 18:00:00,STN_005,University Junction,1,18,0,1,297,225,514,900,57.1,Medium
2026-08-18 18:00:00,STN_006,Financial District,1,18,0,1,375,272,763,1300,58.7,Medium
2026-08-18 19:00:00,STN_001,Central Hub,1,19,0,1,595,546,1129,1200,94.1,Critical
2026-08-18 19:00:00,STN_002,Tech Park,1,19,0,0,177,153,427,1000,42.7,Low
2026-08-18 19:00:00,STN_003,Airport Terminal,1,19,0,0,257,297,620,1500,41.3,Low
2026-08-18 19:00:00,STN_004,City Center,1,19,0,1,394,405,820,1100,74.5,High
2026-08-18 19:00:00,STN_005,University Junction,1,19,0,0,121,96,233,900,25.9,Low
2026-08-18 19:00:00,STN_006,Financial District,1,19,0,0,127,135,311,1300,23.9,Low
2026-08-18 20:00:00,STN_001,Central Hub,1,20,0,0,223,203,549,1200,45.8,Medium
2026-08-18 20:00:00,STN_002,Tech Park,1,20,0,0,248,165,414,1000,41.4,Low
2026-08-18 20:00:00,STN_003,Airport Terminal,1,20,0,0,403,400,863,1500,57.5,Medium
2026-08-18 20:00:00,STN_004,City Center,1,20,0,1,335,264,837,1100,76.1,High
2026-08-18 20:00:00,STN_005,University Junction,1,20,0,0,108,84,224,900,24.9,Low
2026-08-18 20:00:00,STN_006,Financial District,1,20,0,0,172,142,356,1300,27.4,Low
2026-08-18 21:00:00,STN_001,Central Hub,1,21,0,0,287,270,591,1200,49.2,Medium
2026-08-18 21:00:00,STN_002,Tech Park,1,21,0,0,222,159,416,1000,41.6,Low
2026-08-18 21:00:00,STN_003,Airport Terminal,1,21,0,0,329,211,675,1500,45.0,Medium
2026-08-18 21:00:00,STN_004,City Center,1,21,0,0,206,190,431,1100,39.2,Low
2026-08-18 21:00:00,STN_005,University Junction,1,21,0,0,79,57,183,900,20.3,Low
2026-08-18 21:00:00,STN_006,Financial District,1,21,0,0,274,161,508,1300,39.1,Low
2026-08-18 22:00:00,STN_001,Central Hub,1,22,0,0,229,253,551,1200,45.9,Medium
2026-08-18 22:00:00,STN_002,Tech Park,1,22,0,0,194,161,435,1000,43.5,Low
2026-08-18 22:00:00,STN_003,Airport Terminal,1,22,0,0,345,201,613,1500,40.9,Low
2026-08-18 22:00:00,STN_004,City Center,1,22,0,0,147,109,345,1100,31.4,Low
2026-08-18 22:00:00,STN_005,University Junction,1,22,0,0,144,77,253,900,28.1,Low
2026-08-18 22:00:00,STN_006,Financial District,1,22,0,0,235,136,414,1300,31.8,Low
2026-08-19 06:00:00,STN_001,Central Hub,2,6,0,0,249,236,531,1200,44.2,Low
2026-08-19 06:00:00,STN_002,Tech Park,2,6,0,0,163,175,366,1000,36.6,Low
2026-08-19 06:00:00,STN_003,Airport Terminal,2,6,0,0,481,361,814,1500,54.3,Medium
2026-08-19 06:00:00,STN_004,City Center,2,6,0,0,274,214,536,1100,48.7,Medium
2026-08-19 06:00:00,STN_005,University Junction,2,6,0,0,119,106,255,900,28.3,Low
2026-08-19 06:00:00,STN_006,Financial District,2,6,0,0,203,177,451,1300,34.7,Low
2026-08-19 07:00:00,STN_001,Central Hub,2,7,0,0,215,191,407,1200,33.9,Low
2026-08-19 07:00:00,STN_002,Tech Park,2,7,0,0,154,102,306,1000,30.6,Low
2026-08-19 07:00:00,STN_003,Airport Terminal,2,7,0,0,397,331,877,1500,58.5,Medium
2026-08-19 07:00:00,STN_004,City Center,2,7,0,0,218,148,401,1100,36.5,Low
2026-08-19 07:00:00,STN_005,University Junction,2,7,0,0,135,99,264,900,29.3,Low
2026-08-19 07:00:00,STN_006,Financial District,2,7,0,0,211,153,371,1300,28.5,Low
2026-08-19 08:00:00,STN_001,Central Hub,2,8,0,1,516,431,975,1200,81.2,High
2026-08-19 08:00:00,STN_002,Tech Park,2,8,0,0,210,151,366,1000,36.6,Low
2026-08-19 08:00:00,STN_003,Airport Terminal,2,8,0,0,340,291,794,1500,52.9,Medium
2026-08-19 08:00:00,STN_004,City Center,2,8,0,0,268,239,503,1100,45.7,Medium
2026-08-19 08:00:00,STN_005,University Junction,2,8,0,1,259,287,619,900,68.8,Medium
2026-08-19 08:00:00,STN_006,Financial District,2,8,0,1,411,310,917,1300,70.5,High
2026-08-19 09:00:00,STN_001,Central Hub,2,9,0,1,552,375,1009,1200,84.1,High
2026-08-19 09:00:00,STN_002,Tech Park,2,9,0,1,443,392,935,1000,93.5,Critical
2026-08-19 09:00:00,STN_003,Airport Terminal,2,9,0,0,259,297,603,1500,40.2,Low
2026-08-19 09:00:00,STN_004,City Center,2,9,0,0,308,244,596,1100,54.2,Medium
2026-08-19 09:00:00,STN_005,University Junction,2,9,0,1,331,254,586,900,65.1,Medium
2026-08-19 09:00:00,STN_006,Financial District,2,9,0,1,527,396,882,1300,67.8,Medium
2026-08-19 10:00:00,STN_001,Central Hub,2,10,0,1,660,437,1118,1200,93.2,Critical
2026-08-19 10:00:00,STN_002,Tech Park,2,10,0,0,90,92,221,1000,22.1,Low
2026-08-19 10:00:00,STN_003,Airport Terminal,2,10,0,0,420,332,796,1500,53.1,Medium
2026-08-19 10:00:00,STN_004,City Center,2,10,0,0,313,258,595,1100,54.1,Medium
2026-08-19 10:00:00,STN_005,University Junction,2,10,0,0,127,97,227,900,25.2,Low
2026-08-19 10:00:00,STN_006,Financial District,2,10,0,0,215,188,491,1300,37.8,Low
2026-08-19 11:00:00,STN_001,Central Hub,2,11,0,0,162,103,312,1200,26.0,Low
2026-08-19 11:00:00,STN_002,Tech Park,2,11,0,0,114,86,267,1000,26.7,Low
2026-08-19 11:00:00,STN_003,Airport Terminal,2,11,0,1,592,571,1235,1500,82.3,High
2026-08-19 11:00:00,STN_004,City Center,2,11,0,0,280,235,580,1100,52.7,Medium
2026-08-19 11:00:00,STN_005,University Junction,2,11,0,0,171,116,304,900,33.8,Low
2026-08-19 11:00:00,STN_006,Financial District,2,11,0,0,140,114,347,1300,26.7,Low
2026-08-19 12:00:00,STN_001,Central Hub,2,12,0,0,336,195,597,1200,49.8,Medium
2026-08-19 12:00:00,STN_002,Tech Park,2,12,0,0,173,166,419,1000,41.9,Low
2026-08-19 12:00:00,STN_003,Airport Terminal,2,12,0,1,521,483,1080,1500,72.0,High
2026-08-19 12:00:00,STN_004,City Center,2,12,0,0,261,146,480,1100,43.6,Low
2026-08-19 12:00:00,STN_005,University Junction,2,12,0,0,107,89,190,900,21.1,Low
2026-08-19 12:00:00,STN_006,Financial District,2,12,0,0,253,191,437,1300,33.6,Low
2026-08-19 13:00:00,STN_001,Central Hub,2,13,0,0,247,222,570,1200,47.5,Medium
2026-08-19 13:00:00,STN_002,Tech Park,2,13,0,0,168,182,396,1000,39.6,Low
2026-08-19 13:00:00,STN_003,Airport Terminal,2,13,0,1,456,344,1069,1500,71.3,High
2026-08-19 13:00:00,STN_004,City Center,2,13,0,0,245,180,555,1100,50.5,Medium
2026-08-19 13:00:00,STN_005,University Junction,2,13,0,0,124,79,220,900,24.4,Low
2026-08-19 13:00:00,STN_006,Financial District,2,13,0,0,143,94,287,1300,22.1,Low
2026-08-19 14:00:00,STN_001,Central Hub,2,14,0,0,170,150,304,1200,25.3,Low
2026-08-19 14:00:00,STN_002,Tech Park,2,14,0,0,108,108,242,1000,24.2,Low
2026-08-19 14:00:00,STN_003,Airport Terminal,2,14,0,1,583,484,1227,1500,81.8,High
2026-08-19 14:00:00,STN_004,City Center,2,14,0,0,271,227,604,1100,54.9,Medium
2026-08-19 14:00:00,STN_005,University Junction,2,14,0,0,134,116,258,900,28.7,Low
2026-08-19 14:00:00,STN_006,Financial District,2,14,0,0,251,156,455,1300,35.0,Low
2026-08-19 15:00:00,STN_001,Central Hub,2,15,0,0,233,198,417,1200,34.8,Low
2026-08-19 15:00:00,STN_002,Tech Park,2,15,0,0,135,110,304,1000,30.4,Low
2026-08-19 15:00:00,STN_003,Airport Terminal,2,15,0,1,628,473,1269,1500,84.6,High
2026-08-19 15:00:00,STN_004,City Center,2,15,0,0,176,202,439,1100,39.9,Low
2026-08-19 15:00:00,STN_005,University Junction,2,15,0,0,142,101,301,900,33.4,Low
2026-08-19 15:00:00,STN_006,Financial District,2,15,0,0,243,133,410,1300,31.5,Low
2026-08-19 16:00:00,STN_001,Central Hub,2,16,0,0,271,186,549,1200,45.8,Medium
2026-08-19 16:00:00,STN_002,Tech Park,2,16,0,0,145,111,248,1000,24.8,Low
2026-08-19 16:00:00,STN_003,Airport Terminal,2,16,0,0,448,395,891,1500,59.4,Medium
2026-08-19 16:00:00,STN_004,City Center,2,16,0,1,365,319,825,1100,75.0,High
2026-08-19 16:00:00,STN_005,University Junction,2,16,0,0,170,131,292,900,32.4,Low
2026-08-19 16:00:00,STN_006,Financial District,2,16,0,0,158,124,293,1300,22.5,Low
2026-08-19 17:00:00,STN_001,Central Hub,2,17,0,1,648,333,1099,1200,91.6,Critical
2026-08-19 17:00:00,STN_002,Tech Park,2,17,0,0,235,153,398,1000,39.8,Low
2026-08-19 17:00:00,STN_003,Airport Terminal,2,17,0,0,484,265,819,1500,54.6,Medium
2026-08-19 17:00:00,STN_004,City Center,2,17,0,1,476,265,821,1100,74.6,High
2026-08-19 17:00:00,STN_005,University Junction,2,17,0,1,237,231,581,900,64.6,Medium
2026-08-19 17:00:00,STN_006,Financial District,2,17,0,1,430,373,794,1300,61.1,Medium
2026-08-19 18:00:00,STN_001,Central Hub,2,18,0,1,555,366,961,1200,80.1,High
2026-08-19 18:00:00,STN_002,Tech Park,2,18,0,1,448,309,963,1000,96.3,Critical
2026-08-19 18:00:00,STN_003,Airport Terminal,2,18,0,0,251,291,603,1500,40.2,Low
2026-08-19 18:00:00,STN_004,City Center,2,18,0,1,421,337,962,1100,87.5,Critical
2026-08-19 18:00:00,STN_005,University Junction,2,18,0,1,329,261,648,900,72.0,High
2026-08-19 18:00:00,STN_006,Financial District,2,18,0,1,493,402,952,1300,73.2,High
2026-08-19 19:00:00,STN_001,Central Hub,2,19,0,1,645,490,1125,1200,93.8,Critical
2026-08-19 19:00:00,STN_002,Tech Park,2,19,0,0,143,110,323,1000,32.3,Low
2026-08-19 19:00:00,STN_003,Airport Terminal,2,19,0,0,419,327,853,1500,56.9,Medium
2026-08-19 19:00:00,STN_004,City Center,2,19,0,1,486,352,853,1100,77.5,High
2026-08-19 19:00:00,STN_005,University Junction,2,19,0,0,153,103,296,900,32.9,Low
2026-08-19 19:00:00,STN_006,Financial District,2,19,0,0,137,140,299,1300,23.0,Low
2026-08-19 20:00:00,STN_001,Central Hub,2,20,0,0,244,286,599,1200,49.9,Medium
2026-08-19 20:00:00,STN_002,Tech Park,2,20,0,0,208,130,420,1000,42.0,Low
2026-08-19 20:00:00,STN_003,Airport Terminal,2,20,0,0,450,318,776,1500,51.7,Medium
2026-08-19 20:00:00,STN_004,City Center,2,20,0,1,444,431,954,1100,86.7,Critical
2026-08-19 20:00:00,STN_005,University Junction,2,20,0,0,129,87,227,900,25.2,Low
2026-08-19 20:00:00,STN_006,Financial District,2,20,0,0,211,182,487,1300,37.5,Low
2026-08-19 21:00:00,STN_001,Central Hub,2,21,0,0,217,156,408,1200,34.0,Low
2026-08-19 21:00:00,STN_002,Tech Park,2,21,0,0,208,128,370,1000,37.0,Low
2026-08-19 21:00:00,STN_003,Airport Terminal,2,21,0,0,367,336,716,1500,47.7,Medium
2026-08-19 21:00:00,STN_004,City Center,2,21,0,0,166,138,406,1100,36.9,Low
2026-08-19 21:00:00,STN_005,University Junction,2,21,0,0,140,92,293,900,32.6,Low
2026-08-19 21:00:00,STN_006,Financial District,2,21,0,0,224,234,474,1300,36.5,Low
2026-08-19 22:00:00,STN_001,Central Hub,2,22,0,0,241,157,498,1200,41.5,Low
2026-08-19 22:00:00,STN_002,Tech Park,2,22,0,0,140,87,235,1000,23.5,Low
2026-08-19 22:00:00,STN_003,Airport Terminal,2,22,0,0,427,356,771,1500,51.4,Medium
2026-08-19 22:00:00,STN_004,City Center,2,22,0,0,171,150,421,1100,38.3,Low
2026-08-19 22:00:00,STN_005,University Junction,2,22,0,0,110,110,239,900,26.6,Low
2026-08-19 22:00:00,STN_006,Financial District,2,22,0,0,201,184,408,1300,31.4,Low
2026-08-20 06:00:00,STN_001,Central Hub,3,6,0,0,347,259,591,1200,49.2,Medium
2026-08-20 06:00:00,STN_002,Tech Park,3,6,0,0,188,143,362,1000,36.2,Low
2026-08-20 06:00:00,STN_003,Airport Terminal,3,6,0,0,290,217,629,1500,41.9,Low
2026-08-20 06:00:00,STN_004,City Center,3,6,0,0,172,211,426,1100,38.7,Low
2026-08-20 06:00:00,STN_005,University Junction,3,6,0,0,138,145,308,900,34.2,Low
2026-08-20 06:00:00,STN_006,Financial District,3,6,0,0,189,207,454,1300,34.9,Low
2026-08-20 07:00:00,STN_001,Central Hub,3,7,0,0,223,189,528,1200,44.0,Low
2026-08-20 07:00:00,STN_002,Tech Park,3,7,0,0,126,68,219,1000,21.9,Low
2026-08-20 07:00:00,STN_003,Airport Terminal,3,7,0,0,328,302,665,1500,44.3,Low
2026-08-20 07:00:00,STN_004,City Center,3,7,0,0,234,142,413,1100,37.5,Low
2026-08-20 07:00:00,STN_005,University Junction,3,7,0,0,107,96,231,900,25.7,Low
2026-08-20 07:00:00,STN_006,Financial District,3,7,0,0,165,109,303,1300,23.3,Low
2026-08-20 08:00:00,STN_001,Central Hub,3,8,0,1,494,331,940,1200,78.3,High
2026-08-20 08:00:00,STN_002,Tech Park,3,8,0,0,202,174,427,1000,42.7,Low
2026-08-20 08:00:00,STN_003,Airport Terminal,3,8,0,0,353,256,718,1500,47.9,Medium
2026-08-20 08:00:00,STN_004,City Center,3,8,0,0,253,165,489,1100,44.5,Low
2026-08-20 08:00:00,STN_005,University Junction,3,8,0,1,276,228,628,900,69.8,Medium
2026-08-20 08:00:00,STN_006,Financial District,3,8,0,1,350,254,755,1300,58.1,Medium
2026-08-20 09:00:00,STN_001,Central Hub,3,9,0,1,505,357,1022,1200,85.2,Critical
2026-08-20 09:00:00,STN_002,Tech Park,3,9,0,1,448,349,882,1000,88.2,Critical
2026-08-20 09:00:00,STN_003,Airport Terminal,3,9,0,0,357,300,691,1500,46.1,Medium
2026-08-20 09:00:00,STN_004,City Center,3,9,0,0,160,134,398,1100,36.2,Low
2026-08-20 09:00:00,STN_005,University Junction,3,9,0,1,301,232,522,900,58.0,Medium
2026-08-20 09:00:00,STN_006,Financial District,3,9,0,1,350,392,830,1300,63.8,Medium
2026-08-20 10:00:00,STN_001,Central Hub,3,10,0,1,559,361,1103,1200,91.9,Critical
2026-08-20 10:00:00,STN_002,Tech Park,3,10,0,0,102,78,247,1000,24.7,Low
2026-08-20 10:00:00,STN_003,Airport Terminal,3,10,0,0,341,297,724,1500,48.3,Medium
2026-08-20 10:00:00,STN_004,City Center,3,10,0,0,255,250,516,1100,46.9,Medium
2026-08-20 10:00:00,STN_005,University Junction,3,10,0,0,103,85,216,900,24.0,Low
2026-08-20 10:00:00,STN_006,Financial District,3,10,0,0,230,155,409,1300,31.5,Low
2026-08-20 11:00:00,STN_001,Central Hub,3,11,0,0,248,130,424,1200,35.3,Low
2026-08-20 11:00:00,STN_002,Tech Park,3,11,0,0,141,105,344,1000,34.4,Low
2026-08-20 11:00:00,STN_003,Airport Terminal,3,11,0,1,515,472,1078,1500,71.9,High
2026-08-20 11:00:00,STN_004,City Center,3,11,0,0,143,163,341,1100,31.0,Low
2026-08-20 11:00:00,STN_005,University Junction,3,11,0,0,114,91,211,900,23.4,Low
2026-08-20 11:00:00,STN_006,Financial District,3,11,0,0,182,148,381,1300,29.3,Low
2026-08-20 12:00:00,STN_001,Central Hub,3,12,0,0,242,154,422,1200,35.2,Low
2026-08-20 12:00:00,STN_002,Tech Park,3,12,0,0,199,167,339,1000,33.9,Low
2026-08-20 12:00:00,STN_003,Airport Terminal,3,12,0,1,503,312,1021,1500,68.1,Medium
2026-08-20 12:00:00,STN_004,City Center,3,12,0,0,262,287,601,1100,54.6,Medium
2026-08-20 12:00:00,STN_005,University Junction,3,12,0,0,121,111,261,900,29.0,Low
2026-08-20 12:00:00,STN_006,Financial District,3,12,0,0,161,131,289,1300,22.2,Low
2026-08-20 13:00:00,STN_001,Central Hub,3,13,0,0,168,147,417,1200,34.8,Low
2026-08-20 13:00:00,STN_002,Tech Park,3,13,0,0,164,118,311,1000,31.1,Low
2026-08-20 13:00:00,STN_003,Airport Terminal,3,13,0,1,586,554,1119,1500,74.6,High
2026-08-20 13:00:00,STN_004,City Center,3,13,0,0,276,281,600,1100,54.5,Medium
2026-08-20 13:00:00,STN_005,University Junction,3,13,0,0,141,100,273,900,30.3,Low
2026-08-20 13:00:00,STN_006,Financial District,3,13,0,0,159,122,350,1300,26.9,Low
2026-08-20 14:00:00,STN_001,Central Hub,3,14,0,0,176,163,414,1200,34.5,Low
2026-08-20 14:00:00,STN_002,Tech Park,3,14,0,0,171,152,329,1000,32.9,Low
2026-08-20 14:00:00,STN_003,Airport Terminal,3,14,0,1,640,434,1260,1500,84.0,High
2026-08-20 14:00:00,STN_004,City Center,3,14,0,0,272,299,599,1100,54.5,Medium
2026-08-20 14:00:00,STN_005,University Junction,3,14,0,0,92,94,190,900,21.1,Low
2026-08-20 14:00:00,STN_006,Financial District,3,14,0,0,166,121,303,1300,23.3,Low
2026-08-20 15:00:00,STN_001,Central Hub,3,15,0,0,134,139,320,1200,26.7,Low
2026-08-20 15:00:00,STN_002,Tech Park,3,15,0,0,130,122,320,1000,32.0,Low
2026-08-20 15:00:00,STN_003,Airport Terminal,3,15,0,1,525,552,1123,1500,74.9,High
2026-08-20 15:00:00,STN_004,City Center,3,15,0,0,228,214,455,1100,41.4,Low
2026-08-20 15:00:00,STN_005,University Junction,3,15,0,0,164,111,304,900,33.8,Low
2026-08-20 15:00:00,STN_006,Financial District,3,15,0,0,250,162,453,1300,34.8,Low
2026-08-20 16:00:00,STN_001,Central Hub,3,16,0,0,245,236,568,1200,47.3,Medium
2026-08-20 16:00:00,STN_002,Tech Park,3,16,0,0,121,89,242,1000,24.2,Low
2026-08-20 16:00:00,STN_003,Airport Terminal,3,16,0,0,361,270,606,1500,40.4,Low
2026-08-20 16:00:00,STN_004,City Center,3,16,0,1,353,322,861,1100,78.3,High
2026-08-20 16:00:00,STN_005,University Junction,3,16,0,0,106,102,244,900,27.1,Low
2026-08-20 16:00:00,STN_006,Financial District,3,16,0,0,194,153,336,1300,25.8,Low
2026-08-20 17:00:00,STN_001,Central Hub,3,17,0,1,454,411,1107,1200,92.2,Critical
2026-08-20 17:00:00,STN_002,Tech Park,3,17,0,0,176,102,306,1000,30.6,Low
2026-08-20 17:00:00,STN_003,Airport Terminal,3,17,0,0,273,241,631,1500,42.1,Low
2026-08-20 17:00:00,STN_004,City Center,3,17,0,1,337,302,838,1100,76.2,High
2026-08-20 17:00:00,STN_005,University Junction,3,17,0,1,385,222,646,900,71.8,High
2026-08-20 17:00:00,STN_006,Financial District,3,17,0,1,364,382,827,1300,63.6,Medium
2026-08-20 18:00:00,STN_001,Central Hub,3,18,0,1,499,334,1020,1200,85.0,Critical
2026-08-20 18:00:00,STN_002,Tech Park,3,18,0,1,399,363,954,1000,95.4,Critical
2026-08-20 18:00:00,STN_003,Airport Terminal,3,18,0,0,290,254,610,1500,40.7,Low
2026-08-20 18:00:00,STN_004,City Center,3,18,0,1,343,245,777,1100,70.6,High
2026-08-20 18:00:00,STN_005,University Junction,3,18,0,1,323,241,566,900,62.9,Medium
2026-08-20 18:00:00,STN_006,Financial District,3,18,0,1,450,443,895,1300,68.8,Medium
2026-08-20 19:00:00,STN_001,Central Hub,3,19,0,1,418,316,950,1200,79.2,High
2026-08-20 19:00:00,STN_002,Tech Park,3,19,0,0,226,179,395,1000,39.5,Low
2026-08-20 19:00:00,STN_003,Airport Terminal,3,19,0,0,394,227,758,1500,50.5,Medium
2026-08-20 19:00:00,STN_004,City Center,3,19,0,1,353,278,850,1100,77.3,High
2026-08-20 19:00:00,STN_005,University Junction,3,19,0,0,164,117,307,900,34.1,Low
2026-08-20 19:00:00,STN_006,Financial District,3,19,0,0,180,135,311,1300,23.9,Low
2026-08-20 20:00:00,STN_001,Central Hub,3,20,0,0,311,215,569,1200,47.4,Medium
2026-08-20 20:00:00,STN_002,Tech Park,3,20,0,0,217,162,423,1000,42.3,Low
2026-08-20 20:00:00,STN_003,Airport Terminal,3,20,0,0,332,276,662,1500,44.1,Low
2026-08-20 20:00:00,STN_004,City Center,3,20,0,1,384,342,917,1100,83.4,High
2026-08-20 20:00:00,STN_005,University Junction,3,20,0,0,169,125,353,900,39.2,Low
2026-08-20 20:00:00,STN_006,Financial District,3,20,0,0,153,103,297,1300,22.8,Low
2026-08-20 21:00:00,STN_001,Central Hub,3,21,0,0,185,135,428,1200,35.7,Low
2026-08-20 21:00:00,STN_002,Tech Park,3,21,0,0,190,136,421,1000,42.1,Low
2026-08-20 21:00:00,STN_003,Airport Terminal,3,21,0,0,320,363,786,1500,52.4,Medium
2026-08-20 21:00:00,STN_004,City Center,3,21,0,0,203,173,439,1100,39.9,Low
2026-08-20 21:00:00,STN_005,University Junction,3,21,0,0,165,148,316,900,35.1,Low
2026-08-20 21:00:00,STN_006,Financial District,3,21,0,0,139,141,345,1300,26.5,Low
2026-08-20 22:00:00,STN_001,Central Hub,3,22,0,0,278,172,568,1200,47.3,Medium
2026-08-20 22:00:00,STN_002,Tech Park,3,22,0,0,130,88,277,1000,27.7,Low
2026-08-20 22:00:00,STN_003,Airport Terminal,3,22,0,0,248,209,611,1500,40.7,Low
2026-08-20 22:00:00,STN_004,City Center,3,22,0,0,281,204,492,1100,44.7,Low
2026-08-20 22:00:00,STN_005,University Junction,3,22,0,0,198,126,347,900,38.6,Low
2026-08-20 22:00:00,STN_006,Financial District,3,22,0,0,174,148,414,1300,31.8,Low
2026-08-21 06:00:00,STN_001,Central Hub,4,6,0,0,248,183,593,1200,49.4,Medium
2026-08-21 06:00:00,STN_002,Tech Park,4,6,0,0,110,119,245,1000,24.5,Low
2026-08-21 06:00:00,STN_003,Airport Terminal,4,6,0,0,361,355,713,1500,47.5,Medium
2026-08-21 06:00:00,STN_004,City Center,4,6,0,0,257,139,450,1100,40.9,Low
2026-08-21 06:00:00,STN_005,University Junction,4,6,0,0,104,74,209,900,23.2,Low
2026-08-21 06:00:00,STN_006,Financial District,4,6,0,0,188,144,367,1300,28.2,Low
2026-08-21 07:00:00,STN_001,Central Hub,4,7,0,0,196,174,449,1200,37.4,Low
2026-08-21 07:00:00,STN_002,Tech Park,4,7,0,0,209,133,358,1000,35.8,Low
2026-08-21 07:00:00,STN_003,Airport Terminal,4,7,0,0,342,308,666,1500,44.4,Low
2026-08-21 07:00:00,STN_004,City Center,4,7,0,0,216,238,536,1100,48.7,Medium
2026-08-21 07:00:00,STN_005,University Junction,4,7,0,0,127,153,311,900,34.6,Low
2026-08-21 07:00:00,STN_006,Financial District,4,7,0,0,156,107,347,1300,26.7,Low
2026-08-21 08:00:00,STN_001,Central Hub,4,8,0,1,643,507,1092,1200,91.0,Critical
2026-08-21 08:00:00,STN_002,Tech Park,4,8,0,0,117,119,240,1000,24.0,Low
2026-08-21 08:00:00,STN_003,Airport Terminal,4,8,0,0,327,290,617,1500,41.1,Low
2026-08-21 08:00:00,STN_004,City Center,4,8,0,0,158,171,381,1100,34.6,Low
2026-08-21 08:00:00,STN_005,University Junction,4,8,0,1,277,309,670,900,74.4,High
2026-08-21 08:00:00,STN_006,Financial District,4,8,0,1,468,347,832,1300,64.0,Medium
2026-08-21 09:00:00,STN_001,Central Hub,4,9,0,1,565,448,1128,1200,94.0,Critical
2026-08-21 09:00:00,STN_002,Tech Park,4,9,0,1,458,385,832,1000,83.2,High
2026-08-21 09:00:00,STN_003,Airport Terminal,4,9,0,0,334,365,783,1500,52.2,Medium
2026-08-21 09:00:00,STN_004,City Center,4,9,0,0,214,177,455,1100,41.4,Low
2026-08-21 09:00:00,STN_005,University Junction,4,9,0,1,247,204,511,900,56.8,Medium
2026-08-21 09:00:00,STN_006,Financial District,4,9,0,1,432,332,909,1300,69.9,Medium
2026-08-21 10:00:00,STN_001,Central Hub,4,10,0,1,420,342,1009,1200,84.1,High
2026-08-21 10:00:00,STN_002,Tech Park,4,10,0,0,187,178,395,1000,39.5,Low
2026-08-21 10:00:00,STN_003,Airport Terminal,4,10,0,0,288,324,652,1500,43.5,Low
2026-08-21 10:00:00,STN_004,City Center,4,10,0,0,275,198,528,1100,48.0,Medium
2026-08-21 10:00:00,STN_005,University Junction,4,10,0,0,153,132,304,900,33.8,Low
2026-08-21 10:00:00,STN_006,Financial District,4,10,0,0,198,120,350,1300,26.9,Low
2026-08-21 11:00:00,STN_001,Central Hub,4,11,0,0,135,94,301,1200,25.1,Low
2026-08-21 11:00:00,STN_002,Tech Park,4,11,0,0,212,148,414,1000,41.4,Low
2026-08-21 11:00:00,STN_003,Airport Terminal,4,11,0,1,495,461,1157,1500,77.1,High
2026-08-21 11:00:00,STN_004,City Center,4,11,0,0,306,220,530,1100,48.2,Medium
2026-08-21 11:00:00,STN_005,University Junction,4,11,0,0,108,78,209,900,23.2,Low
2026-08-21 11:00:00,STN_006,Financial District,4,11,0,0,169,194,395,1300,30.4,Low
2026-08-21 12:00:00,STN_001,Central Hub,4,12,0,0,157,105,316,1200,26.3,Low
2026-08-21 12:00:00,STN_002,Tech Park,4,12,0,0,184,148,403,1000,40.3,Low
2026-08-21 12:00:00,STN_003,Airport Terminal,4,12,0,1,449,494,1079,1500,71.9,High
2026-08-21 12:00:00,STN_004,City Center,4,12,0,0,261,187,457,1100,41.5,Low
2026-08-21 12:00:00,STN_005,University Junction,4,12,0,0,135,90,294,900,32.7,Low
2026-08-21 12:00:00,STN_006,Financial District,4,12,0,0,275,185,506,1300,38.9,Low
2026-08-21 13:00:00,STN_001,Central Hub,4,13,0,0,300,209,532,1200,44.3,Low
2026-08-21 13:00:00,STN_002,Tech Park,4,13,0,0,184,111,338,1000,33.8,Low
2026-08-21 13:00:00,STN_003,Airport Terminal,4,13,0,1,686,570,1172,1500,78.1,High
2026-08-21 13:00:00,STN_004,City Center,4,13,0,0,226,205,561,1100,51.0,Medium
2026-08-21 13:00:00,STN_005,University Junction,4,13,0,0,169,120,300,900,33.3,Low
2026-08-21 13:00:00,STN_006,Financial District,4,13,0,0,129,96,279,1300,21.5,Low
2026-08-21 14:00:00,STN_001,Central Hub,4,14,0,0,216,152,418,1200,34.8,Low
2026-08-21 14:00:00,STN_002,Tech Park,4,14,0,0,121,142,286,1000,28.6,Low
2026-08-21 14:00:00,STN_003,Airport Terminal,4,14,0,1,642,484,1185,1500,79.0,High
2026-08-21 14:00:00,STN_004,City Center,4,14,0,0,174,203,409,1100,37.2,Low
2026-08-21 14:00:00,STN_005,University Junction,4,14,0,0,200,164,351,900,39.0,Low
2026-08-21 14:00:00,STN_006,Financial District,4,14,0,0,178,151,372,1300,28.6,Low
2026-08-21 15:00:00,STN_001,Central Hub,4,15,0,0,320,229,534,1200,44.5,Low
2026-08-21 15:00:00,STN_002,Tech Park,4,15,0,0,191,124,365,1000,36.5,Low
2026-08-21 15:00:00,STN_003,Airport Terminal,4,15,0,1,575,498,1068,1500,71.2,High
2026-08-21 15:00:00,STN_004,City Center,4,15,0,0,279,233,485,1100,44.1,Low
2026-08-21 15:00:00,STN_005,University Junction,4,15,0,0,141,160,338,900,37.6,Low
2026-08-21 15:00:00,STN_006,Financial District,4,15,0,0,226,127,396,1300,30.5,Low
2026-08-21 16:00:00,STN_001,Central Hub,4,16,0,0,251,191,474,1200,39.5,Low
2026-08-21 16:00:00,STN_002,Tech Park,4,16,0,0,166,119,373,1000,37.3,Low
2026-08-21 16:00:00,STN_003,Airport Terminal,4,16,0,0,409,397,862,1500,57.5,Medium
2026-08-21 16:00:00,STN_004,City Center,4,16,0,1,433,366,904,1100,82.2,High
2026-08-21 16:00:00,STN_005,University Junction,4,16,0,0,99,112,233,900,25.9,Low
2026-08-21 16:00:00,STN_006,Financial District,4,16,0,0,245,199,472,1300,36.3,Low
2026-08-21 17:00:00,STN_001,Central Hub,4,17,0,1,535,383,1041,1200,86.8,Critical
2026-08-21 17:00:00,STN_002,Tech Park,4,17,0,0,116,77,247,1000,24.7,Low
2026-08-21 17:00:00,STN_003,Airport Terminal,4,17,0,0,491,293,826,1500,55.1,Medium
2026-08-21 17:00:00,STN_004,City Center,4,17,0,1,398,370,933,1100,84.8,High
2026-08-21 17:00:00,STN_005,University Junction,4,17,0,1,267,245,611,900,67.9,Medium
2026-08-21 17:00:00,STN_006,Financial District,4,17,0,1,403,335,755,1300,58.1,Medium
2026-08-21 18:00:00,STN_001,Central Hub,4,18,0,1,510,453,1097,1200,91.4,Critical
2026-08-21 18:00:00,STN_002,Tech Park,4,18,0,1,428,293,923,1000,92.3,Critical
2026-08-21 18:00:00,STN_003,Airport Terminal,4,18,0,0,472,373,864,1500,57.6,Medium
2026-08-21 18:00:00,STN_004,City Center,4,18,0,1,331,287,799,1100,72.6,High
2026-08-21 18:00:00,STN_005,University Junction,4,18,0,1,351,265,630,900,70.0,High
2026-08-21 18:00:00,STN_006,Financial District,4,18,0,1,533,353,926,1300,71.2,High
2026-08-21 19:00:00,STN_001,Central Hub,4,19,0,1,436,401,980,1200,81.7,High
2026-08-21 19:00:00,STN_002,Tech Park,4,19,0,0,226,199,401,1000,40.1,Low
2026-08-21 19:00:00,STN_003,Airport Terminal,4,19,0,0,451,307,789,1500,52.6,Medium
2026-08-21 19:00:00,STN_004,City Center,4,19,0,1,465,279,822,1100,74.7,High
2026-08-21 19:00:00,STN_005,University Junction,4,19,0,0,168,103,324,900,36.0,Low
2026-08-21 19:00:00,STN_006,Financial District,4,19,0,0,148,111,349,1300,26.8,Low
2026-08-21 20:00:00,STN_001,Central Hub,4,20,0,0,234,146,424,1200,35.3,Low
2026-08-21 20:00:00,STN_002,Tech Park,4,20,0,0,120,109,245,1000,24.5,Low
2026-08-21 20:00:00,STN_003,Airport Terminal,4,20,0,0,262,297,650,1500,43.3,Low
2026-08-21 20:00:00,STN_004,City Center,4,20,0,1,473,345,864,1100,78.5,High
2026-08-21 20:00:00,STN_005,University Junction,4,20,0,0,158,105,301,900,33.4,Low
2026-08-21 20:00:00,STN_006,Financial District,4,20,0,0,109,112,271,1300,20.8,Low
2026-08-21 21:00:00,STN_001,Central Hub,4,21,0,0,258,209,444,1200,37.0,Low
2026-08-21 21:00:00,STN_002,Tech Park,4,21,0,0,139,106,255,1000,25.5,Low
2026-08-21 21:00:00,STN_003,Airport Terminal,4,21,0,0,290,266,633,1500,42.2,Low
2026-08-21 21:00:00,STN_004,City Center,4,21,0,0,246,168,555,1100,50.5,Medium
2026-08-21 21:00:00,STN_005,University Junction,4,21,0,0,146,108,320,900,35.6,Low
2026-08-21 21:00:00,STN_006,Financial District,4,21,0,0,219,134,384,1300,29.5,Low
2026-08-21 22:00:00,STN_001,Central Hub,4,22,0,0,264,283,582,1200,48.5,Medium
2026-08-21 22:00:00,STN_002,Tech Park,4,22,0,0,248,186,420,1000,42.0,Low
2026-08-21 22:00:00,STN_003,Airport Terminal,4,22,0,0,383,277,898,1500,59.9,Medium
2026-08-21 22:00:00,STN_004,City Center,4,22,0,0,258,214,523,1100,47.5,Medium
2026-08-21 22:00:00,STN_005,University Junction,4,22,0,0,156,118,309,900,34.3,Low
2026-08-21 22:00:00,STN_006,Financial District,4,22,0,0,190,154,395,1300,30.4,Low
2026-08-22 06:00:00,STN_001,Central Hub,5,6,1,0,211,186,393,1200,32.8,Low
2026-08-22 06:00:00,STN_002,Tech Park,5,6,1,0,111,77,238,1000,23.8,Low
2026-08-22 06:00:00,STN_003,Airport Terminal,5,6,1,0,399,251,730,1500,48.7,Medium
2026-08-22 06:00:00,STN_004,City Center,5,6,1,0,293,150,498,1100,45.3,Medium
2026-08-22 06:00:00,STN_005,University Junction,5,6,1,0,143,140,335,900,37.2,Low
2026-08-22 06:00:00,STN_006,Financial District,5,6,1,0,217,187,398,1300,30.6,Low
2026-08-22 07:00:00,STN_001,Central Hub,5,7,1,0,309,214,584,1200,48.7,Medium
2026-08-22 07:00:00,STN_002,Tech Park,5,7,1,0,114,74,231,1000,23.1,Low
2026-08-22 07:00:00,STN_003,Airport Terminal,5,7,1,0,341,197,622,1500,41.5,Low
2026-08-22 07:00:00,STN_004,City Center,5,7,1,0,200,130,354,1100,32.2,Low
2026-08-22 07:00:00,STN_005,University Junction,5,7,1,0,126,91,245,900,27.2,Low
2026-08-22 07:00:00,STN_006,Financial District,5,7,1,0,236,167,490,1300,37.7,Low
2026-08-22 08:00:00,STN_001,Central Hub,5,8,1,0,153,103,315,1200,26.2,Low
2026-08-22 08:00:00,STN_002,Tech Park,5,8,1,0,146,95,269,1000,26.9,Low
2026-08-22 08:00:00,STN_003,Airport Terminal,5,8,1,0,447,318,876,1500,58.4,Medium
2026-08-22 08:00:00,STN_004,City Center,5,8,1,0,204,171,430,1100,39.1,Low
2026-08-22 08:00:00,STN_005,University Junction,5,8,1,0,93,87,194,900,21.6,Low
2026-08-22 08:00:00,STN_006,Financial District,5,8,1,0,218,184,434,1300,33.4,Low
2026-08-22 09:00:00,STN_001,Central Hub,5,9,1,0,296,163,545,1200,45.4,Medium
2026-08-22 09:00:00,STN_002,Tech Park,5,9,1,0,163,127,391,1000,39.1,Low
2026-08-22 09:00:00,STN_003,Airport Terminal,5,9,1,0,337,284,779,1500,51.9,Medium
2026-08-22 09:00:00,STN_004,City Center,5,9,1,0,297,250,590,1100,53.6,Medium
2026-08-22 09:00:00,STN_005,University Junction,5,9,1,0,124,132,270,900,30.0,Low
2026-08-22 09:00:00,STN_006,Financial District,5,9,1,0,258,202,509,1300,39.2,Low
2026-08-22 10:00:00,STN_001,Central Hub,5,10,1,0,172,128,314,1200,26.2,Low
2026-08-22 10:00:00,STN_002,Tech Park,5,10,1,0,167,124,310,1000,31.0,Low
2026-08-22 10:00:00,STN_003,Airport Terminal,5,10,1,0,390,326,720,1500,48.0,Medium
2026-08-22 10:00:00,STN_004,City Center,5,10,1,0,240,199,498,1100,45.3,Medium
2026-08-22 10:00:00,STN_005,University Junction,5,10,1,0,184,167,344,900,38.2,Low
2026-08-22 10:00:00,STN_006,Financial District,5,10,1,0,119,105,284,1300,21.8,Low
2026-08-22 11:00:00,STN_001,Central Hub,5,11,1,0,224,164,461,1200,38.4,Low
2026-08-22 11:00:00,STN_002,Tech Park,5,11,1,0,101,75,214,1000,21.4,Low
2026-08-22 11:00:00,STN_003,Airport Terminal,5,11,1,1,510,387,1038,1500,69.2,Medium
2026-08-22 11:00:00,STN_004,City Center,5,11,1,0,163,170,361,1100,32.8,Low
2026-08-22 11:00:00,STN_005,University Junction,5,11,1,0,95,115,236,900,26.2,Low
2026-08-22 11:00:00,STN_006,Financial District,5,11,1,0,162,140,282,1300,21.7,Low
2026-08-22 12:00:00,STN_001,Central Hub,5,12,1,0,212,150,406,1200,33.8,Low
2026-08-22 12:00:00,STN_002,Tech Park,5,12,1,0,228,120,390,1000,39.0,Low
2026-08-22 12:00:00,STN_003,Airport Terminal,5,12,1,1,646,441,1156,1500,77.1,High
2026-08-22 12:00:00,STN_004,City Center,5,12,1,0,322,289,594,1100,54.0,Medium
2026-08-22 12:00:00,STN_005,University Junction,5,12,1,0,145,104,243,900,27.0,Low
2026-08-22 12:00:00,STN_006,Financial District,5,12,1,0,186,107,354,1300,27.2,Low
2026-08-22 13:00:00,STN_001,Central Hub,5,13,1,0,204,192,465,1200,38.8,Low
2026-08-22 13:00:00,STN_002,Tech Park,5,13,1,0,143,98,274,1000,27.4,Low
2026-08-22 13:00:00,STN_003,Airport Terminal,5,13,1,1,553,330,1006,1500,67.1,Medium
2026-08-22 13:00:00,STN_004,City Center,5,13,1,0,341,232,577,1100,52.5,Medium
2026-08-22 13:00:00,STN_005,University Junction,5,13,1,0,125,101,312,900,34.7,Low
2026-08-22 13:00:00,STN_006,Financial District,5,13,1,0,123,100,263,1300,20.2,Low
2026-08-22 14:00:00,STN_001,Central Hub,5,14,1,0,171,135,404,1200,33.7,Low
2026-08-22 14:00:00,STN_002,Tech Park,5,14,1,0,136,104,283,1000,28.3,Low
2026-08-22 14:00:00,STN_003,Airport Terminal,5,14,1,1,531,412,1176,1500,78.4,High
2026-08-22 14:00:00,STN_004,City Center,5,14,1,0,252,223,449,1100,40.8,Low
2026-08-22 14:00:00,STN_005,University Junction,5,14,1,0,86,86,206,900,22.9,Low
2026-08-22 14:00:00,STN_006,Financial District,5,14,1,0,179,130,416,1300,32.0,Low
2026-08-22 15:00:00,STN_001,Central Hub,5,15,1,0,126,110,302,1200,25.2,Low
2026-08-22 15:00:00,STN_002,Tech Park,5,15,1,0,144,143,299,1000,29.9,Low
2026-08-22 15:00:00,STN_003,Airport Terminal,5,15,1,1,591,528,1139,1500,75.9,High
2026-08-22 15:00:00,STN_004,City Center,5,15,1,0,251,174,451,1100,41.0,Low
2026-08-22 15:00:00,STN_005,University Junction,5,15,1,0,175,124,321,900,35.7,Low
2026-08-22 15:00:00,STN_006,Financial District,5,15,1,0,289,172,493,1300,37.9,Low
2026-08-22 16:00:00,STN_001,Central Hub,5,16,1,0,351,281,591,1200,49.2,Medium
2026-08-22 16:00:00,STN_002,Tech Park,5,16,1,0,136,99,299,1000,29.9,Low
2026-08-22 16:00:00,STN_003,Airport Terminal,5,16,1,0,390,389,812,1500,54.1,Medium
2026-08-22 16:00:00,STN_004,City Center,5,16,1,1,556,392,938,1100,85.3,Critical
2026-08-22 16:00:00,STN_005,University Junction,5,16,1,0,151,149,352,900,39.1,Low
2026-08-22 16:00:00,STN_006,Financial District,5,16,1,0,209,133,437,1300,33.6,Low
2026-08-22 17:00:00,STN_001,Central Hub,5,17,1,0,201,216,434,1200,36.2,Low
2026-08-22 17:00:00,STN_002,Tech Park,5,17,1,0,226,149,428,1000,42.8,Low
2026-08-22 17:00:00,STN_003,Airport Terminal,5,17,1,0,404,384,872,1500,58.1,Medium
2026-08-22 17:00:00,STN_004,City Center,5,17,1,1,446,386,939,1100,85.4,Critical
2026-08-22 17:00:00,STN_005,University Junction,5,17,1,0,128,133,304,900,33.8,Low
2026-08-22 17:00:00,STN_006,Financial District,5,17,1,0,260,215,497,1300,38.2,Low
2026-08-22 18:00:00,STN_001,Central Hub,5,18,1,0,244,220,462,1200,38.5,Low
2026-08-22 18:00:00,STN_002,Tech Park,5,18,1,0,183,135,350,1000,35.0,Low
2026-08-22 18:00:00,STN_003,Airport Terminal,5,18,1,0,273,283,668,1500,44.5,Low
2026-08-22 18:00:00,STN_004,City Center,5,18,1,1,516,444,949,1100,86.3,Critical
2026-08-22 18:00:00,STN_005,University Junction,5,18,1,0,152,151,314,900,34.9,Low
2026-08-22 18:00:00,STN_006,Financial District,5,18,1,0,187,165,347,1300,26.7,Low
2026-08-22 19:00:00,STN_001,Central Hub,5,19,1,0,177,211,432,1200,36.0,Low
2026-08-22 19:00:00,STN_002,Tech Park,5,19,1,0,183,210,439,1000,43.9,Low
2026-08-22 19:00:00,STN_003,Airport Terminal,5,19,1,0,321,291,761,1500,50.7,Medium
2026-08-22 19:00:00,STN_004,City Center,5,19,1,1,350,391,809,1100,73.5,High
2026-08-22 19:00:00,STN_005,University Junction,5,19,1,0,101,70,193,900,21.4,Low
2026-08-22 19:00:00,STN_006,Financial District,5,19,1,0,141,167,349,1300,26.8,Low
2026-08-22 20:00:00,STN_001,Central Hub,5,20,1,0,174,134,432,1200,36.0,Low
2026-08-22 20:00:00,STN_002,Tech Park,5,20,1,0,191,113,330,1000,33.0,Low
2026-08-22 20:00:00,STN_003,Airport Terminal,5,20,1,0,368,295,702,1500,46.8,Medium
2026-08-22 20:00:00,STN_004,City Center,5,20,1,1,470,368,927,1100,84.3,High
2026-08-22 20:00:00,STN_005,University Junction,5,20,1,0,111,82,233,900,25.9,Low
2026-08-22 20:00:00,STN_006,Financial District,5,20,1,0,183,176,408,1300,31.4,Low
2026-08-22 21:00:00,STN_001,Central Hub,5,21,1,0,173,148,365,1200,30.4,Low
2026-08-22 21:00:00,STN_002,Tech Park,5,21,1,0,144,79,259,1000,25.9,Low
2026-08-22 21:00:00,STN_003,Airport Terminal,5,21,1,0,428,304,842,1500,56.1,Medium
2026-08-22 21:00:00,STN_004,City Center,5,21,1,0,175,125,372,1100,33.8,Low
2026-08-22 21:00:00,STN_005,University Junction,5,21,1,0,114,101,260,900,28.9,Low
2026-08-22 21:00:00,STN_006,Financial District,5,21,1,0,125,122,290,1300,22.3,Low
2026-08-22 22:00:00,STN_001,Central Hub,5,22,1,0,168,137,353,1200,29.4,Low
2026-08-22 22:00:00,STN_002,Tech Park,5,22,1,0,210,147,425,1000,42.5,Low
2026-08-22 22:00:00,STN_003,Airport Terminal,5,22,1,0,436,326,805,1500,53.7,Medium
2026-08-22 22:00:00,STN_004,City Center,5,22,1,0,222,146,429,1100,39.0,Low
2026-08-22 22:00:00,STN_005,University Junction,5,22,1,0,139,151,316,900,35.1,Low
2026-08-22 22:00:00,STN_006,Financial District,5,22,1,0,142,130,342,1300,26.3,Low
2026-08-23 06:00:00,STN_001,Central Hub,6,6,1,0,253,170,477,1200,39.8,Low
2026-08-23 06:00:00,STN_002,Tech Park,6,6,1,0,156,130,345,1000,34.5,Low
2026-08-23 06:00:00,STN_003,Airport Terminal,6,6,1,0,346,233,664,1500,44.3,Low
2026-08-23 06:00:00,STN_004,City Center,6,6,1,0,162,142,393,1100,35.7,Low
2026-08-23 06:00:00,STN_005,University Junction,6,6,1,0,111,107,220,900,24.4,Low
2026-08-23 06:00:00,STN_006,Financial District,6,6,1,0,181,182,372,1300,28.6,Low
2026-08-23 07:00:00,STN_001,Central Hub,6,7,1,0,324,226,564,1200,47.0,Medium
2026-08-23 07:00:00,STN_002,Tech Park,6,7,1,0,111,125,253,1000,25.3,Low
2026-08-23 07:00:00,STN_003,Airport Terminal,6,7,1,0,371,273,631,1500,42.1,Low
2026-08-23 07:00:00,STN_004,City Center,6,7,1,0,266,180,576,1100,52.4,Medium
2026-08-23 07:00:00,STN_005,University Junction,6,7,1,0,138,159,335,900,37.2,Low
2026-08-23 07:00:00,STN_006,Financial District,6,7,1,0,219,170,414,1300,31.8,Low
2026-08-23 08:00:00,STN_001,Central Hub,6,8,1,0,220,162,523,1200,43.6,Low
2026-08-23 08:00:00,STN_002,Tech Park,6,8,1,0,119,102,295,1000,29.5,Low
2026-08-23 08:00:00,STN_003,Airport Terminal,6,8,1,0,471,380,826,1500,55.1,Medium
2026-08-23 08:00:00,STN_004,City Center,6,8,1,0,263,220,464,1100,42.2,Low
2026-08-23 08:00:00,STN_005,University Junction,6,8,1,0,139,145,329,900,36.6,Low
2026-08-23 08:00:00,STN_006,Financial District,6,8,1,0,150,98,310,1300,23.8,Low
2026-08-23 09:00:00,STN_001,Central Hub,6,9,1,0,185,107,358,1200,29.8,Low
2026-08-23 09:00:00,STN_002,Tech Park,6,9,1,0,236,205,443,1000,44.3,Low
2026-08-23 09:00:00,STN_003,Airport Terminal,6,9,1,0,530,435,889,1500,59.3,Medium
2026-08-23 09:00:00,STN_004,City Center,6,9,1,0,262,163,494,1100,44.9,Low
2026-08-23 09:00:00,STN_005,University Junction,6,9,1,0,175,159,352,900,39.1,Low
2026-08-23 09:00:00,STN_006,Financial District,6,9,1,0,179,121,356,1300,27.4,Low
2026-08-23 10:00:00,STN_001,Central Hub,6,10,1,0,246,209,531,1200,44.2,Low
2026-08-23 10:00:00,STN_002,Tech Park,6,10,1,0,143,108,273,1000,27.3,Low
2026-08-23 10:00:00,STN_003,Airport Terminal,6,10,1,0,304,348,723,1500,48.2,Medium
2026-08-23 10:00:00,STN_004,City Center,6,10,1,0,167,182,377,1100,34.3,Low
2026-08-23 10:00:00,STN_005,University Junction,6,10,1,0,170,146,342,900,38.0,Low
2026-08-23 10:00:00,STN_006,Financial District,6,10,1,0,161,100,317,1300,24.4,Low
2026-08-23 11:00:00,STN_001,Central Hub,6,11,1,0,155,119,363,1200,30.2,Low
2026-08-23 11:00:00,STN_002,Tech Park,6,11,1,0,120,84,238,1000,23.8,Low
2026-08-23 11:00:00,STN_003,Airport Terminal,6,11,1,1,598,491,1087,1500,72.5,High
2026-08-23 11:00:00,STN_004,City Center,6,11,1,0,200,194,482,1100,43.8,Low
2026-08-23 11:00:00,STN_005,University Junction,6,11,1,0,151,119,326,900,36.2,Low
2026-08-23 11:00:00,STN_006,Financial District,6,11,1,0,184,174,448,1300,34.5,Low
2026-08-23 12:00:00,STN_001,Central Hub,6,12,1,0,229,184,558,1200,46.5,Medium
2026-08-23 12:00:00,STN_002,Tech Park,6,12,1,0,185,132,371,1000,37.1,Low
2026-08-23 12:00:00,STN_003,Airport Terminal,6,12,1,1,635,399,1176,1500,78.4,High
2026-08-23 12:00:00,STN_004,City Center,6,12,1,0,291,206,499,1100,45.4,Medium
2026-08-23 12:00:00,STN_005,University Junction,6,12,1,0,135,83,260,900,28.9,Low
2026-08-23 12:00:00,STN_006,Financial District,6,12,1,0,254,180,443,1300,34.1,Low
2026-08-23 13:00:00,STN_001,Central Hub,6,13,1,0,237,182,473,1200,39.4,Low
2026-08-23 13:00:00,STN_002,Tech Park,6,13,1,0,161,197,398,1000,39.8,Low
2026-08-23 13:00:00,STN_003,Airport Terminal,6,13,1,1,551,382,1229,1500,81.9,High
2026-08-23 13:00:00,STN_004,City Center,6,13,1,0,297,229,519,1100,47.2,Medium
2026-08-23 13:00:00,STN_005,University Junction,6,13,1,0,186,116,348,900,38.7,Low
2026-08-23 13:00:00,STN_006,Financial District,6,13,1,0,215,146,449,1300,34.5,Low
2026-08-23 14:00:00,STN_001,Central Hub,6,14,1,0,240,227,524,1200,43.7,Low
2026-08-23 14:00:00,STN_002,Tech Park,6,14,1,0,101,87,212,1000,21.2,Low
2026-08-23 14:00:00,STN_003,Airport Terminal,6,14,1,1,578,403,1016,1500,67.7,Medium
2026-08-23 14:00:00,STN_004,City Center,6,14,1,0,230,140,404,1100,36.7,Low
2026-08-23 14:00:00,STN_005,University Junction,6,14,1,0,97,84,200,900,22.2,Low
2026-08-23 14:00:00,STN_006,Financial District,6,14,1,0,237,190,451,1300,34.7,Low
2026-08-23 15:00:00,STN_001,Central Hub,6,15,1,0,197,158,355,1200,29.6,Low
2026-08-23 15:00:00,STN_002,Tech Park,6,15,1,0,109,74,224,1000,22.4,Low
2026-08-23 15:00:00,STN_003,Airport Terminal,6,15,1,1,464,476,1022,1500,68.1,Medium
2026-08-23 15:00:00,STN_004,City Center,6,15,1,0,235,196,585,1100,53.2,Medium
2026-08-23 15:00:00,STN_005,University Junction,6,15,1,0,108,67,195,900,21.7,Low
2026-08-23 15:00:00,STN_006,Financial District,6,15,1,0,144,140,308,1300,23.7,Low
2026-08-23 16:00:00,STN_001,Central Hub,6,16,1,0,272,218,550,1200,45.8,Medium
2026-08-23 16:00:00,STN_002,Tech Park,6,16,1,0,153,155,318,1000,31.8,Low
2026-08-23 16:00:00,STN_003,Airport Terminal,6,16,1,0,328,321,658,1500,43.9,Low
2026-08-23 16:00:00,STN_004,City Center,6,16,1,1,525,313,916,1100,83.3,High
2026-08-23 16:00:00,STN_005,University Junction,6,16,1,0,112,62,198,900,22.0,Low
2026-08-23 16:00:00,STN_006,Financial District,6,16,1,0,223,207,480,1300,36.9,Low
2026-08-23 17:00:00,STN_001,Central Hub,6,17,1,0,190,203,449,1200,37.4,Low
2026-08-23 17:00:00,STN_002,Tech Park,6,17,1,0,93,86,220,1000,22.0,Low
2026-08-23 17:00:00,STN_003,Airport Terminal,6,17,1,0,428,430,865,1500,57.7,Medium
2026-08-23 17:00:00,STN_004,City Center,6,17,1,1,487,420,967,1100,87.9,Critical
2026-08-23 17:00:00,STN_005,University Junction,6,17,1,0,126,75,215,900,23.9,Low
2026-08-23 17:00:00,STN_006,Financial District,6,17,1,0,207,186,461,1300,35.5,Low
2026-08-23 18:00:00,STN_001,Central Hub,6,18,1,0,177,210,429,1200,35.8,Low
2026-08-23 18:00:00,STN_002,Tech Park,6,18,1,0,226,186,430,1000,43.0,Low
2026-08-23 18:00:00,STN_003,Airport Terminal,6,18,1,0,422,352,761,1500,50.7,Medium
2026-08-23 18:00:00,STN_004,City Center,6,18,1,1,344,338,787,1100,71.5,High
2026-08-23 18:00:00,STN_005,University Junction,6,18,1,0,143,91,294,900,32.7,Low
2026-08-23 18:00:00,STN_006,Financial District,6,18,1,0,250,206,424,1300,32.6,Low
2026-08-23 19:00:00,STN_001,Central Hub,6,19,1,0,210,152,356,1200,29.7,Low
2026-08-23 19:00:00,STN_002,Tech Park,6,19,1,0,153,89,273,1000,27.3,Low
2026-08-23 19:00:00,STN_003,Airport Terminal,6,19,1,0,352,276,636,1500,42.4,Low
2026-08-23 19:00:00,STN_004,City Center,6,19,1,1,454,259,827,1100,75.2,High
2026-08-23 19:00:00,STN_005,University Junction,6,19,1,0,105,110,247,900,27.4,Low
2026-08-23 19:00:00,STN_006,Financial District,6,19,1,0,280,158,472,1300,36.3,Low
2026-08-23 20:00:00,STN_001,Central Hub,6,20,1,0,184,172,347,1200,28.9,Low
2026-08-23 20:00:00,STN_002,Tech Park,6,20,1,0,162,139,352,1000,35.2,Low
2026-08-23 20:00:00,STN_003,Airport Terminal,6,20,1,0,461,359,821,1500,54.7,Medium
2026-08-23 20:00:00,STN_004,City Center,6,20,1,1,426,340,904,1100,82.2,High
2026-08-23 20:00:00,STN_005,University Junction,6,20,1,0,93,89,229,900,25.4,Low
2026-08-23 20:00:00,STN_006,Financial District,6,20,1,0,261,182,466,1300,35.8,Low
2026-08-23 21:00:00,STN_001,Central Hub,6,21,1,0,234,209,519,1200,43.2,Low
2026-08-23 21:00:00,STN_002,Tech Park,6,21,1,0,109,108,221,1000,22.1,Low
2026-08-23 21:00:00,STN_003,Airport Terminal,6,21,1,0,292,225,676,1500,45.1,Medium
2026-08-23 21:00:00,STN_004,City Center,6,21,1,0,182,156,334,1100,30.4,Low
2026-08-23 21:00:00,STN_005,University Junction,6,21,1,0,127,92,249,900,27.7,Low
2026-08-23 21:00:00,STN_006,Financial District,6,21,1,0,269,159,474,1300,36.5,Low
2026-08-23 22:00:00,STN_001,Central Hub,6,22,1,0,152,130,317,1200,26.4,Low
2026-08-23 22:00:00,STN_002,Tech Park,6,22,1,0,169,142,351,1000,35.1,Low
2026-08-23 22:00:00,STN_003,Airport Terminal,6,22,1,0,412,362,799,1500,53.3,Medium
2026-08-23 22:00:00,STN_004,City Center,6,22,1,0,153,151,346,1100,31.5,Low
2026-08-23 22:00:00,STN_005,University Junction,6,22,1,0,149,81,253,900,28.1,Low
2026-08-23 22:00:00,STN_006,Financial District,6,22,1,0,285,175,500,1300,38.5,Low
2026-08-24 06:00:00,STN_001,Central Hub,0,6,0,0,200,108,351,1200,29.2,Low
2026-08-24 06:00:00,STN_002,Tech Park,0,6,0,0,188,129,397,1000,39.7,Low
2026-08-24 06:00:00,STN_003,Airport Terminal,0,6,0,0,323,280,774,1500,51.6,Medium
2026-08-24 06:00:00,STN_004,City Center,0,6,0,0,191,195,452,1100,41.1,Low
2026-08-24 06:00:00,STN_005,University Junction,0,6,0,0,156,105,270,900,30.0,Low
2026-08-24 06:00:00,STN_006,Financial District,0,6,0,0,159,187,384,1300,29.5,Low
2026-08-24 07:00:00,STN_001,Central Hub,0,7,0,0,256,205,561,1200,46.8,Medium
2026-08-24 07:00:00,STN_002,Tech Park,0,7,0,0,184,169,396,1000,39.6,Low
2026-08-24 07:00:00,STN_003,Airport Terminal,0,7,0,0,320,272,622,1500,41.5,Low
2026-08-24 07:00:00,STN_004,City Center,0,7,0,0,308,220,568,1100,51.6,Medium
2026-08-24 07:00:00,STN_005,University Junction,0,7,0,0,179,99,330,900,36.7,Low
2026-08-24 07:00:00,STN_006,Financial District,0,7,0,0,214,169,430,1300,33.1,Low
2026-08-24 08:00:00,STN_001,Central Hub,0,8,0,1,570,468,1009,1200,84.1,High
2026-08-24 08:00:00,STN_002,Tech Park,0,8,0,0,198,179,359,1000,35.9,Low
2026-08-24 08:00:00,STN_003,Airport Terminal,0,8,0,0,284,315,679,1500,45.3,Medium
2026-08-24 08:00:00,STN_004,City Center,0,8,0,0,200,146,470,1100,42.7,Low
2026-08-24 08:00:00,STN_005,University Junction,0,8,0,1,240,215,530,900,58.9,Medium
2026-08-24 08:00:00,STN_006,Financial District,0,8,0,1,336,363,746,1300,57.4,Medium
2026-08-24 09:00:00,STN_001,Central Hub,0,9,0,1,477,367,928,1200,77.3,High
2026-08-24 09:00:00,STN_002,Tech Park,0,9,0,1,412,486,977,1000,97.7,Critical
2026-08-24 09:00:00,STN_003,Airport Terminal,0,9,0,0,394,272,694,1500,46.3,Medium
2026-08-24 09:00:00,STN_004,City Center,0,9,0,0,241,207,472,1100,42.9,Low
2026-08-24 09:00:00,STN_005,University Junction,0,9,0,1,286,216,497,900,55.2,Medium
2026-08-24 09:00:00,STN_006,Financial District,0,9,0,1,465,300,805,1300,61.9,Medium
2026-08-24 10:00:00,STN_001,Central Hub,0,10,0,1,452,284,941,1200,78.4,High
2026-08-24 10:00:00,STN_002,Tech Park,0,10,0,0,203,142,441,1000,44.1,Low
2026-08-24 10:00:00,STN_003,Airport Terminal,0,10,0,0,295,349,715,1500,47.7,Medium
2026-08-24 10:00:00,STN_004,City Center,0,10,0,0,192,174,395,1100,35.9,Low
2026-08-24 10:00:00,STN_005,University Junction,0,10,0,0,125,96,281,900,31.2,Low
2026-08-24 10:00:00,STN_006,Financial District,0,10,0,0,126,117,286,1300,22.0,Low
2026-08-24 11:00:00,STN_001,Central Hub,0,11,0,0,308,172,518,1200,43.2,Low
2026-08-24 11:00:00,STN_002,Tech Park,0,11,0,0,139,80,251,1000,25.1,Low
2026-08-24 11:00:00,STN_003,Airport Terminal,0,11,0,1,495,390,1150,1500,76.7,High
2026-08-24 11:00:00,STN_004,City Center,0,11,0,0,242,177,406,1100,36.9,Low
2026-08-24 11:00:00,STN_005,University Junction,0,11,0,0,211,158,359,900,39.9,Low
2026-08-24 11:00:00,STN_006,Financial District,0,11,0,0,206,219,508,1300,39.1,Low
2026-08-24 12:00:00,STN_001,Central Hub,0,12,0,0,239,185,575,1200,47.9,Medium
2026-08-24 12:00:00,STN_002,Tech Park,0,12,0,0,119,105,212,1000,21.2,Low
2026-08-24 12:00:00,STN_003,Airport Terminal,0,12,0,1,623,502,1101,1500,73.4,High
2026-08-24 12:00:00,STN_004,City Center,0,12,0,0,278,192,548,1100,49.8,Medium
2026-08-24 12:00:00,STN_005,University Junction,0,12,0,0,83,61,189,900,21.0,Low
2026-08-24 12:00:00,STN_006,Financial District,0,12,0,0,159,127,341,1300,26.2,Low
2026-08-24 13:00:00,STN_001,Central Hub,0,13,0,0,190,167,454,1200,37.8,Low
2026-08-24 13:00:00,STN_002,Tech Park,0,13,0,0,143,130,308,1000,30.8,Low
2026-08-24 13:00:00,STN_003,Airport Terminal,0,13,0,1,566,398,1003,1500,66.9,Medium
2026-08-24 13:00:00,STN_004,City Center,0,13,0,0,226,177,460,1100,41.8,Low
2026-08-24 13:00:00,STN_005,University Junction,0,13,0,0,146,116,244,900,27.1,Low
2026-08-24 13:00:00,STN_006,Financial District,0,13,0,0,131,127,291,1300,22.4,Low
2026-08-24 14:00:00,STN_001,Central Hub,0,14,0,0,165,152,366,1200,30.5,Low
2026-08-24 14:00:00,STN_002,Tech Park,0,14,0,0,234,181,395,1000,39.5,Low
2026-08-24 14:00:00,STN_003,Airport Terminal,0,14,0,1,543,370,1090,1500,72.7,High
2026-08-24 14:00:00,STN_004,City Center,0,14,0,0,217,174,398,1100,36.2,Low
2026-08-24 14:00:00,STN_005,University Junction,0,14,0,0,164,134,315,900,35.0,Low
2026-08-24 14:00:00,STN_006,Financial District,0,14,0,0,130,96,300,1300,23.1,Low
2026-08-24 15:00:00,STN_001,Central Hub,0,15,0,0,197,155,401,1200,33.4,Low
2026-08-24 15:00:00,STN_002,Tech Park,0,15,0,0,130,147,299,1000,29.9,Low
2026-08-24 15:00:00,STN_003,Airport Terminal,0,15,0,1,544,451,1067,1500,71.1,High
2026-08-24 15:00:00,STN_004,City Center,0,15,0,0,254,229,554,1100,50.4,Medium
2026-08-24 15:00:00,STN_005,University Junction,0,15,0,0,141,154,348,900,38.7,Low
2026-08-24 15:00:00,STN_006,Financial District,0,15,0,0,132,141,327,1300,25.2,Low
2026-08-24 16:00:00,STN_001,Central Hub,0,16,0,0,267,245,530,1200,44.2,Low
2026-08-24 16:00:00,STN_002,Tech Park,0,16,0,0,135,100,298,1000,29.8,Low
2026-08-24 16:00:00,STN_003,Airport Terminal,0,16,0,0,357,385,887,1500,59.1,Medium
2026-08-24 16:00:00,STN_004,City Center,0,16,0,1,458,334,969,1100,88.1,Critical
2026-08-24 16:00:00,STN_005,University Junction,0,16,0,0,126,114,231,900,25.7,Low
2026-08-24 16:00:00,STN_006,Financial District,0,16,0,0,214,140,358,1300,27.5,Low
2026-08-24 17:00:00,STN_001,Central Hub,0,17,0,1,585,484,1090,1200,90.8,Critical
2026-08-24 17:00:00,STN_002,Tech Park,0,17,0,0,110,95,205,1000,20.5,Low
2026-08-24 17:00:00,STN_003,Airport Terminal,0,17,0,0,347,207,620,1500,41.3,Low
2026-08-24 17:00:00,STN_004,City Center,0,17,0,1,420,273,793,1100,72.1,High
2026-08-24 17:00:00,STN_005,University Junction,0,17,0,1,342,323,661,900,73.4,High
2026-08-24 17:00:00,STN_006,Financial District,0,17,0,1,518,406,925,1300,71.2,High
2026-08-24 18:00:00,STN_001,Central Hub,0,18,0,1,447,399,1097,1200,91.4,Critical
2026-08-24 18:00:00,STN_002,Tech Park,0,18,0,1,380,363,821,1000,82.1,High
2026-08-24 18:00:00,STN_003,Airport Terminal,0,18,0,0,424,327,722,1500,48.1,Medium
2026-08-24 18:00:00,STN_004,City Center,0,18,0,1,444,371,795,1100,72.3,High
2026-08-24 18:00:00,STN_005,University Junction,0,18,0,1,268,306,633,900,70.3,High
2026-08-24 18:00:00,STN_006,Financial District,0,18,0,1,509,339,909,1300,69.9,Medium
2026-08-24 19:00:00,STN_001,Central Hub,0,19,0,1,520,472,998,1200,83.2,High
2026-08-24 19:00:00,STN_002,Tech Park,0,19,0,0,120,114,298,1000,29.8,Low
2026-08-24 19:00:00,STN_003,Airport Terminal,0,19,0,0,303,268,738,1500,49.2,Medium
2026-08-24 19:00:00,STN_004,City Center,0,19,0,1,507,420,926,1100,84.2,High
2026-08-24 19:00:00,STN_005,University Junction,0,19,0,0,119,104,216,900,24.0,Low
2026-08-24 19:00:00,STN_006,Financial District,0,19,0,0,269,193,518,1300,39.8,Low
2026-08-24 20:00:00,STN_001,Central Hub,0,20,0,0,192,157,441,1200,36.8,Low
2026-08-24 20:00:00,STN_002,Tech Park,0,20,0,0,173,152,405,1000,40.5,Low
2026-08-24 20:00:00,STN_003,Airport Terminal,0,20,0,0,420,304,735,1500,49.0,Medium
2026-08-24 20:00:00,STN_004,City Center,0,20,0,1,477,428,968,1100,88.0,Critical
2026-08-24 20:00:00,STN_005,University Junction,0,20,0,0,102,91,218,900,24.2,Low
2026-08-24 20:00:00,STN_006,Financial District,0,20,0,0,257,153,432,1300,33.2,Low
2026-08-24 21:00:00,STN_001,Central Hub,0,21,0,0,194,142,349,1200,29.1,Low
2026-08-24 21:00:00,STN_002,Tech Park,0,21,0,0,146,109,287,1000,28.7,Low
2026-08-24 21:00:00,STN_003,Airport Terminal,0,21,0,0,458,400,850,1500,56.7,Medium
2026-08-24 21:00:00,STN_004,City Center,0,21,0,0,231,190,504,1100,45.8,Medium
2026-08-24 21:00:00,STN_005,University Junction,0,21,0,0,102,93,197,900,21.9,Low
2026-08-24 21:00:00,STN_006,Financial District,0,21,0,0,166,140,332,1300,25.5,Low
2026-08-24 22:00:00,STN_001,Central Hub,0,22,0,0,329,242,560,1200,46.7,Medium
2026-08-24 22:00:00,STN_002,Tech Park,0,22,0,0,146,125,341,1000,34.1,Low
2026-08-24 22:00:00,STN_003,Airport Terminal,0,22,0,0,346,277,737,1500,49.1,Medium
2026-08-24 22:00:00,STN_004,City Center,0,22,0,0,221,156,463,1100,42.1,Low
2026-08-24 22:00:00,STN_005,University Junction,0,22,0,0,135,134,276,900,30.7,Low
2026-08-24 22:00:00,STN_006,Financial District,0,22,0,0,177,153,436,1300,33.5,Low
2026-08-25 06:00:00,STN_001,Central Hub,1,6,0,0,163,166,409,1200,34.1,Low
2026-08-25 06:00:00,STN_002,Tech Park,1,6,0,0,111,111,228,1000,22.8,Low
2026-08-25 06:00:00,STN_003,Airport Terminal,1,6,0,0,343,297,688,1500,45.9,Medium
2026-08-25 06:00:00,STN_004,City Center,1,6,0,0,341,234,579,1100,52.6,Medium
2026-08-25 06:00:00,STN_005,University Junction,1,6,0,0,104,95,218,900,24.2,Low
2026-08-25 06:00:00,STN_006,Financial District,1,6,0,0,215,236,506,1300,38.9,Low
2026-08-25 07:00:00,STN_001,Central Hub,1,7,0,0,277,281,595,1200,49.6,Medium
2026-08-25 07:00:00,STN_002,Tech Park,1,7,0,0,162,159,388,1000,38.8,Low
2026-08-25 07:00:00,STN_003,Airport Terminal,1,7,0,0,415,225,719,1500,47.9,Medium
2026-08-25 07:00:00,STN_004,City Center,1,7,0,0,242,134,425,1100,38.6,Low
2026-08-25 07:00:00,STN_005,University Junction,1,7,0,0,200,134,354,900,39.3,Low
2026-08-25 07:00:00,STN_006,Financial District,1,7,0,0,193,130,407,1300,31.3,Low
2026-08-25 08:00:00,STN_001,Central Hub,1,8,0,1,592,331,1099,1200,91.6,Critical
2026-08-25 08:00:00,STN_002,Tech Park,1,8,0,0,221,144,431,1000,43.1,Low
2026-08-25 08:00:00,STN_003,Airport Terminal,1,8,0,0,410,256,805,1500,53.7,Medium
2026-08-25 08:00:00,STN_004,City Center,1,8,0,0,252,220,449,1100,40.8,Low
2026-08-25 08:00:00,STN_005,University Junction,1,8,0,1,387,256,651,900,72.3,High
2026-08-25 08:00:00,STN_006,Financial District,1,8,0,1,389,345,968,1300,74.5,High
2026-08-25 09:00:00,STN_001,Central Hub,1,9,0,1,479,515,1093,1200,91.1,Critical
2026-08-25 09:00:00,STN_002,Tech Park,1,9,0,1,426,294,838,1000,83.8,High
2026-08-25 09:00:00,STN_003,Airport Terminal,1,9,0,0,328,227,690,1500,46.0,Medium
2026-08-25 09:00:00,STN_004,City Center,1,9,0,0,259,152,435,1100,39.5,Low
2026-08-25 09:00:00,STN_005,University Junction,1,9,0,1,323,304,666,900,74.0,High
2026-08-25 09:00:00,STN_006,Financial District,1,9,0,1,391,358,848,1300,65.2,Medium
2026-08-25 10:00:00,STN_001,Central Hub,1,10,0,1,543,429,966,1200,80.5,High
2026-08-25 10:00:00,STN_002,Tech Park,1,10,0,0,166,102,293,1000,29.3,Low
2026-08-25 10:00:00,STN_003,Airport Terminal,1,10,0,0,396,290,761,1500,50.7,Medium
2026-08-25 10:00:00,STN_004,City Center,1,10,0,0,183,170,379,1100,34.5,Low
2026-08-25 10:00:00,STN_005,University Junction,1,10,0,0,102,82,217,900,24.1,Low
2026-08-25 10:00:00,STN_006,Financial District,1,10,0,0,154,121,272,1300,20.9,Low
2026-08-25 11:00:00,STN_001,Central Hub,1,11,0,0,205,165,450,1200,37.5,Low
2026-08-25 11:00:00,STN_002,Tech Park,1,11,0,0,105,78,249,1000,24.9,Low
2026-08-25 11:00:00,STN_003,Airport Terminal,1,11,0,1,691,603,1253,1500,83.5,High
2026-08-25 11:00:00,STN_004,City Center,1,11,0,0,227,134,420,1100,38.2,Low
2026-08-25 11:00:00,STN_005,University Junction,1,11,0,0,128,136,274,900,30.4,Low
2026-08-25 11:00:00,STN_006,Financial District,1,11,0,0,114,121,265,1300,20.4,Low
2026-08-25 12:00:00,STN_001,Central Hub,1,12,0,0,272,284,582,1200,48.5,Medium
2026-08-25 12:00:00,STN_002,Tech Park,1,12,0,0,129,120,292,1000,29.2,Low
2026-08-25 12:00:00,STN_003,Airport Terminal,1,12,0,1,583,352,999,1500,66.6,Medium
2026-08-25 12:00:00,STN_004,City Center,1,12,0,0,158,128,339,1100,30.8,Low
2026-08-25 12:00:00,STN_005,University Junction,1,12,0,0,200,169,348,900,38.7,Low
2026-08-25 12:00:00,STN_006,Financial District,1,12,0,0,215,161,370,1300,28.5,Low
2026-08-25 13:00:00,STN_001,Central Hub,1,13,0,0,198,160,382,1200,31.8,Low
2026-08-25 13:00:00,STN_002,Tech Park,1,13,0,0,124,72,220,1000,22.0,Low
2026-08-25 13:00:00,STN_003,Airport Terminal,1,13,0,1,546,602,1214,1500,80.9,High
2026-08-25 13:00:00,STN_004,City Center,1,13,0,0,314,231,534,1100,48.5,Medium
2026-08-25 13:00:00,STN_005,University Junction,1,13,0,0,126,90,285,900,31.7,Low
2026-08-25 13:00:00,STN_006,Financial District,1,13,0,0,142,145,293,1300,22.5,Low
2026-08-25 14:00:00,STN_001,Central Hub,1,14,0,0,185,147,446,1200,37.2,Low
2026-08-25 14:00:00,STN_002,Tech Park,1,14,0,0,208,172,449,1000,44.9,Low
2026-08-25 14:00:00,STN_003,Airport Terminal,1,14,0,1,598,417,1268,1500,84.5,High
2026-08-25 14:00:00,STN_004,City Center,1,14,0,0,221,216,464,1100,42.2,Low
2026-08-25 14:00:00,STN_005,University Junction,1,14,0,0,110,121,260,900,28.9,Low
2026-08-25 14:00:00,STN_006,Financial District,1,14,0,0,205,220,453,1300,34.8,Low
2026-08-25 15:00:00,STN_001,Central Hub,1,15,0,0,275,248,581,1200,48.4,Medium
2026-08-25 15:00:00,STN_002,Tech Park,1,15,0,0,128,88,231,1000,23.1,Low
2026-08-25 15:00:00,STN_003,Airport Terminal,1,15,0,1,491,368,981,1500,65.4,Medium
2026-08-25 15:00:00,STN_004,City Center,1,15,0,0,198,139,460,1100,41.8,Low
2026-08-25 15:00:00,STN_005,University Junction,1,15,0,0,151,123,294,900,32.7,Low
2026-08-25 15:00:00,STN_006,Financial District,1,15,0,0,138,124,292,1300,22.5,Low
2026-08-25 16:00:00,STN_001,Central Hub,1,16,0,0,256,216,449,1200,37.4,Low
2026-08-25 16:00:00,STN_002,Tech Park,1,16,0,0,138,94,231,1000,23.1,Low
2026-08-25 16:00:00,STN_003,Airport Terminal,1,16,0,0,293,208,609,1500,40.6,Low
2026-08-25 16:00:00,STN_004,City Center,1,16,0,1,370,394,880,1100,80.0,High
2026-08-25 16:00:00,STN_005,University Junction,1,16,0,0,150,111,254,900,28.2,Low
2026-08-25 16:00:00,STN_006,Financial District,1,16,0,0,251,204,448,1300,34.5,Low
2026-08-25 17:00:00,STN_001,Central Hub,1,17,0,1,549,511,1032,1200,86.0,Critical
2026-08-25 17:00:00,STN_002,Tech Park,1,17,0,0,106,69,222,1000,22.2,Low
2026-08-25 17:00:00,STN_003,Airport Terminal,1,17,0,0,313,324,734,1500,48.9,Medium
2026-08-25 17:00:00,STN_004,City Center,1,17,0,1,409,275,858,1100,78.0,High
2026-08-25 17:00:00,STN_005,University Junction,1,17,0,1,219,174,507,900,56.3,Medium
2026-08-25 17:00:00,STN_006,Financial District,1,17,0,1,522,397,878,1300,67.5,Medium
2026-08-25 18:00:00,STN_001,Central Hub,1,18,0,1,567,310,1014,1200,84.5,High
2026-08-25 18:00:00,STN_002,Tech Park,1,18,0,1,438,300,922,1000,92.2,Critical
2026-08-25 18:00:00,STN_003,Airport Terminal,1,18,0,0,453,340,865,1500,57.7,Medium
2026-08-25 18:00:00,STN_004,City Center,1,18,0,1,456,301,795,1100,72.3,High
2026-08-25 18:00:00,STN_005,University Junction,1,18,0,1,235,282,582,900,64.7,Medium
2026-08-25 18:00:00,STN_006,Financial District,1,18,0,1,508,299,869,1300,66.8,Medium
2026-08-25 19:00:00,STN_001,Central Hub,1,19,0,1,499,305,924,1200,77.0,High
2026-08-25 19:00:00,STN_002,Tech Park,1,19,0,0,129,95,267,1000,26.7,Low
2026-08-25 19:00:00,STN_003,Airport Terminal,1,19,0,0,459,315,795,1500,53.0,Medium
2026-08-25 19:00:00,STN_004,City Center,1,19,0,1,525,372,888,1100,80.7,High
2026-08-25 19:00:00,STN_005,University Junction,1,19,0,0,126,75,222,900,24.7,Low
2026-08-25 19:00:00,STN_006,Financial District,1,19,0,0,194,101,332,1300,25.5,Low
2026-08-25 20:00:00,STN_001,Central Hub,1,20,0,0,208,208,438,1200,36.5,Low
2026-08-25 20:00:00,STN_002,Tech Park,1,20,0,0,123,104,230,1000,23.0,Low
2026-08-25 20:00:00,STN_003,Airport Terminal,1,20,0,0,399,386,834,1500,55.6,Medium
2026-08-25 20:00:00,STN_004,City Center,1,20,0,1,457,309,872,1100,79.3,High
2026-08-25 20:00:00,STN_005,University Junction,1,20,0,0,172,150,316,900,35.1,Low
2026-08-25 20:00:00,STN_006,Financial District,1,20,0,0,185,128,397,1300,30.5,Low
2026-08-25 21:00:00,STN_001,Central Hub,1,21,0,0,187,167,379,1200,31.6,Low
2026-08-25 21:00:00,STN_002,Tech Park,1,21,0,0,190,104,342,1000,34.2,Low
2026-08-25 21:00:00,STN_003,Airport Terminal,1,21,0,0,404,327,795,1500,53.0,Medium
2026-08-25 21:00:00,STN_004,City Center,1,21,0,0,245,167,428,1100,38.9,Low
2026-08-25 21:00:00,STN_005,University Junction,1,21,0,0,148,102,270,900,30.0,Low
2026-08-25 21:00:00,STN_006,Financial District,1,21,0,0,246,203,510,1300,39.2,Low
2026-08-25 22:00:00,STN_001,Central Hub,1,22,0,0,166,149,416,1200,34.7,Low
2026-08-25 22:00:00,STN_002,Tech Park,1,22,0,0,101,83,207,1000,20.7,Low
2026-08-25 22:00:00,STN_003,Airport Terminal,1,22,0,0,331,283,813,1500,54.2,Medium
2026-08-25 22:00:00,STN_004,City Center,1,22,0,0,298,174,566,1100,51.5,Medium
2026-08-25 22:00:00,STN_005,University Junction,1,22,0,0,195,160,334,900,37.1,Low
2026-08-25 22:00:00,STN_006,Financial District,1,22,0,0,115,88,267,1300,20.5,Low
2026-08-26 06:00:00,STN_001,Central Hub,2,6,0,0,181,129,351,1200,29.2,Low
2026-08-26 06:00:00,STN_002,Tech Park,2,6,0,0,151,147,363,1000,36.3,Low
2026-08-26 06:00:00,STN_003,Airport Terminal,2,6,0,0,512,394,876,1500,58.4,Medium
2026-08-26 06:00:00,STN_004,City Center,2,6,0,0,224,183,556,1100,50.5,Medium
2026-08-26 06:00:00,STN_005,University Junction,2,6,0,0,84,65,182,900,20.2,Low
2026-08-26 06:00:00,STN_006,Financial District,2,6,0,0,186,154,450,1300,34.6,Low
2026-08-26 07:00:00,STN_001,Central Hub,2,7,0,0,252,162,539,1200,44.9,Low
2026-08-26 07:00:00,STN_002,Tech Park,2,7,0,0,133,96,257,1000,25.7,Low
2026-08-26 07:00:00,STN_003,Airport Terminal,2,7,0,0,281,205,643,1500,42.9,Low
2026-08-26 07:00:00,STN_004,City Center,2,7,0,0,159,154,392,1100,35.6,Low
2026-08-26 07:00:00,STN_005,University Junction,2,7,0,0,112,97,250,900,27.8,Low
2026-08-26 07:00:00,STN_006,Financial District,2,7,0,0,217,198,482,1300,37.1,Low
2026-08-26 08:00:00,STN_001,Central Hub,2,8,0,1,387,298,904,1200,75.3,High
2026-08-26 08:00:00,STN_002,Tech Park,2,8,0,0,149,180,364,1000,36.4,Low
2026-08-26 08:00:00,STN_003,Airport Terminal,2,8,0,0,284,259,638,1500,42.5,Low
2026-08-26 08:00:00,STN_004,City Center,2,8,0,0,222,180,453,1100,41.2,Low
2026-08-26 08:00:00,STN_005,University Junction,2,8,0,1,238,256,580,900,64.4,Medium
2026-08-26 08:00:00,STN_006,Financial District,2,8,0,1,335,306,752,1300,57.8,Medium
2026-08-26 09:00:00,STN_001,Central Hub,2,9,0,1,458,402,941,1200,78.4,High
2026-08-26 09:00:00,STN_002,Tech Park,2,9,0,1,404,412,913,1000,91.3,Critical
2026-08-26 09:00:00,STN_003,Airport Terminal,2,9,0,0,331,293,667,1500,44.5,Low
2026-08-26 09:00:00,STN_004,City Center,2,9,0,0,269,173,523,1100,47.5,Medium
2026-08-26 09:00:00,STN_005,University Junction,2,9,0,1,290,299,665,900,73.9,High
2026-08-26 09:00:00,STN_006,Financial District,2,9,0,1,512,377,949,1300,73.0,High
2026-08-26 10:00:00,STN_001,Central Hub,2,10,0,1,511,362,902,1200,75.2,High
2026-08-26 10:00:00,STN_002,Tech Park,2,10,0,0,146,135,294,1000,29.4,Low
2026-08-26 10:00:00,STN_003,Airport Terminal,2,10,0,0,295,313,632,1500,42.1,Low
2026-08-26 10:00:00,STN_004,City Center,2,10,0,0,204,107,349,1100,31.7,Low
2026-08-26 10:00:00,STN_005,University Junction,2,10,0,0,89,77,200,900,22.2,Low
2026-08-26 10:00:00,STN_006,Financial District,2,10,0,0,191,169,372,1300,28.6,Low
2026-08-26 11:00:00,STN_001,Central Hub,2,11,0,0,318,222,563,1200,46.9,Medium
2026-08-26 11:00:00,STN_002,Tech Park,2,11,0,0,154,97,281,1000,28.1,Low
2026-08-26 11:00:00,STN_003,Airport Terminal,2,11,0,1,709,482,1183,1500,78.9,High
2026-08-26 11:00:00,STN_004,City Center,2,11,0,0,223,162,418,1100,38.0,Low
2026-08-26 11:00:00,STN_005,University Junction,2,11,0,0,93,59,185,900,20.6,Low
2026-08-26 11:00:00,STN_006,Financial District,2,11,0,0,137,103,335,1300,25.8,Low
2026-08-26 12:00:00,STN_001,Central Hub,2,12,0,0,169,132,390,1200,32.5,Low
2026-08-26 12:00:00,STN_002,Tech Park,2,12,0,0,145,124,253,1000,25.3,Low
2026-08-26 12:00:00,STN_003,Airport Terminal,2,12,0,1,605,478,1042,1500,69.5,Medium
2026-08-26 12:00:00,STN_004,City Center,2,12,0,0,206,153,373,1100,33.9,Low
2026-08-26 12:00:00,STN_005,University Junction,2,12,0,0,87,81,203,900,22.6,Low
2026-08-26 12:00:00,STN_006,Financial District,2,12,0,0,264,183,471,1300,36.2,Low
2026-08-26 13:00:00,STN_001,Central Hub,2,13,0,0,189,203,422,1200,35.2,Low
2026-08-26 13:00:00,STN_002,Tech Park,2,13,0,0,114,84,200,1000,20.0,Low
2026-08-26 13:00:00,STN_003,Airport Terminal,2,13,0,1,525,457,993,1500,66.2,Medium
2026-08-26 13:00:00,STN_004,City Center,2,13,0,0,266,189,502,1100,45.6,Medium
2026-08-26 13:00:00,STN_005,University Junction,2,13,0,0,111,106,259,900,28.8,Low
2026-08-26 13:00:00,STN_006,Financial District,2,13,0,0,128,118,274,1300,21.1,Low
2026-08-26 14:00:00,STN_001,Central Hub,2,14,0,0,303,250,544,1200,45.3,Medium
2026-08-26 14:00:00,STN_002,Tech Park,2,14,0,0,146,100,288,1000,28.8,Low
2026-08-26 14:00:00,STN_003,Airport Terminal,2,14,0,1,505,442,1102,1500,73.5,High
2026-08-26 14:00:00,STN_004,City Center,2,14,0,0,148,145,339,1100,30.8,Low
2026-08-26 14:00:00,STN_005,University Junction,2,14,0,0,99,85,204,900,22.7,Low
2026-08-26 14:00:00,STN_006,Financial District,2,14,0,0,217,155,408,1300,31.4,Low
2026-08-26 15:00:00,STN_001,Central Hub,2,15,0,0,185,182,374,1200,31.2,Low
2026-08-26 15:00:00,STN_002,Tech Park,2,15,0,0,133,90,262,1000,26.2,Low
2026-08-26 15:00:00,STN_003,Airport Terminal,2,15,0,1,414,310,1020,1500,68.0,Medium
2026-08-26 15:00:00,STN_004,City Center,2,15,0,0,245,178,446,1100,40.5,Low
2026-08-26 15:00:00,STN_005,University Junction,2,15,0,0,147,120,314,900,34.9,Low
2026-08-26 15:00:00,STN_006,Financial District,2,15,0,0,210,173,427,1300,32.8,Low
2026-08-26 16:00:00,STN_001,Central Hub,2,16,0,0,216,129,416,1200,34.7,Low
2026-08-26 16:00:00,STN_002,Tech Park,2,16,0,0,199,156,400,1000,40.0,Low
2026-08-26 16:00:00,STN_003,Airport Terminal,2,16,0,0,355,243,664,1500,44.3,Low
2026-08-26 16:00:00,STN_004,City Center,2,16,0,1,469,338,904,1100,82.2,High
2026-08-26 16:00:00,STN_005,University Junction,2,16,0,0,144,119,325,900,36.1,Low
2026-08-26 16:00:00,STN_006,Financial District,2,16,0,0,234,183,429,1300,33.0,Low
2026-08-26 17:00:00,STN_001,Central Hub,2,17,0,1,510,437,1091,1200,90.9,Critical
2026-08-26 17:00:00,STN_002,Tech Park,2,17,0,0,226,162,403,1000,40.3,Low
2026-08-26 17:00:00,STN_003,Airport Terminal,2,17,0,0,341,402,815,1500,54.3,Medium
2026-08-26 17:00:00,STN_004,City Center,2,17,0,1,376,280,848,1100,77.1,High
2026-08-26 17:00:00,STN_005,University Junction,2,17,0,1,240,272,588,900,65.3,Medium
2026-08-26 17:00:00,STN_006,Financial District,2,17,0,1,448,266,863,1300,66.4,Medium
2026-08-26 18:00:00,STN_001,Central Hub,2,18,0,1,506,496,1025,1200,85.4,Critical
2026-08-26 18:00:00,STN_002,Tech Park,2,18,0,1,452,308,933,1000,93.3,Critical
2026-08-26 18:00:00,STN_003,Airport Terminal,2,18,0,0,388,383,807,1500,53.8,Medium
2026-08-26 18:00:00,STN_004,City Center,2,18,0,1,495,298,879,1100,79.9,High
2026-08-26 18:00:00,STN_005,University Junction,2,18,0,1,323,279,588,900,65.3,Medium
2026-08-26 18:00:00,STN_006,Financial District,2,18,0,1,494,254,845,1300,65.0,Medium
2026-08-26 19:00:00,STN_001,Central Hub,2,19,0,1,556,460,1139,1200,94.9,Critical
2026-08-26 19:00:00,STN_002,Tech Park,2,19,0,0,162,150,394,1000,39.4,Low
2026-08-26 19:00:00,STN_003,Airport Terminal,2,19,0,0,347,207,673,1500,44.9,Low
2026-08-26 19:00:00,STN_004,City Center,2,19,0,1,420,288,880,1100,80.0,High
2026-08-26 19:00:00,STN_005,University Junction,2,19,0,0,148,121,275,900,30.6,Low
2026-08-26 19:00:00,STN_006,Financial District,2,19,0,0,154,127,343,1300,26.4,Low
2026-08-26 20:00:00,STN_001,Central Hub,2,20,0,0,188,163,467,1200,38.9,Low
2026-08-26 20:00:00,STN_002,Tech Park,2,20,0,0,192,132,400,1000,40.0,Low
2026-08-26 20:00:00,STN_003,Airport Terminal,2,20,0,0,302,343,700,1500,46.7,Medium
2026-08-26 20:00:00,STN_004,City Center,2,20,0,1,336,324,775,1100,70.5,High
2026-08-26 20:00:00,STN_005,University Junction,2,20,0,0,137,110,283,900,31.4,Low
2026-08-26 20:00:00,STN_006,Financial District,2,20,0,0,277,204,468,1300,36.0,Low
2026-08-26 21:00:00,STN_001,Central Hub,2,21,0,0,211,155,450,1200,37.5,Low
2026-08-26 21:00:00,STN_002,Tech Park,2,21,0,0,125,138,308,1000,30.8,Low
2026-08-26 21:00:00,STN_003,Airport Terminal,2,21,0,0,436,394,802,1500,53.5,Medium
2026-08-26 21:00:00,STN_004,City Center,2,21,0,0,203,138,396,1100,36.0,Low
2026-08-26 21:00:00,STN_005,University Junction,2,21,0,0,183,129,353,900,39.2,Low
2026-08-26 21:00:00,STN_006,Financial District,2,21,0,0,112,109,274,1300,21.1,Low
2026-08-26 22:00:00,STN_001,Central Hub,2,22,0,0,199,150,442,1200,36.8,Low
2026-08-26 22:00:00,STN_002,Tech Park,2,22,0,0,147,133,286,1000,28.6,Low
2026-08-26 22:00:00,STN_003,Airport Terminal,2,22,0,0,380,398,897,1500,59.8,Medium
2026-08-26 22:00:00,STN_004,City Center,2,22,0,0,296,210,560,1100,50.9,Medium
2026-08-26 22:00:00,STN_005,University Junction,2,22,0,0,113,87,223,900,24.8,Low
2026-08-26 22:00:00,STN_006,Financial District,2,22,0,0,131,109,277,1300,21.3,Low
2026-08-27 06:00:00,STN_001,Central Hub,3,6,0,0,184,164,352,1200,29.3,Low
2026-08-27 06:00:00,STN_002,Tech Park,3,6,0,0,115,112,230,1000,23.0,Low
2026-08-27 06:00:00,STN_003,Airport Terminal,3,6,0,0,360,276,737,1500,49.1,Medium
2026-08-27 06:00:00,STN_004,City Center,3,6,0,0,225,175,478,1100,43.5,Low
2026-08-27 06:00:00,STN_005,University Junction,3,6,0,0,132,107,234,900,26.0,Low
2026-08-27 06:00:00,STN_006,Financial District,3,6,0,0,189,192,425,1300,32.7,Low
2026-08-27 07:00:00,STN_001,Central Hub,3,7,0,0,191,232,471,1200,39.2,Low
2026-08-27 07:00:00,STN_002,Tech Park,3,7,0,0,146,110,249,1000,24.9,Low
2026-08-27 07:00:00,STN_003,Airport Terminal,3,7,0,0,354,298,686,1500,45.7,Medium
2026-08-27 07:00:00,STN_004,City Center,3,7,0,0,254,200,526,1100,47.8,Medium
2026-08-27 07:00:00,STN_005,University Junction,3,7,0,0,170,123,321,900,35.7,Low
2026-08-27 07:00:00,STN_006,Financial District,3,7,0,0,279,186,509,1300,39.2,Low
2026-08-27 08:00:00,STN_001,Central Hub,3,8,0,1,541,428,1132,1200,94.3,Critical
2026-08-27 08:00:00,STN_002,Tech Park,3,8,0,0,230,192,435,1000,43.5,Low
2026-08-27 08:00:00,STN_003,Airport Terminal,3,8,0,0,337,230,724,1500,48.3,Medium
2026-08-27 08:00:00,STN_004,City Center,3,8,0,0,211,160,485,1100,44.1,Low
2026-08-27 08:00:00,STN_005,University Junction,3,8,0,1,273,308,622,900,69.1,Medium
2026-08-27 08:00:00,STN_006,Financial District,3,8,0,1,434,423,899,1300,69.2,Medium
2026-08-27 09:00:00,STN_001,Central Hub,3,9,0,1,669,453,1126,1200,93.8,Critical
2026-08-27 09:00:00,STN_002,Tech Park,3,9,0,1,422,303,840,1000,84.0,High
2026-08-27 09:00:00,STN_003,Airport Terminal,3,9,0,0,356,318,849,1500,56.6,Medium
2026-08-27 09:00:00,STN_004,City Center,3,9,0,0,160,157,349,1100,31.7,Low
2026-08-27 09:00:00,STN_005,University Junction,3,9,0,1,283,191,516,900,57.3,Medium
2026-08-27 09:00:00,STN_006,Financial District,3,9,0,1,394,257,847,1300,65.2,Medium
2026-08-27 10:00:00,STN_001,Central Hub,3,10,0,1,444,343,993,1200,82.8,High
2026-08-27 10:00:00,STN_002,Tech Park,3,10,0,0,198,159,383,1000,38.3,Low
2026-08-27 10:00:00,STN_003,Airport Terminal,3,10,0,0,356,392,871,1500,58.1,Medium
2026-08-27 10:00:00,STN_004,City Center,3,10,0,0,158,140,354,1100,32.2,Low
2026-08-27 10:00:00,STN_005,University Junction,3,10,0,0,91,96,229,900,25.4,Low
2026-08-27 10:00:00,STN_006,Financial District,3,10,0,0,168,105,336,1300,25.8,Low
2026-08-27 11:00:00,STN_001,Central Hub,3,11,0,0,240,226,525,1200,43.8,Low
2026-08-27 11:00:00,STN_002,Tech Park,3,11,0,0,151,105,254,1000,25.4,Low
2026-08-27 11:00:00,STN_003,Airport Terminal,3,11,0,1,570,373,1061,1500,70.7,High
2026-08-27 11:00:00,STN_004,City Center,3,11,0,0,234,210,486,1100,44.2,Low
2026-08-27 11:00:00,STN_005,University Junction,3,11,0,0,132,108,250,900,27.8,Low
2026-08-27 11:00:00,STN_006,Financial District,3,11,0,0,184,147,334,1300,25.7,Low
2026-08-27 12:00:00,STN_001,Central Hub,3,12,0,0,263,255,573,1200,47.8,Medium
2026-08-27 12:00:00,STN_002,Tech Park,3,12,0,0,212,153,385,1000,38.5,Low
2026-08-27 12:00:00,STN_003,Airport Terminal,3,12,0,1,519,340,1019,1500,67.9,Medium
2026-08-27 12:00:00,STN_004,City Center,3,12,0,0,209,180,377,1100,34.3,Low
2026-08-27 12:00:00,STN_005,University Junction,3,12,0,0,123,121,274,900,30.4,Low
2026-08-27 12:00:00,STN_006,Financial District,3,12,0,0,132,127,287,1300,22.1,Low
2026-08-27 13:00:00,STN_001,Central Hub,3,13,0,0,166,153,364,1200,30.3,Low
2026-08-27 13:00:00,STN_002,Tech Park,3,13,0,0,148,131,293,1000,29.3,Low
2026-08-27 13:00:00,STN_003,Airport Terminal,3,13,0,1,487,497,1015,1500,67.7,Medium
2026-08-27 13:00:00,STN_004,City Center,3,13,0,0,232,232,481,1100,43.7,Low
2026-08-27 13:00:00,STN_005,University Junction,3,13,0,0,141,76,245,900,27.2,Low
2026-08-27 13:00:00,STN_006,Financial District,3,13,0,0,256,153,470,1300,36.2,Low
2026-08-27 14:00:00,STN_001,Central Hub,3,14,0,0,258,188,563,1200,46.9,Medium
2026-08-27 14:00:00,STN_002,Tech Park,3,14,0,0,122,109,238,1000,23.8,Low
2026-08-27 14:00:00,STN_003,Airport Terminal,3,14,0,1,596,386,1131,1500,75.4,High
2026-08-27 14:00:00,STN_004,City Center,3,14,0,0,230,255,553,1100,50.3,Medium
2026-08-27 14:00:00,STN_005,University Junction,3,14,0,0,94,58,190,900,21.1,Low
2026-08-27 14:00:00,STN_006,Financial District,3,14,0,0,190,191,453,1300,34.8,Low
2026-08-27 15:00:00,STN_001,Central Hub,3,15,0,0,145,99,330,1200,27.5,Low
2026-08-27 15:00:00,STN_002,Tech Park,3,15,0,0,98,71,231,1000,23.1,Low
2026-08-27 15:00:00,STN_003,Airport Terminal,3,15,0,1,625,505,1271,1500,84.7,High
2026-08-27 15:00:00,STN_004,City Center,3,15,0,0,279,258,594,1100,54.0,Medium
2026-08-27 15:00:00,STN_005,University Junction,3,15,0,0,121,106,299,900,33.2,Low
2026-08-27 15:00:00,STN_006,Financial District,3,15,0,0,174,173,392,1300,30.2,Low
2026-08-27 16:00:00,STN_001,Central Hub,3,16,0,0,237,179,523,1200,43.6,Low
2026-08-27 16:00:00,STN_002,Tech Park,3,16,0,0,126,134,305,1000,30.5,Low
2026-08-27 16:00:00,STN_003,Airport Terminal,3,16,0,0,379,303,661,1500,44.1,Low
2026-08-27 16:00:00,STN_004,City Center,3,16,0,1,433,315,967,1100,87.9,Critical
2026-08-27 16:00:00,STN_005,University Junction,3,16,0,0,117,105,233,900,25.9,Low
2026-08-27 16:00:00,STN_006,Financial District,3,16,0,0,259,143,435,1300,33.5,Low
2026-08-27 17:00:00,STN_001,Central Hub,3,17,0,1,418,333,1039,1200,86.6,Critical
2026-08-27 17:00:00,STN_002,Tech Park,3,17,0,0,119,73,221,1000,22.1,Low
2026-08-27 17:00:00,STN_003,Airport Terminal,3,17,0,0,447,289,770,1500,51.3,Medium
2026-08-27 17:00:00,STN_004,City Center,3,17,0,1,492,321,860,1100,78.2,High
2026-08-27 17:00:00,STN_005,University Junction,3,17,0,1,272,204,624,900,69.3,Medium
2026-08-27 17:00:00,STN_006,Financial District,3,17,0,1,449,355,897,1300,69.0,Medium
2026-08-27 18:00:00,STN_001,Central Hub,3,18,0,1,586,523,1100,1200,91.7,Critical
2026-08-27 18:00:00,STN_002,Tech Park,3,18,0,1,450,417,930,1000,93.0,Critical
2026-08-27 18:00:00,STN_003,Airport Terminal,3,18,0,0,458,283,839,1500,55.9,Medium
2026-08-27 18:00:00,STN_004,City Center,3,18,0,1,511,311,897,1100,81.5,High
2026-08-27 18:00:00,STN_005,University Junction,3,18,0,1,316,218,538,900,59.8,Medium
2026-08-27 18:00:00,STN_006,Financial District,3,18,0,1,542,341,940,1300,72.3,High
2026-08-27 19:00:00,STN_001,Central Hub,3,19,0,1,465,430,1076,1200,89.7,Critical
2026-08-27 19:00:00,STN_002,Tech Park,3,19,0,0,86,73,201,1000,20.1,Low
2026-08-27 19:00:00,STN_003,Airport Terminal,3,19,0,0,354,362,810,1500,54.0,Medium
2026-08-27 19:00:00,STN_004,City Center,3,19,0,1,422,415,894,1100,81.3,High
2026-08-27 19:00:00,STN_005,University Junction,3,19,0,0,145,124,261,900,29.0,Low
2026-08-27 19:00:00,STN_006,Financial District,3,19,0,0,172,168,366,1300,28.2,Low
2026-08-27 20:00:00,STN_001,Central Hub,3,20,0,0,289,206,495,1200,41.2,Low
2026-08-27 20:00:00,STN_002,Tech Park,3,20,0,0,183,154,382,1000,38.2,Low
2026-08-27 20:00:00,STN_003,Airport Terminal,3,20,0,0,383,300,665,1500,44.3,Low
2026-08-27 20:00:00,STN_004,City Center,3,20,0,1,405,423,935,1100,85.0,Critical
2026-08-27 20:00:00,STN_005,University Junction,3,20,0,0,81,83,201,900,22.3,Low
2026-08-27 20:00:00,STN_006,Financial District,3,20,0,0,134,153,335,1300,25.8,Low
2026-08-27 21:00:00,STN_001,Central Hub,3,21,0,0,186,154,402,1200,33.5,Low
2026-08-27 21:00:00,STN_002,Tech Park,3,21,0,0,191,162,385,1000,38.5,Low
2026-08-27 21:00:00,STN_003,Airport Terminal,3,21,0,0,419,286,794,1500,52.9,Medium
2026-08-27 21:00:00,STN_004,City Center,3,21,0,0,246,164,417,1100,37.9,Low
2026-08-27 21:00:00,STN_005,University Junction,3,21,0,0,170,129,325,900,36.1,Low
2026-08-27 21:00:00,STN_006,Financial District,3,21,0,0,131,97,312,1300,24.0,Low
2026-08-27 22:00:00,STN_001,Central Hub,3,22,0,0,285,213,546,1200,45.5,Medium
2026-08-27 22:00:00,STN_002,Tech Park,3,22,0,0,218,118,379,1000,37.9,Low
2026-08-27 22:00:00,STN_003,Airport Terminal,3,22,0,0,412,345,809,1500,53.9,Medium
2026-08-27 22:00:00,STN_004,City Center,3,22,0,0,191,167,458,1100,41.6,Low
2026-08-27 22:00:00,STN_005,University Junction,3,22,0,0,142,97,256,900,28.4,Low
2026-08-27 22:00:00,STN_006,Financial District,3,22,0,0,113,121,262,1300,20.2,Low
2026-08-28 06:00:00,STN_001,Central Hub,4,6,0,0,296,222,564,1200,47.0,Medium
2026-08-28 06:00:00,STN_002,Tech Park,4,6,0,0,165,111,294,1000,29.4,Low
2026-08-28 06:00:00,STN_003,Airport Terminal,4,6,0,0,318,336,774,1500,51.6,Medium
2026-08-28 06:00:00,STN_004,City Center,4,6,0,0,234,133,399,1100,36.3,Low
2026-08-28 06:00:00,STN_005,University Junction,4,6,0,0,100,58,185,900,20.6,Low
2026-08-28 06:00:00,STN_006,Financial District,4,6,0,0,166,100,324,1300,24.9,Low
2026-08-28 07:00:00,STN_001,Central Hub,4,7,0,0,343,263,595,1200,49.6,Medium
2026-08-28 07:00:00,STN_002,Tech Park,4,7,0,0,223,201,417,1000,41.7,Low
2026-08-28 07:00:00,STN_003,Airport Terminal,4,7,0,0,428,393,837,1500,55.8,Medium
2026-08-28 07:00:00,STN_004,City Center,4,7,0,0,207,172,379,1100,34.5,Low
2026-08-28 07:00:00,STN_005,University Junction,4,7,0,0,126,112,264,900,29.3,Low
2026-08-28 07:00:00,STN_006,Financial District,4,7,0,0,157,158,391,1300,30.1,Low
2026-08-28 08:00:00,STN_001,Central Hub,4,8,0,1,556,375,962,1200,80.2,High
2026-08-28 08:00:00,STN_002,Tech Park,4,8,0,0,150,96,293,1000,29.3,Low
2026-08-28 08:00:00,STN_003,Airport Terminal,4,8,0,0,460,397,868,1500,57.9,Medium
2026-08-28 08:00:00,STN_004,City Center,4,8,0,0,172,138,418,1100,38.0,Low
2026-08-28 08:00:00,STN_005,University Junction,4,8,0,1,355,288,634,900,70.4,High
2026-08-28 08:00:00,STN_006,Financial District,4,8,0,1,319,268,783,1300,60.2,Medium
2026-08-28 09:00:00,STN_001,Central Hub,4,9,0,1,474,422,994,1200,82.8,High
2026-08-28 09:00:00,STN_002,Tech Park,4,9,0,1,384,373,839,1000,83.9,High
2026-08-28 09:00:00,STN_003,Airport Terminal,4,9,0,0,352,236,719,1500,47.9,Medium
2026-08-28 09:00:00,STN_004,City Center,4,9,0,0,229,213,564,1100,51.3,Medium
2026-08-28 09:00:00,STN_005,University Junction,4,9,0,1,230,225,512,900,56.9,Medium
2026-08-28 09:00:00,STN_006,Financial District,4,9,0,1,549,453,919,1300,70.7,High
2026-08-28 10:00:00,STN_001,Central Hub,4,10,0,1,457,430,1018,1200,84.8,High
2026-08-28 10:00:00,STN_002,Tech Park,4,10,0,0,154,107,260,1000,26.0,Low
2026-08-28 10:00:00,STN_003,Airport Terminal,4,10,0,0,274,292,639,1500,42.6,Low
2026-08-28 10:00:00,STN_004,City Center,4,10,0,0,253,256,538,1100,48.9,Medium
2026-08-28 10:00:00,STN_005,University Junction,4,10,0,0,97,64,181,900,20.1,Low
2026-08-28 10:00:00,STN_006,Financial District,4,10,0,0,122,135,297,1300,22.8,Low
2026-08-28 11:00:00,STN_001,Central Hub,4,11,0,0,283,252,541,1200,45.1,Medium
2026-08-28 11:00:00,STN_002,Tech Park,4,11,0,0,116,133,283,1000,28.3,Low
2026-08-28 11:00:00,STN_003,Airport Terminal,4,11,0,1,446,351,1050,1500,70.0,High
2026-08-28 11:00:00,STN_004,City Center,4,11,0,0,323,171,550,1100,50.0,Medium
2026-08-28 11:00:00,STN_005,University Junction,4,11,0,0,120,104,212,900,23.6,Low
2026-08-28 11:00:00,STN_006,Financial District,4,11,0,0,132,119,288,1300,22.2,Low
2026-08-28 12:00:00,STN_001,Central Hub,4,12,0,0,229,183,445,1200,37.1,Low
2026-08-28 12:00:00,STN_002,Tech Park,4,12,0,0,122,90,240,1000,24.0,Low
2026-08-28 12:00:00,STN_003,Airport Terminal,4,12,0,1,652,570,1155,1500,77.0,High
2026-08-28 12:00:00,STN_004,City Center,4,12,0,0,253,199,432,1100,39.3,Low
2026-08-28 12:00:00,STN_005,University Junction,4,12,0,0,113,105,237,900,26.3,Low
2026-08-28 12:00:00,STN_006,Financial District,4,12,0,0,183,171,345,1300,26.5,Low
2026-08-28 13:00:00,STN_001,Central Hub,4,13,0,0,293,179,583,1200,48.6,Medium
2026-08-28 13:00:00,STN_002,Tech Park,4,13,0,0,95,77,217,1000,21.7,Low
2026-08-28 13:00:00,STN_003,Airport Terminal,4,13,0,1,588,529,1080,1500,72.0,High
2026-08-28 13:00:00,STN_004,City Center,4,13,0,0,225,193,550,1100,50.0,Medium
2026-08-28 13:00:00,STN_005,University Junction,4,13,0,0,166,144,358,900,39.8,Low
2026-08-28 13:00:00,STN_006,Financial District,4,13,0,0,263,160,510,1300,39.2,Low
2026-08-28 14:00:00,STN_001,Central Hub,4,14,0,0,172,124,333,1200,27.8,Low
2026-08-28 14:00:00,STN_002,Tech Park,4,14,0,0,217,183,428,1000,42.8,Low
2026-08-28 14:00:00,STN_003,Airport Terminal,4,14,0,1,447,445,1054,1500,70.3,High
2026-08-28 14:00:00,STN_004,City Center,4,14,0,0,262,277,573,1100,52.1,Medium
2026-08-28 14:00:00,STN_005,University Junction,4,14,0,0,111,89,275,900,30.6,Low
2026-08-28 14:00:00,STN_006,Financial District,4,14,0,0,169,89,289,1300,22.2,Low
2026-08-28 15:00:00,STN_001,Central Hub,4,15,0,0,145,133,301,1200,25.1,Low
2026-08-28 15:00:00,STN_002,Tech Park,4,15,0,0,239,150,412,1000,41.2,Low
2026-08-28 15:00:00,STN_003,Airport Terminal,4,15,0,1,449,437,1041,1500,69.4,Medium
2026-08-28 15:00:00,STN_004,City Center,4,15,0,0,271,179,494,1100,44.9,Low
2026-08-28 15:00:00,STN_005,University Junction,4,15,0,0,121,86,271,900,30.1,Low
2026-08-28 15:00:00,STN_006,Financial District,4,15,0,0,186,133,328,1300,25.2,Low
2026-08-28 16:00:00,STN_001,Central Hub,4,16,0,0,281,217,491,1200,40.9,Low
2026-08-28 16:00:00,STN_002,Tech Park,4,16,0,0,186,219,449,1000,44.9,Low
2026-08-28 16:00:00,STN_003,Airport Terminal,4,16,0,0,385,261,830,1500,55.3,Medium
2026-08-28 16:00:00,STN_004,City Center,4,16,0,1,415,394,924,1100,84.0,High
2026-08-28 16:00:00,STN_005,University Junction,4,16,0,0,196,104,345,900,38.3,Low
2026-08-28 16:00:00,STN_006,Financial District,4,16,0,0,166,107,311,1300,23.9,Low
2026-08-28 17:00:00,STN_001,Central Hub,4,17,0,1,401,377,933,1200,77.8,High
2026-08-28 17:00:00,STN_002,Tech Park,4,17,0,0,99,84,239,1000,23.9,Low
2026-08-28 17:00:00,STN_003,Airport Terminal,4,17,0,0,466,360,863,1500,57.5,Medium
2026-08-28 17:00:00,STN_004,City Center,4,17,0,1,456,267,775,1100,70.5,High
2026-08-28 17:00:00,STN_005,University Junction,4,17,0,1,251,158,523,900,58.1,Medium
2026-08-28 17:00:00,STN_006,Financial District,4,17,0,1,345,274,715,1300,55.0,Medium
2026-08-28 18:00:00,STN_001,Central Hub,4,18,0,1,501,366,1084,1200,90.3,Critical
2026-08-28 18:00:00,STN_002,Tech Park,4,18,0,1,501,323,904,1000,90.4,Critical
2026-08-28 18:00:00,STN_003,Airport Terminal,4,18,0,0,312,260,680,1500,45.3,Medium
2026-08-28 18:00:00,STN_004,City Center,4,18,0,1,444,376,932,1100,84.7,High
2026-08-28 18:00:00,STN_005,University Junction,4,18,0,1,381,285,650,900,72.2,High
2026-08-28 18:00:00,STN_006,Financial District,4,18,0,1,422,374,785,1300,60.4,Medium
2026-08-28 19:00:00,STN_001,Central Hub,4,19,0,1,431,375,1034,1200,86.2,Critical
2026-08-28 19:00:00,STN_002,Tech Park,4,19,0,0,189,104,316,1000,31.6,Low
2026-08-28 19:00:00,STN_003,Airport Terminal,4,19,0,0,407,313,715,1500,47.7,Medium
2026-08-28 19:00:00,STN_004,City Center,4,19,0,1,465,272,833,1100,75.7,High
2026-08-28 19:00:00,STN_005,University Junction,4,19,0,0,177,109,300,900,33.3,Low
2026-08-28 19:00:00,STN_006,Financial District,4,19,0,0,250,173,434,1300,33.4,Low
2026-08-28 20:00:00,STN_001,Central Hub,4,20,0,0,222,157,412,1200,34.3,Low
2026-08-28 20:00:00,STN_002,Tech Park,4,20,0,0,189,158,330,1000,33.0,Low
2026-08-28 20:00:00,STN_003,Airport Terminal,4,20,0,0,291,246,641,1500,42.7,Low
2026-08-28 20:00:00,STN_004,City Center,4,20,0,1,516,394,874,1100,79.5,High
2026-08-28 20:00:00,STN_005,University Junction,4,20,0,0,143,103,329,900,36.6,Low
2026-08-28 20:00:00,STN_006,Financial District,4,20,0,0,170,206,421,1300,32.4,Low
2026-08-28 21:00:00,STN_001,Central Hub,4,21,0,0,231,126,396,1200,33.0,Low
2026-08-28 21:00:00,STN_002,Tech Park,4,21,0,0,240,143,437,1000,43.7,Low
2026-08-28 21:00:00,STN_003,Airport Terminal,4,21,0,0,383,403,895,1500,59.7,Medium
2026-08-28 21:00:00,STN_004,City Center,4,21,0,0,189,141,415,1100,37.7,Low
2026-08-28 21:00:00,STN_005,University Junction,4,21,0,0,199,163,358,900,39.8,Low
2026-08-28 21:00:00,STN_006,Financial District,4,21,0,0,111,95,276,1300,21.2,Low
2026-08-28 22:00:00,STN_001,Central Hub,4,22,0,0,129,113,314,1200,26.2,Low
2026-08-28 22:00:00,STN_002,Tech Park,4,22,0,0,150,136,312,1000,31.2,Low
2026-08-28 22:00:00,STN_003,Airport Terminal,4,22,0,0,415,383,807,1500,53.8,Medium
2026-08-28 22:00:00,STN_004,City Center,4,22,0,0,158,119,349,1100,31.7,Low
2026-08-28 22:00:00,STN_005,University Junction,4,22,0,0,144,118,292,900,32.4,Low
2026-08-28 22:00:00,STN_006,Financial District,4,22,0,0,213,140,414,1300,31.8,Low
2026-08-29 06:00:00,STN_001,Central Hub,5,6,1,0,133,122,302,1200,25.2,Low
2026-08-29 06:00:00,STN_002,Tech Park,5,6,1,0,86,75,206,1000,20.6,Low
2026-08-29 06:00:00,STN_003,Airport Terminal,5,6,1,0,368,304,709,1500,47.3,Medium
2026-08-29 06:00:00,STN_004,City Center,5,6,1,0,207,167,348,1100,31.6,Low
2026-08-29 06:00:00,STN_005,University Junction,5,6,1,0,139,81,238,900,26.4,Low
2026-08-29 06:00:00,STN_006,Financial District,5,6,1,0,221,207,475,1300,36.5,Low
2026-08-29 07:00:00,STN_001,Central Hub,5,7,1,0,133,135,311,1200,25.9,Low
2026-08-29 07:00:00,STN_002,Tech Park,5,7,1,0,124,103,213,1000,21.3,Low
2026-08-29 07:00:00,STN_003,Airport Terminal,5,7,1,0,398,259,797,1500,53.1,Medium
2026-08-29 07:00:00,STN_004,City Center,5,7,1,0,263,227,515,1100,46.8,Medium
2026-08-29 07:00:00,STN_005,University Junction,5,7,1,0,99,83,181,900,20.1,Low
2026-08-29 07:00:00,STN_006,Financial District,5,7,1,0,196,156,359,1300,27.6,Low
2026-08-29 08:00:00,STN_001,Central Hub,5,8,1,0,277,240,482,1200,40.2,Low
2026-08-29 08:00:00,STN_002,Tech Park,5,8,1,0,161,107,271,1000,27.1,Low
2026-08-29 08:00:00,STN_003,Airport Terminal,5,8,1,0,325,220,701,1500,46.7,Medium
2026-08-29 08:00:00,STN_004,City Center,5,8,1,0,310,175,544,1100,49.5,Medium
2026-08-29 08:00:00,STN_005,University Junction,5,8,1,0,103,67,223,900,24.8,Low
2026-08-29 08:00:00,STN_006,Financial District,5,8,1,0,202,156,344,1300,26.5,Low
2026-08-29 09:00:00,STN_001,Central Hub,5,9,1,0,300,255,523,1200,43.6,Low
2026-08-29 09:00:00,STN_002,Tech Park,5,9,1,0,117,82,207,1000,20.7,Low
2026-08-29 09:00:00,STN_003,Airport Terminal,5,9,1,0,400,390,897,1500,59.8,Medium
2026-08-29 09:00:00,STN_004,City Center,5,9,1,0,260,211,493,1100,44.8,Low
2026-08-29 09:00:00,STN_005,University Junction,5,9,1,0,204,132,355,900,39.4,Low
2026-08-29 09:00:00,STN_006,Financial District,5,9,1,0,119,104,284,1300,21.8,Low
2026-08-29 10:00:00,STN_001,Central Hub,5,10,1,0,170,99,319,1200,26.6,Low
2026-08-29 10:00:00,STN_002,Tech Park,5,10,1,0,113,87,268,1000,26.8,Low
2026-08-29 10:00:00,STN_003,Airport Terminal,5,10,1,0,338,370,821,1500,54.7,Medium
2026-08-29 10:00:00,STN_004,City Center,5,10,1,0,322,200,552,1100,50.2,Medium
2026-08-29 10:00:00,STN_005,University Junction,5,10,1,0,105,70,217,900,24.1,Low
2026-08-29 10:00:00,STN_006,Financial District,5,10,1,0,221,201,474,1300,36.5,Low
2026-08-29 11:00:00,STN_001,Central Hub,5,11,1,0,260,166,529,1200,44.1,Low
2026-08-29 11:00:00,STN_002,Tech Park,5,11,1,0,90,89,213,1000,21.3,Low
2026-08-29 11:00:00,STN_003,Airport Terminal,5,11,1,1,560,322,1002,1500,66.8,Medium
2026-08-29 11:00:00,STN_004,City Center,5,11,1,0,260,259,537,1100,48.8,Medium
2026-08-29 11:00:00,STN_005,University Junction,5,11,1,0,116,72,215,900,23.9,Low
2026-08-29 11:00:00,STN_006,Financial District,5,11,1,0,169,146,309,1300,23.8,Low
2026-08-29 12:00:00,STN_001,Central Hub,5,12,1,0,320,189,575,1200,47.9,Medium
2026-08-29 12:00:00,STN_002,Tech Park,5,12,1,0,108,92,230,1000,23.0,Low
2026-08-29 12:00:00,STN_003,Airport Terminal,5,12,1,1,591,405,1061,1500,70.7,High
2026-08-29 12:00:00,STN_004,City Center,5,12,1,0,217,218,528,1100,48.0,Medium
2026-08-29 12:00:00,STN_005,University Junction,5,12,1,0,115,76,206,900,22.9,Low
2026-08-29 12:00:00,STN_006,Financial District,5,12,1,0,279,227,513,1300,39.5,Low
2026-08-29 13:00:00,STN_001,Central Hub,5,13,1,0,297,225,556,1200,46.3,Medium
2026-08-29 13:00:00,STN_002,Tech Park,5,13,1,0,136,133,289,1000,28.9,Low
2026-08-29 13:00:00,STN_003,Airport Terminal,5,13,1,1,735,447,1268,1500,84.5,High
2026-08-29 13:00:00,STN_004,City Center,5,13,1,0,244,194,483,1100,43.9,Low
2026-08-29 13:00:00,STN_005,University Junction,5,13,1,0,160,138,303,900,33.7,Low
2026-08-29 13:00:00,STN_006,Financial District,5,13,1,0,232,232,476,1300,36.6,Low
2026-08-29 14:00:00,STN_001,Central Hub,5,14,1,0,181,112,310,1200,25.8,Low
2026-08-29 14:00:00,STN_002,Tech Park,5,14,1,0,171,107,286,1000,28.6,Low
2026-08-29 14:00:00,STN_003,Airport Terminal,5,14,1,1,576,603,1223,1500,81.5,High
2026-08-29 14:00:00,STN_004,City Center,5,14,1,0,174,156,365,1100,33.2,Low
2026-08-29 14:00:00,STN_005,University Junction,5,14,1,0,150,161,359,900,39.9,Low
2026-08-29 14:00:00,STN_006,Financial District,5,14,1,0,110,89,266,1300,20.5,Low
2026-08-29 15:00:00,STN_001,Central Hub,5,15,1,0,200,191,445,1200,37.1,Low
2026-08-29 15:00:00,STN_002,Tech Park,5,15,1,0,153,129,275,1000,27.5,Low
2026-08-29 15:00:00,STN_003,Airport Terminal,5,15,1,1,434,490,999,1500,66.6,Medium
2026-08-29 15:00:00,STN_004,City Center,5,15,1,0,295,178,503,1100,45.7,Medium
2026-08-29 15:00:00,STN_005,University Junction,5,15,1,0,158,83,276,900,30.7,Low
2026-08-29 15:00:00,STN_006,Financial District,5,15,1,0,163,162,395,1300,30.4,Low
2026-08-29 16:00:00,STN_001,Central Hub,5,16,1,0,206,124,356,1200,29.7,Low
2026-08-29 16:00:00,STN_002,Tech Park,5,16,1,0,151,124,346,1000,34.6,Low
2026-08-29 16:00:00,STN_003,Airport Terminal,5,16,1,0,343,243,609,1500,40.6,Low
2026-08-29 16:00:00,STN_004,City Center,5,16,1,1,370,319,874,1100,79.5,High
2026-08-29 16:00:00,STN_005,University Junction,5,16,1,0,143,93,281,900,31.2,Low
2026-08-29 16:00:00,STN_006,Financial District,5,16,1,0,221,133,375,1300,28.8,Low
2026-08-29 17:00:00,STN_001,Central Hub,5,17,1,0,315,190,550,1200,45.8,Medium
2026-08-29 17:00:00,STN_002,Tech Park,5,17,1,0,89,96,222,1000,22.2,Low
2026-08-29 17:00:00,STN_003,Airport Terminal,5,17,1,0,361,208,625,1500,41.7,Low
2026-08-29 17:00:00,STN_004,City Center,5,17,1,1,421,360,931,1100,84.6,High
2026-08-29 17:00:00,STN_005,University Junction,5,17,1,0,151,117,268,900,29.8,Low
2026-08-29 17:00:00,STN_006,Financial District,5,17,1,0,136,110,338,1300,26.0,Low
2026-08-29 18:00:00,STN_001,Central Hub,5,18,1,0,244,216,596,1200,49.7,Medium
2026-08-29 18:00:00,STN_002,Tech Park,5,18,1,0,169,171,413,1000,41.3,Low
2026-08-29 18:00:00,STN_003,Airport Terminal,5,18,1,0,341,341,799,1500,53.3,Medium
2026-08-29 18:00:00,STN_004,City Center,5,18,1,1,348,372,841,1100,76.5,High
2026-08-29 18:00:00,STN_005,University Junction,5,18,1,0,153,132,283,900,31.4,Low
2026-08-29 18:00:00,STN_006,Financial District,5,18,1,0,193,138,372,1300,28.6,Low
2026-08-29 19:00:00,STN_001,Central Hub,5,19,1,0,305,286,599,1200,49.9,Medium
2026-08-29 19:00:00,STN_002,Tech Park,5,19,1,0,127,131,264,1000,26.4,Low
2026-08-29 19:00:00,STN_003,Airport Terminal,5,19,1,0,463,298,789,1500,52.6,Medium
2026-08-29 19:00:00,STN_004,City Center,5,19,1,1,526,436,902,1100,82.0,High
2026-08-29 19:00:00,STN_005,University Junction,5,19,1,0,188,155,348,900,38.7,Low
2026-08-29 19:00:00,STN_006,Financial District,5,19,1,0,130,100,314,1300,24.2,Low
2026-08-29 20:00:00,STN_001,Central Hub,5,20,1,0,181,142,403,1200,33.6,Low
2026-08-29 20:00:00,STN_002,Tech Park,5,20,1,0,114,141,283,1000,28.3,Low
2026-08-29 20:00:00,STN_003,Airport Terminal,5,20,1,0,365,405,812,1500,54.1,Medium
2026-08-29 20:00:00,STN_004,City Center,5,20,1,1,494,351,912,1100,82.9,High
2026-08-29 20:00:00,STN_005,University Junction,5,20,1,0,129,117,287,900,31.9,Low
2026-08-29 20:00:00,STN_006,Financial District,5,20,1,0,292,214,508,1300,39.1,Low
2026-08-29 21:00:00,STN_001,Central Hub,5,21,1,0,199,221,490,1200,40.8,Low
2026-08-29 21:00:00,STN_002,Tech Park,5,21,1,0,135,95,260,1000,26.0,Low
2026-08-29 21:00:00,STN_003,Airport Terminal,5,21,1,0,360,303,663,1500,44.2,Low
2026-08-29 21:00:00,STN_004,City Center,5,21,1,0,219,266,540,1100,49.1,Medium
2026-08-29 21:00:00,STN_005,University Junction,5,21,1,0,131,84,279,900,31.0,Low
2026-08-29 21:00:00,STN_006,Financial District,5,21,1,0,218,151,366,1300,28.2,Low
2026-08-29 22:00:00,STN_001,Central Hub,5,22,1,0,212,124,380,1200,31.7,Low
2026-08-29 22:00:00,STN_002,Tech Park,5,22,1,0,140,98,274,1000,27.4,Low
2026-08-29 22:00:00,STN_003,Airport Terminal,5,22,1,0,285,259,657,1500,43.8,Low
2026-08-29 22:00:00,STN_004,City Center,5,22,1,0,186,183,453,1100,41.2,Low
2026-08-29 22:00:00,STN_005,University Junction,5,22,1,0,146,108,245,900,27.2,Low
2026-08-29 22:00:00,STN_006,Financial District,5,22,1,0,270,160,481,1300,37.0,Low
2026-08-30 06:00:00,STN_001,Central Hub,6,6,1,0,206,177,433,1200,36.1,Low
2026-08-30 06:00:00,STN_002,Tech Park,6,6,1,0,139,113,235,1000,23.5,Low
2026-08-30 06:00:00,STN_003,Airport Terminal,6,6,1,0,306,224,731,1500,48.7,Medium
2026-08-30 06:00:00,STN_004,City Center,6,6,1,0,243,210,442,1100,40.2,Low
2026-08-30 06:00:00,STN_005,University Junction,6,6,1,0,108,88,210,900,23.3,Low
2026-08-30 06:00:00,STN_006,Financial District,6,6,1,0,235,224,495,1300,38.1,Low
2026-08-30 07:00:00,STN_001,Central Hub,6,7,1,0,260,191,565,1200,47.1,Medium
2026-08-30 07:00:00,STN_002,Tech Park,6,7,1,0,187,196,435,1000,43.5,Low
2026-08-30 07:00:00,STN_003,Airport Terminal,6,7,1,0,398,314,764,1500,50.9,Medium
2026-08-30 07:00:00,STN_004,City Center,6,7,1,0,175,130,357,1100,32.5,Low
2026-08-30 07:00:00,STN_005,University Junction,6,7,1,0,197,167,353,900,39.2,Low
2026-08-30 07:00:00,STN_006,Financial District,6,7,1,0,147,87,274,1300,21.1,Low
2026-08-30 08:00:00,STN_001,Central Hub,6,8,1,0,145,97,302,1200,25.2,Low
2026-08-30 08:00:00,STN_002,Tech Park,6,8,1,0,169,131,296,1000,29.6,Low
2026-08-30 08:00:00,STN_003,Airport Terminal,6,8,1,0,324,296,605,1500,40.3,Low
2026-08-30 08:00:00,STN_004,City Center,6,8,1,0,206,129,410,1100,37.3,Low
2026-08-30 08:00:00,STN_005,University Junction,6,8,1,0,126,99,251,900,27.9,Low
2026-08-30 08:00:00,STN_006,Financial District,6,8,1,0,187,101,330,1300,25.4,Low
2026-08-30 09:00:00,STN_001,Central Hub,6,9,1,0,280,286,598,1200,49.8,Medium
2026-08-30 09:00:00,STN_002,Tech Park,6,9,1,0,195,170,412,1000,41.2,Low
2026-08-30 09:00:00,STN_003,Airport Terminal,6,9,1,0,289,292,707,1500,47.1,Medium
2026-08-30 09:00:00,STN_004,City Center,6,9,1,0,213,149,368,1100,33.5,Low
2026-08-30 09:00:00,STN_005,University Junction,6,9,1,0,143,76,255,900,28.3,Low
2026-08-30 09:00:00,STN_006,Financial District,6,9,1,0,221,205,454,1300,34.9,Low
2026-08-30 10:00:00,STN_001,Central Hub,6,10,1,0,268,220,521,1200,43.4,Low
2026-08-30 10:00:00,STN_002,Tech Park,6,10,1,0,166,117,342,1000,34.2,Low
2026-08-30 10:00:00,STN_003,Airport Terminal,6,10,1,0,378,427,880,1500,58.7,Medium
2026-08-30 10:00:00,STN_004,City Center,6,10,1,0,155,146,358,1100,32.5,Low
2026-08-30 10:00:00,STN_005,University Junction,6,10,1,0,164,114,336,900,37.3,Low
2026-08-30 10:00:00,STN_006,Financial District,6,10,1,0,142,107,329,1300,25.3,Low
2026-08-30 11:00:00,STN_001,Central Hub,6,11,1,0,237,210,467,1200,38.9,Low
2026-08-30 11:00:00,STN_002,Tech Park,6,11,1,0,119,75,237,1000,23.7,Low
2026-08-30 11:00:00,STN_003,Airport Terminal,6,11,1,1,503,380,986,1500,65.7,Medium
2026-08-30 11:00:00,STN_004,City Center,6,11,1,0,207,162,478,1100,43.5,Low
2026-08-30 11:00:00,STN_005,University Junction,6,11,1,0,123,116,271,900,30.1,Low
2026-08-30 11:00:00,STN_006,Financial District,6,11,1,0,214,143,471,1300,36.2,Low
2026-08-30 12:00:00,STN_001,Central Hub,6,12,1,0,199,215,480,1200,40.0,Low
2026-08-30 12:00:00,STN_002,Tech Park,6,12,1,0,176,133,348,1000,34.8,Low
2026-08-30 12:00:00,STN_003,Airport Terminal,6,12,1,1,487,507,1088,1500,72.5,High
2026-08-30 12:00:00,STN_004,City Center,6,12,1,0,218,187,424,1100,38.5,Low
2026-08-30 12:00:00,STN_005,University Junction,6,12,1,0,91,84,211,900,23.4,Low
2026-08-30 12:00:00,STN_006,Financial District,6,12,1,0,227,183,504,1300,38.8,Low
2026-08-30 13:00:00,STN_001,Central Hub,6,13,1,0,200,217,445,1200,37.1,Low
2026-08-30 13:00:00,STN_002,Tech Park,6,13,1,0,91,99,209,1000,20.9,Low
2026-08-30 13:00:00,STN_003,Airport Terminal,6,13,1,1,509,458,1017,1500,67.8,Medium
2026-08-30 13:00:00,STN_004,City Center,6,13,1,0,143,127,337,1100,30.6,Low
2026-08-30 13:00:00,STN_005,University Junction,6,13,1,0,152,82,254,900,28.2,Low
2026-08-30 13:00:00,STN_006,Financial District,6,13,1,0,155,136,342,1300,26.3,Low
2026-08-30 14:00:00,STN_001,Central Hub,6,14,1,0,170,133,392,1200,32.7,Low
2026-08-30 14:00:00,STN_002,Tech Park,6,14,1,0,157,123,382,1000,38.2,Low
2026-08-30 14:00:00,STN_003,Airport Terminal,6,14,1,1,517,377,1024,1500,68.3,Medium
2026-08-30 14:00:00,STN_004,City Center,6,14,1,0,212,194,397,1100,36.1,Low
2026-08-30 14:00:00,STN_005,University Junction,6,14,1,0,115,110,284,900,31.6,Low
2026-08-30 14:00:00,STN_006,Financial District,6,14,1,0,163,194,399,1300,30.7,Low
2026-08-30 15:00:00,STN_001,Central Hub,6,15,1,0,171,156,344,1200,28.7,Low
2026-08-30 15:00:00,STN_002,Tech Park,6,15,1,0,94,95,226,1000,22.6,Low
2026-08-30 15:00:00,STN_003,Airport Terminal,6,15,1,1,437,432,1042,1500,69.5,Medium
2026-08-30 15:00:00,STN_004,City Center,6,15,1,0,305,223,575,1100,52.3,Medium
2026-08-30 15:00:00,STN_005,University Junction,6,15,1,0,198,143,353,900,39.2,Low
2026-08-30 15:00:00,STN_006,Financial District,6,15,1,0,149,112,286,1300,22.0,Low
2026-08-30 16:00:00,STN_001,Central Hub,6,16,1,0,267,288,584,1200,48.7,Medium
2026-08-30 16:00:00,STN_002,Tech Park,6,16,1,0,168,187,392,1000,39.2,Low
2026-08-30 16:00:00,STN_003,Airport Terminal,6,16,1,0,364,358,736,1500,49.1,Medium
2026-08-30 16:00:00,STN_004,City Center,6,16,1,1,473,276,814,1100,74.0,High
2026-08-30 16:00:00,STN_005,University Junction,6,16,1,0,112,103,213,900,23.7,Low
2026-08-30 16:00:00,STN_006,Financial District,6,16,1,0,138,103,268,1300,20.6,Low
2026-08-30 17:00:00,STN_001,Central Hub,6,17,1,0,169,123,327,1200,27.3,Low
2026-08-30 17:00:00,STN_002,Tech Park,6,17,1,0,221,176,401,1000,40.1,Low
2026-08-30 17:00:00,STN_003,Airport Terminal,6,17,1,0,387,293,656,1500,43.7,Low
2026-08-30 17:00:00,STN_004,City Center,6,17,1,1,342,299,809,1100,73.5,High
2026-08-30 17:00:00,STN_005,University Junction,6,17,1,0,80,66,184,900,20.4,Low
2026-08-30 17:00:00,STN_006,Financial District,6,17,1,0,182,101,312,1300,24.0,Low
2026-08-30 18:00:00,STN_001,Central Hub,6,18,1,0,159,100,305,1200,25.4,Low
2026-08-30 18:00:00,STN_002,Tech Park,6,18,1,0,149,86,269,1000,26.9,Low
2026-08-30 18:00:00,STN_003,Airport Terminal,6,18,1,0,338,321,707,1500,47.1,Medium
2026-08-30 18:00:00,STN_004,City Center,6,18,1,1,423,302,905,1100,82.3,High
2026-08-30 18:00:00,STN_005,University Junction,6,18,1,0,130,102,305,900,33.9,Low
2026-08-30 18:00:00,STN_006,Financial District,6,18,1,0,172,118,309,1300,23.8,Low
2026-08-30 19:00:00,STN_001,Central Hub,6,19,1,0,188,178,358,1200,29.8,Low
2026-08-30 19:00:00,STN_002,Tech Park,6,19,1,0,140,133,300,1000,30.0,Low
2026-08-30 19:00:00,STN_003,Airport Terminal,6,19,1,0,394,266,833,1500,55.5,Medium
2026-08-30 19:00:00,STN_004,City Center,6,19,1,1,461,358,915,1100,83.2,High
2026-08-30 19:00:00,STN_005,University Junction,6,19,1,0,156,132,312,900,34.7,Low
2026-08-30 19:00:00,STN_006,Financial District,6,19,1,0,133,122,291,1300,22.4,Low
2026-08-30 20:00:00,STN_001,Central Hub,6,20,1,0,163,108,334,1200,27.8,Low
2026-08-30 20:00:00,STN_002,Tech Park,6,20,1,0,161,125,309,1000,30.9,Low
2026-08-30 20:00:00,STN_003,Airport Terminal,6,20,1,0,306,295,683,1500,45.5,Medium
2026-08-30 20:00:00,STN_004,City Center,6,20,1,1,484,380,850,1100,77.3,High
2026-08-30 20:00:00,STN_005,University Junction,6,20,1,0,134,116,241,900,26.8,Low
2026-08-30 20:00:00,STN_006,Financial District,6,20,1,0,163,138,309,1300,23.8,Low
2026-08-30 21:00:00,STN_001,Central Hub,6,21,1,0,229,223,553,1200,46.1,Medium
2026-08-30 21:00:00,STN_002,Tech Park,6,21,1,0,99,101,238,1000,23.8,Low
2026-08-30 21:00:00,STN_003,Airport Terminal,6,21,1,0,368,257,680,1500,45.3,Medium
2026-08-30 21:00:00,STN_004,City Center,6,21,1,0,248,223,517,1100,47.0,Medium
2026-08-30 21:00:00,STN_005,University Junction,6,21,1,0,141,96,262,900,29.1,Low
2026-08-30 21:00:00,STN_006,Financial District,6,21,1,0,284,194,493,1300,37.9,Low
2026-08-30 22:00:00,STN_001,Central Hub,6,22,1,0,187,219,465,1200,38.8,Low
2026-08-30 22:00:00,STN_002,Tech Park,6,22,1,0,171,176,395,1000,39.5,Low
2026-08-30 22:00:00,STN_003,Airport Terminal,6,22,1,0,387,258,661,1500,44.1,Low
2026-08-30 22:00:00,STN_004,City Center,6,22,1,0,235,212,492,1100,44.7,Low
2026-08-30 22:00:00,STN_005,University Junction,6,22,1,0,119,92,226,900,25.1,Low
2026-08-30 22:00:00,STN_006,Financial District,6,22,1,0,171,142,313,1300,24.1,Low
2026-08-31 06:00:00,STN_001,Central Hub,0,6,0,0,215,131,390,1200,32.5,Low
2026-08-31 06:00:00,STN_002,Tech Park,0,6,0,0,132,146,318,1000,31.8,Low
2026-08-31 06:00:00,STN_003,Airport Terminal,0,6,0,0,397,332,854,1500,56.9,Medium
2026-08-31 06:00:00,STN_004,City Center,0,6,0,0,218,163,377,1100,34.3,Low
2026-08-31 06:00:00,STN_005,University Junction,0,6,0,0,107,76,213,900,23.7,Low
2026-08-31 06:00:00,STN_006,Financial District,0,6,0,0,178,173,383,1300,29.5,Low
2026-08-31 07:00:00,STN_001,Central Hub,0,7,0,0,291,254,511,1200,42.6,Low
2026-08-31 07:00:00,STN_002,Tech Park,0,7,0,0,172,154,402,1000,40.2,Low
2026-08-31 07:00:00,STN_003,Airport Terminal,0,7,0,0,338,322,697,1500,46.5,Medium
2026-08-31 07:00:00,STN_004,City Center,0,7,0,0,267,248,516,1100,46.9,Medium
2026-08-31 07:00:00,STN_005,University Junction,0,7,0,0,182,105,334,900,37.1,Low
2026-08-31 07:00:00,STN_006,Financial District,0,7,0,0,200,159,375,1300,28.8,Low
2026-08-31 08:00:00,STN_001,Central Hub,0,8,0,1,516,379,987,1200,82.2,High
2026-08-31 08:00:00,STN_002,Tech Park,0,8,0,0,146,153,347,1000,34.7,Low
2026-08-31 08:00:00,STN_003,Airport Terminal,0,8,0,0,344,279,652,1500,43.5,Low
2026-08-31 08:00:00,STN_004,City Center,0,8,0,0,258,178,493,1100,44.8,Low
2026-08-31 08:00:00,STN_005,University Junction,0,8,0,1,240,230,573,900,63.7,Medium
2026-08-31 08:00:00,STN_006,Financial District,0,8,0,1,457,302,932,1300,71.7,High
2026-08-31 09:00:00,STN_001,Central Hub,0,9,0,1,623,357,1069,1200,89.1,Critical
2026-08-31 09:00:00,STN_002,Tech Park,0,9,0,1,357,302,885,1000,88.5,Critical
2026-08-31 09:00:00,STN_003,Airport Terminal,0,9,0,0,504,265,885,1500,59.0,Medium
2026-08-31 09:00:00,STN_004,City Center,0,9,0,0,192,153,389,1100,35.4,Low
2026-08-31 09:00:00,STN_005,University Junction,0,9,0,1,265,214,609,900,67.7,Medium
2026-08-31 09:00:00,STN_006,Financial District,0,9,0,1,389,408,833,1300,64.1,Medium
2026-08-31 10:00:00,STN_001,Central Hub,0,10,0,1,563,369,1110,1200,92.5,Critical
2026-08-31 10:00:00,STN_002,Tech Park,0,10,0,0,111,103,256,1000,25.6,Low
2026-08-31 10:00:00,STN_003,Airport Terminal,0,10,0,0,244,195,609,1500,40.6,Low
2026-08-31 10:00:00,STN_004,City Center,0,10,0,0,288,208,546,1100,49.6,Medium
2026-08-31 10:00:00,STN_005,University Junction,0,10,0,0,84,80,185,900,20.6,Low
2026-08-31 10:00:00,STN_006,Financial District,0,10,0,0,174,116,315,1300,24.2,Low
2026-08-31 11:00:00,STN_001,Central Hub,0,11,0,0,287,238,510,1200,42.5,Low
2026-08-31 11:00:00,STN_002,Tech Park,0,11,0,0,155,100,289,1000,28.9,Low
2026-08-31 11:00:00,STN_003,Airport Terminal,0,11,0,1,592,383,1231,1500,82.1,High
2026-08-31 11:00:00,STN_004,City Center,0,11,0,0,220,136,451,1100,41.0,Low
2026-08-31 11:00:00,STN_005,University Junction,0,11,0,0,130,86,235,900,26.1,Low
2026-08-31 11:00:00,STN_006,Financial District,0,11,0,0,134,131,267,1300,20.5,Low
2026-08-31 12:00:00,STN_001,Central Hub,0,12,0,0,239,158,499,1200,41.6,Low
2026-08-31 12:00:00,STN_002,Tech Park,0,12,0,0,159,126,319,1000,31.9,Low
2026-08-31 12:00:00,STN_003,Airport Terminal,0,12,0,1,465,363,1048,1500,69.9,Medium
2026-08-31 12:00:00,STN_004,City Center,0,12,0,0,237,253,572,1100,52.0,Medium
2026-08-31 12:00:00,STN_005,University Junction,0,12,0,0,138,106,277,900,30.8,Low
2026-08-31 12:00:00,STN_006,Financial District,0,12,0,0,188,173,422,1300,32.5,Low
2026-08-31 13:00:00,STN_001,Central Hub,0,13,0,0,305,206,561,1200,46.8,Medium
2026-08-31 13:00:00,STN_002,Tech Park,0,13,0,0,122,111,246,1000,24.6,Low
2026-08-31 13:00:00,STN_003,Airport Terminal,0,13,0,1,569,413,1085,1500,72.3,High
2026-08-31 13:00:00,STN_004,City Center,0,13,0,0,233,203,581,1100,52.8,Medium
2026-08-31 13:00:00,STN_005,University Junction,0,13,0,0,176,93,307,900,34.1,Low
2026-08-31 13:00:00,STN_006,Financial District,0,13,0,0,248,180,457,1300,35.2,Low
2026-08-31 14:00:00,STN_001,Central Hub,0,14,0,0,267,192,472,1200,39.3,Low
2026-08-31 14:00:00,STN_002,Tech Park,0,14,0,0,195,147,348,1000,34.8,Low
2026-08-31 14:00:00,STN_003,Airport Terminal,0,14,0,1,588,431,1002,1500,66.8,Medium
2026-08-31 14:00:00,STN_004,City Center,0,14,0,0,289,297,604,1100,54.9,Medium
2026-08-31 14:00:00,STN_005,University Junction,0,14,0,0,101,116,233,900,25.9,Low
2026-08-31 14:00:00,STN_006,Financial District,0,14,0,0,188,138,318,1300,24.5,Low
2026-08-31 15:00:00,STN_001,Central Hub,0,15,0,0,215,204,473,1200,39.4,Low
2026-08-31 15:00:00,STN_002,Tech Park,0,15,0,0,164,106,328,1000,32.8,Low
2026-08-31 15:00:00,STN_003,Airport Terminal,0,15,0,1,703,398,1240,1500,82.7,High
2026-08-31 15:00:00,STN_004,City Center,0,15,0,0,222,171,461,1100,41.9,Low
2026-08-31 15:00:00,STN_005,University Junction,0,15,0,0,180,148,350,900,38.9,Low
2026-08-31 15:00:00,STN_006,Financial District,0,15,0,0,158,139,303,1300,23.3,Low
2026-08-31 16:00:00,STN_001,Central Hub,0,16,0,0,170,174,363,1200,30.2,Low
2026-08-31 16:00:00,STN_002,Tech Park,0,16,0,0,167,113,327,1000,32.7,Low
2026-08-31 16:00:00,STN_003,Airport Terminal,0,16,0,0,254,251,628,1500,41.9,Low
2026-08-31 16:00:00,STN_004,City Center,0,16,0,1,450,328,796,1100,72.4,High
2026-08-31 16:00:00,STN_005,University Junction,0,16,0,0,163,110,323,900,35.9,Low
2026-08-31 16:00:00,STN_006,Financial District,0,16,0,0,176,122,339,1300,26.1,Low
2026-08-31 17:00:00,STN_001,Central Hub,0,17,0,1,530,427,920,1200,76.7,High
2026-08-31 17:00:00,STN_002,Tech Park,0,17,0,0,133,94,273,1000,27.3,Low
2026-08-31 17:00:00,STN_003,Airport Terminal,0,17,0,0,393,263,845,1500,56.3,Medium
2026-08-31 17:00:00,STN_004,City Center,0,17,0,1,438,365,890,1100,80.9,High
2026-08-31 17:00:00,STN_005,University Junction,0,17,0,1,286,227,545,900,60.6,Medium
2026-08-31 17:00:00,STN_006,Financial District,0,17,0,1,478,345,841,1300,64.7,Medium
2026-08-31 18:00:00,STN_001,Central Hub,0,18,0,1,454,344,968,1200,80.7,High
2026-08-31 18:00:00,STN_002,Tech Park,0,18,0,1,403,453,975,1000,97.5,Critical
2026-08-31 18:00:00,STN_003,Airport Terminal,0,18,0,0,306,233,641,1500,42.7,Low
2026-08-31 18:00:00,STN_004,City Center,0,18,0,1,382,314,876,1100,79.6,High
2026-08-31 18:00:00,STN_005,University Junction,0,18,0,1,239,197,541,900,60.1,Medium
2026-08-31 18:00:00,STN_006,Financial District,0,18,0,1,527,274,902,1300,69.4,Medium
2026-08-31 19:00:00,STN_001,Central Hub,0,19,0,1,397,356,922,1200,76.8,High
2026-08-31 19:00:00,STN_002,Tech Park,0,19,0,0,225,203,449,1000,44.9,Low
2026-08-31 19:00:00,STN_003,Airport Terminal,0,19,0,0,398,275,697,1500,46.5,Medium
2026-08-31 19:00:00,STN_004,City Center,0,19,0,1,353,278,770,1100,70.0,High
2026-08-31 19:00:00,STN_005,University Junction,0,19,0,0,110,84,190,900,21.1,Low
2026-08-31 19:00:00,STN_006,Financial District,0,19,0,0,224,236,478,1300,36.8,Low
2026-08-31 20:00:00,STN_001,Central Hub,0,20,0,0,259,193,541,1200,45.1,Medium
2026-08-31 20:00:00,STN_002,Tech Park,0,20,0,0,124,98,252,1000,25.2,Low
2026-08-31 20:00:00,STN_003,Airport Terminal,0,20,0,0,403,234,769,1500,51.3,Medium
2026-08-31 20:00:00,STN_004,City Center,0,20,0,1,351,258,823,1100,74.8,High
2026-08-31 20:00:00,STN_005,University Junction,0,20,0,0,81,87,180,900,20.0,Low
2026-08-31 20:00:00,STN_006,Financial District,0,20,0,0,166,94,293,1300,22.5,Low
2026-08-31 21:00:00,STN_001,Central Hub,0,21,0,0,159,115,345,1200,28.7,Low
2026-08-31 21:00:00,STN_002,Tech Park,0,21,0,0,167,168,377,1000,37.7,Low
2026-08-31 21:00:00,STN_003,Airport Terminal,0,21,0,0,316,287,684,1500,45.6,Medium
2026-08-31 21:00:00,STN_004,City Center,0,21,0,0,186,117,376,1100,34.2,Low
2026-08-31 21:00:00,STN_005,University Junction,0,21,0,0,207,139,349,900,38.8,Low
2026-08-31 21:00:00,STN_006,Financial District,0,21,0,0,179,199,443,1300,34.1,Low
2026-08-31 22:00:00,STN_001,Central Hub,0,22,0,0,227,166,396,1200,33.0,Low
2026-08-31 22:00:00,STN_002,Tech Park,0,22,0,0,143,76,244,1000,24.4,Low
2026-08-31 22:00:00,STN_003,Airport Terminal,0,22,0,0,319,332,717,1500,47.8,Medium
2026-08-31 22:00:00,STN_004,City Center,0,22,0,0,168,157,370,1100,33.6,Low
2026-08-31 22:00:00,STN_005,University Junction,0,22,0,0,210,109,358,900,39.8,Low
2026-08-31 22:00:00,STN_006,Financial District,0,22,0,0,241,155,404,1300,31.1,Low
2026-09-01 06:00:00,STN_001,Central Hub,1,6,0,0,160,147,369,1200,30.8,Low
2026-09-01 06:00:00,STN_002,Tech Park,1,6,0,0,209,202,425,1000,42.5,Low
2026-09-01 06:00:00,STN_003,Airport Terminal,1,6,0,0,347,299,626,1500,41.7,Low
2026-09-01 06:00:00,STN_004,City Center,1,6,0,0,231,246,514,1100,46.7,Medium
2026-09-01 06:00:00,STN_005,University Junction,1,6,0,0,133,110,317,900,35.2,Low
2026-09-01 06:00:00,STN_006,Financial District,1,6,0,0,148,102,266,1300,20.5,Low
2026-09-01 07:00:00,STN_001,Central Hub,1,7,0,0,206,209,485,1200,40.4,Low
2026-09-01 07:00:00,STN_002,Tech Park,1,7,0,0,212,149,420,1000,42.0,Low
2026-09-01 07:00:00,STN_003,Airport Terminal,1,7,0,0,399,393,880,1500,58.7,Medium
2026-09-01 07:00:00,STN_004,City Center,1,7,0,0,196,206,414,1100,37.6,Low
2026-09-01 07:00:00,STN_005,University Junction,1,7,0,0,141,133,343,900,38.1,Low
2026-09-01 07:00:00,STN_006,Financial District,1,7,0,0,167,93,285,1300,21.9,Low
2026-09-01 08:00:00,STN_001,Central Hub,1,8,0,1,531,357,919,1200,76.6,High
2026-09-01 08:00:00,STN_002,Tech Park,1,8,0,0,133,109,313,1000,31.3,Low
2026-09-01 08:00:00,STN_003,Airport Terminal,1,8,0,0,374,378,857,1500,57.1,Medium
2026-09-01 08:00:00,STN_004,City Center,1,8,0,0,183,149,438,1100,39.8,Low
2026-09-01 08:00:00,STN_005,University Junction,1,8,0,1,310,195,535,900,59.4,Medium
2026-09-01 08:00:00,STN_006,Financial District,1,8,0,1,433,307,867,1300,66.7,Medium
2026-09-01 09:00:00,STN_001,Central Hub,1,9,0,1,482,304,947,1200,78.9,High
2026-09-01 09:00:00,STN_002,Tech Park,1,9,0,1,518,439,960,1000,96.0,Critical
2026-09-01 09:00:00,STN_003,Airport Terminal,1,9,0,0,352,235,682,1500,45.5,Medium
2026-09-01 09:00:00,STN_004,City Center,1,9,0,0,218,207,459,1100,41.7,Low
2026-09-01 09:00:00,STN_005,University Junction,1,9,0,1,242,246,589,900,65.4,Medium
2026-09-01 09:00:00,STN_006,Financial District,1,9,0,1,408,408,840,1300,64.6,Medium
2026-09-01 10:00:00,STN_001,Central Hub,1,10,0,1,510,431,973,1200,81.1,High
2026-09-01 10:00:00,STN_002,Tech Park,1,10,0,0,146,136,314,1000,31.4,Low
2026-09-01 10:00:00,STN_003,Airport Terminal,1,10,0,0,473,390,838,1500,55.9,Medium
2026-09-01 10:00:00,STN_004,City Center,1,10,0,0,293,301,603,1100,54.8,Medium
2026-09-01 10:00:00,STN_005,University Junction,1,10,0,0,182,120,336,900,37.3,Low
2026-09-01 10:00:00,STN_006,Financial District,1,10,0,0,125,131,288,1300,22.2,Low
2026-09-01 11:00:00,STN_001,Central Hub,1,11,0,0,330,255,554,1200,46.2,Medium
2026-09-01 11:00:00,STN_002,Tech Park,1,11,0,0,229,180,392,1000,39.2,Low
2026-09-01 11:00:00,STN_003,Airport Terminal,1,11,0,1,626,465,1105,1500,73.7,High
2026-09-01 11:00:00,STN_004,City Center,1,11,0,0,237,173,466,1100,42.4,Low
2026-09-01 11:00:00,STN_005,University Junction,1,11,0,0,160,117,270,900,30.0,Low
2026-09-01 11:00:00,STN_006,Financial District,1,11,0,0,200,182,461,1300,35.5,Low
2026-09-01 12:00:00,STN_001,Central Hub,1,12,0,0,174,103,322,1200,26.8,Low
2026-09-01 12:00:00,STN_002,Tech Park,1,12,0,0,126,122,292,1000,29.2,Low
2026-09-01 12:00:00,STN_003,Airport Terminal,1,12,0,1,560,405,1128,1500,75.2,High
2026-09-01 12:00:00,STN_004,City Center,1,12,0,0,182,112,340,1100,30.9,Low
2026-09-01 12:00:00,STN_005,University Junction,1,12,0,0,117,118,259,900,28.8,Low
2026-09-01 12:00:00,STN_006,Financial District,1,12,0,0,275,172,489,1300,37.6,Low
2026-09-01 13:00:00,STN_001,Central Hub,1,13,0,0,221,202,463,1200,38.6,Low
2026-09-01 13:00:00,STN_002,Tech Park,1,13,0,0,96,79,241,1000,24.1,Low
2026-09-01 13:00:00,STN_003,Airport Terminal,1,13,0,1,445,435,1092,1500,72.8,High
2026-09-01 13:00:00,STN_004,City Center,1,13,0,0,274,220,545,1100,49.5,Medium
2026-09-01 13:00:00,STN_005,University Junction,1,13,0,0,195,149,336,900,37.3,Low
2026-09-01 13:00:00,STN_006,Financial District,1,13,0,0,227,182,492,1300,37.8,Low
2026-09-01 14:00:00,STN_001,Central Hub,1,14,0,0,180,153,361,1200,30.1,Low
2026-09-01 14:00:00,STN_002,Tech Park,1,14,0,0,155,134,271,1000,27.1,Low
2026-09-01 14:00:00,STN_003,Airport Terminal,1,14,0,1,607,318,1049,1500,69.9,Medium
2026-09-01 14:00:00,STN_004,City Center,1,14,0,0,283,217,511,1100,46.5,Medium
2026-09-01 14:00:00,STN_005,University Junction,1,14,0,0,115,62,198,900,22.0,Low
2026-09-01 14:00:00,STN_006,Financial District,1,14,0,0,248,176,513,1300,39.5,Low
2026-09-01 15:00:00,STN_001,Central Hub,1,15,0,0,170,198,404,1200,33.7,Low
2026-09-01 15:00:00,STN_002,Tech Park,1,15,0,0,253,137,430,1000,43.0,Low
2026-09-01 15:00:00,STN_003,Airport Terminal,1,15,0,1,628,522,1118,1500,74.5,High
2026-09-01 15:00:00,STN_004,City Center,1,15,0,0,316,184,541,1100,49.2,Medium
2026-09-01 15:00:00,STN_005,University Junction,1,15,0,0,170,105,293,900,32.6,Low
2026-09-01 15:00:00,STN_006,Financial District,1,15,0,0,246,146,458,1300,35.2,Low
2026-09-01 16:00:00,STN_001,Central Hub,1,16,0,0,174,173,376,1200,31.3,Low
2026-09-01 16:00:00,STN_002,Tech Park,1,16,0,0,115,95,252,1000,25.2,Low
2026-09-01 16:00:00,STN_003,Airport Terminal,1,16,0,0,273,322,652,1500,43.5,Low
2026-09-01 16:00:00,STN_004,City Center,1,16,0,1,516,399,981,1100,89.2,Critical
2026-09-01 16:00:00,STN_005,University Junction,1,16,0,0,121,109,230,900,25.6,Low
2026-09-01 16:00:00,STN_006,Financial District,1,16,0,0,236,136,444,1300,34.2,Low
2026-09-01 17:00:00,STN_001,Central Hub,1,17,0,1,479,316,1034,1200,86.2,Critical
2026-09-01 17:00:00,STN_002,Tech Park,1,17,0,0,135,79,239,1000,23.9,Low
2026-09-01 17:00:00,STN_003,Airport Terminal,1,17,0,0,435,269,745,1500,49.7,Medium
2026-09-01 17:00:00,STN_004,City Center,1,17,0,1,459,328,859,1100,78.1,High
2026-09-01 17:00:00,STN_005,University Junction,1,17,0,1,271,211,517,900,57.4,Medium
2026-09-01 17:00:00,STN_006,Financial District,1,17,0,1,330,370,817,1300,62.8,Medium
2026-09-01 18:00:00,STN_001,Central Hub,1,18,0,1,458,446,921,1200,76.8,High
2026-09-01 18:00:00,STN_002,Tech Park,1,18,0,1,447,323,805,1000,80.5,High
2026-09-01 18:00:00,STN_003,Airport Terminal,1,18,0,0,340,272,846,1500,56.4,Medium
2026-09-01 18:00:00,STN_004,City Center,1,18,0,1,381,438,940,1100,85.5,Critical
2026-09-01 18:00:00,STN_005,University Junction,1,18,0,1,266,191,565,900,62.8,Medium
2026-09-01 18:00:00,STN_006,Financial District,1,18,0,1,431,388,938,1300,72.2,High
2026-09-01 19:00:00,STN_001,Central Hub,1,19,0,1,520,350,1022,1200,85.2,Critical
2026-09-01 19:00:00,STN_002,Tech Park,1,19,0,0,176,137,414,1000,41.4,Low
2026-09-01 19:00:00,STN_003,Airport Terminal,1,19,0,0,452,262,848,1500,56.5,Medium
2026-09-01 19:00:00,STN_004,City Center,1,19,0,1,389,334,930,1100,84.5,High
2026-09-01 19:00:00,STN_005,University Junction,1,19,0,0,158,134,316,900,35.1,Low
2026-09-01 19:00:00,STN_006,Financial District,1,19,0,0,261,171,512,1300,39.4,Low
2026-09-01 20:00:00,STN_001,Central Hub,1,20,0,0,250,241,546,1200,45.5,Medium
2026-09-01 20:00:00,STN_002,Tech Park,1,20,0,0,126,104,247,1000,24.7,Low
2026-09-01 20:00:00,STN_003,Airport Terminal,1,20,0,0,332,242,789,1500,52.6,Medium
2026-09-01 20:00:00,STN_004,City Center,1,20,0,1,333,371,772,1100,70.2,High
2026-09-01 20:00:00,STN_005,University Junction,1,20,0,0,116,91,234,900,26.0,Low
2026-09-01 20:00:00,STN_006,Financial District,1,20,0,0,172,103,333,1300,25.6,Low
2026-09-01 21:00:00,STN_001,Central Hub,1,21,0,0,243,186,548,1200,45.7,Medium
2026-09-01 21:00:00,STN_002,Tech Park,1,21,0,0,170,183,401,1000,40.1,Low
2026-09-01 21:00:00,STN_003,Airport Terminal,1,21,0,0,369,271,865,1500,57.7,Medium
2026-09-01 21:00:00,STN_004,City Center,1,21,0,0,147,143,352,1100,32.0,Low
2026-09-01 21:00:00,STN_005,University Junction,1,21,0,0,82,77,196,900,21.8,Low
2026-09-01 21:00:00,STN_006,Financial District,1,21,0,0,124,123,299,1300,23.0,Low
2026-09-01 22:00:00,STN_001,Central Hub,1,22,0,0,279,173,569,1200,47.4,Medium
2026-09-01 22:00:00,STN_002,Tech Park,1,22,0,0,100,84,245,1000,24.5,Low
2026-09-01 22:00:00,STN_003,Airport Terminal,1,22,0,0,376,329,734,1500,48.9,Medium
2026-09-01 22:00:00,STN_004,City Center,1,22,0,0,226,149,470,1100,42.7,Low
2026-09-01 22:00:00,STN_005,University Junction,1,22,0,0,161,125,317,900,35.2,Low
2026-09-01 22:00:00,STN_006,Financial District,1,22,0,0,171,188,404,1300,31.1,Low
2026-09-02 06:00:00,STN_001,Central Hub,2,6,0,0,171,148,416,1200,34.7,Low
2026-09-02 06:00:00,STN_002,Tech Park,2,6,0,0,142,88,242,1000,24.2,Low
2026-09-02 06:00:00,STN_003,Airport Terminal,2,6,0,0,395,319,801,1500,53.4,Medium
2026-09-02 06:00:00,STN_004,City Center,2,6,0,0,190,155,379,1100,34.5,Low
2026-09-02 06:00:00,STN_005,University Junction,2,6,0,0,127,124,297,900,33.0,Low
2026-09-02 06:00:00,STN_006,Financial District,2,6,0,0,195,218,448,1300,34.5,Low
2026-09-02 07:00:00,STN_001,Central Hub,2,7,0,0,229,147,478,1200,39.8,Low
2026-09-02 07:00:00,STN_002,Tech Park,2,7,0,0,204,151,410,1000,41.0,Low
2026-09-02 07:00:00,STN_003,Airport Terminal,2,7,0,0,378,246,636,1500,42.4,Low
2026-09-02 07:00:00,STN_004,City Center,2,7,0,0,216,140,362,1100,32.9,Low
2026-09-02 07:00:00,STN_005,University Junction,2,7,0,0,145,167,339,900,37.7,Low
2026-09-02 07:00:00,STN_006,Financial District,2,7,0,0,110,105,273,1300,21.0,Low
2026-09-02 08:00:00,STN_001,Central Hub,2,8,0,1,544,334,1088,1200,90.7,Critical
2026-09-02 08:00:00,STN_002,Tech Park,2,8,0,0,119,87,247,1000,24.7,Low
2026-09-02 08:00:00,STN_003,Airport Terminal,2,8,0,0,402,365,873,1500,58.2,Medium
2026-09-02 08:00:00,STN_004,City Center,2,8,0,0,312,229,582,1100,52.9,Medium
2026-09-02 08:00:00,STN_005,University Junction,2,8,0,1,249,226,522,900,58.0,Medium
2026-09-02 08:00:00,STN_006,Financial District,2,8,0,1,399,387,833,1300,64.1,Medium
2026-09-02 09:00:00,STN_001,Central Hub,2,9,0,1,423,371,949,1200,79.1,High
2026-09-02 09:00:00,STN_002,Tech Park,2,9,0,1,471,327,835,1000,83.5,High
2026-09-02 09:00:00,STN_003,Airport Terminal,2,9,0,0,396,312,752,1500,50.1,Medium
2026-09-02 09:00:00,STN_004,City Center,2,9,0,0,279,242,502,1100,45.6,Medium
2026-09-02 09:00:00,STN_005,University Junction,2,9,0,1,245,255,570,900,63.3,Medium
2026-09-02 09:00:00,STN_006,Financial District,2,9,0,1,508,302,937,1300,72.1,High
2026-09-02 10:00:00,STN_001,Central Hub,2,10,0,1,488,364,971,1200,80.9,High
2026-09-02 10:00:00,STN_002,Tech Park,2,10,0,0,159,118,336,1000,33.6,Low
2026-09-02 10:00:00,STN_003,Airport Terminal,2,10,0,0,425,289,826,1500,55.1,Medium
2026-09-02 10:00:00,STN_004,City Center,2,10,0,0,239,209,444,1100,40.4,Low
2026-09-02 10:00:00,STN_005,University Junction,2,10,0,0,168,127,311,900,34.6,Low
2026-09-02 10:00:00,STN_006,Financial District,2,10,0,0,233,226,456,1300,35.1,Low
2026-09-02 11:00:00,STN_001,Central Hub,2,11,0,0,212,214,525,1200,43.8,Low
2026-09-02 11:00:00,STN_002,Tech Park,2,11,0,0,124,67,213,1000,21.3,Low
2026-09-02 11:00:00,STN_003,Airport Terminal,2,11,0,1,662,435,1151,1500,76.7,High
2026-09-02 11:00:00,STN_004,City Center,2,11,0,0,226,147,491,1100,44.6,Low
2026-09-02 11:00:00,STN_005,University Junction,2,11,0,0,124,146,295,900,32.8,Low
2026-09-02 11:00:00,STN_006,Financial District,2,11,0,0,127,123,263,1300,20.2,Low
2026-09-02 12:00:00,STN_001,Central Hub,2,12,0,0,273,224,492,1200,41.0,Low
2026-09-02 12:00:00,STN_002,Tech Park,2,12,0,0,148,99,318,1000,31.8,Low
2026-09-02 12:00:00,STN_003,Airport Terminal,2,12,0,1,641,385,1257,1500,83.8,High
2026-09-02 12:00:00,STN_004,City Center,2,12,0,0,147,157,347,1100,31.5,Low
2026-09-02 12:00:00,STN_005,University Junction,2,12,0,0,98,80,214,900,23.8,Low
2026-09-02 12:00:00,STN_006,Financial District,2,12,0,0,154,135,366,1300,28.2,Low
2026-09-02 13:00:00,STN_001,Central Hub,2,13,0,0,153,147,361,1200,30.1,Low
2026-09-02 13:00:00,STN_002,Tech Park,2,13,0,0,155,126,263,1000,26.3,Low
2026-09-02 13:00:00,STN_003,Airport Terminal,2,13,0,1,528,419,1022,1500,68.1,Medium
2026-09-02 13:00:00,STN_004,City Center,2,13,0,0,212,204,492,1100,44.7,Low
2026-09-02 13:00:00,STN_005,University Junction,2,13,0,0,188,166,359,900,39.9,Low
2026-09-02 13:00:00,STN_006,Financial District,2,13,0,0,145,124,291,1300,22.4,Low
2026-09-02 14:00:00,STN_001,Central Hub,2,14,0,0,259,137,452,1200,37.7,Low
2026-09-02 14:00:00,STN_002,Tech Park,2,14,0,0,184,199,446,1000,44.6,Low
2026-09-02 14:00:00,STN_003,Airport Terminal,2,14,0,1,498,460,1021,1500,68.1,Medium
2026-09-02 14:00:00,STN_004,City Center,2,14,0,0,211,153,364,1100,33.1,Low
2026-09-02 14:00:00,STN_005,University Junction,2,14,0,0,176,107,351,900,39.0,Low
2026-09-02 14:00:00,STN_006,Financial District,2,14,0,0,194,205,478,1300,36.8,Low
2026-09-02 15:00:00,STN_001,Central Hub,2,15,0,0,254,166,514,1200,42.8,Low
2026-09-02 15:00:00,STN_002,Tech Park,2,15,0,0,194,196,399,1000,39.9,Low
2026-09-02 15:00:00,STN_003,Airport Terminal,2,15,0,1,430,407,1007,1500,67.1,Medium
2026-09-02 15:00:00,STN_004,City Center,2,15,0,0,158,106,341,1100,31.0,Low
2026-09-02 15:00:00,STN_005,University Junction,2,15,0,0,101,96,247,900,27.4,Low
2026-09-02 15:00:00,STN_006,Financial District,2,15,0,0,174,106,291,1300,22.4,Low
2026-09-02 16:00:00,STN_001,Central Hub,2,16,0,0,180,158,381,1200,31.8,Low
2026-09-02 16:00:00,STN_002,Tech Park,2,16,0,0,205,166,429,1000,42.9,Low
2026-09-02 16:00:00,STN_003,Airport Terminal,2,16,0,0,345,358,841,1500,56.1,Medium
2026-09-02 16:00:00,STN_004,City Center,2,16,0,1,370,322,863,1100,78.5,High
2026-09-02 16:00:00,STN_005,University Junction,2,16,0,0,162,142,297,900,33.0,Low
2026-09-02 16:00:00,STN_006,Financial District,2,16,0,0,202,150,370,1300,28.5,Low
2026-09-02 17:00:00,STN_001,Central Hub,2,17,0,1,427,346,918,1200,76.5,High
2026-09-02 17:00:00,STN_002,Tech Park,2,17,0,0,203,153,397,1000,39.7,Low
2026-09-02 17:00:00,STN_003,Airport Terminal,2,17,0,0,287,300,608,1500,40.5,Low
2026-09-02 17:00:00,STN_004,City Center,2,17,0,1,509,375,901,1100,81.9,High
2026-09-02 17:00:00,STN_005,University Junction,2,17,0,1,254,241,617,900,68.6,Medium
2026-09-02 17:00:00,STN_006,Financial District,2,17,0,1,334,239,729,1300,56.1,Medium
2026-09-02 18:00:00,STN_001,Central Hub,2,18,0,1,505,527,1118,1200,93.2,Critical
2026-09-02 18:00:00,STN_002,Tech Park,2,18,0,1,433,373,954,1000,95.4,Critical
2026-09-02 18:00:00,STN_003,Airport Terminal,2,18,0,0,375,335,715,1500,47.7,Medium
2026-09-02 18:00:00,STN_004,City Center,2,18,0,1,385,333,940,1100,85.5,Critical
2026-09-02 18:00:00,STN_005,University Junction,2,18,0,1,226,184,505,900,56.1,Medium
2026-09-02 18:00:00,STN_006,Financial District,2,18,0,1,404,352,888,1300,68.3,Medium
2026-09-02 19:00:00,STN_001,Central Hub,2,19,0,1,448,336,956,1200,79.7,High
2026-09-02 19:00:00,STN_002,Tech Park,2,19,0,0,201,110,361,1000,36.1,Low
2026-09-02 19:00:00,STN_003,Airport Terminal,2,19,0,0,444,353,851,1500,56.7,Medium
2026-09-02 19:00:00,STN_004,City Center,2,19,0,1,491,476,968,1100,88.0,Critical
2026-09-02 19:00:00,STN_005,University Junction,2,19,0,0,96,98,223,900,24.8,Low
2026-09-02 19:00:00,STN_006,Financial District,2,19,0,0,192,115,384,1300,29.5,Low
2026-09-02 20:00:00,STN_001,Central Hub,2,20,0,0,285,244,542,1200,45.2,Medium
2026-09-02 20:00:00,STN_002,Tech Park,2,20,0,0,228,185,395,1000,39.5,Low
2026-09-02 20:00:00,STN_003,Airport Terminal,2,20,0,0,469,409,892,1500,59.5,Medium
2026-09-02 20:00:00,STN_004,City Center,2,20,0,1,491,373,967,1100,87.9,Critical
2026-09-02 20:00:00,STN_005,University Junction,2,20,0,0,107,80,212,900,23.6,Low
2026-09-02 20:00:00,STN_006,Financial District,2,20,0,0,229,160,420,1300,32.3,Low
2026-09-02 21:00:00,STN_001,Central Hub,2,21,0,0,233,134,397,1200,33.1,Low
2026-09-02 21:00:00,STN_002,Tech Park,2,21,0,0,140,147,309,1000,30.9,Low
2026-09-02 21:00:00,STN_003,Airport Terminal,2,21,0,0,415,321,749,1500,49.9,Medium
2026-09-02 21:00:00,STN_004,City Center,2,21,0,0,301,294,598,1100,54.4,Medium
2026-09-02 21:00:00,STN_005,University Junction,2,21,0,0,116,77,220,900,24.4,Low
2026-09-02 21:00:00,STN_006,Financial District,2,21,0,0,147,103,295,1300,22.7,Low
2026-09-02 22:00:00,STN_001,Central Hub,2,22,0,0,137,154,314,1200,26.2,Low
2026-09-02 22:00:00,STN_002,Tech Park,2,22,0,0,128,122,268,1000,26.8,Low
2026-09-02 22:00:00,STN_003,Airport Terminal,2,22,0,0,306,282,683,1500,45.5,Medium
2026-09-02 22:00:00,STN_004,City Center,2,22,0,0,227,246,531,1100,48.3,Medium
2026-09-02 22:00:00,STN_005,University Junction,2,22,0,0,159,110,339,900,37.7,Low
2026-09-02 22:00:00,STN_006,Financial District,2,22,0,0,283,210,499,1300,38.4,Low
2026-09-03 06:00:00,STN_001,Central Hub,3,6,0,0,349,221,599,1200,49.9,Medium
2026-09-03 06:00:00,STN_002,Tech Park,3,6,0,0,184,128,369,1000,36.9,Low
2026-09-03 06:00:00,STN_003,Airport Terminal,3,6,0,0,447,292,819,1500,54.6,Medium
2026-09-03 06:00:00,STN_004,City Center,3,6,0,0,201,168,346,1100,31.5,Low
2026-09-03 06:00:00,STN_005,University Junction,3,6,0,0,152,125,336,900,37.3,Low
2026-09-03 06:00:00,STN_006,Financial District,3,6,0,0,134,87,261,1300,20.1,Low
2026-09-03 07:00:00,STN_001,Central Hub,3,7,0,0,179,188,385,1200,32.1,Low
2026-09-03 07:00:00,STN_002,Tech Park,3,7,0,0,158,148,321,1000,32.1,Low
2026-09-03 07:00:00,STN_003,Airport Terminal,3,7,0,0,370,293,742,1500,49.5,Medium
2026-09-03 07:00:00,STN_004,City Center,3,7,0,0,209,197,435,1100,39.5,Low
2026-09-03 07:00:00,STN_005,University Junction,3,7,0,0,172,118,338,900,37.6,Low
2026-09-03 07:00:00,STN_006,Financial District,3,7,0,0,182,178,375,1300,28.8,Low
2026-09-03 08:00:00,STN_001,Central Hub,3,8,0,1,440,354,996,1200,83.0,High
2026-09-03 08:00:00,STN_002,Tech Park,3,8,0,0,102,74,206,1000,20.6,Low
2026-09-03 08:00:00,STN_003,Airport Terminal,3,8,0,0,480,281,811,1500,54.1,Medium
2026-09-03 08:00:00,STN_004,City Center,3,8,0,0,239,161,438,1100,39.8,Low
2026-09-03 08:00:00,STN_005,University Junction,3,8,0,1,368,241,647,900,71.9,High
2026-09-03 08:00:00,STN_006,Financial District,3,8,0,1,350,338,846,1300,65.1,Medium
2026-09-03 09:00:00,STN_001,Central Hub,3,9,0,1,498,318,929,1200,77.4,High
2026-09-03 09:00:00,STN_002,Tech Park,3,9,0,1,466,260,803,1000,80.3,High
2026-09-03 09:00:00,STN_003,Airport Terminal,3,9,0,0,324,364,730,1500,48.7,Medium
2026-09-03 09:00:00,STN_004,City Center,3,9,0,0,163,130,331,1100,30.1,Low
2026-09-03 09:00:00,STN_005,University Junction,3,9,0,1,239,155,497,900,55.2,Medium
2026-09-03 09:00:00,STN_006,Financial District,3,9,0,1,311,273,751,1300,57.8,Medium
2026-09-03 10:00:00,STN_001,Central Hub,3,10,0,1,527,384,978,1200,81.5,High
2026-09-03 10:00:00,STN_002,Tech Park,3,10,0,0,263,136,440,1000,44.0,Low
2026-09-03 10:00:00,STN_003,Airport Terminal,3,10,0,0,346,324,681,1500,45.4,Medium
2026-09-03 10:00:00,STN_004,City Center,3,10,0,0,176,116,366,1100,33.3,Low
2026-09-03 10:00:00,STN_005,University Junction,3,10,0,0,112,125,274,900,30.4,Low
2026-09-03 10:00:00,STN_006,Financial District,3,10,0,0,146,86,288,1300,22.2,Low
2026-09-03 11:00:00,STN_001,Central Hub,3,11,0,0,208,123,366,1200,30.5,Low
2026-09-03 11:00:00,STN_002,Tech Park,3,11,0,0,137,105,262,1000,26.2,Low
2026-09-03 11:00:00,STN_003,Airport Terminal,3,11,0,1,578,448,1010,1500,67.3,Medium
2026-09-03 11:00:00,STN_004,City Center,3,11,0,0,156,133,377,1100,34.3,Low
2026-09-03 11:00:00,STN_005,University Junction,3,11,0,0,171,108,312,900,34.7,Low
2026-09-03 11:00:00,STN_006,Financial District,3,11,0,0,286,195,513,1300,39.5,Low
2026-09-03 12:00:00,STN_001,Central Hub,3,12,0,0,223,208,422,1200,35.2,Low
2026-09-03 12:00:00,STN_002,Tech Park,3,12,0,0,117,93,201,1000,20.1,Low
2026-09-03 12:00:00,STN_003,Airport Terminal,3,12,0,1,603,439,1040,1500,69.3,Medium
2026-09-03 12:00:00,STN_004,City Center,3,12,0,0,283,184,480,1100,43.6,Low
2026-09-03 12:00:00,STN_005,University Junction,3,12,0,0,109,121,262,900,29.1,Low
2026-09-03 12:00:00,STN_006,Financial District,3,12,0,0,185,141,353,1300,27.2,Low
2026-09-03 13:00:00,STN_001,Central Hub,3,13,0,0,156,124,321,1200,26.8,Low
2026-09-03 13:00:00,STN_002,Tech Park,3,13,0,0,209,143,362,1000,36.2,Low
2026-09-03 13:00:00,STN_003,Airport Terminal,3,13,0,1,543,497,1096,1500,73.1,High
2026-09-03 13:00:00,STN_004,City Center,3,13,0,0,229,269,563,1100,51.2,Medium
2026-09-03 13:00:00,STN_005,University Junction,3,13,0,0,168,141,355,900,39.4,Low
2026-09-03 13:00:00,STN_006,Financial District,3,13,0,0,251,156,427,1300,32.8,Low
2026-09-03 14:00:00,STN_001,Central Hub,3,14,0,0,146,151,330,1200,27.5,Low
2026-09-03 14:00:00,STN_002,Tech Park,3,14,0,0,129,79,217,1000,21.7,Low
2026-09-03 14:00:00,STN_003,Airport Terminal,3,14,0,1,519,308,983,1500,65.5,Medium
2026-09-03 14:00:00,STN_004,City Center,3,14,0,0,206,181,368,1100,33.5,Low
2026-09-03 14:00:00,STN_005,University Junction,3,14,0,0,109,76,186,900,20.7,Low
2026-09-03 14:00:00,STN_006,Financial District,3,14,0,0,151,105,288,1300,22.2,Low
2026-09-03 15:00:00,STN_001,Central Hub,3,15,0,0,195,157,382,1200,31.8,Low
2026-09-03 15:00:00,STN_002,Tech Park,3,15,0,0,145,109,312,1000,31.2,Low
2026-09-03 15:00:00,STN_003,Airport Terminal,3,15,0,1,514,419,1145,1500,76.3,High
2026-09-03 15:00:00,STN_004,City Center,3,15,0,0,280,293,601,1100,54.6,Medium
2026-09-03 15:00:00,STN_005,University Junction,3,15,0,0,141,147,311,900,34.6,Low
2026-09-03 15:00:00,STN_006,Financial District,3,15,0,0,150,97,312,1300,24.0,Low
2026-09-03 16:00:00,STN_001,Central Hub,3,16,0,0,162,137,359,1200,29.9,Low
2026-09-03 16:00:00,STN_002,Tech Park,3,16,0,0,187,121,319,1000,31.9,Low
2026-09-03 16:00:00,STN_003,Airport Terminal,3,16,0,0,385,325,670,1500,44.7,Low
2026-09-03 16:00:00,STN_004,City Center,3,16,0,1,379,405,861,1100,78.3,High
2026-09-03 16:00:00,STN_005,University Junction,3,16,0,0,104,123,261,900,29.0,Low
2026-09-03 16:00:00,STN_006,Financial District,3,16,0,0,109,83,265,1300,20.4,Low
2026-09-03 17:00:00,STN_001,Central Hub,3,17,0,1,588,511,1097,1200,91.4,Critical
2026-09-03 17:00:00,STN_002,Tech Park,3,17,0,0,174,178,419,1000,41.9,Low
2026-09-03 17:00:00,STN_003,Airport Terminal,3,17,0,0,345,309,661,1500,44.1,Low
2026-09-03 17:00:00,STN_004,City Center,3,17,0,1,396,318,860,1100,78.2,High
2026-09-03 17:00:00,STN_005,University Junction,3,17,0,1,360,242,604,900,67.1,Medium
2026-09-03 17:00:00,STN_006,Financial District,3,17,0,1,355,284,857,1300,65.9,Medium
2026-09-03 18:00:00,STN_001,Central Hub,3,18,0,1,541,511,1118,1200,93.2,Critical
2026-09-03 18:00:00,STN_002,Tech Park,3,18,0,1,366,342,810,1000,81.0,High
2026-09-03 18:00:00,STN_003,Airport Terminal,3,18,0,0,418,293,758,1500,50.5,Medium
2026-09-03 18:00:00,STN_004,City Center,3,18,0,1,551,453,973,1100,88.5,Critical
2026-09-03 18:00:00,STN_005,University Junction,3,18,0,1,277,262,560,900,62.2,Medium
2026-09-03 18:00:00,STN_006,Financial District,3,18,0,1,418,432,945,1300,72.7,High
2026-09-03 19:00:00,STN_001,Central Hub,3,19,0,1,534,387,1106,1200,92.2,Critical
2026-09-03 19:00:00,STN_002,Tech Park,3,19,0,0,175,197,413,1000,41.3,Low
2026-09-03 19:00:00,STN_003,Airport Terminal,3,19,0,0,357,348,850,1500,56.7,Medium
2026-09-03 19:00:00,STN_004,City Center,3,19,0,1,423,326,828,1100,75.3,High
2026-09-03 19:00:00,STN_005,University Junction,3,19,0,0,87,87,211,900,23.4,Low
2026-09-03 19:00:00,STN_006,Financial District,3,19,0,0,212,247,505,1300,38.8,Low
2026-09-03 20:00:00,STN_001,Central Hub,3,20,0,0,173,121,300,1200,25.0,Low
2026-09-03 20:00:00,STN_002,Tech Park,3,20,0,0,107,99,254,1000,25.4,Low
2026-09-03 20:00:00,STN_003,Airport Terminal,3,20,0,0,303,270,727,1500,48.5,Medium
2026-09-03 20:00:00,STN_004,City Center,3,20,0,1,528,428,884,1100,80.4,High
2026-09-03 20:00:00,STN_005,University Junction,3,20,0,0,198,147,344,900,38.2,Low
2026-09-03 20:00:00,STN_006,Financial District,3,20,0,0,164,188,409,1300,31.5,Low
2026-09-03 21:00:00,STN_001,Central Hub,3,21,0,0,151,124,312,1200,26.0,Low
2026-09-03 21:00:00,STN_002,Tech Park,3,21,0,0,158,119,372,1000,37.2,Low
2026-09-03 21:00:00,STN_003,Airport Terminal,3,21,0,0,363,238,621,1500,41.4,Low
2026-09-03 21:00:00,STN_004,City Center,3,21,0,0,227,211,475,1100,43.2,Low
2026-09-03 21:00:00,STN_005,University Junction,3,21,0,0,145,113,281,900,31.2,Low
2026-09-03 21:00:00,STN_006,Financial District,3,21,0,0,134,156,334,1300,25.7,Low
2026-09-03 22:00:00,STN_001,Central Hub,3,22,0,0,272,236,564,1200,47.0,Medium
2026-09-03 22:00:00,STN_002,Tech Park,3,22,0,0,156,83,268,1000,26.8,Low
2026-09-03 22:00:00,STN_003,Airport Terminal,3,22,0,0,386,315,666,1500,44.4,Low
2026-09-03 22:00:00,STN_004,City Center,3,22,0,0,214,162,444,1100,40.4,Low
2026-09-03 22:00:00,STN_005,University Junction,3,22,0,0,113,95,266,900,29.6,Low
2026-09-03 22:00:00,STN_006,Financial District,3,22,0,0,202,194,492,1300,37.8,Low
2026-09-04 06:00:00,STN_001,Central Hub,4,6,0,0,216,180,472,1200,39.3,Low
2026-09-04 06:00:00,STN_002,Tech Park,4,6,0,0,132,90,232,1000,23.2,Low
2026-09-04 06:00:00,STN_003,Airport Terminal,4,6,0,0,532,420,889,1500,59.3,Medium
2026-09-04 06:00:00,STN_004,City Center,4,6,0,0,298,248,564,1100,51.3,Medium
2026-09-04 06:00:00,STN_005,University Junction,4,6,0,0,193,127,331,900,36.8,Low
2026-09-04 06:00:00,STN_006,Financial District,4,6,0,0,168,110,291,1300,22.4,Low
2026-09-04 07:00:00,STN_001,Central Hub,4,7,0,0,144,119,322,1200,26.8,Low
2026-09-04 07:00:00,STN_002,Tech Park,4,7,0,0,114,99,274,1000,27.4,Low
2026-09-04 07:00:00,STN_003,Airport Terminal,4,7,0,0,342,269,795,1500,53.0,Medium
2026-09-04 07:00:00,STN_004,City Center,4,7,0,0,207,171,442,1100,40.2,Low
2026-09-04 07:00:00,STN_005,University Junction,4,7,0,0,136,111,329,900,36.6,Low
2026-09-04 07:00:00,STN_006,Financial District,4,7,0,0,256,164,451,1300,34.7,Low
2026-09-04 08:00:00,STN_001,Central Hub,4,8,0,1,564,473,1081,1200,90.1,Critical
2026-09-04 08:00:00,STN_002,Tech Park,4,8,0,0,149,130,300,1000,30.0,Low
2026-09-04 08:00:00,STN_003,Airport Terminal,4,8,0,0,350,247,715,1500,47.7,Medium
2026-09-04 08:00:00,STN_004,City Center,4,8,0,0,221,198,429,1100,39.0,Low
2026-09-04 08:00:00,STN_005,University Junction,4,8,0,1,247,154,497,900,55.2,Medium
2026-09-04 08:00:00,STN_006,Financial District,4,8,0,1,531,412,927,1300,71.3,High
2026-09-04 09:00:00,STN_001,Central Hub,4,9,0,1,560,370,1016,1200,84.7,High
2026-09-04 09:00:00,STN_002,Tech Park,4,9,0,1,516,481,964,1000,96.4,Critical
2026-09-04 09:00:00,STN_003,Airport Terminal,4,9,0,0,268,236,629,1500,41.9,Low
2026-09-04 09:00:00,STN_004,City Center,4,9,0,0,282,184,598,1100,54.4,Medium
2026-09-04 09:00:00,STN_005,University Junction,4,9,0,1,298,273,564,900,62.7,Medium
2026-09-04 09:00:00,STN_006,Financial District,4,9,0,1,453,433,870,1300,66.9,Medium
2026-09-04 10:00:00,STN_001,Central Hub,4,10,0,1,542,467,1124,1200,93.7,Critical
2026-09-04 10:00:00,STN_002,Tech Park,4,10,0,0,226,124,381,1000,38.1,Low
2026-09-04 10:00:00,STN_003,Airport Terminal,4,10,0,0,387,383,872,1500,58.1,Medium
2026-09-04 10:00:00,STN_004,City Center,4,10,0,0,307,253,537,1100,48.8,Medium
2026-09-04 10:00:00,STN_005,University Junction,4,10,0,0,175,148,298,900,33.1,Low
2026-09-04 10:00:00,STN_006,Financial District,4,10,0,0,154,112,349,1300,26.8,Low
2026-09-04 11:00:00,STN_001,Central Hub,4,11,0,0,292,195,556,1200,46.3,Medium
2026-09-04 11:00:00,STN_002,Tech Park,4,11,0,0,200,137,370,1000,37.0,Low
2026-09-04 11:00:00,STN_003,Airport Terminal,4,11,0,1,576,465,1197,1500,79.8,High
2026-09-04 11:00:00,STN_004,City Center,4,11,0,0,270,220,555,1100,50.5,Medium
2026-09-04 11:00:00,STN_005,University Junction,4,11,0,0,193,102,326,900,36.2,Low
2026-09-04 11:00:00,STN_006,Financial District,4,11,0,0,162,128,301,1300,23.2,Low
2026-09-04 12:00:00,STN_001,Central Hub,4,12,0,0,187,159,336,1200,28.0,Low
2026-09-04 12:00:00,STN_002,Tech Park,4,12,0,0,180,135,335,1000,33.5,Low
2026-09-04 12:00:00,STN_003,Airport Terminal,4,12,0,1,556,393,1143,1500,76.2,High
2026-09-04 12:00:00,STN_004,City Center,4,12,0,0,195,140,424,1100,38.5,Low
2026-09-04 12:00:00,STN_005,University Junction,4,12,0,0,179,146,314,900,34.9,Low
2026-09-04 12:00:00,STN_006,Financial District,4,12,0,0,238,225,495,1300,38.1,Low
2026-09-04 13:00:00,STN_001,Central Hub,4,13,0,0,227,193,440,1200,36.7,Low
2026-09-04 13:00:00,STN_002,Tech Park,4,13,0,0,222,198,442,1000,44.2,Low
2026-09-04 13:00:00,STN_003,Airport Terminal,4,13,0,1,540,429,1000,1500,66.7,Medium
2026-09-04 13:00:00,STN_004,City Center,4,13,0,0,253,170,447,1100,40.6,Low
2026-09-04 13:00:00,STN_005,University Junction,4,13,0,0,121,118,256,900,28.4,Low
2026-09-04 13:00:00,STN_006,Financial District,4,13,0,0,136,95,277,1300,21.3,Low
2026-09-04 14:00:00,STN_001,Central Hub,4,14,0,0,245,203,436,1200,36.3,Low
2026-09-04 14:00:00,STN_002,Tech Park,4,14,0,0,110,99,223,1000,22.3,Low
2026-09-04 14:00:00,STN_003,Airport Terminal,4,14,0,1,712,386,1262,1500,84.1,High
2026-09-04 14:00:00,STN_004,City Center,4,14,0,0,178,195,434,1100,39.5,Low
2026-09-04 14:00:00,STN_005,University Junction,4,14,0,0,154,84,281,900,31.2,Low
2026-09-04 14:00:00,STN_006,Financial District,4,14,0,0,292,211,494,1300,38.0,Low
2026-09-04 15:00:00,STN_001,Central Hub,4,15,0,0,229,216,474,1200,39.5,Low
2026-09-04 15:00:00,STN_002,Tech Park,4,15,0,0,184,118,334,1000,33.4,Low
2026-09-04 15:00:00,STN_003,Airport Terminal,4,15,0,1,548,317,1000,1500,66.7,Medium
2026-09-04 15:00:00,STN_004,City Center,4,15,0,0,171,193,423,1100,38.5,Low
2026-09-04 15:00:00,STN_005,University Junction,4,15,0,0,105,106,248,900,27.6,Low
2026-09-04 15:00:00,STN_006,Financial District,4,15,0,0,117,115,263,1300,20.2,Low
2026-09-04 16:00:00,STN_001,Central Hub,4,16,0,0,237,180,587,1200,48.9,Medium
2026-09-04 16:00:00,STN_002,Tech Park,4,16,0,0,138,114,293,1000,29.3,Low
2026-09-04 16:00:00,STN_003,Airport Terminal,4,16,0,0,363,295,642,1500,42.8,Low
2026-09-04 16:00:00,STN_004,City Center,4,16,0,1,486,454,940,1100,85.5,Critical
2026-09-04 16:00:00,STN_005,University Junction,4,16,0,0,117,140,291,900,32.3,Low
2026-09-04 16:00:00,STN_006,Financial District,4,16,0,0,155,130,385,1300,29.6,Low
2026-09-04 17:00:00,STN_001,Central Hub,4,17,0,1,526,338,994,1200,82.8,High
2026-09-04 17:00:00,STN_002,Tech Park,4,17,0,0,96,68,226,1000,22.6,Low
2026-09-04 17:00:00,STN_003,Airport Terminal,4,17,0,0,356,210,692,1500,46.1,Medium
2026-09-04 17:00:00,STN_004,City Center,4,17,0,1,390,292,772,1100,70.2,High
2026-09-04 17:00:00,STN_005,University Junction,4,17,0,1,299,208,515,900,57.2,Medium
2026-09-04 17:00:00,STN_006,Financial District,4,17,0,1,324,240,781,1300,60.1,Medium
2026-09-04 18:00:00,STN_001,Central Hub,4,18,0,1,575,309,974,1200,81.2,High
2026-09-04 18:00:00,STN_002,Tech Park,4,18,0,1,491,345,875,1000,87.5,Critical
2026-09-04 18:00:00,STN_003,Airport Terminal,4,18,0,0,347,263,731,1500,48.7,Medium
2026-09-04 18:00:00,STN_004,City Center,4,18,0,1,322,387,802,1100,72.9,High
2026-09-04 18:00:00,STN_005,University Junction,4,18,0,1,229,175,508,900,56.4,Medium
2026-09-04 18:00:00,STN_006,Financial District,4,18,0,1,355,294,731,1300,56.2,Medium
2026-09-04 19:00:00,STN_001,Central Hub,4,19,0,1,519,314,954,1200,79.5,High
2026-09-04 19:00:00,STN_002,Tech Park,4,19,0,0,171,141,394,1000,39.4,Low
2026-09-04 19:00:00,STN_003,Airport Terminal,4,19,0,0,390,294,833,1500,55.5,Medium
2026-09-04 19:00:00,STN_004,City Center,4,19,0,1,375,254,831,1100,75.5,High
2026-09-04 19:00:00,STN_005,University Junction,4,19,0,0,114,81,254,900,28.2,Low
2026-09-04 19:00:00,STN_006,Financial District,4,19,0,0,146,116,355,1300,27.3,Low
2026-09-04 20:00:00,STN_001,Central Hub,4,20,0,0,233,203,582,1200,48.5,Medium
2026-09-04 20:00:00,STN_002,Tech Park,4,20,0,0,247,136,426,1000,42.6,Low
2026-09-04 20:00:00,STN_003,Airport Terminal,4,20,0,0,432,320,876,1500,58.4,Medium
2026-09-04 20:00:00,STN_004,City Center,4,20,0,1,412,249,780,1100,70.9,High
2026-09-04 20:00:00,STN_005,University Junction,4,20,0,0,147,121,328,900,36.4,Low
2026-09-04 20:00:00,STN_006,Financial District,4,20,0,0,143,148,347,1300,26.7,Low
2026-09-04 21:00:00,STN_001,Central Hub,4,21,0,0,260,188,484,1200,40.3,Low
2026-09-04 21:00:00,STN_002,Tech Park,4,21,0,0,245,193,417,1000,41.7,Low
2026-09-04 21:00:00,STN_003,Airport Terminal,4,21,0,0,321,324,748,1500,49.9,Medium
2026-09-04 21:00:00,STN_004,City Center,4,21,0,0,332,279,576,1100,52.4,Medium
2026-09-04 21:00:00,STN_005,University Junction,4,21,0,0,138,85,259,900,28.8,Low
2026-09-04 21:00:00,STN_006,Financial District,4,21,0,0,126,134,310,1300,23.8,Low
2026-09-04 22:00:00,STN_001,Central Hub,4,22,0,0,175,131,332,1200,27.7,Low
2026-09-04 22:00:00,STN_002,Tech Park,4,22,0,0,154,134,379,1000,37.9,Low
2026-09-04 22:00:00,STN_003,Airport Terminal,4,22,0,0,322,268,751,1500,50.1,Medium
2026-09-04 22:00:00,STN_004,City Center,4,22,0,0,183,198,417,1100,37.9,Low
2026-09-04 22:00:00,STN_005,University Junction,4,22,0,0,95,100,207,900,23.0,Low
2026-09-04 22:00:00,STN_006,Financial District,4,22,0,0,249,213,449,1300,34.5,Low
2026-09-05 06:00:00,STN_001,Central Hub,5,6,1,0,223,190,527,1200,43.9,Low
2026-09-05 06:00:00,STN_002,Tech Park,5,6,1,0,192,136,329,1000,32.9,Low
2026-09-05 06:00:00,STN_003,Airport Terminal,5,6,1,0,477,395,820,1500,54.7,Medium
2026-09-05 06:00:00,STN_004,City Center,5,6,1,0,170,162,330,1100,30.0,Low
2026-09-05 06:00:00,STN_005,University Junction,5,6,1,0,138,97,269,900,29.9,Low
2026-09-05 06:00:00,STN_006,Financial District,5,6,1,0,201,125,348,1300,26.8,Low
2026-09-05 07:00:00,STN_001,Central Hub,5,7,1,0,227,206,419,1200,34.9,Low
2026-09-05 07:00:00,STN_002,Tech Park,5,7,1,0,145,93,271,1000,27.1,Low
2026-09-05 07:00:00,STN_003,Airport Terminal,5,7,1,0,303,279,714,1500,47.6,Medium
2026-09-05 07:00:00,STN_004,City Center,5,7,1,0,251,237,479,1100,43.5,Low
2026-09-05 07:00:00,STN_005,University Junction,5,7,1,0,93,77,196,900,21.8,Low
2026-09-05 07:00:00,STN_006,Financial District,5,7,1,0,243,212,515,1300,39.6,Low
2026-09-05 08:00:00,STN_001,Central Hub,5,8,1,0,276,183,515,1200,42.9,Low
2026-09-05 08:00:00,STN_002,Tech Park,5,8,1,0,125,92,248,1000,24.8,Low
2026-09-05 08:00:00,STN_003,Airport Terminal,5,8,1,0,282,251,602,1500,40.1,Low
2026-09-05 08:00:00,STN_004,City Center,5,8,1,0,160,136,360,1100,32.7,Low
2026-09-05 08:00:00,STN_005,University Junction,5,8,1,0,155,99,260,900,28.9,Low
2026-09-05 08:00:00,STN_006,Financial District,5,8,1,0,196,183,462,1300,35.5,Low
2026-09-05 09:00:00,STN_001,Central Hub,5,9,1,0,246,164,417,1200,34.8,Low
2026-09-05 09:00:00,STN_002,Tech Park,5,9,1,0,170,110,307,1000,30.7,Low
2026-09-05 09:00:00,STN_003,Airport Terminal,5,9,1,0,356,328,802,1500,53.5,Medium
2026-09-05 09:00:00,STN_004,City Center,5,9,1,0,241,174,481,1100,43.7,Low
2026-09-05 09:00:00,STN_005,University Junction,5,9,1,0,149,117,301,900,33.4,Low
2026-09-05 09:00:00,STN_006,Financial District,5,9,1,0,248,206,476,1300,36.6,Low
2026-09-05 10:00:00,STN_001,Central Hub,5,10,1,0,175,144,325,1200,27.1,Low
2026-09-05 10:00:00,STN_002,Tech Park,5,10,1,0,218,118,372,1000,37.2,Low
2026-09-05 10:00:00,STN_003,Airport Terminal,5,10,1,0,456,367,790,1500,52.7,Medium
2026-09-05 10:00:00,STN_004,City Center,5,10,1,0,223,191,485,1100,44.1,Low
2026-09-05 10:00:00,STN_005,University Junction,5,10,1,0,104,87,182,900,20.2,Low
2026-09-05 10:00:00,STN_006,Financial District,5,10,1,0,202,144,353,1300,27.2,Low
2026-09-05 11:00:00,STN_001,Central Hub,5,11,1,0,175,131,379,1200,31.6,Low
2026-09-05 11:00:00,STN_002,Tech Park,5,11,1,0,116,123,258,1000,25.8,Low
2026-09-05 11:00:00,STN_003,Airport Terminal,5,11,1,1,509,358,1096,1500,73.1,High
2026-09-05 11:00:00,STN_004,City Center,5,11,1,0,237,176,415,1100,37.7,Low
2026-09-05 11:00:00,STN_005,University Junction,5,11,1,0,130,98,247,900,27.4,Low
2026-09-05 11:00:00,STN_006,Financial District,5,11,1,0,140,139,296,1300,22.8,Low
2026-09-05 12:00:00,STN_001,Central Hub,5,12,1,0,332,218,594,1200,49.5,Medium
2026-09-05 12:00:00,STN_002,Tech Park,5,12,1,0,128,81,225,1000,22.5,Low
2026-09-05 12:00:00,STN_003,Airport Terminal,5,12,1,1,507,452,1039,1500,69.3,Medium
2026-09-05 12:00:00,STN_004,City Center,5,12,1,0,237,228,481,1100,43.7,Low
2026-09-05 12:00:00,STN_005,University Junction,5,12,1,0,136,128,272,900,30.2,Low
2026-09-05 12:00:00,STN_006,Financial District,5,12,1,0,180,202,425,1300,32.7,Low
2026-09-05 13:00:00,STN_001,Central Hub,5,13,1,0,210,127,415,1200,34.6,Low
2026-09-05 13:00:00,STN_002,Tech Park,5,13,1,0,206,130,393,1000,39.3,Low
2026-09-05 13:00:00,STN_003,Airport Terminal,5,13,1,1,486,310,1034,1500,68.9,Medium
2026-09-05 13:00:00,STN_004,City Center,5,13,1,0,207,186,436,1100,39.6,Low
2026-09-05 13:00:00,STN_005,University Junction,5,13,1,0,106,76,218,900,24.2,Low
2026-09-05 13:00:00,STN_006,Financial District,5,13,1,0,108,91,266,1300,20.5,Low
2026-09-05 14:00:00,STN_001,Central Hub,5,14,1,0,223,191,489,1200,40.8,Low
2026-09-05 14:00:00,STN_002,Tech Park,5,14,1,0,226,166,410,1000,41.0,Low
2026-09-05 14:00:00,STN_003,Airport Terminal,5,14,1,1,646,383,1215,1500,81.0,High
2026-09-05 14:00:00,STN_004,City Center,5,14,1,0,210,153,474,1100,43.1,Low
2026-09-05 14:00:00,STN_005,University Junction,5,14,1,0,97,79,182,900,20.2,Low
2026-09-05 14:00:00,STN_006,Financial District,5,14,1,0,185,154,385,1300,29.6,Low
2026-09-05 15:00:00,STN_001,Central Hub,5,15,1,0,309,266,561,1200,46.8,Medium
2026-09-05 15:00:00,STN_002,Tech Park,5,15,1,0,180,122,351,1000,35.1,Low
2026-09-05 15:00:00,STN_003,Airport Terminal,5,15,1,1,528,412,1265,1500,84.3,High
2026-09-05 15:00:00,STN_004,City Center,5,15,1,0,217,193,510,1100,46.4,Medium
2026-09-05 15:00:00,STN_005,University Junction,5,15,1,0,99,87,214,900,23.8,Low
2026-09-05 15:00:00,STN_006,Financial District,5,15,1,0,145,116,318,1300,24.5,Low
2026-09-05 16:00:00,STN_001,Central Hub,5,16,1,0,154,148,362,1200,30.2,Low
2026-09-05 16:00:00,STN_002,Tech Park,5,16,1,0,148,84,263,1000,26.3,Low
2026-09-05 16:00:00,STN_003,Airport Terminal,5,16,1,0,406,258,685,1500,45.7,Medium
2026-09-05 16:00:00,STN_004,City Center,5,16,1,1,529,427,978,1100,88.9,Critical
2026-09-05 16:00:00,STN_005,University Junction,5,16,1,0,86,85,189,900,21.0,Low
2026-09-05 16:00:00,STN_006,Financial District,5,16,1,0,157,128,289,1300,22.2,Low
2026-09-05 17:00:00,STN_001,Central Hub,5,17,1,0,221,146,456,1200,38.0,Low
2026-09-05 17:00:00,STN_002,Tech Park,5,17,1,0,221,188,390,1000,39.0,Low
2026-09-05 17:00:00,STN_003,Airport Terminal,5,17,1,0,446,390,864,1500,57.6,Medium
2026-09-05 17:00:00,STN_004,City Center,5,17,1,1,451,279,919,1100,83.5,High
2026-09-05 17:00:00,STN_005,University Junction,5,17,1,0,126,115,263,900,29.2,Low
2026-09-05 17:00:00,STN_006,Financial District,5,17,1,0,232,197,478,1300,36.8,Low
2026-09-05 18:00:00,STN_001,Central Hub,5,18,1,0,279,243,568,1200,47.3,Medium
2026-09-05 18:00:00,STN_002,Tech Park,5,18,1,0,135,139,280,1000,28.0,Low
2026-09-05 18:00:00,STN_003,Airport Terminal,5,18,1,0,401,271,809,1500,53.9,Medium
2026-09-05 18:00:00,STN_004,City Center,5,18,1,1,371,290,819,1100,74.5,High
2026-09-05 18:00:00,STN_005,University Junction,5,18,1,0,163,108,329,900,36.6,Low
2026-09-05 18:00:00,STN_006,Financial District,5,18,1,0,208,128,385,1300,29.6,Low
2026-09-05 19:00:00,STN_001,Central Hub,5,19,1,0,144,138,309,1200,25.8,Low
2026-09-05 19:00:00,STN_002,Tech Park,5,19,1,0,239,158,432,1000,43.2,Low
2026-09-05 19:00:00,STN_003,Airport Terminal,5,19,1,0,299,275,628,1500,41.9,Low
2026-09-05 19:00:00,STN_004,City Center,5,19,1,1,566,349,973,1100,88.5,Critical
2026-09-05 19:00:00,STN_005,University Junction,5,19,1,0,159,160,335,900,37.2,Low
2026-09-05 19:00:00,STN_006,Financial District,5,19,1,0,141,133,316,1300,24.3,Low
2026-09-05 20:00:00,STN_001,Central Hub,5,20,1,0,207,177,427,1200,35.6,Low
2026-09-05 20:00:00,STN_002,Tech Park,5,20,1,0,84,70,203,1000,20.3,Low
2026-09-05 20:00:00,STN_003,Airport Terminal,5,20,1,0,382,313,685,1500,45.7,Medium
2026-09-05 20:00:00,STN_004,City Center,5,20,1,1,502,309,903,1100,82.1,High
2026-09-05 20:00:00,STN_005,University Junction,5,20,1,0,126,124,258,900,28.7,Low
2026-09-05 20:00:00,STN_006,Financial District,5,20,1,0,169,127,334,1300,25.7,Low
2026-09-05 21:00:00,STN_001,Central Hub,5,21,1,0,254,214,478,1200,39.8,Low
2026-09-05 21:00:00,STN_002,Tech Park,5,21,1,0,127,126,269,1000,26.9,Low
2026-09-05 21:00:00,STN_003,Airport Terminal,5,21,1,0,395,356,816,1500,54.4,Medium
2026-09-05 21:00:00,STN_004,City Center,5,21,1,0,204,138,417,1100,37.9,Low
2026-09-05 21:00:00,STN_005,University Junction,5,21,1,0,118,108,278,900,30.9,Low
2026-09-05 21:00:00,STN_006,Financial District,5,21,1,0,283,162,503,1300,38.7,Low
2026-09-05 22:00:00,STN_001,Central Hub,5,22,1,0,144,127,321,1200,26.8,Low
2026-09-05 22:00:00,STN_002,Tech Park,5,22,1,0,179,101,327,1000,32.7,Low
2026-09-05 22:00:00,STN_003,Airport Terminal,5,22,1,0,354,394,878,1500,58.5,Medium
2026-09-05 22:00:00,STN_004,City Center,5,22,1,0,222,145,450,1100,40.9,Low
2026-09-05 22:00:00,STN_005,University Junction,5,22,1,0,153,102,265,900,29.4,Low
2026-09-05 22:00:00,STN_006,Financial District,5,22,1,0,156,146,389,1300,29.9,Low
2026-09-06 06:00:00,STN_001,Central Hub,6,6,1,0,289,225,529,1200,44.1,Low
2026-09-06 06:00:00,STN_002,Tech Park,6,6,1,0,167,169,396,1000,39.6,Low
2026-09-06 06:00:00,STN_003,Airport Terminal,6,6,1,0,405,289,894,1500,59.6,Medium
2026-09-06 06:00:00,STN_004,City Center,6,6,1,0,258,211,472,1100,42.9,Low
2026-09-06 06:00:00,STN_005,University Junction,6,6,1,0,99,90,235,900,26.1,Low
2026-09-06 06:00:00,STN_006,Financial District,6,6,1,0,256,177,505,1300,38.8,Low
2026-09-06 07:00:00,STN_001,Central Hub,6,7,1,0,181,105,308,1200,25.7,Low
2026-09-06 07:00:00,STN_002,Tech Park,6,7,1,0,106,67,214,1000,21.4,Low
2026-09-06 07:00:00,STN_003,Airport Terminal,6,7,1,0,341,411,854,1500,56.9,Medium
2026-09-06 07:00:00,STN_004,City Center,6,7,1,0,267,256,588,1100,53.5,Medium
2026-09-06 07:00:00,STN_005,University Junction,6,7,1,0,96,105,225,900,25.0,Low
2026-09-06 07:00:00,STN_006,Financial District,6,7,1,0,209,213,436,1300,33.5,Low
2026-09-06 08:00:00,STN_001,Central Hub,6,8,1,0,219,195,407,1200,33.9,Low
2026-09-06 08:00:00,STN_002,Tech Park,6,8,1,0,143,109,303,1000,30.3,Low
2026-09-06 08:00:00,STN_003,Airport Terminal,6,8,1,0,318,267,734,1500,48.9,Medium
2026-09-06 08:00:00,STN_004,City Center,6,8,1,0,236,186,465,1100,42.3,Low
2026-09-06 08:00:00,STN_005,University Junction,6,8,1,0,113,80,264,900,29.3,Low
2026-09-06 08:00:00,STN_006,Financial District,6,8,1,0,252,199,449,1300,34.5,Low
2026-09-06 09:00:00,STN_001,Central Hub,6,9,1,0,228,170,395,1200,32.9,Low
2026-09-06 09:00:00,STN_002,Tech Park,6,9,1,0,194,150,360,1000,36.0,Low
2026-09-06 09:00:00,STN_003,Airport Terminal,6,9,1,0,479,355,816,1500,54.4,Medium
2026-09-06 09:00:00,STN_004,City Center,6,9,1,0,286,182,569,1100,51.7,Medium
2026-09-06 09:00:00,STN_005,University Junction,6,9,1,0,114,97,249,900,27.7,Low
2026-09-06 09:00:00,STN_006,Financial District,6,9,1,0,258,181,485,1300,37.3,Low
2026-09-06 10:00:00,STN_001,Central Hub,6,10,1,0,218,221,526,1200,43.8,Low
2026-09-06 10:00:00,STN_002,Tech Park,6,10,1,0,126,109,263,1000,26.3,Low
2026-09-06 10:00:00,STN_003,Airport Terminal,6,10,1,0,346,294,702,1500,46.8,Medium
2026-09-06 10:00:00,STN_004,City Center,6,10,1,0,153,165,337,1100,30.6,Low
2026-09-06 10:00:00,STN_005,University Junction,6,10,1,0,136,115,234,900,26.0,Low
2026-09-06 10:00:00,STN_006,Financial District,6,10,1,0,241,172,494,1300,38.0,Low
2026-09-06 11:00:00,STN_001,Central Hub,6,11,1,0,160,172,374,1200,31.2,Low
2026-09-06 11:00:00,STN_002,Tech Park,6,11,1,0,124,112,234,1000,23.4,Low
2026-09-06 11:00:00,STN_003,Airport Terminal,6,11,1,1,736,403,1267,1500,84.5,High
2026-09-06 11:00:00,STN_004,City Center,6,11,1,0,321,199,595,1100,54.1,Medium
2026-09-06 11:00:00,STN_005,University Junction,6,11,1,0,142,139,320,900,35.6,Low
2026-09-06 11:00:00,STN_006,Financial District,6,11,1,0,169,99,287,1300,22.1,Low
2026-09-06 12:00:00,STN_001,Central Hub,6,12,1,0,224,138,383,1200,31.9,Low
2026-09-06 12:00:00,STN_002,Tech Park,6,12,1,0,172,172,364,1000,36.4,Low
2026-09-06 12:00:00,STN_003,Airport Terminal,6,12,1,1,593,432,1015,1500,67.7,Medium
2026-09-06 12:00:00,STN_004,City Center,6,12,1,0,284,248,563,1100,51.2,Medium
2026-09-06 12:00:00,STN_005,University Junction,6,12,1,0,105,90,204,900,22.7,Low
2026-09-06 12:00:00,STN_006,Financial District,6,12,1,0,213,218,501,1300,38.5,Low
2026-09-06 13:00:00,STN_001,Central Hub,6,13,1,0,236,205,581,1200,48.4,Medium
2026-09-06 13:00:00,STN_002,Tech Park,6,13,1,0,188,199,400,1000,40.0,Low
2026-09-06 13:00:00,STN_003,Airport Terminal,6,13,1,1,515,336,988,1500,65.9,Medium
2026-09-06 13:00:00,STN_004,City Center,6,13,1,0,211,227,491,1100,44.6,Low
2026-09-06 13:00:00,STN_005,University Junction,6,13,1,0,112,132,272,900,30.2,Low
2026-09-06 13:00:00,STN_006,Financial District,6,13,1,0,205,159,480,1300,36.9,Low
2026-09-06 14:00:00,STN_001,Central Hub,6,14,1,0,187,197,407,1200,33.9,Low
2026-09-06 14:00:00,STN_002,Tech Park,6,14,1,0,181,136,404,1000,40.4,Low
2026-09-06 14:00:00,STN_003,Airport Terminal,6,14,1,1,420,317,1003,1500,66.9,Medium
2026-09-06 14:00:00,STN_004,City Center,6,14,1,0,152,112,362,1100,32.9,Low
2026-09-06 14:00:00,STN_005,University Junction,6,14,1,0,108,93,269,900,29.9,Low
2026-09-06 14:00:00,STN_006,Financial District,6,14,1,0,191,231,463,1300,35.6,Low
2026-09-06 15:00:00,STN_001,Central Hub,6,15,1,0,229,182,557,1200,46.4,Medium
2026-09-06 15:00:00,STN_002,Tech Park,6,15,1,0,192,122,367,1000,36.7,Low
2026-09-06 15:00:00,STN_003,Airport Terminal,6,15,1,1,617,504,1080,1500,72.0,High
2026-09-06 15:00:00,STN_004,City Center,6,15,1,0,193,142,437,1100,39.7,Low
2026-09-06 15:00:00,STN_005,University Junction,6,15,1,0,100,88,202,900,22.4,Low
2026-09-06 15:00:00,STN_006,Financial District,6,15,1,0,225,120,380,1300,29.2,Low
2026-09-06 16:00:00,STN_001,Central Hub,6,16,1,0,296,205,561,1200,46.8,Medium
2026-09-06 16:00:00,STN_002,Tech Park,6,16,1,0,91,92,214,1000,21.4,Low
2026-09-06 16:00:00,STN_003,Airport Terminal,6,16,1,0,312,201,643,1500,42.9,Low
2026-09-06 16:00:00,STN_004,City Center,6,16,1,1,392,386,789,1100,71.7,High
2026-09-06 16:00:00,STN_005,University Junction,6,16,1,0,115,81,206,900,22.9,Low
2026-09-06 16:00:00,STN_006,Financial District,6,16,1,0,198,137,412,1300,31.7,Low
2026-09-06 17:00:00,STN_001,Central Hub,6,17,1,0,233,156,490,1200,40.8,Low
2026-09-06 17:00:00,STN_002,Tech Park,6,17,1,0,172,155,329,1000,32.9,Low
2026-09-06 17:00:00,STN_003,Airport Terminal,6,17,1,0,388,393,896,1500,59.7,Medium
2026-09-06 17:00:00,STN_004,City Center,6,17,1,1,481,397,822,1100,74.7,High
2026-09-06 17:00:00,STN_005,University Junction,6,17,1,0,104,99,246,900,27.3,Low
2026-09-06 17:00:00,STN_006,Financial District,6,17,1,0,179,162,365,1300,28.1,Low
2026-09-06 18:00:00,STN_001,Central Hub,6,18,1,0,197,171,395,1200,32.9,Low
2026-09-06 18:00:00,STN_002,Tech Park,6,18,1,0,120,85,214,1000,21.4,Low
2026-09-06 18:00:00,STN_003,Airport Terminal,6,18,1,0,341,359,768,1500,51.2,Medium
2026-09-06 18:00:00,STN_004,City Center,6,18,1,1,376,356,815,1100,74.1,High
2026-09-06 18:00:00,STN_005,University Junction,6,18,1,0,98,91,193,900,21.4,Low
2026-09-06 18:00:00,STN_006,Financial District,6,18,1,0,235,216,479,1300,36.8,Low
2026-09-06 19:00:00,STN_001,Central Hub,6,19,1,0,170,185,403,1200,33.6,Low
2026-09-06 19:00:00,STN_002,Tech Park,6,19,1,0,180,148,419,1000,41.9,Low
2026-09-06 19:00:00,STN_003,Airport Terminal,6,19,1,0,346,282,654,1500,43.6,Low
2026-09-06 19:00:00,STN_004,City Center,6,19,1,1,361,388,858,1100,78.0,High
2026-09-06 19:00:00,STN_005,University Junction,6,19,1,0,150,100,299,900,33.2,Low
2026-09-06 19:00:00,STN_006,Financial District,6,19,1,0,186,148,371,1300,28.5,Low
2026-09-06 20:00:00,STN_001,Central Hub,6,20,1,0,198,165,361,1200,30.1,Low
2026-09-06 20:00:00,STN_002,Tech Park,6,20,1,0,95,94,210,1000,21.0,Low
2026-09-06 20:00:00,STN_003,Airport Terminal,6,20,1,0,365,277,898,1500,59.9,Medium
2026-09-06 20:00:00,STN_004,City Center,6,20,1,1,551,383,930,1100,84.5,High
2026-09-06 20:00:00,STN_005,University Junction,6,20,1,0,153,162,340,900,37.8,Low
2026-09-06 20:00:00,STN_006,Financial District,6,20,1,0,216,244,503,1300,38.7,Low
2026-09-06 21:00:00,STN_001,Central Hub,6,21,1,0,181,160,336,1200,28.0,Low
2026-09-06 21:00:00,STN_002,Tech Park,6,21,1,0,209,135,365,1000,36.5,Low
2026-09-06 21:00:00,STN_003,Airport Terminal,6,21,1,0,449,284,841,1500,56.1,Medium
2026-09-06 21:00:00,STN_004,City Center,6,21,1,0,327,235,576,1100,52.4,Medium
2026-09-06 21:00:00,STN_005,University Junction,6,21,1,0,147,138,351,900,39.0,Low
2026-09-06 21:00:00,STN_006,Financial District,6,21,1,0,169,146,325,1300,25.0,Low
2026-09-06 22:00:00,STN_001,Central Hub,6,22,1,0,300,171,527,1200,43.9,Low
2026-09-06 22:00:00,STN_002,Tech Park,6,22,1,0,126,76,244,1000,24.4,Low
2026-09-06 22:00:00,STN_003,Airport Terminal,6,22,1,0,401,331,820,1500,54.7,Medium
2026-09-06 22:00:00,STN_004,City Center,6,22,1,0,216,160,376,1100,34.2,Low
2026-09-06 22:00:00,STN_005,University Junction,6,22,1,0,82,92,207,900,23.0,Low
2026-09-06 22:00:00,STN_006,Financial District,6,22,1,0,253,213,473,1300,36.4,Low
2026-09-07 06:00:00,STN_001,Central Hub,0,6,0,0,310,209,572,1200,47.7,Medium
2026-09-07 06:00:00,STN_002,Tech Park,0,6,0,0,137,95,254,1000,25.4,Low
2026-09-07 06:00:00,STN_003,Airport Terminal,0,6,0,0,420,302,814,1500,54.3,Medium
2026-09-07 06:00:00,STN_004,City Center,0,6,0,0,191,208,426,1100,38.7,Low
2026-09-07 06:00:00,STN_005,University Junction,0,6,0,0,92,81,211,900,23.4,Low
2026-09-07 06:00:00,STN_006,Financial District,0,6,0,0,210,143,392,1300,30.2,Low
2026-09-07 07:00:00,STN_001,Central Hub,0,7,0,0,261,208,528,1200,44.0,Low
2026-09-07 07:00:00,STN_002,Tech Park,0,7,0,0,243,126,407,1000,40.7,Low
2026-09-07 07:00:00,STN_003,Airport Terminal,0,7,0,0,425,265,736,1500,49.1,Medium
2026-09-07 07:00:00,STN_004,City Center,0,7,0,0,330,206,569,1100,51.7,Medium
2026-09-07 07:00:00,STN_005,University Junction,0,7,0,0,110,67,209,900,23.2,Low
2026-09-07 07:00:00,STN_006,Financial District,0,7,0,0,173,156,420,1300,32.3,Low
2026-09-07 08:00:00,STN_001,Central Hub,0,8,0,1,387,316,916,1200,76.3,High
2026-09-07 08:00:00,STN_002,Tech Park,0,8,0,0,181,129,418,1000,41.8,Low
2026-09-07 08:00:00,STN_003,Airport Terminal,0,8,0,0,325,226,711,1500,47.4,Medium
2026-09-07 08:00:00,STN_004,City Center,0,8,0,0,194,113,341,1100,31.0,Low
2026-09-07 08:00:00,STN_005,University Junction,0,8,0,1,366,209,624,900,69.3,Medium
2026-09-07 08:00:00,STN_006,Financial District,0,8,0,1,363,267,748,1300,57.5,Medium
2026-09-07 09:00:00,STN_001,Central Hub,0,9,0,1,536,510,1057,1200,88.1,Critical
2026-09-07 09:00:00,STN_002,Tech Park,0,9,0,1,436,290,800,1000,80.0,High
2026-09-07 09:00:00,STN_003,Airport Terminal,0,9,0,0,297,193,610,1500,40.7,Low
2026-09-07 09:00:00,STN_004,City Center,0,9,0,0,294,186,547,1100,49.7,Medium
2026-09-07 09:00:00,STN_005,University Junction,0,9,0,1,275,179,509,900,56.6,Medium
2026-09-07 09:00:00,STN_006,Financial District,0,9,0,1,462,396,799,1300,61.5,Medium
2026-09-07 10:00:00,STN_001,Central Hub,0,10,0,1,453,390,970,1200,80.8,High
2026-09-07 10:00:00,STN_002,Tech Park,0,10,0,0,192,144,427,1000,42.7,Low
2026-09-07 10:00:00,STN_003,Airport Terminal,0,10,0,0,410,371,861,1500,57.4,Medium
2026-09-07 10:00:00,STN_004,City Center,0,10,0,0,232,168,444,1100,40.4,Low
2026-09-07 10:00:00,STN_005,University Junction,0,10,0,0,123,75,211,900,23.4,Low
2026-09-07 10:00:00,STN_006,Financial District,0,10,0,0,284,222,509,1300,39.2,Low
2026-09-07 11:00:00,STN_001,Central Hub,0,11,0,0,138,129,303,1200,25.2,Low
2026-09-07 11:00:00,STN_002,Tech Park,0,11,0,0,144,108,253,1000,25.3,Low
2026-09-07 11:00:00,STN_003,Airport Terminal,0,11,0,1,702,372,1173,1500,78.2,High
2026-09-07 11:00:00,STN_004,City Center,0,11,0,0,195,171,397,1100,36.1,Low
2026-09-07 11:00:00,STN_005,University Junction,0,11,0,0,136,140,334,900,37.1,Low
2026-09-07 11:00:00,STN_006,Financial District,0,11,0,0,148,115,303,1300,23.3,Low
2026-09-07 12:00:00,STN_001,Central Hub,0,12,0,0,224,161,538,1200,44.8,Low
2026-09-07 12:00:00,STN_002,Tech Park,0,12,0,0,215,134,399,1000,39.9,Low
2026-09-07 12:00:00,STN_003,Airport Terminal,0,12,0,1,446,327,1063,1500,70.9,High
2026-09-07 12:00:00,STN_004,City Center,0,12,0,0,180,167,353,1100,32.1,Low
2026-09-07 12:00:00,STN_005,University Junction,0,12,0,0,157,115,284,900,31.6,Low
2026-09-07 12:00:00,STN_006,Financial District,0,12,0,0,179,110,303,1300,23.3,Low
2026-09-07 13:00:00,STN_001,Central Hub,0,13,0,0,226,137,384,1200,32.0,Low
2026-09-07 13:00:00,STN_002,Tech Park,0,13,0,0,212,167,427,1000,42.7,Low
2026-09-07 13:00:00,STN_003,Airport Terminal,0,13,0,1,517,451,1104,1500,73.6,High
2026-09-07 13:00:00,STN_004,City Center,0,13,0,0,152,161,332,1100,30.2,Low
2026-09-07 13:00:00,STN_005,University Junction,0,13,0,0,77,57,183,900,20.3,Low
2026-09-07 13:00:00,STN_006,Financial District,0,13,0,0,188,123,403,1300,31.0,Low
2026-09-07 14:00:00,STN_001,Central Hub,0,14,0,0,153,178,359,1200,29.9,Low
2026-09-07 14:00:00,STN_002,Tech Park,0,14,0,0,155,135,368,1000,36.8,Low
2026-09-07 14:00:00,STN_003,Airport Terminal,0,14,0,1,458,506,1042,1500,69.5,Medium
2026-09-07 14:00:00,STN_004,City Center,0,14,0,0,258,205,502,1100,45.6,Medium
2026-09-07 14:00:00,STN_005,University Junction,0,14,0,0,133,136,281,900,31.2,Low
2026-09-07 14:00:00,STN_006,Financial District,0,14,0,0,228,139,394,1300,30.3,Low
2026-09-07 15:00:00,STN_001,Central Hub,0,15,0,0,314,220,576,1200,48.0,Medium
2026-09-07 15:00:00,STN_002,Tech Park,0,15,0,0,153,126,310,1000,31.0,Low
2026-09-07 15:00:00,STN_003,Airport Terminal,0,15,0,1,625,544,1236,1500,82.4,High
2026-09-07 15:00:00,STN_004,City Center,0,15,0,0,226,155,435,1100,39.5,Low
2026-09-07 15:00:00,STN_005,University Junction,0,15,0,0,85,78,206,900,22.9,Low
2026-09-07 15:00:00,STN_006,Financial District,0,15,0,0,252,155,436,1300,33.5,Low
2026-09-07 16:00:00,STN_001,Central Hub,0,16,0,0,217,140,375,1200,31.2,Low
2026-09-07 16:00:00,STN_002,Tech Park,0,16,0,0,244,140,428,1000,42.8,Low
2026-09-07 16:00:00,STN_003,Airport Terminal,0,16,0,0,357,239,650,1500,43.3,Low
2026-09-07 16:00:00,STN_004,City Center,0,16,0,1,433,285,852,1100,77.5,High
2026-09-07 16:00:00,STN_005,University Junction,0,16,0,0,125,88,229,900,25.4,Low
2026-09-07 16:00:00,STN_006,Financial District,0,16,0,0,264,192,514,1300,39.5,Low
2026-09-07 17:00:00,STN_001,Central Hub,0,17,0,1,587,380,994,1200,82.8,High
2026-09-07 17:00:00,STN_002,Tech Park,0,17,0,0,144,96,269,1000,26.9,Low
2026-09-07 17:00:00,STN_003,Airport Terminal,0,17,0,0,324,343,690,1500,46.0,Medium
2026-09-07 17:00:00,STN_004,City Center,0,17,0,1,412,360,822,1100,74.7,High
2026-09-07 17:00:00,STN_005,University Junction,0,17,0,1,270,206,563,900,62.6,Medium
2026-09-07 17:00:00,STN_006,Financial District,0,17,0,1,356,420,860,1300,66.2,Medium
2026-09-07 18:00:00,STN_001,Central Hub,0,18,0,1,526,340,933,1200,77.8,High
2026-09-07 18:00:00,STN_002,Tech Park,0,18,0,1,484,325,884,1000,88.4,Critical
2026-09-07 18:00:00,STN_003,Airport Terminal,0,18,0,0,351,397,874,1500,58.3,Medium
2026-09-07 18:00:00,STN_004,City Center,0,18,0,1,386,371,774,1100,70.4,High
2026-09-07 18:00:00,STN_005,University Junction,0,18,0,1,210,226,524,900,58.2,Medium
2026-09-07 18:00:00,STN_006,Financial District,0,18,0,1,544,441,945,1300,72.7,High
2026-09-07 19:00:00,STN_001,Central Hub,0,19,0,1,500,425,1081,1200,90.1,Critical
2026-09-07 19:00:00,STN_002,Tech Park,0,19,0,0,149,93,302,1000,30.2,Low
2026-09-07 19:00:00,STN_003,Airport Terminal,0,19,0,0,305,197,630,1500,42.0,Low
2026-09-07 19:00:00,STN_004,City Center,0,19,0,1,403,421,950,1100,86.4,Critical
2026-09-07 19:00:00,STN_005,University Junction,0,19,0,0,117,107,224,900,24.9,Low
2026-09-07 19:00:00,STN_006,Financial District,0,19,0,0,261,217,475,1300,36.5,Low
2026-09-07 20:00:00,STN_001,Central Hub,0,20,0,0,229,177,513,1200,42.8,Low
2026-09-07 20:00:00,STN_002,Tech Park,0,20,0,0,112,63,207,1000,20.7,Low
2026-09-07 20:00:00,STN_003,Airport Terminal,0,20,0,0,301,252,603,1500,40.2,Low
2026-09-07 20:00:00,STN_004,City Center,0,20,0,1,396,263,823,1100,74.8,High
2026-09-07 20:00:00,STN_005,University Junction,0,20,0,0,94,78,224,900,24.9,Low
2026-09-07 20:00:00,STN_006,Financial District,0,20,0,0,279,182,506,1300,38.9,Low
2026-09-07 21:00:00,STN_001,Central Hub,0,21,0,0,204,111,355,1200,29.6,Low
2026-09-07 21:00:00,STN_002,Tech Park,0,21,0,0,105,109,249,1000,24.9,Low
2026-09-07 21:00:00,STN_003,Airport Terminal,0,21,0,0,360,229,764,1500,50.9,Medium
2026-09-07 21:00:00,STN_004,City Center,0,21,0,0,238,237,494,1100,44.9,Low
2026-09-07 21:00:00,STN_005,University Junction,0,21,0,0,144,123,277,900,30.8,Low
2026-09-07 21:00:00,STN_006,Financial District,0,21,0,0,237,189,473,1300,36.4,Low
2026-09-07 22:00:00,STN_001,Central Hub,0,22,0,0,149,147,321,1200,26.8,Low
2026-09-07 22:00:00,STN_002,Tech Park,0,22,0,0,203,185,372,1000,37.2,Low
2026-09-07 22:00:00,STN_003,Airport Terminal,0,22,0,0,334,255,620,1500,41.3,Low
2026-09-07 22:00:00,STN_004,City Center,0,22,0,0,304,200,558,1100,50.7,Medium
2026-09-07 22:00:00,STN_005,University Junction,0,22,0,0,154,158,337,900,37.4,Low
2026-09-07 22:00:00,STN_006,Financial District,0,22,0,0,192,157,390,1300,30.0,Low
