route,hour,day_of_week,is_weekend,temperature,is_raining,nearby_event,prev_passenger_count,passenger_count,vehicle_capacity,data_source,route_avg_demand,is_peak_hour,utilisation,day_name
Route 6 - Industrial Park,18,5,1,32.8,0,0,11,15,100,SYNTHETIC,45.9,1,0.15,Saturday
Route 4 - North Suburbs,13,1,0,24.0,1,0,22,20,100,SYNTHETIC,30.0,0,0.2,Tuesday
Route 2 - Airport Link,19,4,0,19.1,0,0,61,44,100,SYNTHETIC,38.4,1,0.44,Friday
Route 2 - Airport Link,17,3,0,38.0,0,0,35,60,100,SYNTHETIC,38.4,1,0.6,Thursday
Route 9 - East Corridor,7,4,0,29.3,0,0,18,56,100,SYNTHETIC,35.6,1,0.56,Friday
Route 8 - Beach/Leisure,22,0,0,26.5,1,0,13,7,100,SYNTHETIC,27.1,0,0.07,Monday
Route 7 - Hospital Line,18,3,0,22.5,0,0,53,68,100,SYNTHETIC,37.7,1,0.68,Thursday
Route 9 - East Corridor,18,4,0,25.8,0,0,73,42,100,SYNTHETIC,35.6,1,0.42,Friday
Route 1 - City Centre Express,8,2,0,26.1,0,0,97,116,100,SYNTHETIC,55.2,1,1.16,Wednesday
Route 7 - Hospital Line,13,6,1,2.5,0,0,12,14,100,SYNTHETIC,37.7,0,0.14,Sunday
Route 8 - Beach/Leisure,12,3,0,23.2,0,0,12,15,100,SYNTHETIC,27.1,0,0.15,Thursday
Route 3 - University Shuttle,20,2,0,18.7,0,0,60,28,100,SYNTHETIC,37.7,0,0.28,Wednesday
Route 6 - Industrial Park,16,0,0,16.0,0,0,32,42,100,SYNTHETIC,45.9,0,0.42,Monday
Route 8 - Beach/Leisure,19,1,0,18.4,0,0,34,37,100,SYNTHETIC,27.1,1,0.37,Tuesday
Route 7 - Hospital Line,13,3,0,7.6,0,0,26,26,100,SYNTHETIC,37.7,0,0.26,Thursday
Route 3 - University Shuttle,9,2,0,5.6,0,0,90,64,100,SYNTHETIC,37.7,1,0.64,Wednesday
Route 7 - Hospital Line,15,6,1,30.0,0,0,7,22,100,SYNTHETIC,37.7,0,0.22,Sunday
Route 8 - Beach/Leisure,7,5,1,23.7,0,0,13,40,100,SYNTHETIC,27.1,1,0.4,Saturday
Route 1 - City Centre Express,19,1,0,0.7,1,0,111,82,100,SYNTHETIC,55.2,1,0.82,Tuesday
Route 6 - Industrial Park,16,4,0,15.4,0,0,27,34,100,SYNTHETIC,45.9,0,0.34,Friday
Route 6 - Industrial Park,18,3,0,27.0,0,0,79,91,100,SYNTHETIC,45.9,1,0.91,Thursday
Route 4 - North Suburbs,11,0,0,17.8,0,0,16,21,100,SYNTHETIC,30.0,0,0.21,Monday
Route 1 - City Centre Express,21,4,0,30.0,0,0,24,21,100,SYNTHETIC,55.2,0,0.21,Friday
Route 1 - City Centre Express,20,3,0,28.4,0,1,113,44,100,SYNTHETIC,55.2,0,0.44,Thursday
Route 8 - Beach/Leisure,18,0,0,9.1,1,0,46,50,100,SYNTHETIC,27.1,1,0.5,Monday
Route 9 - East Corridor,8,3,0,18.9,0,0,51,57,100,SYNTHETIC,35.6,1,0.57,Thursday
Route 5 - South Connector,13,5,1,16.4,1,0,15,11,100,SYNTHETIC,24.6,0,0.11,Saturday
Route 10 - West Ring,6,2,0,8.9,0,0,3,10,100,SYNTHETIC,26.9,0,0.1,Wednesday
Route 10 - West Ring,8,2,0,8.4,0,0,43,50,100,SYNTHETIC,26.9,1,0.5,Wednesday
Route 7 - Hospital Line,17,0,0,13.6,0,0,29,63,100,SYNTHETIC,37.7,1,0.63,Monday
Route 6 - Industrial Park,18,1,0,14.9,0,0,95,100,100,SYNTHETIC,45.9,1,1.0,Tuesday
Route 10 - West Ring,21,6,1,22.3,0,0,13,13,100,SYNTHETIC,26.9,0,0.13,Sunday
Route 7 - Hospital Line,11,4,0,28.4,0,1,33,35,100,SYNTHETIC,37.7,0,0.35,Friday
Route 10 - West Ring,12,1,0,24.1,0,0,21,22,100,SYNTHETIC,26.9,0,0.22,Tuesday
Route 10 - West Ring,13,3,0,26.0,0,0,23,20,100,SYNTHETIC,26.9,0,0.2,Thursday
Route 2 - Airport Link,8,1,0,17.9,0,0,55,63,100,SYNTHETIC,38.4,1,0.63,Tuesday
Route 7 - Hospital Line,8,3,0,24.8,0,0,66,58,100,SYNTHETIC,37.7,1,0.58,Thursday
Route 8 - Beach/Leisure,13,1,0,18.8,0,0,14,11,100,SYNTHETIC,27.1,0,0.11,Tuesday
Route 9 - East Corridor,9,4,0,16.5,0,0,64,47,100,SYNTHETIC,35.6,1,0.47,Friday
Route 4 - North Suburbs,17,3,0,35.2,0,0,23,43,100,SYNTHETIC,30.0,1,0.43,Thursday
Route 9 - East Corridor,13,4,0,1.4,0,0,25,20,100,SYNTHETIC,35.6,0,0.2,Friday
Route 5 - South Connector,19,3,0,5.0,0,0,39,30,100,SYNTHETIC,24.6,1,0.3,Thursday
Route 4 - North Suburbs,17,2,0,23.1,0,0,24,51,100,SYNTHETIC,30.0,1,0.51,Wednesday
Route 2 - Airport Link,10,1,0,17.9,0,0,51,28,100,SYNTHETIC,38.4,0,0.28,Tuesday
Route 4 - North Suburbs,19,1,0,8.5,0,0,63,38,100,SYNTHETIC,30.0,1,0.38,Tuesday
Route 10 - West Ring,18,3,0,11.6,0,0,43,51,100,SYNTHETIC,26.9,1,0.51,Thursday
Route 8 - Beach/Leisure,12,3,0,12.6,0,0,10,14,100,SYNTHETIC,27.1,0,0.14,Thursday
Route 8 - Beach/Leisure,10,4,0,27.1,0,0,25,12,100,SYNTHETIC,27.1,0,0.12,Friday
Route 9 - East Corridor,17,0,0,29.7,0,0,29,63,100,SYNTHETIC,35.6,1,0.63,Monday
Route 3 - University Shuttle,8,1,0,33.1,0,1,113,124,100,SYNTHETIC,37.7,1,1.24,Tuesday
Route 7 - Hospital Line,8,5,1,7.3,1,1,64,68,100,SYNTHETIC,37.7,1,0.68,Saturday
Route 4 - North Suburbs,2,6,1,9.1,0,1,0,0,100,SYNTHETIC,30.0,0,0.0,Sunday
Route 9 - East Corridor,18,6,1,8.5,0,0,28,25,100,SYNTHETIC,35.6,1,0.25,Sunday
Route 5 - South Connector,17,2,0,30.3,0,0,24,40,100,SYNTHETIC,24.6,1,0.4,Wednesday
Route 9 - East Corridor,17,0,0,23.3,0,0,27,42,100,SYNTHETIC,35.6,1,0.42,Monday
Route 8 - Beach/Leisure,18,1,0,20.6,0,0,44,49,100,SYNTHETIC,27.1,1,0.49,Tuesday
Route 8 - Beach/Leisure,13,0,0,21.8,1,0,18,18,100,SYNTHETIC,27.1,0,0.18,Monday
Route 10 - West Ring,15,6,1,19.5,0,0,6,14,100,SYNTHETIC,26.9,0,0.14,Sunday
Route 8 - Beach/Leisure,8,6,1,11.0,0,0,39,49,100,SYNTHETIC,27.1,1,0.49,Sunday
Route 4 - North Suburbs,7,5,1,24.1,1,0,8,30,100,SYNTHETIC,30.0,1,0.3,Saturday
Route 6 - Industrial Park,17,5,1,18.5,0,0,7,12,100,SYNTHETIC,45.9,1,0.12,Saturday
Route 5 - South Connector,13,2,0,10.4,0,1,30,33,100,SYNTHETIC,24.6,0,0.33,Wednesday
Route 1 - City Centre Express,15,3,0,24.6,1,0,27,32,100,SYNTHETIC,55.2,0,0.32,Thursday
Route 6 - Industrial Park,18,5,1,16.6,0,0,12,8,100,SYNTHETIC,45.9,1,0.08,Saturday
Route 5 - South Connector,16,5,1,21.8,1,0,6,19,100,SYNTHETIC,24.6,0,0.19,Saturday
Route 4 - North Suburbs,15,3,0,19.0,0,0,19,23,100,SYNTHETIC,30.0,0,0.23,Thursday
Route 2 - Airport Link,15,5,1,27.1,0,0,23,18,100,SYNTHETIC,38.4,0,0.18,Saturday
Route 6 - Industrial Park,10,2,0,21.8,0,0,71,23,100,SYNTHETIC,45.9,0,0.23,Wednesday
Route 6 - Industrial Park,6,2,0,12.9,0,1,9,24,100,SYNTHETIC,45.9,0,0.24,Wednesday
Route 2 - Airport Link,13,5,1,22.6,0,1,34,33,100,SYNTHETIC,38.4,0,0.33,Saturday
Route 7 - Hospital Line,9,2,0,22.8,0,1,93,65,100,SYNTHETIC,37.7,1,0.65,Wednesday
Route 2 - Airport Link,12,5,1,24.1,1,0,28,35,100,SYNTHETIC,38.4,0,0.35,Saturday
Route 2 - Airport Link,19,3,0,28.3,0,0,59,56,100,SYNTHETIC,38.4,1,0.56,Thursday
Route 5 - South Connector,9,2,0,15.1,0,0,38,31,100,SYNTHETIC,24.6,1,0.31,Wednesday
Route 4 - North Suburbs,7,1,0,25.3,0,0,14,49,100,SYNTHETIC,30.0,1,0.49,Tuesday
Route 10 - West Ring,10,4,0,6.2,0,0,39,19,100,SYNTHETIC,26.9,0,0.19,Friday
Route 1 - City Centre Express,10,3,0,19.0,1,0,83,31,100,SYNTHETIC,55.2,0,0.31,Thursday
Route 4 - North Suburbs,17,2,0,17.8,0,0,21,41,100,SYNTHETIC,30.0,1,0.41,Wednesday
Route 8 - Beach/Leisure,15,5,1,31.6,1,0,23,16,100,SYNTHETIC,27.1,0,0.16,Saturday
Route 3 - University Shuttle,18,0,0,18.7,0,0,78,79,100,SYNTHETIC,37.7,1,0.79,Monday
Route 10 - West Ring,17,0,0,24.9,0,0,23,49,100,SYNTHETIC,26.9,1,0.49,Monday
Route 8 - Beach/Leisure,12,6,1,5.9,0,0,25,23,100,SYNTHETIC,27.1,0,0.23,Sunday
Route 10 - West Ring,18,4,0,17.2,1,0,49,56,100,SYNTHETIC,26.9,1,0.56,Friday
Route 10 - West Ring,8,3,0,13.2,0,0,51,54,100,SYNTHETIC,26.9,1,0.54,Thursday
Route 2 - Airport Link,6,0,0,39.8,0,1,7,23,100,SYNTHETIC,38.4,0,0.23,Monday
Route 5 - South Connector,7,4,0,14.7,0,0,10,38,100,SYNTHETIC,24.6,1,0.38,Friday
Route 8 - Beach/Leisure,17,3,0,20.6,0,0,21,44,100,SYNTHETIC,27.1,1,0.44,Thursday
Route 1 - City Centre Express,13,4,0,21.0,0,0,41,33,100,SYNTHETIC,55.2,0,0.33,Friday
Route 5 - South Connector,8,0,0,7.3,0,0,40,42,100,SYNTHETIC,24.6,1,0.42,Monday
Route 7 - Hospital Line,14,3,0,15.8,0,0,25,18,100,SYNTHETIC,37.7,0,0.18,Thursday
Route 8 - Beach/Leisure,8,4,0,23.2,0,0,21,31,100,SYNTHETIC,27.1,1,0.31,Friday
Route 5 - South Connector,17,2,0,20.7,1,0,21,42,100,SYNTHETIC,24.6,1,0.42,Wednesday
Route 9 - East Corridor,13,0,0,1.6,0,0,16,20,100,SYNTHETIC,35.6,0,0.2,Monday
Route 7 - Hospital Line,12,6,1,15.5,0,0,18,17,100,SYNTHETIC,37.7,0,0.17,Sunday
Route 1 - City Centre Express,10,4,0,28.2,1,0,76,28,100,SYNTHETIC,55.2,0,0.28,Friday
Route 3 - University Shuttle,16,4,0,24.7,0,0,23,29,100,SYNTHETIC,37.7,0,0.29,Friday
Route 10 - West Ring,11,5,1,29.7,1,0,13,12,100,SYNTHETIC,26.9,0,0.12,Saturday
Route 1 - City Centre Express,7,4,0,12.1,0,0,16,80,100,SYNTHETIC,55.2,1,0.8,Friday
Route 2 - Airport Link,7,0,0,30.2,1,1,27,95,100,SYNTHETIC,38.4,1,0.95,Monday
Route 4 - North Suburbs,21,3,0,19.6,0,1,29,20,100,SYNTHETIC,30.0,0,0.2,Thursday
Route 10 - West Ring,20,6,1,32.7,0,0,16,5,100,SYNTHETIC,26.9,0,0.05,Sunday
Route 8 - Beach/Leisure,17,2,0,20.0,1,0,17,53,100,SYNTHETIC,27.1,1,0.53,Wednesday
Route 2 - Airport Link,9,6,1,3.6,0,0,57,38,100,SYNTHETIC,38.4,1,0.38,Sunday
Route 4 - North Suburbs,21,0,0,26.8,0,0,24,16,100,SYNTHETIC,30.0,0,0.16,Monday
Route 10 - West Ring,18,2,0,16.5,0,1,63,77,100,SYNTHETIC,26.9,1,0.77,Wednesday
Route 3 - University Shuttle,17,2,0,17.0,1,0,29,75,100,SYNTHETIC,37.7,1,0.75,Wednesday
Route 6 - Industrial Park,13,4,0,8.4,0,0,36,27,100,SYNTHETIC,45.9,0,0.27,Friday
Route 5 - South Connector,10,1,0,33.0,0,0,26,19,100,SYNTHETIC,24.6,0,0.19,Tuesday
Route 8 - Beach/Leisure,7,1,0,15.8,0,0,10,28,100,SYNTHETIC,27.1,1,0.28,Tuesday
Route 8 - Beach/Leisure,20,4,0,32.6,0,0,33,15,100,SYNTHETIC,27.1,0,0.15,Friday
Route 9 - East Corridor,13,1,0,16.6,0,0,25,21,100,SYNTHETIC,35.6,0,0.21,Tuesday
Route 2 - Airport Link,8,6,1,12.6,0,0,52,64,100,SYNTHETIC,38.4,1,0.64,Sunday
Route 5 - South Connector,10,6,1,30.6,1,0,20,8,100,SYNTHETIC,24.6,0,0.08,Sunday
Route 7 - Hospital Line,15,2,0,19.4,0,0,22,26,100,SYNTHETIC,37.7,0,0.26,Wednesday
Route 5 - South Connector,8,3,0,19.5,0,0,43,43,100,SYNTHETIC,24.6,1,0.43,Thursday
Route 7 - Hospital Line,19,2,0,9.7,0,0,62,50,100,SYNTHETIC,37.7,1,0.5,Wednesday
Route 7 - Hospital Line,18,2,0,16.3,1,0,89,62,100,SYNTHETIC,37.7,1,0.62,Wednesday
Route 4 - North Suburbs,17,4,0,23.4,0,0,21,51,100,SYNTHETIC,30.0,1,0.51,Friday
Route 2 - Airport Link,13,2,0,9.6,0,0,23,24,100,SYNTHETIC,38.4,0,0.24,Wednesday
Route 10 - West Ring,16,1,0,15.7,0,0,22,26,100,SYNTHETIC,26.9,0,0.26,Tuesday
Route 9 - East Corridor,16,1,0,16.6,0,0,22,29,100,SYNTHETIC,35.6,0,0.29,Tuesday
Route 9 - East Corridor,17,6,1,20.5,0,0,17,33,100,SYNTHETIC,35.6,1,0.33,Sunday
Route 3 - University Shuttle,7,1,0,31.8,0,0,8,67,100,SYNTHETIC,37.7,1,0.67,Tuesday
Route 4 - North Suburbs,12,2,0,17.6,1,0,23,24,100,SYNTHETIC,30.0,0,0.24,Wednesday
Route 4 - North Suburbs,6,4,0,14.5,0,0,4,12,100,SYNTHETIC,30.0,0,0.12,Friday
Route 1 - City Centre Express,14,0,0,42.0,0,0,29,31,100,SYNTHETIC,55.2,0,0.31,Monday
Route 2 - Airport Link,11,1,0,16.5,0,0,25,22,100,SYNTHETIC,38.4,0,0.22,Tuesday
Route 4 - North Suburbs,8,1,0,18.5,1,0,48,67,100,SYNTHETIC,30.0,1,0.67,Tuesday
Route 10 - West Ring,7,6,1,17.1,1,0,6,21,100,SYNTHETIC,26.9,1,0.21,Sunday
Route 3 - University Shuttle,16,6,1,17.8,0,0,9,9,100,SYNTHETIC,37.7,0,0.09,Sunday
Route 6 - Industrial Park,8,5,1,20.6,1,0,10,22,100,SYNTHETIC,45.9,1,0.22,Saturday
Route 6 - Industrial Park,20,1,0,27.4,0,0,65,22,100,SYNTHETIC,45.9,0,0.22,Tuesday
Route 4 - North Suburbs,16,4,0,23.2,1,0,27,27,100,SYNTHETIC,30.0,0,0.27,Friday
Route 10 - West Ring,11,4,0,28.6,0,0,13,20,100,SYNTHETIC,26.9,0,0.2,Friday
Route 1 - City Centre Express,16,6,1,28.4,0,1,32,36,100,SYNTHETIC,55.2,0,0.36,Sunday
Route 9 - East Corridor,6,1,0,21.7,0,0,3,14,100,SYNTHETIC,35.6,0,0.14,Tuesday
Route 8 - Beach/Leisure,21,5,1,23.0,0,0,21,15,100,SYNTHETIC,27.1,0,0.15,Saturday
Route 4 - North Suburbs,14,1,0,28.9,0,0,25,17,100,SYNTHETIC,30.0,0,0.17,Tuesday
Route 8 - Beach/Leisure,18,3,0,11.1,0,0,45,39,100,SYNTHETIC,27.1,1,0.39,Thursday
Route 5 - South Connector,7,6,1,40.0,1,0,6,18,100,SYNTHETIC,24.6,1,0.18,Sunday
Route 10 - West Ring,14,0,0,15.9,0,0,12,15,100,SYNTHETIC,26.9,0,0.15,Monday
Route 1 - City Centre Express,14,1,0,17.2,0,0,35,28,100,SYNTHETIC,55.2,0,0.28,Tuesday
Route 1 - City Centre Express,20,5,1,10.3,0,0,41,20,100,SYNTHETIC,55.2,0,0.2,Saturday
Route 6 - Industrial Park,15,0,0,10.5,1,0,29,31,100,SYNTHETIC,45.9,0,0.31,Monday
Route 10 - West Ring,13,4,0,27.8,1,0,23,19,100,SYNTHETIC,26.9,0,0.19,Friday
Route 1 - City Centre Express,9,3,0,38.2,0,0,118,63,100,SYNTHETIC,55.2,1,0.63,Thursday
Route 8 - Beach/Leisure,11,2,0,15.5,1,0,14,14,100,SYNTHETIC,27.1,0,0.14,Wednesday
Route 10 - West Ring,14,6,1,22.8,1,0,6,8,100,SYNTHETIC,26.9,0,0.08,Sunday
Route 5 - South Connector,13,5,1,21.8,1,0,16,9,100,SYNTHETIC,24.6,0,0.09,Saturday
Route 9 - East Corridor,6,2,0,28.0,0,0,5,13,100,SYNTHETIC,35.6,0,0.13,Wednesday
Route 8 - Beach/Leisure,19,0,0,37.7,1,0,51,43,100,SYNTHETIC,27.1,1,0.43,Monday
Route 3 - University Shuttle,20,0,0,32.2,1,0,78,22,100,SYNTHETIC,37.7,0,0.22,Monday
Route 9 - East Corridor,8,0,0,18.1,1,0,74,83,100,SYNTHETIC,35.6,1,0.83,Monday
Route 7 - Hospital Line,15,6,1,24.2,0,0,13,20,100,SYNTHETIC,37.7,0,0.2,Sunday
Route 1 - City Centre Express,7,4,0,25.0,1,1,23,148,100,SYNTHETIC,55.2,1,1.48,Friday
Route 6 - Industrial Park,17,4,0,19.8,1,0,44,114,100,SYNTHETIC,45.9,1,1.14,Friday
Route 7 - Hospital Line,10,1,0,11.2,0,0,44,22,100,SYNTHETIC,37.7,0,0.22,Tuesday
Route 9 - East Corridor,17,5,1,13.6,0,0,13,31,100,SYNTHETIC,35.6,1,0.31,Saturday
Route 8 - Beach/Leisure,17,5,1,29.2,1,0,27,70,100,SYNTHETIC,27.1,1,0.7,Saturday
Route 5 - South Connector,18,5,1,30.0,0,0,23,23,100,SYNTHETIC,24.6,1,0.23,Saturday
Route 3 - University Shuttle,7,3,0,18.3,1,0,14,85,100,SYNTHETIC,37.7,1,0.85,Thursday
Route 2 - Airport Link,20,4,0,22.1,0,0,46,27,100,SYNTHETIC,38.4,0,0.27,Friday
Route 1 - City Centre Express,9,3,0,29.6,0,0,88,75,100,SYNTHETIC,55.2,1,0.75,Thursday
Route 7 - Hospital Line,6,2,0,6.4,0,1,8,16,100,SYNTHETIC,37.7,0,0.16,Wednesday
Route 10 - West Ring,15,4,0,16.4,0,1,27,26,100,SYNTHETIC,26.9,0,0.26,Friday
Route 1 - City Centre Express,12,2,0,36.1,0,0,35,32,100,SYNTHETIC,55.2,0,0.32,Wednesday
Route 8 - Beach/Leisure,19,6,1,22.4,1,0,59,57,100,SYNTHETIC,27.1,1,0.57,Sunday
Route 6 - Industrial Park,18,5,1,11.0,0,0,13,17,100,SYNTHETIC,45.9,1,0.17,Saturday
Route 2 - Airport Link,10,5,1,20.9,0,0,37,21,100,SYNTHETIC,38.4,0,0.21,Saturday
Route 3 - University Shuttle,21,5,1,28.2,0,0,5,5,100,SYNTHETIC,37.7,0,0.05,Saturday
Route 3 - University Shuttle,10,3,0,-0.4,1,0,69,23,100,SYNTHETIC,37.7,0,0.23,Thursday
Route 7 - Hospital Line,14,6,1,21.4,0,0,19,15,100,SYNTHETIC,37.7,0,0.15,Sunday
Route 3 - University Shuttle,9,1,0,17.0,0,0,87,69,100,SYNTHETIC,37.7,1,0.69,Tuesday
Route 9 - East Corridor,20,3,0,6.9,0,0,49,24,100,SYNTHETIC,35.6,0,0.24,Thursday
Route 4 - North Suburbs,8,0,0,20.7,0,0,43,59,100,SYNTHETIC,30.0,1,0.59,Monday
Route 2 - Airport Link,6,2,0,18.9,0,0,1,13,100,SYNTHETIC,38.4,0,0.13,Wednesday
Route 1 - City Centre Express,13,4,0,19.8,0,0,39,33,100,SYNTHETIC,55.2,0,0.33,Friday
Route 5 - South Connector,23,3,0,17.2,0,0,4,0,100,SYNTHETIC,24.6,0,0.0,Thursday
Route 5 - South Connector,20,6,1,11.8,0,0,21,7,100,SYNTHETIC,24.6,0,0.07,Sunday
Route 8 - Beach/Leisure,18,4,0,8.4,0,0,44,45,100,SYNTHETIC,27.1,1,0.45,Friday
Route 5 - South Connector,20,2,0,14.5,1,0,39,15,100,SYNTHETIC,24.6,0,0.15,Wednesday
Route 2 - Airport Link,20,2,0,26.9,1,0,52,27,100,SYNTHETIC,38.4,0,0.27,Wednesday
Route 3 - University Shuttle,14,4,0,21.9,0,1,34,32,100,SYNTHETIC,37.7,0,0.32,Friday
Route 6 - Industrial Park,10,5,1,19.4,0,0,10,13,100,SYNTHETIC,45.9,0,0.13,Saturday
Route 4 - North Suburbs,18,1,0,11.7,1,0,60,64,100,SYNTHETIC,30.0,1,0.64,Tuesday
Route 7 - Hospital Line,17,4,0,17.0,0,0,24,65,100,SYNTHETIC,37.7,1,0.65,Friday
Route 10 - West Ring,12,4,0,25.9,0,0,23,18,100,SYNTHETIC,26.9,0,0.18,Friday
Route 4 - North Suburbs,7,0,0,24.0,0,0,9,52,100,SYNTHETIC,30.0,1,0.52,Monday
Route 6 - Industrial Park,18,6,1,16.2,1,0,14,10,100,SYNTHETIC,45.9,1,0.1,Sunday
Route 9 - East Corridor,9,3,0,-0.9,0,0,63,43,100,SYNTHETIC,35.6,1,0.43,Thursday
Route 3 - University Shuttle,20,1,0,14.6,0,0,62,25,100,SYNTHETIC,37.7,0,0.25,Tuesday
Route 6 - Industrial Park,9,4,0,16.1,1,0,94,65,100,SYNTHETIC,45.9,1,0.65,Friday
Route 4 - North Suburbs,8,4,0,12.7,0,0,50,60,100,SYNTHETIC,30.0,1,0.6,Friday
Route 7 - Hospital Line,19,6,1,16.7,0,0,46,36,100,SYNTHETIC,37.7,1,0.36,Sunday
Route 8 - Beach/Leisure,8,0,0,26.5,0,0,17,25,100,SYNTHETIC,27.1,1,0.25,Monday
Route 2 - Airport Link,8,2,0,19.7,0,0,46,57,100,SYNTHETIC,38.4,1,0.57,Wednesday
Route 2 - Airport Link,16,1,0,27.9,1,0,32,34,100,SYNTHETIC,38.4,0,0.34,Tuesday
Route 1 - City Centre Express,19,4,0,7.9,1,0,112,81,100,SYNTHETIC,55.2,1,0.81,Friday
Route 1 - City Centre Express,8,3,0,17.6,1,0,99,110,100,SYNTHETIC,55.2,1,1.1,Thursday
Route 1 - City Centre Express,10,3,0,4.5,1,1,107,50,100,SYNTHETIC,55.2,0,0.5,Thursday
Route 8 - Beach/Leisure,18,6,1,16.6,0,0,68,63,100,SYNTHETIC,27.1,1,0.63,Sunday
Route 10 - West Ring,21,3,0,11.6,1,0,17,18,100,SYNTHETIC,26.9,0,0.18,Thursday
Route 5 - South Connector,14,2,0,30.3,0,0,17,21,100,SYNTHETIC,24.6,0,0.21,Wednesday
Route 9 - East Corridor,8,0,0,23.3,1,0,55,77,100,SYNTHETIC,35.6,1,0.77,Monday
Route 8 - Beach/Leisure,5,2,0,28.1,1,0,0,1,100,SYNTHETIC,27.1,0,0.01,Wednesday
Route 9 - East Corridor,9,6,1,16.6,1,0,33,24,100,SYNTHETIC,35.6,1,0.24,Sunday
Route 8 - Beach/Leisure,8,3,0,11.8,0,0,25,28,100,SYNTHETIC,27.1,1,0.28,Thursday
Route 2 - Airport Link,17,6,1,11.6,0,0,31,51,100,SYNTHETIC,38.4,1,0.51,Sunday
Route 6 - Industrial Park,8,3,0,22.1,0,0,80,98,100,SYNTHETIC,45.9,1,0.98,Thursday
Route 6 - Industrial Park,14,3,0,34.5,1,0,35,28,100,SYNTHETIC,45.9,0,0.28,Thursday
Route 7 - Hospital Line,17,3,0,23.3,0,0,28,62,100,SYNTHETIC,37.7,1,0.62,Thursday
Route 8 - Beach/Leisure,16,3,0,17.0,0,0,15,19,100,SYNTHETIC,27.1,0,0.19,Thursday
Route 2 - Airport Link,8,0,0,18.5,0,0,50,59,100,SYNTHETIC,38.4,1,0.59,Monday
Route 7 - Hospital Line,18,0,0,19.7,1,0,70,70,100,SYNTHETIC,37.7,1,0.7,Monday
Route 9 - East Corridor,17,3,0,36.2,1,0,32,61,100,SYNTHETIC,35.6,1,0.61,Thursday
Route 2 - Airport Link,18,4,0,29.9,1,0,67,58,100,SYNTHETIC,38.4,1,0.58,Friday
Route 5 - South Connector,8,3,0,22.1,0,0,39,45,100,SYNTHETIC,24.6,1,0.45,Thursday
Route 9 - East Corridor,8,3,0,20.9,0,0,41,64,100,SYNTHETIC,35.6,1,0.64,Thursday
Route 1 - City Centre Express,20,2,0,22.4,0,1,114,46,100,SYNTHETIC,55.2,0,0.46,Wednesday
Route 2 - Airport Link,12,4,0,24.0,0,0,32,32,100,SYNTHETIC,38.4,0,0.32,Friday
Route 9 - East Corridor,10,4,0,16.7,0,0,46,19,100,SYNTHETIC,35.6,0,0.19,Friday
Route 2 - Airport Link,14,0,0,13.2,0,0,21,30,100,SYNTHETIC,38.4,0,0.3,Monday
Route 8 - Beach/Leisure,17,3,0,28.3,1,0,22,49,100,SYNTHETIC,27.1,1,0.49,Thursday
Route 10 - West Ring,21,4,0,20.2,0,0,21,10,100,SYNTHETIC,26.9,0,0.1,Friday
Route 5 - South Connector,10,5,1,27.6,1,0,17,13,100,SYNTHETIC,24.6,0,0.13,Saturday
Route 5 - South Connector,20,2,0,33.2,1,0,35,17,100,SYNTHETIC,24.6,0,0.17,Wednesday
Route 5 - South Connector,6,6,1,24.2,0,0,0,11,100,SYNTHETIC,24.6,0,0.11,Sunday
Route 4 - North Suburbs,15,4,0,22.9,0,0,21,22,100,SYNTHETIC,30.0,0,0.22,Friday
Route 4 - North Suburbs,16,3,0,42.0,0,0,20,26,100,SYNTHETIC,30.0,0,0.26,Thursday
Route 6 - Industrial Park,7,4,0,21.7,0,0,11,85,100,SYNTHETIC,45.9,1,0.85,Friday
Route 9 - East Corridor,8,6,1,11.3,1,0,31,37,100,SYNTHETIC,35.6,1,0.37,Sunday
Route 10 - West Ring,12,1,0,17.8,0,0,17,20,100,SYNTHETIC,26.9,0,0.2,Tuesday
Route 9 - East Corridor,21,1,0,32.4,1,0,29,13,100,SYNTHETIC,35.6,0,0.13,Tuesday
Route 2 - Airport Link,16,3,0,9.6,0,0,29,34,100,SYNTHETIC,38.4,0,0.34,Thursday
Route 4 - North Suburbs,20,0,0,14.0,0,0,43,24,100,SYNTHETIC,30.0,0,0.24,Monday
Route 8 - Beach/Leisure,18,5,1,28.9,0,0,63,58,100,SYNTHETIC,27.1,1,0.58,Saturday
Route 6 - Industrial Park,13,6,1,17.8,0,0,8,9,100,SYNTHETIC,45.9,0,0.09,Sunday
Route 4 - North Suburbs,18,4,0,19.1,0,0,52,59,100,SYNTHETIC,30.0,1,0.59,Friday
Route 4 - North Suburbs,5,6,1,28.6,0,0,3,0,100,SYNTHETIC,30.0,0,0.0,Sunday
Route 2 - Airport Link,7,0,0,14.3,1,0,19,55,100,SYNTHETIC,38.4,1,0.55,Monday
Route 4 - North Suburbs,19,4,0,8.3,0,0,51,51,100,SYNTHETIC,30.0,1,0.51,Friday
Route 5 - South Connector,18,3,0,8.9,1,0,49,49,100,SYNTHETIC,24.6,1,0.49,Thursday
Route 5 - South Connector,9,1,0,24.7,0,0,51,35,100,SYNTHETIC,24.6,1,0.35,Tuesday
Route 6 - Industrial Park,15,2,0,22.1,0,1,42,44,100,SYNTHETIC,45.9,0,0.44,Wednesday
Route 3 - University Shuttle,16,3,0,14.5,0,0,22,31,100,SYNTHETIC,37.7,0,0.31,Thursday
Route 3 - University Shuttle,19,4,0,10.7,0,0,79,64,100,SYNTHETIC,37.7,1,0.64,Friday
Route 9 - East Corridor,16,1,0,17.8,1,0,24,30,100,SYNTHETIC,35.6,0,0.3,Tuesday
Route 5 - South Connector,12,4,0,28.9,0,0,15,19,100,SYNTHETIC,24.6,0,0.19,Friday
Route 3 - University Shuttle,12,6,1,13.3,0,0,6,8,100,SYNTHETIC,37.7,0,0.08,Sunday
Route 7 - Hospital Line,12,0,0,14.7,0,0,22,32,100,SYNTHETIC,37.7,0,0.32,Monday
Route 6 - Industrial Park,17,6,1,10.5,0,0,4,12,100,SYNTHETIC,45.9,1,0.12,Sunday
Route 6 - Industrial Park,19,4,0,17.1,0,0,91,65,100,SYNTHETIC,45.9,1,0.65,Friday
Route 3 - University Shuttle,13,2,0,22.7,1,0,24,31,100,SYNTHETIC,37.7,0,0.31,Wednesday
Route 8 - Beach/Leisure,9,5,1,36.9,1,0,46,35,100,SYNTHETIC,27.1,1,0.35,Saturday
Route 2 - Airport Link,9,4,0,21.7,0,0,62,46,100,SYNTHETIC,38.4,1,0.46,Friday
Route 9 - East Corridor,18,5,1,19.6,1,0,38,42,100,SYNTHETIC,35.6,1,0.42,Saturday
Route 5 - South Connector,19,0,0,26.9,1,0,44,38,100,SYNTHETIC,24.6,1,0.38,Monday
Route 5 - South Connector,7,0,0,25.6,0,0,8,34,100,SYNTHETIC,24.6,1,0.34,Monday
Route 4 - North Suburbs,7,4,0,15.4,0,0,8,43,100,SYNTHETIC,30.0,1,0.43,Friday
Route 5 - South Connector,16,2,0,38.4,0,0,17,17,100,SYNTHETIC,24.6,0,0.17,Wednesday
Route 7 - Hospital Line,8,1,0,19.8,0,0,57,67,100,SYNTHETIC,37.7,1,0.67,Tuesday
Route 5 - South Connector,19,2,0,21.9,0,1,68,48,100,SYNTHETIC,24.6,1,0.48,Wednesday
Route 2 - Airport Link,10,5,1,24.4,0,0,40,20,100,SYNTHETIC,38.4,0,0.2,Saturday
Route 6 - Industrial Park,8,1,0,22.8,0,0,103,99,100,SYNTHETIC,45.9,1,0.99,Tuesday
Route 3 - University Shuttle,20,6,1,32.2,1,0,15,8,100,SYNTHETIC,37.7,0,0.08,Sunday
Route 2 - Airport Link,8,2,0,15.3,1,0,52,64,100,SYNTHETIC,38.4,1,0.64,Wednesday
Route 9 - East Corridor,10,1,0,26.3,0,0,42,18,100,SYNTHETIC,35.6,0,0.18,Tuesday
Route 4 - North Suburbs,8,0,0,21.3,0,0,53,57,100,SYNTHETIC,30.0,1,0.57,Monday
Route 6 - Industrial Park,7,6,1,27.9,1,0,0,17,100,SYNTHETIC,45.9,1,0.17,Sunday
Route 2 - Airport Link,6,0,0,18.3,1,0,6,14,100,SYNTHETIC,38.4,0,0.14,Monday
Route 4 - North Suburbs,7,2,0,17.2,0,0,13,51,100,SYNTHETIC,30.0,1,0.51,Wednesday
Route 4 - North Suburbs,8,4,0,25.9,0,0,55,68,100,SYNTHETIC,30.0,1,0.68,Friday
Route 2 - Airport Link,7,3,0,22.9,0,0,11,69,100,SYNTHETIC,38.4,1,0.69,Thursday
Route 10 - West Ring,16,1,0,13.4,1,0,23,28,100,SYNTHETIC,26.9,0,0.28,Tuesday
Route 4 - North Suburbs,17,0,0,30.8,1,0,29,60,100,SYNTHETIC,30.0,1,0.6,Monday
Route 6 - Industrial Park,12,4,0,25.9,0,0,28,28,100,SYNTHETIC,45.9,0,0.28,Friday
Route 6 - Industrial Park,11,3,0,19.4,1,0,30,34,100,SYNTHETIC,45.9,0,0.34,Thursday
Route 5 - South Connector,14,0,0,16.3,1,0,21,18,100,SYNTHETIC,24.6,0,0.18,Monday
Route 6 - Industrial Park,19,1,0,22.9,0,0,88,83,100,SYNTHETIC,45.9,1,0.83,Tuesday
Route 6 - Industrial Park,19,3,0,25.3,0,0,97,72,100,SYNTHETIC,45.9,1,0.72,Thursday
Route 1 - City Centre Express,6,1,0,7.2,1,0,9,18,100,SYNTHETIC,55.2,0,0.18,Tuesday
Route 7 - Hospital Line,8,2,0,23.0,0,0,62,71,100,SYNTHETIC,37.7,1,0.71,Wednesday
Route 2 - Airport Link,9,0,0,25.2,0,0,63,52,100,SYNTHETIC,38.4,1,0.52,Monday
Route 5 - South Connector,9,5,1,1.2,1,0,26,23,100,SYNTHETIC,24.6,1,0.23,Saturday
Route 4 - North Suburbs,15,4,0,21.6,0,0,18,25,100,SYNTHETIC,30.0,0,0.25,Friday
Route 5 - South Connector,12,5,1,25.6,0,0,8,13,100,SYNTHETIC,24.6,0,0.13,Saturday
Route 1 - City Centre Express,7,0,0,24.6,0,0,12,84,100,SYNTHETIC,55.2,1,0.84,Monday
Route 8 - Beach/Leisure,12,2,0,26.4,0,0,16,18,100,SYNTHETIC,27.1,0,0.18,Wednesday
Route 5 - South Connector,14,1,0,17.4,0,0,20,14,100,SYNTHETIC,24.6,0,0.14,Tuesday
Route 1 - City Centre Express,7,4,0,11.7,1,0,17,93,100,SYNTHETIC,55.2,1,0.93,Friday
Route 1 - City Centre Express,19,5,1,5.6,0,0,52,53,100,SYNTHETIC,55.2,1,0.53,Saturday
Route 6 - Industrial Park,7,1,0,28.7,0,0,15,88,100,SYNTHETIC,45.9,1,0.88,Tuesday
Route 7 - Hospital Line,20,5,1,25.6,1,0,44,20,100,SYNTHETIC,37.7,0,0.2,Saturday
Route 6 - Industrial Park,7,4,0,29.3,0,0,17,86,100,SYNTHETIC,45.9,1,0.86,Friday
Route 8 - Beach/Leisure,19,5,1,14.2,0,1,99,78,100,SYNTHETIC,27.1,1,0.78,Saturday
Route 8 - Beach/Leisure,20,0,0,26.4,0,0,43,8,100,SYNTHETIC,27.1,0,0.08,Monday
Route 9 - East Corridor,22,6,1,8.0,0,0,15,0,100,SYNTHETIC,35.6,0,0.0,Sunday
Route 10 - West Ring,18,3,0,13.0,0,0,42,50,100,SYNTHETIC,26.9,1,0.5,Thursday
Route 9 - East Corridor,18,1,0,21.0,0,0,60,58,100,SYNTHETIC,35.6,1,0.58,Tuesday
Route 8 - Beach/Leisure,16,1,0,25.3,0,0,17,18,100,SYNTHETIC,27.1,0,0.18,Tuesday
Route 5 - South Connector,18,6,1,33.4,0,0,18,19,100,SYNTHETIC,24.6,1,0.19,Sunday
Route 6 - Industrial Park,8,6,1,18.1,0,0,15,13,100,SYNTHETIC,45.9,1,0.13,Sunday
Route 7 - Hospital Line,15,0,0,13.1,0,0,23,25,100,SYNTHETIC,37.7,0,0.25,Monday
Route 2 - Airport Link,14,3,0,12.7,0,0,27,27,100,SYNTHETIC,38.4,0,0.27,Thursday
Route 7 - Hospital Line,19,5,1,14.5,0,0,41,38,100,SYNTHETIC,37.7,1,0.38,Saturday
Route 6 - Industrial Park,13,4,0,37.8,0,0,29,26,100,SYNTHETIC,45.9,0,0.26,Friday
Route 6 - Industrial Park,12,1,0,26.1,0,0,24,33,100,SYNTHETIC,45.9,0,0.33,Tuesday
Route 9 - East Corridor,16,2,0,28.9,0,0,27,24,100,SYNTHETIC,35.6,0,0.24,Wednesday
Route 7 - Hospital Line,9,2,0,18.1,1,0,80,51,100,SYNTHETIC,37.7,1,0.51,Wednesday
Route 10 - West Ring,8,2,0,20.0,1,0,51,61,100,SYNTHETIC,26.9,1,0.61,Wednesday
Route 10 - West Ring,13,6,1,25.6,0,0,11,9,100,SYNTHETIC,26.9,0,0.09,Sunday
Route 9 - East Corridor,12,1,0,16.0,0,0,15,28,100,SYNTHETIC,35.6,0,0.28,Tuesday
Route 3 - University Shuttle,9,4,0,17.7,0,0,80,66,100,SYNTHETIC,37.7,1,0.66,Friday
Route 2 - Airport Link,11,6,1,14.6,1,0,23,27,100,SYNTHETIC,38.4,0,0.27,Sunday
Route 3 - University Shuttle,11,5,1,16.4,1,1,4,7,100,SYNTHETIC,37.7,0,0.07,Saturday
Route 8 - Beach/Leisure,11,5,1,20.4,1,0,17,23,100,SYNTHETIC,27.1,0,0.23,Saturday
Route 9 - East Corridor,12,1,0,13.4,0,1,30,31,100,SYNTHETIC,35.6,0,0.31,Tuesday
Route 9 - East Corridor,17,0,0,22.3,1,0,31,59,100,SYNTHETIC,35.6,1,0.59,Monday
Route 7 - Hospital Line,10,5,1,22.3,0,0,33,19,100,SYNTHETIC,37.7,0,0.19,Saturday
Route 7 - Hospital Line,21,5,1,18.6,1,0,22,17,100,SYNTHETIC,37.7,0,0.17,Saturday
Route 10 - West Ring,20,5,1,13.4,0,0,25,6,100,SYNTHETIC,26.9,0,0.06,Saturday
Route 7 - Hospital Line,14,2,0,20.8,0,0,27,23,100,SYNTHETIC,37.7,0,0.23,Wednesday
Route 2 - Airport Link,11,3,0,16.0,0,0,24,22,100,SYNTHETIC,38.4,0,0.22,Thursday
Route 6 - Industrial Park,15,0,0,20.4,0,0,33,27,100,SYNTHETIC,45.9,0,0.27,Monday
Route 4 - North Suburbs,19,2,0,28.8,1,0,51,50,100,SYNTHETIC,30.0,1,0.5,Wednesday
Route 7 - Hospital Line,17,3,0,10.0,0,0,24,55,100,SYNTHETIC,37.7,1,0.55,Thursday
Route 7 - Hospital Line,18,0,0,37.4,0,0,52,49,100,SYNTHETIC,37.7,1,0.49,Monday
Route 3 - University Shuttle,15,0,0,19.4,1,0,26,31,100,SYNTHETIC,37.7,0,0.31,Monday
Route 3 - University Shuttle,16,0,0,23.3,0,1,36,45,100,SYNTHETIC,37.7,0,0.45,Monday
Route 1 - City Centre Express,10,1,0,14.0,0,0,63,26,100,SYNTHETIC,55.2,0,0.26,Tuesday
Route 3 - University Shuttle,18,6,1,29.1,0,0,13,16,100,SYNTHETIC,37.7,1,0.16,Sunday
Route 9 - East Corridor,8,4,0,19.0,0,0,50,67,100,SYNTHETIC,35.6,1,0.67,Friday
Route 7 - Hospital Line,17,6,1,16.8,0,0,18,43,100,SYNTHETIC,37.7,1,0.43,Sunday
Route 10 - West Ring,19,1,0,15.4,0,0,54,36,100,SYNTHETIC,26.9,1,0.36,Tuesday
Route 10 - West Ring,8,4,0,17.9,1,1,70,86,100,SYNTHETIC,26.9,1,0.86,Friday
Route 9 - East Corridor,16,6,1,23.3,1,0,18,18,100,SYNTHETIC,35.6,0,0.18,Sunday
Route 2 - Airport Link,7,2,0,21.4,1,0,12,51,100,SYNTHETIC,38.4,1,0.51,Wednesday
Route 4 - North Suburbs,17,4,0,19.7,0,0,28,49,100,SYNTHETIC,30.0,1,0.49,Friday
Route 1 - City Centre Express,7,4,0,14.3,0,0,17,94,100,SYNTHETIC,55.2,1,0.94,Friday
Route 1 - City Centre Express,20,5,1,13.8,1,0,55,20,100,SYNTHETIC,55.2,0,0.2,Saturday
Route 3 - University Shuttle,8,6,1,16.3,0,0,15,17,100,SYNTHETIC,37.7,1,0.17,Sunday
Route 3 - University Shuttle,21,4,0,23.7,1,0,29,16,100,SYNTHETIC,37.7,0,0.16,Friday
Route 1 - City Centre Express,18,4,0,25.3,0,0,98,94,100,SYNTHETIC,55.2,1,0.94,Friday
Route 9 - East Corridor,16,6,1,26.4,1,1,15,22,100,SYNTHETIC,35.6,0,0.22,Sunday
Route 6 - Industrial Park,18,4,0,20.0,0,0,96,83,100,SYNTHETIC,45.9,1,0.83,Friday
Route 7 - Hospital Line,18,2,0,23.1,0,0,59,66,100,SYNTHETIC,37.7,1,0.66,Wednesday
Route 7 - Hospital Line,21,4,0,18.7,0,0,23,20,100,SYNTHETIC,37.7,0,0.2,Friday
Route 10 - West Ring,9,3,0,6.1,1,0,57,37,100,SYNTHETIC,26.9,1,0.37,Thursday
Route 2 - Airport Link,16,1,0,18.3,0,0,29,37,100,SYNTHETIC,38.4,0,0.37,Tuesday
Route 4 - North Suburbs,7,3,0,17.0,0,0,9,47,100,SYNTHETIC,30.0,1,0.47,Thursday
Route 4 - North Suburbs,16,4,0,11.7,1,0,21,26,100,SYNTHETIC,30.0,0,0.26,Friday
Route 6 - Industrial Park,8,6,1,15.5,0,0,8,16,100,SYNTHETIC,45.9,1,0.16,Sunday
Route 6 - Industrial Park,15,4,0,21.1,1,0,25,34,100,SYNTHETIC,45.9,0,0.34,Friday
Route 8 - Beach/Leisure,15,1,0,10.9,1,0,14,16,100,SYNTHETIC,27.1,0,0.16,Tuesday
Route 6 - Industrial Park,13,6,1,14.3,0,0,7,6,100,SYNTHETIC,45.9,0,0.06,Sunday
Route 3 - University Shuttle,14,4,0,32.4,1,0,24,20,100,SYNTHETIC,37.7,0,0.2,Friday
Route 6 - Industrial Park,18,2,0,7.2,0,0,99,88,100,SYNTHETIC,45.9,1,0.88,Wednesday
Route 10 - West Ring,18,5,1,18.5,0,0,22,27,100,SYNTHETIC,26.9,1,0.27,Saturday
Route 6 - Industrial Park,14,2,0,10.7,1,0,31,32,100,SYNTHETIC,45.9,0,0.32,Wednesday
Route 6 - Industrial Park,16,2,0,14.0,1,0,31,44,100,SYNTHETIC,45.9,0,0.44,Wednesday
Route 2 - Airport Link,20,5,1,18.4,0,0,46,27,100,SYNTHETIC,38.4,0,0.27,Saturday
Route 1 - City Centre Express,7,6,1,12.1,0,0,7,50,100,SYNTHETIC,55.2,1,0.5,Sunday
Route 3 - University Shuttle,7,3,0,24.6,0,0,12,62,100,SYNTHETIC,37.7,1,0.62,Thursday
Route 1 - City Centre Express,7,2,0,30.8,0,0,14,84,100,SYNTHETIC,55.2,1,0.84,Wednesday
Route 5 - South Connector,17,6,1,26.7,0,0,11,24,100,SYNTHETIC,24.6,1,0.24,Sunday
Route 9 - East Corridor,12,1,0,28.2,0,0,22,27,100,SYNTHETIC,35.6,0,0.27,Tuesday
Route 5 - South Connector,18,5,1,9.0,1,0,23,23,100,SYNTHETIC,24.6,1,0.23,Saturday
Route 7 - Hospital Line,17,4,0,18.1,0,1,52,80,100,SYNTHETIC,37.7,1,0.8,Friday
Route 9 - East Corridor,11,5,1,23.7,0,0,10,9,100,SYNTHETIC,35.6,0,0.09,Saturday
Route 8 - Beach/Leisure,20,2,0,27.0,0,0,37,13,100,SYNTHETIC,27.1,0,0.13,Wednesday
Route 7 - Hospital Line,18,5,1,34.0,1,0,45,38,100,SYNTHETIC,37.7,1,0.38,Saturday
Route 8 - Beach/Leisure,10,0,0,28.6,0,0,23,12,100,SYNTHETIC,27.1,0,0.12,Monday
Route 3 - University Shuttle,11,5,1,27.2,1,0,4,5,100,SYNTHETIC,37.7,0,0.05,Saturday
Route 5 - South Connector,10,0,0,41.1,0,0,29,15,100,SYNTHETIC,24.6,0,0.15,Monday
Route 4 - North Suburbs,8,4,0,20.8,1,0,60,63,100,SYNTHETIC,30.0,1,0.63,Friday
Route 8 - Beach/Leisure,8,1,0,17.7,1,0,24,28,100,SYNTHETIC,27.1,1,0.28,Tuesday
Route 5 - South Connector,20,6,1,21.4,0,0,20,8,100,SYNTHETIC,24.6,0,0.08,Sunday
Route 10 - West Ring,13,5,1,12.7,0,0,17,8,100,SYNTHETIC,26.9,0,0.08,Saturday
Route 2 - Airport Link,12,0,0,20.5,0,0,24,31,100,SYNTHETIC,38.4,0,0.31,Monday
Route 2 - Airport Link,18,6,1,6.2,0,0,55,50,100,SYNTHETIC,38.4,1,0.5,Sunday
Route 8 - Beach/Leisure,15,1,0,15.8,0,0,12,24,100,SYNTHETIC,27.1,0,0.24,Tuesday
Route 8 - Beach/Leisure,20,3,0,19.1,1,0,45,15,100,SYNTHETIC,27.1,0,0.15,Thursday
Route 7 - Hospital Line,18,0,0,27.6,0,0,63,65,100,SYNTHETIC,37.7,1,0.65,Monday
Route 4 - North Suburbs,13,0,0,28.9,0,0,24,20,100,SYNTHETIC,30.0,0,0.2,Monday
Route 1 - City Centre Express,12,1,0,12.3,0,0,32,34,100,SYNTHETIC,55.2,0,0.34,Tuesday
Route 4 - North Suburbs,22,3,0,36.6,0,0,13,11,100,SYNTHETIC,30.0,0,0.11,Thursday
Route 5 - South Connector,17,3,0,21.2,1,0,23,48,100,SYNTHETIC,24.6,1,0.48,Thursday
Route 5 - South Connector,21,5,1,21.9,0,0,10,1,100,SYNTHETIC,24.6,0,0.01,Saturday
Route 10 - West Ring,7,1,0,7.1,1,0,10,41,100,SYNTHETIC,26.9,1,0.41,Tuesday
Route 9 - East Corridor,19,5,1,15.0,0,0,32,25,100,SYNTHETIC,35.6,1,0.25,Saturday
Route 8 - Beach/Leisure,16,0,0,28.4,0,0,10,17,100,SYNTHETIC,27.1,0,0.17,Monday
Route 1 - City Centre Express,8,2,0,21.4,0,0,89,89,100,SYNTHETIC,55.2,1,0.89,Wednesday
Route 2 - Airport Link,16,1,0,20.9,0,0,31,34,100,SYNTHETIC,38.4,0,0.34,Tuesday
Route 5 - South Connector,17,0,0,21.8,0,0,25,32,100,SYNTHETIC,24.6,1,0.32,Monday
Route 7 - Hospital Line,4,4,0,8.5,0,0,1,2,100,SYNTHETIC,37.7,0,0.02,Friday
Route 7 - Hospital Line,13,6,1,19.2,0,0,27,20,100,SYNTHETIC,37.7,0,0.2,Sunday
Route 3 - University Shuttle,19,4,0,31.3,0,0,73,68,100,SYNTHETIC,37.7,1,0.68,Friday
Route 2 - Airport Link,10,5,1,28.7,0,0,39,21,100,SYNTHETIC,38.4,0,0.21,Saturday
Route 4 - North Suburbs,13,4,0,19.0,1,0,20,27,100,SYNTHETIC,30.0,0,0.27,Friday
Route 8 - Beach/Leisure,13,0,0,32.5,0,0,15,16,100,SYNTHETIC,27.1,0,0.16,Monday
Route 10 - West Ring,10,2,0,9.9,0,0,41,20,100,SYNTHETIC,26.9,0,0.2,Wednesday
Route 10 - West Ring,20,5,1,12.2,0,0,18,7,100,SYNTHETIC,26.9,0,0.07,Saturday
Route 6 - Industrial Park,18,0,0,34.9,1,0,81,116,100,SYNTHETIC,45.9,1,1.16,Monday
Route 1 - City Centre Express,7,0,0,24.6,1,0,21,97,100,SYNTHETIC,55.2,1,0.97,Monday
Route 10 - West Ring,23,5,1,17.7,0,1,6,7,100,SYNTHETIC,26.9,0,0.07,Saturday
Route 2 - Airport Link,19,0,0,19.6,0,0,63,53,100,SYNTHETIC,38.4,1,0.53,Monday
Route 3 - University Shuttle,10,6,1,13.5,0,0,11,5,100,SYNTHETIC,37.7,0,0.05,Sunday
Route 10 - West Ring,19,5,1,22.2,0,0,21,20,100,SYNTHETIC,26.9,1,0.2,Saturday
Route 6 - Industrial Park,7,4,0,21.6,0,0,14,83,100,SYNTHETIC,45.9,1,0.83,Friday
Route 2 - Airport Link,23,3,0,20.2,1,1,16,5,100,SYNTHETIC,38.4,0,0.05,Thursday
Route 6 - Industrial Park,17,0,0,10.7,1,0,40,102,100,SYNTHETIC,45.9,1,1.02,Monday
Route 1 - City Centre Express,17,2,0,22.1,1,0,47,109,100,SYNTHETIC,55.2,1,1.09,Wednesday
Route 4 - North Suburbs,7,5,1,15.8,0,0,4,20,100,SYNTHETIC,30.0,1,0.2,Saturday
Route 10 - West Ring,20,6,1,12.1,0,0,20,9,100,SYNTHETIC,26.9,0,0.09,Sunday
Route 3 - University Shuttle,6,3,0,30.1,0,0,3,14,100,SYNTHETIC,37.7,0,0.14,Thursday
Route 9 - East Corridor,9,5,1,37.4,0,0,30,27,100,SYNTHETIC,35.6,1,0.27,Saturday
Route 6 - Industrial Park,8,5,1,35.5,0,0,13,17,100,SYNTHETIC,45.9,1,0.17,Saturday
Route 7 - Hospital Line,18,0,0,25.2,0,0,57,53,100,SYNTHETIC,37.7,1,0.53,Monday
Route 8 - Beach/Leisure,8,4,0,17.9,0,0,25,24,100,SYNTHETIC,27.1,1,0.24,Friday
Route 6 - Industrial Park,20,4,0,19.4,0,0,82,29,100,SYNTHETIC,45.9,0,0.29,Friday
Route 1 - City Centre Express,17,3,0,23.2,0,0,43,107,100,SYNTHETIC,55.2,1,1.07,Thursday
Route 10 - West Ring,6,5,1,16.6,1,0,0,3,100,SYNTHETIC,26.9,0,0.03,Saturday
Route 5 - South Connector,1,6,1,30.6,0,0,0,4,100,SYNTHETIC,24.6,0,0.04,Sunday
Route 7 - Hospital Line,7,3,0,3.7,1,1,18,84,100,SYNTHETIC,37.7,1,0.84,Thursday
Route 6 - Industrial Park,16,2,0,17.6,1,0,30,43,100,SYNTHETIC,45.9,0,0.43,Wednesday
Route 7 - Hospital Line,18,6,1,26.4,0,0,39,39,100,SYNTHETIC,37.7,1,0.39,Sunday
Route 4 - North Suburbs,9,6,1,13.2,0,0,32,20,100,SYNTHETIC,30.0,1,0.2,Sunday
Route 9 - East Corridor,19,4,0,18.1,1,0,75,50,100,SYNTHETIC,35.6,1,0.5,Friday
Route 3 - University Shuttle,7,4,0,24.7,1,0,12,93,100,SYNTHETIC,37.7,1,0.93,Friday
Route 7 - Hospital Line,18,0,0,32.1,0,0,61,57,100,SYNTHETIC,37.7,1,0.57,Monday
Route 6 - Industrial Park,20,2,0,9.6,1,1,125,40,100,SYNTHETIC,45.9,0,0.4,Wednesday
Route 6 - Industrial Park,18,1,0,9.1,1,0,95,84,100,SYNTHETIC,45.9,1,0.84,Tuesday
Route 1 - City Centre Express,17,3,0,12.4,0,0,45,91,100,SYNTHETIC,55.2,1,0.91,Thursday
Route 4 - North Suburbs,19,5,1,7.7,0,0,25,20,100,SYNTHETIC,30.0,1,0.2,Saturday
Route 1 - City Centre Express,6,1,0,8.3,0,0,4,18,100,SYNTHETIC,55.2,0,0.18,Tuesday
Route 6 - Industrial Park,8,6,1,12.2,0,0,9,14,100,SYNTHETIC,45.9,1,0.14,Sunday
Route 7 - Hospital Line,8,0,0,29.9,0,0,50,73,100,SYNTHETIC,37.7,1,0.73,Monday
Route 6 - Industrial Park,14,0,0,17.5,1,0,28,29,100,SYNTHETIC,45.9,0,0.29,Monday
Route 8 - Beach/Leisure,18,6,1,20.3,0,0,57,74,100,SYNTHETIC,27.1,1,0.74,Sunday
Route 4 - North Suburbs,16,0,0,12.4,0,0,21,23,100,SYNTHETIC,30.0,0,0.23,Monday
Route 4 - North Suburbs,19,5,1,25.1,0,0,27,18,100,SYNTHETIC,30.0,1,0.18,Saturday
Route 5 - South Connector,8,5,1,35.0,0,1,30,33,100,SYNTHETIC,24.6,1,0.33,Saturday
Route 3 - University Shuttle,18,2,0,12.9,0,0,72,69,100,SYNTHETIC,37.7,1,0.69,Wednesday
Route 9 - East Corridor,8,0,0,33.8,1,0,73,64,100,SYNTHETIC,35.6,1,0.64,Monday
Route 9 - East Corridor,10,2,0,22.9,0,0,42,22,100,SYNTHETIC,35.6,0,0.22,Wednesday
Route 5 - South Connector,17,0,0,20.1,1,0,21,42,100,SYNTHETIC,24.6,1,0.42,Monday
Route 8 - Beach/Leisure,22,4,0,23.2,0,0,7,5,100,SYNTHETIC,27.1,0,0.05,Friday
Route 1 - City Centre Express,16,6,1,23.1,0,0,20,26,100,SYNTHETIC,55.2,0,0.26,Sunday
Route 2 - Airport Link,7,6,1,34.9,0,0,13,39,100,SYNTHETIC,38.4,1,0.39,Sunday
Route 3 - University Shuttle,16,5,1,24.2,0,0,7,8,100,SYNTHETIC,37.7,0,0.08,Saturday
Route 4 - North Suburbs,6,5,1,24.3,0,0,4,2,100,SYNTHETIC,30.0,0,0.02,Saturday
Route 3 - University Shuttle,19,6,1,16.6,0,0,15,11,100,SYNTHETIC,37.7,1,0.11,Sunday
Route 6 - Industrial Park,17,5,1,26.7,0,0,4,8,100,SYNTHETIC,45.9,1,0.08,Saturday
Route 8 - Beach/Leisure,8,4,0,12.3,1,0,30,31,100,SYNTHETIC,27.1,1,0.31,Friday
Route 5 - South Connector,7,6,1,20.9,0,1,0,26,100,SYNTHETIC,24.6,1,0.26,Sunday
Route 5 - South Connector,8,2,0,42.0,1,0,40,41,100,SYNTHETIC,24.6,1,0.41,Wednesday
Route 1 - City Centre Express,22,2,0,-0.0,1,1,35,14,100,SYNTHETIC,55.2,0,0.14,Wednesday
Route 3 - University Shuttle,13,6,1,21.9,1,0,11,5,100,SYNTHETIC,37.7,0,0.05,Sunday
Route 9 - East Corridor,18,2,0,22.2,0,0,51,64,100,SYNTHETIC,35.6,1,0.64,Wednesday
Route 9 - East Corridor,16,2,0,18.2,1,0,24,34,100,SYNTHETIC,35.6,0,0.34,Wednesday
Route 2 - Airport Link,15,1,0,18.4,0,1,32,40,100,SYNTHETIC,38.4,0,0.4,Tuesday
Route 1 - City Centre Express,8,1,0,20.7,0,0,73,114,100,SYNTHETIC,55.2,1,1.14,Tuesday
Route 9 - East Corridor,21,4,0,18.0,0,0,22,16,100,SYNTHETIC,35.6,0,0.16,Friday
Route 2 - Airport Link,10,6,1,21.8,0,0,43,19,100,SYNTHETIC,38.4,0,0.19,Sunday
Route 6 - Industrial Park,15,0,0,16.1,0,0,31,27,100,SYNTHETIC,45.9,0,0.27,Monday
Route 9 - East Corridor,17,4,0,36.2,0,0,26,68,100,SYNTHETIC,35.6,1,0.68,Friday
Route 8 - Beach/Leisure,17,5,1,18.0,0,0,30,71,100,SYNTHETIC,27.1,1,0.71,Saturday
Route 6 - Industrial Park,21,6,1,24.6,0,0,4,5,100,SYNTHETIC,45.9,0,0.05,Sunday
Route 4 - North Suburbs,8,5,1,14.6,0,1,39,48,100,SYNTHETIC,30.0,1,0.48,Saturday
Route 8 - Beach/Leisure,14,1,0,27.5,0,0,18,15,100,SYNTHETIC,27.1,0,0.15,Tuesday
Route 7 - Hospital Line,12,3,0,25.9,0,0,24,28,100,SYNTHETIC,37.7,0,0.28,Thursday
Route 9 - East Corridor,13,6,1,23.4,0,0,16,12,100,SYNTHETIC,35.6,0,0.12,Sunday
Route 6 - Industrial Park,7,6,1,11.8,1,1,0,25,100,SYNTHETIC,45.9,1,0.25,Sunday
Route 10 - West Ring,8,4,0,14.0,1,0,50,52,100,SYNTHETIC,26.9,1,0.52,Friday
Route 8 - Beach/Leisure,10,6,1,33.5,1,0,34,23,100,SYNTHETIC,27.1,0,0.23,Sunday
Route 1 - City Centre Express,10,4,0,13.9,1,0,86,27,100,SYNTHETIC,55.2,0,0.27,Friday
Route 3 - University Shuttle,13,0,0,25.1,1,0,25,22,100,SYNTHETIC,37.7,0,0.22,Monday
Route 8 - Beach/Leisure,16,6,1,12.4,0,0,21,33,100,SYNTHETIC,27.1,0,0.33,Sunday
Route 2 - Airport Link,16,1,0,28.1,0,0,27,35,100,SYNTHETIC,38.4,0,0.35,Tuesday
Route 8 - Beach/Leisure,12,2,0,14.5,0,0,16,15,100,SYNTHETIC,27.1,0,0.15,Wednesday
Route 4 - North Suburbs,12,1,0,12.3,0,0,21,22,100,SYNTHETIC,30.0,0,0.22,Tuesday
Route 3 - University Shuttle,9,5,1,14.3,0,0,21,8,100,SYNTHETIC,37.7,1,0.08,Saturday
Route 6 - Industrial Park,16,0,0,15.6,1,0,28,39,100,SYNTHETIC,45.9,0,0.39,Monday
Route 10 - West Ring,10,4,0,23.2,0,0,35,13,100,SYNTHETIC,26.9,0,0.13,Friday
Route 9 - East Corridor,6,6,1,20.6,0,0,0,5,100,SYNTHETIC,35.6,0,0.05,Sunday
Route 5 - South Connector,12,5,1,11.2,0,0,11,12,100,SYNTHETIC,24.6,0,0.12,Saturday
Route 1 - City Centre Express,13,2,0,19.8,0,0,37,34,100,SYNTHETIC,55.2,0,0.34,Wednesday
Route 9 - East Corridor,9,6,1,10.9,0,0,44,28,100,SYNTHETIC,35.6,1,0.28,Sunday
Route 9 - East Corridor,15,2,0,25.1,1,0,26,26,100,SYNTHETIC,35.6,0,0.26,Wednesday
Route 7 - Hospital Line,15,4,0,26.6,0,0,24,17,100,SYNTHETIC,37.7,0,0.17,Friday
Route 7 - Hospital Line,17,3,0,19.8,1,0,35,78,100,SYNTHETIC,37.7,1,0.78,Thursday
Route 6 - Industrial Park,17,0,0,22.2,1,0,40,91,100,SYNTHETIC,45.9,1,0.91,Monday
Route 1 - City Centre Express,17,0,0,34.0,1,0,44,101,100,SYNTHETIC,55.2,1,1.01,Monday
Route 2 - Airport Link,10,1,0,18.7,1,0,49,27,100,SYNTHETIC,38.4,0,0.27,Tuesday
Route 2 - Airport Link,18,6,1,12.4,0,1,59,79,100,SYNTHETIC,38.4,1,0.79,Sunday
Route 10 - West Ring,15,6,1,24.6,0,0,9,10,100,SYNTHETIC,26.9,0,0.1,Sunday
Route 1 - City Centre Express,13,2,0,10.9,1,0,38,35,100,SYNTHETIC,55.2,0,0.35,Wednesday
Route 6 - Industrial Park,16,6,1,18.3,0,1,12,4,100,SYNTHETIC,45.9,0,0.04,Sunday
Route 4 - North Suburbs,11,0,0,15.2,0,0,18,28,100,SYNTHETIC,30.0,0,0.28,Monday
Route 1 - City Centre Express,14,6,1,14.4,0,1,27,29,100,SYNTHETIC,55.2,0,0.29,Sunday
Route 10 - West Ring,18,1,0,18.0,0,0,46,48,100,SYNTHETIC,26.9,1,0.48,Tuesday
Route 1 - City Centre Express,20,0,0,27.2,0,1,118,58,100,SYNTHETIC,55.2,0,0.58,Monday
Route 9 - East Corridor,20,5,1,28.8,0,0,25,8,100,SYNTHETIC,35.6,0,0.08,Saturday
Route 8 - Beach/Leisure,14,2,0,27.4,0,0,11,16,100,SYNTHETIC,27.1,0,0.16,Wednesday
Route 8 - Beach/Leisure,14,2,0,22.7,0,0,15,12,100,SYNTHETIC,27.1,0,0.12,Wednesday
Route 2 - Airport Link,18,5,1,17.9,0,0,47,54,100,SYNTHETIC,38.4,1,0.54,Saturday
Route 9 - East Corridor,10,2,0,1.1,0,0,44,21,100,SYNTHETIC,35.6,0,0.21,Wednesday
Route 6 - Industrial Park,19,5,1,22.9,1,0,18,5,100,SYNTHETIC,45.9,1,0.05,Saturday
Route 5 - South Connector,14,1,0,1.8,0,0,15,11,100,SYNTHETIC,24.6,0,0.11,Tuesday
Route 7 - Hospital Line,7,0,0,4.6,0,0,11,63,100,SYNTHETIC,37.7,1,0.63,Monday
Route 4 - North Suburbs,7,2,0,18.7,0,0,12,49,100,SYNTHETIC,30.0,1,0.49,Wednesday
Route 3 - University Shuttle,19,4,0,22.1,0,0,78,77,100,SYNTHETIC,37.7,1,0.77,Friday
Route 3 - University Shuttle,7,1,0,16.4,0,0,20,83,100,SYNTHETIC,37.7,1,0.83,Tuesday
Route 6 - Industrial Park,10,1,0,32.3,1,0,76,29,100,SYNTHETIC,45.9,0,0.29,Tuesday
Route 7 - Hospital Line,11,5,1,23.7,0,0,12,17,100,SYNTHETIC,37.7,0,0.17,Saturday
Route 3 - University Shuttle,8,3,0,18.0,0,0,68,101,100,SYNTHETIC,37.7,1,1.01,Thursday
Route 3 - University Shuttle,10,3,0,31.1,0,0,54,28,100,SYNTHETIC,37.7,0,0.28,Thursday
Route 10 - West Ring,18,1,0,32.5,0,0,41,45,100,SYNTHETIC,26.9,1,0.45,Tuesday
Route 6 - Industrial Park,5,0,0,24.1,1,0,3,9,100,SYNTHETIC,45.9,0,0.09,Monday
Route 9 - East Corridor,19,0,0,13.8,0,0,56,56,100,SYNTHETIC,35.6,1,0.56,Monday
Route 4 - North Suburbs,19,4,0,15.6,0,0,53,49,100,SYNTHETIC,30.0,1,0.49,Friday
Route 3 - University Shuttle,12,0,0,8.4,1,0,29,28,100,SYNTHETIC,37.7,0,0.28,Monday
Route 3 - University Shuttle,8,1,0,19.7,0,0,70,82,100,SYNTHETIC,37.7,1,0.82,Tuesday
Route 6 - Industrial Park,16,6,1,11.6,1,0,7,3,100,SYNTHETIC,45.9,0,0.03,Sunday
Route 8 - Beach/Leisure,7,2,0,17.4,0,0,2,19,100,SYNTHETIC,27.1,1,0.19,Wednesday
Route 6 - Industrial Park,11,5,1,22.1,0,0,3,10,100,SYNTHETIC,45.9,0,0.1,Saturday
Route 3 - University Shuttle,21,2,0,4.1,1,0,22,17,100,SYNTHETIC,37.7,0,0.17,Wednesday
Route 10 - West Ring,23,6,1,9.9,0,0,4,0,100,SYNTHETIC,26.9,0,0.0,Sunday
Route 6 - Industrial Park,18,5,1,15.9,0,0,10,17,100,SYNTHETIC,45.9,1,0.17,Saturday
Route 4 - North Suburbs,10,3,0,19.6,0,0,50,18,100,SYNTHETIC,30.0,0,0.18,Thursday
Route 1 - City Centre Express,17,4,0,16.0,0,0,34,86,100,SYNTHETIC,55.2,1,0.86,Friday
Route 6 - Industrial Park,17,2,0,17.8,1,0,45,118,100,SYNTHETIC,45.9,1,1.18,Wednesday
Route 7 - Hospital Line,12,6,1,14.4,1,1,31,27,100,SYNTHETIC,37.7,0,0.27,Sunday
Route 10 - West Ring,16,2,0,8.4,0,0,19,24,100,SYNTHETIC,26.9,0,0.24,Wednesday
Route 3 - University Shuttle,4,5,1,15.7,1,0,0,0,100,SYNTHETIC,37.7,0,0.0,Saturday
Route 2 - Airport Link,9,4,0,18.3,1,0,81,44,100,SYNTHETIC,38.4,1,0.44,Friday
Route 10 - West Ring,14,4,0,17.5,0,0,26,13,100,SYNTHETIC,26.9,0,0.13,Friday
Route 6 - Industrial Park,8,2,0,20.9,1,0,91,110,100,SYNTHETIC,45.9,1,1.1,Wednesday
Route 1 - City Centre Express,8,5,1,23.4,0,0,54,57,100,SYNTHETIC,55.2,1,0.57,Saturday
Route 2 - Airport Link,19,5,1,25.5,0,0,49,44,100,SYNTHETIC,38.4,1,0.44,Saturday
Route 5 - South Connector,22,5,1,14.9,0,1,6,5,100,SYNTHETIC,24.6,0,0.05,Saturday
Route 7 - Hospital Line,15,5,1,7.4,1,0,18,18,100,SYNTHETIC,37.7,0,0.18,Saturday
Route 3 - University Shuttle,19,1,0,30.2,0,0,80,57,100,SYNTHETIC,37.7,1,0.57,Tuesday
Route 4 - North Suburbs,22,6,1,23.1,0,0,2,8,100,SYNTHETIC,30.0,0,0.08,Sunday
Route 8 - Beach/Leisure,8,5,1,12.4,0,0,36,43,100,SYNTHETIC,27.1,1,0.43,Saturday
Route 10 - West Ring,13,1,0,22.2,0,0,22,17,100,SYNTHETIC,26.9,0,0.17,Tuesday
Route 5 - South Connector,12,6,1,28.5,0,0,8,6,100,SYNTHETIC,24.6,0,0.06,Sunday
Route 5 - South Connector,7,3,0,33.8,0,0,7,30,100,SYNTHETIC,24.6,1,0.3,Thursday
Route 4 - North Suburbs,18,2,0,22.0,0,0,55,62,100,SYNTHETIC,30.0,1,0.62,Wednesday
Route 2 - Airport Link,13,1,0,28.5,0,0,34,29,100,SYNTHETIC,38.4,0,0.29,Tuesday
Route 1 - City Centre Express,13,2,0,10.3,1,0,39,39,100,SYNTHETIC,55.2,0,0.39,Wednesday
Route 9 - East Corridor,8,0,0,19.7,0,0,62,67,100,SYNTHETIC,35.6,1,0.67,Monday
Route 1 - City Centre Express,8,4,0,17.3,0,0,80,111,100,SYNTHETIC,55.2,1,1.11,Friday
Route 9 - East Corridor,20,4,0,22.7,1,0,54,28,100,SYNTHETIC,35.6,0,0.28,Friday
Route 3 - University Shuttle,6,4,0,32.9,0,0,5,11,100,SYNTHETIC,37.7,0,0.11,Friday
Route 7 - Hospital Line,9,3,0,22.0,0,0,58,45,100,SYNTHETIC,37.7,1,0.45,Thursday
Route 10 - West Ring,10,2,0,12.5,1,0,39,16,100,SYNTHETIC,26.9,0,0.16,Wednesday
Route 8 - Beach/Leisure,14,5,1,9.9,0,0,23,21,100,SYNTHETIC,27.1,0,0.21,Saturday
Route 8 - Beach/Leisure,16,6,1,33.2,0,0,22,29,100,SYNTHETIC,27.1,0,0.29,Sunday
Route 3 - University Shuttle,14,0,0,24.1,0,0,25,21,100,SYNTHETIC,37.7,0,0.21,Monday
Route 6 - Industrial Park,7,2,0,23.6,0,0,15,82,100,SYNTHETIC,45.9,1,0.82,Wednesday
Route 7 - Hospital Line,9,6,1,17.3,0,0,43,32,100,SYNTHETIC,37.7,1,0.32,Sunday
Route 5 - South Connector,19,6,1,22.1,0,0,20,21,100,SYNTHETIC,24.6,1,0.21,Sunday
Route 1 - City Centre Express,16,6,1,12.1,1,0,21,22,100,SYNTHETIC,55.2,0,0.22,Sunday
Route 10 - West Ring,17,1,0,23.1,1,0,30,44,100,SYNTHETIC,26.9,1,0.44,Tuesday
Route 2 - Airport Link,17,3,0,10.6,0,0,36,48,100,SYNTHETIC,38.4,1,0.48,Thursday
Route 10 - West Ring,18,0,0,17.1,0,0,43,47,100,SYNTHETIC,26.9,1,0.47,Monday
Route 10 - West Ring,7,6,1,14.9,0,0,4,22,100,SYNTHETIC,26.9,1,0.22,Sunday
Route 1 - City Centre Express,11,3,0,-5.0,0,0,26,27,100,SYNTHETIC,55.2,0,0.27,Thursday
Route 8 - Beach/Leisure,15,1,0,17.2,0,1,19,25,100,SYNTHETIC,27.1,0,0.25,Tuesday
Route 7 - Hospital Line,11,0,0,12.8,0,0,23,29,100,SYNTHETIC,37.7,0,0.29,Monday
Route 3 - University Shuttle,19,5,1,18.3,0,0,19,14,100,SYNTHETIC,37.7,1,0.14,Saturday
Route 9 - East Corridor,14,5,1,20.0,0,0,18,14,100,SYNTHETIC,35.6,0,0.14,Saturday
Route 2 - Airport Link,18,6,1,34.1,0,1,66,69,100,SYNTHETIC,38.4,1,0.69,Sunday
Route 3 - University Shuttle,19,6,1,22.4,0,0,18,10,100,SYNTHETIC,37.7,1,0.1,Sunday
Route 10 - West Ring,14,5,1,22.7,1,0,12,11,100,SYNTHETIC,26.9,0,0.11,Saturday
Route 8 - Beach/Leisure,20,5,1,24.0,0,0,52,22,100,SYNTHETIC,27.1,0,0.22,Saturday
Route 2 - Airport Link,16,5,1,27.0,1,0,23,30,100,SYNTHETIC,38.4,0,0.3,Saturday
Route 2 - Airport Link,19,6,1,23.6,0,0,54,48,100,SYNTHETIC,38.4,1,0.48,Sunday
Route 3 - University Shuttle,11,3,0,22.3,0,0,28,25,100,SYNTHETIC,37.7,0,0.25,Thursday
Route 1 - City Centre Express,14,5,1,25.7,0,0,20,20,100,SYNTHETIC,55.2,0,0.2,Saturday
Route 2 - Airport Link,15,5,1,0.6,0,0,18,21,100,SYNTHETIC,38.4,0,0.21,Saturday
Route 6 - Industrial Park,7,0,0,36.7,0,0,14,95,100,SYNTHETIC,45.9,1,0.95,Monday
Route 1 - City Centre Express,12,4,0,32.7,0,0,28,34,100,SYNTHETIC,55.2,0,0.34,Friday
Route 3 - University Shuttle,20,2,0,21.7,0,1,96,40,100,SYNTHETIC,37.7,0,0.4,Wednesday
Route 4 - North Suburbs,16,0,0,8.7,0,0,22,23,100,SYNTHETIC,30.0,0,0.23,Monday
Route 10 - West Ring,8,1,0,29.7,0,0,40,51,100,SYNTHETIC,26.9,1,0.51,Tuesday
Route 10 - West Ring,11,0,0,14.4,1,0,9,22,100,SYNTHETIC,26.9,0,0.22,Monday
Route 9 - East Corridor,8,6,1,24.3,1,1,49,67,100,SYNTHETIC,35.6,1,0.67,Sunday
Route 4 - North Suburbs,6,5,1,9.7,1,0,0,4,100,SYNTHETIC,30.0,0,0.04,Saturday
Route 6 - Industrial Park,20,0,0,37.8,0,0,67,29,100,SYNTHETIC,45.9,0,0.29,Monday
Route 6 - Industrial Park,13,4,0,8.5,1,0,32,34,100,SYNTHETIC,45.9,0,0.34,Friday
Route 9 - East Corridor,10,4,0,20.6,0,0,50,17,100,SYNTHETIC,35.6,0,0.17,Friday
Route 8 - Beach/Leisure,16,3,0,3.0,0,0,13,11,100,SYNTHETIC,27.1,0,0.11,Thursday
Route 10 - West Ring,2,4,0,19.7,0,0,4,0,100,SYNTHETIC,26.9,0,0.0,Friday
Route 6 - Industrial Park,10,6,1,16.6,0,0,13,7,100,SYNTHETIC,45.9,0,0.07,Sunday
Route 10 - West Ring,17,3,0,29.1,0,0,23,52,100,SYNTHETIC,26.9,1,0.52,Thursday
Route 8 - Beach/Leisure,16,4,0,16.6,0,0,13,16,100,SYNTHETIC,27.1,0,0.16,Friday
Route 8 - Beach/Leisure,22,3,0,29.1,0,0,10,1,100,SYNTHETIC,27.1,0,0.01,Thursday
Route 7 - Hospital Line,16,2,0,11.8,1,0,26,39,100,SYNTHETIC,37.7,0,0.39,Wednesday
Route 4 - North Suburbs,13,6,1,17.7,0,0,6,9,100,SYNTHETIC,30.0,0,0.09,Sunday
Route 7 - Hospital Line,18,2,0,17.9,1,0,77,66,100,SYNTHETIC,37.7,1,0.66,Wednesday
Route 4 - North Suburbs,20,5,1,24.0,0,0,24,15,100,SYNTHETIC,30.0,0,0.15,Saturday
Route 7 - Hospital Line,17,4,0,22.9,0,0,30,67,100,SYNTHETIC,37.7,1,0.67,Friday
Route 3 - University Shuttle,21,4,0,25.8,1,0,20,20,100,SYNTHETIC,37.7,0,0.2,Friday
Route 8 - Beach/Leisure,18,5,1,22.1,1,0,69,62,100,SYNTHETIC,27.1,1,0.62,Saturday
Route 6 - Industrial Park,19,5,1,25.3,0,0,12,8,100,SYNTHETIC,45.9,1,0.08,Saturday
Route 8 - Beach/Leisure,7,3,0,12.8,0,0,7,26,100,SYNTHETIC,27.1,1,0.26,Thursday
Route 3 - University Shuttle,18,4,0,23.1,1,0,65,90,100,SYNTHETIC,37.7,1,0.9,Friday
Route 8 - Beach/Leisure,13,3,0,32.9,1,0,16,14,100,SYNTHETIC,27.1,0,0.14,Thursday
Route 9 - East Corridor,15,2,0,6.6,1,0,21,23,100,SYNTHETIC,35.6,0,0.23,Wednesday
Route 2 - Airport Link,17,5,1,23.9,0,0,30,55,100,SYNTHETIC,38.4,1,0.55,Saturday
Route 4 - North Suburbs,21,6,1,25.4,1,0,11,12,100,SYNTHETIC,30.0,0,0.12,Sunday
Route 7 - Hospital Line,22,4,0,31.7,0,1,25,12,100,SYNTHETIC,37.7,0,0.12,Friday
Route 9 - East Corridor,10,5,1,25.8,0,1,41,13,100,SYNTHETIC,35.6,0,0.13,Saturday
Route 8 - Beach/Leisure,18,5,1,20.8,1,0,67,72,100,SYNTHETIC,27.1,1,0.72,Saturday
Route 5 - South Connector,18,2,0,23.4,0,0,36,47,100,SYNTHETIC,24.6,1,0.47,Wednesday
Route 3 - University Shuttle,11,0,0,14.1,1,0,18,30,100,SYNTHETIC,37.7,0,0.3,Monday
Route 10 - West Ring,8,2,0,16.9,0,0,41,51,100,SYNTHETIC,26.9,1,0.51,Wednesday
Route 9 - East Corridor,6,5,1,9.3,1,0,0,4,100,SYNTHETIC,35.6,0,0.04,Saturday
Route 9 - East Corridor,18,5,1,31.9,0,0,33,35,100,SYNTHETIC,35.6,1,0.35,Saturday
Route 4 - North Suburbs,14,3,0,23.6,0,0,21,24,100,SYNTHETIC,30.0,0,0.24,Thursday
Route 5 - South Connector,22,5,1,12.7,0,0,9,0,100,SYNTHETIC,24.6,0,0.0,Saturday
Route 3 - University Shuttle,13,0,0,22.2,0,0,30,23,100,SYNTHETIC,37.7,0,0.23,Monday
Route 10 - West Ring,22,4,0,29.3,0,0,10,10,100,SYNTHETIC,26.9,0,0.1,Friday
Route 9 - East Corridor,12,4,0,27.9,0,0,21,24,100,SYNTHETIC,35.6,0,0.24,Friday
Route 2 - Airport Link,18,3,0,12.6,1,0,67,59,100,SYNTHETIC,38.4,1,0.59,Thursday
Route 3 - University Shuttle,7,5,1,-5.0,0,0,3,14,100,SYNTHETIC,37.7,1,0.14,Saturday
Route 6 - Industrial Park,15,3,0,23.2,0,0,29,31,100,SYNTHETIC,45.9,0,0.31,Thursday
Route 5 - South Connector,18,3,0,12.9,0,0,43,36,100,SYNTHETIC,24.6,1,0.36,Thursday
Route 5 - South Connector,20,4,0,25.0,0,0,36,18,100,SYNTHETIC,24.6,0,0.18,Friday
Route 4 - North Suburbs,19,5,1,27.6,0,0,29,23,100,SYNTHETIC,30.0,1,0.23,Saturday
Route 7 - Hospital Line,6,1,0,28.9,1,0,8,12,100,SYNTHETIC,37.7,0,0.12,Tuesday
Route 9 - East Corridor,12,2,0,34.0,1,0,24,24,100,SYNTHETIC,35.6,0,0.24,Wednesday
Route 10 - West Ring,7,2,0,29.9,0,0,11,40,100,SYNTHETIC,26.9,1,0.4,Wednesday
Route 5 - South Connector,7,1,0,34.0,0,0,8,33,100,SYNTHETIC,24.6,1,0.33,Tuesday
Route 9 - East Corridor,17,2,0,31.0,0,0,31,65,100,SYNTHETIC,35.6,1,0.65,Wednesday
Route 7 - Hospital Line,17,2,0,31.7,0,0,28,52,100,SYNTHETIC,37.7,1,0.52,Wednesday
Route 2 - Airport Link,18,2,0,19.7,0,0,46,59,100,SYNTHETIC,38.4,1,0.59,Wednesday
Route 8 - Beach/Leisure,19,2,0,9.7,0,0,46,33,100,SYNTHETIC,27.1,1,0.33,Wednesday
Route 4 - North Suburbs,18,3,0,39.9,0,0,45,49,100,SYNTHETIC,30.0,1,0.49,Thursday
Route 7 - Hospital Line,18,4,0,20.5,1,0,58,78,100,SYNTHETIC,37.7,1,0.78,Friday
Route 8 - Beach/Leisure,7,2,0,29.8,0,0,11,22,100,SYNTHETIC,27.1,1,0.22,Wednesday
Route 10 - West Ring,9,5,1,15.6,0,0,28,16,100,SYNTHETIC,26.9,1,0.16,Saturday
Route 10 - West Ring,16,3,0,27.7,0,0,18,21,100,SYNTHETIC,26.9,0,0.21,Thursday
Route 9 - East Corridor,19,5,1,0.4,1,0,23,28,100,SYNTHETIC,35.6,1,0.28,Saturday
Route 6 - Industrial Park,1,0,0,16.7,0,0,4,4,100,SYNTHETIC,45.9,0,0.04,Monday
Route 5 - South Connector,14,1,0,19.2,0,0,20,20,100,SYNTHETIC,24.6,0,0.2,Tuesday
Route 5 - South Connector,17,3,0,23.7,0,0,24,39,100,SYNTHETIC,24.6,1,0.39,Thursday
Route 10 - West Ring,6,2,0,28.6,0,1,5,13,100,SYNTHETIC,26.9,0,0.13,Wednesday
Route 3 - University Shuttle,12,3,0,11.2,0,0,23,26,100,SYNTHETIC,37.7,0,0.26,Thursday
Route 6 - Industrial Park,20,1,0,25.3,0,0,72,30,100,SYNTHETIC,45.9,0,0.3,Tuesday
Route 7 - Hospital Line,17,3,0,29.8,0,0,27,54,100,SYNTHETIC,37.7,1,0.54,Thursday
Route 1 - City Centre Express,9,4,0,38.8,0,0,92,80,100,SYNTHETIC,55.2,1,0.8,Friday
Route 7 - Hospital Line,19,5,1,25.7,1,0,50,38,100,SYNTHETIC,37.7,1,0.38,Saturday
Route 3 - University Shuttle,11,1,0,16.3,0,0,23,25,100,SYNTHETIC,37.7,0,0.25,Tuesday
Route 3 - University Shuttle,19,2,0,9.8,0,0,83,64,100,SYNTHETIC,37.7,1,0.64,Wednesday
Route 7 - Hospital Line,10,3,0,34.6,0,1,58,35,100,SYNTHETIC,37.7,0,0.35,Thursday
Route 1 - City Centre Express,16,3,0,25.9,1,0,30,40,100,SYNTHETIC,55.2,0,0.4,Thursday
Route 2 - Airport Link,12,5,1,19.8,0,1,35,39,100,SYNTHETIC,38.4,0,0.39,Saturday
Route 5 - South Connector,10,2,0,7.0,0,0,27,23,100,SYNTHETIC,24.6,0,0.23,Wednesday
Route 6 - Industrial Park,20,4,0,12.6,0,0,75,34,100,SYNTHETIC,45.9,0,0.34,Friday
Route 2 - Airport Link,8,6,1,25.1,0,0,41,57,100,SYNTHETIC,38.4,1,0.57,Sunday
Route 4 - North Suburbs,7,2,0,22.8,0,0,14,49,100,SYNTHETIC,30.0,1,0.49,Wednesday
Route 4 - North Suburbs,11,5,1,4.4,0,0,7,3,100,SYNTHETIC,30.0,0,0.03,Saturday
Route 6 - Industrial Park,17,2,0,25.1,0,0,43,85,100,SYNTHETIC,45.9,1,0.85,Wednesday
Route 4 - North Suburbs,18,2,0,7.5,0,0,54,53,100,SYNTHETIC,30.0,1,0.53,Wednesday
Route 1 - City Centre Express,23,4,0,30.8,0,0,8,4,100,SYNTHETIC,55.2,0,0.04,Friday
Route 6 - Industrial Park,10,4,0,21.7,0,0,85,27,100,SYNTHETIC,45.9,0,0.27,Friday
Route 9 - East Corridor,12,3,0,16.3,0,0,23,26,100,SYNTHETIC,35.6,0,0.26,Thursday
Route 6 - Industrial Park,8,1,0,27.9,0,0,85,88,100,SYNTHETIC,45.9,1,0.88,Tuesday
Route 4 - North Suburbs,15,0,0,22.8,0,1,29,32,100,SYNTHETIC,30.0,0,0.32,Monday
Route 5 - South Connector,23,6,1,30.6,0,0,5,1,100,SYNTHETIC,24.6,0,0.01,Sunday
Route 2 - Airport Link,17,6,1,20.6,0,0,32,45,100,SYNTHETIC,38.4,1,0.45,Sunday
Route 3 - University Shuttle,16,6,1,21.1,1,0,3,12,100,SYNTHETIC,37.7,0,0.12,Sunday
Route 5 - South Connector,12,3,0,17.7,1,0,19,23,100,SYNTHETIC,24.6,0,0.23,Thursday
Route 6 - Industrial Park,20,6,1,22.1,0,0,12,2,100,SYNTHETIC,45.9,0,0.02,Sunday
Route 5 - South Connector,14,3,0,33.6,0,0,19,17,100,SYNTHETIC,24.6,0,0.17,Thursday
Route 10 - West Ring,8,0,0,16.0,0,0,45,43,100,SYNTHETIC,26.9,1,0.43,Monday
Route 7 - Hospital Line,11,1,0,25.2,0,0,23,23,100,SYNTHETIC,37.7,0,0.23,Tuesday
Route 1 - City Centre Express,7,1,0,13.0,0,0,14,98,100,SYNTHETIC,55.2,1,0.98,Tuesday
Route 6 - Industrial Park,8,2,0,3.5,0,0,75,98,100,SYNTHETIC,45.9,1,0.98,Wednesday
Route 6 - Industrial Park,5,6,1,21.7,0,0,0,1,100,SYNTHETIC,45.9,0,0.01,Sunday
Route 1 - City Centre Express,13,2,0,23.0,0,0,38,36,100,SYNTHETIC,55.2,0,0.36,Wednesday
Route 4 - North Suburbs,16,4,0,19.1,0,0,19,28,100,SYNTHETIC,30.0,0,0.28,Friday
Route 9 - East Corridor,11,1,0,8.0,0,0,19,21,100,SYNTHETIC,35.6,0,0.21,Tuesday
Route 4 - North Suburbs,12,4,0,22.4,1,0,24,28,100,SYNTHETIC,30.0,0,0.28,Friday
Route 5 - South Connector,21,3,0,22.1,0,0,18,7,100,SYNTHETIC,24.6,0,0.07,Thursday
Route 3 - University Shuttle,18,1,0,12.9,0,0,74,73,100,SYNTHETIC,37.7,1,0.73,Tuesday
Route 1 - City Centre Express,15,3,0,9.2,0,0,26,31,100,SYNTHETIC,55.2,0,0.31,Thursday
Route 4 - North Suburbs,10,0,0,18.0,1,0,46,23,100,SYNTHETIC,30.0,0,0.23,Monday
Route 8 - Beach/Leisure,20,6,1,25.2,0,0,52,21,100,SYNTHETIC,27.1,0,0.21,Sunday
Route 10 - West Ring,9,4,0,23.3,1,0,56,32,100,SYNTHETIC,26.9,1,0.32,Friday
Route 7 - Hospital Line,11,6,1,13.0,0,0,19,11,100,SYNTHETIC,37.7,0,0.11,Sunday
Route 9 - East Corridor,20,6,1,21.1,0,0,27,11,100,SYNTHETIC,35.6,0,0.11,Sunday
Route 7 - Hospital Line,15,1,0,27.1,0,0,21,23,100,SYNTHETIC,37.7,0,0.23,Tuesday
Route 7 - Hospital Line,18,4,0,10.6,0,0,57,55,100,SYNTHETIC,37.7,1,0.55,Friday
Route 5 - South Connector,16,0,0,20.5,0,0,23,19,100,SYNTHETIC,24.6,0,0.19,Monday
Route 1 - City Centre Express,17,6,1,30.7,0,0,23,56,100,SYNTHETIC,55.2,1,0.56,Sunday
Route 5 - South Connector,10,5,1,9.8,0,0,17,13,100,SYNTHETIC,24.6,0,0.13,Saturday
Route 9 - East Corridor,9,4,0,29.2,0,0,71,47,100,SYNTHETIC,35.6,1,0.47,Friday
Route 6 - Industrial Park,11,6,1,33.0,0,0,5,8,100,SYNTHETIC,45.9,0,0.08,Sunday
Route 8 - Beach/Leisure,8,5,1,18.2,1,0,37,43,100,SYNTHETIC,27.1,1,0.43,Saturday
Route 1 - City Centre Express,19,6,1,17.3,0,1,81,73,100,SYNTHETIC,55.2,1,0.73,Sunday
Route 3 - University Shuttle,10,0,0,28.3,1,0,66,28,100,SYNTHETIC,37.7,0,0.28,Monday
Route 3 - University Shuttle,15,0,0,18.5,0,1,35,35,100,SYNTHETIC,37.7,0,0.35,Monday
Route 4 - North Suburbs,18,6,1,1.2,0,0,29,26,100,SYNTHETIC,30.0,1,0.26,Sunday
Route 10 - West Ring,18,1,0,19.2,1,0,42,50,100,SYNTHETIC,26.9,1,0.5,Tuesday
Route 5 - South Connector,13,2,0,23.8,0,1,34,29,100,SYNTHETIC,24.6,0,0.29,Wednesday
Route 7 - Hospital Line,13,0,0,25.9,0,0,26,28,100,SYNTHETIC,37.7,0,0.28,Monday
Route 7 - Hospital Line,23,4,0,13.0,0,0,11,5,100,SYNTHETIC,37.7,0,0.05,Friday
Route 5 - South Connector,17,5,1,17.8,1,0,11,23,100,SYNTHETIC,24.6,1,0.23,Saturday
Route 10 - West Ring,18,5,1,27.8,1,0,20,21,100,SYNTHETIC,26.9,1,0.21,Saturday
Route 3 - University Shuttle,20,4,0,19.5,0,0,55,24,100,SYNTHETIC,37.7,0,0.24,Friday
Route 1 - City Centre Express,18,4,0,7.8,0,1,131,139,100,SYNTHETIC,55.2,1,1.39,Friday
Route 8 - Beach/Leisure,8,3,0,29.9,0,0,24,28,100,SYNTHETIC,27.1,1,0.28,Thursday
Route 7 - Hospital Line,15,3,0,18.3,0,0,23,25,100,SYNTHETIC,37.7,0,0.25,Thursday
Route 3 - University Shuttle,7,3,0,28.7,0,0,11,85,100,SYNTHETIC,37.7,1,0.85,Thursday
Route 9 - East Corridor,17,6,1,8.8,0,0,17,27,100,SYNTHETIC,35.6,1,0.27,Sunday
Route 2 - Airport Link,21,1,0,19.0,0,0,27,13,100,SYNTHETIC,38.4,0,0.13,Tuesday
Route 3 - University Shuttle,14,3,0,24.1,1,0,27,21,100,SYNTHETIC,37.7,0,0.21,Thursday
Route 2 - Airport Link,13,4,0,19.3,0,0,38,25,100,SYNTHETIC,38.4,0,0.25,Friday
Route 2 - Airport Link,6,3,0,10.5,0,0,3,16,100,SYNTHETIC,38.4,0,0.16,Thursday
Route 8 - Beach/Leisure,21,0,0,0.9,0,0,12,5,100,SYNTHETIC,27.1,0,0.05,Monday
Route 8 - Beach/Leisure,7,2,0,32.2,1,0,9,21,100,SYNTHETIC,27.1,1,0.21,Wednesday
Route 7 - Hospital Line,6,4,0,22.0,1,0,6,15,100,SYNTHETIC,37.7,0,0.15,Friday
Route 9 - East Corridor,9,4,0,29.3,0,0,69,51,100,SYNTHETIC,35.6,1,0.51,Friday
Route 1 - City Centre Express,7,5,1,27.4,0,0,10,44,100,SYNTHETIC,55.2,1,0.44,Saturday
Route 7 - Hospital Line,13,6,1,24.8,0,0,23,12,100,SYNTHETIC,37.7,0,0.12,Sunday
Route 2 - Airport Link,14,4,0,17.4,1,0,33,24,100,SYNTHETIC,38.4,0,0.24,Friday
Route 10 - West Ring,10,4,0,23.9,0,0,35,19,100,SYNTHETIC,26.9,0,0.19,Friday
Route 7 - Hospital Line,7,2,0,31.5,0,0,10,56,100,SYNTHETIC,37.7,1,0.56,Wednesday
Route 8 - Beach/Leisure,7,2,0,20.7,0,0,9,21,100,SYNTHETIC,27.1,1,0.21,Wednesday
Route 6 - Industrial Park,12,5,1,35.2,1,0,3,7,100,SYNTHETIC,45.9,0,0.07,Saturday
Route 4 - North Suburbs,7,3,0,8.0,0,0,13,49,100,SYNTHETIC,30.0,1,0.49,Thursday
Route 7 - Hospital Line,17,5,1,7.1,0,0,22,40,100,SYNTHETIC,37.7,1,0.4,Saturday
Route 9 - East Corridor,8,0,0,27.9,0,0,72,56,100,SYNTHETIC,35.6,1,0.56,Monday
Route 2 - Airport Link,10,0,0,13.5,0,0,49,22,100,SYNTHETIC,38.4,0,0.22,Monday
Route 9 - East Corridor,12,1,0,36.3,0,0,19,30,100,SYNTHETIC,35.6,0,0.3,Tuesday
Route 8 - Beach/Leisure,12,1,0,30.7,0,1,20,23,100,SYNTHETIC,27.1,0,0.23,Tuesday
Route 1 - City Centre Express,0,4,0,32.7,0,0,0,0,100,SYNTHETIC,55.2,0,0.0,Friday
Route 10 - West Ring,7,4,0,27.1,0,0,3,41,100,SYNTHETIC,26.9,1,0.41,Friday
Route 2 - Airport Link,19,3,0,12.6,0,0,58,46,100,SYNTHETIC,38.4,1,0.46,Thursday
Route 7 - Hospital Line,0,2,0,6.7,0,0,0,5,100,SYNTHETIC,37.7,0,0.05,Wednesday
Route 2 - Airport Link,14,4,0,32.0,0,0,31,26,100,SYNTHETIC,38.4,0,0.26,Friday
Route 2 - Airport Link,14,0,0,8.0,0,0,29,22,100,SYNTHETIC,38.4,0,0.22,Monday
Route 7 - Hospital Line,11,3,0,32.7,0,0,22,28,100,SYNTHETIC,37.7,0,0.28,Thursday
Route 7 - Hospital Line,13,1,0,25.4,1,0,29,30,100,SYNTHETIC,37.7,0,0.3,Tuesday
Route 7 - Hospital Line,18,0,0,19.4,0,0,68,60,100,SYNTHETIC,37.7,1,0.6,Monday
Route 4 - North Suburbs,19,1,0,23.5,0,0,65,44,100,SYNTHETIC,30.0,1,0.44,Tuesday
Route 9 - East Corridor,9,0,0,23.7,0,0,62,50,100,SYNTHETIC,35.6,1,0.5,Monday
Route 1 - City Centre Express,11,3,0,18.4,1,0,29,40,100,SYNTHETIC,55.2,0,0.4,Thursday
Route 9 - East Corridor,9,3,0,31.4,0,0,64,39,100,SYNTHETIC,35.6,1,0.39,Thursday
Route 4 - North Suburbs,14,4,0,31.1,0,0,22,19,100,SYNTHETIC,30.0,0,0.19,Friday
Route 7 - Hospital Line,17,3,0,21.2,0,0,30,60,100,SYNTHETIC,37.7,1,0.6,Thursday
Route 10 - West Ring,9,1,0,15.2,0,0,52,33,100,SYNTHETIC,26.9,1,0.33,Tuesday
Route 3 - University Shuttle,11,0,0,30.4,0,0,27,22,100,SYNTHETIC,37.7,0,0.22,Monday
Route 5 - South Connector,20,4,0,3.8,0,0,27,20,100,SYNTHETIC,24.6,0,0.2,Friday
Route 9 - East Corridor,7,6,1,23.6,0,0,4,31,100,SYNTHETIC,35.6,1,0.31,Sunday
Route 9 - East Corridor,13,1,0,25.9,0,0,20,29,100,SYNTHETIC,35.6,0,0.29,Tuesday
Route 3 - University Shuttle,17,1,0,13.4,0,1,40,105,100,SYNTHETIC,37.7,1,1.05,Tuesday
Route 6 - Industrial Park,8,2,0,27.8,0,0,81,100,100,SYNTHETIC,45.9,1,1.0,Wednesday
Route 4 - North Suburbs,7,1,0,19.8,1,0,9,57,100,SYNTHETIC,30.0,1,0.57,Tuesday
Route 6 - Industrial Park,8,1,0,15.6,1,1,145,176,100,SYNTHETIC,45.9,1,1.76,Tuesday
Route 4 - North Suburbs,20,3,0,27.7,0,0,45,25,100,SYNTHETIC,30.0,0,0.25,Thursday
Route 1 - City Centre Express,3,5,1,11.3,1,0,2,1,100,SYNTHETIC,55.2,0,0.01,Saturday
Route 10 - West Ring,8,4,0,27.0,0,0,42,45,100,SYNTHETIC,26.9,1,0.45,Friday
Route 7 - Hospital Line,6,6,1,4.1,0,0,2,6,100,SYNTHETIC,37.7,0,0.06,Sunday
Route 5 - South Connector,7,2,0,22.3,1,0,9,43,100,SYNTHETIC,24.6,1,0.43,Wednesday
Route 2 - Airport Link,16,3,0,20.4,1,0,29,41,100,SYNTHETIC,38.4,0,0.41,Thursday
Route 1 - City Centre Express,9,2,0,15.7,0,0,107,61,100,SYNTHETIC,55.2,1,0.61,Wednesday
Route 5 - South Connector,15,0,0,23.1,0,0,11,14,100,SYNTHETIC,24.6,0,0.14,Monday
Route 7 - Hospital Line,16,2,0,19.4,0,0,26,34,100,SYNTHETIC,37.7,0,0.34,Wednesday
Route 3 - University Shuttle,19,1,0,28.4,0,0,72,55,100,SYNTHETIC,37.7,1,0.55,Tuesday
Route 8 - Beach/Leisure,1,3,0,24.5,1,0,0,0,100,SYNTHETIC,27.1,0,0.0,Thursday
Route 4 - North Suburbs,19,1,0,23.6,1,0,52,55,100,SYNTHETIC,30.0,1,0.55,Tuesday
Route 1 - City Centre Express,16,5,1,22.3,1,0,21,27,100,SYNTHETIC,55.2,0,0.27,Saturday
Route 6 - Industrial Park,8,5,1,16.2,0,0,13,14,100,SYNTHETIC,45.9,1,0.14,Saturday
Route 2 - Airport Link,18,6,1,17.6,0,0,52,59,100,SYNTHETIC,38.4,1,0.59,Sunday
Route 1 - City Centre Express,19,0,0,22.0,0,0,87,71,100,SYNTHETIC,55.2,1,0.71,Monday
Route 2 - Airport Link,9,0,0,18.6,1,0,71,42,100,SYNTHETIC,38.4,1,0.42,Monday
Route 3 - University Shuttle,20,6,1,28.9,0,0,16,10,100,SYNTHETIC,37.7,0,0.1,Sunday
Route 6 - Industrial Park,13,5,1,20.7,0,0,3,5,100,SYNTHETIC,45.9,0,0.05,Saturday
Route 10 - West Ring,16,4,0,23.0,0,0,19,26,100,SYNTHETIC,26.9,0,0.26,Friday
Route 3 - University Shuttle,22,2,0,8.8,0,0,9,7,100,SYNTHETIC,37.7,0,0.07,Wednesday
Route 1 - City Centre Express,11,3,0,27.5,1,0,30,35,100,SYNTHETIC,55.2,0,0.35,Thursday
Route 2 - Airport Link,18,3,0,15.4,0,0,56,53,100,SYNTHETIC,38.4,1,0.53,Thursday
Route 4 - North Suburbs,11,5,1,11.7,0,0,12,11,100,SYNTHETIC,30.0,0,0.11,Saturday
Route 3 - University Shuttle,18,3,0,33.2,0,0,69,84,100,SYNTHETIC,37.7,1,0.84,Thursday
Route 4 - North Suburbs,16,0,0,25.6,1,0,31,29,100,SYNTHETIC,30.0,0,0.29,Monday
Route 10 - West Ring,9,4,0,27.8,0,0,52,39,100,SYNTHETIC,26.9,1,0.39,Friday
Route 4 - North Suburbs,12,5,1,23.6,0,1,12,19,100,SYNTHETIC,30.0,0,0.19,Saturday
Route 7 - Hospital Line,11,2,0,19.3,0,0,27,22,100,SYNTHETIC,37.7,0,0.22,Wednesday
Route 7 - Hospital Line,7,0,0,17.8,1,0,10,61,100,SYNTHETIC,37.7,1,0.61,Monday
Route 2 - Airport Link,6,0,0,26.2,0,0,5,12,100,SYNTHETIC,38.4,0,0.12,Monday
Route 3 - University Shuttle,11,5,1,29.1,0,0,2,7,100,SYNTHETIC,37.7,0,0.07,Saturday
Route 5 - South Connector,5,3,0,19.5,0,0,0,4,100,SYNTHETIC,24.6,0,0.04,Thursday
Route 5 - South Connector,8,3,0,36.6,0,0,40,44,100,SYNTHETIC,24.6,1,0.44,Thursday
Route 1 - City Centre Express,17,6,1,18.4,1,0,26,68,100,SYNTHETIC,55.2,1,0.68,Sunday
Route 7 - Hospital Line,17,0,0,8.8,0,0,35,47,100,SYNTHETIC,37.7,1,0.47,Monday
Route 4 - North Suburbs,18,1,0,6.2,0,0,46,50,100,SYNTHETIC,30.0,1,0.5,Tuesday
Route 4 - North Suburbs,10,5,1,6.5,0,0,15,8,100,SYNTHETIC,30.0,0,0.08,Saturday
Route 7 - Hospital Line,20,3,0,16.7,0,0,47,26,100,SYNTHETIC,37.7,0,0.26,Thursday
Route 10 - West Ring,16,0,0,18.1,0,0,28,25,100,SYNTHETIC,26.9,0,0.25,Monday
Route 9 - East Corridor,8,4,0,25.5,0,0,62,68,100,SYNTHETIC,35.6,1,0.68,Friday
Route 10 - West Ring,8,0,0,19.8,0,0,46,44,100,SYNTHETIC,26.9,1,0.44,Monday
Route 5 - South Connector,17,5,1,26.7,0,1,20,34,100,SYNTHETIC,24.6,1,0.34,Saturday
Route 2 - Airport Link,8,5,1,20.4,0,0,46,57,100,SYNTHETIC,38.4,1,0.57,Saturday
Route 3 - University Shuttle,14,5,1,20.1,1,0,13,0,100,SYNTHETIC,37.7,0,0.0,Saturday
Route 4 - North Suburbs,23,3,0,15.4,0,0,8,3,100,SYNTHETIC,30.0,0,0.03,Thursday
Route 4 - North Suburbs,0,1,0,31.4,0,0,3,3,100,SYNTHETIC,30.0,0,0.03,Tuesday
Route 3 - University Shuttle,5,6,1,7.7,0,0,3,6,100,SYNTHETIC,37.7,0,0.06,Sunday
Route 2 - Airport Link,23,3,0,22.4,0,0,5,1,100,SYNTHETIC,38.4,0,0.01,Thursday
Route 2 - Airport Link,16,4,0,18.5,0,1,37,54,100,SYNTHETIC,38.4,0,0.54,Friday
Route 7 - Hospital Line,8,0,0,26.3,0,0,55,59,100,SYNTHETIC,37.7,1,0.59,Monday
Route 5 - South Connector,20,4,0,19.8,0,1,55,23,100,SYNTHETIC,24.6,0,0.23,Friday
Route 1 - City Centre Express,19,4,0,20.1,0,1,128,104,100,SYNTHETIC,55.2,1,1.04,Friday
Route 6 - Industrial Park,15,2,0,17.9,1,1,45,52,100,SYNTHETIC,45.9,0,0.52,Wednesday
Route 9 - East Corridor,16,5,1,31.1,1,0,12,16,100,SYNTHETIC,35.6,0,0.16,Saturday
Route 5 - South Connector,10,0,0,20.0,0,0,26,15,100,SYNTHETIC,24.6,0,0.15,Monday
Route 4 - North Suburbs,7,5,1,35.8,0,0,4,26,100,SYNTHETIC,30.0,1,0.26,Saturday
Route 3 - University Shuttle,16,6,1,22.2,0,0,6,6,100,SYNTHETIC,37.7,0,0.06,Sunday
Route 4 - North Suburbs,10,3,0,20.2,0,0,35,19,100,SYNTHETIC,30.0,0,0.19,Thursday
Route 3 - University Shuttle,17,0,0,18.8,0,0,34,73,100,SYNTHETIC,37.7,1,0.73,Monday
Route 10 - West Ring,19,3,0,24.5,0,0,50,34,100,SYNTHETIC,26.9,1,0.34,Thursday
Route 10 - West Ring,5,3,0,15.3,0,0,2,8,100,SYNTHETIC,26.9,0,0.08,Thursday
Route 4 - North Suburbs,16,3,0,21.2,0,0,21,30,100,SYNTHETIC,30.0,0,0.3,Thursday
Route 10 - West Ring,9,1,0,20.1,1,0,50,45,100,SYNTHETIC,26.9,1,0.45,Tuesday
Route 9 - East Corridor,19,4,0,22.6,1,0,66,54,100,SYNTHETIC,35.6,1,0.54,Friday
Route 1 - City Centre Express,9,1,0,22.8,1,0,119,75,100,SYNTHETIC,55.2,1,0.75,Tuesday
Route 5 - South Connector,16,3,0,23.2,1,0,18,23,100,SYNTHETIC,24.6,0,0.23,Thursday
Route 7 - Hospital Line,15,4,0,20.8,1,0,26,31,100,SYNTHETIC,37.7,0,0.31,Friday
Route 5 - South Connector,12,4,0,32.6,0,0,15,19,100,SYNTHETIC,24.6,0,0.19,Friday
Route 5 - South Connector,17,5,1,23.4,0,0,14,20,100,SYNTHETIC,24.6,1,0.2,Saturday
Route 5 - South Connector,17,6,1,40.8,0,0,13,22,100,SYNTHETIC,24.6,1,0.22,Sunday
Route 7 - Hospital Line,15,5,1,20.4,0,0,11,15,100,SYNTHETIC,37.7,0,0.15,Saturday
Route 3 - University Shuttle,18,5,1,27.7,0,0,15,12,100,SYNTHETIC,37.7,1,0.12,Saturday
Route 6 - Industrial Park,22,6,1,14.2,0,1,0,3,100,SYNTHETIC,45.9,0,0.03,Sunday
Route 3 - University Shuttle,12,1,0,31.2,0,0,18,24,100,SYNTHETIC,37.7,0,0.24,Tuesday
Route 9 - East Corridor,14,2,0,14.4,1,0,23,22,100,SYNTHETIC,35.6,0,0.22,Wednesday
Route 1 - City Centre Express,4,3,0,23.6,0,0,9,0,100,SYNTHETIC,55.2,0,0.0,Thursday
Route 1 - City Centre Express,18,3,0,17.9,0,0,100,89,100,SYNTHETIC,55.2,1,0.89,Thursday
Route 1 - City Centre Express,14,4,0,23.6,0,0,37,30,100,SYNTHETIC,55.2,0,0.3,Friday
Route 4 - North Suburbs,12,0,0,18.1,0,0,23,18,100,SYNTHETIC,30.0,0,0.18,Monday
Route 7 - Hospital Line,7,0,0,13.7,0,1,19,71,100,SYNTHETIC,37.7,1,0.71,Monday
Route 10 - West Ring,20,5,1,17.8,0,0,22,10,100,SYNTHETIC,26.9,0,0.1,Saturday
Route 5 - South Connector,12,5,1,32.3,0,1,12,18,100,SYNTHETIC,24.6,0,0.18,Saturday
Route 2 - Airport Link,17,2,0,23.7,0,0,35,50,100,SYNTHETIC,38.4,1,0.5,Wednesday
Route 4 - North Suburbs,8,2,0,9.7,1,0,60,61,100,SYNTHETIC,30.0,1,0.61,Wednesday
Route 2 - Airport Link,21,3,0,28.8,1,0,31,19,100,SYNTHETIC,38.4,0,0.19,Thursday
Route 5 - South Connector,8,3,0,12.9,1,0,46,41,100,SYNTHETIC,24.6,1,0.41,Thursday
Route 8 - Beach/Leisure,8,1,0,25.9,0,0,24,31,100,SYNTHETIC,27.1,1,0.31,Tuesday
Route 1 - City Centre Express,19,3,0,24.4,0,0,115,77,100,SYNTHETIC,55.2,1,0.77,Thursday
Route 8 - Beach/Leisure,20,5,1,24.9,0,0,52,22,100,SYNTHETIC,27.1,0,0.22,Saturday
Route 3 - University Shuttle,9,5,1,34.8,1,0,25,14,100,SYNTHETIC,37.7,1,0.14,Saturday
Route 7 - Hospital Line,13,5,1,13.4,0,1,30,21,100,SYNTHETIC,37.7,0,0.21,Saturday
Route 9 - East Corridor,18,4,0,24.9,1,0,64,77,100,SYNTHETIC,35.6,1,0.77,Friday
Route 8 - Beach/Leisure,19,6,1,30.1,0,0,58,58,100,SYNTHETIC,27.1,1,0.58,Sunday
Route 7 - Hospital Line,12,1,0,14.9,0,0,22,27,100,SYNTHETIC,37.7,0,0.27,Tuesday
Route 7 - Hospital Line,14,0,0,14.0,0,0,22,24,100,SYNTHETIC,37.7,0,0.24,Monday
Route 2 - Airport Link,18,0,0,17.7,0,0,54,56,100,SYNTHETIC,38.4,1,0.56,Monday
Route 2 - Airport Link,18,6,1,22.6,0,0,44,57,100,SYNTHETIC,38.4,1,0.57,Sunday
Route 4 - North Suburbs,18,4,0,8.7,0,1,87,74,100,SYNTHETIC,30.0,1,0.74,Friday
Route 7 - Hospital Line,15,1,0,24.4,0,0,23,25,100,SYNTHETIC,37.7,0,0.25,Tuesday
Route 7 - Hospital Line,7,5,1,8.7,0,0,9,38,100,SYNTHETIC,37.7,1,0.38,Saturday
Route 8 - Beach/Leisure,20,2,0,30.3,0,0,31,15,100,SYNTHETIC,27.1,0,0.15,Wednesday
Route 4 - North Suburbs,19,4,0,24.1,0,0,51,49,100,SYNTHETIC,30.0,1,0.49,Friday
Route 9 - East Corridor,18,1,0,35.3,0,0,46,76,100,SYNTHETIC,35.6,1,0.76,Tuesday
Route 5 - South Connector,7,0,0,25.4,1,0,15,41,100,SYNTHETIC,24.6,1,0.41,Monday
Route 3 - University Shuttle,8,1,0,17.6,1,1,105,150,100,SYNTHETIC,37.7,1,1.5,Tuesday
Route 8 - Beach/Leisure,18,1,0,13.6,1,0,40,44,100,SYNTHETIC,27.1,1,0.44,Tuesday
Route 2 - Airport Link,6,3,0,21.9,0,0,8,17,100,SYNTHETIC,38.4,0,0.17,Thursday
Route 5 - South Connector,22,0,0,19.8,0,1,19,7,100,SYNTHETIC,24.6,0,0.07,Monday
Route 8 - Beach/Leisure,12,1,0,29.5,1,0,16,27,100,SYNTHETIC,27.1,0,0.27,Tuesday
Route 8 - Beach/Leisure,17,3,0,12.6,0,0,19,35,100,SYNTHETIC,27.1,1,0.35,Thursday
Route 3 - University Shuttle,20,2,0,36.2,0,0,67,29,100,SYNTHETIC,37.7,0,0.29,Wednesday
Route 2 - Airport Link,12,4,0,30.2,0,0,27,32,100,SYNTHETIC,38.4,0,0.32,Friday
Route 1 - City Centre Express,11,4,0,18.4,1,1,42,48,100,SYNTHETIC,55.2,0,0.48,Friday
Route 1 - City Centre Express,16,6,1,34.4,1,0,23,33,100,SYNTHETIC,55.2,0,0.33,Sunday
Route 9 - East Corridor,16,5,1,13.7,0,0,12,11,100,SYNTHETIC,35.6,0,0.11,Saturday
Route 8 - Beach/Leisure,12,1,0,21.6,0,0,18,15,100,SYNTHETIC,27.1,0,0.15,Tuesday
Route 6 - Industrial Park,16,4,0,9.8,0,0,25,31,100,SYNTHETIC,45.9,0,0.31,Friday
Route 6 - Industrial Park,20,4,0,34.8,0,0,68,28,100,SYNTHETIC,45.9,0,0.28,Friday
Route 4 - North Suburbs,13,4,0,6.8,0,0,23,20,100,SYNTHETIC,30.0,0,0.2,Friday
Route 2 - Airport Link,8,5,1,8.5,0,0,42,59,100,SYNTHETIC,38.4,1,0.59,Saturday
Route 1 - City Centre Express,12,1,0,14.9,0,0,25,44,100,SYNTHETIC,55.2,0,0.44,Tuesday
Route 7 - Hospital Line,12,2,0,30.6,0,0,25,25,100,SYNTHETIC,37.7,0,0.25,Wednesday
Route 1 - City Centre Express,8,5,1,27.6,1,1,94,74,100,SYNTHETIC,55.2,1,0.74,Saturday
Route 2 - Airport Link,8,6,1,21.0,0,0,47,60,100,SYNTHETIC,38.4,1,0.6,Sunday
Route 8 - Beach/Leisure,17,0,0,28.2,1,0,22,44,100,SYNTHETIC,27.1,1,0.44,Monday
Route 6 - Industrial Park,11,3,0,19.1,0,0,28,35,100,SYNTHETIC,45.9,0,0.35,Thursday
Route 5 - South Connector,21,1,0,23.4,1,0,20,13,100,SYNTHETIC,24.6,0,0.13,Tuesday
Route 3 - University Shuttle,9,1,0,33.2,0,0,86,55,100,SYNTHETIC,37.7,1,0.55,Tuesday
Route 2 - Airport Link,7,0,0,18.0,0,0,17,48,100,SYNTHETIC,38.4,1,0.48,Monday
Route 5 - South Connector,18,3,0,13.9,1,0,39,48,100,SYNTHETIC,24.6,1,0.48,Thursday
Route 4 - North Suburbs,19,4,0,23.8,1,0,66,48,100,SYNTHETIC,30.0,1,0.48,Friday
Route 6 - Industrial Park,10,3,0,25.9,0,0,61,32,100,SYNTHETIC,45.9,0,0.32,Thursday
Route 2 - Airport Link,8,2,0,20.9,0,0,49,61,100,SYNTHETIC,38.4,1,0.61,Wednesday
Route 3 - University Shuttle,8,5,1,28.0,0,0,18,22,100,SYNTHETIC,37.7,1,0.22,Saturday
Route 2 - Airport Link,14,4,0,18.4,0,0,23,20,100,SYNTHETIC,38.4,0,0.2,Friday
Route 5 - South Connector,13,6,1,21.0,1,0,11,6,100,SYNTHETIC,24.6,0,0.06,Sunday
Route 3 - University Shuttle,9,2,0,23.0,0,0,108,67,100,SYNTHETIC,37.7,1,0.67,Wednesday
Route 3 - University Shuttle,6,1,0,22.3,0,0,6,11,100,SYNTHETIC,37.7,0,0.11,Tuesday
Route 6 - Industrial Park,14,3,0,32.9,0,0,27,26,100,SYNTHETIC,45.9,0,0.26,Thursday
Route 5 - South Connector,21,3,0,23.0,0,0,16,9,100,SYNTHETIC,24.6,0,0.09,Thursday
Route 3 - University Shuttle,17,3,0,17.6,0,0,29,67,100,SYNTHETIC,37.7,1,0.67,Thursday
Route 7 - Hospital Line,14,5,1,24.2,0,0,21,18,100,SYNTHETIC,37.7,0,0.18,Saturday
Route 4 - North Suburbs,7,0,0,28.1,0,0,7,50,100,SYNTHETIC,30.0,1,0.5,Monday
Route 4 - North Suburbs,9,3,0,26.2,0,0,53,37,100,SYNTHETIC,30.0,1,0.37,Thursday
Route 5 - South Connector,10,3,0,25.8,0,0,33,19,100,SYNTHETIC,24.6,0,0.19,Thursday
Route 2 - Airport Link,18,1,0,8.0,0,0,44,63,100,SYNTHETIC,38.4,1,0.63,Tuesday
Route 5 - South Connector,19,4,0,0.1,0,0,36,31,100,SYNTHETIC,24.6,1,0.31,Friday
Route 6 - Industrial Park,20,5,1,30.2,0,0,11,7,100,SYNTHETIC,45.9,0,0.07,Saturday
Route 2 - Airport Link,22,3,0,23.5,0,0,18,6,100,SYNTHETIC,38.4,0,0.06,Thursday
Route 6 - Industrial Park,22,0,0,19.8,0,1,26,17,100,SYNTHETIC,45.9,0,0.17,Monday
Route 1 - City Centre Express,21,0,0,25.6,0,0,34,22,100,SYNTHETIC,55.2,0,0.22,Monday
Route 7 - Hospital Line,7,2,0,35.4,0,0,14,50,100,SYNTHETIC,37.7,1,0.5,Wednesday
Route 1 - City Centre Express,8,4,0,31.3,0,0,81,122,100,SYNTHETIC,55.2,1,1.22,Friday
Route 2 - Airport Link,10,2,0,27.7,0,0,51,25,100,SYNTHETIC,38.4,0,0.25,Wednesday
Route 4 - North Suburbs,15,2,0,12.9,0,0,20,19,100,SYNTHETIC,30.0,0,0.19,Wednesday
Route 7 - Hospital Line,7,6,1,13.9,0,0,6,39,100,SYNTHETIC,37.7,1,0.39,Sunday
Route 8 - Beach/Leisure,19,0,0,0.9,0,0,49,31,100,SYNTHETIC,27.1,1,0.31,Monday
Route 5 - South Connector,16,0,0,25.1,0,0,16,19,100,SYNTHETIC,24.6,0,0.19,Monday
Route 2 - Airport Link,15,1,0,28.9,0,0,25,25,100,SYNTHETIC,38.4,0,0.25,Tuesday
Route 4 - North Suburbs,8,6,1,29.5,1,0,26,31,100,SYNTHETIC,30.0,1,0.31,Sunday
Route 8 - Beach/Leisure,9,3,0,25.4,0,0,29,17,100,SYNTHETIC,27.1,1,0.17,Thursday
Route 1 - City Centre Express,8,1,0,18.8,0,0,84,116,100,SYNTHETIC,55.2,1,1.16,Tuesday
Route 8 - Beach/Leisure,19,2,0,15.5,0,0,42,33,100,SYNTHETIC,27.1,1,0.33,Wednesday
Route 4 - North Suburbs,16,6,1,13.4,0,0,10,10,100,SYNTHETIC,30.0,0,0.1,Sunday
Route 1 - City Centre Express,18,4,0,18.7,0,0,88,86,100,SYNTHETIC,55.2,1,0.86,Friday
Route 7 - Hospital Line,10,1,0,12.2,0,0,51,19,100,SYNTHETIC,37.7,0,0.19,Tuesday
Route 1 - City Centre Express,12,1,0,34.0,0,0,28,38,100,SYNTHETIC,55.2,0,0.38,Tuesday
Route 4 - North Suburbs,12,0,0,9.6,1,0,22,25,100,SYNTHETIC,30.0,0,0.25,Monday
Route 2 - Airport Link,18,5,1,18.4,0,0,50,56,100,SYNTHETIC,38.4,1,0.56,Saturday
Route 6 - Industrial Park,18,0,0,4.5,0,0,84,99,100,SYNTHETIC,45.9,1,0.99,Monday
Route 1 - City Centre Express,8,2,0,22.4,0,0,97,101,100,SYNTHETIC,55.2,1,1.01,Wednesday
Route 1 - City Centre Express,21,2,0,20.0,0,0,28,26,100,SYNTHETIC,55.2,0,0.26,Wednesday
Route 6 - Industrial Park,7,4,0,17.1,0,0,16,79,100,SYNTHETIC,45.9,1,0.79,Friday
Route 10 - West Ring,20,4,0,12.5,0,0,33,15,100,SYNTHETIC,26.9,0,0.15,Friday
Route 1 - City Centre Express,7,5,1,20.0,0,0,8,55,100,SYNTHETIC,55.2,1,0.55,Saturday
Route 5 - South Connector,9,2,0,15.6,0,0,38,31,100,SYNTHETIC,24.6,1,0.31,Wednesday
Route 9 - East Corridor,19,2,0,18.9,0,0,62,52,100,SYNTHETIC,35.6,1,0.52,Wednesday
Route 3 - University Shuttle,8,2,0,35.7,1,0,74,102,100,SYNTHETIC,37.7,1,1.02,Wednesday
Route 5 - South Connector,12,0,0,21.4,1,0,25,22,100,SYNTHETIC,24.6,0,0.22,Monday
Route 9 - East Corridor,13,5,1,24.3,1,1,21,20,100,SYNTHETIC,35.6,0,0.2,Saturday
Route 8 - Beach/Leisure,9,3,0,16.3,0,0,28,23,100,SYNTHETIC,27.1,1,0.23,Thursday
Route 3 - University Shuttle,17,3,0,13.7,1,0,29,84,100,SYNTHETIC,37.7,1,0.84,Thursday
Route 8 - Beach/Leisure,19,6,1,19.8,0,0,72,56,100,SYNTHETIC,27.1,1,0.56,Sunday
Route 7 - Hospital Line,19,1,0,40.0,0,0,69,41,100,SYNTHETIC,37.7,1,0.41,Tuesday
Route 6 - Industrial Park,11,6,1,17.7,0,0,7,16,100,SYNTHETIC,45.9,0,0.16,Sunday
Route 5 - South Connector,15,4,0,22.9,0,0,13,13,100,SYNTHETIC,24.6,0,0.13,Friday
Route 10 - West Ring,9,1,0,13.4,0,0,48,33,100,SYNTHETIC,26.9,1,0.33,Tuesday
Route 9 - East Corridor,9,4,0,-2.0,1,0,71,46,100,SYNTHETIC,35.6,1,0.46,Friday
Route 10 - West Ring,8,5,1,13.7,0,0,19,31,100,SYNTHETIC,26.9,1,0.31,Saturday
Route 7 - Hospital Line,21,2,0,39.0,0,0,32,14,100,SYNTHETIC,37.7,0,0.14,Wednesday
Route 4 - North Suburbs,20,2,0,24.8,0,0,42,22,100,SYNTHETIC,30.0,0,0.22,Wednesday
Route 2 - Airport Link,18,5,1,33.1,0,0,48,48,100,SYNTHETIC,38.4,1,0.48,Saturday
Route 2 - Airport Link,14,1,0,17.2,1,0,27,24,100,SYNTHETIC,38.4,0,0.24,Tuesday
Route 10 - West Ring,14,0,0,1.1,0,0,19,18,100,SYNTHETIC,26.9,0,0.18,Monday
Route 4 - North Suburbs,15,4,0,11.1,1,0,25,20,100,SYNTHETIC,30.0,0,0.2,Friday
Route 2 - Airport Link,15,6,1,23.2,0,1,34,37,100,SYNTHETIC,38.4,0,0.37,Sunday
Route 3 - University Shuttle,13,3,0,21.9,1,0,28,28,100,SYNTHETIC,37.7,0,0.28,Thursday
Route 1 - City Centre Express,8,0,0,19.9,0,0,79,124,100,SYNTHETIC,55.2,1,1.24,Monday
Route 6 - Industrial Park,8,3,0,15.8,1,0,103,94,100,SYNTHETIC,45.9,1,0.94,Thursday
Route 6 - Industrial Park,21,1,0,27.5,0,0,29,19,100,SYNTHETIC,45.9,0,0.19,Tuesday
Route 4 - North Suburbs,14,5,1,16.0,1,0,11,10,100,SYNTHETIC,30.0,0,0.1,Saturday
Route 8 - Beach/Leisure,21,4,0,22.5,0,0,8,10,100,SYNTHETIC,27.1,0,0.1,Friday
Route 5 - South Connector,8,2,0,21.6,0,0,38,56,100,SYNTHETIC,24.6,1,0.56,Wednesday
Route 10 - West Ring,15,4,0,17.1,0,1,25,28,100,SYNTHETIC,26.9,0,0.28,Friday
Route 8 - Beach/Leisure,8,4,0,12.9,0,0,17,19,100,SYNTHETIC,27.1,1,0.19,Friday
Route 1 - City Centre Express,9,4,0,16.6,0,0,113,71,100,SYNTHETIC,55.2,1,0.71,Friday
Route 3 - University Shuttle,6,2,0,35.0,1,0,2,12,100,SYNTHETIC,37.7,0,0.12,Wednesday
Route 8 - Beach/Leisure,7,3,0,28.9,0,0,13,22,100,SYNTHETIC,27.1,1,0.22,Thursday
Route 6 - Industrial Park,20,0,0,28.2,0,0,85,27,100,SYNTHETIC,45.9,0,0.27,Monday
Route 8 - Beach/Leisure,11,2,0,13.7,1,0,13,12,100,SYNTHETIC,27.1,0,0.12,Wednesday
Route 4 - North Suburbs,16,2,0,8.5,1,0,26,34,100,SYNTHETIC,30.0,0,0.34,Wednesday
Route 1 - City Centre Express,13,3,0,28.8,1,0,45,37,100,SYNTHETIC,55.2,0,0.37,Thursday
Route 8 - Beach/Leisure,12,6,1,27.2,0,0,20,23,100,SYNTHETIC,27.1,0,0.23,Sunday
Route 8 - Beach/Leisure,15,6,1,21.1,0,0,17,29,100,SYNTHETIC,27.1,0,0.29,Sunday
Route 7 - Hospital Line,8,3,0,17.0,0,0,44,60,100,SYNTHETIC,37.7,1,0.6,Thursday
Route 5 - South Connector,22,4,0,8.3,0,0,13,8,100,SYNTHETIC,24.6,0,0.08,Friday
Route 1 - City Centre Express,19,0,0,26.9,1,0,97,75,100,SYNTHETIC,55.2,1,0.75,Monday
Route 8 - Beach/Leisure,18,3,0,29.5,0,1,65,71,100,SYNTHETIC,27.1,1,0.71,Thursday
Route 7 - Hospital Line,13,4,0,14.6,1,0,28,24,100,SYNTHETIC,37.7,0,0.24,Friday
Route 7 - Hospital Line,8,4,0,13.9,1,0,57,76,100,SYNTHETIC,37.7,1,0.76,Friday
Route 2 - Airport Link,20,6,1,29.9,0,1,58,43,100,SYNTHETIC,38.4,0,0.43,Sunday
Route 8 - Beach/Leisure,11,3,0,14.9,1,0,11,16,100,SYNTHETIC,27.1,0,0.16,Thursday
Route 8 - Beach/Leisure,7,6,1,34.2,1,0,10,29,100,SYNTHETIC,27.1,1,0.29,Sunday
Route 9 - East Corridor,11,6,1,19.1,0,0,8,11,100,SYNTHETIC,35.6,0,0.11,Sunday
Route 6 - Industrial Park,18,4,0,16.9,0,0,89,98,100,SYNTHETIC,45.9,1,0.98,Friday
Route 8 - Beach/Leisure,16,0,0,20.4,0,0,15,21,100,SYNTHETIC,27.1,0,0.21,Monday
Route 5 - South Connector,18,2,0,16.9,0,0,35,47,100,SYNTHETIC,24.6,1,0.47,Wednesday
Route 7 - Hospital Line,18,5,1,29.0,0,0,46,50,100,SYNTHETIC,37.7,1,0.5,Saturday
Route 7 - Hospital Line,9,4,0,27.1,0,0,65,46,100,SYNTHETIC,37.7,1,0.46,Friday
Route 8 - Beach/Leisure,20,6,1,28.7,1,0,67,22,100,SYNTHETIC,27.1,0,0.22,Sunday
Route 9 - East Corridor,13,5,1,21.5,0,0,13,8,100,SYNTHETIC,35.6,0,0.08,Saturday
Route 1 - City Centre Express,16,0,0,16.3,1,0,36,42,100,SYNTHETIC,55.2,0,0.42,Monday
Route 8 - Beach/Leisure,0,6,1,19.9,0,0,0,3,100,SYNTHETIC,27.1,0,0.03,Sunday
Route 8 - Beach/Leisure,23,2,0,16.6,0,0,7,0,100,SYNTHETIC,27.1,0,0.0,Wednesday
Route 6 - Industrial Park,10,5,1,31.7,0,0,10,1,100,SYNTHETIC,45.9,0,0.01,Saturday
Route 6 - Industrial Park,7,3,0,28.0,0,0,17,88,100,SYNTHETIC,45.9,1,0.88,Thursday
Route 8 - Beach/Leisure,13,3,0,19.3,0,0,21,13,100,SYNTHETIC,27.1,0,0.13,Thursday
Route 5 - South Connector,8,0,0,12.6,1,0,38,50,100,SYNTHETIC,24.6,1,0.5,Monday
Route 5 - South Connector,8,0,0,32.3,0,0,39,40,100,SYNTHETIC,24.6,1,0.4,Monday
Route 9 - East Corridor,16,4,0,21.1,1,0,27,32,100,SYNTHETIC,35.6,0,0.32,Friday
Route 8 - Beach/Leisure,12,3,0,19.0,0,0,16,14,100,SYNTHETIC,27.1,0,0.14,Thursday
Route 3 - University Shuttle,20,3,0,32.4,1,0,65,20,100,SYNTHETIC,37.7,0,0.2,Thursday
Route 9 - East Corridor,11,1,0,15.9,0,0,19,25,100,SYNTHETIC,35.6,0,0.25,Tuesday
Route 4 - North Suburbs,17,3,0,17.4,0,0,24,49,100,SYNTHETIC,30.0,1,0.49,Thursday
Route 2 - Airport Link,13,0,0,18.2,0,0,27,26,100,SYNTHETIC,38.4,0,0.26,Monday
Route 9 - East Corridor,17,1,0,9.5,0,0,25,55,100,SYNTHETIC,35.6,1,0.55,Tuesday
Route 3 - University Shuttle,16,3,0,22.5,1,0,26,35,100,SYNTHETIC,37.7,0,0.35,Thursday
Route 3 - University Shuttle,13,4,0,13.9,0,0,23,24,100,SYNTHETIC,37.7,0,0.24,Friday
Route 3 - University Shuttle,21,4,0,15.4,1,0,27,19,100,SYNTHETIC,37.7,0,0.19,Friday
Route 5 - South Connector,11,6,1,14.4,0,0,9,8,100,SYNTHETIC,24.6,0,0.08,Sunday
Route 2 - Airport Link,8,5,1,15.3,1,0,53,61,100,SYNTHETIC,38.4,1,0.61,Saturday
Route 2 - Airport Link,17,2,0,13.3,0,0,32,56,100,SYNTHETIC,38.4,1,0.56,Wednesday
Route 4 - North Suburbs,19,5,1,22.0,0,0,28,27,100,SYNTHETIC,30.0,1,0.27,Saturday
Route 3 - University Shuttle,6,0,0,18.8,0,0,2,13,100,SYNTHETIC,37.7,0,0.13,Monday
Route 2 - Airport Link,13,6,1,20.4,1,0,31,24,100,SYNTHETIC,38.4,0,0.24,Sunday
Route 10 - West Ring,20,2,0,38.8,0,0,35,19,100,SYNTHETIC,26.9,0,0.19,Wednesday
Route 6 - Industrial Park,18,5,1,18.8,0,0,15,14,100,SYNTHETIC,45.9,1,0.14,Saturday
Route 1 - City Centre Express,23,6,1,24.8,0,0,3,0,100,SYNTHETIC,55.2,0,0.0,Sunday
Route 2 - Airport Link,15,4,0,25.7,1,0,29,24,100,SYNTHETIC,38.4,0,0.24,Friday
Route 9 - East Corridor,17,6,1,19.5,0,0,12,30,100,SYNTHETIC,35.6,1,0.3,Sunday
Route 3 - University Shuttle,10,0,0,22.2,0,0,56,22,100,SYNTHETIC,37.7,0,0.22,Monday
Route 2 - Airport Link,21,1,0,20.2,0,0,23,17,100,SYNTHETIC,38.4,0,0.17,Tuesday
Route 7 - Hospital Line,11,4,0,21.6,0,0,19,28,100,SYNTHETIC,37.7,0,0.28,Friday
Route 9 - East Corridor,18,3,0,15.3,0,0,57,57,100,SYNTHETIC,35.6,1,0.57,Thursday
Route 4 - North Suburbs,12,0,0,16.0,0,0,25,18,100,SYNTHETIC,30.0,0,0.18,Monday
Route 8 - Beach/Leisure,15,5,1,20.1,1,0,21,22,100,SYNTHETIC,27.1,0,0.22,Saturday
Route 5 - South Connector,17,0,0,4.2,0,0,15,35,100,SYNTHETIC,24.6,1,0.35,Monday
Route 2 - Airport Link,14,6,1,32.0,0,1,37,32,100,SYNTHETIC,38.4,0,0.32,Sunday
Route 8 - Beach/Leisure,20,1,0,37.3,1,0,34,13,100,SYNTHETIC,27.1,0,0.13,Tuesday
Route 10 - West Ring,12,3,0,21.4,0,0,22,14,100,SYNTHETIC,26.9,0,0.14,Thursday
Route 10 - West Ring,17,5,1,25.3,0,0,11,15,100,SYNTHETIC,26.9,1,0.15,Saturday
Route 2 - Airport Link,11,3,0,28.6,0,0,23,27,100,SYNTHETIC,38.4,0,0.27,Thursday
Route 6 - Industrial Park,12,5,1,9.4,0,0,8,1,100,SYNTHETIC,45.9,0,0.01,Saturday
Route 7 - Hospital Line,13,4,0,27.4,0,0,29,19,100,SYNTHETIC,37.7,0,0.19,Friday
Route 1 - City Centre Express,8,6,1,16.6,0,0,46,66,100,SYNTHETIC,55.2,1,0.66,Sunday
Route 10 - West Ring,7,3,0,38.3,1,0,7,53,100,SYNTHETIC,26.9,1,0.53,Thursday
Route 2 - Airport Link,17,6,1,18.5,0,0,25,49,100,SYNTHETIC,38.4,1,0.49,Sunday
Route 3 - University Shuttle,17,3,0,27.3,0,0,37,77,100,SYNTHETIC,37.7,1,0.77,Thursday
Route 10 - West Ring,17,6,1,18.6,1,0,10,26,100,SYNTHETIC,26.9,1,0.26,Sunday
Route 6 - Industrial Park,5,5,1,37.6,1,1,4,0,100,SYNTHETIC,45.9,0,0.0,Saturday
Route 7 - Hospital Line,11,0,0,15.9,0,0,21,27,100,SYNTHETIC,37.7,0,0.27,Monday
Route 5 - South Connector,8,4,0,29.3,0,0,33,49,100,SYNTHETIC,24.6,1,0.49,Friday
Route 8 - Beach/Leisure,18,6,1,25.0,0,0,64,79,100,SYNTHETIC,27.1,1,0.79,Sunday
Route 1 - City Centre Express,19,0,0,23.2,0,0,95,75,100,SYNTHETIC,55.2,1,0.75,Monday
Route 7 - Hospital Line,9,5,1,21.8,0,0,51,29,100,SYNTHETIC,37.7,1,0.29,Saturday
Route 1 - City Centre Express,17,0,0,14.7,0,0,44,104,100,SYNTHETIC,55.2,1,1.04,Monday
Route 2 - Airport Link,8,6,1,-0.7,1,0,46,61,100,SYNTHETIC,38.4,1,0.61,Sunday
Route 6 - Industrial Park,10,5,1,28.6,1,1,13,9,100,SYNTHETIC,45.9,0,0.09,Saturday
Route 5 - South Connector,8,1,0,16.1,0,0,33,41,100,SYNTHETIC,24.6,1,0.41,Tuesday
Route 2 - Airport Link,10,5,1,29.4,0,0,30,23,100,SYNTHETIC,38.4,0,0.23,Saturday
Route 8 - Beach/Leisure,17,0,0,22.8,0,0,18,38,100,SYNTHETIC,27.1,1,0.38,Monday
Route 4 - North Suburbs,20,3,0,29.6,0,0,44,21,100,SYNTHETIC,30.0,0,0.21,Thursday
Route 9 - East Corridor,8,6,1,26.4,0,0,25,33,100,SYNTHETIC,35.6,1,0.33,Sunday
Route 1 - City Centre Express,15,1,0,0.3,0,0,24,38,100,SYNTHETIC,55.2,0,0.38,Tuesday
Route 3 - University Shuttle,17,1,0,24.9,0,0,30,79,100,SYNTHETIC,37.7,1,0.79,Tuesday
Route 3 - University Shuttle,21,2,0,17.3,1,0,24,11,100,SYNTHETIC,37.7,0,0.11,Wednesday
Route 6 - Industrial Park,16,2,0,29.3,0,0,29,37,100,SYNTHETIC,45.9,0,0.37,Wednesday
Route 5 - South Connector,9,0,0,24.7,0,0,43,32,100,SYNTHETIC,24.6,1,0.32,Monday
Route 2 - Airport Link,16,3,0,24.8,0,0,28,32,100,SYNTHETIC,38.4,0,0.32,Thursday
Route 6 - Industrial Park,11,1,0,17.8,0,0,25,26,100,SYNTHETIC,45.9,0,0.26,Tuesday
Route 10 - West Ring,22,0,0,12.7,0,0,11,8,100,SYNTHETIC,26.9,0,0.08,Monday
Route 2 - Airport Link,12,1,0,16.5,1,0,24,29,100,SYNTHETIC,38.4,0,0.29,Tuesday
Route 3 - University Shuttle,17,0,0,5.6,0,0,28,76,100,SYNTHETIC,37.7,1,0.76,Monday
Route 5 - South Connector,6,6,1,15.3,1,0,2,2,100,SYNTHETIC,24.6,0,0.02,Sunday
Route 8 - Beach/Leisure,12,6,1,8.3,0,0,21,22,100,SYNTHETIC,27.1,0,0.22,Sunday
Route 2 - Airport Link,19,2,0,8.5,0,0,67,49,100,SYNTHETIC,38.4,1,0.49,Wednesday
Route 3 - University Shuttle,16,6,1,20.9,1,1,8,11,100,SYNTHETIC,37.7,0,0.11,Sunday
Route 3 - University Shuttle,13,3,0,24.3,0,0,25,24,100,SYNTHETIC,37.7,0,0.24,Thursday
Route 7 - Hospital Line,20,6,1,19.7,1,0,40,19,100,SYNTHETIC,37.7,0,0.19,Sunday
Route 1 - City Centre Express,19,1,0,16.0,0,0,118,78,100,SYNTHETIC,55.2,1,0.78,Tuesday
Route 7 - Hospital Line,11,1,0,12.4,0,0,23,22,100,SYNTHETIC,37.7,0,0.22,Tuesday
Route 5 - South Connector,15,5,1,17.5,0,0,2,5,100,SYNTHETIC,24.6,0,0.05,Saturday
Route 4 - North Suburbs,14,1,0,13.4,0,0,22,20,100,SYNTHETIC,30.0,0,0.2,Tuesday
Route 9 - East Corridor,16,5,1,19.5,1,0,10,20,100,SYNTHETIC,35.6,0,0.2,Saturday
Route 9 - East Corridor,11,2,0,7.8,0,0,14,24,100,SYNTHETIC,35.6,0,0.24,Wednesday
Route 9 - East Corridor,9,2,0,25.6,0,0,79,49,100,SYNTHETIC,35.6,1,0.49,Wednesday
Route 9 - East Corridor,20,3,0,15.5,0,0,58,19,100,SYNTHETIC,35.6,0,0.19,Thursday
Route 3 - University Shuttle,20,5,1,23.0,0,0,10,7,100,SYNTHETIC,37.7,0,0.07,Saturday
Route 9 - East Corridor,19,0,0,27.1,0,0,58,53,100,SYNTHETIC,35.6,1,0.53,Monday
Route 2 - Airport Link,22,5,1,22.6,0,0,17,10,100,SYNTHETIC,38.4,0,0.1,Saturday
Route 4 - North Suburbs,18,5,1,26.4,0,0,24,31,100,SYNTHETIC,30.0,1,0.31,Saturday
Route 6 - Industrial Park,18,5,1,3.5,0,0,12,18,100,SYNTHETIC,45.9,1,0.18,Saturday
Route 8 - Beach/Leisure,18,6,1,16.1,1,0,64,65,100,SYNTHETIC,27.1,1,0.65,Sunday
Route 6 - Industrial Park,14,5,1,28.8,1,0,4,1,100,SYNTHETIC,45.9,0,0.01,Saturday
Route 6 - Industrial Park,13,3,0,24.1,0,0,28,30,100,SYNTHETIC,45.9,0,0.3,Thursday
Route 4 - North Suburbs,9,3,0,34.8,0,0,62,36,100,SYNTHETIC,30.0,1,0.36,Thursday
Route 6 - Industrial Park,16,2,0,33.6,1,0,36,35,100,SYNTHETIC,45.9,0,0.35,Wednesday
Route 5 - South Connector,10,5,1,22.4,0,0,17,13,100,SYNTHETIC,24.6,0,0.13,Saturday
Route 5 - South Connector,9,2,0,18.0,0,0,44,28,100,SYNTHETIC,24.6,1,0.28,Wednesday
Route 6 - Industrial Park,16,4,0,12.3,0,0,31,36,100,SYNTHETIC,45.9,0,0.36,Friday
Route 7 - Hospital Line,12,0,0,16.2,0,0,25,22,100,SYNTHETIC,37.7,0,0.22,Monday
Route 4 - North Suburbs,9,2,0,16.7,0,0,69,41,100,SYNTHETIC,30.0,1,0.41,Wednesday
Route 2 - Airport Link,18,1,0,15.3,1,0,52,71,100,SYNTHETIC,38.4,1,0.71,Tuesday
Route 3 - University Shuttle,19,3,0,12.7,0,0,84,70,100,SYNTHETIC,37.7,1,0.7,Thursday
Route 5 - South Connector,8,3,0,23.2,0,0,38,50,100,SYNTHETIC,24.6,1,0.5,Thursday
Route 2 - Airport Link,2,5,1,33.6,1,1,0,1,100,SYNTHETIC,38.4,0,0.01,Saturday
Route 2 - Airport Link,11,3,0,27.5,0,0,31,30,100,SYNTHETIC,38.4,0,0.3,Thursday
Route 10 - West Ring,18,1,0,17.4,0,0,56,49,100,SYNTHETIC,26.9,1,0.49,Tuesday
Route 3 - University Shuttle,19,3,0,28.1,0,0,77,60,100,SYNTHETIC,37.7,1,0.6,Thursday
Route 8 - Beach/Leisure,8,0,0,22.8,0,0,25,29,100,SYNTHETIC,27.1,1,0.29,Monday
Route 2 - Airport Link,18,5,1,19.7,0,0,47,57,100,SYNTHETIC,38.4,1,0.57,Saturday
Route 10 - West Ring,7,5,1,19.2,0,0,4,18,100,SYNTHETIC,26.9,1,0.18,Saturday
Route 3 - University Shuttle,12,1,0,18.4,1,0,23,25,100,SYNTHETIC,37.7,0,0.25,Tuesday
Route 4 - North Suburbs,23,1,0,25.2,0,0,3,3,100,SYNTHETIC,30.0,0,0.03,Tuesday
Route 8 - Beach/Leisure,8,0,0,21.1,1,0,31,26,100,SYNTHETIC,27.1,1,0.26,Monday
Route 3 - University Shuttle,8,2,0,14.2,0,0,73,75,100,SYNTHETIC,37.7,1,0.75,Wednesday
Route 6 - Industrial Park,12,0,0,13.8,0,1,44,46,100,SYNTHETIC,45.9,0,0.46,Monday
Route 8 - Beach/Leisure,16,6,1,22.4,0,0,20,31,100,SYNTHETIC,27.1,0,0.31,Sunday
Route 1 - City Centre Express,20,0,0,23.4,1,0,88,40,100,SYNTHETIC,55.2,0,0.4,Monday
Route 1 - City Centre Express,22,4,0,17.5,0,0,17,12,100,SYNTHETIC,55.2,0,0.12,Friday
Route 8 - Beach/Leisure,7,3,0,10.9,0,0,5,23,100,SYNTHETIC,27.1,1,0.23,Thursday
Route 3 - University Shuttle,8,1,0,30.0,0,0,64,104,100,SYNTHETIC,37.7,1,1.04,Tuesday
Route 10 - West Ring,18,5,1,28.3,0,0,26,22,100,SYNTHETIC,26.9,1,0.22,Saturday
Route 10 - West Ring,10,0,0,4.1,1,0,31,19,100,SYNTHETIC,26.9,0,0.19,Monday
Route 9 - East Corridor,19,6,1,30.7,0,0,28,23,100,SYNTHETIC,35.6,1,0.23,Sunday
Route 10 - West Ring,17,5,1,18.3,0,0,6,19,100,SYNTHETIC,26.9,1,0.19,Saturday
Route 9 - East Corridor,7,4,0,21.5,0,0,9,65,100,SYNTHETIC,35.6,1,0.65,Friday
Route 4 - North Suburbs,19,6,1,29.1,1,0,29,23,100,SYNTHETIC,30.0,1,0.23,Sunday
Route 10 - West Ring,8,2,0,33.2,0,0,46,53,100,SYNTHETIC,26.9,1,0.53,Wednesday
Route 4 - North Suburbs,12,1,0,28.0,0,0,20,22,100,SYNTHETIC,30.0,0,0.22,Tuesday
Route 6 - Industrial Park,15,1,0,21.9,0,0,26,34,100,SYNTHETIC,45.9,0,0.34,Tuesday
Route 1 - City Centre Express,14,6,1,9.0,0,0,20,14,100,SYNTHETIC,55.2,0,0.14,Sunday
Route 10 - West Ring,17,2,0,3.8,0,0,21,48,100,SYNTHETIC,26.9,1,0.48,Wednesday
Route 6 - Industrial Park,17,5,1,27.0,1,1,16,25,100,SYNTHETIC,45.9,1,0.25,Saturday
Route 10 - West Ring,23,2,0,30.7,0,0,4,0,100,SYNTHETIC,26.9,0,0.0,Wednesday
Route 4 - North Suburbs,23,6,1,13.5,0,0,5,0,100,SYNTHETIC,30.0,0,0.0,Sunday
Route 4 - North Suburbs,14,6,1,17.8,1,0,14,14,100,SYNTHETIC,30.0,0,0.14,Sunday
Route 6 - Industrial Park,7,2,0,15.5,0,0,13,97,100,SYNTHETIC,45.9,1,0.97,Wednesday
Route 9 - East Corridor,17,3,0,15.3,0,0,28,64,100,SYNTHETIC,35.6,1,0.64,Thursday
Route 6 - Industrial Park,22,5,1,28.6,0,0,1,0,100,SYNTHETIC,45.9,0,0.0,Saturday
Route 8 - Beach/Leisure,11,1,0,21.7,0,0,15,12,100,SYNTHETIC,27.1,0,0.12,Tuesday
Route 3 - University Shuttle,13,0,0,18.2,0,0,26,25,100,SYNTHETIC,37.7,0,0.25,Monday
Route 8 - Beach/Leisure,12,2,0,41.3,0,0,14,14,100,SYNTHETIC,27.1,0,0.14,Wednesday
Route 8 - Beach/Leisure,7,4,0,8.5,0,0,4,21,100,SYNTHETIC,27.1,1,0.21,Friday
Route 9 - East Corridor,17,0,0,24.4,0,0,34,60,100,SYNTHETIC,35.6,1,0.6,Monday
Route 1 - City Centre Express,11,2,0,11.6,0,0,31,35,100,SYNTHETIC,55.2,0,0.35,Wednesday
Route 4 - North Suburbs,18,6,1,18.7,0,1,33,49,100,SYNTHETIC,30.0,1,0.49,Sunday
Route 1 - City Centre Express,19,0,0,21.2,0,0,95,87,100,SYNTHETIC,55.2,1,0.87,Monday
Route 5 - South Connector,19,0,0,26.8,1,0,38,36,100,SYNTHETIC,24.6,1,0.36,Monday
Route 8 - Beach/Leisure,12,2,0,17.9,0,0,17,13,100,SYNTHETIC,27.1,0,0.13,Wednesday
Route 7 - Hospital Line,11,0,0,17.1,1,0,25,29,100,SYNTHETIC,37.7,0,0.29,Monday
Route 8 - Beach/Leisure,18,0,0,17.8,0,1,63,78,100,SYNTHETIC,27.1,1,0.78,Monday
Route 8 - Beach/Leisure,18,1,0,11.4,0,0,38,48,100,SYNTHETIC,27.1,1,0.48,Tuesday
Route 10 - West Ring,14,0,0,25.1,1,0,20,20,100,SYNTHETIC,26.9,0,0.2,Monday
Route 9 - East Corridor,20,5,1,22.3,0,0,28,10,100,SYNTHETIC,35.6,0,0.1,Saturday
Route 6 - Industrial Park,8,0,0,23.5,1,0,103,113,100,SYNTHETIC,45.9,1,1.13,Monday
Route 9 - East Corridor,19,3,0,19.4,0,0,70,57,100,SYNTHETIC,35.6,1,0.57,Thursday
Route 1 - City Centre Express,7,4,0,18.5,0,0,12,90,100,SYNTHETIC,55.2,1,0.9,Friday
Route 8 - Beach/Leisure,8,4,0,29.4,0,0,22,27,100,SYNTHETIC,27.1,1,0.27,Friday
Route 6 - Industrial Park,15,4,0,28.2,0,0,28,27,100,SYNTHETIC,45.9,0,0.27,Friday
Route 10 - West Ring,7,2,0,31.3,1,0,8,59,100,SYNTHETIC,26.9,1,0.59,Wednesday
Route 6 - Industrial Park,7,6,1,23.0,0,0,0,10,100,SYNTHETIC,45.9,1,0.1,Sunday
Route 2 - Airport Link,0,0,0,30.8,0,0,0,0,100,SYNTHETIC,38.4,0,0.0,Monday
Route 8 - Beach/Leisure,13,0,0,16.7,1,0,22,17,100,SYNTHETIC,27.1,0,0.17,Monday
Route 10 - West Ring,18,5,1,18.4,0,0,19,23,100,SYNTHETIC,26.9,1,0.23,Saturday
Route 1 - City Centre Express,6,0,0,29.6,1,0,5,21,100,SYNTHETIC,55.2,0,0.21,Monday
Route 1 - City Centre Express,17,1,0,26.7,0,0,40,103,100,SYNTHETIC,55.2,1,1.03,Tuesday
Route 7 - Hospital Line,19,1,0,17.7,1,1,101,72,100,SYNTHETIC,37.7,1,0.72,Tuesday
Route 6 - Industrial Park,8,0,0,11.6,0,0,80,90,100,SYNTHETIC,45.9,1,0.9,Monday
Route 6 - Industrial Park,8,0,0,18.4,1,0,100,99,100,SYNTHETIC,45.9,1,0.99,Monday
Route 1 - City Centre Express,19,4,0,14.5,1,1,160,138,100,SYNTHETIC,55.2,1,1.38,Friday
Route 6 - Industrial Park,19,4,0,33.8,0,0,86,76,100,SYNTHETIC,45.9,1,0.76,Friday
Route 6 - Industrial Park,15,0,0,26.1,0,0,27,29,100,SYNTHETIC,45.9,0,0.29,Monday
Route 9 - East Corridor,19,6,1,13.9,0,0,27,26,100,SYNTHETIC,35.6,1,0.26,Sunday
Route 4 - North Suburbs,7,0,0,11.6,0,0,12,43,100,SYNTHETIC,30.0,1,0.43,Monday
Route 4 - North Suburbs,12,4,0,13.8,0,0,18,20,100,SYNTHETIC,30.0,0,0.2,Friday
Route 1 - City Centre Express,18,5,1,15.5,0,0,52,51,100,SYNTHETIC,55.2,1,0.51,Saturday
Route 6 - Industrial Park,9,3,0,18.7,0,0,104,70,100,SYNTHETIC,45.9,1,0.7,Thursday
Route 7 - Hospital Line,18,3,0,28.9,0,0,56,63,100,SYNTHETIC,37.7,1,0.63,Thursday
Route 3 - University Shuttle,14,0,0,12.3,0,0,22,18,100,SYNTHETIC,37.7,0,0.18,Monday
Route 8 - Beach/Leisure,18,1,0,38.3,0,0,45,45,100,SYNTHETIC,27.1,1,0.45,Tuesday
Route 10 - West Ring,13,5,1,12.5,0,0,7,12,100,SYNTHETIC,26.9,0,0.12,Saturday
Route 2 - Airport Link,11,2,0,8.7,0,0,25,23,100,SYNTHETIC,38.4,0,0.23,Wednesday
Route 6 - Industrial Park,9,0,0,33.5,0,0,106,65,100,SYNTHETIC,45.9,1,0.65,Monday
Route 7 - Hospital Line,9,5,1,30.6,0,0,51,34,100,SYNTHETIC,37.7,1,0.34,Saturday
Route 1 - City Centre Express,18,4,0,18.5,0,0,113,98,100,SYNTHETIC,55.2,1,0.98,Friday
Route 2 - Airport Link,7,0,0,23.1,0,0,12,46,100,SYNTHETIC,38.4,1,0.46,Monday
Route 4 - North Suburbs,7,0,0,23.3,0,0,8,48,100,SYNTHETIC,30.0,1,0.48,Monday
Route 2 - Airport Link,8,0,0,21.1,0,0,58,60,100,SYNTHETIC,38.4,1,0.6,Monday
Route 4 - North Suburbs,8,0,0,9.6,0,0,53,56,100,SYNTHETIC,30.0,1,0.56,Monday
Route 2 - Airport Link,19,4,0,0.1,0,0,50,43,100,SYNTHETIC,38.4,1,0.43,Friday
Route 9 - East Corridor,12,0,0,13.2,1,0,26,31,100,SYNTHETIC,35.6,0,0.31,Monday
Route 6 - Industrial Park,22,4,0,34.5,1,0,29,10,100,SYNTHETIC,45.9,0,0.1,Friday
Route 4 - North Suburbs,8,1,0,34.8,1,0,54,52,100,SYNTHETIC,30.0,1,0.52,Tuesday
Route 8 - Beach/Leisure,17,6,1,17.9,1,0,33,70,100,SYNTHETIC,27.1,1,0.7,Sunday
Route 1 - City Centre Express,13,5,1,12.3,0,0,26,24,100,SYNTHETIC,55.2,0,0.24,Saturday
Route 6 - Industrial Park,12,2,0,22.2,1,0,41,35,100,SYNTHETIC,45.9,0,0.35,Wednesday
Route 7 - Hospital Line,19,3,0,23.5,1,0,71,53,100,SYNTHETIC,37.7,1,0.53,Thursday
Route 9 - East Corridor,22,0,0,24.8,0,0,19,7,100,SYNTHETIC,35.6,0,0.07,Monday
Route 3 - University Shuttle,19,0,0,-0.2,1,0,76,70,100,SYNTHETIC,37.7,1,0.7,Monday
Route 6 - Industrial Park,8,3,0,42.0,1,0,88,100,100,SYNTHETIC,45.9,1,1.0,Thursday
Route 8 - Beach/Leisure,9,0,0,29.1,1,0,28,16,100,SYNTHETIC,27.1,1,0.16,Monday
Route 8 - Beach/Leisure,17,4,0,18.4,0,0,13,39,100,SYNTHETIC,27.1,1,0.39,Friday
Route 2 - Airport Link,10,2,0,14.3,0,1,54,36,100,SYNTHETIC,38.4,0,0.36,Wednesday
Route 10 - West Ring,18,0,0,27.9,0,0,47,50,100,SYNTHETIC,26.9,1,0.5,Monday
Route 3 - University Shuttle,15,3,0,24.0,0,0,23,22,100,SYNTHETIC,37.7,0,0.22,Thursday
Route 4 - North Suburbs,15,3,0,20.7,0,0,16,20,100,SYNTHETIC,30.0,0,0.2,Thursday
Route 2 - Airport Link,19,5,1,23.7,0,0,61,42,100,SYNTHETIC,38.4,1,0.42,Saturday
Route 2 - Airport Link,17,1,0,19.1,0,0,30,51,100,SYNTHETIC,38.4,1,0.51,Tuesday
Route 3 - University Shuttle,6,3,0,23.2,0,0,4,12,100,SYNTHETIC,37.7,0,0.12,Thursday
Route 2 - Airport Link,7,5,1,25.8,0,0,11,50,100,SYNTHETIC,38.4,1,0.5,Saturday
Route 8 - Beach/Leisure,16,1,0,22.7,0,0,15,15,100,SYNTHETIC,27.1,0,0.15,Tuesday
Route 6 - Industrial Park,14,5,1,22.3,0,0,7,5,100,SYNTHETIC,45.9,0,0.05,Saturday
Route 4 - North Suburbs,9,5,1,31.1,0,0,31,17,100,SYNTHETIC,30.0,1,0.17,Saturday
Route 6 - Industrial Park,12,3,0,7.2,1,0,34,31,100,SYNTHETIC,45.9,0,0.31,Thursday
Route 7 - Hospital Line,18,6,1,13.6,0,0,43,40,100,SYNTHETIC,37.7,1,0.4,Sunday
Route 2 - Airport Link,19,6,1,20.2,1,0,50,52,100,SYNTHETIC,38.4,1,0.52,Sunday
Route 3 - University Shuttle,15,1,0,14.2,0,0,25,18,100,SYNTHETIC,37.7,0,0.18,Tuesday
Route 9 - East Corridor,12,6,1,16.8,0,1,14,17,100,SYNTHETIC,35.6,0,0.17,Sunday
Route 1 - City Centre Express,10,0,0,30.3,0,0,71,29,100,SYNTHETIC,55.2,0,0.29,Monday
Route 10 - West Ring,14,0,0,18.8,1,0,20,23,100,SYNTHETIC,26.9,0,0.23,Monday
Route 10 - West Ring,10,0,0,5.4,0,0,35,23,100,SYNTHETIC,26.9,0,0.23,Monday
Route 3 - University Shuttle,15,2,0,16.6,0,1,31,34,100,SYNTHETIC,37.7,0,0.34,Wednesday
Route 4 - North Suburbs,17,6,1,20.5,0,0,13,28,100,SYNTHETIC,30.0,1,0.28,Sunday
Route 3 - University Shuttle,7,4,0,20.3,0,0,17,74,100,SYNTHETIC,37.7,1,0.74,Friday
Route 6 - Industrial Park,0,4,0,24.4,0,1,0,3,100,SYNTHETIC,45.9,0,0.03,Friday
Route 3 - University Shuttle,9,0,0,23.8,0,0,88,63,100,SYNTHETIC,37.7,1,0.63,Monday
Route 8 - Beach/Leisure,20,3,0,18.9,0,0,32,10,100,SYNTHETIC,27.1,0,0.1,Thursday
Route 4 - North Suburbs,17,2,0,10.5,0,0,27,51,100,SYNTHETIC,30.0,1,0.51,Wednesday
Route 10 - West Ring,8,3,0,16.5,1,1,65,87,100,SYNTHETIC,26.9,1,0.87,Thursday
Route 9 - East Corridor,20,1,0,15.0,1,0,56,22,100,SYNTHETIC,35.6,0,0.22,Tuesday
Route 5 - South Connector,13,1,0,17.7,1,0,17,21,100,SYNTHETIC,24.6,0,0.21,Tuesday
Route 6 - Industrial Park,13,6,1,25.5,0,0,9,0,100,SYNTHETIC,45.9,0,0.0,Sunday
Route 1 - City Centre Express,20,3,0,23.2,0,0,79,33,100,SYNTHETIC,55.2,0,0.33,Thursday
Route 1 - City Centre Express,7,2,0,26.6,0,1,25,149,100,SYNTHETIC,55.2,1,1.49,Wednesday
Route 6 - Industrial Park,9,0,0,16.9,0,0,107,67,100,SYNTHETIC,45.9,1,0.67,Monday
Route 5 - South Connector,16,5,1,32.1,0,1,11,15,100,SYNTHETIC,24.6,0,0.15,Saturday
Route 4 - North Suburbs,8,3,0,25.4,1,0,52,56,100,SYNTHETIC,30.0,1,0.56,Thursday
Route 1 - City Centre Express,17,2,0,20.9,1,0,46,107,100,SYNTHETIC,55.2,1,1.07,Wednesday
Route 9 - East Corridor,9,4,0,24.8,0,0,56,52,100,SYNTHETIC,35.6,1,0.52,Friday
Route 5 - South Connector,7,0,0,14.6,0,0,4,37,100,SYNTHETIC,24.6,1,0.37,Monday
Route 5 - South Connector,8,3,0,3.1,0,0,33,40,100,SYNTHETIC,24.6,1,0.4,Thursday
Route 5 - South Connector,12,6,1,15.1,1,0,7,6,100,SYNTHETIC,24.6,0,0.06,Sunday
Route 5 - South Connector,8,3,0,26.0,0,0,36,45,100,SYNTHETIC,24.6,1,0.45,Thursday
Route 7 - Hospital Line,8,0,0,20.6,0,0,60,62,100,SYNTHETIC,37.7,1,0.62,Monday
Route 8 - Beach/Leisure,19,1,0,18.9,0,0,48,33,100,SYNTHETIC,27.1,1,0.33,Tuesday
Route 6 - Industrial Park,11,0,0,13.2,1,0,35,37,100,SYNTHETIC,45.9,0,0.37,Monday
Route 2 - Airport Link,11,3,0,4.4,0,0,23,20,100,SYNTHETIC,38.4,0,0.2,Thursday
Route 9 - East Corridor,7,2,0,31.4,0,0,12,47,100,SYNTHETIC,35.6,1,0.47,Wednesday
Route 3 - University Shuttle,11,0,0,18.3,0,0,22,24,100,SYNTHETIC,37.7,0,0.24,Monday
Route 1 - City Centre Express,9,4,0,16.6,0,1,159,104,100,SYNTHETIC,55.2,1,1.04,Friday
Route 1 - City Centre Express,16,1,0,14.6,0,0,34,38,100,SYNTHETIC,55.2,0,0.38,Tuesday
Route 8 - Beach/Leisure,8,2,0,30.0,0,0,26,28,100,SYNTHETIC,27.1,1,0.28,Wednesday
Route 4 - North Suburbs,20,6,1,27.1,0,0,25,11,100,SYNTHETIC,30.0,0,0.11,Sunday
Route 1 - City Centre Express,20,0,0,12.3,0,0,81,29,100,SYNTHETIC,55.2,0,0.29,Monday
Route 9 - East Corridor,7,1,0,29.3,1,0,17,59,100,SYNTHETIC,35.6,1,0.59,Tuesday
Route 4 - North Suburbs,7,2,0,18.8,1,0,12,55,100,SYNTHETIC,30.0,1,0.55,Wednesday
Route 10 - West Ring,7,3,0,15.1,0,0,8,43,100,SYNTHETIC,26.9,1,0.43,Thursday
Route 9 - East Corridor,16,1,0,17.7,1,0,23,32,100,SYNTHETIC,35.6,0,0.32,Tuesday
Route 1 - City Centre Express,8,6,1,13.7,1,0,57,63,100,SYNTHETIC,55.2,1,0.63,Sunday
Route 7 - Hospital Line,19,0,0,9.4,0,0,54,50,100,SYNTHETIC,37.7,1,0.5,Monday
Route 7 - Hospital Line,18,6,1,26.2,0,0,39,48,100,SYNTHETIC,37.7,1,0.48,Sunday
Route 2 - Airport Link,19,3,0,18.2,1,0,56,51,100,SYNTHETIC,38.4,1,0.51,Thursday
Route 4 - North Suburbs,14,0,0,24.9,0,0,22,19,100,SYNTHETIC,30.0,0,0.19,Monday
Route 5 - South Connector,23,0,0,22.3,0,1,10,4,100,SYNTHETIC,24.6,0,0.04,Monday
Route 2 - Airport Link,6,0,0,24.4,0,0,0,12,100,SYNTHETIC,38.4,0,0.12,Monday
Route 8 - Beach/Leisure,12,2,0,3.6,0,1,19,20,100,SYNTHETIC,27.1,0,0.2,Wednesday
Route 3 - University Shuttle,11,2,0,13.1,0,0,27,22,100,SYNTHETIC,37.7,0,0.22,Wednesday
Route 10 - West Ring,21,4,0,24.6,1,0,23,15,100,SYNTHETIC,26.9,0,0.15,Friday
Route 9 - East Corridor,15,2,0,9.8,0,0,21,19,100,SYNTHETIC,35.6,0,0.19,Wednesday
Route 7 - Hospital Line,18,5,1,23.0,1,0,43,48,100,SYNTHETIC,37.7,1,0.48,Saturday
Route 2 - Airport Link,8,2,0,8.9,0,0,53,59,100,SYNTHETIC,38.4,1,0.59,Wednesday
Route 1 - City Centre Express,22,1,0,20.1,1,0,24,17,100,SYNTHETIC,55.2,0,0.17,Tuesday
Route 2 - Airport Link,14,1,0,32.9,1,0,26,29,100,SYNTHETIC,38.4,0,0.29,Tuesday
Route 5 - South Connector,14,2,0,26.2,1,1,28,29,100,SYNTHETIC,24.6,0,0.29,Wednesday
Route 8 - Beach/Leisure,21,5,1,5.2,0,0,20,17,100,SYNTHETIC,27.1,0,0.17,Saturday
Route 2 - Airport Link,12,1,0,26.8,1,0,25,30,100,SYNTHETIC,38.4,0,0.3,Tuesday
Route 8 - Beach/Leisure,12,1,0,34.6,0,0,10,20,100,SYNTHETIC,27.1,0,0.2,Tuesday
Route 1 - City Centre Express,16,6,1,42.0,1,0,20,26,100,SYNTHETIC,55.2,0,0.26,Sunday
Route 3 - University Shuttle,8,4,0,23.8,0,0,68,87,100,SYNTHETIC,37.7,1,0.87,Friday
Route 6 - Industrial Park,11,1,0,9.1,0,0,26,25,100,SYNTHETIC,45.9,0,0.25,Tuesday
Route 9 - East Corridor,8,6,1,23.5,0,0,24,33,100,SYNTHETIC,35.6,1,0.33,Sunday
Route 8 - Beach/Leisure,7,1,0,32.8,0,0,10,17,100,SYNTHETIC,27.1,1,0.17,Tuesday
Route 6 - Industrial Park,19,1,0,18.5,0,1,170,110,100,SYNTHETIC,45.9,1,1.1,Tuesday
Route 1 - City Centre Express,16,3,0,28.3,0,0,36,38,100,SYNTHETIC,55.2,0,0.38,Thursday
Route 3 - University Shuttle,11,4,0,13.3,1,0,27,25,100,SYNTHETIC,37.7,0,0.25,Friday
Route 8 - Beach/Leisure,12,1,0,23.0,0,0,17,12,100,SYNTHETIC,27.1,0,0.12,Tuesday
Route 1 - City Centre Express,13,5,1,0.1,0,0,21,21,100,SYNTHETIC,55.2,0,0.21,Saturday
Route 8 - Beach/Leisure,16,1,0,12.4,0,0,15,20,100,SYNTHETIC,27.1,0,0.2,Tuesday
Route 8 - Beach/Leisure,20,5,1,20.0,0,0,49,27,100,SYNTHETIC,27.1,0,0.27,Saturday
Route 8 - Beach/Leisure,20,0,0,17.1,1,0,42,21,100,SYNTHETIC,27.1,0,0.21,Monday
Route 3 - University Shuttle,12,3,0,9.6,0,0,25,26,100,SYNTHETIC,37.7,0,0.26,Thursday
Route 3 - University Shuttle,11,4,0,16.0,0,0,20,27,100,SYNTHETIC,37.7,0,0.27,Friday
Route 2 - Airport Link,13,1,0,22.6,0,0,31,28,100,SYNTHETIC,38.4,0,0.28,Tuesday
Route 4 - North Suburbs,15,4,0,19.3,0,0,17,20,100,SYNTHETIC,30.0,0,0.2,Friday
Route 6 - Industrial Park,13,4,0,20.5,0,0,30,29,100,SYNTHETIC,45.9,0,0.29,Friday
Route 2 - Airport Link,17,4,0,25.9,0,0,36,58,100,SYNTHETIC,38.4,1,0.58,Friday
Route 6 - Industrial Park,15,2,0,17.3,1,1,47,69,100,SYNTHETIC,45.9,0,0.69,Wednesday
Route 3 - University Shuttle,11,5,1,30.9,0,0,4,8,100,SYNTHETIC,37.7,0,0.08,Saturday
Route 6 - Industrial Park,11,5,1,12.1,0,0,3,5,100,SYNTHETIC,45.9,0,0.05,Saturday
Route 4 - North Suburbs,12,2,0,35.4,0,0,21,23,100,SYNTHETIC,30.0,0,0.23,Wednesday
Route 10 - West Ring,7,5,1,28.9,0,0,0,23,100,SYNTHETIC,26.9,1,0.23,Saturday
Route 4 - North Suburbs,8,6,1,17.2,1,1,38,48,100,SYNTHETIC,30.0,1,0.48,Sunday
Route 9 - East Corridor,17,5,1,17.7,1,0,12,36,100,SYNTHETIC,35.6,1,0.36,Saturday
Route 2 - Airport Link,12,5,1,21.7,1,0,27,28,100,SYNTHETIC,38.4,0,0.28,Saturday
Route 1 - City Centre Express,9,5,1,24.8,1,0,76,43,100,SYNTHETIC,55.2,1,0.43,Saturday
Route 2 - Airport Link,15,5,1,28.8,0,0,23,25,100,SYNTHETIC,38.4,0,0.25,Saturday
Route 5 - South Connector,18,2,0,9.3,0,0,36,43,100,SYNTHETIC,24.6,1,0.43,Wednesday
Route 10 - West Ring,9,5,1,23.5,0,1,36,26,100,SYNTHETIC,26.9,1,0.26,Saturday
Route 2 - Airport Link,19,1,0,3.1,0,0,51,46,100,SYNTHETIC,38.4,1,0.46,Tuesday
Route 8 - Beach/Leisure,20,2,0,18.6,0,0,43,18,100,SYNTHETIC,27.1,0,0.18,Wednesday
Route 7 - Hospital Line,16,6,1,31.6,0,0,17,21,100,SYNTHETIC,37.7,0,0.21,Sunday
Route 4 - North Suburbs,17,1,0,8.7,0,1,39,73,100,SYNTHETIC,30.0,1,0.73,Tuesday
Route 4 - North Suburbs,7,5,1,7.2,0,0,0,22,100,SYNTHETIC,30.0,1,0.22,Saturday
Route 10 - West Ring,21,2,0,21.8,0,0,16,12,100,SYNTHETIC,26.9,0,0.12,Wednesday
Route 8 - Beach/Leisure,12,1,0,31.1,0,0,14,20,100,SYNTHETIC,27.1,0,0.2,Tuesday
Route 3 - University Shuttle,20,0,0,22.6,0,0,61,23,100,SYNTHETIC,37.7,0,0.23,Monday
Route 10 - West Ring,15,3,0,4.8,1,0,19,21,100,SYNTHETIC,26.9,0,0.21,Thursday
Route 5 - South Connector,1,3,0,6.5,0,0,2,0,100,SYNTHETIC,24.6,0,0.0,Thursday
Route 1 - City Centre Express,6,3,0,20.8,0,0,6,15,100,SYNTHETIC,55.2,0,0.15,Thursday
Route 9 - East Corridor,17,0,0,10.6,0,0,22,54,100,SYNTHETIC,35.6,1,0.54,Monday
Route 9 - East Corridor,15,1,0,21.1,0,0,18,23,100,SYNTHETIC,35.6,0,0.23,Tuesday
Route 5 - South Connector,6,0,0,21.6,0,0,2,7,100,SYNTHETIC,24.6,0,0.07,Monday
Route 8 - Beach/Leisure,18,2,0,16.1,0,0,39,50,100,SYNTHETIC,27.1,1,0.5,Wednesday
Route 3 - University Shuttle,19,6,1,34.5,0,0,14,12,100,SYNTHETIC,37.7,1,0.12,Sunday
Route 9 - East Corridor,14,1,0,24.7,0,0,23,21,100,SYNTHETIC,35.6,0,0.21,Tuesday
Route 4 - North Suburbs,13,4,0,29.7,0,0,20,20,100,SYNTHETIC,30.0,0,0.2,Friday
Route 3 - University Shuttle,1,0,0,27.4,1,0,3,2,100,SYNTHETIC,37.7,0,0.02,Monday
Route 6 - Industrial Park,18,3,0,18.8,0,0,94,108,100,SYNTHETIC,45.9,1,1.08,Thursday
Route 3 - University Shuttle,11,6,1,18.4,0,0,5,2,100,SYNTHETIC,37.7,0,0.02,Sunday
Route 7 - Hospital Line,19,2,0,17.6,1,0,73,56,100,SYNTHETIC,37.7,1,0.56,Wednesday
Route 8 - Beach/Leisure,12,1,0,25.4,0,0,8,11,100,SYNTHETIC,27.1,0,0.11,Tuesday
Route 5 - South Connector,15,3,0,14.8,1,0,16,23,100,SYNTHETIC,24.6,0,0.23,Thursday
Route 8 - Beach/Leisure,10,1,0,33.8,1,1,33,22,100,SYNTHETIC,27.1,0,0.22,Tuesday
Route 5 - South Connector,8,6,1,14.0,0,0,18,20,100,SYNTHETIC,24.6,1,0.2,Sunday
Route 10 - West Ring,18,5,1,21.7,0,0,20,20,100,SYNTHETIC,26.9,1,0.2,Saturday
Route 3 - University Shuttle,14,4,0,18.2,0,0,23,24,100,SYNTHETIC,37.7,0,0.24,Friday
Route 8 - Beach/Leisure,15,4,0,16.4,0,0,13,10,100,SYNTHETIC,27.1,0,0.1,Friday
Route 6 - Industrial Park,21,4,0,37.4,0,0,27,20,100,SYNTHETIC,45.9,0,0.2,Friday
Route 10 - West Ring,21,5,1,16.5,1,0,16,6,100,SYNTHETIC,26.9,0,0.06,Saturday
Route 3 - University Shuttle,19,3,0,17.6,0,0,81,62,100,SYNTHETIC,37.7,1,0.62,Thursday
Route 2 - Airport Link,8,6,1,14.7,1,0,47,57,100,SYNTHETIC,38.4,1,0.57,Sunday
Route 9 - East Corridor,16,2,0,20.3,0,0,18,25,100,SYNTHETIC,35.6,0,0.25,Wednesday
Route 10 - West Ring,19,0,0,19.2,0,0,50,36,100,SYNTHETIC,26.9,1,0.36,Monday
Route 8 - Beach/Leisure,12,4,0,11.0,0,0,12,17,100,SYNTHETIC,27.1,0,0.17,Friday
Route 5 - South Connector,7,4,0,16.6,0,0,15,37,100,SYNTHETIC,24.6,1,0.37,Friday
Route 5 - South Connector,18,6,1,24.9,0,0,23,24,100,SYNTHETIC,24.6,1,0.24,Sunday
Route 7 - Hospital Line,14,2,0,28.2,1,0,29,24,100,SYNTHETIC,37.7,0,0.24,Wednesday
Route 8 - Beach/Leisure,15,2,0,20.2,0,0,14,17,100,SYNTHETIC,27.1,0,0.17,Wednesday
Route 3 - University Shuttle,22,3,0,20.5,0,0,19,9,100,SYNTHETIC,37.7,0,0.09,Thursday
Route 1 - City Centre Express,16,2,0,17.1,0,0,25,38,100,SYNTHETIC,55.2,0,0.38,Wednesday
Route 1 - City Centre Express,12,5,1,16.0,1,0,18,20,100,SYNTHETIC,55.2,0,0.2,Saturday
Route 4 - North Suburbs,11,2,0,12.6,1,0,24,25,100,SYNTHETIC,30.0,0,0.25,Wednesday
Route 7 - Hospital Line,12,5,1,7.5,0,0,21,16,100,SYNTHETIC,37.7,0,0.16,Saturday
Route 5 - South Connector,7,2,0,14.4,1,0,6,43,100,SYNTHETIC,24.6,1,0.43,Wednesday
Route 7 - Hospital Line,18,1,0,27.2,0,0,48,62,100,SYNTHETIC,37.7,1,0.62,Tuesday
Route 5 - South Connector,19,6,1,16.6,0,0,23,17,100,SYNTHETIC,24.6,1,0.17,Sunday
Route 3 - University Shuttle,10,3,0,17.2,0,0,64,23,100,SYNTHETIC,37.7,0,0.23,Thursday
Route 8 - Beach/Leisure,10,4,0,17.1,0,0,19,18,100,SYNTHETIC,27.1,0,0.18,Friday
Route 8 - Beach/Leisure,19,4,0,30.0,1,0,48,41,100,SYNTHETIC,27.1,1,0.41,Friday
Route 10 - West Ring,6,2,0,12.6,0,0,0,10,100,SYNTHETIC,26.9,0,0.1,Wednesday
Route 9 - East Corridor,14,6,1,22.2,0,0,10,15,100,SYNTHETIC,35.6,0,0.15,Sunday
Route 4 - North Suburbs,13,2,0,19.5,1,0,24,18,100,SYNTHETIC,30.0,0,0.18,Wednesday
Route 8 - Beach/Leisure,17,6,1,20.5,0,0,26,57,100,SYNTHETIC,27.1,1,0.57,Sunday
Route 4 - North Suburbs,8,3,0,22.0,0,0,41,57,100,SYNTHETIC,30.0,1,0.57,Thursday
Route 9 - East Corridor,17,0,0,20.5,1,0,33,77,100,SYNTHETIC,35.6,1,0.77,Monday
Route 7 - Hospital Line,12,0,0,26.3,0,0,27,30,100,SYNTHETIC,37.7,0,0.3,Monday
Route 9 - East Corridor,16,6,1,19.8,1,0,10,10,100,SYNTHETIC,35.6,0,0.1,Sunday
Route 3 - University Shuttle,6,3,0,34.0,0,0,3,10,100,SYNTHETIC,37.7,0,0.1,Thursday
Route 1 - City Centre Express,13,2,0,20.4,0,0,34,28,100,SYNTHETIC,55.2,0,0.28,Wednesday
Route 2 - Airport Link,14,5,1,6.4,0,0,22,21,100,SYNTHETIC,38.4,0,0.21,Saturday
Route 6 - Industrial Park,9,4,0,25.1,0,0,104,76,100,SYNTHETIC,45.9,1,0.76,Friday
Route 10 - West Ring,8,4,0,23.1,1,0,50,62,100,SYNTHETIC,26.9,1,0.62,Friday
Route 7 - Hospital Line,8,4,0,20.3,0,0,63,69,100,SYNTHETIC,37.7,1,0.69,Friday
Route 9 - East Corridor,11,1,0,17.9,1,0,26,23,100,SYNTHETIC,35.6,0,0.23,Tuesday
Route 5 - South Connector,7,0,0,3.1,0,0,8,36,100,SYNTHETIC,24.6,1,0.36,Monday
Route 10 - West Ring,21,5,1,4.4,1,1,24,12,100,SYNTHETIC,26.9,0,0.12,Saturday
Route 10 - West Ring,12,0,0,33.2,1,0,25,29,100,SYNTHETIC,26.9,0,0.29,Monday
Route 3 - University Shuttle,18,5,1,15.3,1,0,14,14,100,SYNTHETIC,37.7,1,0.14,Saturday
Route 9 - East Corridor,22,0,0,27.7,1,0,17,13,100,SYNTHETIC,35.6,0,0.13,Monday
Route 1 - City Centre Express,7,1,0,7.2,1,0,11,96,100,SYNTHETIC,55.2,1,0.96,Tuesday
Route 6 - Industrial Park,17,4,0,11.6,1,0,40,104,100,SYNTHETIC,45.9,1,1.04,Friday
Route 5 - South Connector,19,4,0,25.4,0,0,49,34,100,SYNTHETIC,24.6,1,0.34,Friday
Route 4 - North Suburbs,16,5,1,19.2,0,1,24,24,100,SYNTHETIC,30.0,0,0.24,Saturday
Route 10 - West Ring,13,4,0,24.3,0,0,20,20,100,SYNTHETIC,26.9,0,0.2,Friday
Route 7 - Hospital Line,13,0,0,19.9,0,0,28,23,100,SYNTHETIC,37.7,0,0.23,Monday
Route 2 - Airport Link,6,5,1,18.3,0,0,5,13,100,SYNTHETIC,38.4,0,0.13,Saturday
Route 2 - Airport Link,15,1,0,14.6,0,0,30,30,100,SYNTHETIC,38.4,0,0.3,Tuesday
Route 2 - Airport Link,23,0,0,10.4,0,0,6,4,100,SYNTHETIC,38.4,0,0.04,Monday
Route 4 - North Suburbs,21,6,1,31.2,0,0,18,1,100,SYNTHETIC,30.0,0,0.01,Sunday
Route 1 - City Centre Express,6,1,0,32.5,0,0,3,16,100,SYNTHETIC,55.2,0,0.16,Tuesday
Route 3 - University Shuttle,17,3,0,11.7,1,0,28,82,100,SYNTHETIC,37.7,1,0.82,Thursday
Route 8 - Beach/Leisure,10,3,0,11.2,0,0,18,13,100,SYNTHETIC,27.1,0,0.13,Thursday
Route 9 - East Corridor,20,5,1,17.2,0,0,23,10,100,SYNTHETIC,35.6,0,0.1,Saturday
Route 8 - Beach/Leisure,6,0,0,22.7,0,1,4,15,100,SYNTHETIC,27.1,0,0.15,Monday
Route 5 - South Connector,20,0,0,18.5,0,0,28,11,100,SYNTHETIC,24.6,0,0.11,Monday
Route 7 - Hospital Line,19,2,0,24.0,0,1,95,76,100,SYNTHETIC,37.7,1,0.76,Wednesday
Route 10 - West Ring,7,3,0,19.6,0,0,12,44,100,SYNTHETIC,26.9,1,0.44,Thursday
Route 1 - City Centre Express,7,5,1,19.1,1,1,21,105,100,SYNTHETIC,55.2,1,1.05,Saturday
Route 10 - West Ring,19,4,0,39.3,1,0,53,40,100,SYNTHETIC,26.9,1,0.4,Friday
Route 8 - Beach/Leisure,8,1,0,15.8,0,0,27,28,100,SYNTHETIC,27.1,1,0.28,Tuesday
Route 4 - North Suburbs,15,6,1,33.1,1,0,8,12,100,SYNTHETIC,30.0,0,0.12,Sunday
Route 5 - South Connector,20,3,0,31.6,0,0,34,18,100,SYNTHETIC,24.6,0,0.18,Thursday
Route 5 - South Connector,15,6,1,24.0,1,0,3,16,100,SYNTHETIC,24.6,0,0.16,Sunday
Route 2 - Airport Link,12,6,1,4.6,0,0,23,22,100,SYNTHETIC,38.4,0,0.22,Sunday
Route 3 - University Shuttle,13,0,0,20.2,0,0,27,22,100,SYNTHETIC,37.7,0,0.22,Monday
Route 3 - University Shuttle,7,3,0,15.9,0,0,13,79,100,SYNTHETIC,37.7,1,0.79,Thursday
Route 1 - City Centre Express,21,2,0,20.2,0,0,28,23,100,SYNTHETIC,55.2,0,0.23,Wednesday
Route 6 - Industrial Park,10,3,0,11.5,0,0,65,26,100,SYNTHETIC,45.9,0,0.26,Thursday
Route 5 - South Connector,8,2,0,26.1,0,0,37,44,100,SYNTHETIC,24.6,1,0.44,Wednesday
Route 4 - North Suburbs,10,3,0,27.9,0,0,39,22,100,SYNTHETIC,30.0,0,0.22,Thursday
Route 2 - Airport Link,21,3,0,29.4,0,0,29,19,100,SYNTHETIC,38.4,0,0.19,Thursday
Route 10 - West Ring,7,1,0,16.9,1,0,10,44,100,SYNTHETIC,26.9,1,0.44,Tuesday
Route 7 - Hospital Line,19,2,0,11.5,0,0,62,50,100,SYNTHETIC,37.7,1,0.5,Wednesday
Route 5 - South Connector,17,1,0,22.8,0,0,21,40,100,SYNTHETIC,24.6,1,0.4,Tuesday
Route 8 - Beach/Leisure,19,5,1,34.0,0,0,72,54,100,SYNTHETIC,27.1,1,0.54,Saturday
Route 4 - North Suburbs,22,4,0,20.6,0,0,17,6,100,SYNTHETIC,30.0,0,0.06,Friday
Route 3 - University Shuttle,19,2,0,23.6,0,1,116,84,100,SYNTHETIC,37.7,1,0.84,Wednesday
Route 7 - Hospital Line,21,2,0,18.1,0,1,48,27,100,SYNTHETIC,37.7,0,0.27,Wednesday
Route 8 - Beach/Leisure,8,0,0,16.0,0,0,21,29,100,SYNTHETIC,27.1,1,0.29,Monday
Route 7 - Hospital Line,18,2,0,25.3,0,0,65,71,100,SYNTHETIC,37.7,1,0.71,Wednesday
Route 6 - Industrial Park,15,6,1,19.2,0,0,1,1,100,SYNTHETIC,45.9,0,0.01,Sunday
Route 1 - City Centre Express,15,0,0,23.2,1,0,36,36,100,SYNTHETIC,55.2,0,0.36,Monday
Route 7 - Hospital Line,20,1,0,24.1,0,0,54,24,100,SYNTHETIC,37.7,0,0.24,Tuesday
Route 7 - Hospital Line,21,5,1,22.8,1,0,16,12,100,SYNTHETIC,37.7,0,0.12,Saturday
Route 5 - South Connector,17,3,0,24.5,0,0,22,34,100,SYNTHETIC,24.6,1,0.34,Thursday
Route 3 - University Shuttle,14,0,0,13.2,0,0,29,18,100,SYNTHETIC,37.7,0,0.18,Monday
Route 10 - West Ring,13,3,0,12.7,0,0,18,19,100,SYNTHETIC,26.9,0,0.19,Thursday
Route 4 - North Suburbs,12,5,1,19.7,1,0,13,11,100,SYNTHETIC,30.0,0,0.11,Saturday
Route 3 - University Shuttle,11,2,0,19.9,1,0,25,24,100,SYNTHETIC,37.7,0,0.24,Wednesday
Route 8 - Beach/Leisure,12,2,0,15.8,1,0,16,22,100,SYNTHETIC,27.1,0,0.22,Wednesday
Route 5 - South Connector,7,4,0,21.9,0,0,4,47,100,SYNTHETIC,24.6,1,0.47,Friday
Route 6 - Industrial Park,7,4,0,27.3,0,0,17,83,100,SYNTHETIC,45.9,1,0.83,Friday
Route 7 - Hospital Line,18,6,1,29.5,0,0,41,37,100,SYNTHETIC,37.7,1,0.37,Sunday
Route 4 - North Suburbs,13,1,0,31.3,0,0,25,22,100,SYNTHETIC,30.0,0,0.22,Tuesday
Route 2 - Airport Link,20,1,0,9.5,0,0,46,20,100,SYNTHETIC,38.4,0,0.2,Tuesday
Route 2 - Airport Link,16,1,0,10.7,0,0,26,28,100,SYNTHETIC,38.4,0,0.28,Tuesday
Route 10 - West Ring,6,4,0,17.7,1,0,4,12,100,SYNTHETIC,26.9,0,0.12,Friday
Route 6 - Industrial Park,8,3,0,20.6,0,0,76,86,100,SYNTHETIC,45.9,1,0.86,Thursday
Route 5 - South Connector,8,2,0,18.1,0,1,66,65,100,SYNTHETIC,24.6,1,0.65,Wednesday
Route 4 - North Suburbs,22,4,0,15.6,0,0,13,2,100,SYNTHETIC,30.0,0,0.02,Friday
Route 8 - Beach/Leisure,9,2,0,17.6,1,0,29,21,100,SYNTHETIC,27.1,1,0.21,Wednesday
Route 10 - West Ring,14,1,0,23.9,1,0,25,23,100,SYNTHETIC,26.9,0,0.23,Tuesday
Route 8 - Beach/Leisure,20,3,0,9.4,0,0,35,13,100,SYNTHETIC,27.1,0,0.13,Thursday
Route 6 - Industrial Park,22,3,0,38.7,0,0,18,9,100,SYNTHETIC,45.9,0,0.09,Thursday
Route 5 - South Connector,9,2,0,20.2,0,0,47,29,100,SYNTHETIC,24.6,1,0.29,Wednesday
Route 9 - East Corridor,7,3,0,28.4,0,1,19,79,100,SYNTHETIC,35.6,1,0.79,Thursday
Route 9 - East Corridor,8,6,1,15.4,0,1,42,46,100,SYNTHETIC,35.6,1,0.46,Sunday
Route 4 - North Suburbs,7,1,0,24.6,1,0,14,60,100,SYNTHETIC,30.0,1,0.6,Tuesday
Route 10 - West Ring,8,1,0,20.8,0,1,57,66,100,SYNTHETIC,26.9,1,0.66,Tuesday
Route 9 - East Corridor,15,3,0,26.9,1,0,23,24,100,SYNTHETIC,35.6,0,0.24,Thursday
Route 9 - East Corridor,20,0,0,18.4,0,0,55,24,100,SYNTHETIC,35.6,0,0.24,Monday
Route 1 - City Centre Express,15,1,0,32.4,0,0,31,35,100,SYNTHETIC,55.2,0,0.35,Tuesday
Route 2 - Airport Link,16,3,0,8.1,0,0,19,34,100,SYNTHETIC,38.4,0,0.34,Thursday
Route 3 - University Shuttle,8,3,0,27.6,0,0,73,86,100,SYNTHETIC,37.7,1,0.86,Thursday
Route 8 - Beach/Leisure,18,4,0,20.9,0,1,56,63,100,SYNTHETIC,27.1,1,0.63,Friday
Route 1 - City Centre Express,16,0,0,11.9,0,0,36,44,100,SYNTHETIC,55.2,0,0.44,Monday
Route 1 - City Centre Express,19,5,1,35.6,0,0,55,42,100,SYNTHETIC,55.2,1,0.42,Saturday
Route 1 - City Centre Express,21,3,0,34.8,0,0,35,19,100,SYNTHETIC,55.2,0,0.19,Thursday
Route 2 - Airport Link,11,1,0,3.4,0,0,20,30,100,SYNTHETIC,38.4,0,0.3,Tuesday
Route 10 - West Ring,7,2,0,21.4,0,0,11,45,100,SYNTHETIC,26.9,1,0.45,Wednesday
Route 8 - Beach/Leisure,9,1,0,25.6,1,1,45,33,100,SYNTHETIC,27.1,1,0.33,Tuesday
Route 8 - Beach/Leisure,13,3,0,23.5,0,0,24,17,100,SYNTHETIC,27.1,0,0.17,Thursday
Route 3 - University Shuttle,21,3,0,32.1,0,0,27,15,100,SYNTHETIC,37.7,0,0.15,Thursday
Route 7 - Hospital Line,12,3,0,30.5,1,0,30,25,100,SYNTHETIC,37.7,0,0.25,Thursday
Route 8 - Beach/Leisure,18,3,0,22.1,0,1,77,69,100,SYNTHETIC,27.1,1,0.69,Thursday
Route 6 - Industrial Park,15,6,1,38.2,0,0,5,4,100,SYNTHETIC,45.9,0,0.04,Sunday
Route 9 - East Corridor,8,6,1,27.5,1,0,31,34,100,SYNTHETIC,35.6,1,0.34,Sunday
Route 6 - Industrial Park,11,3,0,17.2,1,0,29,29,100,SYNTHETIC,45.9,0,0.29,Thursday
Route 4 - North Suburbs,17,6,1,15.6,0,0,14,26,100,SYNTHETIC,30.0,1,0.26,Sunday
Route 7 - Hospital Line,17,5,1,29.9,0,0,13,35,100,SYNTHETIC,37.7,1,0.35,Saturday
Route 10 - West Ring,13,5,1,13.7,0,0,10,9,100,SYNTHETIC,26.9,0,0.09,Saturday
Route 9 - East Corridor,9,1,0,16.7,1,0,76,50,100,SYNTHETIC,35.6,1,0.5,Tuesday
Route 5 - South Connector,17,3,0,18.1,1,1,36,64,100,SYNTHETIC,24.6,1,0.64,Thursday
Route 6 - Industrial Park,8,2,0,22.8,1,0,79,114,100,SYNTHETIC,45.9,1,1.14,Wednesday
Route 10 - West Ring,20,0,0,18.5,0,0,37,21,100,SYNTHETIC,26.9,0,0.21,Monday
Route 8 - Beach/Leisure,8,0,0,9.5,1,0,20,27,100,SYNTHETIC,27.1,1,0.27,Monday
Route 6 - Industrial Park,7,4,0,29.3,1,0,21,99,100,SYNTHETIC,45.9,1,0.99,Friday
Route 3 - University Shuttle,14,2,0,16.8,1,0,25,23,100,SYNTHETIC,37.7,0,0.23,Wednesday
Route 10 - West Ring,14,5,1,36.2,0,0,3,14,100,SYNTHETIC,26.9,0,0.14,Saturday
Route 10 - West Ring,14,4,0,22.4,0,0,19,16,100,SYNTHETIC,26.9,0,0.16,Friday
Route 1 - City Centre Express,13,0,0,30.1,0,0,38,27,100,SYNTHETIC,55.2,0,0.27,Monday
Route 1 - City Centre Express,23,5,1,25.0,0,0,7,6,100,SYNTHETIC,55.2,0,0.06,Saturday
Route 2 - Airport Link,14,3,0,30.5,0,0,24,25,100,SYNTHETIC,38.4,0,0.25,Thursday
Route 4 - North Suburbs,13,3,0,24.6,0,0,21,24,100,SYNTHETIC,30.0,0,0.24,Thursday
Route 2 - Airport Link,12,6,1,21.9,0,0,23,27,100,SYNTHETIC,38.4,0,0.27,Sunday
Route 9 - East Corridor,7,4,0,28.7,0,0,10,70,100,SYNTHETIC,35.6,1,0.7,Friday
Route 10 - West Ring,16,0,0,39.9,1,0,16,24,100,SYNTHETIC,26.9,0,0.24,Monday
Route 2 - Airport Link,9,1,0,17.8,0,0,62,48,100,SYNTHETIC,38.4,1,0.48,Tuesday
Route 9 - East Corridor,16,2,0,26.4,0,0,19,27,100,SYNTHETIC,35.6,0,0.27,Wednesday
Route 2 - Airport Link,7,0,0,20.0,0,0,16,56,100,SYNTHETIC,38.4,1,0.56,Monday
Route 8 - Beach/Leisure,22,1,0,24.0,1,0,14,8,100,SYNTHETIC,27.1,0,0.08,Tuesday
Route 4 - North Suburbs,13,5,1,20.3,0,0,8,13,100,SYNTHETIC,30.0,0,0.13,Saturday
Route 1 - City Centre Express,20,0,0,2.7,0,0,69,34,100,SYNTHETIC,55.2,0,0.34,Monday
Route 5 - South Connector,13,1,0,18.4,1,0,20,10,100,SYNTHETIC,24.6,0,0.1,Tuesday
Route 9 - East Corridor,7,3,0,28.0,1,0,12,62,100,SYNTHETIC,35.6,1,0.62,Thursday
Route 10 - West Ring,19,0,0,13.9,0,0,48,35,100,SYNTHETIC,26.9,1,0.35,Monday
Route 2 - Airport Link,17,1,0,27.4,0,0,35,53,100,SYNTHETIC,38.4,1,0.53,Tuesday
Route 9 - East Corridor,18,6,1,21.5,0,0,32,31,100,SYNTHETIC,35.6,1,0.31,Sunday
Route 3 - University Shuttle,13,4,0,18.5,0,0,30,27,100,SYNTHETIC,37.7,0,0.27,Friday
Route 5 - South Connector,16,6,1,27.2,0,0,10,13,100,SYNTHETIC,24.6,0,0.13,Sunday
Route 2 - Airport Link,19,2,0,25.4,0,0,50,44,100,SYNTHETIC,38.4,1,0.44,Wednesday
Route 10 - West Ring,16,4,0,23.4,0,0,14,19,100,SYNTHETIC,26.9,0,0.19,Friday
Route 8 - Beach/Leisure,11,1,0,28.1,1,0,20,21,100,SYNTHETIC,27.1,0,0.21,Tuesday
Route 7 - Hospital Line,17,2,0,21.6,1,0,36,62,100,SYNTHETIC,37.7,1,0.62,Wednesday
Route 8 - Beach/Leisure,17,1,0,6.8,0,0,19,40,100,SYNTHETIC,27.1,1,0.4,Tuesday
Route 9 - East Corridor,21,5,1,17.0,1,0,14,15,100,SYNTHETIC,35.6,0,0.15,Saturday
Route 2 - Airport Link,12,1,0,5.6,1,1,43,43,100,SYNTHETIC,38.4,0,0.43,Tuesday
Route 3 - University Shuttle,12,1,0,25.3,0,0,25,25,100,SYNTHETIC,37.7,0,0.25,Tuesday
Route 1 - City Centre Express,18,3,0,27.2,0,0,89,100,100,SYNTHETIC,55.2,1,1.0,Thursday
Route 5 - South Connector,14,3,0,27.5,1,0,23,13,100,SYNTHETIC,24.6,0,0.13,Thursday
Route 5 - South Connector,18,2,0,23.9,0,0,38,35,100,SYNTHETIC,24.6,1,0.35,Wednesday
Route 1 - City Centre Express,13,2,0,27.7,0,0,32,31,100,SYNTHETIC,55.2,0,0.31,Wednesday
Route 7 - Hospital Line,9,2,0,7.4,0,0,53,43,100,SYNTHETIC,37.7,1,0.43,Wednesday
Route 1 - City Centre Express,18,6,1,19.1,0,0,55,60,100,SYNTHETIC,55.2,1,0.6,Sunday
Route 8 - Beach/Leisure,8,4,0,8.7,1,0,28,26,100,SYNTHETIC,27.1,1,0.26,Friday
Route 8 - Beach/Leisure,8,6,1,17.1,1,0,36,47,100,SYNTHETIC,27.1,1,0.47,Sunday
Route 9 - East Corridor,16,6,1,32.9,0,0,7,7,100,SYNTHETIC,35.6,0,0.07,Sunday
Route 2 - Airport Link,18,4,0,28.7,0,0,56,57,100,SYNTHETIC,38.4,1,0.57,Friday
Route 9 - East Corridor,20,5,1,25.3,0,0,24,12,100,SYNTHETIC,35.6,0,0.12,Saturday
Route 6 - Industrial Park,10,0,0,18.5,0,0,80,28,100,SYNTHETIC,45.9,0,0.28,Monday
Route 9 - East Corridor,7,6,1,12.1,0,1,12,42,100,SYNTHETIC,35.6,1,0.42,Sunday
Route 7 - Hospital Line,21,3,0,21.5,0,0,21,15,100,SYNTHETIC,37.7,0,0.15,Thursday
Route 7 - Hospital Line,8,4,0,28.9,1,0,60,71,100,SYNTHETIC,37.7,1,0.71,Friday
Route 1 - City Centre Express,8,1,0,23.3,1,1,135,193,100,SYNTHETIC,55.2,1,1.93,Tuesday
Route 7 - Hospital Line,10,0,0,7.3,0,0,40,20,100,SYNTHETIC,37.7,0,0.2,Monday
Route 5 - South Connector,15,6,1,20.8,0,0,9,13,100,SYNTHETIC,24.6,0,0.13,Sunday
Route 9 - East Corridor,19,3,0,4.7,0,0,66,55,100,SYNTHETIC,35.6,1,0.55,Thursday
Route 7 - Hospital Line,18,0,0,26.4,1,0,64,57,100,SYNTHETIC,37.7,1,0.57,Monday
Route 1 - City Centre Express,17,4,0,14.5,0,0,38,91,100,SYNTHETIC,55.2,1,0.91,Friday
Route 9 - East Corridor,8,0,0,10.2,1,0,48,65,100,SYNTHETIC,35.6,1,0.65,Monday
Route 1 - City Centre Express,11,3,0,26.5,0,1,42,41,100,SYNTHETIC,55.2,0,0.41,Thursday
Route 3 - University Shuttle,13,4,0,24.5,1,0,30,29,100,SYNTHETIC,37.7,0,0.29,Friday
Route 3 - University Shuttle,8,5,1,21.9,0,0,11,19,100,SYNTHETIC,37.7,1,0.19,Saturday
Route 10 - West Ring,10,3,0,37.5,1,0,42,19,100,SYNTHETIC,26.9,0,0.19,Thursday
Route 2 - Airport Link,10,2,0,25.1,1,0,45,24,100,SYNTHETIC,38.4,0,0.24,Wednesday
Route 9 - East Corridor,8,5,1,14.8,0,1,43,51,100,SYNTHETIC,35.6,1,0.51,Saturday
Route 3 - University Shuttle,15,1,0,24.2,0,0,21,20,100,SYNTHETIC,37.7,0,0.2,Tuesday
Route 7 - Hospital Line,17,0,0,17.7,0,0,27,60,100,SYNTHETIC,37.7,1,0.6,Monday
Route 1 - City Centre Express,7,1,0,30.1,0,0,17,81,100,SYNTHETIC,55.2,1,0.81,Tuesday
Route 4 - North Suburbs,14,5,1,22.2,0,0,9,13,100,SYNTHETIC,30.0,0,0.13,Saturday
Route 7 - Hospital Line,18,3,0,23.0,0,0,55,61,100,SYNTHETIC,37.7,1,0.61,Thursday
Route 8 - Beach/Leisure,18,0,0,8.5,0,0,31,44,100,SYNTHETIC,27.1,1,0.44,Monday
Route 9 - East Corridor,18,1,0,20.5,0,0,69,66,100,SYNTHETIC,35.6,1,0.66,Tuesday
Route 9 - East Corridor,13,0,0,19.5,0,0,25,22,100,SYNTHETIC,35.6,0,0.22,Monday
Route 6 - Industrial Park,19,5,1,11.8,0,1,24,17,100,SYNTHETIC,45.9,1,0.17,Saturday
Route 4 - North Suburbs,9,3,0,18.2,0,0,62,42,100,SYNTHETIC,30.0,1,0.42,Thursday
Route 3 - University Shuttle,11,0,0,23.5,1,0,27,24,100,SYNTHETIC,37.7,0,0.24,Monday
Route 10 - West Ring,8,1,0,20.0,0,0,41,53,100,SYNTHETIC,26.9,1,0.53,Tuesday
Route 7 - Hospital Line,13,4,0,8.7,0,0,22,27,100,SYNTHETIC,37.7,0,0.27,Friday
Route 10 - West Ring,12,4,0,17.8,0,0,21,22,100,SYNTHETIC,26.9,0,0.22,Friday
Route 5 - South Connector,9,5,1,16.3,0,0,25,16,100,SYNTHETIC,24.6,1,0.16,Saturday
Route 5 - South Connector,18,0,0,21.5,1,0,42,47,100,SYNTHETIC,24.6,1,0.47,Monday
Route 9 - East Corridor,10,0,0,20.7,1,0,56,22,100,SYNTHETIC,35.6,0,0.22,Monday
Route 8 - Beach/Leisure,10,0,0,16.7,0,0,20,13,100,SYNTHETIC,27.1,0,0.13,Monday
Route 3 - University Shuttle,8,2,0,16.4,0,0,78,76,100,SYNTHETIC,37.7,1,0.76,Wednesday
Route 6 - Industrial Park,13,5,1,20.5,0,0,2,9,100,SYNTHETIC,45.9,0,0.09,Saturday
Route 3 - University Shuttle,10,4,0,27.7,0,0,66,27,100,SYNTHETIC,37.7,0,0.27,Friday
Route 8 - Beach/Leisure,11,1,0,22.2,0,0,14,13,100,SYNTHETIC,27.1,0,0.13,Tuesday
Route 1 - City Centre Express,9,4,0,31.4,0,0,113,77,100,SYNTHETIC,55.2,1,0.77,Friday
Route 9 - East Corridor,18,4,0,29.1,0,0,66,72,100,SYNTHETIC,35.6,1,0.72,Friday
Route 10 - West Ring,20,1,0,32.0,1,0,44,18,100,SYNTHETIC,26.9,0,0.18,Tuesday
Route 1 - City Centre Express,14,5,1,30.9,0,1,29,20,100,SYNTHETIC,55.2,0,0.2,Saturday
Route 7 - Hospital Line,16,2,0,32.5,0,0,27,35,100,SYNTHETIC,37.7,0,0.35,Wednesday
Route 1 - City Centre Express,19,0,0,10.8,0,0,106,76,100,SYNTHETIC,55.2,1,0.76,Monday
Route 4 - North Suburbs,23,2,0,25.2,0,0,9,2,100,SYNTHETIC,30.0,0,0.02,Wednesday
Route 4 - North Suburbs,16,5,1,29.7,0,0,11,13,100,SYNTHETIC,30.0,0,0.13,Saturday
Route 6 - Industrial Park,20,4,0,31.2,0,0,79,28,100,SYNTHETIC,45.9,0,0.28,Friday
Route 10 - West Ring,20,1,0,13.8,0,0,35,28,100,SYNTHETIC,26.9,0,0.28,Tuesday
Route 5 - South Connector,18,5,1,25.3,0,0,26,21,100,SYNTHETIC,24.6,1,0.21,Saturday
Route 4 - North Suburbs,13,2,0,20.6,1,0,20,24,100,SYNTHETIC,30.0,0,0.24,Wednesday
Route 1 - City Centre Express,7,3,0,34.8,0,0,16,96,100,SYNTHETIC,55.2,1,0.96,Thursday
Route 9 - East Corridor,5,0,0,8.9,0,0,0,7,100,SYNTHETIC,35.6,0,0.07,Monday
Route 4 - North Suburbs,13,6,1,13.8,0,0,9,14,100,SYNTHETIC,30.0,0,0.14,Sunday
Route 5 - South Connector,14,5,1,5.5,0,0,10,7,100,SYNTHETIC,24.6,0,0.07,Saturday
Route 1 - City Centre Express,12,1,0,21.2,0,0,29,35,100,SYNTHETIC,55.2,0,0.35,Tuesday
Route 3 - University Shuttle,15,3,0,38.1,0,0,27,16,100,SYNTHETIC,37.7,0,0.16,Thursday
Route 6 - Industrial Park,15,5,1,19.6,0,0,0,4,100,SYNTHETIC,45.9,0,0.04,Saturday
Route 10 - West Ring,19,3,0,20.8,1,0,48,42,100,SYNTHETIC,26.9,1,0.42,Thursday
Route 4 - North Suburbs,7,1,0,24.4,0,0,7,54,100,SYNTHETIC,30.0,1,0.54,Tuesday
Route 6 - Industrial Park,9,6,1,19.1,0,0,15,16,100,SYNTHETIC,45.9,1,0.16,Sunday
Route 9 - East Corridor,18,1,0,22.9,0,0,67,69,100,SYNTHETIC,35.6,1,0.69,Tuesday
Route 4 - North Suburbs,19,2,0,23.1,0,0,59,49,100,SYNTHETIC,30.0,1,0.49,Wednesday
Route 3 - University Shuttle,23,2,0,13.2,0,0,12,4,100,SYNTHETIC,37.7,0,0.04,Wednesday
Route 1 - City Centre Express,19,6,1,19.2,0,0,54,53,100,SYNTHETIC,55.2,1,0.53,Sunday
Route 10 - West Ring,20,3,0,25.9,1,0,44,21,100,SYNTHETIC,26.9,0,0.21,Thursday
Route 2 - Airport Link,10,5,1,27.4,1,0,42,28,100,SYNTHETIC,38.4,0,0.28,Saturday
Route 3 - University Shuttle,12,6,1,30.4,0,0,5,7,100,SYNTHETIC,37.7,0,0.07,Sunday
Route 2 - Airport Link,9,6,1,22.7,0,0,63,41,100,SYNTHETIC,38.4,1,0.41,Sunday
Route 8 - Beach/Leisure,16,5,1,22.8,0,0,17,23,100,SYNTHETIC,27.1,0,0.23,Saturday
Route 4 - North Suburbs,21,6,1,26.0,0,0,16,10,100,SYNTHETIC,30.0,0,0.1,Sunday
Route 8 - Beach/Leisure,11,6,1,15.2,1,0,22,25,100,SYNTHETIC,27.1,0,0.25,Sunday
Route 7 - Hospital Line,15,6,1,14.9,0,0,11,19,100,SYNTHETIC,37.7,0,0.19,Sunday
Route 1 - City Centre Express,10,4,0,19.0,0,0,67,31,100,SYNTHETIC,55.2,0,0.31,Friday
Route 4 - North Suburbs,8,0,0,9.8,0,0,49,60,100,SYNTHETIC,30.0,1,0.6,Monday
Route 1 - City Centre Express,8,0,0,23.3,0,0,82,118,100,SYNTHETIC,55.2,1,1.18,Monday
Route 1 - City Centre Express,7,5,1,28.4,0,1,8,75,100,SYNTHETIC,55.2,1,0.75,Saturday
Route 5 - South Connector,21,2,0,14.3,0,0,18,13,100,SYNTHETIC,24.6,0,0.13,Wednesday
Route 3 - University Shuttle,12,5,1,23.5,0,0,3,3,100,SYNTHETIC,37.7,0,0.03,Saturday
Route 1 - City Centre Express,19,6,1,15.0,0,0,62,49,100,SYNTHETIC,55.2,1,0.49,Sunday
Route 5 - South Connector,17,4,0,11.9,0,0,19,40,100,SYNTHETIC,24.6,1,0.4,Friday
Route 5 - South Connector,8,5,1,36.4,0,0,27,22,100,SYNTHETIC,24.6,1,0.22,Saturday
Route 10 - West Ring,8,1,0,12.0,0,0,44,50,100,SYNTHETIC,26.9,1,0.5,Tuesday
Route 7 - Hospital Line,18,3,0,9.8,0,0,59,57,100,SYNTHETIC,37.7,1,0.57,Thursday
Route 4 - North Suburbs,9,6,1,21.7,0,0,32,20,100,SYNTHETIC,30.0,1,0.2,Sunday
Route 5 - South Connector,20,5,1,22.1,0,0,13,11,100,SYNTHETIC,24.6,0,0.11,Saturday
Route 1 - City Centre Express,8,1,0,25.3,0,0,84,106,100,SYNTHETIC,55.2,1,1.06,Tuesday
Route 4 - North Suburbs,17,6,1,36.0,0,0,18,20,100,SYNTHETIC,30.0,1,0.2,Sunday
Route 6 - Industrial Park,18,3,0,13.8,1,1,141,159,100,SYNTHETIC,45.9,1,1.59,Thursday
Route 1 - City Centre Express,9,5,1,15.4,1,0,67,46,100,SYNTHETIC,55.2,1,0.46,Saturday
Route 10 - West Ring,10,3,0,32.9,0,1,50,24,100,SYNTHETIC,26.9,0,0.24,Thursday
Route 6 - Industrial Park,21,4,0,27.5,0,0,34,16,100,SYNTHETIC,45.9,0,0.16,Friday
Route 8 - Beach/Leisure,9,1,0,26.4,0,0,26,19,100,SYNTHETIC,27.1,1,0.19,Tuesday
Route 3 - University Shuttle,13,2,0,15.3,0,0,22,22,100,SYNTHETIC,37.7,0,0.22,Wednesday
Route 9 - East Corridor,13,5,1,29.0,0,0,20,15,100,SYNTHETIC,35.6,0,0.15,Saturday
Route 4 - North Suburbs,9,5,1,26.4,0,0,25,15,100,SYNTHETIC,30.0,1,0.15,Saturday
Route 10 - West Ring,18,0,0,21.5,1,0,50,48,100,SYNTHETIC,26.9,1,0.48,Monday
Route 6 - Industrial Park,18,0,0,15.3,1,0,89,92,100,SYNTHETIC,45.9,1,0.92,Monday
Route 7 - Hospital Line,12,4,0,20.9,0,0,23,28,100,SYNTHETIC,37.7,0,0.28,Friday
Route 3 - University Shuttle,19,3,0,33.2,1,1,114,114,100,SYNTHETIC,37.7,1,1.14,Thursday
Route 10 - West Ring,9,5,1,11.2,0,0,23,19,100,SYNTHETIC,26.9,1,0.19,Saturday
Route 2 - Airport Link,0,0,0,13.6,0,0,5,0,100,SYNTHETIC,38.4,0,0.0,Monday
Route 1 - City Centre Express,15,2,0,15.0,0,0,24,31,100,SYNTHETIC,55.2,0,0.31,Wednesday
Route 5 - South Connector,23,0,0,16.7,0,0,10,1,100,SYNTHETIC,24.6,0,0.01,Monday
Route 9 - East Corridor,6,4,0,19.9,0,0,6,13,100,SYNTHETIC,35.6,0,0.13,Friday
Route 10 - West Ring,8,6,1,27.7,0,0,23,24,100,SYNTHETIC,26.9,1,0.24,Sunday
Route 9 - East Corridor,14,1,0,23.7,0,0,23,17,100,SYNTHETIC,35.6,0,0.17,Tuesday
Route 6 - Industrial Park,18,2,0,20.5,0,0,92,100,100,SYNTHETIC,45.9,1,1.0,Wednesday
Route 10 - West Ring,7,5,1,22.2,0,0,9,26,100,SYNTHETIC,26.9,1,0.26,Saturday
Route 5 - South Connector,12,0,0,25.0,0,0,13,19,100,SYNTHETIC,24.6,0,0.19,Monday
Route 5 - South Connector,18,6,1,6.5,0,0,23,22,100,SYNTHETIC,24.6,1,0.22,Sunday
Route 2 - Airport Link,12,6,1,28.6,0,0,22,21,100,SYNTHETIC,38.4,0,0.21,Sunday
Route 8 - Beach/Leisure,8,1,0,13.4,0,0,25,21,100,SYNTHETIC,27.1,1,0.21,Tuesday
Route 4 - North Suburbs,8,0,0,16.5,0,0,47,48,100,SYNTHETIC,30.0,1,0.48,Monday
Route 2 - Airport Link,12,4,0,22.7,0,0,29,29,100,SYNTHETIC,38.4,0,0.29,Friday
Route 4 - North Suburbs,13,0,0,19.4,0,0,18,20,100,SYNTHETIC,30.0,0,0.2,Monday
Route 7 - Hospital Line,19,3,0,23.9,0,0,52,53,100,SYNTHETIC,37.7,1,0.53,Thursday
Route 3 - University Shuttle,16,0,0,21.1,0,0,24,29,100,SYNTHETIC,37.7,0,0.29,Monday
Route 4 - North Suburbs,17,3,0,17.7,0,1,44,87,100,SYNTHETIC,30.0,1,0.87,Thursday
Route 4 - North Suburbs,22,2,0,32.2,1,0,17,10,100,SYNTHETIC,30.0,0,0.1,Wednesday
Route 6 - Industrial Park,12,4,0,25.7,0,0,31,31,100,SYNTHETIC,45.9,0,0.31,Friday
Route 8 - Beach/Leisure,12,6,1,22.4,1,0,27,24,100,SYNTHETIC,27.1,0,0.24,Sunday
Route 7 - Hospital Line,20,3,0,25.5,0,0,48,19,100,SYNTHETIC,37.7,0,0.19,Thursday
Route 2 - Airport Link,9,4,0,14.4,0,0,65,49,100,SYNTHETIC,38.4,1,0.49,Friday
Route 4 - North Suburbs,18,4,0,37.4,0,0,48,48,100,SYNTHETIC,30.0,1,0.48,Friday
Route 7 - Hospital Line,18,6,1,11.3,0,0,39,36,100,SYNTHETIC,37.7,1,0.36,Sunday
Route 3 - University Shuttle,7,1,0,20.9,0,0,11,76,100,SYNTHETIC,37.7,1,0.76,Tuesday
Route 1 - City Centre Express,13,1,0,17.7,0,0,33,28,100,SYNTHETIC,55.2,0,0.28,Tuesday
Route 4 - North Suburbs,8,2,0,17.4,0,0,50,59,100,SYNTHETIC,30.0,1,0.59,Wednesday
Route 7 - Hospital Line,8,5,1,16.4,0,0,38,45,100,SYNTHETIC,37.7,1,0.45,Saturday
Route 7 - Hospital Line,13,6,1,13.8,0,0,17,20,100,SYNTHETIC,37.7,0,0.2,Sunday
Route 2 - Airport Link,10,1,0,29.5,1,0,47,29,100,SYNTHETIC,38.4,0,0.29,Tuesday
Route 7 - Hospital Line,18,0,0,10.4,0,0,59,68,100,SYNTHETIC,37.7,1,0.68,Monday
Route 2 - Airport Link,20,4,0,27.9,1,0,45,30,100,SYNTHETIC,38.4,0,0.3,Friday
Route 8 - Beach/Leisure,18,4,0,25.2,0,1,66,61,100,SYNTHETIC,27.1,1,0.61,Friday
Route 6 - Industrial Park,9,2,0,17.0,1,1,154,102,100,SYNTHETIC,45.9,1,1.02,Wednesday
Route 2 - Airport Link,10,1,0,24.3,0,1,67,35,100,SYNTHETIC,38.4,0,0.35,Tuesday
Route 4 - North Suburbs,9,5,1,18.7,1,0,30,29,100,SYNTHETIC,30.0,1,0.29,Saturday
Route 9 - East Corridor,8,5,1,11.2,0,0,31,32,100,SYNTHETIC,35.6,1,0.32,Saturday
Route 5 - South Connector,21,5,1,11.3,0,0,12,7,100,SYNTHETIC,24.6,0,0.07,Saturday
Route 7 - Hospital Line,12,4,0,25.2,0,0,22,32,100,SYNTHETIC,37.7,0,0.32,Friday
Route 8 - Beach/Leisure,9,1,0,24.8,1,0,32,22,100,SYNTHETIC,27.1,1,0.22,Tuesday
Route 1 - City Centre Express,19,2,0,21.9,0,1,170,110,100,SYNTHETIC,55.2,1,1.1,Wednesday
Route 10 - West Ring,12,0,0,16.9,0,0,16,23,100,SYNTHETIC,26.9,0,0.23,Monday
Route 4 - North Suburbs,6,1,0,18.5,1,0,0,10,100,SYNTHETIC,30.0,0,0.1,Tuesday
Route 8 - Beach/Leisure,8,3,0,17.4,0,0,25,28,100,SYNTHETIC,27.1,1,0.28,Thursday
Route 5 - South Connector,16,3,0,6.0,0,0,13,23,100,SYNTHETIC,24.6,0,0.23,Thursday
Route 6 - Industrial Park,18,0,0,20.5,0,0,83,90,100,SYNTHETIC,45.9,1,0.9,Monday
Route 4 - North Suburbs,9,6,1,24.2,0,0,27,21,100,SYNTHETIC,30.0,1,0.21,Sunday
Route 9 - East Corridor,20,1,0,20.5,1,0,61,30,100,SYNTHETIC,35.6,0,0.3,Tuesday
Route 2 - Airport Link,19,3,0,34.2,0,1,79,63,100,SYNTHETIC,38.4,1,0.63,Thursday
Route 9 - East Corridor,19,3,0,12.0,1,0,67,62,100,SYNTHETIC,35.6,1,0.62,Thursday
Route 3 - University Shuttle,9,3,0,14.7,0,1,119,85,100,SYNTHETIC,37.7,1,0.85,Thursday
Route 9 - East Corridor,7,5,1,21.1,0,0,9,34,100,SYNTHETIC,35.6,1,0.34,Saturday
Route 1 - City Centre Express,19,5,1,22.0,0,1,81,65,100,SYNTHETIC,55.2,1,0.65,Saturday
Route 1 - City Centre Express,10,6,1,4.8,0,0,36,16,100,SYNTHETIC,55.2,0,0.16,Sunday
Route 1 - City Centre Express,16,2,0,24.8,0,0,28,47,100,SYNTHETIC,55.2,0,0.47,Wednesday
Route 6 - Industrial Park,18,1,0,22.0,1,0,106,121,100,SYNTHETIC,45.9,1,1.21,Tuesday
Route 3 - University Shuttle,8,2,0,3.0,0,0,76,90,100,SYNTHETIC,37.7,1,0.9,Wednesday
Route 6 - Industrial Park,18,3,0,19.1,0,0,101,84,100,SYNTHETIC,45.9,1,0.84,Thursday
Route 9 - East Corridor,20,2,0,13.5,1,0,48,25,100,SYNTHETIC,35.6,0,0.25,Wednesday
Route 1 - City Centre Express,17,3,0,16.4,1,0,44,102,100,SYNTHETIC,55.2,1,1.02,Thursday
Route 6 - Industrial Park,13,1,0,9.3,0,1,58,40,100,SYNTHETIC,45.9,0,0.4,Tuesday
Route 8 - Beach/Leisure,19,4,0,23.3,1,0,48,42,100,SYNTHETIC,27.1,1,0.42,Friday
Route 5 - South Connector,14,4,0,34.1,0,0,16,14,100,SYNTHETIC,24.6,0,0.14,Friday
Route 10 - West Ring,18,3,0,22.1,0,0,45,42,100,SYNTHETIC,26.9,1,0.42,Thursday
Route 7 - Hospital Line,19,6,1,2.7,0,0,44,28,100,SYNTHETIC,37.7,1,0.28,Sunday
Route 1 - City Centre Express,18,6,1,22.3,1,0,65,76,100,SYNTHETIC,55.2,1,0.76,Sunday
Route 6 - Industrial Park,10,6,1,18.4,1,0,10,3,100,SYNTHETIC,45.9,0,0.03,Sunday
Route 4 - North Suburbs,7,0,0,11.2,1,1,15,77,100,SYNTHETIC,30.0,1,0.77,Monday
Route 2 - Airport Link,9,6,1,22.8,0,0,55,36,100,SYNTHETIC,38.4,1,0.36,Sunday
Route 10 - West Ring,14,2,0,27.0,0,0,17,21,100,SYNTHETIC,26.9,0,0.21,Wednesday
Route 3 - University Shuttle,14,3,0,14.7,0,0,20,17,100,SYNTHETIC,37.7,0,0.17,Thursday
Route 1 - City Centre Express,16,2,0,6.9,1,1,61,57,100,SYNTHETIC,55.2,0,0.57,Wednesday
Route 3 - University Shuttle,12,1,0,3.9,0,0,21,24,100,SYNTHETIC,37.7,0,0.24,Tuesday
Route 9 - East Corridor,18,6,1,14.7,0,0,29,32,100,SYNTHETIC,35.6,1,0.32,Sunday
Route 6 - Industrial Park,20,4,0,18.8,0,1,109,47,100,SYNTHETIC,45.9,0,0.47,Friday
Route 9 - East Corridor,9,6,1,15.9,0,0,33,21,100,SYNTHETIC,35.6,1,0.21,Sunday
Route 5 - South Connector,18,6,1,14.5,0,0,23,27,100,SYNTHETIC,24.6,1,0.27,Sunday
Route 2 - Airport Link,17,2,0,24.5,0,0,32,51,100,SYNTHETIC,38.4,1,0.51,Wednesday
Route 4 - North Suburbs,14,5,1,23.7,0,0,14,7,100,SYNTHETIC,30.0,0,0.07,Saturday
Route 2 - Airport Link,8,3,0,21.6,0,0,57,56,100,SYNTHETIC,38.4,1,0.56,Thursday
Route 6 - Industrial Park,18,3,0,26.5,0,0,87,86,100,SYNTHETIC,45.9,1,0.86,Thursday
Route 3 - University Shuttle,21,5,1,14.7,0,0,3,0,100,SYNTHETIC,37.7,0,0.0,Saturday
Route 10 - West Ring,17,4,0,11.2,0,1,39,71,100,SYNTHETIC,26.9,1,0.71,Friday
Route 4 - North Suburbs,20,6,1,15.8,0,0,21,7,100,SYNTHETIC,30.0,0,0.07,Sunday
Route 4 - North Suburbs,22,5,1,15.3,0,0,3,3,100,SYNTHETIC,30.0,0,0.03,Saturday
Route 10 - West Ring,11,4,0,3.6,0,0,20,15,100,SYNTHETIC,26.9,0,0.15,Friday
Route 6 - Industrial Park,16,6,1,15.6,0,0,2,2,100,SYNTHETIC,45.9,0,0.02,Sunday
Route 2 - Airport Link,13,0,0,28.8,0,0,31,30,100,SYNTHETIC,38.4,0,0.3,Monday
Route 5 - South Connector,22,5,1,26.4,0,1,2,10,100,SYNTHETIC,24.6,0,0.1,Saturday
Route 3 - University Shuttle,7,2,0,24.2,1,0,12,92,100,SYNTHETIC,37.7,1,0.92,Wednesday
Route 8 - Beach/Leisure,12,3,0,21.1,1,0,20,13,100,SYNTHETIC,27.1,0,0.13,Thursday
Route 6 - Industrial Park,19,5,1,31.6,0,0,14,7,100,SYNTHETIC,45.9,1,0.07,Saturday
Route 8 - Beach/Leisure,10,1,0,11.5,0,1,30,26,100,SYNTHETIC,27.1,0,0.26,Tuesday
Route 10 - West Ring,18,6,1,12.3,0,0,19,23,100,SYNTHETIC,26.9,1,0.23,Sunday
Route 8 - Beach/Leisure,12,3,0,29.0,1,0,17,13,100,SYNTHETIC,27.1,0,0.13,Thursday
Route 4 - North Suburbs,22,2,0,20.2,0,0,14,10,100,SYNTHETIC,30.0,0,0.1,Wednesday
Route 3 - University Shuttle,19,2,0,14.6,0,0,80,63,100,SYNTHETIC,37.7,1,0.63,Wednesday
Route 6 - Industrial Park,10,2,0,24.4,1,0,92,32,100,SYNTHETIC,45.9,0,0.32,Wednesday
Route 5 - South Connector,18,6,1,16.5,0,1,37,26,100,SYNTHETIC,24.6,1,0.26,Sunday
Route 4 - North Suburbs,11,0,0,13.3,0,0,21,19,100,SYNTHETIC,30.0,0,0.19,Monday
Route 9 - East Corridor,16,3,0,13.1,0,0,25,31,100,SYNTHETIC,35.6,0,0.31,Thursday
Route 10 - West Ring,17,5,1,22.6,0,0,9,21,100,SYNTHETIC,26.9,1,0.21,Saturday
Route 4 - North Suburbs,19,3,0,21.6,1,0,59,55,100,SYNTHETIC,30.0,1,0.55,Thursday
Route 7 - Hospital Line,6,3,0,32.1,0,0,0,8,100,SYNTHETIC,37.7,0,0.08,Thursday
Route 10 - West Ring,9,2,0,17.7,1,0,49,38,100,SYNTHETIC,26.9,1,0.38,Wednesday
Route 1 - City Centre Express,17,0,0,17.5,1,0,41,119,100,SYNTHETIC,55.2,1,1.19,Monday
Route 4 - North Suburbs,15,4,0,31.5,0,1,28,27,100,SYNTHETIC,30.0,0,0.27,Friday
Route 8 - Beach/Leisure,14,6,1,27.9,1,0,21,23,100,SYNTHETIC,27.1,0,0.23,Sunday
Route 5 - South Connector,7,3,0,21.2,1,0,10,44,100,SYNTHETIC,24.6,1,0.44,Thursday
Route 8 - Beach/Leisure,11,3,0,7.5,0,1,19,22,100,SYNTHETIC,27.1,0,0.22,Thursday
Route 5 - South Connector,19,0,0,13.5,0,0,36,32,100,SYNTHETIC,24.6,1,0.32,Monday
Route 1 - City Centre Express,6,6,1,11.6,0,0,7,7,100,SYNTHETIC,55.2,0,0.07,Sunday
Route 5 - South Connector,12,6,1,20.3,0,0,6,11,100,SYNTHETIC,24.6,0,0.11,Sunday
Route 5 - South Connector,21,6,1,15.9,0,1,18,9,100,SYNTHETIC,24.6,0,0.09,Sunday
Route 9 - East Corridor,7,2,0,32.8,1,0,5,53,100,SYNTHETIC,35.6,1,0.53,Wednesday
Route 2 - Airport Link,18,4,0,7.4,1,0,58,68,100,SYNTHETIC,38.4,1,0.68,Friday
Route 2 - Airport Link,9,3,0,10.7,0,0,54,39,100,SYNTHETIC,38.4,1,0.39,Thursday
Route 2 - Airport Link,19,1,0,22.0,0,0,55,40,100,SYNTHETIC,38.4,1,0.4,Tuesday
Route 6 - Industrial Park,18,1,0,24.2,0,0,106,89,100,SYNTHETIC,45.9,1,0.89,Tuesday
Route 10 - West Ring,19,2,0,-0.7,0,1,65,49,100,SYNTHETIC,26.9,1,0.49,Wednesday
Route 7 - Hospital Line,9,3,0,6.1,0,0,57,44,100,SYNTHETIC,37.7,1,0.44,Thursday
Route 9 - East Corridor,15,0,0,17.9,0,0,22,19,100,SYNTHETIC,35.6,0,0.19,Monday
Route 9 - East Corridor,18,4,0,30.8,0,0,58,66,100,SYNTHETIC,35.6,1,0.66,Friday
Route 7 - Hospital Line,9,3,0,35.1,0,0,66,51,100,SYNTHETIC,37.7,1,0.51,Thursday
Route 7 - Hospital Line,9,6,1,16.7,1,0,46,36,100,SYNTHETIC,37.7,1,0.36,Sunday
Route 3 - University Shuttle,6,1,0,18.6,1,0,1,9,100,SYNTHETIC,37.7,0,0.09,Tuesday
Route 10 - West Ring,21,0,0,13.3,0,1,26,16,100,SYNTHETIC,26.9,0,0.16,Monday
Route 8 - Beach/Leisure,17,2,0,25.1,0,0,21,43,100,SYNTHETIC,27.1,1,0.43,Wednesday
Route 9 - East Corridor,16,6,1,32.2,1,0,11,9,100,SYNTHETIC,35.6,0,0.09,Sunday
Route 10 - West Ring,18,2,0,30.0,0,0,40,41,100,SYNTHETIC,26.9,1,0.41,Wednesday
Route 4 - North Suburbs,15,4,0,19.8,0,0,20,16,100,SYNTHETIC,30.0,0,0.16,Friday
Route 2 - Airport Link,13,5,1,13.3,0,0,26,24,100,SYNTHETIC,38.4,0,0.24,Saturday
Route 9 - East Corridor,13,1,0,20.1,0,0,26,29,100,SYNTHETIC,35.6,0,0.29,Tuesday
Route 5 - South Connector,16,4,0,31.0,0,0,16,18,100,SYNTHETIC,24.6,0,0.18,Friday
Route 10 - West Ring,8,1,0,16.8,1,0,47,60,100,SYNTHETIC,26.9,1,0.6,Tuesday
Route 7 - Hospital Line,20,2,0,5.5,0,0,50,22,100,SYNTHETIC,37.7,0,0.22,Wednesday
Route 3 - University Shuttle,18,2,0,17.1,1,0,74,75,100,SYNTHETIC,37.7,1,0.75,Wednesday
Route 4 - North Suburbs,11,4,0,17.8,0,0,22,25,100,SYNTHETIC,30.0,0,0.25,Friday
Route 7 - Hospital Line,15,6,1,5.4,0,0,15,23,100,SYNTHETIC,37.7,0,0.23,Sunday
Route 4 - North Suburbs,8,1,0,21.9,1,0,49,68,100,SYNTHETIC,30.0,1,0.68,Tuesday
Route 3 - University Shuttle,21,2,0,24.0,0,0,21,17,100,SYNTHETIC,37.7,0,0.17,Wednesday
Route 3 - University Shuttle,20,5,1,34.9,0,0,12,5,100,SYNTHETIC,37.7,0,0.05,Saturday
Route 7 - Hospital Line,20,3,0,9.3,0,0,46,24,100,SYNTHETIC,37.7,0,0.24,Thursday
Route 1 - City Centre Express,11,3,0,25.8,0,0,32,34,100,SYNTHETIC,55.2,0,0.34,Thursday
Route 1 - City Centre Express,8,4,0,27.7,0,0,85,110,100,SYNTHETIC,55.2,1,1.1,Friday
Route 1 - City Centre Express,9,0,0,24.2,0,0,107,85,100,SYNTHETIC,55.2,1,0.85,Monday
Route 8 - Beach/Leisure,7,6,1,11.9,0,0,8,32,100,SYNTHETIC,27.1,1,0.32,Sunday
Route 1 - City Centre Express,7,2,0,11.5,0,0,16,87,100,SYNTHETIC,55.2,1,0.87,Wednesday
Route 5 - South Connector,7,4,0,20.8,1,0,14,42,100,SYNTHETIC,24.6,1,0.42,Friday
Route 2 - Airport Link,22,3,0,20.7,1,0,19,13,100,SYNTHETIC,38.4,0,0.13,Thursday
Route 6 - Industrial Park,7,5,1,15.5,0,0,1,20,100,SYNTHETIC,45.9,1,0.2,Saturday
Route 1 - City Centre Express,8,4,0,30.3,0,0,79,113,100,SYNTHETIC,55.2,1,1.13,Friday
Route 1 - City Centre Express,19,1,0,16.8,1,0,107,93,100,SYNTHETIC,55.2,1,0.93,Tuesday
Route 5 - South Connector,16,1,0,4.9,0,0,21,24,100,SYNTHETIC,24.6,0,0.24,Tuesday
Route 7 - Hospital Line,18,6,1,18.2,0,0,36,49,100,SYNTHETIC,37.7,1,0.49,Sunday
Route 2 - Airport Link,16,3,0,23.8,0,0,27,42,100,SYNTHETIC,38.4,0,0.42,Thursday
Route 5 - South Connector,19,1,0,22.7,1,0,38,31,100,SYNTHETIC,24.6,1,0.31,Tuesday
Route 9 - East Corridor,16,1,0,22.7,0,0,22,30,100,SYNTHETIC,35.6,0,0.3,Tuesday
Route 7 - Hospital Line,14,0,0,32.0,1,0,28,17,100,SYNTHETIC,37.7,0,0.17,Monday
Route 8 - Beach/Leisure,17,6,1,11.1,0,1,34,102,100,SYNTHETIC,27.1,1,1.02,Sunday
Route 4 - North Suburbs,13,6,1,16.6,1,0,11,13,100,SYNTHETIC,30.0,0,0.13,Sunday
Route 10 - West Ring,11,2,0,32.4,0,0,18,17,100,SYNTHETIC,26.9,0,0.17,Wednesday
Route 2 - Airport Link,13,1,0,4.3,0,0,28,18,100,SYNTHETIC,38.4,0,0.18,Tuesday
Route 7 - Hospital Line,8,2,0,19.6,1,0,64,73,100,SYNTHETIC,37.7,1,0.73,Wednesday
Route 5 - South Connector,18,0,0,29.8,0,0,35,42,100,SYNTHETIC,24.6,1,0.42,Monday
Route 1 - City Centre Express,9,3,0,29.7,0,0,105,71,100,SYNTHETIC,55.2,1,0.71,Thursday
Route 10 - West Ring,8,4,0,25.3,0,0,41,48,100,SYNTHETIC,26.9,1,0.48,Friday
Route 8 - Beach/Leisure,9,6,1,25.5,0,0,44,26,100,SYNTHETIC,27.1,1,0.26,Sunday
Route 3 - University Shuttle,19,2,0,11.7,0,0,60,62,100,SYNTHETIC,37.7,1,0.62,Wednesday
Route 1 - City Centre Express,11,1,0,31.0,0,0,29,30,100,SYNTHETIC,55.2,0,0.3,Tuesday
Route 7 - Hospital Line,17,0,0,10.4,0,0,31,62,100,SYNTHETIC,37.7,1,0.62,Monday
Route 6 - Industrial Park,19,2,0,10.9,0,0,104,73,100,SYNTHETIC,45.9,1,0.73,Wednesday
Route 1 - City Centre Express,7,4,0,23.1,0,0,17,73,100,SYNTHETIC,55.2,1,0.73,Friday
Route 10 - West Ring,18,0,0,16.1,0,0,46,48,100,SYNTHETIC,26.9,1,0.48,Monday
Route 8 - Beach/Leisure,10,5,1,21.7,1,0,33,24,100,SYNTHETIC,27.1,0,0.24,Saturday
Route 5 - South Connector,9,3,0,23.4,0,0,50,36,100,SYNTHETIC,24.6,1,0.36,Thursday
Route 3 - University Shuttle,17,5,1,34.2,1,0,5,19,100,SYNTHETIC,37.7,1,0.19,Saturday
Route 3 - University Shuttle,20,3,0,23.5,1,0,60,24,100,SYNTHETIC,37.7,0,0.24,Thursday
Route 5 - South Connector,10,1,0,15.1,0,0,26,20,100,SYNTHETIC,24.6,0,0.2,Tuesday
Route 1 - City Centre Express,15,0,0,25.4,0,0,32,28,100,SYNTHETIC,55.2,0,0.28,Monday
Route 4 - North Suburbs,10,3,0,13.3,1,0,46,21,100,SYNTHETIC,30.0,0,0.21,Thursday
Route 3 - University Shuttle,15,3,0,27.3,0,0,21,26,100,SYNTHETIC,37.7,0,0.26,Thursday
Route 2 - Airport Link,16,5,1,20.5,0,0,22,35,100,SYNTHETIC,38.4,0,0.35,Saturday
Route 2 - Airport Link,16,6,1,23.2,0,0,25,36,100,SYNTHETIC,38.4,0,0.36,Sunday
Route 4 - North Suburbs,16,1,0,5.8,0,0,21,29,100,SYNTHETIC,30.0,0,0.29,Tuesday
Route 4 - North Suburbs,8,2,0,2.0,1,0,55,61,100,SYNTHETIC,30.0,1,0.61,Wednesday
Route 4 - North Suburbs,17,1,0,8.0,1,0,24,59,100,SYNTHETIC,30.0,1,0.59,Tuesday
Route 7 - Hospital Line,17,0,0,34.0,0,0,25,59,100,SYNTHETIC,37.7,1,0.59,Monday
Route 6 - Industrial Park,17,0,0,10.8,1,0,36,89,100,SYNTHETIC,45.9,1,0.89,Monday
Route 2 - Airport Link,7,0,0,25.9,0,0,9,52,100,SYNTHETIC,38.4,1,0.52,Monday
Route 10 - West Ring,13,3,0,14.9,0,0,16,24,100,SYNTHETIC,26.9,0,0.24,Thursday
Route 8 - Beach/Leisure,12,1,0,18.1,0,0,20,18,100,SYNTHETIC,27.1,0,0.18,Tuesday
Route 5 - South Connector,7,1,0,19.6,0,0,2,46,100,SYNTHETIC,24.6,1,0.46,Tuesday
Route 1 - City Centre Express,9,0,0,33.2,0,0,106,63,100,SYNTHETIC,55.2,1,0.63,Monday
Route 10 - West Ring,13,5,1,24.7,0,0,13,8,100,SYNTHETIC,26.9,0,0.08,Saturday
Route 8 - Beach/Leisure,18,4,0,23.1,1,0,52,51,100,SYNTHETIC,27.1,1,0.51,Friday
Route 5 - South Connector,9,6,1,30.4,0,0,25,19,100,SYNTHETIC,24.6,1,0.19,Sunday
Route 2 - Airport Link,19,0,0,14.9,1,0,71,50,100,SYNTHETIC,38.4,1,0.5,Monday
Route 2 - Airport Link,15,1,0,28.5,0,0,30,29,100,SYNTHETIC,38.4,0,0.29,Tuesday
Route 3 - University Shuttle,18,3,0,27.2,0,0,73,85,100,SYNTHETIC,37.7,1,0.85,Thursday
Route 3 - University Shuttle,13,4,0,27.1,0,0,27,19,100,SYNTHETIC,37.7,0,0.19,Friday
Route 3 - University Shuttle,14,0,0,18.8,0,1,40,35,100,SYNTHETIC,37.7,0,0.35,Monday
Route 5 - South Connector,16,1,0,16.5,0,0,15,25,100,SYNTHETIC,24.6,0,0.25,Tuesday
Route 1 - City Centre Express,20,2,0,13.0,1,0,83,36,100,SYNTHETIC,55.2,0,0.36,Wednesday
Route 4 - North Suburbs,14,0,0,13.5,0,0,19,13,100,SYNTHETIC,30.0,0,0.13,Monday
Route 9 - East Corridor,15,2,0,12.7,1,0,24,24,100,SYNTHETIC,35.6,0,0.24,Wednesday
Route 9 - East Corridor,16,5,1,22.9,0,0,6,16,100,SYNTHETIC,35.6,0,0.16,Saturday
Route 1 - City Centre Express,18,3,0,18.2,0,1,159,134,100,SYNTHETIC,55.2,1,1.34,Thursday
Route 7 - Hospital Line,7,3,0,23.5,0,0,14,62,100,SYNTHETIC,37.7,1,0.62,Thursday
Route 10 - West Ring,14,3,0,23.9,0,1,30,28,100,SYNTHETIC,26.9,0,0.28,Thursday
Route 6 - Industrial Park,14,6,1,11.5,1,0,0,5,100,SYNTHETIC,45.9,0,0.05,Sunday
Route 4 - North Suburbs,20,3,0,11.3,0,0,39,20,100,SYNTHETIC,30.0,0,0.2,Thursday
Route 5 - South Connector,14,3,0,18.2,1,0,24,19,100,SYNTHETIC,24.6,0,0.19,Thursday
Route 3 - University Shuttle,13,6,1,13.8,0,0,5,5,100,SYNTHETIC,37.7,0,0.05,Sunday
Route 4 - North Suburbs,21,1,0,13.0,0,0,15,10,100,SYNTHETIC,30.0,0,0.1,Tuesday
Route 10 - West Ring,13,0,0,33.6,1,0,23,19,100,SYNTHETIC,26.9,0,0.19,Monday
Route 7 - Hospital Line,8,3,0,7.7,1,0,64,71,100,SYNTHETIC,37.7,1,0.71,Thursday
Route 5 - South Connector,9,2,0,36.2,0,0,45,34,100,SYNTHETIC,24.6,1,0.34,Wednesday
Route 2 - Airport Link,7,1,0,22.3,1,0,14,63,100,SYNTHETIC,38.4,1,0.63,Tuesday
Route 10 - West Ring,0,0,0,27.9,0,0,5,6,100,SYNTHETIC,26.9,0,0.06,Monday
Route 2 - Airport Link,13,6,1,26.9,0,0,24,20,100,SYNTHETIC,38.4,0,0.2,Sunday
Route 8 - Beach/Leisure,18,4,0,24.9,0,0,45,43,100,SYNTHETIC,27.1,1,0.43,Friday
Route 4 - North Suburbs,18,4,0,33.3,0,0,52,65,100,SYNTHETIC,30.0,1,0.65,Friday
Route 3 - University Shuttle,6,0,0,11.3,0,0,3,9,100,SYNTHETIC,37.7,0,0.09,Monday
Route 2 - Airport Link,15,2,0,18.7,0,0,23,24,100,SYNTHETIC,38.4,0,0.24,Wednesday
Route 4 - North Suburbs,8,4,0,13.2,0,0,48,56,100,SYNTHETIC,30.0,1,0.56,Friday
Route 7 - Hospital Line,21,3,0,6.4,1,0,27,24,100,SYNTHETIC,37.7,0,0.24,Thursday
Route 5 - South Connector,8,4,0,14.7,1,0,40,45,100,SYNTHETIC,24.6,1,0.45,Friday
Route 1 - City Centre Express,16,4,0,35.0,0,0,34,42,100,SYNTHETIC,55.2,0,0.42,Friday
Route 3 - University Shuttle,11,2,0,18.6,0,0,20,25,100,SYNTHETIC,37.7,0,0.25,Wednesday
Route 2 - Airport Link,16,5,1,35.9,0,0,28,23,100,SYNTHETIC,38.4,0,0.23,Saturday
Route 5 - South Connector,12,1,0,36.7,1,0,17,20,100,SYNTHETIC,24.6,0,0.2,Tuesday
Route 10 - West Ring,18,0,0,42.0,0,0,47,43,100,SYNTHETIC,26.9,1,0.43,Monday
Route 10 - West Ring,9,6,1,35.2,0,0,27,19,100,SYNTHETIC,26.9,1,0.19,Sunday
Route 10 - West Ring,20,0,0,38.9,0,0,37,23,100,SYNTHETIC,26.9,0,0.23,Monday
Route 2 - Airport Link,14,1,0,22.6,1,0,30,26,100,SYNTHETIC,38.4,0,0.26,Tuesday
Route 5 - South Connector,18,0,0,21.8,1,0,41,45,100,SYNTHETIC,24.6,1,0.45,Monday
Route 1 - City Centre Express,19,1,0,22.4,0,0,94,99,100,SYNTHETIC,55.2,1,0.99,Tuesday
Route 5 - South Connector,23,2,0,20.0,0,0,7,1,100,SYNTHETIC,24.6,0,0.01,Wednesday
Route 6 - Industrial Park,9,0,0,21.2,1,0,109,66,100,SYNTHETIC,45.9,1,0.66,Monday
Route 8 - Beach/Leisure,10,3,0,26.0,1,0,24,19,100,SYNTHETIC,27.1,0,0.19,Thursday
Route 4 - North Suburbs,9,6,1,16.3,0,0,28,20,100,SYNTHETIC,30.0,1,0.2,Sunday
Route 1 - City Centre Express,9,0,0,9.0,0,0,96,72,100,SYNTHETIC,55.2,1,0.72,Monday
Route 5 - South Connector,16,6,1,22.9,0,0,5,19,100,SYNTHETIC,24.6,0,0.19,Sunday
Route 5 - South Connector,23,2,0,14.5,0,0,8,0,100,SYNTHETIC,24.6,0,0.0,Wednesday
Route 7 - Hospital Line,22,4,0,15.3,1,0,20,8,100,SYNTHETIC,37.7,0,0.08,Friday
Route 1 - City Centre Express,14,3,0,18.9,1,0,39,29,100,SYNTHETIC,55.2,0,0.29,Thursday
Route 7 - Hospital Line,16,2,0,17.0,0,0,28,32,100,SYNTHETIC,37.7,0,0.32,Wednesday
Route 5 - South Connector,19,0,0,28.9,0,0,44,31,100,SYNTHETIC,24.6,1,0.31,Monday
Route 8 - Beach/Leisure,20,4,0,18.7,0,0,39,11,100,SYNTHETIC,27.1,0,0.11,Friday
Route 10 - West Ring,8,6,1,29.3,0,0,23,27,100,SYNTHETIC,26.9,1,0.27,Sunday
Route 3 - University Shuttle,15,3,0,21.6,1,0,26,26,100,SYNTHETIC,37.7,0,0.26,Thursday
Route 8 - Beach/Leisure,19,4,0,19.3,1,0,40,34,100,SYNTHETIC,27.1,1,0.34,Friday
Route 2 - Airport Link,10,4,0,21.3,0,0,39,21,100,SYNTHETIC,38.4,0,0.21,Friday
Route 10 - West Ring,13,2,0,9.7,1,0,18,21,100,SYNTHETIC,26.9,0,0.21,Wednesday
Route 5 - South Connector,22,0,0,22.7,1,0,17,2,100,SYNTHETIC,24.6,0,0.02,Monday
Route 8 - Beach/Leisure,22,3,0,26.8,0,0,8,6,100,SYNTHETIC,27.1,0,0.06,Thursday
Route 8 - Beach/Leisure,20,6,1,27.9,0,0,50,26,100,SYNTHETIC,27.1,0,0.26,Sunday
Route 7 - Hospital Line,18,2,0,9.2,0,0,58,65,100,SYNTHETIC,37.7,1,0.65,Wednesday
Route 4 - North Suburbs,9,6,1,7.8,0,0,25,18,100,SYNTHETIC,30.0,1,0.18,Sunday
Route 8 - Beach/Leisure,11,5,1,15.7,1,0,23,25,100,SYNTHETIC,27.1,0,0.25,Saturday
Route 5 - South Connector,15,1,0,31.1,0,0,10,14,100,SYNTHETIC,24.6,0,0.14,Tuesday
Route 7 - Hospital Line,15,4,0,21.8,0,0,20,26,100,SYNTHETIC,37.7,0,0.26,Friday
Route 7 - Hospital Line,14,5,1,13.8,1,0,20,16,100,SYNTHETIC,37.7,0,0.16,Saturday
Route 5 - South Connector,16,3,0,8.4,0,0,14,18,100,SYNTHETIC,24.6,0,0.18,Thursday
Route 2 - Airport Link,12,4,0,14.5,0,0,30,30,100,SYNTHETIC,38.4,0,0.3,Friday
Route 3 - University Shuttle,18,6,1,14.0,0,0,15,10,100,SYNTHETIC,37.7,1,0.1,Sunday
Route 10 - West Ring,11,4,0,27.5,0,0,21,15,100,SYNTHETIC,26.9,0,0.15,Friday
Route 6 - Industrial Park,11,5,1,28.1,0,0,5,1,100,SYNTHETIC,45.9,0,0.01,Saturday
Route 7 - Hospital Line,8,5,1,11.6,0,0,39,43,100,SYNTHETIC,37.7,1,0.43,Saturday
Route 3 - University Shuttle,8,5,1,26.0,1,0,13,23,100,SYNTHETIC,37.7,1,0.23,Saturday
Route 8 - Beach/Leisure,19,5,1,25.2,0,0,73,58,100,SYNTHETIC,27.1,1,0.58,Saturday
Route 5 - South Connector,13,1,0,10.6,0,0,20,18,100,SYNTHETIC,24.6,0,0.18,Tuesday
Route 3 - University Shuttle,9,0,0,19.3,0,0,105,61,100,SYNTHETIC,37.7,1,0.61,Monday
Route 2 - Airport Link,18,1,0,22.7,0,0,60,58,100,SYNTHETIC,38.4,1,0.58,Tuesday
Route 4 - North Suburbs,15,1,0,21.3,0,0,18,25,100,SYNTHETIC,30.0,0,0.25,Tuesday
Route 6 - Industrial Park,6,4,0,6.3,1,0,5,10,100,SYNTHETIC,45.9,0,0.1,Friday
Route 3 - University Shuttle,10,3,0,21.0,0,0,64,24,100,SYNTHETIC,37.7,0,0.24,Thursday
Route 3 - University Shuttle,8,3,0,25.1,0,0,83,83,100,SYNTHETIC,37.7,1,0.83,Thursday
Route 3 - University Shuttle,17,0,0,32.6,0,0,33,77,100,SYNTHETIC,37.7,1,0.77,Monday
Route 3 - University Shuttle,10,4,0,14.6,0,0,59,23,100,SYNTHETIC,37.7,0,0.23,Friday
Route 8 - Beach/Leisure,7,2,0,15.6,0,0,4,25,100,SYNTHETIC,27.1,1,0.25,Wednesday
Route 5 - South Connector,7,5,1,18.3,0,0,0,26,100,SYNTHETIC,24.6,1,0.26,Saturday
Route 5 - South Connector,16,0,0,22.3,1,0,16,21,100,SYNTHETIC,24.6,0,0.21,Monday
Route 2 - Airport Link,6,2,0,20.8,0,0,2,16,100,SYNTHETIC,38.4,0,0.16,Wednesday
Route 6 - Industrial Park,19,0,0,24.8,0,0,108,75,100,SYNTHETIC,45.9,1,0.75,Monday
Route 10 - West Ring,8,1,0,11.0,0,0,48,47,100,SYNTHETIC,26.9,1,0.47,Tuesday
Route 8 - Beach/Leisure,16,6,1,23.2,1,0,28,37,100,SYNTHETIC,27.1,0,0.37,Sunday
Route 5 - South Connector,13,3,0,14.1,0,0,23,20,100,SYNTHETIC,24.6,0,0.2,Thursday
Route 4 - North Suburbs,13,3,0,18.9,0,0,20,20,100,SYNTHETIC,30.0,0,0.2,Thursday
Route 4 - North Suburbs,7,1,0,33.7,0,0,6,53,100,SYNTHETIC,30.0,1,0.53,Tuesday
Route 1 - City Centre Express,18,1,0,8.8,0,0,81,95,100,SYNTHETIC,55.2,1,0.95,Tuesday
Route 1 - City Centre Express,20,4,0,17.8,1,0,69,34,100,SYNTHETIC,55.2,0,0.34,Friday
Route 8 - Beach/Leisure,4,6,1,9.8,0,0,0,0,100,SYNTHETIC,27.1,0,0.0,Sunday
Route 9 - East Corridor,8,5,1,21.2,0,0,27,35,100,SYNTHETIC,35.6,1,0.35,Saturday
Route 10 - West Ring,20,5,1,28.4,0,1,29,12,100,SYNTHETIC,26.9,0,0.12,Saturday
Route 7 - Hospital Line,15,3,0,21.4,0,0,23,26,100,SYNTHETIC,37.7,0,0.26,Thursday
Route 10 - West Ring,8,0,0,19.1,1,0,44,61,100,SYNTHETIC,26.9,1,0.61,Monday
Route 5 - South Connector,8,5,1,30.6,0,0,22,24,100,SYNTHETIC,24.6,1,0.24,Saturday
Route 3 - University Shuttle,17,5,1,22.6,0,0,4,21,100,SYNTHETIC,37.7,1,0.21,Saturday
Route 3 - University Shuttle,17,3,0,26.6,0,0,30,75,100,SYNTHETIC,37.7,1,0.75,Thursday
Route 3 - University Shuttle,16,0,0,25.7,0,0,20,34,100,SYNTHETIC,37.7,0,0.34,Monday
Route 8 - Beach/Leisure,21,4,0,-3.0,0,0,17,12,100,SYNTHETIC,27.1,0,0.12,Friday
Route 1 - City Centre Express,14,6,1,19.4,0,0,20,23,100,SYNTHETIC,55.2,0,0.23,Sunday
Route 10 - West Ring,10,1,0,11.4,0,1,56,31,100,SYNTHETIC,26.9,0,0.31,Tuesday
Route 8 - Beach/Leisure,13,1,0,13.4,1,0,14,11,100,SYNTHETIC,27.1,0,0.11,Tuesday
Route 4 - North Suburbs,11,5,1,31.8,1,1,16,18,100,SYNTHETIC,30.0,0,0.18,Saturday
Route 8 - Beach/Leisure,9,2,0,17.0,0,0,29,19,100,SYNTHETIC,27.1,1,0.19,Wednesday
Route 2 - Airport Link,6,5,1,35.1,1,0,0,13,100,SYNTHETIC,38.4,0,0.13,Saturday
Route 5 - South Connector,11,4,0,8.7,0,0,19,16,100,SYNTHETIC,24.6,0,0.16,Friday
Route 2 - Airport Link,17,1,0,11.3,1,0,31,56,100,SYNTHETIC,38.4,1,0.56,Tuesday
Route 2 - Airport Link,5,0,0,26.1,1,0,2,1,100,SYNTHETIC,38.4,0,0.01,Monday
Route 1 - City Centre Express,13,3,0,17.3,0,0,42,33,100,SYNTHETIC,55.2,0,0.33,Thursday
Route 8 - Beach/Leisure,16,2,0,22.5,0,0,18,22,100,SYNTHETIC,27.1,0,0.22,Wednesday
Route 8 - Beach/Leisure,16,5,1,19.1,0,0,18,26,100,SYNTHETIC,27.1,0,0.26,Saturday
Route 9 - East Corridor,18,2,0,18.9,0,1,90,93,100,SYNTHETIC,35.6,1,0.93,Wednesday
Route 10 - West Ring,18,1,0,17.6,0,1,76,66,100,SYNTHETIC,26.9,1,0.66,Tuesday
Route 10 - West Ring,17,6,1,21.4,0,0,10,20,100,SYNTHETIC,26.9,1,0.2,Sunday
Route 10 - West Ring,7,5,1,25.1,0,0,4,21,100,SYNTHETIC,26.9,1,0.21,Saturday
Route 1 - City Centre Express,13,4,0,32.9,0,1,50,50,100,SYNTHETIC,55.2,0,0.5,Friday
Route 8 - Beach/Leisure,16,6,1,18.4,0,0,24,32,100,SYNTHETIC,27.1,0,0.32,Sunday
Route 8 - Beach/Leisure,9,5,1,16.9,0,0,34,25,100,SYNTHETIC,27.1,1,0.25,Saturday
Route 2 - Airport Link,6,6,1,15.8,0,0,5,12,100,SYNTHETIC,38.4,0,0.12,Sunday
Route 2 - Airport Link,9,5,1,31.8,0,0,52,43,100,SYNTHETIC,38.4,1,0.43,Saturday
Route 10 - West Ring,13,2,0,25.5,0,0,21,15,100,SYNTHETIC,26.9,0,0.15,Wednesday
Route 9 - East Corridor,12,0,0,4.8,0,0,21,27,100,SYNTHETIC,35.6,0,0.27,Monday
Route 4 - North Suburbs,8,4,0,4.5,0,0,51,54,100,SYNTHETIC,30.0,1,0.54,Friday
Route 1 - City Centre Express,19,5,1,13.4,0,1,87,74,100,SYNTHETIC,55.2,1,0.74,Saturday
Route 4 - North Suburbs,20,6,1,21.8,0,0,27,10,100,SYNTHETIC,30.0,0,0.1,Sunday
Route 1 - City Centre Express,8,4,0,19.7,0,0,97,109,100,SYNTHETIC,55.2,1,1.09,Friday
Route 7 - Hospital Line,20,3,0,24.1,0,0,46,30,100,SYNTHETIC,37.7,0,0.3,Thursday
Route 4 - North Suburbs,5,4,0,18.6,0,0,5,2,100,SYNTHETIC,30.0,0,0.02,Friday
Route 1 - City Centre Express,20,0,0,31.2,0,0,79,35,100,SYNTHETIC,55.2,0,0.35,Monday
Route 10 - West Ring,21,0,0,26.2,0,1,29,20,100,SYNTHETIC,26.9,0,0.2,Monday
Route 9 - East Corridor,4,0,0,20.6,1,0,3,0,100,SYNTHETIC,35.6,0,0.0,Monday
Route 10 - West Ring,18,6,1,29.2,1,0,21,25,100,SYNTHETIC,26.9,1,0.25,Sunday
Route 10 - West Ring,21,5,1,6.8,0,0,5,5,100,SYNTHETIC,26.9,0,0.05,Saturday
Route 1 - City Centre Express,20,1,0,19.3,0,0,79,28,100,SYNTHETIC,55.2,0,0.28,Tuesday
Route 8 - Beach/Leisure,21,2,0,21.1,0,0,13,11,100,SYNTHETIC,27.1,0,0.11,Wednesday
Route 8 - Beach/Leisure,15,3,0,24.8,0,0,20,17,100,SYNTHETIC,27.1,0,0.17,Thursday
Route 8 - Beach/Leisure,7,1,0,6.3,0,0,5,25,100,SYNTHETIC,27.1,1,0.25,Tuesday
Route 3 - University Shuttle,19,2,0,17.9,0,0,79,72,100,SYNTHETIC,37.7,1,0.72,Wednesday
Route 4 - North Suburbs,16,2,0,23.2,0,1,32,43,100,SYNTHETIC,30.0,0,0.43,Wednesday
Route 10 - West Ring,16,4,0,23.8,1,0,25,24,100,SYNTHETIC,26.9,0,0.24,Friday
Route 1 - City Centre Express,12,5,1,29.5,0,0,16,20,100,SYNTHETIC,55.2,0,0.2,Saturday
Route 7 - Hospital Line,15,0,0,26.1,0,0,18,27,100,SYNTHETIC,37.7,0,0.27,Monday
Route 8 - Beach/Leisure,8,3,0,19.5,0,0,27,28,100,SYNTHETIC,27.1,1,0.28,Thursday
Route 8 - Beach/Leisure,18,6,1,25.4,0,0,64,67,100,SYNTHETIC,27.1,1,0.67,Sunday
Route 6 - Industrial Park,7,6,1,18.4,0,0,5,10,100,SYNTHETIC,45.9,1,0.1,Sunday
Route 8 - Beach/Leisure,18,5,1,21.2,0,0,69,64,100,SYNTHETIC,27.1,1,0.64,Saturday
Route 10 - West Ring,19,5,1,26.4,1,0,29,23,100,SYNTHETIC,26.9,1,0.23,Saturday
Route 8 - Beach/Leisure,13,0,0,19.6,1,0,17,11,100,SYNTHETIC,27.1,0,0.11,Monday
Route 2 - Airport Link,14,6,1,22.9,0,0,22,15,100,SYNTHETIC,38.4,0,0.15,Sunday
Route 3 - University Shuttle,10,5,1,27.7,1,0,7,7,100,SYNTHETIC,37.7,0,0.07,Saturday
Route 4 - North Suburbs,21,6,1,25.7,0,0,7,5,100,SYNTHETIC,30.0,0,0.05,Sunday
Route 4 - North Suburbs,18,6,1,29.9,0,0,26,29,100,SYNTHETIC,30.0,1,0.29,Sunday
Route 4 - North Suburbs,11,1,0,38.6,0,0,16,25,100,SYNTHETIC,30.0,0,0.25,Tuesday
Route 3 - University Shuttle,8,0,0,25.6,1,0,72,86,100,SYNTHETIC,37.7,1,0.86,Monday
Route 7 - Hospital Line,9,4,0,16.3,1,0,73,42,100,SYNTHETIC,37.7,1,0.42,Friday
Route 2 - Airport Link,13,3,0,24.1,0,0,33,26,100,SYNTHETIC,38.4,0,0.26,Thursday
Route 8 - Beach/Leisure,21,0,0,23.8,0,0,15,8,100,SYNTHETIC,27.1,0,0.08,Monday
Route 7 - Hospital Line,18,1,0,24.9,1,0,58,69,100,SYNTHETIC,37.7,1,0.69,Tuesday
Route 10 - West Ring,9,6,1,32.0,0,0,29,19,100,SYNTHETIC,26.9,1,0.19,Sunday
Route 1 - City Centre Express,19,2,0,6.5,1,0,96,86,100,SYNTHETIC,55.2,1,0.86,Wednesday
Route 3 - University Shuttle,12,1,0,32.1,1,0,30,28,100,SYNTHETIC,37.7,0,0.28,Tuesday
Route 9 - East Corridor,19,4,0,34.8,0,0,60,55,100,SYNTHETIC,35.6,1,0.55,Friday
Route 5 - South Connector,9,4,0,24.5,0,0,45,33,100,SYNTHETIC,24.6,1,0.33,Friday
Route 6 - Industrial Park,16,2,0,24.7,0,0,34,37,100,SYNTHETIC,45.9,0,0.37,Wednesday
Route 1 - City Centre Express,20,5,1,18.1,0,1,61,31,100,SYNTHETIC,55.2,0,0.31,Saturday
Route 8 - Beach/Leisure,9,4,0,20.1,0,0,24,15,100,SYNTHETIC,27.1,1,0.15,Friday
Route 3 - University Shuttle,17,1,0,25.6,1,1,47,137,100,SYNTHETIC,37.7,1,1.37,Tuesday
Route 10 - West Ring,22,2,0,25.1,0,0,12,6,100,SYNTHETIC,26.9,0,0.06,Wednesday
Route 4 - North Suburbs,8,5,1,25.8,1,0,35,28,100,SYNTHETIC,30.0,1,0.28,Saturday
Route 2 - Airport Link,7,0,0,25.0,0,1,17,76,100,SYNTHETIC,38.4,1,0.76,Monday
Route 6 - Industrial Park,17,0,0,27.2,0,0,32,98,100,SYNTHETIC,45.9,1,0.98,Monday
Route 5 - South Connector,11,4,0,26.3,0,0,13,15,100,SYNTHETIC,24.6,0,0.15,Friday
Route 5 - South Connector,7,3,0,11.8,1,0,10,42,100,SYNTHETIC,24.6,1,0.42,Thursday
Route 10 - West Ring,13,1,0,26.7,0,0,22,22,100,SYNTHETIC,26.9,0,0.22,Tuesday
Route 4 - North Suburbs,18,3,0,34.9,0,0,48,54,100,SYNTHETIC,30.0,1,0.54,Thursday
Route 4 - North Suburbs,10,1,0,19.8,0,0,41,17,100,SYNTHETIC,30.0,0,0.17,Tuesday
Route 7 - Hospital Line,11,2,0,32.0,0,0,28,24,100,SYNTHETIC,37.7,0,0.24,Wednesday
Route 2 - Airport Link,19,1,0,12.7,0,0,57,39,100,SYNTHETIC,38.4,1,0.39,Tuesday
Route 9 - East Corridor,14,4,0,19.8,0,0,24,19,100,SYNTHETIC,35.6,0,0.19,Friday
Route 3 - University Shuttle,19,4,0,14.9,0,0,93,56,100,SYNTHETIC,37.7,1,0.56,Friday
Route 3 - University Shuttle,13,6,1,31.0,0,0,3,5,100,SYNTHETIC,37.7,0,0.05,Sunday
Route 1 - City Centre Express,21,0,0,33.1,0,0,29,17,100,SYNTHETIC,55.2,0,0.17,Monday
Route 4 - North Suburbs,17,2,0,19.2,0,0,25,53,100,SYNTHETIC,30.0,1,0.53,Wednesday
Route 6 - Industrial Park,7,1,0,29.4,0,0,13,93,100,SYNTHETIC,45.9,1,0.93,Tuesday
Route 8 - Beach/Leisure,19,4,0,33.2,0,0,36,39,100,SYNTHETIC,27.1,1,0.39,Friday
Route 9 - East Corridor,14,3,0,19.7,0,0,23,17,100,SYNTHETIC,35.6,0,0.17,Thursday
Route 8 - Beach/Leisure,8,6,1,21.0,0,1,54,58,100,SYNTHETIC,27.1,1,0.58,Sunday
Route 4 - North Suburbs,8,6,1,25.9,0,0,24,32,100,SYNTHETIC,30.0,1,0.32,Sunday
Route 9 - East Corridor,17,5,1,13.3,0,1,22,48,100,SYNTHETIC,35.6,1,0.48,Saturday
Route 2 - Airport Link,7,1,0,20.9,0,0,14,50,100,SYNTHETIC,38.4,1,0.5,Tuesday
Route 3 - University Shuttle,10,0,0,37.1,0,0,51,20,100,SYNTHETIC,37.7,0,0.2,Monday
Route 4 - North Suburbs,8,6,1,16.0,0,1,38,44,100,SYNTHETIC,30.0,1,0.44,Sunday
Route 6 - Industrial Park,13,6,1,26.8,0,0,6,0,100,SYNTHETIC,45.9,0,0.0,Sunday
Route 3 - University Shuttle,12,1,0,24.2,1,0,21,30,100,SYNTHETIC,37.7,0,0.3,Tuesday
Route 10 - West Ring,14,0,0,18.7,1,0,25,22,100,SYNTHETIC,26.9,0,0.22,Monday
Route 3 - University Shuttle,10,4,0,21.8,0,0,54,21,100,SYNTHETIC,37.7,0,0.21,Friday
Route 4 - North Suburbs,6,4,0,34.0,0,0,0,6,100,SYNTHETIC,30.0,0,0.06,Friday
Route 7 - Hospital Line,16,6,1,24.4,0,0,18,26,100,SYNTHETIC,37.7,0,0.26,Sunday
Route 5 - South Connector,12,4,0,25.7,1,0,21,22,100,SYNTHETIC,24.6,0,0.22,Friday
Route 5 - South Connector,17,5,1,32.8,0,0,14,23,100,SYNTHETIC,24.6,1,0.23,Saturday
Route 10 - West Ring,7,5,1,17.7,0,0,6,18,100,SYNTHETIC,26.9,1,0.18,Saturday
Route 5 - South Connector,5,0,0,11.6,0,0,0,0,100,SYNTHETIC,24.6,0,0.0,Monday
Route 2 - Airport Link,9,1,0,34.1,1,0,67,49,100,SYNTHETIC,38.4,1,0.49,Tuesday
Route 8 - Beach/Leisure,13,5,1,21.1,1,0,26,28,100,SYNTHETIC,27.1,0,0.28,Saturday
Route 8 - Beach/Leisure,12,1,0,27.1,1,0,17,14,100,SYNTHETIC,27.1,0,0.14,Tuesday
Route 3 - University Shuttle,18,1,0,13.9,0,0,75,77,100,SYNTHETIC,37.7,1,0.77,Tuesday
Route 9 - East Corridor,12,5,1,23.1,0,1,16,14,100,SYNTHETIC,35.6,0,0.14,Saturday
Route 4 - North Suburbs,15,1,0,11.2,1,0,19,20,100,SYNTHETIC,30.0,0,0.2,Tuesday
Route 2 - Airport Link,16,1,0,20.5,0,0,21,33,100,SYNTHETIC,38.4,0,0.33,Tuesday
Route 2 - Airport Link,6,0,0,14.8,1,0,6,16,100,SYNTHETIC,38.4,0,0.16,Monday
Route 8 - Beach/Leisure,14,3,0,13.0,0,0,15,7,100,SYNTHETIC,27.1,0,0.07,Thursday
Route 3 - University Shuttle,11,4,0,17.6,1,0,17,30,100,SYNTHETIC,37.7,0,0.3,Friday
Route 5 - South Connector,12,5,1,1.7,1,0,13,11,100,SYNTHETIC,24.6,0,0.11,Saturday
Route 8 - Beach/Leisure,7,6,1,10.7,1,0,12,42,100,SYNTHETIC,27.1,1,0.42,Sunday
Route 9 - East Corridor,18,4,0,26.3,0,0,55,68,100,SYNTHETIC,35.6,1,0.68,Friday
Route 5 - South Connector,21,5,1,22.8,0,0,7,9,100,SYNTHETIC,24.6,0,0.09,Saturday
Route 10 - West Ring,6,1,0,11.4,0,0,0,15,100,SYNTHETIC,26.9,0,0.15,Tuesday
Route 4 - North Suburbs,16,2,0,24.4,1,1,31,40,100,SYNTHETIC,30.0,0,0.4,Wednesday
Route 9 - East Corridor,18,2,0,13.0,0,0,55,64,100,SYNTHETIC,35.6,1,0.64,Wednesday
Route 3 - University Shuttle,10,0,0,25.8,0,0,71,19,100,SYNTHETIC,37.7,0,0.19,Monday
Route 1 - City Centre Express,18,6,1,19.1,0,0,58,58,100,SYNTHETIC,55.2,1,0.58,Sunday
Route 8 - Beach/Leisure,16,1,0,17.4,1,0,22,23,100,SYNTHETIC,27.1,0,0.23,Tuesday
Route 8 - Beach/Leisure,20,3,0,19.3,0,0,37,18,100,SYNTHETIC,27.1,0,0.18,Thursday
Route 10 - West Ring,22,2,0,40.5,0,0,14,5,100,SYNTHETIC,26.9,0,0.05,Wednesday
Route 10 - West Ring,6,0,0,13.9,0,0,0,6,100,SYNTHETIC,26.9,0,0.06,Monday
Route 2 - Airport Link,13,6,1,21.8,0,0,26,25,100,SYNTHETIC,38.4,0,0.25,Sunday
Route 7 - Hospital Line,15,1,0,26.3,0,0,23,22,100,SYNTHETIC,37.7,0,0.22,Tuesday
Route 8 - Beach/Leisure,8,0,0,12.3,0,0,25,25,100,SYNTHETIC,27.1,1,0.25,Monday
Route 7 - Hospital Line,11,2,0,7.2,1,0,24,29,100,SYNTHETIC,37.7,0,0.29,Wednesday
Route 1 - City Centre Express,22,1,0,15.2,1,0,25,13,100,SYNTHETIC,55.2,0,0.13,Tuesday
Route 1 - City Centre Express,5,6,1,26.1,0,0,2,5,100,SYNTHETIC,55.2,0,0.05,Sunday
Route 7 - Hospital Line,13,1,0,17.3,1,0,29,26,100,SYNTHETIC,37.7,0,0.26,Tuesday
Route 9 - East Corridor,19,2,0,18.2,0,0,61,56,100,SYNTHETIC,35.6,1,0.56,Wednesday
Route 2 - Airport Link,11,1,0,27.3,0,0,22,27,100,SYNTHETIC,38.4,0,0.27,Tuesday
Route 1 - City Centre Express,14,0,0,13.5,1,0,39,32,100,SYNTHETIC,55.2,0,0.32,Monday
Route 5 - South Connector,22,0,0,19.3,1,0,12,3,100,SYNTHETIC,24.6,0,0.03,Monday
Route 4 - North Suburbs,13,3,0,7.9,0,0,23,14,100,SYNTHETIC,30.0,0,0.14,Thursday
Route 10 - West Ring,8,1,0,22.6,0,0,43,43,100,SYNTHETIC,26.9,1,0.43,Tuesday
Route 10 - West Ring,7,0,0,21.8,0,0,13,44,100,SYNTHETIC,26.9,1,0.44,Monday
Route 6 - Industrial Park,21,2,0,26.4,0,1,36,27,100,SYNTHETIC,45.9,0,0.27,Wednesday
Route 10 - West Ring,9,1,0,10.8,0,0,51,29,100,SYNTHETIC,26.9,1,0.29,Tuesday
Route 3 - University Shuttle,14,2,0,18.5,0,0,20,21,100,SYNTHETIC,37.7,0,0.21,Wednesday
Route 10 - West Ring,7,6,1,9.8,0,0,6,22,100,SYNTHETIC,26.9,1,0.22,Sunday
Route 5 - South Connector,12,2,0,18.0,0,0,17,21,100,SYNTHETIC,24.6,0,0.21,Wednesday
Route 5 - South Connector,20,4,0,31.9,1,0,31,19,100,SYNTHETIC,24.6,0,0.19,Friday
Route 1 - City Centre Express,14,5,1,17.4,0,0,21,18,100,SYNTHETIC,55.2,0,0.18,Saturday
Route 2 - Airport Link,21,0,0,9.1,0,0,27,16,100,SYNTHETIC,38.4,0,0.16,Monday
Route 2 - Airport Link,9,3,0,14.6,1,0,66,50,100,SYNTHETIC,38.4,1,0.5,Thursday
Route 5 - South Connector,14,3,0,7.1,0,0,17,15,100,SYNTHETIC,24.6,0,0.15,Thursday
Route 2 - Airport Link,19,3,0,9.6,0,0,57,45,100,SYNTHETIC,38.4,1,0.45,Thursday
Route 2 - Airport Link,13,1,0,25.4,1,0,36,33,100,SYNTHETIC,38.4,0,0.33,Tuesday
Route 7 - Hospital Line,10,3,0,8.4,0,0,44,25,100,SYNTHETIC,37.7,0,0.25,Thursday
Route 9 - East Corridor,19,0,0,22.5,1,0,78,56,100,SYNTHETIC,35.6,1,0.56,Monday
Route 1 - City Centre Express,12,6,1,20.2,1,1,32,34,100,SYNTHETIC,55.2,0,0.34,Sunday
Route 6 - Industrial Park,15,4,0,15.7,0,0,31,28,100,SYNTHETIC,45.9,0,0.28,Friday
Route 10 - West Ring,22,0,0,21.8,0,0,12,0,100,SYNTHETIC,26.9,0,0.0,Monday
Route 5 - South Connector,8,3,0,12.5,0,0,35,49,100,SYNTHETIC,24.6,1,0.49,Thursday
Route 2 - Airport Link,10,6,1,26.7,0,0,35,20,100,SYNTHETIC,38.4,0,0.2,Sunday
Route 1 - City Centre Express,6,5,1,14.4,0,1,4,17,100,SYNTHETIC,55.2,0,0.17,Saturday
Route 10 - West Ring,12,1,0,16.9,0,1,26,31,100,SYNTHETIC,26.9,0,0.31,Tuesday
Route 5 - South Connector,8,6,1,16.0,0,0,25,28,100,SYNTHETIC,24.6,1,0.28,Sunday
Route 2 - Airport Link,17,1,0,25.5,0,0,30,58,100,SYNTHETIC,38.4,1,0.58,Tuesday
Route 9 - East Corridor,8,1,0,24.4,0,0,54,74,100,SYNTHETIC,35.6,1,0.74,Tuesday
Route 9 - East Corridor,17,1,0,-1.0,0,0,28,54,100,SYNTHETIC,35.6,1,0.54,Tuesday
Route 8 - Beach/Leisure,9,6,1,22.0,0,0,46,25,100,SYNTHETIC,27.1,1,0.25,Sunday
Route 1 - City Centre Express,11,5,1,6.0,0,0,19,19,100,SYNTHETIC,55.2,0,0.19,Saturday
Route 1 - City Centre Express,11,3,0,17.3,1,0,36,29,100,SYNTHETIC,55.2,0,0.29,Thursday
Route 3 - University Shuttle,17,4,0,19.1,0,0,30,72,100,SYNTHETIC,37.7,1,0.72,Friday
Route 2 - Airport Link,13,1,0,17.2,0,0,29,23,100,SYNTHETIC,38.4,0,0.23,Tuesday
Route 6 - Industrial Park,11,0,0,24.0,0,0,33,27,100,SYNTHETIC,45.9,0,0.27,Monday
Route 4 - North Suburbs,19,5,1,25.8,0,1,49,35,100,SYNTHETIC,30.0,1,0.35,Saturday
Route 8 - Beach/Leisure,15,6,1,13.8,0,0,22,24,100,SYNTHETIC,27.1,0,0.24,Sunday
Route 2 - Airport Link,9,0,0,13.5,0,0,68,42,100,SYNTHETIC,38.4,1,0.42,Monday
Route 8 - Beach/Leisure,20,0,0,19.7,0,1,58,23,100,SYNTHETIC,27.1,0,0.23,Monday
Route 10 - West Ring,11,3,0,7.7,0,0,13,17,100,SYNTHETIC,26.9,0,0.17,Thursday
Route 2 - Airport Link,6,0,0,16.2,1,1,6,29,100,SYNTHETIC,38.4,0,0.29,Monday
Route 7 - Hospital Line,14,5,1,30.8,1,0,23,18,100,SYNTHETIC,37.7,0,0.18,Saturday
Route 6 - Industrial Park,8,6,1,7.9,0,0,14,13,100,SYNTHETIC,45.9,1,0.13,Sunday
Route 1 - City Centre Express,9,1,0,17.3,0,0,102,78,100,SYNTHETIC,55.2,1,0.78,Tuesday
Route 3 - University Shuttle,18,2,0,15.3,1,0,94,97,100,SYNTHETIC,37.7,1,0.97,Wednesday
Route 8 - Beach/Leisure,8,6,1,36.0,1,0,38,40,100,SYNTHETIC,27.1,1,0.4,Sunday
Route 9 - East Corridor,18,2,0,15.7,0,0,65,54,100,SYNTHETIC,35.6,1,0.54,Wednesday
Route 4 - North Suburbs,20,1,0,16.2,0,0,46,17,100,SYNTHETIC,30.0,0,0.17,Tuesday
Route 2 - Airport Link,16,0,0,11.8,0,0,28,31,100,SYNTHETIC,38.4,0,0.31,Monday
Route 3 - University Shuttle,17,5,1,20.1,0,0,8,15,100,SYNTHETIC,37.7,1,0.15,Saturday
Route 9 - East Corridor,17,6,1,22.2,0,1,25,39,100,SYNTHETIC,35.6,1,0.39,Sunday
Route 6 - Industrial Park,23,0,0,12.9,0,0,14,4,100,SYNTHETIC,45.9,0,0.04,Monday
Route 5 - South Connector,11,5,1,27.9,0,0,8,9,100,SYNTHETIC,24.6,0,0.09,Saturday
Route 1 - City Centre Express,8,1,0,22.2,1,0,101,119,100,SYNTHETIC,55.2,1,1.19,Tuesday
Route 8 - Beach/Leisure,14,0,0,26.8,0,0,19,15,100,SYNTHETIC,27.1,0,0.15,Monday
Route 5 - South Connector,15,2,0,17.4,1,0,18,21,100,SYNTHETIC,24.6,0,0.21,Wednesday
Route 6 - Industrial Park,8,3,0,21.9,1,0,81,130,100,SYNTHETIC,45.9,1,1.3,Thursday
Route 9 - East Corridor,16,5,1,18.3,1,0,10,19,100,SYNTHETIC,35.6,0,0.19,Saturday
Route 6 - Industrial Park,5,4,0,31.7,1,0,0,5,100,SYNTHETIC,45.9,0,0.05,Friday
Route 10 - West Ring,20,1,0,20.9,0,0,37,16,100,SYNTHETIC,26.9,0,0.16,Tuesday
Route 6 - Industrial Park,9,4,0,20.1,0,0,92,65,100,SYNTHETIC,45.9,1,0.65,Friday
Route 4 - North Suburbs,6,6,1,16.3,0,1,5,3,100,SYNTHETIC,30.0,0,0.03,Sunday
Route 10 - West Ring,7,4,0,15.9,0,0,9,43,100,SYNTHETIC,26.9,1,0.43,Friday
Route 7 - Hospital Line,9,1,0,21.9,0,0,76,49,100,SYNTHETIC,37.7,1,0.49,Tuesday
Route 8 - Beach/Leisure,10,0,0,26.6,1,0,17,18,100,SYNTHETIC,27.1,0,0.18,Monday
Route 3 - University Shuttle,6,3,0,14.5,0,0,2,13,100,SYNTHETIC,37.7,0,0.13,Thursday
Route 7 - Hospital Line,10,3,0,21.0,0,0,47,26,100,SYNTHETIC,37.7,0,0.26,Thursday
Route 6 - Industrial Park,8,2,0,21.5,0,0,92,111,100,SYNTHETIC,45.9,1,1.11,Wednesday
Route 2 - Airport Link,12,0,0,22.9,0,0,30,26,100,SYNTHETIC,38.4,0,0.26,Monday
Route 3 - University Shuttle,12,0,0,6.3,1,0,24,26,100,SYNTHETIC,37.7,0,0.26,Monday
Route 10 - West Ring,11,3,0,12.6,0,0,20,19,100,SYNTHETIC,26.9,0,0.19,Thursday
Route 6 - Industrial Park,11,6,1,9.1,0,0,0,2,100,SYNTHETIC,45.9,0,0.02,Sunday
Route 8 - Beach/Leisure,7,4,0,20.3,0,0,10,23,100,SYNTHETIC,27.1,1,0.23,Friday
Route 2 - Airport Link,6,3,0,12.8,1,0,0,15,100,SYNTHETIC,38.4,0,0.15,Thursday
Route 3 - University Shuttle,8,6,1,16.0,0,0,16,17,100,SYNTHETIC,37.7,1,0.17,Sunday
Route 10 - West Ring,18,4,0,10.4,0,0,49,46,100,SYNTHETIC,26.9,1,0.46,Friday
Route 5 - South Connector,22,5,1,16.8,0,0,9,0,100,SYNTHETIC,24.6,0,0.0,Saturday
Route 9 - East Corridor,20,4,0,11.0,0,0,42,24,100,SYNTHETIC,35.6,0,0.24,Friday
Route 9 - East Corridor,14,5,1,26.1,1,0,11,13,100,SYNTHETIC,35.6,0,0.13,Saturday
Route 4 - North Suburbs,15,3,0,23.8,0,1,31,29,100,SYNTHETIC,30.0,0,0.29,Thursday
Route 10 - West Ring,10,4,0,21.2,1,0,42,15,100,SYNTHETIC,26.9,0,0.15,Friday
Route 8 - Beach/Leisure,18,4,0,17.6,1,0,48,55,100,SYNTHETIC,27.1,1,0.55,Friday
Route 2 - Airport Link,18,5,1,3.7,0,0,37,58,100,SYNTHETIC,38.4,1,0.58,Saturday
Route 1 - City Centre Express,19,6,1,16.3,0,0,65,48,100,SYNTHETIC,55.2,1,0.48,Sunday
Route 2 - Airport Link,20,2,0,13.9,0,0,52,25,100,SYNTHETIC,38.4,0,0.25,Wednesday
Route 8 - Beach/Leisure,13,4,0,22.0,1,0,18,20,100,SYNTHETIC,27.1,0,0.2,Friday
Route 2 - Airport Link,18,0,0,25.0,1,0,62,67,100,SYNTHETIC,38.4,1,0.67,Monday
Route 3 - University Shuttle,18,3,0,22.6,0,0,80,78,100,SYNTHETIC,37.7,1,0.78,Thursday
Route 5 - South Connector,10,6,1,30.1,0,0,21,12,100,SYNTHETIC,24.6,0,0.12,Sunday
Route 2 - Airport Link,20,4,0,15.5,1,0,52,27,100,SYNTHETIC,38.4,0,0.27,Friday
Route 4 - North Suburbs,7,1,0,15.1,0,0,10,46,100,SYNTHETIC,30.0,1,0.46,Tuesday
Route 7 - Hospital Line,23,4,0,28.3,1,0,10,6,100,SYNTHETIC,37.7,0,0.06,Friday
Route 10 - West Ring,18,2,0,21.3,0,0,45,48,100,SYNTHETIC,26.9,1,0.48,Wednesday
Route 5 - South Connector,7,3,0,18.0,1,0,10,44,100,SYNTHETIC,24.6,1,0.44,Thursday
Route 8 - Beach/Leisure,17,1,0,34.8,0,0,13,46,100,SYNTHETIC,27.1,1,0.46,Tuesday
Route 6 - Industrial Park,6,4,0,24.6,0,0,6,10,100,SYNTHETIC,45.9,0,0.1,Friday
Route 5 - South Connector,18,1,0,18.5,0,0,44,42,100,SYNTHETIC,24.6,1,0.42,Tuesday
Route 6 - Industrial Park,18,3,0,14.5,0,0,97,111,100,SYNTHETIC,45.9,1,1.11,Thursday
Route 10 - West Ring,16,6,1,30.6,0,0,12,10,100,SYNTHETIC,26.9,0,0.1,Sunday
Route 1 - City Centre Express,19,5,1,21.7,0,0,59,44,100,SYNTHETIC,55.2,1,0.44,Saturday
Route 6 - Industrial Park,7,2,0,20.2,0,0,15,66,100,SYNTHETIC,45.9,1,0.66,Wednesday
Route 1 - City Centre Express,10,6,1,25.4,0,0,49,18,100,SYNTHETIC,55.2,0,0.18,Sunday
Route 9 - East Corridor,12,0,0,27.0,0,0,25,26,100,SYNTHETIC,35.6,0,0.26,Monday
Route 7 - Hospital Line,6,6,1,24.4,1,0,7,11,100,SYNTHETIC,37.7,0,0.11,Sunday
Route 1 - City Centre Express,13,2,0,27.1,1,0,36,32,100,SYNTHETIC,55.2,0,0.32,Wednesday
Route 7 - Hospital Line,9,5,1,23.6,1,0,48,36,100,SYNTHETIC,37.7,1,0.36,Saturday
Route 5 - South Connector,12,6,1,24.4,0,0,9,11,100,SYNTHETIC,24.6,0,0.11,Sunday
Route 1 - City Centre Express,12,4,0,14.1,1,0,32,39,100,SYNTHETIC,55.2,0,0.39,Friday
Route 10 - West Ring,19,4,0,34.5,0,0,40,33,100,SYNTHETIC,26.9,1,0.33,Friday
Route 4 - North Suburbs,10,5,1,10.1,0,0,21,10,100,SYNTHETIC,30.0,0,0.1,Saturday
Route 1 - City Centre Express,20,1,0,22.5,1,0,90,33,100,SYNTHETIC,55.2,0,0.33,Tuesday
Route 7 - Hospital Line,12,1,0,9.3,0,0,25,21,100,SYNTHETIC,37.7,0,0.21,Tuesday
Route 4 - North Suburbs,11,2,0,19.2,0,0,20,23,100,SYNTHETIC,30.0,0,0.23,Wednesday
Route 7 - Hospital Line,14,3,0,15.4,1,0,23,25,100,SYNTHETIC,37.7,0,0.25,Thursday
Route 2 - Airport Link,12,5,1,21.1,0,0,23,28,100,SYNTHETIC,38.4,0,0.28,Saturday
Route 9 - East Corridor,9,1,0,22.7,1,0,73,50,100,SYNTHETIC,35.6,1,0.5,Tuesday
Route 5 - South Connector,14,3,0,12.3,0,0,18,18,100,SYNTHETIC,24.6,0,0.18,Thursday
Route 5 - South Connector,8,0,0,19.8,0,0,32,49,100,SYNTHETIC,24.6,1,0.49,Monday
Route 9 - East Corridor,11,0,0,31.1,1,0,20,30,100,SYNTHETIC,35.6,0,0.3,Monday
Route 6 - Industrial Park,15,6,1,9.5,1,0,3,7,100,SYNTHETIC,45.9,0,0.07,Sunday
Route 1 - City Centre Express,12,5,1,13.2,0,0,22,22,100,SYNTHETIC,55.2,0,0.22,Saturday
Route 6 - Industrial Park,19,6,1,26.9,0,1,22,13,100,SYNTHETIC,45.9,1,0.13,Sunday
Route 7 - Hospital Line,9,2,0,20.6,1,0,81,51,100,SYNTHETIC,37.7,1,0.51,Wednesday
Route 4 - North Suburbs,21,3,0,21.2,0,1,31,17,100,SYNTHETIC,30.0,0,0.17,Thursday
Route 2 - Airport Link,18,4,0,28.2,0,0,55,53,100,SYNTHETIC,38.4,1,0.53,Friday
Route 1 - City Centre Express,21,1,0,13.6,0,0,34,27,100,SYNTHETIC,55.2,0,0.27,Tuesday
Route 9 - East Corridor,19,5,1,15.8,1,0,34,25,100,SYNTHETIC,35.6,1,0.25,Saturday
Route 1 - City Centre Express,8,4,0,14.9,1,0,90,86,100,SYNTHETIC,55.2,1,0.86,Friday
Route 6 - Industrial Park,14,2,0,17.2,0,0,25,30,100,SYNTHETIC,45.9,0,0.3,Wednesday
Route 9 - East Corridor,8,3,0,30.7,0,0,53,62,100,SYNTHETIC,35.6,1,0.62,Thursday
Route 4 - North Suburbs,19,2,0,6.4,1,0,64,51,100,SYNTHETIC,30.0,1,0.51,Wednesday
Route 3 - University Shuttle,16,5,1,10.4,1,0,9,3,100,SYNTHETIC,37.7,0,0.03,Saturday
Route 8 - Beach/Leisure,9,6,1,9.1,1,0,40,29,100,SYNTHETIC,27.1,1,0.29,Sunday
Route 7 - Hospital Line,20,6,1,31.2,0,0,28,21,100,SYNTHETIC,37.7,0,0.21,Sunday
Route 1 - City Centre Express,7,5,1,15.1,0,0,12,45,100,SYNTHETIC,55.2,1,0.45,Saturday
Route 6 - Industrial Park,15,2,0,17.4,0,0,27,29,100,SYNTHETIC,45.9,0,0.29,Wednesday
Route 1 - City Centre Express,17,5,1,7.1,1,0,22,61,100,SYNTHETIC,55.2,1,0.61,Saturday
Route 4 - North Suburbs,7,1,0,17.9,0,1,6,70,100,SYNTHETIC,30.0,1,0.7,Tuesday
Route 4 - North Suburbs,16,6,1,26.9,0,0,7,14,100,SYNTHETIC,30.0,0,0.14,Sunday
Route 9 - East Corridor,18,1,0,22.0,0,0,59,65,100,SYNTHETIC,35.6,1,0.65,Tuesday
Route 10 - West Ring,7,2,0,19.1,0,0,6,45,100,SYNTHETIC,26.9,1,0.45,Wednesday
Route 7 - Hospital Line,14,0,0,7.5,0,0,26,28,100,SYNTHETIC,37.7,0,0.28,Monday
Route 8 - Beach/Leisure,9,0,0,17.4,1,0,27,29,100,SYNTHETIC,27.1,1,0.29,Monday
Route 1 - City Centre Express,17,2,0,21.2,0,0,41,98,100,SYNTHETIC,55.2,1,0.98,Wednesday
Route 1 - City Centre Express,7,3,0,12.1,0,0,23,85,100,SYNTHETIC,55.2,1,0.85,Thursday
Route 8 - Beach/Leisure,20,0,0,25.2,1,0,40,18,100,SYNTHETIC,27.1,0,0.18,Monday
Route 5 - South Connector,20,5,1,27.1,0,0,18,9,100,SYNTHETIC,24.6,0,0.09,Saturday
Route 6 - Industrial Park,8,0,0,15.8,0,0,83,83,100,SYNTHETIC,45.9,1,0.83,Monday
Route 7 - Hospital Line,11,6,1,25.8,0,0,18,17,100,SYNTHETIC,37.7,0,0.17,Sunday
Route 4 - North Suburbs,16,1,0,19.1,0,0,22,29,100,SYNTHETIC,30.0,0,0.29,Tuesday
Route 7 - Hospital Line,17,2,0,29.2,0,0,28,50,100,SYNTHETIC,37.7,1,0.5,Wednesday
Route 8 - Beach/Leisure,13,1,0,36.3,0,0,14,11,100,SYNTHETIC,27.1,0,0.11,Tuesday
Route 3 - University Shuttle,8,5,1,11.3,0,0,12,15,100,SYNTHETIC,37.7,1,0.15,Saturday
Route 7 - Hospital Line,7,5,1,26.2,0,0,8,41,100,SYNTHETIC,37.7,1,0.41,Saturday
Route 2 - Airport Link,23,0,0,30.4,0,0,14,12,100,SYNTHETIC,38.4,0,0.12,Monday
Route 4 - North Suburbs,13,0,0,12.2,0,0,24,18,100,SYNTHETIC,30.0,0,0.18,Monday
Route 8 - Beach/Leisure,19,4,0,15.4,0,0,44,36,100,SYNTHETIC,27.1,1,0.36,Friday
Route 10 - West Ring,14,6,1,15.3,0,0,13,9,100,SYNTHETIC,26.9,0,0.09,Sunday
Route 1 - City Centre Express,20,0,0,18.9,0,0,80,32,100,SYNTHETIC,55.2,0,0.32,Monday
Route 7 - Hospital Line,7,1,0,17.1,1,0,9,62,100,SYNTHETIC,37.7,1,0.62,Tuesday
Route 6 - Industrial Park,7,3,0,18.4,0,0,20,80,100,SYNTHETIC,45.9,1,0.8,Thursday
Route 7 - Hospital Line,20,0,0,26.7,0,1,73,47,100,SYNTHETIC,37.7,0,0.47,Monday
Route 8 - Beach/Leisure,21,2,0,4.8,0,0,7,12,100,SYNTHETIC,27.1,0,0.12,Wednesday
Route 1 - City Centre Express,10,0,0,12.2,0,0,60,28,100,SYNTHETIC,55.2,0,0.28,Monday
Route 8 - Beach/Leisure,11,3,0,25.4,0,0,17,18,100,SYNTHETIC,27.1,0,0.18,Thursday
Route 3 - University Shuttle,13,5,1,24.4,0,0,0,6,100,SYNTHETIC,37.7,0,0.06,Saturday
Route 2 - Airport Link,12,2,0,11.5,0,0,30,29,100,SYNTHETIC,38.4,0,0.29,Wednesday
Route 5 - South Connector,8,1,0,24.5,1,0,42,48,100,SYNTHETIC,24.6,1,0.48,Tuesday
Route 1 - City Centre Express,20,2,0,30.6,0,0,83,31,100,SYNTHETIC,55.2,0,0.31,Wednesday
Route 7 - Hospital Line,9,3,0,19.6,0,0,65,41,100,SYNTHETIC,37.7,1,0.41,Thursday
Route 6 - Industrial Park,17,1,0,11.9,0,0,38,73,100,SYNTHETIC,45.9,1,0.73,Tuesday
Route 6 - Industrial Park,7,0,0,27.0,0,0,16,87,100,SYNTHETIC,45.9,1,0.87,Monday
Route 1 - City Centre Express,6,1,0,33.8,1,0,5,17,100,SYNTHETIC,55.2,0,0.17,Tuesday
Route 8 - Beach/Leisure,17,6,1,12.9,0,0,24,68,100,SYNTHETIC,27.1,1,0.68,Sunday
Route 1 - City Centre Express,11,5,1,20.3,0,0,19,17,100,SYNTHETIC,55.2,0,0.17,Saturday
Route 3 - University Shuttle,17,0,0,28.7,0,0,24,66,100,SYNTHETIC,37.7,1,0.66,Monday
Route 4 - North Suburbs,7,2,0,20.9,0,0,13,54,100,SYNTHETIC,30.0,1,0.54,Wednesday
Route 8 - Beach/Leisure,21,2,0,6.0,0,0,15,9,100,SYNTHETIC,27.1,0,0.09,Wednesday
Route 5 - South Connector,18,1,0,23.5,0,0,42,45,100,SYNTHETIC,24.6,1,0.45,Tuesday
Route 9 - East Corridor,19,5,1,12.2,1,0,25,28,100,SYNTHETIC,35.6,1,0.28,Saturday
Route 10 - West Ring,8,6,1,9.8,1,0,20,33,100,SYNTHETIC,26.9,1,0.33,Sunday
Route 8 - Beach/Leisure,11,1,0,6.2,0,0,12,17,100,SYNTHETIC,27.1,0,0.17,Tuesday
Route 1 - City Centre Express,11,0,0,29.5,1,0,35,37,100,SYNTHETIC,55.2,0,0.37,Monday
Route 8 - Beach/Leisure,15,1,0,13.3,1,1,19,27,100,SYNTHETIC,27.1,0,0.27,Tuesday
Route 3 - University Shuttle,10,4,0,22.7,1,0,85,23,100,SYNTHETIC,37.7,0,0.23,Friday
Route 9 - East Corridor,7,5,1,24.6,0,0,5,24,100,SYNTHETIC,35.6,1,0.24,Saturday
Route 10 - West Ring,11,2,0,21.3,0,0,15,20,100,SYNTHETIC,26.9,0,0.2,Wednesday
Route 1 - City Centre Express,9,1,0,22.4,1,0,113,96,100,SYNTHETIC,55.2,1,0.96,Tuesday
Route 1 - City Centre Express,12,1,0,23.0,0,0,30,27,100,SYNTHETIC,55.2,0,0.27,Tuesday
Route 7 - Hospital Line,8,0,0,21.1,0,0,50,70,100,SYNTHETIC,37.7,1,0.7,Monday
Route 2 - Airport Link,9,0,0,13.9,0,0,68,36,100,SYNTHETIC,38.4,1,0.36,Monday
Route 10 - West Ring,16,2,0,13.2,1,0,22,26,100,SYNTHETIC,26.9,0,0.26,Wednesday
Route 6 - Industrial Park,12,4,0,19.2,0,0,31,32,100,SYNTHETIC,45.9,0,0.32,Friday
Route 6 - Industrial Park,11,0,0,19.0,1,0,34,35,100,SYNTHETIC,45.9,0,0.35,Monday
Route 9 - East Corridor,15,1,0,23.4,0,0,22,23,100,SYNTHETIC,35.6,0,0.23,Tuesday
Route 3 - University Shuttle,18,6,1,28.8,1,0,13,21,100,SYNTHETIC,37.7,1,0.21,Sunday
Route 6 - Industrial Park,12,6,1,22.8,0,0,7,8,100,SYNTHETIC,45.9,0,0.08,Sunday
Route 10 - West Ring,16,4,0,13.5,1,0,17,25,100,SYNTHETIC,26.9,0,0.25,Friday
Route 1 - City Centre Express,21,3,0,2.6,0,0,30,24,100,SYNTHETIC,55.2,0,0.24,Thursday
Route 2 - Airport Link,14,4,0,13.8,1,0,29,26,100,SYNTHETIC,38.4,0,0.26,Friday
Route 2 - Airport Link,20,2,0,9.2,0,0,44,25,100,SYNTHETIC,38.4,0,0.25,Wednesday
Route 4 - North Suburbs,18,1,0,14.2,0,0,43,48,100,SYNTHETIC,30.0,1,0.48,Tuesday
Route 2 - Airport Link,7,2,0,21.9,1,0,12,67,100,SYNTHETIC,38.4,1,0.67,Wednesday
Route 2 - Airport Link,13,4,0,20.7,0,0,29,26,100,SYNTHETIC,38.4,0,0.26,Friday
Route 9 - East Corridor,17,4,0,34.9,0,0,26,45,100,SYNTHETIC,35.6,1,0.45,Friday
Route 5 - South Connector,22,4,0,23.9,1,0,17,8,100,SYNTHETIC,24.6,0,0.08,Friday
Route 4 - North Suburbs,13,4,0,35.3,1,0,28,21,100,SYNTHETIC,30.0,0,0.21,Friday
Route 5 - South Connector,7,0,0,25.7,0,0,6,37,100,SYNTHETIC,24.6,1,0.37,Monday
Route 10 - West Ring,15,4,0,28.7,1,1,29,30,100,SYNTHETIC,26.9,0,0.3,Friday
Route 5 - South Connector,8,6,1,17.1,0,0,25,23,100,SYNTHETIC,24.6,1,0.23,Sunday
Route 5 - South Connector,18,4,0,11.4,0,0,38,52,100,SYNTHETIC,24.6,1,0.52,Friday
Route 10 - West Ring,14,4,0,16.4,0,0,18,22,100,SYNTHETIC,26.9,0,0.22,Friday
Route 1 - City Centre Express,17,1,0,19.9,0,1,67,150,100,SYNTHETIC,55.2,1,1.5,Tuesday
Route 5 - South Connector,19,5,1,15.0,0,0,22,19,100,SYNTHETIC,24.6,1,0.19,Saturday
Route 8 - Beach/Leisure,16,3,0,12.0,0,0,18,22,100,SYNTHETIC,27.1,0,0.22,Thursday
Route 6 - Industrial Park,16,1,0,23.3,0,0,28,38,100,SYNTHETIC,45.9,0,0.38,Tuesday
Route 9 - East Corridor,18,3,0,12.0,0,0,57,68,100,SYNTHETIC,35.6,1,0.68,Thursday
Route 9 - East Corridor,19,0,0,7.7,1,1,110,86,100,SYNTHETIC,35.6,1,0.86,Monday
Route 4 - North Suburbs,19,6,1,11.0,0,0,27,22,100,SYNTHETIC,30.0,1,0.22,Sunday
Route 9 - East Corridor,6,4,0,18.1,0,0,3,14,100,SYNTHETIC,35.6,0,0.14,Friday
Route 3 - University Shuttle,15,2,0,12.1,0,0,16,22,100,SYNTHETIC,37.7,0,0.22,Wednesday
Route 3 - University Shuttle,9,5,1,18.2,0,1,25,18,100,SYNTHETIC,37.7,1,0.18,Saturday
Route 10 - West Ring,19,0,0,24.8,0,0,52,34,100,SYNTHETIC,26.9,1,0.34,Monday
Route 1 - City Centre Express,17,2,0,24.6,0,0,38,85,100,SYNTHETIC,55.2,1,0.85,Wednesday
Route 4 - North Suburbs,12,4,0,14.7,0,0,23,15,100,SYNTHETIC,30.0,0,0.15,Friday
Route 7 - Hospital Line,8,0,0,9.6,1,1,93,112,100,SYNTHETIC,37.7,1,1.12,Monday
Route 5 - South Connector,11,4,0,15.4,0,0,16,20,100,SYNTHETIC,24.6,0,0.2,Friday
Route 9 - East Corridor,17,5,1,25.2,1,0,20,37,100,SYNTHETIC,35.6,1,0.37,Saturday
Route 3 - University Shuttle,8,4,0,27.1,0,0,71,77,100,SYNTHETIC,37.7,1,0.77,Friday
Route 6 - Industrial Park,7,1,0,22.8,0,0,14,89,100,SYNTHETIC,45.9,1,0.89,Tuesday
Route 2 - Airport Link,20,5,1,29.6,0,0,40,24,100,SYNTHETIC,38.4,0,0.24,Saturday
Route 3 - University Shuttle,18,2,0,33.8,0,0,74,83,100,SYNTHETIC,37.7,1,0.83,Wednesday
Route 2 - Airport Link,8,5,1,16.1,0,0,51,52,100,SYNTHETIC,38.4,1,0.52,Saturday
Route 8 - Beach/Leisure,10,4,0,31.9,0,0,14,12,100,SYNTHETIC,27.1,0,0.12,Friday
Route 3 - University Shuttle,21,0,0,17.9,0,0,26,11,100,SYNTHETIC,37.7,0,0.11,Monday
Route 7 - Hospital Line,17,0,0,28.2,0,0,31,55,100,SYNTHETIC,37.7,1,0.55,Monday
Route 4 - North Suburbs,16,0,0,25.7,0,0,22,26,100,SYNTHETIC,30.0,0,0.26,Monday
Route 6 - Industrial Park,10,0,0,4.2,1,0,90,29,100,SYNTHETIC,45.9,0,0.29,Monday
Route 9 - East Corridor,10,2,0,12.3,1,0,49,17,100,SYNTHETIC,35.6,0,0.17,Wednesday
Route 9 - East Corridor,6,0,0,10.2,0,0,0,9,100,SYNTHETIC,35.6,0,0.09,Monday
Route 1 - City Centre Express,17,6,1,5.7,0,0,24,55,100,SYNTHETIC,55.2,1,0.55,Sunday
Route 8 - Beach/Leisure,6,6,1,27.0,1,0,4,16,100,SYNTHETIC,27.1,0,0.16,Sunday
Route 10 - West Ring,1,1,0,36.6,0,0,4,0,100,SYNTHETIC,26.9,0,0.0,Tuesday
Route 7 - Hospital Line,18,2,0,17.9,0,0,56,65,100,SYNTHETIC,37.7,1,0.65,Wednesday
Route 2 - Airport Link,21,5,1,26.8,0,0,21,14,100,SYNTHETIC,38.4,0,0.14,Saturday
Route 7 - Hospital Line,18,4,0,31.9,0,0,49,58,100,SYNTHETIC,37.7,1,0.58,Friday
Route 7 - Hospital Line,13,4,0,21.7,0,0,23,23,100,SYNTHETIC,37.7,0,0.23,Friday
Route 7 - Hospital Line,14,6,1,19.8,0,0,16,13,100,SYNTHETIC,37.7,0,0.13,Sunday
Route 5 - South Connector,13,4,0,18.0,0,0,19,16,100,SYNTHETIC,24.6,0,0.16,Friday
Route 6 - Industrial Park,11,4,0,24.3,1,0,36,36,100,SYNTHETIC,45.9,0,0.36,Friday
Route 7 - Hospital Line,14,3,0,27.0,0,0,20,20,100,SYNTHETIC,37.7,0,0.2,Thursday
Route 5 - South Connector,13,3,0,23.7,1,0,22,17,100,SYNTHETIC,24.6,0,0.17,Thursday
Route 8 - Beach/Leisure,16,2,0,23.4,1,0,14,21,100,SYNTHETIC,27.1,0,0.21,Wednesday
Route 8 - Beach/Leisure,20,3,0,19.6,0,0,37,15,100,SYNTHETIC,27.1,0,0.15,Thursday
Route 4 - North Suburbs,23,6,1,7.3,0,1,3,2,100,SYNTHETIC,30.0,0,0.02,Sunday
Route 7 - Hospital Line,7,2,0,27.2,0,0,16,58,100,SYNTHETIC,37.7,1,0.58,Wednesday
Route 8 - Beach/Leisure,12,0,0,9.7,1,0,19,14,100,SYNTHETIC,27.1,0,0.14,Monday
Route 5 - South Connector,8,4,0,25.0,0,0,37,41,100,SYNTHETIC,24.6,1,0.41,Friday
Route 8 - Beach/Leisure,11,5,1,26.0,1,0,27,27,100,SYNTHETIC,27.1,0,0.27,Saturday
Route 2 - Airport Link,10,6,1,10.9,0,1,62,32,100,SYNTHETIC,38.4,0,0.32,Sunday
Route 4 - North Suburbs,8,3,0,15.1,0,0,56,62,100,SYNTHETIC,30.0,1,0.62,Thursday
Route 8 - Beach/Leisure,18,5,1,37.0,0,0,61,72,100,SYNTHETIC,27.1,1,0.72,Saturday
Route 9 - East Corridor,14,1,0,19.4,0,0,25,23,100,SYNTHETIC,35.6,0,0.23,Tuesday
Route 7 - Hospital Line,20,2,0,10.2,1,0,49,23,100,SYNTHETIC,37.7,0,0.23,Wednesday
Route 7 - Hospital Line,6,2,0,26.4,1,0,1,13,100,SYNTHETIC,37.7,0,0.13,Wednesday
Route 4 - North Suburbs,7,2,0,13.8,1,0,18,60,100,SYNTHETIC,30.0,1,0.6,Wednesday
Route 8 - Beach/Leisure,12,5,1,4.6,0,0,18,25,100,SYNTHETIC,27.1,0,0.25,Saturday
Route 4 - North Suburbs,7,6,1,24.2,0,0,4,26,100,SYNTHETIC,30.0,1,0.26,Sunday
Route 1 - City Centre Express,9,2,0,12.7,0,0,82,59,100,SYNTHETIC,55.2,1,0.59,Wednesday
Route 3 - University Shuttle,22,0,0,22.6,0,0,13,6,100,SYNTHETIC,37.7,0,0.06,Monday
Route 7 - Hospital Line,9,5,1,13.5,0,0,41,32,100,SYNTHETIC,37.7,1,0.32,Saturday
Route 10 - West Ring,8,5,1,25.7,0,0,20,21,100,SYNTHETIC,26.9,1,0.21,Saturday
Route 5 - South Connector,15,6,1,21.5,1,0,11,13,100,SYNTHETIC,24.6,0,0.13,Sunday
Route 9 - East Corridor,14,1,0,-0.7,0,0,23,19,100,SYNTHETIC,35.6,0,0.19,Tuesday
Route 8 - Beach/Leisure,16,5,1,23.1,0,0,19,22,100,SYNTHETIC,27.1,0,0.22,Saturday
Route 6 - Industrial Park,12,5,1,17.7,0,0,2,3,100,SYNTHETIC,45.9,0,0.03,Saturday
Route 9 - East Corridor,19,5,1,31.3,0,0,35,24,100,SYNTHETIC,35.6,1,0.24,Saturday
Route 5 - South Connector,8,5,1,23.2,0,0,26,24,100,SYNTHETIC,24.6,1,0.24,Saturday
Route 5 - South Connector,13,6,1,26.0,0,0,14,14,100,SYNTHETIC,24.6,0,0.14,Sunday
Route 8 - Beach/Leisure,17,3,0,14.3,0,0,13,44,100,SYNTHETIC,27.1,1,0.44,Thursday
Route 7 - Hospital Line,19,0,0,13.7,1,0,76,47,100,SYNTHETIC,37.7,1,0.47,Monday
Route 6 - Industrial Park,11,1,0,19.8,0,1,49,38,100,SYNTHETIC,45.9,0,0.38,Tuesday
Route 5 - South Connector,15,6,1,17.1,0,0,4,9,100,SYNTHETIC,24.6,0,0.09,Sunday
Route 10 - West Ring,7,5,1,30.7,1,1,11,35,100,SYNTHETIC,26.9,1,0.35,Saturday
Route 1 - City Centre Express,8,0,0,18.8,1,0,99,125,100,SYNTHETIC,55.2,1,1.25,Monday
Route 1 - City Centre Express,7,2,0,10.2,1,0,17,111,100,SYNTHETIC,55.2,1,1.11,Wednesday
Route 5 - South Connector,17,1,0,13.4,1,1,37,76,100,SYNTHETIC,24.6,1,0.76,Tuesday
Route 1 - City Centre Express,10,2,0,27.7,1,0,83,31,100,SYNTHETIC,55.2,0,0.31,Wednesday
Route 4 - North Suburbs,17,4,0,18.7,1,0,32,63,100,SYNTHETIC,30.0,1,0.63,Friday
Route 6 - Industrial Park,7,3,0,18.2,0,0,18,88,100,SYNTHETIC,45.9,1,0.88,Thursday
Route 5 - South Connector,19,3,0,28.5,0,0,35,29,100,SYNTHETIC,24.6,1,0.29,Thursday
Route 3 - University Shuttle,19,3,0,12.7,0,0,73,50,100,SYNTHETIC,37.7,1,0.5,Thursday
Route 3 - University Shuttle,7,4,0,2.1,0,0,12,71,100,SYNTHETIC,37.7,1,0.71,Friday
Route 7 - Hospital Line,6,4,0,13.2,0,0,8,8,100,SYNTHETIC,37.7,0,0.08,Friday
Route 10 - West Ring,7,0,0,21.9,0,0,1,40,100,SYNTHETIC,26.9,1,0.4,Monday
Route 8 - Beach/Leisure,19,0,0,18.0,0,0,42,33,100,SYNTHETIC,27.1,1,0.33,Monday
Route 6 - Industrial Park,9,2,0,7.5,0,0,81,68,100,SYNTHETIC,45.9,1,0.68,Wednesday
Route 2 - Airport Link,15,3,0,28.1,0,0,20,30,100,SYNTHETIC,38.4,0,0.3,Thursday
Route 3 - University Shuttle,12,6,1,21.3,0,0,8,5,100,SYNTHETIC,37.7,0,0.05,Sunday
Route 5 - South Connector,18,6,1,23.1,0,0,20,21,100,SYNTHETIC,24.6,1,0.21,Sunday
Route 3 - University Shuttle,14,4,0,23.4,1,0,19,18,100,SYNTHETIC,37.7,0,0.18,Friday
Route 7 - Hospital Line,14,0,0,9.6,1,0,26,26,100,SYNTHETIC,37.7,0,0.26,Monday
Route 4 - North Suburbs,22,0,0,22.4,0,0,20,7,100,SYNTHETIC,30.0,0,0.07,Monday
Route 9 - East Corridor,8,3,0,27.3,1,0,52,70,100,SYNTHETIC,35.6,1,0.7,Thursday
Route 3 - University Shuttle,19,4,0,29.1,1,0,91,77,100,SYNTHETIC,37.7,1,0.77,Friday
Route 5 - South Connector,7,4,0,25.8,1,0,14,37,100,SYNTHETIC,24.6,1,0.37,Friday
Route 8 - Beach/Leisure,13,0,0,24.1,0,0,16,13,100,SYNTHETIC,27.1,0,0.13,Monday
Route 3 - University Shuttle,20,6,1,6.1,0,0,18,4,100,SYNTHETIC,37.7,0,0.04,Sunday
Route 8 - Beach/Leisure,17,3,0,19.9,0,0,17,40,100,SYNTHETIC,27.1,1,0.4,Thursday
Route 6 - Industrial Park,17,4,0,12.3,1,0,46,102,100,SYNTHETIC,45.9,1,1.02,Friday
Route 7 - Hospital Line,9,0,0,30.3,0,0,73,48,100,SYNTHETIC,37.7,1,0.48,Monday
Route 5 - South Connector,12,5,1,29.0,0,0,10,14,100,SYNTHETIC,24.6,0,0.14,Saturday
Route 10 - West Ring,11,3,0,12.4,0,0,13,20,100,SYNTHETIC,26.9,0,0.2,Thursday
Route 8 - Beach/Leisure,14,1,0,19.6,0,0,12,13,100,SYNTHETIC,27.1,0,0.13,Tuesday
Route 2 - Airport Link,13,2,0,22.0,1,0,25,29,100,SYNTHETIC,38.4,0,0.29,Wednesday
Route 6 - Industrial Park,11,2,0,27.2,0,0,29,31,100,SYNTHETIC,45.9,0,0.31,Wednesday
Route 10 - West Ring,10,0,0,6.6,1,0,39,18,100,SYNTHETIC,26.9,0,0.18,Monday
Route 3 - University Shuttle,9,6,1,2.3,0,0,17,12,100,SYNTHETIC,37.7,1,0.12,Sunday
Route 6 - Industrial Park,11,5,1,20.3,0,0,4,6,100,SYNTHETIC,45.9,0,0.06,Saturday
Route 8 - Beach/Leisure,8,6,1,-0.3,0,0,37,39,100,SYNTHETIC,27.1,1,0.39,Sunday
Route 3 - University Shuttle,19,2,0,21.3,1,0,90,72,100,SYNTHETIC,37.7,1,0.72,Wednesday
Route 6 - Industrial Park,16,3,0,24.7,0,0,28,34,100,SYNTHETIC,45.9,0,0.34,Thursday
Route 6 - Industrial Park,8,3,0,29.9,0,0,84,111,100,SYNTHETIC,45.9,1,1.11,Thursday
Route 2 - Airport Link,17,3,0,15.0,0,0,40,48,100,SYNTHETIC,38.4,1,0.48,Thursday
Route 2 - Airport Link,19,4,0,21.3,0,0,62,49,100,SYNTHETIC,38.4,1,0.49,Friday
Route 6 - Industrial Park,9,3,0,25.2,0,0,95,66,100,SYNTHETIC,45.9,1,0.66,Thursday
Route 2 - Airport Link,8,5,1,10.6,1,0,51,67,100,SYNTHETIC,38.4,1,0.67,Saturday
Route 10 - West Ring,2,0,0,27.3,1,0,2,3,100,SYNTHETIC,26.9,0,0.03,Monday
Route 6 - Industrial Park,7,1,0,22.2,0,0,14,85,100,SYNTHETIC,45.9,1,0.85,Tuesday
Route 8 - Beach/Leisure,18,6,1,15.2,0,0,60,76,100,SYNTHETIC,27.1,1,0.76,Sunday
Route 4 - North Suburbs,22,6,1,21.1,1,0,8,3,100,SYNTHETIC,30.0,0,0.03,Sunday
Route 3 - University Shuttle,6,5,1,18.9,0,0,5,5,100,SYNTHETIC,37.7,0,0.05,Saturday
Route 5 - South Connector,18,2,0,26.2,0,0,43,38,100,SYNTHETIC,24.6,1,0.38,Wednesday
Route 8 - Beach/Leisure,7,3,0,17.1,0,0,6,24,100,SYNTHETIC,27.1,1,0.24,Thursday
Route 4 - North Suburbs,16,0,0,21.8,0,0,24,23,100,SYNTHETIC,30.0,0,0.23,Monday
Route 3 - University Shuttle,18,1,0,15.0,0,0,74,78,100,SYNTHETIC,37.7,1,0.78,Tuesday
Route 2 - Airport Link,11,5,1,12.5,0,0,23,23,100,SYNTHETIC,38.4,0,0.23,Saturday
Route 6 - Industrial Park,4,2,0,21.4,1,0,2,4,100,SYNTHETIC,45.9,0,0.04,Wednesday
Route 7 - Hospital Line,16,3,0,12.8,1,0,21,31,100,SYNTHETIC,37.7,0,0.31,Thursday
Route 6 - Industrial Park,22,0,0,26.4,0,0,11,19,100,SYNTHETIC,45.9,0,0.19,Monday
Route 3 - University Shuttle,9,3,0,24.7,1,0,98,58,100,SYNTHETIC,37.7,1,0.58,Thursday
Route 3 - University Shuttle,8,5,1,13.9,0,0,12,18,100,SYNTHETIC,37.7,1,0.18,Saturday
Route 4 - North Suburbs,8,4,0,21.7,0,0,42,61,100,SYNTHETIC,30.0,1,0.61,Friday
Route 4 - North Suburbs,15,3,0,13.8,1,0,18,24,100,SYNTHETIC,30.0,0,0.24,Thursday
Route 3 - University Shuttle,16,6,1,7.2,1,0,8,5,100,SYNTHETIC,37.7,0,0.05,Sunday
Route 10 - West Ring,18,1,0,15.2,0,0,46,48,100,SYNTHETIC,26.9,1,0.48,Tuesday
Route 4 - North Suburbs,18,2,0,19.6,0,0,57,52,100,SYNTHETIC,30.0,1,0.52,Wednesday
Route 3 - University Shuttle,20,4,0,24.2,0,0,66,29,100,SYNTHETIC,37.7,0,0.29,Friday
Route 7 - Hospital Line,18,3,0,21.2,1,0,60,65,100,SYNTHETIC,37.7,1,0.65,Thursday
Route 9 - East Corridor,9,6,1,27.3,0,0,36,23,100,SYNTHETIC,35.6,1,0.23,Sunday
Route 5 - South Connector,15,0,0,12.2,1,0,19,17,100,SYNTHETIC,24.6,0,0.17,Monday
Route 7 - Hospital Line,10,0,0,17.0,0,0,46,20,100,SYNTHETIC,37.7,0,0.2,Monday
Route 1 - City Centre Express,11,2,0,33.2,1,0,32,30,100,SYNTHETIC,55.2,0,0.3,Wednesday
Route 6 - Industrial Park,20,3,0,4.6,1,0,86,33,100,SYNTHETIC,45.9,0,0.33,Thursday
Route 1 - City Centre Express,17,6,1,16.4,0,0,22,52,100,SYNTHETIC,55.2,1,0.52,Sunday
Route 2 - Airport Link,22,3,0,11.4,1,0,22,7,100,SYNTHETIC,38.4,0,0.07,Thursday
Route 6 - Industrial Park,12,3,0,18.4,0,0,31,29,100,SYNTHETIC,45.9,0,0.29,Thursday
Route 3 - University Shuttle,15,1,0,16.5,0,0,22,25,100,SYNTHETIC,37.7,0,0.25,Tuesday
Route 1 - City Centre Express,14,3,0,24.8,1,0,42,33,100,SYNTHETIC,55.2,0,0.33,Thursday
Route 2 - Airport Link,7,3,0,22.0,0,0,10,54,100,SYNTHETIC,38.4,1,0.54,Thursday
Route 8 - Beach/Leisure,9,4,0,9.6,0,0,25,16,100,SYNTHETIC,27.1,1,0.16,Friday
Route 6 - Industrial Park,15,4,0,15.3,0,0,25,31,100,SYNTHETIC,45.9,0,0.31,Friday
Route 4 - North Suburbs,7,3,0,20.0,1,0,13,52,100,SYNTHETIC,30.0,1,0.52,Thursday
Route 10 - West Ring,20,1,0,25.9,0,0,42,19,100,SYNTHETIC,26.9,0,0.19,Tuesday
Route 4 - North Suburbs,8,1,0,39.5,0,0,43,56,100,SYNTHETIC,30.0,1,0.56,Tuesday
Route 9 - East Corridor,8,1,0,25.6,0,0,77,56,100,SYNTHETIC,35.6,1,0.56,Tuesday
Route 4 - North Suburbs,18,4,0,11.9,0,0,48,65,100,SYNTHETIC,30.0,1,0.65,Friday
Route 1 - City Centre Express,7,5,1,19.2,0,0,11,56,100,SYNTHETIC,55.2,1,0.56,Saturday
Route 2 - Airport Link,20,6,1,21.4,0,0,42,25,100,SYNTHETIC,38.4,0,0.25,Sunday
Route 3 - University Shuttle,17,2,0,15.8,0,0,30,77,100,SYNTHETIC,37.7,1,0.77,Wednesday
Route 2 - Airport Link,7,0,0,23.8,0,1,18,96,100,SYNTHETIC,38.4,1,0.96,Monday
Route 2 - Airport Link,17,4,0,1.8,0,1,53,87,100,SYNTHETIC,38.4,1,0.87,Friday
Route 4 - North Suburbs,16,0,0,24.4,1,0,20,30,100,SYNTHETIC,30.0,0,0.3,Monday
Route 10 - West Ring,18,4,0,16.2,0,0,37,44,100,SYNTHETIC,26.9,1,0.44,Friday
Route 3 - University Shuttle,19,2,0,19.1,0,0,70,60,100,SYNTHETIC,37.7,1,0.6,Wednesday
Route 3 - University Shuttle,17,5,1,31.7,0,0,10,9,100,SYNTHETIC,37.7,1,0.09,Saturday
Route 10 - West Ring,16,4,0,9.9,0,0,22,22,100,SYNTHETIC,26.9,0,0.22,Friday
Route 3 - University Shuttle,11,5,1,22.2,0,0,0,7,100,SYNTHETIC,37.7,0,0.07,Saturday
Route 9 - East Corridor,17,2,0,26.4,0,0,31,64,100,SYNTHETIC,35.6,1,0.64,Wednesday
Route 7 - Hospital Line,21,5,1,21.4,0,0,12,14,100,SYNTHETIC,37.7,0,0.14,Saturday
Route 10 - West Ring,16,3,0,7.1,0,0,18,21,100,SYNTHETIC,26.9,0,0.21,Thursday
Route 6 - Industrial Park,17,4,0,30.8,0,0,32,93,100,SYNTHETIC,45.9,1,0.93,Friday
Route 6 - Industrial Park,13,2,0,18.3,0,0,35,32,100,SYNTHETIC,45.9,0,0.32,Wednesday
Route 3 - University Shuttle,18,3,0,15.8,1,0,87,67,100,SYNTHETIC,37.7,1,0.67,Thursday
Route 6 - Industrial Park,23,5,1,17.5,0,0,4,2,100,SYNTHETIC,45.9,0,0.02,Saturday
Route 7 - Hospital Line,8,2,0,16.9,1,1,90,132,100,SYNTHETIC,37.7,1,1.32,Wednesday
Route 10 - West Ring,8,0,0,10.5,0,0,41,48,100,SYNTHETIC,26.9,1,0.48,Monday
Route 1 - City Centre Express,15,2,0,21.3,0,0,26,25,100,SYNTHETIC,55.2,0,0.25,Wednesday
Route 2 - Airport Link,14,2,0,15.2,0,0,23,22,100,SYNTHETIC,38.4,0,0.22,Wednesday
Route 1 - City Centre Express,15,2,0,25.4,0,0,33,27,100,SYNTHETIC,55.2,0,0.27,Wednesday
Route 8 - Beach/Leisure,7,0,0,24.1,0,0,9,21,100,SYNTHETIC,27.1,1,0.21,Monday
Route 1 - City Centre Express,12,0,0,33.0,1,1,53,50,100,SYNTHETIC,55.2,0,0.5,Monday
Route 10 - West Ring,16,2,0,18.3,0,0,23,27,100,SYNTHETIC,26.9,0,0.27,Wednesday
Route 4 - North Suburbs,16,2,0,13.6,1,0,19,30,100,SYNTHETIC,30.0,0,0.3,Wednesday
Route 3 - University Shuttle,17,0,0,8.2,0,0,31,75,100,SYNTHETIC,37.7,1,0.75,Monday
Route 10 - West Ring,17,2,0,37.5,0,0,19,49,100,SYNTHETIC,26.9,1,0.49,Wednesday
Route 8 - Beach/Leisure,16,2,0,25.3,0,0,19,17,100,SYNTHETIC,27.1,0,0.17,Wednesday
Route 6 - Industrial Park,18,0,0,14.5,0,0,93,94,100,SYNTHETIC,45.9,1,0.94,Monday
Route 9 - East Corridor,16,1,0,33.5,1,0,27,37,100,SYNTHETIC,35.6,0,0.37,Tuesday
Route 8 - Beach/Leisure,15,1,0,30.8,0,0,11,16,100,SYNTHETIC,27.1,0,0.16,Tuesday
Route 7 - Hospital Line,16,1,0,9.2,1,0,33,35,100,SYNTHETIC,37.7,0,0.35,Tuesday
Route 4 - North Suburbs,7,5,1,14.0,0,0,11,22,100,SYNTHETIC,30.0,1,0.22,Saturday
Route 10 - West Ring,10,0,0,18.9,0,0,37,16,100,SYNTHETIC,26.9,0,0.16,Monday
Route 8 - Beach/Leisure,14,4,0,11.4,0,0,18,10,100,SYNTHETIC,27.1,0,0.1,Friday
Route 10 - West Ring,19,4,0,19.2,1,0,51,49,100,SYNTHETIC,26.9,1,0.49,Friday
Route 10 - West Ring,17,5,1,25.7,0,0,8,18,100,SYNTHETIC,26.9,1,0.18,Saturday
Route 6 - Industrial Park,7,3,0,9.0,0,0,17,89,100,SYNTHETIC,45.9,1,0.89,Thursday
Route 4 - North Suburbs,16,3,0,22.3,0,1,29,42,100,SYNTHETIC,30.0,0,0.42,Thursday
Route 10 - West Ring,9,5,1,29.3,0,1,42,21,100,SYNTHETIC,26.9,1,0.21,Saturday
Route 10 - West Ring,18,5,1,23.2,1,0,28,30,100,SYNTHETIC,26.9,1,0.3,Saturday
Route 2 - Airport Link,19,1,0,19.4,1,0,65,50,100,SYNTHETIC,38.4,1,0.5,Tuesday
Route 7 - Hospital Line,16,5,1,14.7,0,1,26,28,100,SYNTHETIC,37.7,0,0.28,Saturday
Route 7 - Hospital Line,16,3,0,26.6,1,0,30,35,100,SYNTHETIC,37.7,0,0.35,Thursday
Route 8 - Beach/Leisure,11,0,0,10.6,1,0,15,13,100,SYNTHETIC,27.1,0,0.13,Monday
Route 10 - West Ring,13,4,0,21.9,0,0,20,19,100,SYNTHETIC,26.9,0,0.19,Friday
Route 3 - University Shuttle,19,6,1,20.2,0,0,11,11,100,SYNTHETIC,37.7,1,0.11,Sunday
Route 10 - West Ring,17,0,0,29.0,1,0,29,45,100,SYNTHETIC,26.9,1,0.45,Monday
Route 7 - Hospital Line,14,0,0,15.3,1,0,28,21,100,SYNTHETIC,37.7,0,0.21,Monday
Route 1 - City Centre Express,11,6,1,16.0,0,0,26,22,100,SYNTHETIC,55.2,0,0.22,Sunday
Route 6 - Industrial Park,7,4,0,10.1,0,0,14,85,100,SYNTHETIC,45.9,1,0.85,Friday
Route 2 - Airport Link,8,1,0,23.5,0,0,55,64,100,SYNTHETIC,38.4,1,0.64,Tuesday
Route 10 - West Ring,8,5,1,16.6,0,0,22,24,100,SYNTHETIC,26.9,1,0.24,Saturday
Route 8 - Beach/Leisure,12,2,0,13.1,0,0,17,16,100,SYNTHETIC,27.1,0,0.16,Wednesday
Route 10 - West Ring,21,2,0,13.9,0,0,16,10,100,SYNTHETIC,26.9,0,0.1,Wednesday
Route 7 - Hospital Line,14,2,0,24.3,0,0,25,21,100,SYNTHETIC,37.7,0,0.21,Wednesday
Route 4 - North Suburbs,9,4,0,11.2,1,0,69,52,100,SYNTHETIC,30.0,1,0.52,Friday
Route 5 - South Connector,7,0,0,11.9,0,0,8,40,100,SYNTHETIC,24.6,1,0.4,Monday
Route 10 - West Ring,11,2,0,27.2,1,0,21,19,100,SYNTHETIC,26.9,0,0.19,Wednesday
Route 2 - Airport Link,18,2,0,18.7,0,0,56,49,100,SYNTHETIC,38.4,1,0.49,Wednesday
Route 9 - East Corridor,12,0,0,27.6,0,0,24,19,100,SYNTHETIC,35.6,0,0.19,Monday
Route 5 - South Connector,18,5,1,17.1,0,0,25,21,100,SYNTHETIC,24.6,1,0.21,Saturday
Route 6 - Industrial Park,18,0,0,20.0,1,0,96,105,100,SYNTHETIC,45.9,1,1.05,Monday
Route 7 - Hospital Line,7,6,1,21.3,0,1,9,61,100,SYNTHETIC,37.7,1,0.61,Sunday
Route 1 - City Centre Express,16,0,0,31.1,0,0,31,41,100,SYNTHETIC,55.2,0,0.41,Monday
Route 2 - Airport Link,21,2,0,30.4,1,0,26,20,100,SYNTHETIC,38.4,0,0.2,Wednesday
Route 2 - Airport Link,12,0,0,29.2,0,0,20,26,100,SYNTHETIC,38.4,0,0.26,Monday
Route 8 - Beach/Leisure,7,2,0,15.0,0,0,7,27,100,SYNTHETIC,27.1,1,0.27,Wednesday
Route 1 - City Centre Express,20,4,0,12.1,0,0,78,31,100,SYNTHETIC,55.2,0,0.31,Friday
Route 7 - Hospital Line,19,0,0,26.1,0,0,69,51,100,SYNTHETIC,37.7,1,0.51,Monday
Route 2 - Airport Link,14,3,0,31.0,0,0,23,22,100,SYNTHETIC,38.4,0,0.22,Thursday
Route 8 - Beach/Leisure,15,5,1,29.3,0,0,20,23,100,SYNTHETIC,27.1,0,0.23,Saturday
Route 10 - West Ring,9,3,0,20.1,0,0,57,43,100,SYNTHETIC,26.9,1,0.43,Thursday
Route 5 - South Connector,19,0,0,25.8,1,0,43,33,100,SYNTHETIC,24.6,1,0.33,Monday
Route 3 - University Shuttle,14,4,0,26.0,0,0,25,18,100,SYNTHETIC,37.7,0,0.18,Friday
Route 5 - South Connector,6,1,0,21.2,0,0,7,6,100,SYNTHETIC,24.6,0,0.06,Tuesday
Route 7 - Hospital Line,17,0,0,21.5,0,0,26,58,100,SYNTHETIC,37.7,1,0.58,Monday
Route 8 - Beach/Leisure,21,3,0,20.8,0,0,16,8,100,SYNTHETIC,27.1,0,0.08,Thursday
Route 7 - Hospital Line,19,1,0,13.7,1,0,75,48,100,SYNTHETIC,37.7,1,0.48,Tuesday
Route 6 - Industrial Park,10,0,0,14.5,1,0,73,29,100,SYNTHETIC,45.9,0,0.29,Monday
Route 7 - Hospital Line,7,5,1,14.4,0,1,17,68,100,SYNTHETIC,37.7,1,0.68,Saturday
Route 3 - University Shuttle,21,4,0,7.2,1,0,27,16,100,SYNTHETIC,37.7,0,0.16,Friday
Route 3 - University Shuttle,20,6,1,21.1,0,0,18,4,100,SYNTHETIC,37.7,0,0.04,Sunday
Route 10 - West Ring,15,3,0,19.7,0,0,19,20,100,SYNTHETIC,26.9,0,0.2,Thursday
Route 6 - Industrial Park,16,3,0,26.1,0,0,35,39,100,SYNTHETIC,45.9,0,0.39,Thursday
Route 9 - East Corridor,13,5,1,30.1,0,0,13,15,100,SYNTHETIC,35.6,0,0.15,Saturday
Route 7 - Hospital Line,12,0,0,30.6,0,1,32,41,100,SYNTHETIC,37.7,0,0.41,Monday
Route 5 - South Connector,7,2,0,31.3,0,0,7,37,100,SYNTHETIC,24.6,1,0.37,Wednesday
Route 6 - Industrial Park,7,5,1,13.9,0,0,5,9,100,SYNTHETIC,45.9,1,0.09,Saturday
Route 7 - Hospital Line,9,2,0,8.5,1,0,78,53,100,SYNTHETIC,37.7,1,0.53,Wednesday
Route 2 - Airport Link,19,6,1,27.4,0,0,50,38,100,SYNTHETIC,38.4,1,0.38,Sunday
Route 5 - South Connector,8,1,0,31.1,0,0,44,40,100,SYNTHETIC,24.6,1,0.4,Tuesday
Route 8 - Beach/Leisure,9,2,0,32.4,1,0,28,21,100,SYNTHETIC,27.1,1,0.21,Wednesday
Route 1 - City Centre Express,15,6,1,23.9,0,0,19,24,100,SYNTHETIC,55.2,0,0.24,Sunday
Route 1 - City Centre Express,9,1,0,4.0,0,0,103,74,100,SYNTHETIC,55.2,1,0.74,Tuesday
Route 2 - Airport Link,8,6,1,22.9,0,0,42,56,100,SYNTHETIC,38.4,1,0.56,Sunday
Route 6 - Industrial Park,15,0,0,24.4,0,0,27,27,100,SYNTHETIC,45.9,0,0.27,Monday
Route 3 - University Shuttle,11,1,0,30.0,0,0,29,28,100,SYNTHETIC,37.7,0,0.28,Tuesday
Route 5 - South Connector,16,4,0,31.4,1,0,16,24,100,SYNTHETIC,24.6,0,0.24,Friday
Route 2 - Airport Link,20,4,0,27.3,0,0,49,26,100,SYNTHETIC,38.4,0,0.26,Friday
Route 3 - University Shuttle,8,6,1,15.3,1,0,13,21,100,SYNTHETIC,37.7,1,0.21,Sunday
Route 1 - City Centre Express,20,6,1,11.8,0,0,42,18,100,SYNTHETIC,55.2,0,0.18,Sunday
Route 9 - East Corridor,20,4,0,24.3,1,0,48,23,100,SYNTHETIC,35.6,0,0.23,Friday
Route 5 - South Connector,19,4,0,13.7,0,0,45,31,100,SYNTHETIC,24.6,1,0.31,Friday
Route 2 - Airport Link,16,2,0,31.8,0,0,24,31,100,SYNTHETIC,38.4,0,0.31,Wednesday
Route 6 - Industrial Park,16,5,1,6.4,0,0,8,2,100,SYNTHETIC,45.9,0,0.02,Saturday
Route 10 - West Ring,16,4,0,24.5,1,0,19,22,100,SYNTHETIC,26.9,0,0.22,Friday
Route 9 - East Corridor,17,0,0,22.6,1,0,32,74,100,SYNTHETIC,35.6,1,0.74,Monday
Route 9 - East Corridor,5,5,1,18.3,0,0,2,4,100,SYNTHETIC,35.6,0,0.04,Saturday
Route 5 - South Connector,21,2,0,12.6,0,0,13,9,100,SYNTHETIC,24.6,0,0.09,Wednesday
Route 4 - North Suburbs,16,3,0,3.5,0,0,20,27,100,SYNTHETIC,30.0,0,0.27,Thursday
Route 4 - North Suburbs,18,3,0,15.7,0,0,54,57,100,SYNTHETIC,30.0,1,0.57,Thursday
Route 4 - North Suburbs,12,5,1,15.9,0,0,14,10,100,SYNTHETIC,30.0,0,0.1,Saturday
Route 10 - West Ring,4,1,0,28.9,0,0,0,0,100,SYNTHETIC,26.9,0,0.0,Tuesday
Route 2 - Airport Link,14,2,0,13.7,0,1,36,37,100,SYNTHETIC,38.4,0,0.37,Wednesday
Route 9 - East Corridor,14,0,0,23.6,1,0,27,28,100,SYNTHETIC,35.6,0,0.28,Monday
Route 10 - West Ring,13,2,0,9.7,0,1,34,28,100,SYNTHETIC,26.9,0,0.28,Wednesday
Route 9 - East Corridor,11,0,0,23.8,1,0,21,28,100,SYNTHETIC,35.6,0,0.28,Monday
Route 7 - Hospital Line,9,4,0,2.1,0,0,55,43,100,SYNTHETIC,37.7,1,0.43,Friday
Route 9 - East Corridor,14,6,1,36.8,1,0,11,14,100,SYNTHETIC,35.6,0,0.14,Sunday
Route 1 - City Centre Express,12,3,0,18.9,0,0,29,35,100,SYNTHETIC,55.2,0,0.35,Thursday
Route 9 - East Corridor,21,6,1,-2.4,0,0,12,0,100,SYNTHETIC,35.6,0,0.0,Sunday
Route 6 - Industrial Park,8,6,1,14.3,0,0,9,12,100,SYNTHETIC,45.9,1,0.12,Sunday
Route 10 - West Ring,11,0,0,13.0,0,0,20,19,100,SYNTHETIC,26.9,0,0.19,Monday
Route 1 - City Centre Express,10,3,0,14.8,0,0,73,33,100,SYNTHETIC,55.2,0,0.33,Thursday
Route 10 - West Ring,15,3,0,17.1,1,0,22,20,100,SYNTHETIC,26.9,0,0.2,Thursday
Route 6 - Industrial Park,14,2,0,14.7,0,0,22,27,100,SYNTHETIC,45.9,0,0.27,Wednesday
Route 2 - Airport Link,16,5,1,13.5,1,1,32,46,100,SYNTHETIC,38.4,0,0.46,Saturday
Route 6 - Industrial Park,21,2,0,10.7,0,0,33,24,100,SYNTHETIC,45.9,0,0.24,Wednesday
Route 1 - City Centre Express,10,0,0,26.6,0,0,67,34,100,SYNTHETIC,55.2,0,0.34,Monday
Route 1 - City Centre Express,17,3,0,29.6,1,0,38,94,100,SYNTHETIC,55.2,1,0.94,Thursday
Route 6 - Industrial Park,6,1,0,18.0,0,0,3,10,100,SYNTHETIC,45.9,0,0.1,Tuesday
Route 9 - East Corridor,9,2,0,19.9,0,0,70,39,100,SYNTHETIC,35.6,1,0.39,Wednesday
Route 2 - Airport Link,13,3,0,11.0,0,0,28,28,100,SYNTHETIC,38.4,0,0.28,Thursday
Route 3 - University Shuttle,6,5,1,20.6,0,0,2,3,100,SYNTHETIC,37.7,0,0.03,Saturday
Route 4 - North Suburbs,16,1,0,21.8,1,0,24,27,100,SYNTHETIC,30.0,0,0.27,Tuesday
Route 6 - Industrial Park,17,2,0,18.2,1,0,42,101,100,SYNTHETIC,45.9,1,1.01,Wednesday
Route 1 - City Centre Express,18,0,0,23.2,0,0,106,87,100,SYNTHETIC,55.2,1,0.87,Monday
Route 7 - Hospital Line,14,2,0,22.5,0,0,25,25,100,SYNTHETIC,37.7,0,0.25,Wednesday
Route 5 - South Connector,16,4,0,11.6,0,0,17,21,100,SYNTHETIC,24.6,0,0.21,Friday
Route 10 - West Ring,12,4,0,29.5,0,0,21,17,100,SYNTHETIC,26.9,0,0.17,Friday
Route 4 - North Suburbs,6,2,0,18.3,0,0,4,9,100,SYNTHETIC,30.0,0,0.09,Wednesday
Route 5 - South Connector,7,0,0,33.4,1,0,7,39,100,SYNTHETIC,24.6,1,0.39,Monday
Route 1 - City Centre Express,17,4,0,23.4,0,0,41,97,100,SYNTHETIC,55.2,1,0.97,Friday
Route 10 - West Ring,23,4,0,35.8,0,1,11,8,100,SYNTHETIC,26.9,0,0.08,Friday
Route 9 - East Corridor,5,0,0,29.4,0,0,0,6,100,SYNTHETIC,35.6,0,0.06,Monday
Route 4 - North Suburbs,15,3,0,21.8,1,0,20,24,100,SYNTHETIC,30.0,0,0.24,Thursday
Route 5 - South Connector,18,0,0,14.2,0,0,34,40,100,SYNTHETIC,24.6,1,0.4,Monday
Route 9 - East Corridor,19,3,0,14.4,0,0,45,48,100,SYNTHETIC,35.6,1,0.48,Thursday
Route 3 - University Shuttle,15,4,0,24.3,0,1,32,29,100,SYNTHETIC,37.7,0,0.29,Friday
Route 3 - University Shuttle,16,5,1,21.1,0,0,5,6,100,SYNTHETIC,37.7,0,0.06,Saturday
Route 3 - University Shuttle,17,4,0,15.3,0,0,26,68,100,SYNTHETIC,37.7,1,0.68,Friday
Route 8 - Beach/Leisure,19,5,1,26.7,0,0,76,60,100,SYNTHETIC,27.1,1,0.6,Saturday
Route 3 - University Shuttle,8,1,0,20.3,0,0,67,86,100,SYNTHETIC,37.7,1,0.86,Tuesday
Route 1 - City Centre Express,20,5,1,26.7,0,0,51,22,100,SYNTHETIC,55.2,0,0.22,Saturday
Route 2 - Airport Link,6,2,0,12.2,0,0,5,12,100,SYNTHETIC,38.4,0,0.12,Wednesday
Route 10 - West Ring,19,2,0,28.0,0,1,86,53,100,SYNTHETIC,26.9,1,0.53,Wednesday
Route 9 - East Corridor,7,5,1,24.0,0,0,7,31,100,SYNTHETIC,35.6,1,0.31,Saturday
Route 10 - West Ring,8,2,0,29.6,0,0,36,51,100,SYNTHETIC,26.9,1,0.51,Wednesday
Route 3 - University Shuttle,0,0,0,27.8,0,0,5,3,100,SYNTHETIC,37.7,0,0.03,Monday
Route 5 - South Connector,13,5,1,19.3,0,0,16,10,100,SYNTHETIC,24.6,0,0.1,Saturday
Route 5 - South Connector,11,4,0,18.7,0,0,11,20,100,SYNTHETIC,24.6,0,0.2,Friday
Route 6 - Industrial Park,8,4,0,34.3,0,0,87,103,100,SYNTHETIC,45.9,1,1.03,Friday
Route 1 - City Centre Express,13,1,0,17.7,0,0,38,25,100,SYNTHETIC,55.2,0,0.25,Tuesday
Route 6 - Industrial Park,12,4,0,26.0,0,0,29,31,100,SYNTHETIC,45.9,0,0.31,Friday
Route 1 - City Centre Express,18,1,0,16.9,1,0,77,118,100,SYNTHETIC,55.2,1,1.18,Tuesday
Route 3 - University Shuttle,20,3,0,5.1,0,0,59,20,100,SYNTHETIC,37.7,0,0.2,Thursday
Route 3 - University Shuttle,17,3,0,10.2,0,0,27,61,100,SYNTHETIC,37.7,1,0.61,Thursday
Route 7 - Hospital Line,8,5,1,23.2,1,0,51,51,100,SYNTHETIC,37.7,1,0.51,Saturday
Route 9 - East Corridor,10,6,1,25.6,0,0,23,12,100,SYNTHETIC,35.6,0,0.12,Sunday
Route 7 - Hospital Line,20,1,0,23.3,0,0,48,24,100,SYNTHETIC,37.7,0,0.24,Tuesday
Route 5 - South Connector,7,0,0,29.2,0,0,7,42,100,SYNTHETIC,24.6,1,0.42,Monday
Route 6 - Industrial Park,12,3,0,23.1,0,0,31,38,100,SYNTHETIC,45.9,0,0.38,Thursday
Route 6 - Industrial Park,21,6,1,13.8,0,0,5,0,100,SYNTHETIC,45.9,0,0.0,Sunday
Route 2 - Airport Link,21,1,0,24.8,0,0,24,17,100,SYNTHETIC,38.4,0,0.17,Tuesday
Route 10 - West Ring,12,3,0,21.4,0,0,20,14,100,SYNTHETIC,26.9,0,0.14,Thursday
Route 10 - West Ring,17,2,0,15.4,1,0,24,52,100,SYNTHETIC,26.9,1,0.52,Wednesday
Route 3 - University Shuttle,13,2,0,23.8,0,0,18,22,100,SYNTHETIC,37.7,0,0.22,Wednesday
Route 2 - Airport Link,18,4,0,20.6,1,0,65,61,100,SYNTHETIC,38.4,1,0.61,Friday
Route 2 - Airport Link,6,2,0,15.2,1,0,6,18,100,SYNTHETIC,38.4,0,0.18,Wednesday
Route 7 - Hospital Line,8,3,0,18.6,0,0,58,58,100,SYNTHETIC,37.7,1,0.58,Thursday
Route 1 - City Centre Express,16,5,1,31.3,1,0,20,22,100,SYNTHETIC,55.2,0,0.22,Saturday
Route 2 - Airport Link,9,2,0,31.0,0,0,61,33,100,SYNTHETIC,38.4,1,0.33,Wednesday
Route 7 - Hospital Line,17,0,0,21.5,0,0,34,67,100,SYNTHETIC,37.7,1,0.67,Monday
Route 2 - Airport Link,11,6,1,20.5,0,0,20,27,100,SYNTHETIC,38.4,0,0.27,Sunday
Route 1 - City Centre Express,20,1,0,8.5,0,0,83,31,100,SYNTHETIC,55.2,0,0.31,Tuesday
Route 1 - City Centre Express,19,5,1,33.8,0,0,49,40,100,SYNTHETIC,55.2,1,0.4,Saturday
Route 8 - Beach/Leisure,14,5,1,28.3,0,0,23,23,100,SYNTHETIC,27.1,0,0.23,Saturday
Route 4 - North Suburbs,18,3,0,26.0,0,1,79,106,100,SYNTHETIC,30.0,1,1.06,Thursday
Route 3 - University Shuttle,10,0,0,1.8,0,0,64,20,100,SYNTHETIC,37.7,0,0.2,Monday
Route 7 - Hospital Line,14,6,1,20.3,1,0,17,14,100,SYNTHETIC,37.7,0,0.14,Sunday
Route 2 - Airport Link,8,4,0,19.0,1,0,54,77,100,SYNTHETIC,38.4,1,0.77,Friday
Route 6 - Industrial Park,19,2,0,25.5,0,0,81,67,100,SYNTHETIC,45.9,1,0.67,Wednesday
Route 5 - South Connector,19,5,1,16.4,1,0,23,19,100,SYNTHETIC,24.6,1,0.19,Saturday
Route 7 - Hospital Line,20,5,1,18.1,0,0,36,10,100,SYNTHETIC,37.7,0,0.1,Saturday
Route 7 - Hospital Line,19,5,1,25.0,0,0,36,34,100,SYNTHETIC,37.7,1,0.34,Saturday
Route 7 - Hospital Line,21,1,0,13.8,0,0,23,13,100,SYNTHETIC,37.7,0,0.13,Tuesday
Route 3 - University Shuttle,9,4,0,15.4,0,1,137,102,100,SYNTHETIC,37.7,1,1.02,Friday
Route 2 - Airport Link,20,2,0,21.5,0,0,46,24,100,SYNTHETIC,38.4,0,0.24,Wednesday
Route 6 - Industrial Park,15,0,0,30.7,1,0,30,35,100,SYNTHETIC,45.9,0,0.35,Monday
Route 1 - City Centre Express,12,2,0,26.5,0,1,41,52,100,SYNTHETIC,55.2,0,0.52,Wednesday
Route 5 - South Connector,15,0,0,28.6,0,0,16,18,100,SYNTHETIC,24.6,0,0.18,Monday
Route 7 - Hospital Line,11,0,0,20.5,0,1,35,40,100,SYNTHETIC,37.7,0,0.4,Monday
Route 9 - East Corridor,10,5,1,32.0,0,0,23,10,100,SYNTHETIC,35.6,0,0.1,Saturday
Route 7 - Hospital Line,9,3,0,6.1,0,0,65,42,100,SYNTHETIC,37.7,1,0.42,Thursday
Route 10 - West Ring,7,2,0,36.2,1,0,9,42,100,SYNTHETIC,26.9,1,0.42,Wednesday
Route 6 - Industrial Park,14,1,0,37.2,0,0,27,28,100,SYNTHETIC,45.9,0,0.28,Tuesday
Route 5 - South Connector,20,5,1,23.7,0,0,15,4,100,SYNTHETIC,24.6,0,0.04,Saturday
Route 3 - University Shuttle,16,4,0,26.7,1,0,29,38,100,SYNTHETIC,37.7,0,0.38,Friday
Route 7 - Hospital Line,14,4,0,19.7,0,0,21,23,100,SYNTHETIC,37.7,0,0.23,Friday
Route 9 - East Corridor,13,1,0,18.3,1,0,27,24,100,SYNTHETIC,35.6,0,0.24,Tuesday
Route 4 - North Suburbs,13,0,0,15.1,1,1,43,35,100,SYNTHETIC,30.0,0,0.35,Monday
Route 1 - City Centre Express,9,0,0,19.6,0,0,115,68,100,SYNTHETIC,55.2,1,0.68,Monday
Route 1 - City Centre Express,19,0,0,24.4,0,1,155,116,100,SYNTHETIC,55.2,1,1.16,Monday
Route 7 - Hospital Line,8,6,1,23.4,1,0,45,46,100,SYNTHETIC,37.7,1,0.46,Sunday
Route 7 - Hospital Line,17,2,0,35.9,1,0,33,65,100,SYNTHETIC,37.7,1,0.65,Wednesday
Route 2 - Airport Link,18,4,0,20.8,0,0,50,58,100,SYNTHETIC,38.4,1,0.58,Friday
Route 1 - City Centre Express,15,6,1,8.1,0,0,17,20,100,SYNTHETIC,55.2,0,0.2,Sunday
Route 7 - Hospital Line,19,6,1,33.2,1,0,50,43,100,SYNTHETIC,37.7,1,0.43,Sunday
Route 4 - North Suburbs,10,2,0,10.2,1,0,46,18,100,SYNTHETIC,30.0,0,0.18,Wednesday
Route 5 - South Connector,19,3,0,15.5,0,1,67,49,100,SYNTHETIC,24.6,1,0.49,Thursday
Route 3 - University Shuttle,18,3,0,22.2,0,0,85,67,100,SYNTHETIC,37.7,1,0.67,Thursday
Route 8 - Beach/Leisure,18,0,0,23.3,0,0,42,47,100,SYNTHETIC,27.1,1,0.47,Monday
Route 8 - Beach/Leisure,17,5,1,8.4,1,1,45,101,100,SYNTHETIC,27.1,1,1.01,Saturday
Route 1 - City Centre Express,19,4,0,14.0,0,1,117,116,100,SYNTHETIC,55.2,1,1.16,Friday
Route 1 - City Centre Express,23,2,0,8.2,0,0,17,5,100,SYNTHETIC,55.2,0,0.05,Wednesday
Route 6 - Industrial Park,12,3,0,25.0,0,0,28,30,100,SYNTHETIC,45.9,0,0.3,Thursday
Route 7 - Hospital Line,18,5,1,29.5,1,0,48,59,100,SYNTHETIC,37.7,1,0.59,Saturday
Route 2 - Airport Link,18,0,0,10.2,0,0,51,57,100,SYNTHETIC,38.4,1,0.57,Monday
Route 2 - Airport Link,13,4,0,28.0,0,0,27,27,100,SYNTHETIC,38.4,0,0.27,Friday
Route 7 - Hospital Line,20,6,1,27.4,1,0,37,16,100,SYNTHETIC,37.7,0,0.16,Sunday
Route 5 - South Connector,12,5,1,14.7,0,0,6,13,100,SYNTHETIC,24.6,0,0.13,Saturday
Route 2 - Airport Link,15,4,0,4.1,0,0,16,25,100,SYNTHETIC,38.4,0,0.25,Friday
Route 7 - Hospital Line,7,0,0,11.4,0,0,16,58,100,SYNTHETIC,37.7,1,0.58,Monday
Route 1 - City Centre Express,9,5,1,15.2,1,0,71,52,100,SYNTHETIC,55.2,1,0.52,Saturday
Route 3 - University Shuttle,19,5,1,32.3,0,0,13,12,100,SYNTHETIC,37.7,1,0.12,Saturday
Route 8 - Beach/Leisure,12,3,0,19.1,0,0,16,14,100,SYNTHETIC,27.1,0,0.14,Thursday
Route 3 - University Shuttle,12,4,0,11.9,0,0,26,18,100,SYNTHETIC,37.7,0,0.18,Friday
Route 1 - City Centre Express,9,4,0,21.2,0,0,97,70,100,SYNTHETIC,55.2,1,0.7,Friday
Route 10 - West Ring,14,0,0,9.6,0,0,20,15,100,SYNTHETIC,26.9,0,0.15,Monday
Route 3 - University Shuttle,18,1,0,24.1,0,0,83,70,100,SYNTHETIC,37.7,1,0.7,Tuesday
Route 6 - Industrial Park,20,5,1,12.2,0,0,7,9,100,SYNTHETIC,45.9,0,0.09,Saturday
Route 9 - East Corridor,7,6,1,13.3,0,0,7,31,100,SYNTHETIC,35.6,1,0.31,Sunday
Route 10 - West Ring,15,1,0,23.0,0,0,19,14,100,SYNTHETIC,26.9,0,0.14,Tuesday
Route 9 - East Corridor,13,2,0,34.0,0,0,29,22,100,SYNTHETIC,35.6,0,0.22,Wednesday
Route 4 - North Suburbs,16,6,1,37.6,0,0,12,10,100,SYNTHETIC,30.0,0,0.1,Sunday
Route 9 - East Corridor,13,1,0,11.7,0,0,23,23,100,SYNTHETIC,35.6,0,0.23,Tuesday
Route 1 - City Centre Express,12,1,0,15.2,1,0,35,35,100,SYNTHETIC,55.2,0,0.35,Tuesday
Route 4 - North Suburbs,13,0,0,24.1,1,0,31,21,100,SYNTHETIC,30.0,0,0.21,Monday
Route 2 - Airport Link,16,1,0,29.4,0,0,25,36,100,SYNTHETIC,38.4,0,0.36,Tuesday
Route 6 - Industrial Park,14,4,0,2.7,0,0,30,28,100,SYNTHETIC,45.9,0,0.28,Friday
Route 9 - East Corridor,13,2,0,20.7,0,0,24,27,100,SYNTHETIC,35.6,0,0.27,Wednesday
Route 8 - Beach/Leisure,19,6,1,16.1,0,0,73,52,100,SYNTHETIC,27.1,1,0.52,Sunday
Route 10 - West Ring,18,6,1,4.6,0,0,25,18,100,SYNTHETIC,26.9,1,0.18,Sunday
Route 2 - Airport Link,11,6,1,9.3,1,0,24,28,100,SYNTHETIC,38.4,0,0.28,Sunday
Route 8 - Beach/Leisure,18,5,1,15.5,1,1,100,119,100,SYNTHETIC,27.1,1,1.19,Saturday
Route 8 - Beach/Leisure,19,4,0,20.5,1,0,47,42,100,SYNTHETIC,27.1,1,0.42,Friday
Route 5 - South Connector,8,3,0,28.1,1,0,34,45,100,SYNTHETIC,24.6,1,0.45,Thursday
Route 1 - City Centre Express,16,6,1,22.8,0,0,20,21,100,SYNTHETIC,55.2,0,0.21,Sunday
Route 2 - Airport Link,10,0,0,27.6,0,0,44,26,100,SYNTHETIC,38.4,0,0.26,Monday
Route 10 - West Ring,18,5,1,20.2,1,0,22,24,100,SYNTHETIC,26.9,1,0.24,Saturday
Route 3 - University Shuttle,9,0,0,14.4,0,0,70,58,100,SYNTHETIC,37.7,1,0.58,Monday
Route 7 - Hospital Line,17,2,0,18.5,0,0,32,76,100,SYNTHETIC,37.7,1,0.76,Wednesday
Route 10 - West Ring,9,1,0,25.6,0,0,52,43,100,SYNTHETIC,26.9,1,0.43,Tuesday
Route 5 - South Connector,14,4,0,28.3,0,0,19,19,100,SYNTHETIC,24.6,0,0.19,Friday
Route 3 - University Shuttle,21,5,1,18.8,1,0,2,1,100,SYNTHETIC,37.7,0,0.01,Saturday
Route 5 - South Connector,12,0,0,12.6,0,1,27,26,100,SYNTHETIC,24.6,0,0.26,Monday
Route 3 - University Shuttle,19,4,0,22.7,1,0,86,75,100,SYNTHETIC,37.7,1,0.75,Friday
Route 2 - Airport Link,22,1,0,23.8,1,0,22,14,100,SYNTHETIC,38.4,0,0.14,Tuesday
Route 9 - East Corridor,19,0,0,29.9,1,0,63,53,100,SYNTHETIC,35.6,1,0.53,Monday
Route 4 - North Suburbs,8,2,0,14.6,0,0,55,56,100,SYNTHETIC,30.0,1,0.56,Wednesday
Route 7 - Hospital Line,19,4,0,14.7,1,0,78,55,100,SYNTHETIC,37.7,1,0.55,Friday
Route 8 - Beach/Leisure,6,1,0,26.0,0,0,2,3,100,SYNTHETIC,27.1,0,0.03,Tuesday
Route 6 - Industrial Park,12,2,0,16.7,1,0,34,30,100,SYNTHETIC,45.9,0,0.3,Wednesday
Route 6 - Industrial Park,19,6,1,16.4,1,0,18,9,100,SYNTHETIC,45.9,1,0.09,Sunday
Route 2 - Airport Link,17,2,0,30.0,0,0,30,57,100,SYNTHETIC,38.4,1,0.57,Wednesday
Route 6 - Industrial Park,15,6,1,9.0,0,0,3,5,100,SYNTHETIC,45.9,0,0.05,Sunday
Route 8 - Beach/Leisure,12,5,1,36.4,1,0,24,29,100,SYNTHETIC,27.1,0,0.29,Saturday
Route 2 - Airport Link,18,2,0,15.1,0,0,65,47,100,SYNTHETIC,38.4,1,0.47,Wednesday
Route 3 - University Shuttle,17,4,0,26.9,1,0,29,70,100,SYNTHETIC,37.7,1,0.7,Friday
Route 7 - Hospital Line,13,4,0,19.1,0,0,32,26,100,SYNTHETIC,37.7,0,0.26,Friday
Route 10 - West Ring,20,3,0,22.2,1,0,41,18,100,SYNTHETIC,26.9,0,0.18,Thursday
Route 4 - North Suburbs,9,2,0,17.9,0,0,59,38,100,SYNTHETIC,30.0,1,0.38,Wednesday
Route 9 - East Corridor,8,2,0,26.9,0,0,64,74,100,SYNTHETIC,35.6,1,0.74,Wednesday
Route 2 - Airport Link,16,0,0,17.2,1,0,35,35,100,SYNTHETIC,38.4,0,0.35,Monday
Route 6 - Industrial Park,21,0,0,15.4,1,0,34,20,100,SYNTHETIC,45.9,0,0.2,Monday
Route 10 - West Ring,9,2,0,34.5,0,0,55,34,100,SYNTHETIC,26.9,1,0.34,Wednesday
Route 5 - South Connector,9,5,1,20.2,0,1,34,25,100,SYNTHETIC,24.6,1,0.25,Saturday
Route 6 - Industrial Park,8,1,0,14.6,0,0,79,104,100,SYNTHETIC,45.9,1,1.04,Tuesday
Route 2 - Airport Link,19,1,0,8.1,0,0,48,39,100,SYNTHETIC,38.4,1,0.39,Tuesday
Route 6 - Industrial Park,9,2,0,34.9,1,0,100,73,100,SYNTHETIC,45.9,1,0.73,Wednesday
Route 6 - Industrial Park,14,4,0,15.6,0,0,31,30,100,SYNTHETIC,45.9,0,0.3,Friday
Route 10 - West Ring,22,1,0,36.5,0,0,13,13,100,SYNTHETIC,26.9,0,0.13,Tuesday
Route 3 - University Shuttle,4,1,0,23.2,0,0,6,0,100,SYNTHETIC,37.7,0,0.0,Tuesday
Route 4 - North Suburbs,15,0,0,21.1,1,0,27,24,100,SYNTHETIC,30.0,0,0.24,Monday
Route 7 - Hospital Line,14,2,0,21.4,0,0,25,22,100,SYNTHETIC,37.7,0,0.22,Wednesday
Route 10 - West Ring,18,1,0,37.7,1,0,45,50,100,SYNTHETIC,26.9,1,0.5,Tuesday
Route 3 - University Shuttle,11,5,1,2.5,0,0,8,2,100,SYNTHETIC,37.7,0,0.02,Saturday
Route 7 - Hospital Line,12,6,1,21.7,0,1,30,31,100,SYNTHETIC,37.7,0,0.31,Sunday
Route 9 - East Corridor,8,2,0,17.9,0,0,60,72,100,SYNTHETIC,35.6,1,0.72,Wednesday
Route 7 - Hospital Line,18,0,0,18.3,0,0,63,78,100,SYNTHETIC,37.7,1,0.78,Monday
Route 5 - South Connector,18,0,0,21.2,0,0,42,36,100,SYNTHETIC,24.6,1,0.36,Monday
Route 3 - University Shuttle,8,2,0,17.9,0,0,67,72,100,SYNTHETIC,37.7,1,0.72,Wednesday
Route 3 - University Shuttle,12,3,0,21.5,1,0,23,35,100,SYNTHETIC,37.7,0,0.35,Thursday
Route 1 - City Centre Express,20,3,0,19.8,0,0,78,33,100,SYNTHETIC,55.2,0,0.33,Thursday
Route 2 - Airport Link,0,2,0,9.5,0,0,2,1,100,SYNTHETIC,38.4,0,0.01,Wednesday
Route 5 - South Connector,10,2,0,23.1,0,0,32,17,100,SYNTHETIC,24.6,0,0.17,Wednesday
Route 2 - Airport Link,15,1,0,25.7,0,0,24,23,100,SYNTHETIC,38.4,0,0.23,Tuesday
Route 1 - City Centre Express,11,3,0,15.7,0,0,25,34,100,SYNTHETIC,55.2,0,0.34,Thursday
Route 7 - Hospital Line,10,4,0,34.9,0,0,36,22,100,SYNTHETIC,37.7,0,0.22,Friday
Route 1 - City Centre Express,13,0,0,30.7,0,0,37,36,100,SYNTHETIC,55.2,0,0.36,Monday
Route 2 - Airport Link,8,3,0,26.8,0,0,49,67,100,SYNTHETIC,38.4,1,0.67,Thursday
Route 6 - Industrial Park,15,4,0,26.7,0,0,26,32,100,SYNTHETIC,45.9,0,0.32,Friday
Route 10 - West Ring,17,4,0,20.2,0,0,22,46,100,SYNTHETIC,26.9,1,0.46,Friday
Route 8 - Beach/Leisure,15,3,0,29.1,0,0,11,19,100,SYNTHETIC,27.1,0,0.19,Thursday
Route 1 - City Centre Express,7,3,0,32.6,0,0,13,91,100,SYNTHETIC,55.2,1,0.91,Thursday
Route 2 - Airport Link,19,4,0,26.5,0,0,64,44,100,SYNTHETIC,38.4,1,0.44,Friday
Route 8 - Beach/Leisure,8,2,0,15.4,0,0,22,25,100,SYNTHETIC,27.1,1,0.25,Wednesday
Route 8 - Beach/Leisure,18,3,0,19.7,0,0,45,42,100,SYNTHETIC,27.1,1,0.42,Thursday
Route 4 - North Suburbs,11,2,0,24.6,0,0,21,23,100,SYNTHETIC,30.0,0,0.23,Wednesday
Route 10 - West Ring,18,3,0,26.7,0,0,46,41,100,SYNTHETIC,26.9,1,0.41,Thursday
Route 9 - East Corridor,8,0,0,19.4,0,0,62,69,100,SYNTHETIC,35.6,1,0.69,Monday
Route 8 - Beach/Leisure,8,2,0,15.5,0,0,23,24,100,SYNTHETIC,27.1,1,0.24,Wednesday
Route 8 - Beach/Leisure,14,0,0,32.7,1,0,20,11,100,SYNTHETIC,27.1,0,0.11,Monday
Route 8 - Beach/Leisure,6,1,0,11.4,0,0,4,4,100,SYNTHETIC,27.1,0,0.04,Tuesday
Route 2 - Airport Link,9,2,0,12.5,0,0,67,43,100,SYNTHETIC,38.4,1,0.43,Wednesday
Route 8 - Beach/Leisure,17,3,0,9.4,0,0,15,44,100,SYNTHETIC,27.1,1,0.44,Thursday
Route 10 - West Ring,19,6,1,12.5,0,0,24,17,100,SYNTHETIC,26.9,1,0.17,Sunday
Route 3 - University Shuttle,7,0,0,30.0,1,0,7,64,100,SYNTHETIC,37.7,1,0.64,Monday
Route 1 - City Centre Express,19,6,1,30.2,0,0,66,61,100,SYNTHETIC,55.2,1,0.61,Sunday
Route 4 - North Suburbs,18,2,0,19.4,0,0,49,62,100,SYNTHETIC,30.0,1,0.62,Wednesday
Route 3 - University Shuttle,19,5,1,24.0,0,0,14,16,100,SYNTHETIC,37.7,1,0.16,Saturday
Route 10 - West Ring,17,4,0,19.9,0,0,20,53,100,SYNTHETIC,26.9,1,0.53,Friday
Route 5 - South Connector,17,6,1,10.5,1,0,13,24,100,SYNTHETIC,24.6,1,0.24,Sunday
Route 7 - Hospital Line,14,0,0,37.7,0,0,23,22,100,SYNTHETIC,37.7,0,0.22,Monday
Route 10 - West Ring,17,6,1,31.0,0,0,17,26,100,SYNTHETIC,26.9,1,0.26,Sunday
Route 8 - Beach/Leisure,20,0,0,22.8,0,0,39,19,100,SYNTHETIC,27.1,0,0.19,Monday
Route 8 - Beach/Leisure,7,6,1,13.2,0,0,9,36,100,SYNTHETIC,27.1,1,0.36,Sunday
Route 10 - West Ring,10,4,0,18.2,0,0,30,20,100,SYNTHETIC,26.9,0,0.2,Friday
Route 7 - Hospital Line,7,3,0,14.5,0,0,5,49,100,SYNTHETIC,37.7,1,0.49,Thursday
Route 3 - University Shuttle,21,2,0,20.8,0,1,32,23,100,SYNTHETIC,37.7,0,0.23,Wednesday
Route 8 - Beach/Leisure,13,0,0,22.5,0,0,12,20,100,SYNTHETIC,27.1,0,0.2,Monday
Route 4 - North Suburbs,17,5,1,17.3,0,0,14,29,100,SYNTHETIC,30.0,1,0.29,Saturday
Route 4 - North Suburbs,19,5,1,8.4,0,0,26,17,100,SYNTHETIC,30.0,1,0.17,Saturday
Route 7 - Hospital Line,22,6,1,37.1,0,0,11,4,100,SYNTHETIC,37.7,0,0.04,Sunday
Route 4 - North Suburbs,8,5,1,21.9,0,0,22,34,100,SYNTHETIC,30.0,1,0.34,Saturday
Route 1 - City Centre Express,18,6,1,23.7,0,0,57,62,100,SYNTHETIC,55.2,1,0.62,Sunday
Route 10 - West Ring,20,6,1,16.6,0,1,24,15,100,SYNTHETIC,26.9,0,0.15,Sunday
Route 6 - Industrial Park,7,2,0,7.5,0,0,14,83,100,SYNTHETIC,45.9,1,0.83,Wednesday
Route 7 - Hospital Line,18,4,0,19.3,0,0,64,62,100,SYNTHETIC,37.7,1,0.62,Friday
Route 9 - East Corridor,11,1,0,17.4,0,0,20,21,100,SYNTHETIC,35.6,0,0.21,Tuesday
Route 7 - Hospital Line,17,5,1,25.7,0,0,23,38,100,SYNTHETIC,37.7,1,0.38,Saturday
Route 7 - Hospital Line,14,4,0,27.2,0,0,19,26,100,SYNTHETIC,37.7,0,0.26,Friday
Route 8 - Beach/Leisure,9,3,0,26.1,1,1,36,32,100,SYNTHETIC,27.1,1,0.32,Thursday
Route 3 - University Shuttle,8,4,0,27.9,0,0,76,93,100,SYNTHETIC,37.7,1,0.93,Friday
Route 9 - East Corridor,7,1,0,34.4,0,0,14,59,100,SYNTHETIC,35.6,1,0.59,Tuesday
Route 8 - Beach/Leisure,7,4,0,23.1,0,0,7,28,100,SYNTHETIC,27.1,1,0.28,Friday
Route 2 - Airport Link,16,3,0,28.8,0,0,33,35,100,SYNTHETIC,38.4,0,0.35,Thursday
Route 2 - Airport Link,11,2,0,24.0,1,0,23,32,100,SYNTHETIC,38.4,0,0.32,Wednesday
Route 9 - East Corridor,9,6,1,4.8,0,0,30,23,100,SYNTHETIC,35.6,1,0.23,Sunday
Route 9 - East Corridor,17,0,0,18.8,0,1,43,83,100,SYNTHETIC,35.6,1,0.83,Monday
Route 10 - West Ring,17,5,1,13.1,0,0,13,22,100,SYNTHETIC,26.9,1,0.22,Saturday
Route 2 - Airport Link,15,1,0,21.9,1,0,25,31,100,SYNTHETIC,38.4,0,0.31,Tuesday
Route 9 - East Corridor,20,1,0,13.7,1,0,50,26,100,SYNTHETIC,35.6,0,0.26,Tuesday
Route 9 - East Corridor,12,1,0,24.8,0,0,24,29,100,SYNTHETIC,35.6,0,0.29,Tuesday
Route 8 - Beach/Leisure,19,0,0,27.8,0,0,45,34,100,SYNTHETIC,27.1,1,0.34,Monday
Route 5 - South Connector,7,0,0,29.6,0,0,8,38,100,SYNTHETIC,24.6,1,0.38,Monday
Route 6 - Industrial Park,18,5,1,33.0,0,0,15,13,100,SYNTHETIC,45.9,1,0.13,Saturday
Route 5 - South Connector,22,6,1,6.6,0,0,6,8,100,SYNTHETIC,24.6,0,0.08,Sunday
Route 1 - City Centre Express,19,4,0,10.4,1,0,104,87,100,SYNTHETIC,55.2,1,0.87,Friday
Route 6 - Industrial Park,15,0,0,42.0,0,0,25,29,100,SYNTHETIC,45.9,0,0.29,Monday
Route 3 - University Shuttle,16,6,1,28.1,1,1,5,10,100,SYNTHETIC,37.7,0,0.1,Sunday
Route 3 - University Shuttle,11,4,0,21.8,0,1,30,35,100,SYNTHETIC,37.7,0,0.35,Friday
Route 1 - City Centre Express,17,3,0,20.3,1,0,43,88,100,SYNTHETIC,55.2,1,0.88,Thursday
Route 5 - South Connector,18,6,1,19.5,0,0,22,19,100,SYNTHETIC,24.6,1,0.19,Sunday
Route 1 - City Centre Express,23,2,0,4.5,0,0,5,6,100,SYNTHETIC,55.2,0,0.06,Wednesday
Route 9 - East Corridor,14,2,0,13.8,0,0,25,21,100,SYNTHETIC,35.6,0,0.21,Wednesday
Route 9 - East Corridor,7,5,1,19.1,1,1,9,48,100,SYNTHETIC,35.6,1,0.48,Saturday
Route 9 - East Corridor,16,3,0,14.3,0,0,19,31,100,SYNTHETIC,35.6,0,0.31,Thursday
Route 4 - North Suburbs,7,5,1,15.3,0,1,13,38,100,SYNTHETIC,30.0,1,0.38,Saturday
Route 2 - Airport Link,9,4,0,40.5,1,0,66,44,100,SYNTHETIC,38.4,1,0.44,Friday
Route 6 - Industrial Park,11,5,1,18.0,1,0,0,4,100,SYNTHETIC,45.9,0,0.04,Saturday
Route 7 - Hospital Line,18,2,0,22.2,0,0,69,64,100,SYNTHETIC,37.7,1,0.64,Wednesday
Route 1 - City Centre Express,8,0,0,21.9,0,1,151,151,100,SYNTHETIC,55.2,1,1.51,Monday
Route 9 - East Corridor,8,3,0,24.7,0,0,52,75,100,SYNTHETIC,35.6,1,0.75,Thursday
Route 5 - South Connector,6,4,0,16.2,1,0,2,10,100,SYNTHETIC,24.6,0,0.1,Friday
Route 9 - East Corridor,19,5,1,30.0,0,0,30,26,100,SYNTHETIC,35.6,1,0.26,Saturday
Route 1 - City Centre Express,17,1,0,23.5,0,0,33,86,100,SYNTHETIC,55.2,1,0.86,Tuesday
Route 5 - South Connector,6,5,1,9.7,0,0,2,8,100,SYNTHETIC,24.6,0,0.08,Saturday
Route 5 - South Connector,6,5,1,19.1,0,0,4,9,100,SYNTHETIC,24.6,0,0.09,Saturday
Route 1 - City Centre Express,15,5,1,18.6,0,0,20,16,100,SYNTHETIC,55.2,0,0.16,Saturday
Route 8 - Beach/Leisure,10,5,1,18.3,0,0,29,22,100,SYNTHETIC,27.1,0,0.22,Saturday
Route 10 - West Ring,16,6,1,24.1,0,0,12,12,100,SYNTHETIC,26.9,0,0.12,Sunday
Route 6 - Industrial Park,13,4,0,25.1,0,0,29,31,100,SYNTHETIC,45.9,0,0.31,Friday
Route 4 - North Suburbs,20,2,0,24.1,0,1,79,33,100,SYNTHETIC,30.0,0,0.33,Wednesday
Route 7 - Hospital Line,10,3,0,22.7,0,0,43,16,100,SYNTHETIC,37.7,0,0.16,Thursday
Route 4 - North Suburbs,17,5,1,20.7,0,0,11,29,100,SYNTHETIC,30.0,1,0.29,Saturday
Route 4 - North Suburbs,7,1,0,2.8,0,1,13,79,100,SYNTHETIC,30.0,1,0.79,Tuesday
Route 8 - Beach/Leisure,21,4,0,26.2,0,0,13,14,100,SYNTHETIC,27.1,0,0.14,Friday
Route 6 - Industrial Park,22,4,0,23.9,1,0,21,8,100,SYNTHETIC,45.9,0,0.08,Friday
Route 3 - University Shuttle,18,4,0,12.1,0,0,72,77,100,SYNTHETIC,37.7,1,0.77,Friday
Route 5 - South Connector,13,2,0,22.2,0,0,20,16,100,SYNTHETIC,24.6,0,0.16,Wednesday
Route 9 - East Corridor,9,5,1,25.2,0,0,31,18,100,SYNTHETIC,35.6,1,0.18,Saturday
Route 6 - Industrial Park,18,0,0,29.4,0,0,90,87,100,SYNTHETIC,45.9,1,0.87,Monday
Route 1 - City Centre Express,18,5,1,24.1,1,0,55,58,100,SYNTHETIC,55.2,1,0.58,Saturday
Route 9 - East Corridor,9,5,1,22.6,1,0,40,27,100,SYNTHETIC,35.6,1,0.27,Saturday
Route 8 - Beach/Leisure,13,6,1,27.6,1,0,29,19,100,SYNTHETIC,27.1,0,0.19,Sunday
Route 3 - University Shuttle,13,6,1,17.5,0,0,5,2,100,SYNTHETIC,37.7,0,0.02,Sunday
Route 10 - West Ring,19,2,0,23.3,0,0,45,36,100,SYNTHETIC,26.9,1,0.36,Wednesday
Route 10 - West Ring,17,0,0,15.0,0,0,24,48,100,SYNTHETIC,26.9,1,0.48,Monday
Route 10 - West Ring,16,4,0,28.9,0,1,26,45,100,SYNTHETIC,26.9,0,0.45,Friday
Route 4 - North Suburbs,17,0,0,7.1,0,0,25,52,100,SYNTHETIC,30.0,1,0.52,Monday
Route 10 - West Ring,10,1,0,26.5,0,0,35,14,100,SYNTHETIC,26.9,0,0.14,Tuesday
Route 9 - East Corridor,12,4,0,20.1,0,0,31,23,100,SYNTHETIC,35.6,0,0.23,Friday
Route 9 - East Corridor,6,4,0,27.7,0,0,0,13,100,SYNTHETIC,35.6,0,0.13,Friday
Route 6 - Industrial Park,18,4,0,13.8,1,0,71,88,100,SYNTHETIC,45.9,1,0.88,Friday
Route 3 - University Shuttle,13,5,1,20.7,0,0,3,8,100,SYNTHETIC,37.7,0,0.08,Saturday
Route 3 - University Shuttle,13,1,0,20.5,0,1,32,37,100,SYNTHETIC,37.7,0,0.37,Tuesday
Route 10 - West Ring,9,5,1,23.5,0,0,23,17,100,SYNTHETIC,26.9,1,0.17,Saturday
Route 6 - Industrial Park,9,4,0,11.6,0,0,84,56,100,SYNTHETIC,45.9,1,0.56,Friday
Route 10 - West Ring,16,2,0,25.1,1,0,18,29,100,SYNTHETIC,26.9,0,0.29,Wednesday
Route 6 - Industrial Park,9,3,0,5.2,0,0,85,61,100,SYNTHETIC,45.9,1,0.61,Thursday
Route 6 - Industrial Park,7,3,0,14.7,1,0,19,93,100,SYNTHETIC,45.9,1,0.93,Thursday
Route 1 - City Centre Express,18,3,0,7.5,0,0,90,93,100,SYNTHETIC,55.2,1,0.93,Thursday
Route 5 - South Connector,12,2,0,26.6,1,0,23,16,100,SYNTHETIC,24.6,0,0.16,Wednesday
Route 6 - Industrial Park,12,1,0,23.2,0,0,30,32,100,SYNTHETIC,45.9,0,0.32,Tuesday
Route 2 - Airport Link,13,1,0,23.6,0,0,32,23,100,SYNTHETIC,38.4,0,0.23,Tuesday
Route 2 - Airport Link,18,2,0,31.8,0,0,52,53,100,SYNTHETIC,38.4,1,0.53,Wednesday
Route 6 - Industrial Park,11,1,0,17.5,0,0,32,31,100,SYNTHETIC,45.9,0,0.31,Tuesday
Route 3 - University Shuttle,18,3,0,24.9,1,0,87,93,100,SYNTHETIC,37.7,1,0.93,Thursday
Route 8 - Beach/Leisure,21,6,1,20.5,0,0,20,15,100,SYNTHETIC,27.1,0,0.15,Sunday
Route 5 - South Connector,17,0,0,19.3,0,0,24,36,100,SYNTHETIC,24.6,1,0.36,Monday
Route 5 - South Connector,13,2,0,30.5,0,0,19,16,100,SYNTHETIC,24.6,0,0.16,Wednesday
Route 2 - Airport Link,18,0,0,36.7,0,0,52,52,100,SYNTHETIC,38.4,1,0.52,Monday
Route 5 - South Connector,13,6,1,16.5,0,0,11,3,100,SYNTHETIC,24.6,0,0.03,Sunday
Route 6 - Industrial Park,12,4,0,26.7,0,0,32,32,100,SYNTHETIC,45.9,0,0.32,Friday
Route 6 - Industrial Park,14,1,0,22.6,0,0,24,22,100,SYNTHETIC,45.9,0,0.22,Tuesday
Route 3 - University Shuttle,11,2,0,22.6,0,0,21,24,100,SYNTHETIC,37.7,0,0.24,Wednesday
Route 1 - City Centre Express,7,5,1,22.0,0,0,12,46,100,SYNTHETIC,55.2,1,0.46,Saturday
Route 10 - West Ring,12,6,1,17.3,1,0,11,8,100,SYNTHETIC,26.9,0,0.08,Sunday
Route 10 - West Ring,8,4,0,-5.0,1,1,59,83,100,SYNTHETIC,26.9,1,0.83,Friday
Route 10 - West Ring,12,1,0,32.3,0,0,12,20,100,SYNTHETIC,26.9,0,0.2,Tuesday
Route 3 - University Shuttle,15,4,0,14.4,0,0,27,18,100,SYNTHETIC,37.7,0,0.18,Friday
Route 7 - Hospital Line,20,4,0,18.1,1,0,54,26,100,SYNTHETIC,37.7,0,0.26,Friday
Route 2 - Airport Link,6,4,0,18.2,0,1,10,21,100,SYNTHETIC,38.4,0,0.21,Friday
Route 10 - West Ring,16,0,0,13.7,0,0,21,22,100,SYNTHETIC,26.9,0,0.22,Monday
Route 1 - City Centre Express,13,4,0,21.9,0,1,49,48,100,SYNTHETIC,55.2,0,0.48,Friday
Route 5 - South Connector,6,0,0,19.6,0,0,0,10,100,SYNTHETIC,24.6,0,0.1,Monday
Route 9 - East Corridor,9,6,1,14.3,0,0,32,24,100,SYNTHETIC,35.6,1,0.24,Sunday
Route 8 - Beach/Leisure,7,6,1,21.2,0,0,11,32,100,SYNTHETIC,27.1,1,0.32,Sunday
Route 9 - East Corridor,9,3,0,19.7,0,0,71,48,100,SYNTHETIC,35.6,1,0.48,Thursday
Route 5 - South Connector,10,4,0,27.4,1,0,30,17,100,SYNTHETIC,24.6,0,0.17,Friday
Route 1 - City Centre Express,12,0,0,9.3,0,0,32,40,100,SYNTHETIC,55.2,0,0.4,Monday
Route 1 - City Centre Express,15,6,1,13.6,0,0,18,19,100,SYNTHETIC,55.2,0,0.19,Sunday
Route 2 - Airport Link,0,1,0,25.8,0,0,5,3,100,SYNTHETIC,38.4,0,0.03,Tuesday
Route 1 - City Centre Express,8,1,0,14.9,0,0,84,105,100,SYNTHETIC,55.2,1,1.05,Tuesday
Route 5 - South Connector,7,4,0,12.8,1,0,11,40,100,SYNTHETIC,24.6,1,0.4,Friday
Route 1 - City Centre Express,15,6,1,15.3,0,0,19,17,100,SYNTHETIC,55.2,0,0.17,Sunday
Route 2 - Airport Link,11,3,0,19.2,0,0,27,28,100,SYNTHETIC,38.4,0,0.28,Thursday
Route 5 - South Connector,15,3,0,19.2,0,0,14,19,100,SYNTHETIC,24.6,0,0.19,Thursday
Route 8 - Beach/Leisure,9,3,0,18.3,0,0,18,25,100,SYNTHETIC,27.1,1,0.25,Thursday
Route 7 - Hospital Line,6,2,0,11.8,0,0,3,14,100,SYNTHETIC,37.7,0,0.14,Wednesday
Route 1 - City Centre Express,21,4,0,26.2,0,0,32,24,100,SYNTHETIC,55.2,0,0.24,Friday
Route 10 - West Ring,7,6,1,30.6,0,0,1,23,100,SYNTHETIC,26.9,1,0.23,Sunday
Route 6 - Industrial Park,8,2,0,4.7,1,0,75,97,100,SYNTHETIC,45.9,1,0.97,Wednesday
Route 4 - North Suburbs,8,5,1,7.6,0,1,34,37,100,SYNTHETIC,30.0,1,0.37,Saturday
Route 4 - North Suburbs,22,5,1,28.0,0,0,7,0,100,SYNTHETIC,30.0,0,0.0,Saturday
Route 9 - East Corridor,16,5,1,32.6,0,0,11,16,100,SYNTHETIC,35.6,0,0.16,Saturday
Route 5 - South Connector,16,5,1,3.0,0,0,2,16,100,SYNTHETIC,24.6,0,0.16,Saturday
Route 3 - University Shuttle,22,6,1,26.5,1,0,0,4,100,SYNTHETIC,37.7,0,0.04,Sunday
Route 5 - South Connector,7,5,1,33.1,0,0,8,20,100,SYNTHETIC,24.6,1,0.2,Saturday
Route 1 - City Centre Express,22,6,1,13.1,0,0,12,11,100,SYNTHETIC,55.2,0,0.11,Sunday
Route 2 - Airport Link,8,5,1,32.6,0,0,47,52,100,SYNTHETIC,38.4,1,0.52,Saturday
Route 4 - North Suburbs,16,5,1,18.6,0,0,6,10,100,SYNTHETIC,30.0,0,0.1,Saturday
Route 3 - University Shuttle,12,6,1,22.5,0,0,5,6,100,SYNTHETIC,37.7,0,0.06,Sunday
Route 4 - North Suburbs,12,6,1,14.2,0,0,9,15,100,SYNTHETIC,30.0,0,0.15,Sunday
Route 1 - City Centre Express,20,4,0,28.0,0,0,73,30,100,SYNTHETIC,55.2,0,0.3,Friday
Route 7 - Hospital Line,8,4,0,26.7,0,0,48,55,100,SYNTHETIC,37.7,1,0.55,Friday
Route 2 - Airport Link,23,6,1,33.8,0,0,5,4,100,SYNTHETIC,38.4,0,0.04,Sunday
Route 3 - University Shuttle,12,2,0,31.5,1,0,32,30,100,SYNTHETIC,37.7,0,0.3,Wednesday
Route 10 - West Ring,17,0,0,19.9,0,0,23,32,100,SYNTHETIC,26.9,1,0.32,Monday
Route 1 - City Centre Express,21,6,1,42.0,0,0,21,15,100,SYNTHETIC,55.2,0,0.15,Sunday
Route 3 - University Shuttle,7,4,0,30.8,0,1,17,94,100,SYNTHETIC,37.7,1,0.94,Friday
Route 6 - Industrial Park,20,2,0,24.3,0,0,73,32,100,SYNTHETIC,45.9,0,0.32,Wednesday
Route 4 - North Suburbs,15,5,1,12.0,0,0,7,4,100,SYNTHETIC,30.0,0,0.04,Saturday
Route 4 - North Suburbs,17,0,0,7.8,0,1,43,65,100,SYNTHETIC,30.0,1,0.65,Monday
Route 2 - Airport Link,8,3,0,8.4,1,0,59,71,100,SYNTHETIC,38.4,1,0.71,Thursday
Route 5 - South Connector,15,1,0,12.5,0,0,14,21,100,SYNTHETIC,24.6,0,0.21,Tuesday
Route 8 - Beach/Leisure,17,2,0,31.0,1,0,19,46,100,SYNTHETIC,27.1,1,0.46,Wednesday
Route 6 - Industrial Park,13,6,1,23.9,0,0,8,12,100,SYNTHETIC,45.9,0,0.12,Sunday
Route 10 - West Ring,8,3,0,15.1,0,1,46,68,100,SYNTHETIC,26.9,1,0.68,Thursday
Route 7 - Hospital Line,9,0,0,18.9,1,0,76,46,100,SYNTHETIC,37.7,1,0.46,Monday
Route 8 - Beach/Leisure,19,2,0,17.9,0,0,47,34,100,SYNTHETIC,27.1,1,0.34,Wednesday
Route 5 - South Connector,6,1,0,26.4,0,0,0,8,100,SYNTHETIC,24.6,0,0.08,Tuesday
Route 7 - Hospital Line,17,6,1,13.0,0,0,22,42,100,SYNTHETIC,37.7,1,0.42,Sunday
Route 6 - Industrial Park,23,2,0,22.8,0,0,11,3,100,SYNTHETIC,45.9,0,0.03,Wednesday
Route 9 - East Corridor,2,2,0,22.4,0,0,0,2,100,SYNTHETIC,35.6,0,0.02,Wednesday
Route 6 - Industrial Park,8,2,0,13.2,0,0,90,103,100,SYNTHETIC,45.9,1,1.03,Wednesday
Route 5 - South Connector,17,1,0,32.7,0,0,23,45,100,SYNTHETIC,24.6,1,0.45,Tuesday
Route 1 - City Centre Express,7,5,1,17.6,0,0,9,50,100,SYNTHETIC,55.2,1,0.5,Saturday
Route 9 - East Corridor,16,4,0,12.1,0,0,22,29,100,SYNTHETIC,35.6,0,0.29,Friday
Route 5 - South Connector,17,3,0,26.8,0,0,24,42,100,SYNTHETIC,24.6,1,0.42,Thursday
Route 8 - Beach/Leisure,16,2,0,20.4,0,0,22,19,100,SYNTHETIC,27.1,0,0.19,Wednesday
Route 7 - Hospital Line,11,4,0,23.3,0,0,25,24,100,SYNTHETIC,37.7,0,0.24,Friday
Route 1 - City Centre Express,17,0,0,10.5,0,1,65,108,100,SYNTHETIC,55.2,1,1.08,Monday
Route 7 - Hospital Line,16,6,1,26.5,0,1,27,33,100,SYNTHETIC,37.7,0,0.33,Sunday
Route 5 - South Connector,8,3,0,37.4,0,0,43,45,100,SYNTHETIC,24.6,1,0.45,Thursday
Route 3 - University Shuttle,15,1,0,9.9,0,0,17,23,100,SYNTHETIC,37.7,0,0.23,Tuesday
Route 3 - University Shuttle,19,3,0,22.8,0,0,66,59,100,SYNTHETIC,37.7,1,0.59,Thursday
Route 7 - Hospital Line,17,5,1,13.7,0,1,33,51,100,SYNTHETIC,37.7,1,0.51,Saturday
Route 1 - City Centre Express,13,1,0,41.5,0,0,36,32,100,SYNTHETIC,55.2,0,0.32,Tuesday
Route 7 - Hospital Line,11,3,0,29.9,0,0,15,25,100,SYNTHETIC,37.7,0,0.25,Thursday
Route 9 - East Corridor,7,4,0,22.3,0,0,11,66,100,SYNTHETIC,35.6,1,0.66,Friday
Route 1 - City Centre Express,9,5,1,10.2,0,1,89,54,100,SYNTHETIC,55.2,1,0.54,Saturday
Route 1 - City Centre Express,4,3,0,12.1,0,0,3,0,100,SYNTHETIC,55.2,0,0.0,Thursday
Route 1 - City Centre Express,22,5,1,26.0,0,0,14,3,100,SYNTHETIC,55.2,0,0.03,Saturday
Route 8 - Beach/Leisure,9,5,1,9.1,0,0,32,31,100,SYNTHETIC,27.1,1,0.31,Saturday
Route 9 - East Corridor,18,6,1,9.4,0,0,26,35,100,SYNTHETIC,35.6,1,0.35,Sunday
Route 10 - West Ring,8,2,0,20.1,1,0,44,67,100,SYNTHETIC,26.9,1,0.67,Wednesday
Route 1 - City Centre Express,10,4,0,21.1,1,0,86,35,100,SYNTHETIC,55.2,0,0.35,Friday
Route 5 - South Connector,12,1,0,23.0,0,0,19,22,100,SYNTHETIC,24.6,0,0.22,Tuesday
Route 1 - City Centre Express,11,5,1,16.5,0,0,16,21,100,SYNTHETIC,55.2,0,0.21,Saturday
Route 4 - North Suburbs,18,6,1,27.4,1,0,29,32,100,SYNTHETIC,30.0,1,0.32,Sunday
Route 4 - North Suburbs,21,2,0,13.1,0,0,17,14,100,SYNTHETIC,30.0,0,0.14,Wednesday
Route 7 - Hospital Line,19,3,0,25.0,0,0,75,53,100,SYNTHETIC,37.7,1,0.53,Thursday
Route 10 - West Ring,8,5,1,21.7,0,0,23,32,100,SYNTHETIC,26.9,1,0.32,Saturday
Route 9 - East Corridor,18,0,0,24.8,0,0,66,65,100,SYNTHETIC,35.6,1,0.65,Monday
Route 1 - City Centre Express,8,4,0,29.5,0,0,99,102,100,SYNTHETIC,55.2,1,1.02,Friday
Route 3 - University Shuttle,20,5,1,16.4,0,0,16,5,100,SYNTHETIC,37.7,0,0.05,Saturday
Route 3 - University Shuttle,14,6,1,14.7,0,0,5,4,100,SYNTHETIC,37.7,0,0.04,Sunday
Route 3 - University Shuttle,11,1,0,6.5,0,0,20,24,100,SYNTHETIC,37.7,0,0.24,Tuesday
Route 4 - North Suburbs,8,5,1,3.8,1,0,30,30,100,SYNTHETIC,30.0,1,0.3,Saturday
Route 7 - Hospital Line,4,5,1,18.6,0,1,1,5,100,SYNTHETIC,37.7,0,0.05,Saturday
Route 8 - Beach/Leisure,9,0,0,19.1,0,0,25,22,100,SYNTHETIC,27.1,1,0.22,Monday
Route 10 - West Ring,20,4,0,11.3,1,0,49,27,100,SYNTHETIC,26.9,0,0.27,Friday
Route 8 - Beach/Leisure,18,4,0,13.0,0,0,38,44,100,SYNTHETIC,27.1,1,0.44,Friday
Route 3 - University Shuttle,21,6,1,32.2,1,0,0,4,100,SYNTHETIC,37.7,0,0.04,Sunday
Route 2 - Airport Link,7,0,0,27.0,0,0,16,54,100,SYNTHETIC,38.4,1,0.54,Monday
Route 4 - North Suburbs,16,6,1,9.9,0,0,8,13,100,SYNTHETIC,30.0,0,0.13,Sunday
Route 8 - Beach/Leisure,9,3,0,16.5,0,0,28,22,100,SYNTHETIC,27.1,1,0.22,Thursday
Route 10 - West Ring,15,1,0,23.2,0,0,23,14,100,SYNTHETIC,26.9,0,0.14,Tuesday
Route 4 - North Suburbs,11,2,0,15.0,0,0,15,22,100,SYNTHETIC,30.0,0,0.22,Wednesday
Route 2 - Airport Link,10,5,1,13.5,0,1,58,39,100,SYNTHETIC,38.4,0,0.39,Saturday
Route 1 - City Centre Express,15,6,1,17.3,1,0,24,26,100,SYNTHETIC,55.2,0,0.26,Sunday
Route 1 - City Centre Express,8,2,0,28.7,0,0,93,115,100,SYNTHETIC,55.2,1,1.15,Wednesday
Route 7 - Hospital Line,13,6,1,29.5,0,0,18,20,100,SYNTHETIC,37.7,0,0.2,Sunday
Route 6 - Industrial Park,17,4,0,14.1,0,0,45,83,100,SYNTHETIC,45.9,1,0.83,Friday
Route 7 - Hospital Line,8,1,0,23.7,1,0,62,68,100,SYNTHETIC,37.7,1,0.68,Tuesday
Route 1 - City Centre Express,20,4,0,19.9,0,0,82,30,100,SYNTHETIC,55.2,0,0.3,Friday
Route 5 - South Connector,14,5,1,11.9,1,0,16,6,100,SYNTHETIC,24.6,0,0.06,Saturday
Route 2 - Airport Link,19,0,0,17.6,0,0,63,51,100,SYNTHETIC,38.4,1,0.51,Monday
Route 4 - North Suburbs,17,0,0,9.9,0,0,29,59,100,SYNTHETIC,30.0,1,0.59,Monday
Route 7 - Hospital Line,17,0,0,29.3,0,0,28,61,100,SYNTHETIC,37.7,1,0.61,Monday
Route 3 - University Shuttle,17,3,0,32.4,0,0,33,80,100,SYNTHETIC,37.7,1,0.8,Thursday
Route 7 - Hospital Line,19,0,0,16.7,0,0,63,51,100,SYNTHETIC,37.7,1,0.51,Monday
Route 3 - University Shuttle,16,6,1,14.8,0,0,2,8,100,SYNTHETIC,37.7,0,0.08,Sunday
Route 6 - Industrial Park,10,0,0,28.4,0,0,70,21,100,SYNTHETIC,45.9,0,0.21,Monday
Route 5 - South Connector,7,0,0,29.7,0,0,9,39,100,SYNTHETIC,24.6,1,0.39,Monday
Route 4 - North Suburbs,16,1,0,11.1,0,0,26,24,100,SYNTHETIC,30.0,0,0.24,Tuesday
Route 2 - Airport Link,7,5,1,18.8,0,0,13,48,100,SYNTHETIC,38.4,1,0.48,Saturday
Route 6 - Industrial Park,9,6,1,19.5,0,0,13,11,100,SYNTHETIC,45.9,1,0.11,Sunday
Route 10 - West Ring,7,1,0,13.8,1,0,7,43,100,SYNTHETIC,26.9,1,0.43,Tuesday
Route 7 - Hospital Line,15,3,0,23.1,0,0,23,22,100,SYNTHETIC,37.7,0,0.22,Thursday
Route 8 - Beach/Leisure,8,5,1,14.4,0,0,30,37,100,SYNTHETIC,27.1,1,0.37,Saturday
Route 9 - East Corridor,16,5,1,15.7,1,0,10,11,100,SYNTHETIC,35.6,0,0.11,Saturday
Route 1 - City Centre Express,18,1,0,19.2,0,0,91,87,100,SYNTHETIC,55.2,1,0.87,Tuesday
Route 8 - Beach/Leisure,19,5,1,8.1,1,0,68,51,100,SYNTHETIC,27.1,1,0.51,Saturday
Route 3 - University Shuttle,10,6,1,3.5,0,0,14,0,100,SYNTHETIC,37.7,0,0.0,Sunday
Route 7 - Hospital Line,15,5,1,27.3,0,0,14,19,100,SYNTHETIC,37.7,0,0.19,Saturday
Route 10 - West Ring,15,3,0,14.1,0,0,10,16,100,SYNTHETIC,26.9,0,0.16,Thursday
Route 9 - East Corridor,13,2,0,37.1,1,0,21,18,100,SYNTHETIC,35.6,0,0.18,Wednesday
Route 5 - South Connector,17,6,1,35.8,0,0,12,20,100,SYNTHETIC,24.6,1,0.2,Sunday
Route 9 - East Corridor,9,6,1,15.9,0,0,32,20,100,SYNTHETIC,35.6,1,0.2,Sunday
Route 7 - Hospital Line,22,3,0,38.7,1,0,14,13,100,SYNTHETIC,37.7,0,0.13,Thursday
Route 2 - Airport Link,7,5,1,27.5,0,0,18,48,100,SYNTHETIC,38.4,1,0.48,Saturday
Route 3 - University Shuttle,19,2,0,14.8,0,0,85,53,100,SYNTHETIC,37.7,1,0.53,Wednesday
Route 10 - West Ring,16,5,1,-0.7,0,0,9,13,100,SYNTHETIC,26.9,0,0.13,Saturday
Route 10 - West Ring,9,0,0,25.5,0,0,52,36,100,SYNTHETIC,26.9,1,0.36,Monday
Route 9 - East Corridor,18,6,1,20.3,1,0,33,35,100,SYNTHETIC,35.6,1,0.35,Sunday
Route 4 - North Suburbs,7,3,0,23.5,1,0,8,64,100,SYNTHETIC,30.0,1,0.64,Thursday
Route 4 - North Suburbs,18,4,0,18.2,0,0,58,50,100,SYNTHETIC,30.0,1,0.5,Friday
Route 9 - East Corridor,16,1,0,10.8,0,0,25,31,100,SYNTHETIC,35.6,0,0.31,Tuesday
Route 1 - City Centre Express,7,3,0,16.6,0,0,10,84,100,SYNTHETIC,55.2,1,0.84,Thursday
Route 9 - East Corridor,7,0,0,25.7,0,0,12,57,100,SYNTHETIC,35.6,1,0.57,Monday
Route 7 - Hospital Line,18,6,1,17.2,0,0,43,40,100,SYNTHETIC,37.7,1,0.4,Sunday
Route 7 - Hospital Line,10,5,1,17.1,0,0,31,14,100,SYNTHETIC,37.7,0,0.14,Saturday
Route 5 - South Connector,20,3,0,7.8,0,0,39,16,100,SYNTHETIC,24.6,0,0.16,Thursday
Route 10 - West Ring,18,5,1,20.7,0,0,29,18,100,SYNTHETIC,26.9,1,0.18,Saturday
Route 8 - Beach/Leisure,17,5,1,11.1,0,0,26,64,100,SYNTHETIC,27.1,1,0.64,Saturday
Route 1 - City Centre Express,10,0,0,27.3,0,0,70,30,100,SYNTHETIC,55.2,0,0.3,Monday
Route 6 - Industrial Park,17,0,0,14.1,0,0,35,75,100,SYNTHETIC,45.9,1,0.75,Monday
Route 9 - East Corridor,21,1,0,17.6,0,0,21,17,100,SYNTHETIC,35.6,0,0.17,Tuesday
Route 1 - City Centre Express,7,0,0,37.3,0,0,13,97,100,SYNTHETIC,55.2,1,0.97,Monday
Route 8 - Beach/Leisure,11,4,0,17.5,0,0,15,13,100,SYNTHETIC,27.1,0,0.13,Friday
Route 3 - University Shuttle,9,3,0,16.5,0,0,104,56,100,SYNTHETIC,37.7,1,0.56,Thursday
Route 6 - Industrial Park,12,3,0,24.7,0,0,34,36,100,SYNTHETIC,45.9,0,0.36,Thursday
Route 9 - East Corridor,18,0,0,5.7,1,0,69,70,100,SYNTHETIC,35.6,1,0.7,Monday
Route 5 - South Connector,13,6,1,30.0,0,0,3,9,100,SYNTHETIC,24.6,0,0.09,Sunday
Route 1 - City Centre Express,15,6,1,28.0,0,0,12,22,100,SYNTHETIC,55.2,0,0.22,Sunday
Route 1 - City Centre Express,10,4,0,24.2,0,0,80,31,100,SYNTHETIC,55.2,0,0.31,Friday
Route 8 - Beach/Leisure,8,0,0,-5.0,0,0,26,30,100,SYNTHETIC,27.1,1,0.3,Monday
Route 10 - West Ring,9,2,0,17.9,0,0,53,35,100,SYNTHETIC,26.9,1,0.35,Wednesday
Route 3 - University Shuttle,19,5,1,9.8,0,0,14,14,100,SYNTHETIC,37.7,1,0.14,Saturday
Route 10 - West Ring,16,5,1,29.0,0,0,13,15,100,SYNTHETIC,26.9,0,0.15,Saturday
Route 5 - South Connector,12,1,0,28.4,0,0,20,12,100,SYNTHETIC,24.6,0,0.12,Tuesday
Route 1 - City Centre Express,18,5,1,23.1,0,0,63,66,100,SYNTHETIC,55.2,1,0.66,Saturday
Route 6 - Industrial Park,7,6,1,10.4,0,0,0,11,100,SYNTHETIC,45.9,1,0.11,Sunday
Route 10 - West Ring,9,3,0,32.0,1,0,57,40,100,SYNTHETIC,26.9,1,0.4,Thursday
Route 3 - University Shuttle,9,2,0,17.9,0,1,154,106,100,SYNTHETIC,37.7,1,1.06,Wednesday
Route 10 - West Ring,22,3,0,34.4,0,1,20,8,100,SYNTHETIC,26.9,0,0.08,Thursday
Route 7 - Hospital Line,17,0,0,22.1,0,0,34,57,100,SYNTHETIC,37.7,1,0.57,Monday
Route 4 - North Suburbs,16,3,0,24.1,0,0,21,26,100,SYNTHETIC,30.0,0,0.26,Thursday
Route 7 - Hospital Line,1,0,0,16.3,0,0,2,0,100,SYNTHETIC,37.7,0,0.0,Monday
Route 5 - South Connector,8,0,0,31.3,0,0,42,53,100,SYNTHETIC,24.6,1,0.53,Monday
Route 1 - City Centre Express,16,3,0,24.9,0,0,31,41,100,SYNTHETIC,55.2,0,0.41,Thursday
Route 9 - East Corridor,12,3,0,31.5,0,0,20,29,100,SYNTHETIC,35.6,0,0.29,Thursday
Route 4 - North Suburbs,20,6,1,21.4,0,0,21,9,100,SYNTHETIC,30.0,0,0.09,Sunday
Route 6 - Industrial Park,18,3,0,19.6,0,0,90,95,100,SYNTHETIC,45.9,1,0.95,Thursday
Route 8 - Beach/Leisure,13,6,1,24.8,0,0,19,25,100,SYNTHETIC,27.1,0,0.25,Sunday
Route 1 - City Centre Express,18,5,1,31.5,0,0,59,51,100,SYNTHETIC,55.2,1,0.51,Saturday
Route 8 - Beach/Leisure,22,2,0,28.1,0,0,9,5,100,SYNTHETIC,27.1,0,0.05,Wednesday
Route 4 - North Suburbs,13,6,1,21.1,0,0,14,13,100,SYNTHETIC,30.0,0,0.13,Sunday
Route 6 - Industrial Park,16,3,0,5.1,0,0,22,35,100,SYNTHETIC,45.9,0,0.35,Thursday
Route 5 - South Connector,20,4,0,26.5,0,0,36,16,100,SYNTHETIC,24.6,0,0.16,Friday
Route 8 - Beach/Leisure,9,0,0,8.5,1,0,33,24,100,SYNTHETIC,27.1,1,0.24,Monday
Route 2 - Airport Link,20,1,0,20.3,0,1,73,46,100,SYNTHETIC,38.4,0,0.46,Tuesday
Route 2 - Airport Link,7,3,0,19.1,0,0,13,61,100,SYNTHETIC,38.4,1,0.61,Thursday
Route 5 - South Connector,17,1,0,8.7,0,0,24,36,100,SYNTHETIC,24.6,1,0.36,Tuesday
Route 2 - Airport Link,18,4,0,23.0,0,1,94,82,100,SYNTHETIC,38.4,1,0.82,Friday
Route 3 - University Shuttle,16,0,0,37.2,0,0,24,27,100,SYNTHETIC,37.7,0,0.27,Monday
Route 7 - Hospital Line,14,1,0,17.5,1,0,29,27,100,SYNTHETIC,37.7,0,0.27,Tuesday
Route 9 - East Corridor,16,4,0,26.1,0,0,27,25,100,SYNTHETIC,35.6,0,0.25,Friday
Route 7 - Hospital Line,8,4,0,38.8,0,0,58,57,100,SYNTHETIC,37.7,1,0.57,Friday
Route 4 - North Suburbs,9,6,1,26.9,1,1,44,31,100,SYNTHETIC,30.0,1,0.31,Sunday
Route 9 - East Corridor,10,6,1,14.8,1,0,30,8,100,SYNTHETIC,35.6,0,0.08,Sunday
Route 5 - South Connector,16,5,1,21.9,1,0,11,16,100,SYNTHETIC,24.6,0,0.16,Saturday
Route 2 - Airport Link,13,0,0,23.8,1,0,32,32,100,SYNTHETIC,38.4,0,0.32,Monday
Route 8 - Beach/Leisure,9,4,0,31.5,0,0,27,17,100,SYNTHETIC,27.1,1,0.17,Friday
Route 6 - Industrial Park,19,1,0,29.7,0,0,102,73,100,SYNTHETIC,45.9,1,0.73,Tuesday
Route 4 - North Suburbs,12,1,0,-2.2,0,0,25,13,100,SYNTHETIC,30.0,0,0.13,Tuesday
Route 7 - Hospital Line,13,1,0,13.2,0,0,27,23,100,SYNTHETIC,37.7,0,0.23,Tuesday
Route 8 - Beach/Leisure,12,3,0,19.4,0,0,20,20,100,SYNTHETIC,27.1,0,0.2,Thursday
Route 3 - University Shuttle,8,0,0,11.9,0,1,111,121,100,SYNTHETIC,37.7,1,1.21,Monday
Route 2 - Airport Link,18,3,0,-5.0,0,0,58,48,100,SYNTHETIC,38.4,1,0.48,Thursday
Route 6 - Industrial Park,13,1,0,14.2,0,0,32,33,100,SYNTHETIC,45.9,0,0.33,Tuesday
Route 1 - City Centre Express,5,3,0,20.0,0,0,0,1,100,SYNTHETIC,55.2,0,0.01,Thursday
Route 7 - Hospital Line,21,4,0,15.8,0,0,30,21,100,SYNTHETIC,37.7,0,0.21,Friday
Route 5 - South Connector,18,1,0,12.0,0,0,36,53,100,SYNTHETIC,24.6,1,0.53,Tuesday
Route 3 - University Shuttle,17,0,0,20.3,0,0,28,75,100,SYNTHETIC,37.7,1,0.75,Monday
Route 6 - Industrial Park,19,5,1,22.7,0,0,10,15,100,SYNTHETIC,45.9,1,0.15,Saturday
Route 4 - North Suburbs,20,5,1,16.3,0,0,26,5,100,SYNTHETIC,30.0,0,0.05,Saturday
Route 4 - North Suburbs,11,1,0,31.0,0,0,23,15,100,SYNTHETIC,30.0,0,0.15,Tuesday
Route 3 - University Shuttle,16,6,1,20.5,0,0,6,4,100,SYNTHETIC,37.7,0,0.04,Sunday
Route 7 - Hospital Line,16,1,0,13.0,0,0,22,33,100,SYNTHETIC,37.7,0,0.33,Tuesday
Route 10 - West Ring,9,6,1,11.0,0,0,25,17,100,SYNTHETIC,26.9,1,0.17,Sunday
Route 7 - Hospital Line,9,0,0,18.3,0,0,64,46,100,SYNTHETIC,37.7,1,0.46,Monday
Route 3 - University Shuttle,7,4,0,28.9,1,0,10,70,100,SYNTHETIC,37.7,1,0.7,Friday
Route 9 - East Corridor,17,0,0,13.4,0,0,26,59,100,SYNTHETIC,35.6,1,0.59,Monday
Route 2 - Airport Link,18,1,0,24.8,0,0,58,54,100,SYNTHETIC,38.4,1,0.54,Tuesday
Route 3 - University Shuttle,18,2,0,20.8,0,0,71,72,100,SYNTHETIC,37.7,1,0.72,Wednesday
Route 1 - City Centre Express,10,0,0,35.9,0,0,72,26,100,SYNTHETIC,55.2,0,0.26,Monday
Route 9 - East Corridor,8,3,0,23.1,1,0,52,76,100,SYNTHETIC,35.6,1,0.76,Thursday
Route 1 - City Centre Express,13,1,0,14.4,1,0,45,33,100,SYNTHETIC,55.2,0,0.33,Tuesday
Route 6 - Industrial Park,15,0,0,25.9,0,0,26,30,100,SYNTHETIC,45.9,0,0.3,Monday
Route 2 - Airport Link,20,6,1,26.2,1,0,50,21,100,SYNTHETIC,38.4,0,0.21,Sunday
Route 3 - University Shuttle,19,6,1,16.8,0,0,16,14,100,SYNTHETIC,37.7,1,0.14,Sunday
Route 7 - Hospital Line,20,6,1,10.7,0,1,53,26,100,SYNTHETIC,37.7,0,0.26,Sunday
Route 9 - East Corridor,19,1,0,24.3,0,0,57,50,100,SYNTHETIC,35.6,1,0.5,Tuesday
Route 1 - City Centre Express,21,2,0,20.5,0,0,30,22,100,SYNTHETIC,55.2,0,0.22,Wednesday
Route 2 - Airport Link,13,2,0,7.9,1,0,29,31,100,SYNTHETIC,38.4,0,0.31,Wednesday
Route 3 - University Shuttle,7,2,0,22.0,0,0,12,64,100,SYNTHETIC,37.7,1,0.64,Wednesday
Route 10 - West Ring,7,2,0,14.9,0,0,13,43,100,SYNTHETIC,26.9,1,0.43,Wednesday
Route 1 - City Centre Express,12,3,0,7.9,0,0,33,30,100,SYNTHETIC,55.2,0,0.3,Thursday
Route 2 - Airport Link,9,3,0,17.2,0,0,56,44,100,SYNTHETIC,38.4,1,0.44,Thursday
Route 5 - South Connector,8,2,0,30.3,0,0,38,43,100,SYNTHETIC,24.6,1,0.43,Wednesday
Route 4 - North Suburbs,21,6,1,29.7,1,0,11,7,100,SYNTHETIC,30.0,0,0.07,Sunday
Route 1 - City Centre Express,8,6,1,27.6,1,0,56,74,100,SYNTHETIC,55.2,1,0.74,Sunday
Route 6 - Industrial Park,21,2,0,22.2,0,0,30,22,100,SYNTHETIC,45.9,0,0.22,Wednesday
Route 7 - Hospital Line,18,1,0,24.8,0,0,64,69,100,SYNTHETIC,37.7,1,0.69,Tuesday
Route 2 - Airport Link,16,3,0,20.8,0,0,25,32,100,SYNTHETIC,38.4,0,0.32,Thursday
Route 7 - Hospital Line,17,2,0,11.2,0,1,44,93,100,SYNTHETIC,37.7,1,0.93,Wednesday
Route 1 - City Centre Express,11,6,1,12.8,0,0,21,21,100,SYNTHETIC,55.2,0,0.21,Sunday
Route 8 - Beach/Leisure,17,3,0,15.1,1,0,22,44,100,SYNTHETIC,27.1,1,0.44,Thursday
Route 3 - University Shuttle,8,0,0,31.2,0,0,82,87,100,SYNTHETIC,37.7,1,0.87,Monday
Route 3 - University Shuttle,20,0,0,28.6,0,0,72,23,100,SYNTHETIC,37.7,0,0.23,Monday
Route 2 - Airport Link,10,0,0,11.4,0,0,37,28,100,SYNTHETIC,38.4,0,0.28,Monday
Route 9 - East Corridor,9,2,0,20.4,0,0,70,52,100,SYNTHETIC,35.6,1,0.52,Wednesday
Route 6 - Industrial Park,17,2,0,16.8,0,0,35,86,100,SYNTHETIC,45.9,1,0.86,Wednesday
Route 7 - Hospital Line,17,5,1,18.8,1,0,20,44,100,SYNTHETIC,37.7,1,0.44,Saturday
Route 3 - University Shuttle,13,6,1,15.7,0,0,3,8,100,SYNTHETIC,37.7,0,0.08,Sunday
Route 1 - City Centre Express,16,0,0,31.2,1,0,34,50,100,SYNTHETIC,55.2,0,0.5,Monday
Route 1 - City Centre Express,8,6,1,19.8,0,0,51,64,100,SYNTHETIC,55.2,1,0.64,Sunday
Route 5 - South Connector,17,4,0,21.7,1,0,23,47,100,SYNTHETIC,24.6,1,0.47,Friday
Route 4 - North Suburbs,10,2,0,21.8,0,0,42,23,100,SYNTHETIC,30.0,0,0.23,Wednesday
Route 8 - Beach/Leisure,10,2,0,11.8,0,0,26,13,100,SYNTHETIC,27.1,0,0.13,Wednesday
Route 8 - Beach/Leisure,8,3,0,20.9,0,0,18,28,100,SYNTHETIC,27.1,1,0.28,Thursday
Route 4 - North Suburbs,11,1,0,28.5,0,0,22,22,100,SYNTHETIC,30.0,0,0.22,Tuesday
Route 5 - South Connector,11,6,1,31.8,0,0,9,8,100,SYNTHETIC,24.6,0,0.08,Sunday
Route 4 - North Suburbs,13,0,0,10.8,0,0,21,25,100,SYNTHETIC,30.0,0,0.25,Monday
Route 7 - Hospital Line,8,0,0,7.9,0,1,65,92,100,SYNTHETIC,37.7,1,0.92,Monday
Route 7 - Hospital Line,8,1,0,20.5,0,0,61,67,100,SYNTHETIC,37.7,1,0.67,Tuesday
Route 7 - Hospital Line,15,1,0,28.9,0,0,18,30,100,SYNTHETIC,37.7,0,0.3,Tuesday
Route 1 - City Centre Express,8,0,0,22.9,0,0,96,85,100,SYNTHETIC,55.2,1,0.85,Monday
Route 4 - North Suburbs,17,2,0,25.4,0,0,31,54,100,SYNTHETIC,30.0,1,0.54,Wednesday
Route 10 - West Ring,21,2,0,9.1,0,0,15,10,100,SYNTHETIC,26.9,0,0.1,Wednesday
Route 4 - North Suburbs,12,0,0,15.4,0,0,24,22,100,SYNTHETIC,30.0,0,0.22,Monday
Route 2 - Airport Link,20,5,1,2.4,0,0,40,19,100,SYNTHETIC,38.4,0,0.19,Saturday
Route 2 - Airport Link,7,6,1,18.9,0,1,12,69,100,SYNTHETIC,38.4,1,0.69,Sunday
Route 1 - City Centre Express,6,5,1,2.7,0,1,0,14,100,SYNTHETIC,55.2,0,0.14,Saturday
Route 8 - Beach/Leisure,17,3,0,30.7,0,0,19,43,100,SYNTHETIC,27.1,1,0.43,Thursday
Route 1 - City Centre Express,18,6,1,32.4,0,0,57,63,100,SYNTHETIC,55.2,1,0.63,Sunday
Route 6 - Industrial Park,19,2,0,21.1,0,1,120,87,100,SYNTHETIC,45.9,1,0.87,Wednesday
Route 4 - North Suburbs,7,2,0,7.9,0,0,10,48,100,SYNTHETIC,30.0,1,0.48,Wednesday
Route 1 - City Centre Express,18,0,0,23.0,0,0,101,97,100,SYNTHETIC,55.2,1,0.97,Monday
Route 9 - East Corridor,12,4,0,34.9,0,0,25,24,100,SYNTHETIC,35.6,0,0.24,Friday
Route 8 - Beach/Leisure,10,0,0,23.8,0,0,18,14,100,SYNTHETIC,27.1,0,0.14,Monday
Route 9 - East Corridor,8,4,0,29.5,1,0,65,67,100,SYNTHETIC,35.6,1,0.67,Friday
Route 10 - West Ring,23,5,1,16.1,0,0,6,0,100,SYNTHETIC,26.9,0,0.0,Saturday
Route 10 - West Ring,7,1,0,13.0,0,0,12,43,100,SYNTHETIC,26.9,1,0.43,Tuesday
Route 8 - Beach/Leisure,19,4,0,19.4,0,0,49,32,100,SYNTHETIC,27.1,1,0.32,Friday
Route 6 - Industrial Park,16,2,0,4.6,0,0,29,37,100,SYNTHETIC,45.9,0,0.37,Wednesday
Route 7 - Hospital Line,18,2,0,38.1,0,0,56,54,100,SYNTHETIC,37.7,1,0.54,Wednesday
Route 5 - South Connector,17,3,0,21.1,0,0,23,43,100,SYNTHETIC,24.6,1,0.43,Thursday
Route 2 - Airport Link,19,1,0,26.9,0,0,53,46,100,SYNTHETIC,38.4,1,0.46,Tuesday
Route 4 - North Suburbs,8,5,1,16.3,0,0,28,29,100,SYNTHETIC,30.0,1,0.29,Saturday
Route 5 - South Connector,0,2,0,7.7,0,0,0,1,100,SYNTHETIC,24.6,0,0.01,Wednesday
Route 1 - City Centre Express,16,3,0,31.4,0,0,30,38,100,SYNTHETIC,55.2,0,0.38,Thursday
Route 9 - East Corridor,11,5,1,11.0,0,0,10,10,100,SYNTHETIC,35.6,0,0.1,Saturday
Route 10 - West Ring,8,1,0,22.8,1,0,50,63,100,SYNTHETIC,26.9,1,0.63,Tuesday
Route 5 - South Connector,8,3,0,23.5,0,0,41,38,100,SYNTHETIC,24.6,1,0.38,Thursday
Route 5 - South Connector,11,6,1,20.6,0,0,14,8,100,SYNTHETIC,24.6,0,0.08,Sunday
Route 9 - East Corridor,7,2,0,13.7,0,0,11,63,100,SYNTHETIC,35.6,1,0.63,Wednesday
Route 5 - South Connector,7,0,0,18.8,0,0,7,41,100,SYNTHETIC,24.6,1,0.41,Monday
Route 7 - Hospital Line,20,1,0,12.4,0,0,48,29,100,SYNTHETIC,37.7,0,0.29,Tuesday
Route 6 - Industrial Park,10,6,1,26.5,0,1,15,6,100,SYNTHETIC,45.9,0,0.06,Sunday
Route 3 - University Shuttle,22,5,1,24.6,0,0,5,0,100,SYNTHETIC,37.7,0,0.0,Saturday
Route 8 - Beach/Leisure,21,5,1,19.8,0,0,19,12,100,SYNTHETIC,27.1,0,0.12,Saturday
Route 2 - Airport Link,8,1,0,15.5,0,0,52,60,100,SYNTHETIC,38.4,1,0.6,Tuesday
Route 3 - University Shuttle,17,5,1,36.9,0,0,11,17,100,SYNTHETIC,37.7,1,0.17,Saturday
Route 7 - Hospital Line,16,2,0,9.6,1,1,41,49,100,SYNTHETIC,37.7,0,0.49,Wednesday
Route 8 - Beach/Leisure,17,5,1,7.6,0,0,24,59,100,SYNTHETIC,27.1,1,0.59,Saturday
Route 10 - West Ring,7,6,1,19.3,0,0,4,23,100,SYNTHETIC,26.9,1,0.23,Sunday
Route 8 - Beach/Leisure,8,1,0,17.9,0,0,16,27,100,SYNTHETIC,27.1,1,0.27,Tuesday
Route 1 - City Centre Express,7,6,1,28.8,0,0,10,50,100,SYNTHETIC,55.2,1,0.5,Sunday
Route 9 - East Corridor,16,4,0,25.2,0,0,28,25,100,SYNTHETIC,35.6,0,0.25,Friday
Route 5 - South Connector,22,5,1,20.2,0,0,3,6,100,SYNTHETIC,24.6,0,0.06,Saturday
Route 1 - City Centre Express,17,5,1,24.0,0,0,20,62,100,SYNTHETIC,55.2,1,0.62,Saturday
Route 6 - Industrial Park,17,1,0,23.9,0,0,35,80,100,SYNTHETIC,45.9,1,0.8,Tuesday
Route 2 - Airport Link,22,5,1,36.8,0,1,26,10,100,SYNTHETIC,38.4,0,0.1,Saturday
Route 5 - South Connector,17,1,0,22.0,1,0,30,47,100,SYNTHETIC,24.6,1,0.47,Tuesday
Route 5 - South Connector,6,1,0,14.6,0,0,4,5,100,SYNTHETIC,24.6,0,0.05,Tuesday
Route 1 - City Centre Express,19,0,0,21.6,0,0,86,82,100,SYNTHETIC,55.2,1,0.82,Monday
Route 9 - East Corridor,11,1,0,-0.9,0,0,19,20,100,SYNTHETIC,35.6,0,0.2,Tuesday
Route 6 - Industrial Park,0,6,1,19.7,0,0,6,0,100,SYNTHETIC,45.9,0,0.0,Sunday
Route 10 - West Ring,14,2,0,28.7,1,1,30,34,100,SYNTHETIC,26.9,0,0.34,Wednesday
Route 5 - South Connector,20,2,0,24.8,0,0,34,17,100,SYNTHETIC,24.6,0,0.17,Wednesday
Route 6 - Industrial Park,9,3,0,22.4,0,0,102,74,100,SYNTHETIC,45.9,1,0.74,Thursday
Route 9 - East Corridor,14,4,0,25.2,0,0,18,17,100,SYNTHETIC,35.6,0,0.17,Friday
Route 3 - University Shuttle,8,4,0,28.8,0,0,81,100,100,SYNTHETIC,37.7,1,1.0,Friday
Route 10 - West Ring,7,3,0,31.4,0,0,12,51,100,SYNTHETIC,26.9,1,0.51,Thursday
Route 2 - Airport Link,7,5,1,23.6,1,0,7,45,100,SYNTHETIC,38.4,1,0.45,Saturday
Route 10 - West Ring,17,3,0,17.5,0,0,20,44,100,SYNTHETIC,26.9,1,0.44,Thursday
Route 7 - Hospital Line,19,5,1,1.5,0,0,37,38,100,SYNTHETIC,37.7,1,0.38,Saturday
Route 6 - Industrial Park,8,6,1,27.8,0,0,15,13,100,SYNTHETIC,45.9,1,0.13,Sunday
Route 3 - University Shuttle,10,4,0,24.1,0,1,85,34,100,SYNTHETIC,37.7,0,0.34,Friday
Route 6 - Industrial Park,8,0,0,21.2,1,0,97,91,100,SYNTHETIC,45.9,1,0.91,Monday
Route 6 - Industrial Park,6,1,0,14.5,0,0,3,12,100,SYNTHETIC,45.9,0,0.12,Tuesday
Route 10 - West Ring,15,4,0,27.7,0,0,18,20,100,SYNTHETIC,26.9,0,0.2,Friday
Route 9 - East Corridor,17,3,0,17.9,0,0,30,57,100,SYNTHETIC,35.6,1,0.57,Thursday
Route 5 - South Connector,17,1,0,19.7,0,0,23,38,100,SYNTHETIC,24.6,1,0.38,Tuesday
Route 4 - North Suburbs,12,2,0,19.6,0,1,31,29,100,SYNTHETIC,30.0,0,0.29,Wednesday
Route 4 - North Suburbs,15,0,0,23.6,1,0,22,25,100,SYNTHETIC,30.0,0,0.25,Monday
Route 4 - North Suburbs,7,1,0,10.8,0,0,11,42,100,SYNTHETIC,30.0,1,0.42,Tuesday
Route 1 - City Centre Express,8,5,1,24.5,0,0,52,72,100,SYNTHETIC,55.2,1,0.72,Saturday
Route 1 - City Centre Express,20,0,0,14.2,0,1,111,45,100,SYNTHETIC,55.2,0,0.45,Monday
Route 8 - Beach/Leisure,18,5,1,14.5,0,0,74,71,100,SYNTHETIC,27.1,1,0.71,Saturday
Route 3 - University Shuttle,20,2,0,27.1,0,0,60,26,100,SYNTHETIC,37.7,0,0.26,Wednesday
Route 5 - South Connector,20,5,1,12.0,0,0,22,7,100,SYNTHETIC,24.6,0,0.07,Saturday
Route 7 - Hospital Line,17,1,0,27.1,0,0,29,56,100,SYNTHETIC,37.7,1,0.56,Tuesday
Route 7 - Hospital Line,20,5,1,20.8,0,0,38,16,100,SYNTHETIC,37.7,0,0.16,Saturday
Route 4 - North Suburbs,12,4,0,6.8,1,0,27,23,100,SYNTHETIC,30.0,0,0.23,Friday
Route 8 - Beach/Leisure,0,5,1,30.9,0,0,1,0,100,SYNTHETIC,27.1,0,0.0,Saturday
Route 2 - Airport Link,7,0,0,22.5,0,0,11,56,100,SYNTHETIC,38.4,1,0.56,Monday
Route 5 - South Connector,7,5,1,23.2,1,0,4,21,100,SYNTHETIC,24.6,1,0.21,Saturday
Route 2 - Airport Link,7,1,0,28.1,1,0,15,57,100,SYNTHETIC,38.4,1,0.57,Tuesday
Route 6 - Industrial Park,11,2,0,32.0,0,0,28,32,100,SYNTHETIC,45.9,0,0.32,Wednesday
Route 1 - City Centre Express,17,0,0,21.6,0,0,41,99,100,SYNTHETIC,55.2,1,0.99,Monday
Route 10 - West Ring,18,6,1,24.9,1,0,24,24,100,SYNTHETIC,26.9,1,0.24,Sunday
Route 7 - Hospital Line,16,4,0,23.0,0,0,31,35,100,SYNTHETIC,37.7,0,0.35,Friday
Route 3 - University Shuttle,8,6,1,17.3,0,0,14,19,100,SYNTHETIC,37.7,1,0.19,Sunday
Route 7 - Hospital Line,18,3,0,7.3,0,0,54,56,100,SYNTHETIC,37.7,1,0.56,Thursday
Route 4 - North Suburbs,11,1,0,21.7,0,0,22,19,100,SYNTHETIC,30.0,0,0.19,Tuesday
Route 6 - Industrial Park,4,2,0,31.0,0,0,4,4,100,SYNTHETIC,45.9,0,0.04,Wednesday
Route 2 - Airport Link,10,3,0,24.7,0,1,75,40,100,SYNTHETIC,38.4,0,0.4,Thursday
Route 6 - Industrial Park,11,1,0,11.5,1,0,35,27,100,SYNTHETIC,45.9,0,0.27,Tuesday
Route 2 - Airport Link,10,6,1,28.8,0,0,40,19,100,SYNTHETIC,38.4,0,0.19,Sunday
Route 2 - Airport Link,18,6,1,17.5,0,1,72,83,100,SYNTHETIC,38.4,1,0.83,Sunday
Route 6 - Industrial Park,18,3,0,3.3,0,0,69,79,100,SYNTHETIC,45.9,1,0.79,Thursday
Route 6 - Industrial Park,17,4,0,28.1,0,0,33,96,100,SYNTHETIC,45.9,1,0.96,Friday
Route 3 - University Shuttle,8,4,0,12.4,0,0,74,102,100,SYNTHETIC,37.7,1,1.02,Friday
Route 1 - City Centre Express,18,4,0,34.2,0,0,80,99,100,SYNTHETIC,55.2,1,0.99,Friday
Route 5 - South Connector,17,0,0,29.2,1,0,19,39,100,SYNTHETIC,24.6,1,0.39,Monday
Route 10 - West Ring,8,3,0,18.2,0,0,43,52,100,SYNTHETIC,26.9,1,0.52,Thursday
Route 8 - Beach/Leisure,17,5,1,23.7,0,0,30,70,100,SYNTHETIC,27.1,1,0.7,Saturday
Route 1 - City Centre Express,14,5,1,39.4,0,0,18,17,100,SYNTHETIC,55.2,0,0.17,Saturday
Route 10 - West Ring,13,4,0,28.0,0,0,23,20,100,SYNTHETIC,26.9,0,0.2,Friday
Route 5 - South Connector,7,6,1,21.9,1,0,7,21,100,SYNTHETIC,24.6,1,0.21,Sunday
Route 6 - Industrial Park,14,4,0,42.0,0,0,32,24,100,SYNTHETIC,45.9,0,0.24,Friday
Route 1 - City Centre Express,7,2,0,20.9,1,0,25,106,100,SYNTHETIC,55.2,1,1.06,Wednesday
Route 4 - North Suburbs,8,3,0,24.7,1,0,70,60,100,SYNTHETIC,30.0,1,0.6,Thursday
Route 8 - Beach/Leisure,8,4,0,12.5,0,0,25,19,100,SYNTHETIC,27.1,1,0.19,Friday
Route 4 - North Suburbs,21,6,1,6.6,0,0,9,6,100,SYNTHETIC,30.0,0,0.06,Sunday
Route 2 - Airport Link,10,1,0,17.7,0,0,44,25,100,SYNTHETIC,38.4,0,0.25,Tuesday
Route 1 - City Centre Express,11,2,0,20.3,0,0,35,36,100,SYNTHETIC,55.2,0,0.36,Wednesday
Route 10 - West Ring,11,4,0,22.6,1,0,17,26,100,SYNTHETIC,26.9,0,0.26,Friday
Route 9 - East Corridor,20,5,1,8.6,1,0,32,12,100,SYNTHETIC,35.6,0,0.12,Saturday
Route 1 - City Centre Express,15,2,0,25.3,1,0,32,38,100,SYNTHETIC,55.2,0,0.38,Wednesday
Route 10 - West Ring,20,4,0,13.4,0,0,38,19,100,SYNTHETIC,26.9,0,0.19,Friday
Route 9 - East Corridor,10,0,0,24.9,1,0,48,24,100,SYNTHETIC,35.6,0,0.24,Monday
Route 4 - North Suburbs,7,2,0,27.5,0,0,6,49,100,SYNTHETIC,30.0,1,0.49,Wednesday
Route 7 - Hospital Line,15,6,1,16.8,0,0,15,19,100,SYNTHETIC,37.7,0,0.19,Sunday
Route 3 - University Shuttle,11,4,0,12.3,0,0,25,21,100,SYNTHETIC,37.7,0,0.21,Friday
Route 3 - University Shuttle,18,6,1,32.3,0,1,20,29,100,SYNTHETIC,37.7,1,0.29,Sunday
Route 8 - Beach/Leisure,19,1,0,27.0,1,0,57,30,100,SYNTHETIC,27.1,1,0.3,Tuesday
Route 3 - University Shuttle,13,2,0,21.2,0,0,24,26,100,SYNTHETIC,37.7,0,0.26,Wednesday
Route 4 - North Suburbs,21,6,1,31.7,0,0,7,8,100,SYNTHETIC,30.0,0,0.08,Sunday
Route 4 - North Suburbs,15,6,1,20.7,1,0,11,13,100,SYNTHETIC,30.0,0,0.13,Sunday
Route 2 - Airport Link,10,6,1,15.0,0,0,41,18,100,SYNTHETIC,38.4,0,0.18,Sunday
Route 9 - East Corridor,14,2,0,12.0,1,0,25,17,100,SYNTHETIC,35.6,0,0.17,Wednesday
Route 7 - Hospital Line,6,5,1,19.1,0,0,3,11,100,SYNTHETIC,37.7,0,0.11,Saturday
Route 9 - East Corridor,18,3,0,26.2,0,0,70,72,100,SYNTHETIC,35.6,1,0.72,Thursday
Route 6 - Industrial Park,7,5,1,31.1,1,0,3,14,100,SYNTHETIC,45.9,1,0.14,Saturday
Route 2 - Airport Link,10,5,1,20.2,0,0,38,25,100,SYNTHETIC,38.4,0,0.25,Saturday
Route 3 - University Shuttle,15,3,0,29.7,0,1,29,34,100,SYNTHETIC,37.7,0,0.34,Thursday
Route 4 - North Suburbs,6,2,0,18.3,0,0,7,11,100,SYNTHETIC,30.0,0,0.11,Wednesday
Route 10 - West Ring,7,6,1,13.7,0,0,3,25,100,SYNTHETIC,26.9,1,0.25,Sunday
Route 3 - University Shuttle,17,3,0,9.5,0,0,28,71,100,SYNTHETIC,37.7,1,0.71,Thursday
Route 7 - Hospital Line,7,3,0,16.0,1,0,17,69,100,SYNTHETIC,37.7,1,0.69,Thursday
Route 2 - Airport Link,13,4,0,9.9,1,0,37,24,100,SYNTHETIC,38.4,0,0.24,Friday
Route 10 - West Ring,11,6,1,36.1,0,0,9,7,100,SYNTHETIC,26.9,0,0.07,Sunday
Route 7 - Hospital Line,9,0,0,23.5,0,0,66,49,100,SYNTHETIC,37.7,1,0.49,Monday
Route 5 - South Connector,8,6,1,19.2,0,0,21,30,100,SYNTHETIC,24.6,1,0.3,Sunday
Route 4 - North Suburbs,18,2,0,33.8,0,0,49,54,100,SYNTHETIC,30.0,1,0.54,Wednesday
Route 4 - North Suburbs,21,0,0,9.6,0,0,19,10,100,SYNTHETIC,30.0,0,0.1,Monday
Route 3 - University Shuttle,8,2,0,18.9,0,0,72,104,100,SYNTHETIC,37.7,1,1.04,Wednesday
Route 6 - Industrial Park,21,3,0,36.0,0,0,31,19,100,SYNTHETIC,45.9,0,0.19,Thursday
Route 9 - East Corridor,16,4,0,18.8,0,0,22,30,100,SYNTHETIC,35.6,0,0.3,Friday
Route 3 - University Shuttle,16,3,0,39.6,0,0,27,27,100,SYNTHETIC,37.7,0,0.27,Thursday
Route 8 - Beach/Leisure,17,0,0,26.3,0,0,18,43,100,SYNTHETIC,27.1,1,0.43,Monday
Route 6 - Industrial Park,17,3,0,30.4,0,0,35,83,100,SYNTHETIC,45.9,1,0.83,Thursday
Route 8 - Beach/Leisure,19,1,0,30.7,0,0,49,43,100,SYNTHETIC,27.1,1,0.43,Tuesday
Route 8 - Beach/Leisure,14,1,0,20.0,0,0,15,17,100,SYNTHETIC,27.1,0,0.17,Tuesday
Route 1 - City Centre Express,15,4,0,16.1,1,0,32,42,100,SYNTHETIC,55.2,0,0.42,Friday
Route 1 - City Centre Express,11,5,1,19.1,0,0,18,17,100,SYNTHETIC,55.2,0,0.17,Saturday
Route 10 - West Ring,7,1,0,12.1,0,0,14,35,100,SYNTHETIC,26.9,1,0.35,Tuesday
Route 2 - Airport Link,17,4,0,19.5,0,0,35,54,100,SYNTHETIC,38.4,1,0.54,Friday
Route 6 - Industrial Park,6,2,0,20.0,1,0,8,24,100,SYNTHETIC,45.9,0,0.24,Wednesday
Route 8 - Beach/Leisure,10,2,0,33.5,0,0,18,12,100,SYNTHETIC,27.1,0,0.12,Wednesday
Route 6 - Industrial Park,7,4,0,24.7,0,0,18,93,100,SYNTHETIC,45.9,1,0.93,Friday
Route 1 - City Centre Express,8,1,0,38.9,0,0,86,89,100,SYNTHETIC,55.2,1,0.89,Tuesday
Route 1 - City Centre Express,16,5,1,2.7,1,0,23,23,100,SYNTHETIC,55.2,0,0.23,Saturday
Route 7 - Hospital Line,16,2,0,10.3,0,0,27,30,100,SYNTHETIC,37.7,0,0.3,Wednesday
Route 9 - East Corridor,12,0,0,17.2,1,0,22,33,100,SYNTHETIC,35.6,0,0.33,Monday
Route 4 - North Suburbs,7,5,1,31.9,0,0,5,28,100,SYNTHETIC,30.0,1,0.28,Saturday
Route 6 - Industrial Park,13,5,1,19.1,0,0,8,0,100,SYNTHETIC,45.9,0,0.0,Saturday
Route 10 - West Ring,11,3,0,8.3,0,0,20,20,100,SYNTHETIC,26.9,0,0.2,Thursday
Route 9 - East Corridor,17,5,1,18.0,0,0,18,27,100,SYNTHETIC,35.6,1,0.27,Saturday
Route 6 - Industrial Park,15,1,0,10.4,0,0,27,27,100,SYNTHETIC,45.9,0,0.27,Tuesday
Route 7 - Hospital Line,14,2,0,8.9,0,0,29,24,100,SYNTHETIC,37.7,0,0.24,Wednesday
Route 10 - West Ring,14,2,0,36.0,0,0,16,21,100,SYNTHETIC,26.9,0,0.21,Wednesday
Route 8 - Beach/Leisure,21,5,1,17.2,0,0,18,19,100,SYNTHETIC,27.1,0,0.19,Saturday
Route 5 - South Connector,18,2,0,21.4,1,0,43,48,100,SYNTHETIC,24.6,1,0.48,Wednesday
Route 7 - Hospital Line,14,5,1,19.3,0,0,21,17,100,SYNTHETIC,37.7,0,0.17,Saturday
Route 4 - North Suburbs,13,2,0,18.0,1,0,21,27,100,SYNTHETIC,30.0,0,0.27,Wednesday
Route 10 - West Ring,6,4,0,13.3,0,0,0,5,100,SYNTHETIC,26.9,0,0.05,Friday
Route 1 - City Centre Express,21,1,0,17.5,0,0,27,27,100,SYNTHETIC,55.2,0,0.27,Tuesday
Route 3 - University Shuttle,11,3,0,22.7,0,0,24,22,100,SYNTHETIC,37.7,0,0.22,Thursday
Route 4 - North Suburbs,9,0,0,31.3,0,0,49,42,100,SYNTHETIC,30.0,1,0.42,Monday
Route 3 - University Shuttle,23,5,1,27.6,0,0,3,0,100,SYNTHETIC,37.7,0,0.0,Saturday
Route 6 - Industrial Park,17,0,0,10.2,0,1,52,116,100,SYNTHETIC,45.9,1,1.16,Monday
Route 8 - Beach/Leisure,7,6,1,27.9,0,0,9,36,100,SYNTHETIC,27.1,1,0.36,Sunday
Route 9 - East Corridor,7,5,1,23.8,0,0,3,30,100,SYNTHETIC,35.6,1,0.3,Saturday
Route 6 - Industrial Park,6,4,0,15.0,0,0,5,14,100,SYNTHETIC,45.9,0,0.14,Friday
Route 7 - Hospital Line,16,6,1,21.5,0,0,15,22,100,SYNTHETIC,37.7,0,0.22,Sunday
Route 6 - Industrial Park,7,5,1,24.6,0,0,2,17,100,SYNTHETIC,45.9,1,0.17,Saturday
Route 1 - City Centre Express,20,0,0,20.4,1,0,90,44,100,SYNTHETIC,55.2,0,0.44,Monday
Route 8 - Beach/Leisure,20,5,1,23.8,1,0,63,28,100,SYNTHETIC,27.1,0,0.28,Saturday
Route 1 - City Centre Express,15,2,0,13.1,0,0,32,33,100,SYNTHETIC,55.2,0,0.33,Wednesday
Route 6 - Industrial Park,16,5,1,35.9,0,0,5,0,100,SYNTHETIC,45.9,0,0.0,Saturday
Route 10 - West Ring,10,6,1,4.6,0,1,22,14,100,SYNTHETIC,26.9,0,0.14,Sunday
Route 8 - Beach/Leisure,7,6,1,24.6,1,0,14,41,100,SYNTHETIC,27.1,1,0.41,Sunday
Route 6 - Industrial Park,18,3,0,22.9,0,1,144,153,100,SYNTHETIC,45.9,1,1.53,Thursday
Route 4 - North Suburbs,7,1,0,25.1,0,0,10,44,100,SYNTHETIC,30.0,1,0.44,Tuesday
Route 9 - East Corridor,7,0,0,14.3,0,0,10,62,100,SYNTHETIC,35.6,1,0.62,Monday
Route 9 - East Corridor,10,1,0,29.4,0,0,58,25,100,SYNTHETIC,35.6,0,0.25,Tuesday
Route 4 - North Suburbs,4,6,1,19.1,0,0,0,0,100,SYNTHETIC,30.0,0,0.0,Sunday
Route 2 - Airport Link,13,4,0,10.5,0,0,30,28,100,SYNTHETIC,38.4,0,0.28,Friday
Route 6 - Industrial Park,17,2,0,11.2,0,0,40,80,100,SYNTHETIC,45.9,1,0.8,Wednesday
Route 7 - Hospital Line,18,3,0,21.0,0,0,58,62,100,SYNTHETIC,37.7,1,0.62,Thursday
Route 10 - West Ring,16,1,0,7.2,0,0,18,20,100,SYNTHETIC,26.9,0,0.2,Tuesday
Route 9 - East Corridor,19,3,0,34.4,0,0,60,48,100,SYNTHETIC,35.6,1,0.48,Thursday
Route 3 - University Shuttle,12,2,0,28.4,0,1,35,37,100,SYNTHETIC,37.7,0,0.37,Wednesday
Route 3 - University Shuttle,19,5,1,34.6,1,1,28,22,100,SYNTHETIC,37.7,1,0.22,Saturday
Route 10 - West Ring,14,0,0,33.8,0,0,18,20,100,SYNTHETIC,26.9,0,0.2,Monday
Route 4 - North Suburbs,9,6,1,17.2,1,0,42,26,100,SYNTHETIC,30.0,1,0.26,Sunday
Route 5 - South Connector,21,0,0,13.0,1,1,28,17,100,SYNTHETIC,24.6,0,0.17,Monday
Route 4 - North Suburbs,10,2,0,-1.4,0,0,44,19,100,SYNTHETIC,30.0,0,0.19,Wednesday
Route 4 - North Suburbs,6,2,0,16.8,1,0,5,8,100,SYNTHETIC,30.0,0,0.08,Wednesday
Route 6 - Industrial Park,9,5,1,34.1,1,0,16,11,100,SYNTHETIC,45.9,1,0.11,Saturday
Route 3 - University Shuttle,11,4,0,13.4,1,0,28,26,100,SYNTHETIC,37.7,0,0.26,Friday
Route 5 - South Connector,11,1,0,18.3,1,0,13,17,100,SYNTHETIC,24.6,0,0.17,Tuesday
Route 4 - North Suburbs,14,3,0,15.6,0,0,22,21,100,SYNTHETIC,30.0,0,0.21,Thursday
Route 2 - Airport Link,19,3,0,23.0,0,0,54,46,100,SYNTHETIC,38.4,1,0.46,Thursday
Route 8 - Beach/Leisure,10,3,0,30.3,0,0,17,14,100,SYNTHETIC,27.1,0,0.14,Thursday
Route 9 - East Corridor,14,0,0,7.7,0,0,20,24,100,SYNTHETIC,35.6,0,0.24,Monday
Route 5 - South Connector,11,1,0,9.2,0,1,21,25,100,SYNTHETIC,24.6,0,0.25,Tuesday
Route 3 - University Shuttle,19,3,0,31.9,0,0,65,67,100,SYNTHETIC,37.7,1,0.67,Thursday
Route 7 - Hospital Line,8,1,0,25.9,0,0,59,76,100,SYNTHETIC,37.7,1,0.76,Tuesday
Route 6 - Industrial Park,7,3,0,17.9,0,0,15,96,100,SYNTHETIC,45.9,1,0.96,Thursday
Route 6 - Industrial Park,14,1,0,33.7,0,0,28,26,100,SYNTHETIC,45.9,0,0.26,Tuesday
Route 6 - Industrial Park,17,5,1,9.1,0,0,8,10,100,SYNTHETIC,45.9,1,0.1,Saturday
Route 8 - Beach/Leisure,18,1,0,27.4,1,0,48,45,100,SYNTHETIC,27.1,1,0.45,Tuesday
Route 1 - City Centre Express,16,4,0,19.5,0,0,32,34,100,SYNTHETIC,55.2,0,0.34,Friday
Route 1 - City Centre Express,18,5,1,24.9,0,0,73,63,100,SYNTHETIC,55.2,1,0.63,Saturday
Route 1 - City Centre Express,12,2,0,0.9,0,0,34,36,100,SYNTHETIC,55.2,0,0.36,Wednesday
Route 2 - Airport Link,6,0,0,17.9,1,0,11,15,100,SYNTHETIC,38.4,0,0.15,Monday
Route 10 - West Ring,7,0,0,25.9,0,0,8,37,100,SYNTHETIC,26.9,1,0.37,Monday
Route 8 - Beach/Leisure,6,2,0,19.5,0,0,3,6,100,SYNTHETIC,27.1,0,0.06,Wednesday
Route 7 - Hospital Line,11,0,0,30.0,1,0,21,31,100,SYNTHETIC,37.7,0,0.31,Monday
Route 7 - Hospital Line,14,6,1,29.8,0,0,16,18,100,SYNTHETIC,37.7,0,0.18,Sunday
Route 1 - City Centre Express,11,6,1,12.3,0,0,16,22,100,SYNTHETIC,55.2,0,0.22,Sunday
Route 3 - University Shuttle,15,6,1,26.6,1,0,14,15,100,SYNTHETIC,37.7,0,0.15,Sunday
Route 8 - Beach/Leisure,14,6,1,12.1,0,1,30,31,100,SYNTHETIC,27.1,0,0.31,Sunday
Route 5 - South Connector,17,4,0,20.4,1,0,24,34,100,SYNTHETIC,24.6,1,0.34,Friday
Route 6 - Industrial Park,17,2,0,25.2,0,1,48,119,100,SYNTHETIC,45.9,1,1.19,Wednesday
Route 8 - Beach/Leisure,11,3,0,13.3,1,1,24,25,100,SYNTHETIC,27.1,0,0.25,Thursday
Route 1 - City Centre Express,11,1,0,26.3,1,0,30,36,100,SYNTHETIC,55.2,0,0.36,Tuesday
Route 8 - Beach/Leisure,16,5,1,16.0,0,0,25,27,100,SYNTHETIC,27.1,0,0.27,Saturday
Route 7 - Hospital Line,16,3,0,15.4,0,1,30,46,100,SYNTHETIC,37.7,0,0.46,Thursday
Route 5 - South Connector,10,2,0,25.7,0,0,31,14,100,SYNTHETIC,24.6,0,0.14,Wednesday
Route 5 - South Connector,11,4,0,13.3,0,0,11,19,100,SYNTHETIC,24.6,0,0.19,Friday
Route 1 - City Centre Express,17,2,0,12.9,0,0,38,104,100,SYNTHETIC,55.2,1,1.04,Wednesday
Route 3 - University Shuttle,17,2,0,28.3,0,0,29,87,100,SYNTHETIC,37.7,1,0.87,Wednesday
Route 3 - University Shuttle,8,1,0,20.9,0,0,70,103,100,SYNTHETIC,37.7,1,1.03,Tuesday
Route 9 - East Corridor,13,0,0,8.4,0,0,22,19,100,SYNTHETIC,35.6,0,0.19,Monday
Route 2 - Airport Link,20,0,0,26.8,0,1,76,40,100,SYNTHETIC,38.4,0,0.4,Monday
Route 3 - University Shuttle,6,2,0,16.7,0,1,11,17,100,SYNTHETIC,37.7,0,0.17,Wednesday
Route 2 - Airport Link,19,6,1,8.8,0,0,52,43,100,SYNTHETIC,38.4,1,0.43,Sunday
Route 3 - University Shuttle,8,1,0,-0.1,1,0,70,90,100,SYNTHETIC,37.7,1,0.9,Tuesday
Route 1 - City Centre Express,14,4,0,27.2,1,0,36,32,100,SYNTHETIC,55.2,0,0.32,Friday
Route 3 - University Shuttle,12,2,0,13.1,0,0,22,30,100,SYNTHETIC,37.7,0,0.3,Wednesday
Route 8 - Beach/Leisure,3,2,0,10.0,0,0,3,1,100,SYNTHETIC,27.1,0,0.01,Wednesday
Route 8 - Beach/Leisure,20,1,0,25.1,0,0,37,15,100,SYNTHETIC,27.1,0,0.15,Tuesday
Route 4 - North Suburbs,13,3,0,26.4,0,0,18,22,100,SYNTHETIC,30.0,0,0.22,Thursday
Route 8 - Beach/Leisure,21,4,0,13.7,0,0,18,12,100,SYNTHETIC,27.1,0,0.12,Friday
Route 7 - Hospital Line,10,2,0,27.3,0,0,51,25,100,SYNTHETIC,37.7,0,0.25,Wednesday
Route 10 - West Ring,19,3,0,36.4,0,0,53,42,100,SYNTHETIC,26.9,1,0.42,Thursday
Route 9 - East Corridor,20,3,0,30.8,0,0,48,18,100,SYNTHETIC,35.6,0,0.18,Thursday
Route 3 - University Shuttle,15,1,0,29.5,1,0,25,27,100,SYNTHETIC,37.7,0,0.27,Tuesday
Route 6 - Industrial Park,8,4,0,22.5,1,0,82,109,100,SYNTHETIC,45.9,1,1.09,Friday
Route 8 - Beach/Leisure,17,3,0,16.5,0,0,18,41,100,SYNTHETIC,27.1,1,0.41,Thursday
Route 4 - North Suburbs,15,0,0,19.6,0,0,20,23,100,SYNTHETIC,30.0,0,0.23,Monday
Route 6 - Industrial Park,21,3,0,23.5,0,0,28,24,100,SYNTHETIC,45.9,0,0.24,Thursday
Route 5 - South Connector,13,2,0,9.9,0,0,20,16,100,SYNTHETIC,24.6,0,0.16,Wednesday
Route 4 - North Suburbs,9,5,1,13.8,1,0,32,27,100,SYNTHETIC,30.0,1,0.27,Saturday
Route 2 - Airport Link,8,2,0,8.6,0,0,49,52,100,SYNTHETIC,38.4,1,0.52,Wednesday
Route 1 - City Centre Express,17,6,1,21.9,0,0,29,60,100,SYNTHETIC,55.2,1,0.6,Sunday
Route 8 - Beach/Leisure,22,4,0,20.7,0,0,9,2,100,SYNTHETIC,27.1,0,0.02,Friday
Route 9 - East Corridor,6,0,0,14.8,0,0,3,9,100,SYNTHETIC,35.6,0,0.09,Monday
Route 7 - Hospital Line,18,2,0,26.6,0,0,50,63,100,SYNTHETIC,37.7,1,0.63,Wednesday
Route 3 - University Shuttle,20,6,1,11.6,1,0,15,4,100,SYNTHETIC,37.7,0,0.04,Sunday
Route 1 - City Centre Express,7,1,0,14.5,0,1,23,93,100,SYNTHETIC,55.2,1,0.93,Tuesday
Route 7 - Hospital Line,7,4,0,26.2,1,0,17,66,100,SYNTHETIC,37.7,1,0.66,Friday
Route 2 - Airport Link,17,5,1,27.4,1,0,29,58,100,SYNTHETIC,38.4,1,0.58,Saturday
Route 6 - Industrial Park,17,4,0,13.6,0,0,38,87,100,SYNTHETIC,45.9,1,0.87,Friday
Route 10 - West Ring,7,0,0,21.9,1,1,9,70,100,SYNTHETIC,26.9,1,0.7,Monday
Route 1 - City Centre Express,19,2,0,13.8,0,0,103,74,100,SYNTHETIC,55.2,1,0.74,Wednesday
Route 6 - Industrial Park,14,2,0,18.4,0,0,29,22,100,SYNTHETIC,45.9,0,0.22,Wednesday
Route 10 - West Ring,20,2,0,21.2,0,0,40,14,100,SYNTHETIC,26.9,0,0.14,Wednesday
Route 4 - North Suburbs,19,6,1,24.5,0,0,26,25,100,SYNTHETIC,30.0,1,0.25,Sunday
Route 9 - East Corridor,18,0,0,22.5,0,0,55,71,100,SYNTHETIC,35.6,1,0.71,Monday
Route 9 - East Corridor,14,3,0,22.2,0,0,21,23,100,SYNTHETIC,35.6,0,0.23,Thursday
Route 5 - South Connector,9,6,1,11.4,0,1,37,26,100,SYNTHETIC,24.6,1,0.26,Sunday
Route 4 - North Suburbs,14,6,1,23.1,0,1,17,17,100,SYNTHETIC,30.0,0,0.17,Sunday
Route 7 - Hospital Line,7,4,0,24.4,0,0,13,61,100,SYNTHETIC,37.7,1,0.61,Friday
Route 7 - Hospital Line,17,6,1,25.5,0,0,19,38,100,SYNTHETIC,37.7,1,0.38,Sunday
Route 5 - South Connector,8,2,0,14.2,1,0,49,49,100,SYNTHETIC,24.6,1,0.49,Wednesday
Route 2 - Airport Link,14,4,0,27.3,1,0,30,26,100,SYNTHETIC,38.4,0,0.26,Friday
Route 8 - Beach/Leisure,7,3,0,9.5,0,0,5,22,100,SYNTHETIC,27.1,1,0.22,Thursday
Route 3 - University Shuttle,10,0,0,16.6,1,0,69,27,100,SYNTHETIC,37.7,0,0.27,Monday
Route 2 - Airport Link,9,0,0,17.8,0,0,64,50,100,SYNTHETIC,38.4,1,0.5,Monday
Route 1 - City Centre Express,16,6,1,9.9,0,0,19,17,100,SYNTHETIC,55.2,0,0.17,Sunday
Route 5 - South Connector,18,1,0,17.7,0,0,38,40,100,SYNTHETIC,24.6,1,0.4,Tuesday
Route 2 - Airport Link,7,2,0,21.8,0,0,16,52,100,SYNTHETIC,38.4,1,0.52,Wednesday
Route 4 - North Suburbs,19,4,0,5.4,1,0,69,52,100,SYNTHETIC,30.0,1,0.52,Friday
Route 3 - University Shuttle,19,4,0,16.8,0,1,94,81,100,SYNTHETIC,37.7,1,0.81,Friday
Route 5 - South Connector,11,3,0,6.0,0,0,19,8,100,SYNTHETIC,24.6,0,0.08,Thursday
Route 8 - Beach/Leisure,17,6,1,36.3,0,0,27,66,100,SYNTHETIC,27.1,1,0.66,Sunday
Route 5 - South Connector,12,5,1,21.7,0,0,11,14,100,SYNTHETIC,24.6,0,0.14,Saturday
Route 6 - Industrial Park,8,6,1,21.0,1,0,18,11,100,SYNTHETIC,45.9,1,0.11,Sunday
Route 2 - Airport Link,15,4,0,21.9,0,0,17,27,100,SYNTHETIC,38.4,0,0.27,Friday
Route 2 - Airport Link,7,6,1,24.8,1,1,22,91,100,SYNTHETIC,38.4,1,0.91,Sunday
Route 10 - West Ring,19,4,0,27.8,1,0,59,37,100,SYNTHETIC,26.9,1,0.37,Friday
Route 7 - Hospital Line,20,3,0,7.5,0,0,45,24,100,SYNTHETIC,37.7,0,0.24,Thursday
Route 1 - City Centre Express,19,5,1,30.5,0,1,75,73,100,SYNTHETIC,55.2,1,0.73,Saturday
Route 6 - Industrial Park,15,6,1,30.0,0,0,9,0,100,SYNTHETIC,45.9,0,0.0,Sunday
Route 1 - City Centre Express,15,0,0,19.5,0,0,25,31,100,SYNTHETIC,55.2,0,0.31,Monday
Route 1 - City Centre Express,22,6,1,19.1,0,0,14,1,100,SYNTHETIC,55.2,0,0.01,Sunday
Route 4 - North Suburbs,9,4,0,-4.8,0,0,60,38,100,SYNTHETIC,30.0,1,0.38,Friday
Route 7 - Hospital Line,7,6,1,10.0,1,0,11,39,100,SYNTHETIC,37.7,1,0.39,Sunday
Route 7 - Hospital Line,15,5,1,24.2,0,1,26,27,100,SYNTHETIC,37.7,0,0.27,Saturday
Route 8 - Beach/Leisure,11,6,1,29.6,1,0,21,26,100,SYNTHETIC,27.1,0,0.26,Sunday
Route 2 - Airport Link,11,1,0,25.8,0,0,26,31,100,SYNTHETIC,38.4,0,0.31,Tuesday
Route 2 - Airport Link,2,1,0,19.4,0,0,0,8,100,SYNTHETIC,38.4,0,0.08,Tuesday
Route 6 - Industrial Park,16,1,0,35.4,0,0,27,37,100,SYNTHETIC,45.9,0,0.37,Tuesday
Route 9 - East Corridor,9,1,0,28.0,1,0,74,50,100,SYNTHETIC,35.6,1,0.5,Tuesday
Route 8 - Beach/Leisure,8,1,0,16.8,0,0,18,26,100,SYNTHETIC,27.1,1,0.26,Tuesday
Route 7 - Hospital Line,6,3,0,37.5,1,1,7,17,100,SYNTHETIC,37.7,0,0.17,Thursday
Route 1 - City Centre Express,11,1,0,11.2,1,0,24,37,100,SYNTHETIC,55.2,0,0.37,Tuesday
Route 9 - East Corridor,19,1,0,8.2,0,0,64,47,100,SYNTHETIC,35.6,1,0.47,Tuesday
Route 10 - West Ring,11,3,0,16.6,0,0,19,20,100,SYNTHETIC,26.9,0,0.2,Thursday
Route 6 - Industrial Park,17,5,1,13.9,0,0,3,10,100,SYNTHETIC,45.9,1,0.1,Saturday
Route 4 - North Suburbs,18,0,0,17.1,0,0,46,53,100,SYNTHETIC,30.0,1,0.53,Monday
Route 7 - Hospital Line,11,3,0,26.4,0,0,22,26,100,SYNTHETIC,37.7,0,0.26,Thursday
Route 7 - Hospital Line,19,4,0,19.7,0,0,67,49,100,SYNTHETIC,37.7,1,0.49,Friday
Route 10 - West Ring,17,4,0,19.9,0,0,25,37,100,SYNTHETIC,26.9,1,0.37,Friday
Route 2 - Airport Link,15,0,0,20.5,0,0,21,27,100,SYNTHETIC,38.4,0,0.27,Monday
Route 6 - Industrial Park,0,5,1,1.5,1,0,1,0,100,SYNTHETIC,45.9,0,0.0,Saturday
Route 8 - Beach/Leisure,6,0,0,7.9,0,0,3,11,100,SYNTHETIC,27.1,0,0.11,Monday
Route 4 - North Suburbs,22,1,0,16.9,0,0,14,10,100,SYNTHETIC,30.0,0,0.1,Tuesday
Route 9 - East Corridor,18,2,0,13.3,1,0,59,53,100,SYNTHETIC,35.6,1,0.53,Wednesday
Route 1 - City Centre Express,20,5,1,18.1,0,0,48,22,100,SYNTHETIC,55.2,0,0.22,Saturday
Route 2 - Airport Link,20,1,0,31.2,0,0,50,27,100,SYNTHETIC,38.4,0,0.27,Tuesday
Route 8 - Beach/Leisure,6,5,1,19.4,0,0,5,7,100,SYNTHETIC,27.1,0,0.07,Saturday
Route 2 - Airport Link,18,6,1,9.4,0,0,50,55,100,SYNTHETIC,38.4,1,0.55,Sunday
Route 5 - South Connector,13,6,1,13.7,0,0,15,6,100,SYNTHETIC,24.6,0,0.06,Sunday
Route 3 - University Shuttle,18,2,0,33.7,0,0,75,86,100,SYNTHETIC,37.7,1,0.86,Wednesday
Route 7 - Hospital Line,1,0,0,32.3,0,1,1,0,100,SYNTHETIC,37.7,0,0.0,Monday
Route 1 - City Centre Express,10,1,0,24.8,0,0,66,25,100,SYNTHETIC,55.2,0,0.25,Tuesday
Route 4 - North Suburbs,18,5,1,7.5,0,0,26,33,100,SYNTHETIC,30.0,1,0.33,Saturday
Route 10 - West Ring,18,1,0,22.5,0,0,39,41,100,SYNTHETIC,26.9,1,0.41,Tuesday
Route 4 - North Suburbs,16,4,0,23.1,1,0,22,26,100,SYNTHETIC,30.0,0,0.26,Friday
Route 6 - Industrial Park,10,2,0,20.2,1,0,80,28,100,SYNTHETIC,45.9,0,0.28,Wednesday
Route 10 - West Ring,10,5,1,15.4,0,0,21,7,100,SYNTHETIC,26.9,0,0.07,Saturday
Route 7 - Hospital Line,21,4,0,17.1,0,0,20,19,100,SYNTHETIC,37.7,0,0.19,Friday
Route 8 - Beach/Leisure,13,4,0,14.9,0,0,16,15,100,SYNTHETIC,27.1,0,0.15,Friday
Route 10 - West Ring,13,5,1,10.8,1,0,11,13,100,SYNTHETIC,26.9,0,0.13,Saturday
Route 7 - Hospital Line,15,6,1,30.9,1,0,17,20,100,SYNTHETIC,37.7,0,0.2,Sunday
Route 9 - East Corridor,12,2,0,27.1,1,0,25,22,100,SYNTHETIC,35.6,0,0.22,Wednesday
Route 6 - Industrial Park,15,3,0,17.7,0,0,27,31,100,SYNTHETIC,45.9,0,0.31,Thursday
Route 9 - East Corridor,13,4,0,22.8,0,0,29,23,100,SYNTHETIC,35.6,0,0.23,Friday
Route 7 - Hospital Line,19,5,1,23.1,0,0,49,33,100,SYNTHETIC,37.7,1,0.33,Saturday
Route 4 - North Suburbs,20,3,0,38.7,0,1,78,36,100,SYNTHETIC,30.0,0,0.36,Thursday
Route 6 - Industrial Park,20,2,0,27.0,1,0,82,34,100,SYNTHETIC,45.9,0,0.34,Wednesday
Route 4 - North Suburbs,15,5,1,26.7,0,0,8,13,100,SYNTHETIC,30.0,0,0.13,Saturday
Route 4 - North Suburbs,13,6,1,20.3,0,0,8,13,100,SYNTHETIC,30.0,0,0.13,Sunday
Route 3 - University Shuttle,17,3,0,16.5,0,0,28,72,100,SYNTHETIC,37.7,1,0.72,Thursday
Route 5 - South Connector,19,0,0,31.1,0,0,44,35,100,SYNTHETIC,24.6,1,0.35,Monday
Route 4 - North Suburbs,15,2,0,25.2,0,0,22,22,100,SYNTHETIC,30.0,0,0.22,Wednesday
Route 7 - Hospital Line,17,3,0,13.4,0,0,33,55,100,SYNTHETIC,37.7,1,0.55,Thursday
Route 4 - North Suburbs,18,4,0,23.6,0,0,49,49,100,SYNTHETIC,30.0,1,0.49,Friday
Route 5 - South Connector,17,4,0,26.7,1,0,22,43,100,SYNTHETIC,24.6,1,0.43,Friday
Route 2 - Airport Link,18,5,1,3.2,0,0,56,53,100,SYNTHETIC,38.4,1,0.53,Saturday
Route 4 - North Suburbs,9,0,0,12.6,0,0,53,41,100,SYNTHETIC,30.0,1,0.41,Monday
Route 4 - North Suburbs,14,3,0,22.9,1,0,27,21,100,SYNTHETIC,30.0,0,0.21,Thursday
Route 10 - West Ring,16,4,0,4.6,0,0,19,23,100,SYNTHETIC,26.9,0,0.23,Friday
Route 5 - South Connector,0,6,1,5.9,0,0,0,0,100,SYNTHETIC,24.6,0,0.0,Sunday
Route 1 - City Centre Express,19,0,0,17.8,0,0,86,90,100,SYNTHETIC,55.2,1,0.9,Monday
Route 4 - North Suburbs,16,6,1,23.9,0,0,8,14,100,SYNTHETIC,30.0,0,0.14,Sunday
Route 8 - Beach/Leisure,8,0,0,24.3,0,0,24,26,100,SYNTHETIC,27.1,1,0.26,Monday
Route 2 - Airport Link,19,1,0,32.7,0,0,51,37,100,SYNTHETIC,38.4,1,0.37,Tuesday
Route 2 - Airport Link,17,5,1,20.7,0,1,52,73,100,SYNTHETIC,38.4,1,0.73,Saturday
Route 4 - North Suburbs,18,5,1,17.0,1,0,28,29,100,SYNTHETIC,30.0,1,0.29,Saturday
Route 4 - North Suburbs,12,6,1,9.5,0,0,12,9,100,SYNTHETIC,30.0,0,0.09,Sunday
Route 5 - South Connector,19,4,0,16.9,0,0,44,36,100,SYNTHETIC,24.6,1,0.36,Friday
Route 1 - City Centre Express,12,4,0,25.7,1,0,42,39,100,SYNTHETIC,55.2,0,0.39,Friday
Route 8 - Beach/Leisure,15,3,0,26.0,0,1,19,17,100,SYNTHETIC,27.1,0,0.17,Thursday
Route 3 - University Shuttle,0,3,0,22.1,0,0,2,4,100,SYNTHETIC,37.7,0,0.04,Thursday
Route 8 - Beach/Leisure,16,3,0,24.4,0,0,11,14,100,SYNTHETIC,27.1,0,0.14,Thursday
Route 6 - Industrial Park,17,2,0,30.2,0,1,55,141,100,SYNTHETIC,45.9,1,1.41,Wednesday
Route 3 - University Shuttle,15,5,1,20.6,0,0,8,3,100,SYNTHETIC,37.7,0,0.03,Saturday
Route 5 - South Connector,14,2,0,30.9,0,0,18,16,100,SYNTHETIC,24.6,0,0.16,Wednesday
Route 1 - City Centre Express,18,4,0,14.2,1,0,124,106,100,SYNTHETIC,55.2,1,1.06,Friday
Route 8 - Beach/Leisure,17,4,0,19.4,0,0,20,42,100,SYNTHETIC,27.1,1,0.42,Friday
Route 4 - North Suburbs,10,3,0,16.2,0,0,39,20,100,SYNTHETIC,30.0,0,0.2,Thursday
Route 4 - North Suburbs,21,4,0,26.3,0,0,22,14,100,SYNTHETIC,30.0,0,0.14,Friday
Route 2 - Airport Link,17,0,0,11.9,0,0,28,64,100,SYNTHETIC,38.4,1,0.64,Monday
Route 4 - North Suburbs,22,2,0,17.4,0,0,11,8,100,SYNTHETIC,30.0,0,0.08,Wednesday
Route 4 - North Suburbs,21,3,0,5.1,0,0,16,14,100,SYNTHETIC,30.0,0,0.14,Thursday
Route 3 - University Shuttle,20,2,0,24.8,0,1,95,33,100,SYNTHETIC,37.7,0,0.33,Wednesday
Route 10 - West Ring,18,6,1,30.0,0,0,22,25,100,SYNTHETIC,26.9,1,0.25,Sunday
Route 3 - University Shuttle,16,6,1,27.3,0,0,8,3,100,SYNTHETIC,37.7,0,0.03,Sunday
Route 2 - Airport Link,8,4,0,26.5,1,0,58,76,100,SYNTHETIC,38.4,1,0.76,Friday
Route 6 - Industrial Park,15,2,0,26.7,1,0,27,28,100,SYNTHETIC,45.9,0,0.28,Wednesday
Route 4 - North Suburbs,18,0,0,25.6,0,0,61,51,100,SYNTHETIC,30.0,1,0.51,Monday
Route 5 - South Connector,14,5,1,24.9,0,0,1,4,100,SYNTHETIC,24.6,0,0.04,Saturday
Route 8 - Beach/Leisure,19,6,1,25.4,0,0,67,56,100,SYNTHETIC,27.1,1,0.56,Sunday
Route 1 - City Centre Express,7,3,0,14.8,1,0,18,92,100,SYNTHETIC,55.2,1,0.92,Thursday
Route 6 - Industrial Park,12,5,1,18.4,0,0,4,7,100,SYNTHETIC,45.9,0,0.07,Saturday
Route 1 - City Centre Express,14,6,1,20.6,0,0,21,15,100,SYNTHETIC,55.2,0,0.15,Sunday
Route 1 - City Centre Express,13,3,0,17.3,0,0,36,34,100,SYNTHETIC,55.2,0,0.34,Thursday
Route 1 - City Centre Express,7,1,0,7.5,0,0,17,90,100,SYNTHETIC,55.2,1,0.9,Tuesday
Route 2 - Airport Link,8,0,0,10.1,0,0,49,62,100,SYNTHETIC,38.4,1,0.62,Monday
Route 4 - North Suburbs,19,5,1,21.8,1,0,26,25,100,SYNTHETIC,30.0,1,0.25,Saturday
Route 10 - West Ring,14,3,0,27.2,1,0,21,19,100,SYNTHETIC,26.9,0,0.19,Thursday
Route 10 - West Ring,7,1,0,20.1,1,0,7,43,100,SYNTHETIC,26.9,1,0.43,Tuesday
Route 2 - Airport Link,5,0,0,42.0,1,0,0,0,100,SYNTHETIC,38.4,0,0.0,Monday
Route 10 - West Ring,13,6,1,12.6,0,1,19,16,100,SYNTHETIC,26.9,0,0.16,Sunday
Route 7 - Hospital Line,8,2,0,23.6,0,0,66,64,100,SYNTHETIC,37.7,1,0.64,Wednesday
Route 6 - Industrial Park,17,2,0,30.3,0,0,41,92,100,SYNTHETIC,45.9,1,0.92,Wednesday
Route 8 - Beach/Leisure,18,4,0,28.5,0,0,46,51,100,SYNTHETIC,27.1,1,0.51,Friday
Route 5 - South Connector,9,2,0,25.2,0,0,45,30,100,SYNTHETIC,24.6,1,0.3,Wednesday
Route 3 - University Shuttle,16,6,1,28.6,0,0,8,4,100,SYNTHETIC,37.7,0,0.04,Sunday
Route 6 - Industrial Park,8,4,0,20.4,0,0,88,96,100,SYNTHETIC,45.9,1,0.96,Friday
Route 8 - Beach/Leisure,10,2,0,33.3,0,0,24,13,100,SYNTHETIC,27.1,0,0.13,Wednesday
Route 7 - Hospital Line,20,1,0,30.3,0,0,45,26,100,SYNTHETIC,37.7,0,0.26,Tuesday
Route 2 - Airport Link,15,6,1,13.2,0,0,24,24,100,SYNTHETIC,38.4,0,0.24,Sunday
Route 10 - West Ring,19,4,0,22.6,0,0,42,46,100,SYNTHETIC,26.9,1,0.46,Friday
Route 3 - University Shuttle,9,6,1,7.6,0,0,19,13,100,SYNTHETIC,37.7,1,0.13,Sunday
Route 9 - East Corridor,11,2,0,32.2,1,0,17,27,100,SYNTHETIC,35.6,0,0.27,Wednesday
Route 4 - North Suburbs,13,0,0,21.8,0,0,19,21,100,SYNTHETIC,30.0,0,0.21,Monday
Route 1 - City Centre Express,14,6,1,30.8,0,0,15,21,100,SYNTHETIC,55.2,0,0.21,Sunday
Route 10 - West Ring,23,1,0,19.1,1,0,8,3,100,SYNTHETIC,26.9,0,0.03,Tuesday
Route 6 - Industrial Park,7,5,1,5.1,1,1,5,18,100,SYNTHETIC,45.9,1,0.18,Saturday
Route 3 - University Shuttle,19,4,0,41.1,1,0,103,72,100,SYNTHETIC,37.7,1,0.72,Friday
Route 1 - City Centre Express,19,1,0,21.0,0,0,98,79,100,SYNTHETIC,55.2,1,0.79,Tuesday
Route 2 - Airport Link,15,5,1,12.0,1,0,26,27,100,SYNTHETIC,38.4,0,0.27,Saturday
Route 2 - Airport Link,11,0,0,29.2,0,0,25,29,100,SYNTHETIC,38.4,0,0.29,Monday
Route 10 - West Ring,14,2,0,36.3,0,0,20,17,100,SYNTHETIC,26.9,0,0.17,Wednesday
Route 2 - Airport Link,10,2,0,18.4,0,0,44,24,100,SYNTHETIC,38.4,0,0.24,Wednesday
Route 2 - Airport Link,18,4,0,19.2,0,0,61,55,100,SYNTHETIC,38.4,1,0.55,Friday
Route 9 - East Corridor,14,3,0,21.9,1,0,22,26,100,SYNTHETIC,35.6,0,0.26,Thursday
Route 9 - East Corridor,20,4,0,11.1,0,1,57,32,100,SYNTHETIC,35.6,0,0.32,Friday
Route 3 - University Shuttle,16,3,0,14.5,1,0,27,32,100,SYNTHETIC,37.7,0,0.32,Thursday
Route 7 - Hospital Line,14,5,1,34.3,0,0,12,16,100,SYNTHETIC,37.7,0,0.16,Saturday
Route 6 - Industrial Park,17,1,0,18.9,0,0,42,92,100,SYNTHETIC,45.9,1,0.92,Tuesday
Route 6 - Industrial Park,14,5,1,13.3,0,0,3,7,100,SYNTHETIC,45.9,0,0.07,Saturday
Route 4 - North Suburbs,20,0,0,16.4,0,0,39,20,100,SYNTHETIC,30.0,0,0.2,Monday
Route 8 - Beach/Leisure,8,0,0,28.6,0,0,31,31,100,SYNTHETIC,27.1,1,0.31,Monday
Route 9 - East Corridor,21,5,1,4.2,0,0,11,6,100,SYNTHETIC,35.6,0,0.06,Saturday
Route 8 - Beach/Leisure,18,1,0,22.0,0,0,42,47,100,SYNTHETIC,27.1,1,0.47,Tuesday
Route 10 - West Ring,19,5,1,39.7,0,0,25,18,100,SYNTHETIC,26.9,1,0.18,Saturday
Route 2 - Airport Link,14,0,0,36.2,1,0,31,32,100,SYNTHETIC,38.4,0,0.32,Monday
Route 7 - Hospital Line,19,1,0,24.6,0,0,70,48,100,SYNTHETIC,37.7,1,0.48,Tuesday
Route 10 - West Ring,10,6,1,30.5,0,0,13,8,100,SYNTHETIC,26.9,0,0.08,Sunday
Route 6 - Industrial Park,18,1,0,30.5,0,0,93,94,100,SYNTHETIC,45.9,1,0.94,Tuesday
Route 10 - West Ring,8,6,1,19.0,0,0,21,25,100,SYNTHETIC,26.9,1,0.25,Sunday
Route 4 - North Suburbs,10,2,0,27.4,1,0,41,22,100,SYNTHETIC,30.0,0,0.22,Wednesday
Route 9 - East Corridor,13,5,1,34.3,1,0,13,16,100,SYNTHETIC,35.6,0,0.16,Saturday
Route 10 - West Ring,11,6,1,9.9,0,0,3,10,100,SYNTHETIC,26.9,0,0.1,Sunday
Route 7 - Hospital Line,12,0,0,24.6,1,0,30,30,100,SYNTHETIC,37.7,0,0.3,Monday
Route 8 - Beach/Leisure,19,2,0,22.9,0,0,44,35,100,SYNTHETIC,27.1,1,0.35,Wednesday
Route 6 - Industrial Park,9,4,0,20.8,1,0,104,73,100,SYNTHETIC,45.9,1,0.73,Friday
Route 4 - North Suburbs,18,6,1,20.1,1,0,29,31,100,SYNTHETIC,30.0,1,0.31,Sunday
Route 6 - Industrial Park,7,1,0,21.9,0,0,14,85,100,SYNTHETIC,45.9,1,0.85,Tuesday
Route 10 - West Ring,18,1,0,22.5,0,0,51,54,100,SYNTHETIC,26.9,1,0.54,Tuesday
Route 1 - City Centre Express,18,2,0,28.9,0,0,82,88,100,SYNTHETIC,55.2,1,0.88,Wednesday
Route 3 - University Shuttle,12,1,0,23.8,0,1,34,44,100,SYNTHETIC,37.7,0,0.44,Tuesday
Route 5 - South Connector,17,1,0,18.6,0,1,33,58,100,SYNTHETIC,24.6,1,0.58,Tuesday
Route 4 - North Suburbs,20,0,0,13.3,0,0,39,21,100,SYNTHETIC,30.0,0,0.21,Monday
Route 7 - Hospital Line,18,5,1,16.2,0,0,42,39,100,SYNTHETIC,37.7,1,0.39,Saturday
Route 4 - North Suburbs,12,5,1,22.1,0,0,8,13,100,SYNTHETIC,30.0,0,0.13,Saturday
Route 7 - Hospital Line,14,1,0,14.4,0,0,20,20,100,SYNTHETIC,37.7,0,0.2,Tuesday
Route 2 - Airport Link,18,3,0,27.6,0,0,58,60,100,SYNTHETIC,38.4,1,0.6,Thursday
Route 4 - North Suburbs,10,4,0,23.4,0,0,48,20,100,SYNTHETIC,30.0,0,0.2,Friday
Route 7 - Hospital Line,18,4,0,29.1,0,0,59,60,100,SYNTHETIC,37.7,1,0.6,Friday
Route 5 - South Connector,11,6,1,14.9,0,0,9,3,100,SYNTHETIC,24.6,0,0.03,Sunday
Route 8 - Beach/Leisure,18,4,0,13.4,0,0,41,53,100,SYNTHETIC,27.1,1,0.53,Friday
Route 7 - Hospital Line,7,4,0,29.1,0,0,11,50,100,SYNTHETIC,37.7,1,0.5,Friday
Route 4 - North Suburbs,6,0,0,21.0,1,1,8,18,100,SYNTHETIC,30.0,0,0.18,Monday
Route 5 - South Connector,23,0,0,18.4,0,0,6,1,100,SYNTHETIC,24.6,0,0.01,Monday
Route 10 - West Ring,19,4,0,25.6,1,0,41,46,100,SYNTHETIC,26.9,1,0.46,Friday
Route 10 - West Ring,19,6,1,25.3,0,0,27,18,100,SYNTHETIC,26.9,1,0.18,Sunday
Route 1 - City Centre Express,21,2,0,10.0,0,0,35,19,100,SYNTHETIC,55.2,0,0.19,Wednesday
Route 8 - Beach/Leisure,13,4,0,31.1,0,0,18,16,100,SYNTHETIC,27.1,0,0.16,Friday
Route 5 - South Connector,10,1,0,16.7,0,0,22,12,100,SYNTHETIC,24.6,0,0.12,Tuesday
Route 1 - City Centre Express,8,3,0,33.6,0,1,129,145,100,SYNTHETIC,55.2,1,1.45,Thursday
Route 7 - Hospital Line,14,5,1,9.3,0,0,20,18,100,SYNTHETIC,37.7,0,0.18,Saturday
Route 1 - City Centre Express,9,4,0,22.5,0,0,108,84,100,SYNTHETIC,55.2,1,0.84,Friday
Route 4 - North Suburbs,20,0,0,18.5,0,0,45,18,100,SYNTHETIC,30.0,0,0.18,Monday
Route 7 - Hospital Line,0,6,1,4.2,0,0,4,0,100,SYNTHETIC,37.7,0,0.0,Sunday
Route 9 - East Corridor,8,6,1,25.3,1,0,32,39,100,SYNTHETIC,35.6,1,0.39,Sunday
Route 5 - South Connector,9,3,0,4.6,0,0,48,24,100,SYNTHETIC,24.6,1,0.24,Thursday
Route 9 - East Corridor,8,2,0,17.7,0,0,58,77,100,SYNTHETIC,35.6,1,0.77,Wednesday
Route 9 - East Corridor,9,3,0,28.8,0,0,68,42,100,SYNTHETIC,35.6,1,0.42,Thursday
Route 5 - South Connector,17,5,1,15.8,1,0,16,22,100,SYNTHETIC,24.6,1,0.22,Saturday
Route 2 - Airport Link,11,3,0,12.8,0,0,23,27,100,SYNTHETIC,38.4,0,0.27,Thursday
Route 7 - Hospital Line,16,0,0,26.4,0,0,22,31,100,SYNTHETIC,37.7,0,0.31,Monday
Route 1 - City Centre Express,20,0,0,18.0,0,0,78,29,100,SYNTHETIC,55.2,0,0.29,Monday
Route 9 - East Corridor,16,5,1,16.8,0,0,13,19,100,SYNTHETIC,35.6,0,0.19,Saturday
Route 4 - North Suburbs,17,5,1,30.2,1,1,24,32,100,SYNTHETIC,30.0,1,0.32,Saturday
Route 8 - Beach/Leisure,11,5,1,10.7,0,0,23,18,100,SYNTHETIC,27.1,0,0.18,Saturday
Route 8 - Beach/Leisure,8,0,0,16.3,0,0,23,25,100,SYNTHETIC,27.1,1,0.25,Monday
Route 5 - South Connector,11,1,0,26.9,0,0,16,15,100,SYNTHETIC,24.6,0,0.15,Tuesday
Route 10 - West Ring,21,2,0,10.1,1,0,19,17,100,SYNTHETIC,26.9,0,0.17,Wednesday
Route 8 - Beach/Leisure,16,1,0,34.2,0,0,15,13,100,SYNTHETIC,27.1,0,0.13,Tuesday
Route 9 - East Corridor,10,2,0,18.3,0,0,40,25,100,SYNTHETIC,35.6,0,0.25,Wednesday
Route 1 - City Centre Express,13,3,0,27.0,0,0,35,32,100,SYNTHETIC,55.2,0,0.32,Thursday
Route 5 - South Connector,19,1,0,27.0,0,0,53,29,100,SYNTHETIC,24.6,1,0.29,Tuesday
Route 10 - West Ring,17,0,0,18.8,0,0,19,36,100,SYNTHETIC,26.9,1,0.36,Monday
Route 9 - East Corridor,15,2,0,16.2,1,0,23,24,100,SYNTHETIC,35.6,0,0.24,Wednesday
Route 5 - South Connector,19,5,1,19.7,0,1,36,25,100,SYNTHETIC,24.6,1,0.25,Saturday
Route 1 - City Centre Express,17,4,0,25.7,0,0,43,95,100,SYNTHETIC,55.2,1,0.95,Friday
Route 3 - University Shuttle,16,2,0,12.1,0,0,20,28,100,SYNTHETIC,37.7,0,0.28,Wednesday
Route 6 - Industrial Park,8,2,0,10.4,0,0,86,106,100,SYNTHETIC,45.9,1,1.06,Wednesday
Route 7 - Hospital Line,7,4,0,31.9,1,0,12,60,100,SYNTHETIC,37.7,1,0.6,Friday
Route 10 - West Ring,21,1,0,14.1,1,0,16,12,100,SYNTHETIC,26.9,0,0.12,Tuesday
Route 1 - City Centre Express,16,5,1,22.8,0,1,32,41,100,SYNTHETIC,55.2,0,0.41,Saturday
Route 4 - North Suburbs,12,6,1,18.4,0,0,12,12,100,SYNTHETIC,30.0,0,0.12,Sunday
Route 3 - University Shuttle,16,0,0,18.7,1,1,35,53,100,SYNTHETIC,37.7,0,0.53,Monday
Route 10 - West Ring,7,6,1,31.4,0,0,3,25,100,SYNTHETIC,26.9,1,0.25,Sunday
Route 2 - Airport Link,19,0,0,19.3,0,0,55,45,100,SYNTHETIC,38.4,1,0.45,Monday
Route 3 - University Shuttle,9,3,0,17.1,0,1,109,91,100,SYNTHETIC,37.7,1,0.91,Thursday
Route 3 - University Shuttle,18,4,0,17.8,0,0,81,86,100,SYNTHETIC,37.7,1,0.86,Friday
Route 2 - Airport Link,15,2,0,16.0,0,0,27,19,100,SYNTHETIC,38.4,0,0.19,Wednesday
Route 7 - Hospital Line,10,1,0,14.6,0,0,44,22,100,SYNTHETIC,37.7,0,0.22,Tuesday
Route 6 - Industrial Park,6,0,0,16.0,0,0,4,14,100,SYNTHETIC,45.9,0,0.14,Monday
Route 6 - Industrial Park,18,5,1,33.3,0,0,13,15,100,SYNTHETIC,45.9,1,0.15,Saturday
Route 10 - West Ring,8,0,0,25.7,0,0,44,47,100,SYNTHETIC,26.9,1,0.47,Monday
Route 5 - South Connector,7,3,0,17.2,1,0,6,46,100,SYNTHETIC,24.6,1,0.46,Thursday
Route 4 - North Suburbs,18,2,0,27.9,0,0,55,51,100,SYNTHETIC,30.0,1,0.51,Wednesday
Route 4 - North Suburbs,11,6,1,7.3,0,0,6,9,100,SYNTHETIC,30.0,0,0.09,Sunday
Route 9 - East Corridor,12,6,1,31.0,0,0,13,10,100,SYNTHETIC,35.6,0,0.1,Sunday
Route 6 - Industrial Park,9,5,1,30.4,0,0,11,14,100,SYNTHETIC,45.9,1,0.14,Saturday
Route 2 - Airport Link,19,5,1,37.9,0,1,65,48,100,SYNTHETIC,38.4,1,0.48,Saturday
Route 7 - Hospital Line,10,3,0,28.1,0,0,46,28,100,SYNTHETIC,37.7,0,0.28,Thursday
Route 8 - Beach/Leisure,9,2,0,23.5,1,0,30,25,100,SYNTHETIC,27.1,1,0.25,Wednesday
Route 3 - University Shuttle,10,1,0,30.3,0,0,61,20,100,SYNTHETIC,37.7,0,0.2,Tuesday
Route 6 - Industrial Park,8,6,1,15.0,0,0,10,18,100,SYNTHETIC,45.9,1,0.18,Sunday
Route 6 - Industrial Park,11,2,0,16.8,1,0,30,33,100,SYNTHETIC,45.9,0,0.33,Wednesday
Route 2 - Airport Link,7,3,0,19.5,1,0,16,68,100,SYNTHETIC,38.4,1,0.68,Thursday
Route 1 - City Centre Express,8,0,0,31.0,0,0,97,111,100,SYNTHETIC,55.2,1,1.11,Monday
Route 8 - Beach/Leisure,12,1,0,13.2,0,1,22,30,100,SYNTHETIC,27.1,0,0.3,Tuesday
Route 7 - Hospital Line,19,4,0,12.3,0,0,58,41,100,SYNTHETIC,37.7,1,0.41,Friday
Route 8 - Beach/Leisure,7,2,0,21.9,0,0,3,24,100,SYNTHETIC,27.1,1,0.24,Wednesday
Route 4 - North Suburbs,9,4,0,25.7,0,0,50,34,100,SYNTHETIC,30.0,1,0.34,Friday
Route 6 - Industrial Park,20,1,0,14.4,0,0,77,28,100,SYNTHETIC,45.9,0,0.28,Tuesday
Route 10 - West Ring,20,0,0,25.4,0,0,41,26,100,SYNTHETIC,26.9,0,0.26,Monday
Route 3 - University Shuttle,17,6,1,30.9,0,1,6,24,100,SYNTHETIC,37.7,1,0.24,Sunday
Route 7 - Hospital Line,9,3,0,29.6,1,0,74,56,100,SYNTHETIC,37.7,1,0.56,Thursday
Route 2 - Airport Link,12,2,0,22.8,0,0,26,31,100,SYNTHETIC,38.4,0,0.31,Wednesday
Route 1 - City Centre Express,9,2,0,19.3,1,0,122,83,100,SYNTHETIC,55.2,1,0.83,Wednesday
Route 10 - West Ring,8,4,0,33.9,0,0,46,47,100,SYNTHETIC,26.9,1,0.47,Friday
Route 2 - Airport Link,12,3,0,20.1,1,0,23,30,100,SYNTHETIC,38.4,0,0.3,Thursday
Route 7 - Hospital Line,15,2,0,27.5,1,1,41,39,100,SYNTHETIC,37.7,0,0.39,Wednesday
Route 6 - Industrial Park,11,6,1,35.7,0,0,5,0,100,SYNTHETIC,45.9,0,0.0,Sunday
Route 9 - East Corridor,16,6,1,26.7,1,0,11,15,100,SYNTHETIC,35.6,0,0.15,Sunday
Route 6 - Industrial Park,10,1,0,12.0,0,0,64,27,100,SYNTHETIC,45.9,0,0.27,Tuesday
Route 7 - Hospital Line,11,4,0,10.1,0,0,22,22,100,SYNTHETIC,37.7,0,0.22,Friday
Route 9 - East Corridor,18,6,1,17.6,0,0,29,31,100,SYNTHETIC,35.6,1,0.31,Sunday
Route 9 - East Corridor,19,3,0,25.7,1,0,64,59,100,SYNTHETIC,35.6,1,0.59,Thursday
Route 8 - Beach/Leisure,11,0,0,23.6,0,0,12,18,100,SYNTHETIC,27.1,0,0.18,Monday
Route 2 - Airport Link,15,0,0,37.7,0,0,20,22,100,SYNTHETIC,38.4,0,0.22,Monday
Route 2 - Airport Link,10,4,0,23.5,1,0,55,25,100,SYNTHETIC,38.4,0,0.25,Friday
Route 5 - South Connector,7,6,1,17.4,0,0,5,23,100,SYNTHETIC,24.6,1,0.23,Sunday
Route 7 - Hospital Line,18,0,0,10.9,0,0,71,64,100,SYNTHETIC,37.7,1,0.64,Monday
Route 7 - Hospital Line,8,3,0,29.4,0,0,58,75,100,SYNTHETIC,37.7,1,0.75,Thursday
Route 8 - Beach/Leisure,12,3,0,20.0,0,0,17,20,100,SYNTHETIC,27.1,0,0.2,Thursday
Route 2 - Airport Link,14,1,0,8.0,0,0,23,31,100,SYNTHETIC,38.4,0,0.31,Tuesday
Route 2 - Airport Link,8,4,0,20.2,0,0,52,61,100,SYNTHETIC,38.4,1,0.61,Friday
Route 2 - Airport Link,7,6,1,12.0,0,0,12,54,100,SYNTHETIC,38.4,1,0.54,Sunday
Route 6 - Industrial Park,11,1,0,16.6,1,1,42,44,100,SYNTHETIC,45.9,0,0.44,Tuesday
Route 7 - Hospital Line,21,0,0,20.0,0,1,36,32,100,SYNTHETIC,37.7,0,0.32,Monday
Route 2 - Airport Link,16,2,0,12.8,0,0,28,34,100,SYNTHETIC,38.4,0,0.34,Wednesday
Route 9 - East Corridor,12,2,0,16.1,0,0,24,26,100,SYNTHETIC,35.6,0,0.26,Wednesday
Route 4 - North Suburbs,6,5,1,14.0,0,0,0,8,100,SYNTHETIC,30.0,0,0.08,Saturday
Route 7 - Hospital Line,16,3,0,14.3,1,0,28,29,100,SYNTHETIC,37.7,0,0.29,Thursday
Route 8 - Beach/Leisure,7,0,0,11.9,0,0,9,19,100,SYNTHETIC,27.1,1,0.19,Monday
Route 1 - City Centre Express,15,2,0,16.1,1,0,31,36,100,SYNTHETIC,55.2,0,0.36,Wednesday
Route 9 - East Corridor,18,5,1,12.8,0,0,28,32,100,SYNTHETIC,35.6,1,0.32,Saturday
Route 10 - West Ring,12,3,0,24.7,0,0,20,27,100,SYNTHETIC,26.9,0,0.27,Thursday
Route 10 - West Ring,10,3,0,21.6,1,0,29,16,100,SYNTHETIC,26.9,0,0.16,Thursday
Route 2 - Airport Link,7,1,0,29.6,0,0,13,60,100,SYNTHETIC,38.4,1,0.6,Tuesday
Route 4 - North Suburbs,6,2,0,35.1,0,0,8,9,100,SYNTHETIC,30.0,0,0.09,Wednesday
Route 3 - University Shuttle,13,0,0,25.4,0,0,18,23,100,SYNTHETIC,37.7,0,0.23,Monday
Route 5 - South Connector,19,0,0,23.6,0,0,45,33,100,SYNTHETIC,24.6,1,0.33,Monday
Route 10 - West Ring,9,0,0,25.9,0,0,53,34,100,SYNTHETIC,26.9,1,0.34,Monday
Route 8 - Beach/Leisure,15,4,0,23.7,0,1,16,24,100,SYNTHETIC,27.1,0,0.24,Friday
Route 8 - Beach/Leisure,17,1,0,20.4,1,0,22,45,100,SYNTHETIC,27.1,1,0.45,Tuesday
Route 5 - South Connector,7,4,0,19.8,1,0,13,36,100,SYNTHETIC,24.6,1,0.36,Friday
Route 10 - West Ring,8,6,1,11.8,1,0,20,26,100,SYNTHETIC,26.9,1,0.26,Sunday
Route 10 - West Ring,11,4,0,26.7,0,0,15,20,100,SYNTHETIC,26.9,0,0.2,Friday
Route 9 - East Corridor,17,4,0,19.7,0,0,28,52,100,SYNTHETIC,35.6,1,0.52,Friday
Route 9 - East Corridor,13,0,0,31.6,0,0,27,24,100,SYNTHETIC,35.6,0,0.24,Monday
Route 7 - Hospital Line,18,3,0,27.3,0,0,56,69,100,SYNTHETIC,37.7,1,0.69,Thursday
Route 1 - City Centre Express,19,6,1,15.0,1,0,64,59,100,SYNTHETIC,55.2,1,0.59,Sunday
Route 3 - University Shuttle,18,2,0,30.0,0,0,69,81,100,SYNTHETIC,37.7,1,0.81,Wednesday
Route 8 - Beach/Leisure,23,5,1,-0.5,0,0,7,0,100,SYNTHETIC,27.1,0,0.0,Saturday
Route 4 - North Suburbs,18,4,0,35.4,1,0,62,63,100,SYNTHETIC,30.0,1,0.63,Friday
Route 2 - Airport Link,19,1,0,9.3,0,0,57,49,100,SYNTHETIC,38.4,1,0.49,Tuesday
Route 10 - West Ring,19,0,0,24.0,1,0,51,39,100,SYNTHETIC,26.9,1,0.39,Monday
Route 5 - South Connector,18,0,0,23.4,0,0,40,42,100,SYNTHETIC,24.6,1,0.42,Monday
Route 9 - East Corridor,18,1,0,29.0,0,0,55,66,100,SYNTHETIC,35.6,1,0.66,Tuesday
Route 3 - University Shuttle,20,2,0,17.4,1,0,63,31,100,SYNTHETIC,37.7,0,0.31,Wednesday
Route 4 - North Suburbs,13,4,0,2.8,0,0,25,19,100,SYNTHETIC,30.0,0,0.19,Friday
Route 4 - North Suburbs,16,4,0,17.4,0,0,26,29,100,SYNTHETIC,30.0,0,0.29,Friday
Route 4 - North Suburbs,14,3,0,18.2,1,0,17,22,100,SYNTHETIC,30.0,0,0.22,Thursday
Route 5 - South Connector,19,5,1,3.6,0,0,24,18,100,SYNTHETIC,24.6,1,0.18,Saturday
Route 3 - University Shuttle,13,5,1,20.4,0,0,8,9,100,SYNTHETIC,37.7,0,0.09,Saturday
Route 9 - East Corridor,19,4,0,11.4,1,0,60,50,100,SYNTHETIC,35.6,1,0.5,Friday
Route 4 - North Suburbs,18,6,1,25.2,0,0,25,28,100,SYNTHETIC,30.0,1,0.28,Sunday
Route 5 - South Connector,21,2,0,18.0,0,0,16,12,100,SYNTHETIC,24.6,0,0.12,Wednesday
Route 9 - East Corridor,9,5,1,35.7,1,0,43,21,100,SYNTHETIC,35.6,1,0.21,Saturday
Route 5 - South Connector,17,2,0,18.0,0,0,27,44,100,SYNTHETIC,24.6,1,0.44,Wednesday
Route 1 - City Centre Express,18,1,0,23.4,0,0,85,107,100,SYNTHETIC,55.2,1,1.07,Tuesday
Route 1 - City Centre Express,20,1,0,18.3,0,0,67,33,100,SYNTHETIC,55.2,0,0.33,Tuesday
Route 5 - South Connector,20,0,0,7.0,1,1,57,28,100,SYNTHETIC,24.6,0,0.28,Monday
Route 7 - Hospital Line,15,6,1,18.4,1,0,19,19,100,SYNTHETIC,37.7,0,0.19,Sunday
Route 10 - West Ring,15,1,0,26.0,0,1,30,31,100,SYNTHETIC,26.9,0,0.31,Tuesday
Route 2 - Airport Link,8,5,1,24.8,0,0,43,57,100,SYNTHETIC,38.4,1,0.57,Saturday
Route 6 - Industrial Park,22,5,1,17.7,0,0,5,0,100,SYNTHETIC,45.9,0,0.0,Saturday
Route 3 - University Shuttle,9,3,0,8.3,0,0,78,56,100,SYNTHETIC,37.7,1,0.56,Thursday
Route 5 - South Connector,17,6,1,25.2,0,0,14,22,100,SYNTHETIC,24.6,1,0.22,Sunday
Route 5 - South Connector,18,6,1,23.4,0,0,22,20,100,SYNTHETIC,24.6,1,0.2,Sunday
Route 4 - North Suburbs,13,6,1,26.7,0,0,17,11,100,SYNTHETIC,30.0,0,0.11,Sunday
Route 1 - City Centre Express,9,3,0,17.8,0,0,108,67,100,SYNTHETIC,55.2,1,0.67,Thursday
Route 1 - City Centre Express,8,2,0,6.5,0,0,82,90,100,SYNTHETIC,55.2,1,0.9,Wednesday
Route 6 - Industrial Park,19,0,0,24.3,0,0,96,100,100,SYNTHETIC,45.9,1,1.0,Monday
Route 3 - University Shuttle,14,5,1,19.9,0,0,4,10,100,SYNTHETIC,37.7,0,0.1,Saturday
Route 4 - North Suburbs,7,6,1,31.1,0,0,2,25,100,SYNTHETIC,30.0,1,0.25,Sunday
Route 1 - City Centre Express,17,3,0,20.2,0,0,49,102,100,SYNTHETIC,55.2,1,1.02,Thursday
Route 1 - City Centre Express,9,0,0,19.6,0,0,120,80,100,SYNTHETIC,55.2,1,0.8,Monday
Route 2 - Airport Link,19,5,1,23.3,0,0,52,42,100,SYNTHETIC,38.4,1,0.42,Saturday
Route 4 - North Suburbs,10,2,0,15.2,0,0,44,20,100,SYNTHETIC,30.0,0,0.2,Wednesday
Route 2 - Airport Link,8,3,0,14.8,0,0,63,60,100,SYNTHETIC,38.4,1,0.6,Thursday
Route 3 - University Shuttle,7,4,0,19.2,1,0,17,92,100,SYNTHETIC,37.7,1,0.92,Friday
Route 4 - North Suburbs,14,1,0,12.6,0,0,19,23,100,SYNTHETIC,30.0,0,0.23,Tuesday
Route 3 - University Shuttle,13,0,0,18.2,0,0,25,28,100,SYNTHETIC,37.7,0,0.28,Monday
Route 1 - City Centre Express,18,0,0,35.5,0,0,75,98,100,SYNTHETIC,55.2,1,0.98,Monday
Route 2 - Airport Link,13,6,1,28.3,0,0,28,30,100,SYNTHETIC,38.4,0,0.3,Sunday
Route 10 - West Ring,11,6,1,22.5,0,0,13,9,100,SYNTHETIC,26.9,0,0.09,Sunday
Route 7 - Hospital Line,9,2,0,32.4,0,0,73,55,100,SYNTHETIC,37.7,1,0.55,Wednesday
Route 2 - Airport Link,10,2,0,13.4,0,0,46,23,100,SYNTHETIC,38.4,0,0.23,Wednesday
Route 3 - University Shuttle,20,2,0,39.9,1,1,103,33,100,SYNTHETIC,37.7,0,0.33,Wednesday
Route 4 - North Suburbs,8,2,0,16.3,0,0,45,70,100,SYNTHETIC,30.0,1,0.7,Wednesday
Route 10 - West Ring,22,3,0,36.0,0,0,13,8,100,SYNTHETIC,26.9,0,0.08,Thursday
Route 9 - East Corridor,11,2,0,36.0,0,0,18,23,100,SYNTHETIC,35.6,0,0.23,Wednesday
Route 8 - Beach/Leisure,7,4,0,6.0,0,0,9,21,100,SYNTHETIC,27.1,1,0.21,Friday
Route 2 - Airport Link,9,2,0,31.7,1,0,62,43,100,SYNTHETIC,38.4,1,0.43,Wednesday
Route 5 - South Connector,7,4,0,17.7,1,0,11,38,100,SYNTHETIC,24.6,1,0.38,Friday
Route 5 - South Connector,18,6,1,15.5,0,0,25,23,100,SYNTHETIC,24.6,1,0.23,Sunday
Route 7 - Hospital Line,14,1,0,24.2,1,0,29,25,100,SYNTHETIC,37.7,0,0.25,Tuesday
Route 9 - East Corridor,11,0,0,11.9,0,0,21,16,100,SYNTHETIC,35.6,0,0.16,Monday
Route 4 - North Suburbs,17,3,0,24.0,1,0,31,68,100,SYNTHETIC,30.0,1,0.68,Thursday
Route 6 - Industrial Park,16,0,0,12.5,0,0,34,35,100,SYNTHETIC,45.9,0,0.35,Monday
Route 3 - University Shuttle,21,1,0,21.4,0,0,24,20,100,SYNTHETIC,37.7,0,0.2,Tuesday
Route 3 - University Shuttle,21,5,1,30.7,0,0,6,1,100,SYNTHETIC,37.7,0,0.01,Saturday
Route 4 - North Suburbs,17,2,0,23.1,0,0,31,54,100,SYNTHETIC,30.0,1,0.54,Wednesday
Route 8 - Beach/Leisure,19,3,0,17.1,0,0,47,39,100,SYNTHETIC,27.1,1,0.39,Thursday
Route 5 - South Connector,18,5,1,24.3,0,0,16,25,100,SYNTHETIC,24.6,1,0.25,Saturday
Route 7 - Hospital Line,14,0,0,8.7,1,0,24,24,100,SYNTHETIC,37.7,0,0.24,Monday
Route 7 - Hospital Line,17,3,0,13.3,0,0,33,61,100,SYNTHETIC,37.7,1,0.61,Thursday
Route 4 - North Suburbs,7,0,0,16.6,1,0,10,58,100,SYNTHETIC,30.0,1,0.58,Monday
Route 10 - West Ring,18,3,0,26.3,0,0,51,47,100,SYNTHETIC,26.9,1,0.47,Thursday
Route 1 - City Centre Express,21,1,0,23.2,1,0,43,21,100,SYNTHETIC,55.2,0,0.21,Tuesday
Route 9 - East Corridor,7,6,1,24.3,0,0,4,27,100,SYNTHETIC,35.6,1,0.27,Sunday
Route 1 - City Centre Express,19,1,0,19.8,0,0,88,76,100,SYNTHETIC,55.2,1,0.76,Tuesday
Route 4 - North Suburbs,20,1,0,13.7,0,0,42,21,100,SYNTHETIC,30.0,0,0.21,Tuesday
Route 9 - East Corridor,9,0,0,31.9,0,0,64,54,100,SYNTHETIC,35.6,1,0.54,Monday
Route 7 - Hospital Line,14,0,0,14.4,1,0,32,28,100,SYNTHETIC,37.7,0,0.28,Monday
Route 4 - North Suburbs,20,1,0,23.4,0,0,40,18,100,SYNTHETIC,30.0,0,0.18,Tuesday
Route 9 - East Corridor,21,1,0,19.1,0,0,25,21,100,SYNTHETIC,35.6,0,0.21,Tuesday
Route 2 - Airport Link,8,5,1,24.5,0,0,54,56,100,SYNTHETIC,38.4,1,0.56,Saturday
Route 7 - Hospital Line,11,6,1,15.2,0,0,18,19,100,SYNTHETIC,37.7,0,0.19,Sunday
Route 6 - Industrial Park,17,5,1,28.4,0,0,7,10,100,SYNTHETIC,45.9,1,0.1,Saturday
Route 3 - University Shuttle,9,6,1,31.0,0,0,17,11,100,SYNTHETIC,37.7,1,0.11,Sunday
Route 10 - West Ring,11,6,1,27.9,0,0,14,13,100,SYNTHETIC,26.9,0,0.13,Sunday
Route 8 - Beach/Leisure,6,3,0,21.3,0,0,1,5,100,SYNTHETIC,27.1,0,0.05,Thursday
Route 1 - City Centre Express,8,2,0,16.5,0,0,96,103,100,SYNTHETIC,55.2,1,1.03,Wednesday
Route 1 - City Centre Express,15,4,0,42.0,0,0,28,32,100,SYNTHETIC,55.2,0,0.32,Friday
Route 1 - City Centre Express,17,2,0,12.1,0,0,33,82,100,SYNTHETIC,55.2,1,0.82,Wednesday
Route 5 - South Connector,17,4,0,27.0,0,0,21,32,100,SYNTHETIC,24.6,1,0.32,Friday
Route 5 - South Connector,18,6,1,22.7,1,0,24,28,100,SYNTHETIC,24.6,1,0.28,Sunday
Route 8 - Beach/Leisure,12,1,0,19.5,0,0,14,25,100,SYNTHETIC,27.1,0,0.25,Tuesday
Route 7 - Hospital Line,10,5,1,21.5,0,0,31,18,100,SYNTHETIC,37.7,0,0.18,Saturday
Route 1 - City Centre Express,5,6,1,15.9,1,0,3,5,100,SYNTHETIC,55.2,0,0.05,Sunday
Route 5 - South Connector,8,3,0,23.4,0,1,61,61,100,SYNTHETIC,24.6,1,0.61,Thursday
Route 8 - Beach/Leisure,10,2,0,22.5,0,0,18,18,100,SYNTHETIC,27.1,0,0.18,Wednesday
Route 9 - East Corridor,8,1,0,41.4,1,0,58,68,100,SYNTHETIC,35.6,1,0.68,Tuesday
Route 3 - University Shuttle,6,1,0,28.6,0,0,0,15,100,SYNTHETIC,37.7,0,0.15,Tuesday
Route 1 - City Centre Express,8,2,0,24.1,0,0,91,110,100,SYNTHETIC,55.2,1,1.1,Wednesday
Route 2 - Airport Link,17,5,1,24.6,0,0,34,53,100,SYNTHETIC,38.4,1,0.53,Saturday
Route 4 - North Suburbs,16,3,0,34.7,1,0,26,30,100,SYNTHETIC,30.0,0,0.3,Thursday
Route 5 - South Connector,20,1,0,12.2,0,0,31,19,100,SYNTHETIC,24.6,0,0.19,Tuesday
Route 4 - North Suburbs,18,3,0,18.5,1,0,69,63,100,SYNTHETIC,30.0,1,0.63,Thursday
Route 1 - City Centre Express,15,5,1,4.7,0,0,16,22,100,SYNTHETIC,55.2,0,0.22,Saturday
Route 4 - North Suburbs,8,0,0,24.5,0,0,45,55,100,SYNTHETIC,30.0,1,0.55,Monday
Route 3 - University Shuttle,15,0,0,26.8,0,0,18,23,100,SYNTHETIC,37.7,0,0.23,Monday
Route 5 - South Connector,7,6,1,12.0,1,0,2,27,100,SYNTHETIC,24.6,1,0.27,Sunday
Route 1 - City Centre Express,13,5,1,31.5,1,0,24,22,100,SYNTHETIC,55.2,0,0.22,Saturday
Route 8 - Beach/Leisure,12,4,0,14.2,0,0,14,15,100,SYNTHETIC,27.1,0,0.15,Friday
Route 5 - South Connector,13,6,1,17.3,0,0,9,13,100,SYNTHETIC,24.6,0,0.13,Sunday
Route 4 - North Suburbs,10,4,0,21.0,0,0,38,22,100,SYNTHETIC,30.0,0,0.22,Friday
Route 10 - West Ring,17,3,0,32.8,0,0,20,38,100,SYNTHETIC,26.9,1,0.38,Thursday
Route 8 - Beach/Leisure,19,1,0,13.1,0,0,40,38,100,SYNTHETIC,27.1,1,0.38,Tuesday
Route 2 - Airport Link,18,5,1,22.3,1,0,61,59,100,SYNTHETIC,38.4,1,0.59,Saturday
Route 2 - Airport Link,16,5,1,26.2,0,0,29,32,100,SYNTHETIC,38.4,0,0.32,Saturday
Route 1 - City Centre Express,15,2,0,24.5,0,0,36,33,100,SYNTHETIC,55.2,0,0.33,Wednesday
Route 6 - Industrial Park,6,5,1,24.8,0,0,3,4,100,SYNTHETIC,45.9,0,0.04,Saturday
Route 4 - North Suburbs,17,5,1,26.1,0,0,11,21,100,SYNTHETIC,30.0,1,0.21,Saturday
Route 4 - North Suburbs,15,0,0,15.6,0,0,17,18,100,SYNTHETIC,30.0,0,0.18,Monday
Route 6 - Industrial Park,10,1,0,33.5,0,0,73,29,100,SYNTHETIC,45.9,0,0.29,Tuesday
Route 6 - Industrial Park,11,4,0,19.1,1,0,29,41,100,SYNTHETIC,45.9,0,0.41,Friday
Route 1 - City Centre Express,20,4,0,18.0,0,0,81,34,100,SYNTHETIC,55.2,0,0.34,Friday
Route 2 - Airport Link,16,4,0,30.8,0,0,32,31,100,SYNTHETIC,38.4,0,0.31,Friday
Route 8 - Beach/Leisure,13,2,0,15.0,0,0,17,15,100,SYNTHETIC,27.1,0,0.15,Wednesday
Route 10 - West Ring,16,5,1,22.6,0,0,16,9,100,SYNTHETIC,26.9,0,0.09,Saturday
Route 9 - East Corridor,12,3,0,14.2,0,0,19,28,100,SYNTHETIC,35.6,0,0.28,Thursday
Route 10 - West Ring,13,1,0,40.2,1,0,23,20,100,SYNTHETIC,26.9,0,0.2,Tuesday
Route 5 - South Connector,10,0,0,38.5,0,1,46,27,100,SYNTHETIC,24.6,0,0.27,Monday
Route 9 - East Corridor,13,6,1,19.1,0,0,9,11,100,SYNTHETIC,35.6,0,0.11,Sunday
Route 9 - East Corridor,17,4,0,24.2,0,0,31,68,100,SYNTHETIC,35.6,1,0.68,Friday
Route 9 - East Corridor,6,3,0,20.0,0,0,8,6,100,SYNTHETIC,35.6,0,0.06,Thursday
Route 2 - Airport Link,18,1,0,17.2,0,0,67,58,100,SYNTHETIC,38.4,1,0.58,Tuesday
Route 2 - Airport Link,10,0,0,21.0,1,0,50,29,100,SYNTHETIC,38.4,0,0.29,Monday
Route 5 - South Connector,17,1,0,19.7,1,0,19,42,100,SYNTHETIC,24.6,1,0.42,Tuesday
Route 6 - Industrial Park,16,0,0,7.8,0,0,30,37,100,SYNTHETIC,45.9,0,0.37,Monday
Route 10 - West Ring,17,3,0,22.1,0,0,26,47,100,SYNTHETIC,26.9,1,0.47,Thursday
Route 4 - North Suburbs,16,1,0,19.7,0,0,20,29,100,SYNTHETIC,30.0,0,0.29,Tuesday
Route 9 - East Corridor,21,0,0,22.5,1,0,26,19,100,SYNTHETIC,35.6,0,0.19,Monday
Route 9 - East Corridor,14,1,0,19.4,1,0,23,24,100,SYNTHETIC,35.6,0,0.24,Tuesday
Route 10 - West Ring,18,4,0,17.1,1,0,49,57,100,SYNTHETIC,26.9,1,0.57,Friday
Route 2 - Airport Link,17,3,0,27.0,0,0,37,47,100,SYNTHETIC,38.4,1,0.47,Thursday
Route 3 - University Shuttle,9,1,0,24.3,1,0,109,62,100,SYNTHETIC,37.7,1,0.62,Tuesday
Route 3 - University Shuttle,10,5,1,31.2,1,0,9,1,100,SYNTHETIC,37.7,0,0.01,Saturday
Route 8 - Beach/Leisure,12,3,0,24.0,0,0,13,18,100,SYNTHETIC,27.1,0,0.18,Thursday
Route 7 - Hospital Line,10,1,0,18.4,0,0,39,24,100,SYNTHETIC,37.7,0,0.24,Tuesday
Route 5 - South Connector,11,4,0,24.9,0,0,22,22,100,SYNTHETIC,24.6,0,0.22,Friday
Route 1 - City Centre Express,12,6,1,4.2,0,0,21,21,100,SYNTHETIC,55.2,0,0.21,Sunday
Route 6 - Industrial Park,16,3,0,36.8,0,0,23,34,100,SYNTHETIC,45.9,0,0.34,Thursday
Route 8 - Beach/Leisure,9,1,0,22.2,0,0,27,20,100,SYNTHETIC,27.1,1,0.2,Tuesday
Route 5 - South Connector,18,2,0,37.5,0,0,37,33,100,SYNTHETIC,24.6,1,0.33,Wednesday
Route 3 - University Shuttle,13,4,0,13.0,1,0,26,24,100,SYNTHETIC,37.7,0,0.24,Friday
Route 6 - Industrial Park,17,6,1,11.1,1,0,9,7,100,SYNTHETIC,45.9,1,0.07,Sunday
Route 7 - Hospital Line,7,6,1,22.9,0,0,12,41,100,SYNTHETIC,37.7,1,0.41,Sunday
Route 6 - Industrial Park,13,6,1,22.9,1,0,6,4,100,SYNTHETIC,45.9,0,0.04,Sunday
Route 9 - East Corridor,6,5,1,22.7,0,0,0,5,100,SYNTHETIC,35.6,0,0.05,Saturday
Route 4 - North Suburbs,17,4,0,21.5,0,0,24,48,100,SYNTHETIC,30.0,1,0.48,Friday
Route 7 - Hospital Line,11,4,0,15.0,1,0,25,25,100,SYNTHETIC,37.7,0,0.25,Friday
Route 9 - East Corridor,21,5,1,8.1,1,0,11,10,100,SYNTHETIC,35.6,0,0.1,Saturday
Route 3 - University Shuttle,11,5,1,22.3,1,0,5,1,100,SYNTHETIC,37.7,0,0.01,Saturday
Route 3 - University Shuttle,15,4,0,9.7,0,0,23,25,100,SYNTHETIC,37.7,0,0.25,Friday
Route 1 - City Centre Express,9,0,0,9.0,1,0,94,71,100,SYNTHETIC,55.2,1,0.71,Monday
Route 4 - North Suburbs,16,6,1,17.0,0,0,8,8,100,SYNTHETIC,30.0,0,0.08,Sunday
Route 1 - City Centre Express,13,0,0,23.4,0,0,35,37,100,SYNTHETIC,55.2,0,0.37,Monday
Route 8 - Beach/Leisure,12,2,0,35.9,0,0,19,20,100,SYNTHETIC,27.1,0,0.2,Wednesday
Route 1 - City Centre Express,8,3,0,27.8,0,1,142,146,100,SYNTHETIC,55.2,1,1.46,Thursday
Route 7 - Hospital Line,7,6,1,31.5,0,0,9,37,100,SYNTHETIC,37.7,1,0.37,Sunday
Route 6 - Industrial Park,7,0,0,25.2,0,1,23,123,100,SYNTHETIC,45.9,1,1.23,Monday
Route 10 - West Ring,23,3,0,22.9,0,0,6,1,100,SYNTHETIC,26.9,0,0.01,Thursday
Route 4 - North Suburbs,12,2,0,40.0,0,0,23,20,100,SYNTHETIC,30.0,0,0.2,Wednesday
Route 4 - North Suburbs,0,0,0,9.4,0,0,3,3,100,SYNTHETIC,30.0,0,0.03,Monday
Route 3 - University Shuttle,21,1,0,16.7,0,0,27,22,100,SYNTHETIC,37.7,0,0.22,Tuesday
Route 6 - Industrial Park,5,2,0,17.3,1,0,0,3,100,SYNTHETIC,45.9,0,0.03,Wednesday
Route 3 - University Shuttle,12,6,1,27.1,0,0,2,8,100,SYNTHETIC,37.7,0,0.08,Sunday
Route 2 - Airport Link,17,2,0,12.2,1,0,37,61,100,SYNTHETIC,38.4,1,0.61,Wednesday
Route 10 - West Ring,20,6,1,26.1,0,0,20,4,100,SYNTHETIC,26.9,0,0.04,Sunday
Route 7 - Hospital Line,17,5,1,24.6,1,0,31,46,100,SYNTHETIC,37.7,1,0.46,Saturday
Route 2 - Airport Link,13,5,1,26.5,1,0,23,26,100,SYNTHETIC,38.4,0,0.26,Saturday
Route 7 - Hospital Line,22,5,1,26.4,0,0,12,10,100,SYNTHETIC,37.7,0,0.1,Saturday
Route 4 - North Suburbs,6,4,0,32.3,0,0,2,15,100,SYNTHETIC,30.0,0,0.15,Friday
Route 2 - Airport Link,22,5,1,19.6,0,0,17,9,100,SYNTHETIC,38.4,0,0.09,Saturday
Route 5 - South Connector,19,1,0,24.2,0,0,49,37,100,SYNTHETIC,24.6,1,0.37,Tuesday
Route 8 - Beach/Leisure,20,5,1,14.1,0,0,57,22,100,SYNTHETIC,27.1,0,0.22,Saturday
Route 1 - City Centre Express,9,0,0,12.3,0,0,85,79,100,SYNTHETIC,55.2,1,0.79,Monday
Route 4 - North Suburbs,8,5,1,34.1,0,0,29,29,100,SYNTHETIC,30.0,1,0.29,Saturday
Route 10 - West Ring,17,4,0,13.5,0,0,28,49,100,SYNTHETIC,26.9,1,0.49,Friday
Route 4 - North Suburbs,14,5,1,25.1,1,0,12,14,100,SYNTHETIC,30.0,0,0.14,Saturday
Route 1 - City Centre Express,14,4,0,24.2,0,0,27,32,100,SYNTHETIC,55.2,0,0.32,Friday
Route 5 - South Connector,20,2,0,29.4,0,0,32,15,100,SYNTHETIC,24.6,0,0.15,Wednesday
Route 7 - Hospital Line,16,2,0,6.7,0,0,25,29,100,SYNTHETIC,37.7,0,0.29,Wednesday
Route 10 - West Ring,10,4,0,27.1,1,0,43,21,100,SYNTHETIC,26.9,0,0.21,Friday
Route 7 - Hospital Line,12,3,0,19.5,1,0,22,32,100,SYNTHETIC,37.7,0,0.32,Thursday
Route 1 - City Centre Express,8,2,0,15.2,1,1,133,172,100,SYNTHETIC,55.2,1,1.72,Wednesday
Route 9 - East Corridor,8,3,0,18.0,0,0,64,65,100,SYNTHETIC,35.6,1,0.65,Thursday
Route 8 - Beach/Leisure,8,3,0,28.3,0,1,40,41,100,SYNTHETIC,27.1,1,0.41,Thursday
Route 7 - Hospital Line,18,1,0,25.8,0,0,62,61,100,SYNTHETIC,37.7,1,0.61,Tuesday
Route 9 - East Corridor,17,4,0,19.0,1,0,35,65,100,SYNTHETIC,35.6,1,0.65,Friday
Route 8 - Beach/Leisure,15,2,0,10.9,0,0,15,20,100,SYNTHETIC,27.1,0,0.2,Wednesday
Route 3 - University Shuttle,12,1,0,11.5,0,0,26,24,100,SYNTHETIC,37.7,0,0.24,Tuesday
Route 5 - South Connector,17,2,0,26.0,0,1,34,62,100,SYNTHETIC,24.6,1,0.62,Wednesday
Route 6 - Industrial Park,18,0,0,9.8,0,0,91,93,100,SYNTHETIC,45.9,1,0.93,Monday
Route 5 - South Connector,19,4,0,19.1,1,0,40,32,100,SYNTHETIC,24.6,1,0.32,Friday
Route 7 - Hospital Line,15,5,1,41.4,0,0,17,13,100,SYNTHETIC,37.7,0,0.13,Saturday
Route 8 - Beach/Leisure,19,6,1,23.7,0,0,59,53,100,SYNTHETIC,27.1,1,0.53,Sunday
Route 2 - Airport Link,14,1,0,25.9,0,0,29,19,100,SYNTHETIC,38.4,0,0.19,Tuesday
Route 6 - Industrial Park,13,3,0,11.5,0,1,45,52,100,SYNTHETIC,45.9,0,0.52,Thursday
Route 1 - City Centre Express,19,3,0,10.2,0,0,99,74,100,SYNTHETIC,55.2,1,0.74,Thursday
Route 6 - Industrial Park,12,5,1,26.4,0,0,2,3,100,SYNTHETIC,45.9,0,0.03,Saturday
Route 5 - South Connector,12,4,0,17.7,1,0,18,25,100,SYNTHETIC,24.6,0,0.25,Friday
Route 3 - University Shuttle,10,5,1,29.4,1,0,14,4,100,SYNTHETIC,37.7,0,0.04,Saturday
Route 10 - West Ring,14,5,1,21.1,0,0,12,11,100,SYNTHETIC,26.9,0,0.11,Saturday
Route 3 - University Shuttle,15,0,0,42.0,1,0,26,23,100,SYNTHETIC,37.7,0,0.23,Monday
Route 1 - City Centre Express,17,2,0,16.2,0,0,36,93,100,SYNTHETIC,55.2,1,0.93,Wednesday
Route 4 - North Suburbs,13,4,0,23.1,0,0,18,24,100,SYNTHETIC,30.0,0,0.24,Friday
Route 8 - Beach/Leisure,9,3,0,13.6,0,0,24,16,100,SYNTHETIC,27.1,1,0.16,Thursday
Route 1 - City Centre Express,19,3,0,29.1,0,0,87,82,100,SYNTHETIC,55.2,1,0.82,Thursday
Route 5 - South Connector,11,1,0,24.3,0,1,29,20,100,SYNTHETIC,24.6,0,0.2,Tuesday
Route 5 - South Connector,20,4,0,13.1,1,0,41,23,100,SYNTHETIC,24.6,0,0.23,Friday
Route 9 - East Corridor,8,5,1,18.3,1,0,28,35,100,SYNTHETIC,35.6,1,0.35,Saturday
Route 1 - City Centre Express,15,0,0,31.8,0,0,34,32,100,SYNTHETIC,55.2,0,0.32,Monday
Route 1 - City Centre Express,15,4,0,30.8,0,0,33,32,100,SYNTHETIC,55.2,0,0.32,Friday
Route 6 - Industrial Park,19,6,1,9.5,0,0,9,8,100,SYNTHETIC,45.9,1,0.08,Sunday
Route 2 - Airport Link,8,4,0,17.1,0,0,47,56,100,SYNTHETIC,38.4,1,0.56,Friday
Route 8 - Beach/Leisure,20,6,1,35.4,0,0,43,23,100,SYNTHETIC,27.1,0,0.23,Sunday
Route 3 - University Shuttle,15,2,0,19.5,0,0,22,26,100,SYNTHETIC,37.7,0,0.26,Wednesday
Route 6 - Industrial Park,16,0,0,22.3,1,1,50,56,100,SYNTHETIC,45.9,0,0.56,Monday
Route 1 - City Centre Express,14,4,0,29.0,0,0,32,31,100,SYNTHETIC,55.2,0,0.31,Friday
Route 7 - Hospital Line,6,1,0,10.1,1,0,0,15,100,SYNTHETIC,37.7,0,0.15,Tuesday
Route 6 - Industrial Park,14,0,0,13.3,0,0,25,26,100,SYNTHETIC,45.9,0,0.26,Monday
Route 1 - City Centre Express,9,1,0,18.2,1,0,117,69,100,SYNTHETIC,55.2,1,0.69,Tuesday
Route 3 - University Shuttle,11,6,1,30.4,0,0,6,5,100,SYNTHETIC,37.7,0,0.05,Sunday
Route 1 - City Centre Express,17,5,1,29.0,1,0,21,63,100,SYNTHETIC,55.2,1,0.63,Saturday
Route 1 - City Centre Express,14,1,0,26.6,0,0,28,30,100,SYNTHETIC,55.2,0,0.3,Tuesday
Route 7 - Hospital Line,7,4,0,19.7,1,0,17,59,100,SYNTHETIC,37.7,1,0.59,Friday
Route 5 - South Connector,7,2,0,29.8,0,0,5,39,100,SYNTHETIC,24.6,1,0.39,Wednesday
Route 9 - East Corridor,8,1,0,19.6,0,0,58,76,100,SYNTHETIC,35.6,1,0.76,Tuesday
Route 3 - University Shuttle,8,6,1,25.4,0,0,11,15,100,SYNTHETIC,37.7,1,0.15,Sunday
Route 8 - Beach/Leisure,16,5,1,28.1,1,0,27,29,100,SYNTHETIC,27.1,0,0.29,Saturday
Route 7 - Hospital Line,8,2,0,34.4,0,0,44,82,100,SYNTHETIC,37.7,1,0.82,Wednesday
Route 7 - Hospital Line,19,2,0,20.3,0,0,61,52,100,SYNTHETIC,37.7,1,0.52,Wednesday
Route 9 - East Corridor,9,5,1,17.9,1,0,41,22,100,SYNTHETIC,35.6,1,0.22,Saturday
Route 8 - Beach/Leisure,7,3,0,31.2,0,0,9,21,100,SYNTHETIC,27.1,1,0.21,Thursday
Route 8 - Beach/Leisure,19,2,0,31.8,0,1,62,48,100,SYNTHETIC,27.1,1,0.48,Wednesday
Route 8 - Beach/Leisure,10,2,0,16.5,0,0,17,15,100,SYNTHETIC,27.1,0,0.15,Wednesday
Route 5 - South Connector,12,3,0,12.0,0,0,17,20,100,SYNTHETIC,24.6,0,0.2,Thursday
Route 8 - Beach/Leisure,21,3,0,30.6,0,0,11,8,100,SYNTHETIC,27.1,0,0.08,Thursday
Route 9 - East Corridor,21,0,0,7.7,0,0,22,20,100,SYNTHETIC,35.6,0,0.2,Monday
Route 8 - Beach/Leisure,17,3,0,7.3,0,0,18,41,100,SYNTHETIC,27.1,1,0.41,Thursday
Route 7 - Hospital Line,7,3,0,18.7,0,0,11,54,100,SYNTHETIC,37.7,1,0.54,Thursday
Route 1 - City Centre Express,16,1,0,20.8,0,1,54,54,100,SYNTHETIC,55.2,0,0.54,Tuesday
Route 5 - South Connector,22,2,0,11.5,1,0,10,4,100,SYNTHETIC,24.6,0,0.04,Wednesday
Route 1 - City Centre Express,21,2,0,21.8,0,0,27,18,100,SYNTHETIC,55.2,0,0.18,Wednesday
Route 2 - Airport Link,7,2,0,22.1,0,0,12,53,100,SYNTHETIC,38.4,1,0.53,Wednesday
Route 4 - North Suburbs,12,6,1,16.2,0,0,11,9,100,SYNTHETIC,30.0,0,0.09,Sunday
Route 5 - South Connector,10,3,0,36.3,1,0,33,20,100,SYNTHETIC,24.6,0,0.2,Thursday
Route 6 - Industrial Park,8,3,0,23.4,1,0,92,103,100,SYNTHETIC,45.9,1,1.03,Thursday
Route 10 - West Ring,17,1,0,29.0,1,0,22,53,100,SYNTHETIC,26.9,1,0.53,Tuesday
Route 8 - Beach/Leisure,10,6,1,8.4,0,0,25,21,100,SYNTHETIC,27.1,0,0.21,Sunday
Route 5 - South Connector,11,0,0,8.3,0,0,14,19,100,SYNTHETIC,24.6,0,0.19,Monday
Route 4 - North Suburbs,7,3,0,23.7,0,0,9,55,100,SYNTHETIC,30.0,1,0.55,Thursday
Route 8 - Beach/Leisure,14,1,0,34.8,0,1,25,26,100,SYNTHETIC,27.1,0,0.26,Tuesday
Route 3 - University Shuttle,8,5,1,11.9,0,0,15,15,100,SYNTHETIC,37.7,1,0.15,Saturday
Route 9 - East Corridor,13,2,0,21.1,0,0,23,25,100,SYNTHETIC,35.6,0,0.25,Wednesday
Route 8 - Beach/Leisure,8,2,0,10.1,0,0,26,28,100,SYNTHETIC,27.1,1,0.28,Wednesday
Route 7 - Hospital Line,21,0,0,14.3,0,0,26,20,100,SYNTHETIC,37.7,0,0.2,Monday
Route 3 - University Shuttle,8,5,1,21.5,0,0,11,18,100,SYNTHETIC,37.7,1,0.18,Saturday
Route 7 - Hospital Line,14,2,0,16.1,0,0,15,26,100,SYNTHETIC,37.7,0,0.26,Wednesday
Route 9 - East Corridor,8,1,0,9.6,0,0,49,57,100,SYNTHETIC,35.6,1,0.57,Tuesday
Route 1 - City Centre Express,7,5,1,9.4,1,0,12,51,100,SYNTHETIC,55.2,1,0.51,Saturday
Route 2 - Airport Link,8,0,0,4.9,0,1,83,85,100,SYNTHETIC,38.4,1,0.85,Monday
Route 6 - Industrial Park,7,3,0,23.8,0,1,17,126,100,SYNTHETIC,45.9,1,1.26,Thursday
Route 4 - North Suburbs,8,1,0,24.8,0,0,53,59,100,SYNTHETIC,30.0,1,0.59,Tuesday
Route 8 - Beach/Leisure,14,0,0,24.7,0,0,17,11,100,SYNTHETIC,27.1,0,0.11,Monday
Route 5 - South Connector,17,0,0,12.7,0,0,26,35,100,SYNTHETIC,24.6,1,0.35,Monday
Route 10 - West Ring,7,1,0,28.0,1,0,13,44,100,SYNTHETIC,26.9,1,0.44,Tuesday
Route 3 - University Shuttle,13,6,1,25.7,0,0,9,0,100,SYNTHETIC,37.7,0,0.0,Sunday
Route 4 - North Suburbs,16,3,0,20.1,0,0,22,25,100,SYNTHETIC,30.0,0,0.25,Thursday
Route 1 - City Centre Express,9,6,1,18.7,0,0,65,43,100,SYNTHETIC,55.2,1,0.43,Sunday
Route 3 - University Shuttle,12,1,0,14.8,0,0,22,27,100,SYNTHETIC,37.7,0,0.27,Tuesday
Route 3 - University Shuttle,7,5,1,21.5,0,0,5,15,100,SYNTHETIC,37.7,1,0.15,Saturday
Route 8 - Beach/Leisure,9,0,0,32.9,0,0,23,24,100,SYNTHETIC,27.1,1,0.24,Monday
Route 4 - North Suburbs,13,0,0,29.1,0,0,22,23,100,SYNTHETIC,30.0,0,0.23,Monday
Route 3 - University Shuttle,22,0,0,18.0,0,0,17,10,100,SYNTHETIC,37.7,0,0.1,Monday
Route 4 - North Suburbs,23,6,1,24.3,0,0,8,3,100,SYNTHETIC,30.0,0,0.03,Sunday
Route 6 - Industrial Park,22,4,0,11.2,0,0,18,11,100,SYNTHETIC,45.9,0,0.11,Friday
Route 8 - Beach/Leisure,12,5,1,25.8,1,0,27,26,100,SYNTHETIC,27.1,0,0.26,Saturday
Route 10 - West Ring,7,6,1,13.4,1,0,5,24,100,SYNTHETIC,26.9,1,0.24,Sunday
Route 1 - City Centre Express,11,2,0,25.5,0,0,33,39,100,SYNTHETIC,55.2,0,0.39,Wednesday
Route 9 - East Corridor,9,5,1,42.0,0,0,30,22,100,SYNTHETIC,35.6,1,0.22,Saturday
Route 4 - North Suburbs,5,3,0,15.4,0,0,3,0,100,SYNTHETIC,30.0,0,0.0,Thursday
Route 9 - East Corridor,7,3,0,42.0,0,0,10,58,100,SYNTHETIC,35.6,1,0.58,Thursday
Route 1 - City Centre Express,13,4,0,23.9,1,0,34,39,100,SYNTHETIC,55.2,0,0.39,Friday
Route 7 - Hospital Line,11,3,0,14.0,0,0,22,25,100,SYNTHETIC,37.7,0,0.25,Thursday
Route 10 - West Ring,8,0,0,13.6,0,0,48,41,100,SYNTHETIC,26.9,1,0.41,Monday
Route 1 - City Centre Express,17,0,0,38.9,0,0,35,101,100,SYNTHETIC,55.2,1,1.01,Monday
Route 8 - Beach/Leisure,11,3,0,23.9,1,0,11,17,100,SYNTHETIC,27.1,0,0.17,Thursday
Route 2 - Airport Link,19,3,0,15.5,0,0,60,44,100,SYNTHETIC,38.4,1,0.44,Thursday
Route 10 - West Ring,9,5,1,18.4,0,0,20,21,100,SYNTHETIC,26.9,1,0.21,Saturday
Route 8 - Beach/Leisure,15,4,0,23.4,0,1,25,16,100,SYNTHETIC,27.1,0,0.16,Friday
Route 10 - West Ring,8,1,0,19.9,1,0,55,57,100,SYNTHETIC,26.9,1,0.57,Tuesday
Route 9 - East Corridor,14,2,0,22.8,0,0,26,19,100,SYNTHETIC,35.6,0,0.19,Wednesday
Route 4 - North Suburbs,8,3,0,34.2,0,0,49,66,100,SYNTHETIC,30.0,1,0.66,Thursday
Route 5 - South Connector,8,6,1,11.0,0,0,25,25,100,SYNTHETIC,24.6,1,0.25,Sunday
Route 7 - Hospital Line,16,3,0,25.2,0,0,29,29,100,SYNTHETIC,37.7,0,0.29,Thursday
Route 2 - Airport Link,9,4,0,19.4,1,0,65,54,100,SYNTHETIC,38.4,1,0.54,Friday
Route 4 - North Suburbs,8,5,1,16.0,0,0,29,22,100,SYNTHETIC,30.0,1,0.22,Saturday
Route 1 - City Centre Express,20,2,0,28.6,0,0,71,34,100,SYNTHETIC,55.2,0,0.34,Wednesday
Route 9 - East Corridor,6,6,1,8.3,0,0,1,2,100,SYNTHETIC,35.6,0,0.02,Sunday
Route 3 - University Shuttle,15,4,0,1.1,0,0,15,21,100,SYNTHETIC,37.7,0,0.21,Friday
Route 5 - South Connector,15,5,1,21.8,0,0,10,9,100,SYNTHETIC,24.6,0,0.09,Saturday
Route 5 - South Connector,9,5,1,18.9,0,0,24,20,100,SYNTHETIC,24.6,1,0.2,Saturday
Route 4 - North Suburbs,13,4,0,9.2,0,1,31,37,100,SYNTHETIC,30.0,0,0.37,Friday
Route 8 - Beach/Leisure,7,0,0,6.3,1,0,7,19,100,SYNTHETIC,27.1,1,0.19,Monday
Route 10 - West Ring,17,4,0,35.4,0,0,21,46,100,SYNTHETIC,26.9,1,0.46,Friday
Route 6 - Industrial Park,9,0,0,23.7,0,1,150,127,100,SYNTHETIC,45.9,1,1.27,Monday
Route 9 - East Corridor,8,4,0,20.2,0,0,65,64,100,SYNTHETIC,35.6,1,0.64,Friday
Route 2 - Airport Link,10,4,0,37.6,0,0,38,22,100,SYNTHETIC,38.4,0,0.22,Friday
Route 10 - West Ring,20,3,0,28.2,0,0,41,20,100,SYNTHETIC,26.9,0,0.2,Thursday
Route 2 - Airport Link,18,2,0,34.2,0,0,55,61,100,SYNTHETIC,38.4,1,0.61,Wednesday
Route 1 - City Centre Express,21,0,0,10.6,0,0,33,23,100,SYNTHETIC,55.2,0,0.23,Monday
Route 1 - City Centre Express,17,4,0,10.3,0,0,40,87,100,SYNTHETIC,55.2,1,0.87,Friday
Route 3 - University Shuttle,17,4,0,24.9,0,0,28,69,100,SYNTHETIC,37.7,1,0.69,Friday
Route 9 - East Corridor,14,3,0,23.3,0,0,24,25,100,SYNTHETIC,35.6,0,0.25,Thursday
Route 4 - North Suburbs,20,5,1,30.0,0,0,23,8,100,SYNTHETIC,30.0,0,0.08,Saturday
Route 8 - Beach/Leisure,14,5,1,7.0,0,0,19,14,100,SYNTHETIC,27.1,0,0.14,Saturday
Route 5 - South Connector,11,3,0,25.6,0,0,12,13,100,SYNTHETIC,24.6,0,0.13,Thursday
Route 2 - Airport Link,16,0,0,27.9,1,0,29,34,100,SYNTHETIC,38.4,0,0.34,Monday
Route 5 - South Connector,15,6,1,27.5,1,0,12,15,100,SYNTHETIC,24.6,0,0.15,Sunday
Route 3 - University Shuttle,8,3,0,16.7,0,1,122,114,100,SYNTHETIC,37.7,1,1.14,Thursday
Route 3 - University Shuttle,12,4,0,24.1,1,0,30,33,100,SYNTHETIC,37.7,0,0.33,Friday
Route 6 - Industrial Park,10,6,1,13.8,0,0,11,8,100,SYNTHETIC,45.9,0,0.08,Sunday
Route 8 - Beach/Leisure,19,2,0,17.7,1,0,48,40,100,SYNTHETIC,27.1,1,0.4,Wednesday
Route 6 - Industrial Park,12,4,0,11.7,0,0,29,23,100,SYNTHETIC,45.9,0,0.23,Friday
Route 3 - University Shuttle,19,0,0,13.9,0,0,68,55,100,SYNTHETIC,37.7,1,0.55,Monday
Route 8 - Beach/Leisure,13,6,1,18.1,0,0,22,20,100,SYNTHETIC,27.1,0,0.2,Sunday
Route 7 - Hospital Line,18,0,0,16.1,0,0,58,73,100,SYNTHETIC,37.7,1,0.73,Monday
Route 3 - University Shuttle,8,3,0,13.9,1,0,78,89,100,SYNTHETIC,37.7,1,0.89,Thursday
Route 9 - East Corridor,20,2,0,9.6,0,0,50,20,100,SYNTHETIC,35.6,0,0.2,Wednesday
Route 9 - East Corridor,14,0,0,35.7,0,0,18,21,100,SYNTHETIC,35.6,0,0.21,Monday
Route 7 - Hospital Line,9,3,0,16.0,0,0,58,40,100,SYNTHETIC,37.7,1,0.4,Thursday
Route 3 - University Shuttle,9,6,1,22.6,1,0,22,13,100,SYNTHETIC,37.7,1,0.13,Sunday
Route 4 - North Suburbs,9,1,0,5.9,0,0,52,36,100,SYNTHETIC,30.0,1,0.36,Tuesday
Route 5 - South Connector,11,2,0,30.9,0,0,14,26,100,SYNTHETIC,24.6,0,0.26,Wednesday
Route 2 - Airport Link,17,1,0,21.3,0,0,34,50,100,SYNTHETIC,38.4,1,0.5,Tuesday
Route 4 - North Suburbs,21,0,0,16.4,0,0,18,20,100,SYNTHETIC,30.0,0,0.2,Monday
Route 2 - Airport Link,17,1,0,16.5,0,0,37,48,100,SYNTHETIC,38.4,1,0.48,Tuesday
Route 2 - Airport Link,15,4,0,27.0,0,0,21,27,100,SYNTHETIC,38.4,0,0.27,Friday
Route 8 - Beach/Leisure,13,5,1,-3.6,0,0,23,22,100,SYNTHETIC,27.1,0,0.22,Saturday
Route 2 - Airport Link,19,4,0,13.4,0,0,53,46,100,SYNTHETIC,38.4,1,0.46,Friday
Route 5 - South Connector,19,5,1,19.0,0,0,23,19,100,SYNTHETIC,24.6,1,0.19,Saturday
Route 5 - South Connector,10,5,1,19.0,0,0,16,12,100,SYNTHETIC,24.6,0,0.12,Saturday
Route 1 - City Centre Express,21,2,0,40.0,0,0,31,22,100,SYNTHETIC,55.2,0,0.22,Wednesday
Route 9 - East Corridor,12,6,1,17.3,0,0,15,12,100,SYNTHETIC,35.6,0,0.12,Sunday
Route 10 - West Ring,18,1,0,27.9,1,0,46,48,100,SYNTHETIC,26.9,1,0.48,Tuesday
Route 7 - Hospital Line,21,4,0,34.5,0,0,22,16,100,SYNTHETIC,37.7,0,0.16,Friday
Route 7 - Hospital Line,17,0,0,25.4,0,0,30,58,100,SYNTHETIC,37.7,1,0.58,Monday
Route 3 - University Shuttle,8,5,1,14.6,0,0,19,17,100,SYNTHETIC,37.7,1,0.17,Saturday
Route 9 - East Corridor,16,0,0,9.7,1,0,24,30,100,SYNTHETIC,35.6,0,0.3,Monday
Route 8 - Beach/Leisure,7,1,0,26.0,0,0,11,19,100,SYNTHETIC,27.1,1,0.19,Tuesday
Route 5 - South Connector,18,2,0,33.2,0,0,38,36,100,SYNTHETIC,24.6,1,0.36,Wednesday
Route 8 - Beach/Leisure,10,4,0,24.4,0,0,23,16,100,SYNTHETIC,27.1,0,0.16,Friday
Route 10 - West Ring,17,0,0,29.9,0,0,25,35,100,SYNTHETIC,26.9,1,0.35,Monday
Route 7 - Hospital Line,20,1,0,40.7,1,0,55,30,100,SYNTHETIC,37.7,0,0.3,Tuesday
Route 2 - Airport Link,8,2,0,26.7,0,0,45,59,100,SYNTHETIC,38.4,1,0.59,Wednesday
Route 4 - North Suburbs,12,5,1,11.2,1,0,6,17,100,SYNTHETIC,30.0,0,0.17,Saturday
Route 2 - Airport Link,17,6,1,20.4,0,0,33,56,100,SYNTHETIC,38.4,1,0.56,Sunday
Route 4 - North Suburbs,12,4,0,31.0,1,0,26,23,100,SYNTHETIC,30.0,0,0.23,Friday
Route 9 - East Corridor,8,3,0,18.0,0,0,71,66,100,SYNTHETIC,35.6,1,0.66,Thursday
Route 2 - Airport Link,6,2,0,32.0,0,0,0,18,100,SYNTHETIC,38.4,0,0.18,Wednesday
Route 9 - East Corridor,12,5,1,19.5,0,0,13,16,100,SYNTHETIC,35.6,0,0.16,Saturday
Route 3 - University Shuttle,17,0,0,22.7,0,0,27,83,100,SYNTHETIC,37.7,1,0.83,Monday
Route 5 - South Connector,15,0,0,17.2,0,0,14,21,100,SYNTHETIC,24.6,0,0.21,Monday
Route 6 - Industrial Park,8,1,0,21.3,0,0,81,89,100,SYNTHETIC,45.9,1,0.89,Tuesday
Route 2 - Airport Link,13,1,0,21.7,1,0,33,30,100,SYNTHETIC,38.4,0,0.3,Tuesday
Route 2 - Airport Link,11,3,0,7.1,0,0,22,23,100,SYNTHETIC,38.4,0,0.23,Thursday
Route 4 - North Suburbs,10,6,1,16.5,0,0,21,6,100,SYNTHETIC,30.0,0,0.06,Sunday
Route 1 - City Centre Express,18,4,0,10.1,0,0,98,97,100,SYNTHETIC,55.2,1,0.97,Friday
Route 8 - Beach/Leisure,10,2,0,16.7,0,0,22,12,100,SYNTHETIC,27.1,0,0.12,Wednesday
Route 6 - Industrial Park,15,1,0,13.6,0,0,29,29,100,SYNTHETIC,45.9,0,0.29,Tuesday
Route 9 - East Corridor,20,4,0,28.1,0,0,53,21,100,SYNTHETIC,35.6,0,0.21,Friday
Route 9 - East Corridor,15,1,0,28.2,1,0,22,21,100,SYNTHETIC,35.6,0,0.21,Tuesday
Route 4 - North Suburbs,16,6,1,24.5,0,0,9,18,100,SYNTHETIC,30.0,0,0.18,Sunday
Route 9 - East Corridor,7,3,0,9.9,1,0,14,63,100,SYNTHETIC,35.6,1,0.63,Thursday
Route 1 - City Centre Express,8,3,0,19.2,0,0,79,89,100,SYNTHETIC,55.2,1,0.89,Thursday
Route 5 - South Connector,7,6,1,9.2,0,0,5,21,100,SYNTHETIC,24.6,1,0.21,Sunday
Route 7 - Hospital Line,18,2,0,18.8,0,0,53,72,100,SYNTHETIC,37.7,1,0.72,Wednesday
Route 5 - South Connector,19,3,0,25.2,1,0,46,40,100,SYNTHETIC,24.6,1,0.4,Thursday
Route 8 - Beach/Leisure,8,3,0,27.9,0,0,20,25,100,SYNTHETIC,27.1,1,0.25,Thursday
Route 9 - East Corridor,9,1,0,23.8,0,0,65,45,100,SYNTHETIC,35.6,1,0.45,Tuesday
Route 5 - South Connector,11,0,0,30.1,0,0,14,15,100,SYNTHETIC,24.6,0,0.15,Monday
Route 3 - University Shuttle,16,1,0,22.1,0,0,22,28,100,SYNTHETIC,37.7,0,0.28,Tuesday
Route 6 - Industrial Park,16,0,0,18.1,0,1,44,52,100,SYNTHETIC,45.9,0,0.52,Monday
Route 9 - East Corridor,17,4,0,27.0,0,0,21,52,100,SYNTHETIC,35.6,1,0.52,Friday
Route 10 - West Ring,20,0,0,27.3,1,0,34,19,100,SYNTHETIC,26.9,0,0.19,Monday
Route 9 - East Corridor,10,2,0,15.8,0,0,51,22,100,SYNTHETIC,35.6,0,0.22,Wednesday
Route 3 - University Shuttle,17,6,1,23.0,0,0,6,14,100,SYNTHETIC,37.7,1,0.14,Sunday
Route 3 - University Shuttle,15,3,0,17.6,0,0,20,24,100,SYNTHETIC,37.7,0,0.24,Thursday
Route 6 - Industrial Park,10,4,0,3.9,1,0,80,33,100,SYNTHETIC,45.9,0,0.33,Friday
Route 5 - South Connector,20,4,0,23.5,0,1,47,32,100,SYNTHETIC,24.6,0,0.32,Friday
Route 7 - Hospital Line,7,2,0,9.6,0,0,10,55,100,SYNTHETIC,37.7,1,0.55,Wednesday
Route 10 - West Ring,17,4,0,22.6,0,0,22,50,100,SYNTHETIC,26.9,1,0.5,Friday
Route 6 - Industrial Park,17,1,0,7.7,1,1,71,140,100,SYNTHETIC,45.9,1,1.4,Tuesday
Route 4 - North Suburbs,20,4,0,14.2,0,0,45,19,100,SYNTHETIC,30.0,0,0.19,Friday
Route 9 - East Corridor,14,4,0,16.5,0,0,23,17,100,SYNTHETIC,35.6,0,0.17,Friday
Route 5 - South Connector,11,6,1,29.6,1,0,11,11,100,SYNTHETIC,24.6,0,0.11,Sunday
Route 7 - Hospital Line,19,6,1,15.7,0,0,35,38,100,SYNTHETIC,37.7,1,0.38,Sunday
Route 2 - Airport Link,18,0,0,11.4,0,0,51,49,100,SYNTHETIC,38.4,1,0.49,Monday
Route 6 - Industrial Park,14,2,0,22.9,0,0,31,27,100,SYNTHETIC,45.9,0,0.27,Wednesday
Route 5 - South Connector,18,3,0,18.3,1,0,43,44,100,SYNTHETIC,24.6,1,0.44,Thursday
Route 2 - Airport Link,9,2,0,26.3,0,0,76,45,100,SYNTHETIC,38.4,1,0.45,Wednesday
Route 3 - University Shuttle,16,4,0,11.9,1,0,24,33,100,SYNTHETIC,37.7,0,0.33,Friday
Route 8 - Beach/Leisure,19,5,1,21.7,0,0,74,57,100,SYNTHETIC,27.1,1,0.57,Saturday
Route 2 - Airport Link,11,1,0,39.8,0,0,26,31,100,SYNTHETIC,38.4,0,0.31,Tuesday
Route 2 - Airport Link,14,6,1,18.1,0,0,24,19,100,SYNTHETIC,38.4,0,0.19,Sunday
Route 1 - City Centre Express,21,6,1,21.5,0,0,21,10,100,SYNTHETIC,55.2,0,0.1,Sunday
Route 1 - City Centre Express,18,6,1,6.7,0,0,52,58,100,SYNTHETIC,55.2,1,0.58,Sunday
Route 5 - South Connector,20,0,0,13.2,1,0,29,24,100,SYNTHETIC,24.6,0,0.24,Monday
Route 5 - South Connector,12,2,0,23.7,0,0,19,15,100,SYNTHETIC,24.6,0,0.15,Wednesday
Route 7 - Hospital Line,23,0,0,17.4,0,0,10,5,100,SYNTHETIC,37.7,0,0.05,Monday
Route 6 - Industrial Park,8,0,0,24.9,0,0,89,97,100,SYNTHETIC,45.9,1,0.97,Monday
Route 6 - Industrial Park,14,0,0,23.4,0,0,30,30,100,SYNTHETIC,45.9,0,0.3,Monday
Route 10 - West Ring,13,3,0,9.5,1,0,25,22,100,SYNTHETIC,26.9,0,0.22,Thursday
Route 3 - University Shuttle,18,0,0,28.1,1,0,75,87,100,SYNTHETIC,37.7,1,0.87,Monday
Route 8 - Beach/Leisure,20,2,0,10.1,0,0,40,16,100,SYNTHETIC,27.1,0,0.16,Wednesday
Route 1 - City Centre Express,18,6,1,13.9,0,0,50,54,100,SYNTHETIC,55.2,1,0.54,Sunday
Route 9 - East Corridor,16,6,1,21.8,1,0,12,18,100,SYNTHETIC,35.6,0,0.18,Sunday
Route 4 - North Suburbs,13,6,1,32.5,0,0,13,14,100,SYNTHETIC,30.0,0,0.14,Sunday
Route 4 - North Suburbs,14,0,0,12.0,0,1,29,28,100,SYNTHETIC,30.0,0,0.28,Monday
Route 2 - Airport Link,14,4,0,21.2,0,0,29,23,100,SYNTHETIC,38.4,0,0.23,Friday
Route 6 - Industrial Park,6,4,0,21.2,0,0,3,15,100,SYNTHETIC,45.9,0,0.15,Friday
Route 4 - North Suburbs,14,0,0,25.3,1,0,23,23,100,SYNTHETIC,30.0,0,0.23,Monday
Route 10 - West Ring,19,6,1,29.5,1,0,25,21,100,SYNTHETIC,26.9,1,0.21,Sunday
Route 2 - Airport Link,17,2,0,16.8,0,0,31,48,100,SYNTHETIC,38.4,1,0.48,Wednesday
Route 5 - South Connector,18,6,1,28.1,0,0,28,26,100,SYNTHETIC,24.6,1,0.26,Sunday
Route 10 - West Ring,12,0,0,30.6,0,0,16,17,100,SYNTHETIC,26.9,0,0.17,Monday
Route 9 - East Corridor,15,4,0,34.3,0,0,13,23,100,SYNTHETIC,35.6,0,0.23,Friday
Route 8 - Beach/Leisure,6,0,0,24.0,1,0,0,3,100,SYNTHETIC,27.1,0,0.03,Monday
Route 6 - Industrial Park,12,6,1,21.3,0,0,5,5,100,SYNTHETIC,45.9,0,0.05,Sunday
Route 9 - East Corridor,13,4,0,16.2,0,0,23,22,100,SYNTHETIC,35.6,0,0.22,Friday
Route 3 - University Shuttle,9,0,0,8.3,1,0,102,52,100,SYNTHETIC,37.7,1,0.52,Monday
Route 9 - East Corridor,6,1,0,17.8,0,0,6,12,100,SYNTHETIC,35.6,0,0.12,Tuesday
Route 6 - Industrial Park,17,2,0,20.9,0,0,36,80,100,SYNTHETIC,45.9,1,0.8,Wednesday
Route 4 - North Suburbs,13,0,0,19.1,0,0,18,21,100,SYNTHETIC,30.0,0,0.21,Monday
Route 3 - University Shuttle,12,0,0,24.8,0,0,20,25,100,SYNTHETIC,37.7,0,0.25,Monday
Route 6 - Industrial Park,9,6,1,8.4,1,0,16,7,100,SYNTHETIC,45.9,1,0.07,Sunday
Route 1 - City Centre Express,15,6,1,18.5,0,0,13,16,100,SYNTHETIC,55.2,0,0.16,Sunday
Route 8 - Beach/Leisure,13,3,0,36.0,0,0,14,11,100,SYNTHETIC,27.1,0,0.11,Thursday
Route 3 - University Shuttle,13,6,1,28.0,1,0,10,8,100,SYNTHETIC,37.7,0,0.08,Sunday
Route 4 - North Suburbs,16,4,0,24.9,0,0,22,29,100,SYNTHETIC,30.0,0,0.29,Friday
Route 2 - Airport Link,1,0,0,23.1,0,0,2,8,100,SYNTHETIC,38.4,0,0.08,Monday
Route 5 - South Connector,20,5,1,17.1,0,0,15,8,100,SYNTHETIC,24.6,0,0.08,Saturday
Route 4 - North Suburbs,7,0,0,6.0,0,1,16,68,100,SYNTHETIC,30.0,1,0.68,Monday
Route 2 - Airport Link,13,5,1,23.7,0,0,25,25,100,SYNTHETIC,38.4,0,0.25,Saturday
Route 9 - East Corridor,8,2,0,0.4,1,0,61,68,100,SYNTHETIC,35.6,1,0.68,Wednesday
Route 8 - Beach/Leisure,14,0,0,17.4,1,0,18,13,100,SYNTHETIC,27.1,0,0.13,Monday
Route 4 - North Suburbs,10,1,0,20.0,1,0,50,21,100,SYNTHETIC,30.0,0,0.21,Tuesday
Route 1 - City Centre Express,19,4,0,16.4,0,0,99,83,100,SYNTHETIC,55.2,1,0.83,Friday
Route 9 - East Corridor,12,5,1,37.4,0,0,12,5,100,SYNTHETIC,35.6,0,0.05,Saturday
Route 7 - Hospital Line,16,3,0,34.6,0,0,23,29,100,SYNTHETIC,37.7,0,0.29,Thursday
Route 6 - Industrial Park,9,1,0,28.3,1,0,120,65,100,SYNTHETIC,45.9,1,0.65,Tuesday
Route 7 - Hospital Line,5,6,1,12.6,1,0,0,2,100,SYNTHETIC,37.7,0,0.02,Sunday
Route 1 - City Centre Express,12,5,1,35.4,0,0,18,22,100,SYNTHETIC,55.2,0,0.22,Saturday
Route 5 - South Connector,15,2,0,25.0,1,0,22,23,100,SYNTHETIC,24.6,0,0.23,Wednesday
Route 2 - Airport Link,13,3,0,12.5,0,0,27,25,100,SYNTHETIC,38.4,0,0.25,Thursday
Route 7 - Hospital Line,21,6,1,20.3,0,0,14,12,100,SYNTHETIC,37.7,0,0.12,Sunday
Route 10 - West Ring,17,2,0,27.7,0,0,22,37,100,SYNTHETIC,26.9,1,0.37,Wednesday
Route 6 - Industrial Park,23,0,0,15.2,0,0,14,2,100,SYNTHETIC,45.9,0,0.02,Monday
Route 7 - Hospital Line,10,1,0,21.1,0,0,36,24,100,SYNTHETIC,37.7,0,0.24,Tuesday
Route 7 - Hospital Line,18,4,0,22.5,1,0,66,60,100,SYNTHETIC,37.7,1,0.6,Friday
Route 10 - West Ring,15,6,1,11.2,0,1,11,18,100,SYNTHETIC,26.9,0,0.18,Sunday
Route 1 - City Centre Express,16,5,1,17.8,0,0,19,26,100,SYNTHETIC,55.2,0,0.26,Saturday
Route 4 - North Suburbs,22,4,0,11.8,1,1,21,8,100,SYNTHETIC,30.0,0,0.08,Friday
Route 3 - University Shuttle,17,2,0,26.9,0,1,49,96,100,SYNTHETIC,37.7,1,0.96,Wednesday
Route 8 - Beach/Leisure,20,3,0,12.7,1,0,39,14,100,SYNTHETIC,27.1,0,0.14,Thursday
Route 5 - South Connector,17,0,0,22.3,0,0,26,36,100,SYNTHETIC,24.6,1,0.36,Monday
Route 8 - Beach/Leisure,8,2,0,8.9,0,0,26,23,100,SYNTHETIC,27.1,1,0.23,Wednesday
Route 5 - South Connector,17,4,0,10.9,0,0,22,33,100,SYNTHETIC,24.6,1,0.33,Friday
Route 10 - West Ring,14,6,1,10.5,0,0,8,8,100,SYNTHETIC,26.9,0,0.08,Sunday
Route 8 - Beach/Leisure,20,6,1,17.7,0,0,55,24,100,SYNTHETIC,27.1,0,0.24,Sunday
Route 1 - City Centre Express,18,5,1,21.4,0,0,60,55,100,SYNTHETIC,55.2,1,0.55,Saturday
Route 10 - West Ring,7,0,0,22.9,1,0,7,50,100,SYNTHETIC,26.9,1,0.5,Monday
Route 10 - West Ring,8,5,1,5.8,0,0,21,23,100,SYNTHETIC,26.9,1,0.23,Saturday
Route 1 - City Centre Express,7,1,0,18.7,1,0,17,103,100,SYNTHETIC,55.2,1,1.03,Tuesday
Route 4 - North Suburbs,14,4,0,14.0,1,1,32,29,100,SYNTHETIC,30.0,0,0.29,Friday
Route 10 - West Ring,7,6,1,24.3,1,0,3,25,100,SYNTHETIC,26.9,1,0.25,Sunday
Route 9 - East Corridor,17,6,1,17.9,0,0,12,31,100,SYNTHETIC,35.6,1,0.31,Sunday
Route 5 - South Connector,15,4,0,19.4,0,0,20,22,100,SYNTHETIC,24.6,0,0.22,Friday
Route 6 - Industrial Park,19,2,0,14.0,0,0,89,78,100,SYNTHETIC,45.9,1,0.78,Wednesday
Route 1 - City Centre Express,10,3,0,33.8,0,0,79,30,100,SYNTHETIC,55.2,0,0.3,Thursday
Route 6 - Industrial Park,14,4,0,9.7,0,0,29,22,100,SYNTHETIC,45.9,0,0.22,Friday
Route 7 - Hospital Line,7,3,0,16.8,0,0,9,53,100,SYNTHETIC,37.7,1,0.53,Thursday
Route 4 - North Suburbs,19,2,0,20.9,1,0,63,45,100,SYNTHETIC,30.0,1,0.45,Wednesday
Route 4 - North Suburbs,8,2,0,18.0,1,0,48,59,100,SYNTHETIC,30.0,1,0.59,Wednesday
Route 9 - East Corridor,7,4,0,13.9,0,1,19,85,100,SYNTHETIC,35.6,1,0.85,Friday
Route 5 - South Connector,8,0,0,5.5,1,0,39,48,100,SYNTHETIC,24.6,1,0.48,Monday
Route 3 - University Shuttle,18,6,1,14.5,0,0,17,16,100,SYNTHETIC,37.7,1,0.16,Sunday
Route 4 - North Suburbs,7,0,0,12.3,0,0,14,55,100,SYNTHETIC,30.0,1,0.55,Monday
Route 5 - South Connector,16,6,1,33.4,0,0,4,13,100,SYNTHETIC,24.6,0,0.13,Sunday
Route 3 - University Shuttle,18,0,0,38.1,1,0,76,73,100,SYNTHETIC,37.7,1,0.73,Monday
Route 6 - Industrial Park,18,3,0,19.6,0,0,79,96,100,SYNTHETIC,45.9,1,0.96,Thursday
Route 9 - East Corridor,8,2,0,8.8,0,0,68,70,100,SYNTHETIC,35.6,1,0.7,Wednesday
Route 8 - Beach/Leisure,7,4,0,25.9,0,0,6,27,100,SYNTHETIC,27.1,1,0.27,Friday
Route 3 - University Shuttle,13,3,0,12.2,0,0,21,23,100,SYNTHETIC,37.7,0,0.23,Thursday
Route 5 - South Connector,8,6,1,15.6,0,0,27,24,100,SYNTHETIC,24.6,1,0.24,Sunday
Route 6 - Industrial Park,17,0,0,15.0,0,0,34,98,100,SYNTHETIC,45.9,1,0.98,Monday
Route 7 - Hospital Line,11,6,1,16.0,1,0,13,20,100,SYNTHETIC,37.7,0,0.2,Sunday
Route 8 - Beach/Leisure,13,4,0,17.2,0,0,13,10,100,SYNTHETIC,27.1,0,0.1,Friday
Route 5 - South Connector,7,5,1,9.5,0,0,5,15,100,SYNTHETIC,24.6,1,0.15,Saturday
Route 4 - North Suburbs,15,0,0,14.4,0,0,19,26,100,SYNTHETIC,30.0,0,0.26,Monday
Route 7 - Hospital Line,8,0,0,28.2,0,0,51,55,100,SYNTHETIC,37.7,1,0.55,Monday
Route 2 - Airport Link,17,2,0,19.7,0,0,32,54,100,SYNTHETIC,38.4,1,0.54,Wednesday
Route 7 - Hospital Line,7,2,0,21.0,0,0,13,62,100,SYNTHETIC,37.7,1,0.62,Wednesday
Route 9 - East Corridor,22,5,1,2.1,1,0,12,0,100,SYNTHETIC,35.6,0,0.0,Saturday
Route 8 - Beach/Leisure,17,6,1,27.6,0,0,29,56,100,SYNTHETIC,27.1,1,0.56,Sunday
Route 5 - South Connector,8,2,0,14.5,1,0,39,42,100,SYNTHETIC,24.6,1,0.42,Wednesday
Route 9 - East Corridor,5,5,1,29.0,0,0,0,7,100,SYNTHETIC,35.6,0,0.07,Saturday
Route 6 - Industrial Park,11,0,0,21.2,0,0,30,36,100,SYNTHETIC,45.9,0,0.36,Monday
Route 6 - Industrial Park,8,5,1,15.5,0,0,18,13,100,SYNTHETIC,45.9,1,0.13,Saturday
Route 9 - East Corridor,9,0,0,6.6,0,0,58,48,100,SYNTHETIC,35.6,1,0.48,Monday
Route 2 - Airport Link,19,4,0,37.4,0,1,93,69,100,SYNTHETIC,38.4,1,0.69,Friday
Route 8 - Beach/Leisure,16,2,0,26.4,0,0,14,18,100,SYNTHETIC,27.1,0,0.18,Wednesday
Route 7 - Hospital Line,8,2,0,26.9,0,0,47,55,100,SYNTHETIC,37.7,1,0.55,Wednesday
Route 6 - Industrial Park,15,1,0,34.6,1,0,24,39,100,SYNTHETIC,45.9,0,0.39,Tuesday
Route 1 - City Centre Express,9,2,0,21.8,0,0,118,60,100,SYNTHETIC,55.2,1,0.6,Wednesday
Route 8 - Beach/Leisure,22,6,1,30.8,0,0,19,8,100,SYNTHETIC,27.1,0,0.08,Sunday
Route 3 - University Shuttle,6,5,1,16.2,0,0,0,0,100,SYNTHETIC,37.7,0,0.0,Saturday
Route 9 - East Corridor,18,2,0,25.9,0,0,59,70,100,SYNTHETIC,35.6,1,0.7,Wednesday
Route 8 - Beach/Leisure,18,2,0,15.0,0,0,34,48,100,SYNTHETIC,27.1,1,0.48,Wednesday
Route 4 - North Suburbs,7,3,0,16.0,1,0,14,49,100,SYNTHETIC,30.0,1,0.49,Thursday
Route 5 - South Connector,8,4,0,20.8,0,0,38,41,100,SYNTHETIC,24.6,1,0.41,Friday
Route 1 - City Centre Express,12,1,0,9.9,0,0,27,29,100,SYNTHETIC,55.2,0,0.29,Tuesday
Route 5 - South Connector,19,5,1,22.6,0,0,24,19,100,SYNTHETIC,24.6,1,0.19,Saturday
Route 1 - City Centre Express,15,6,1,17.5,0,0,14,22,100,SYNTHETIC,55.2,0,0.22,Sunday
Route 10 - West Ring,17,5,1,4.1,0,0,13,20,100,SYNTHETIC,26.9,1,0.2,Saturday
Route 7 - Hospital Line,18,3,0,16.3,0,0,52,60,100,SYNTHETIC,37.7,1,0.6,Thursday
Route 3 - University Shuttle,19,2,0,17.2,0,0,82,75,100,SYNTHETIC,37.7,1,0.75,Wednesday
Route 9 - East Corridor,13,2,0,26.8,1,0,25,28,100,SYNTHETIC,35.6,0,0.28,Wednesday
Route 1 - City Centre Express,14,5,1,22.3,0,0,13,22,100,SYNTHETIC,55.2,0,0.22,Saturday
Route 6 - Industrial Park,17,3,0,31.6,0,1,60,102,100,SYNTHETIC,45.9,1,1.02,Thursday
Route 2 - Airport Link,9,0,0,24.2,0,0,69,46,100,SYNTHETIC,38.4,1,0.46,Monday
Route 1 - City Centre Express,19,4,0,15.6,0,0,92,80,100,SYNTHETIC,55.2,1,0.8,Friday
Route 3 - University Shuttle,6,0,0,19.5,0,1,6,14,100,SYNTHETIC,37.7,0,0.14,Monday
Route 3 - University Shuttle,8,6,1,17.2,0,0,16,14,100,SYNTHETIC,37.7,1,0.14,Sunday
Route 8 - Beach/Leisure,18,2,0,23.9,1,0,49,48,100,SYNTHETIC,27.1,1,0.48,Wednesday
Route 9 - East Corridor,11,2,0,20.5,0,0,26,19,100,SYNTHETIC,35.6,0,0.19,Wednesday
Route 8 - Beach/Leisure,8,0,0,15.0,1,0,26,27,100,SYNTHETIC,27.1,1,0.27,Monday
Route 8 - Beach/Leisure,8,1,0,20.1,0,0,22,26,100,SYNTHETIC,27.1,1,0.26,Tuesday
Route 6 - Industrial Park,15,6,1,23.7,1,0,6,7,100,SYNTHETIC,45.9,0,0.07,Sunday
Route 4 - North Suburbs,19,3,0,11.9,1,0,57,44,100,SYNTHETIC,30.0,1,0.44,Thursday
Route 3 - University Shuttle,7,6,1,22.5,1,0,0,15,100,SYNTHETIC,37.7,1,0.15,Sunday
Route 10 - West Ring,6,6,1,7.4,0,0,5,8,100,SYNTHETIC,26.9,0,0.08,Sunday
Route 6 - Industrial Park,13,0,0,28.8,1,0,37,27,100,SYNTHETIC,45.9,0,0.27,Monday
Route 6 - Industrial Park,21,2,0,24.2,1,0,27,23,100,SYNTHETIC,45.9,0,0.23,Wednesday
Route 1 - City Centre Express,10,5,1,33.0,1,0,43,20,100,SYNTHETIC,55.2,0,0.2,Saturday
Route 5 - South Connector,21,3,0,11.1,0,0,20,13,100,SYNTHETIC,24.6,0,0.13,Thursday
Route 7 - Hospital Line,20,3,0,29.1,0,0,42,23,100,SYNTHETIC,37.7,0,0.23,Thursday
Route 5 - South Connector,10,3,0,27.5,0,0,29,13,100,SYNTHETIC,24.6,0,0.13,Thursday
Route 7 - Hospital Line,19,4,0,18.5,0,0,79,57,100,SYNTHETIC,37.7,1,0.57,Friday
Route 9 - East Corridor,17,6,1,17.0,1,0,14,30,100,SYNTHETIC,35.6,1,0.3,Sunday
Route 1 - City Centre Express,14,6,1,11.3,1,0,24,16,100,SYNTHETIC,55.2,0,0.16,Sunday
Route 10 - West Ring,12,4,0,9.2,0,0,23,20,100,SYNTHETIC,26.9,0,0.2,Friday
Route 9 - East Corridor,18,4,0,14.0,1,0,60,64,100,SYNTHETIC,35.6,1,0.64,Friday
Route 5 - South Connector,18,2,0,10.0,1,0,43,49,100,SYNTHETIC,24.6,1,0.49,Wednesday
Route 8 - Beach/Leisure,18,0,0,32.8,1,0,55,47,100,SYNTHETIC,27.1,1,0.47,Monday
Route 1 - City Centre Express,23,4,0,8.0,0,0,12,9,100,SYNTHETIC,55.2,0,0.09,Friday
Route 4 - North Suburbs,13,0,0,21.2,0,0,30,22,100,SYNTHETIC,30.0,0,0.22,Monday
Route 2 - Airport Link,18,4,0,23.5,1,0,57,62,100,SYNTHETIC,38.4,1,0.62,Friday
Route 7 - Hospital Line,19,3,0,22.9,0,0,74,56,100,SYNTHETIC,37.7,1,0.56,Thursday
Route 9 - East Corridor,9,5,1,23.6,0,0,34,22,100,SYNTHETIC,35.6,1,0.22,Saturday
Route 7 - Hospital Line,6,6,1,27.6,0,0,1,8,100,SYNTHETIC,37.7,0,0.08,Sunday
Route 8 - Beach/Leisure,12,3,0,16.4,1,0,18,19,100,SYNTHETIC,27.1,0,0.19,Thursday
Route 2 - Airport Link,19,4,0,20.7,0,0,58,48,100,SYNTHETIC,38.4,1,0.48,Friday
Route 10 - West Ring,10,3,0,17.7,0,0,35,15,100,SYNTHETIC,26.9,0,0.15,Thursday
Route 2 - Airport Link,17,2,0,30.4,0,0,34,46,100,SYNTHETIC,38.4,1,0.46,Wednesday
Route 6 - Industrial Park,2,0,0,36.8,0,0,0,1,100,SYNTHETIC,45.9,0,0.01,Monday
Route 7 - Hospital Line,11,0,0,10.4,1,0,22,25,100,SYNTHETIC,37.7,0,0.25,Monday
Route 9 - East Corridor,16,5,1,3.8,0,0,13,14,100,SYNTHETIC,35.6,0,0.14,Saturday
Route 10 - West Ring,8,6,1,24.6,0,0,25,24,100,SYNTHETIC,26.9,1,0.24,Sunday
Route 6 - Industrial Park,20,0,0,28.6,1,0,85,30,100,SYNTHETIC,45.9,0,0.3,Monday
Route 6 - Industrial Park,8,2,0,35.7,1,0,92,103,100,SYNTHETIC,45.9,1,1.03,Wednesday
Route 5 - South Connector,20,4,0,25.9,0,0,35,18,100,SYNTHETIC,24.6,0,0.18,Friday
Route 6 - Industrial Park,9,4,0,31.2,1,0,117,80,100,SYNTHETIC,45.9,1,0.8,Friday
Route 7 - Hospital Line,23,5,1,33.3,0,0,1,4,100,SYNTHETIC,37.7,0,0.04,Saturday
Route 7 - Hospital Line,16,4,0,31.7,0,0,23,37,100,SYNTHETIC,37.7,0,0.37,Friday
Route 6 - Industrial Park,7,0,0,27.0,0,0,15,85,100,SYNTHETIC,45.9,1,0.85,Monday
Route 5 - South Connector,7,1,0,9.7,1,0,10,38,100,SYNTHETIC,24.6,1,0.38,Tuesday
Route 2 - Airport Link,7,3,0,19.9,0,0,7,52,100,SYNTHETIC,38.4,1,0.52,Thursday
Route 1 - City Centre Express,16,0,0,22.4,0,0,29,44,100,SYNTHETIC,55.2,0,0.44,Monday
Route 5 - South Connector,18,2,0,19.2,0,0,39,46,100,SYNTHETIC,24.6,1,0.46,Wednesday
Route 4 - North Suburbs,12,2,0,19.7,1,1,38,42,100,SYNTHETIC,30.0,0,0.42,Wednesday
Route 7 - Hospital Line,13,6,1,32.5,1,0,19,16,100,SYNTHETIC,37.7,0,0.16,Sunday
Route 10 - West Ring,16,2,0,13.9,1,0,19,30,100,SYNTHETIC,26.9,0,0.3,Wednesday
Route 8 - Beach/Leisure,15,6,1,26.4,1,0,24,24,100,SYNTHETIC,27.1,0,0.24,Sunday
Route 9 - East Corridor,17,4,0,22.5,0,0,27,56,100,SYNTHETIC,35.6,1,0.56,Friday
Route 6 - Industrial Park,13,4,0,13.1,1,0,38,31,100,SYNTHETIC,45.9,0,0.31,Friday
Route 10 - West Ring,17,5,1,11.4,1,0,12,28,100,SYNTHETIC,26.9,1,0.28,Saturday
Route 10 - West Ring,23,5,1,6.4,0,0,0,3,100,SYNTHETIC,26.9,0,0.03,Saturday
Route 2 - Airport Link,11,1,0,23.9,1,0,31,26,100,SYNTHETIC,38.4,0,0.26,Tuesday
Route 7 - Hospital Line,4,2,0,19.5,1,0,5,0,100,SYNTHETIC,37.7,0,0.0,Wednesday
Route 6 - Industrial Park,8,3,0,13.4,0,0,75,85,100,SYNTHETIC,45.9,1,0.85,Thursday
Route 10 - West Ring,15,6,1,5.0,0,0,10,7,100,SYNTHETIC,26.9,0,0.07,Sunday
Route 6 - Industrial Park,11,0,0,23.5,0,0,26,30,100,SYNTHETIC,45.9,0,0.3,Monday
Route 1 - City Centre Express,21,3,0,18.6,0,0,35,18,100,SYNTHETIC,55.2,0,0.18,Thursday
Route 3 - University Shuttle,16,1,0,14.3,0,0,21,28,100,SYNTHETIC,37.7,0,0.28,Tuesday
Route 2 - Airport Link,14,1,0,12.3,0,0,29,28,100,SYNTHETIC,38.4,0,0.28,Tuesday
Route 3 - University Shuttle,18,5,1,18.1,0,0,19,21,100,SYNTHETIC,37.7,1,0.21,Saturday
Route 1 - City Centre Express,9,1,0,23.8,0,1,141,126,100,SYNTHETIC,55.2,1,1.26,Tuesday
Route 8 - Beach/Leisure,19,5,1,17.4,0,0,67,44,100,SYNTHETIC,27.1,1,0.44,Saturday
Route 5 - South Connector,0,6,1,10.5,0,0,4,6,100,SYNTHETIC,24.6,0,0.06,Sunday
Route 7 - Hospital Line,16,5,1,19.5,0,1,23,33,100,SYNTHETIC,37.7,0,0.33,Saturday
Route 10 - West Ring,20,1,0,28.4,0,0,35,19,100,SYNTHETIC,26.9,0,0.19,Tuesday
Route 7 - Hospital Line,18,0,0,20.3,1,0,70,76,100,SYNTHETIC,37.7,1,0.76,Monday
Route 5 - South Connector,19,3,0,20.5,0,0,41,36,100,SYNTHETIC,24.6,1,0.36,Thursday
Route 3 - University Shuttle,12,3,0,17.4,1,0,21,23,100,SYNTHETIC,37.7,0,0.23,Thursday
Route 8 - Beach/Leisure,19,5,1,12.9,0,0,64,49,100,SYNTHETIC,27.1,1,0.49,Saturday
Route 6 - Industrial Park,15,2,0,12.6,0,0,32,28,100,SYNTHETIC,45.9,0,0.28,Wednesday
Route 8 - Beach/Leisure,16,1,0,6.7,0,0,21,14,100,SYNTHETIC,27.1,0,0.14,Tuesday
Route 1 - City Centre Express,7,6,1,29.4,1,0,9,63,100,SYNTHETIC,55.2,1,0.63,Sunday
Route 2 - Airport Link,8,6,1,23.7,0,0,44,65,100,SYNTHETIC,38.4,1,0.65,Sunday
Route 2 - Airport Link,15,4,0,20.7,0,0,23,27,100,SYNTHETIC,38.4,0,0.27,Friday
Route 7 - Hospital Line,7,4,0,22.4,0,0,18,59,100,SYNTHETIC,37.7,1,0.59,Friday
Route 6 - Industrial Park,18,6,1,22.7,1,0,17,16,100,SYNTHETIC,45.9,1,0.16,Sunday
Route 4 - North Suburbs,19,3,0,14.1,0,0,63,44,100,SYNTHETIC,30.0,1,0.44,Thursday
Route 4 - North Suburbs,20,1,0,17.4,0,1,73,35,100,SYNTHETIC,30.0,0,0.35,Tuesday
Route 7 - Hospital Line,7,4,0,16.2,0,0,8,46,100,SYNTHETIC,37.7,1,0.46,Friday
Route 10 - West Ring,21,3,0,40.1,0,0,15,14,100,SYNTHETIC,26.9,0,0.14,Thursday
Route 10 - West Ring,7,5,1,28.2,1,0,3,24,100,SYNTHETIC,26.9,1,0.24,Saturday
Route 5 - South Connector,13,5,1,21.3,0,0,9,8,100,SYNTHETIC,24.6,0,0.08,Saturday
Route 7 - Hospital Line,19,3,0,30.9,1,0,63,51,100,SYNTHETIC,37.7,1,0.51,Thursday
Route 1 - City Centre Express,7,2,0,29.9,1,0,16,113,100,SYNTHETIC,55.2,1,1.13,Wednesday
Route 10 - West Ring,5,2,0,9.0,0,0,3,0,100,SYNTHETIC,26.9,0,0.0,Wednesday
Route 1 - City Centre Express,6,4,0,18.2,1,0,5,17,100,SYNTHETIC,55.2,0,0.17,Friday
Route 4 - North Suburbs,14,4,0,19.9,0,0,25,24,100,SYNTHETIC,30.0,0,0.24,Friday
Route 8 - Beach/Leisure,18,3,0,24.9,0,0,43,39,100,SYNTHETIC,27.1,1,0.39,Thursday
Route 10 - West Ring,8,3,0,18.2,1,0,44,53,100,SYNTHETIC,26.9,1,0.53,Thursday
Route 2 - Airport Link,8,6,1,19.2,0,0,49,56,100,SYNTHETIC,38.4,1,0.56,Sunday
Route 7 - Hospital Line,15,1,0,16.3,0,0,18,26,100,SYNTHETIC,37.7,0,0.26,Tuesday
Route 2 - Airport Link,9,1,0,28.4,1,0,52,47,100,SYNTHETIC,38.4,1,0.47,Tuesday
Route 1 - City Centre Express,18,5,1,8.5,0,1,86,78,100,SYNTHETIC,55.2,1,0.78,Saturday
Route 5 - South Connector,21,6,1,16.6,0,0,13,8,100,SYNTHETIC,24.6,0,0.08,Sunday
Route 6 - Industrial Park,18,4,0,5.3,0,0,86,89,100,SYNTHETIC,45.9,1,0.89,Friday
Route 3 - University Shuttle,19,2,0,11.8,0,0,75,66,100,SYNTHETIC,37.7,1,0.66,Wednesday
Route 10 - West Ring,14,2,0,22.5,0,0,15,20,100,SYNTHETIC,26.9,0,0.2,Wednesday
Route 7 - Hospital Line,19,3,0,22.7,0,0,70,43,100,SYNTHETIC,37.7,1,0.43,Thursday
Route 5 - South Connector,8,0,0,17.5,1,0,44,54,100,SYNTHETIC,24.6,1,0.54,Monday
Route 5 - South Connector,7,3,0,29.0,0,0,10,36,100,SYNTHETIC,24.6,1,0.36,Thursday
Route 5 - South Connector,17,1,0,30.8,0,0,22,42,100,SYNTHETIC,24.6,1,0.42,Tuesday
Route 2 - Airport Link,7,1,0,19.4,0,0,12,56,100,SYNTHETIC,38.4,1,0.56,Tuesday
Route 7 - Hospital Line,20,3,0,22.0,1,0,49,33,100,SYNTHETIC,37.7,0,0.33,Thursday
Route 8 - Beach/Leisure,17,6,1,16.4,0,0,28,63,100,SYNTHETIC,27.1,1,0.63,Sunday
Route 5 - South Connector,21,1,0,25.0,1,0,18,12,100,SYNTHETIC,24.6,0,0.12,Tuesday
Route 5 - South Connector,10,6,1,10.4,0,0,15,7,100,SYNTHETIC,24.6,0,0.07,Sunday
Route 10 - West Ring,14,3,0,34.4,0,0,24,14,100,SYNTHETIC,26.9,0,0.14,Thursday
Route 7 - Hospital Line,18,6,1,29.1,0,0,41,47,100,SYNTHETIC,37.7,1,0.47,Sunday
Route 3 - University Shuttle,9,2,0,10.4,0,0,64,53,100,SYNTHETIC,37.7,1,0.53,Wednesday
Route 1 - City Centre Express,15,6,1,13.7,0,1,25,31,100,SYNTHETIC,55.2,0,0.31,Sunday
Route 9 - East Corridor,17,4,0,23.4,0,0,25,60,100,SYNTHETIC,35.6,1,0.6,Friday
Route 7 - Hospital Line,22,4,0,17.3,0,0,16,3,100,SYNTHETIC,37.7,0,0.03,Friday
Route 7 - Hospital Line,18,3,0,24.4,0,0,51,72,100,SYNTHETIC,37.7,1,0.72,Thursday
Route 3 - University Shuttle,7,3,0,17.1,0,0,13,49,100,SYNTHETIC,37.7,1,0.49,Thursday
Route 2 - Airport Link,13,3,0,32.2,0,1,41,39,100,SYNTHETIC,38.4,0,0.39,Thursday
Route 5 - South Connector,16,5,1,20.1,0,0,8,13,100,SYNTHETIC,24.6,0,0.13,Saturday
Route 8 - Beach/Leisure,8,5,1,39.4,0,0,34,30,100,SYNTHETIC,27.1,1,0.3,Saturday
Route 3 - University Shuttle,13,0,0,24.8,0,0,26,25,100,SYNTHETIC,37.7,0,0.25,Monday
Route 6 - Industrial Park,10,4,0,9.2,0,0,66,24,100,SYNTHETIC,45.9,0,0.24,Friday
Route 10 - West Ring,7,5,1,36.7,1,0,4,22,100,SYNTHETIC,26.9,1,0.22,Saturday
Route 3 - University Shuttle,14,5,1,28.8,0,0,5,8,100,SYNTHETIC,37.7,0,0.08,Saturday
Route 3 - University Shuttle,8,3,0,23.0,0,0,77,89,100,SYNTHETIC,37.7,1,0.89,Thursday
Route 3 - University Shuttle,16,2,0,25.2,0,0,24,29,100,SYNTHETIC,37.7,0,0.29,Wednesday
Route 10 - West Ring,8,4,0,10.5,0,0,47,49,100,SYNTHETIC,26.9,1,0.49,Friday
Route 6 - Industrial Park,17,4,0,5.6,0,0,34,101,100,SYNTHETIC,45.9,1,1.01,Friday
Route 10 - West Ring,8,2,0,19.7,1,0,49,58,100,SYNTHETIC,26.9,1,0.58,Wednesday
Route 10 - West Ring,20,2,0,31.0,0,0,46,16,100,SYNTHETIC,26.9,0,0.16,Wednesday
Route 5 - South Connector,6,2,0,23.2,0,1,3,12,100,SYNTHETIC,24.6,0,0.12,Wednesday
Route 1 - City Centre Express,14,0,0,33.7,0,0,32,26,100,SYNTHETIC,55.2,0,0.26,Monday
Route 4 - North Suburbs,11,0,0,30.6,0,0,15,19,100,SYNTHETIC,30.0,0,0.19,Monday
Route 6 - Industrial Park,9,0,0,20.2,0,0,92,81,100,SYNTHETIC,45.9,1,0.81,Monday
Route 4 - North Suburbs,13,2,0,29.5,0,0,22,20,100,SYNTHETIC,30.0,0,0.2,Wednesday
Route 1 - City Centre Express,19,3,0,32.2,1,0,111,73,100,SYNTHETIC,55.2,1,0.73,Thursday
Route 10 - West Ring,20,2,0,19.4,0,0,41,20,100,SYNTHETIC,26.9,0,0.2,Wednesday
Route 4 - North Suburbs,10,6,1,18.3,1,0,24,9,100,SYNTHETIC,30.0,0,0.09,Sunday
Route 7 - Hospital Line,8,1,0,21.1,1,0,68,78,100,SYNTHETIC,37.7,1,0.78,Tuesday
Route 10 - West Ring,17,2,0,0.7,0,0,19,42,100,SYNTHETIC,26.9,1,0.42,Wednesday
Route 6 - Industrial Park,16,1,0,22.2,1,0,35,47,100,SYNTHETIC,45.9,0,0.47,Tuesday
Route 7 - Hospital Line,8,2,0,25.8,0,0,57,60,100,SYNTHETIC,37.7,1,0.6,Wednesday
Route 1 - City Centre Express,18,4,0,21.2,0,0,95,87,100,SYNTHETIC,55.2,1,0.87,Friday
Route 7 - Hospital Line,14,2,0,22.8,0,0,24,26,100,SYNTHETIC,37.7,0,0.26,Wednesday
Route 9 - East Corridor,17,2,0,19.7,0,0,25,49,100,SYNTHETIC,35.6,1,0.49,Wednesday
Route 10 - West Ring,11,4,0,4.0,1,0,15,19,100,SYNTHETIC,26.9,0,0.19,Friday
Route 1 - City Centre Express,13,5,1,33.3,0,0,22,22,100,SYNTHETIC,55.2,0,0.22,Saturday
Route 3 - University Shuttle,8,1,0,17.1,0,0,77,68,100,SYNTHETIC,37.7,1,0.68,Tuesday
Route 1 - City Centre Express,18,0,0,15.1,0,0,91,98,100,SYNTHETIC,55.2,1,0.98,Monday
Route 10 - West Ring,8,1,0,30.9,0,0,42,42,100,SYNTHETIC,26.9,1,0.42,Tuesday
Route 3 - University Shuttle,18,4,0,27.8,0,0,69,64,100,SYNTHETIC,37.7,1,0.64,Friday
Route 6 - Industrial Park,18,6,1,22.2,0,1,22,18,100,SYNTHETIC,45.9,1,0.18,Sunday
Route 5 - South Connector,18,1,0,26.2,0,0,40,41,100,SYNTHETIC,24.6,1,0.41,Tuesday
Route 7 - Hospital Line,5,0,0,10.8,1,0,0,1,100,SYNTHETIC,37.7,0,0.01,Monday
Route 9 - East Corridor,10,3,0,19.4,0,0,52,24,100,SYNTHETIC,35.6,0,0.24,Thursday
Route 4 - North Suburbs,13,6,1,30.4,0,0,13,10,100,SYNTHETIC,30.0,0,0.1,Sunday
Route 8 - Beach/Leisure,16,3,0,14.6,0,0,10,17,100,SYNTHETIC,27.1,0,0.17,Thursday
Route 3 - University Shuttle,20,6,1,12.0,1,0,14,1,100,SYNTHETIC,37.7,0,0.01,Sunday
Route 2 - Airport Link,12,4,0,20.6,1,0,27,33,100,SYNTHETIC,38.4,0,0.33,Friday
Route 2 - Airport Link,19,0,0,20.8,0,0,59,56,100,SYNTHETIC,38.4,1,0.56,Monday
Route 4 - North Suburbs,8,2,0,25.2,1,0,38,60,100,SYNTHETIC,30.0,1,0.6,Wednesday
Route 6 - Industrial Park,12,5,1,9.0,0,0,5,3,100,SYNTHETIC,45.9,0,0.03,Saturday
Route 8 - Beach/Leisure,7,3,0,-0.4,0,1,13,29,100,SYNTHETIC,27.1,1,0.29,Thursday
Route 9 - East Corridor,18,1,0,27.4,0,0,60,71,100,SYNTHETIC,35.6,1,0.71,Tuesday
Route 6 - Industrial Park,8,1,0,11.3,0,0,73,106,100,SYNTHETIC,45.9,1,1.06,Tuesday
Route 5 - South Connector,9,4,0,15.1,1,0,58,32,100,SYNTHETIC,24.6,1,0.32,Friday
Route 2 - Airport Link,18,3,0,2.5,1,0,64,57,100,SYNTHETIC,38.4,1,0.57,Thursday
Route 10 - West Ring,15,4,0,28.2,0,0,16,16,100,SYNTHETIC,26.9,0,0.16,Friday
Route 4 - North Suburbs,5,2,0,22.8,0,0,0,2,100,SYNTHETIC,30.0,0,0.02,Wednesday
Route 8 - Beach/Leisure,0,2,0,22.5,0,0,0,4,100,SYNTHETIC,27.1,0,0.04,Wednesday
Route 7 - Hospital Line,14,4,0,22.4,1,0,29,26,100,SYNTHETIC,37.7,0,0.26,Friday
Route 10 - West Ring,10,0,0,3.5,0,0,29,20,100,SYNTHETIC,26.9,0,0.2,Monday
Route 10 - West Ring,8,3,0,12.1,1,0,50,51,100,SYNTHETIC,26.9,1,0.51,Thursday
Route 8 - Beach/Leisure,16,2,0,16.4,0,0,18,11,100,SYNTHETIC,27.1,0,0.11,Wednesday
Route 7 - Hospital Line,9,5,1,14.0,1,0,50,45,100,SYNTHETIC,37.7,1,0.45,Saturday
Route 2 - Airport Link,16,5,1,17.8,0,0,21,31,100,SYNTHETIC,38.4,0,0.31,Saturday
Route 1 - City Centre Express,12,2,0,22.0,0,0,37,39,100,SYNTHETIC,55.2,0,0.39,Wednesday
Route 6 - Industrial Park,8,1,0,28.1,0,0,83,90,100,SYNTHETIC,45.9,1,0.9,Tuesday
Route 8 - Beach/Leisure,8,1,0,8.2,0,0,23,22,100,SYNTHETIC,27.1,1,0.22,Tuesday
Route 8 - Beach/Leisure,9,1,0,19.9,1,0,27,22,100,SYNTHETIC,27.1,1,0.22,Tuesday
Route 3 - University Shuttle,6,1,0,25.7,0,0,4,6,100,SYNTHETIC,37.7,0,0.06,Tuesday
Route 6 - Industrial Park,10,5,1,12.6,0,0,10,3,100,SYNTHETIC,45.9,0,0.03,Saturday
Route 9 - East Corridor,20,0,0,18.5,0,0,44,26,100,SYNTHETIC,35.6,0,0.26,Monday
Route 1 - City Centre Express,19,0,0,23.7,0,0,112,82,100,SYNTHETIC,55.2,1,0.82,Monday
Route 4 - North Suburbs,12,3,0,20.1,0,0,26,23,100,SYNTHETIC,30.0,0,0.23,Thursday
Route 10 - West Ring,15,1,0,25.4,1,0,22,26,100,SYNTHETIC,26.9,0,0.26,Tuesday
Route 2 - Airport Link,15,5,1,20.8,0,0,25,25,100,SYNTHETIC,38.4,0,0.25,Saturday
Route 4 - North Suburbs,19,5,1,17.5,0,0,33,16,100,SYNTHETIC,30.0,1,0.16,Saturday
Route 5 - South Connector,9,5,1,10.6,0,0,21,16,100,SYNTHETIC,24.6,1,0.16,Saturday
Route 7 - Hospital Line,10,3,0,22.0,0,0,42,29,100,SYNTHETIC,37.7,0,0.29,Thursday
Route 3 - University Shuttle,10,3,0,20.8,0,0,59,21,100,SYNTHETIC,37.7,0,0.21,Thursday
Route 8 - Beach/Leisure,6,2,0,12.1,0,0,3,13,100,SYNTHETIC,27.1,0,0.13,Wednesday
Route 3 - University Shuttle,10,1,0,24.7,0,0,59,25,100,SYNTHETIC,37.7,0,0.25,Tuesday
Route 4 - North Suburbs,19,3,0,30.1,0,0,49,42,100,SYNTHETIC,30.0,1,0.42,Thursday
Route 6 - Industrial Park,20,6,1,14.7,0,0,11,1,100,SYNTHETIC,45.9,0,0.01,Sunday
Route 1 - City Centre Express,7,1,0,14.2,0,0,16,90,100,SYNTHETIC,55.2,1,0.9,Tuesday
Route 8 - Beach/Leisure,13,0,0,13.9,0,0,18,18,100,SYNTHETIC,27.1,0,0.18,Monday
Route 7 - Hospital Line,12,3,0,6.6,0,0,24,21,100,SYNTHETIC,37.7,0,0.21,Thursday
Route 9 - East Corridor,14,2,0,36.0,0,0,16,20,100,SYNTHETIC,35.6,0,0.2,Wednesday
Route 3 - University Shuttle,15,5,1,16.4,0,1,8,1,100,SYNTHETIC,37.7,0,0.01,Saturday
Route 4 - North Suburbs,6,5,1,13.1,0,0,6,4,100,SYNTHETIC,30.0,0,0.04,Saturday
Route 9 - East Corridor,19,6,1,11.0,0,0,31,20,100,SYNTHETIC,35.6,1,0.2,Sunday
Route 1 - City Centre Express,21,2,0,16.9,0,0,36,23,100,SYNTHETIC,55.2,0,0.23,Wednesday
Route 5 - South Connector,17,6,1,14.4,0,0,11,19,100,SYNTHETIC,24.6,1,0.19,Sunday
Route 5 - South Connector,17,0,0,31.5,1,0,26,48,100,SYNTHETIC,24.6,1,0.48,Monday
Route 5 - South Connector,15,2,0,10.0,1,0,15,17,100,SYNTHETIC,24.6,0,0.17,Wednesday
Route 5 - South Connector,11,1,0,7.7,0,0,15,15,100,SYNTHETIC,24.6,0,0.15,Tuesday
Route 8 - Beach/Leisure,8,6,1,24.4,0,0,34,34,100,SYNTHETIC,27.1,1,0.34,Sunday
Route 2 - Airport Link,16,4,0,19.1,0,0,28,35,100,SYNTHETIC,38.4,0,0.35,Friday
Route 9 - East Corridor,6,2,0,18.2,0,0,1,13,100,SYNTHETIC,35.6,0,0.13,Wednesday
Route 9 - East Corridor,19,1,0,24.5,0,1,82,84,100,SYNTHETIC,35.6,1,0.84,Tuesday
Route 2 - Airport Link,12,5,1,21.1,0,0,26,28,100,SYNTHETIC,38.4,0,0.28,Saturday
Route 10 - West Ring,12,4,0,19.6,0,0,20,22,100,SYNTHETIC,26.9,0,0.22,Friday
Route 3 - University Shuttle,11,5,1,8.8,0,0,5,6,100,SYNTHETIC,37.7,0,0.06,Saturday
Route 1 - City Centre Express,21,3,0,6.7,1,0,38,25,100,SYNTHETIC,55.2,0,0.25,Thursday
Route 4 - North Suburbs,8,1,0,14.4,0,0,48,63,100,SYNTHETIC,30.0,1,0.63,Tuesday
Route 8 - Beach/Leisure,8,2,0,11.3,1,0,26,25,100,SYNTHETIC,27.1,1,0.25,Wednesday
Route 9 - East Corridor,8,4,0,22.2,0,0,56,65,100,SYNTHETIC,35.6,1,0.65,Friday
Route 7 - Hospital Line,17,1,0,5.6,1,0,32,52,100,SYNTHETIC,37.7,1,0.52,Tuesday
Route 9 - East Corridor,23,0,0,16.4,1,0,9,5,100,SYNTHETIC,35.6,0,0.05,Monday
Route 3 - University Shuttle,9,5,1,18.6,1,0,26,18,100,SYNTHETIC,37.7,1,0.18,Saturday
Route 9 - East Corridor,20,3,0,19.7,1,0,61,28,100,SYNTHETIC,35.6,0,0.28,Thursday
Route 7 - Hospital Line,10,2,0,23.2,0,0,49,21,100,SYNTHETIC,37.7,0,0.21,Wednesday
Route 2 - Airport Link,17,3,0,17.4,0,0,36,58,100,SYNTHETIC,38.4,1,0.58,Thursday
Route 2 - Airport Link,6,5,1,14.7,0,0,0,13,100,SYNTHETIC,38.4,0,0.13,Saturday
Route 3 - University Shuttle,14,0,0,30.0,0,0,24,22,100,SYNTHETIC,37.7,0,0.22,Monday
Route 1 - City Centre Express,17,3,0,17.4,0,0,44,81,100,SYNTHETIC,55.2,1,0.81,Thursday
Route 3 - University Shuttle,15,1,0,31.4,0,0,22,27,100,SYNTHETIC,37.7,0,0.27,Tuesday
Route 10 - West Ring,9,0,0,17.4,0,0,50,31,100,SYNTHETIC,26.9,1,0.31,Monday
Route 3 - University Shuttle,19,0,0,19.9,1,0,79,67,100,SYNTHETIC,37.7,1,0.67,Monday
Route 7 - Hospital Line,21,3,0,18.9,0,1,36,28,100,SYNTHETIC,37.7,0,0.28,Thursday
Route 10 - West Ring,13,3,0,21.8,1,1,31,30,100,SYNTHETIC,26.9,0,0.3,Thursday
Route 3 - University Shuttle,16,3,0,16.6,1,0,29,33,100,SYNTHETIC,37.7,0,0.33,Thursday
Route 7 - Hospital Line,18,5,1,20.8,0,0,48,44,100,SYNTHETIC,37.7,1,0.44,Saturday
Route 5 - South Connector,9,3,0,32.2,1,0,57,34,100,SYNTHETIC,24.6,1,0.34,Thursday
Route 3 - University Shuttle,19,4,0,28.4,1,0,79,70,100,SYNTHETIC,37.7,1,0.7,Friday
Route 10 - West Ring,10,5,1,28.4,0,0,16,9,100,SYNTHETIC,26.9,0,0.09,Saturday
Route 7 - Hospital Line,18,4,0,9.3,1,0,59,67,100,SYNTHETIC,37.7,1,0.67,Friday
Route 5 - South Connector,7,6,1,10.6,0,0,2,18,100,SYNTHETIC,24.6,1,0.18,Sunday
Route 9 - East Corridor,10,1,0,21.7,0,0,43,16,100,SYNTHETIC,35.6,0,0.16,Tuesday
Route 10 - West Ring,15,5,1,26.2,0,0,7,12,100,SYNTHETIC,26.9,0,0.12,Saturday
Route 8 - Beach/Leisure,14,4,0,15.8,0,0,17,17,100,SYNTHETIC,27.1,0,0.17,Friday
Route 9 - East Corridor,19,4,0,14.4,1,0,64,57,100,SYNTHETIC,35.6,1,0.57,Friday
Route 4 - North Suburbs,23,0,0,31.2,0,0,10,4,100,SYNTHETIC,30.0,0,0.04,Monday
Route 4 - North Suburbs,7,3,0,25.5,0,0,14,45,100,SYNTHETIC,30.0,1,0.45,Thursday
Route 3 - University Shuttle,10,6,1,28.5,0,0,13,0,100,SYNTHETIC,37.7,0,0.0,Sunday
Route 7 - Hospital Line,11,4,0,16.5,0,0,26,24,100,SYNTHETIC,37.7,0,0.24,Friday
Route 9 - East Corridor,13,0,0,15.8,0,0,20,17,100,SYNTHETIC,35.6,0,0.17,Monday
Route 7 - Hospital Line,14,2,0,27.6,0,0,23,23,100,SYNTHETIC,37.7,0,0.23,Wednesday
Route 6 - Industrial Park,19,3,0,17.9,0,0,96,85,100,SYNTHETIC,45.9,1,0.85,Thursday
Route 8 - Beach/Leisure,18,5,1,15.1,1,0,71,68,100,SYNTHETIC,27.1,1,0.68,Saturday
Route 2 - Airport Link,5,3,0,12.7,0,0,6,2,100,SYNTHETIC,38.4,0,0.02,Thursday
Route 4 - North Suburbs,13,5,1,15.9,0,0,8,7,100,SYNTHETIC,30.0,0,0.07,Saturday
Route 8 - Beach/Leisure,16,5,1,27.0,0,0,21,28,100,SYNTHETIC,27.1,0,0.28,Saturday
Route 1 - City Centre Express,13,1,0,7.9,0,0,34,32,100,SYNTHETIC,55.2,0,0.32,Tuesday
Route 10 - West Ring,8,1,0,25.0,1,0,45,50,100,SYNTHETIC,26.9,1,0.5,Tuesday
Route 2 - Airport Link,12,6,1,14.3,0,0,21,28,100,SYNTHETIC,38.4,0,0.28,Sunday
Route 8 - Beach/Leisure,12,4,0,18.3,0,0,13,24,100,SYNTHETIC,27.1,0,0.24,Friday
Route 7 - Hospital Line,8,5,1,18.8,0,0,39,52,100,SYNTHETIC,37.7,1,0.52,Saturday
Route 9 - East Corridor,18,6,1,18.2,1,0,38,35,100,SYNTHETIC,35.6,1,0.35,Sunday
Route 8 - Beach/Leisure,11,2,0,17.7,0,0,11,14,100,SYNTHETIC,27.1,0,0.14,Wednesday
Route 6 - Industrial Park,16,0,0,16.4,1,0,35,38,100,SYNTHETIC,45.9,0,0.38,Monday
Route 8 - Beach/Leisure,14,6,1,15.4,0,0,26,19,100,SYNTHETIC,27.1,0,0.19,Sunday
Route 4 - North Suburbs,19,4,0,30.6,0,0,52,48,100,SYNTHETIC,30.0,1,0.48,Friday
Route 6 - Industrial Park,8,0,0,20.2,0,0,87,109,100,SYNTHETIC,45.9,1,1.09,Monday
Route 10 - West Ring,7,3,0,19.0,1,0,12,42,100,SYNTHETIC,26.9,1,0.42,Thursday
Route 1 - City Centre Express,10,0,0,14.8,0,0,75,31,100,SYNTHETIC,55.2,0,0.31,Monday
Route 4 - North Suburbs,13,2,0,16.7,0,0,23,24,100,SYNTHETIC,30.0,0,0.24,Wednesday
Route 1 - City Centre Express,10,2,0,14.9,0,0,67,29,100,SYNTHETIC,55.2,0,0.29,Wednesday
Route 6 - Industrial Park,18,3,0,26.1,1,0,105,101,100,SYNTHETIC,45.9,1,1.01,Thursday
Route 8 - Beach/Leisure,9,3,0,14.0,0,0,26,21,100,SYNTHETIC,27.1,1,0.21,Thursday
Route 1 - City Centre Express,7,5,1,2.0,1,0,10,59,100,SYNTHETIC,55.2,1,0.59,Saturday
Route 6 - Industrial Park,12,2,0,20.5,0,0,30,34,100,SYNTHETIC,45.9,0,0.34,Wednesday
Route 5 - South Connector,18,5,1,17.8,0,0,24,24,100,SYNTHETIC,24.6,1,0.24,Saturday
Route 8 - Beach/Leisure,19,6,1,15.3,1,0,87,60,100,SYNTHETIC,27.1,1,0.6,Sunday
Route 3 - University Shuttle,18,5,1,27.3,0,0,13,15,100,SYNTHETIC,37.7,1,0.15,Saturday
Route 2 - Airport Link,15,1,0,-1.9,0,0,23,22,100,SYNTHETIC,38.4,0,0.22,Tuesday
Route 1 - City Centre Express,17,4,0,32.6,0,0,34,77,100,SYNTHETIC,55.2,1,0.77,Friday
Route 5 - South Connector,17,1,0,28.4,0,0,27,41,100,SYNTHETIC,24.6,1,0.41,Tuesday
Route 5 - South Connector,9,3,0,15.0,0,0,44,31,100,SYNTHETIC,24.6,1,0.31,Thursday
Route 10 - West Ring,15,4,0,16.4,0,0,16,20,100,SYNTHETIC,26.9,0,0.2,Friday
Route 5 - South Connector,18,2,0,24.0,0,0,40,38,100,SYNTHETIC,24.6,1,0.38,Wednesday
Route 2 - Airport Link,10,0,0,24.2,0,0,44,25,100,SYNTHETIC,38.4,0,0.25,Monday
Route 7 - Hospital Line,17,5,1,14.9,1,0,22,45,100,SYNTHETIC,37.7,1,0.45,Saturday
Route 1 - City Centre Express,14,5,1,7.1,0,0,22,21,100,SYNTHETIC,55.2,0,0.21,Saturday
Route 4 - North Suburbs,14,0,0,36.9,0,0,22,21,100,SYNTHETIC,30.0,0,0.21,Monday
Route 7 - Hospital Line,7,2,0,27.6,1,0,16,57,100,SYNTHETIC,37.7,1,0.57,Wednesday
Route 3 - University Shuttle,17,1,0,21.3,0,0,28,80,100,SYNTHETIC,37.7,1,0.8,Tuesday
Route 6 - Industrial Park,19,6,1,21.4,1,0,13,10,100,SYNTHETIC,45.9,1,0.1,Sunday
Route 5 - South Connector,8,6,1,25.0,0,0,21,17,100,SYNTHETIC,24.6,1,0.17,Sunday
Route 10 - West Ring,11,4,0,25.9,0,0,20,24,100,SYNTHETIC,26.9,0,0.24,Friday
Route 3 - University Shuttle,7,3,0,3.3,0,0,13,68,100,SYNTHETIC,37.7,1,0.68,Thursday
Route 10 - West Ring,6,0,0,17.2,0,0,0,13,100,SYNTHETIC,26.9,0,0.13,Monday
Route 7 - Hospital Line,22,1,0,16.4,1,1,29,12,100,SYNTHETIC,37.7,0,0.12,Tuesday
Route 8 - Beach/Leisure,14,0,0,18.7,0,0,12,11,100,SYNTHETIC,27.1,0,0.11,Monday
Route 2 - Airport Link,11,5,1,26.2,0,0,20,22,100,SYNTHETIC,38.4,0,0.22,Saturday
Route 1 - City Centre Express,10,0,0,5.7,1,0,78,32,100,SYNTHETIC,55.2,0,0.32,Monday
Route 8 - Beach/Leisure,22,4,0,9.2,0,0,6,5,100,SYNTHETIC,27.1,0,0.05,Friday
Route 5 - South Connector,9,6,1,14.5,0,0,21,18,100,SYNTHETIC,24.6,1,0.18,Sunday
Route 4 - North Suburbs,17,2,0,21.2,0,0,31,50,100,SYNTHETIC,30.0,1,0.5,Wednesday
Route 9 - East Corridor,10,4,0,26.7,0,0,54,21,100,SYNTHETIC,35.6,0,0.21,Friday
Route 4 - North Suburbs,7,6,1,33.1,0,0,12,22,100,SYNTHETIC,30.0,1,0.22,Sunday
Route 5 - South Connector,17,2,0,17.7,0,0,24,45,100,SYNTHETIC,24.6,1,0.45,Wednesday
Route 8 - Beach/Leisure,0,3,0,26.6,0,0,3,0,100,SYNTHETIC,27.1,0,0.0,Thursday
Route 10 - West Ring,17,1,0,25.7,0,0,23,41,100,SYNTHETIC,26.9,1,0.41,Tuesday
Route 9 - East Corridor,9,2,0,24.3,0,0,66,46,100,SYNTHETIC,35.6,1,0.46,Wednesday
Route 7 - Hospital Line,18,6,1,19.8,0,0,45,54,100,SYNTHETIC,37.7,1,0.54,Sunday
Route 2 - Airport Link,18,4,0,16.8,0,0,62,62,100,SYNTHETIC,38.4,1,0.62,Friday
Route 2 - Airport Link,17,1,0,11.5,1,0,39,54,100,SYNTHETIC,38.4,1,0.54,Tuesday
Route 7 - Hospital Line,6,3,0,10.9,1,0,1,16,100,SYNTHETIC,37.7,0,0.16,Thursday
Route 6 - Industrial Park,17,4,0,22.8,0,0,39,95,100,SYNTHETIC,45.9,1,0.95,Friday
Route 2 - Airport Link,22,0,0,19.6,1,0,17,11,100,SYNTHETIC,38.4,0,0.11,Monday
Route 7 - Hospital Line,9,5,1,16.7,0,0,45,35,100,SYNTHETIC,37.7,1,0.35,Saturday
Route 10 - West Ring,10,1,0,25.3,0,0,41,18,100,SYNTHETIC,26.9,0,0.18,Tuesday
Route 1 - City Centre Express,18,2,0,18.4,0,0,82,100,100,SYNTHETIC,55.2,1,1.0,Wednesday
Route 9 - East Corridor,8,2,0,12.7,0,0,69,56,100,SYNTHETIC,35.6,1,0.56,Wednesday
Route 4 - North Suburbs,17,3,0,17.9,0,0,28,60,100,SYNTHETIC,30.0,1,0.6,Thursday
Route 4 - North Suburbs,18,6,1,26.6,0,0,25,26,100,SYNTHETIC,30.0,1,0.26,Sunday
Route 8 - Beach/Leisure,6,1,0,11.8,0,0,2,4,100,SYNTHETIC,27.1,0,0.04,Tuesday
Route 3 - University Shuttle,15,1,0,21.7,0,0,20,22,100,SYNTHETIC,37.7,0,0.22,Tuesday
Route 2 - Airport Link,15,2,0,19.6,1,0,25,28,100,SYNTHETIC,38.4,0,0.28,Wednesday
Route 10 - West Ring,10,6,1,13.9,0,0,18,6,100,SYNTHETIC,26.9,0,0.06,Sunday
Route 4 - North Suburbs,19,6,1,17.7,0,0,27,24,100,SYNTHETIC,30.0,1,0.24,Sunday
Route 2 - Airport Link,8,3,0,7.4,0,0,46,66,100,SYNTHETIC,38.4,1,0.66,Thursday
Route 7 - Hospital Line,11,4,0,20.9,0,0,22,19,100,SYNTHETIC,37.7,0,0.19,Friday
Route 3 - University Shuttle,19,6,1,9.1,0,0,11,11,100,SYNTHETIC,37.7,1,0.11,Sunday
Route 8 - Beach/Leisure,8,5,1,28.6,0,0,30,39,100,SYNTHETIC,27.1,1,0.39,Saturday
Route 1 - City Centre Express,19,4,0,19.3,0,1,128,116,100,SYNTHETIC,55.2,1,1.16,Friday
Route 6 - Industrial Park,7,3,0,15.4,1,0,21,107,100,SYNTHETIC,45.9,1,1.07,Thursday
Route 5 - South Connector,14,6,1,29.3,0,0,11,6,100,SYNTHETIC,24.6,0,0.06,Sunday
Route 10 - West Ring,7,1,0,11.7,0,0,11,49,100,SYNTHETIC,26.9,1,0.49,Tuesday
Route 6 - Industrial Park,17,2,0,14.0,1,0,40,95,100,SYNTHETIC,45.9,1,0.95,Wednesday
Route 10 - West Ring,18,4,0,5.4,1,0,50,58,100,SYNTHETIC,26.9,1,0.58,Friday
Route 3 - University Shuttle,19,0,0,30.5,0,0,87,60,100,SYNTHETIC,37.7,1,0.6,Monday
Route 5 - South Connector,22,3,0,35.0,1,0,14,5,100,SYNTHETIC,24.6,0,0.05,Thursday
Route 9 - East Corridor,17,5,1,6.6,0,0,19,29,100,SYNTHETIC,35.6,1,0.29,Saturday
Route 2 - Airport Link,18,1,0,13.5,0,0,54,64,100,SYNTHETIC,38.4,1,0.64,Tuesday
Route 10 - West Ring,14,5,1,20.6,1,0,12,10,100,SYNTHETIC,26.9,0,0.1,Saturday
Route 8 - Beach/Leisure,20,2,0,15.9,0,0,38,15,100,SYNTHETIC,27.1,0,0.15,Wednesday
Route 7 - Hospital Line,16,6,1,19.7,1,0,16,26,100,SYNTHETIC,37.7,0,0.26,Sunday
Route 3 - University Shuttle,19,4,0,19.1,0,0,80,58,100,SYNTHETIC,37.7,1,0.58,Friday
Route 9 - East Corridor,9,1,0,23.3,0,0,56,49,100,SYNTHETIC,35.6,1,0.49,Tuesday
Route 9 - East Corridor,14,5,1,12.3,1,0,12,9,100,SYNTHETIC,35.6,0,0.09,Saturday
Route 3 - University Shuttle,18,0,0,21.5,0,0,74,92,100,SYNTHETIC,37.7,1,0.92,Monday
Route 6 - Industrial Park,8,1,0,11.1,0,1,119,151,100,SYNTHETIC,45.9,1,1.51,Tuesday
Route 1 - City Centre Express,9,6,1,16.7,0,0,59,46,100,SYNTHETIC,55.2,1,0.46,Sunday
Route 4 - North Suburbs,22,6,1,6.1,1,0,9,0,100,SYNTHETIC,30.0,0,0.0,Sunday
Route 2 - Airport Link,13,0,0,16.8,1,0,29,31,100,SYNTHETIC,38.4,0,0.31,Monday
Route 6 - Industrial Park,8,2,0,15.4,0,1,148,144,100,SYNTHETIC,45.9,1,1.44,Wednesday
Route 6 - Industrial Park,11,0,0,27.5,0,0,29,25,100,SYNTHETIC,45.9,0,0.25,Monday
Route 6 - Industrial Park,12,1,0,19.5,0,0,27,33,100,SYNTHETIC,45.9,0,0.33,Tuesday
Route 7 - Hospital Line,16,6,1,21.0,0,0,20,17,100,SYNTHETIC,37.7,0,0.17,Sunday
Route 10 - West Ring,20,1,0,19.8,1,0,46,23,100,SYNTHETIC,26.9,0,0.23,Tuesday
Route 2 - Airport Link,22,4,0,3.0,0,0,18,13,100,SYNTHETIC,38.4,0,0.13,Friday
Route 3 - University Shuttle,17,5,1,4.0,1,0,3,10,100,SYNTHETIC,37.7,1,0.1,Saturday
Route 3 - University Shuttle,17,6,1,17.5,0,0,13,15,100,SYNTHETIC,37.7,1,0.15,Sunday
Route 10 - West Ring,11,2,0,22.2,0,0,20,19,100,SYNTHETIC,26.9,0,0.19,Wednesday
Route 1 - City Centre Express,19,4,0,18.1,1,0,94,69,100,SYNTHETIC,55.2,1,0.69,Friday
Route 1 - City Centre Express,9,3,0,13.1,0,0,104,78,100,SYNTHETIC,55.2,1,0.78,Thursday
Route 2 - Airport Link,7,0,0,18.1,1,0,14,62,100,SYNTHETIC,38.4,1,0.62,Monday
Route 8 - Beach/Leisure,21,1,0,17.4,0,0,15,16,100,SYNTHETIC,27.1,0,0.16,Tuesday
Route 6 - Industrial Park,19,5,1,26.2,1,0,12,14,100,SYNTHETIC,45.9,1,0.14,Saturday
Route 10 - West Ring,10,4,0,25.8,0,0,36,15,100,SYNTHETIC,26.9,0,0.15,Friday
Route 3 - University Shuttle,17,3,0,15.6,0,0,27,78,100,SYNTHETIC,37.7,1,0.78,Thursday
Route 4 - North Suburbs,13,5,1,19.6,1,0,11,15,100,SYNTHETIC,30.0,0,0.15,Saturday
Route 6 - Industrial Park,11,4,0,22.2,0,0,29,29,100,SYNTHETIC,45.9,0,0.29,Friday
Route 1 - City Centre Express,10,2,0,23.4,0,1,104,49,100,SYNTHETIC,55.2,0,0.49,Wednesday
Route 10 - West Ring,8,2,0,33.2,0,0,41,38,100,SYNTHETIC,26.9,1,0.38,Wednesday
Route 9 - East Corridor,15,6,1,19.8,1,0,14,17,100,SYNTHETIC,35.6,0,0.17,Sunday
Route 2 - Airport Link,13,6,1,29.3,1,1,39,42,100,SYNTHETIC,38.4,0,0.42,Sunday
Route 9 - East Corridor,14,0,0,10.7,0,0,20,13,100,SYNTHETIC,35.6,0,0.13,Monday
Route 5 - South Connector,9,5,1,14.9,0,0,20,18,100,SYNTHETIC,24.6,1,0.18,Saturday
Route 4 - North Suburbs,20,0,0,2.9,0,0,39,14,100,SYNTHETIC,30.0,0,0.14,Monday
Route 10 - West Ring,16,6,1,21.2,0,0,10,10,100,SYNTHETIC,26.9,0,0.1,Sunday
Route 6 - Industrial Park,20,4,0,25.2,0,0,80,32,100,SYNTHETIC,45.9,0,0.32,Friday
Route 3 - University Shuttle,7,4,0,-0.4,1,1,16,114,100,SYNTHETIC,37.7,1,1.14,Friday
Route 9 - East Corridor,16,4,0,21.5,0,0,25,32,100,SYNTHETIC,35.6,0,0.32,Friday
Route 8 - Beach/Leisure,19,4,0,24.8,0,0,45,36,100,SYNTHETIC,27.1,1,0.36,Friday
Route 2 - Airport Link,11,1,0,24.4,0,0,20,27,100,SYNTHETIC,38.4,0,0.27,Tuesday
Route 7 - Hospital Line,8,5,1,10.4,0,0,39,50,100,SYNTHETIC,37.7,1,0.5,Saturday
Route 7 - Hospital Line,9,3,0,26.2,0,0,74,45,100,SYNTHETIC,37.7,1,0.45,Thursday
Route 3 - University Shuttle,10,3,0,20.1,0,0,50,22,100,SYNTHETIC,37.7,0,0.22,Thursday
Route 5 - South Connector,13,2,0,24.7,0,0,25,18,100,SYNTHETIC,24.6,0,0.18,Wednesday
Route 9 - East Corridor,11,0,0,19.0,1,0,21,25,100,SYNTHETIC,35.6,0,0.25,Monday
Route 2 - Airport Link,10,3,0,23.0,0,0,37,28,100,SYNTHETIC,38.4,0,0.28,Thursday
Route 8 - Beach/Leisure,17,2,0,28.9,0,0,19,39,100,SYNTHETIC,27.1,1,0.39,Wednesday
Route 9 - East Corridor,7,4,0,18.4,0,0,14,53,100,SYNTHETIC,35.6,1,0.53,Friday
Route 10 - West Ring,11,2,0,22.3,0,0,17,16,100,SYNTHETIC,26.9,0,0.16,Wednesday
Route 4 - North Suburbs,17,6,1,30.0,1,0,15,22,100,SYNTHETIC,30.0,1,0.22,Sunday
Route 3 - University Shuttle,8,4,0,18.9,0,0,90,100,100,SYNTHETIC,37.7,1,1.0,Friday
Route 10 - West Ring,9,3,0,11.0,0,0,51,32,100,SYNTHETIC,26.9,1,0.32,Thursday
Route 5 - South Connector,8,4,0,25.4,1,0,54,48,100,SYNTHETIC,24.6,1,0.48,Friday
Route 6 - Industrial Park,0,4,0,31.5,0,0,6,7,100,SYNTHETIC,45.9,0,0.07,Friday
Route 6 - Industrial Park,13,4,0,30.3,0,0,32,29,100,SYNTHETIC,45.9,0,0.29,Friday
Route 6 - Industrial Park,6,4,0,25.7,1,0,5,18,100,SYNTHETIC,45.9,0,0.18,Friday
Route 7 - Hospital Line,10,6,1,1.2,0,0,30,11,100,SYNTHETIC,37.7,0,0.11,Sunday
Route 5 - South Connector,23,2,0,14.9,1,0,7,7,100,SYNTHETIC,24.6,0,0.07,Wednesday
Route 4 - North Suburbs,20,3,0,15.3,0,0,46,20,100,SYNTHETIC,30.0,0,0.2,Thursday
Route 5 - South Connector,9,1,0,20.4,0,0,43,28,100,SYNTHETIC,24.6,1,0.28,Tuesday
Route 7 - Hospital Line,10,3,0,33.5,0,0,39,19,100,SYNTHETIC,37.7,0,0.19,Thursday
Route 9 - East Corridor,13,6,1,11.4,1,0,17,17,100,SYNTHETIC,35.6,0,0.17,Sunday
Route 6 - Industrial Park,19,4,0,37.9,0,0,99,68,100,SYNTHETIC,45.9,1,0.68,Friday
Route 7 - Hospital Line,18,1,0,16.9,0,0,51,56,100,SYNTHETIC,37.7,1,0.56,Tuesday
Route 5 - South Connector,8,6,1,13.9,0,0,21,23,100,SYNTHETIC,24.6,1,0.23,Sunday
Route 8 - Beach/Leisure,8,5,1,26.8,0,0,38,41,100,SYNTHETIC,27.1,1,0.41,Saturday
Route 4 - North Suburbs,12,3,0,27.4,1,0,25,25,100,SYNTHETIC,30.0,0,0.25,Thursday
Route 5 - South Connector,19,1,0,25.2,0,0,39,35,100,SYNTHETIC,24.6,1,0.35,Tuesday
Route 1 - City Centre Express,19,2,0,13.8,1,0,117,87,100,SYNTHETIC,55.2,1,0.87,Wednesday
Route 3 - University Shuttle,7,5,1,24.0,0,0,2,17,100,SYNTHETIC,37.7,1,0.17,Saturday
Route 8 - Beach/Leisure,15,4,0,11.7,0,0,14,14,100,SYNTHETIC,27.1,0,0.14,Friday
Route 1 - City Centre Express,8,1,0,13.6,0,0,79,123,100,SYNTHETIC,55.2,1,1.23,Tuesday
Route 3 - University Shuttle,17,1,0,19.2,0,0,17,72,100,SYNTHETIC,37.7,1,0.72,Tuesday
Route 8 - Beach/Leisure,20,6,1,13.4,0,0,49,26,100,SYNTHETIC,27.1,0,0.26,Sunday
Route 9 - East Corridor,13,3,0,28.4,0,1,38,32,100,SYNTHETIC,35.6,0,0.32,Thursday
Route 5 - South Connector,7,4,0,15.4,0,0,8,32,100,SYNTHETIC,24.6,1,0.32,Friday
Route 5 - South Connector,15,2,0,18.2,1,0,20,15,100,SYNTHETIC,24.6,0,0.15,Wednesday
Route 6 - Industrial Park,12,0,0,13.0,0,0,33,33,100,SYNTHETIC,45.9,0,0.33,Monday
Route 8 - Beach/Leisure,18,2,0,28.3,0,0,41,49,100,SYNTHETIC,27.1,1,0.49,Wednesday
Route 5 - South Connector,11,4,0,14.7,0,0,15,14,100,SYNTHETIC,24.6,0,0.14,Friday
Route 2 - Airport Link,19,2,0,29.1,1,0,49,46,100,SYNTHETIC,38.4,1,0.46,Wednesday
Route 5 - South Connector,10,4,0,28.5,0,0,26,17,100,SYNTHETIC,24.6,0,0.17,Friday
Route 3 - University Shuttle,8,3,0,16.4,0,0,64,87,100,SYNTHETIC,37.7,1,0.87,Thursday
Route 7 - Hospital Line,10,2,0,20.2,1,0,54,24,100,SYNTHETIC,37.7,0,0.24,Wednesday
Route 2 - Airport Link,6,1,0,16.2,0,0,3,9,100,SYNTHETIC,38.4,0,0.09,Tuesday
Route 7 - Hospital Line,10,1,0,24.4,0,1,66,35,100,SYNTHETIC,37.7,0,0.35,Tuesday
Route 2 - Airport Link,17,1,0,18.4,1,0,34,64,100,SYNTHETIC,38.4,1,0.64,Tuesday
Route 10 - West Ring,8,5,1,16.7,1,0,21,29,100,SYNTHETIC,26.9,1,0.29,Saturday
Route 7 - Hospital Line,7,2,0,20.4,0,0,15,57,100,SYNTHETIC,37.7,1,0.57,Wednesday
Route 2 - Airport Link,8,5,1,7.3,1,0,51,53,100,SYNTHETIC,38.4,1,0.53,Saturday
Route 10 - West Ring,7,2,0,19.4,0,1,17,67,100,SYNTHETIC,26.9,1,0.67,Wednesday
Route 6 - Industrial Park,19,2,0,25.2,0,0,73,77,100,SYNTHETIC,45.9,1,0.77,Wednesday
Route 7 - Hospital Line,21,6,1,21.1,0,0,19,8,100,SYNTHETIC,37.7,0,0.08,Sunday
Route 1 - City Centre Express,7,6,1,27.6,0,1,13,76,100,SYNTHETIC,55.2,1,0.76,Sunday
Route 2 - Airport Link,18,2,0,17.0,1,0,59,66,100,SYNTHETIC,38.4,1,0.66,Wednesday
Route 9 - East Corridor,18,1,0,16.3,0,0,68,63,100,SYNTHETIC,35.6,1,0.63,Tuesday
Route 5 - South Connector,23,5,1,11.1,1,0,2,0,100,SYNTHETIC,24.6,0,0.0,Saturday
Route 7 - Hospital Line,11,0,0,16.8,0,0,24,23,100,SYNTHETIC,37.7,0,0.23,Monday
Route 10 - West Ring,10,3,0,35.7,0,0,31,15,100,SYNTHETIC,26.9,0,0.15,Thursday
Route 5 - South Connector,13,4,0,22.2,0,0,20,20,100,SYNTHETIC,24.6,0,0.2,Friday
Route 4 - North Suburbs,19,4,0,15.3,0,1,69,83,100,SYNTHETIC,30.0,1,0.83,Friday
Route 9 - East Corridor,17,0,0,12.0,0,1,41,90,100,SYNTHETIC,35.6,1,0.9,Monday
Route 1 - City Centre Express,13,0,0,7.2,1,0,39,31,100,SYNTHETIC,55.2,0,0.31,Monday
Route 5 - South Connector,9,1,0,13.4,1,0,54,33,100,SYNTHETIC,24.6,1,0.33,Tuesday
Route 9 - East Corridor,17,0,0,26.1,0,0,26,61,100,SYNTHETIC,35.6,1,0.61,Monday
Route 3 - University Shuttle,19,3,0,16.6,0,0,75,68,100,SYNTHETIC,37.7,1,0.68,Thursday
Route 4 - North Suburbs,12,6,1,12.3,0,0,8,15,100,SYNTHETIC,30.0,0,0.15,Sunday
Route 5 - South Connector,17,2,0,13.2,0,0,21,44,100,SYNTHETIC,24.6,1,0.44,Wednesday
Route 1 - City Centre Express,12,3,0,25.2,0,0,30,37,100,SYNTHETIC,55.2,0,0.37,Thursday
Route 1 - City Centre Express,13,1,0,19.3,1,0,31,36,100,SYNTHETIC,55.2,0,0.36,Tuesday
Route 3 - University Shuttle,14,0,0,15.0,0,0,20,26,100,SYNTHETIC,37.7,0,0.26,Monday
Route 9 - East Corridor,18,4,0,17.5,1,0,66,68,100,SYNTHETIC,35.6,1,0.68,Friday
Route 3 - University Shuttle,22,1,0,37.6,0,0,15,8,100,SYNTHETIC,37.7,0,0.08,Tuesday
Route 8 - Beach/Leisure,13,3,0,29.8,0,0,18,14,100,SYNTHETIC,27.1,0,0.14,Thursday
Route 5 - South Connector,11,4,0,31.7,0,0,19,11,100,SYNTHETIC,24.6,0,0.11,Friday
Route 8 - Beach/Leisure,12,5,1,6.0,0,0,20,27,100,SYNTHETIC,27.1,0,0.27,Saturday
Route 4 - North Suburbs,8,1,0,18.8,0,0,42,63,100,SYNTHETIC,30.0,1,0.63,Tuesday
Route 9 - East Corridor,10,4,0,14.8,1,0,54,15,100,SYNTHETIC,35.6,0,0.15,Friday
Route 4 - North Suburbs,7,6,1,24.4,0,0,5,28,100,SYNTHETIC,30.0,1,0.28,Sunday
Route 8 - Beach/Leisure,13,3,0,28.5,0,0,15,14,100,SYNTHETIC,27.1,0,0.14,Thursday
Route 9 - East Corridor,8,0,0,22.6,0,1,98,113,100,SYNTHETIC,35.6,1,1.13,Monday
Route 5 - South Connector,11,1,0,13.0,1,1,28,29,100,SYNTHETIC,24.6,0,0.29,Tuesday
Route 7 - Hospital Line,18,5,1,14.7,0,0,41,37,100,SYNTHETIC,37.7,1,0.37,Saturday
Route 2 - Airport Link,9,5,1,25.0,0,0,57,39,100,SYNTHETIC,38.4,1,0.39,Saturday
Route 5 - South Connector,16,2,0,25.8,0,0,20,20,100,SYNTHETIC,24.6,0,0.2,Wednesday
Route 4 - North Suburbs,20,1,0,21.1,0,0,42,17,100,SYNTHETIC,30.0,0,0.17,Tuesday
Route 10 - West Ring,15,2,0,21.0,0,0,15,22,100,SYNTHETIC,26.9,0,0.22,Wednesday
Route 10 - West Ring,8,1,0,20.4,0,0,42,53,100,SYNTHETIC,26.9,1,0.53,Tuesday
Route 8 - Beach/Leisure,11,5,1,22.2,1,0,19,29,100,SYNTHETIC,27.1,0,0.29,Saturday
Route 10 - West Ring,16,5,1,25.7,0,0,9,11,100,SYNTHETIC,26.9,0,0.11,Saturday
Route 10 - West Ring,14,0,0,25.0,0,0,19,15,100,SYNTHETIC,26.9,0,0.15,Monday
Route 8 - Beach/Leisure,8,5,1,20.2,0,0,35,44,100,SYNTHETIC,27.1,1,0.44,Saturday
Route 6 - Industrial Park,13,5,1,19.6,0,0,4,2,100,SYNTHETIC,45.9,0,0.02,Saturday
Route 3 - University Shuttle,15,4,0,19.3,1,0,29,25,100,SYNTHETIC,37.7,0,0.25,Friday
Route 9 - East Corridor,9,6,1,13.8,0,0,36,25,100,SYNTHETIC,35.6,1,0.25,Sunday
Route 2 - Airport Link,16,0,0,13.7,0,0,26,32,100,SYNTHETIC,38.4,0,0.32,Monday
Route 2 - Airport Link,7,4,0,24.4,0,0,14,51,100,SYNTHETIC,38.4,1,0.51,Friday
Route 9 - East Corridor,11,0,0,14.3,1,0,27,20,100,SYNTHETIC,35.6,0,0.2,Monday
Route 2 - Airport Link,18,6,1,26.5,0,0,46,57,100,SYNTHETIC,38.4,1,0.57,Sunday
Route 2 - Airport Link,9,3,0,19.6,0,0,57,42,100,SYNTHETIC,38.4,1,0.42,Thursday
Route 6 - Industrial Park,16,0,0,26.6,0,0,30,39,100,SYNTHETIC,45.9,0,0.39,Monday
Route 6 - Industrial Park,12,5,1,25.1,0,0,6,6,100,SYNTHETIC,45.9,0,0.06,Saturday
Route 1 - City Centre Express,10,5,1,26.7,0,1,68,30,100,SYNTHETIC,55.2,0,0.3,Saturday
Route 4 - North Suburbs,20,3,0,16.2,0,0,48,20,100,SYNTHETIC,30.0,0,0.2,Thursday
Route 3 - University Shuttle,11,2,0,23.3,1,0,22,25,100,SYNTHETIC,37.7,0,0.25,Wednesday
Route 4 - North Suburbs,9,0,0,25.9,0,0,51,37,100,SYNTHETIC,30.0,1,0.37,Monday
Route 2 - Airport Link,20,6,1,7.6,0,0,38,22,100,SYNTHETIC,38.4,0,0.22,Sunday
Route 7 - Hospital Line,18,1,0,33.6,0,0,61,63,100,SYNTHETIC,37.7,1,0.63,Tuesday
Route 5 - South Connector,17,5,1,38.1,0,0,9,18,100,SYNTHETIC,24.6,1,0.18,Saturday
Route 10 - West Ring,7,4,0,27.6,0,0,4,44,100,SYNTHETIC,26.9,1,0.44,Friday
Route 1 - City Centre Express,8,4,0,26.4,1,0,98,130,100,SYNTHETIC,55.2,1,1.3,Friday
Route 8 - Beach/Leisure,16,4,0,24.7,0,0,13,17,100,SYNTHETIC,27.1,0,0.17,Friday
Route 10 - West Ring,9,6,1,17.4,0,0,20,14,100,SYNTHETIC,26.9,1,0.14,Sunday
Route 5 - South Connector,9,0,0,19.1,0,0,45,30,100,SYNTHETIC,24.6,1,0.3,Monday
Route 7 - Hospital Line,18,6,1,27.7,0,0,40,37,100,SYNTHETIC,37.7,1,0.37,Sunday
Route 5 - South Connector,10,0,0,12.2,0,0,36,20,100,SYNTHETIC,24.6,0,0.2,Monday
Route 6 - Industrial Park,7,6,1,11.5,1,0,3,14,100,SYNTHETIC,45.9,1,0.14,Sunday
Route 10 - West Ring,6,1,0,16.8,1,0,5,8,100,SYNTHETIC,26.9,0,0.08,Tuesday
Route 6 - Industrial Park,13,5,1,25.3,0,0,5,3,100,SYNTHETIC,45.9,0,0.03,Saturday
Route 6 - Industrial Park,16,0,0,13.1,0,0,27,32,100,SYNTHETIC,45.9,0,0.32,Monday
Route 10 - West Ring,19,3,0,18.2,0,0,45,42,100,SYNTHETIC,26.9,1,0.42,Thursday
Route 5 - South Connector,7,3,0,19.1,0,0,12,45,100,SYNTHETIC,24.6,1,0.45,Thursday
Route 2 - Airport Link,8,6,1,11.9,1,0,55,51,100,SYNTHETIC,38.4,1,0.51,Sunday
Route 7 - Hospital Line,15,0,0,0.5,0,0,17,27,100,SYNTHETIC,37.7,0,0.27,Monday
Route 7 - Hospital Line,11,0,0,11.8,0,0,19,24,100,SYNTHETIC,37.7,0,0.24,Monday
Route 3 - University Shuttle,14,4,0,22.1,0,0,20,26,100,SYNTHETIC,37.7,0,0.26,Friday
Route 8 - Beach/Leisure,20,0,0,23.9,0,0,40,9,100,SYNTHETIC,27.1,0,0.09,Monday
Route 1 - City Centre Express,15,5,1,24.0,0,1,22,30,100,SYNTHETIC,55.2,0,0.3,Saturday
Route 4 - North Suburbs,12,0,0,24.9,0,0,23,21,100,SYNTHETIC,30.0,0,0.21,Monday
Route 9 - East Corridor,22,6,1,15.0,1,0,9,6,100,SYNTHETIC,35.6,0,0.06,Sunday
Route 7 - Hospital Line,7,3,0,13.3,0,0,13,56,100,SYNTHETIC,37.7,1,0.56,Thursday
Route 7 - Hospital Line,20,6,1,23.0,0,0,34,18,100,SYNTHETIC,37.7,0,0.18,Sunday
Route 7 - Hospital Line,14,0,0,18.3,0,0,28,23,100,SYNTHETIC,37.7,0,0.23,Monday
Route 2 - Airport Link,14,1,0,27.3,0,0,27,29,100,SYNTHETIC,38.4,0,0.29,Tuesday
Route 10 - West Ring,20,3,0,23.1,0,0,33,19,100,SYNTHETIC,26.9,0,0.19,Thursday
Route 3 - University Shuttle,14,0,0,30.3,0,0,20,24,100,SYNTHETIC,37.7,0,0.24,Monday
Route 8 - Beach/Leisure,13,0,0,16.3,0,0,11,17,100,SYNTHETIC,27.1,0,0.17,Monday
Route 10 - West Ring,10,2,0,28.5,0,0,39,20,100,SYNTHETIC,26.9,0,0.2,Wednesday
Route 3 - University Shuttle,17,5,1,36.3,1,0,11,13,100,SYNTHETIC,37.7,1,0.13,Saturday
Route 7 - Hospital Line,15,4,0,20.4,0,1,38,40,100,SYNTHETIC,37.7,0,0.4,Friday
Route 1 - City Centre Express,9,0,0,24.0,0,0,102,75,100,SYNTHETIC,55.2,1,0.75,Monday
Route 7 - Hospital Line,17,0,0,12.6,0,0,26,51,100,SYNTHETIC,37.7,1,0.51,Monday
Route 5 - South Connector,16,4,0,27.2,0,0,15,22,100,SYNTHETIC,24.6,0,0.22,Friday
Route 1 - City Centre Express,12,2,0,29.0,1,0,32,47,100,SYNTHETIC,55.2,0,0.47,Wednesday
Route 7 - Hospital Line,1,5,1,16.0,0,0,1,0,100,SYNTHETIC,37.7,0,0.0,Saturday
Route 10 - West Ring,13,2,0,24.7,1,1,39,30,100,SYNTHETIC,26.9,0,0.3,Wednesday
Route 1 - City Centre Express,1,2,0,22.2,0,0,7,3,100,SYNTHETIC,55.2,0,0.03,Wednesday
Route 9 - East Corridor,7,1,0,23.1,0,0,10,55,100,SYNTHETIC,35.6,1,0.55,Tuesday
Route 9 - East Corridor,13,1,0,26.5,1,0,20,25,100,SYNTHETIC,35.6,0,0.25,Tuesday
Route 6 - Industrial Park,7,4,0,24.2,0,0,11,81,100,SYNTHETIC,45.9,1,0.81,Friday
Route 10 - West Ring,10,3,0,18.9,0,1,60,27,100,SYNTHETIC,26.9,0,0.27,Thursday
Route 4 - North Suburbs,17,4,0,26.7,0,0,27,52,100,SYNTHETIC,30.0,1,0.52,Friday
Route 8 - Beach/Leisure,10,0,0,28.9,1,1,30,28,100,SYNTHETIC,27.1,0,0.28,Monday
Route 7 - Hospital Line,23,3,0,15.6,0,0,7,4,100,SYNTHETIC,37.7,0,0.04,Thursday
Route 6 - Industrial Park,20,3,0,20.0,0,0,70,29,100,SYNTHETIC,45.9,0,0.29,Thursday
Route 9 - East Corridor,16,6,1,5.9,1,0,8,18,100,SYNTHETIC,35.6,0,0.18,Sunday
Route 9 - East Corridor,21,2,0,24.7,0,0,29,11,100,SYNTHETIC,35.6,0,0.11,Wednesday
Route 8 - Beach/Leisure,19,0,0,29.8,1,0,57,45,100,SYNTHETIC,27.1,1,0.45,Monday
Route 6 - Industrial Park,11,4,0,17.9,0,0,25,27,100,SYNTHETIC,45.9,0,0.27,Friday
Route 10 - West Ring,18,1,0,21.1,0,0,37,54,100,SYNTHETIC,26.9,1,0.54,Tuesday
Route 6 - Industrial Park,8,6,1,18.2,0,0,13,19,100,SYNTHETIC,45.9,1,0.19,Sunday
Route 7 - Hospital Line,17,2,0,16.9,0,0,31,56,100,SYNTHETIC,37.7,1,0.56,Wednesday
Route 2 - Airport Link,14,5,1,21.9,0,0,26,21,100,SYNTHETIC,38.4,0,0.21,Saturday
Route 4 - North Suburbs,5,4,0,13.7,0,0,4,2,100,SYNTHETIC,30.0,0,0.02,Friday
Route 10 - West Ring,10,3,0,18.1,0,0,31,19,100,SYNTHETIC,26.9,0,0.19,Thursday
Route 5 - South Connector,21,4,0,12.8,1,0,23,10,100,SYNTHETIC,24.6,0,0.1,Friday
Route 6 - Industrial Park,10,1,0,24.7,0,0,67,27,100,SYNTHETIC,45.9,0,0.27,Tuesday
Route 9 - East Corridor,8,0,0,21.9,0,0,62,66,100,SYNTHETIC,35.6,1,0.66,Monday
Route 4 - North Suburbs,8,5,1,16.6,1,0,27,28,100,SYNTHETIC,30.0,1,0.28,Saturday
Route 3 - University Shuttle,13,6,1,20.3,0,0,8,2,100,SYNTHETIC,37.7,0,0.02,Sunday
Route 1 - City Centre Express,19,6,1,18.2,1,0,49,52,100,SYNTHETIC,55.2,1,0.52,Sunday
Route 3 - University Shuttle,18,2,0,29.2,0,0,80,79,100,SYNTHETIC,37.7,1,0.79,Wednesday
Route 6 - Industrial Park,13,2,0,16.5,0,0,29,27,100,SYNTHETIC,45.9,0,0.27,Wednesday
Route 8 - Beach/Leisure,9,2,0,25.1,0,0,27,19,100,SYNTHETIC,27.1,1,0.19,Wednesday
Route 4 - North Suburbs,6,4,0,14.4,0,0,6,8,100,SYNTHETIC,30.0,0,0.08,Friday
Route 5 - South Connector,13,4,0,26.5,0,1,26,31,100,SYNTHETIC,24.6,0,0.31,Friday
Route 3 - University Shuttle,18,5,1,28.3,0,0,12,15,100,SYNTHETIC,37.7,1,0.15,Saturday
Route 9 - East Corridor,18,6,1,28.7,0,0,29,35,100,SYNTHETIC,35.6,1,0.35,Sunday
Route 6 - Industrial Park,12,2,0,31.8,0,0,28,26,100,SYNTHETIC,45.9,0,0.26,Wednesday
Route 2 - Airport Link,16,4,0,22.3,1,0,27,38,100,SYNTHETIC,38.4,0,0.38,Friday
Route 7 - Hospital Line,13,3,0,29.9,1,0,30,29,100,SYNTHETIC,37.7,0,0.29,Thursday
Route 4 - North Suburbs,15,6,1,33.0,1,0,11,11,100,SYNTHETIC,30.0,0,0.11,Sunday
Route 9 - East Corridor,14,2,0,11.0,0,0,23,19,100,SYNTHETIC,35.6,0,0.19,Wednesday
Route 3 - University Shuttle,17,1,0,15.2,0,0,27,73,100,SYNTHETIC,37.7,1,0.73,Tuesday
Route 9 - East Corridor,14,2,0,8.0,0,0,19,22,100,SYNTHETIC,35.6,0,0.22,Wednesday
Route 7 - Hospital Line,21,4,0,28.5,0,0,24,13,100,SYNTHETIC,37.7,0,0.13,Friday
Route 2 - Airport Link,13,6,1,7.9,1,0,27,28,100,SYNTHETIC,38.4,0,0.28,Sunday
Route 8 - Beach/Leisure,5,5,1,5.8,0,0,0,4,100,SYNTHETIC,27.1,0,0.04,Saturday
Route 8 - Beach/Leisure,9,0,0,11.2,0,0,24,18,100,SYNTHETIC,27.1,1,0.18,Monday
Route 5 - South Connector,14,3,0,6.1,0,0,18,15,100,SYNTHETIC,24.6,0,0.15,Thursday
Route 2 - Airport Link,15,1,0,22.2,1,0,24,30,100,SYNTHETIC,38.4,0,0.3,Tuesday
Route 5 - South Connector,15,2,0,11.3,0,0,16,22,100,SYNTHETIC,24.6,0,0.22,Wednesday
Route 7 - Hospital Line,17,6,1,6.5,0,0,20,41,100,SYNTHETIC,37.7,1,0.41,Sunday
Route 2 - Airport Link,10,6,1,19.7,0,0,39,19,100,SYNTHETIC,38.4,0,0.19,Sunday
Route 4 - North Suburbs,17,1,0,20.1,0,0,30,51,100,SYNTHETIC,30.0,1,0.51,Tuesday
Route 8 - Beach/Leisure,17,0,0,5.0,0,0,14,36,100,SYNTHETIC,27.1,1,0.36,Monday
Route 6 - Industrial Park,12,4,0,14.3,0,0,22,26,100,SYNTHETIC,45.9,0,0.26,Friday
Route 10 - West Ring,12,2,0,19.4,0,0,17,17,100,SYNTHETIC,26.9,0,0.17,Wednesday
Route 3 - University Shuttle,8,3,0,17.1,0,0,65,88,100,SYNTHETIC,37.7,1,0.88,Thursday
Route 8 - Beach/Leisure,12,6,1,17.4,0,0,13,28,100,SYNTHETIC,27.1,0,0.28,Sunday
Route 5 - South Connector,18,6,1,29.4,0,0,27,26,100,SYNTHETIC,24.6,1,0.26,Sunday
Route 3 - University Shuttle,20,6,1,37.2,1,1,22,4,100,SYNTHETIC,37.7,0,0.04,Sunday
Route 10 - West Ring,16,5,1,17.5,0,0,11,9,100,SYNTHETIC,26.9,0,0.09,Saturday
Route 7 - Hospital Line,10,6,1,9.4,0,0,31,13,100,SYNTHETIC,37.7,0,0.13,Sunday
Route 6 - Industrial Park,17,5,1,18.1,0,0,7,6,100,SYNTHETIC,45.9,1,0.06,Saturday
Route 3 - University Shuttle,18,6,1,21.6,0,0,14,15,100,SYNTHETIC,37.7,1,0.15,Sunday
Route 9 - East Corridor,11,3,0,19.6,1,0,25,27,100,SYNTHETIC,35.6,0,0.27,Thursday
Route 1 - City Centre Express,19,0,0,24.9,0,0,100,77,100,SYNTHETIC,55.2,1,0.77,Monday
Route 2 - Airport Link,7,5,1,37.7,1,0,13,44,100,SYNTHETIC,38.4,1,0.44,Saturday
Route 2 - Airport Link,4,6,1,6.3,0,0,1,0,100,SYNTHETIC,38.4,0,0.0,Sunday
Route 7 - Hospital Line,8,2,0,15.9,0,0,64,64,100,SYNTHETIC,37.7,1,0.64,Wednesday
Route 2 - Airport Link,8,2,0,32.3,0,0,53,66,100,SYNTHETIC,38.4,1,0.66,Wednesday
Route 8 - Beach/Leisure,19,4,0,15.8,0,0,40,35,100,SYNTHETIC,27.1,1,0.35,Friday
Route 2 - Airport Link,12,4,0,26.3,0,0,28,31,100,SYNTHETIC,38.4,0,0.31,Friday
Route 7 - Hospital Line,10,4,0,25.0,0,0,49,23,100,SYNTHETIC,37.7,0,0.23,Friday
Route 8 - Beach/Leisure,13,2,0,29.9,1,0,17,17,100,SYNTHETIC,27.1,0,0.17,Wednesday
Route 9 - East Corridor,12,5,1,35.3,0,1,16,15,100,SYNTHETIC,35.6,0,0.15,Saturday
Route 3 - University Shuttle,10,5,1,22.7,0,0,9,2,100,SYNTHETIC,37.7,0,0.02,Saturday
Route 1 - City Centre Express,8,6,1,6.0,0,0,51,52,100,SYNTHETIC,55.2,1,0.52,Sunday
Route 8 - Beach/Leisure,17,4,0,14.4,1,0,17,49,100,SYNTHETIC,27.1,1,0.49,Friday
Route 5 - South Connector,8,0,0,37.5,0,0,36,42,100,SYNTHETIC,24.6,1,0.42,Monday
Route 10 - West Ring,18,5,1,8.7,0,0,20,12,100,SYNTHETIC,26.9,1,0.12,Saturday
Route 2 - Airport Link,8,0,0,24.0,0,0,58,66,100,SYNTHETIC,38.4,1,0.66,Monday
Route 6 - Industrial Park,18,1,0,-0.1,0,0,97,97,100,SYNTHETIC,45.9,1,0.97,Tuesday
Route 2 - Airport Link,18,1,0,9.2,0,0,47,52,100,SYNTHETIC,38.4,1,0.52,Tuesday
Route 5 - South Connector,8,1,0,27.1,0,0,38,46,100,SYNTHETIC,24.6,1,0.46,Tuesday
Route 1 - City Centre Express,7,5,1,20.3,0,0,9,52,100,SYNTHETIC,55.2,1,0.52,Saturday
Route 8 - Beach/Leisure,21,3,0,17.0,0,0,16,3,100,SYNTHETIC,27.1,0,0.03,Thursday
Route 7 - Hospital Line,13,1,0,13.5,0,1,40,44,100,SYNTHETIC,37.7,0,0.44,Tuesday
Route 1 - City Centre Express,16,0,0,4.0,1,0,33,42,100,SYNTHETIC,55.2,0,0.42,Monday
Route 5 - South Connector,6,1,0,25.5,0,0,3,10,100,SYNTHETIC,24.6,0,0.1,Tuesday
Route 5 - South Connector,10,4,0,17.7,0,0,30,14,100,SYNTHETIC,24.6,0,0.14,Friday
Route 7 - Hospital Line,14,5,1,7.8,0,0,22,15,100,SYNTHETIC,37.7,0,0.15,Saturday
Route 5 - South Connector,19,2,0,20.2,0,0,38,34,100,SYNTHETIC,24.6,1,0.34,Wednesday
Route 5 - South Connector,10,0,0,24.6,0,1,48,21,100,SYNTHETIC,24.6,0,0.21,Monday
Route 9 - East Corridor,18,3,0,18.4,0,0,64,75,100,SYNTHETIC,35.6,1,0.75,Thursday
Route 6 - Industrial Park,17,5,1,20.9,0,0,7,16,100,SYNTHETIC,45.9,1,0.16,Saturday
Route 9 - East Corridor,7,0,0,20.3,1,0,12,67,100,SYNTHETIC,35.6,1,0.67,Monday
Route 9 - East Corridor,10,5,1,14.3,0,0,27,10,100,SYNTHETIC,35.6,0,0.1,Saturday
Route 9 - East Corridor,9,1,0,20.4,1,0,59,48,100,SYNTHETIC,35.6,1,0.48,Tuesday
Route 10 - West Ring,13,1,0,25.9,0,0,17,22,100,SYNTHETIC,26.9,0,0.22,Tuesday
Route 7 - Hospital Line,16,4,0,28.3,0,0,27,33,100,SYNTHETIC,37.7,0,0.33,Friday
Route 6 - Industrial Park,13,0,0,26.3,1,0,32,31,100,SYNTHETIC,45.9,0,0.31,Monday
Route 6 - Industrial Park,9,2,0,14.6,0,0,89,61,100,SYNTHETIC,45.9,1,0.61,Wednesday
Route 3 - University Shuttle,17,0,0,25.1,1,0,31,70,100,SYNTHETIC,37.7,1,0.7,Monday
Route 9 - East Corridor,16,1,0,23.7,0,0,20,28,100,SYNTHETIC,35.6,0,0.28,Tuesday
Route 7 - Hospital Line,14,5,1,14.3,0,0,19,15,100,SYNTHETIC,37.7,0,0.15,Saturday
Route 9 - East Corridor,15,1,0,16.3,0,0,23,26,100,SYNTHETIC,35.6,0,0.26,Tuesday
Route 8 - Beach/Leisure,9,0,0,25.4,0,0,27,22,100,SYNTHETIC,27.1,1,0.22,Monday
Route 5 - South Connector,17,1,0,31.0,0,0,25,39,100,SYNTHETIC,24.6,1,0.39,Tuesday
Route 3 - University Shuttle,12,0,0,5.5,0,0,19,24,100,SYNTHETIC,37.7,0,0.24,Monday
Route 10 - West Ring,11,4,0,33.1,0,0,17,15,100,SYNTHETIC,26.9,0,0.15,Friday
Route 8 - Beach/Leisure,8,6,1,29.3,1,0,43,49,100,SYNTHETIC,27.1,1,0.49,Sunday
Route 9 - East Corridor,16,1,0,21.6,0,1,37,42,100,SYNTHETIC,35.6,0,0.42,Tuesday
Route 6 - Industrial Park,16,5,1,18.1,0,0,9,7,100,SYNTHETIC,45.9,0,0.07,Saturday
Route 6 - Industrial Park,11,2,0,23.1,0,0,26,33,100,SYNTHETIC,45.9,0,0.33,Wednesday
Route 1 - City Centre Express,19,0,0,14.9,0,0,106,73,100,SYNTHETIC,55.2,1,0.73,Monday
Route 1 - City Centre Express,19,4,0,18.6,0,0,94,72,100,SYNTHETIC,55.2,1,0.72,Friday
Route 8 - Beach/Leisure,7,1,0,8.2,0,0,9,30,100,SYNTHETIC,27.1,1,0.3,Tuesday
Route 3 - University Shuttle,17,3,0,6.1,1,0,36,84,100,SYNTHETIC,37.7,1,0.84,Thursday
Route 1 - City Centre Express,12,3,0,38.7,0,0,29,33,100,SYNTHETIC,55.2,0,0.33,Thursday
Route 8 - Beach/Leisure,23,4,0,20.5,1,0,0,6,100,SYNTHETIC,27.1,0,0.06,Friday
Route 7 - Hospital Line,9,0,0,21.6,0,0,80,46,100,SYNTHETIC,37.7,1,0.46,Monday
Route 2 - Airport Link,10,1,0,19.8,0,0,46,26,100,SYNTHETIC,38.4,0,0.26,Tuesday
Route 5 - South Connector,13,5,1,13.4,0,0,10,8,100,SYNTHETIC,24.6,0,0.08,Saturday
Route 5 - South Connector,9,6,1,17.5,0,0,24,17,100,SYNTHETIC,24.6,1,0.17,Sunday
Route 1 - City Centre Express,17,0,0,20.7,0,0,32,91,100,SYNTHETIC,55.2,1,0.91,Monday
Route 7 - Hospital Line,14,2,0,18.4,0,0,26,21,100,SYNTHETIC,37.7,0,0.21,Wednesday
Route 4 - North Suburbs,9,6,1,14.0,1,0,30,23,100,SYNTHETIC,30.0,1,0.23,Sunday
Route 9 - East Corridor,14,2,0,23.8,1,0,25,21,100,SYNTHETIC,35.6,0,0.21,Wednesday
Route 2 - Airport Link,20,3,0,21.5,1,0,52,31,100,SYNTHETIC,38.4,0,0.31,Thursday
Route 9 - East Corridor,18,6,1,23.1,0,0,20,31,100,SYNTHETIC,35.6,1,0.31,Sunday
Route 1 - City Centre Express,14,6,1,25.6,1,0,23,15,100,SYNTHETIC,55.2,0,0.15,Sunday
Route 8 - Beach/Leisure,10,4,0,18.6,0,0,20,15,100,SYNTHETIC,27.1,0,0.15,Friday
Route 8 - Beach/Leisure,8,4,0,18.6,0,0,24,29,100,SYNTHETIC,27.1,1,0.29,Friday
Route 5 - South Connector,19,4,0,31.9,0,0,40,40,100,SYNTHETIC,24.6,1,0.4,Friday
Route 3 - University Shuttle,17,1,0,12.4,0,0,29,74,100,SYNTHETIC,37.7,1,0.74,Tuesday
Route 2 - Airport Link,15,6,1,5.0,1,0,24,26,100,SYNTHETIC,38.4,0,0.26,Sunday
Route 4 - North Suburbs,19,0,0,24.4,0,0,57,47,100,SYNTHETIC,30.0,1,0.47,Monday
Route 7 - Hospital Line,8,0,0,15.0,1,0,64,80,100,SYNTHETIC,37.7,1,0.8,Monday
Route 8 - Beach/Leisure,17,4,0,11.4,0,0,19,45,100,SYNTHETIC,27.1,1,0.45,Friday
Route 2 - Airport Link,9,5,1,27.1,0,0,66,40,100,SYNTHETIC,38.4,1,0.4,Saturday
Route 1 - City Centre Express,7,5,1,18.8,0,0,8,53,100,SYNTHETIC,55.2,1,0.53,Saturday
Route 6 - Industrial Park,13,4,0,9.9,0,0,30,31,100,SYNTHETIC,45.9,0,0.31,Friday
Route 6 - Industrial Park,12,2,0,35.5,0,0,34,31,100,SYNTHETIC,45.9,0,0.31,Wednesday
Route 10 - West Ring,21,2,0,7.1,0,0,18,8,100,SYNTHETIC,26.9,0,0.08,Wednesday
Route 8 - Beach/Leisure,11,2,0,19.3,0,0,16,10,100,SYNTHETIC,27.1,0,0.1,Wednesday
Route 6 - Industrial Park,18,1,0,4.9,1,0,95,96,100,SYNTHETIC,45.9,1,0.96,Tuesday
Route 6 - Industrial Park,18,2,0,22.2,0,0,88,96,100,SYNTHETIC,45.9,1,0.96,Wednesday
Route 7 - Hospital Line,17,0,0,14.9,1,0,37,80,100,SYNTHETIC,37.7,1,0.8,Monday
Route 5 - South Connector,20,2,0,26.6,1,0,38,19,100,SYNTHETIC,24.6,0,0.19,Wednesday
Route 7 - Hospital Line,12,6,1,19.9,0,0,13,19,100,SYNTHETIC,37.7,0,0.19,Sunday
Route 2 - Airport Link,12,4,0,30.8,1,0,29,30,100,SYNTHETIC,38.4,0,0.3,Friday
Route 9 - East Corridor,8,0,0,16.6,0,0,52,71,100,SYNTHETIC,35.6,1,0.71,Monday
Route 9 - East Corridor,10,2,0,7.2,1,0,57,23,100,SYNTHETIC,35.6,0,0.23,Wednesday
Route 5 - South Connector,19,1,0,21.9,0,0,49,31,100,SYNTHETIC,24.6,1,0.31,Tuesday
Route 5 - South Connector,13,1,0,18.0,0,0,25,15,100,SYNTHETIC,24.6,0,0.15,Tuesday
Route 5 - South Connector,11,4,0,5.4,0,0,17,16,100,SYNTHETIC,24.6,0,0.16,Friday
Route 9 - East Corridor,9,6,1,11.6,0,0,32,21,100,SYNTHETIC,35.6,1,0.21,Sunday
Route 2 - Airport Link,14,4,0,14.1,0,0,27,23,100,SYNTHETIC,38.4,0,0.23,Friday
Route 4 - North Suburbs,17,3,0,32.4,0,0,23,52,100,SYNTHETIC,30.0,1,0.52,Thursday
Route 7 - Hospital Line,10,1,0,25.7,1,0,63,24,100,SYNTHETIC,37.7,0,0.24,Tuesday
Route 7 - Hospital Line,18,1,0,17.2,0,0,66,71,100,SYNTHETIC,37.7,1,0.71,Tuesday
Route 3 - University Shuttle,16,5,1,23.8,0,0,6,9,100,SYNTHETIC,37.7,0,0.09,Saturday
Route 2 - Airport Link,18,4,0,3.7,1,1,95,89,100,SYNTHETIC,38.4,1,0.89,Friday
Route 6 - Industrial Park,9,3,0,15.5,0,1,140,93,100,SYNTHETIC,45.9,1,0.93,Thursday
Route 7 - Hospital Line,16,4,0,23.2,0,0,22,31,100,SYNTHETIC,37.7,0,0.31,Friday
Route 8 - Beach/Leisure,8,5,1,21.3,1,0,30,45,100,SYNTHETIC,27.1,1,0.45,Saturday
Route 1 - City Centre Express,11,5,1,15.7,0,0,18,19,100,SYNTHETIC,55.2,0,0.19,Saturday
Route 1 - City Centre Express,17,0,0,19.7,0,0,40,90,100,SYNTHETIC,55.2,1,0.9,Monday
Route 4 - North Suburbs,16,2,0,22.7,0,0,23,23,100,SYNTHETIC,30.0,0,0.23,Wednesday
Route 6 - Industrial Park,8,0,0,19.9,1,0,93,110,100,SYNTHETIC,45.9,1,1.1,Monday
Route 1 - City Centre Express,19,2,0,26.9,0,0,102,75,100,SYNTHETIC,55.2,1,0.75,Wednesday
Route 2 - Airport Link,7,4,0,22.5,0,0,16,52,100,SYNTHETIC,38.4,1,0.52,Friday
Route 5 - South Connector,16,1,0,24.1,0,0,14,23,100,SYNTHETIC,24.6,0,0.23,Tuesday
Route 3 - University Shuttle,22,1,0,33.7,0,0,18,8,100,SYNTHETIC,37.7,0,0.08,Tuesday
Route 8 - Beach/Leisure,15,3,0,26.6,1,0,14,16,100,SYNTHETIC,27.1,0,0.16,Thursday
Route 1 - City Centre Express,18,3,0,33.9,1,0,105,101,100,SYNTHETIC,55.2,1,1.01,Thursday
Route 9 - East Corridor,16,4,0,14.6,1,0,28,32,100,SYNTHETIC,35.6,0,0.32,Friday
Route 2 - Airport Link,18,0,0,7.3,0,0,59,52,100,SYNTHETIC,38.4,1,0.52,Monday
Route 5 - South Connector,17,1,0,18.9,1,0,25,39,100,SYNTHETIC,24.6,1,0.39,Tuesday
Route 10 - West Ring,17,5,1,18.2,0,0,12,20,100,SYNTHETIC,26.9,1,0.2,Saturday
Route 7 - Hospital Line,9,4,0,31.7,0,0,71,43,100,SYNTHETIC,37.7,1,0.43,Friday
Route 10 - West Ring,18,6,1,11.0,1,0,20,22,100,SYNTHETIC,26.9,1,0.22,Sunday
Route 1 - City Centre Express,9,5,1,19.4,0,0,56,36,100,SYNTHETIC,55.2,1,0.36,Saturday
Route 8 - Beach/Leisure,22,5,1,23.2,1,0,16,10,100,SYNTHETIC,27.1,0,0.1,Saturday
Route 1 - City Centre Express,9,3,0,20.8,0,0,90,82,100,SYNTHETIC,55.2,1,0.82,Thursday
Route 7 - Hospital Line,9,6,1,18.6,0,0,45,34,100,SYNTHETIC,37.7,1,0.34,Sunday
Route 4 - North Suburbs,19,2,0,22.9,0,0,54,43,100,SYNTHETIC,30.0,1,0.43,Wednesday
Route 8 - Beach/Leisure,9,6,1,28.6,0,0,41,23,100,SYNTHETIC,27.1,1,0.23,Sunday
Route 2 - Airport Link,11,2,0,32.3,0,0,24,27,100,SYNTHETIC,38.4,0,0.27,Wednesday
Route 9 - East Corridor,17,3,0,20.3,1,1,52,85,100,SYNTHETIC,35.6,1,0.85,Thursday
Route 5 - South Connector,8,4,0,13.5,0,0,39,43,100,SYNTHETIC,24.6,1,0.43,Friday
Route 6 - Industrial Park,8,2,0,32.3,0,0,82,89,100,SYNTHETIC,45.9,1,0.89,Wednesday
Route 6 - Industrial Park,14,1,0,11.4,0,0,28,20,100,SYNTHETIC,45.9,0,0.2,Tuesday
Route 1 - City Centre Express,9,6,1,34.3,0,1,90,73,100,SYNTHETIC,55.2,1,0.73,Sunday
Route 4 - North Suburbs,9,3,0,30.8,0,1,87,53,100,SYNTHETIC,30.0,1,0.53,Thursday
Route 8 - Beach/Leisure,3,6,1,31.9,0,0,8,0,100,SYNTHETIC,27.1,0,0.0,Sunday
Route 10 - West Ring,12,2,0,25.5,0,0,15,20,100,SYNTHETIC,26.9,0,0.2,Wednesday
Route 10 - West Ring,11,6,1,3.1,1,0,6,9,100,SYNTHETIC,26.9,0,0.09,Sunday
Route 6 - Industrial Park,6,4,0,11.7,1,0,1,17,100,SYNTHETIC,45.9,0,0.17,Friday
Route 3 - University Shuttle,16,5,1,22.5,0,0,6,4,100,SYNTHETIC,37.7,0,0.04,Saturday
Route 5 - South Connector,16,5,1,14.6,0,0,10,13,100,SYNTHETIC,24.6,0,0.13,Saturday
Route 5 - South Connector,7,1,0,17.5,0,0,7,39,100,SYNTHETIC,24.6,1,0.39,Tuesday
Route 4 - North Suburbs,10,5,1,24.9,0,0,23,5,100,SYNTHETIC,30.0,0,0.05,Saturday
Route 4 - North Suburbs,19,6,1,18.6,0,0,29,23,100,SYNTHETIC,30.0,1,0.23,Sunday
Route 9 - East Corridor,16,4,0,10.2,0,0,25,24,100,SYNTHETIC,35.6,0,0.24,Friday
Route 4 - North Suburbs,12,6,1,27.1,0,0,14,8,100,SYNTHETIC,30.0,0,0.08,Sunday
Route 1 - City Centre Express,13,5,1,24.1,0,0,15,21,100,SYNTHETIC,55.2,0,0.21,Saturday
Route 8 - Beach/Leisure,9,4,0,18.0,0,0,29,18,100,SYNTHETIC,27.1,1,0.18,Friday
Route 7 - Hospital Line,18,3,0,25.7,1,0,57,71,100,SYNTHETIC,37.7,1,0.71,Thursday
Route 4 - North Suburbs,20,6,1,20.8,0,0,23,12,100,SYNTHETIC,30.0,0,0.12,Sunday
Route 7 - Hospital Line,20,1,0,30.7,1,0,54,23,100,SYNTHETIC,37.7,0,0.23,Tuesday
Route 10 - West Ring,9,3,0,21.2,1,0,56,42,100,SYNTHETIC,26.9,1,0.42,Thursday
Route 10 - West Ring,10,5,1,30.6,0,0,14,9,100,SYNTHETIC,26.9,0,0.09,Saturday
Route 8 - Beach/Leisure,8,6,1,5.0,1,0,40,41,100,SYNTHETIC,27.1,1,0.41,Sunday
Route 6 - Industrial Park,10,1,0,23.7,0,0,61,27,100,SYNTHETIC,45.9,0,0.27,Tuesday
Route 1 - City Centre Express,11,0,0,16.8,1,0,35,38,100,SYNTHETIC,55.2,0,0.38,Monday
Route 6 - Industrial Park,16,2,0,13.1,0,0,25,35,100,SYNTHETIC,45.9,0,0.35,Wednesday
Route 9 - East Corridor,8,6,1,29.3,0,0,28,41,100,SYNTHETIC,35.6,1,0.41,Sunday
Route 9 - East Corridor,20,3,0,27.1,1,0,66,29,100,SYNTHETIC,35.6,0,0.29,Thursday
Route 8 - Beach/Leisure,7,0,0,3.9,0,0,14,22,100,SYNTHETIC,27.1,1,0.22,Monday
Route 10 - West Ring,1,0,0,25.7,1,0,0,0,100,SYNTHETIC,26.9,0,0.0,Monday
Route 6 - Industrial Park,19,2,0,24.8,0,0,88,74,100,SYNTHETIC,45.9,1,0.74,Wednesday
Route 2 - Airport Link,17,2,0,14.2,1,0,34,56,100,SYNTHETIC,38.4,1,0.56,Wednesday
Route 5 - South Connector,11,0,0,13.3,0,0,23,18,100,SYNTHETIC,24.6,0,0.18,Monday
Route 4 - North Suburbs,16,3,0,7.3,0,0,20,27,100,SYNTHETIC,30.0,0,0.27,Thursday
Route 9 - East Corridor,9,3,0,17.3,0,0,75,41,100,SYNTHETIC,35.6,1,0.41,Thursday
Route 8 - Beach/Leisure,8,1,0,18.6,0,0,24,29,100,SYNTHETIC,27.1,1,0.29,Tuesday
Route 5 - South Connector,13,1,0,26.4,0,0,16,21,100,SYNTHETIC,24.6,0,0.21,Tuesday
Route 4 - North Suburbs,11,4,0,22.2,0,0,14,23,100,SYNTHETIC,30.0,0,0.23,Friday
Route 2 - Airport Link,16,6,1,11.5,0,0,22,29,100,SYNTHETIC,38.4,0,0.29,Sunday
Route 1 - City Centre Express,9,6,1,21.9,0,0,77,46,100,SYNTHETIC,55.2,1,0.46,Sunday
Route 4 - North Suburbs,17,3,0,18.0,0,0,27,59,100,SYNTHETIC,30.0,1,0.59,Thursday
Route 3 - University Shuttle,18,0,0,12.5,1,0,90,85,100,SYNTHETIC,37.7,1,0.85,Monday
Route 3 - University Shuttle,8,6,1,7.3,1,0,11,19,100,SYNTHETIC,37.7,1,0.19,Sunday
Route 10 - West Ring,6,6,1,25.0,1,0,0,12,100,SYNTHETIC,26.9,0,0.12,Sunday
Route 7 - Hospital Line,13,1,0,23.6,0,0,30,26,100,SYNTHETIC,37.7,0,0.26,Tuesday
Route 6 - Industrial Park,18,2,0,24.5,0,0,80,85,100,SYNTHETIC,45.9,1,0.85,Wednesday
Route 2 - Airport Link,17,0,0,14.2,1,0,36,65,100,SYNTHETIC,38.4,1,0.65,Monday
Route 9 - East Corridor,17,5,1,21.4,0,0,12,32,100,SYNTHETIC,35.6,1,0.32,Saturday
Route 7 - Hospital Line,12,5,1,9.0,0,0,19,16,100,SYNTHETIC,37.7,0,0.16,Saturday
Route 6 - Industrial Park,9,0,0,12.1,0,0,101,60,100,SYNTHETIC,45.9,1,0.6,Monday
Route 5 - South Connector,15,4,0,20.3,0,0,18,19,100,SYNTHETIC,24.6,0,0.19,Friday
Route 6 - Industrial Park,8,2,0,22.1,0,1,139,149,100,SYNTHETIC,45.9,1,1.49,Wednesday
Route 9 - East Corridor,17,3,0,7.0,1,0,29,56,100,SYNTHETIC,35.6,1,0.56,Thursday
Route 8 - Beach/Leisure,8,1,0,11.5,0,1,37,40,100,SYNTHETIC,27.1,1,0.4,Tuesday
Route 5 - South Connector,10,5,1,17.1,1,0,17,9,100,SYNTHETIC,24.6,0,0.09,Saturday
Route 7 - Hospital Line,14,2,0,27.7,1,0,29,25,100,SYNTHETIC,37.7,0,0.25,Wednesday
Route 10 - West Ring,14,5,1,13.5,0,1,8,14,100,SYNTHETIC,26.9,0,0.14,Saturday
Route 4 - North Suburbs,16,1,0,21.1,0,0,19,21,100,SYNTHETIC,30.0,0,0.21,Tuesday
Route 10 - West Ring,13,4,0,22.0,0,0,28,16,100,SYNTHETIC,26.9,0,0.16,Friday
Route 7 - Hospital Line,20,2,0,18.0,1,0,58,26,100,SYNTHETIC,37.7,0,0.26,Wednesday
Route 2 - Airport Link,19,6,1,22.1,0,0,56,48,100,SYNTHETIC,38.4,1,0.48,Sunday
Route 10 - West Ring,19,3,0,9.2,0,0,42,46,100,SYNTHETIC,26.9,1,0.46,Thursday
Route 7 - Hospital Line,16,5,1,14.8,0,0,14,22,100,SYNTHETIC,37.7,0,0.22,Saturday
Route 4 - North Suburbs,16,0,0,31.5,0,0,20,26,100,SYNTHETIC,30.0,0,0.26,Monday
Route 3 - University Shuttle,16,4,0,32.0,0,0,23,22,100,SYNTHETIC,37.7,0,0.22,Friday
Route 10 - West Ring,13,0,0,26.7,0,0,26,22,100,SYNTHETIC,26.9,0,0.22,Monday
Route 9 - East Corridor,11,2,0,28.8,0,0,24,24,100,SYNTHETIC,35.6,0,0.24,Wednesday
Route 1 - City Centre Express,16,1,0,5.4,0,0,32,40,100,SYNTHETIC,55.2,0,0.4,Tuesday
Route 7 - Hospital Line,6,0,0,12.4,0,0,3,8,100,SYNTHETIC,37.7,0,0.08,Monday
Route 2 - Airport Link,2,4,0,17.5,0,0,4,7,100,SYNTHETIC,38.4,0,0.07,Friday
Route 3 - University Shuttle,19,1,0,39.3,0,0,66,70,100,SYNTHETIC,37.7,1,0.7,Tuesday
Route 6 - Industrial Park,7,3,0,17.5,1,0,11,95,100,SYNTHETIC,45.9,1,0.95,Thursday
Route 3 - University Shuttle,14,5,1,26.0,0,0,7,7,100,SYNTHETIC,37.7,0,0.07,Saturday
Route 6 - Industrial Park,16,1,0,23.0,0,0,30,38,100,SYNTHETIC,45.9,0,0.38,Tuesday
Route 5 - South Connector,8,4,0,22.8,0,0,33,49,100,SYNTHETIC,24.6,1,0.49,Friday
Route 6 - Industrial Park,20,2,0,19.8,1,0,66,28,100,SYNTHETIC,45.9,0,0.28,Wednesday
Route 9 - East Corridor,8,2,0,10.4,0,0,61,51,100,SYNTHETIC,35.6,1,0.51,Wednesday
Route 2 - Airport Link,19,4,0,-1.6,0,1,77,57,100,SYNTHETIC,38.4,1,0.57,Friday
Route 8 - Beach/Leisure,18,4,0,30.3,1,0,48,44,100,SYNTHETIC,27.1,1,0.44,Friday
Route 3 - University Shuttle,9,4,0,15.1,0,0,84,56,100,SYNTHETIC,37.7,1,0.56,Friday
Route 1 - City Centre Express,8,1,0,5.1,0,0,84,104,100,SYNTHETIC,55.2,1,1.04,Tuesday
Route 5 - South Connector,10,4,0,23.5,1,0,32,17,100,SYNTHETIC,24.6,0,0.17,Friday
Route 4 - North Suburbs,12,1,0,23.4,0,0,21,23,100,SYNTHETIC,30.0,0,0.23,Tuesday
Route 2 - Airport Link,9,1,0,26.1,0,0,66,38,100,SYNTHETIC,38.4,1,0.38,Tuesday
Route 5 - South Connector,23,6,1,28.9,0,0,2,0,100,SYNTHETIC,24.6,0,0.0,Sunday
Route 9 - East Corridor,9,0,0,12.6,0,0,64,47,100,SYNTHETIC,35.6,1,0.47,Monday
Route 6 - Industrial Park,19,2,0,13.0,0,1,147,105,100,SYNTHETIC,45.9,1,1.05,Wednesday
Route 8 - Beach/Leisure,8,3,0,17.5,0,0,25,27,100,SYNTHETIC,27.1,1,0.27,Thursday
Route 2 - Airport Link,22,1,0,26.6,0,0,14,11,100,SYNTHETIC,38.4,0,0.11,Tuesday
Route 1 - City Centre Express,9,5,1,3.2,0,1,88,72,100,SYNTHETIC,55.2,1,0.72,Saturday
Route 4 - North Suburbs,12,3,0,21.0,0,0,19,23,100,SYNTHETIC,30.0,0,0.23,Thursday
Route 8 - Beach/Leisure,15,5,1,27.5,0,1,30,39,100,SYNTHETIC,27.1,0,0.39,Saturday
Route 9 - East Corridor,7,2,0,27.1,0,0,16,60,100,SYNTHETIC,35.6,1,0.6,Wednesday
Route 2 - Airport Link,19,6,1,25.7,0,0,54,45,100,SYNTHETIC,38.4,1,0.45,Sunday
Route 5 - South Connector,10,5,1,28.5,0,0,23,12,100,SYNTHETIC,24.6,0,0.12,Saturday
Route 4 - North Suburbs,15,2,0,-2.0,0,1,27,31,100,SYNTHETIC,30.0,0,0.31,Wednesday
Route 8 - Beach/Leisure,15,6,1,32.9,0,0,19,19,100,SYNTHETIC,27.1,0,0.19,Sunday
Route 3 - University Shuttle,16,6,1,22.6,0,0,5,9,100,SYNTHETIC,37.7,0,0.09,Sunday
Route 5 - South Connector,7,4,0,30.7,0,0,9,36,100,SYNTHETIC,24.6,1,0.36,Friday
Route 9 - East Corridor,8,0,0,10.6,0,0,58,68,100,SYNTHETIC,35.6,1,0.68,Monday
Route 5 - South Connector,8,4,0,6.0,1,0,36,48,100,SYNTHETIC,24.6,1,0.48,Friday
Route 8 - Beach/Leisure,10,4,0,34.3,0,0,18,17,100,SYNTHETIC,27.1,0,0.17,Friday
Route 7 - Hospital Line,8,2,0,12.6,0,0,51,68,100,SYNTHETIC,37.7,1,0.68,Wednesday
Route 6 - Industrial Park,20,1,0,17.5,0,0,83,25,100,SYNTHETIC,45.9,0,0.25,Tuesday
Route 3 - University Shuttle,14,3,0,24.2,0,0,18,28,100,SYNTHETIC,37.7,0,0.28,Thursday
Route 10 - West Ring,16,5,1,26.2,1,0,11,16,100,SYNTHETIC,26.9,0,0.16,Saturday
Route 3 - University Shuttle,11,2,0,28.6,0,0,17,22,100,SYNTHETIC,37.7,0,0.22,Wednesday
Route 10 - West Ring,10,3,0,21.8,0,0,37,14,100,SYNTHETIC,26.9,0,0.14,Thursday
Route 10 - West Ring,14,0,0,11.6,1,0,19,22,100,SYNTHETIC,26.9,0,0.22,Monday
Route 6 - Industrial Park,10,4,0,25.7,1,0,62,27,100,SYNTHETIC,45.9,0,0.27,Friday
Route 9 - East Corridor,11,6,1,25.8,0,0,13,14,100,SYNTHETIC,35.6,0,0.14,Sunday
Route 8 - Beach/Leisure,13,5,1,5.5,0,0,16,25,100,SYNTHETIC,27.1,0,0.25,Saturday
Route 8 - Beach/Leisure,14,3,0,31.3,0,0,14,11,100,SYNTHETIC,27.1,0,0.11,Thursday
Route 1 - City Centre Express,22,0,0,0.1,0,0,23,8,100,SYNTHETIC,55.2,0,0.08,Monday
Route 2 - Airport Link,9,3,0,28.3,0,0,70,41,100,SYNTHETIC,38.4,1,0.41,Thursday
Route 1 - City Centre Express,14,6,1,14.9,1,0,16,17,100,SYNTHETIC,55.2,0,0.17,Sunday
Route 1 - City Centre Express,8,0,0,25.6,0,0,83,106,100,SYNTHETIC,55.2,1,1.06,Monday
Route 9 - East Corridor,11,1,0,24.1,1,0,26,26,100,SYNTHETIC,35.6,0,0.26,Tuesday
Route 2 - Airport Link,17,5,1,19.7,1,0,37,59,100,SYNTHETIC,38.4,1,0.59,Saturday
Route 1 - City Centre Express,8,3,0,23.6,1,0,110,105,100,SYNTHETIC,55.2,1,1.05,Thursday
Route 10 - West Ring,16,1,0,19.3,0,0,27,26,100,SYNTHETIC,26.9,0,0.26,Tuesday
Route 3 - University Shuttle,12,0,0,25.7,0,0,22,23,100,SYNTHETIC,37.7,0,0.23,Monday
Route 9 - East Corridor,7,2,0,37.5,0,0,12,60,100,SYNTHETIC,35.6,1,0.6,Wednesday
Route 10 - West Ring,20,4,0,9.3,0,0,36,14,100,SYNTHETIC,26.9,0,0.14,Friday
Route 6 - Industrial Park,12,5,1,-5.0,0,0,0,9,100,SYNTHETIC,45.9,0,0.09,Saturday
Route 10 - West Ring,18,6,1,16.7,0,0,22,22,100,SYNTHETIC,26.9,1,0.22,Sunday
Route 10 - West Ring,12,3,0,16.1,1,0,15,24,100,SYNTHETIC,26.9,0,0.24,Thursday
Route 2 - Airport Link,20,2,0,17.0,0,0,44,29,100,SYNTHETIC,38.4,0,0.29,Wednesday
Route 2 - Airport Link,10,6,1,12.6,0,0,33,18,100,SYNTHETIC,38.4,0,0.18,Sunday
Route 4 - North Suburbs,12,5,1,27.0,0,0,12,14,100,SYNTHETIC,30.0,0,0.14,Saturday
Route 6 - Industrial Park,18,1,0,8.9,0,0,80,86,100,SYNTHETIC,45.9,1,0.86,Tuesday
Route 8 - Beach/Leisure,11,4,0,23.6,1,0,10,16,100,SYNTHETIC,27.1,0,0.16,Friday
Route 2 - Airport Link,11,5,1,25.1,1,0,27,24,100,SYNTHETIC,38.4,0,0.24,Saturday
Route 2 - Airport Link,23,1,0,22.5,0,0,7,9,100,SYNTHETIC,38.4,0,0.09,Tuesday
Route 4 - North Suburbs,15,6,1,23.9,0,0,8,7,100,SYNTHETIC,30.0,0,0.07,Sunday
Route 3 - University Shuttle,17,2,0,27.6,0,1,40,117,100,SYNTHETIC,37.7,1,1.17,Wednesday
Route 10 - West Ring,16,3,0,20.4,1,0,24,24,100,SYNTHETIC,26.9,0,0.24,Thursday
Route 4 - North Suburbs,19,3,0,17.2,0,0,57,49,100,SYNTHETIC,30.0,1,0.49,Thursday
Route 9 - East Corridor,19,4,0,23.9,0,0,60,63,100,SYNTHETIC,35.6,1,0.63,Friday
Route 1 - City Centre Express,15,6,1,24.8,0,0,12,18,100,SYNTHETIC,55.2,0,0.18,Sunday
Route 2 - Airport Link,10,2,0,27.1,0,0,54,25,100,SYNTHETIC,38.4,0,0.25,Wednesday
Route 9 - East Corridor,6,2,0,6.3,0,0,9,10,100,SYNTHETIC,35.6,0,0.1,Wednesday
Route 3 - University Shuttle,16,5,1,18.5,0,0,9,9,100,SYNTHETIC,37.7,0,0.09,Saturday
Route 1 - City Centre Express,19,6,1,11.5,0,0,53,45,100,SYNTHETIC,55.2,1,0.45,Sunday
Route 6 - Industrial Park,13,6,1,24.5,0,0,3,7,100,SYNTHETIC,45.9,0,0.07,Sunday
Route 2 - Airport Link,8,5,1,25.8,1,1,82,89,100,SYNTHETIC,38.4,1,0.89,Saturday
Route 1 - City Centre Express,10,4,0,17.8,0,0,66,37,100,SYNTHETIC,55.2,0,0.37,Friday
Route 5 - South Connector,14,5,1,14.2,0,0,7,2,100,SYNTHETIC,24.6,0,0.02,Saturday
Route 6 - Industrial Park,19,6,1,24.8,0,0,19,12,100,SYNTHETIC,45.9,1,0.12,Sunday
Route 6 - Industrial Park,8,0,0,18.9,0,0,84,99,100,SYNTHETIC,45.9,1,0.99,Monday
Route 6 - Industrial Park,16,4,0,31.4,0,0,26,36,100,SYNTHETIC,45.9,0,0.36,Friday
Route 1 - City Centre Express,18,0,0,34.2,0,0,99,98,100,SYNTHETIC,55.2,1,0.98,Monday
Route 3 - University Shuttle,20,4,0,28.0,0,1,89,36,100,SYNTHETIC,37.7,0,0.36,Friday
Route 4 - North Suburbs,7,2,0,21.9,1,0,6,57,100,SYNTHETIC,30.0,1,0.57,Wednesday
Route 3 - University Shuttle,20,2,0,34.6,0,0,55,24,100,SYNTHETIC,37.7,0,0.24,Wednesday
Route 6 - Industrial Park,16,6,1,21.9,1,0,3,11,100,SYNTHETIC,45.9,0,0.11,Sunday
Route 3 - University Shuttle,18,4,0,16.2,0,0,76,57,100,SYNTHETIC,37.7,1,0.57,Friday
Route 7 - Hospital Line,7,3,0,14.6,0,0,13,66,100,SYNTHETIC,37.7,1,0.66,Thursday
Route 10 - West Ring,14,6,1,14.4,0,0,13,16,100,SYNTHETIC,26.9,0,0.16,Sunday
Route 7 - Hospital Line,16,0,0,19.9,0,0,24,26,100,SYNTHETIC,37.7,0,0.26,Monday
Route 4 - North Suburbs,10,4,0,23.7,0,0,40,19,100,SYNTHETIC,30.0,0,0.19,Friday
Route 5 - South Connector,13,1,0,8.7,1,0,24,23,100,SYNTHETIC,24.6,0,0.23,Tuesday
Route 6 - Industrial Park,15,1,0,16.4,1,0,33,35,100,SYNTHETIC,45.9,0,0.35,Tuesday
Route 8 - Beach/Leisure,15,1,0,21.7,0,1,20,28,100,SYNTHETIC,27.1,0,0.28,Tuesday
Route 4 - North Suburbs,6,3,0,25.1,0,0,4,12,100,SYNTHETIC,30.0,0,0.12,Thursday
Route 1 - City Centre Express,13,4,0,19.8,0,0,34,26,100,SYNTHETIC,55.2,0,0.26,Friday
Route 8 - Beach/Leisure,9,5,1,22.0,0,0,36,33,100,SYNTHETIC,27.1,1,0.33,Saturday
Route 7 - Hospital Line,20,3,0,10.1,0,0,59,26,100,SYNTHETIC,37.7,0,0.26,Thursday
Route 2 - Airport Link,22,6,1,12.7,0,0,14,12,100,SYNTHETIC,38.4,0,0.12,Sunday
Route 7 - Hospital Line,10,2,0,19.5,1,0,53,21,100,SYNTHETIC,37.7,0,0.21,Wednesday
Route 1 - City Centre Express,8,1,0,24.1,0,0,75,91,100,SYNTHETIC,55.2,1,0.91,Tuesday
Route 7 - Hospital Line,9,0,0,21.9,0,0,72,47,100,SYNTHETIC,37.7,1,0.47,Monday
Route 8 - Beach/Leisure,13,0,0,13.2,1,0,14,20,100,SYNTHETIC,27.1,0,0.2,Monday
Route 1 - City Centre Express,19,3,0,18.1,0,0,114,91,100,SYNTHETIC,55.2,1,0.91,Thursday
Route 8 - Beach/Leisure,14,2,0,32.1,0,0,20,11,100,SYNTHETIC,27.1,0,0.11,Wednesday
Route 2 - Airport Link,7,5,1,24.4,0,0,14,46,100,SYNTHETIC,38.4,1,0.46,Saturday
Route 3 - University Shuttle,6,0,0,18.7,1,0,4,22,100,SYNTHETIC,37.7,0,0.22,Monday
Route 8 - Beach/Leisure,9,1,0,11.8,1,0,29,19,100,SYNTHETIC,27.1,1,0.19,Tuesday
Route 4 - North Suburbs,19,6,1,14.3,0,0,27,24,100,SYNTHETIC,30.0,1,0.24,Sunday
Route 10 - West Ring,16,0,0,20.1,0,0,20,23,100,SYNTHETIC,26.9,0,0.23,Monday
Route 10 - West Ring,15,2,0,22.2,0,0,18,21,100,SYNTHETIC,26.9,0,0.21,Wednesday
Route 10 - West Ring,11,1,0,24.5,1,0,22,18,100,SYNTHETIC,26.9,0,0.18,Tuesday
Route 2 - Airport Link,20,3,0,23.1,0,1,64,37,100,SYNTHETIC,38.4,0,0.37,Thursday
Route 2 - Airport Link,11,6,1,17.0,0,0,27,23,100,SYNTHETIC,38.4,0,0.23,Sunday
Route 2 - Airport Link,19,1,0,15.9,1,1,91,72,100,SYNTHETIC,38.4,1,0.72,Tuesday
Route 6 - Industrial Park,20,2,0,36.4,1,0,74,31,100,SYNTHETIC,45.9,0,0.31,Wednesday
Route 5 - South Connector,14,3,0,15.5,1,0,21,19,100,SYNTHETIC,24.6,0,0.19,Thursday
Route 8 - Beach/Leisure,20,5,1,9.7,1,0,60,30,100,SYNTHETIC,27.1,0,0.3,Saturday
Route 3 - University Shuttle,10,6,1,6.9,1,0,8,3,100,SYNTHETIC,37.7,0,0.03,Sunday
Route 2 - Airport Link,17,0,0,17.2,1,0,35,54,100,SYNTHETIC,38.4,1,0.54,Monday
Route 7 - Hospital Line,7,3,0,27.5,1,0,7,62,100,SYNTHETIC,37.7,1,0.62,Thursday
Route 7 - Hospital Line,13,5,1,15.4,0,0,17,15,100,SYNTHETIC,37.7,0,0.15,Saturday
Route 7 - Hospital Line,9,0,0,31.8,0,0,61,38,100,SYNTHETIC,37.7,1,0.38,Monday
Route 4 - North Suburbs,7,5,1,19.9,0,0,6,28,100,SYNTHETIC,30.0,1,0.28,Saturday
Route 6 - Industrial Park,0,1,0,28.9,0,0,0,3,100,SYNTHETIC,45.9,0,0.03,Tuesday
Route 10 - West Ring,11,3,0,13.9,0,0,16,19,100,SYNTHETIC,26.9,0,0.19,Thursday
Route 7 - Hospital Line,16,6,1,14.1,0,0,21,16,100,SYNTHETIC,37.7,0,0.16,Sunday
Route 10 - West Ring,13,4,0,20.7,0,0,27,17,100,SYNTHETIC,26.9,0,0.17,Friday
Route 5 - South Connector,10,6,1,23.9,0,0,14,5,100,SYNTHETIC,24.6,0,0.05,Sunday
Route 1 - City Centre Express,22,4,0,18.6,1,0,27,12,100,SYNTHETIC,55.2,0,0.12,Friday
Route 8 - Beach/Leisure,21,1,0,22.3,1,0,18,11,100,SYNTHETIC,27.1,0,0.11,Tuesday
Route 5 - South Connector,8,4,0,24.7,0,0,31,45,100,SYNTHETIC,24.6,1,0.45,Friday
Route 1 - City Centre Express,12,4,0,8.6,1,0,32,35,100,SYNTHETIC,55.2,0,0.35,Friday
Route 2 - Airport Link,17,2,0,17.3,1,0,26,55,100,SYNTHETIC,38.4,1,0.55,Wednesday
Route 4 - North Suburbs,18,0,0,15.9,1,1,89,89,100,SYNTHETIC,30.0,1,0.89,Monday
Route 2 - Airport Link,11,4,0,16.2,0,0,21,28,100,SYNTHETIC,38.4,0,0.28,Friday
Route 7 - Hospital Line,18,4,0,23.3,0,0,60,59,100,SYNTHETIC,37.7,1,0.59,Friday
Route 7 - Hospital Line,8,5,1,16.0,0,0,49,42,100,SYNTHETIC,37.7,1,0.42,Saturday
Route 4 - North Suburbs,11,0,0,4.0,0,0,23,17,100,SYNTHETIC,30.0,0,0.17,Monday
Route 1 - City Centre Express,17,3,0,18.1,0,0,38,87,100,SYNTHETIC,55.2,1,0.87,Thursday
Route 1 - City Centre Express,16,5,1,11.5,1,0,18,25,100,SYNTHETIC,55.2,0,0.25,Saturday
Route 10 - West Ring,19,6,1,24.0,0,0,28,16,100,SYNTHETIC,26.9,1,0.16,Sunday
Route 4 - North Suburbs,7,6,1,26.4,1,1,6,39,100,SYNTHETIC,30.0,1,0.39,Sunday
Route 2 - Airport Link,8,1,0,2.6,0,0,55,67,100,SYNTHETIC,38.4,1,0.67,Tuesday
Route 8 - Beach/Leisure,7,1,0,13.8,0,0,16,22,100,SYNTHETIC,27.1,1,0.22,Tuesday
Route 9 - East Corridor,8,4,0,22.8,0,0,62,60,100,SYNTHETIC,35.6,1,0.6,Friday
Route 2 - Airport Link,0,3,0,8.7,0,0,6,0,100,SYNTHETIC,38.4,0,0.0,Thursday
Route 10 - West Ring,14,1,0,26.3,0,0,22,23,100,SYNTHETIC,26.9,0,0.23,Tuesday
Route 8 - Beach/Leisure,15,0,0,28.4,0,0,12,18,100,SYNTHETIC,27.1,0,0.18,Monday
Route 3 - University Shuttle,17,1,0,18.7,0,1,46,116,100,SYNTHETIC,37.7,1,1.16,Tuesday
Route 8 - Beach/Leisure,12,2,0,13.8,0,0,12,19,100,SYNTHETIC,27.1,0,0.19,Wednesday
Route 5 - South Connector,0,5,1,1.5,0,0,5,2,100,SYNTHETIC,24.6,0,0.02,Saturday
Route 7 - Hospital Line,17,0,0,26.5,1,1,46,97,100,SYNTHETIC,37.7,1,0.97,Monday
Route 2 - Airport Link,7,0,0,36.0,1,0,16,49,100,SYNTHETIC,38.4,1,0.49,Monday
Route 3 - University Shuttle,19,1,0,34.4,1,1,141,121,100,SYNTHETIC,37.7,1,1.21,Tuesday
Route 8 - Beach/Leisure,6,6,1,18.4,0,0,1,10,100,SYNTHETIC,27.1,0,0.1,Sunday
Route 9 - East Corridor,15,6,1,11.3,0,1,13,15,100,SYNTHETIC,35.6,0,0.15,Sunday
Route 1 - City Centre Express,20,3,0,26.7,0,0,77,33,100,SYNTHETIC,55.2,0,0.33,Thursday
Route 3 - University Shuttle,15,0,0,19.0,1,0,21,26,100,SYNTHETIC,37.7,0,0.26,Monday
Route 7 - Hospital Line,16,0,0,23.8,0,0,26,33,100,SYNTHETIC,37.7,0,0.33,Monday
Route 10 - West Ring,17,6,1,22.4,1,0,10,26,100,SYNTHETIC,26.9,1,0.26,Sunday
Route 7 - Hospital Line,8,3,0,20.7,0,0,52,63,100,SYNTHETIC,37.7,1,0.63,Thursday
Route 8 - Beach/Leisure,17,0,0,28.2,0,0,20,42,100,SYNTHETIC,27.1,1,0.42,Monday
Route 4 - North Suburbs,19,5,1,28.5,0,0,29,24,100,SYNTHETIC,30.0,1,0.24,Saturday
Route 1 - City Centre Express,22,3,0,15.8,0,0,21,9,100,SYNTHETIC,55.2,0,0.09,Thursday
Route 8 - Beach/Leisure,13,2,0,12.6,0,0,11,19,100,SYNTHETIC,27.1,0,0.19,Wednesday
Route 8 - Beach/Leisure,11,3,0,0.0,0,0,16,14,100,SYNTHETIC,27.1,0,0.14,Thursday
Route 5 - South Connector,18,1,0,17.2,1,0,41,53,100,SYNTHETIC,24.6,1,0.53,Tuesday
Route 6 - Industrial Park,15,6,1,11.3,0,0,10,0,100,SYNTHETIC,45.9,0,0.0,Sunday
Route 3 - University Shuttle,9,5,1,23.4,1,0,19,15,100,SYNTHETIC,37.7,1,0.15,Saturday
Route 5 - South Connector,8,1,0,17.3,0,0,38,40,100,SYNTHETIC,24.6,1,0.4,Tuesday
Route 3 - University Shuttle,8,5,1,18.2,0,0,13,15,100,SYNTHETIC,37.7,1,0.15,Saturday
Route 5 - South Connector,13,1,0,26.5,0,0,20,20,100,SYNTHETIC,24.6,0,0.2,Tuesday
Route 2 - Airport Link,8,3,0,23.2,0,0,72,61,100,SYNTHETIC,38.4,1,0.61,Thursday
Route 7 - Hospital Line,5,5,1,19.1,0,0,0,10,100,SYNTHETIC,37.7,0,0.1,Saturday
Route 3 - University Shuttle,7,0,0,33.5,0,0,15,76,100,SYNTHETIC,37.7,1,0.76,Monday
Route 8 - Beach/Leisure,20,5,1,25.9,0,0,54,20,100,SYNTHETIC,27.1,0,0.2,Saturday
Route 6 - Industrial Park,7,1,0,16.7,0,0,18,88,100,SYNTHETIC,45.9,1,0.88,Tuesday
Route 9 - East Corridor,7,4,0,17.0,1,0,7,62,100,SYNTHETIC,35.6,1,0.62,Friday
Route 3 - University Shuttle,13,3,0,26.3,0,0,31,26,100,SYNTHETIC,37.7,0,0.26,Thursday
Route 3 - University Shuttle,9,0,0,21.6,0,0,91,60,100,SYNTHETIC,37.7,1,0.6,Monday
Route 3 - University Shuttle,21,5,1,11.0,1,0,4,5,100,SYNTHETIC,37.7,0,0.05,Saturday
Route 7 - Hospital Line,20,1,0,27.2,1,0,60,28,100,SYNTHETIC,37.7,0,0.28,Tuesday
Route 2 - Airport Link,12,6,1,30.1,0,0,24,26,100,SYNTHETIC,38.4,0,0.26,Sunday
Route 7 - Hospital Line,13,5,1,29.5,0,1,25,29,100,SYNTHETIC,37.7,0,0.29,Saturday
Route 9 - East Corridor,12,1,0,32.3,0,0,15,19,100,SYNTHETIC,35.6,0,0.19,Tuesday
Route 7 - Hospital Line,6,4,0,36.6,0,0,9,12,100,SYNTHETIC,37.7,0,0.12,Friday
Route 2 - Airport Link,10,2,0,33.8,0,0,42,22,100,SYNTHETIC,38.4,0,0.22,Wednesday
Route 5 - South Connector,8,4,0,22.7,0,0,36,39,100,SYNTHETIC,24.6,1,0.39,Friday
Route 6 - Industrial Park,7,3,0,18.3,1,0,15,85,100,SYNTHETIC,45.9,1,0.85,Thursday
Route 4 - North Suburbs,15,2,0,5.4,0,0,23,18,100,SYNTHETIC,30.0,0,0.18,Wednesday
Route 5 - South Connector,7,4,0,20.1,0,0,7,37,100,SYNTHETIC,24.6,1,0.37,Friday
Route 8 - Beach/Leisure,7,1,0,24.2,0,0,9,24,100,SYNTHETIC,27.1,1,0.24,Tuesday
Route 9 - East Corridor,14,6,1,20.3,0,0,10,12,100,SYNTHETIC,35.6,0,0.12,Sunday
Route 4 - North Suburbs,13,6,1,4.9,0,0,7,9,100,SYNTHETIC,30.0,0,0.09,Sunday
Route 4 - North Suburbs,8,1,0,17.7,0,0,54,68,100,SYNTHETIC,30.0,1,0.68,Tuesday
Route 3 - University Shuttle,1,5,1,25.2,0,0,4,0,100,SYNTHETIC,37.7,0,0.0,Saturday
Route 5 - South Connector,8,6,1,11.8,1,0,20,21,100,SYNTHETIC,24.6,1,0.21,Sunday
Route 6 - Industrial Park,9,0,0,21.3,0,0,99,67,100,SYNTHETIC,45.9,1,0.67,Monday
Route 8 - Beach/Leisure,18,5,1,23.5,1,0,71,74,100,SYNTHETIC,27.1,1,0.74,Saturday
Route 3 - University Shuttle,20,6,1,28.9,0,0,14,0,100,SYNTHETIC,37.7,0,0.0,Sunday
Route 3 - University Shuttle,12,1,0,33.7,1,0,31,31,100,SYNTHETIC,37.7,0,0.31,Tuesday
Route 1 - City Centre Express,12,4,0,17.0,0,0,31,35,100,SYNTHETIC,55.2,0,0.35,Friday
Route 1 - City Centre Express,17,5,1,21.5,0,0,24,50,100,SYNTHETIC,55.2,1,0.5,Saturday
Route 1 - City Centre Express,16,2,0,21.7,1,0,36,41,100,SYNTHETIC,55.2,0,0.41,Wednesday
Route 3 - University Shuttle,8,1,0,25.2,0,0,67,94,100,SYNTHETIC,37.7,1,0.94,Tuesday
Route 7 - Hospital Line,7,2,0,24.3,0,0,7,62,100,SYNTHETIC,37.7,1,0.62,Wednesday
Route 8 - Beach/Leisure,13,2,0,31.4,1,0,18,14,100,SYNTHETIC,27.1,0,0.14,Wednesday
Route 10 - West Ring,15,5,1,1.3,0,0,10,5,100,SYNTHETIC,26.9,0,0.05,Saturday
Route 6 - Industrial Park,8,2,0,23.3,0,0,85,101,100,SYNTHETIC,45.9,1,1.01,Wednesday
Route 5 - South Connector,10,2,0,23.9,0,0,31,17,100,SYNTHETIC,24.6,0,0.17,Wednesday
Route 9 - East Corridor,10,6,1,18.1,0,0,21,12,100,SYNTHETIC,35.6,0,0.12,Sunday
Route 2 - Airport Link,9,4,0,1.9,1,0,67,43,100,SYNTHETIC,38.4,1,0.43,Friday
Route 7 - Hospital Line,13,6,1,19.5,0,0,19,17,100,SYNTHETIC,37.7,0,0.17,Sunday
Route 9 - East Corridor,17,4,0,14.3,0,0,29,60,100,SYNTHETIC,35.6,1,0.6,Friday
Route 6 - Industrial Park,14,6,1,33.4,0,0,5,7,100,SYNTHETIC,45.9,0,0.07,Sunday
Route 3 - University Shuttle,8,1,0,23.0,1,1,128,164,100,SYNTHETIC,37.7,1,1.64,Tuesday
Route 7 - Hospital Line,7,6,1,13.6,0,0,13,45,100,SYNTHETIC,37.7,1,0.45,Sunday
Route 10 - West Ring,19,6,1,3.6,0,0,24,22,100,SYNTHETIC,26.9,1,0.22,Sunday
Route 3 - University Shuttle,13,0,0,24.7,1,0,30,32,100,SYNTHETIC,37.7,0,0.32,Monday
Route 6 - Industrial Park,7,2,0,25.6,0,0,10,93,100,SYNTHETIC,45.9,1,0.93,Wednesday
Route 1 - City Centre Express,9,2,0,18.3,0,0,114,68,100,SYNTHETIC,55.2,1,0.68,Wednesday
Route 3 - University Shuttle,18,2,0,24.8,1,0,80,101,100,SYNTHETIC,37.7,1,1.01,Wednesday
Route 8 - Beach/Leisure,18,5,1,17.2,1,0,70,63,100,SYNTHETIC,27.1,1,0.63,Saturday
Route 5 - South Connector,19,4,0,28.5,1,0,40,45,100,SYNTHETIC,24.6,1,0.45,Friday
Route 2 - Airport Link,16,1,0,27.9,0,0,33,30,100,SYNTHETIC,38.4,0,0.3,Tuesday
Route 4 - North Suburbs,12,4,0,6.9,1,0,15,27,100,SYNTHETIC,30.0,0,0.27,Friday
Route 2 - Airport Link,12,6,1,8.8,0,0,28,30,100,SYNTHETIC,38.4,0,0.3,Sunday
Route 8 - Beach/Leisure,8,3,0,36.3,0,0,24,28,100,SYNTHETIC,27.1,1,0.28,Thursday
Route 10 - West Ring,17,6,1,27.5,1,0,7,19,100,SYNTHETIC,26.9,1,0.19,Sunday
Route 2 - Airport Link,16,4,0,9.9,0,0,32,29,100,SYNTHETIC,38.4,0,0.29,Friday
Route 3 - University Shuttle,8,6,1,7.4,0,0,16,18,100,SYNTHETIC,37.7,1,0.18,Sunday
Route 9 - East Corridor,19,6,1,21.7,1,0,27,30,100,SYNTHETIC,35.6,1,0.3,Sunday
Route 9 - East Corridor,11,0,0,10.9,0,0,19,22,100,SYNTHETIC,35.6,0,0.22,Monday
Route 8 - Beach/Leisure,7,5,1,17.5,0,0,13,35,100,SYNTHETIC,27.1,1,0.35,Saturday
Route 8 - Beach/Leisure,11,1,0,19.6,0,0,19,10,100,SYNTHETIC,27.1,0,0.1,Tuesday
Route 9 - East Corridor,19,5,1,19.3,1,0,34,34,100,SYNTHETIC,35.6,1,0.34,Saturday
Route 4 - North Suburbs,20,5,1,29.0,0,1,24,14,100,SYNTHETIC,30.0,0,0.14,Saturday
Route 9 - East Corridor,14,1,0,34.7,0,0,26,22,100,SYNTHETIC,35.6,0,0.22,Tuesday
Route 9 - East Corridor,21,0,0,16.2,0,0,24,19,100,SYNTHETIC,35.6,0,0.19,Monday
Route 3 - University Shuttle,19,2,0,11.0,0,0,60,55,100,SYNTHETIC,37.7,1,0.55,Wednesday
Route 1 - City Centre Express,19,2,0,23.1,1,0,112,88,100,SYNTHETIC,55.2,1,0.88,Wednesday
Route 6 - Industrial Park,19,3,0,33.1,0,0,96,76,100,SYNTHETIC,45.9,1,0.76,Thursday
Route 8 - Beach/Leisure,12,0,0,16.8,0,0,14,15,100,SYNTHETIC,27.1,0,0.15,Monday
Route 9 - East Corridor,18,0,0,26.8,1,0,61,77,100,SYNTHETIC,35.6,1,0.77,Monday
Route 2 - Airport Link,15,3,0,13.3,1,0,25,27,100,SYNTHETIC,38.4,0,0.27,Thursday
Route 4 - North Suburbs,17,5,1,20.2,0,1,19,40,100,SYNTHETIC,30.0,1,0.4,Saturday
Route 8 - Beach/Leisure,8,2,0,10.7,0,0,24,25,100,SYNTHETIC,27.1,1,0.25,Wednesday
Route 1 - City Centre Express,18,2,0,20.1,1,0,111,133,100,SYNTHETIC,55.2,1,1.33,Wednesday
Route 8 - Beach/Leisure,21,1,0,19.1,0,0,8,8,100,SYNTHETIC,27.1,0,0.08,Tuesday
Route 3 - University Shuttle,10,1,0,24.9,0,0,63,24,100,SYNTHETIC,37.7,0,0.24,Tuesday
Route 1 - City Centre Express,22,2,0,34.2,0,0,23,16,100,SYNTHETIC,55.2,0,0.16,Wednesday
Route 3 - University Shuttle,12,1,0,16.9,0,1,36,35,100,SYNTHETIC,37.7,0,0.35,Tuesday
Route 8 - Beach/Leisure,8,2,0,4.0,0,0,21,26,100,SYNTHETIC,27.1,1,0.26,Wednesday
Route 9 - East Corridor,7,1,0,18.4,0,0,16,52,100,SYNTHETIC,35.6,1,0.52,Tuesday
Route 1 - City Centre Express,18,4,0,22.4,0,0,107,79,100,SYNTHETIC,55.2,1,0.79,Friday
Route 5 - South Connector,15,2,0,21.6,0,0,15,16,100,SYNTHETIC,24.6,0,0.16,Wednesday
Route 3 - University Shuttle,10,5,1,18.7,1,0,13,3,100,SYNTHETIC,37.7,0,0.03,Saturday
Route 7 - Hospital Line,16,4,0,31.9,0,0,27,29,100,SYNTHETIC,37.7,0,0.29,Friday
Route 8 - Beach/Leisure,11,4,0,21.1,0,0,18,14,100,SYNTHETIC,27.1,0,0.14,Friday
Route 10 - West Ring,13,4,0,19.2,0,0,18,19,100,SYNTHETIC,26.9,0,0.19,Friday
Route 4 - North Suburbs,19,6,1,13.8,0,0,24,18,100,SYNTHETIC,30.0,1,0.18,Sunday
Route 3 - University Shuttle,17,1,0,6.0,0,0,29,75,100,SYNTHETIC,37.7,1,0.75,Tuesday
Route 4 - North Suburbs,18,6,1,22.6,0,0,23,32,100,SYNTHETIC,30.0,1,0.32,Sunday
Route 8 - Beach/Leisure,16,1,0,22.0,0,0,9,23,100,SYNTHETIC,27.1,0,0.23,Tuesday
Route 5 - South Connector,23,0,0,11.5,1,0,4,2,100,SYNTHETIC,24.6,0,0.02,Monday
Route 1 - City Centre Express,9,5,1,19.6,0,0,65,47,100,SYNTHETIC,55.2,1,0.47,Saturday
Route 10 - West Ring,9,6,1,18.8,1,0,33,17,100,SYNTHETIC,26.9,1,0.17,Sunday
Route 2 - Airport Link,7,0,0,15.0,0,0,11,51,100,SYNTHETIC,38.4,1,0.51,Monday
Route 10 - West Ring,15,4,0,13.7,1,0,19,22,100,SYNTHETIC,26.9,0,0.22,Friday
Route 2 - Airport Link,16,3,0,23.2,0,0,27,32,100,SYNTHETIC,38.4,0,0.32,Thursday
Route 6 - Industrial Park,17,1,0,18.2,0,0,35,78,100,SYNTHETIC,45.9,1,0.78,Tuesday
Route 4 - North Suburbs,11,3,0,15.3,0,0,17,23,100,SYNTHETIC,30.0,0,0.23,Thursday
Route 7 - Hospital Line,4,4,0,13.1,0,0,2,0,100,SYNTHETIC,37.7,0,0.0,Friday
Route 5 - South Connector,16,4,0,19.0,0,0,14,21,100,SYNTHETIC,24.6,0,0.21,Friday
Route 4 - North Suburbs,23,3,0,27.4,0,0,5,7,100,SYNTHETIC,30.0,0,0.07,Thursday
Route 5 - South Connector,10,6,1,21.7,0,0,17,11,100,SYNTHETIC,24.6,0,0.11,Sunday
Route 10 - West Ring,8,1,0,18.1,0,0,44,51,100,SYNTHETIC,26.9,1,0.51,Tuesday
Route 3 - University Shuttle,10,4,0,22.5,0,0,52,18,100,SYNTHETIC,37.7,0,0.18,Friday
Route 3 - University Shuttle,12,2,0,30.9,0,0,23,22,100,SYNTHETIC,37.7,0,0.22,Wednesday
Route 1 - City Centre Express,9,6,1,23.9,0,0,54,45,100,SYNTHETIC,55.2,1,0.45,Sunday
Route 8 - Beach/Leisure,11,1,0,22.1,0,0,12,17,100,SYNTHETIC,27.1,0,0.17,Tuesday
Route 7 - Hospital Line,16,6,1,25.1,0,0,20,23,100,SYNTHETIC,37.7,0,0.23,Sunday
Route 7 - Hospital Line,11,4,0,18.7,1,0,25,26,100,SYNTHETIC,37.7,0,0.26,Friday
Route 1 - City Centre Express,12,1,0,21.5,0,0,38,34,100,SYNTHETIC,55.2,0,0.34,Tuesday
Route 8 - Beach/Leisure,6,5,1,16.1,0,0,3,12,100,SYNTHETIC,27.1,0,0.12,Saturday
Route 9 - East Corridor,20,1,0,7.6,0,0,54,18,100,SYNTHETIC,35.6,0,0.18,Tuesday
Route 10 - West Ring,12,1,0,22.7,0,0,22,21,100,SYNTHETIC,26.9,0,0.21,Tuesday
Route 10 - West Ring,11,2,0,22.8,0,0,18,15,100,SYNTHETIC,26.9,0,0.15,Wednesday
Route 3 - University Shuttle,7,4,0,17.7,0,0,8,66,100,SYNTHETIC,37.7,1,0.66,Friday
Route 8 - Beach/Leisure,16,2,0,28.3,0,0,14,19,100,SYNTHETIC,27.1,0,0.19,Wednesday
Route 5 - South Connector,19,3,0,14.2,1,0,43,38,100,SYNTHETIC,24.6,1,0.38,Thursday
Route 6 - Industrial Park,6,3,0,5.8,0,0,2,15,100,SYNTHETIC,45.9,0,0.15,Thursday
Route 4 - North Suburbs,8,1,0,14.4,1,0,55,57,100,SYNTHETIC,30.0,1,0.57,Tuesday
Route 7 - Hospital Line,8,1,0,7.7,0,0,47,52,100,SYNTHETIC,37.7,1,0.52,Tuesday
Route 10 - West Ring,16,2,0,22.7,0,0,17,24,100,SYNTHETIC,26.9,0,0.24,Wednesday
Route 7 - Hospital Line,20,1,0,14.0,0,0,44,19,100,SYNTHETIC,37.7,0,0.19,Tuesday
Route 10 - West Ring,13,6,1,27.9,1,0,10,13,100,SYNTHETIC,26.9,0,0.13,Sunday
Route 10 - West Ring,11,2,0,27.7,1,0,17,18,100,SYNTHETIC,26.9,0,0.18,Wednesday
Route 2 - Airport Link,18,2,0,12.6,0,0,50,70,100,SYNTHETIC,38.4,1,0.7,Wednesday
Route 10 - West Ring,18,4,0,13.5,0,0,45,42,100,SYNTHETIC,26.9,1,0.42,Friday
Route 9 - East Corridor,9,5,1,24.3,0,0,32,25,100,SYNTHETIC,35.6,1,0.25,Saturday
Route 5 - South Connector,8,4,0,27.8,0,0,38,41,100,SYNTHETIC,24.6,1,0.41,Friday
Route 7 - Hospital Line,11,3,0,3.9,0,0,18,23,100,SYNTHETIC,37.7,0,0.23,Thursday
Route 7 - Hospital Line,18,6,1,22.3,0,0,38,45,100,SYNTHETIC,37.7,1,0.45,Sunday
Route 8 - Beach/Leisure,17,6,1,2.4,1,0,35,72,100,SYNTHETIC,27.1,1,0.72,Sunday
Route 9 - East Corridor,17,1,0,15.6,0,0,26,66,100,SYNTHETIC,35.6,1,0.66,Tuesday
Route 2 - Airport Link,19,1,0,28.7,0,0,45,49,100,SYNTHETIC,38.4,1,0.49,Tuesday
Route 1 - City Centre Express,10,2,0,42.0,1,0,78,35,100,SYNTHETIC,55.2,0,0.35,Wednesday
Route 3 - University Shuttle,11,5,1,18.1,0,0,2,3,100,SYNTHETIC,37.7,0,0.03,Saturday
Route 6 - Industrial Park,6,6,1,10.0,0,0,1,4,100,SYNTHETIC,45.9,0,0.04,Sunday
Route 9 - East Corridor,19,4,0,15.9,0,1,94,74,100,SYNTHETIC,35.6,1,0.74,Friday
Route 7 - Hospital Line,16,4,0,20.5,1,1,44,57,100,SYNTHETIC,37.7,0,0.57,Friday
Route 2 - Airport Link,10,1,0,14.6,0,0,43,25,100,SYNTHETIC,38.4,0,0.25,Tuesday
Route 8 - Beach/Leisure,7,4,0,12.6,1,0,7,27,100,SYNTHETIC,27.1,1,0.27,Friday
Route 5 - South Connector,17,1,0,16.6,0,0,26,40,100,SYNTHETIC,24.6,1,0.4,Tuesday
Route 4 - North Suburbs,18,3,0,23.2,0,1,62,90,100,SYNTHETIC,30.0,1,0.9,Thursday
Route 8 - Beach/Leisure,17,1,0,18.6,0,0,15,39,100,SYNTHETIC,27.1,1,0.39,Tuesday
Route 3 - University Shuttle,8,0,0,12.9,0,0,67,72,100,SYNTHETIC,37.7,1,0.72,Monday
Route 7 - Hospital Line,20,6,1,14.6,1,0,32,22,100,SYNTHETIC,37.7,0,0.22,Sunday
Route 2 - Airport Link,18,6,1,16.7,0,0,47,59,100,SYNTHETIC,38.4,1,0.59,Sunday
Route 4 - North Suburbs,17,4,0,12.0,0,0,24,51,100,SYNTHETIC,30.0,1,0.51,Friday
Route 6 - Industrial Park,17,4,0,14.3,0,0,40,95,100,SYNTHETIC,45.9,1,0.95,Friday
Route 7 - Hospital Line,20,1,0,25.1,0,0,49,20,100,SYNTHETIC,37.7,0,0.2,Tuesday
Route 10 - West Ring,20,4,0,18.2,0,0,37,17,100,SYNTHETIC,26.9,0,0.17,Friday
Route 3 - University Shuttle,16,5,1,6.0,0,0,3,6,100,SYNTHETIC,37.7,0,0.06,Saturday
Route 9 - East Corridor,12,3,0,28.2,0,0,19,19,100,SYNTHETIC,35.6,0,0.19,Thursday
Route 9 - East Corridor,11,1,0,23.3,0,1,34,29,100,SYNTHETIC,35.6,0,0.29,Tuesday
Route 4 - North Suburbs,19,2,0,8.9,0,0,60,44,100,SYNTHETIC,30.0,1,0.44,Wednesday
Route 2 - Airport Link,16,5,1,17.1,1,0,23,31,100,SYNTHETIC,38.4,0,0.31,Saturday
Route 3 - University Shuttle,7,1,0,13.7,0,0,17,70,100,SYNTHETIC,37.7,1,0.7,Tuesday
Route 7 - Hospital Line,8,6,1,25.4,0,0,37,45,100,SYNTHETIC,37.7,1,0.45,Sunday
Route 8 - Beach/Leisure,20,5,1,17.0,0,0,49,18,100,SYNTHETIC,27.1,0,0.18,Saturday
Route 7 - Hospital Line,19,6,1,19.4,0,0,46,34,100,SYNTHETIC,37.7,1,0.34,Sunday
Route 8 - Beach/Leisure,21,3,0,18.5,1,0,18,11,100,SYNTHETIC,27.1,0,0.11,Thursday
Route 2 - Airport Link,13,1,0,8.2,0,0,28,24,100,SYNTHETIC,38.4,0,0.24,Tuesday
Route 6 - Industrial Park,18,0,0,31.2,0,0,85,88,100,SYNTHETIC,45.9,1,0.88,Monday
Route 9 - East Corridor,19,3,0,25.3,0,0,71,50,100,SYNTHETIC,35.6,1,0.5,Thursday
Route 4 - North Suburbs,10,2,0,14.0,0,0,38,21,100,SYNTHETIC,30.0,0,0.21,Wednesday
Route 9 - East Corridor,8,0,0,21.5,0,0,58,68,100,SYNTHETIC,35.6,1,0.68,Monday
Route 2 - Airport Link,23,6,1,27.8,0,0,13,0,100,SYNTHETIC,38.4,0,0.0,Sunday
Route 10 - West Ring,6,6,1,20.4,0,0,0,1,100,SYNTHETIC,26.9,0,0.01,Sunday
Route 8 - Beach/Leisure,16,2,0,32.5,0,0,13,21,100,SYNTHETIC,27.1,0,0.21,Wednesday
Route 7 - Hospital Line,17,4,0,42.0,0,0,33,52,100,SYNTHETIC,37.7,1,0.52,Friday
Route 7 - Hospital Line,17,2,0,19.0,0,0,33,59,100,SYNTHETIC,37.7,1,0.59,Wednesday
Route 10 - West Ring,9,3,0,15.3,1,0,60,46,100,SYNTHETIC,26.9,1,0.46,Thursday
Route 4 - North Suburbs,17,4,0,12.1,0,1,33,82,100,SYNTHETIC,30.0,1,0.82,Friday
Route 2 - Airport Link,9,2,0,2.3,1,0,67,36,100,SYNTHETIC,38.4,1,0.36,Wednesday
Route 10 - West Ring,19,5,1,30.0,0,0,23,23,100,SYNTHETIC,26.9,1,0.23,Saturday
Route 2 - Airport Link,9,1,0,17.2,0,0,76,44,100,SYNTHETIC,38.4,1,0.44,Tuesday
Route 7 - Hospital Line,17,4,0,27.0,0,0,34,61,100,SYNTHETIC,37.7,1,0.61,Friday
Route 3 - University Shuttle,18,6,1,28.6,0,0,15,17,100,SYNTHETIC,37.7,1,0.17,Sunday
Route 10 - West Ring,8,5,1,11.4,1,0,24,30,100,SYNTHETIC,26.9,1,0.3,Saturday
Route 10 - West Ring,9,0,0,12.6,0,0,50,35,100,SYNTHETIC,26.9,1,0.35,Monday
Route 5 - South Connector,18,0,0,34.0,0,0,41,34,100,SYNTHETIC,24.6,1,0.34,Monday
Route 6 - Industrial Park,7,4,0,19.4,1,0,14,96,100,SYNTHETIC,45.9,1,0.96,Friday
Route 5 - South Connector,8,6,1,14.7,0,0,25,20,100,SYNTHETIC,24.6,1,0.2,Sunday
Route 5 - South Connector,13,5,1,11.6,0,0,6,15,100,SYNTHETIC,24.6,0,0.15,Saturday
Route 10 - West Ring,20,6,1,18.9,0,0,20,8,100,SYNTHETIC,26.9,0,0.08,Sunday
Route 3 - University Shuttle,15,1,0,32.1,0,0,19,23,100,SYNTHETIC,37.7,0,0.23,Tuesday
Route 10 - West Ring,12,3,0,25.5,0,0,19,19,100,SYNTHETIC,26.9,0,0.19,Thursday
Route 7 - Hospital Line,22,5,1,21.5,0,0,15,7,100,SYNTHETIC,37.7,0,0.07,Saturday
Route 10 - West Ring,13,4,0,32.7,0,0,15,20,100,SYNTHETIC,26.9,0,0.2,Friday
Route 7 - Hospital Line,13,5,1,31.2,1,0,20,17,100,SYNTHETIC,37.7,0,0.17,Saturday
Route 9 - East Corridor,12,1,0,22.7,0,0,18,26,100,SYNTHETIC,35.6,0,0.26,Tuesday
Route 5 - South Connector,10,3,0,42.0,0,0,29,16,100,SYNTHETIC,24.6,0,0.16,Thursday
Route 5 - South Connector,11,3,0,18.0,0,0,12,17,100,SYNTHETIC,24.6,0,0.17,Thursday
Route 3 - University Shuttle,17,6,1,28.8,0,1,9,20,100,SYNTHETIC,37.7,1,0.2,Sunday
Route 3 - University Shuttle,6,1,0,16.9,0,0,2,19,100,SYNTHETIC,37.7,0,0.19,Tuesday
Route 1 - City Centre Express,17,2,0,27.2,0,0,44,104,100,SYNTHETIC,55.2,1,1.04,Wednesday
Route 4 - North Suburbs,8,0,0,18.0,0,0,56,63,100,SYNTHETIC,30.0,1,0.63,Monday
Route 10 - West Ring,12,1,0,23.7,0,0,19,24,100,SYNTHETIC,26.9,0,0.24,Tuesday
Route 10 - West Ring,8,6,1,39.1,0,0,23,25,100,SYNTHETIC,26.9,1,0.25,Sunday
Route 7 - Hospital Line,15,5,1,27.6,0,1,28,25,100,SYNTHETIC,37.7,0,0.25,Saturday
Route 4 - North Suburbs,18,1,0,23.8,0,0,48,41,100,SYNTHETIC,30.0,1,0.41,Tuesday
Route 6 - Industrial Park,11,4,0,13.8,0,0,31,26,100,SYNTHETIC,45.9,0,0.26,Friday
Route 8 - Beach/Leisure,8,4,0,21.5,0,1,35,50,100,SYNTHETIC,27.1,1,0.5,Friday
Route 1 - City Centre Express,9,6,1,11.9,0,0,55,48,100,SYNTHETIC,55.2,1,0.48,Sunday
Route 10 - West Ring,19,2,0,27.1,0,0,49,39,100,SYNTHETIC,26.9,1,0.39,Wednesday
Route 9 - East Corridor,9,6,1,26.9,1,0,37,21,100,SYNTHETIC,35.6,1,0.21,Sunday
Route 10 - West Ring,18,2,0,18.6,0,0,39,51,100,SYNTHETIC,26.9,1,0.51,Wednesday
Route 1 - City Centre Express,11,5,1,33.3,0,0,14,18,100,SYNTHETIC,55.2,0,0.18,Saturday
Route 10 - West Ring,8,2,0,32.2,0,0,49,53,100,SYNTHETIC,26.9,1,0.53,Wednesday
Route 7 - Hospital Line,17,4,0,21.2,0,0,32,53,100,SYNTHETIC,37.7,1,0.53,Friday
Route 6 - Industrial Park,13,2,0,24.5,0,1,56,42,100,SYNTHETIC,45.9,0,0.42,Wednesday
Route 2 - Airport Link,6,5,1,15.3,0,0,2,15,100,SYNTHETIC,38.4,0,0.15,Saturday
Route 5 - South Connector,21,4,0,17.8,0,0,15,18,100,SYNTHETIC,24.6,0,0.18,Friday
Route 4 - North Suburbs,8,2,0,11.4,0,0,41,54,100,SYNTHETIC,30.0,1,0.54,Wednesday
Route 10 - West Ring,11,6,1,16.2,1,0,12,7,100,SYNTHETIC,26.9,0,0.07,Sunday
Route 4 - North Suburbs,12,4,0,19.2,0,1,33,37,100,SYNTHETIC,30.0,0,0.37,Friday
Route 3 - University Shuttle,14,3,0,6.7,0,0,22,17,100,SYNTHETIC,37.7,0,0.17,Thursday
Route 10 - West Ring,18,0,0,24.6,0,0,42,42,100,SYNTHETIC,26.9,1,0.42,Monday
Route 2 - Airport Link,1,6,1,28.2,0,0,5,2,100,SYNTHETIC,38.4,0,0.02,Sunday
Route 10 - West Ring,20,5,1,19.9,0,0,19,16,100,SYNTHETIC,26.9,0,0.16,Saturday
Route 10 - West Ring,17,4,0,-1.6,1,0,24,43,100,SYNTHETIC,26.9,1,0.43,Friday
Route 4 - North Suburbs,21,5,1,18.0,0,1,14,9,100,SYNTHETIC,30.0,0,0.09,Saturday
Route 7 - Hospital Line,19,4,0,8.9,1,0,64,54,100,SYNTHETIC,37.7,1,0.54,Friday
Route 8 - Beach/Leisure,20,1,0,15.1,1,0,41,15,100,SYNTHETIC,27.1,0,0.15,Tuesday
Route 6 - Industrial Park,16,1,0,31.6,1,0,28,33,100,SYNTHETIC,45.9,0,0.33,Tuesday
Route 7 - Hospital Line,11,0,0,0.5,0,0,22,26,100,SYNTHETIC,37.7,0,0.26,Monday
Route 2 - Airport Link,13,0,0,13.5,1,0,34,29,100,SYNTHETIC,38.4,0,0.29,Monday
Route 6 - Industrial Park,17,5,1,26.6,0,0,5,14,100,SYNTHETIC,45.9,1,0.14,Saturday
Route 6 - Industrial Park,12,5,1,14.4,0,0,8,4,100,SYNTHETIC,45.9,0,0.04,Saturday
Route 6 - Industrial Park,18,1,0,13.8,1,0,110,117,100,SYNTHETIC,45.9,1,1.17,Tuesday
Route 10 - West Ring,7,4,0,36.3,0,0,12,40,100,SYNTHETIC,26.9,1,0.4,Friday
Route 9 - East Corridor,19,0,0,23.0,0,0,61,46,100,SYNTHETIC,35.6,1,0.46,Monday
Route 7 - Hospital Line,8,2,0,27.5,0,0,56,77,100,SYNTHETIC,37.7,1,0.77,Wednesday
Route 5 - South Connector,21,5,1,24.0,0,0,11,0,100,SYNTHETIC,24.6,0,0.0,Saturday
Route 5 - South Connector,8,5,1,21.3,0,0,20,24,100,SYNTHETIC,24.6,1,0.24,Saturday
Route 1 - City Centre Express,8,6,1,30.1,0,0,49,61,100,SYNTHETIC,55.2,1,0.61,Sunday
Route 6 - Industrial Park,18,2,0,35.2,0,0,82,90,100,SYNTHETIC,45.9,1,0.9,Wednesday
Route 3 - University Shuttle,19,6,1,6.5,1,0,24,9,100,SYNTHETIC,37.7,1,0.09,Sunday
Route 9 - East Corridor,18,5,1,19.7,0,1,44,42,100,SYNTHETIC,35.6,1,0.42,Saturday
Route 8 - Beach/Leisure,21,2,0,19.7,1,0,20,14,100,SYNTHETIC,27.1,0,0.14,Wednesday
Route 10 - West Ring,10,2,0,16.6,0,0,32,21,100,SYNTHETIC,26.9,0,0.21,Wednesday
Route 10 - West Ring,19,0,0,27.8,0,0,55,36,100,SYNTHETIC,26.9,1,0.36,Monday
Route 5 - South Connector,11,6,1,22.1,1,0,9,8,100,SYNTHETIC,24.6,0,0.08,Sunday
Route 5 - South Connector,15,1,0,35.4,1,0,18,14,100,SYNTHETIC,24.6,0,0.14,Tuesday
Route 7 - Hospital Line,13,1,0,28.8,0,0,21,28,100,SYNTHETIC,37.7,0,0.28,Tuesday
Route 5 - South Connector,1,2,0,30.9,0,0,5,4,100,SYNTHETIC,24.6,0,0.04,Wednesday
Route 3 - University Shuttle,15,0,0,10.4,0,0,25,15,100,SYNTHETIC,37.7,0,0.15,Monday
Route 8 - Beach/Leisure,18,5,1,13.6,1,0,61,55,100,SYNTHETIC,27.1,1,0.55,Saturday
Route 5 - South Connector,8,4,0,14.2,0,0,42,45,100,SYNTHETIC,24.6,1,0.45,Friday
Route 10 - West Ring,20,1,0,30.6,1,0,36,21,100,SYNTHETIC,26.9,0,0.21,Tuesday
Route 3 - University Shuttle,15,1,0,12.3,0,0,23,22,100,SYNTHETIC,37.7,0,0.22,Tuesday
Route 5 - South Connector,8,0,0,12.5,0,0,36,44,100,SYNTHETIC,24.6,1,0.44,Monday
Route 6 - Industrial Park,17,6,1,11.0,0,0,9,12,100,SYNTHETIC,45.9,1,0.12,Sunday
Route 10 - West Ring,8,3,0,42.0,0,0,42,48,100,SYNTHETIC,26.9,1,0.48,Thursday
Route 6 - Industrial Park,7,4,0,18.9,0,0,18,77,100,SYNTHETIC,45.9,1,0.77,Friday
Route 1 - City Centre Express,17,1,0,24.2,0,0,46,93,100,SYNTHETIC,55.2,1,0.93,Tuesday
Route 4 - North Suburbs,7,1,0,10.9,0,0,9,46,100,SYNTHETIC,30.0,1,0.46,Tuesday
Route 9 - East Corridor,7,3,0,27.7,1,0,12,58,100,SYNTHETIC,35.6,1,0.58,Thursday
Route 3 - University Shuttle,18,1,0,5.8,1,0,71,68,100,SYNTHETIC,37.7,1,0.68,Tuesday
Route 4 - North Suburbs,7,4,0,12.2,0,0,9,48,100,SYNTHETIC,30.0,1,0.48,Friday
Route 2 - Airport Link,18,6,1,14.1,0,0,58,56,100,SYNTHETIC,38.4,1,0.56,Sunday
Route 8 - Beach/Leisure,18,2,0,21.8,0,0,46,44,100,SYNTHETIC,27.1,1,0.44,Wednesday
Route 2 - Airport Link,8,4,0,13.7,0,0,47,59,100,SYNTHETIC,38.4,1,0.59,Friday
Route 4 - North Suburbs,14,6,1,32.2,0,0,15,13,100,SYNTHETIC,30.0,0,0.13,Sunday
Route 8 - Beach/Leisure,7,6,1,24.0,0,0,12,38,100,SYNTHETIC,27.1,1,0.38,Sunday
Route 9 - East Corridor,16,0,0,14.5,0,0,25,33,100,SYNTHETIC,35.6,0,0.33,Monday
Route 3 - University Shuttle,7,0,0,28.0,0,0,13,90,100,SYNTHETIC,37.7,1,0.9,Monday
Route 4 - North Suburbs,21,6,1,16.9,1,0,13,8,100,SYNTHETIC,30.0,0,0.08,Sunday
Route 2 - Airport Link,8,6,1,15.3,0,0,38,49,100,SYNTHETIC,38.4,1,0.49,Sunday
Route 5 - South Connector,17,2,0,27.2,0,0,25,37,100,SYNTHETIC,24.6,1,0.37,Wednesday
Route 10 - West Ring,8,3,0,0.4,0,0,32,51,100,SYNTHETIC,26.9,1,0.51,Thursday
Route 4 - North Suburbs,9,4,0,25.9,0,0,65,47,100,SYNTHETIC,30.0,1,0.47,Friday
Route 3 - University Shuttle,13,4,0,14.3,0,0,26,20,100,SYNTHETIC,37.7,0,0.2,Friday
Route 4 - North Suburbs,15,5,1,14.3,0,0,12,11,100,SYNTHETIC,30.0,0,0.11,Saturday
Route 9 - East Corridor,23,2,0,35.7,0,0,8,1,100,SYNTHETIC,35.6,0,0.01,Wednesday
Route 6 - Industrial Park,6,6,1,15.8,0,0,4,2,100,SYNTHETIC,45.9,0,0.02,Sunday
Route 7 - Hospital Line,0,0,0,27.6,0,1,3,3,100,SYNTHETIC,37.7,0,0.03,Monday
Route 8 - Beach/Leisure,11,0,0,22.2,0,0,15,16,100,SYNTHETIC,27.1,0,0.16,Monday
Route 8 - Beach/Leisure,11,6,1,23.1,1,0,24,31,100,SYNTHETIC,27.1,0,0.31,Sunday
Route 6 - Industrial Park,19,1,0,18.0,0,0,111,79,100,SYNTHETIC,45.9,1,0.79,Tuesday
Route 6 - Industrial Park,20,6,1,17.6,0,1,19,5,100,SYNTHETIC,45.9,0,0.05,Sunday
Route 6 - Industrial Park,19,2,0,32.2,0,0,80,69,100,SYNTHETIC,45.9,1,0.69,Wednesday
Route 2 - Airport Link,8,2,0,27.4,0,0,50,61,100,SYNTHETIC,38.4,1,0.61,Wednesday
Route 5 - South Connector,12,0,0,16.0,0,0,19,17,100,SYNTHETIC,24.6,0,0.17,Monday
Route 9 - East Corridor,18,6,1,11.6,0,0,34,32,100,SYNTHETIC,35.6,1,0.32,Sunday
Route 1 - City Centre Express,10,2,0,15.3,0,0,67,22,100,SYNTHETIC,55.2,0,0.22,Wednesday
Route 9 - East Corridor,17,1,0,27.9,1,0,38,65,100,SYNTHETIC,35.6,1,0.65,Tuesday
Route 6 - Industrial Park,9,3,0,29.4,0,0,99,68,100,SYNTHETIC,45.9,1,0.68,Thursday
Route 4 - North Suburbs,11,1,0,24.4,0,1,30,28,100,SYNTHETIC,30.0,0,0.28,Tuesday
Route 2 - Airport Link,19,5,1,7.1,1,1,73,64,100,SYNTHETIC,38.4,1,0.64,Saturday
Route 8 - Beach/Leisure,9,0,0,26.0,0,0,31,22,100,SYNTHETIC,27.1,1,0.22,Monday
Route 1 - City Centre Express,21,3,0,30.4,0,0,31,25,100,SYNTHETIC,55.2,0,0.25,Thursday
Route 6 - Industrial Park,10,2,0,21.4,0,0,65,26,100,SYNTHETIC,45.9,0,0.26,Wednesday
Route 2 - Airport Link,6,0,0,35.8,0,0,2,15,100,SYNTHETIC,38.4,0,0.15,Monday
Route 10 - West Ring,9,0,0,9.4,0,0,56,29,100,SYNTHETIC,26.9,1,0.29,Monday
