station_id,day_of_week,day_name,optimal_frequencies,peak_hours,off_peak_hours,total_trains_needed
0,0,Monday,"{0: np.float64(2.0), 1: np.float64(2.0), 2: np.float64(2.0), 3: np.float64(2.0), 4: np.float64(2.0), 5: np.float64(2.0), 6: np.float64(2.0), 7: np.float64(2.0), 8: np.float64(2.0), 9: np.float64(2.0), 10: np.float64(2.0), 11: np.float64(2.0), 12: np.float64(2.0), 13: np.float64(2.0), 14: np.float64(2.0), 15: np.float64(2.0), 16: np.float64(2.0), 17: np.float64(2.0), 18: np.float64(2.0), 19: np.float64(2.0), 20: np.float64(2.0), 21: np.float64(2.0), 22: np.float64(2.0), 23: np.float64(2.0)}","[0, 1, 2, 3, 4, 5, 6, 7, 8, 9, 10, 11, 12, 13, 14, 15, 16, 17, 18, 19, 20, 21, 22, 23]",[],48
1,0,Monday,"{0: np.float64(2.0), 1: np.float64(2.0), 2: np.float64(2.0), 3: np.float64(2.0), 4: np.float64(2.0), 5: np.float64(2.0), 6: np.float64(2.0), 7: np.float64(2.0), 8: np.float64(2.0), 9: np.float64(2.0), 10: np.float64(2.0), 11: np.float64(2.0), 12: np.float64(2.0), 13: np.float64(2.0), 14: np.float64(2.0), 15: np.float64(2.0), 16: np.float64(2.0), 17: np.float64(2.0), 18: np.float64(2.0), 19: np.float64(2.0), 20: np.float64(2.0), 21: np.float64(2.0), 22: np.float64(2.0), 23: np.float64(2.0)}","[0, 5, 7, 8, 14, 19, 22]","[1, 2, 3, 4, 6, 9, 10, 11, 12, 13, 15, 16, 17, 18, 20, 21, 23]",48
2,0,Monday,"{0: np.float64(2.0), 1: np.float64(2.0), 2: np.float64(2.0), 3: np.float64(2.0), 4: np.float64(2.0), 5: np.float64(2.0), 6: np.float64(2.0), 7: np.float64(2.0), 8: np.float64(2.0), 9: np.float64(2.0), 10: np.float64(2.0), 11: np.float64(2.0), 12: np.float64(2.0), 13: np.float64(2.0), 14: np.float64(2.0), 15: np.float64(2.0), 16: np.float64(2.0), 17: np.float64(2.0), 18: np.float64(2.0), 19: np.float64(2.0), 20: np.float64(2.0), 21: np.float64(2.0), 22: np.float64(2.0), 23: np.float64(2.0)}","[2, 3, 7, 10, 12, 14, 16, 18, 19]","[0, 1, 4, 5, 6, 8, 9, 11, 13, 15, 17, 20, 21, 22, 23]",48
3,0,Monday,"{0: np.float64(2.0), 1: np.float64(2.0), 2: np.float64(2.0), 3: np.float64(2.0), 4: np.float64(2.0), 5: np.float64(2.0), 6: np.float64(2.0), 7: np.float64(2.0), 8: np.float64(2.0), 9: np.float64(2.0), 10: np.float64(2.0), 11: np.float64(2.0), 12: np.float64(2.0), 13: np.float64(2.0), 14: np.float64(2.0), 15: np.float64(2.0), 16: np.float64(2.0), 17: np.float64(2.0), 18: np.float64(2.0), 19: np.float64(2.0), 20: np.float64(2.0), 21: np.float64(2.0), 22: np.float64(2.0), 23: np.float64(2.0)}","[0, 4, 6, 13, 15, 20]","[1, 2, 3, 5, 7, 8, 9, 10, 11, 12, 14, 16, 17, 18, 19, 21, 22, 23]",48
4,0,Monday,"{0: np.float64(2.0), 1: np.float64(2.0), 2: np.float64(2.0), 3: np.float64(2.0), 4: np.float64(2.0), 5: np.float64(2.0), 6: np.float64(2.0), 7: np.float64(2.0), 8: np.float64(2.0), 9: np.float64(2.0), 10: np.float64(2.0), 11: np.float64(2.0), 12: np.float64(2.0), 13: np.float64(2.0), 14: np.float64(2.0), 15: np.float64(2.0), 16: np.float64(2.0), 17: np.float64(2.0), 18: np.float64(2.0), 19: np.float64(2.0), 20: np.float64(2.0), 21: np.float64(2.0), 22: np.float64(2.0), 23: np.float64(2.0)}","[0, 1, 2, 4, 5, 7, 8, 10, 13, 17, 18, 19, 20, 22, 23]","[3, 6, 9, 11, 12, 14, 15, 16, 21]",48
5,0,Monday,"{0: np.float64(2.0), 1: np.float64(2.0), 2: np.float64(2.0), 3: np.float64(2.0), 4: np.float64(2.0), 5: np.float64(2.0), 6: np.float64(2.0), 7: np.float64(2.0), 8: np.float64(2.0), 9: np.float64(2.0), 10: np.float64(2.0), 11: np.float64(2.0), 12: np.float64(2.0), 13: np.float64(2.0), 14: np.float64(2.0), 15: np.float64(2.0), 16: np.float64(2.0), 17: np.float64(2.0), 18: np.float64(2.0), 19: np.float64(2.0), 20: np.float64(2.0), 21: np.float64(2.0), 22: np.float64(2.0), 23: np.float64(2.0)}","[2, 3, 4, 10, 14, 15, 16, 20, 22]","[0, 1, 5, 6, 7, 8, 9, 11, 12, 13, 17, 18, 19, 21, 23]",48
6,0,Monday,"{0: np.float64(2.0), 1: np.float64(2.0), 2: np.float64(2.0), 3: np.float64(2.0), 4: np.float64(2.0), 5: np.float64(2.0), 6: np.float64(2.0), 7: np.float64(2.0), 8: np.float64(2.0), 9: np.float64(2.0), 10: np.float64(2.0), 11: np.float64(2.0), 12: np.float64(2.0), 13: np.float64(2.0), 14: np.float64(2.0), 15: np.float64(2.0), 16: np.float64(2.0), 17: np.float64(2.0), 18: np.float64(2.0), 19: np.float64(2.0), 20: np.float64(2.0), 21: np.float64(2.0), 22: np.float64(2.0), 23: np.float64(2.0)}","[0, 3, 5, 9, 10, 12, 13, 14, 17, 19, 21, 22]","[1, 2, 4, 6, 7, 8, 11, 15, 16, 18, 20, 23]",48
7,0,Monday,"{0: np.float64(2.0), 1: np.float64(2.0), 2: np.float64(2.0), 3: np.float64(2.0), 4: np.float64(2.0), 5: np.float64(2.0), 6: np.float64(2.0), 7: np.float64(2.0), 8: np.float64(2.0), 9: np.float64(2.0), 10: np.float64(2.0), 11: np.float64(2.0), 12: np.float64(2.0), 13: np.float64(2.0), 14: np.float64(2.0), 15: np.float64(2.0), 16: np.float64(2.0), 17: np.float64(2.0), 18: np.float64(2.0), 19: np.float64(2.0), 20: np.float64(2.0), 21: np.float64(2.0), 22: np.float64(2.0), 23: np.float64(2.0)}","[1, 8, 9, 10, 17, 20, 22]","[0, 2, 3, 4, 5, 6, 7, 11, 12, 13, 14, 15, 16, 18, 19, 21, 23]",48
8,0,Monday,"{0: np.float64(2.0), 1: np.float64(2.0), 2: np.float64(2.0), 3: np.float64(2.0), 4: np.float64(2.0), 5: np.float64(2.0), 6: np.float64(2.0), 7: np.float64(2.0), 8: np.float64(2.0), 9: np.float64(2.0), 10: np.float64(2.0), 11: np.float64(2.0), 12: np.float64(2.0), 13: np.float64(2.0), 14: np.float64(2.0), 15: np.float64(2.0), 16: np.float64(2.0), 17: np.float64(2.0), 18: np.float64(2.0), 19: np.float64(2.0), 20: np.float64(2.0), 21: np.float64(2.0), 22: np.float64(2.0), 23: np.float64(2.0)}","[0, 2, 3, 4, 6, 12, 13, 15, 18, 19, 21, 22, 23]","[1, 5, 7, 8, 9, 10, 11, 14, 16, 17, 20]",48
9,0,Monday,"{0: np.float64(2.0), 1: np.float64(2.0), 2: np.float64(2.0), 3: np.float64(2.0), 4: np.float64(2.0), 5: np.float64(2.0), 6: np.float64(2.0), 7: np.float64(2.0), 8: np.float64(2.0), 9: np.float64(2.0), 10: np.float64(2.0), 11: np.float64(2.0), 12: np.float64(2.0), 13: np.float64(2.0), 14: np.float64(2.0), 15: np.float64(2.0), 16: np.float64(2.0), 17: np.float64(2.0), 18: np.float64(2.0), 19: np.float64(2.0), 20: np.float64(2.0), 21: np.float64(2.0), 22: np.float64(2.0), 23: np.float64(2.0)}","[4, 8, 9, 11, 14, 15, 16, 19, 22, 23]","[0, 1, 2, 3, 5, 6, 7, 10, 12, 13, 17, 18, 20, 21]",48
10,0,Monday,"{0: np.float64(2.0), 1: np.float64(2.0), 2: np.float64(2.0), 3: np.float64(2.0), 4: np.float64(2.0), 5: np.float64(2.0), 6: np.float64(2.0), 7: np.float64(2.0), 8: np.float64(2.0), 9: np.float64(2.0), 10: np.float64(2.0), 11: np.float64(2.0), 12: np.float64(2.0), 13: np.float64(2.0), 14: np.float64(2.0), 15: np.float64(2.0), 16: np.float64(2.0), 17: np.float64(2.0), 18: np.float64(2.0), 19: np.float64(2.0), 20: np.float64(2.0), 21: np.float64(2.0), 22: np.float64(2.0), 23: np.float64(2.0)}","[0, 2, 3, 6, 8, 9, 11, 12, 16, 18, 19, 20, 23]","[1, 4, 5, 7, 10, 13, 14, 15, 17, 21, 22]",48
11,0,Monday,"{0: np.float64(2.0), 1: np.float64(2.0), 2: np.float64(2.0), 3: np.float64(2.0), 4: np.float64(2.0), 5: np.float64(2.0), 6: np.float64(2.0), 7: np.float64(2.0), 8: np.float64(2.0), 9: np.float64(2.0), 10: np.float64(2.0), 11: np.float64(2.0), 12: np.float64(2.0), 13: np.float64(2.0), 14: np.float64(2.0), 15: np.float64(2.0), 16: np.float64(2.0), 17: np.float64(2.0), 18: np.float64(2.0), 19: np.float64(2.0), 20: np.float64(2.0), 21: np.float64(2.0), 22: np.float64(2.0), 23: np.float64(2.0)}","[2, 12, 14, 15, 21, 23]","[0, 1, 3, 4, 5, 6, 7, 8, 9, 10, 11, 13, 16, 17, 18, 19, 20, 22]",48
12,0,Monday,"{0: np.float64(2.0), 1: np.float64(2.0), 2: np.float64(2.0), 3: np.float64(2.0), 4: np.float64(2.0), 5: np.float64(2.0), 6: np.float64(2.0), 7: np.float64(2.0), 8: np.float64(2.0), 9: np.float64(2.0), 10: np.float64(2.0), 11: np.float64(2.0), 12: np.float64(2.0), 13: np.float64(2.0), 14: np.float64(2.0), 15: np.float64(2.0), 16: np.float64(2.0), 17: np.float64(2.0), 18: np.float64(2.0), 19: np.float64(2.0), 20: np.float64(2.0), 21: np.float64(2.0), 22: np.float64(2.0), 23: np.float64(2.0)}","[3, 6, 16, 17, 19, 21, 22]","[0, 1, 2, 4, 5, 7, 8, 9, 10, 11, 12, 13, 14, 15, 18, 20, 23]",48
13,0,Monday,"{0: np.float64(2.0), 1: np.float64(2.0), 2: np.float64(2.0), 3: np.float64(2.0), 4: np.float64(2.0), 5: np.float64(2.0), 6: np.float64(2.0), 7: np.float64(2.0), 8: np.float64(2.0), 9: np.float64(2.0), 10: np.float64(2.0), 11: np.float64(2.0), 12: np.float64(2.0), 13: np.float64(2.0), 14: np.float64(2.0), 15: np.float64(2.0), 16: np.float64(2.0), 17: np.float64(2.0), 18: np.float64(2.0), 19: np.float64(2.0), 20: np.float64(2.0), 21: np.float64(2.0), 22: np.float64(2.0), 23: np.float64(2.0)}","[3, 4, 5, 7, 9, 10, 12, 13, 19, 20, 21, 22]","[0, 1, 2, 6, 8, 11, 14, 15, 16, 17, 18, 23]",48
14,0,Monday,"{0: np.float64(2.0), 1: np.float64(2.0), 2: np.float64(2.0), 3: np.float64(2.0), 4: np.float64(2.0), 5: np.float64(2.0), 6: np.float64(2.0), 7: np.float64(2.0), 8: np.float64(2.0), 9: np.float64(2.0), 10: np.float64(2.0), 11: np.float64(2.0), 12: np.float64(2.0), 13: np.float64(2.0), 14: np.float64(2.0), 15: np.float64(2.0), 16: np.float64(2.0), 17: np.float64(2.0), 18: np.float64(2.0), 19: np.float64(2.0), 20: np.float64(2.0), 21: np.float64(2.0), 22: np.float64(2.0), 23: np.float64(2.0)}","[1, 2, 5, 6, 7, 8, 10, 11, 15, 17, 18, 19, 23]","[0, 3, 4, 9, 12, 13, 14, 16, 20, 21, 22]",48
15,0,Monday,"{0: np.float64(2.0), 1: np.float64(2.0), 2: np.float64(2.0), 3: np.float64(2.0), 4: np.float64(2.0), 5: np.float64(2.0), 6: np.float64(2.0), 7: np.float64(2.0), 8: np.float64(2.0), 9: np.float64(2.0), 10: np.float64(2.0), 11: np.float64(2.0), 12: np.float64(2.0), 13: np.float64(2.0), 14: np.float64(2.0), 15: np.float64(2.0), 16: np.float64(2.0), 17: np.float64(2.0), 18: np.float64(2.0), 19: np.float64(2.0), 20: np.float64(2.0), 21: np.float64(2.0), 22: np.float64(2.0), 23: np.float64(2.0)}","[3, 14, 18, 20, 21, 23]","[0, 1, 2, 4, 5, 6, 7, 8, 9, 10, 11, 12, 13, 15, 16, 17, 19, 22]",48
16,0,Monday,"{0: np.float64(2.0), 1: np.float64(2.0), 2: np.float64(2.0), 3: np.float64(2.0), 4: np.float64(2.0), 5: np.float64(2.0), 6: np.float64(2.0), 7: np.float64(2.0), 8: np.float64(2.0), 9: np.float64(2.0), 10: np.float64(2.0), 11: np.float64(2.0), 12: np.float64(2.0), 13: np.float64(2.0), 14: np.float64(2.0), 15: np.float64(2.0), 16: np.float64(2.0), 17: np.float64(2.0), 18: np.float64(2.0), 19: np.float64(2.0), 20: np.float64(2.0), 21: np.float64(2.0), 22: np.float64(2.0), 23: np.float64(2.0)}","[4, 5, 8, 10, 11, 18, 21, 22]","[0, 1, 2, 3, 6, 7, 9, 12, 13, 14, 15, 16, 17, 19, 20, 23]",48
17,0,Monday,"{0: np.float64(2.0), 1: np.float64(2.0), 2: np.float64(2.0), 3: np.float64(2.0), 4: np.float64(2.0), 5: np.float64(2.0), 6: np.float64(2.0), 7: np.float64(2.0), 8: np.float64(2.0), 9: np.float64(2.0), 10: np.float64(2.0), 11: np.float64(2.0), 12: np.float64(2.0), 13: np.float64(2.0), 14: np.float64(2.0), 15: np.float64(2.0), 16: np.float64(2.0), 17: np.float64(2.0), 18: np.float64(2.0), 19: np.float64(2.0), 20: np.float64(2.0), 21: np.float64(2.0), 22: np.float64(2.0), 23: np.float64(2.0)}","[0, 3, 4, 6, 7, 9, 10, 11, 14, 15, 16, 17, 18, 19, 22, 23]","[1, 2, 5, 8, 12, 13, 20, 21]",48
18,0,Monday,"{0: np.float64(2.0), 1: np.float64(2.0), 2: np.float64(2.0), 3: np.float64(2.0), 4: np.float64(2.0), 5: np.float64(2.0), 6: np.float64(2.0), 7: np.float64(2.0), 8: np.float64(2.0), 9: np.float64(2.0), 10: np.float64(2.0), 11: np.float64(2.0), 12: np.float64(2.0), 13: np.float64(2.0), 14: np.float64(2.0), 15: np.float64(2.0), 16: np.float64(2.0), 17: np.float64(2.0), 18: np.float64(2.0), 19: np.float64(2.0), 20: np.float64(2.0), 21: np.float64(2.0), 22: np.float64(2.0), 23: np.float64(2.0)}","[1, 11, 20, 21, 22, 23]","[0, 2, 3, 4, 5, 6, 7, 8, 9, 10, 12, 13, 14, 15, 16, 17, 18, 19]",48
19,0,Monday,"{0: np.float64(2.0), 1: np.float64(2.0), 2: np.float64(2.0), 3: np.float64(2.0), 4: np.float64(2.0), 5: np.float64(2.0), 6: np.float64(2.0), 7: np.float64(2.0), 8: np.float64(2.0), 9: np.float64(2.0), 10: np.float64(2.0), 11: np.float64(2.0), 12: np.float64(2.0), 13: np.float64(2.0), 14: np.float64(2.0), 15: np.float64(2.0), 16: np.float64(2.0), 17: np.float64(2.0), 18: np.float64(2.0), 19: np.float64(2.0), 20: np.float64(2.0), 21: np.float64(2.0), 22: np.float64(2.0), 23: np.float64(2.0)}","[1, 5, 7, 8, 13, 14, 15, 18, 19, 21, 22, 23]","[0, 2, 3, 4, 6, 9, 10, 11, 12, 16, 17, 20]",48
20,0,Monday,"{0: np.float64(2.0), 1: np.float64(2.0), 2: np.float64(2.0), 3: np.float64(2.0), 4: np.float64(2.0), 5: np.float64(2.0), 6: np.float64(2.0), 7: np.float64(2.0), 8: np.float64(2.0), 9: np.float64(2.0), 10: np.float64(2.0), 11: np.float64(2.0), 12: np.float64(2.0), 13: np.float64(2.0), 14: np.float64(2.0), 15: np.float64(2.0), 16: np.float64(2.0), 17: np.float64(2.0), 18: np.float64(2.0), 19: np.float64(2.0), 20: np.float64(2.0), 21: np.float64(2.0), 22: np.float64(2.0), 23: np.float64(2.0)}","[0, 2, 4, 7, 9, 11, 13, 16, 18, 19, 20, 21, 22]","[1, 3, 5, 6, 8, 10, 12, 14, 15, 17, 23]",48
21,0,Monday,"{0: np.float64(2.0), 1: np.float64(2.0), 2: np.float64(2.0), 3: np.float64(2.0), 4: np.float64(2.0), 5: np.float64(2.0), 6: np.float64(2.0), 7: np.float64(2.0), 8: np.float64(2.0), 9: np.float64(2.0), 10: np.float64(2.0), 11: np.float64(2.0), 12: np.float64(2.0), 13: np.float64(2.0), 14: np.float64(2.0), 15: np.float64(2.0), 16: np.float64(2.0), 17: np.float64(2.0), 18: np.float64(2.0), 19: np.float64(2.0), 20: np.float64(2.0), 21: np.float64(2.0), 22: np.float64(2.0), 23: np.float64(2.0)}","[1, 4, 7, 8, 13, 15, 16, 17, 20, 22]","[0, 2, 3, 5, 6, 9, 10, 11, 12, 14, 18, 19, 21, 23]",48
22,0,Monday,"{0: np.float64(2.0), 1: np.float64(2.0), 2: np.float64(2.0), 3: np.float64(2.0), 4: np.float64(2.0), 5: np.float64(2.0), 6: np.float64(2.0), 7: np.float64(2.0), 8: np.float64(2.0), 9: np.float64(2.0), 10: np.float64(2.0), 11: np.float64(2.0), 12: np.float64(2.0), 13: np.float64(2.0), 14: np.float64(2.0), 15: np.float64(2.0), 16: np.float64(2.0), 17: np.float64(2.0), 18: np.float64(2.0), 19: np.float64(2.0), 20: np.float64(2.0), 21: np.float64(2.0), 22: np.float64(2.0), 23: np.float64(2.0)}","[0, 3, 5, 10, 21, 23]","[1, 2, 4, 6, 7, 8, 9, 11, 12, 13, 14, 15, 16, 17, 18, 19, 20, 22]",48
23,0,Monday,"{0: np.float64(2.0), 1: np.float64(2.0), 2: np.float64(2.0), 3: np.float64(2.0), 4: np.float64(2.0), 5: np.float64(2.0), 6: np.float64(2.0), 7: np.float64(2.0), 8: np.float64(2.0), 9: np.float64(2.0), 10: np.float64(2.0), 11: np.float64(2.0), 12: np.float64(2.0), 13: np.float64(2.0), 14: np.float64(2.0), 15: np.float64(2.0), 16: np.float64(2.0), 17: np.float64(2.0), 18: np.float64(2.0), 19: np.float64(2.0), 20: np.float64(2.0), 21: np.float64(2.0), 22: np.float64(2.0), 23: np.float64(2.0)}","[0, 2, 7, 8, 11, 17, 18, 21]","[1, 3, 4, 5, 6, 9, 10, 12, 13, 14, 15, 16, 19, 20, 22, 23]",48
24,0,Monday,"{0: np.float64(2.0), 1: np.float64(2.0), 2: np.float64(2.0), 3: np.float64(2.0), 4: np.float64(2.0), 5: np.float64(2.0), 6: np.float64(2.0), 7: np.float64(2.0), 8: np.float64(2.0), 9: np.float64(2.0), 10: np.float64(2.0), 11: np.float64(2.0), 12: np.float64(2.0), 13: np.float64(2.0), 14: np.float64(2.0), 15: np.float64(2.0), 16: np.float64(2.0), 17: np.float64(2.0), 18: np.float64(2.0), 19: np.float64(2.0), 20: np.float64(2.0), 21: np.float64(2.0), 22: np.float64(2.0), 23: np.float64(2.0)}","[0, 4, 6, 7, 9, 13, 16, 18]","[1, 2, 3, 5, 8, 10, 11, 12, 14, 15, 17, 19, 20, 21, 22, 23]",48
25,0,Monday,"{0: np.float64(2.0), 1: np.float64(2.0), 2: np.float64(2.0), 3: np.float64(2.0), 4: np.float64(2.0), 5: np.float64(2.0), 6: np.float64(2.0), 7: np.float64(2.0), 8: np.float64(2.0), 9: np.float64(2.0), 10: np.float64(2.0), 11: np.float64(2.0), 12: np.float64(2.0), 13: np.float64(2.0), 14: np.float64(2.0), 15: np.float64(2.0), 16: np.float64(2.0), 17: np.float64(2.0), 18: np.float64(2.0), 19: np.float64(2.0), 20: np.float64(2.0), 21: np.float64(2.0), 22: np.float64(2.0), 23: np.float64(2.0)}","[4, 8, 9, 12, 13, 15, 17]","[0, 1, 2, 3, 5, 6, 7, 10, 11, 14, 16, 18, 19, 20, 21, 22, 23]",48
26,0,Monday,"{0: np.float64(2.0), 1: np.float64(2.0), 2: np.float64(2.0), 3: np.float64(2.0), 4: np.float64(2.0), 5: np.float64(2.0), 6: np.float64(2.0), 7: np.float64(2.0), 8: np.float64(2.0), 9: np.float64(2.0), 10: np.float64(2.0), 11: np.float64(2.0), 12: np.float64(2.0), 13: np.float64(2.0), 14: np.float64(2.0), 15: np.float64(2.0), 16: np.float64(2.0), 17: np.float64(2.0), 18: np.float64(2.0), 19: np.float64(2.0), 20: np.float64(2.0), 21: np.float64(2.0), 22: np.float64(2.0), 23: np.float64(2.0)}","[1, 2, 3, 4, 8, 10, 11, 13, 15, 17, 20, 21, 23]","[0, 5, 6, 7, 9, 12, 14, 16, 18, 19, 22]",48
27,0,Monday,"{0: np.float64(2.0), 1: np.float64(2.0), 2: np.float64(2.0), 3: np.float64(2.0), 4: np.float64(2.0), 5: np.float64(2.0), 6: np.float64(2.0), 7: np.float64(2.0), 8: np.float64(2.0), 9: np.float64(2.0), 10: np.float64(2.0), 11: np.float64(2.0), 12: np.float64(2.0), 13: np.float64(2.0), 14: np.float64(2.0), 15: np.float64(2.0), 16: np.float64(2.0), 17: np.float64(2.0), 18: np.float64(2.0), 19: np.float64(2.0), 20: np.float64(2.0), 21: np.float64(2.0), 22: np.float64(2.0), 23: np.float64(2.0)}","[2, 3, 4, 5, 6, 7, 8, 10, 11, 12, 16, 19, 22]","[0, 1, 9, 13, 14, 15, 17, 18, 20, 21, 23]",48
28,0,Monday,"{0: np.float64(2.0), 1: np.float64(2.0), 2: np.float64(2.0), 3: np.float64(2.0), 4: np.float64(2.0), 5: np.float64(2.0), 6: np.float64(2.0), 7: np.float64(2.0), 8: np.float64(2.0), 9: np.float64(2.0), 10: np.float64(2.0), 11: np.float64(2.0), 12: np.float64(2.0), 13: np.float64(2.0), 14: np.float64(2.0), 15: np.float64(2.0), 16: np.float64(2.0), 17: np.float64(2.0), 18: np.float64(2.0), 19: np.float64(2.0), 20: np.float64(2.0), 21: np.float64(2.0), 22: np.float64(2.0), 23: np.float64(2.0)}","[3, 5, 6, 10, 15, 17, 20]","[0, 1, 2, 4, 7, 8, 9, 11, 12, 13, 14, 16, 18, 19, 21, 22, 23]",48
29,0,Monday,"{0: np.float64(2.0), 1: np.float64(2.0), 2: np.float64(2.0), 3: np.float64(2.0), 4: np.float64(2.0), 5: np.float64(2.0), 6: np.float64(2.0), 7: np.float64(2.0), 8: np.float64(2.0), 9: np.float64(2.0), 10: np.float64(2.0), 11: np.float64(2.0), 12: np.float64(2.0), 13: np.float64(2.0), 14: np.float64(2.0), 15: np.float64(2.0), 16: np.float64(2.0), 17: np.float64(2.0), 18: np.float64(2.0), 19: np.float64(2.0), 20: np.float64(2.0), 21: np.float64(2.0), 22: np.float64(2.0), 23: np.float64(2.0)}","[2, 3, 6, 7, 8, 9, 11, 15, 18, 21]","[0, 1, 4, 5, 10, 12, 13, 14, 16, 17, 19, 20, 22, 23]",48
30,0,Monday,"{0: np.float64(2.0), 1: np.float64(2.0), 2: np.float64(2.0), 3: np.float64(2.0), 4: np.float64(2.0), 5: np.float64(2.0), 6: np.float64(2.0), 7: np.float64(2.0), 8: np.float64(2.0), 9: np.float64(2.0), 10: np.float64(2.0), 11: np.float64(2.0), 12: np.float64(2.0), 13: np.float64(2.0), 14: np.float64(2.0), 15: np.float64(2.0), 16: np.float64(2.0), 17: np.float64(2.0), 18: np.float64(2.0), 19: np.float64(2.0), 20: np.float64(2.0), 21: np.float64(2.0), 22: np.float64(2.0), 23: np.float64(2.0)}","[0, 1, 3, 5, 6, 9, 10, 13, 14, 16, 17, 18, 19]","[2, 4, 7, 8, 11, 12, 15, 20, 21, 22, 23]",48
31,0,Monday,"{0: np.float64(2.0), 1: np.float64(2.0), 2: np.float64(2.0), 3: np.float64(2.0), 4: np.float64(2.0), 5: np.float64(2.0), 6: np.float64(2.0), 7: np.float64(2.0), 8: np.float64(2.0), 9: np.float64(2.0), 10: np.float64(2.0), 11: np.float64(2.0), 12: np.float64(2.0), 13: np.float64(2.0), 14: np.float64(2.0), 15: np.float64(2.0), 16: np.float64(2.0), 17: np.float64(2.0), 18: np.float64(2.0), 19: np.float64(2.0), 20: np.float64(2.0), 21: np.float64(2.0), 22: np.float64(2.0), 23: np.float64(2.0)}","[1, 5, 6, 7, 13, 20, 21]","[0, 2, 3, 4, 8, 9, 10, 11, 12, 14, 15, 16, 17, 18, 19, 22, 23]",48
32,0,Monday,"{0: np.float64(2.0), 1: np.float64(2.0), 2: np.float64(2.0), 3: np.float64(2.0), 4: np.float64(2.0), 5: np.float64(2.0), 6: np.float64(2.0), 7: np.float64(2.0), 8: np.float64(2.0), 9: np.float64(2.0), 10: np.float64(2.0), 11: np.float64(2.0), 12: np.float64(2.0), 13: np.float64(2.0), 14: np.float64(2.0), 15: np.float64(2.0), 16: np.float64(2.0), 17: np.float64(2.0), 18: np.float64(2.0), 19: np.float64(2.0), 20: np.float64(2.0), 21: np.float64(2.0), 22: np.float64(2.0), 23: np.float64(2.0)}","[7, 12, 14, 18, 19, 20]","[0, 1, 2, 3, 4, 5, 6, 8, 9, 10, 11, 13, 15, 16, 17, 21, 22, 23]",48
33,0,Monday,"{0: np.float64(2.0), 1: np.float64(2.0), 2: np.float64(2.0), 3: np.float64(2.0), 4: np.float64(2.0), 5: np.float64(2.0), 6: np.float64(2.0), 7: np.float64(2.0), 8: np.float64(2.0), 9: np.float64(2.0), 10: np.float64(2.0), 11: np.float64(2.0), 12: np.float64(2.0), 13: np.float64(2.0), 14: np.float64(2.0), 15: np.float64(2.0), 16: np.float64(2.0), 17: np.float64(2.0), 18: np.float64(2.0), 19: np.float64(2.0), 20: np.float64(2.0), 21: np.float64(2.0), 22: np.float64(2.0), 23: np.float64(2.0)}","[0, 4, 5, 7, 9, 11, 12, 14, 16, 22, 23]","[1, 2, 3, 6, 8, 10, 13, 15, 17, 18, 19, 20, 21]",48
34,0,Monday,"{0: np.float64(2.0), 1: np.float64(2.0), 2: np.float64(2.0), 3: np.float64(2.0), 4: np.float64(2.0), 5: np.float64(2.0), 6: np.float64(2.0), 7: np.float64(2.0), 8: np.float64(2.0), 9: np.float64(2.0), 10: np.float64(2.0), 11: np.float64(2.0), 12: np.float64(2.0), 13: np.float64(2.0), 14: np.float64(2.0), 15: np.float64(2.0), 16: np.float64(2.0), 17: np.float64(2.0), 18: np.float64(2.0), 19: np.float64(2.0), 20: np.float64(2.0), 21: np.float64(2.0), 22: np.float64(2.0), 23: np.float64(2.0)}","[1, 2, 6, 10, 11, 12, 14, 17, 18, 20, 21]","[0, 3, 4, 5, 7, 8, 9, 13, 15, 16, 19, 22, 23]",48
35,0,Monday,"{0: np.float64(2.0), 1: np.float64(2.0), 2: np.float64(2.0), 3: np.float64(2.0), 4: np.float64(2.0), 5: np.float64(2.0), 6: np.float64(2.0), 7: np.float64(2.0), 8: np.float64(2.0), 9: np.float64(2.0), 10: np.float64(2.0), 11: np.float64(2.0), 12: np.float64(2.0), 13: np.float64(2.0), 14: np.float64(2.0), 15: np.float64(2.0), 16: np.float64(2.0), 17: np.float64(2.0), 18: np.float64(2.0), 19: np.float64(2.0), 20: np.float64(2.0), 21: np.float64(2.0), 22: np.float64(2.0), 23: np.float64(2.0)}","[0, 2, 5, 7, 11, 12, 13, 15, 17, 18, 19, 20]","[1, 3, 4, 6, 8, 9, 10, 14, 16, 21, 22, 23]",48
36,0,Monday,"{0: np.float64(2.0), 1: np.float64(2.0), 2: np.float64(2.0), 3: np.float64(2.0), 4: np.float64(2.0), 5: np.float64(2.0), 6: np.float64(2.0), 7: np.float64(2.0), 8: np.float64(2.0), 9: np.float64(2.0), 10: np.float64(2.0), 11: np.float64(2.0), 12: np.float64(2.0), 13: np.float64(2.0), 14: np.float64(2.0), 15: np.float64(2.0), 16: np.float64(2.0), 17: np.float64(2.0), 18: np.float64(2.0), 19: np.float64(2.0), 20: np.float64(2.0), 21: np.float64(2.0), 22: np.float64(2.0), 23: np.float64(2.0)}","[0, 2, 4, 10, 14, 16, 17, 18, 19, 20]","[1, 3, 5, 6, 7, 8, 9, 11, 12, 13, 15, 21, 22, 23]",48
37,0,Monday,"{0: np.float64(2.0), 1: np.float64(2.0), 2: np.float64(2.0), 3: np.float64(2.0), 4: np.float64(2.0), 5: np.float64(2.0), 6: np.float64(2.0), 7: np.float64(2.0), 8: np.float64(2.0), 9: np.float64(2.0), 10: np.float64(2.0), 11: np.float64(2.0), 12: np.float64(2.0), 13: np.float64(2.0), 14: np.float64(2.0), 15: np.float64(2.0), 16: np.float64(2.0), 17: np.float64(2.0), 18: np.float64(2.0), 19: np.float64(2.0), 20: np.float64(2.0), 21: np.float64(2.0), 22: np.float64(2.0), 23: np.float64(2.0)}","[0, 5, 12, 15, 19, 23]","[1, 2, 3, 4, 6, 7, 8, 9, 10, 11, 13, 14, 16, 17, 18, 20, 21, 22]",48
38,0,Monday,"{0: np.float64(2.0), 1: np.float64(2.0), 2: np.float64(2.0), 3: np.float64(2.0), 4: np.float64(2.0), 5: np.float64(2.0), 6: np.float64(2.0), 7: np.float64(2.0), 8: np.float64(2.0), 9: np.float64(2.0), 10: np.float64(2.0), 11: np.float64(2.0), 12: np.float64(2.0), 13: np.float64(2.0), 14: np.float64(2.0), 15: np.float64(2.0), 16: np.float64(2.0), 17: np.float64(2.0), 18: np.float64(2.0), 19: np.float64(2.0), 20: np.float64(2.0), 21: np.float64(2.0), 22: np.float64(2.0), 23: np.float64(2.0)}","[3, 5, 6, 10, 12, 13, 19, 22]","[0, 1, 2, 4, 7, 8, 9, 11, 14, 15, 16, 17, 18, 20, 21, 23]",48
39,0,Monday,"{0: np.float64(2.0), 1: np.float64(2.0), 2: np.float64(2.0), 3: np.float64(2.0), 4: np.float64(2.0), 5: np.float64(2.0), 6: np.float64(2.0), 7: np.float64(2.0), 8: np.float64(2.0), 9: np.float64(2.0), 10: np.float64(2.0), 11: np.float64(2.0), 12: np.float64(2.0), 13: np.float64(2.0), 14: np.float64(2.0), 15: np.float64(2.0), 16: np.float64(2.0), 17: np.float64(2.0), 18: np.float64(2.0), 19: np.float64(2.0), 20: np.float64(2.0), 21: np.float64(2.0), 22: np.float64(2.0), 23: np.float64(2.0)}","[0, 3, 7, 10, 12, 13, 15, 17, 22]","[1, 2, 4, 5, 6, 8, 9, 11, 14, 16, 18, 19, 20, 21, 23]",48
40,0,Monday,"{0: np.float64(2.0), 1: np.float64(2.0), 2: np.float64(2.0), 3: np.float64(2.0), 4: np.float64(2.0), 5: np.float64(2.0), 6: np.float64(2.0), 7: np.float64(2.0), 8: np.float64(2.0), 9: np.float64(2.0), 10: np.float64(2.0), 11: np.float64(2.0), 12: np.float64(2.0), 13: np.float64(2.0), 14: np.float64(2.0), 15: np.float64(2.0), 16: np.float64(2.0), 17: np.float64(2.0), 18: np.float64(2.0), 19: np.float64(2.0), 20: np.float64(2.0), 21: np.float64(2.0), 22: np.float64(2.0), 23: np.float64(2.0)}","[0, 6, 7, 11, 13, 14, 15, 16, 18]","[1, 2, 3, 4, 5, 8, 9, 10, 12, 17, 19, 20, 21, 22, 23]",48
41,0,Monday,"{0: np.float64(2.0), 1: np.float64(2.0), 2: np.float64(2.0), 3: np.float64(2.0), 4: np.float64(2.0), 5: np.float64(2.0), 6: np.float64(2.0), 7: np.float64(2.0), 8: np.float64(2.0), 9: np.float64(2.0), 10: np.float64(2.0), 11: np.float64(2.0), 12: np.float64(2.0), 13: np.float64(2.0), 14: np.float64(2.0), 15: np.float64(2.0), 16: np.float64(2.0), 17: np.float64(2.0), 18: np.float64(2.0), 19: np.float64(2.0), 20: np.float64(2.0), 21: np.float64(2.0), 22: np.float64(2.0), 23: np.float64(2.0)}","[6, 10, 11, 19, 20, 21]","[0, 1, 2, 3, 4, 5, 7, 8, 9, 12, 13, 14, 15, 16, 17, 18, 22, 23]",48
42,0,Monday,"{0: np.float64(2.0), 1: np.float64(2.0), 2: np.float64(2.0), 3: np.float64(2.0), 4: np.float64(2.0), 5: np.float64(2.0), 6: np.float64(2.0), 7: np.float64(2.0), 8: np.float64(2.0), 9: np.float64(2.0), 10: np.float64(2.0), 11: np.float64(2.0), 12: np.float64(2.0), 13: np.float64(2.0), 14: np.float64(2.0), 15: np.float64(2.0), 16: np.float64(2.0), 17: np.float64(2.0), 18: np.float64(2.0), 19: np.float64(2.0), 20: np.float64(2.0), 21: np.float64(2.0), 22: np.float64(2.0), 23: np.float64(2.0)}","[0, 3, 4, 17, 20, 23]","[1, 2, 5, 6, 7, 8, 9, 10, 11, 12, 13, 14, 15, 16, 18, 19, 21, 22]",48
43,0,Monday,"{0: np.float64(2.0), 1: np.float64(2.0), 2: np.float64(2.0), 3: np.float64(2.0), 4: np.float64(2.0), 5: np.float64(2.0), 6: np.float64(2.0), 7: np.float64(2.0), 8: np.float64(2.0), 9: np.float64(2.0), 10: np.float64(2.0), 11: np.float64(2.0), 12: np.float64(2.0), 13: np.float64(2.0), 14: np.float64(2.0), 15: np.float64(2.0), 16: np.float64(2.0), 17: np.float64(2.0), 18: np.float64(2.0), 19: np.float64(2.0), 20: np.float64(2.0), 21: np.float64(2.0), 22: np.float64(2.0), 23: np.float64(2.0)}","[5, 7, 13, 17, 21, 23]","[0, 1, 2, 3, 4, 6, 8, 9, 10, 11, 12, 14, 15, 16, 18, 19, 20, 22]",48
44,0,Monday,"{0: np.float64(2.0), 1: np.float64(2.0), 2: np.float64(2.0), 3: np.float64(2.0), 4: np.float64(2.0), 5: np.float64(2.0), 6: np.float64(2.0), 7: np.float64(2.0), 8: np.float64(2.0), 9: np.float64(2.0), 10: np.float64(2.0), 11: np.float64(2.0), 12: np.float64(2.0), 13: np.float64(2.0), 14: np.float64(2.0), 15: np.float64(2.0), 16: np.float64(2.0), 17: np.float64(2.0), 18: np.float64(2.0), 19: np.float64(2.0), 20: np.float64(2.0), 21: np.float64(2.0), 22: np.float64(2.0), 23: np.float64(2.0)}","[0, 3, 6, 9, 15, 17, 18, 19]","[1, 2, 4, 5, 7, 8, 10, 11, 12, 13, 14, 16, 20, 21, 22, 23]",48
45,0,Monday,"{0: np.float64(2.0), 1: np.float64(2.0), 2: np.float64(2.0), 3: np.float64(2.0), 4: np.float64(2.0), 5: np.float64(2.0), 6: np.float64(2.0), 7: np.float64(2.0), 8: np.float64(2.0), 9: np.float64(2.0), 10: np.float64(2.0), 11: np.float64(2.0), 12: np.float64(2.0), 13: np.float64(2.0), 14: np.float64(2.0), 15: np.float64(2.0), 16: np.float64(2.0), 17: np.float64(2.0), 18: np.float64(2.0), 19: np.float64(2.0), 20: np.float64(2.0), 21: np.float64(2.0), 22: np.float64(2.0), 23: np.float64(2.0)}","[3, 5, 6, 10, 14, 23]","[0, 1, 2, 4, 7, 8, 9, 11, 12, 13, 15, 16, 17, 18, 19, 20, 21, 22]",48
46,0,Monday,"{0: np.float64(2.0), 1: np.float64(2.0), 2: np.float64(2.0), 3: np.float64(2.0), 4: np.float64(2.0), 5: np.float64(2.0), 6: np.float64(2.0), 7: np.float64(2.0), 8: np.float64(2.0), 9: np.float64(2.0), 10: np.float64(2.0), 11: np.float64(2.0), 12: np.float64(2.0), 13: np.float64(2.0), 14: np.float64(2.0), 15: np.float64(2.0), 16: np.float64(2.0), 17: np.float64(2.0), 18: np.float64(2.0), 19: np.float64(2.0), 20: np.float64(2.0), 21: np.float64(2.0), 22: np.float64(2.0), 23: np.float64(2.0)}","[6, 10, 11, 13, 17, 20, 23]","[0, 1, 2, 3, 4, 5, 7, 8, 9, 12, 14, 15, 16, 18, 19, 21, 22]",48
47,0,Monday,"{0: np.float64(2.0), 1: np.float64(2.0), 2: np.float64(2.0), 3: np.float64(2.0), 4: np.float64(2.0), 5: np.float64(2.0), 6: np.float64(2.0), 7: np.float64(2.0), 8: np.float64(2.0), 9: np.float64(2.0), 10: np.float64(2.0), 11: np.float64(2.0), 12: np.float64(2.0), 13: np.float64(2.0), 14: np.float64(2.0), 15: np.float64(2.0), 16: np.float64(2.0), 17: np.float64(2.0), 18: np.float64(2.0), 19: np.float64(2.0), 20: np.float64(2.0), 21: np.float64(2.0), 22: np.float64(2.0), 23: np.float64(2.0)}","[3, 4, 7, 13, 16, 17, 19, 22]","[0, 1, 2, 5, 6, 8, 9, 10, 11, 12, 14, 15, 18, 20, 21, 23]",48
48,0,Monday,"{0: np.float64(2.0), 1: np.float64(2.0), 2: np.float64(2.0), 3: np.float64(2.0), 4: np.float64(2.0), 5: np.float64(2.0), 6: np.float64(2.0), 7: np.float64(2.0), 8: np.float64(2.0), 9: np.float64(2.0), 10: np.float64(2.0), 11: np.float64(2.0), 12: np.float64(2.0), 13: np.float64(2.0), 14: np.float64(2.0), 15: np.float64(2.0), 16: np.float64(2.0), 17: np.float64(2.0), 18: np.float64(2.0), 19: np.float64(2.0), 20: np.float64(2.0), 21: np.float64(2.0), 22: np.float64(2.0), 23: np.float64(2.0)}","[1, 10, 11, 12, 17, 23]","[0, 2, 3, 4, 5, 6, 7, 8, 9, 13, 14, 15, 16, 18, 19, 20, 21, 22]",48
49,0,Monday,"{0: np.float64(2.0), 1: np.float64(2.0), 2: np.float64(2.0), 3: np.float64(2.0), 4: np.float64(2.0), 5: np.float64(2.0), 6: np.float64(2.0), 7: np.float64(2.0), 8: np.float64(2.0), 9: np.float64(2.0), 10: np.float64(2.0), 11: np.float64(2.0), 12: np.float64(2.0), 13: np.float64(2.0), 14: np.float64(2.0), 15: np.float64(2.0), 16: np.float64(2.0), 17: np.float64(2.0), 18: np.float64(2.0), 19: np.float64(2.0), 20: np.float64(2.0), 21: np.float64(2.0), 22: np.float64(2.0), 23: np.float64(2.0)}","[2, 5, 6, 10, 13, 14, 18]","[0, 1, 3, 4, 7, 8, 9, 11, 12, 15, 16, 17, 19, 20, 21, 22, 23]",48
0,1,Tuesday,"{0: np.float64(2.0), 1: np.float64(2.0), 2: np.float64(2.0), 3: np.float64(2.0), 4: np.float64(2.0), 5: np.float64(2.0), 6: np.float64(2.0), 7: np.float64(2.0), 8: np.float64(2.0), 9: np.float64(2.0), 10: np.float64(2.0), 11: np.float64(2.0), 12: np.float64(2.0), 13: np.float64(2.0), 14: np.float64(2.0), 15: np.float64(2.0), 16: np.float64(2.0), 17: np.float64(2.0), 18: np.float64(2.0), 19: np.float64(2.0), 20: np.float64(2.0), 21: np.float64(2.0), 22: np.float64(2.0), 23: np.float64(2.0)}","[0, 1, 2, 3, 4, 5, 6, 7, 8, 9, 10, 11, 12, 13, 14, 15, 16, 17, 18, 19, 20, 21, 22, 23]",[],48
1,1,Tuesday,"{0: np.float64(2.0), 1: np.float64(2.0), 2: np.float64(2.0), 3: np.float64(2.0), 4: np.float64(2.0), 5: np.float64(2.0), 6: np.float64(2.0), 7: np.float64(2.0), 8: np.float64(2.0), 9: np.float64(2.0), 10: np.float64(2.0), 11: np.float64(2.0), 12: np.float64(2.0), 13: np.float64(2.0), 14: np.float64(2.0), 15: np.float64(2.0), 16: np.float64(2.0), 17: np.float64(2.0), 18: np.float64(2.0), 19: np.float64(2.0), 20: np.float64(2.0), 21: np.float64(2.0), 22: np.float64(2.0), 23: np.float64(2.0)}","[1, 3, 4, 5, 9, 11, 12, 18, 19, 21, 22, 23]","[0, 2, 6, 7, 8, 10, 13, 14, 15, 16, 17, 20]",48
2,1,Tuesday,"{0: np.float64(2.0), 1: np.float64(2.0), 2: np.float64(2.0), 3: np.float64(2.0), 4: np.float64(2.0), 5: np.float64(2.0), 6: np.float64(2.0), 7: np.float64(2.0), 8: np.float64(2.0), 9: np.float64(2.0), 10: np.float64(2.0), 11: np.float64(2.0), 12: np.float64(2.0), 13: np.float64(2.0), 14: np.float64(2.0), 15: np.float64(2.0), 16: np.float64(2.0), 17: np.float64(2.0), 18: np.float64(2.0), 19: np.float64(2.0), 20: np.float64(2.0), 21: np.float64(2.0), 22: np.float64(2.0), 23: np.float64(2.0)}","[0, 1, 3, 5, 6, 7, 8, 13, 15, 18, 20, 21, 22]","[2, 4, 9, 10, 11, 12, 14, 16, 17, 19, 23]",48
3,1,Tuesday,"{0: np.float64(2.0), 1: np.float64(2.0), 2: np.float64(2.0), 3: np.float64(2.0), 4: np.float64(2.0), 5: np.float64(2.0), 6: np.float64(2.0), 7: np.float64(2.0), 8: np.float64(2.0), 9: np.float64(2.0), 10: np.float64(2.0), 11: np.float64(2.0), 12: np.float64(2.0), 13: np.float64(2.0), 14: np.float64(2.0), 15: np.float64(2.0), 16: np.float64(2.0), 17: np.float64(2.0), 18: np.float64(2.0), 19: np.float64(2.0), 20: np.float64(2.0), 21: np.float64(2.0), 22: np.float64(2.0), 23: np.float64(2.0)}","[0, 1, 2, 4, 11, 13, 20, 21]","[3, 5, 6, 7, 8, 9, 10, 12, 14, 15, 16, 17, 18, 19, 22, 23]",48
4,1,Tuesday,"{0: np.float64(2.0), 1: np.float64(2.0), 2: np.float64(2.0), 3: np.float64(2.0), 4: np.float64(2.0), 5: np.float64(2.0), 6: np.float64(2.0), 7: np.float64(2.0), 8: np.float64(2.0), 9: np.float64(2.0), 10: np.float64(2.0), 11: np.float64(2.0), 12: np.float64(2.0), 13: np.float64(2.0), 14: np.float64(2.0), 15: np.float64(2.0), 16: np.float64(2.0), 17: np.float64(2.0), 18: np.float64(2.0), 19: np.float64(2.0), 20: np.float64(2.0), 21: np.float64(2.0), 22: np.float64(2.0), 23: np.float64(2.0)}","[0, 1, 2, 6, 19, 20, 22, 23]","[3, 4, 5, 7, 8, 9, 10, 11, 12, 13, 14, 15, 16, 17, 18, 21]",48
5,1,Tuesday,"{0: np.float64(2.0), 1: np.float64(2.0), 2: np.float64(2.0), 3: np.float64(2.0), 4: np.float64(2.0), 5: np.float64(2.0), 6: np.float64(2.0), 7: np.float64(2.0), 8: np.float64(2.0), 9: np.float64(2.0), 10: np.float64(2.0), 11: np.float64(2.0), 12: np.float64(2.0), 13: np.float64(2.0), 14: np.float64(2.0), 15: np.float64(2.0), 16: np.float64(2.0), 17: np.float64(2.0), 18: np.float64(2.0), 19: np.float64(2.0), 20: np.float64(2.0), 21: np.float64(2.0), 22: np.float64(2.0), 23: np.float64(2.0)}","[0, 3, 7, 10, 12, 16, 17, 18, 20, 22, 23]","[1, 2, 4, 5, 6, 8, 9, 11, 13, 14, 15, 19, 21]",48
6,1,Tuesday,"{0: np.float64(2.0), 1: np.float64(2.0), 2: np.float64(2.0), 3: np.float64(2.0), 4: np.float64(2.0), 5: np.float64(2.0), 6: np.float64(2.0), 7: np.float64(2.0), 8: np.float64(2.0), 9: np.float64(2.0), 10: np.float64(2.0), 11: np.float64(2.0), 12: np.float64(2.0), 13: np.float64(2.0), 14: np.float64(2.0), 15: np.float64(2.0), 16: np.float64(2.0), 17: np.float64(2.0), 18: np.float64(2.0), 19: np.float64(2.0), 20: np.float64(2.0), 21: np.float64(2.0), 22: np.float64(2.0), 23: np.float64(2.0)}","[1, 5, 6, 7, 8, 9, 10, 11, 13, 16, 19, 20, 23]","[0, 2, 3, 4, 12, 14, 15, 17, 18, 21, 22]",48
7,1,Tuesday,"{0: np.float64(2.0), 1: np.float64(2.0), 2: np.float64(2.0), 3: np.float64(2.0), 4: np.float64(2.0), 5: np.float64(2.0), 6: np.float64(2.0), 7: np.float64(2.0), 8: np.float64(2.0), 9: np.float64(2.0), 10: np.float64(2.0), 11: np.float64(2.0), 12: np.float64(2.0), 13: np.float64(2.0), 14: np.float64(2.0), 15: np.float64(2.0), 16: np.float64(2.0), 17: np.float64(2.0), 18: np.float64(2.0), 19: np.float64(2.0), 20: np.float64(2.0), 21: np.float64(2.0), 22: np.float64(2.0), 23: np.float64(2.0)}","[0, 1, 5, 7, 8, 16]","[2, 3, 4, 6, 9, 10, 11, 12, 13, 14, 15, 17, 18, 19, 20, 21, 22, 23]",48
8,1,Tuesday,"{0: np.float64(2.0), 1: np.float64(2.0), 2: np.float64(2.0), 3: np.float64(2.0), 4: np.float64(2.0), 5: np.float64(2.0), 6: np.float64(2.0), 7: np.float64(2.0), 8: np.float64(2.0), 9: np.float64(2.0), 10: np.float64(2.0), 11: np.float64(2.0), 12: np.float64(2.0), 13: np.float64(2.0), 14: np.float64(2.0), 15: np.float64(2.0), 16: np.float64(2.0), 17: np.float64(2.0), 18: np.float64(2.0), 19: np.float64(2.0), 20: np.float64(2.0), 21: np.float64(2.0), 22: np.float64(2.0), 23: np.float64(2.0)}","[1, 3, 8, 9, 13, 19, 20, 21]","[0, 2, 4, 5, 6, 7, 10, 11, 12, 14, 15, 16, 17, 18, 22, 23]",48
9,1,Tuesday,"{0: np.float64(2.0), 1: np.float64(2.0), 2: np.float64(2.0), 3: np.float64(2.0), 4: np.float64(2.0), 5: np.float64(2.0), 6: np.float64(2.0), 7: np.float64(2.0), 8: np.float64(2.0), 9: np.float64(2.0), 10: np.float64(2.0), 11: np.float64(2.0), 12: np.float64(2.0), 13: np.float64(2.0), 14: np.float64(2.0), 15: np.float64(2.0), 16: np.float64(2.0), 17: np.float64(2.0), 18: np.float64(2.0), 19: np.float64(2.0), 20: np.float64(2.0), 21: np.float64(2.0), 22: np.float64(2.0), 23: np.float64(2.0)}","[0, 2, 6, 15, 17, 21]","[1, 3, 4, 5, 7, 8, 9, 10, 11, 12, 13, 14, 16, 18, 19, 20, 22, 23]",48
10,1,Tuesday,"{0: np.float64(2.0), 1: np.float64(2.0), 2: np.float64(2.0), 3: np.float64(2.0), 4: np.float64(2.0), 5: np.float64(2.0), 6: np.float64(2.0), 7: np.float64(2.0), 8: np.float64(2.0), 9: np.float64(2.0), 10: np.float64(2.0), 11: np.float64(2.0), 12: np.float64(2.0), 13: np.float64(2.0), 14: np.float64(2.0), 15: np.float64(2.0), 16: np.float64(2.0), 17: np.float64(2.0), 18: np.float64(2.0), 19: np.float64(2.0), 20: np.float64(2.0), 21: np.float64(2.0), 22: np.float64(2.0), 23: np.float64(2.0)}","[1, 8, 9, 16, 19, 20, 21, 22]","[0, 2, 3, 4, 5, 6, 7, 10, 11, 12, 13, 14, 15, 17, 18, 23]",48
11,1,Tuesday,"{0: np.float64(2.0), 1: np.float64(2.0), 2: np.float64(2.0), 3: np.float64(2.0), 4: np.float64(2.0), 5: np.float64(2.0), 6: np.float64(2.0), 7: np.float64(2.0), 8: np.float64(2.0), 9: np.float64(2.0), 10: np.float64(2.0), 11: np.float64(2.0), 12: np.float64(2.0), 13: np.float64(2.0), 14: np.float64(2.0), 15: np.float64(2.0), 16: np.float64(2.0), 17: np.float64(2.0), 18: np.float64(2.0), 19: np.float64(2.0), 20: np.float64(2.0), 21: np.float64(2.0), 22: np.float64(2.0), 23: np.float64(2.0)}","[2, 9, 10, 12, 14, 17, 21]","[0, 1, 3, 4, 5, 6, 7, 8, 11, 13, 15, 16, 18, 19, 20, 22, 23]",48
12,1,Tuesday,"{0: np.float64(2.0), 1: np.float64(2.0), 2: np.float64(2.0), 3: np.float64(2.0), 4: np.float64(2.0), 5: np.float64(2.0), 6: np.float64(2.0), 7: np.float64(2.0), 8: np.float64(2.0), 9: np.float64(2.0), 10: np.float64(2.0), 11: np.float64(2.0), 12: np.float64(2.0), 13: np.float64(2.0), 14: np.float64(2.0), 15: np.float64(2.0), 16: np.float64(2.0), 17: np.float64(2.0), 18: np.float64(2.0), 19: np.float64(2.0), 20: np.float64(2.0), 21: np.float64(2.0), 22: np.float64(2.0), 23: np.float64(2.0)}","[1, 3, 6, 7, 8, 9, 20, 23]","[0, 2, 4, 5, 10, 11, 12, 13, 14, 15, 16, 17, 18, 19, 21, 22]",48
13,1,Tuesday,"{0: np.float64(2.0), 1: np.float64(2.0), 2: np.float64(2.0), 3: np.float64(2.0), 4: np.float64(2.0), 5: np.float64(2.0), 6: np.float64(2.0), 7: np.float64(2.0), 8: np.float64(2.0), 9: np.float64(2.0), 10: np.float64(2.0), 11: np.float64(2.0), 12: np.float64(2.0), 13: np.float64(2.0), 14: np.float64(2.0), 15: np.float64(2.0), 16: np.float64(2.0), 17: np.float64(2.0), 18: np.float64(2.0), 19: np.float64(2.0), 20: np.float64(2.0), 21: np.float64(2.0), 22: np.float64(2.0), 23: np.float64(2.0)}","[1, 4, 5, 6, 7, 9, 15, 19, 20, 22, 23]","[0, 2, 3, 8, 10, 11, 12, 13, 14, 16, 17, 18, 21]",48
14,1,Tuesday,"{0: np.float64(2.0), 1: np.float64(2.0), 2: np.float64(2.0), 3: np.float64(2.0), 4: np.float64(2.0), 5: np.float64(2.0), 6: np.float64(2.0), 7: np.float64(2.0), 8: np.float64(2.0), 9: np.float64(2.0), 10: np.float64(2.0), 11: np.float64(2.0), 12: np.float64(2.0), 13: np.float64(2.0), 14: np.float64(2.0), 15: np.float64(2.0), 16: np.float64(2.0), 17: np.float64(2.0), 18: np.float64(2.0), 19: np.float64(2.0), 20: np.float64(2.0), 21: np.float64(2.0), 22: np.float64(2.0), 23: np.float64(2.0)}","[3, 5, 6, 13, 18, 19, 21]","[0, 1, 2, 4, 7, 8, 9, 10, 11, 12, 14, 15, 16, 17, 20, 22, 23]",48
15,1,Tuesday,"{0: np.float64(2.0), 1: np.float64(2.0), 2: np.float64(2.0), 3: np.float64(2.0), 4: np.float64(2.0), 5: np.float64(2.0), 6: np.float64(2.0), 7: np.float64(2.0), 8: np.float64(2.0), 9: np.float64(2.0), 10: np.float64(2.0), 11: np.float64(2.0), 12: np.float64(2.0), 13: np.float64(2.0), 14: np.float64(2.0), 15: np.float64(2.0), 16: np.float64(2.0), 17: np.float64(2.0), 18: np.float64(2.0), 19: np.float64(2.0), 20: np.float64(2.0), 21: np.float64(2.0), 22: np.float64(2.0), 23: np.float64(2.0)}","[0, 1, 2, 3, 6, 9, 10, 16, 17, 21, 22, 23]","[4, 5, 7, 8, 11, 12, 13, 14, 15, 18, 19, 20]",48
16,1,Tuesday,"{0: np.float64(2.0), 1: np.float64(2.0), 2: np.float64(2.0), 3: np.float64(2.0), 4: np.float64(2.0), 5: np.float64(2.0), 6: np.float64(2.0), 7: np.float64(2.0), 8: np.float64(2.0), 9: np.float64(2.0), 10: np.float64(2.0), 11: np.float64(2.0), 12: np.float64(2.0), 13: np.float64(2.0), 14: np.float64(2.0), 15: np.float64(2.0), 16: np.float64(2.0), 17: np.float64(2.0), 18: np.float64(2.0), 19: np.float64(2.0), 20: np.float64(2.0), 21: np.float64(2.0), 22: np.float64(2.0), 23: np.float64(2.0)}","[1, 3, 6, 8, 11, 14, 16, 17, 18, 22, 23]","[0, 2, 4, 5, 7, 9, 10, 12, 13, 15, 19, 20, 21]",48
17,1,Tuesday,"{0: np.float64(2.0), 1: np.float64(2.0), 2: np.float64(2.0), 3: np.float64(2.0), 4: np.float64(2.0), 5: np.float64(2.0), 6: np.float64(2.0), 7: np.float64(2.0), 8: np.float64(2.0), 9: np.float64(2.0), 10: np.float64(2.0), 11: np.float64(2.0), 12: np.float64(2.0), 13: np.float64(2.0), 14: np.float64(2.0), 15: np.float64(2.0), 16: np.float64(2.0), 17: np.float64(2.0), 18: np.float64(2.0), 19: np.float64(2.0), 20: np.float64(2.0), 21: np.float64(2.0), 22: np.float64(2.0), 23: np.float64(2.0)}","[2, 3, 7, 8, 14, 16, 19, 20]","[0, 1, 4, 5, 6, 9, 10, 11, 12, 13, 15, 17, 18, 21, 22, 23]",48
18,1,Tuesday,"{0: np.float64(2.0), 1: np.float64(2.0), 2: np.float64(2.0), 3: np.float64(2.0), 4: np.float64(2.0), 5: np.float64(2.0), 6: np.float64(2.0), 7: np.float64(2.0), 8: np.float64(2.0), 9: np.float64(2.0), 10: np.float64(2.0), 11: np.float64(2.0), 12: np.float64(2.0), 13: np.float64(2.0), 14: np.float64(2.0), 15: np.float64(2.0), 16: np.float64(2.0), 17: np.float64(2.0), 18: np.float64(2.0), 19: np.float64(2.0), 20: np.float64(2.0), 21: np.float64(2.0), 22: np.float64(2.0), 23: np.float64(2.0)}","[0, 1, 2, 3, 5, 7, 8, 10, 11, 14, 18, 19, 20, 23]","[4, 6, 9, 12, 13, 15, 16, 17, 21, 22]",48
19,1,Tuesday,"{0: np.float64(2.0), 1: np.float64(2.0), 2: np.float64(2.0), 3: np.float64(2.0), 4: np.float64(2.0), 5: np.float64(2.0), 6: np.float64(2.0), 7: np.float64(2.0), 8: np.float64(2.0), 9: np.float64(2.0), 10: np.float64(2.0), 11: np.float64(2.0), 12: np.float64(2.0), 13: np.float64(2.0), 14: np.float64(2.0), 15: np.float64(2.0), 16: np.float64(2.0), 17: np.float64(2.0), 18: np.float64(2.0), 19: np.float64(2.0), 20: np.float64(2.0), 21: np.float64(2.0), 22: np.float64(2.0), 23: np.float64(2.0)}","[4, 6, 7, 8, 14, 16, 22, 23]","[0, 1, 2, 3, 5, 9, 10, 11, 12, 13, 15, 17, 18, 19, 20, 21]",48
20,1,Tuesday,"{0: np.float64(2.0), 1: np.float64(2.0), 2: np.float64(2.0), 3: np.float64(2.0), 4: np.float64(2.0), 5: np.float64(2.0), 6: np.float64(2.0), 7: np.float64(2.0), 8: np.float64(2.0), 9: np.float64(2.0), 10: np.float64(2.0), 11: np.float64(2.0), 12: np.float64(2.0), 13: np.float64(2.0), 14: np.float64(2.0), 15: np.float64(2.0), 16: np.float64(2.0), 17: np.float64(2.0), 18: np.float64(2.0), 19: np.float64(2.0), 20: np.float64(2.0), 21: np.float64(2.0), 22: np.float64(2.0), 23: np.float64(2.0)}","[1, 4, 12, 18, 21, 22]","[0, 2, 3, 5, 6, 7, 8, 9, 10, 11, 13, 14, 15, 16, 17, 19, 20, 23]",48
21,1,Tuesday,"{0: np.float64(2.0), 1: np.float64(2.0), 2: np.float64(2.0), 3: np.float64(2.0), 4: np.float64(2.0), 5: np.float64(2.0), 6: np.float64(2.0), 7: np.float64(2.0), 8: np.float64(2.0), 9: np.float64(2.0), 10: np.float64(2.0), 11: np.float64(2.0), 12: np.float64(2.0), 13: np.float64(2.0), 14: np.float64(2.0), 15: np.float64(2.0), 16: np.float64(2.0), 17: np.float64(2.0), 18: np.float64(2.0), 19: np.float64(2.0), 20: np.float64(2.0), 21: np.float64(2.0), 22: np.float64(2.0), 23: np.float64(2.0)}","[6, 10, 11, 15, 22, 23]","[0, 1, 2, 3, 4, 5, 7, 8, 9, 12, 13, 14, 16, 17, 18, 19, 20, 21]",48
22,1,Tuesday,"{0: np.float64(2.0), 1: np.float64(2.0), 2: np.float64(2.0), 3: np.float64(2.0), 4: np.float64(2.0), 5: np.float64(2.0), 6: np.float64(2.0), 7: np.float64(2.0), 8: np.float64(2.0), 9: np.float64(2.0), 10: np.float64(2.0), 11: np.float64(2.0), 12: np.float64(2.0), 13: np.float64(2.0), 14: np.float64(2.0), 15: np.float64(2.0), 16: np.float64(2.0), 17: np.float64(2.0), 18: np.float64(2.0), 19: np.float64(2.0), 20: np.float64(2.0), 21: np.float64(2.0), 22: np.float64(2.0), 23: np.float64(2.0)}","[5, 6, 8, 9, 10, 23]","[0, 1, 2, 3, 4, 7, 11, 12, 13, 14, 15, 16, 17, 18, 19, 20, 21, 22]",48
23,1,Tuesday,"{0: np.float64(2.0), 1: np.float64(2.0), 2: np.float64(2.0), 3: np.float64(2.0), 4: np.float64(2.0), 5: np.float64(2.0), 6: np.float64(2.0), 7: np.float64(2.0), 8: np.float64(2.0), 9: np.float64(2.0), 10: np.float64(2.0), 11: np.float64(2.0), 12: np.float64(2.0), 13: np.float64(2.0), 14: np.float64(2.0), 15: np.float64(2.0), 16: np.float64(2.0), 17: np.float64(2.0), 18: np.float64(2.0), 19: np.float64(2.0), 20: np.float64(2.0), 21: np.float64(2.0), 22: np.float64(2.0), 23: np.float64(2.0)}","[1, 2, 12, 14, 15, 22]","[0, 3, 4, 5, 6, 7, 8, 9, 10, 11, 13, 16, 17, 18, 19, 20, 21, 23]",48
24,1,Tuesday,"{0: np.float64(2.0), 1: np.float64(2.0), 2: np.float64(2.0), 3: np.float64(2.0), 4: np.float64(2.0), 5: np.float64(2.0), 6: np.float64(2.0), 7: np.float64(2.0), 8: np.float64(2.0), 9: np.float64(2.0), 10: np.float64(2.0), 11: np.float64(2.0), 12: np.float64(2.0), 13: np.float64(2.0), 14: np.float64(2.0), 15: np.float64(2.0), 16: np.float64(2.0), 17: np.float64(2.0), 18: np.float64(2.0), 19: np.float64(2.0), 20: np.float64(2.0), 21: np.float64(2.0), 22: np.float64(2.0), 23: np.float64(2.0)}","[3, 4, 6, 8, 9, 13, 19, 20]","[0, 1, 2, 5, 7, 10, 11, 12, 14, 15, 16, 17, 18, 21, 22, 23]",48
25,1,Tuesday,"{0: np.float64(2.0), 1: np.float64(2.0), 2: np.float64(2.0), 3: np.float64(2.0), 4: np.float64(2.0), 5: np.float64(2.0), 6: np.float64(2.0), 7: np.float64(2.0), 8: np.float64(2.0), 9: np.float64(2.0), 10: np.float64(2.0), 11: np.float64(2.0), 12: np.float64(2.0), 13: np.float64(2.0), 14: np.float64(2.0), 15: np.float64(2.0), 16: np.float64(2.0), 17: np.float64(2.0), 18: np.float64(2.0), 19: np.float64(2.0), 20: np.float64(2.0), 21: np.float64(2.0), 22: np.float64(2.0), 23: np.float64(2.0)}","[1, 4, 5, 6, 7, 8, 9, 10, 11, 12, 13, 14, 16, 17, 18, 20]","[0, 2, 3, 15, 19, 21, 22, 23]",48
26,1,Tuesday,"{0: np.float64(2.0), 1: np.float64(2.0), 2: np.float64(2.0), 3: np.float64(2.0), 4: np.float64(2.0), 5: np.float64(2.0), 6: np.float64(2.0), 7: np.float64(2.0), 8: np.float64(2.0), 9: np.float64(2.0), 10: np.float64(2.0), 11: np.float64(2.0), 12: np.float64(2.0), 13: np.float64(2.0), 14: np.float64(2.0), 15: np.float64(2.0), 16: np.float64(2.0), 17: np.float64(2.0), 18: np.float64(2.0), 19: np.float64(2.0), 20: np.float64(2.0), 21: np.float64(2.0), 22: np.float64(2.0), 23: np.float64(2.0)}","[1, 2, 6, 7, 9, 14, 16, 18, 20, 21, 22]","[0, 3, 4, 5, 8, 10, 11, 12, 13, 15, 17, 19, 23]",48
27,1,Tuesday,"{0: np.float64(2.0), 1: np.float64(2.0), 2: np.float64(2.0), 3: np.float64(2.0), 4: np.float64(2.0), 5: np.float64(2.0), 6: np.float64(2.0), 7: np.float64(2.0), 8: np.float64(2.0), 9: np.float64(2.0), 10: np.float64(2.0), 11: np.float64(2.0), 12: np.float64(2.0), 13: np.float64(2.0), 14: np.float64(2.0), 15: np.float64(2.0), 16: np.float64(2.0), 17: np.float64(2.0), 18: np.float64(2.0), 19: np.float64(2.0), 20: np.float64(2.0), 21: np.float64(2.0), 22: np.float64(2.0), 23: np.float64(2.0)}","[5, 8, 10, 12, 17, 22]","[0, 1, 2, 3, 4, 6, 7, 9, 11, 13, 14, 15, 16, 18, 19, 20, 21, 23]",48
28,1,Tuesday,"{0: np.float64(2.0), 1: np.float64(2.0), 2: np.float64(2.0), 3: np.float64(2.0), 4: np.float64(2.0), 5: np.float64(2.0), 6: np.float64(2.0), 7: np.float64(2.0), 8: np.float64(2.0), 9: np.float64(2.0), 10: np.float64(2.0), 11: np.float64(2.0), 12: np.float64(2.0), 13: np.float64(2.0), 14: np.float64(2.0), 15: np.float64(2.0), 16: np.float64(2.0), 17: np.float64(2.0), 18: np.float64(2.0), 19: np.float64(2.0), 20: np.float64(2.0), 21: np.float64(2.0), 22: np.float64(2.0), 23: np.float64(2.0)}","[1, 2, 4, 6, 8, 9, 10, 11, 16, 19, 20, 21, 22, 23]","[0, 3, 5, 7, 12, 13, 14, 15, 17, 18]",48
29,1,Tuesday,"{0: np.float64(2.0), 1: np.float64(2.0), 2: np.float64(2.0), 3: np.float64(2.0), 4: np.float64(2.0), 5: np.float64(2.0), 6: np.float64(2.0), 7: np.float64(2.0), 8: np.float64(2.0), 9: np.float64(2.0), 10: np.float64(2.0), 11: np.float64(2.0), 12: np.float64(2.0), 13: np.float64(2.0), 14: np.float64(2.0), 15: np.float64(2.0), 16: np.float64(2.0), 17: np.float64(2.0), 18: np.float64(2.0), 19: np.float64(2.0), 20: np.float64(2.0), 21: np.float64(2.0), 22: np.float64(2.0), 23: np.float64(2.0)}","[1, 2, 3, 7, 9, 12, 14, 16, 17, 20, 22]","[0, 4, 5, 6, 8, 10, 11, 13, 15, 18, 19, 21, 23]",48
30,1,Tuesday,"{0: np.float64(2.0), 1: np.float64(2.0), 2: np.float64(2.0), 3: np.float64(2.0), 4: np.float64(2.0), 5: np.float64(2.0), 6: np.float64(2.0), 7: np.float64(2.0), 8: np.float64(2.0), 9: np.float64(2.0), 10: np.float64(2.0), 11: np.float64(2.0), 12: np.float64(2.0), 13: np.float64(2.0), 14: np.float64(2.0), 15: np.float64(2.0), 16: np.float64(2.0), 17: np.float64(2.0), 18: np.float64(2.0), 19: np.float64(2.0), 20: np.float64(2.0), 21: np.float64(2.0), 22: np.float64(2.0), 23: np.float64(2.0)}","[1, 3, 4, 5, 6, 11, 16, 17]","[0, 2, 7, 8, 9, 10, 12, 13, 14, 15, 18, 19, 20, 21, 22, 23]",48
31,1,Tuesday,"{0: np.float64(2.0), 1: np.float64(2.0), 2: np.float64(2.0), 3: np.float64(2.0), 4: np.float64(2.0), 5: np.float64(2.0), 6: np.float64(2.0), 7: np.float64(2.0), 8: np.float64(2.0), 9: np.float64(2.0), 10: np.float64(2.0), 11: np.float64(2.0), 12: np.float64(2.0), 13: np.float64(2.0), 14: np.float64(2.0), 15: np.float64(2.0), 16: np.float64(2.0), 17: np.float64(2.0), 18: np.float64(2.0), 19: np.float64(2.0), 20: np.float64(2.0), 21: np.float64(2.0), 22: np.float64(2.0), 23: np.float64(2.0)}","[0, 1, 10, 11, 12, 16, 18, 19, 20]","[2, 3, 4, 5, 6, 7, 8, 9, 13, 14, 15, 17, 21, 22, 23]",48
32,1,Tuesday,"{0: np.float64(2.0), 1: np.float64(2.0), 2: np.float64(2.0), 3: np.float64(2.0), 4: np.float64(2.0), 5: np.float64(2.0), 6: np.float64(2.0), 7: np.float64(2.0), 8: np.float64(2.0), 9: np.float64(2.0), 10: np.float64(2.0), 11: np.float64(2.0), 12: np.float64(2.0), 13: np.float64(2.0), 14: np.float64(2.0), 15: np.float64(2.0), 16: np.float64(2.0), 17: np.float64(2.0), 18: np.float64(2.0), 19: np.float64(2.0), 20: np.float64(2.0), 21: np.float64(2.0), 22: np.float64(2.0), 23: np.float64(2.0)}","[0, 10, 11, 13, 17, 18, 19, 22]","[1, 2, 3, 4, 5, 6, 7, 8, 9, 12, 14, 15, 16, 20, 21, 23]",48
33,1,Tuesday,"{0: np.float64(2.0), 1: np.float64(2.0), 2: np.float64(2.0), 3: np.float64(2.0), 4: np.float64(2.0), 5: np.float64(2.0), 6: np.float64(2.0), 7: np.float64(2.0), 8: np.float64(2.0), 9: np.float64(2.0), 10: np.float64(2.0), 11: np.float64(2.0), 12: np.float64(2.0), 13: np.float64(2.0), 14: np.float64(2.0), 15: np.float64(2.0), 16: np.float64(2.0), 17: np.float64(2.0), 18: np.float64(2.0), 19: np.float64(2.0), 20: np.float64(2.0), 21: np.float64(2.0), 22: np.float64(2.0), 23: np.float64(2.0)}","[1, 3, 5, 7, 9, 10, 12, 14, 15, 18, 19, 20, 21, 23]","[0, 2, 4, 6, 8, 11, 13, 16, 17, 22]",48
34,1,Tuesday,"{0: np.float64(2.0), 1: np.float64(2.0), 2: np.float64(2.0), 3: np.float64(2.0), 4: np.float64(2.0), 5: np.float64(2.0), 6: np.float64(2.0), 7: np.float64(2.0), 8: np.float64(2.0), 9: np.float64(2.0), 10: np.float64(2.0), 11: np.float64(2.0), 12: np.float64(2.0), 13: np.float64(2.0), 14: np.float64(2.0), 15: np.float64(2.0), 16: np.float64(2.0), 17: np.float64(2.0), 18: np.float64(2.0), 19: np.float64(2.0), 20: np.float64(2.0), 21: np.float64(2.0), 22: np.float64(2.0), 23: np.float64(2.0)}","[1, 6, 7, 9, 10, 11, 15, 18, 19, 20, 21, 22]","[0, 2, 3, 4, 5, 8, 12, 13, 14, 16, 17, 23]",48
35,1,Tuesday,"{0: np.float64(2.0), 1: np.float64(2.0), 2: np.float64(2.0), 3: np.float64(2.0), 4: np.float64(2.0), 5: np.float64(2.0), 6: np.float64(2.0), 7: np.float64(2.0), 8: np.float64(2.0), 9: np.float64(2.0), 10: np.float64(2.0), 11: np.float64(2.0), 12: np.float64(2.0), 13: np.float64(2.0), 14: np.float64(2.0), 15: np.float64(2.0), 16: np.float64(2.0), 17: np.float64(2.0), 18: np.float64(2.0), 19: np.float64(2.0), 20: np.float64(2.0), 21: np.float64(2.0), 22: np.float64(2.0), 23: np.float64(2.0)}","[5, 6, 8, 12, 15, 18, 23]","[0, 1, 2, 3, 4, 7, 9, 10, 11, 13, 14, 16, 17, 19, 20, 21, 22]",48
36,1,Tuesday,"{0: np.float64(2.0), 1: np.float64(2.0), 2: np.float64(2.0), 3: np.float64(2.0), 4: np.float64(2.0), 5: np.float64(2.0), 6: np.float64(2.0), 7: np.float64(2.0), 8: np.float64(2.0), 9: np.float64(2.0), 10: np.float64(2.0), 11: np.float64(2.0), 12: np.float64(2.0), 13: np.float64(2.0), 14: np.float64(2.0), 15: np.float64(2.0), 16: np.float64(2.0), 17: np.float64(2.0), 18: np.float64(2.0), 19: np.float64(2.0), 20: np.float64(2.0), 21: np.float64(2.0), 22: np.float64(2.0), 23: np.float64(2.0)}","[2, 3, 4, 5, 8, 9, 15, 17, 20]","[0, 1, 6, 7, 10, 11, 12, 13, 14, 16, 18, 19, 21, 22, 23]",48
37,1,Tuesday,"{0: np.float64(2.0), 1: np.float64(2.0), 2: np.float64(2.0), 3: np.float64(2.0), 4: np.float64(2.0), 5: np.float64(2.0), 6: np.float64(2.0), 7: np.float64(2.0), 8: np.float64(2.0), 9: np.float64(2.0), 10: np.float64(2.0), 11: np.float64(2.0), 12: np.float64(2.0), 13: np.float64(2.0), 14: np.float64(2.0), 15: np.float64(2.0), 16: np.float64(2.0), 17: np.float64(2.0), 18: np.float64(2.0), 19: np.float64(2.0), 20: np.float64(2.0), 21: np.float64(2.0), 22: np.float64(2.0), 23: np.float64(2.0)}","[1, 7, 10, 12, 15, 17, 19, 23]","[0, 2, 3, 4, 5, 6, 8, 9, 11, 13, 14, 16, 18, 20, 21, 22]",48
38,1,Tuesday,"{0: np.float64(2.0), 1: np.float64(2.0), 2: np.float64(2.0), 3: np.float64(2.0), 4: np.float64(2.0), 5: np.float64(2.0), 6: np.float64(2.0), 7: np.float64(2.0), 8: np.float64(2.0), 9: np.float64(2.0), 10: np.float64(2.0), 11: np.float64(2.0), 12: np.float64(2.0), 13: np.float64(2.0), 14: np.float64(2.0), 15: np.float64(2.0), 16: np.float64(2.0), 17: np.float64(2.0), 18: np.float64(2.0), 19: np.float64(2.0), 20: np.float64(2.0), 21: np.float64(2.0), 22: np.float64(2.0), 23: np.float64(2.0)}","[1, 2, 11, 12, 17, 20, 21, 22]","[0, 3, 4, 5, 6, 7, 8, 9, 10, 13, 14, 15, 16, 18, 19, 23]",48
39,1,Tuesday,"{0: np.float64(2.0), 1: np.float64(2.0), 2: np.float64(2.0), 3: np.float64(2.0), 4: np.float64(2.0), 5: np.float64(2.0), 6: np.float64(2.0), 7: np.float64(2.0), 8: np.float64(2.0), 9: np.float64(2.0), 10: np.float64(2.0), 11: np.float64(2.0), 12: np.float64(2.0), 13: np.float64(2.0), 14: np.float64(2.0), 15: np.float64(2.0), 16: np.float64(2.0), 17: np.float64(2.0), 18: np.float64(2.0), 19: np.float64(2.0), 20: np.float64(2.0), 21: np.float64(2.0), 22: np.float64(2.0), 23: np.float64(2.0)}","[0, 4, 5, 9, 11, 13, 14, 16, 17, 22, 23]","[1, 2, 3, 6, 7, 8, 10, 12, 15, 18, 19, 20, 21]",48
40,1,Tuesday,"{0: np.float64(2.0), 1: np.float64(2.0), 2: np.float64(2.0), 3: np.float64(2.0), 4: np.float64(2.0), 5: np.float64(2.0), 6: np.float64(2.0), 7: np.float64(2.0), 8: np.float64(2.0), 9: np.float64(2.0), 10: np.float64(2.0), 11: np.float64(2.0), 12: np.float64(2.0), 13: np.float64(2.0), 14: np.float64(2.0), 15: np.float64(2.0), 16: np.float64(2.0), 17: np.float64(2.0), 18: np.float64(2.0), 19: np.float64(2.0), 20: np.float64(2.0), 21: np.float64(2.0), 22: np.float64(2.0), 23: np.float64(2.0)}","[1, 2, 3, 12, 13, 14, 19]","[0, 4, 5, 6, 7, 8, 9, 10, 11, 15, 16, 17, 18, 20, 21, 22, 23]",48
41,1,Tuesday,"{0: np.float64(2.0), 1: np.float64(2.0), 2: np.float64(2.0), 3: np.float64(2.0), 4: np.float64(2.0), 5: np.float64(2.0), 6: np.float64(2.0), 7: np.float64(2.0), 8: np.float64(2.0), 9: np.float64(2.0), 10: np.float64(2.0), 11: np.float64(2.0), 12: np.float64(2.0), 13: np.float64(2.0), 14: np.float64(2.0), 15: np.float64(2.0), 16: np.float64(2.0), 17: np.float64(2.0), 18: np.float64(2.0), 19: np.float64(2.0), 20: np.float64(2.0), 21: np.float64(2.0), 22: np.float64(2.0), 23: np.float64(2.0)}","[1, 4, 6, 9, 10, 15, 18, 22]","[0, 2, 3, 5, 7, 8, 11, 12, 13, 14, 16, 17, 19, 20, 21, 23]",48
42,1,Tuesday,"{0: np.float64(2.0), 1: np.float64(2.0), 2: np.float64(2.0), 3: np.float64(2.0), 4: np.float64(2.0), 5: np.float64(2.0), 6: np.float64(2.0), 7: np.float64(2.0), 8: np.float64(2.0), 9: np.float64(2.0), 10: np.float64(2.0), 11: np.float64(2.0), 12: np.float64(2.0), 13: np.float64(2.0), 14: np.float64(2.0), 15: np.float64(2.0), 16: np.float64(2.0), 17: np.float64(2.0), 18: np.float64(2.0), 19: np.float64(2.0), 20: np.float64(2.0), 21: np.float64(2.0), 22: np.float64(2.0), 23: np.float64(2.0)}","[8, 9, 13, 14, 17, 19]","[0, 1, 2, 3, 4, 5, 6, 7, 10, 11, 12, 15, 16, 18, 20, 21, 22, 23]",48
43,1,Tuesday,"{0: np.float64(2.0), 1: np.float64(2.0), 2: np.float64(2.0), 3: np.float64(2.0), 4: np.float64(2.0), 5: np.float64(2.0), 6: np.float64(2.0), 7: np.float64(2.0), 8: np.float64(2.0), 9: np.float64(2.0), 10: np.float64(2.0), 11: np.float64(2.0), 12: np.float64(2.0), 13: np.float64(2.0), 14: np.float64(2.0), 15: np.float64(2.0), 16: np.float64(2.0), 17: np.float64(2.0), 18: np.float64(2.0), 19: np.float64(2.0), 20: np.float64(2.0), 21: np.float64(2.0), 22: np.float64(2.0), 23: np.float64(2.0)}","[0, 3, 10, 13, 18, 19, 21]","[1, 2, 4, 5, 6, 7, 8, 9, 11, 12, 14, 15, 16, 17, 20, 22, 23]",48
44,1,Tuesday,"{0: np.float64(2.0), 1: np.float64(2.0), 2: np.float64(2.0), 3: np.float64(2.0), 4: np.float64(2.0), 5: np.float64(2.0), 6: np.float64(2.0), 7: np.float64(2.0), 8: np.float64(2.0), 9: np.float64(2.0), 10: np.float64(2.0), 11: np.float64(2.0), 12: np.float64(2.0), 13: np.float64(2.0), 14: np.float64(2.0), 15: np.float64(2.0), 16: np.float64(2.0), 17: np.float64(2.0), 18: np.float64(2.0), 19: np.float64(2.0), 20: np.float64(2.0), 21: np.float64(2.0), 22: np.float64(2.0), 23: np.float64(2.0)}","[1, 3, 4, 5, 6, 8, 10, 12, 14, 17, 19, 21, 22]","[0, 2, 7, 9, 11, 13, 15, 16, 18, 20, 23]",48
45,1,Tuesday,"{0: np.float64(2.0), 1: np.float64(2.0), 2: np.float64(2.0), 3: np.float64(2.0), 4: np.float64(2.0), 5: np.float64(2.0), 6: np.float64(2.0), 7: np.float64(2.0), 8: np.float64(2.0), 9: np.float64(2.0), 10: np.float64(2.0), 11: np.float64(2.0), 12: np.float64(2.0), 13: np.float64(2.0), 14: np.float64(2.0), 15: np.float64(2.0), 16: np.float64(2.0), 17: np.float64(2.0), 18: np.float64(2.0), 19: np.float64(2.0), 20: np.float64(2.0), 21: np.float64(2.0), 22: np.float64(2.0), 23: np.float64(2.0)}","[3, 9, 12, 14, 16, 18, 19, 20, 23]","[0, 1, 2, 4, 5, 6, 7, 8, 10, 11, 13, 15, 17, 21, 22]",48
46,1,Tuesday,"{0: np.float64(2.0), 1: np.float64(2.0), 2: np.float64(2.0), 3: np.float64(2.0), 4: np.float64(2.0), 5: np.float64(2.0), 6: np.float64(2.0), 7: np.float64(2.0), 8: np.float64(2.0), 9: np.float64(2.0), 10: np.float64(2.0), 11: np.float64(2.0), 12: np.float64(2.0), 13: np.float64(2.0), 14: np.float64(2.0), 15: np.float64(2.0), 16: np.float64(2.0), 17: np.float64(2.0), 18: np.float64(2.0), 19: np.float64(2.0), 20: np.float64(2.0), 21: np.float64(2.0), 22: np.float64(2.0), 23: np.float64(2.0)}","[5, 7, 11, 15, 18, 19]","[0, 1, 2, 3, 4, 6, 8, 9, 10, 12, 13, 14, 16, 17, 20, 21, 22, 23]",48
47,1,Tuesday,"{0: np.float64(2.0), 1: np.float64(2.0), 2: np.float64(2.0), 3: np.float64(2.0), 4: np.float64(2.0), 5: np.float64(2.0), 6: np.float64(2.0), 7: np.float64(2.0), 8: np.float64(2.0), 9: np.float64(2.0), 10: np.float64(2.0), 11: np.float64(2.0), 12: np.float64(2.0), 13: np.float64(2.0), 14: np.float64(2.0), 15: np.float64(2.0), 16: np.float64(2.0), 17: np.float64(2.0), 18: np.float64(2.0), 19: np.float64(2.0), 20: np.float64(2.0), 21: np.float64(2.0), 22: np.float64(2.0), 23: np.float64(2.0)}","[0, 1, 7, 8, 10, 19, 22]","[2, 3, 4, 5, 6, 9, 11, 12, 13, 14, 15, 16, 17, 18, 20, 21, 23]",48
48,1,Tuesday,"{0: np.float64(2.0), 1: np.float64(2.0), 2: np.float64(2.0), 3: np.float64(2.0), 4: np.float64(2.0), 5: np.float64(2.0), 6: np.float64(2.0), 7: np.float64(2.0), 8: np.float64(2.0), 9: np.float64(2.0), 10: np.float64(2.0), 11: np.float64(2.0), 12: np.float64(2.0), 13: np.float64(2.0), 14: np.float64(2.0), 15: np.float64(2.0), 16: np.float64(2.0), 17: np.float64(2.0), 18: np.float64(2.0), 19: np.float64(2.0), 20: np.float64(2.0), 21: np.float64(2.0), 22: np.float64(2.0), 23: np.float64(2.0)}","[5, 6, 7, 11, 12, 13, 16, 19, 20, 21, 22]","[0, 1, 2, 3, 4, 8, 9, 10, 14, 15, 17, 18, 23]",48
49,1,Tuesday,"{0: np.float64(2.0), 1: np.float64(2.0), 2: np.float64(2.0), 3: np.float64(2.0), 4: np.float64(2.0), 5: np.float64(2.0), 6: np.float64(2.0), 7: np.float64(2.0), 8: np.float64(2.0), 9: np.float64(2.0), 10: np.float64(2.0), 11: np.float64(2.0), 12: np.float64(2.0), 13: np.float64(2.0), 14: np.float64(2.0), 15: np.float64(2.0), 16: np.float64(2.0), 17: np.float64(2.0), 18: np.float64(2.0), 19: np.float64(2.0), 20: np.float64(2.0), 21: np.float64(2.0), 22: np.float64(2.0), 23: np.float64(2.0)}","[7, 11, 12, 18, 19, 20]","[0, 1, 2, 3, 4, 5, 6, 8, 9, 10, 13, 14, 15, 16, 17, 21, 22, 23]",48
0,2,Wednesday,"{0: np.float64(2.0), 1: np.float64(2.0), 2: np.float64(2.0), 3: np.float64(2.0), 4: np.float64(2.0), 5: np.float64(2.0), 6: np.float64(2.0), 7: np.float64(2.0), 8: np.float64(2.0), 9: np.float64(2.0), 10: np.float64(2.0), 11: np.float64(2.0), 12: np.float64(2.0), 13: np.float64(2.0), 14: np.float64(2.0), 15: np.float64(2.0), 16: np.float64(2.0), 17: np.float64(2.0), 18: np.float64(2.0), 19: np.float64(2.0), 20: np.float64(2.0), 21: np.float64(2.0), 22: np.float64(2.0), 23: np.float64(2.0)}","[0, 1, 2, 3, 4, 5, 6, 7, 8, 9, 10, 11, 12, 13, 14, 15, 16, 17, 18, 19, 20, 21, 22, 23]",[],48
1,2,Wednesday,"{0: np.float64(2.0), 1: np.float64(2.0), 2: np.float64(2.0), 3: np.float64(2.0), 4: np.float64(2.0), 5: np.float64(2.0), 6: np.float64(2.0), 7: np.float64(2.0), 8: np.float64(2.0), 9: np.float64(2.0), 10: np.float64(2.0), 11: np.float64(2.0), 12: np.float64(2.0), 13: np.float64(2.0), 14: np.float64(2.0), 15: np.float64(2.0), 16: np.float64(2.0), 17: np.float64(2.0), 18: np.float64(2.0), 19: np.float64(2.0), 20: np.float64(2.0), 21: np.float64(2.0), 22: np.float64(2.0), 23: np.float64(2.0)}","[0, 4, 7, 8, 9, 16, 19]","[1, 2, 3, 5, 6, 10, 11, 12, 13, 14, 15, 17, 18, 20, 21, 22, 23]",48
2,2,Wednesday,"{0: np.float64(2.0), 1: np.float64(2.0), 2: np.float64(2.0), 3: np.float64(2.0), 4: np.float64(2.0), 5: np.float64(2.0), 6: np.float64(2.0), 7: np.float64(2.0), 8: np.float64(2.0), 9: np.float64(2.0), 10: np.float64(2.0), 11: np.float64(2.0), 12: np.float64(2.0), 13: np.float64(2.0), 14: np.float64(2.0), 15: np.float64(2.0), 16: np.float64(2.0), 17: np.float64(2.0), 18: np.float64(2.0), 19: np.float64(2.0), 20: np.float64(2.0), 21: np.float64(2.0), 22: np.float64(2.0), 23: np.float64(2.0)}","[1, 2, 4, 8, 10, 12, 13, 16, 21, 22]","[0, 3, 5, 6, 7, 9, 11, 14, 15, 17, 18, 19, 20, 23]",48
3,2,Wednesday,"{0: np.float64(2.0), 1: np.float64(2.0), 2: np.float64(2.0), 3: np.float64(2.0), 4: np.float64(2.0), 5: np.float64(2.0), 6: np.float64(2.0), 7: np.float64(2.0), 8: np.float64(2.0), 9: np.float64(2.0), 10: np.float64(2.0), 11: np.float64(2.0), 12: np.float64(2.0), 13: np.float64(2.0), 14: np.float64(2.0), 15: np.float64(2.0), 16: np.float64(2.0), 17: np.float64(2.0), 18: np.float64(2.0), 19: np.float64(2.0), 20: np.float64(2.0), 21: np.float64(2.0), 22: np.float64(2.0), 23: np.float64(2.0)}","[3, 7, 8, 10, 11, 20]","[0, 1, 2, 4, 5, 6, 9, 12, 13, 14, 15, 16, 17, 18, 19, 21, 22, 23]",48
4,2,Wednesday,"{0: np.float64(2.0), 1: np.float64(2.0), 2: np.float64(2.0), 3: np.float64(2.0), 4: np.float64(2.0), 5: np.float64(2.0), 6: np.float64(2.0), 7: np.float64(2.0), 8: np.float64(2.0), 9: np.float64(2.0), 10: np.float64(2.0), 11: np.float64(2.0), 12: np.float64(2.0), 13: np.float64(2.0), 14: np.float64(2.0), 15: np.float64(2.0), 16: np.float64(2.0), 17: np.float64(2.0), 18: np.float64(2.0), 19: np.float64(2.0), 20: np.float64(2.0), 21: np.float64(2.0), 22: np.float64(2.0), 23: np.float64(2.0)}","[2, 4, 11, 12, 15, 20, 21]","[0, 1, 3, 5, 6, 7, 8, 9, 10, 13, 14, 16, 17, 18, 19, 22, 23]",48
5,2,Wednesday,"{0: np.float64(2.0), 1: np.float64(2.0), 2: np.float64(2.0), 3: np.float64(2.0), 4: np.float64(2.0), 5: np.float64(2.0), 6: np.float64(2.0), 7: np.float64(2.0), 8: np.float64(2.0), 9: np.float64(2.0), 10: np.float64(2.0), 11: np.float64(2.0), 12: np.float64(2.0), 13: np.float64(2.0), 14: np.float64(2.0), 15: np.float64(2.0), 16: np.float64(2.0), 17: np.float64(2.0), 18: np.float64(2.0), 19: np.float64(2.0), 20: np.float64(2.0), 21: np.float64(2.0), 22: np.float64(2.0), 23: np.float64(2.0)}","[2, 5, 6, 7, 11, 12, 21]","[0, 1, 3, 4, 8, 9, 10, 13, 14, 15, 16, 17, 18, 19, 20, 22, 23]",48
6,2,Wednesday,"{0: np.float64(2.0), 1: np.float64(2.0), 2: np.float64(2.0), 3: np.float64(2.0), 4: np.float64(2.0), 5: np.float64(2.0), 6: np.float64(2.0), 7: np.float64(2.0), 8: np.float64(2.0), 9: np.float64(2.0), 10: np.float64(2.0), 11: np.float64(2.0), 12: np.float64(2.0), 13: np.float64(2.0), 14: np.float64(2.0), 15: np.float64(2.0), 16: np.float64(2.0), 17: np.float64(2.0), 18: np.float64(2.0), 19: np.float64(2.0), 20: np.float64(2.0), 21: np.float64(2.0), 22: np.float64(2.0), 23: np.float64(2.0)}","[2, 3, 5, 6, 9, 15]","[0, 1, 4, 7, 8, 10, 11, 12, 13, 14, 16, 17, 18, 19, 20, 21, 22, 23]",48
7,2,Wednesday,"{0: np.float64(2.0), 1: np.float64(2.0), 2: np.float64(2.0), 3: np.float64(2.0), 4: np.float64(2.0), 5: np.float64(2.0), 6: np.float64(2.0), 7: np.float64(2.0), 8: np.float64(2.0), 9: np.float64(2.0), 10: np.float64(2.0), 11: np.float64(2.0), 12: np.float64(2.0), 13: np.float64(2.0), 14: np.float64(2.0), 15: np.float64(2.0), 16: np.float64(2.0), 17: np.float64(2.0), 18: np.float64(2.0), 19: np.float64(2.0), 20: np.float64(2.0), 21: np.float64(2.0), 22: np.float64(2.0), 23: np.float64(2.0)}","[0, 1, 2, 4, 5, 11, 12, 15, 21, 23]","[3, 6, 7, 8, 9, 10, 13, 14, 16, 17, 18, 19, 20, 22]",48
8,2,Wednesday,"{0: np.float64(2.0), 1: np.float64(2.0), 2: np.float64(2.0), 3: np.float64(2.0), 4: np.float64(2.0), 5: np.float64(2.0), 6: np.float64(2.0), 7: np.float64(2.0), 8: np.float64(2.0), 9: np.float64(2.0), 10: np.float64(2.0), 11: np.float64(2.0), 12: np.float64(2.0), 13: np.float64(2.0), 14: np.float64(2.0), 15: np.float64(2.0), 16: np.float64(2.0), 17: np.float64(2.0), 18: np.float64(2.0), 19: np.float64(2.0), 20: np.float64(2.0), 21: np.float64(2.0), 22: np.float64(2.0), 23: np.float64(2.0)}","[0, 9, 10, 12, 16, 20, 21]","[1, 2, 3, 4, 5, 6, 7, 8, 11, 13, 14, 15, 17, 18, 19, 22, 23]",48
9,2,Wednesday,"{0: np.float64(2.0), 1: np.float64(2.0), 2: np.float64(2.0), 3: np.float64(2.0), 4: np.float64(2.0), 5: np.float64(2.0), 6: np.float64(2.0), 7: np.float64(2.0), 8: np.float64(2.0), 9: np.float64(2.0), 10: np.float64(2.0), 11: np.float64(2.0), 12: np.float64(2.0), 13: np.float64(2.0), 14: np.float64(2.0), 15: np.float64(2.0), 16: np.float64(2.0), 17: np.float64(2.0), 18: np.float64(2.0), 19: np.float64(2.0), 20: np.float64(2.0), 21: np.float64(2.0), 22: np.float64(2.0), 23: np.float64(2.0)}","[2, 9, 14, 16, 18, 21, 23]","[0, 1, 3, 4, 5, 6, 7, 8, 10, 11, 12, 13, 15, 17, 19, 20, 22]",48
10,2,Wednesday,"{0: np.float64(2.0), 1: np.float64(2.0), 2: np.float64(2.0), 3: np.float64(2.0), 4: np.float64(2.0), 5: np.float64(2.0), 6: np.float64(2.0), 7: np.float64(2.0), 8: np.float64(2.0), 9: np.float64(2.0), 10: np.float64(2.0), 11: np.float64(2.0), 12: np.float64(2.0), 13: np.float64(2.0), 14: np.float64(2.0), 15: np.float64(2.0), 16: np.float64(2.0), 17: np.float64(2.0), 18: np.float64(2.0), 19: np.float64(2.0), 20: np.float64(2.0), 21: np.float64(2.0), 22: np.float64(2.0), 23: np.float64(2.0)}","[0, 4, 5, 9, 12, 13, 15, 16, 20, 21, 23]","[1, 2, 3, 6, 7, 8, 10, 11, 14, 17, 18, 19, 22]",48
11,2,Wednesday,"{0: np.float64(2.0), 1: np.float64(2.0), 2: np.float64(2.0), 3: np.float64(2.0), 4: np.float64(2.0), 5: np.float64(2.0), 6: np.float64(2.0), 7: np.float64(2.0), 8: np.float64(2.0), 9: np.float64(2.0), 10: np.float64(2.0), 11: np.float64(2.0), 12: np.float64(2.0), 13: np.float64(2.0), 14: np.float64(2.0), 15: np.float64(2.0), 16: np.float64(2.0), 17: np.float64(2.0), 18: np.float64(2.0), 19: np.float64(2.0), 20: np.float64(2.0), 21: np.float64(2.0), 22: np.float64(2.0), 23: np.float64(2.0)}","[1, 5, 6, 10, 11, 14, 20, 22, 23]","[0, 2, 3, 4, 7, 8, 9, 12, 13, 15, 16, 17, 18, 19, 21]",48
12,2,Wednesday,"{0: np.float64(2.0), 1: np.float64(2.0), 2: np.float64(2.0), 3: np.float64(2.0), 4: np.float64(2.0), 5: np.float64(2.0), 6: np.float64(2.0), 7: np.float64(2.0), 8: np.float64(2.0), 9: np.float64(2.0), 10: np.float64(2.0), 11: np.float64(2.0), 12: np.float64(2.0), 13: np.float64(2.0), 14: np.float64(2.0), 15: np.float64(2.0), 16: np.float64(2.0), 17: np.float64(2.0), 18: np.float64(2.0), 19: np.float64(2.0), 20: np.float64(2.0), 21: np.float64(2.0), 22: np.float64(2.0), 23: np.float64(2.0)}","[3, 4, 6, 7, 8, 9, 11, 13, 14, 16, 17, 18, 22]","[0, 1, 2, 5, 10, 12, 15, 19, 20, 21, 23]",48
13,2,Wednesday,"{0: np.float64(2.0), 1: np.float64(2.0), 2: np.float64(2.0), 3: np.float64(2.0), 4: np.float64(2.0), 5: np.float64(2.0), 6: np.float64(2.0), 7: np.float64(2.0), 8: np.float64(2.0), 9: np.float64(2.0), 10: np.float64(2.0), 11: np.float64(2.0), 12: np.float64(2.0), 13: np.float64(2.0), 14: np.float64(2.0), 15: np.float64(2.0), 16: np.float64(2.0), 17: np.float64(2.0), 18: np.float64(2.0), 19: np.float64(2.0), 20: np.float64(2.0), 21: np.float64(2.0), 22: np.float64(2.0), 23: np.float64(2.0)}","[1, 3, 4, 6, 8, 10, 12, 15, 17, 18, 22]","[0, 2, 5, 7, 9, 11, 13, 14, 16, 19, 20, 21, 23]",48
14,2,Wednesday,"{0: np.float64(2.0), 1: np.float64(2.0), 2: np.float64(2.0), 3: np.float64(2.0), 4: np.float64(2.0), 5: np.float64(2.0), 6: np.float64(2.0), 7: np.float64(2.0), 8: np.float64(2.0), 9: np.float64(2.0), 10: np.float64(2.0), 11: np.float64(2.0), 12: np.float64(2.0), 13: np.float64(2.0), 14: np.float64(2.0), 15: np.float64(2.0), 16: np.float64(2.0), 17: np.float64(2.0), 18: np.float64(2.0), 19: np.float64(2.0), 20: np.float64(2.0), 21: np.float64(2.0), 22: np.float64(2.0), 23: np.float64(2.0)}","[0, 2, 3, 5, 9, 10, 11, 15, 17, 18, 21]","[1, 4, 6, 7, 8, 12, 13, 14, 16, 19, 20, 22, 23]",48
15,2,Wednesday,"{0: np.float64(2.0), 1: np.float64(2.0), 2: np.float64(2.0), 3: np.float64(2.0), 4: np.float64(2.0), 5: np.float64(2.0), 6: np.float64(2.0), 7: np.float64(2.0), 8: np.float64(2.0), 9: np.float64(2.0), 10: np.float64(2.0), 11: np.float64(2.0), 12: np.float64(2.0), 13: np.float64(2.0), 14: np.float64(2.0), 15: np.float64(2.0), 16: np.float64(2.0), 17: np.float64(2.0), 18: np.float64(2.0), 19: np.float64(2.0), 20: np.float64(2.0), 21: np.float64(2.0), 22: np.float64(2.0), 23: np.float64(2.0)}","[0, 2, 5, 8, 9, 11, 16, 21, 22]","[1, 3, 4, 6, 7, 10, 12, 13, 14, 15, 17, 18, 19, 20, 23]",48
16,2,Wednesday,"{0: np.float64(2.0), 1: np.float64(2.0), 2: np.float64(2.0), 3: np.float64(2.0), 4: np.float64(2.0), 5: np.float64(2.0), 6: np.float64(2.0), 7: np.float64(2.0), 8: np.float64(2.0), 9: np.float64(2.0), 10: np.float64(2.0), 11: np.float64(2.0), 12: np.float64(2.0), 13: np.float64(2.0), 14: np.float64(2.0), 15: np.float64(2.0), 16: np.float64(2.0), 17: np.float64(2.0), 18: np.float64(2.0), 19: np.float64(2.0), 20: np.float64(2.0), 21: np.float64(2.0), 22: np.float64(2.0), 23: np.float64(2.0)}","[1, 3, 4, 5, 6, 7, 8, 9, 10, 12, 13, 15, 16, 19, 20]","[0, 2, 11, 14, 17, 18, 21, 22, 23]",48
17,2,Wednesday,"{0: np.float64(2.0), 1: np.float64(2.0), 2: np.float64(2.0), 3: np.float64(2.0), 4: np.float64(2.0), 5: np.float64(2.0), 6: np.float64(2.0), 7: np.float64(2.0), 8: np.float64(2.0), 9: np.float64(2.0), 10: np.float64(2.0), 11: np.float64(2.0), 12: np.float64(2.0), 13: np.float64(2.0), 14: np.float64(2.0), 15: np.float64(2.0), 16: np.float64(2.0), 17: np.float64(2.0), 18: np.float64(2.0), 19: np.float64(2.0), 20: np.float64(2.0), 21: np.float64(2.0), 22: np.float64(2.0), 23: np.float64(2.0)}","[0, 4, 8, 10, 11, 13, 14, 15, 17, 21, 23]","[1, 2, 3, 5, 6, 7, 9, 12, 16, 18, 19, 20, 22]",48
18,2,Wednesday,"{0: np.float64(2.0), 1: np.float64(2.0), 2: np.float64(2.0), 3: np.float64(2.0), 4: np.float64(2.0), 5: np.float64(2.0), 6: np.float64(2.0), 7: np.float64(2.0), 8: np.float64(2.0), 9: np.float64(2.0), 10: np.float64(2.0), 11: np.float64(2.0), 12: np.float64(2.0), 13: np.float64(2.0), 14: np.float64(2.0), 15: np.float64(2.0), 16: np.float64(2.0), 17: np.float64(2.0), 18: np.float64(2.0), 19: np.float64(2.0), 20: np.float64(2.0), 21: np.float64(2.0), 22: np.float64(2.0), 23: np.float64(2.0)}","[2, 8, 15, 17, 19, 20]","[0, 1, 3, 4, 5, 6, 7, 9, 10, 11, 12, 13, 14, 16, 18, 21, 22, 23]",48
19,2,Wednesday,"{0: np.float64(2.0), 1: np.float64(2.0), 2: np.float64(2.0), 3: np.float64(2.0), 4: np.float64(2.0), 5: np.float64(2.0), 6: np.float64(2.0), 7: np.float64(2.0), 8: np.float64(2.0), 9: np.float64(2.0), 10: np.float64(2.0), 11: np.float64(2.0), 12: np.float64(2.0), 13: np.float64(2.0), 14: np.float64(2.0), 15: np.float64(2.0), 16: np.float64(2.0), 17: np.float64(2.0), 18: np.float64(2.0), 19: np.float64(2.0), 20: np.float64(2.0), 21: np.float64(2.0), 22: np.float64(2.0), 23: np.float64(2.0)}","[2, 4, 5, 6, 10, 15, 19, 20, 22]","[0, 1, 3, 7, 8, 9, 11, 12, 13, 14, 16, 17, 18, 21, 23]",48
20,2,Wednesday,"{0: np.float64(2.0), 1: np.float64(2.0), 2: np.float64(2.0), 3: np.float64(2.0), 4: np.float64(2.0), 5: np.float64(2.0), 6: np.float64(2.0), 7: np.float64(2.0), 8: np.float64(2.0), 9: np.float64(2.0), 10: np.float64(2.0), 11: np.float64(2.0), 12: np.float64(2.0), 13: np.float64(2.0), 14: np.float64(2.0), 15: np.float64(2.0), 16: np.float64(2.0), 17: np.float64(2.0), 18: np.float64(2.0), 19: np.float64(2.0), 20: np.float64(2.0), 21: np.float64(2.0), 22: np.float64(2.0), 23: np.float64(2.0)}","[0, 8, 13, 14, 15, 18, 23]","[1, 2, 3, 4, 5, 6, 7, 9, 10, 11, 12, 16, 17, 19, 20, 21, 22]",48
21,2,Wednesday,"{0: np.float64(2.0), 1: np.float64(2.0), 2: np.float64(2.0), 3: np.float64(2.0), 4: np.float64(2.0), 5: np.float64(2.0), 6: np.float64(2.0), 7: np.float64(2.0), 8: np.float64(2.0), 9: np.float64(2.0), 10: np.float64(2.0), 11: np.float64(2.0), 12: np.float64(2.0), 13: np.float64(2.0), 14: np.float64(2.0), 15: np.float64(2.0), 16: np.float64(2.0), 17: np.float64(2.0), 18: np.float64(2.0), 19: np.float64(2.0), 20: np.float64(2.0), 21: np.float64(2.0), 22: np.float64(2.0), 23: np.float64(2.0)}","[0, 1, 2, 12, 13, 15, 19, 20]","[3, 4, 5, 6, 7, 8, 9, 10, 11, 14, 16, 17, 18, 21, 22, 23]",48
22,2,Wednesday,"{0: np.float64(2.0), 1: np.float64(2.0), 2: np.float64(2.0), 3: np.float64(2.0), 4: np.float64(2.0), 5: np.float64(2.0), 6: np.float64(2.0), 7: np.float64(2.0), 8: np.float64(2.0), 9: np.float64(2.0), 10: np.float64(2.0), 11: np.float64(2.0), 12: np.float64(2.0), 13: np.float64(2.0), 14: np.float64(2.0), 15: np.float64(2.0), 16: np.float64(2.0), 17: np.float64(2.0), 18: np.float64(2.0), 19: np.float64(2.0), 20: np.float64(2.0), 21: np.float64(2.0), 22: np.float64(2.0), 23: np.float64(2.0)}","[0, 8, 9, 11, 12, 17, 19, 23]","[1, 2, 3, 4, 5, 6, 7, 10, 13, 14, 15, 16, 18, 20, 21, 22]",48
23,2,Wednesday,"{0: np.float64(2.0), 1: np.float64(2.0), 2: np.float64(2.0), 3: np.float64(2.0), 4: np.float64(2.0), 5: np.float64(2.0), 6: np.float64(2.0), 7: np.float64(2.0), 8: np.float64(2.0), 9: np.float64(2.0), 10: np.float64(2.0), 11: np.float64(2.0), 12: np.float64(2.0), 13: np.float64(2.0), 14: np.float64(2.0), 15: np.float64(2.0), 16: np.float64(2.0), 17: np.float64(2.0), 18: np.float64(2.0), 19: np.float64(2.0), 20: np.float64(2.0), 21: np.float64(2.0), 22: np.float64(2.0), 23: np.float64(2.0)}","[0, 1, 4, 10, 19, 20, 22, 23]","[2, 3, 5, 6, 7, 8, 9, 11, 12, 13, 14, 15, 16, 17, 18, 21]",48
24,2,Wednesday,"{0: np.float64(2.0), 1: np.float64(2.0), 2: np.float64(2.0), 3: np.float64(2.0), 4: np.float64(2.0), 5: np.float64(2.0), 6: np.float64(2.0), 7: np.float64(2.0), 8: np.float64(2.0), 9: np.float64(2.0), 10: np.float64(2.0), 11: np.float64(2.0), 12: np.float64(2.0), 13: np.float64(2.0), 14: np.float64(2.0), 15: np.float64(2.0), 16: np.float64(2.0), 17: np.float64(2.0), 18: np.float64(2.0), 19: np.float64(2.0), 20: np.float64(2.0), 21: np.float64(2.0), 22: np.float64(2.0), 23: np.float64(2.0)}","[1, 2, 4, 6, 8, 10, 11, 12, 14, 18, 21]","[0, 3, 5, 7, 9, 13, 15, 16, 17, 19, 20, 22, 23]",48
25,2,Wednesday,"{0: np.float64(2.0), 1: np.float64(2.0), 2: np.float64(2.0), 3: np.float64(2.0), 4: np.float64(2.0), 5: np.float64(2.0), 6: np.float64(2.0), 7: np.float64(2.0), 8: np.float64(2.0), 9: np.float64(2.0), 10: np.float64(2.0), 11: np.float64(2.0), 12: np.float64(2.0), 13: np.float64(2.0), 14: np.float64(2.0), 15: np.float64(2.0), 16: np.float64(2.0), 17: np.float64(2.0), 18: np.float64(2.0), 19: np.float64(2.0), 20: np.float64(2.0), 21: np.float64(2.0), 22: np.float64(2.0), 23: np.float64(2.0)}","[2, 5, 9, 16, 18, 19]","[0, 1, 3, 4, 6, 7, 8, 10, 11, 12, 13, 14, 15, 17, 20, 21, 22, 23]",48
26,2,Wednesday,"{0: np.float64(2.0), 1: np.float64(2.0), 2: np.float64(2.0), 3: np.float64(2.0), 4: np.float64(2.0), 5: np.float64(2.0), 6: np.float64(2.0), 7: np.float64(2.0), 8: np.float64(2.0), 9: np.float64(2.0), 10: np.float64(2.0), 11: np.float64(2.0), 12: np.float64(2.0), 13: np.float64(2.0), 14: np.float64(2.0), 15: np.float64(2.0), 16: np.float64(2.0), 17: np.float64(2.0), 18: np.float64(2.0), 19: np.float64(2.0), 20: np.float64(2.0), 21: np.float64(2.0), 22: np.float64(2.0), 23: np.float64(2.0)}","[2, 6, 9, 10, 12, 14, 20, 21, 22]","[0, 1, 3, 4, 5, 7, 8, 11, 13, 15, 16, 17, 18, 19, 23]",48
27,2,Wednesday,"{0: np.float64(2.0), 1: np.float64(2.0), 2: np.float64(2.0), 3: np.float64(2.0), 4: np.float64(2.0), 5: np.float64(2.0), 6: np.float64(2.0), 7: np.float64(2.0), 8: np.float64(2.0), 9: np.float64(2.0), 10: np.float64(2.0), 11: np.float64(2.0), 12: np.float64(2.0), 13: np.float64(2.0), 14: np.float64(2.0), 15: np.float64(2.0), 16: np.float64(2.0), 17: np.float64(2.0), 18: np.float64(2.0), 19: np.float64(2.0), 20: np.float64(2.0), 21: np.float64(2.0), 22: np.float64(2.0), 23: np.float64(2.0)}","[0, 9, 10, 12, 13, 15, 20, 22, 23]","[1, 2, 3, 4, 5, 6, 7, 8, 11, 14, 16, 17, 18, 19, 21]",48
28,2,Wednesday,"{0: np.float64(2.0), 1: np.float64(2.0), 2: np.float64(2.0), 3: np.float64(2.0), 4: np.float64(2.0), 5: np.float64(2.0), 6: np.float64(2.0), 7: np.float64(2.0), 8: np.float64(2.0), 9: np.float64(2.0), 10: np.float64(2.0), 11: np.float64(2.0), 12: np.float64(2.0), 13: np.float64(2.0), 14: np.float64(2.0), 15: np.float64(2.0), 16: np.float64(2.0), 17: np.float64(2.0), 18: np.float64(2.0), 19: np.float64(2.0), 20: np.float64(2.0), 21: np.float64(2.0), 22: np.float64(2.0), 23: np.float64(2.0)}","[0, 1, 12, 13, 16, 17, 19, 23]","[2, 3, 4, 5, 6, 7, 8, 9, 10, 11, 14, 15, 18, 20, 21, 22]",48
29,2,Wednesday,"{0: np.float64(2.0), 1: np.float64(2.0), 2: np.float64(2.0), 3: np.float64(2.0), 4: np.float64(2.0), 5: np.float64(2.0), 6: np.float64(2.0), 7: np.float64(2.0), 8: np.float64(2.0), 9: np.float64(2.0), 10: np.float64(2.0), 11: np.float64(2.0), 12: np.float64(2.0), 13: np.float64(2.0), 14: np.float64(2.0), 15: np.float64(2.0), 16: np.float64(2.0), 17: np.float64(2.0), 18: np.float64(2.0), 19: np.float64(2.0), 20: np.float64(2.0), 21: np.float64(2.0), 22: np.float64(2.0), 23: np.float64(2.0)}","[0, 8, 12, 13, 18, 19, 21, 22]","[1, 2, 3, 4, 5, 6, 7, 9, 10, 11, 14, 15, 16, 17, 20, 23]",48
30,2,Wednesday,"{0: np.float64(2.0), 1: np.float64(2.0), 2: np.float64(2.0), 3: np.float64(2.0), 4: np.float64(2.0), 5: np.float64(2.0), 6: np.float64(2.0), 7: np.float64(2.0), 8: np.float64(2.0), 9: np.float64(2.0), 10: np.float64(2.0), 11: np.float64(2.0), 12: np.float64(2.0), 13: np.float64(2.0), 14: np.float64(2.0), 15: np.float64(2.0), 16: np.float64(2.0), 17: np.float64(2.0), 18: np.float64(2.0), 19: np.float64(2.0), 20: np.float64(2.0), 21: np.float64(2.0), 22: np.float64(2.0), 23: np.float64(2.0)}","[4, 5, 8, 11, 17, 19]","[0, 1, 2, 3, 6, 7, 9, 10, 12, 13, 14, 15, 16, 18, 20, 21, 22, 23]",48
31,2,Wednesday,"{0: np.float64(2.0), 1: np.float64(2.0), 2: np.float64(2.0), 3: np.float64(2.0), 4: np.float64(2.0), 5: np.float64(2.0), 6: np.float64(2.0), 7: np.float64(2.0), 8: np.float64(2.0), 9: np.float64(2.0), 10: np.float64(2.0), 11: np.float64(2.0), 12: np.float64(2.0), 13: np.float64(2.0), 14: np.float64(2.0), 15: np.float64(2.0), 16: np.float64(2.0), 17: np.float64(2.0), 18: np.float64(2.0), 19: np.float64(2.0), 20: np.float64(2.0), 21: np.float64(2.0), 22: np.float64(2.0), 23: np.float64(2.0)}","[0, 5, 10, 11, 14, 17]","[1, 2, 3, 4, 6, 7, 8, 9, 12, 13, 15, 16, 18, 19, 20, 21, 22, 23]",48
32,2,Wednesday,"{0: np.float64(2.0), 1: np.float64(2.0), 2: np.float64(2.0), 3: np.float64(2.0), 4: np.float64(2.0), 5: np.float64(2.0), 6: np.float64(2.0), 7: np.float64(2.0), 8: np.float64(2.0), 9: np.float64(2.0), 10: np.float64(2.0), 11: np.float64(2.0), 12: np.float64(2.0), 13: np.float64(2.0), 14: np.float64(2.0), 15: np.float64(2.0), 16: np.float64(2.0), 17: np.float64(2.0), 18: np.float64(2.0), 19: np.float64(2.0), 20: np.float64(2.0), 21: np.float64(2.0), 22: np.float64(2.0), 23: np.float64(2.0)}","[0, 5, 15, 20, 22, 23]","[1, 2, 3, 4, 6, 7, 8, 9, 10, 11, 12, 13, 14, 16, 17, 18, 19, 21]",48
33,2,Wednesday,"{0: np.float64(2.0), 1: np.float64(2.0), 2: np.float64(2.0), 3: np.float64(2.0), 4: np.float64(2.0), 5: np.float64(2.0), 6: np.float64(2.0), 7: np.float64(2.0), 8: np.float64(2.0), 9: np.float64(2.0), 10: np.float64(2.0), 11: np.float64(2.0), 12: np.float64(2.0), 13: np.float64(2.0), 14: np.float64(2.0), 15: np.float64(2.0), 16: np.float64(2.0), 17: np.float64(2.0), 18: np.float64(2.0), 19: np.float64(2.0), 20: np.float64(2.0), 21: np.float64(2.0), 22: np.float64(2.0), 23: np.float64(2.0)}","[0, 5, 10, 14, 15, 21]","[1, 2, 3, 4, 6, 7, 8, 9, 11, 12, 13, 16, 17, 18, 19, 20, 22, 23]",48
34,2,Wednesday,"{0: np.float64(2.0), 1: np.float64(2.0), 2: np.float64(2.0), 3: np.float64(2.0), 4: np.float64(2.0), 5: np.float64(2.0), 6: np.float64(2.0), 7: np.float64(2.0), 8: np.float64(2.0), 9: np.float64(2.0), 10: np.float64(2.0), 11: np.float64(2.0), 12: np.float64(2.0), 13: np.float64(2.0), 14: np.float64(2.0), 15: np.float64(2.0), 16: np.float64(2.0), 17: np.float64(2.0), 18: np.float64(2.0), 19: np.float64(2.0), 20: np.float64(2.0), 21: np.float64(2.0), 22: np.float64(2.0), 23: np.float64(2.0)}","[1, 5, 7, 10, 11, 13, 15, 16, 21, 22]","[0, 2, 3, 4, 6, 8, 9, 12, 14, 17, 18, 19, 20, 23]",48
35,2,Wednesday,"{0: np.float64(2.0), 1: np.float64(2.0), 2: np.float64(2.0), 3: np.float64(2.0), 4: np.float64(2.0), 5: np.float64(2.0), 6: np.float64(2.0), 7: np.float64(2.0), 8: np.float64(2.0), 9: np.float64(2.0), 10: np.float64(2.0), 11: np.float64(2.0), 12: np.float64(2.0), 13: np.float64(2.0), 14: np.float64(2.0), 15: np.float64(2.0), 16: np.float64(2.0), 17: np.float64(2.0), 18: np.float64(2.0), 19: np.float64(2.0), 20: np.float64(2.0), 21: np.float64(2.0), 22: np.float64(2.0), 23: np.float64(2.0)}","[0, 2, 4, 5, 6, 8, 9, 10, 12, 14, 15, 17, 18, 20, 22]","[1, 3, 7, 11, 13, 16, 19, 21, 23]",48
36,2,Wednesday,"{0: np.float64(2.0), 1: np.float64(2.0), 2: np.float64(2.0), 3: np.float64(2.0), 4: np.float64(2.0), 5: np.float64(2.0), 6: np.float64(2.0), 7: np.float64(2.0), 8: np.float64(2.0), 9: np.float64(2.0), 10: np.float64(2.0), 11: np.float64(2.0), 12: np.float64(2.0), 13: np.float64(2.0), 14: np.float64(2.0), 15: np.float64(2.0), 16: np.float64(2.0), 17: np.float64(2.0), 18: np.float64(2.0), 19: np.float64(2.0), 20: np.float64(2.0), 21: np.float64(2.0), 22: np.float64(2.0), 23: np.float64(2.0)}","[1, 4, 9, 11, 16, 18, 19, 20]","[0, 2, 3, 5, 6, 7, 8, 10, 12, 13, 14, 15, 17, 21, 22, 23]",48
37,2,Wednesday,"{0: np.float64(2.0), 1: np.float64(2.0), 2: np.float64(2.0), 3: np.float64(2.0), 4: np.float64(2.0), 5: np.float64(2.0), 6: np.float64(2.0), 7: np.float64(2.0), 8: np.float64(2.0), 9: np.float64(2.0), 10: np.float64(2.0), 11: np.float64(2.0), 12: np.float64(2.0), 13: np.float64(2.0), 14: np.float64(2.0), 15: np.float64(2.0), 16: np.float64(2.0), 17: np.float64(2.0), 18: np.float64(2.0), 19: np.float64(2.0), 20: np.float64(2.0), 21: np.float64(2.0), 22: np.float64(2.0), 23: np.float64(2.0)}","[1, 4, 6, 7, 9, 12, 15, 17, 20, 21, 23]","[0, 2, 3, 5, 8, 10, 11, 13, 14, 16, 18, 19, 22]",48
38,2,Wednesday,"{0: np.float64(2.0), 1: np.float64(2.0), 2: np.float64(2.0), 3: np.float64(2.0), 4: np.float64(2.0), 5: np.float64(2.0), 6: np.float64(2.0), 7: np.float64(2.0), 8: np.float64(2.0), 9: np.float64(2.0), 10: np.float64(2.0), 11: np.float64(2.0), 12: np.float64(2.0), 13: np.float64(2.0), 14: np.float64(2.0), 15: np.float64(2.0), 16: np.float64(2.0), 17: np.float64(2.0), 18: np.float64(2.0), 19: np.float64(2.0), 20: np.float64(2.0), 21: np.float64(2.0), 22: np.float64(2.0), 23: np.float64(2.0)}","[0, 2, 8, 11, 14, 15, 16, 17, 19, 21]","[1, 3, 4, 5, 6, 7, 9, 10, 12, 13, 18, 20, 22, 23]",48
39,2,Wednesday,"{0: np.float64(2.0), 1: np.float64(2.0), 2: np.float64(2.0), 3: np.float64(2.0), 4: np.float64(2.0), 5: np.float64(2.0), 6: np.float64(2.0), 7: np.float64(2.0), 8: np.float64(2.0), 9: np.float64(2.0), 10: np.float64(2.0), 11: np.float64(2.0), 12: np.float64(2.0), 13: np.float64(2.0), 14: np.float64(2.0), 15: np.float64(2.0), 16: np.float64(2.0), 17: np.float64(2.0), 18: np.float64(2.0), 19: np.float64(2.0), 20: np.float64(2.0), 21: np.float64(2.0), 22: np.float64(2.0), 23: np.float64(2.0)}","[9, 11, 15, 17, 19, 23]","[0, 1, 2, 3, 4, 5, 6, 7, 8, 10, 12, 13, 14, 16, 18, 20, 21, 22]",48
40,2,Wednesday,"{0: np.float64(2.0), 1: np.float64(2.0), 2: np.float64(2.0), 3: np.float64(2.0), 4: np.float64(2.0), 5: np.float64(2.0), 6: np.float64(2.0), 7: np.float64(2.0), 8: np.float64(2.0), 9: np.float64(2.0), 10: np.float64(2.0), 11: np.float64(2.0), 12: np.float64(2.0), 13: np.float64(2.0), 14: np.float64(2.0), 15: np.float64(2.0), 16: np.float64(2.0), 17: np.float64(2.0), 18: np.float64(2.0), 19: np.float64(2.0), 20: np.float64(2.0), 21: np.float64(2.0), 22: np.float64(2.0), 23: np.float64(2.0)}","[3, 5, 6, 8, 10, 11, 12, 13, 15, 19, 20, 22, 23]","[0, 1, 2, 4, 7, 9, 14, 16, 17, 18, 21]",48
41,2,Wednesday,"{0: np.float64(2.0), 1: np.float64(2.0), 2: np.float64(2.0), 3: np.float64(2.0), 4: np.float64(2.0), 5: np.float64(2.0), 6: np.float64(2.0), 7: np.float64(2.0), 8: np.float64(2.0), 9: np.float64(2.0), 10: np.float64(2.0), 11: np.float64(2.0), 12: np.float64(2.0), 13: np.float64(2.0), 14: np.float64(2.0), 15: np.float64(2.0), 16: np.float64(2.0), 17: np.float64(2.0), 18: np.float64(2.0), 19: np.float64(2.0), 20: np.float64(2.0), 21: np.float64(2.0), 22: np.float64(2.0), 23: np.float64(2.0)}","[1, 2, 7, 8, 11, 18, 19, 21]","[0, 3, 4, 5, 6, 9, 10, 12, 13, 14, 15, 16, 17, 20, 22, 23]",48
42,2,Wednesday,"{0: np.float64(2.0), 1: np.float64(2.0), 2: np.float64(2.0), 3: np.float64(2.0), 4: np.float64(2.0), 5: np.float64(2.0), 6: np.float64(2.0), 7: np.float64(2.0), 8: np.float64(2.0), 9: np.float64(2.0), 10: np.float64(2.0), 11: np.float64(2.0), 12: np.float64(2.0), 13: np.float64(2.0), 14: np.float64(2.0), 15: np.float64(2.0), 16: np.float64(2.0), 17: np.float64(2.0), 18: np.float64(2.0), 19: np.float64(2.0), 20: np.float64(2.0), 21: np.float64(2.0), 22: np.float64(2.0), 23: np.float64(2.0)}","[0, 1, 3, 4, 8, 9, 12, 14, 16, 17, 18, 19, 20, 21, 23]","[2, 5, 6, 7, 10, 11, 13, 15, 22]",48
43,2,Wednesday,"{0: np.float64(2.0), 1: np.float64(2.0), 2: np.float64(2.0), 3: np.float64(2.0), 4: np.float64(2.0), 5: np.float64(2.0), 6: np.float64(2.0), 7: np.float64(2.0), 8: np.float64(2.0), 9: np.float64(2.0), 10: np.float64(2.0), 11: np.float64(2.0), 12: np.float64(2.0), 13: np.float64(2.0), 14: np.float64(2.0), 15: np.float64(2.0), 16: np.float64(2.0), 17: np.float64(2.0), 18: np.float64(2.0), 19: np.float64(2.0), 20: np.float64(2.0), 21: np.float64(2.0), 22: np.float64(2.0), 23: np.float64(2.0)}","[0, 2, 3, 7, 9, 10, 11, 12, 13, 14, 15, 19, 23]","[1, 4, 5, 6, 8, 16, 17, 18, 20, 21, 22]",48
44,2,Wednesday,"{0: np.float64(2.0), 1: np.float64(2.0), 2: np.float64(2.0), 3: np.float64(2.0), 4: np.float64(2.0), 5: np.float64(2.0), 6: np.float64(2.0), 7: np.float64(2.0), 8: np.float64(2.0), 9: np.float64(2.0), 10: np.float64(2.0), 11: np.float64(2.0), 12: np.float64(2.0), 13: np.float64(2.0), 14: np.float64(2.0), 15: np.float64(2.0), 16: np.float64(2.0), 17: np.float64(2.0), 18: np.float64(2.0), 19: np.float64(2.0), 20: np.float64(2.0), 21: np.float64(2.0), 22: np.float64(2.0), 23: np.float64(2.0)}","[1, 3, 5, 9, 10, 16, 22]","[0, 2, 4, 6, 7, 8, 11, 12, 13, 14, 15, 17, 18, 19, 20, 21, 23]",48
45,2,Wednesday,"{0: np.float64(2.0), 1: np.float64(2.0), 2: np.float64(2.0), 3: np.float64(2.0), 4: np.float64(2.0), 5: np.float64(2.0), 6: np.float64(2.0), 7: np.float64(2.0), 8: np.float64(2.0), 9: np.float64(2.0), 10: np.float64(2.0), 11: np.float64(2.0), 12: np.float64(2.0), 13: np.float64(2.0), 14: np.float64(2.0), 15: np.float64(2.0), 16: np.float64(2.0), 17: np.float64(2.0), 18: np.float64(2.0), 19: np.float64(2.0), 20: np.float64(2.0), 21: np.float64(2.0), 22: np.float64(2.0), 23: np.float64(2.0)}","[0, 1, 2, 3, 6, 9, 11, 12, 13, 15, 17, 19, 20, 22]","[4, 5, 7, 8, 10, 14, 16, 18, 21, 23]",48
46,2,Wednesday,"{0: np.float64(2.0), 1: np.float64(2.0), 2: np.float64(2.0), 3: np.float64(2.0), 4: np.float64(2.0), 5: np.float64(2.0), 6: np.float64(2.0), 7: np.float64(2.0), 8: np.float64(2.0), 9: np.float64(2.0), 10: np.float64(2.0), 11: np.float64(2.0), 12: np.float64(2.0), 13: np.float64(2.0), 14: np.float64(2.0), 15: np.float64(2.0), 16: np.float64(2.0), 17: np.float64(2.0), 18: np.float64(2.0), 19: np.float64(2.0), 20: np.float64(2.0), 21: np.float64(2.0), 22: np.float64(2.0), 23: np.float64(2.0)}","[0, 3, 8, 10, 14, 15, 19, 20, 21]","[1, 2, 4, 5, 6, 7, 9, 11, 12, 13, 16, 17, 18, 22, 23]",48
47,2,Wednesday,"{0: np.float64(2.0), 1: np.float64(2.0), 2: np.float64(2.0), 3: np.float64(2.0), 4: np.float64(2.0), 5: np.float64(2.0), 6: np.float64(2.0), 7: np.float64(2.0), 8: np.float64(2.0), 9: np.float64(2.0), 10: np.float64(2.0), 11: np.float64(2.0), 12: np.float64(2.0), 13: np.float64(2.0), 14: np.float64(2.0), 15: np.float64(2.0), 16: np.float64(2.0), 17: np.float64(2.0), 18: np.float64(2.0), 19: np.float64(2.0), 20: np.float64(2.0), 21: np.float64(2.0), 22: np.float64(2.0), 23: np.float64(2.0)}","[3, 5, 7, 9, 11, 13, 15, 16, 19, 22]","[0, 1, 2, 4, 6, 8, 10, 12, 14, 17, 18, 20, 21, 23]",48
48,2,Wednesday,"{0: np.float64(2.0), 1: np.float64(2.0), 2: np.float64(2.0), 3: np.float64(2.0), 4: np.float64(2.0), 5: np.float64(2.0), 6: np.float64(2.0), 7: np.float64(2.0), 8: np.float64(2.0), 9: np.float64(2.0), 10: np.float64(2.0), 11: np.float64(2.0), 12: np.float64(2.0), 13: np.float64(2.0), 14: np.float64(2.0), 15: np.float64(2.0), 16: np.float64(2.0), 17: np.float64(2.0), 18: np.float64(2.0), 19: np.float64(2.0), 20: np.float64(2.0), 21: np.float64(2.0), 22: np.float64(2.0), 23: np.float64(2.0)}","[1, 5, 6, 7, 8, 12]","[0, 2, 3, 4, 9, 10, 11, 13, 14, 15, 16, 17, 18, 19, 20, 21, 22, 23]",48
49,2,Wednesday,"{0: np.float64(2.0), 1: np.float64(2.0), 2: np.float64(2.0), 3: np.float64(2.0), 4: np.float64(2.0), 5: np.float64(2.0), 6: np.float64(2.0), 7: np.float64(2.0), 8: np.float64(2.0), 9: np.float64(2.0), 10: np.float64(2.0), 11: np.float64(2.0), 12: np.float64(2.0), 13: np.float64(2.0), 14: np.float64(2.0), 15: np.float64(2.0), 16: np.float64(2.0), 17: np.float64(2.0), 18: np.float64(2.0), 19: np.float64(2.0), 20: np.float64(2.0), 21: np.float64(2.0), 22: np.float64(2.0), 23: np.float64(2.0)}","[2, 5, 6, 13, 15, 16, 19]","[0, 1, 3, 4, 7, 8, 9, 10, 11, 12, 14, 17, 18, 20, 21, 22, 23]",48
0,3,Thursday,"{0: np.float64(2.0), 1: np.float64(2.0), 2: np.float64(2.0), 3: np.float64(2.0), 4: np.float64(2.0), 5: np.float64(2.0), 6: np.float64(2.0), 7: np.float64(2.0), 8: np.float64(2.0), 9: np.float64(2.0), 10: np.float64(2.0), 11: np.float64(2.0), 12: np.float64(2.0), 13: np.float64(2.0), 14: np.float64(2.0), 15: np.float64(2.0), 16: np.float64(2.0), 17: np.float64(2.0), 18: np.float64(2.0), 19: np.float64(2.0), 20: np.float64(2.0), 21: np.float64(2.0), 22: np.float64(2.0), 23: np.float64(2.0)}","[0, 1, 2, 3, 4, 5, 6, 7, 8, 9, 10, 11, 12, 13, 14, 15, 16, 17, 18, 19, 20, 21, 22, 23]",[],48
1,3,Thursday,"{0: np.float64(2.0), 1: np.float64(2.0), 2: np.float64(2.0), 3: np.float64(2.0), 4: np.float64(2.0), 5: np.float64(2.0), 6: np.float64(2.0), 7: np.float64(2.0), 8: np.float64(2.0), 9: np.float64(2.0), 10: np.float64(2.0), 11: np.float64(2.0), 12: np.float64(2.0), 13: np.float64(2.0), 14: np.float64(2.0), 15: np.float64(2.0), 16: np.float64(2.0), 17: np.float64(2.0), 18: np.float64(2.0), 19: np.float64(2.0), 20: np.float64(2.0), 21: np.float64(2.0), 22: np.float64(2.0), 23: np.float64(2.0)}","[1, 2, 3, 5, 6, 7, 9, 12, 13, 16, 17, 18, 20, 21, 22, 23]","[0, 4, 8, 10, 11, 14, 15, 19]",48
2,3,Thursday,"{0: np.float64(2.0), 1: np.float64(2.0), 2: np.float64(2.0), 3: np.float64(2.0), 4: np.float64(2.0), 5: np.float64(2.0), 6: np.float64(2.0), 7: np.float64(2.0), 8: np.float64(2.0), 9: np.float64(2.0), 10: np.float64(2.0), 11: np.float64(2.0), 12: np.float64(2.0), 13: np.float64(2.0), 14: np.float64(2.0), 15: np.float64(2.0), 16: np.float64(2.0), 17: np.float64(2.0), 18: np.float64(2.0), 19: np.float64(2.0), 20: np.float64(2.0), 21: np.float64(2.0), 22: np.float64(2.0), 23: np.float64(2.0)}","[7, 8, 13, 14, 16, 22]","[0, 1, 2, 3, 4, 5, 6, 9, 10, 11, 12, 15, 17, 18, 19, 20, 21, 23]",48
3,3,Thursday,"{0: np.float64(2.0), 1: np.float64(2.0), 2: np.float64(2.0), 3: np.float64(2.0), 4: np.float64(2.0), 5: np.float64(2.0), 6: np.float64(2.0), 7: np.float64(2.0), 8: np.float64(2.0), 9: np.float64(2.0), 10: np.float64(2.0), 11: np.float64(2.0), 12: np.float64(2.0), 13: np.float64(2.0), 14: np.float64(2.0), 15: np.float64(2.0), 16: np.float64(2.0), 17: np.float64(2.0), 18: np.float64(2.0), 19: np.float64(2.0), 20: np.float64(2.0), 21: np.float64(2.0), 22: np.float64(2.0), 23: np.float64(2.0)}","[0, 1, 3, 7, 10, 13, 14, 19, 21, 23]","[2, 4, 5, 6, 8, 9, 11, 12, 15, 16, 17, 18, 20, 22]",48
4,3,Thursday,"{0: np.float64(2.0), 1: np.float64(2.0), 2: np.float64(2.0), 3: np.float64(2.0), 4: np.float64(2.0), 5: np.float64(2.0), 6: np.float64(2.0), 7: np.float64(2.0), 8: np.float64(2.0), 9: np.float64(2.0), 10: np.float64(2.0), 11: np.float64(2.0), 12: np.float64(2.0), 13: np.float64(2.0), 14: np.float64(2.0), 15: np.float64(2.0), 16: np.float64(2.0), 17: np.float64(2.0), 18: np.float64(2.0), 19: np.float64(2.0), 20: np.float64(2.0), 21: np.float64(2.0), 22: np.float64(2.0), 23: np.float64(2.0)}","[5, 7, 8, 10, 12, 15, 17]","[0, 1, 2, 3, 4, 6, 9, 11, 13, 14, 16, 18, 19, 20, 21, 22, 23]",48
5,3,Thursday,"{0: np.float64(2.0), 1: np.float64(2.0), 2: np.float64(2.0), 3: np.float64(2.0), 4: np.float64(2.0), 5: np.float64(2.0), 6: np.float64(2.0), 7: np.float64(2.0), 8: np.float64(2.0), 9: np.float64(2.0), 10: np.float64(2.0), 11: np.float64(2.0), 12: np.float64(2.0), 13: np.float64(2.0), 14: np.float64(2.0), 15: np.float64(2.0), 16: np.float64(2.0), 17: np.float64(2.0), 18: np.float64(2.0), 19: np.float64(2.0), 20: np.float64(2.0), 21: np.float64(2.0), 22: np.float64(2.0), 23: np.float64(2.0)}","[0, 7, 10, 18, 19, 23]","[1, 2, 3, 4, 5, 6, 8, 9, 11, 12, 13, 14, 15, 16, 17, 20, 21, 22]",48
6,3,Thursday,"{0: np.float64(2.0), 1: np.float64(2.0), 2: np.float64(2.0), 3: np.float64(2.0), 4: np.float64(2.0), 5: np.float64(2.0), 6: np.float64(2.0), 7: np.float64(2.0), 8: np.float64(2.0), 9: np.float64(2.0), 10: np.float64(2.0), 11: np.float64(2.0), 12: np.float64(2.0), 13: np.float64(2.0), 14: np.float64(2.0), 15: np.float64(2.0), 16: np.float64(2.0), 17: np.float64(2.0), 18: np.float64(2.0), 19: np.float64(2.0), 20: np.float64(2.0), 21: np.float64(2.0), 22: np.float64(2.0), 23: np.float64(2.0)}","[0, 1, 3, 6, 8, 9, 10]","[2, 4, 5, 7, 11, 12, 13, 14, 15, 16, 17, 18, 19, 20, 21, 22, 23]",48
7,3,Thursday,"{0: np.float64(2.0), 1: np.float64(2.0), 2: np.float64(2.0), 3: np.float64(2.0), 4: np.float64(2.0), 5: np.float64(2.0), 6: np.float64(2.0), 7: np.float64(2.0), 8: np.float64(2.0), 9: np.float64(2.0), 10: np.float64(2.0), 11: np.float64(2.0), 12: np.float64(2.0), 13: np.float64(2.0), 14: np.float64(2.0), 15: np.float64(2.0), 16: np.float64(2.0), 17: np.float64(2.0), 18: np.float64(2.0), 19: np.float64(2.0), 20: np.float64(2.0), 21: np.float64(2.0), 22: np.float64(2.0), 23: np.float64(2.0)}","[0, 3, 5, 10, 11, 15, 18, 19, 20]","[1, 2, 4, 6, 7, 8, 9, 12, 13, 14, 16, 17, 21, 22, 23]",48
8,3,Thursday,"{0: np.float64(2.0), 1: np.float64(2.0), 2: np.float64(2.0), 3: np.float64(2.0), 4: np.float64(2.0), 5: np.float64(2.0), 6: np.float64(2.0), 7: np.float64(2.0), 8: np.float64(2.0), 9: np.float64(2.0), 10: np.float64(2.0), 11: np.float64(2.0), 12: np.float64(2.0), 13: np.float64(2.0), 14: np.float64(2.0), 15: np.float64(2.0), 16: np.float64(2.0), 17: np.float64(2.0), 18: np.float64(2.0), 19: np.float64(2.0), 20: np.float64(2.0), 21: np.float64(2.0), 22: np.float64(2.0), 23: np.float64(2.0)}","[0, 1, 2, 7, 10, 11, 18, 20, 22]","[3, 4, 5, 6, 8, 9, 12, 13, 14, 15, 16, 17, 19, 21, 23]",48
9,3,Thursday,"{0: np.float64(2.0), 1: np.float64(2.0), 2: np.float64(2.0), 3: np.float64(2.0), 4: np.float64(2.0), 5: np.float64(2.0), 6: np.float64(2.0), 7: np.float64(2.0), 8: np.float64(2.0), 9: np.float64(2.0), 10: np.float64(2.0), 11: np.float64(2.0), 12: np.float64(2.0), 13: np.float64(2.0), 14: np.float64(2.0), 15: np.float64(2.0), 16: np.float64(2.0), 17: np.float64(2.0), 18: np.float64(2.0), 19: np.float64(2.0), 20: np.float64(2.0), 21: np.float64(2.0), 22: np.float64(2.0), 23: np.float64(2.0)}","[6, 9, 13, 18, 19, 21]","[0, 1, 2, 3, 4, 5, 7, 8, 10, 11, 12, 14, 15, 16, 17, 20, 22, 23]",48
10,3,Thursday,"{0: np.float64(2.0), 1: np.float64(2.0), 2: np.float64(2.0), 3: np.float64(2.0), 4: np.float64(2.0), 5: np.float64(2.0), 6: np.float64(2.0), 7: np.float64(2.0), 8: np.float64(2.0), 9: np.float64(2.0), 10: np.float64(2.0), 11: np.float64(2.0), 12: np.float64(2.0), 13: np.float64(2.0), 14: np.float64(2.0), 15: np.float64(2.0), 16: np.float64(2.0), 17: np.float64(2.0), 18: np.float64(2.0), 19: np.float64(2.0), 20: np.float64(2.0), 21: np.float64(2.0), 22: np.float64(2.0), 23: np.float64(2.0)}","[0, 2, 5, 6, 10, 20, 21]","[1, 3, 4, 7, 8, 9, 11, 12, 13, 14, 15, 16, 17, 18, 19, 22, 23]",48
11,3,Thursday,"{0: np.float64(2.0), 1: np.float64(2.0), 2: np.float64(2.0), 3: np.float64(2.0), 4: np.float64(2.0), 5: np.float64(2.0), 6: np.float64(2.0), 7: np.float64(2.0), 8: np.float64(2.0), 9: np.float64(2.0), 10: np.float64(2.0), 11: np.float64(2.0), 12: np.float64(2.0), 13: np.float64(2.0), 14: np.float64(2.0), 15: np.float64(2.0), 16: np.float64(2.0), 17: np.float64(2.0), 18: np.float64(2.0), 19: np.float64(2.0), 20: np.float64(2.0), 21: np.float64(2.0), 22: np.float64(2.0), 23: np.float64(2.0)}","[0, 2, 3, 4, 7, 9, 17, 19, 20, 21, 23]","[1, 5, 6, 8, 10, 11, 12, 13, 14, 15, 16, 18, 22]",48
12,3,Thursday,"{0: np.float64(2.0), 1: np.float64(2.0), 2: np.float64(2.0), 3: np.float64(2.0), 4: np.float64(2.0), 5: np.float64(2.0), 6: np.float64(2.0), 7: np.float64(2.0), 8: np.float64(2.0), 9: np.float64(2.0), 10: np.float64(2.0), 11: np.float64(2.0), 12: np.float64(2.0), 13: np.float64(2.0), 14: np.float64(2.0), 15: np.float64(2.0), 16: np.float64(2.0), 17: np.float64(2.0), 18: np.float64(2.0), 19: np.float64(2.0), 20: np.float64(2.0), 21: np.float64(2.0), 22: np.float64(2.0), 23: np.float64(2.0)}","[1, 3, 11, 13, 16, 17, 19, 20, 22, 23]","[0, 2, 4, 5, 6, 7, 8, 9, 10, 12, 14, 15, 18, 21]",48
13,3,Thursday,"{0: np.float64(2.0), 1: np.float64(2.0), 2: np.float64(2.0), 3: np.float64(2.0), 4: np.float64(2.0), 5: np.float64(2.0), 6: np.float64(2.0), 7: np.float64(2.0), 8: np.float64(2.0), 9: np.float64(2.0), 10: np.float64(2.0), 11: np.float64(2.0), 12: np.float64(2.0), 13: np.float64(2.0), 14: np.float64(2.0), 15: np.float64(2.0), 16: np.float64(2.0), 17: np.float64(2.0), 18: np.float64(2.0), 19: np.float64(2.0), 20: np.float64(2.0), 21: np.float64(2.0), 22: np.float64(2.0), 23: np.float64(2.0)}","[0, 3, 5, 6, 11, 12]","[1, 2, 4, 7, 8, 9, 10, 13, 14, 15, 16, 17, 18, 19, 20, 21, 22, 23]",48
14,3,Thursday,"{0: np.float64(2.0), 1: np.float64(2.0), 2: np.float64(2.0), 3: np.float64(2.0), 4: np.float64(2.0), 5: np.float64(2.0), 6: np.float64(2.0), 7: np.float64(2.0), 8: np.float64(2.0), 9: np.float64(2.0), 10: np.float64(2.0), 11: np.float64(2.0), 12: np.float64(2.0), 13: np.float64(2.0), 14: np.float64(2.0), 15: np.float64(2.0), 16: np.float64(2.0), 17: np.float64(2.0), 18: np.float64(2.0), 19: np.float64(2.0), 20: np.float64(2.0), 21: np.float64(2.0), 22: np.float64(2.0), 23: np.float64(2.0)}","[0, 6, 12, 18, 19, 22]","[1, 2, 3, 4, 5, 7, 8, 9, 10, 11, 13, 14, 15, 16, 17, 20, 21, 23]",48
15,3,Thursday,"{0: np.float64(2.0), 1: np.float64(2.0), 2: np.float64(2.0), 3: np.float64(2.0), 4: np.float64(2.0), 5: np.float64(2.0), 6: np.float64(2.0), 7: np.float64(2.0), 8: np.float64(2.0), 9: np.float64(2.0), 10: np.float64(2.0), 11: np.float64(2.0), 12: np.float64(2.0), 13: np.float64(2.0), 14: np.float64(2.0), 15: np.float64(2.0), 16: np.float64(2.0), 17: np.float64(2.0), 18: np.float64(2.0), 19: np.float64(2.0), 20: np.float64(2.0), 21: np.float64(2.0), 22: np.float64(2.0), 23: np.float64(2.0)}","[0, 1, 2, 4, 5, 14, 18]","[3, 6, 7, 8, 9, 10, 11, 12, 13, 15, 16, 17, 19, 20, 21, 22, 23]",48
16,3,Thursday,"{0: np.float64(2.0), 1: np.float64(2.0), 2: np.float64(2.0), 3: np.float64(2.0), 4: np.float64(2.0), 5: np.float64(2.0), 6: np.float64(2.0), 7: np.float64(2.0), 8: np.float64(2.0), 9: np.float64(2.0), 10: np.float64(2.0), 11: np.float64(2.0), 12: np.float64(2.0), 13: np.float64(2.0), 14: np.float64(2.0), 15: np.float64(2.0), 16: np.float64(2.0), 17: np.float64(2.0), 18: np.float64(2.0), 19: np.float64(2.0), 20: np.float64(2.0), 21: np.float64(2.0), 22: np.float64(2.0), 23: np.float64(2.0)}","[1, 2, 8, 10, 11, 12, 13, 17, 19]","[0, 3, 4, 5, 6, 7, 9, 14, 15, 16, 18, 20, 21, 22, 23]",48
17,3,Thursday,"{0: np.float64(2.0), 1: np.float64(2.0), 2: np.float64(2.0), 3: np.float64(2.0), 4: np.float64(2.0), 5: np.float64(2.0), 6: np.float64(2.0), 7: np.float64(2.0), 8: np.float64(2.0), 9: np.float64(2.0), 10: np.float64(2.0), 11: np.float64(2.0), 12: np.float64(2.0), 13: np.float64(2.0), 14: np.float64(2.0), 15: np.float64(2.0), 16: np.float64(2.0), 17: np.float64(2.0), 18: np.float64(2.0), 19: np.float64(2.0), 20: np.float64(2.0), 21: np.float64(2.0), 22: np.float64(2.0), 23: np.float64(2.0)}","[0, 1, 2, 4, 7, 8, 10, 13, 14, 17, 22, 23]","[3, 5, 6, 9, 11, 12, 15, 16, 18, 19, 20, 21]",48
18,3,Thursday,"{0: np.float64(2.0), 1: np.float64(2.0), 2: np.float64(2.0), 3: np.float64(2.0), 4: np.float64(2.0), 5: np.float64(2.0), 6: np.float64(2.0), 7: np.float64(2.0), 8: np.float64(2.0), 9: np.float64(2.0), 10: np.float64(2.0), 11: np.float64(2.0), 12: np.float64(2.0), 13: np.float64(2.0), 14: np.float64(2.0), 15: np.float64(2.0), 16: np.float64(2.0), 17: np.float64(2.0), 18: np.float64(2.0), 19: np.float64(2.0), 20: np.float64(2.0), 21: np.float64(2.0), 22: np.float64(2.0), 23: np.float64(2.0)}","[0, 4, 6, 7, 8, 11, 14, 15, 18, 19, 21]","[1, 2, 3, 5, 9, 10, 12, 13, 16, 17, 20, 22, 23]",48
19,3,Thursday,"{0: np.float64(2.0), 1: np.float64(2.0), 2: np.float64(2.0), 3: np.float64(2.0), 4: np.float64(2.0), 5: np.float64(2.0), 6: np.float64(2.0), 7: np.float64(2.0), 8: np.float64(2.0), 9: np.float64(2.0), 10: np.float64(2.0), 11: np.float64(2.0), 12: np.float64(2.0), 13: np.float64(2.0), 14: np.float64(2.0), 15: np.float64(2.0), 16: np.float64(2.0), 17: np.float64(2.0), 18: np.float64(2.0), 19: np.float64(2.0), 20: np.float64(2.0), 21: np.float64(2.0), 22: np.float64(2.0), 23: np.float64(2.0)}","[1, 2, 4, 7, 9, 13]","[0, 3, 5, 6, 8, 10, 11, 12, 14, 15, 16, 17, 18, 19, 20, 21, 22, 23]",48
20,3,Thursday,"{0: np.float64(2.0), 1: np.float64(2.0), 2: np.float64(2.0), 3: np.float64(2.0), 4: np.float64(2.0), 5: np.float64(2.0), 6: np.float64(2.0), 7: np.float64(2.0), 8: np.float64(2.0), 9: np.float64(2.0), 10: np.float64(2.0), 11: np.float64(2.0), 12: np.float64(2.0), 13: np.float64(2.0), 14: np.float64(2.0), 15: np.float64(2.0), 16: np.float64(2.0), 17: np.float64(2.0), 18: np.float64(2.0), 19: np.float64(2.0), 20: np.float64(2.0), 21: np.float64(2.0), 22: np.float64(2.0), 23: np.float64(2.0)}","[1, 9, 10, 12, 14, 15, 21]","[0, 2, 3, 4, 5, 6, 7, 8, 11, 13, 16, 17, 18, 19, 20, 22, 23]",48
21,3,Thursday,"{0: np.float64(2.0), 1: np.float64(2.0), 2: np.float64(2.0), 3: np.float64(2.0), 4: np.float64(2.0), 5: np.float64(2.0), 6: np.float64(2.0), 7: np.float64(2.0), 8: np.float64(2.0), 9: np.float64(2.0), 10: np.float64(2.0), 11: np.float64(2.0), 12: np.float64(2.0), 13: np.float64(2.0), 14: np.float64(2.0), 15: np.float64(2.0), 16: np.float64(2.0), 17: np.float64(2.0), 18: np.float64(2.0), 19: np.float64(2.0), 20: np.float64(2.0), 21: np.float64(2.0), 22: np.float64(2.0), 23: np.float64(2.0)}","[0, 2, 5, 6, 8, 10, 12, 13, 18, 19, 22]","[1, 3, 4, 7, 9, 11, 14, 15, 16, 17, 20, 21, 23]",48
22,3,Thursday,"{0: np.float64(2.0), 1: np.float64(2.0), 2: np.float64(2.0), 3: np.float64(2.0), 4: np.float64(2.0), 5: np.float64(2.0), 6: np.float64(2.0), 7: np.float64(2.0), 8: np.float64(2.0), 9: np.float64(2.0), 10: np.float64(2.0), 11: np.float64(2.0), 12: np.float64(2.0), 13: np.float64(2.0), 14: np.float64(2.0), 15: np.float64(2.0), 16: np.float64(2.0), 17: np.float64(2.0), 18: np.float64(2.0), 19: np.float64(2.0), 20: np.float64(2.0), 21: np.float64(2.0), 22: np.float64(2.0), 23: np.float64(2.0)}","[0, 3, 5, 6, 8, 9, 11, 16, 19, 21]","[1, 2, 4, 7, 10, 12, 13, 14, 15, 17, 18, 20, 22, 23]",48
23,3,Thursday,"{0: np.float64(2.0), 1: np.float64(2.0), 2: np.float64(2.0), 3: np.float64(2.0), 4: np.float64(2.0), 5: np.float64(2.0), 6: np.float64(2.0), 7: np.float64(2.0), 8: np.float64(2.0), 9: np.float64(2.0), 10: np.float64(2.0), 11: np.float64(2.0), 12: np.float64(2.0), 13: np.float64(2.0), 14: np.float64(2.0), 15: np.float64(2.0), 16: np.float64(2.0), 17: np.float64(2.0), 18: np.float64(2.0), 19: np.float64(2.0), 20: np.float64(2.0), 21: np.float64(2.0), 22: np.float64(2.0), 23: np.float64(2.0)}","[0, 1, 5, 6, 9, 10, 11, 12, 13, 14, 15, 16, 17, 23]","[2, 3, 4, 7, 8, 18, 19, 20, 21, 22]",48
24,3,Thursday,"{0: np.float64(2.0), 1: np.float64(2.0), 2: np.float64(2.0), 3: np.float64(2.0), 4: np.float64(2.0), 5: np.float64(2.0), 6: np.float64(2.0), 7: np.float64(2.0), 8: np.float64(2.0), 9: np.float64(2.0), 10: np.float64(2.0), 11: np.float64(2.0), 12: np.float64(2.0), 13: np.float64(2.0), 14: np.float64(2.0), 15: np.float64(2.0), 16: np.float64(2.0), 17: np.float64(2.0), 18: np.float64(2.0), 19: np.float64(2.0), 20: np.float64(2.0), 21: np.float64(2.0), 22: np.float64(2.0), 23: np.float64(2.0)}","[0, 1, 2, 5, 10, 12, 16, 21, 22]","[3, 4, 6, 7, 8, 9, 11, 13, 14, 15, 17, 18, 19, 20, 23]",48
25,3,Thursday,"{0: np.float64(2.0), 1: np.float64(2.0), 2: np.float64(2.0), 3: np.float64(2.0), 4: np.float64(2.0), 5: np.float64(2.0), 6: np.float64(2.0), 7: np.float64(2.0), 8: np.float64(2.0), 9: np.float64(2.0), 10: np.float64(2.0), 11: np.float64(2.0), 12: np.float64(2.0), 13: np.float64(2.0), 14: np.float64(2.0), 15: np.float64(2.0), 16: np.float64(2.0), 17: np.float64(2.0), 18: np.float64(2.0), 19: np.float64(2.0), 20: np.float64(2.0), 21: np.float64(2.0), 22: np.float64(2.0), 23: np.float64(2.0)}","[1, 3, 4, 14, 21, 22, 23]","[0, 2, 5, 6, 7, 8, 9, 10, 11, 12, 13, 15, 16, 17, 18, 19, 20]",48
26,3,Thursday,"{0: np.float64(2.0), 1: np.float64(2.0), 2: np.float64(2.0), 3: np.float64(2.0), 4: np.float64(2.0), 5: np.float64(2.0), 6: np.float64(2.0), 7: np.float64(2.0), 8: np.float64(2.0), 9: np.float64(2.0), 10: np.float64(2.0), 11: np.float64(2.0), 12: np.float64(2.0), 13: np.float64(2.0), 14: np.float64(2.0), 15: np.float64(2.0), 16: np.float64(2.0), 17: np.float64(2.0), 18: np.float64(2.0), 19: np.float64(2.0), 20: np.float64(2.0), 21: np.float64(2.0), 22: np.float64(2.0), 23: np.float64(2.0)}","[0, 3, 5, 7, 8, 9, 11, 12, 13, 15, 16, 17, 19, 21, 23]","[1, 2, 4, 6, 10, 14, 18, 20, 22]",48
27,3,Thursday,"{0: np.float64(2.0), 1: np.float64(2.0), 2: np.float64(2.0), 3: np.float64(2.0), 4: np.float64(2.0), 5: np.float64(2.0), 6: np.float64(2.0), 7: np.float64(2.0), 8: np.float64(2.0), 9: np.float64(2.0), 10: np.float64(2.0), 11: np.float64(2.0), 12: np.float64(2.0), 13: np.float64(2.0), 14: np.float64(2.0), 15: np.float64(2.0), 16: np.float64(2.0), 17: np.float64(2.0), 18: np.float64(2.0), 19: np.float64(2.0), 20: np.float64(2.0), 21: np.float64(2.0), 22: np.float64(2.0), 23: np.float64(2.0)}","[4, 6, 8, 10, 12, 14, 19, 23]","[0, 1, 2, 3, 5, 7, 9, 11, 13, 15, 16, 17, 18, 20, 21, 22]",48
28,3,Thursday,"{0: np.float64(2.0), 1: np.float64(2.0), 2: np.float64(2.0), 3: np.float64(2.0), 4: np.float64(2.0), 5: np.float64(2.0), 6: np.float64(2.0), 7: np.float64(2.0), 8: np.float64(2.0), 9: np.float64(2.0), 10: np.float64(2.0), 11: np.float64(2.0), 12: np.float64(2.0), 13: np.float64(2.0), 14: np.float64(2.0), 15: np.float64(2.0), 16: np.float64(2.0), 17: np.float64(2.0), 18: np.float64(2.0), 19: np.float64(2.0), 20: np.float64(2.0), 21: np.float64(2.0), 22: np.float64(2.0), 23: np.float64(2.0)}","[1, 2, 9, 10, 11, 12, 23]","[0, 3, 4, 5, 6, 7, 8, 13, 14, 15, 16, 17, 18, 19, 20, 21, 22]",48
29,3,Thursday,"{0: np.float64(2.0), 1: np.float64(2.0), 2: np.float64(2.0), 3: np.float64(2.0), 4: np.float64(2.0), 5: np.float64(2.0), 6: np.float64(2.0), 7: np.float64(2.0), 8: np.float64(2.0), 9: np.float64(2.0), 10: np.float64(2.0), 11: np.float64(2.0), 12: np.float64(2.0), 13: np.float64(2.0), 14: np.float64(2.0), 15: np.float64(2.0), 16: np.float64(2.0), 17: np.float64(2.0), 18: np.float64(2.0), 19: np.float64(2.0), 20: np.float64(2.0), 21: np.float64(2.0), 22: np.float64(2.0), 23: np.float64(2.0)}","[1, 3, 5, 6, 10, 13, 14, 15, 18, 19, 20, 21]","[0, 2, 4, 7, 8, 9, 11, 12, 16, 17, 22, 23]",48
30,3,Thursday,"{0: np.float64(2.0), 1: np.float64(2.0), 2: np.float64(2.0), 3: np.float64(2.0), 4: np.float64(2.0), 5: np.float64(2.0), 6: np.float64(2.0), 7: np.float64(2.0), 8: np.float64(2.0), 9: np.float64(2.0), 10: np.float64(2.0), 11: np.float64(2.0), 12: np.float64(2.0), 13: np.float64(2.0), 14: np.float64(2.0), 15: np.float64(2.0), 16: np.float64(2.0), 17: np.float64(2.0), 18: np.float64(2.0), 19: np.float64(2.0), 20: np.float64(2.0), 21: np.float64(2.0), 22: np.float64(2.0), 23: np.float64(2.0)}","[0, 2, 3, 4, 7, 9, 10, 11, 12, 17, 18, 19, 23]","[1, 5, 6, 8, 13, 14, 15, 16, 20, 21, 22]",48
31,3,Thursday,"{0: np.float64(2.0), 1: np.float64(2.0), 2: np.float64(2.0), 3: np.float64(2.0), 4: np.float64(2.0), 5: np.float64(2.0), 6: np.float64(2.0), 7: np.float64(2.0), 8: np.float64(2.0), 9: np.float64(2.0), 10: np.float64(2.0), 11: np.float64(2.0), 12: np.float64(2.0), 13: np.float64(2.0), 14: np.float64(2.0), 15: np.float64(2.0), 16: np.float64(2.0), 17: np.float64(2.0), 18: np.float64(2.0), 19: np.float64(2.0), 20: np.float64(2.0), 21: np.float64(2.0), 22: np.float64(2.0), 23: np.float64(2.0)}","[0, 5, 11, 20, 21, 22, 23]","[1, 2, 3, 4, 6, 7, 8, 9, 10, 12, 13, 14, 15, 16, 17, 18, 19]",48
32,3,Thursday,"{0: np.float64(2.0), 1: np.float64(2.0), 2: np.float64(2.0), 3: np.float64(2.0), 4: np.float64(2.0), 5: np.float64(2.0), 6: np.float64(2.0), 7: np.float64(2.0), 8: np.float64(2.0), 9: np.float64(2.0), 10: np.float64(2.0), 11: np.float64(2.0), 12: np.float64(2.0), 13: np.float64(2.0), 14: np.float64(2.0), 15: np.float64(2.0), 16: np.float64(2.0), 17: np.float64(2.0), 18: np.float64(2.0), 19: np.float64(2.0), 20: np.float64(2.0), 21: np.float64(2.0), 22: np.float64(2.0), 23: np.float64(2.0)}","[0, 1, 8, 12, 13, 17, 18, 19, 22, 23]","[2, 3, 4, 5, 6, 7, 9, 10, 11, 14, 15, 16, 20, 21]",48
33,3,Thursday,"{0: np.float64(2.0), 1: np.float64(2.0), 2: np.float64(2.0), 3: np.float64(2.0), 4: np.float64(2.0), 5: np.float64(2.0), 6: np.float64(2.0), 7: np.float64(2.0), 8: np.float64(2.0), 9: np.float64(2.0), 10: np.float64(2.0), 11: np.float64(2.0), 12: np.float64(2.0), 13: np.float64(2.0), 14: np.float64(2.0), 15: np.float64(2.0), 16: np.float64(2.0), 17: np.float64(2.0), 18: np.float64(2.0), 19: np.float64(2.0), 20: np.float64(2.0), 21: np.float64(2.0), 22: np.float64(2.0), 23: np.float64(2.0)}","[0, 5, 6, 8, 9, 11, 16, 17, 19]","[1, 2, 3, 4, 7, 10, 12, 13, 14, 15, 18, 20, 21, 22, 23]",48
34,3,Thursday,"{0: np.float64(2.0), 1: np.float64(2.0), 2: np.float64(2.0), 3: np.float64(2.0), 4: np.float64(2.0), 5: np.float64(2.0), 6: np.float64(2.0), 7: np.float64(2.0), 8: np.float64(2.0), 9: np.float64(2.0), 10: np.float64(2.0), 11: np.float64(2.0), 12: np.float64(2.0), 13: np.float64(2.0), 14: np.float64(2.0), 15: np.float64(2.0), 16: np.float64(2.0), 17: np.float64(2.0), 18: np.float64(2.0), 19: np.float64(2.0), 20: np.float64(2.0), 21: np.float64(2.0), 22: np.float64(2.0), 23: np.float64(2.0)}","[0, 1, 2, 4, 5, 7, 11, 12, 16, 17]","[3, 6, 8, 9, 10, 13, 14, 15, 18, 19, 20, 21, 22, 23]",48
35,3,Thursday,"{0: np.float64(2.0), 1: np.float64(2.0), 2: np.float64(2.0), 3: np.float64(2.0), 4: np.float64(2.0), 5: np.float64(2.0), 6: np.float64(2.0), 7: np.float64(2.0), 8: np.float64(2.0), 9: np.float64(2.0), 10: np.float64(2.0), 11: np.float64(2.0), 12: np.float64(2.0), 13: np.float64(2.0), 14: np.float64(2.0), 15: np.float64(2.0), 16: np.float64(2.0), 17: np.float64(2.0), 18: np.float64(2.0), 19: np.float64(2.0), 20: np.float64(2.0), 21: np.float64(2.0), 22: np.float64(2.0), 23: np.float64(2.0)}","[5, 6, 13, 17, 19, 22, 23]","[0, 1, 2, 3, 4, 7, 8, 9, 10, 11, 12, 14, 15, 16, 18, 20, 21]",48
36,3,Thursday,"{0: np.float64(2.0), 1: np.float64(2.0), 2: np.float64(2.0), 3: np.float64(2.0), 4: np.float64(2.0), 5: np.float64(2.0), 6: np.float64(2.0), 7: np.float64(2.0), 8: np.float64(2.0), 9: np.float64(2.0), 10: np.float64(2.0), 11: np.float64(2.0), 12: np.float64(2.0), 13: np.float64(2.0), 14: np.float64(2.0), 15: np.float64(2.0), 16: np.float64(2.0), 17: np.float64(2.0), 18: np.float64(2.0), 19: np.float64(2.0), 20: np.float64(2.0), 21: np.float64(2.0), 22: np.float64(2.0), 23: np.float64(2.0)}","[0, 8, 10, 14, 16, 19, 21]","[1, 2, 3, 4, 5, 6, 7, 9, 11, 12, 13, 15, 17, 18, 20, 22, 23]",48
37,3,Thursday,"{0: np.float64(2.0), 1: np.float64(2.0), 2: np.float64(2.0), 3: np.float64(2.0), 4: np.float64(2.0), 5: np.float64(2.0), 6: np.float64(2.0), 7: np.float64(2.0), 8: np.float64(2.0), 9: np.float64(2.0), 10: np.float64(2.0), 11: np.float64(2.0), 12: np.float64(2.0), 13: np.float64(2.0), 14: np.float64(2.0), 15: np.float64(2.0), 16: np.float64(2.0), 17: np.float64(2.0), 18: np.float64(2.0), 19: np.float64(2.0), 20: np.float64(2.0), 21: np.float64(2.0), 22: np.float64(2.0), 23: np.float64(2.0)}","[0, 3, 4, 12, 14, 15, 20, 23]","[1, 2, 5, 6, 7, 8, 9, 10, 11, 13, 16, 17, 18, 19, 21, 22]",48
38,3,Thursday,"{0: np.float64(2.0), 1: np.float64(2.0), 2: np.float64(2.0), 3: np.float64(2.0), 4: np.float64(2.0), 5: np.float64(2.0), 6: np.float64(2.0), 7: np.float64(2.0), 8: np.float64(2.0), 9: np.float64(2.0), 10: np.float64(2.0), 11: np.float64(2.0), 12: np.float64(2.0), 13: np.float64(2.0), 14: np.float64(2.0), 15: np.float64(2.0), 16: np.float64(2.0), 17: np.float64(2.0), 18: np.float64(2.0), 19: np.float64(2.0), 20: np.float64(2.0), 21: np.float64(2.0), 22: np.float64(2.0), 23: np.float64(2.0)}","[1, 5, 11, 14, 18, 21, 22]","[0, 2, 3, 4, 6, 7, 8, 9, 10, 12, 13, 15, 16, 17, 19, 20, 23]",48
39,3,Thursday,"{0: np.float64(2.0), 1: np.float64(2.0), 2: np.float64(2.0), 3: np.float64(2.0), 4: np.float64(2.0), 5: np.float64(2.0), 6: np.float64(2.0), 7: np.float64(2.0), 8: np.float64(2.0), 9: np.float64(2.0), 10: np.float64(2.0), 11: np.float64(2.0), 12: np.float64(2.0), 13: np.float64(2.0), 14: np.float64(2.0), 15: np.float64(2.0), 16: np.float64(2.0), 17: np.float64(2.0), 18: np.float64(2.0), 19: np.float64(2.0), 20: np.float64(2.0), 21: np.float64(2.0), 22: np.float64(2.0), 23: np.float64(2.0)}","[0, 2, 3, 5, 8, 11, 13, 15, 16, 17, 20, 21, 23]","[1, 4, 6, 7, 9, 10, 12, 14, 18, 19, 22]",48
40,3,Thursday,"{0: np.float64(2.0), 1: np.float64(2.0), 2: np.float64(2.0), 3: np.float64(2.0), 4: np.float64(2.0), 5: np.float64(2.0), 6: np.float64(2.0), 7: np.float64(2.0), 8: np.float64(2.0), 9: np.float64(2.0), 10: np.float64(2.0), 11: np.float64(2.0), 12: np.float64(2.0), 13: np.float64(2.0), 14: np.float64(2.0), 15: np.float64(2.0), 16: np.float64(2.0), 17: np.float64(2.0), 18: np.float64(2.0), 19: np.float64(2.0), 20: np.float64(2.0), 21: np.float64(2.0), 22: np.float64(2.0), 23: np.float64(2.0)}","[3, 6, 9, 10, 11, 14, 15, 18, 20, 22]","[0, 1, 2, 4, 5, 7, 8, 12, 13, 16, 17, 19, 21, 23]",48
41,3,Thursday,"{0: np.float64(2.0), 1: np.float64(2.0), 2: np.float64(2.0), 3: np.float64(2.0), 4: np.float64(2.0), 5: np.float64(2.0), 6: np.float64(2.0), 7: np.float64(2.0), 8: np.float64(2.0), 9: np.float64(2.0), 10: np.float64(2.0), 11: np.float64(2.0), 12: np.float64(2.0), 13: np.float64(2.0), 14: np.float64(2.0), 15: np.float64(2.0), 16: np.float64(2.0), 17: np.float64(2.0), 18: np.float64(2.0), 19: np.float64(2.0), 20: np.float64(2.0), 21: np.float64(2.0), 22: np.float64(2.0), 23: np.float64(2.0)}","[0, 2, 4, 7, 13, 16, 17, 18]","[1, 3, 5, 6, 8, 9, 10, 11, 12, 14, 15, 19, 20, 21, 22, 23]",48
42,3,Thursday,"{0: np.float64(2.0), 1: np.float64(2.0), 2: np.float64(2.0), 3: np.float64(2.0), 4: np.float64(2.0), 5: np.float64(2.0), 6: np.float64(2.0), 7: np.float64(2.0), 8: np.float64(2.0), 9: np.float64(2.0), 10: np.float64(2.0), 11: np.float64(2.0), 12: np.float64(2.0), 13: np.float64(2.0), 14: np.float64(2.0), 15: np.float64(2.0), 16: np.float64(2.0), 17: np.float64(2.0), 18: np.float64(2.0), 19: np.float64(2.0), 20: np.float64(2.0), 21: np.float64(2.0), 22: np.float64(2.0), 23: np.float64(2.0)}","[4, 11, 12, 18, 19, 21, 22, 23]","[0, 1, 2, 3, 5, 6, 7, 8, 9, 10, 13, 14, 15, 16, 17, 20]",48
43,3,Thursday,"{0: np.float64(2.0), 1: np.float64(2.0), 2: np.float64(2.0), 3: np.float64(2.0), 4: np.float64(2.0), 5: np.float64(2.0), 6: np.float64(2.0), 7: np.float64(2.0), 8: np.float64(2.0), 9: np.float64(2.0), 10: np.float64(2.0), 11: np.float64(2.0), 12: np.float64(2.0), 13: np.float64(2.0), 14: np.float64(2.0), 15: np.float64(2.0), 16: np.float64(2.0), 17: np.float64(2.0), 18: np.float64(2.0), 19: np.float64(2.0), 20: np.float64(2.0), 21: np.float64(2.0), 22: np.float64(2.0), 23: np.float64(2.0)}","[0, 2, 4, 8, 14, 17, 18, 21, 22]","[1, 3, 5, 6, 7, 9, 10, 11, 12, 13, 15, 16, 19, 20, 23]",48
44,3,Thursday,"{0: np.float64(2.0), 1: np.float64(2.0), 2: np.float64(2.0), 3: np.float64(2.0), 4: np.float64(2.0), 5: np.float64(2.0), 6: np.float64(2.0), 7: np.float64(2.0), 8: np.float64(2.0), 9: np.float64(2.0), 10: np.float64(2.0), 11: np.float64(2.0), 12: np.float64(2.0), 13: np.float64(2.0), 14: np.float64(2.0), 15: np.float64(2.0), 16: np.float64(2.0), 17: np.float64(2.0), 18: np.float64(2.0), 19: np.float64(2.0), 20: np.float64(2.0), 21: np.float64(2.0), 22: np.float64(2.0), 23: np.float64(2.0)}","[0, 1, 2, 6, 7, 9, 10, 11, 14, 15, 21]","[3, 4, 5, 8, 12, 13, 16, 17, 18, 19, 20, 22, 23]",48
45,3,Thursday,"{0: np.float64(2.0), 1: np.float64(2.0), 2: np.float64(2.0), 3: np.float64(2.0), 4: np.float64(2.0), 5: np.float64(2.0), 6: np.float64(2.0), 7: np.float64(2.0), 8: np.float64(2.0), 9: np.float64(2.0), 10: np.float64(2.0), 11: np.float64(2.0), 12: np.float64(2.0), 13: np.float64(2.0), 14: np.float64(2.0), 15: np.float64(2.0), 16: np.float64(2.0), 17: np.float64(2.0), 18: np.float64(2.0), 19: np.float64(2.0), 20: np.float64(2.0), 21: np.float64(2.0), 22: np.float64(2.0), 23: np.float64(2.0)}","[1, 4, 5, 6, 9, 11, 21, 22]","[0, 2, 3, 7, 8, 10, 12, 13, 14, 15, 16, 17, 18, 19, 20, 23]",48
46,3,Thursday,"{0: np.float64(2.0), 1: np.float64(2.0), 2: np.float64(2.0), 3: np.float64(2.0), 4: np.float64(2.0), 5: np.float64(2.0), 6: np.float64(2.0), 7: np.float64(2.0), 8: np.float64(2.0), 9: np.float64(2.0), 10: np.float64(2.0), 11: np.float64(2.0), 12: np.float64(2.0), 13: np.float64(2.0), 14: np.float64(2.0), 15: np.float64(2.0), 16: np.float64(2.0), 17: np.float64(2.0), 18: np.float64(2.0), 19: np.float64(2.0), 20: np.float64(2.0), 21: np.float64(2.0), 22: np.float64(2.0), 23: np.float64(2.0)}","[3, 6, 8, 9, 10, 12, 13, 14, 15, 19, 22]","[0, 1, 2, 4, 5, 7, 11, 16, 17, 18, 20, 21, 23]",48
47,3,Thursday,"{0: np.float64(2.0), 1: np.float64(2.0), 2: np.float64(2.0), 3: np.float64(2.0), 4: np.float64(2.0), 5: np.float64(2.0), 6: np.float64(2.0), 7: np.float64(2.0), 8: np.float64(2.0), 9: np.float64(2.0), 10: np.float64(2.0), 11: np.float64(2.0), 12: np.float64(2.0), 13: np.float64(2.0), 14: np.float64(2.0), 15: np.float64(2.0), 16: np.float64(2.0), 17: np.float64(2.0), 18: np.float64(2.0), 19: np.float64(2.0), 20: np.float64(2.0), 21: np.float64(2.0), 22: np.float64(2.0), 23: np.float64(2.0)}","[0, 1, 2, 3, 4, 6, 7, 8, 9, 13, 15, 21, 22]","[5, 10, 11, 12, 14, 16, 17, 18, 19, 20, 23]",48
48,3,Thursday,"{0: np.float64(2.0), 1: np.float64(2.0), 2: np.float64(2.0), 3: np.float64(2.0), 4: np.float64(2.0), 5: np.float64(2.0), 6: np.float64(2.0), 7: np.float64(2.0), 8: np.float64(2.0), 9: np.float64(2.0), 10: np.float64(2.0), 11: np.float64(2.0), 12: np.float64(2.0), 13: np.float64(2.0), 14: np.float64(2.0), 15: np.float64(2.0), 16: np.float64(2.0), 17: np.float64(2.0), 18: np.float64(2.0), 19: np.float64(2.0), 20: np.float64(2.0), 21: np.float64(2.0), 22: np.float64(2.0), 23: np.float64(2.0)}","[2, 4, 7, 8, 10, 12, 13, 15, 17, 18, 22, 23]","[0, 1, 3, 5, 6, 9, 11, 14, 16, 19, 20, 21]",48
49,3,Thursday,"{0: np.float64(2.0), 1: np.float64(2.0), 2: np.float64(2.0), 3: np.float64(2.0), 4: np.float64(2.0), 5: np.float64(2.0), 6: np.float64(2.0), 7: np.float64(2.0), 8: np.float64(2.0), 9: np.float64(2.0), 10: np.float64(2.0), 11: np.float64(2.0), 12: np.float64(2.0), 13: np.float64(2.0), 14: np.float64(2.0), 15: np.float64(2.0), 16: np.float64(2.0), 17: np.float64(2.0), 18: np.float64(2.0), 19: np.float64(2.0), 20: np.float64(2.0), 21: np.float64(2.0), 22: np.float64(2.0), 23: np.float64(2.0)}","[4, 5, 7, 9, 10, 12, 19, 20, 21]","[0, 1, 2, 3, 6, 8, 11, 13, 14, 15, 16, 17, 18, 22, 23]",48
0,4,Friday,"{0: np.float64(2.0), 1: np.float64(2.0), 2: np.float64(2.0), 3: np.float64(2.0), 4: np.float64(2.0), 5: np.float64(2.0), 6: np.float64(2.0), 7: np.float64(2.0), 8: np.float64(2.0), 9: np.float64(2.0), 10: np.float64(2.0), 11: np.float64(2.0), 12: np.float64(2.0), 13: np.float64(2.0), 14: np.float64(2.0), 15: np.float64(2.0), 16: np.float64(2.0), 17: np.float64(2.0), 18: np.float64(2.0), 19: np.float64(2.0), 20: np.float64(2.0), 21: np.float64(2.0), 22: np.float64(2.0), 23: np.float64(2.0)}","[0, 1, 2, 3, 4, 5, 6, 7, 8, 9, 10, 11, 12, 13, 14, 15, 16, 17, 18, 19, 20, 21, 22, 23]",[],48
1,4,Friday,"{0: np.float64(2.0), 1: np.float64(2.0), 2: np.float64(2.0), 3: np.float64(2.0), 4: np.float64(2.0), 5: np.float64(2.0), 6: np.float64(2.0), 7: np.float64(2.0), 8: np.float64(2.0), 9: np.float64(2.0), 10: np.float64(2.0), 11: np.float64(2.0), 12: np.float64(2.0), 13: np.float64(2.0), 14: np.float64(2.0), 15: np.float64(2.0), 16: np.float64(2.0), 17: np.float64(2.0), 18: np.float64(2.0), 19: np.float64(2.0), 20: np.float64(2.0), 21: np.float64(2.0), 22: np.float64(2.0), 23: np.float64(2.0)}","[4, 5, 7, 8, 10, 12, 14, 15, 16, 18, 21, 23]","[0, 1, 2, 3, 6, 9, 11, 13, 17, 19, 20, 22]",48
2,4,Friday,"{0: np.float64(2.0), 1: np.float64(2.0), 2: np.float64(2.0), 3: np.float64(2.0), 4: np.float64(2.0), 5: np.float64(2.0), 6: np.float64(2.0), 7: np.float64(2.0), 8: np.float64(2.0), 9: np.float64(2.0), 10: np.float64(2.0), 11: np.float64(2.0), 12: np.float64(2.0), 13: np.float64(2.0), 14: np.float64(2.0), 15: np.float64(2.0), 16: np.float64(2.0), 17: np.float64(2.0), 18: np.float64(2.0), 19: np.float64(2.0), 20: np.float64(2.0), 21: np.float64(2.0), 22: np.float64(2.0), 23: np.float64(2.0)}","[4, 7, 8, 11, 15, 23]","[0, 1, 2, 3, 5, 6, 9, 10, 12, 13, 14, 16, 17, 18, 19, 20, 21, 22]",48
3,4,Friday,"{0: np.float64(2.0), 1: np.float64(2.0), 2: np.float64(2.0), 3: np.float64(2.0), 4: np.float64(2.0), 5: np.float64(2.0), 6: np.float64(2.0), 7: np.float64(2.0), 8: np.float64(2.0), 9: np.float64(2.0), 10: np.float64(2.0), 11: np.float64(2.0), 12: np.float64(2.0), 13: np.float64(2.0), 14: np.float64(2.0), 15: np.float64(2.0), 16: np.float64(2.0), 17: np.float64(2.0), 18: np.float64(2.0), 19: np.float64(2.0), 20: np.float64(2.0), 21: np.float64(2.0), 22: np.float64(2.0), 23: np.float64(2.0)}","[1, 3, 4, 6, 8, 13, 15, 19, 23]","[0, 2, 5, 7, 9, 10, 11, 12, 14, 16, 17, 18, 20, 21, 22]",48
4,4,Friday,"{0: np.float64(2.0), 1: np.float64(2.0), 2: np.float64(2.0), 3: np.float64(2.0), 4: np.float64(2.0), 5: np.float64(2.0), 6: np.float64(2.0), 7: np.float64(2.0), 8: np.float64(2.0), 9: np.float64(2.0), 10: np.float64(2.0), 11: np.float64(2.0), 12: np.float64(2.0), 13: np.float64(2.0), 14: np.float64(2.0), 15: np.float64(2.0), 16: np.float64(2.0), 17: np.float64(2.0), 18: np.float64(2.0), 19: np.float64(2.0), 20: np.float64(2.0), 21: np.float64(2.0), 22: np.float64(2.0), 23: np.float64(2.0)}","[4, 7, 11, 15, 16, 18, 19]","[0, 1, 2, 3, 5, 6, 8, 9, 10, 12, 13, 14, 17, 20, 21, 22, 23]",48
5,4,Friday,"{0: np.float64(2.0), 1: np.float64(2.0), 2: np.float64(2.0), 3: np.float64(2.0), 4: np.float64(2.0), 5: np.float64(2.0), 6: np.float64(2.0), 7: np.float64(2.0), 8: np.float64(2.0), 9: np.float64(2.0), 10: np.float64(2.0), 11: np.float64(2.0), 12: np.float64(2.0), 13: np.float64(2.0), 14: np.float64(2.0), 15: np.float64(2.0), 16: np.float64(2.0), 17: np.float64(2.0), 18: np.float64(2.0), 19: np.float64(2.0), 20: np.float64(2.0), 21: np.float64(2.0), 22: np.float64(2.0), 23: np.float64(2.0)}","[7, 10, 13, 19, 21, 22]","[0, 1, 2, 3, 4, 5, 6, 8, 9, 11, 12, 14, 15, 16, 17, 18, 20, 23]",48
6,4,Friday,"{0: np.float64(2.0), 1: np.float64(2.0), 2: np.float64(2.0), 3: np.float64(2.0), 4: np.float64(2.0), 5: np.float64(2.0), 6: np.float64(2.0), 7: np.float64(2.0), 8: np.float64(2.0), 9: np.float64(2.0), 10: np.float64(2.0), 11: np.float64(2.0), 12: np.float64(2.0), 13: np.float64(2.0), 14: np.float64(2.0), 15: np.float64(2.0), 16: np.float64(2.0), 17: np.float64(2.0), 18: np.float64(2.0), 19: np.float64(2.0), 20: np.float64(2.0), 21: np.float64(2.0), 22: np.float64(2.0), 23: np.float64(2.0)}","[1, 6, 8, 9, 15, 19, 23]","[0, 2, 3, 4, 5, 7, 10, 11, 12, 13, 14, 16, 17, 18, 20, 21, 22]",48
7,4,Friday,"{0: np.float64(2.0), 1: np.float64(2.0), 2: np.float64(2.0), 3: np.float64(2.0), 4: np.float64(2.0), 5: np.float64(2.0), 6: np.float64(2.0), 7: np.float64(2.0), 8: np.float64(2.0), 9: np.float64(2.0), 10: np.float64(2.0), 11: np.float64(2.0), 12: np.float64(2.0), 13: np.float64(2.0), 14: np.float64(2.0), 15: np.float64(2.0), 16: np.float64(2.0), 17: np.float64(2.0), 18: np.float64(2.0), 19: np.float64(2.0), 20: np.float64(2.0), 21: np.float64(2.0), 22: np.float64(2.0), 23: np.float64(2.0)}","[0, 1, 2, 4, 8, 11, 14, 15, 17, 19, 22, 23]","[3, 5, 6, 7, 9, 10, 12, 13, 16, 18, 20, 21]",48
8,4,Friday,"{0: np.float64(2.0), 1: np.float64(2.0), 2: np.float64(2.0), 3: np.float64(2.0), 4: np.float64(2.0), 5: np.float64(2.0), 6: np.float64(2.0), 7: np.float64(2.0), 8: np.float64(2.0), 9: np.float64(2.0), 10: np.float64(2.0), 11: np.float64(2.0), 12: np.float64(2.0), 13: np.float64(2.0), 14: np.float64(2.0), 15: np.float64(2.0), 16: np.float64(2.0), 17: np.float64(2.0), 18: np.float64(2.0), 19: np.float64(2.0), 20: np.float64(2.0), 21: np.float64(2.0), 22: np.float64(2.0), 23: np.float64(2.0)}","[1, 3, 8, 10, 13, 23]","[0, 2, 4, 5, 6, 7, 9, 11, 12, 14, 15, 16, 17, 18, 19, 20, 21, 22]",48
9,4,Friday,"{0: np.float64(2.0), 1: np.float64(2.0), 2: np.float64(2.0), 3: np.float64(2.0), 4: np.float64(2.0), 5: np.float64(2.0), 6: np.float64(2.0), 7: np.float64(2.0), 8: np.float64(2.0), 9: np.float64(2.0), 10: np.float64(2.0), 11: np.float64(2.0), 12: np.float64(2.0), 13: np.float64(2.0), 14: np.float64(2.0), 15: np.float64(2.0), 16: np.float64(2.0), 17: np.float64(2.0), 18: np.float64(2.0), 19: np.float64(2.0), 20: np.float64(2.0), 21: np.float64(2.0), 22: np.float64(2.0), 23: np.float64(2.0)}","[1, 3, 4, 6, 7, 9, 10, 19, 20, 21, 23]","[0, 2, 5, 8, 11, 12, 13, 14, 15, 16, 17, 18, 22]",48
10,4,Friday,"{0: np.float64(2.0), 1: np.float64(2.0), 2: np.float64(2.0), 3: np.float64(2.0), 4: np.float64(2.0), 5: np.float64(2.0), 6: np.float64(2.0), 7: np.float64(2.0), 8: np.float64(2.0), 9: np.float64(2.0), 10: np.float64(2.0), 11: np.float64(2.0), 12: np.float64(2.0), 13: np.float64(2.0), 14: np.float64(2.0), 15: np.float64(2.0), 16: np.float64(2.0), 17: np.float64(2.0), 18: np.float64(2.0), 19: np.float64(2.0), 20: np.float64(2.0), 21: np.float64(2.0), 22: np.float64(2.0), 23: np.float64(2.0)}","[0, 1, 5, 7, 8, 9, 12, 13, 18, 19, 22]","[2, 3, 4, 6, 10, 11, 14, 15, 16, 17, 20, 21, 23]",48
11,4,Friday,"{0: np.float64(2.0), 1: np.float64(2.0), 2: np.float64(2.0), 3: np.float64(2.0), 4: np.float64(2.0), 5: np.float64(2.0), 6: np.float64(2.0), 7: np.float64(2.0), 8: np.float64(2.0), 9: np.float64(2.0), 10: np.float64(2.0), 11: np.float64(2.0), 12: np.float64(2.0), 13: np.float64(2.0), 14: np.float64(2.0), 15: np.float64(2.0), 16: np.float64(2.0), 17: np.float64(2.0), 18: np.float64(2.0), 19: np.float64(2.0), 20: np.float64(2.0), 21: np.float64(2.0), 22: np.float64(2.0), 23: np.float64(2.0)}","[1, 2, 4, 12, 17, 18, 20, 21]","[0, 3, 5, 6, 7, 8, 9, 10, 11, 13, 14, 15, 16, 19, 22, 23]",48
12,4,Friday,"{0: np.float64(2.0), 1: np.float64(2.0), 2: np.float64(2.0), 3: np.float64(2.0), 4: np.float64(2.0), 5: np.float64(2.0), 6: np.float64(2.0), 7: np.float64(2.0), 8: np.float64(2.0), 9: np.float64(2.0), 10: np.float64(2.0), 11: np.float64(2.0), 12: np.float64(2.0), 13: np.float64(2.0), 14: np.float64(2.0), 15: np.float64(2.0), 16: np.float64(2.0), 17: np.float64(2.0), 18: np.float64(2.0), 19: np.float64(2.0), 20: np.float64(2.0), 21: np.float64(2.0), 22: np.float64(2.0), 23: np.float64(2.0)}","[0, 1, 2, 5, 8, 12, 13, 15, 17, 20, 21]","[3, 4, 6, 7, 9, 10, 11, 14, 16, 18, 19, 22, 23]",48
13,4,Friday,"{0: np.float64(2.0), 1: np.float64(2.0), 2: np.float64(2.0), 3: np.float64(2.0), 4: np.float64(2.0), 5: np.float64(2.0), 6: np.float64(2.0), 7: np.float64(2.0), 8: np.float64(2.0), 9: np.float64(2.0), 10: np.float64(2.0), 11: np.float64(2.0), 12: np.float64(2.0), 13: np.float64(2.0), 14: np.float64(2.0), 15: np.float64(2.0), 16: np.float64(2.0), 17: np.float64(2.0), 18: np.float64(2.0), 19: np.float64(2.0), 20: np.float64(2.0), 21: np.float64(2.0), 22: np.float64(2.0), 23: np.float64(2.0)}","[2, 5, 10, 13, 16, 23]","[0, 1, 3, 4, 6, 7, 8, 9, 11, 12, 14, 15, 17, 18, 19, 20, 21, 22]",48
14,4,Friday,"{0: np.float64(2.0), 1: np.float64(2.0), 2: np.float64(2.0), 3: np.float64(2.0), 4: np.float64(2.0), 5: np.float64(2.0), 6: np.float64(2.0), 7: np.float64(2.0), 8: np.float64(2.0), 9: np.float64(2.0), 10: np.float64(2.0), 11: np.float64(2.0), 12: np.float64(2.0), 13: np.float64(2.0), 14: np.float64(2.0), 15: np.float64(2.0), 16: np.float64(2.0), 17: np.float64(2.0), 18: np.float64(2.0), 19: np.float64(2.0), 20: np.float64(2.0), 21: np.float64(2.0), 22: np.float64(2.0), 23: np.float64(2.0)}","[0, 1, 5, 7, 8, 10, 12, 13, 15, 17, 20, 23]","[2, 3, 4, 6, 9, 11, 14, 16, 18, 19, 21, 22]",48
15,4,Friday,"{0: np.float64(2.0), 1: np.float64(2.0), 2: np.float64(2.0), 3: np.float64(2.0), 4: np.float64(2.0), 5: np.float64(2.0), 6: np.float64(2.0), 7: np.float64(2.0), 8: np.float64(2.0), 9: np.float64(2.0), 10: np.float64(2.0), 11: np.float64(2.0), 12: np.float64(2.0), 13: np.float64(2.0), 14: np.float64(2.0), 15: np.float64(2.0), 16: np.float64(2.0), 17: np.float64(2.0), 18: np.float64(2.0), 19: np.float64(2.0), 20: np.float64(2.0), 21: np.float64(2.0), 22: np.float64(2.0), 23: np.float64(2.0)}","[1, 3, 9, 14, 15, 16, 20]","[0, 2, 4, 5, 6, 7, 8, 10, 11, 12, 13, 17, 18, 19, 21, 22, 23]",48
16,4,Friday,"{0: np.float64(2.0), 1: np.float64(2.0), 2: np.float64(2.0), 3: np.float64(2.0), 4: np.float64(2.0), 5: np.float64(2.0), 6: np.float64(2.0), 7: np.float64(2.0), 8: np.float64(2.0), 9: np.float64(2.0), 10: np.float64(2.0), 11: np.float64(2.0), 12: np.float64(2.0), 13: np.float64(2.0), 14: np.float64(2.0), 15: np.float64(2.0), 16: np.float64(2.0), 17: np.float64(2.0), 18: np.float64(2.0), 19: np.float64(2.0), 20: np.float64(2.0), 21: np.float64(2.0), 22: np.float64(2.0), 23: np.float64(2.0)}","[2, 5, 6, 8, 10, 11, 12, 13, 14, 17, 20, 21, 22]","[0, 1, 3, 4, 7, 9, 15, 16, 18, 19, 23]",48
17,4,Friday,"{0: np.float64(2.0), 1: np.float64(2.0), 2: np.float64(2.0), 3: np.float64(2.0), 4: np.float64(2.0), 5: np.float64(2.0), 6: np.float64(2.0), 7: np.float64(2.0), 8: np.float64(2.0), 9: np.float64(2.0), 10: np.float64(2.0), 11: np.float64(2.0), 12: np.float64(2.0), 13: np.float64(2.0), 14: np.float64(2.0), 15: np.float64(2.0), 16: np.float64(2.0), 17: np.float64(2.0), 18: np.float64(2.0), 19: np.float64(2.0), 20: np.float64(2.0), 21: np.float64(2.0), 22: np.float64(2.0), 23: np.float64(2.0)}","[0, 3, 4, 5, 7, 8, 11, 12, 15, 17, 18, 23]","[1, 2, 6, 9, 10, 13, 14, 16, 19, 20, 21, 22]",48
18,4,Friday,"{0: np.float64(2.0), 1: np.float64(2.0), 2: np.float64(2.0), 3: np.float64(2.0), 4: np.float64(2.0), 5: np.float64(2.0), 6: np.float64(2.0), 7: np.float64(2.0), 8: np.float64(2.0), 9: np.float64(2.0), 10: np.float64(2.0), 11: np.float64(2.0), 12: np.float64(2.0), 13: np.float64(2.0), 14: np.float64(2.0), 15: np.float64(2.0), 16: np.float64(2.0), 17: np.float64(2.0), 18: np.float64(2.0), 19: np.float64(2.0), 20: np.float64(2.0), 21: np.float64(2.0), 22: np.float64(2.0), 23: np.float64(2.0)}","[0, 9, 10, 13, 15, 22, 23]","[1, 2, 3, 4, 5, 6, 7, 8, 11, 12, 14, 16, 17, 18, 19, 20, 21]",48
19,4,Friday,"{0: np.float64(2.0), 1: np.float64(2.0), 2: np.float64(2.0), 3: np.float64(2.0), 4: np.float64(2.0), 5: np.float64(2.0), 6: np.float64(2.0), 7: np.float64(2.0), 8: np.float64(2.0), 9: np.float64(2.0), 10: np.float64(2.0), 11: np.float64(2.0), 12: np.float64(2.0), 13: np.float64(2.0), 14: np.float64(2.0), 15: np.float64(2.0), 16: np.float64(2.0), 17: np.float64(2.0), 18: np.float64(2.0), 19: np.float64(2.0), 20: np.float64(2.0), 21: np.float64(2.0), 22: np.float64(2.0), 23: np.float64(2.0)}","[0, 11, 13, 15, 17, 18]","[1, 2, 3, 4, 5, 6, 7, 8, 9, 10, 12, 14, 16, 19, 20, 21, 22, 23]",48
20,4,Friday,"{0: np.float64(2.0), 1: np.float64(2.0), 2: np.float64(2.0), 3: np.float64(2.0), 4: np.float64(2.0), 5: np.float64(2.0), 6: np.float64(2.0), 7: np.float64(2.0), 8: np.float64(2.0), 9: np.float64(2.0), 10: np.float64(2.0), 11: np.float64(2.0), 12: np.float64(2.0), 13: np.float64(2.0), 14: np.float64(2.0), 15: np.float64(2.0), 16: np.float64(2.0), 17: np.float64(2.0), 18: np.float64(2.0), 19: np.float64(2.0), 20: np.float64(2.0), 21: np.float64(2.0), 22: np.float64(2.0), 23: np.float64(2.0)}","[0, 2, 5, 6, 9, 10, 12, 14, 15, 17, 20]","[1, 3, 4, 7, 8, 11, 13, 16, 18, 19, 21, 22, 23]",48
21,4,Friday,"{0: np.float64(2.0), 1: np.float64(2.0), 2: np.float64(2.0), 3: np.float64(2.0), 4: np.float64(2.0), 5: np.float64(2.0), 6: np.float64(2.0), 7: np.float64(2.0), 8: np.float64(2.0), 9: np.float64(2.0), 10: np.float64(2.0), 11: np.float64(2.0), 12: np.float64(2.0), 13: np.float64(2.0), 14: np.float64(2.0), 15: np.float64(2.0), 16: np.float64(2.0), 17: np.float64(2.0), 18: np.float64(2.0), 19: np.float64(2.0), 20: np.float64(2.0), 21: np.float64(2.0), 22: np.float64(2.0), 23: np.float64(2.0)}","[0, 3, 4, 6, 14, 16, 19, 23]","[1, 2, 5, 7, 8, 9, 10, 11, 12, 13, 15, 17, 18, 20, 21, 22]",48
22,4,Friday,"{0: np.float64(2.0), 1: np.float64(2.0), 2: np.float64(2.0), 3: np.float64(2.0), 4: np.float64(2.0), 5: np.float64(2.0), 6: np.float64(2.0), 7: np.float64(2.0), 8: np.float64(2.0), 9: np.float64(2.0), 10: np.float64(2.0), 11: np.float64(2.0), 12: np.float64(2.0), 13: np.float64(2.0), 14: np.float64(2.0), 15: np.float64(2.0), 16: np.float64(2.0), 17: np.float64(2.0), 18: np.float64(2.0), 19: np.float64(2.0), 20: np.float64(2.0), 21: np.float64(2.0), 22: np.float64(2.0), 23: np.float64(2.0)}","[2, 5, 7, 9, 11, 12, 19, 20, 22]","[0, 1, 3, 4, 6, 8, 10, 13, 14, 15, 16, 17, 18, 21, 23]",48
23,4,Friday,"{0: np.float64(2.0), 1: np.float64(2.0), 2: np.float64(2.0), 3: np.float64(2.0), 4: np.float64(2.0), 5: np.float64(2.0), 6: np.float64(2.0), 7: np.float64(2.0), 8: np.float64(2.0), 9: np.float64(2.0), 10: np.float64(2.0), 11: np.float64(2.0), 12: np.float64(2.0), 13: np.float64(2.0), 14: np.float64(2.0), 15: np.float64(2.0), 16: np.float64(2.0), 17: np.float64(2.0), 18: np.float64(2.0), 19: np.float64(2.0), 20: np.float64(2.0), 21: np.float64(2.0), 22: np.float64(2.0), 23: np.float64(2.0)}","[3, 4, 7, 9, 11, 12, 13, 15, 16, 19, 23]","[0, 1, 2, 5, 6, 8, 10, 14, 17, 18, 20, 21, 22]",48
24,4,Friday,"{0: np.float64(2.0), 1: np.float64(2.0), 2: np.float64(2.0), 3: np.float64(2.0), 4: np.float64(2.0), 5: np.float64(2.0), 6: np.float64(2.0), 7: np.float64(2.0), 8: np.float64(2.0), 9: np.float64(2.0), 10: np.float64(2.0), 11: np.float64(2.0), 12: np.float64(2.0), 13: np.float64(2.0), 14: np.float64(2.0), 15: np.float64(2.0), 16: np.float64(2.0), 17: np.float64(2.0), 18: np.float64(2.0), 19: np.float64(2.0), 20: np.float64(2.0), 21: np.float64(2.0), 22: np.float64(2.0), 23: np.float64(2.0)}","[2, 4, 6, 7, 11, 13, 19]","[0, 1, 3, 5, 8, 9, 10, 12, 14, 15, 16, 17, 18, 20, 21, 22, 23]",48
25,4,Friday,"{0: np.float64(2.0), 1: np.float64(2.0), 2: np.float64(2.0), 3: np.float64(2.0), 4: np.float64(2.0), 5: np.float64(2.0), 6: np.float64(2.0), 7: np.float64(2.0), 8: np.float64(2.0), 9: np.float64(2.0), 10: np.float64(2.0), 11: np.float64(2.0), 12: np.float64(2.0), 13: np.float64(2.0), 14: np.float64(2.0), 15: np.float64(2.0), 16: np.float64(2.0), 17: np.float64(2.0), 18: np.float64(2.0), 19: np.float64(2.0), 20: np.float64(2.0), 21: np.float64(2.0), 22: np.float64(2.0), 23: np.float64(2.0)}","[4, 5, 9, 10, 13, 22, 23]","[0, 1, 2, 3, 6, 7, 8, 11, 12, 14, 15, 16, 17, 18, 19, 20, 21]",48
26,4,Friday,"{0: np.float64(2.0), 1: np.float64(2.0), 2: np.float64(2.0), 3: np.float64(2.0), 4: np.float64(2.0), 5: np.float64(2.0), 6: np.float64(2.0), 7: np.float64(2.0), 8: np.float64(2.0), 9: np.float64(2.0), 10: np.float64(2.0), 11: np.float64(2.0), 12: np.float64(2.0), 13: np.float64(2.0), 14: np.float64(2.0), 15: np.float64(2.0), 16: np.float64(2.0), 17: np.float64(2.0), 18: np.float64(2.0), 19: np.float64(2.0), 20: np.float64(2.0), 21: np.float64(2.0), 22: np.float64(2.0), 23: np.float64(2.0)}","[3, 4, 7, 8, 14, 19, 20, 22]","[0, 1, 2, 5, 6, 9, 10, 11, 12, 13, 15, 16, 17, 18, 21, 23]",48
27,4,Friday,"{0: np.float64(2.0), 1: np.float64(2.0), 2: np.float64(2.0), 3: np.float64(2.0), 4: np.float64(2.0), 5: np.float64(2.0), 6: np.float64(2.0), 7: np.float64(2.0), 8: np.float64(2.0), 9: np.float64(2.0), 10: np.float64(2.0), 11: np.float64(2.0), 12: np.float64(2.0), 13: np.float64(2.0), 14: np.float64(2.0), 15: np.float64(2.0), 16: np.float64(2.0), 17: np.float64(2.0), 18: np.float64(2.0), 19: np.float64(2.0), 20: np.float64(2.0), 21: np.float64(2.0), 22: np.float64(2.0), 23: np.float64(2.0)}","[2, 5, 7, 8, 13, 15, 17]","[0, 1, 3, 4, 6, 9, 10, 11, 12, 14, 16, 18, 19, 20, 21, 22, 23]",48
28,4,Friday,"{0: np.float64(2.0), 1: np.float64(2.0), 2: np.float64(2.0), 3: np.float64(2.0), 4: np.float64(2.0), 5: np.float64(2.0), 6: np.float64(2.0), 7: np.float64(2.0), 8: np.float64(2.0), 9: np.float64(2.0), 10: np.float64(2.0), 11: np.float64(2.0), 12: np.float64(2.0), 13: np.float64(2.0), 14: np.float64(2.0), 15: np.float64(2.0), 16: np.float64(2.0), 17: np.float64(2.0), 18: np.float64(2.0), 19: np.float64(2.0), 20: np.float64(2.0), 21: np.float64(2.0), 22: np.float64(2.0), 23: np.float64(2.0)}","[1, 2, 5, 7, 10, 13, 14]","[0, 3, 4, 6, 8, 9, 11, 12, 15, 16, 17, 18, 19, 20, 21, 22, 23]",48
29,4,Friday,"{0: np.float64(2.0), 1: np.float64(2.0), 2: np.float64(2.0), 3: np.float64(2.0), 4: np.float64(2.0), 5: np.float64(2.0), 6: np.float64(2.0), 7: np.float64(2.0), 8: np.float64(2.0), 9: np.float64(2.0), 10: np.float64(2.0), 11: np.float64(2.0), 12: np.float64(2.0), 13: np.float64(2.0), 14: np.float64(2.0), 15: np.float64(2.0), 16: np.float64(2.0), 17: np.float64(2.0), 18: np.float64(2.0), 19: np.float64(2.0), 20: np.float64(2.0), 21: np.float64(2.0), 22: np.float64(2.0), 23: np.float64(2.0)}","[0, 1, 2, 3, 9, 10, 11, 13, 15, 16, 18, 19, 20, 21]","[4, 5, 6, 7, 8, 12, 14, 17, 22, 23]",48
30,4,Friday,"{0: np.float64(2.0), 1: np.float64(2.0), 2: np.float64(2.0), 3: np.float64(2.0), 4: np.float64(2.0), 5: np.float64(2.0), 6: np.float64(2.0), 7: np.float64(2.0), 8: np.float64(2.0), 9: np.float64(2.0), 10: np.float64(2.0), 11: np.float64(2.0), 12: np.float64(2.0), 13: np.float64(2.0), 14: np.float64(2.0), 15: np.float64(2.0), 16: np.float64(2.0), 17: np.float64(2.0), 18: np.float64(2.0), 19: np.float64(2.0), 20: np.float64(2.0), 21: np.float64(2.0), 22: np.float64(2.0), 23: np.float64(2.0)}","[0, 5, 6, 9, 12, 14, 15, 16, 18, 19, 21, 22]","[1, 2, 3, 4, 7, 8, 10, 11, 13, 17, 20, 23]",48
31,4,Friday,"{0: np.float64(2.0), 1: np.float64(2.0), 2: np.float64(2.0), 3: np.float64(2.0), 4: np.float64(2.0), 5: np.float64(2.0), 6: np.float64(2.0), 7: np.float64(2.0), 8: np.float64(2.0), 9: np.float64(2.0), 10: np.float64(2.0), 11: np.float64(2.0), 12: np.float64(2.0), 13: np.float64(2.0), 14: np.float64(2.0), 15: np.float64(2.0), 16: np.float64(2.0), 17: np.float64(2.0), 18: np.float64(2.0), 19: np.float64(2.0), 20: np.float64(2.0), 21: np.float64(2.0), 22: np.float64(2.0), 23: np.float64(2.0)}","[0, 5, 7, 9, 10, 14, 15, 17, 20, 21]","[1, 2, 3, 4, 6, 8, 11, 12, 13, 16, 18, 19, 22, 23]",48
32,4,Friday,"{0: np.float64(2.0), 1: np.float64(2.0), 2: np.float64(2.0), 3: np.float64(2.0), 4: np.float64(2.0), 5: np.float64(2.0), 6: np.float64(2.0), 7: np.float64(2.0), 8: np.float64(2.0), 9: np.float64(2.0), 10: np.float64(2.0), 11: np.float64(2.0), 12: np.float64(2.0), 13: np.float64(2.0), 14: np.float64(2.0), 15: np.float64(2.0), 16: np.float64(2.0), 17: np.float64(2.0), 18: np.float64(2.0), 19: np.float64(2.0), 20: np.float64(2.0), 21: np.float64(2.0), 22: np.float64(2.0), 23: np.float64(2.0)}","[1, 7, 8, 9, 11, 13, 14, 16, 23]","[0, 2, 3, 4, 5, 6, 10, 12, 15, 17, 18, 19, 20, 21, 22]",48
33,4,Friday,"{0: np.float64(2.0), 1: np.float64(2.0), 2: np.float64(2.0), 3: np.float64(2.0), 4: np.float64(2.0), 5: np.float64(2.0), 6: np.float64(2.0), 7: np.float64(2.0), 8: np.float64(2.0), 9: np.float64(2.0), 10: np.float64(2.0), 11: np.float64(2.0), 12: np.float64(2.0), 13: np.float64(2.0), 14: np.float64(2.0), 15: np.float64(2.0), 16: np.float64(2.0), 17: np.float64(2.0), 18: np.float64(2.0), 19: np.float64(2.0), 20: np.float64(2.0), 21: np.float64(2.0), 22: np.float64(2.0), 23: np.float64(2.0)}","[2, 3, 6, 7, 9, 10, 13, 14, 16, 17, 19, 20, 21, 22]","[0, 1, 4, 5, 8, 11, 12, 15, 18, 23]",48
34,4,Friday,"{0: np.float64(2.0), 1: np.float64(2.0), 2: np.float64(2.0), 3: np.float64(2.0), 4: np.float64(2.0), 5: np.float64(2.0), 6: np.float64(2.0), 7: np.float64(2.0), 8: np.float64(2.0), 9: np.float64(2.0), 10: np.float64(2.0), 11: np.float64(2.0), 12: np.float64(2.0), 13: np.float64(2.0), 14: np.float64(2.0), 15: np.float64(2.0), 16: np.float64(2.0), 17: np.float64(2.0), 18: np.float64(2.0), 19: np.float64(2.0), 20: np.float64(2.0), 21: np.float64(2.0), 22: np.float64(2.0), 23: np.float64(2.0)}","[1, 3, 5, 6, 8, 9, 10, 11, 13, 17, 18, 19, 21]","[0, 2, 4, 7, 12, 14, 15, 16, 20, 22, 23]",48
35,4,Friday,"{0: np.float64(2.0), 1: np.float64(2.0), 2: np.float64(2.0), 3: np.float64(2.0), 4: np.float64(2.0), 5: np.float64(2.0), 6: np.float64(2.0), 7: np.float64(2.0), 8: np.float64(2.0), 9: np.float64(2.0), 10: np.float64(2.0), 11: np.float64(2.0), 12: np.float64(2.0), 13: np.float64(2.0), 14: np.float64(2.0), 15: np.float64(2.0), 16: np.float64(2.0), 17: np.float64(2.0), 18: np.float64(2.0), 19: np.float64(2.0), 20: np.float64(2.0), 21: np.float64(2.0), 22: np.float64(2.0), 23: np.float64(2.0)}","[1, 7, 8, 16, 18, 22]","[0, 2, 3, 4, 5, 6, 9, 10, 11, 12, 13, 14, 15, 17, 19, 20, 21, 23]",48
36,4,Friday,"{0: np.float64(2.0), 1: np.float64(2.0), 2: np.float64(2.0), 3: np.float64(2.0), 4: np.float64(2.0), 5: np.float64(2.0), 6: np.float64(2.0), 7: np.float64(2.0), 8: np.float64(2.0), 9: np.float64(2.0), 10: np.float64(2.0), 11: np.float64(2.0), 12: np.float64(2.0), 13: np.float64(2.0), 14: np.float64(2.0), 15: np.float64(2.0), 16: np.float64(2.0), 17: np.float64(2.0), 18: np.float64(2.0), 19: np.float64(2.0), 20: np.float64(2.0), 21: np.float64(2.0), 22: np.float64(2.0), 23: np.float64(2.0)}","[4, 5, 11, 14, 17, 18, 23]","[0, 1, 2, 3, 6, 7, 8, 9, 10, 12, 13, 15, 16, 19, 20, 21, 22]",48
37,4,Friday,"{0: np.float64(2.0), 1: np.float64(2.0), 2: np.float64(2.0), 3: np.float64(2.0), 4: np.float64(2.0), 5: np.float64(2.0), 6: np.float64(2.0), 7: np.float64(2.0), 8: np.float64(2.0), 9: np.float64(2.0), 10: np.float64(2.0), 11: np.float64(2.0), 12: np.float64(2.0), 13: np.float64(2.0), 14: np.float64(2.0), 15: np.float64(2.0), 16: np.float64(2.0), 17: np.float64(2.0), 18: np.float64(2.0), 19: np.float64(2.0), 20: np.float64(2.0), 21: np.float64(2.0), 22: np.float64(2.0), 23: np.float64(2.0)}","[1, 2, 4, 5, 6, 22]","[0, 3, 7, 8, 9, 10, 11, 12, 13, 14, 15, 16, 17, 18, 19, 20, 21, 23]",48
38,4,Friday,"{0: np.float64(2.0), 1: np.float64(2.0), 2: np.float64(2.0), 3: np.float64(2.0), 4: np.float64(2.0), 5: np.float64(2.0), 6: np.float64(2.0), 7: np.float64(2.0), 8: np.float64(2.0), 9: np.float64(2.0), 10: np.float64(2.0), 11: np.float64(2.0), 12: np.float64(2.0), 13: np.float64(2.0), 14: np.float64(2.0), 15: np.float64(2.0), 16: np.float64(2.0), 17: np.float64(2.0), 18: np.float64(2.0), 19: np.float64(2.0), 20: np.float64(2.0), 21: np.float64(2.0), 22: np.float64(2.0), 23: np.float64(2.0)}","[0, 3, 6, 7, 8, 10, 12, 14, 15, 18, 20]","[1, 2, 4, 5, 9, 11, 13, 16, 17, 19, 21, 22, 23]",48
39,4,Friday,"{0: np.float64(2.0), 1: np.float64(2.0), 2: np.float64(2.0), 3: np.float64(2.0), 4: np.float64(2.0), 5: np.float64(2.0), 6: np.float64(2.0), 7: np.float64(2.0), 8: np.float64(2.0), 9: np.float64(2.0), 10: np.float64(2.0), 11: np.float64(2.0), 12: np.float64(2.0), 13: np.float64(2.0), 14: np.float64(2.0), 15: np.float64(2.0), 16: np.float64(2.0), 17: np.float64(2.0), 18: np.float64(2.0), 19: np.float64(2.0), 20: np.float64(2.0), 21: np.float64(2.0), 22: np.float64(2.0), 23: np.float64(2.0)}","[1, 3, 5, 8, 9, 14, 19, 20, 21]","[0, 2, 4, 6, 7, 10, 11, 12, 13, 15, 16, 17, 18, 22, 23]",48
40,4,Friday,"{0: np.float64(2.0), 1: np.float64(2.0), 2: np.float64(2.0), 3: np.float64(2.0), 4: np.float64(2.0), 5: np.float64(2.0), 6: np.float64(2.0), 7: np.float64(2.0), 8: np.float64(2.0), 9: np.float64(2.0), 10: np.float64(2.0), 11: np.float64(2.0), 12: np.float64(2.0), 13: np.float64(2.0), 14: np.float64(2.0), 15: np.float64(2.0), 16: np.float64(2.0), 17: np.float64(2.0), 18: np.float64(2.0), 19: np.float64(2.0), 20: np.float64(2.0), 21: np.float64(2.0), 22: np.float64(2.0), 23: np.float64(2.0)}","[5, 6, 7, 11, 18, 22]","[0, 1, 2, 3, 4, 8, 9, 10, 12, 13, 14, 15, 16, 17, 19, 20, 21, 23]",48
41,4,Friday,"{0: np.float64(2.0), 1: np.float64(2.0), 2: np.float64(2.0), 3: np.float64(2.0), 4: np.float64(2.0), 5: np.float64(2.0), 6: np.float64(2.0), 7: np.float64(2.0), 8: np.float64(2.0), 9: np.float64(2.0), 10: np.float64(2.0), 11: np.float64(2.0), 12: np.float64(2.0), 13: np.float64(2.0), 14: np.float64(2.0), 15: np.float64(2.0), 16: np.float64(2.0), 17: np.float64(2.0), 18: np.float64(2.0), 19: np.float64(2.0), 20: np.float64(2.0), 21: np.float64(2.0), 22: np.float64(2.0), 23: np.float64(2.0)}","[8, 10, 12, 13, 15, 20]","[0, 1, 2, 3, 4, 5, 6, 7, 9, 11, 14, 16, 17, 18, 19, 21, 22, 23]",48
42,4,Friday,"{0: np.float64(2.0), 1: np.float64(2.0), 2: np.float64(2.0), 3: np.float64(2.0), 4: np.float64(2.0), 5: np.float64(2.0), 6: np.float64(2.0), 7: np.float64(2.0), 8: np.float64(2.0), 9: np.float64(2.0), 10: np.float64(2.0), 11: np.float64(2.0), 12: np.float64(2.0), 13: np.float64(2.0), 14: np.float64(2.0), 15: np.float64(2.0), 16: np.float64(2.0), 17: np.float64(2.0), 18: np.float64(2.0), 19: np.float64(2.0), 20: np.float64(2.0), 21: np.float64(2.0), 22: np.float64(2.0), 23: np.float64(2.0)}","[7, 9, 10, 12, 14, 15, 18, 20, 23]","[0, 1, 2, 3, 4, 5, 6, 8, 11, 13, 16, 17, 19, 21, 22]",48
43,4,Friday,"{0: np.float64(2.0), 1: np.float64(2.0), 2: np.float64(2.0), 3: np.float64(2.0), 4: np.float64(2.0), 5: np.float64(2.0), 6: np.float64(2.0), 7: np.float64(2.0), 8: np.float64(2.0), 9: np.float64(2.0), 10: np.float64(2.0), 11: np.float64(2.0), 12: np.float64(2.0), 13: np.float64(2.0), 14: np.float64(2.0), 15: np.float64(2.0), 16: np.float64(2.0), 17: np.float64(2.0), 18: np.float64(2.0), 19: np.float64(2.0), 20: np.float64(2.0), 21: np.float64(2.0), 22: np.float64(2.0), 23: np.float64(2.0)}","[1, 3, 4, 6, 7, 8, 9, 11, 12, 13, 14, 15, 16, 19, 22, 23]","[0, 2, 5, 10, 17, 18, 20, 21]",48
44,4,Friday,"{0: np.float64(2.0), 1: np.float64(2.0), 2: np.float64(2.0), 3: np.float64(2.0), 4: np.float64(2.0), 5: np.float64(2.0), 6: np.float64(2.0), 7: np.float64(2.0), 8: np.float64(2.0), 9: np.float64(2.0), 10: np.float64(2.0), 11: np.float64(2.0), 12: np.float64(2.0), 13: np.float64(2.0), 14: np.float64(2.0), 15: np.float64(2.0), 16: np.float64(2.0), 17: np.float64(2.0), 18: np.float64(2.0), 19: np.float64(2.0), 20: np.float64(2.0), 21: np.float64(2.0), 22: np.float64(2.0), 23: np.float64(2.0)}","[3, 4, 6, 8, 9, 14, 15, 16]","[0, 1, 2, 5, 7, 10, 11, 12, 13, 17, 18, 19, 20, 21, 22, 23]",48
45,4,Friday,"{0: np.float64(2.0), 1: np.float64(2.0), 2: np.float64(2.0), 3: np.float64(2.0), 4: np.float64(2.0), 5: np.float64(2.0), 6: np.float64(2.0), 7: np.float64(2.0), 8: np.float64(2.0), 9: np.float64(2.0), 10: np.float64(2.0), 11: np.float64(2.0), 12: np.float64(2.0), 13: np.float64(2.0), 14: np.float64(2.0), 15: np.float64(2.0), 16: np.float64(2.0), 17: np.float64(2.0), 18: np.float64(2.0), 19: np.float64(2.0), 20: np.float64(2.0), 21: np.float64(2.0), 22: np.float64(2.0), 23: np.float64(2.0)}","[0, 1, 2, 3, 6, 8, 12, 15, 16, 17, 19, 23]","[4, 5, 7, 9, 10, 11, 13, 14, 18, 20, 21, 22]",48
46,4,Friday,"{0: np.float64(2.0), 1: np.float64(2.0), 2: np.float64(2.0), 3: np.float64(2.0), 4: np.float64(2.0), 5: np.float64(2.0), 6: np.float64(2.0), 7: np.float64(2.0), 8: np.float64(2.0), 9: np.float64(2.0), 10: np.float64(2.0), 11: np.float64(2.0), 12: np.float64(2.0), 13: np.float64(2.0), 14: np.float64(2.0), 15: np.float64(2.0), 16: np.float64(2.0), 17: np.float64(2.0), 18: np.float64(2.0), 19: np.float64(2.0), 20: np.float64(2.0), 21: np.float64(2.0), 22: np.float64(2.0), 23: np.float64(2.0)}","[3, 4, 6, 7, 9, 10, 12, 14, 16, 21, 23]","[0, 1, 2, 5, 8, 11, 13, 15, 17, 18, 19, 20, 22]",48
47,4,Friday,"{0: np.float64(2.0), 1: np.float64(2.0), 2: np.float64(2.0), 3: np.float64(2.0), 4: np.float64(2.0), 5: np.float64(2.0), 6: np.float64(2.0), 7: np.float64(2.0), 8: np.float64(2.0), 9: np.float64(2.0), 10: np.float64(2.0), 11: np.float64(2.0), 12: np.float64(2.0), 13: np.float64(2.0), 14: np.float64(2.0), 15: np.float64(2.0), 16: np.float64(2.0), 17: np.float64(2.0), 18: np.float64(2.0), 19: np.float64(2.0), 20: np.float64(2.0), 21: np.float64(2.0), 22: np.float64(2.0), 23: np.float64(2.0)}","[5, 8, 15, 16, 17, 18, 22]","[0, 1, 2, 3, 4, 6, 7, 9, 10, 11, 12, 13, 14, 19, 20, 21, 23]",48
48,4,Friday,"{0: np.float64(2.0), 1: np.float64(2.0), 2: np.float64(2.0), 3: np.float64(2.0), 4: np.float64(2.0), 5: np.float64(2.0), 6: np.float64(2.0), 7: np.float64(2.0), 8: np.float64(2.0), 9: np.float64(2.0), 10: np.float64(2.0), 11: np.float64(2.0), 12: np.float64(2.0), 13: np.float64(2.0), 14: np.float64(2.0), 15: np.float64(2.0), 16: np.float64(2.0), 17: np.float64(2.0), 18: np.float64(2.0), 19: np.float64(2.0), 20: np.float64(2.0), 21: np.float64(2.0), 22: np.float64(2.0), 23: np.float64(2.0)}","[1, 5, 8, 13, 14, 17, 19]","[0, 2, 3, 4, 6, 7, 9, 10, 11, 12, 15, 16, 18, 20, 21, 22, 23]",48
49,4,Friday,"{0: np.float64(2.0), 1: np.float64(2.0), 2: np.float64(2.0), 3: np.float64(2.0), 4: np.float64(2.0), 5: np.float64(2.0), 6: np.float64(2.0), 7: np.float64(2.0), 8: np.float64(2.0), 9: np.float64(2.0), 10: np.float64(2.0), 11: np.float64(2.0), 12: np.float64(2.0), 13: np.float64(2.0), 14: np.float64(2.0), 15: np.float64(2.0), 16: np.float64(2.0), 17: np.float64(2.0), 18: np.float64(2.0), 19: np.float64(2.0), 20: np.float64(2.0), 21: np.float64(2.0), 22: np.float64(2.0), 23: np.float64(2.0)}","[2, 4, 6, 7, 8, 10, 11, 14, 15, 18, 20, 22]","[0, 1, 3, 5, 9, 12, 13, 16, 17, 19, 21, 23]",48
0,5,Saturday,"{0: np.float64(2.0), 1: np.float64(2.0), 2: np.float64(2.0), 3: np.float64(2.0), 4: np.float64(2.0), 5: np.float64(2.0), 6: np.float64(2.0), 7: np.float64(2.0), 8: np.float64(2.0), 9: np.float64(2.0), 10: np.float64(2.0), 11: np.float64(2.0), 12: np.float64(2.0), 13: np.float64(2.0), 14: np.float64(2.0), 15: np.float64(2.0), 16: np.float64(2.0), 17: np.float64(2.0), 18: np.float64(2.0), 19: np.float64(2.0), 20: np.float64(2.0), 21: np.float64(2.0), 22: np.float64(2.0), 23: np.float64(2.0)}","[0, 1, 2, 3, 4, 5, 6, 7, 8, 9, 10, 11, 12, 13, 14, 15, 16, 17, 18, 19, 20, 21, 22, 23]",[],48
1,5,Saturday,"{0: np.float64(2.0), 1: np.float64(2.0), 2: np.float64(2.0), 3: np.float64(2.0), 4: np.float64(2.0), 5: np.float64(2.0), 6: np.float64(2.0), 7: np.float64(2.0), 8: np.float64(2.0), 9: np.float64(2.0), 10: np.float64(2.0), 11: np.float64(2.0), 12: np.float64(2.0), 13: np.float64(2.0), 14: np.float64(2.0), 15: np.float64(2.0), 16: np.float64(2.0), 17: np.float64(2.0), 18: np.float64(2.0), 19: np.float64(2.0), 20: np.float64(2.0), 21: np.float64(2.0), 22: np.float64(2.0), 23: np.float64(2.0)}","[1, 4, 12, 14, 15, 18, 19, 20]","[0, 2, 3, 5, 6, 7, 8, 9, 10, 11, 13, 16, 17, 21, 22, 23]",48
2,5,Saturday,"{0: np.float64(2.0), 1: np.float64(2.0), 2: np.float64(2.0), 3: np.float64(2.0), 4: np.float64(2.0), 5: np.float64(2.0), 6: np.float64(2.0), 7: np.float64(2.0), 8: np.float64(2.0), 9: np.float64(2.0), 10: np.float64(2.0), 11: np.float64(2.0), 12: np.float64(2.0), 13: np.float64(2.0), 14: np.float64(2.0), 15: np.float64(2.0), 16: np.float64(2.0), 17: np.float64(2.0), 18: np.float64(2.0), 19: np.float64(2.0), 20: np.float64(2.0), 21: np.float64(2.0), 22: np.float64(2.0), 23: np.float64(2.0)}","[1, 2, 4, 5, 6, 9, 12, 15, 16, 17, 18, 23]","[0, 3, 7, 8, 10, 11, 13, 14, 19, 20, 21, 22]",48
3,5,Saturday,"{0: np.float64(2.0), 1: np.float64(2.0), 2: np.float64(2.0), 3: np.float64(2.0), 4: np.float64(2.0), 5: np.float64(2.0), 6: np.float64(2.0), 7: np.float64(2.0), 8: np.float64(2.0), 9: np.float64(2.0), 10: np.float64(2.0), 11: np.float64(2.0), 12: np.float64(2.0), 13: np.float64(2.0), 14: np.float64(2.0), 15: np.float64(2.0), 16: np.float64(2.0), 17: np.float64(2.0), 18: np.float64(2.0), 19: np.float64(2.0), 20: np.float64(2.0), 21: np.float64(2.0), 22: np.float64(2.0), 23: np.float64(2.0)}","[3, 9, 10, 12, 14, 19, 23]","[0, 1, 2, 4, 5, 6, 7, 8, 11, 13, 15, 16, 17, 18, 20, 21, 22]",48
4,5,Saturday,"{0: np.float64(2.0), 1: np.float64(2.0), 2: np.float64(2.0), 3: np.float64(2.0), 4: np.float64(2.0), 5: np.float64(2.0), 6: np.float64(2.0), 7: np.float64(2.0), 8: np.float64(2.0), 9: np.float64(2.0), 10: np.float64(2.0), 11: np.float64(2.0), 12: np.float64(2.0), 13: np.float64(2.0), 14: np.float64(2.0), 15: np.float64(2.0), 16: np.float64(2.0), 17: np.float64(2.0), 18: np.float64(2.0), 19: np.float64(2.0), 20: np.float64(2.0), 21: np.float64(2.0), 22: np.float64(2.0), 23: np.float64(2.0)}","[0, 4, 5, 6, 9, 12, 19, 23]","[1, 2, 3, 7, 8, 10, 11, 13, 14, 15, 16, 17, 18, 20, 21, 22]",48
5,5,Saturday,"{0: np.float64(2.0), 1: np.float64(2.0), 2: np.float64(2.0), 3: np.float64(2.0), 4: np.float64(2.0), 5: np.float64(2.0), 6: np.float64(2.0), 7: np.float64(2.0), 8: np.float64(2.0), 9: np.float64(2.0), 10: np.float64(2.0), 11: np.float64(2.0), 12: np.float64(2.0), 13: np.float64(2.0), 14: np.float64(2.0), 15: np.float64(2.0), 16: np.float64(2.0), 17: np.float64(2.0), 18: np.float64(2.0), 19: np.float64(2.0), 20: np.float64(2.0), 21: np.float64(2.0), 22: np.float64(2.0), 23: np.float64(2.0)}","[1, 4, 12, 19, 20, 22]","[0, 2, 3, 5, 6, 7, 8, 9, 10, 11, 13, 14, 15, 16, 17, 18, 21, 23]",48
6,5,Saturday,"{0: np.float64(2.0), 1: np.float64(2.0), 2: np.float64(2.0), 3: np.float64(2.0), 4: np.float64(2.0), 5: np.float64(2.0), 6: np.float64(2.0), 7: np.float64(2.0), 8: np.float64(2.0), 9: np.float64(2.0), 10: np.float64(2.0), 11: np.float64(2.0), 12: np.float64(2.0), 13: np.float64(2.0), 14: np.float64(2.0), 15: np.float64(2.0), 16: np.float64(2.0), 17: np.float64(2.0), 18: np.float64(2.0), 19: np.float64(2.0), 20: np.float64(2.0), 21: np.float64(2.0), 22: np.float64(2.0), 23: np.float64(2.0)}","[0, 7, 9, 10, 11, 20, 21, 22]","[1, 2, 3, 4, 5, 6, 8, 12, 13, 14, 15, 16, 17, 18, 19, 23]",48
7,5,Saturday,"{0: np.float64(2.0), 1: np.float64(2.0), 2: np.float64(2.0), 3: np.float64(2.0), 4: np.float64(2.0), 5: np.float64(2.0), 6: np.float64(2.0), 7: np.float64(2.0), 8: np.float64(2.0), 9: np.float64(2.0), 10: np.float64(2.0), 11: np.float64(2.0), 12: np.float64(2.0), 13: np.float64(2.0), 14: np.float64(2.0), 15: np.float64(2.0), 16: np.float64(2.0), 17: np.float64(2.0), 18: np.float64(2.0), 19: np.float64(2.0), 20: np.float64(2.0), 21: np.float64(2.0), 22: np.float64(2.0), 23: np.float64(2.0)}","[2, 11, 12, 16, 19, 20, 22]","[0, 1, 3, 4, 5, 6, 7, 8, 9, 10, 13, 14, 15, 17, 18, 21, 23]",48
8,5,Saturday,"{0: np.float64(2.0), 1: np.float64(2.0), 2: np.float64(2.0), 3: np.float64(2.0), 4: np.float64(2.0), 5: np.float64(2.0), 6: np.float64(2.0), 7: np.float64(2.0), 8: np.float64(2.0), 9: np.float64(2.0), 10: np.float64(2.0), 11: np.float64(2.0), 12: np.float64(2.0), 13: np.float64(2.0), 14: np.float64(2.0), 15: np.float64(2.0), 16: np.float64(2.0), 17: np.float64(2.0), 18: np.float64(2.0), 19: np.float64(2.0), 20: np.float64(2.0), 21: np.float64(2.0), 22: np.float64(2.0), 23: np.float64(2.0)}","[0, 3, 5, 7, 9, 13]","[1, 2, 4, 6, 8, 10, 11, 12, 14, 15, 16, 17, 18, 19, 20, 21, 22, 23]",48
9,5,Saturday,"{0: np.float64(2.0), 1: np.float64(2.0), 2: np.float64(2.0), 3: np.float64(2.0), 4: np.float64(2.0), 5: np.float64(2.0), 6: np.float64(2.0), 7: np.float64(2.0), 8: np.float64(2.0), 9: np.float64(2.0), 10: np.float64(2.0), 11: np.float64(2.0), 12: np.float64(2.0), 13: np.float64(2.0), 14: np.float64(2.0), 15: np.float64(2.0), 16: np.float64(2.0), 17: np.float64(2.0), 18: np.float64(2.0), 19: np.float64(2.0), 20: np.float64(2.0), 21: np.float64(2.0), 22: np.float64(2.0), 23: np.float64(2.0)}","[0, 1, 2, 3, 4, 5, 6, 8, 9, 15, 18, 20]","[7, 10, 11, 12, 13, 14, 16, 17, 19, 21, 22, 23]",48
10,5,Saturday,"{0: np.float64(2.0), 1: np.float64(2.0), 2: np.float64(2.0), 3: np.float64(2.0), 4: np.float64(2.0), 5: np.float64(2.0), 6: np.float64(2.0), 7: np.float64(2.0), 8: np.float64(2.0), 9: np.float64(2.0), 10: np.float64(2.0), 11: np.float64(2.0), 12: np.float64(2.0), 13: np.float64(2.0), 14: np.float64(2.0), 15: np.float64(2.0), 16: np.float64(2.0), 17: np.float64(2.0), 18: np.float64(2.0), 19: np.float64(2.0), 20: np.float64(2.0), 21: np.float64(2.0), 22: np.float64(2.0), 23: np.float64(2.0)}","[0, 5, 6, 9, 16, 17, 20]","[1, 2, 3, 4, 7, 8, 10, 11, 12, 13, 14, 15, 18, 19, 21, 22, 23]",48
11,5,Saturday,"{0: np.float64(2.0), 1: np.float64(2.0), 2: np.float64(2.0), 3: np.float64(2.0), 4: np.float64(2.0), 5: np.float64(2.0), 6: np.float64(2.0), 7: np.float64(2.0), 8: np.float64(2.0), 9: np.float64(2.0), 10: np.float64(2.0), 11: np.float64(2.0), 12: np.float64(2.0), 13: np.float64(2.0), 14: np.float64(2.0), 15: np.float64(2.0), 16: np.float64(2.0), 17: np.float64(2.0), 18: np.float64(2.0), 19: np.float64(2.0), 20: np.float64(2.0), 21: np.float64(2.0), 22: np.float64(2.0), 23: np.float64(2.0)}","[0, 5, 7, 9, 12, 18]","[1, 2, 3, 4, 6, 8, 10, 11, 13, 14, 15, 16, 17, 19, 20, 21, 22, 23]",48
12,5,Saturday,"{0: np.float64(2.0), 1: np.float64(2.0), 2: np.float64(2.0), 3: np.float64(2.0), 4: np.float64(2.0), 5: np.float64(2.0), 6: np.float64(2.0), 7: np.float64(2.0), 8: np.float64(2.0), 9: np.float64(2.0), 10: np.float64(2.0), 11: np.float64(2.0), 12: np.float64(2.0), 13: np.float64(2.0), 14: np.float64(2.0), 15: np.float64(2.0), 16: np.float64(2.0), 17: np.float64(2.0), 18: np.float64(2.0), 19: np.float64(2.0), 20: np.float64(2.0), 21: np.float64(2.0), 22: np.float64(2.0), 23: np.float64(2.0)}","[0, 1, 2, 5, 7, 8, 11, 13, 14, 15, 17, 22]","[3, 4, 6, 9, 10, 12, 16, 18, 19, 20, 21, 23]",48
13,5,Saturday,"{0: np.float64(2.0), 1: np.float64(2.0), 2: np.float64(2.0), 3: np.float64(2.0), 4: np.float64(2.0), 5: np.float64(2.0), 6: np.float64(2.0), 7: np.float64(2.0), 8: np.float64(2.0), 9: np.float64(2.0), 10: np.float64(2.0), 11: np.float64(2.0), 12: np.float64(2.0), 13: np.float64(2.0), 14: np.float64(2.0), 15: np.float64(2.0), 16: np.float64(2.0), 17: np.float64(2.0), 18: np.float64(2.0), 19: np.float64(2.0), 20: np.float64(2.0), 21: np.float64(2.0), 22: np.float64(2.0), 23: np.float64(2.0)}","[0, 3, 7, 9, 12, 14, 22]","[1, 2, 4, 5, 6, 8, 10, 11, 13, 15, 16, 17, 18, 19, 20, 21, 23]",48
14,5,Saturday,"{0: np.float64(2.0), 1: np.float64(2.0), 2: np.float64(2.0), 3: np.float64(2.0), 4: np.float64(2.0), 5: np.float64(2.0), 6: np.float64(2.0), 7: np.float64(2.0), 8: np.float64(2.0), 9: np.float64(2.0), 10: np.float64(2.0), 11: np.float64(2.0), 12: np.float64(2.0), 13: np.float64(2.0), 14: np.float64(2.0), 15: np.float64(2.0), 16: np.float64(2.0), 17: np.float64(2.0), 18: np.float64(2.0), 19: np.float64(2.0), 20: np.float64(2.0), 21: np.float64(2.0), 22: np.float64(2.0), 23: np.float64(2.0)}","[0, 1, 3, 13, 17, 20, 23]","[2, 4, 5, 6, 7, 8, 9, 10, 11, 12, 14, 15, 16, 18, 19, 21, 22]",48
15,5,Saturday,"{0: np.float64(2.0), 1: np.float64(2.0), 2: np.float64(2.0), 3: np.float64(2.0), 4: np.float64(2.0), 5: np.float64(2.0), 6: np.float64(2.0), 7: np.float64(2.0), 8: np.float64(2.0), 9: np.float64(2.0), 10: np.float64(2.0), 11: np.float64(2.0), 12: np.float64(2.0), 13: np.float64(2.0), 14: np.float64(2.0), 15: np.float64(2.0), 16: np.float64(2.0), 17: np.float64(2.0), 18: np.float64(2.0), 19: np.float64(2.0), 20: np.float64(2.0), 21: np.float64(2.0), 22: np.float64(2.0), 23: np.float64(2.0)}","[6, 8, 13, 17, 21, 22]","[0, 1, 2, 3, 4, 5, 7, 9, 10, 11, 12, 14, 15, 16, 18, 19, 20, 23]",48
16,5,Saturday,"{0: np.float64(2.0), 1: np.float64(2.0), 2: np.float64(2.0), 3: np.float64(2.0), 4: np.float64(2.0), 5: np.float64(2.0), 6: np.float64(2.0), 7: np.float64(2.0), 8: np.float64(2.0), 9: np.float64(2.0), 10: np.float64(2.0), 11: np.float64(2.0), 12: np.float64(2.0), 13: np.float64(2.0), 14: np.float64(2.0), 15: np.float64(2.0), 16: np.float64(2.0), 17: np.float64(2.0), 18: np.float64(2.0), 19: np.float64(2.0), 20: np.float64(2.0), 21: np.float64(2.0), 22: np.float64(2.0), 23: np.float64(2.0)}","[4, 5, 6, 9, 10, 11, 15, 17, 23]","[0, 1, 2, 3, 7, 8, 12, 13, 14, 16, 18, 19, 20, 21, 22]",48
17,5,Saturday,"{0: np.float64(2.0), 1: np.float64(2.0), 2: np.float64(2.0), 3: np.float64(2.0), 4: np.float64(2.0), 5: np.float64(2.0), 6: np.float64(2.0), 7: np.float64(2.0), 8: np.float64(2.0), 9: np.float64(2.0), 10: np.float64(2.0), 11: np.float64(2.0), 12: np.float64(2.0), 13: np.float64(2.0), 14: np.float64(2.0), 15: np.float64(2.0), 16: np.float64(2.0), 17: np.float64(2.0), 18: np.float64(2.0), 19: np.float64(2.0), 20: np.float64(2.0), 21: np.float64(2.0), 22: np.float64(2.0), 23: np.float64(2.0)}","[0, 5, 7, 10, 11, 12, 14, 15]","[1, 2, 3, 4, 6, 8, 9, 13, 16, 17, 18, 19, 20, 21, 22, 23]",48
18,5,Saturday,"{0: np.float64(2.0), 1: np.float64(2.0), 2: np.float64(2.0), 3: np.float64(2.0), 4: np.float64(2.0), 5: np.float64(2.0), 6: np.float64(2.0), 7: np.float64(2.0), 8: np.float64(2.0), 9: np.float64(2.0), 10: np.float64(2.0), 11: np.float64(2.0), 12: np.float64(2.0), 13: np.float64(2.0), 14: np.float64(2.0), 15: np.float64(2.0), 16: np.float64(2.0), 17: np.float64(2.0), 18: np.float64(2.0), 19: np.float64(2.0), 20: np.float64(2.0), 21: np.float64(2.0), 22: np.float64(2.0), 23: np.float64(2.0)}","[5, 11, 12, 13, 15, 16, 19, 20]","[0, 1, 2, 3, 4, 6, 7, 8, 9, 10, 14, 17, 18, 21, 22, 23]",48
19,5,Saturday,"{0: np.float64(2.0), 1: np.float64(2.0), 2: np.float64(2.0), 3: np.float64(2.0), 4: np.float64(2.0), 5: np.float64(2.0), 6: np.float64(2.0), 7: np.float64(2.0), 8: np.float64(2.0), 9: np.float64(2.0), 10: np.float64(2.0), 11: np.float64(2.0), 12: np.float64(2.0), 13: np.float64(2.0), 14: np.float64(2.0), 15: np.float64(2.0), 16: np.float64(2.0), 17: np.float64(2.0), 18: np.float64(2.0), 19: np.float64(2.0), 20: np.float64(2.0), 21: np.float64(2.0), 22: np.float64(2.0), 23: np.float64(2.0)}","[0, 3, 4, 5, 7, 11, 16, 17, 19, 20, 21, 22]","[1, 2, 6, 8, 9, 10, 12, 13, 14, 15, 18, 23]",48
20,5,Saturday,"{0: np.float64(2.0), 1: np.float64(2.0), 2: np.float64(2.0), 3: np.float64(2.0), 4: np.float64(2.0), 5: np.float64(2.0), 6: np.float64(2.0), 7: np.float64(2.0), 8: np.float64(2.0), 9: np.float64(2.0), 10: np.float64(2.0), 11: np.float64(2.0), 12: np.float64(2.0), 13: np.float64(2.0), 14: np.float64(2.0), 15: np.float64(2.0), 16: np.float64(2.0), 17: np.float64(2.0), 18: np.float64(2.0), 19: np.float64(2.0), 20: np.float64(2.0), 21: np.float64(2.0), 22: np.float64(2.0), 23: np.float64(2.0)}","[0, 3, 4, 10, 11, 12, 15, 17]","[1, 2, 5, 6, 7, 8, 9, 13, 14, 16, 18, 19, 20, 21, 22, 23]",48
21,5,Saturday,"{0: np.float64(2.0), 1: np.float64(2.0), 2: np.float64(2.0), 3: np.float64(2.0), 4: np.float64(2.0), 5: np.float64(2.0), 6: np.float64(2.0), 7: np.float64(2.0), 8: np.float64(2.0), 9: np.float64(2.0), 10: np.float64(2.0), 11: np.float64(2.0), 12: np.float64(2.0), 13: np.float64(2.0), 14: np.float64(2.0), 15: np.float64(2.0), 16: np.float64(2.0), 17: np.float64(2.0), 18: np.float64(2.0), 19: np.float64(2.0), 20: np.float64(2.0), 21: np.float64(2.0), 22: np.float64(2.0), 23: np.float64(2.0)}","[1, 4, 10, 13, 15, 22]","[0, 2, 3, 5, 6, 7, 8, 9, 11, 12, 14, 16, 17, 18, 19, 20, 21, 23]",48
22,5,Saturday,"{0: np.float64(2.0), 1: np.float64(2.0), 2: np.float64(2.0), 3: np.float64(2.0), 4: np.float64(2.0), 5: np.float64(2.0), 6: np.float64(2.0), 7: np.float64(2.0), 8: np.float64(2.0), 9: np.float64(2.0), 10: np.float64(2.0), 11: np.float64(2.0), 12: np.float64(2.0), 13: np.float64(2.0), 14: np.float64(2.0), 15: np.float64(2.0), 16: np.float64(2.0), 17: np.float64(2.0), 18: np.float64(2.0), 19: np.float64(2.0), 20: np.float64(2.0), 21: np.float64(2.0), 22: np.float64(2.0), 23: np.float64(2.0)}","[4, 6, 7, 10, 11, 12, 14, 15, 16, 18, 22, 23]","[0, 1, 2, 3, 5, 8, 9, 13, 17, 19, 20, 21]",48
23,5,Saturday,"{0: np.float64(2.0), 1: np.float64(2.0), 2: np.float64(2.0), 3: np.float64(2.0), 4: np.float64(2.0), 5: np.float64(2.0), 6: np.float64(2.0), 7: np.float64(2.0), 8: np.float64(2.0), 9: np.float64(2.0), 10: np.float64(2.0), 11: np.float64(2.0), 12: np.float64(2.0), 13: np.float64(2.0), 14: np.float64(2.0), 15: np.float64(2.0), 16: np.float64(2.0), 17: np.float64(2.0), 18: np.float64(2.0), 19: np.float64(2.0), 20: np.float64(2.0), 21: np.float64(2.0), 22: np.float64(2.0), 23: np.float64(2.0)}","[1, 2, 5, 8, 11, 13, 17, 20, 23]","[0, 3, 4, 6, 7, 9, 10, 12, 14, 15, 16, 18, 19, 21, 22]",48
24,5,Saturday,"{0: np.float64(2.0), 1: np.float64(2.0), 2: np.float64(2.0), 3: np.float64(2.0), 4: np.float64(2.0), 5: np.float64(2.0), 6: np.float64(2.0), 7: np.float64(2.0), 8: np.float64(2.0), 9: np.float64(2.0), 10: np.float64(2.0), 11: np.float64(2.0), 12: np.float64(2.0), 13: np.float64(2.0), 14: np.float64(2.0), 15: np.float64(2.0), 16: np.float64(2.0), 17: np.float64(2.0), 18: np.float64(2.0), 19: np.float64(2.0), 20: np.float64(2.0), 21: np.float64(2.0), 22: np.float64(2.0), 23: np.float64(2.0)}","[4, 5, 13, 16, 18, 19, 20, 22]","[0, 1, 2, 3, 6, 7, 8, 9, 10, 11, 12, 14, 15, 17, 21, 23]",48
25,5,Saturday,"{0: np.float64(2.0), 1: np.float64(2.0), 2: np.float64(2.0), 3: np.float64(2.0), 4: np.float64(2.0), 5: np.float64(2.0), 6: np.float64(2.0), 7: np.float64(2.0), 8: np.float64(2.0), 9: np.float64(2.0), 10: np.float64(2.0), 11: np.float64(2.0), 12: np.float64(2.0), 13: np.float64(2.0), 14: np.float64(2.0), 15: np.float64(2.0), 16: np.float64(2.0), 17: np.float64(2.0), 18: np.float64(2.0), 19: np.float64(2.0), 20: np.float64(2.0), 21: np.float64(2.0), 22: np.float64(2.0), 23: np.float64(2.0)}","[1, 2, 3, 5, 8, 9, 12, 14, 15, 18, 20, 22, 23]","[0, 4, 6, 7, 10, 11, 13, 16, 17, 19, 21]",48
26,5,Saturday,"{0: np.float64(2.0), 1: np.float64(2.0), 2: np.float64(2.0), 3: np.float64(2.0), 4: np.float64(2.0), 5: np.float64(2.0), 6: np.float64(2.0), 7: np.float64(2.0), 8: np.float64(2.0), 9: np.float64(2.0), 10: np.float64(2.0), 11: np.float64(2.0), 12: np.float64(2.0), 13: np.float64(2.0), 14: np.float64(2.0), 15: np.float64(2.0), 16: np.float64(2.0), 17: np.float64(2.0), 18: np.float64(2.0), 19: np.float64(2.0), 20: np.float64(2.0), 21: np.float64(2.0), 22: np.float64(2.0), 23: np.float64(2.0)}","[4, 6, 8, 11, 13, 15, 16, 23]","[0, 1, 2, 3, 5, 7, 9, 10, 12, 14, 17, 18, 19, 20, 21, 22]",48
27,5,Saturday,"{0: np.float64(2.0), 1: np.float64(2.0), 2: np.float64(2.0), 3: np.float64(2.0), 4: np.float64(2.0), 5: np.float64(2.0), 6: np.float64(2.0), 7: np.float64(2.0), 8: np.float64(2.0), 9: np.float64(2.0), 10: np.float64(2.0), 11: np.float64(2.0), 12: np.float64(2.0), 13: np.float64(2.0), 14: np.float64(2.0), 15: np.float64(2.0), 16: np.float64(2.0), 17: np.float64(2.0), 18: np.float64(2.0), 19: np.float64(2.0), 20: np.float64(2.0), 21: np.float64(2.0), 22: np.float64(2.0), 23: np.float64(2.0)}","[6, 14, 19, 21, 22, 23]","[0, 1, 2, 3, 4, 5, 7, 8, 9, 10, 11, 12, 13, 15, 16, 17, 18, 20]",48
28,5,Saturday,"{0: np.float64(2.0), 1: np.float64(2.0), 2: np.float64(2.0), 3: np.float64(2.0), 4: np.float64(2.0), 5: np.float64(2.0), 6: np.float64(2.0), 7: np.float64(2.0), 8: np.float64(2.0), 9: np.float64(2.0), 10: np.float64(2.0), 11: np.float64(2.0), 12: np.float64(2.0), 13: np.float64(2.0), 14: np.float64(2.0), 15: np.float64(2.0), 16: np.float64(2.0), 17: np.float64(2.0), 18: np.float64(2.0), 19: np.float64(2.0), 20: np.float64(2.0), 21: np.float64(2.0), 22: np.float64(2.0), 23: np.float64(2.0)}","[3, 10, 11, 15, 19, 21, 22]","[0, 1, 2, 4, 5, 6, 7, 8, 9, 12, 13, 14, 16, 17, 18, 20, 23]",48
29,5,Saturday,"{0: np.float64(2.0), 1: np.float64(2.0), 2: np.float64(2.0), 3: np.float64(2.0), 4: np.float64(2.0), 5: np.float64(2.0), 6: np.float64(2.0), 7: np.float64(2.0), 8: np.float64(2.0), 9: np.float64(2.0), 10: np.float64(2.0), 11: np.float64(2.0), 12: np.float64(2.0), 13: np.float64(2.0), 14: np.float64(2.0), 15: np.float64(2.0), 16: np.float64(2.0), 17: np.float64(2.0), 18: np.float64(2.0), 19: np.float64(2.0), 20: np.float64(2.0), 21: np.float64(2.0), 22: np.float64(2.0), 23: np.float64(2.0)}","[0, 3, 9, 10, 11, 13, 14, 19, 22, 23]","[1, 2, 4, 5, 6, 7, 8, 12, 15, 16, 17, 18, 20, 21]",48
30,5,Saturday,"{0: np.float64(2.0), 1: np.float64(2.0), 2: np.float64(2.0), 3: np.float64(2.0), 4: np.float64(2.0), 5: np.float64(2.0), 6: np.float64(2.0), 7: np.float64(2.0), 8: np.float64(2.0), 9: np.float64(2.0), 10: np.float64(2.0), 11: np.float64(2.0), 12: np.float64(2.0), 13: np.float64(2.0), 14: np.float64(2.0), 15: np.float64(2.0), 16: np.float64(2.0), 17: np.float64(2.0), 18: np.float64(2.0), 19: np.float64(2.0), 20: np.float64(2.0), 21: np.float64(2.0), 22: np.float64(2.0), 23: np.float64(2.0)}","[0, 1, 5, 10, 13, 14, 16, 17, 18]","[2, 3, 4, 6, 7, 8, 9, 11, 12, 15, 19, 20, 21, 22, 23]",48
31,5,Saturday,"{0: np.float64(2.0), 1: np.float64(2.0), 2: np.float64(2.0), 3: np.float64(2.0), 4: np.float64(2.0), 5: np.float64(2.0), 6: np.float64(2.0), 7: np.float64(2.0), 8: np.float64(2.0), 9: np.float64(2.0), 10: np.float64(2.0), 11: np.float64(2.0), 12: np.float64(2.0), 13: np.float64(2.0), 14: np.float64(2.0), 15: np.float64(2.0), 16: np.float64(2.0), 17: np.float64(2.0), 18: np.float64(2.0), 19: np.float64(2.0), 20: np.float64(2.0), 21: np.float64(2.0), 22: np.float64(2.0), 23: np.float64(2.0)}","[7, 9, 12, 18, 20, 21, 22, 23]","[0, 1, 2, 3, 4, 5, 6, 8, 10, 11, 13, 14, 15, 16, 17, 19]",48
32,5,Saturday,"{0: np.float64(2.0), 1: np.float64(2.0), 2: np.float64(2.0), 3: np.float64(2.0), 4: np.float64(2.0), 5: np.float64(2.0), 6: np.float64(2.0), 7: np.float64(2.0), 8: np.float64(2.0), 9: np.float64(2.0), 10: np.float64(2.0), 11: np.float64(2.0), 12: np.float64(2.0), 13: np.float64(2.0), 14: np.float64(2.0), 15: np.float64(2.0), 16: np.float64(2.0), 17: np.float64(2.0), 18: np.float64(2.0), 19: np.float64(2.0), 20: np.float64(2.0), 21: np.float64(2.0), 22: np.float64(2.0), 23: np.float64(2.0)}","[4, 8, 13, 14, 16, 20, 23]","[0, 1, 2, 3, 5, 6, 7, 9, 10, 11, 12, 15, 17, 18, 19, 21, 22]",48
33,5,Saturday,"{0: np.float64(2.0), 1: np.float64(2.0), 2: np.float64(2.0), 3: np.float64(2.0), 4: np.float64(2.0), 5: np.float64(2.0), 6: np.float64(2.0), 7: np.float64(2.0), 8: np.float64(2.0), 9: np.float64(2.0), 10: np.float64(2.0), 11: np.float64(2.0), 12: np.float64(2.0), 13: np.float64(2.0), 14: np.float64(2.0), 15: np.float64(2.0), 16: np.float64(2.0), 17: np.float64(2.0), 18: np.float64(2.0), 19: np.float64(2.0), 20: np.float64(2.0), 21: np.float64(2.0), 22: np.float64(2.0), 23: np.float64(2.0)}","[0, 3, 6, 7, 10, 11]","[1, 2, 4, 5, 8, 9, 12, 13, 14, 15, 16, 17, 18, 19, 20, 21, 22, 23]",48
34,5,Saturday,"{0: np.float64(2.0), 1: np.float64(2.0), 2: np.float64(2.0), 3: np.float64(2.0), 4: np.float64(2.0), 5: np.float64(2.0), 6: np.float64(2.0), 7: np.float64(2.0), 8: np.float64(2.0), 9: np.float64(2.0), 10: np.float64(2.0), 11: np.float64(2.0), 12: np.float64(2.0), 13: np.float64(2.0), 14: np.float64(2.0), 15: np.float64(2.0), 16: np.float64(2.0), 17: np.float64(2.0), 18: np.float64(2.0), 19: np.float64(2.0), 20: np.float64(2.0), 21: np.float64(2.0), 22: np.float64(2.0), 23: np.float64(2.0)}","[0, 1, 7, 10, 13, 14, 17, 19, 22]","[2, 3, 4, 5, 6, 8, 9, 11, 12, 15, 16, 18, 20, 21, 23]",48
35,5,Saturday,"{0: np.float64(2.0), 1: np.float64(2.0), 2: np.float64(2.0), 3: np.float64(2.0), 4: np.float64(2.0), 5: np.float64(2.0), 6: np.float64(2.0), 7: np.float64(2.0), 8: np.float64(2.0), 9: np.float64(2.0), 10: np.float64(2.0), 11: np.float64(2.0), 12: np.float64(2.0), 13: np.float64(2.0), 14: np.float64(2.0), 15: np.float64(2.0), 16: np.float64(2.0), 17: np.float64(2.0), 18: np.float64(2.0), 19: np.float64(2.0), 20: np.float64(2.0), 21: np.float64(2.0), 22: np.float64(2.0), 23: np.float64(2.0)}","[7, 8, 9, 10, 14, 15, 16, 17, 18, 23]","[0, 1, 2, 3, 4, 5, 6, 11, 12, 13, 19, 20, 21, 22]",48
36,5,Saturday,"{0: np.float64(2.0), 1: np.float64(2.0), 2: np.float64(2.0), 3: np.float64(2.0), 4: np.float64(2.0), 5: np.float64(2.0), 6: np.float64(2.0), 7: np.float64(2.0), 8: np.float64(2.0), 9: np.float64(2.0), 10: np.float64(2.0), 11: np.float64(2.0), 12: np.float64(2.0), 13: np.float64(2.0), 14: np.float64(2.0), 15: np.float64(2.0), 16: np.float64(2.0), 17: np.float64(2.0), 18: np.float64(2.0), 19: np.float64(2.0), 20: np.float64(2.0), 21: np.float64(2.0), 22: np.float64(2.0), 23: np.float64(2.0)}","[1, 2, 11, 14, 15, 19, 21, 22]","[0, 3, 4, 5, 6, 7, 8, 9, 10, 12, 13, 16, 17, 18, 20, 23]",48
37,5,Saturday,"{0: np.float64(2.0), 1: np.float64(2.0), 2: np.float64(2.0), 3: np.float64(2.0), 4: np.float64(2.0), 5: np.float64(2.0), 6: np.float64(2.0), 7: np.float64(2.0), 8: np.float64(2.0), 9: np.float64(2.0), 10: np.float64(2.0), 11: np.float64(2.0), 12: np.float64(2.0), 13: np.float64(2.0), 14: np.float64(2.0), 15: np.float64(2.0), 16: np.float64(2.0), 17: np.float64(2.0), 18: np.float64(2.0), 19: np.float64(2.0), 20: np.float64(2.0), 21: np.float64(2.0), 22: np.float64(2.0), 23: np.float64(2.0)}","[0, 1, 5, 6, 7, 9, 12, 14, 16, 19, 21, 22]","[2, 3, 4, 8, 10, 11, 13, 15, 17, 18, 20, 23]",48
38,5,Saturday,"{0: np.float64(2.0), 1: np.float64(2.0), 2: np.float64(2.0), 3: np.float64(2.0), 4: np.float64(2.0), 5: np.float64(2.0), 6: np.float64(2.0), 7: np.float64(2.0), 8: np.float64(2.0), 9: np.float64(2.0), 10: np.float64(2.0), 11: np.float64(2.0), 12: np.float64(2.0), 13: np.float64(2.0), 14: np.float64(2.0), 15: np.float64(2.0), 16: np.float64(2.0), 17: np.float64(2.0), 18: np.float64(2.0), 19: np.float64(2.0), 20: np.float64(2.0), 21: np.float64(2.0), 22: np.float64(2.0), 23: np.float64(2.0)}","[0, 1, 8, 13, 14, 16, 17, 18]","[2, 3, 4, 5, 6, 7, 9, 10, 11, 12, 15, 19, 20, 21, 22, 23]",48
39,5,Saturday,"{0: np.float64(2.0), 1: np.float64(2.0), 2: np.float64(2.0), 3: np.float64(2.0), 4: np.float64(2.0), 5: np.float64(2.0), 6: np.float64(2.0), 7: np.float64(2.0), 8: np.float64(2.0), 9: np.float64(2.0), 10: np.float64(2.0), 11: np.float64(2.0), 12: np.float64(2.0), 13: np.float64(2.0), 14: np.float64(2.0), 15: np.float64(2.0), 16: np.float64(2.0), 17: np.float64(2.0), 18: np.float64(2.0), 19: np.float64(2.0), 20: np.float64(2.0), 21: np.float64(2.0), 22: np.float64(2.0), 23: np.float64(2.0)}","[2, 13, 15, 16, 19, 23]","[0, 1, 3, 4, 5, 6, 7, 8, 9, 10, 11, 12, 14, 17, 18, 20, 21, 22]",48
40,5,Saturday,"{0: np.float64(2.0), 1: np.float64(2.0), 2: np.float64(2.0), 3: np.float64(2.0), 4: np.float64(2.0), 5: np.float64(2.0), 6: np.float64(2.0), 7: np.float64(2.0), 8: np.float64(2.0), 9: np.float64(2.0), 10: np.float64(2.0), 11: np.float64(2.0), 12: np.float64(2.0), 13: np.float64(2.0), 14: np.float64(2.0), 15: np.float64(2.0), 16: np.float64(2.0), 17: np.float64(2.0), 18: np.float64(2.0), 19: np.float64(2.0), 20: np.float64(2.0), 21: np.float64(2.0), 22: np.float64(2.0), 23: np.float64(2.0)}","[0, 6, 8, 9, 15, 16]","[1, 2, 3, 4, 5, 7, 10, 11, 12, 13, 14, 17, 18, 19, 20, 21, 22, 23]",48
41,5,Saturday,"{0: np.float64(2.0), 1: np.float64(2.0), 2: np.float64(2.0), 3: np.float64(2.0), 4: np.float64(2.0), 5: np.float64(2.0), 6: np.float64(2.0), 7: np.float64(2.0), 8: np.float64(2.0), 9: np.float64(2.0), 10: np.float64(2.0), 11: np.float64(2.0), 12: np.float64(2.0), 13: np.float64(2.0), 14: np.float64(2.0), 15: np.float64(2.0), 16: np.float64(2.0), 17: np.float64(2.0), 18: np.float64(2.0), 19: np.float64(2.0), 20: np.float64(2.0), 21: np.float64(2.0), 22: np.float64(2.0), 23: np.float64(2.0)}","[1, 2, 3, 5, 6, 8, 11, 12, 14, 17, 21, 23]","[0, 4, 7, 9, 10, 13, 15, 16, 18, 19, 20, 22]",48
42,5,Saturday,"{0: np.float64(2.0), 1: np.float64(2.0), 2: np.float64(2.0), 3: np.float64(2.0), 4: np.float64(2.0), 5: np.float64(2.0), 6: np.float64(2.0), 7: np.float64(2.0), 8: np.float64(2.0), 9: np.float64(2.0), 10: np.float64(2.0), 11: np.float64(2.0), 12: np.float64(2.0), 13: np.float64(2.0), 14: np.float64(2.0), 15: np.float64(2.0), 16: np.float64(2.0), 17: np.float64(2.0), 18: np.float64(2.0), 19: np.float64(2.0), 20: np.float64(2.0), 21: np.float64(2.0), 22: np.float64(2.0), 23: np.float64(2.0)}","[1, 2, 14, 15, 17, 21]","[0, 3, 4, 5, 6, 7, 8, 9, 10, 11, 12, 13, 16, 18, 19, 20, 22, 23]",48
43,5,Saturday,"{0: np.float64(2.0), 1: np.float64(2.0), 2: np.float64(2.0), 3: np.float64(2.0), 4: np.float64(2.0), 5: np.float64(2.0), 6: np.float64(2.0), 7: np.float64(2.0), 8: np.float64(2.0), 9: np.float64(2.0), 10: np.float64(2.0), 11: np.float64(2.0), 12: np.float64(2.0), 13: np.float64(2.0), 14: np.float64(2.0), 15: np.float64(2.0), 16: np.float64(2.0), 17: np.float64(2.0), 18: np.float64(2.0), 19: np.float64(2.0), 20: np.float64(2.0), 21: np.float64(2.0), 22: np.float64(2.0), 23: np.float64(2.0)}","[1, 7, 11, 15, 16, 20, 21, 23]","[0, 2, 3, 4, 5, 6, 8, 9, 10, 12, 13, 14, 17, 18, 19, 22]",48
44,5,Saturday,"{0: np.float64(2.0), 1: np.float64(2.0), 2: np.float64(2.0), 3: np.float64(2.0), 4: np.float64(2.0), 5: np.float64(2.0), 6: np.float64(2.0), 7: np.float64(2.0), 8: np.float64(2.0), 9: np.float64(2.0), 10: np.float64(2.0), 11: np.float64(2.0), 12: np.float64(2.0), 13: np.float64(2.0), 14: np.float64(2.0), 15: np.float64(2.0), 16: np.float64(2.0), 17: np.float64(2.0), 18: np.float64(2.0), 19: np.float64(2.0), 20: np.float64(2.0), 21: np.float64(2.0), 22: np.float64(2.0), 23: np.float64(2.0)}","[0, 1, 2, 6, 12, 13, 14, 17, 23]","[3, 4, 5, 7, 8, 9, 10, 11, 15, 16, 18, 19, 20, 21, 22]",48
45,5,Saturday,"{0: np.float64(2.0), 1: np.float64(2.0), 2: np.float64(2.0), 3: np.float64(2.0), 4: np.float64(2.0), 5: np.float64(2.0), 6: np.float64(2.0), 7: np.float64(2.0), 8: np.float64(2.0), 9: np.float64(2.0), 10: np.float64(2.0), 11: np.float64(2.0), 12: np.float64(2.0), 13: np.float64(2.0), 14: np.float64(2.0), 15: np.float64(2.0), 16: np.float64(2.0), 17: np.float64(2.0), 18: np.float64(2.0), 19: np.float64(2.0), 20: np.float64(2.0), 21: np.float64(2.0), 22: np.float64(2.0), 23: np.float64(2.0)}","[0, 2, 3, 5, 6, 9, 12, 13, 15, 16, 20, 21, 22]","[1, 4, 7, 8, 10, 11, 14, 17, 18, 19, 23]",48
46,5,Saturday,"{0: np.float64(2.0), 1: np.float64(2.0), 2: np.float64(2.0), 3: np.float64(2.0), 4: np.float64(2.0), 5: np.float64(2.0), 6: np.float64(2.0), 7: np.float64(2.0), 8: np.float64(2.0), 9: np.float64(2.0), 10: np.float64(2.0), 11: np.float64(2.0), 12: np.float64(2.0), 13: np.float64(2.0), 14: np.float64(2.0), 15: np.float64(2.0), 16: np.float64(2.0), 17: np.float64(2.0), 18: np.float64(2.0), 19: np.float64(2.0), 20: np.float64(2.0), 21: np.float64(2.0), 22: np.float64(2.0), 23: np.float64(2.0)}","[0, 1, 2, 6, 8, 9, 10, 12, 13, 16, 17, 18, 21]","[3, 4, 5, 7, 11, 14, 15, 19, 20, 22, 23]",48
47,5,Saturday,"{0: np.float64(2.0), 1: np.float64(2.0), 2: np.float64(2.0), 3: np.float64(2.0), 4: np.float64(2.0), 5: np.float64(2.0), 6: np.float64(2.0), 7: np.float64(2.0), 8: np.float64(2.0), 9: np.float64(2.0), 10: np.float64(2.0), 11: np.float64(2.0), 12: np.float64(2.0), 13: np.float64(2.0), 14: np.float64(2.0), 15: np.float64(2.0), 16: np.float64(2.0), 17: np.float64(2.0), 18: np.float64(2.0), 19: np.float64(2.0), 20: np.float64(2.0), 21: np.float64(2.0), 22: np.float64(2.0), 23: np.float64(2.0)}","[0, 2, 6, 7, 8, 10, 12, 13, 14, 19, 21]","[1, 3, 4, 5, 9, 11, 15, 16, 17, 18, 20, 22, 23]",48
48,5,Saturday,"{0: np.float64(2.0), 1: np.float64(2.0), 2: np.float64(2.0), 3: np.float64(2.0), 4: np.float64(2.0), 5: np.float64(2.0), 6: np.float64(2.0), 7: np.float64(2.0), 8: np.float64(2.0), 9: np.float64(2.0), 10: np.float64(2.0), 11: np.float64(2.0), 12: np.float64(2.0), 13: np.float64(2.0), 14: np.float64(2.0), 15: np.float64(2.0), 16: np.float64(2.0), 17: np.float64(2.0), 18: np.float64(2.0), 19: np.float64(2.0), 20: np.float64(2.0), 21: np.float64(2.0), 22: np.float64(2.0), 23: np.float64(2.0)}","[3, 5, 9, 10, 15, 18, 20]","[0, 1, 2, 4, 6, 7, 8, 11, 12, 13, 14, 16, 17, 19, 21, 22, 23]",48
49,5,Saturday,"{0: np.float64(2.0), 1: np.float64(2.0), 2: np.float64(2.0), 3: np.float64(2.0), 4: np.float64(2.0), 5: np.float64(2.0), 6: np.float64(2.0), 7: np.float64(2.0), 8: np.float64(2.0), 9: np.float64(2.0), 10: np.float64(2.0), 11: np.float64(2.0), 12: np.float64(2.0), 13: np.float64(2.0), 14: np.float64(2.0), 15: np.float64(2.0), 16: np.float64(2.0), 17: np.float64(2.0), 18: np.float64(2.0), 19: np.float64(2.0), 20: np.float64(2.0), 21: np.float64(2.0), 22: np.float64(2.0), 23: np.float64(2.0)}","[3, 6, 9, 12, 14, 20, 23]","[0, 1, 2, 4, 5, 7, 8, 10, 11, 13, 15, 16, 17, 18, 19, 21, 22]",48
0,6,Sunday,"{0: np.float64(2.0), 1: np.float64(2.0), 2: np.float64(2.0), 3: np.float64(2.0), 4: np.float64(2.0), 5: np.float64(2.0), 6: np.float64(2.0), 7: np.float64(2.0), 8: np.float64(2.0), 9: np.float64(2.0), 10: np.float64(2.0), 11: np.float64(2.0), 12: np.float64(2.0), 13: np.float64(2.0), 14: np.float64(2.0), 15: np.float64(2.0), 16: np.float64(2.0), 17: np.float64(2.0), 18: np.float64(2.0), 19: np.float64(2.0), 20: np.float64(2.0), 21: np.float64(2.0), 22: np.float64(2.0), 23: np.float64(2.0)}","[0, 1, 2, 3, 4, 5, 6, 7, 8, 9, 10, 11, 12, 13, 14, 15, 16, 17, 18, 19, 20, 21, 22, 23]",[],48
1,6,Sunday,"{0: np.float64(2.0), 1: np.float64(2.0), 2: np.float64(2.0), 3: np.float64(2.0), 4: np.float64(2.0), 5: np.float64(2.0), 6: np.float64(2.0), 7: np.float64(2.0), 8: np.float64(2.0), 9: np.float64(2.0), 10: np.float64(2.0), 11: np.float64(2.0), 12: np.float64(2.0), 13: np.float64(2.0), 14: np.float64(2.0), 15: np.float64(2.0), 16: np.float64(2.0), 17: np.float64(2.0), 18: np.float64(2.0), 19: np.float64(2.0), 20: np.float64(2.0), 21: np.float64(2.0), 22: np.float64(2.0), 23: np.float64(2.0)}","[1, 3, 4, 6, 7, 14, 15, 17, 23]","[0, 2, 5, 8, 9, 10, 11, 12, 13, 16, 18, 19, 20, 21, 22]",48
2,6,Sunday,"{0: np.float64(2.0), 1: np.float64(2.0), 2: np.float64(2.0), 3: np.float64(2.0), 4: np.float64(2.0), 5: np.float64(2.0), 6: np.float64(2.0), 7: np.float64(2.0), 8: np.float64(2.0), 9: np.float64(2.0), 10: np.float64(2.0), 11: np.float64(2.0), 12: np.float64(2.0), 13: np.float64(2.0), 14: np.float64(2.0), 15: np.float64(2.0), 16: np.float64(2.0), 17: np.float64(2.0), 18: np.float64(2.0), 19: np.float64(2.0), 20: np.float64(2.0), 21: np.float64(2.0), 22: np.float64(2.0), 23: np.float64(2.0)}","[1, 2, 6, 8, 9, 11, 13, 16, 17]","[0, 3, 4, 5, 7, 10, 12, 14, 15, 18, 19, 20, 21, 22, 23]",48
3,6,Sunday,"{0: np.float64(2.0), 1: np.float64(2.0), 2: np.float64(2.0), 3: np.float64(2.0), 4: np.float64(2.0), 5: np.float64(2.0), 6: np.float64(2.0), 7: np.float64(2.0), 8: np.float64(2.0), 9: np.float64(2.0), 10: np.float64(2.0), 11: np.float64(2.0), 12: np.float64(2.0), 13: np.float64(2.0), 14: np.float64(2.0), 15: np.float64(2.0), 16: np.float64(2.0), 17: np.float64(2.0), 18: np.float64(2.0), 19: np.float64(2.0), 20: np.float64(2.0), 21: np.float64(2.0), 22: np.float64(2.0), 23: np.float64(2.0)}","[1, 3, 6, 8, 9, 10, 11, 12, 13, 14, 17]","[0, 2, 4, 5, 7, 15, 16, 18, 19, 20, 21, 22, 23]",48
4,6,Sunday,"{0: np.float64(2.0), 1: np.float64(2.0), 2: np.float64(2.0), 3: np.float64(2.0), 4: np.float64(2.0), 5: np.float64(2.0), 6: np.float64(2.0), 7: np.float64(2.0), 8: np.float64(2.0), 9: np.float64(2.0), 10: np.float64(2.0), 11: np.float64(2.0), 12: np.float64(2.0), 13: np.float64(2.0), 14: np.float64(2.0), 15: np.float64(2.0), 16: np.float64(2.0), 17: np.float64(2.0), 18: np.float64(2.0), 19: np.float64(2.0), 20: np.float64(2.0), 21: np.float64(2.0), 22: np.float64(2.0), 23: np.float64(2.0)}","[1, 8, 10, 11, 18, 20, 23]","[0, 2, 3, 4, 5, 6, 7, 9, 12, 13, 14, 15, 16, 17, 19, 21, 22]",48
5,6,Sunday,"{0: np.float64(2.0), 1: np.float64(2.0), 2: np.float64(2.0), 3: np.float64(2.0), 4: np.float64(2.0), 5: np.float64(2.0), 6: np.float64(2.0), 7: np.float64(2.0), 8: np.float64(2.0), 9: np.float64(2.0), 10: np.float64(2.0), 11: np.float64(2.0), 12: np.float64(2.0), 13: np.float64(2.0), 14: np.float64(2.0), 15: np.float64(2.0), 16: np.float64(2.0), 17: np.float64(2.0), 18: np.float64(2.0), 19: np.float64(2.0), 20: np.float64(2.0), 21: np.float64(2.0), 22: np.float64(2.0), 23: np.float64(2.0)}","[3, 12, 13, 14, 16, 17, 20]","[0, 1, 2, 4, 5, 6, 7, 8, 9, 10, 11, 15, 18, 19, 21, 22, 23]",48
6,6,Sunday,"{0: np.float64(2.0), 1: np.float64(2.0), 2: np.float64(2.0), 3: np.float64(2.0), 4: np.float64(2.0), 5: np.float64(2.0), 6: np.float64(2.0), 7: np.float64(2.0), 8: np.float64(2.0), 9: np.float64(2.0), 10: np.float64(2.0), 11: np.float64(2.0), 12: np.float64(2.0), 13: np.float64(2.0), 14: np.float64(2.0), 15: np.float64(2.0), 16: np.float64(2.0), 17: np.float64(2.0), 18: np.float64(2.0), 19: np.float64(2.0), 20: np.float64(2.0), 21: np.float64(2.0), 22: np.float64(2.0), 23: np.float64(2.0)}","[1, 2, 6, 9, 12, 14]","[0, 3, 4, 5, 7, 8, 10, 11, 13, 15, 16, 17, 18, 19, 20, 21, 22, 23]",48
7,6,Sunday,"{0: np.float64(2.0), 1: np.float64(2.0), 2: np.float64(2.0), 3: np.float64(2.0), 4: np.float64(2.0), 5: np.float64(2.0), 6: np.float64(2.0), 7: np.float64(2.0), 8: np.float64(2.0), 9: np.float64(2.0), 10: np.float64(2.0), 11: np.float64(2.0), 12: np.float64(2.0), 13: np.float64(2.0), 14: np.float64(2.0), 15: np.float64(2.0), 16: np.float64(2.0), 17: np.float64(2.0), 18: np.float64(2.0), 19: np.float64(2.0), 20: np.float64(2.0), 21: np.float64(2.0), 22: np.float64(2.0), 23: np.float64(2.0)}","[2, 4, 7, 11, 13, 21, 22, 23]","[0, 1, 3, 5, 6, 8, 9, 10, 12, 14, 15, 16, 17, 18, 19, 20]",48
8,6,Sunday,"{0: np.float64(2.0), 1: np.float64(2.0), 2: np.float64(2.0), 3: np.float64(2.0), 4: np.float64(2.0), 5: np.float64(2.0), 6: np.float64(2.0), 7: np.float64(2.0), 8: np.float64(2.0), 9: np.float64(2.0), 10: np.float64(2.0), 11: np.float64(2.0), 12: np.float64(2.0), 13: np.float64(2.0), 14: np.float64(2.0), 15: np.float64(2.0), 16: np.float64(2.0), 17: np.float64(2.0), 18: np.float64(2.0), 19: np.float64(2.0), 20: np.float64(2.0), 21: np.float64(2.0), 22: np.float64(2.0), 23: np.float64(2.0)}","[3, 6, 8, 10, 16, 17, 18, 20, 21, 23]","[0, 1, 2, 4, 5, 7, 9, 11, 12, 13, 14, 15, 19, 22]",48
9,6,Sunday,"{0: np.float64(2.0), 1: np.float64(2.0), 2: np.float64(2.0), 3: np.float64(2.0), 4: np.float64(2.0), 5: np.float64(2.0), 6: np.float64(2.0), 7: np.float64(2.0), 8: np.float64(2.0), 9: np.float64(2.0), 10: np.float64(2.0), 11: np.float64(2.0), 12: np.float64(2.0), 13: np.float64(2.0), 14: np.float64(2.0), 15: np.float64(2.0), 16: np.float64(2.0), 17: np.float64(2.0), 18: np.float64(2.0), 19: np.float64(2.0), 20: np.float64(2.0), 21: np.float64(2.0), 22: np.float64(2.0), 23: np.float64(2.0)}","[0, 2, 3, 4, 5, 6, 7, 8, 9, 10, 12, 13, 14, 16, 17, 18, 20, 22]","[1, 11, 15, 19, 21, 23]",48
10,6,Sunday,"{0: np.float64(2.0), 1: np.float64(2.0), 2: np.float64(2.0), 3: np.float64(2.0), 4: np.float64(2.0), 5: np.float64(2.0), 6: np.float64(2.0), 7: np.float64(2.0), 8: np.float64(2.0), 9: np.float64(2.0), 10: np.float64(2.0), 11: np.float64(2.0), 12: np.float64(2.0), 13: np.float64(2.0), 14: np.float64(2.0), 15: np.float64(2.0), 16: np.float64(2.0), 17: np.float64(2.0), 18: np.float64(2.0), 19: np.float64(2.0), 20: np.float64(2.0), 21: np.float64(2.0), 22: np.float64(2.0), 23: np.float64(2.0)}","[0, 1, 3, 8, 9, 16, 22, 23]","[2, 4, 5, 6, 7, 10, 11, 12, 13, 14, 15, 17, 18, 19, 20, 21]",48
11,6,Sunday,"{0: np.float64(2.0), 1: np.float64(2.0), 2: np.float64(2.0), 3: np.float64(2.0), 4: np.float64(2.0), 5: np.float64(2.0), 6: np.float64(2.0), 7: np.float64(2.0), 8: np.float64(2.0), 9: np.float64(2.0), 10: np.float64(2.0), 11: np.float64(2.0), 12: np.float64(2.0), 13: np.float64(2.0), 14: np.float64(2.0), 15: np.float64(2.0), 16: np.float64(2.0), 17: np.float64(2.0), 18: np.float64(2.0), 19: np.float64(2.0), 20: np.float64(2.0), 21: np.float64(2.0), 22: np.float64(2.0), 23: np.float64(2.0)}","[0, 11, 12, 13, 15, 18, 20]","[1, 2, 3, 4, 5, 6, 7, 8, 9, 10, 14, 16, 17, 19, 21, 22, 23]",48
12,6,Sunday,"{0: np.float64(2.0), 1: np.float64(2.0), 2: np.float64(2.0), 3: np.float64(2.0), 4: np.float64(2.0), 5: np.float64(2.0), 6: np.float64(2.0), 7: np.float64(2.0), 8: np.float64(2.0), 9: np.float64(2.0), 10: np.float64(2.0), 11: np.float64(2.0), 12: np.float64(2.0), 13: np.float64(2.0), 14: np.float64(2.0), 15: np.float64(2.0), 16: np.float64(2.0), 17: np.float64(2.0), 18: np.float64(2.0), 19: np.float64(2.0), 20: np.float64(2.0), 21: np.float64(2.0), 22: np.float64(2.0), 23: np.float64(2.0)}","[1, 2, 3, 4, 6, 9, 10, 11, 15, 17, 19, 22, 23]","[0, 5, 7, 8, 12, 13, 14, 16, 18, 20, 21]",48
13,6,Sunday,"{0: np.float64(2.0), 1: np.float64(2.0), 2: np.float64(2.0), 3: np.float64(2.0), 4: np.float64(2.0), 5: np.float64(2.0), 6: np.float64(2.0), 7: np.float64(2.0), 8: np.float64(2.0), 9: np.float64(2.0), 10: np.float64(2.0), 11: np.float64(2.0), 12: np.float64(2.0), 13: np.float64(2.0), 14: np.float64(2.0), 15: np.float64(2.0), 16: np.float64(2.0), 17: np.float64(2.0), 18: np.float64(2.0), 19: np.float64(2.0), 20: np.float64(2.0), 21: np.float64(2.0), 22: np.float64(2.0), 23: np.float64(2.0)}","[0, 1, 5, 11, 12, 18, 23]","[2, 3, 4, 6, 7, 8, 9, 10, 13, 14, 15, 16, 17, 19, 20, 21, 22]",48
14,6,Sunday,"{0: np.float64(2.0), 1: np.float64(2.0), 2: np.float64(2.0), 3: np.float64(2.0), 4: np.float64(2.0), 5: np.float64(2.0), 6: np.float64(2.0), 7: np.float64(2.0), 8: np.float64(2.0), 9: np.float64(2.0), 10: np.float64(2.0), 11: np.float64(2.0), 12: np.float64(2.0), 13: np.float64(2.0), 14: np.float64(2.0), 15: np.float64(2.0), 16: np.float64(2.0), 17: np.float64(2.0), 18: np.float64(2.0), 19: np.float64(2.0), 20: np.float64(2.0), 21: np.float64(2.0), 22: np.float64(2.0), 23: np.float64(2.0)}","[1, 3, 15, 17, 19, 21]","[0, 2, 4, 5, 6, 7, 8, 9, 10, 11, 12, 13, 14, 16, 18, 20, 22, 23]",48
15,6,Sunday,"{0: np.float64(2.0), 1: np.float64(2.0), 2: np.float64(2.0), 3: np.float64(2.0), 4: np.float64(2.0), 5: np.float64(2.0), 6: np.float64(2.0), 7: np.float64(2.0), 8: np.float64(2.0), 9: np.float64(2.0), 10: np.float64(2.0), 11: np.float64(2.0), 12: np.float64(2.0), 13: np.float64(2.0), 14: np.float64(2.0), 15: np.float64(2.0), 16: np.float64(2.0), 17: np.float64(2.0), 18: np.float64(2.0), 19: np.float64(2.0), 20: np.float64(2.0), 21: np.float64(2.0), 22: np.float64(2.0), 23: np.float64(2.0)}","[1, 2, 3, 6, 7, 10, 13, 15, 16, 17, 19, 21]","[0, 4, 5, 8, 9, 11, 12, 14, 18, 20, 22, 23]",48
16,6,Sunday,"{0: np.float64(2.0), 1: np.float64(2.0), 2: np.float64(2.0), 3: np.float64(2.0), 4: np.float64(2.0), 5: np.float64(2.0), 6: np.float64(2.0), 7: np.float64(2.0), 8: np.float64(2.0), 9: np.float64(2.0), 10: np.float64(2.0), 11: np.float64(2.0), 12: np.float64(2.0), 13: np.float64(2.0), 14: np.float64(2.0), 15: np.float64(2.0), 16: np.float64(2.0), 17: np.float64(2.0), 18: np.float64(2.0), 19: np.float64(2.0), 20: np.float64(2.0), 21: np.float64(2.0), 22: np.float64(2.0), 23: np.float64(2.0)}","[3, 6, 8, 9, 10, 14, 16, 17]","[0, 1, 2, 4, 5, 7, 11, 12, 13, 15, 18, 19, 20, 21, 22, 23]",48
17,6,Sunday,"{0: np.float64(2.0), 1: np.float64(2.0), 2: np.float64(2.0), 3: np.float64(2.0), 4: np.float64(2.0), 5: np.float64(2.0), 6: np.float64(2.0), 7: np.float64(2.0), 8: np.float64(2.0), 9: np.float64(2.0), 10: np.float64(2.0), 11: np.float64(2.0), 12: np.float64(2.0), 13: np.float64(2.0), 14: np.float64(2.0), 15: np.float64(2.0), 16: np.float64(2.0), 17: np.float64(2.0), 18: np.float64(2.0), 19: np.float64(2.0), 20: np.float64(2.0), 21: np.float64(2.0), 22: np.float64(2.0), 23: np.float64(2.0)}","[8, 9, 10, 12, 13, 15, 17, 18, 19]","[0, 1, 2, 3, 4, 5, 6, 7, 11, 14, 16, 20, 21, 22, 23]",48
18,6,Sunday,"{0: np.float64(2.0), 1: np.float64(2.0), 2: np.float64(2.0), 3: np.float64(2.0), 4: np.float64(2.0), 5: np.float64(2.0), 6: np.float64(2.0), 7: np.float64(2.0), 8: np.float64(2.0), 9: np.float64(2.0), 10: np.float64(2.0), 11: np.float64(2.0), 12: np.float64(2.0), 13: np.float64(2.0), 14: np.float64(2.0), 15: np.float64(2.0), 16: np.float64(2.0), 17: np.float64(2.0), 18: np.float64(2.0), 19: np.float64(2.0), 20: np.float64(2.0), 21: np.float64(2.0), 22: np.float64(2.0), 23: np.float64(2.0)}","[0, 4, 5, 6, 7, 8, 9, 16, 19, 20, 21]","[1, 2, 3, 10, 11, 12, 13, 14, 15, 17, 18, 22, 23]",48
19,6,Sunday,"{0: np.float64(2.0), 1: np.float64(2.0), 2: np.float64(2.0), 3: np.float64(2.0), 4: np.float64(2.0), 5: np.float64(2.0), 6: np.float64(2.0), 7: np.float64(2.0), 8: np.float64(2.0), 9: np.float64(2.0), 10: np.float64(2.0), 11: np.float64(2.0), 12: np.float64(2.0), 13: np.float64(2.0), 14: np.float64(2.0), 15: np.float64(2.0), 16: np.float64(2.0), 17: np.float64(2.0), 18: np.float64(2.0), 19: np.float64(2.0), 20: np.float64(2.0), 21: np.float64(2.0), 22: np.float64(2.0), 23: np.float64(2.0)}","[3, 4, 5, 6, 7, 9, 11, 12, 13, 14, 17, 19, 21]","[0, 1, 2, 8, 10, 15, 16, 18, 20, 22, 23]",48
20,6,Sunday,"{0: np.float64(2.0), 1: np.float64(2.0), 2: np.float64(2.0), 3: np.float64(2.0), 4: np.float64(2.0), 5: np.float64(2.0), 6: np.float64(2.0), 7: np.float64(2.0), 8: np.float64(2.0), 9: np.float64(2.0), 10: np.float64(2.0), 11: np.float64(2.0), 12: np.float64(2.0), 13: np.float64(2.0), 14: np.float64(2.0), 15: np.float64(2.0), 16: np.float64(2.0), 17: np.float64(2.0), 18: np.float64(2.0), 19: np.float64(2.0), 20: np.float64(2.0), 21: np.float64(2.0), 22: np.float64(2.0), 23: np.float64(2.0)}","[4, 7, 9, 12, 16, 17, 22]","[0, 1, 2, 3, 5, 6, 8, 10, 11, 13, 14, 15, 18, 19, 20, 21, 23]",48
21,6,Sunday,"{0: np.float64(2.0), 1: np.float64(2.0), 2: np.float64(2.0), 3: np.float64(2.0), 4: np.float64(2.0), 5: np.float64(2.0), 6: np.float64(2.0), 7: np.float64(2.0), 8: np.float64(2.0), 9: np.float64(2.0), 10: np.float64(2.0), 11: np.float64(2.0), 12: np.float64(2.0), 13: np.float64(2.0), 14: np.float64(2.0), 15: np.float64(2.0), 16: np.float64(2.0), 17: np.float64(2.0), 18: np.float64(2.0), 19: np.float64(2.0), 20: np.float64(2.0), 21: np.float64(2.0), 22: np.float64(2.0), 23: np.float64(2.0)}","[1, 2, 6, 8, 17, 19, 20]","[0, 3, 4, 5, 7, 9, 10, 11, 12, 13, 14, 15, 16, 18, 21, 22, 23]",48
22,6,Sunday,"{0: np.float64(2.0), 1: np.float64(2.0), 2: np.float64(2.0), 3: np.float64(2.0), 4: np.float64(2.0), 5: np.float64(2.0), 6: np.float64(2.0), 7: np.float64(2.0), 8: np.float64(2.0), 9: np.float64(2.0), 10: np.float64(2.0), 11: np.float64(2.0), 12: np.float64(2.0), 13: np.float64(2.0), 14: np.float64(2.0), 15: np.float64(2.0), 16: np.float64(2.0), 17: np.float64(2.0), 18: np.float64(2.0), 19: np.float64(2.0), 20: np.float64(2.0), 21: np.float64(2.0), 22: np.float64(2.0), 23: np.float64(2.0)}","[0, 1, 3, 4, 6, 10, 12, 14, 15, 17, 20, 22, 23]","[2, 5, 7, 8, 9, 11, 13, 16, 18, 19, 21]",48
23,6,Sunday,"{0: np.float64(2.0), 1: np.float64(2.0), 2: np.float64(2.0), 3: np.float64(2.0), 4: np.float64(2.0), 5: np.float64(2.0), 6: np.float64(2.0), 7: np.float64(2.0), 8: np.float64(2.0), 9: np.float64(2.0), 10: np.float64(2.0), 11: np.float64(2.0), 12: np.float64(2.0), 13: np.float64(2.0), 14: np.float64(2.0), 15: np.float64(2.0), 16: np.float64(2.0), 17: np.float64(2.0), 18: np.float64(2.0), 19: np.float64(2.0), 20: np.float64(2.0), 21: np.float64(2.0), 22: np.float64(2.0), 23: np.float64(2.0)}","[0, 2, 11, 12, 14, 20, 23]","[1, 3, 4, 5, 6, 7, 8, 9, 10, 13, 15, 16, 17, 18, 19, 21, 22]",48
24,6,Sunday,"{0: np.float64(2.0), 1: np.float64(2.0), 2: np.float64(2.0), 3: np.float64(2.0), 4: np.float64(2.0), 5: np.float64(2.0), 6: np.float64(2.0), 7: np.float64(2.0), 8: np.float64(2.0), 9: np.float64(2.0), 10: np.float64(2.0), 11: np.float64(2.0), 12: np.float64(2.0), 13: np.float64(2.0), 14: np.float64(2.0), 15: np.float64(2.0), 16: np.float64(2.0), 17: np.float64(2.0), 18: np.float64(2.0), 19: np.float64(2.0), 20: np.float64(2.0), 21: np.float64(2.0), 22: np.float64(2.0), 23: np.float64(2.0)}","[2, 4, 7, 11, 14, 15, 16, 18]","[0, 1, 3, 5, 6, 8, 9, 10, 12, 13, 17, 19, 20, 21, 22, 23]",48
25,6,Sunday,"{0: np.float64(2.0), 1: np.float64(2.0), 2: np.float64(2.0), 3: np.float64(2.0), 4: np.float64(2.0), 5: np.float64(2.0), 6: np.float64(2.0), 7: np.float64(2.0), 8: np.float64(2.0), 9: np.float64(2.0), 10: np.float64(2.0), 11: np.float64(2.0), 12: np.float64(2.0), 13: np.float64(2.0), 14: np.float64(2.0), 15: np.float64(2.0), 16: np.float64(2.0), 17: np.float64(2.0), 18: np.float64(2.0), 19: np.float64(2.0), 20: np.float64(2.0), 21: np.float64(2.0), 22: np.float64(2.0), 23: np.float64(2.0)}","[2, 3, 4, 6, 11, 12, 13, 14, 15, 17]","[0, 1, 5, 7, 8, 9, 10, 16, 18, 19, 20, 21, 22, 23]",48
26,6,Sunday,"{0: np.float64(2.0), 1: np.float64(2.0), 2: np.float64(2.0), 3: np.float64(2.0), 4: np.float64(2.0), 5: np.float64(2.0), 6: np.float64(2.0), 7: np.float64(2.0), 8: np.float64(2.0), 9: np.float64(2.0), 10: np.float64(2.0), 11: np.float64(2.0), 12: np.float64(2.0), 13: np.float64(2.0), 14: np.float64(2.0), 15: np.float64(2.0), 16: np.float64(2.0), 17: np.float64(2.0), 18: np.float64(2.0), 19: np.float64(2.0), 20: np.float64(2.0), 21: np.float64(2.0), 22: np.float64(2.0), 23: np.float64(2.0)}","[1, 3, 5, 6, 7, 8, 10, 13, 14, 16, 17, 18, 19, 21]","[0, 2, 4, 9, 11, 12, 15, 20, 22, 23]",48
27,6,Sunday,"{0: np.float64(2.0), 1: np.float64(2.0), 2: np.float64(2.0), 3: np.float64(2.0), 4: np.float64(2.0), 5: np.float64(2.0), 6: np.float64(2.0), 7: np.float64(2.0), 8: np.float64(2.0), 9: np.float64(2.0), 10: np.float64(2.0), 11: np.float64(2.0), 12: np.float64(2.0), 13: np.float64(2.0), 14: np.float64(2.0), 15: np.float64(2.0), 16: np.float64(2.0), 17: np.float64(2.0), 18: np.float64(2.0), 19: np.float64(2.0), 20: np.float64(2.0), 21: np.float64(2.0), 22: np.float64(2.0), 23: np.float64(2.0)}","[1, 2, 5, 6, 13, 14, 18]","[0, 3, 4, 7, 8, 9, 10, 11, 12, 15, 16, 17, 19, 20, 21, 22, 23]",48
28,6,Sunday,"{0: np.float64(2.0), 1: np.float64(2.0), 2: np.float64(2.0), 3: np.float64(2.0), 4: np.float64(2.0), 5: np.float64(2.0), 6: np.float64(2.0), 7: np.float64(2.0), 8: np.float64(2.0), 9: np.float64(2.0), 10: np.float64(2.0), 11: np.float64(2.0), 12: np.float64(2.0), 13: np.float64(2.0), 14: np.float64(2.0), 15: np.float64(2.0), 16: np.float64(2.0), 17: np.float64(2.0), 18: np.float64(2.0), 19: np.float64(2.0), 20: np.float64(2.0), 21: np.float64(2.0), 22: np.float64(2.0), 23: np.float64(2.0)}","[0, 2, 4, 7, 16, 19, 21]","[1, 3, 5, 6, 8, 9, 10, 11, 12, 13, 14, 15, 17, 18, 20, 22, 23]",48
29,6,Sunday,"{0: np.float64(2.0), 1: np.float64(2.0), 2: np.float64(2.0), 3: np.float64(2.0), 4: np.float64(2.0), 5: np.float64(2.0), 6: np.float64(2.0), 7: np.float64(2.0), 8: np.float64(2.0), 9: np.float64(2.0), 10: np.float64(2.0), 11: np.float64(2.0), 12: np.float64(2.0), 13: np.float64(2.0), 14: np.float64(2.0), 15: np.float64(2.0), 16: np.float64(2.0), 17: np.float64(2.0), 18: np.float64(2.0), 19: np.float64(2.0), 20: np.float64(2.0), 21: np.float64(2.0), 22: np.float64(2.0), 23: np.float64(2.0)}","[3, 8, 9, 11, 16, 17, 18, 20, 21, 22]","[0, 1, 2, 4, 5, 6, 7, 10, 12, 13, 14, 15, 19, 23]",48
30,6,Sunday,"{0: np.float64(2.0), 1: np.float64(2.0), 2: np.float64(2.0), 3: np.float64(2.0), 4: np.float64(2.0), 5: np.float64(2.0), 6: np.float64(2.0), 7: np.float64(2.0), 8: np.float64(2.0), 9: np.float64(2.0), 10: np.float64(2.0), 11: np.float64(2.0), 12: np.float64(2.0), 13: np.float64(2.0), 14: np.float64(2.0), 15: np.float64(2.0), 16: np.float64(2.0), 17: np.float64(2.0), 18: np.float64(2.0), 19: np.float64(2.0), 20: np.float64(2.0), 21: np.float64(2.0), 22: np.float64(2.0), 23: np.float64(2.0)}","[0, 1, 3, 4, 8, 12, 18, 19, 21]","[2, 5, 6, 7, 9, 10, 11, 13, 14, 15, 16, 17, 20, 22, 23]",48
31,6,Sunday,"{0: np.float64(2.0), 1: np.float64(2.0), 2: np.float64(2.0), 3: np.float64(2.0), 4: np.float64(2.0), 5: np.float64(2.0), 6: np.float64(2.0), 7: np.float64(2.0), 8: np.float64(2.0), 9: np.float64(2.0), 10: np.float64(2.0), 11: np.float64(2.0), 12: np.float64(2.0), 13: np.float64(2.0), 14: np.float64(2.0), 15: np.float64(2.0), 16: np.float64(2.0), 17: np.float64(2.0), 18: np.float64(2.0), 19: np.float64(2.0), 20: np.float64(2.0), 21: np.float64(2.0), 22: np.float64(2.0), 23: np.float64(2.0)}","[0, 1, 9, 15, 17, 21]","[2, 3, 4, 5, 6, 7, 8, 10, 11, 12, 13, 14, 16, 18, 19, 20, 22, 23]",48
32,6,Sunday,"{0: np.float64(2.0), 1: np.float64(2.0), 2: np.float64(2.0), 3: np.float64(2.0), 4: np.float64(2.0), 5: np.float64(2.0), 6: np.float64(2.0), 7: np.float64(2.0), 8: np.float64(2.0), 9: np.float64(2.0), 10: np.float64(2.0), 11: np.float64(2.0), 12: np.float64(2.0), 13: np.float64(2.0), 14: np.float64(2.0), 15: np.float64(2.0), 16: np.float64(2.0), 17: np.float64(2.0), 18: np.float64(2.0), 19: np.float64(2.0), 20: np.float64(2.0), 21: np.float64(2.0), 22: np.float64(2.0), 23: np.float64(2.0)}","[3, 5, 10, 11, 15, 16, 18, 20, 21, 23]","[0, 1, 2, 4, 6, 7, 8, 9, 12, 13, 14, 17, 19, 22]",48
33,6,Sunday,"{0: np.float64(2.0), 1: np.float64(2.0), 2: np.float64(2.0), 3: np.float64(2.0), 4: np.float64(2.0), 5: np.float64(2.0), 6: np.float64(2.0), 7: np.float64(2.0), 8: np.float64(2.0), 9: np.float64(2.0), 10: np.float64(2.0), 11: np.float64(2.0), 12: np.float64(2.0), 13: np.float64(2.0), 14: np.float64(2.0), 15: np.float64(2.0), 16: np.float64(2.0), 17: np.float64(2.0), 18: np.float64(2.0), 19: np.float64(2.0), 20: np.float64(2.0), 21: np.float64(2.0), 22: np.float64(2.0), 23: np.float64(2.0)}","[1, 2, 3, 5, 8, 13, 14, 16, 21]","[0, 4, 6, 7, 9, 10, 11, 12, 15, 17, 18, 19, 20, 22, 23]",48
34,6,Sunday,"{0: np.float64(2.0), 1: np.float64(2.0), 2: np.float64(2.0), 3: np.float64(2.0), 4: np.float64(2.0), 5: np.float64(2.0), 6: np.float64(2.0), 7: np.float64(2.0), 8: np.float64(2.0), 9: np.float64(2.0), 10: np.float64(2.0), 11: np.float64(2.0), 12: np.float64(2.0), 13: np.float64(2.0), 14: np.float64(2.0), 15: np.float64(2.0), 16: np.float64(2.0), 17: np.float64(2.0), 18: np.float64(2.0), 19: np.float64(2.0), 20: np.float64(2.0), 21: np.float64(2.0), 22: np.float64(2.0), 23: np.float64(2.0)}","[3, 4, 7, 9, 14, 18, 22]","[0, 1, 2, 5, 6, 8, 10, 11, 12, 13, 15, 16, 17, 19, 20, 21, 23]",48
35,6,Sunday,"{0: np.float64(2.0), 1: np.float64(2.0), 2: np.float64(2.0), 3: np.float64(2.0), 4: np.float64(2.0), 5: np.float64(2.0), 6: np.float64(2.0), 7: np.float64(2.0), 8: np.float64(2.0), 9: np.float64(2.0), 10: np.float64(2.0), 11: np.float64(2.0), 12: np.float64(2.0), 13: np.float64(2.0), 14: np.float64(2.0), 15: np.float64(2.0), 16: np.float64(2.0), 17: np.float64(2.0), 18: np.float64(2.0), 19: np.float64(2.0), 20: np.float64(2.0), 21: np.float64(2.0), 22: np.float64(2.0), 23: np.float64(2.0)}","[0, 2, 3, 4, 5, 7, 9, 14, 15, 16, 17, 18, 20, 21, 23]","[1, 6, 8, 10, 11, 12, 13, 19, 22]",48
36,6,Sunday,"{0: np.float64(2.0), 1: np.float64(2.0), 2: np.float64(2.0), 3: np.float64(2.0), 4: np.float64(2.0), 5: np.float64(2.0), 6: np.float64(2.0), 7: np.float64(2.0), 8: np.float64(2.0), 9: np.float64(2.0), 10: np.float64(2.0), 11: np.float64(2.0), 12: np.float64(2.0), 13: np.float64(2.0), 14: np.float64(2.0), 15: np.float64(2.0), 16: np.float64(2.0), 17: np.float64(2.0), 18: np.float64(2.0), 19: np.float64(2.0), 20: np.float64(2.0), 21: np.float64(2.0), 22: np.float64(2.0), 23: np.float64(2.0)}","[2, 3, 7, 10, 13, 17, 19, 21]","[0, 1, 4, 5, 6, 8, 9, 11, 12, 14, 15, 16, 18, 20, 22, 23]",48
37,6,Sunday,"{0: np.float64(2.0), 1: np.float64(2.0), 2: np.float64(2.0), 3: np.float64(2.0), 4: np.float64(2.0), 5: np.float64(2.0), 6: np.float64(2.0), 7: np.float64(2.0), 8: np.float64(2.0), 9: np.float64(2.0), 10: np.float64(2.0), 11: np.float64(2.0), 12: np.float64(2.0), 13: np.float64(2.0), 14: np.float64(2.0), 15: np.float64(2.0), 16: np.float64(2.0), 17: np.float64(2.0), 18: np.float64(2.0), 19: np.float64(2.0), 20: np.float64(2.0), 21: np.float64(2.0), 22: np.float64(2.0), 23: np.float64(2.0)}","[1, 2, 4, 5, 7, 8, 10, 11, 16, 19, 22]","[0, 3, 6, 9, 12, 13, 14, 15, 17, 18, 20, 21, 23]",48
38,6,Sunday,"{0: np.float64(2.0), 1: np.float64(2.0), 2: np.float64(2.0), 3: np.float64(2.0), 4: np.float64(2.0), 5: np.float64(2.0), 6: np.float64(2.0), 7: np.float64(2.0), 8: np.float64(2.0), 9: np.float64(2.0), 10: np.float64(2.0), 11: np.float64(2.0), 12: np.float64(2.0), 13: np.float64(2.0), 14: np.float64(2.0), 15: np.float64(2.0), 16: np.float64(2.0), 17: np.float64(2.0), 18: np.float64(2.0), 19: np.float64(2.0), 20: np.float64(2.0), 21: np.float64(2.0), 22: np.float64(2.0), 23: np.float64(2.0)}","[0, 1, 2, 3, 4, 5, 8, 10, 12, 14, 15, 16, 17, 18, 20, 21, 23]","[6, 7, 9, 11, 13, 19, 22]",48
39,6,Sunday,"{0: np.float64(2.0), 1: np.float64(2.0), 2: np.float64(2.0), 3: np.float64(2.0), 4: np.float64(2.0), 5: np.float64(2.0), 6: np.float64(2.0), 7: np.float64(2.0), 8: np.float64(2.0), 9: np.float64(2.0), 10: np.float64(2.0), 11: np.float64(2.0), 12: np.float64(2.0), 13: np.float64(2.0), 14: np.float64(2.0), 15: np.float64(2.0), 16: np.float64(2.0), 17: np.float64(2.0), 18: np.float64(2.0), 19: np.float64(2.0), 20: np.float64(2.0), 21: np.float64(2.0), 22: np.float64(2.0), 23: np.float64(2.0)}","[0, 2, 3, 4, 6, 7, 14, 17, 18, 20, 21, 22, 23]","[1, 5, 8, 9, 10, 11, 12, 13, 15, 16, 19]",48
40,6,Sunday,"{0: np.float64(2.0), 1: np.float64(2.0), 2: np.float64(2.0), 3: np.float64(2.0), 4: np.float64(2.0), 5: np.float64(2.0), 6: np.float64(2.0), 7: np.float64(2.0), 8: np.float64(2.0), 9: np.float64(2.0), 10: np.float64(2.0), 11: np.float64(2.0), 12: np.float64(2.0), 13: np.float64(2.0), 14: np.float64(2.0), 15: np.float64(2.0), 16: np.float64(2.0), 17: np.float64(2.0), 18: np.float64(2.0), 19: np.float64(2.0), 20: np.float64(2.0), 21: np.float64(2.0), 22: np.float64(2.0), 23: np.float64(2.0)}","[0, 3, 5, 9, 10, 13, 14, 17, 21]","[1, 2, 4, 6, 7, 8, 11, 12, 15, 16, 18, 19, 20, 22, 23]",48
41,6,Sunday,"{0: np.float64(2.0), 1: np.float64(2.0), 2: np.float64(2.0), 3: np.float64(2.0), 4: np.float64(2.0), 5: np.float64(2.0), 6: np.float64(2.0), 7: np.float64(2.0), 8: np.float64(2.0), 9: np.float64(2.0), 10: np.float64(2.0), 11: np.float64(2.0), 12: np.float64(2.0), 13: np.float64(2.0), 14: np.float64(2.0), 15: np.float64(2.0), 16: np.float64(2.0), 17: np.float64(2.0), 18: np.float64(2.0), 19: np.float64(2.0), 20: np.float64(2.0), 21: np.float64(2.0), 22: np.float64(2.0), 23: np.float64(2.0)}","[0, 6, 9, 11, 12, 16, 18]","[1, 2, 3, 4, 5, 7, 8, 10, 13, 14, 15, 17, 19, 20, 21, 22, 23]",48
42,6,Sunday,"{0: np.float64(2.0), 1: np.float64(2.0), 2: np.float64(2.0), 3: np.float64(2.0), 4: np.float64(2.0), 5: np.float64(2.0), 6: np.float64(2.0), 7: np.float64(2.0), 8: np.float64(2.0), 9: np.float64(2.0), 10: np.float64(2.0), 11: np.float64(2.0), 12: np.float64(2.0), 13: np.float64(2.0), 14: np.float64(2.0), 15: np.float64(2.0), 16: np.float64(2.0), 17: np.float64(2.0), 18: np.float64(2.0), 19: np.float64(2.0), 20: np.float64(2.0), 21: np.float64(2.0), 22: np.float64(2.0), 23: np.float64(2.0)}","[0, 2, 4, 6, 16, 17, 19, 20, 21, 22, 23]","[1, 3, 5, 7, 8, 9, 10, 11, 12, 13, 14, 15, 18]",48
43,6,Sunday,"{0: np.float64(2.0), 1: np.float64(2.0), 2: np.float64(2.0), 3: np.float64(2.0), 4: np.float64(2.0), 5: np.float64(2.0), 6: np.float64(2.0), 7: np.float64(2.0), 8: np.float64(2.0), 9: np.float64(2.0), 10: np.float64(2.0), 11: np.float64(2.0), 12: np.float64(2.0), 13: np.float64(2.0), 14: np.float64(2.0), 15: np.float64(2.0), 16: np.float64(2.0), 17: np.float64(2.0), 18: np.float64(2.0), 19: np.float64(2.0), 20: np.float64(2.0), 21: np.float64(2.0), 22: np.float64(2.0), 23: np.float64(2.0)}","[3, 6, 13, 15, 16, 17]","[0, 1, 2, 4, 5, 7, 8, 9, 10, 11, 12, 14, 18, 19, 20, 21, 22, 23]",48
44,6,Sunday,"{0: np.float64(2.0), 1: np.float64(2.0), 2: np.float64(2.0), 3: np.float64(2.0), 4: np.float64(2.0), 5: np.float64(2.0), 6: np.float64(2.0), 7: np.float64(2.0), 8: np.float64(2.0), 9: np.float64(2.0), 10: np.float64(2.0), 11: np.float64(2.0), 12: np.float64(2.0), 13: np.float64(2.0), 14: np.float64(2.0), 15: np.float64(2.0), 16: np.float64(2.0), 17: np.float64(2.0), 18: np.float64(2.0), 19: np.float64(2.0), 20: np.float64(2.0), 21: np.float64(2.0), 22: np.float64(2.0), 23: np.float64(2.0)}","[2, 3, 4, 5, 6, 8, 9, 10, 15, 23]","[0, 1, 7, 11, 12, 13, 14, 16, 17, 18, 19, 20, 21, 22]",48
45,6,Sunday,"{0: np.float64(2.0), 1: np.float64(2.0), 2: np.float64(2.0), 3: np.float64(2.0), 4: np.float64(2.0), 5: np.float64(2.0), 6: np.float64(2.0), 7: np.float64(2.0), 8: np.float64(2.0), 9: np.float64(2.0), 10: np.float64(2.0), 11: np.float64(2.0), 12: np.float64(2.0), 13: np.float64(2.0), 14: np.float64(2.0), 15: np.float64(2.0), 16: np.float64(2.0), 17: np.float64(2.0), 18: np.float64(2.0), 19: np.float64(2.0), 20: np.float64(2.0), 21: np.float64(2.0), 22: np.float64(2.0), 23: np.float64(2.0)}","[1, 2, 4, 5, 8, 10, 11, 18, 19, 21, 22, 23]","[0, 3, 6, 7, 9, 12, 13, 14, 15, 16, 17, 20]",48
46,6,Sunday,"{0: np.float64(2.0), 1: np.float64(2.0), 2: np.float64(2.0), 3: np.float64(2.0), 4: np.float64(2.0), 5: np.float64(2.0), 6: np.float64(2.0), 7: np.float64(2.0), 8: np.float64(2.0), 9: np.float64(2.0), 10: np.float64(2.0), 11: np.float64(2.0), 12: np.float64(2.0), 13: np.float64(2.0), 14: np.float64(2.0), 15: np.float64(2.0), 16: np.float64(2.0), 17: np.float64(2.0), 18: np.float64(2.0), 19: np.float64(2.0), 20: np.float64(2.0), 21: np.float64(2.0), 22: np.float64(2.0), 23: np.float64(2.0)}","[4, 6, 7, 10, 11, 14, 15, 16, 17, 18, 19, 20, 21]","[0, 1, 2, 3, 5, 8, 9, 12, 13, 22, 23]",48
47,6,Sunday,"{0: np.float64(2.0), 1: np.float64(2.0), 2: np.float64(2.0), 3: np.float64(2.0), 4: np.float64(2.0), 5: np.float64(2.0), 6: np.float64(2.0), 7: np.float64(2.0), 8: np.float64(2.0), 9: np.float64(2.0), 10: np.float64(2.0), 11: np.float64(2.0), 12: np.float64(2.0), 13: np.float64(2.0), 14: np.float64(2.0), 15: np.float64(2.0), 16: np.float64(2.0), 17: np.float64(2.0), 18: np.float64(2.0), 19: np.float64(2.0), 20: np.float64(2.0), 21: np.float64(2.0), 22: np.float64(2.0), 23: np.float64(2.0)}","[1, 7, 16, 18, 21, 22]","[0, 2, 3, 4, 5, 6, 8, 9, 10, 11, 12, 13, 14, 15, 17, 19, 20, 23]",48
48,6,Sunday,"{0: np.float64(2.0), 1: np.float64(2.0), 2: np.float64(2.0), 3: np.float64(2.0), 4: np.float64(2.0), 5: np.float64(2.0), 6: np.float64(2.0), 7: np.float64(2.0), 8: np.float64(2.0), 9: np.float64(2.0), 10: np.float64(2.0), 11: np.float64(2.0), 12: np.float64(2.0), 13: np.float64(2.0), 14: np.float64(2.0), 15: np.float64(2.0), 16: np.float64(2.0), 17: np.float64(2.0), 18: np.float64(2.0), 19: np.float64(2.0), 20: np.float64(2.0), 21: np.float64(2.0), 22: np.float64(2.0), 23: np.float64(2.0)}","[2, 8, 11, 12, 14, 15]","[0, 1, 3, 4, 5, 6, 7, 9, 10, 13, 16, 17, 18, 19, 20, 21, 22, 23]",48
49,6,Sunday,"{0: np.float64(2.0), 1: np.float64(2.0), 2: np.float64(2.0), 3: np.float64(2.0), 4: np.float64(2.0), 5: np.float64(2.0), 6: np.float64(2.0), 7: np.float64(2.0), 8: np.float64(2.0), 9: np.float64(2.0), 10: np.float64(2.0), 11: np.float64(2.0), 12: np.float64(2.0), 13: np.float64(2.0), 14: np.float64(2.0), 15: np.float64(2.0), 16: np.float64(2.0), 17: np.float64(2.0), 18: np.float64(2.0), 19: np.float64(2.0), 20: np.float64(2.0), 21: np.float64(2.0), 22: np.float64(2.0), 23: np.float64(2.0)}","[0, 2, 4, 7, 8, 10, 12, 13, 16, 17, 18, 19, 21, 23]","[1, 3, 5, 6, 9, 11, 14, 15, 20, 22]",48
